6875.153819 [INFO ] PPS count=6866 interval_us=1000002 interval_ns=1000002256 state=Locked missed=0 freq=ok (<crate> └─ <invalid location: defmt frame-index: 9>:0)
6875.154144 [INFO ] PPSGEN count=6867 interval_ns=1000002256 dev_ns=2256 phase_ns=208740 hwphase_ns=16 trim_ppb=13 cfg=4 p_ns=2 d_ns=2 trim_mppb=13014 lk=1 (<crate> └─ <invalid location: defmt frame-index: 18>:0)
6875.264847 [INFO ] TIME unix_ns=1782061922111019489 ppb=2260 holdover_ms=1111 locked=1 (<crate> └─ <invalid location: defmt frame-index: 10>:0)
6875.308389 [INFO ] NMEA $GPGGA,171202.000,0000.0000,N,00000.0000,E,1,5,2.16,46.5,M,39.0,M,,*66 (<crate> └─ <invalid location: defmt frame-index: 15>:0)
6875.366800 [INFO ] NMEA $GNGLL,0000.0000,N,00000.0000,E,171202.000,A,A*40 (<crate> └─ <invalid location: defmt frame-index: 15>:0)
6875.425276 [INFO ] NMEA $GNGSA,A,3,16,26,31,28,,,,,,,,,2.37,2.16,0.98*15 (<crate> └─ <invalid location: defmt frame-index: 15>:0)
6875.470127 [INFO ] NMEA $GNGSA,A,3,73,,,,,,,,,,,,2.37,2.16,0.98*1A (<crate> └─ <invalid location: defmt frame-index: 15>:0)
6875.528611 [INFO ] NMEA $GPGSV,3,1,12,194,89,317,21,27,67,244,,16,65,357,22,26,57,065,25*42 (<crate> └─ <invalid location: defmt frame-index: 15>:0)
6875.587048 [INFO ] NMEA $GPGSV,3,2,12,31,47,146,16,08,31,237,,04,31,267,,18,29,060,*73 (<crate> └─ <invalid location: defmt frame-index: 15>:0)
6875.674751 [INFO ] NMEA $GPGSV,3,3,12,195,26,168,15,28,19,144,20,09,19,300,,07,02,318,*44 (<crate> └─ <invalid location: defmt frame-index: 15>:0)
6875.737352 [INFO ] NMEA $GLGSV,2,1,07,74,57,006,,73,40,086,26,83,33,039,,85,31,179,20*6F (<crate> └─ <invalid location: defmt frame-index: 15>:0)
6875.795830 [INFO ] NMEA $GLGSV,2,2,07,75,20,312,,72,16,254,,65,14,304,*52 (<crate> └─ <invalid location: defmt frame-index: 15>:0)
6875.854267 [INFO ] NMEA $GNRMC,171202.000,A,0000.0000,N,00000.0000,E,2.43,114.42,210626,,,A*71 (<crate> └─ <invalid location: defmt frame-index: 15>:0)
6875.854633 [INFO ] SYNC pps_local_us=6866017072 unix_s=1782061922 drift_us=2 err_ns=-4 fire_ns=4 holdover_ms=1000 (<crate> └─ <invalid location: defmt frame-index: 17>:0)
6875.912738 [INFO ] NMEA $GPVTG,114.42,T,,M,2.43,N,4.49,K,A*33 (<crate> └─ <invalid location: defmt frame-index: 15>:0)
6875.941980 [INFO ] NMEA $GPZDA,171202.000,21,06,2026,,*52 (<crate> └─ <invalid location: defmt frame-index: 15>:0)
6875.983911 [INFO ] NMEA $GPGST,171202.000,9.7,28,9.6,114.8,15,26,58*6A (<crate> └─ <invalid location: defmt frame-index: 15>:0)
6876.153816 [INFO ] PPS count=6867 interval_us=1000002 interval_ns=1000002240 state=Locked missed=0 freq=ok (<crate> └─ <invalid location: defmt frame-index: 9>:0)
6876.154140 [INFO ] PPSGEN count=6868 interval_ns=1000002256 dev_ns=2256 phase_ns=192740 hwphase_ns=32 trim_ppb=12 cfg=4 p_ns=3 d_ns=2 trim_mppb=12796 lk=1 (<crate> └─ <invalid location: defmt frame-index: 18>:0)
6876.265017 [INFO ] TIME unix_ns=1782061923111186490 ppb=2260 holdover_ms=1111 locked=1 (<crate> └─ <invalid location: defmt frame-index: 10>:0)
6876.310561 [INFO ] NMEA $GPGGA,171203.000,0000.0000,N,00000.0000,E,1,5,2.16,46.5,M,39.0,M,,*67 (<crate> └─ <invalid location: defmt frame-index: 15>:0)
6876.368971 [INFO ] NMEA $GNGLL,0000.0000,N,00000.0000,E,171203.000,A,A*41 (<crate> └─ <invalid location: defmt frame-index: 15>:0)
6876.427443 [INFO ] NMEA $GNGSA,A,3,16,26,31,28,,,,,,,,,2.37,2.16,0.98*15 (<crate> └─ <invalid location: defmt frame-index: 15>:0)
6876.456646 [INFO ] NMEA $GNGSA,A,3,73,,,,,,,,,,,,2.37,2.16,0.98*1A (<crate> └─ <invalid location: defmt frame-index: 15>:0)
6876.543307 [INFO ] NMEA $GPGSV,3,1,12,194,89,317,21,27,67,244,,16,65,357,22,26,57,065,25*42 (<crate> └─ <invalid location: defmt frame-index: 15>:0)
6876.601744 [INFO ] NMEA $GPGSV,3,2,12,31,47,146,16,08,31,237,,04,31,267,,18,29,060,*73 (<crate> └─ <invalid location: defmt frame-index: 15>:0)
6876.660225 [INFO ] NMEA $GPGSV,3,3,12,195,26,168,15,28,19,144,20,09,19,300,,07,02,318,*44 (<crate> └─ <invalid location: defmt frame-index: 15>:0)
6876.747903 [INFO ] NMEA $GLGSV,2,1,07,74,57,006,,73,40,086,26,83,33,039,,85,31,179,20*6F (<crate> └─ <invalid location: defmt frame-index: 15>:0)
6876.781312 [INFO ] NMEA $GLGSV,2,2,07,75,20,312,,72,16,254,,65,14,304,*52 (<crate> └─ <invalid location: defmt frame-index: 15>:0)
6876.868972 [INFO ] NMEA $GNRMC,171203.000,A,0000.0000,N,00000.0000,E,1.19,116.96,210626,,,A*77 (<crate> └─ <invalid location: defmt frame-index: 15>:0)
6876.869335 [INFO ] SYNC pps_local_us=6867017075 unix_s=1782061923 drift_us=2 err_ns=-19 fire_ns=19 holdover_ms=999 (<crate> └─ <invalid location: defmt frame-index: 17>:0)
6876.898239 [INFO ] NMEA $GPVTG,116.96,T,,M,1.19,N,2.21,K,A*3C (<crate> └─ <invalid location: defmt frame-index: 15>:0)
6876.956644 [INFO ] NMEA $GPZDA,171203.000,21,06,2026,,*53 (<crate> └─ <invalid location: defmt frame-index: 15>:0)
6876.985053 [INFO ] NMEA $GPGST,171203.000,10,30,9.2,114.2,15,28,60*48 (<crate> └─ <invalid location: defmt frame-index: 15>:0)
6877.153825 [INFO ] PPS count=6868 interval_us=1000002 interval_ns=1000002256 state=Locked missed=0 freq=ok (<crate> └─ <invalid location: defmt frame-index: 9>:0)
6877.154146 [INFO ] PPSGEN count=6869 interval_ns=1000002240 dev_ns=2240 phase_ns=207740 hwphase_ns=16 trim_ppb=12 cfg=4 p_ns=1 d_ns=-4 trim_mppb=12711 lk=1 (<crate> └─ <invalid location: defmt frame-index: 18>:0)
6877.265183 [INFO ] TIME unix_ns=1782061924111357489 ppb=2260 holdover_ms=1111 locked=1 (<crate> └─ <invalid location: defmt frame-index: 10>:0)
6877.317862 [INFO ] NMEA $GPGGA,171204.000,0000.0000,N,00000.0000,E,1,5,2.16,46.5,M,39.0,M,,*60 (<crate> └─ <invalid location: defmt frame-index: 15>:0)
6877.376309 [INFO ] NMEA $GNGLL,0000.0000,N,00000.0000,E,171204.000,A,A*46 (<crate> └─ <invalid location: defmt frame-index: 15>:0)
6877.405525 [INFO ] NMEA $GNGSA,A,3,16,26,31,28,,,,,,,,,2.37,2.16,0.98*15 (<crate> └─ <invalid location: defmt frame-index: 15>:0)
6877.463982 [INFO ] NMEA $GNGSA,A,3,73,,,,,,,,,,,,2.37,2.16,0.98*1A (<crate> └─ <invalid location: defmt frame-index: 15>:0)
6877.522423 [INFO ] NMEA $GPGSV,3,1,12,194,89,317,22,27,67,244,,16,65,357,22,26,57,065,26*42 (<crate> └─ <invalid location: defmt frame-index: 15>:0)
6877.614286 [INFO ] NMEA $GPGSV,3,2,12,31,47,146,16,08,31,237,,04,31,267,,18,29,060,*73 (<crate> └─ <invalid location: defmt frame-index: 15>:0)
6877.672727 [INFO ] NMEA $GPGSV,3,3,12,195,26,168,15,28,19,144,19,09,19,300,,07,02,318,*4E (<crate> └─ <invalid location: defmt frame-index: 15>:0)
6877.731211 [INFO ] NMEA $GLGSV,2,1,07,74,57,006,,73,40,086,26,83,33,039,,85,31,179,20*6F (<crate> └─ <invalid location: defmt frame-index: 15>:0)
6877.789642 [INFO ] NMEA $GLGSV,2,2,07,75,20,312,,72,16,254,,65,14,304,*52 (<crate> └─ <invalid location: defmt frame-index: 15>:0)
6877.852281 [INFO ] NMEA $GNRMC,171204.000,A,0000.0000,N,00000.0000,E,1.20,58.58,210626,,,A*43 (<crate> └─ <invalid location: defmt frame-index: 15>:0)
6877.852631 [INFO ] SYNC pps_local_us=6868017077 unix_s=1782061924 drift_us=2 err_ns=-3 fire_ns=3 holdover_ms=1000 (<crate> └─ <invalid location: defmt frame-index: 17>:0)
6877.910754 [INFO ] NMEA $GPVTG,58.58,T,,M,1.20,N,2.22,K,A*0C (<crate> └─ <invalid location: defmt frame-index: 15>:0)
6877.939947 [INFO ] NMEA $GPZDA,171204.000,21,06,2026,,*54 (<crate> └─ <invalid location: defmt frame-index: 15>:0)
6877.981920 [INFO ] NMEA $GPGST,171204.000,10,29,9.3,115.2,15,27,60*48 (<crate> └─ <invalid location: defmt frame-index: 15>:0)
6878.153823 [INFO ] PPS count=6869 interval_us=1000002 interval_ns=1000002240 state=Locked missed=0 freq=ok (<crate> └─ <invalid location: defmt frame-index: 9>:0)
6878.154146 [INFO ] PPSGEN count=6870 interval_ns=1000002256 dev_ns=2256 phase_ns=197741 hwphase_ns=32 trim_ppb=12 cfg=4 p_ns=4 d_ns=6 trim_mppb=12438 lk=1 (<crate> └─ <invalid location: defmt frame-index: 18>:0)
6878.265353 [INFO ] TIME unix_ns=1782061925111515490 ppb=2259 holdover_ms=1111 locked=1 (<crate> └─ <invalid location: defmt frame-index: 10>:0)
6878.319590 [INFO ] NMEA $GPGGA,171205.000,0000.0000,N,00000.0000,E,1,5,2.16,46.5,M,39.0,M,,*61 (<crate> └─ <invalid location: defmt frame-index: 15>:0)
6878.372795 [INFO ] NMEA $GNGLL,0000.0000,N,00000.0000,E,171205.000,A,A*47 (<crate> └─ <invalid location: defmt frame-index: 15>:0)
6878.431220 [INFO ] NMEA $GNGSA,A,3,16,26,31,28,,,,,,,,,2.37,2.16,0.98*15 (<crate> └─ <invalid location: defmt frame-index: 15>:0)
6878.460472 [INFO ] NMEA $GNGSA,A,3,73,,,,,,,,,,,,2.37,2.16,0.98*1A (<crate> └─ <invalid location: defmt frame-index: 15>:0)
6878.548125 [INFO ] NMEA $GPGSV,3,1,12,194,89,317,22,27,67,244,,16,65,357,22,26,57,065,26*42 (<crate> └─ <invalid location: defmt frame-index: 15>:0)
6878.610771 [INFO ] NMEA $GPGSV,3,2,12,31,47,146,15,08,31,237,,04,31,267,,18,29,060,*70 (<crate> └─ <invalid location: defmt frame-index: 15>:0)
6878.669254 [INFO ] NMEA $GPGSV,3,3,12,195,26,168,16,28,19,144,19,09,19,300,,07,02,318,*4D (<crate> └─ <invalid location: defmt frame-index: 15>:0)
6878.756913 [INFO ] NMEA $GLGSV,2,1,07,74,57,006,,73,40,086,26,83,33,039,,85,31,179,20*6F (<crate> └─ <invalid location: defmt frame-index: 15>:0)
6878.815344 [INFO ] NMEA $GLGSV,2,2,07,75,20,312,,72,16,254,,65,14,304,*52 (<crate> └─ <invalid location: defmt frame-index: 15>:0)
6878.877988 [INFO ] NMEA $GNRMC,171205.000,A,0000.0000,N,00000.0000,E,1.76,40.29,210626,,,A*4E (<crate> └─ <invalid location: defmt frame-index: 15>:0)
6878.878342 [INFO ] SYNC pps_local_us=6869017079 unix_s=1782061925 drift_us=2 err_ns=-18 fire_ns=18 holdover_ms=999 (<crate> └─ <invalid location: defmt frame-index: 17>:0)
6878.907253 [INFO ] NMEA $GPVTG,40.29,T,,M,1.76,N,3.26,K,A*05 (<crate> └─ <invalid location: defmt frame-index: 15>:0)
6878.965654 [INFO ] NMEA $GPZDA,171205.000,21,06,2026,,*55 (<crate> └─ <invalid location: defmt frame-index: 15>:0)
6878.991989 [INFO ] NMEA $GPGST,171205.000,10,29,9.6,115.2,15,27,61*4D (<crate> └─ <invalid location: defmt frame-index: 15>:0)
6879.153821 [INFO ] PPS count=6870 interval_us=1000002 interval_ns=1000002256 state=Locked missed=0 freq=ok (<crate> └─ <invalid location: defmt frame-index: 9>:0)
6879.154129 [INFO ] PPSGEN count=6871 interval_ns=1000002240 dev_ns=2240 phase_ns=189741 hwphase_ns=16 trim_ppb=12 cfg=4 p_ns=0 d_ns=-7 trim_mppb=12392 lk=1 (<crate> └─ <invalid location: defmt frame-index: 18>:0)
6879.265522 [INFO ] TIME unix_ns=1782061926111688489 ppb=2259 holdover_ms=1111 locked=1 (<crate> └─ <invalid location: defmt frame-index: 10>:0)
6879.315467 [INFO ] NMEA $GPGGA,171206.000,0000.0000,N,00000.0000,E,1,5,2.17,46.5,M,39.0,M,,*63 (<crate> └─ <invalid location: defmt frame-index: 15>:0)
6879.373879 [INFO ] NMEA $GNGLL,0000.0000,N,00000.0000,E,171206.000,A,A*44 (<crate> └─ <invalid location: defmt frame-index: 15>:0)
6879.413572 [INFO ] NMEA $GNGSA,A,3,16,26,31,28,,,,,,,,,2.37,2.17,0.98*14 (<crate> └─ <invalid location: defmt frame-index: 15>:0)
6879.472005 [INFO ] NMEA $GNGSA,A,3,73,,,,,,,,,,,,2.37,2.17,0.98*1B (<crate> └─ <invalid location: defmt frame-index: 15>:0)
6879.530480 [INFO ] NMEA $GPGSV,3,1,12,194,89,317,22,27,67,244,,16,65,357,22,26,57,065,26*42 (<crate> └─ <invalid location: defmt frame-index: 15>:0)
6879.618143 [INFO ] NMEA $GPGSV,3,2,12,31,47,146,15,08,31,237,,04,31,267,,18,29,060,*70 (<crate> └─ <invalid location: defmt frame-index: 15>:0)
6879.680786 [INFO ] NMEA $GPGSV,3,3,12,195,26,168,16,28,19,144,19,09,19,300,,07,02,318,*4D (<crate> └─ <invalid location: defmt frame-index: 15>:0)
6879.739229 [INFO ] NMEA $GLGSV,2,1,07,74,57,006,,73,40,086,26,83,33,039,,85,31,179,20*6F (<crate> └─ <invalid location: defmt frame-index: 15>:0)
6879.797697 [INFO ] NMEA $GLGSV,2,2,07,75,20,312,,72,16,254,,65,14,304,*52 (<crate> └─ <invalid location: defmt frame-index: 15>:0)
6879.885362 [INFO ] NMEA $GNRMC,171206.000,A,0000.0000,N,00000.0000,E,1.43,56.76,210626,,,A*46 (<crate> └─ <invalid location: defmt frame-index: 15>:0)
6879.885715 [INFO ] SYNC pps_local_us=6870017081 unix_s=1782061926 drift_us=2 err_ns=-2 fire_ns=2 holdover_ms=1000 (<crate> └─ <invalid location: defmt frame-index: 17>:0)
6879.918767 [INFO ] NMEA $GPVTG,56.76,T,,M,1.43,N,2.66,K,A*0B (<crate> └─ <invalid location: defmt frame-index: 15>:0)
6879.948007 [INFO ] NMEA $GPZDA,171206.000,21,06,2026,,*56 (<crate> └─ <invalid location: defmt frame-index: 15>:0)
6879.986809 [INFO ] NMEA $GPGST,171206.000,11,21,8.2,61.1,13,19,38*74 (<crate> └─ <invalid location: defmt frame-index: 15>:0)
6880.153833 [INFO ] PPS count=6871 interval_us=1000002 interval_ns=1000002240 state=Locked missed=0 freq=ok (<crate> └─ <invalid location: defmt frame-index: 9>:0)
6880.154160 [INFO ] PPSGEN count=6872 interval_ns=1000002240 dev_ns=2240 phase_ns=202742 hwphase_ns=16 trim_ppb=12 cfg=4 p_ns=2 d_ns=4 trim_mppb=12213 lk=1 (<crate> └─ <invalid location: defmt frame-index: 18>:0)
6880.265687 [INFO ] TIME unix_ns=1782061927111852490 ppb=2258 holdover_ms=1111 locked=1 (<crate> └─ <invalid location: defmt frame-index: 10>:0)
6880.315411 [INFO ] NMEA $GPGGA,171207.000,0000.0000,N,00000.0000,E,1,5,2.16,46.5,M,39.0,M,,*63 (<crate> └─ <invalid location: defmt frame-index: 15>:0)
6880.373816 [INFO ] NMEA $GNGLL,0000.0000,N,00000.0000,E,171207.000,A,A*45 (<crate> └─ <invalid location: defmt frame-index: 15>:0)
6880.430209 [INFO ] NMEA $GNGSA,A,3,16,26,31,28,,,,,,,,,2.37,2.16,0.98*15 (<crate> └─ <invalid location: defmt frame-index: 15>:0)
6880.459415 [INFO ] NMEA $GNGSA,A,3,73,,,,,,,,,,,,2.37,2.16,0.98*1A (<crate> └─ <invalid location: defmt frame-index: 15>:0)
6880.547109 [INFO ] NMEA $GPGSV,3,1,12,194,89,317,22,27,67,244,,16,65,357,22,26,57,065,26*42 (<crate> └─ <invalid location: defmt frame-index: 15>:0)
6880.605552 [INFO ] NMEA $GPGSV,3,2,12,31,47,146,15,08,31,237,,04,31,267,,18,29,060,*70 (<crate> └─ <invalid location: defmt frame-index: 15>:0)
6880.664032 [INFO ] NMEA $GPGSV,3,3,12,195,26,168,16,28,19,144,19,09,19,300,,07,02,318,*4D (<crate> └─ <invalid location: defmt frame-index: 15>:0)
6880.755856 [INFO ] NMEA $GLGSV,2,1,07,74,57,006,,73,40,086,26,83,33,039,,85,31,179,20*6F (<crate> └─ <invalid location: defmt frame-index: 15>:0)
6880.785109 [INFO ] NMEA $GLGSV,2,2,07,75,20,312,,72,16,254,,65,14,304,*52 (<crate> └─ <invalid location: defmt frame-index: 15>:0)
6880.872767 [INFO ] NMEA $GNRMC,171207.000,A,0000.0000,N,00000.0000,E,1.90,5.23,210626,,,A*7F (<crate> └─ <invalid location: defmt frame-index: 15>:0)
6880.873120 [INFO ] SYNC pps_local_us=6871017084 unix_s=1782061927 drift_us=2 err_ns=-18 fire_ns=18 holdover_ms=1000 (<crate> └─ <invalid location: defmt frame-index: 17>:0)
6880.902035 [INFO ] NMEA $GPVTG,5.23,T,,M,1.90,N,3.52,K,A*35 (<crate> └─ <invalid location: defmt frame-index: 15>:0)
6880.960428 [INFO ] NMEA $GPZDA,171207.000,21,06,2026,,*57 (<crate> └─ <invalid location: defmt frame-index: 15>:0)
6880.984676 [INFO ] NMEA $GPGST,171207.000,11,22,7.9,60.1,13,20,39*78 (<crate> └─ <invalid location: defmt frame-index: 15>:0)
6881.153831 [INFO ] PPS count=6872 interval_us=1000002 interval_ns=1000002256 state=Locked missed=0 freq=ok (<crate> └─ <invalid location: defmt frame-index: 9>:0)
6881.154148 [INFO ] PPSGEN count=6873 interval_ns=1000002256 dev_ns=2256 phase_ns=199742 hwphase_ns=16 trim_ppb=12 cfg=4 p_ns=1 d_ns=-3 trim_mppb=12135 lk=1 (<crate> └─ <invalid location: defmt frame-index: 18>:0)
6881.265836 [INFO ] TIME unix_ns=1782061928112014489 ppb=2258 holdover_ms=1112 locked=1 (<crate> └─ <invalid location: defmt frame-index: 10>:0)
6881.325518 [INFO ] NMEA $GPGGA,171208.000,0000.0000,N,00000.0000,E,1,5,2.16,46.5,M,39.0,M,,*6C (<crate> └─ <invalid location: defmt frame-index: 15>:0)
6881.383926 [INFO ] NMEA $GNGLL,0000.0000,N,00000.0000,E,171208.000,A,A*4A (<crate> └─ <invalid location: defmt frame-index: 15>:0)
6881.442397 [INFO ] NMEA $GNGSA,A,3,16,26,31,28,,,,,,,,,2.37,2.16,0.98*15 (<crate> └─ <invalid location: defmt frame-index: 15>:0)
6881.488294 [INFO ] NMEA $GNGSA,A,3,73,,,,,,,,,,,,2.37,2.16,0.98*1A (<crate> └─ <invalid location: defmt frame-index: 15>:0)
6881.546778 [INFO ] NMEA $GPGSV,3,1,12,194,89,317,22,27,67,244,,16,65,357,23,26,57,065,26*43 (<crate> └─ <invalid location: defmt frame-index: 15>:0)
6881.605211 [INFO ] NMEA $GPGSV,3,2,12,31,47,146,14,08,31,237,,04,31,267,,18,29,060,*71 (<crate> └─ <invalid location: defmt frame-index: 15>:0)
6881.692916 [INFO ] NMEA $GPGSV,3,3,12,195,26,168,16,28,19,144,19,09,19,300,,07,02,318,*4D (<crate> └─ <invalid location: defmt frame-index: 15>:0)
6881.755515 [INFO ] NMEA $GLGSV,2,1,07,74,57,006,,73,40,086,26,83,33,039,,85,31,179,20*6F (<crate> └─ <invalid location: defmt frame-index: 15>:0)
6881.813992 [INFO ] NMEA $GLGSV,2,2,07,75,20,312,,72,16,254,,65,14,304,*52 (<crate> └─ <invalid location: defmt frame-index: 15>:0)
6881.872431 [INFO ] NMEA $GNRMC,171208.000,A,0000.0000,N,00000.0000,E,0.14,5.23,210626,,,A*7D (<crate> └─ <invalid location: defmt frame-index: 15>:0)
6881.872778 [INFO ] SYNC pps_local_us=6872017086 unix_s=1782061928 drift_us=2 err_ns=-2 fire_ns=2 holdover_ms=1000 (<crate> └─ <invalid location: defmt frame-index: 17>:0)
6881.930899 [INFO ] NMEA $GPVTG,5.23,T,,M,0.14,N,0.26,K,A*38 (<crate> └─ <invalid location: defmt frame-index: 15>:0)
6881.960144 [INFO ] NMEA $GPZDA,171208.000,21,06,2026,,*58 (<crate> └─ <invalid location: defmt frame-index: 15>:0)
6881.994775 [INFO ] NMEA $GPGST,171208.000,11,23,7.2,59.1,13,20,40*79 (<crate> └─ <invalid location: defmt frame-index: 15>:0)
6882.153840 [INFO ] PPS count=6873 interval_us=1000002 interval_ns=1000002240 state=Locked missed=0 freq=ok (<crate> └─ <invalid location: defmt frame-index: 9>:0)
6882.154160 [INFO ] PPSGEN count=6874 interval_ns=1000002240 dev_ns=2240 phase_ns=201742 hwphase_ns=16 trim_ppb=11 cfg=4 p_ns=2 d_ns=2 trim_mppb=11995 lk=1 (<crate> └─ <invalid location: defmt frame-index: 18>:0)
6882.265997 [INFO ] TIME unix_ns=1782061929112151490 ppb=2258 holdover_ms=1112 locked=1 (<crate> └─ <invalid location: defmt frame-index: 10>:0)
6882.271720 [INFO ] NMEA $GPGGA,171209.000,0000.0000,N,00000.0000,E,1,4,2.38,46.5,M,39.0,M,,*60 (<crate> └─ <invalid location: defmt frame-index: 15>:0)
6882.330108 [INFO ] NMEA $GNGLL,0000.0000,N,00000.0000,E,171209.000,A,A*4B (<crate> └─ <invalid location: defmt frame-index: 15>:0)
6882.359361 [INFO ] NMEA $GNGSA,A,3,16,26,28,,,,,,,,,,2.58,2.38,1.00*12 (<crate> └─ <invalid location: defmt frame-index: 15>:0)
6882.417826 [INFO ] NMEA $GNGSA,A,3,73,,,,,,,,,,,,2.58,2.38,1.00*1F (<crate> └─ <invalid location: defmt frame-index: 15>:0)
6882.480425 [INFO ] NMEA $GPGSV,3,1,12,194,89,317,22,27,67,244,,16,65,357,23,26,57,065,26*43 (<crate> └─ <invalid location: defmt frame-index: 15>:0)
6882.568129 [INFO ] NMEA $GPGSV,3,2,12,31,47,146,,08,31,237,,04,31,267,,18,29,060,*74 (<crate> └─ <invalid location: defmt frame-index: 15>:0)
6882.626573 [INFO ] NMEA $GPGSV,3,3,12,195,26,168,16,28,19,144,19,09,19,300,,07,02,318,*4D (<crate> └─ <invalid location: defmt frame-index: 15>:0)
6882.685050 [INFO ] NMEA $GLGSV,2,1,07,74,57,006,,73,40,086,26,83,33,039,,85,31,179,20*6F (<crate> └─ <invalid location: defmt frame-index: 15>:0)
6882.747639 [INFO ] NMEA $GLGSV,2,2,07,75,20,312,,72,15,253,,65,14,304,*56 (<crate> └─ <invalid location: defmt frame-index: 15>:0)
6882.835348 [INFO ] NMEA $GNRMC,171209.000,A,0000.0000,N,00000.0000,E,0.90,150.44,210626,,,A*70 (<crate> └─ <invalid location: defmt frame-index: 15>:0)
6882.835705 [INFO ] SYNC pps_local_us=6873017088 unix_s=1782061929 drift_us=2 err_ns=-17 fire_ns=17 holdover_ms=999 (<crate> └─ <invalid location: defmt frame-index: 17>:0)
6882.864570 [INFO ] NMEA $GPVTG,150.44,T,,M,0.90,N,1.66,K,A*31 (<crate> └─ <invalid location: defmt frame-index: 15>:0)
6882.893794 [INFO ] NMEA $GPZDA,171209.000,21,06,2026,,*59 (<crate> └─ <invalid location: defmt frame-index: 15>:0)
6882.938881 [INFO ] NMEA $GPGST,171209.000,11,24,6.9,58.9,14,21,42*78 (<crate> └─ <invalid location: defmt frame-index: 15>:0)
6883.153828 [INFO ] PPS count=6874 interval_us=1000002 interval_ns=1000002240 state=Locked missed=0 freq=ok (<crate> └─ <invalid location: defmt frame-index: 9>:0)
6883.154147 [INFO ] PPSGEN count=6875 interval_ns=1000002256 dev_ns=2256 phase_ns=198743 hwphase_ns=32 trim_ppb=11 cfg=4 p_ns=3 d_ns=2 trim_mppb=11777 lk=1 (<crate> └─ <invalid location: defmt frame-index: 18>:0)
6883.259155 [INFO ] NMEA $GPGGA,171210.000,0000.0000,N,00000.0000,E,1,4,2.38,46.5,M,39.0,M,,*68 (<crate> └─ <invalid location: defmt frame-index: 15>:0)
6883.266169 [INFO ] TIME unix_ns=1782061930112326490 ppb=2257 holdover_ms=1112 locked=1 (<crate> └─ <invalid location: defmt frame-index: 10>:0)
6883.317620 [INFO ] NMEA $GNGLL,0000.0000,N,00000.0000,E,171210.000,A,A*43 (<crate> └─ <invalid location: defmt frame-index: 15>:0)
6883.376042 [INFO ] NMEA $GNGSA,A,3,16,26,28,,,,,,,,,,2.58,2.38,1.00*12 (<crate> └─ <invalid location: defmt frame-index: 15>:0)
6883.405289 [INFO ] NMEA $GNGSA,A,3,73,,,,,,,,,,,,2.58,2.38,1.00*1F (<crate> └─ <invalid location: defmt frame-index: 15>:0)
6883.492946 [INFO ] NMEA $GPGSV,3,1,12,194,89,317,22,27,67,244,,16,65,357,23,26,57,065,26*43 (<crate> └─ <invalid location: defmt frame-index: 15>:0)
6883.555661 [INFO ] NMEA $GPGSV,3,2,12,31,47,146,,08,31,237,,04,31,267,,18,29,060,*74 (<crate> └─ <invalid location: defmt frame-index: 15>:0)
6883.614098 [INFO ] NMEA $GPGSV,3,3,12,195,26,168,16,28,19,144,19,09,19,300,,07,02,318,*4D (<crate> └─ <invalid location: defmt frame-index: 15>:0)
6883.701802 [INFO ] NMEA $GLGSV,2,1,07,74,57,006,,73,39,087,26,83,33,039,,85,31,179,20*60 (<crate> └─ <invalid location: defmt frame-index: 15>:0)
6883.760232 [INFO ] NMEA $GLGSV,2,2,07,75,20,312,,72,15,253,,65,14,304,*56 (<crate> └─ <invalid location: defmt frame-index: 15>:0)
6883.822882 [INFO ] NMEA $GNRMC,171210.000,A,0000.0000,N,00000.0000,E,0.49,150.44,210626,,,A*7C (<crate> └─ <invalid location: defmt frame-index: 15>:0)
6883.823241 [INFO ] SYNC pps_local_us=6874017090 unix_s=1782061930 drift_us=2 err_ns=-17 fire_ns=17 holdover_ms=1000 (<crate> └─ <invalid location: defmt frame-index: 17>:0)
6883.852146 [INFO ] NMEA $GPVTG,150.44,T,,M,0.49,N,0.92,K,A*3F (<crate> └─ <invalid location: defmt frame-index: 15>:0)
6883.910545 [INFO ] NMEA $GPZDA,171210.000,21,06,2026,,*51 (<crate> └─ <invalid location: defmt frame-index: 15>:0)
6883.936879 [INFO ] NMEA $GPGST,171210.000,11,24,6.4,58.5,14,21,43*70 (<crate> └─ <invalid location: defmt frame-index: 15>:0)
6884.153835 [INFO ] PPS count=6875 interval_us=1000002 interval_ns=1000002240 state=Locked missed=0 freq=ok (<crate> └─ <invalid location: defmt frame-index: 9>:0)
6884.154156 [INFO ] PPSGEN count=6876 interval_ns=1000002240 dev_ns=2240 phase_ns=197743 hwphase_ns=32 trim_ppb=11 cfg=4 p_ns=3 d_ns=0 trim_mppb=11567 lk=1 (<crate> └─ <invalid location: defmt frame-index: 18>:0)
6884.266336 [INFO ] TIME unix_ns=1782061931112490490 ppb=2257 holdover_ms=1112 locked=1 (<crate> └─ <invalid location: defmt frame-index: 10>:0)
6884.308417 [INFO ] NMEA $GPGGA,171211.000,0000.0000,N,00000.0000,E,1,4,2.38,46.5,M,39.0,M,,*69 (<crate> └─ <invalid location: defmt frame-index: 15>:0)
6884.348045 [INFO ] NMEA $GNGLL,0000.0000,N,00000.0000,E,171211.000,A,A*42 (<crate> └─ <invalid location: defmt frame-index: 15>:0)
6884.406516 [INFO ] NMEA $GNGSA,A,3,16,26,28,,,,,,,,,,2.58,2.38,1.00*12 (<crate> └─ <invalid location: defmt frame-index: 15>:0)
6884.464940 [INFO ] NMEA $GNGSA,A,3,73,,,,,,,,,,,,2.58,2.38,1.00*1F (<crate> └─ <invalid location: defmt frame-index: 15>:0)
6884.523422 [INFO ] NMEA $GPGSV,3,1,12,194,89,317,21,27,67,244,,16,65,357,23,26,57,065,26*40 (<crate> └─ <invalid location: defmt frame-index: 15>:0)
6884.611079 [INFO ] NMEA $GPGSV,3,2,12,31,47,146,18,08,31,237,,04,31,267,,18,29,060,*7D (<crate> └─ <invalid location: defmt frame-index: 15>:0)
6884.673723 [INFO ] NMEA $GPGSV,3,3,12,195,26,168,16,28,19,144,19,09,19,300,,07,02,318,*4D (<crate> └─ <invalid location: defmt frame-index: 15>:0)
6884.732163 [INFO ] NMEA $GLGSV,2,1,07,74,58,008,,73,39,087,26,83,33,039,,85,31,179,19*6B (<crate> └─ <invalid location: defmt frame-index: 15>:0)
6884.790635 [INFO ] NMEA $GLGSV,2,2,07,75,20,312,,72,15,253,,65,14,304,*56 (<crate> └─ <invalid location: defmt frame-index: 15>:0)
6884.878297 [INFO ] NMEA $GNRMC,171211.000,A,0000.0000,N,00000.0000,E,0.19,150.44,210626,,,A*78 (<crate> └─ <invalid location: defmt frame-index: 15>:0)
6884.878654 [INFO ] SYNC pps_local_us=6875017092 unix_s=1782061931 drift_us=2 err_ns=-16 fire_ns=16 holdover_ms=1000 (<crate> └─ <invalid location: defmt frame-index: 17>:0)
6884.911709 [INFO ] NMEA $GPVTG,150.44,T,,M,0.19,N,0.36,K,A*34 (<crate> └─ <invalid location: defmt frame-index: 15>:0)
6884.940953 [INFO ] NMEA $GPZDA,171211.000,21,06,2026,,*50 (<crate> └─ <invalid location: defmt frame-index: 15>:0)
6884.979750 [INFO ] NMEA $GPGST,171211.000,11,24,6.8,58.4,14,21,42*7D (<crate> └─ <invalid location: defmt frame-index: 15>:0)
6885.153853 [INFO ] PPS count=6876 interval_us=1000002 interval_ns=1000002256 state=Locked missed=0 freq=ok (<crate> └─ <invalid location: defmt frame-index: 9>:0)
6885.154167 [INFO ] PPSGEN count=6877 interval_ns=1000002240 dev_ns=2240 phase_ns=210743 hwphase_ns=16 trim_ppb=11 cfg=4 p_ns=1 d_ns=-3 trim_mppb=11466 lk=1 (<crate> └─ <invalid location: defmt frame-index: 18>:0)
6885.266501 [INFO ] TIME unix_ns=1782061932112658490 ppb=2257 holdover_ms=1112 locked=1 (<crate> └─ <invalid location: defmt frame-index: 10>:0)
6885.309602 [INFO ] NMEA $GPGGA,171212.000,0000.0000,N,00000.0000,E,1,4,2.38,46.5,M,39.0,M,,*6A (<crate> └─ <invalid location: defmt frame-index: 15>:0)
6885.368011 [INFO ] NMEA $GNGLL,0000.0000,N,00000.0000,E,171212.000,A,A*41 (<crate> └─ <invalid location: defmt frame-index: 15>:0)
6885.424399 [INFO ] NMEA $GNGSA,A,3,16,26,28,,,,,,,,,,2.58,2.38,1.00*12 (<crate> └─ <invalid location: defmt frame-index: 15>:0)
6885.453602 [INFO ] NMEA $GNGSA,A,3,73,,,,,,,,,,,,2.58,2.38,1.00*1F (<crate> └─ <invalid location: defmt frame-index: 15>:0)
6885.541301 [INFO ] NMEA $GPGSV,3,1,12,194,89,317,21,27,67,244,,16,65,357,23,26,57,065,26*40 (<crate> └─ <invalid location: defmt frame-index: 15>:0)
6885.599739 [INFO ] NMEA $GPGSV,3,2,12,31,47,146,17,08,31,237,,04,31,267,,18,29,060,*72 (<crate> └─ <invalid location: defmt frame-index: 15>:0)
6885.662382 [INFO ] NMEA $GPGSV,3,3,12,195,26,168,15,28,19,144,18,09,19,300,,07,02,318,*4F (<crate> └─ <invalid location: defmt frame-index: 15>:0)
6885.750043 [INFO ] NMEA $GLGSV,2,1,07,74,58,008,,73,39,087,26,83,33,039,,85,31,179,19*6B (<crate> └─ <invalid location: defmt frame-index: 15>:0)
6885.779298 [INFO ] NMEA $GLGSV,2,2,07,75,21,313,,72,15,253,,65,14,304,*56 (<crate> └─ <invalid location: defmt frame-index: 15>:0)
6885.866954 [INFO ] NMEA $GNRMC,171212.000,A,0000.0000,N,00000.0000,E,0.79,345.90,210626,,,A*72 (<crate> └─ <invalid location: defmt frame-index: 15>:0)
6885.867313 [INFO ] SYNC pps_local_us=6876017095 unix_s=1782061932 drift_us=2 err_ns=0 fire_ns=0 holdover_ms=1000 (<crate> └─ <invalid location: defmt frame-index: 17>:0)
6885.896219 [INFO ] NMEA $GPVTG,345.90,T,,M,0.79,N,1.46,K,A*3B (<crate> └─ <invalid location: defmt frame-index: 15>:0)
6885.929605 [INFO ] NMEA $GPZDA,171212.000,21,06,2026,,*53 (<crate> └─ <invalid location: defmt frame-index: 15>:0)
6885.980948 [INFO ] NMEA $GPGST,171212.000,11,24,6.6,57.9,14,21,42*72 (<crate> └─ <invalid location: defmt frame-index: 15>:0)
6886.153846 [INFO ] PPS count=6877 interval_us=1000002 interval_ns=1000002240 state=Locked missed=0 freq=ok (<crate> └─ <invalid location: defmt frame-index: 9>:0)
6886.154167 [INFO ] PPSGEN count=6878 interval_ns=1000002240 dev_ns=2240 phase_ns=196744 hwphase_ns=16 trim_ppb=11 cfg=4 p_ns=2 d_ns=1 trim_mppb=11326 lk=1 (<crate> └─ <invalid location: defmt frame-index: 18>:0)
6886.266671 [INFO ] TIME unix_ns=1782061933112809490 ppb=2256 holdover_ms=1112 locked=1 (<crate> └─ <invalid location: defmt frame-index: 10>:0)
6886.310594 [INFO ] NMEA $GPGGA,171213.000,0000.0000,N,00000.0000,E,1,5,2.16,46.5,M,39.0,M,,*66 (<crate> └─ <invalid location: defmt frame-index: 15>:0)
6886.368995 [INFO ] NMEA $GNGLL,0000.0000,N,00000.0000,E,171213.000,A,A*40 (<crate> └─ <invalid location: defmt frame-index: 15>:0)
6886.427470 [INFO ] NMEA $GNGSA,A,3,16,26,28,31,,,,,,,,,2.37,2.16,0.98*15 (<crate> └─ <invalid location: defmt frame-index: 15>:0)
6886.471285 [INFO ] NMEA $GNGSA,A,3,73,,,,,,,,,,,,2.37,2.16,0.98*1A (<crate> └─ <invalid location: defmt frame-index: 15>:0)
6886.529765 [INFO ] NMEA $GPGSV,3,1,12,194,89,317,21,27,67,244,,16,65,357,23,26,57,065,26*40 (<crate> └─ <invalid location: defmt frame-index: 15>:0)
6886.588202 [INFO ] NMEA $GPGSV,3,2,12,31,47,146,16,08,31,237,,04,31,267,,18,29,060,*73 (<crate> └─ <invalid location: defmt frame-index: 15>:0)
6886.675910 [INFO ] NMEA $GPGSV,3,3,12,195,26,168,15,28,19,144,18,09,19,300,,07,02,318,*4F (<crate> └─ <invalid location: defmt frame-index: 15>:0)
6886.738517 [INFO ] NMEA $GLGSV,2,1,07,74,58,008,,73,39,087,26,83,33,039,,85,31,179,19*6B (<crate> └─ <invalid location: defmt frame-index: 15>:0)
6886.796989 [INFO ] NMEA $GLGSV,2,2,07,75,21,313,,72,15,253,,65,14,304,*56 (<crate> └─ <invalid location: defmt frame-index: 15>:0)
6886.855427 [INFO ] NMEA $GNRMC,171213.000,A,0000.0000,N,00000.0000,E,0.32,345.90,210626,,,A*7C (<crate> └─ <invalid location: defmt frame-index: 15>:0)
6886.855780 [INFO ] SYNC pps_local_us=6877017097 unix_s=1782061933 drift_us=2 err_ns=-16 fire_ns=16 holdover_ms=999 (<crate> └─ <invalid location: defmt frame-index: 17>:0)
6886.913899 [INFO ] NMEA $GPVTG,345.90,T,,M,0.32,N,0.59,K,A*3B (<crate> └─ <invalid location: defmt frame-index: 15>:0)
6886.943140 [INFO ] NMEA $GPZDA,171213.000,21,06,2026,,*52 (<crate> └─ <invalid location: defmt frame-index: 15>:0)
6886.984020 [INFO ] NMEA $GPGST,171213.000,10,23,7.3,59.0,14,20,41*74 (<crate> └─ <invalid location: defmt frame-index: 15>:0)
6887.153844 [INFO ] PPS count=6878 interval_us=1000002 interval_ns=1000002240 state=Locked missed=0 freq=ok (<crate> └─ <invalid location: defmt frame-index: 9>:0)
6887.154164 [INFO ] PPSGEN count=6879 interval_ns=1000002256 dev_ns=2256 phase_ns=199745 hwphase_ns=32 trim_ppb=11 cfg=4 p_ns=3 d_ns=2 trim_mppb=11100 lk=1 (<crate> └─ <invalid location: defmt frame-index: 18>:0)
6887.266840 [INFO ] TIME unix_ns=1782061934112983490 ppb=2256 holdover_ms=1112 locked=1 (<crate> └─ <invalid location: defmt frame-index: 10>:0)
6887.319596 [INFO ] NMEA $GPGGA,171214.000,0000.0000,N,00000.0000,E,1,5,2.16,46.5,M,39.0,M,,*61 (<crate> └─ <invalid location: defmt frame-index: 15>:0)
6887.378001 [INFO ] NMEA $GNGLL,0000.0000,N,00000.0000,E,171214.000,A,A*47 (<crate> └─ <invalid location: defmt frame-index: 15>:0)
6887.436474 [INFO ] NMEA $GNGSA,A,3,16,26,28,31,,,,,,,,,2.37,2.16,0.98*15 (<crate> └─ <invalid location: defmt frame-index: 15>:0)
6887.465677 [INFO ] NMEA $GNGSA,A,3,73,,,,,,,,,,,,2.37,2.16,0.98*1A (<crate> └─ <invalid location: defmt frame-index: 15>:0)
6887.553380 [INFO ] NMEA $GPGSV,3,1,12,194,89,317,21,27,67,244,,16,65,357,23,26,57,065,26*40 (<crate> └─ <invalid location: defmt frame-index: 15>:0)
6887.611822 [INFO ] NMEA $GPGSV,3,2,12,31,47,146,17,08,31,237,,04,31,267,,18,29,060,*72 (<crate> └─ <invalid location: defmt frame-index: 15>:0)
6887.670296 [INFO ] NMEA $GPGSV,3,3,12,195,26,168,14,28,19,144,18,09,19,300,,07,02,318,*4E (<crate> └─ <invalid location: defmt frame-index: 15>:0)
6887.762120 [INFO ] NMEA $GLGSV,2,1,07,74,58,008,,73,39,087,26,83,33,039,,85,31,179,19*6B (<crate> └─ <invalid location: defmt frame-index: 15>:0)
6887.791373 [INFO ] NMEA $GLGSV,2,2,07,75,21,313,,72,15,253,,65,14,304,*56 (<crate> └─ <invalid location: defmt frame-index: 15>:0)
6887.879032 [INFO ] NMEA $GNRMC,171214.000,A,0000.0000,N,00000.0000,E,0.29,345.90,210626,,,A*71 (<crate> └─ <invalid location: defmt frame-index: 15>:0)
6887.879387 [INFO ] SYNC pps_local_us=6878017099 unix_s=1782061934 drift_us=2 err_ns=-15 fire_ns=15 holdover_ms=1000 (<crate> └─ <invalid location: defmt frame-index: 17>:0)
6887.908302 [INFO ] NMEA $GPVTG,345.90,T,,M,0.29,N,0.53,K,A*3B (<crate> └─ <invalid location: defmt frame-index: 15>:0)
6887.966706 [INFO ] NMEA $GPZDA,171214.000,21,06,2026,,*55 (<crate> └─ <invalid location: defmt frame-index: 15>:0)
6887.993032 [INFO ] NMEA $GPGST,171214.000,10,23,7.3,59.0,13,20,41*74 (<crate> └─ <invalid location: defmt frame-index: 15>:0)
6888.153843 [INFO ] PPS count=6879 interval_us=1000002 interval_ns=1000002240 state=Locked missed=0 freq=ok (<crate> └─ <invalid location: defmt frame-index: 9>:0)
6888.154166 [INFO ] PPSGEN count=6880 interval_ns=1000002240 dev_ns=2240 phase_ns=198745 hwphase_ns=32 trim_ppb=10 cfg=4 p_ns=3 d_ns=0 trim_mppb=10890 lk=1 (<crate> └─ <invalid location: defmt frame-index: 18>:0)
6888.267001 [INFO ] TIME unix_ns=1782061935113151490 ppb=2255 holdover_ms=1113 locked=1 (<crate> └─ <invalid location: defmt frame-index: 10>:0)
6888.320915 [INFO ] NMEA $GPGGA,171215.000,0000.0000,N,00000.0000,E,1,5,2.17,46.5,M,39.0,M,,*61 (<crate> └─ <invalid location: defmt frame-index: 15>:0)
6888.350145 [INFO ] NMEA $GNGLL,0000.0000,N,00000.0000,E,171215.000,A,A*46 (<crate> └─ <invalid location: defmt frame-index: 15>:0)
6888.408613 [INFO ] NMEA $GNGSA,A,3,16,26,28,31,,,,,,,,,2.37,2.17,0.98*14 (<crate> └─ <invalid location: defmt frame-index: 15>:0)
6888.467035 [INFO ] NMEA $GNGSA,A,3,73,,,,,,,,,,,,2.37,2.17,0.98*1B (<crate> └─ <invalid location: defmt frame-index: 15>:0)
6888.529676 [INFO ] NMEA $GPGSV,3,1,12,194,89,317,21,27,67,244,,16,65,357,23,26,57,065,26*40 (<crate> └─ <invalid location: defmt frame-index: 15>:0)
6888.588118 [INFO ] NMEA $GPGSV,3,2,12,31,47,146,17,08,31,237,,04,31,267,,18,29,060,*72 (<crate> └─ <invalid location: defmt frame-index: 15>:0)
6888.675821 [INFO ] NMEA $GPGSV,3,3,12,195,26,168,14,28,19,144,18,09,19,300,,07,02,318,*4E (<crate> └─ <invalid location: defmt frame-index: 15>:0)
6888.734357 [INFO ] NMEA $GLGSV,2,1,07,74,58,008,,73,39,087,26,83,33,039,,85,31,179,19*6B (<crate> └─ <invalid location: defmt frame-index: 15>:0)
6888.796992 [INFO ] NMEA $GLGSV,2,2,07,75,21,313,,72,15,253,,65,14,304,*56 (<crate> └─ <invalid location: defmt frame-index: 15>:0)
6888.855432 [INFO ] NMEA $GNRMC,171215.000,A,0000.0000,N,00000.0000,E,0.45,345.90,210626,,,A*7A (<crate> └─ <invalid location: defmt frame-index: 15>:0)
6888.855793 [INFO ] SYNC pps_local_us=6879017101 unix_s=1782061935 drift_us=2 err_ns=-15 fire_ns=15 holdover_ms=1000 (<crate> └─ <invalid location: defmt frame-index: 17>:0)
6888.913906 [INFO ] NMEA $GPVTG,345.90,T,,M,0.45,N,0.84,K,A*3B (<crate> └─ <invalid location: defmt frame-index: 15>:0)
6888.943149 [INFO ] NMEA $GPZDA,171215.000,21,06,2026,,*54 (<crate> └─ <invalid location: defmt frame-index: 15>:0)
6888.984030 [INFO ] NMEA $GPGST,171215.000,10,23,7.4,59.0,13,20,42*71 (<crate> └─ <invalid location: defmt frame-index: 15>:0)
6889.153851 [INFO ] PPS count=6880 interval_us=1000002 interval_ns=1000002240 state=Locked missed=0 freq=ok (<crate> └─ <invalid location: defmt frame-index: 9>:0)
6889.154169 [INFO ] PPSGEN count=6881 interval_ns=1000002240 dev_ns=2240 phase_ns=203745 hwphase_ns=32 trim_ppb=10 cfg=4 p_ns=3 d_ns=0 trim_mppb=10664 lk=1 (<crate> └─ <invalid location: defmt frame-index: 18>:0)
6889.267175 [INFO ] TIME unix_ns=1782061936113318490 ppb=2255 holdover_ms=1113 locked=1 (<crate> └─ <invalid location: defmt frame-index: 10>:0)
6889.315372 [INFO ] NMEA $GPGGA,171216.000,0000.0000,N,00000.0000,E,1,5,2.17,46.5,M,39.0,M,,*62 (<crate> └─ <invalid location: defmt frame-index: 15>:0)
6889.373824 [INFO ] NMEA $GNGLL,0000.0000,N,00000.0000,E,171216.000,A,A*45 (<crate> └─ <invalid location: defmt frame-index: 15>:0)
6889.432250 [INFO ] NMEA $GNGSA,A,3,16,26,28,31,,,,,,,,,2.37,2.17,0.98*14 (<crate> └─ <invalid location: defmt frame-index: 15>:0)
6889.461499 [INFO ] NMEA $GNGSA,A,3,73,,,,,,,,,,,,2.37,2.17,0.98*1B (<crate> └─ <invalid location: defmt frame-index: 15>:0)
6889.549157 [INFO ] NMEA $GPGSV,3,1,12,194,89,317,21,27,67,244,,16,65,357,23,26,57,065,26*40 (<crate> └─ <invalid location: defmt frame-index: 15>:0)
6889.611805 [INFO ] NMEA $GPGSV,3,2,12,31,47,146,16,08,31,237,,04,31,267,,18,29,060,*73 (<crate> └─ <invalid location: defmt frame-index: 15>:0)
6889.670282 [INFO ] NMEA $GPGSV,3,3,12,195,26,168,14,28,19,144,18,09,19,300,,07,02,318,*4E (<crate> └─ <invalid location: defmt frame-index: 15>:0)
6889.757943 [INFO ] NMEA $GLGSV,2,1,07,74,58,008,,73,39,087,26,83,33,039,,85,31,179,19*6B (<crate> └─ <invalid location: defmt frame-index: 15>:0)
6889.816373 [INFO ] NMEA $GLGSV,2,2,07,75,21,313,,72,15,253,,65,14,304,*56 (<crate> └─ <invalid location: defmt frame-index: 15>:0)
6889.879023 [INFO ] NMEA $GNRMC,171216.000,A,0000.0000,N,00000.0000,E,2.38,179.69,210626,,,A*7A (<crate> └─ <invalid location: defmt frame-index: 15>:0)
6889.879380 [INFO ] SYNC pps_local_us=6880017104 unix_s=1782061936 drift_us=2 err_ns=-14 fire_ns=14 holdover_ms=1000 (<crate> └─ <invalid location: defmt frame-index: 17>:0)
6889.908290 [INFO ] NMEA $GPVTG,179.69,T,,M,2.38,N,4.42,K,A*36 (<crate> └─ <invalid location: defmt frame-index: 15>:0)
6889.966683 [INFO ] NMEA $GPZDA,171216.000,21,06,2026,,*57 (<crate> └─ <invalid location: defmt frame-index: 15>:0)
6889.993018 [INFO ] NMEA $GPGST,171216.000,10,21,8.4,62.5,12,19,38*74 (<crate> └─ <invalid location: defmt frame-index: 15>:0)
6890.153850 [INFO ] PPS count=6881 interval_us=1000002 interval_ns=1000002240 state=Locked missed=0 freq=ok (<crate> └─ <invalid location: defmt frame-index: 9>:0)
6890.154172 [INFO ] PPSGEN count=6882 interval_ns=1000002240 dev_ns=2240 phase_ns=197746 hwphase_ns=32 trim_ppb=10 cfg=4 p_ns=3 d_ns=0 trim_mppb=10438 lk=1 (<crate> └─ <invalid location: defmt frame-index: 18>:0)
6890.267340 [INFO ] TIME unix_ns=1782061937113483491 ppb=2254 holdover_ms=1113 locked=1 (<crate> └─ <invalid location: defmt frame-index: 10>:0)
6890.308466 [INFO ] NMEA $GPGGA,171217.000,0000.0000,N,00000.0000,E,1,5,2.16,46.5,M,39.0,M,,*62 (<crate> └─ <invalid location: defmt frame-index: 15>:0)
6890.348097 [INFO ] NMEA $GNGLL,0000.0000,N,00000.0000,E,171217.000,A,A*44 (<crate> └─ <invalid location: defmt frame-index: 15>:0)
6890.406565 [INFO ] NMEA $GNGSA,A,3,16,26,28,31,,,,,,,,,2.37,2.16,0.98*15 (<crate> └─ <invalid location: defmt frame-index: 15>:0)
6890.464995 [INFO ] NMEA $GNGSA,A,3,73,,,,,,,,,,,,2.37,2.16,0.98*1A (<crate> └─ <invalid location: defmt frame-index: 15>:0)
6890.523476 [INFO ] NMEA $GPGSV,3,1,12,194,89,317,21,27,67,244,,16,65,357,23,26,57,065,26*40 (<crate> └─ <invalid location: defmt frame-index: 15>:0)
6890.611128 [INFO ] NMEA $GPGSV,3,2,12,31,47,146,16,08,31,237,,04,31,267,,18,29,060,*73 (<crate> └─ <invalid location: defmt frame-index: 15>:0)
6890.673778 [INFO ] NMEA $GPGSV,3,3,12,195,26,168,15,28,19,144,18,09,19,300,,07,02,318,*4F (<crate> └─ <invalid location: defmt frame-index: 15>:0)
6890.732213 [INFO ] NMEA $GLGSV,2,1,07,74,58,008,,73,39,087,26,83,33,039,,85,31,179,18*6A (<crate> └─ <invalid location: defmt frame-index: 15>:0)
6890.790691 [INFO ] NMEA $GLGSV,2,2,07,75,21,313,,72,15,253,,65,14,304,*56 (<crate> └─ <invalid location: defmt frame-index: 15>:0)
6890.878345 [INFO ] NMEA $GNRMC,171217.000,A,0000.0000,N,00000.0000,E,0.79,227.72,210626,,,A*7E (<crate> └─ <invalid location: defmt frame-index: 15>:0)
6890.878713 [INFO ] SYNC pps_local_us=6881017106 unix_s=1782061937 drift_us=2 err_ns=-14 fire_ns=14 holdover_ms=1000 (<crate> └─ <invalid location: defmt frame-index: 17>:0)
6890.911767 [INFO ] NMEA $GPVTG,227.72,T,,M,0.79,N,1.46,K,A*32 (<crate> └─ <invalid location: defmt frame-index: 15>:0)
6890.941005 [INFO ] NMEA $GPZDA,171217.000,21,06,2026,,*56 (<crate> └─ <invalid location: defmt frame-index: 15>:0)
6890.981890 [INFO ] NMEA $GPGST,171217.000,10,21,8.4,62.5,12,19,38*75 (<crate> └─ <invalid location: defmt frame-index: 15>:0)
6891.153858 [INFO ] PPS count=6882 interval_us=1000002 interval_ns=1000002256 state=Locked missed=0 freq=ok (<crate> └─ <invalid location: defmt frame-index: 9>:0)
6891.154175 [INFO ] PPSGEN count=6883 interval_ns=1000002240 dev_ns=2240 phase_ns=206746 hwphase_ns=16 trim_ppb=10 cfg=4 p_ns=1 d_ns=-4 trim_mppb=10337 lk=1 (<crate> └─ <invalid location: defmt frame-index: 18>:0)
6891.267507 [INFO ] TIME unix_ns=1782061938113646490 ppb=2254 holdover_ms=1113 locked=1 (<crate> └─ <invalid location: defmt frame-index: 10>:0)
6891.269557 [INFO ] NMEA $GPGGA,171218.000,0000.0000,N,00000.0000,E,1,5,2.17,46.5,M,39.0,M,,*6C (<crate> └─ <invalid location: defmt frame-index: 15>:0)
6891.327952 [INFO ] NMEA $GNGLL,0000.0000,N,00000.0000,E,171218.000,A,A*4B (<crate> └─ <invalid location: defmt frame-index: 15>:0)
6891.382220 [INFO ] NMEA $GNGSA,A,3,16,26,28,31,,,,,,,,,2.37,2.17,0.98*14 (<crate> └─ <invalid location: defmt frame-index: 15>:0)
6891.411461 [INFO ] NMEA $GNGSA,A,3,73,,,,,,,,,,,,2.37,2.17,0.98*1B (<crate> └─ <invalid location: defmt frame-index: 15>:0)
6891.499124 [INFO ] NMEA $GPGSV,3,1,12,194,89,317,20,27,67,244,,16,65,357,22,26,57,065,26*40 (<crate> └─ <invalid location: defmt frame-index: 15>:0)
6891.557606 [INFO ] NMEA $GPGSV,3,2,12,31,47,146,15,08,31,237,,04,31,267,,18,29,060,*70 (<crate> └─ <invalid location: defmt frame-index: 15>:0)
6891.620243 [INFO ] NMEA $GPGSV,3,3,12,195,26,168,14,28,19,144,18,09,19,300,,07,02,318,*4E (<crate> └─ <invalid location: defmt frame-index: 15>:0)
6891.707912 [INFO ] NMEA $GLGSV,2,1,07,74,58,008,,73,39,087,26,83,33,039,,85,31,179,18*6A (<crate> └─ <invalid location: defmt frame-index: 15>:0)
6891.766340 [INFO ] NMEA $GLGSV,2,2,07,75,21,313,,72,15,253,,65,14,304,*56 (<crate> └─ <invalid location: defmt frame-index: 15>:0)
6891.824826 [INFO ] NMEA $GNRMC,171218.000,A,0000.0000,N,00000.0000,E,1.69,328.27,210626,,,A*7F (<crate> └─ <invalid location: defmt frame-index: 15>:0)
6891.825177 [INFO ] SYNC pps_local_us=6882017108 unix_s=1782061938 drift_us=2 err_ns=2 fire_ns=-2 holdover_ms=1000 (<crate> └─ <invalid location: defmt frame-index: 17>:0)
6891.854081 [INFO ] NMEA $GPVTG,328.27,T,,M,1.69,N,3.13,K,A*3E (<crate> └─ <invalid location: defmt frame-index: 15>:0)
6891.916652 [INFO ] NMEA $GPZDA,171218.000,21,06,2026,,*59 (<crate> └─ <invalid location: defmt frame-index: 15>:0)
6891.942980 [INFO ] NMEA $GPGST,171218.000,10,21,8.4,62.3,12,19,38*7C (<crate> └─ <invalid location: defmt frame-index: 15>:0)
6892.153853 [INFO ] PPS count=6883 interval_us=1000002 interval_ns=1000002240 state=Locked missed=0 freq=ok (<crate> └─ <invalid location: defmt frame-index: 9>:0)
6892.154178 [INFO ] PPSGEN count=6884 interval_ns=1000002240 dev_ns=2240 phase_ns=192746 hwphase_ns=16 trim_ppb=10 cfg=4 p_ns=2 d_ns=1 trim_mppb=10189 lk=1 (<crate> └─ <invalid location: defmt frame-index: 18>:0)
6892.267675 [INFO ] TIME unix_ns=1782061939113803490 ppb=2254 holdover_ms=1113 locked=1 (<crate> └─ <invalid location: defmt frame-index: 10>:0)
6892.270496 [INFO ] NMEA $GPGGA,171219.000,0000.0000,N,00000.0000,E,1,5,2.17,46.5,M,39.0,M,,*6D (<crate> └─ <invalid location: defmt frame-index: 15>:0)
6892.328875 [INFO ] NMEA $GNGLL,0000.0000,N,00000.0000,E,171219.000,A,A*4A (<crate> └─ <invalid location: defmt frame-index: 15>:0)
6892.387347 [INFO ] NMEA $GNGSA,A,3,16,26,28,31,,,,,,,,,2.38,2.17,0.98*1B (<crate> └─ <invalid location: defmt frame-index: 15>:0)
6892.426997 [INFO ] NMEA $GNGSA,A,3,73,,,,,,,,,,,,2.38,2.17,0.98*14 (<crate> └─ <invalid location: defmt frame-index: 15>:0)
6892.485482 [INFO ] NMEA $GPGSV,3,1,12,194,89,317,20,27,67,244,,16,65,357,22,26,57,065,26*40 (<crate> └─ <invalid location: defmt frame-index: 15>:0)
6892.573137 [INFO ] NMEA $GPGSV,3,2,12,31,47,146,14,08,31,237,,04,31,267,,18,29,060,*71 (<crate> └─ <invalid location: defmt frame-index: 15>:0)
6892.631574 [INFO ] NMEA $GPGSV,3,3,12,195,26,168,14,28,19,144,19,09,19,300,,07,02,318,*4F (<crate> └─ <invalid location: defmt frame-index: 15>:0)
6892.694219 [INFO ] NMEA $GLGSV,2,1,07,74,58,008,,73,39,087,25,83,33,039,,85,31,179,18*69 (<crate> └─ <invalid location: defmt frame-index: 15>:0)
6892.752742 [INFO ] NMEA $GLGSV,2,2,07,75,21,313,,72,15,253,,65,14,304,*56 (<crate> └─ <invalid location: defmt frame-index: 15>:0)
6892.840403 [INFO ] NMEA $GNRMC,171219.000,A,0000.0000,N,00000.0000,E,0.51,328.27,210626,,,A*74 (<crate> └─ <invalid location: defmt frame-index: 15>:0)
6892.840764 [INFO ] SYNC pps_local_us=6883017110 unix_s=1782061939 drift_us=2 err_ns=-13 fire_ns=13 holdover_ms=999 (<crate> └─ <invalid location: defmt frame-index: 17>:0)
6892.869672 [INFO ] NMEA $GPVTG,328.27,T,,M,0.51,N,0.95,K,A*39 (<crate> └─ <invalid location: defmt frame-index: 15>:0)
6892.898849 [INFO ] NMEA $GPZDA,171219.000,21,06,2026,,*58 (<crate> └─ <invalid location: defmt frame-index: 15>:0)
6892.943934 [INFO ] NMEA $GPGST,171219.000,10,21,8.4,62.1,12,19,39*7E (<crate> └─ <invalid location: defmt frame-index: 15>:0)
6893.153855 [INFO ] PPS count=6884 interval_us=1000002 interval_ns=1000002256 state=Locked missed=0 freq=ok (<crate> └─ <invalid location: defmt frame-index: 9>:0)
6893.154175 [INFO ] PPSGEN count=6885 interval_ns=1000002240 dev_ns=2240 phase_ns=197746 hwphase_ns=0 trim_ppb=10 cfg=4 p_ns=0 d_ns=-5 trim_mppb=10212 lk=1 (<crate> └─ <invalid location: defmt frame-index: 18>:0)
6893.267846 [INFO ] TIME unix_ns=1782061940113979490 ppb=2254 holdover_ms=1113 locked=1 (<crate> └─ <invalid location: defmt frame-index: 10>:0)
6893.270561 [INFO ] NMEA $GPGGA,171220.000,0000.0000,N,00000.0000,E,1,5,2.16,46.5,M,39.0,M,,*66 (<crate> └─ <invalid location: defmt frame-index: 15>:0)
6893.328946 [INFO ] NMEA $GNGLL,0000.0000,N,00000.0000,E,171220.000,A,A*40 (<crate> └─ <invalid location: defmt frame-index: 15>:0)
6893.387419 [INFO ] NMEA $GNGSA,A,3,16,26,28,31,,,,,,,,,2.37,2.16,0.98*15 (<crate> └─ <invalid location: defmt frame-index: 15>:0)
6893.416630 [INFO ] NMEA $GNGSA,A,3,73,,,,,,,,,,,,2.37,2.16,0.98*1A (<crate> └─ <invalid location: defmt frame-index: 15>:0)
6893.500119 [INFO ] NMEA $GPGSV,3,1,12,194,89,317,20,27,67,244,,16,65,357,22,26,57,065,26*40 (<crate> └─ <invalid location: defmt frame-index: 15>:0)
6893.558601 [INFO ] NMEA $GPGSV,3,2,12,31,47,146,14,08,31,237,,04,31,267,,18,29,060,*71 (<crate> └─ <invalid location: defmt frame-index: 15>:0)
6893.617045 [INFO ] NMEA $GPGSV,3,3,12,195,26,168,13,28,19,144,19,09,19,300,,07,02,318,*48 (<crate> └─ <invalid location: defmt frame-index: 15>:0)
6893.708978 [INFO ] NMEA $GLGSV,2,1,07,74,58,008,,73,39,087,25,83,32,039,,85,31,179,17*67 (<crate> └─ <invalid location: defmt frame-index: 15>:0)
6893.767413 [INFO ] NMEA $GLGSV,2,2,07,75,21,313,,72,15,253,,65,14,304,*56 (<crate> └─ <invalid location: defmt frame-index: 15>:0)
6893.825891 [INFO ] NMEA $GNRMC,171220.000,A,0000.0000,N,00000.0000,E,0.35,328.27,210626,,,A*7C (<crate> └─ <invalid location: defmt frame-index: 15>:0)
6893.826249 [INFO ] SYNC pps_local_us=6884017113 unix_s=1782061940 drift_us=2 err_ns=3 fire_ns=-3 holdover_ms=1000 (<crate> └─ <invalid location: defmt frame-index: 17>:0)
6893.855153 [INFO ] NMEA $GPVTG,328.27,T,,M,0.35,N,0.66,K,A*37 (<crate> └─ <invalid location: defmt frame-index: 15>:0)
6893.913559 [INFO ] NMEA $GPZDA,171220.000,21,06,2026,,*52 (<crate> └─ <invalid location: defmt frame-index: 15>:0)
6893.944054 [INFO ] NMEA $GPGST,171220.000,10,21,8.3,62.0,12,19,38*73 (<crate> └─ <invalid location: defmt frame-index: 15>:0)
6894.153862 [INFO ] PPS count=6885 interval_us=1000002 interval_ns=1000002240 state=Locked missed=0 freq=ok (<crate> └─ <invalid location: defmt frame-index: 9>:0)
6894.154187 [INFO ] PPSGEN count=6886 interval_ns=1000002240 dev_ns=2240 phase_ns=198747 hwphase_ns=0 trim_ppb=10 cfg=4 p_ns=0 d_ns=2 trim_mppb=10173 lk=1 (<crate> └─ <invalid location: defmt frame-index: 18>:0)
6894.268015 [INFO ] TIME unix_ns=1782061941114145490 ppb=2253 holdover_ms=1114 locked=1 (<crate> └─ <invalid location: defmt frame-index: 10>:0)
6894.274767 [INFO ] NMEA $GPGGA,171221.000,0000.0000,N,00000.0000,E,1,5,2.16,46.5,M,39.0,M,,*67 (<crate> └─ <invalid location: defmt frame-index: 15>:0)
6894.333198 [INFO ] NMEA $GNGLL,0000.0000,N,00000.0000,E,171221.000,A,A*41 (<crate> └─ <invalid location: defmt frame-index: 15>:0)
6894.362402 [INFO ] NMEA $GNGSA,A,3,16,26,28,31,,,,,,,,,2.37,2.16,0.98*15 (<crate> └─ <invalid location: defmt frame-index: 15>:0)
6894.420865 [INFO ] NMEA $GNGSA,A,3,73,,,,,,,,,,,,2.37,2.16,0.98*1A (<crate> └─ <invalid location: defmt frame-index: 15>:0)
6894.483504 [INFO ] NMEA $GPGSV,3,1,12,194,89,317,20,27,67,244,,16,65,357,22,26,57,065,26*40 (<crate> └─ <invalid location: defmt frame-index: 15>:0)
6894.571171 [INFO ] NMEA $GPGSV,3,2,12,31,47,146,13,08,31,237,,04,31,267,,18,29,060,*76 (<crate> └─ <invalid location: defmt frame-index: 15>:0)
6894.629611 [INFO ] NMEA $GPGSV,3,3,12,195,26,168,14,28,19,144,19,09,19,300,,07,02,318,*4F (<crate> └─ <invalid location: defmt frame-index: 15>:0)
6894.688089 [INFO ] NMEA $GLGSV,2,1,07,74,58,008,,73,39,087,25,83,32,039,,85,31,179,17*67 (<crate> └─ <invalid location: defmt frame-index: 15>:0)
6894.750720 [INFO ] NMEA $GLGSV,2,2,07,75,21,313,,72,15,253,,65,14,304,*56 (<crate> └─ <invalid location: defmt frame-index: 15>:0)
6894.838386 [INFO ] NMEA $GNRMC,171221.000,A,0000.0000,N,00000.0000,E,0.88,193.72,210626,,,A*79 (<crate> └─ <invalid location: defmt frame-index: 15>:0)
6894.838744 [INFO ] SYNC pps_local_us=6885017115 unix_s=1782061941 drift_us=2 err_ns=-13 fire_ns=13 holdover_ms=1000 (<crate> └─ <invalid location: defmt frame-index: 17>:0)
6894.867655 [INFO ] NMEA $GPVTG,193.72,T,,M,0.88,N,1.62,K,A*36 (<crate> └─ <invalid location: defmt frame-index: 15>:0)
6894.896840 [INFO ] NMEA $GPZDA,171221.000,21,06,2026,,*53 (<crate> └─ <invalid location: defmt frame-index: 15>:0)
6894.941922 [INFO ] NMEA $GPGST,171221.000,10,21,8.3,61.8,12,19,38*79 (<crate> └─ <invalid location: defmt frame-index: 15>:0)
6895.153863 [INFO ] PPS count=6886 interval_us=1000002 interval_ns=1000002256 state=Locked missed=0 freq=ok (<crate> └─ <invalid location: defmt frame-index: 9>:0)
6895.154194 [INFO ] PPSGEN count=6887 interval_ns=1000002240 dev_ns=2240 phase_ns=204747 hwphase_ns=-16 trim_ppb=10 cfg=4 p_ns=-2 d_ns=-5 trim_mppb=10313 lk=1 (<crate> └─ <invalid location: defmt frame-index: 18>:0)
6895.260224 [INFO ] NMEA $GPGGA,171222.000,0000.0000,N,00000.0000,E,1,5,2.17,46.5,M,39.0,M,,*65 (<crate> └─ <invalid location: defmt frame-index: 15>:0)
6895.268173 [INFO ] TIME unix_ns=1782061942114313489 ppb=2253 holdover_ms=1114 locked=1 (<crate> └─ <invalid location: defmt frame-index: 10>:0)
6895.318692 [INFO ] NMEA $GNGLL,0000.0000,N,00000.0000,E,171222.000,A,A*42 (<crate> └─ <invalid location: defmt frame-index: 15>:0)
6895.377102 [INFO ] NMEA $GNGSA,A,3,16,26,28,31,,,,,,,,,2.37,2.17,0.98*14 (<crate> └─ <invalid location: defmt frame-index: 15>:0)
6895.406351 [INFO ] NMEA $GNGSA,A,3,73,,,,,,,,,,,,2.37,2.17,0.98*1B (<crate> └─ <invalid location: defmt frame-index: 15>:0)
6895.494011 [INFO ] NMEA $GPGSV,3,1,12,194,89,317,20,27,67,244,,16,65,357,22,26,57,065,26*40 (<crate> └─ <invalid location: defmt frame-index: 15>:0)
6895.556657 [INFO ] NMEA $GPGSV,3,2,12,31,47,146,12,08,31,237,,04,31,267,,18,29,060,*77 (<crate> └─ <invalid location: defmt frame-index: 15>:0)
6895.615093 [INFO ] NMEA $GPGSV,3,3,12,195,26,168,14,28,19,144,19,09,19,300,,07,02,318,*4F (<crate> └─ <invalid location: defmt frame-index: 15>:0)
6895.702795 [INFO ] NMEA $GLGSV,2,1,07,74,58,008,,73,39,087,25,83,32,039,,85,32,179,18*6B (<crate> └─ <invalid location: defmt frame-index: 15>:0)
6895.761226 [INFO ] NMEA $GLGSV,2,2,07,75,21,313,,72,15,253,,65,14,304,*56 (<crate> └─ <invalid location: defmt frame-index: 15>:0)
6895.823874 [INFO ] NMEA $GNRMC,171222.000,A,0000.0000,N,00000.0000,E,0.37,193.72,210626,,,A*7E (<crate> └─ <invalid location: defmt frame-index: 15>:0)
6895.824226 [INFO ] SYNC pps_local_us=6886017117 unix_s=1782061942 drift_us=2 err_ns=3 fire_ns=-3 holdover_ms=1000 (<crate> └─ <invalid location: defmt frame-index: 17>:0)
6895.853136 [INFO ] NMEA $GPVTG,193.72,T,,M,0.37,N,0.68,K,A*39 (<crate> └─ <invalid location: defmt frame-index: 15>:0)
6895.911538 [INFO ] NMEA $GPZDA,171222.000,21,06,2026,,*50 (<crate> └─ <invalid location: defmt frame-index: 15>:0)
6895.942038 [INFO ] NMEA $GPGST,171222.000,10,21,8.3,61.5,13,19,39*77 (<crate> └─ <invalid location: defmt frame-index: 15>:0)
6896.153862 [INFO ] PPS count=6887 interval_us=1000002 interval_ns=1000002240 state=Locked missed=0 freq=ok (<crate> └─ <invalid location: defmt frame-index: 9>:0)
6896.154183 [INFO ] PPSGEN count=6888 interval_ns=1000002240 dev_ns=2240 phase_ns=192747 hwphase_ns=-16 trim_ppb=10 cfg=4 p_ns=-1 d_ns=2 trim_mppb=10383 lk=1 (<crate> └─ <invalid location: defmt frame-index: 18>:0)
6896.267461 [INFO ] NMEA $GPGGA,171223.000,0000.0000,N,00000.0000,E,1,5,2.17,46.5,M,39.0,M,,*64 (<crate> └─ <invalid location: defmt frame-index: 15>:0)
6896.268341 [INFO ] TIME unix_ns=1782061943114463490 ppb=2253 holdover_ms=1114 locked=1 (<crate> └─ <invalid location: defmt frame-index: 10>:0)
6896.332176 [INFO ] NMEA $GNGLL,0000.0000,N,00000.0000,E,171223.000,A,A*43 (<crate> └─ <invalid location: defmt frame-index: 15>:0)
6896.361382 [INFO ] NMEA $GNGSA,A,3,16,26,28,31,,,,,,,,,2.37,2.17,0.98*14 (<crate> └─ <invalid location: defmt frame-index: 15>:0)
6896.419841 [INFO ] NMEA $GNGSA,A,3,73,,,,,,,,,,,,2.37,2.17,0.98*1B (<crate> └─ <invalid location: defmt frame-index: 15>:0)
6896.478284 [INFO ] NMEA $GPGSV,3,1,12,194,89,317,20,27,67,244,,16,65,357,22,26,57,065,26*40 (<crate> └─ <invalid location: defmt frame-index: 15>:0)
6896.570201 [INFO ] NMEA $GPGSV,3,2,12,31,47,146,15,08,31,237,,04,31,267,,18,29,060,*70 (<crate> └─ <invalid location: defmt frame-index: 15>:0)
6896.628640 [INFO ] NMEA $GPGSV,3,3,12,195,26,168,14,28,19,144,19,09,19,300,,07,02,318,*4F (<crate> └─ <invalid location: defmt frame-index: 15>:0)
6896.687119 [INFO ] NMEA $GLGSV,2,1,07,74,58,008,,73,39,087,25,83,32,039,,85,32,179,18*6B (<crate> └─ <invalid location: defmt frame-index: 15>:0)
6896.745553 [INFO ] NMEA $GLGSV,2,2,07,75,21,313,,72,15,253,,65,14,304,*56 (<crate> └─ <invalid location: defmt frame-index: 15>:0)
6896.837420 [INFO ] NMEA $GNRMC,171223.000,A,0000.0000,N,00000.0000,E,0.77,44.99,210626,,,A*45 (<crate> └─ <invalid location: defmt frame-index: 15>:0)
6896.837773 [INFO ] SYNC pps_local_us=6887017119 unix_s=1782061943 drift_us=2 err_ns=-13 fire_ns=13 holdover_ms=999 (<crate> └─ <invalid location: defmt frame-index: 17>:0)
6896.866691 [INFO ] NMEA $GPVTG,44.99,T,,M,0.77,N,1.42,K,A*0A (<crate> └─ <invalid location: defmt frame-index: 15>:0)
6896.895867 [INFO ] NMEA $GPZDA,171223.000,21,06,2026,,*51 (<crate> └─ <invalid location: defmt frame-index: 15>:0)
6896.939914 [INFO ] NMEA $GPGST,171223.000,9.9,22,8.4,61.3,13,19,39*5B (<crate> └─ <invalid location: defmt frame-index: 15>:0)
6897.153871 [INFO ] PPS count=6888 interval_us=1000002 interval_ns=1000002256 state=Locked missed=0 freq=ok (<crate> └─ <invalid location: defmt frame-index: 9>:0)
6897.154188 [INFO ] PPSGEN count=6889 interval_ns=1000002240 dev_ns=2240 phase_ns=202747 hwphase_ns=-32 trim_ppb=10 cfg=4 p_ns=-4 d_ns=-6 trim_mppb=10640 lk=1 (<crate> └─ <invalid location: defmt frame-index: 18>:0)
6897.268501 [INFO ] TIME unix_ns=1782061944114634489 ppb=2253 holdover_ms=1114 locked=1 (<crate> └─ <invalid location: defmt frame-index: 10>:0)
6897.275538 [INFO ] NMEA $GPGGA,171224.000,0000.0000,N,00000.0000,E,1,4,2.38,46.5,M,39.0,M,,*6F (<crate> └─ <invalid location: defmt frame-index: 15>:0)
6897.333926 [INFO ] NMEA $GNGLL,0000.0000,N,00000.0000,E,171224.000,A,A*44 (<crate> └─ <invalid location: defmt frame-index: 15>:0)
6897.385082 [INFO ] NMEA $GNGSA,A,3,16,26,28,,,,,,,,,,2.58,2.38,1.00*12 (<crate> └─ <invalid location: defmt frame-index: 15>:0)
6897.414330 [INFO ] NMEA $GNGSA,A,3,73,,,,,,,,,,,,2.58,2.38,1.00*1F (<crate> └─ <invalid location: defmt frame-index: 15>:0)
6897.501982 [INFO ] NMEA $GPGSV,3,1,12,194,89,317,20,27,67,244,,16,65,357,22,26,57,065,26*40 (<crate> └─ <invalid location: defmt frame-index: 15>:0)
6897.560465 [INFO ] NMEA $GPGSV,3,2,12,31,47,146,15,08,31,237,,04,31,267,,18,29,060,*70 (<crate> └─ <invalid location: defmt frame-index: 15>:0)
6897.623101 [INFO ] NMEA $GPGSV,3,3,12,195,26,168,14,28,19,144,19,09,19,300,,07,02,318,*4F (<crate> └─ <invalid location: defmt frame-index: 15>:0)
6897.710763 [INFO ] NMEA $GLGSV,2,1,07,74,58,008,,73,39,087,24,83,32,039,,85,32,179,17*65 (<crate> └─ <invalid location: defmt frame-index: 15>:0)
6897.769199 [INFO ] NMEA $GLGSV,2,2,07,75,21,313,,72,15,253,,65,14,304,*56 (<crate> └─ <invalid location: defmt frame-index: 15>:0)
6897.827686 [INFO ] NMEA $GNRMC,171224.000,A,0000.0000,N,00000.0000,E,0.80,44.29,210626,,,A*41 (<crate> └─ <invalid location: defmt frame-index: 15>:0)
6897.828042 [INFO ] SYNC pps_local_us=6888017122 unix_s=1782061944 drift_us=2 err_ns=3 fire_ns=-3 holdover_ms=1000 (<crate> └─ <invalid location: defmt frame-index: 17>:0)
6897.856943 [INFO ] NMEA $GPVTG,44.29,T,,M,0.80,N,1.48,K,A*03 (<crate> └─ <invalid location: defmt frame-index: 15>:0)
6897.919510 [INFO ] NMEA $GPZDA,171224.000,21,06,2026,,*56 (<crate> └─ <invalid location: defmt frame-index: 15>:0)
6897.945840 [INFO ] NMEA $GPGST,171224.000,9.8,22,8.4,61.1,13,19,40*51 (<crate> └─ <invalid location: defmt frame-index: 15>:0)
6898.153879 [INFO ] PPS count=6889 interval_us=1000002 interval_ns=1000002256 state=Locked missed=0 freq=ok (<crate> └─ <invalid location: defmt frame-index: 9>:0)
6898.154209 [INFO ] PPSGEN count=6890 interval_ns=1000002240 dev_ns=2240 phase_ns=212747 hwphase_ns=-48 trim_ppb=10 cfg=4 p_ns=-4 d_ns=-1 trim_mppb=10936 lk=1 (<crate> └─ <invalid location: defmt frame-index: 18>:0)
6898.268662 [INFO ] TIME unix_ns=1782061945114782489 ppb=2253 holdover_ms=1114 locked=1 (<crate> └─ <invalid location: defmt frame-index: 10>:0)
6898.269716 [INFO ] NMEA $GPGGA,171225.000,0000.0000,N,00000.0000,E,1,4,2.38,46.5,M,39.0,M,,*6E (<crate> └─ <invalid location: defmt frame-index: 15>:0)
6898.328107 [INFO ] NMEA $GNGLL,0000.0000,N,00000.0000,E,171225.000,A,A*45 (<crate> └─ <invalid location: defmt frame-index: 15>:0)
6898.386572 [INFO ] NMEA $GNGSA,A,3,16,26,28,,,,,,,,,,2.58,2.38,1.00*12 (<crate> └─ <invalid location: defmt frame-index: 15>:0)
6898.426228 [INFO ] NMEA $GNGSA,A,3,73,,,,,,,,,,,,2.58,2.38,1.00*1F (<crate> └─ <invalid location: defmt frame-index: 15>:0)
6898.484705 [INFO ] NMEA $GPGSV,3,1,12,194,89,317,20,27,67,244,,16,65,357,22,26,57,065,26*40 (<crate> └─ <invalid location: defmt frame-index: 15>:0)
6898.572369 [INFO ] NMEA $GPGSV,3,2,12,31,47,146,16,08,31,237,,04,31,267,,18,29,060,*73 (<crate> └─ <invalid location: defmt frame-index: 15>:0)
6898.630808 [INFO ] NMEA $GPGSV,3,3,12,195,26,168,14,28,19,144,20,09,19,300,,07,02,318,*45 (<crate> └─ <invalid location: defmt frame-index: 15>:0)
6898.693444 [INFO ] NMEA $GLGSV,2,1,07,74,58,008,,73,39,087,24,83,32,039,,85,32,179,18*6A (<crate> └─ <invalid location: defmt frame-index: 15>:0)
6898.751917 [INFO ] NMEA $GLGSV,2,2,07,75,21,313,,72,15,253,,65,14,304,*56 (<crate> └─ <invalid location: defmt frame-index: 15>:0)
6898.810361 [INFO ] NMEA $GNRMC,171225.000,A,0000.0000,N,00000.0000,E,0.33,44.29,210626,,,A*48 (<crate> └─ <invalid location: defmt frame-index: 15>:0)
6898.810711 [INFO ] SYNC pps_local_us=6889017124 unix_s=1782061945 drift_us=2 err_ns=3 fire_ns=-3 holdover_ms=1000 (<crate> └─ <invalid location: defmt frame-index: 17>:0)
6898.868832 [INFO ] NMEA $GPVTG,44.29,T,,M,0.33,N,0.61,K,A*01 (<crate> └─ <invalid location: defmt frame-index: 15>:0)
6898.898030 [INFO ] NMEA $GPZDA,171225.000,21,06,2026,,*57 (<crate> └─ <invalid location: defmt frame-index: 15>:0)
6898.939993 [INFO ] NMEA $GPGST,171225.000,9.8,22,7.6,60.9,13,20,37*5E (<crate> └─ <invalid location: defmt frame-index: 15>:0)
6899.153879 [INFO ] PPS count=6890 interval_us=1000002 interval_ns=1000002240 state=Locked missed=0 freq=ok (<crate> └─ <invalid location: defmt frame-index: 9>:0)
6899.154202 [INFO ] PPSGEN count=6891 interval_ns=1000002256 dev_ns=2256 phase_ns=209747 hwphase_ns=-32 trim_ppb=11 cfg=4 p_ns=-3 d_ns=2 trim_mppb=11146 lk=1 (<crate> └─ <invalid location: defmt frame-index: 18>:0)
6899.268627 [INFO ] NMEA $GPGGA,171226.000,0000.0000,N,00000.0000,E,1,5,2.17,46.5,M,39.0,M,,*61 (<crate> └─ <invalid location: defmt frame-index: 15>:0)
6899.268870 [INFO ] TIME unix_ns=1782061946114983489 ppb=2253 holdover_ms=1114 locked=1 (<crate> └─ <invalid location: defmt frame-index: 10>:0)
6899.327052 [INFO ] NMEA $GNGLL,0000.0000,N,00000.0000,E,171226.000,A,A*46 (<crate> └─ <invalid location: defmt frame-index: 15>:0)
6899.385515 [INFO ] NMEA $GNGSA,A,3,16,26,28,31,,,,,,,,,2.38,2.17,0.98*1B (<crate> └─ <invalid location: defmt frame-index: 15>:0)
6899.414719 [INFO ] NMEA $GNGSA,A,3,73,,,,,,,,,,,,2.38,2.17,0.98*14 (<crate> └─ <invalid location: defmt frame-index: 15>:0)
6899.501379 [INFO ] NMEA $GPGSV,3,1,12,194,89,317,20,27,67,244,,16,65,357,22,26,57,065,26*40 (<crate> └─ <invalid location: defmt frame-index: 15>:0)
6899.559822 [INFO ] NMEA $GPGSV,3,2,12,31,47,146,17,08,31,237,,04,31,267,,18,29,060,*72 (<crate> └─ <invalid location: defmt frame-index: 15>:0)
6899.618292 [INFO ] NMEA $GPGSV,3,3,12,195,26,168,15,28,19,144,20,09,19,300,,07,02,318,*44 (<crate> └─ <invalid location: defmt frame-index: 15>:0)
6899.710116 [INFO ] NMEA $GLGSV,2,1,07,74,58,008,,73,39,087,24,83,32,039,,85,32,179,18*6A (<crate> └─ <invalid location: defmt frame-index: 15>:0)
6899.739373 [INFO ] NMEA $GLGSV,2,2,07,75,21,313,,72,15,253,,65,14,304,*56 (<crate> └─ <invalid location: defmt frame-index: 15>:0)
6899.827034 [INFO ] NMEA $GNRMC,171226.000,A,0000.0000,N,00000.0000,E,1.90,219.47,210626,,,A*71 (<crate> └─ <invalid location: defmt frame-index: 15>:0)
6899.827390 [INFO ] SYNC pps_local_us=6890017126 unix_s=1782061946 drift_us=2 err_ns=-12 fire_ns=12 holdover_ms=1000 (<crate> └─ <invalid location: defmt frame-index: 17>:0)
6899.856296 [INFO ] NMEA $GPVTG,219.47,T,,M,1.90,N,3.52,K,A*38 (<crate> └─ <invalid location: defmt frame-index: 15>:0)
6899.914701 [INFO ] NMEA $GPZDA,171226.000,21,06,2026,,*54 (<crate> └─ <invalid location: defmt frame-index: 15>:0)
6899.943110 [INFO ] NMEA $GPGST,171226.000,9.7,23,6.0,58.1,13,20,40*57 (<crate> └─ <invalid location: defmt frame-index: 15>:0)
6900.153874 [INFO ] PPS count=6891 interval_us=1000002 interval_ns=1000002256 state=Locked missed=0 freq=ok (<crate> └─ <invalid location: defmt frame-index: 9>:0)
6900.154192 [INFO ] PPSGEN count=6892 interval_ns=1000002240 dev_ns=2240 phase_ns=192747 hwphase_ns=-48 trim_ppb=11 cfg=4 p_ns=-5 d_ns=-5 trim_mppb=11513 lk=1 (<crate> └─ <invalid location: defmt frame-index: 18>:0)
6900.269040 [INFO ] TIME unix_ns=1782061947115149488 ppb=2253 holdover_ms=1115 locked=1 (<crate> └─ <invalid location: defmt frame-index: 10>:0)
6900.287987 [INFO ] NMEA $GPGGA,171227.000,0000.0000,N,00000.0000,E,1,5,2.17,46.5,M,39.0,M,,*60 (<crate> └─ <invalid location: defmt frame-index: 15>:0)
6900.346417 [INFO ] NMEA $GNGLL,0000.0000,N,00000.0000,E,171227.000,A,A*47 (<crate> └─ <invalid location: defmt frame-index: 15>:0)
6900.375622 [INFO ] NMEA $GNGSA,A,3,16,26,28,31,,,,,,,,,2.37,2.17,0.98*14 (<crate> └─ <invalid location: defmt frame-index: 15>:0)
6900.434091 [INFO ] NMEA $GNGSA,A,3,73,,,,,,,,,,,,2.37,2.17,0.98*1B (<crate> └─ <invalid location: defmt frame-index: 15>:0)
6900.496733 [INFO ] NMEA $GPGSV,3,1,12,194,89,317,20,27,67,244,,16,65,357,22,26,57,065,26*40 (<crate> └─ <invalid location: defmt frame-index: 15>:0)
6900.584393 [INFO ] NMEA $GPGSV,3,2,12,31,47,146,13,08,31,237,,04,31,267,,18,29,060,*76 (<crate> └─ <invalid location: defmt frame-index: 15>:0)
6900.642832 [INFO ] NMEA $GPGSV,3,3,12,195,26,168,15,28,19,144,20,09,19,300,,07,02,318,*44 (<crate> └─ <invalid location: defmt frame-index: 15>:0)
6900.701312 [INFO ] NMEA $GLGSV,2,1,07,74,58,008,,73,39,087,24,83,32,039,,85,32,179,18*6A (<crate> └─ <invalid location: defmt frame-index: 15>:0)
6900.763943 [INFO ] NMEA $GLGSV,2,2,07,75,21,313,,72,15,253,,65,14,304,*56 (<crate> └─ <invalid location: defmt frame-index: 15>:0)
6900.851613 [INFO ] NMEA $GNRMC,171227.000,A,0000.0000,N,00000.0000,E,1.30,186.17,210626,,,A*7A (<crate> └─ <invalid location: defmt frame-index: 15>:0)
6900.851976 [INFO ] SYNC pps_local_us=6891017128 unix_s=1782061947 drift_us=2 err_ns=4 fire_ns=-4 holdover_ms=999 (<crate> └─ <invalid location: defmt frame-index: 17>:0)
6900.880878 [INFO ] NMEA $GPVTG,186.17,T,,M,1.30,N,2.42,K,A*32 (<crate> └─ <invalid location: defmt frame-index: 15>:0)
6900.910060 [INFO ] NMEA $GPZDA,171227.000,21,06,2026,,*55 (<crate> └─ <invalid location: defmt frame-index: 15>:0)
6900.954106 [INFO ] NMEA $GPGST,171227.000,9.6,23,6.1,57.9,13,20,40*51 (<crate> └─ <invalid location: defmt frame-index: 15>:0)
6901.153877 [INFO ] PPS count=6892 interval_us=1000002 interval_ns=1000002272 state=Locked missed=0 freq=ok (<crate> └─ <invalid location: defmt frame-index: 9>:0)
6901.154186 [INFO ] PPSGEN count=6893 interval_ns=1000002240 dev_ns=2240 phase_ns=197747 hwphase_ns=-80 trim_ppb=12 cfg=4 p_ns=-8 d_ns=-5 trim_mppb=12059 lk=1 (<crate> └─ <invalid location: defmt frame-index: 18>:0)
6901.269216 [INFO ] TIME unix_ns=1782061948115327487 ppb=2253 holdover_ms=1115 locked=1 (<crate> └─ <invalid location: defmt frame-index: 10>:0)
6901.270160 [INFO ] NMEA $GPGGA,171228.000,0000.0000,N,00000.0000,E,1,5,2.17,46.5,M,39.0,M,,*6F (<crate> └─ <invalid location: defmt frame-index: 15>:0)
6901.328587 [INFO ] NMEA $GNGLL,0000.0000,N,00000.0000,E,171228.000,A,A*48 (<crate> └─ <invalid location: defmt frame-index: 15>:0)
6901.387023 [INFO ] NMEA $GNGSA,A,3,16,26,28,31,,,,,,,,,2.38,2.17,0.98*1B (<crate> └─ <invalid location: defmt frame-index: 15>:0)
6901.416260 [INFO ] NMEA $GNGSA,A,3,73,,,,,,,,,,,,2.38,2.17,0.98*14 (<crate> └─ <invalid location: defmt frame-index: 15>:0)
6901.503925 [INFO ] NMEA $GPGSV,3,1,12,194,89,317,20,27,67,244,,16,65,357,22,26,57,065,26*40 (<crate> └─ <invalid location: defmt frame-index: 15>:0)
6901.566644 [INFO ] NMEA $GPGSV,3,2,12,31,47,146,14,08,31,237,,04,31,267,,18,29,060,*71 (<crate> └─ <invalid location: defmt frame-index: 15>:0)
6901.625125 [INFO ] NMEA $GPGSV,3,3,12,195,26,168,15,28,19,144,20,09,19,300,,07,02,318,*44 (<crate> └─ <invalid location: defmt frame-index: 15>:0)
6901.712783 [INFO ] NMEA $GLGSV,2,1,07,74,58,008,,73,39,087,24,83,32,039,,85,32,179,18*6A (<crate> └─ <invalid location: defmt frame-index: 15>:0)
6901.771220 [INFO ] NMEA $GLGSV,2,2,07,75,21,313,,72,15,253,,65,14,304,*56 (<crate> └─ <invalid location: defmt frame-index: 15>:0)
6901.833860 [INFO ] NMEA $GNRMC,171228.000,A,0000.0000,N,00000.0000,E,1.58,227.57,210626,,,A*77 (<crate> └─ <invalid location: defmt frame-index: 15>:0)
6901.834219 [INFO ] SYNC pps_local_us=6892017131 unix_s=1782061948 drift_us=2 err_ns=19 fire_ns=-19 holdover_ms=1000 (<crate> └─ <invalid location: defmt frame-index: 17>:0)
6901.863122 [INFO ] NMEA $GPVTG,227.57,T,,M,1.58,N,2.93,K,A*3C (<crate> └─ <invalid location: defmt frame-index: 15>:0)
6901.921525 [INFO ] NMEA $GPZDA,171228.000,21,06,2026,,*5A (<crate> └─ <invalid location: defmt frame-index: 15>:0)
6901.952025 [INFO ] NMEA $GPGST,171228.000,9.5,23,6.2,57.9,13,20,40*5E (<crate> └─ <invalid location: defmt frame-index: 15>:0)
6902.153883 [INFO ] PPS count=6893 interval_us=1000002 interval_ns=1000002240 state=Locked missed=0 freq=ok (<crate> └─ <invalid location: defmt frame-index: 9>:0)
6902.154213 [INFO ] PPSGEN count=6894 interval_ns=1000002240 dev_ns=2240 phase_ns=203747 hwphase_ns=-80 trim_ppb=12 cfg=4 p_ns=-8 d_ns=0 trim_mppb=12582 lk=1 (<crate> └─ <invalid location: defmt frame-index: 18>:0)
6902.269378 [INFO ] TIME unix_ns=1782061949115486487 ppb=2253 holdover_ms=1115 locked=1 (<crate> └─ <invalid location: defmt frame-index: 10>:0)
6902.269572 [INFO ] NMEA $GPGGA,171229.000,0000.0000,N,00000.0000,E,1,5,2.17,46.5,M,39.0,M,,*6E (<crate> └─ <invalid location: defmt frame-index: 15>:0)
6902.334247 [INFO ] NMEA $GNGLL,0000.0000,N,00000.0000,E,171229.000,A,A*49 (<crate> └─ <invalid location: defmt frame-index: 15>:0)
6902.363458 [INFO ] NMEA $GNGSA,A,3,16,26,28,31,,,,,,,,,2.38,2.17,0.98*1B (<crate> └─ <invalid location: defmt frame-index: 15>:0)
6902.421923 [INFO ] NMEA $GNGSA,A,3,73,,,,,,,,,,,,2.38,2.17,0.98*14 (<crate> └─ <invalid location: defmt frame-index: 15>:0)
6902.480360 [INFO ] NMEA $GPGSV,3,1,12,194,89,317,20,27,67,244,,16,65,357,22,26,57,065,26*40 (<crate> └─ <invalid location: defmt frame-index: 15>:0)
6902.572227 [INFO ] NMEA $GPGSV,3,2,12,31,47,146,16,08,31,237,,04,31,267,,18,29,060,*73 (<crate> └─ <invalid location: defmt frame-index: 15>:0)
6902.630666 [INFO ] NMEA $GPGSV,3,3,12,195,26,168,15,28,19,144,20,09,19,300,,07,02,318,*44 (<crate> └─ <invalid location: defmt frame-index: 15>:0)
6902.689145 [INFO ] NMEA $GLGSV,2,1,07,74,58,008,,73,39,087,24,83,32,039,,85,32,179,18*6A (<crate> └─ <invalid location: defmt frame-index: 15>:0)
6902.747573 [INFO ] NMEA $GLGSV,2,2,07,75,21,313,,72,15,253,,65,14,304,*56 (<crate> └─ <invalid location: defmt frame-index: 15>:0)
6902.839446 [INFO ] NMEA $GNRMC,171229.000,A,0000.0000,N,00000.0000,E,1.01,253.24,210626,,,A*7D (<crate> └─ <invalid location: defmt frame-index: 15>:0)
6902.839803 [INFO ] SYNC pps_local_us=6893017133 unix_s=1782061949 drift_us=2 err_ns=-13 fire_ns=13 holdover_ms=999 (<crate> └─ <invalid location: defmt frame-index: 17>:0)
6902.868713 [INFO ] NMEA $GPVTG,253.24,T,,M,1.01,N,1.87,K,A*31 (<crate> └─ <invalid location: defmt frame-index: 15>:0)
6902.897891 [INFO ] NMEA $GPZDA,171229.000,21,06,2026,,*5B (<crate> └─ <invalid location: defmt frame-index: 15>:0)
6902.944023 [INFO ] NMEA $GPGST,171229.000,9.5,23,6.0,57.8,13,20,40*5C (<crate> └─ <invalid location: defmt frame-index: 15>:0)
6903.153879 [INFO ] PPS count=6894 interval_us=1000002 interval_ns=1000002256 state=Locked missed=0 freq=ok (<crate> └─ <invalid location: defmt frame-index: 9>:0)
6903.154201 [INFO ] PPSGEN count=6895 interval_ns=1000002256 dev_ns=2256 phase_ns=193747 hwphase_ns=-80 trim_ppb=13 cfg=4 p_ns=-9 d_ns=-1 trim_mppb=13144 lk=1 (<crate> └─ <invalid location: defmt frame-index: 18>:0)
6903.269537 [INFO ] TIME unix_ns=1782061950115651487 ppb=2253 holdover_ms=1115 locked=1 (<crate> └─ <invalid location: defmt frame-index: 10>:0)
6903.270650 [INFO ] NMEA $GPGGA,171230.000,0000.0000,N,00000.0000,E,1,5,2.17,46.5,M,39.0,M,,*66 (<crate> └─ <invalid location: defmt frame-index: 15>:0)
6903.329042 [INFO ] NMEA $GNGLL,0000.0000,N,00000.0000,E,171230.000,A,A*41 (<crate> └─ <invalid location: defmt frame-index: 15>:0)
6903.378102 [INFO ] NMEA $GNGSA,A,3,16,26,28,31,,,,,,,,,2.38,2.17,0.98*1B (<crate> └─ <invalid location: defmt frame-index: 15>:0)
6903.436574 [INFO ] NMEA $GNGSA,A,3,73,,,,,,,,,,,,2.38,2.17,0.98*14 (<crate> └─ <invalid location: defmt frame-index: 15>:0)
6903.495007 [INFO ] NMEA $GPGSV,3,1,12,194,89,317,20,27,67,244,,16,65,357,22,26,57,065,26*40 (<crate> └─ <invalid location: defmt frame-index: 15>:0)
6903.553492 [INFO ] NMEA $GPGSV,3,2,12,31,47,146,14,08,31,237,,04,31,267,,18,29,060,*71 (<crate> └─ <invalid location: defmt frame-index: 15>:0)
6903.645311 [INFO ] NMEA $GPGSV,3,3,12,195,26,168,15,28,19,144,20,09,19,300,,07,02,318,*44 (<crate> └─ <invalid location: defmt frame-index: 15>:0)
6903.703800 [INFO ] NMEA $GLGSV,2,1,07,74,58,008,,73,39,087,24,83,32,039,,85,32,179,18*6A (<crate> └─ <invalid location: defmt frame-index: 15>:0)
6903.762238 [INFO ] NMEA $GLGSV,2,2,07,75,21,313,,72,15,253,,65,14,304,*56 (<crate> └─ <invalid location: defmt frame-index: 15>:0)
6903.820719 [INFO ] NMEA $GNRMC,171230.000,A,0000.0000,N,00000.0000,E,0.61,244.78,210626,,,A*7D (<crate> └─ <invalid location: defmt frame-index: 15>:0)
6903.821069 [INFO ] SYNC pps_local_us=6894017135 unix_s=1782061950 drift_us=2 err_ns=3 fire_ns=-3 holdover_ms=1000 (<crate> └─ <invalid location: defmt frame-index: 17>:0)
6903.883304 [INFO ] NMEA $GPVTG,244.78,T,,M,0.61,N,1.14,K,A*33 (<crate> └─ <invalid location: defmt frame-index: 15>:0)
6903.912552 [INFO ] NMEA $GPZDA,171230.000,21,06,2026,,*53 (<crate> └─ <invalid location: defmt frame-index: 15>:0)
6903.941793 [INFO ] NMEA $GPGST,171230.000,9.4,23,5.8,58.1,13,20,40*58 (<crate> └─ <invalid location: defmt frame-index: 15>:0)
6904.153887 [INFO ] PPS count=6895 interval_us=1000002 interval_ns=1000002256 state=Locked missed=0 freq=ok (<crate> └─ <invalid location: defmt frame-index: 9>:0)
6904.154212 [INFO ] PPSGEN count=6896 interval_ns=1000002240 dev_ns=2240 phase_ns=208747 hwphase_ns=-96 trim_ppb=13 cfg=4 p_ns=-10 d_ns=-3 trim_mppb=13815 lk=1 (<crate> └─ <invalid location: defmt frame-index: 18>:0)
6904.269706 [INFO ] TIME unix_ns=1782061951115817486 ppb=2253 holdover_ms=1115 locked=1 (<crate> └─ <invalid location: defmt frame-index: 10>:0)
6904.310496 [INFO ] NMEA $GPGGA,171231.000,0000.0000,N,00000.0000,E,1,5,2.17,46.5,M,39.0,M,,*67 (<crate> └─ <invalid location: defmt frame-index: 15>:0)
6904.368905 [INFO ] NMEA $GNGLL,0000.0000,N,00000.0000,E,171231.000,A,A*40 (<crate> └─ <invalid location: defmt frame-index: 15>:0)
6904.427372 [INFO ] NMEA $GNGSA,A,3,16,26,28,31,,,,,,,,,2.37,2.17,0.97*1B (<crate> └─ <invalid location: defmt frame-index: 15>:0)
6904.460782 [INFO ] NMEA $GNGSA,A,3,73,,,,,,,,,,,,2.37,2.17,0.97*14 (<crate> └─ <invalid location: defmt frame-index: 15>:0)
6904.548443 [INFO ] NMEA $GPGSV,3,1,12,194,89,317,21,27,67,244,,16,65,357,22,26,57,065,26*41 (<crate> └─ <invalid location: defmt frame-index: 15>:0)
6904.606881 [INFO ] NMEA $GPGSV,3,2,12,31,47,146,16,08,31,237,,04,31,267,,18,29,060,*73 (<crate> └─ <invalid location: defmt frame-index: 15>:0)
6904.665363 [INFO ] NMEA $GPGSV,3,3,12,195,26,168,14,28,19,144,20,09,19,300,,07,02,318,*45 (<crate> └─ <invalid location: defmt frame-index: 15>:0)
6904.728007 [INFO ] NMEA $GLGSV,2,1,07,74,58,008,,73,39,087,24,83,32,039,,85,32,179,18*6A (<crate> └─ <invalid location: defmt frame-index: 15>:0)
6904.786478 [INFO ] NMEA $GLGSV,2,2,07,75,21,313,,72,15,253,,65,14,304,*56 (<crate> └─ <invalid location: defmt frame-index: 15>:0)
6904.874142 [INFO ] NMEA $GNRMC,171231.000,A,0000.0000,N,00000.0000,E,0.41,244.78,210626,,,A*7E (<crate> └─ <invalid location: defmt frame-index: 15>:0)
6904.874501 [INFO ] SYNC pps_local_us=6895017137 unix_s=1782061951 drift_us=2 err_ns=3 fire_ns=-3 holdover_ms=1000 (<crate> └─ <invalid location: defmt frame-index: 17>:0)
6904.903406 [INFO ] NMEA $GPVTG,244.78,T,,M,0.41,N,0.75,K,A*37 (<crate> └─ <invalid location: defmt frame-index: 15>:0)
6904.932633 [INFO ] NMEA $GPZDA,171231.000,21,06,2026,,*52 (<crate> └─ <invalid location: defmt frame-index: 15>:0)
6904.985008 [INFO ] NMEA $GPGST,171231.000,9.3,22,6.4,59.5,13,19,38*50 (<crate> └─ <invalid location: defmt frame-index: 15>:0)
6905.153887 [INFO ] PPS count=6896 interval_us=1000002 interval_ns=1000002256 state=Locked missed=0 freq=ok (<crate> └─ <invalid location: defmt frame-index: 9>:0)
6905.154208 [INFO ] PPSGEN count=6897 interval_ns=1000002256 dev_ns=2256 phase_ns=197747 hwphase_ns=-96 trim_ppb=14 cfg=4 p_ns=-10 d_ns=0 trim_mppb=14463 lk=1 (<crate> └─ <invalid location: defmt frame-index: 18>:0)
6905.269869 [INFO ] TIME unix_ns=1782061952115970486 ppb=2253 holdover_ms=1115 locked=1 (<crate> └─ <invalid location: defmt frame-index: 10>:0)
6905.308560 [INFO ] NMEA $GPGGA,171232.000,0000.0000,N,00000.0000,E,1,5,2.17,46.5,M,39.0,M,,*64 (<crate> └─ <invalid location: defmt frame-index: 15>:0)
6905.366966 [INFO ] NMEA $GNGLL,0000.0000,N,00000.0000,E,171232.000,A,A*43 (<crate> └─ <invalid location: defmt frame-index: 15>:0)
6905.425440 [INFO ] NMEA $GNGSA,A,3,16,26,28,31,,,,,,,,,2.37,2.17,0.97*1B (<crate> └─ <invalid location: defmt frame-index: 15>:0)
6905.472436 [INFO ] NMEA $GNGSA,A,3,73,,,,,,,,,,,,2.37,2.17,0.97*14 (<crate> └─ <invalid location: defmt frame-index: 15>:0)
6905.530869 [INFO ] NMEA $GPGSV,3,1,12,194,89,317,21,27,67,244,,16,65,357,22,26,57,065,27*40 (<crate> └─ <invalid location: defmt frame-index: 15>:0)
6905.589359 [INFO ] NMEA $GPGSV,3,2,12,31,47,146,14,08,31,237,,04,31,267,,18,29,060,*71 (<crate> └─ <invalid location: defmt frame-index: 15>:0)
6905.677013 [INFO ] NMEA $GPGSV,3,3,12,195,26,168,14,28,19,144,20,09,19,300,,07,02,318,*45 (<crate> └─ <invalid location: defmt frame-index: 15>:0)
6905.739653 [INFO ] NMEA $GLGSV,2,1,07,74,58,008,,73,39,087,24,83,32,039,,85,32,179,18*6A (<crate> └─ <invalid location: defmt frame-index: 15>:0)
6905.798088 [INFO ] NMEA $GLGSV,2,2,07,75,21,313,,72,15,253,,65,14,304,*56 (<crate> └─ <invalid location: defmt frame-index: 15>:0)
6905.856574 [INFO ] NMEA $GNRMC,171232.000,A,0000.0000,N,00000.0000,E,1.25,225.86,210626,,,A*78 (<crate> └─ <invalid location: defmt frame-index: 15>:0)
6905.856923 [INFO ] SYNC pps_local_us=6896017140 unix_s=1782061952 drift_us=2 err_ns=3 fire_ns=-3 holdover_ms=999 (<crate> └─ <invalid location: defmt frame-index: 17>:0)
6905.914996 [INFO ] NMEA $GPVTG,225.86,T,,M,1.25,N,2.31,K,A*30 (<crate> └─ <invalid location: defmt frame-index: 15>:0)
6905.944240 [INFO ] NMEA $GPZDA,171232.000,21,06,2026,,*51 (<crate> └─ <invalid location: defmt frame-index: 15>:0)
6905.983050 [INFO ] NMEA $GPGST,171232.000,9.3,22,6.5,59.7,12,19,38*51 (<crate> └─ <invalid location: defmt frame-index: 15>:0)
6906.153890 [INFO ] PPS count=6897 interval_us=1000002 interval_ns=1000002256 state=Locked missed=0 freq=ok (<crate> └─ <invalid location: defmt frame-index: 9>:0)
6906.154217 [INFO ] PPSGEN count=6898 interval_ns=1000002256 dev_ns=2256 phase_ns=200747 hwphase_ns=-96 trim_ppb=15 cfg=4 p_ns=-10 d_ns=0 trim_mppb=15134 lk=1 (<crate> └─ <invalid location: defmt frame-index: 18>:0)
6906.270016 [INFO ] TIME unix_ns=1782061953116131485 ppb=2253 holdover_ms=1116 locked=1 (<crate> └─ <invalid location: defmt frame-index: 10>:0)
6906.396696 [INFO ] NMEA $GPGGA,171233.000,0000.0000,N,00000.0000,E,1,6,1.98,46.5,M,39.0,M,,*62 (<crate> └─ <invalid location: defmt frame-index: 15>:0)
6906.455111 [INFO ] NMEA $GNGLL,0000.0000,N,00000.0000,E,171233.000,A,A*42 (<crate> └─ <invalid location: defmt frame-index: 15>:0)
6906.513580 [INFO ] NMEA $GNGSA,A,3,16,26,28,31,,,,,,,,,2.20,1.98,0.94*1A (<crate> └─ <invalid location: defmt frame-index: 15>:0)
6906.542789 [INFO ] NMEA $GNGSA,A,3,73,83,,,,,,,,,,,2.20,1.98,0.94*1E (<crate> └─ <invalid location: defmt frame-index: 15>:0)
6906.632567 [INFO ] NMEA $GPGSV,3,1,12,194,89,317,21,27,67,244,,16,65,357,22,26,57,065,27*40 (<crate> └─ <invalid location: defmt frame-index: 15>:0)
6906.691011 [INFO ] NMEA $GPGSV,3,2,12,31,47,146,15,08,31,237,,04,31,267,,18,29,060,*70 (<crate> └─ <invalid location: defmt frame-index: 15>:0)
6906.749489 [INFO ] NMEA $GPGSV,3,3,12,195,26,168,14,28,19,144,21,09,19,300,,07,02,318,*44 (<crate> └─ <invalid location: defmt frame-index: 15>:0)
6906.837149 [INFO ] NMEA $GLGSV,2,1,07,74,58,008,,73,39,087,24,83,32,039,17,85,32,179,18*6C (<crate> └─ <invalid location: defmt frame-index: 15>:0)
6906.870559 [INFO ] NMEA $GLGSV,2,2,07,75,21,313,,72,15,253,,65,14,304,*56 (<crate> └─ <invalid location: defmt frame-index: 15>:0)
6906.958226 [INFO ] NMEA $GNRMC,171233.000,A,0000.0000,N,00000.0000,E,0.62,219.87,210626,,,A*75 (<crate> └─ <invalid location: defmt frame-index: 15>:0)
6906.958568 [INFO ] SYNC pps_local_us=6897017142 unix_s=1782061953 drift_us=2 err_ns=3 fire_ns=-3 holdover_ms=1000 (<crate> └─ <invalid location: defmt frame-index: 17>:0)
6906.987485 [INFO ] NMEA $GPVTG,219.87,T,,M,0.62,N,1.14,K,A*38 (<crate> └─ <invalid location: defmt frame-index: 15>:0)
6907.045933 [INFO ] NMEA $GPZDA,171233.000,21,06,2026,,*50 (<crate> └─ <invalid location: defmt frame-index: 15>:0)
6907.075313 [INFO ] NMEA $GPGST,171233.000,9.2,22,6.4,59.9,12,19,38*5E (<crate> └─ <invalid location: defmt frame-index: 15>:0)
6907.153892 [INFO ] PPS count=6898 interval_us=1000002 interval_ns=1000002256 state=Locked missed=0 freq=ok (<crate> └─ <invalid location: defmt frame-index: 9>:0)
6907.154222 [INFO ] PPSGEN count=6899 interval_ns=1000002256 dev_ns=2256 phase_ns=199747 hwphase_ns=-96 trim_ppb=15 cfg=4 p_ns=-10 d_ns=0 trim_mppb=15805 lk=1 (<crate> └─ <invalid location: defmt frame-index: 18>:0)
6907.270167 [INFO ] TIME unix_ns=1782061954116278485 ppb=2253 holdover_ms=1116 locked=1 (<crate> └─ <invalid location: defmt frame-index: 10>:0)
6907.415773 [INFO ] NMEA $GPGGA,171234.000,0000.0000,N,00000.0000,E,1,6,1.98,46.5,M,39.0,M,,*65 (<crate> └─ <invalid location: defmt frame-index: 15>:0)
6907.474217 [INFO ] NMEA $GNGLL,0000.0000,N,00000.0000,E,171234.000,A,A*45 (<crate> └─ <invalid location: defmt frame-index: 15>:0)
6907.503429 [INFO ] NMEA $GNGSA,A,3,16,26,28,31,,,,,,,,,2.20,1.98,0.94*1A (<crate> └─ <invalid location: defmt frame-index: 15>:0)
6907.561894 [INFO ] NMEA $GNGSA,A,3,73,83,,,,,,,,,,,2.20,1.98,0.94*1E (<crate> └─ <invalid location: defmt frame-index: 15>:0)
6907.620334 [INFO ] NMEA $GPGSV,3,1,12,194,89,317,21,27,67,244,,16,65,357,23,26,57,065,27*41 (<crate> └─ <invalid location: defmt frame-index: 15>:0)
6907.712201 [INFO ] NMEA $GPGSV,3,2,12,31,47,146,16,08,31,237,,04,31,267,,18,29,060,*73 (<crate> └─ <invalid location: defmt frame-index: 15>:0)
6907.770638 [INFO ] NMEA $GPGSV,3,3,12,195,26,168,,28,19,144,21,09,19,300,,07,02,318,*41 (<crate> └─ <invalid location: defmt frame-index: 15>:0)
6907.829120 [INFO ] NMEA $GLGSV,2,1,07,74,58,008,,73,39,087,24,83,32,039,15,85,32,179,18*6E (<crate> └─ <invalid location: defmt frame-index: 15>:0)
6907.887545 [INFO ] NMEA $GLGSV,2,2,07,75,21,313,,72,15,253,,65,14,304,*56 (<crate> └─ <invalid location: defmt frame-index: 15>:0)
6907.979420 [INFO ] NMEA $GNRMC,171234.000,A,0000.0000,N,00000.0000,E,0.60,267.14,210626,,,A*73 (<crate> └─ <invalid location: defmt frame-index: 15>:0)
6907.979774 [INFO ] SYNC pps_local_us=6898017144 unix_s=1782061954 drift_us=2 err_ns=3 fire_ns=-3 holdover_ms=1000 (<crate> └─ <invalid location: defmt frame-index: 17>:0)
6908.008680 [INFO ] NMEA $GPVTG,267.14,T,,M,0.60,N,1.11,K,A*3C (<crate> └─ <invalid location: defmt frame-index: 15>:0)
6908.037864 [INFO ] NMEA $GPZDA,171234.000,21,06,2026,,*57 (<crate> └─ <invalid location: defmt frame-index: 15>:0)
6908.084965 [INFO ] NMEA $GPGST,171234.000,9.1,20,7.7,63.7,11,18,35*52 (<crate> └─ <invalid location: defmt frame-index: 15>:0)
6908.153889 [INFO ] PPS count=6899 interval_us=1000002 interval_ns=1000002240 state=Locked missed=0 freq=ok (<crate> └─ <invalid location: defmt frame-index: 9>:0)
6908.154212 [INFO ] PPSGEN count=6900 interval_ns=1000002240 dev_ns=2240 phase_ns=194747 hwphase_ns=-96 trim_ppb=16 cfg=4 p_ns=-10 d_ns=0 trim_mppb=16476 lk=1 (<crate> └─ <invalid location: defmt frame-index: 18>:0)
6908.270321 [INFO ] TIME unix_ns=1782061955116424485 ppb=2253 holdover_ms=1116 locked=1 (<crate> └─ <invalid location: defmt frame-index: 10>:0)
6908.422575 [INFO ] NMEA $GPGGA,171235.000,0000.0000,N,00000.0000,E,1,6,1.98,46.5,M,39.0,M,,*64 (<crate> └─ <invalid location: defmt frame-index: 15>:0)
6908.470583 [INFO ] NMEA $GNGLL,0000.0000,N,00000.0000,E,171235.000,A,A*44 (<crate> └─ <invalid location: defmt frame-index: 15>:0)
6908.529013 [INFO ] NMEA $GNGSA,A,3,16,26,28,31,,,,,,,,,2.20,1.98,0.94*1A (<crate> └─ <invalid location: defmt frame-index: 15>:0)
6908.587484 [INFO ] NMEA $GNGSA,A,3,73,83,,,,,,,,,,,2.20,1.98,0.94*1E (<crate> └─ <invalid location: defmt frame-index: 15>:0)
6908.645923 [INFO ] NMEA $GPGSV,3,1,12,194,89,317,21,27,67,244,,16,65,357,23,26,57,065,27*41 (<crate> └─ <invalid location: defmt frame-index: 15>:0)
6908.708563 [INFO ] NMEA $GPGSV,3,2,12,31,47,146,16,08,31,237,,04,31,267,,18,29,060,*73 (<crate> └─ <invalid location: defmt frame-index: 15>:0)
6908.796224 [INFO ] NMEA $GPGSV,3,3,12,195,26,168,,28,19,144,21,09,19,300,,07,02,318,*41 (<crate> └─ <invalid location: defmt frame-index: 15>:0)
6908.854708 [INFO ] NMEA $GLGSV,2,1,07,74,58,008,,73,39,087,24,83,32,039,16,85,32,179,17*62 (<crate> └─ <invalid location: defmt frame-index: 15>:0)
6908.913135 [INFO ] NMEA $GLGSV,2,2,07,75,21,313,,72,15,253,,65,14,304,*56 (<crate> └─ <invalid location: defmt frame-index: 15>:0)
6908.975781 [INFO ] NMEA $GNRMC,171235.000,A,0000.0000,N,00000.0000,E,0.66,327.74,210626,,,A*77 (<crate> └─ <invalid location: defmt frame-index: 15>:0)
6908.976128 [INFO ] SYNC pps_local_us=6899017146 unix_s=1782061955 drift_us=2 err_ns=-13 fire_ns=13 holdover_ms=999 (<crate> └─ <invalid location: defmt frame-index: 17>:0)
6909.034209 [INFO ] NMEA $GPVTG,327.74,T,,M,0.66,N,1.22,K,A*39 (<crate> └─ <invalid location: defmt frame-index: 15>:0)
6909.063420 [INFO ] NMEA $GPZDA,171235.000,21,06,2026,,*56 (<crate> └─ <invalid location: defmt frame-index: 15>:0)
6909.099024 [INFO ] NMEA $GPGST,171235.000,9.1,20,7.7,63.8,11,18,35*5C (<crate> └─ <invalid location: defmt frame-index: 15>:0)
6909.153891 [INFO ] PPS count=6900 interval_us=1000002 interval_ns=1000002272 state=Locked missed=0 freq=ok (<crate> └─ <invalid location: defmt frame-index: 9>:0)
6909.154221 [INFO ] PPSGEN count=6901 interval_ns=1000002256 dev_ns=2256 phase_ns=205746 hwphase_ns=-112 trim_ppb=17 cfg=4 p_ns=-12 d_ns=-4 trim_mppb=17272 lk=1 (<crate> └─ <invalid location: defmt frame-index: 18>:0)
6909.270467 [INFO ] TIME unix_ns=1782061956116580484 ppb=2254 holdover_ms=1116 locked=1 (<crate> └─ <invalid location: defmt frame-index: 10>:0)
6909.436578 [INFO ] NMEA $GPGGA,171236.000,0000.0000,N,00000.0000,E,1,6,1.98,46.5,M,39.0,M,,*67 (<crate> └─ <invalid location: defmt frame-index: 15>:0)
6909.496040 [INFO ] NMEA $GNGLL,0000.0000,N,00000.0000,E,171236.000,A,A*47 (<crate> └─ <invalid location: defmt frame-index: 15>:0)
6909.554503 [INFO ] NMEA $GNGSA,A,3,16,26,28,31,,,,,,,,,2.20,1.98,0.94*1A (<crate> └─ <invalid location: defmt frame-index: 15>:0)
6909.583755 [INFO ] NMEA $GNGSA,A,3,73,83,,,,,,,,,,,2.20,1.98,0.94*1E (<crate> └─ <invalid location: defmt frame-index: 15>:0)
6909.671409 [INFO ] NMEA $GPGSV,3,1,12,194,89,317,21,27,67,244,,16,65,357,23,26,57,065,27*41 (<crate> └─ <invalid location: defmt frame-index: 15>:0)
6909.729855 [INFO ] NMEA $GPGSV,3,2,12,31,47,146,16,08,31,237,,04,31,267,,18,29,060,*73 (<crate> └─ <invalid location: defmt frame-index: 15>:0)
6909.792489 [INFO ] NMEA $GPGSV,3,3,12,195,26,168,,28,19,144,21,09,19,300,,07,02,318,*41 (<crate> └─ <invalid location: defmt frame-index: 15>:0)
6909.880155 [INFO ] NMEA $GLGSV,2,1,07,74,58,008,,73,39,087,24,83,32,039,16,85,32,179,18*6D (<crate> └─ <invalid location: defmt frame-index: 15>:0)
6909.909411 [INFO ] NMEA $GLGSV,2,2,07,75,21,313,,72,15,253,,65,14,304,*56 (<crate> └─ <invalid location: defmt frame-index: 15>:0)
6909.997067 [INFO ] NMEA $GNRMC,171236.000,A,0000.0000,N,00000.0000,E,0.60,327.74,210626,,,A*72 (<crate> └─ <invalid location: defmt frame-index: 15>:0)
6909.997421 [INFO ] SYNC pps_local_us=6900017149 unix_s=1782061956 drift_us=2 err_ns=19 fire_ns=-19 holdover_ms=1000 (<crate> └─ <invalid location: defmt frame-index: 17>:0)
6910.030472 [INFO ] NMEA $GPVTG,327.74,T,,M,0.60,N,1.11,K,A*3F (<crate> └─ <invalid location: defmt frame-index: 15>:0)
6910.059683 [INFO ] NMEA $GPZDA,171236.000,21,06,2026,,*55 (<crate> └─ <invalid location: defmt frame-index: 15>:0)
6910.113000 [INFO ] NMEA $GPGST,171236.000,9.0,20,7.8,65.2,11,18,35*5D (<crate> └─ <invalid location: defmt frame-index: 15>:0)
6910.153897 [INFO ] PPS count=6901 interval_us=1000002 interval_ns=1000002240 state=Locked missed=0 freq=ok (<crate> └─ <invalid location: defmt frame-index: 9>:0)
6910.154220 [INFO ] PPSGEN count=6902 interval_ns=1000002256 dev_ns=2256 phase_ns=197747 hwphase_ns=-96 trim_ppb=17 cfg=4 p_ns=-10 d_ns=5 trim_mppb=17897 lk=1 (<crate> └─ <invalid location: defmt frame-index: 18>:0)
6910.270604 [INFO ] TIME unix_ns=1782061957116723484 ppb=2253 holdover_ms=1116 locked=1 (<crate> └─ <invalid location: defmt frame-index: 10>:0)
6910.465465 [INFO ] NMEA $GPGGA,171237.000,0000.0000,N,00000.0000,E,1,7,1.80,46.5,M,39.0,M,,*6E (<crate> └─ <invalid location: defmt frame-index: 15>:0)
6910.523875 [INFO ] NMEA $GNGLL,0000.0000,N,00000.0000,E,171237.000,A,A*46 (<crate> └─ <invalid location: defmt frame-index: 15>:0)
6910.565659 [INFO ] NMEA $GNGSA,A,3,18,16,26,28,31,,,,,,,,2.03,1.80,0.94*1B (<crate> └─ <invalid location: defmt frame-index: 15>:0)
6910.624081 [INFO ] NMEA $GNGSA,A,3,73,83,,,,,,,,,,,2.03,1.80,0.94*16 (<crate> └─ <invalid location: defmt frame-index: 15>:0)
6910.682564 [INFO ] NMEA $GPGSV,3,1,12,194,89,317,21,27,67,244,,16,65,357,23,26,57,065,26*40 (<crate> └─ <invalid location: defmt frame-index: 15>:0)
6910.770231 [INFO ] NMEA $GPGSV,3,2,12,31,47,146,16,08,31,237,,04,31,267,,18,29,060,15*77 (<crate> └─ <invalid location: defmt frame-index: 15>:0)
6910.832869 [INFO ] NMEA $GPGSV,3,3,12,195,26,168,,28,19,144,21,09,19,300,,07,02,318,*41 (<crate> └─ <invalid location: defmt frame-index: 15>:0)
6910.891307 [INFO ] NMEA $GLGSV,2,1,07,74,58,008,,73,39,087,24,83,32,039,17,85,32,179,18*6C (<crate> └─ <invalid location: defmt frame-index: 15>:0)
6910.949780 [INFO ] NMEA $GLGSV,2,2,07,75,21,313,,72,15,253,,65,14,304,*56 (<crate> └─ <invalid location: defmt frame-index: 15>:0)
6911.037447 [INFO ] NMEA $GNRMC,171237.000,A,0000.0000,N,00000.0000,E,0.78,9.20,210626,,,A*74 (<crate> └─ <invalid location: defmt frame-index: 15>:0)
6911.037798 [INFO ] SYNC pps_local_us=6901017151 unix_s=1782061957 drift_us=2 err_ns=-13 fire_ns=13 holdover_ms=999 (<crate> └─ <invalid location: defmt frame-index: 17>:0)
6911.066643 [INFO ] NMEA $GPVTG,9.20,T,,M,0.78,N,1.45,K,A*39 (<crate> └─ <invalid location: defmt frame-index: 15>:0)
6911.099956 [INFO ] NMEA $GPZDA,171237.000,21,06,2026,,*54 (<crate> └─ <invalid location: defmt frame-index: 15>:0)
6911.141820 [INFO ] NMEA $GPGST,171237.000,9.0,19,8.2,67.2,11,18,34*50 (<crate> └─ <invalid location: defmt frame-index: 15>:0)
6911.153906 [INFO ] PPS count=6902 interval_us=1000002 interval_ns=1000002240 state=Locked missed=0 freq=ok (<crate> └─ <invalid location: defmt frame-index: 9>:0)
6911.154230 [INFO ] PPSGEN count=6903 interval_ns=1000002256 dev_ns=2256 phase_ns=207747 hwphase_ns=-80 trim_ppb=18 cfg=4 p_ns=-9 d_ns=1 trim_mppb=18482 lk=1 (<crate> └─ <invalid location: defmt frame-index: 18>:0)
6911.270752 [INFO ] TIME unix_ns=1782061958116859484 ppb=2253 holdover_ms=1116 locked=1 (<crate> └─ <invalid location: defmt frame-index: 10>:0)
6911.445558 [INFO ] NMEA $GPGGA,171238.000,0000.0000,N,00000.0000,E,1,7,1.80,46.5,M,39.0,M,,*61 (<crate> └─ <invalid location: defmt frame-index: 15>:0)
6911.503970 [INFO ] NMEA $GNGLL,0000.0000,N,00000.0000,E,171238.000,A,A*49 (<crate> └─ <invalid location: defmt frame-index: 15>:0)
6911.562451 [INFO ] NMEA $GNGSA,A,3,18,16,26,28,31,,,,,,,,2.03,1.80,0.94*1B (<crate> └─ <invalid location: defmt frame-index: 15>:0)
6911.615668 [INFO ] NMEA $GNGSA,A,3,73,83,,,,,,,,,,,2.03,1.80,0.94*16 (<crate> └─ <invalid location: defmt frame-index: 15>:0)
6911.674109 [INFO ] NMEA $GPGSV,3,1,12,194,89,317,22,27,67,244,,16,65,357,23,26,57,065,26*43 (<crate> └─ <invalid location: defmt frame-index: 15>:0)
6911.732585 [INFO ] NMEA $GPGSV,3,2,12,31,47,146,16,08,31,237,,04,31,267,,18,29,060,15*77 (<crate> └─ <invalid location: defmt frame-index: 15>:0)
6911.820248 [INFO ] NMEA $GPGSV,3,3,12,195,26,168,,28,19,144,21,09,19,300,,07,02,318,*41 (<crate> └─ <invalid location: defmt frame-index: 15>:0)
6911.882891 [INFO ] NMEA $GLGSV,2,1,07,74,58,008,,73,39,087,23,83,32,039,17,85,32,179,18*6B (<crate> └─ <invalid location: defmt frame-index: 15>:0)
6911.941326 [INFO ] NMEA $GLGSV,2,2,07,75,21,313,,72,15,253,,65,14,304,*56 (<crate> └─ <invalid location: defmt frame-index: 15>:0)
6911.999802 [INFO ] NMEA $GNRMC,171238.000,A,0000.0000,N,00000.0000,E,0.79,104.47,210626,,,A*77 (<crate> └─ <invalid location: defmt frame-index: 15>:0)
6912.000156 [INFO ] SYNC pps_local_us=6902017153 unix_s=1782061958 drift_us=2 err_ns=-12 fire_ns=12 holdover_ms=1000 (<crate> └─ <invalid location: defmt frame-index: 17>:0)
6912.058235 [INFO ] NMEA $GPVTG,104.47,T,,M,0.79,N,1.47,K,A*37 (<crate> └─ <invalid location: defmt frame-index: 15>:0)
6912.087405 [INFO ] NMEA $GPZDA,171238.000,21,06,2026,,*5B (<crate> └─ <invalid location: defmt frame-index: 15>:0)
6912.126137 [INFO ] NMEA $GPGST,171238.000,8.9,19,8.2,69.2,10,18,33*5F (<crate> └─ <invalid location: defmt frame-index: 15>:0)
6912.153910 [INFO ] PPS count=6903 interval_us=1000002 interval_ns=1000002272 state=Locked missed=0 freq=ok (<crate> └─ <invalid location: defmt frame-index: 9>:0)
6912.154240 [INFO ] PPSGEN count=6904 interval_ns=1000002256 dev_ns=2256 phase_ns=207747 hwphase_ns=-96 trim_ppb=19 cfg=4 p_ns=-11 d_ns=-3 trim_mppb=19169 lk=1 (<crate> └─ <invalid location: defmt frame-index: 18>:0)
6912.270904 [INFO ] TIME unix_ns=1782061959117001483 ppb=2253 holdover_ms=1117 locked=1 (<crate> └─ <invalid location: defmt frame-index: 10>:0)
6912.465676 [INFO ] NMEA $GPGGA,171239.000,0000.0000,N,00000.0000,E,1,7,1.80,46.5,M,39.0,M,,*60 (<crate> └─ <invalid location: defmt frame-index: 15>:0)
6912.524081 [INFO ] NMEA $GNGLL,0000.0000,N,00000.0000,E,171239.000,A,A*48 (<crate> └─ <invalid location: defmt frame-index: 15>:0)
6912.582556 [INFO ] NMEA $GNGSA,A,3,18,16,26,28,31,,,,,,,,2.03,1.80,0.94*1B (<crate> └─ <invalid location: defmt frame-index: 15>:0)
6912.611767 [INFO ] NMEA $GNGSA,A,3,73,83,,,,,,,,,,,2.03,1.80,0.94*16 (<crate> └─ <invalid location: defmt frame-index: 15>:0)
6912.701545 [INFO ] NMEA $GPGSV,3,1,12,194,89,317,21,27,67,244,,16,65,357,23,26,57,065,26*40 (<crate> └─ <invalid location: defmt frame-index: 15>:0)
6912.759990 [INFO ] NMEA $GPGSV,3,2,12,31,47,146,15,08,31,237,,04,31,267,,18,29,060,15*74 (<crate> └─ <invalid location: defmt frame-index: 15>:0)
6912.818466 [INFO ] NMEA $GPGSV,3,3,12,195,26,168,,28,19,144,21,09,19,300,,07,02,318,*41 (<crate> └─ <invalid location: defmt frame-index: 15>:0)
6912.910287 [INFO ] NMEA $GLGSV,2,1,07,74,58,008,,73,39,087,23,83,32,039,16,85,32,179,18*6A (<crate> └─ <invalid location: defmt frame-index: 15>:0)
6912.968766 [INFO ] NMEA $GLGSV,2,2,07,75,21,313,,72,15,253,,65,14,304,*56 (<crate> └─ <invalid location: defmt frame-index: 15>:0)
6913.027201 [INFO ] NMEA $GNRMC,171239.000,A,0000.0000,N,00000.0000,E,1.81,155.41,210626,,,A*72 (<crate> └─ <invalid location: defmt frame-index: 15>:0)
6913.027542 [INFO ] SYNC pps_local_us=6903017156 unix_s=1782061959 drift_us=2 err_ns=19 fire_ns=-19 holdover_ms=1000 (<crate> └─ <invalid location: defmt frame-index: 17>:0)
6913.056433 [INFO ] NMEA $GPVTG,155.41,T,,M,1.81,N,3.35,K,A*34 (<crate> └─ <invalid location: defmt frame-index: 15>:0)
6913.114739 [INFO ] NMEA $GPZDA,171239.000,21,06,2026,,*5A (<crate> └─ <invalid location: defmt frame-index: 15>:0)
6913.143914 [INFO ] NMEA $GPGST,171239.000,8.9,18,8.7,73.3,9.7,17,30*7D (<crate> └─ <invalid location: defmt frame-index: 15>:0)
6913.153906 [INFO ] PPS count=6904 interval_us=1000002 interval_ns=1000002240 state=Locked missed=0 freq=ok (<crate> └─ <invalid location: defmt frame-index: 9>:0)
6913.154215 [INFO ] PPSGEN count=6905 interval_ns=1000002256 dev_ns=2256 phase_ns=192747 hwphase_ns=-80 trim_ppb=19 cfg=4 p_ns=-8 d_ns=5 trim_mppb=19684 lk=1 (<crate> └─ <invalid location: defmt frame-index: 18>:0)
6913.271056 [INFO ] TIME unix_ns=1782061960117144484 ppb=2253 holdover_ms=1117 locked=1 (<crate> └─ <invalid location: defmt frame-index: 10>:0)
6913.431828 [INFO ] NMEA $GPGGA,171240.000,0000.0000,N,00000.0000,E,1,7,1.80,46.5,M,39.0,M,,*6E (<crate> └─ <invalid location: defmt frame-index: 15>:0)
6913.490241 [INFO ] NMEA $GNGLL,0000.0000,N,00000.0000,E,171240.000,A,A*46 (<crate> └─ <invalid location: defmt frame-index: 15>:0)
6913.548709 [INFO ] NMEA $GNGSA,A,3,18,16,26,28,31,,,,,,,,2.03,1.80,0.94*1B (<crate> └─ <invalid location: defmt frame-index: 15>:0)
6913.577958 [INFO ] NMEA $GNGSA,A,3,73,83,,,,,,,,,,,2.03,1.80,0.94*16 (<crate> └─ <invalid location: defmt frame-index: 15>:0)
6913.669792 [INFO ] NMEA $GPGSV,3,1,12,194,89,317,21,27,67,244,,16,65,357,23,26,57,065,26*40 (<crate> └─ <invalid location: defmt frame-index: 15>:0)
6913.728274 [INFO ] NMEA $GPGSV,3,2,12,31,47,146,13,08,31,237,,04,31,267,,18,29,060,15*72 (<crate> └─ <invalid location: defmt frame-index: 15>:0)
6913.786709 [INFO ] NMEA $GPGSV,3,3,12,195,26,168,,28,19,144,21,09,19,300,,07,02,318,*41 (<crate> └─ <invalid location: defmt frame-index: 15>:0)
6913.874368 [INFO ] NMEA $GLGSV,2,1,07,74,58,008,,73,39,087,23,83,32,039,16,85,32,179,18*6A (<crate> └─ <invalid location: defmt frame-index: 15>:0)
6913.907784 [INFO ] NMEA $GLGSV,2,2,07,75,21,313,,72,15,253,,65,14,304,*56 (<crate> └─ <invalid location: defmt frame-index: 15>:0)
6913.995484 [INFO ] NMEA $GNRMC,171240.000,A,0000.0000,N,00000.0000,E,1.13,112.00,210626,,,A*71 (<crate> └─ <invalid location: defmt frame-index: 15>:0)
6913.995840 [INFO ] SYNC pps_local_us=6904017158 unix_s=1782061960 drift_us=2 err_ns=-13 fire_ns=13 holdover_ms=999 (<crate> └─ <invalid location: defmt frame-index: 17>:0)
6914.024717 [INFO ] NMEA $GPVTG,112.00,T,,M,1.13,N,2.10,K,A*3F (<crate> └─ <invalid location: defmt frame-index: 15>:0)
6914.083090 [INFO ] NMEA $GPZDA,171240.000,21,06,2026,,*54 (<crate> └─ <invalid location: defmt frame-index: 15>:0)
6914.109341 [INFO ] NMEA $GPGST,171240.000,8.9,18,8.7,73.0,9.8,17,30*7F (<crate> └─ <invalid location: defmt frame-index: 15>:0)
6914.153902 [INFO ] PPS count=6905 interval_us=1000002 interval_ns=1000002240 state=Locked missed=0 freq=ok (<crate> └─ <invalid location: defmt frame-index: 9>:0)
6914.154225 [INFO ] PPSGEN count=6906 interval_ns=1000002256 dev_ns=2256 phase_ns=197747 hwphase_ns=-64 trim_ppb=20 cfg=4 p_ns=-7 d_ns=1 trim_mppb=20160 lk=1 (<crate> └─ <invalid location: defmt frame-index: 18>:0)
6914.271205 [INFO ] TIME unix_ns=1782061961117304484 ppb=2253 holdover_ms=1117 locked=1 (<crate> └─ <invalid location: defmt frame-index: 10>:0)
6914.463051 [INFO ] NMEA $GPGGA,171241.000,0000.0000,N,00000.0000,E,1,7,1.80,46.5,M,39.0,M,,*6F (<crate> └─ <invalid location: defmt frame-index: 15>:0)
6914.492286 [INFO ] NMEA $GNGLL,0000.0000,N,00000.0000,E,171241.000,A,A*47 (<crate> └─ <invalid location: defmt frame-index: 15>:0)
6914.550756 [INFO ] NMEA $GNGSA,A,3,18,16,26,28,31,,,,,,,,2.03,1.80,0.94*1B (<crate> └─ <invalid location: defmt frame-index: 15>:0)
6914.609180 [INFO ] NMEA $GNGSA,A,3,73,83,,,,,,,,,,,2.03,1.80,0.94*16 (<crate> └─ <invalid location: defmt frame-index: 15>:0)
6914.667666 [INFO ] NMEA $GPGSV,3,1,12,194,89,317,21,27,67,244,,16,65,357,23,26,57,065,26*40 (<crate> └─ <invalid location: defmt frame-index: 15>:0)
6914.759487 [INFO ] NMEA $GPGSV,3,2,12,31,47,146,13,08,31,237,,04,31,267,,18,29,060,15*72 (<crate> └─ <invalid location: defmt frame-index: 15>:0)
6914.817970 [INFO ] NMEA $GPGSV,3,3,12,195,26,168,,28,19,144,21,09,19,300,,07,02,318,*41 (<crate> └─ <invalid location: defmt frame-index: 15>:0)
6914.876406 [INFO ] NMEA $GLGSV,2,1,07,74,58,008,,73,39,087,22,83,32,039,16,85,32,179,18*6B (<crate> └─ <invalid location: defmt frame-index: 15>:0)
6914.934879 [INFO ] NMEA $GLGSV,2,2,07,75,21,313,,72,15,253,,65,14,304,*56 (<crate> └─ <invalid location: defmt frame-index: 15>:0)
6915.026705 [INFO ] NMEA $GNRMC,171241.000,A,0000.0000,N,00000.0000,E,1.11,348.06,210626,,,A*79 (<crate> └─ <invalid location: defmt frame-index: 15>:0)
6915.027052 [INFO ] SYNC pps_local_us=6905017160 unix_s=1782061961 drift_us=2 err_ns=-12 fire_ns=12 holdover_ms=1000 (<crate> └─ <invalid location: defmt frame-index: 17>:0)
6915.055936 [INFO ] NMEA $GPVTG,348.06,T,,M,1.11,N,2.05,K,A*32 (<crate> └─ <invalid location: defmt frame-index: 15>:0)
6915.085093 [INFO ] NMEA $GPZDA,171241.000,21,06,2026,,*55 (<crate> └─ <invalid location: defmt frame-index: 15>:0)
6915.134242 [INFO ] NMEA $GPGST,171241.000,8.8,18,8.7,72.5,9.8,17,30*7B (<crate> └─ <invalid location: defmt frame-index: 15>:0)
6915.153914 [INFO ] PPS count=6906 interval_us=1000002 interval_ns=1000002256 state=Locked missed=0 freq=ok (<crate> └─ <invalid location: defmt frame-index: 9>:0)
6915.154233 [INFO ] PPSGEN count=6907 interval_ns=1000002240 dev_ns=2240 phase_ns=202747 hwphase_ns=-80 trim_ppb=20 cfg=4 p_ns=-9 d_ns=-3 trim_mppb=20738 lk=1 (<crate> └─ <invalid location: defmt frame-index: 18>:0)
6915.271347 [INFO ] TIME unix_ns=1782061962117448483 ppb=2253 holdover_ms=1117 locked=1 (<crate> └─ <invalid location: defmt frame-index: 10>:0)
6915.487667 [INFO ] NMEA $GPGGA,171242.000,0000.0000,N,00000.0000,E,1,7,1.80,46.5,M,39.0,M,,*6C (<crate> └─ <invalid location: defmt frame-index: 15>:0)
6915.533543 [INFO ] NMEA $GNGLL,0000.0000,N,00000.0000,E,171242.000,A,A*44 (<crate> └─ <invalid location: defmt frame-index: 15>:0)
6915.592016 [INFO ] NMEA $GNGSA,A,3,18,16,26,28,31,,,,,,,,2.03,1.80,0.94*1B (<crate> └─ <invalid location: defmt frame-index: 15>:0)
6915.650450 [INFO ] NMEA $GNGSA,A,3,73,83,,,,,,,,,,,2.03,1.80,0.94*16 (<crate> └─ <invalid location: defmt frame-index: 15>:0)
6915.708931 [INFO ] NMEA $GPGSV,3,1,12,194,89,317,21,27,67,244,,16,65,357,23,26,57,065,26*40 (<crate> └─ <invalid location: defmt frame-index: 15>:0)
6915.771581 [INFO ] NMEA $GPGSV,3,2,12,31,47,146,14,08,31,237,,04,31,267,,18,29,060,16*76 (<crate> └─ <invalid location: defmt frame-index: 15>:0)
6915.859240 [INFO ] NMEA $GPGSV,3,3,12,195,26,168,,28,19,144,21,09,19,300,,07,02,318,*41 (<crate> └─ <invalid location: defmt frame-index: 15>:0)
6915.917681 [INFO ] NMEA $GLGSV,2,1,07,74,58,008,,73,39,087,22,83,32,039,16,85,32,179,18*6B (<crate> └─ <invalid location: defmt frame-index: 15>:0)
6915.976157 [INFO ] NMEA $GLGSV,2,2,07,75,21,313,,72,15,253,,65,14,304,*56 (<crate> └─ <invalid location: defmt frame-index: 15>:0)
6916.038798 [INFO ] NMEA $GNRMC,171242.000,A,0000.0000,N,00000.0000,E,2.04,200.46,210626,,,A*74 (<crate> └─ <invalid location: defmt frame-index: 15>:0)
6916.039150 [INFO ] SYNC pps_local_us=6906017162 unix_s=1782061962 drift_us=2 err_ns=4 fire_ns=-4 holdover_ms=1000 (<crate> └─ <invalid location: defmt frame-index: 17>:0)
6916.097124 [INFO ] NMEA $GPVTG,200.46,T,,M,2.04,N,3.78,K,A*37 (<crate> └─ <invalid location: defmt frame-index: 15>:0)
6916.126298 [INFO ] NMEA $GPZDA,171242.000,21,06,2026,,*56 (<crate> └─ <invalid location: defmt frame-index: 15>:0)
6916.153916 [INFO ] PPS count=6907 interval_us=1000002 interval_ns=1000002240 state=Locked missed=0 freq=ok (<crate> └─ <invalid location: defmt frame-index: 9>:0)
6916.154235 [INFO ] PPSGEN count=6908 interval_ns=1000002256 dev_ns=2256 phase_ns=200748 hwphase_ns=-64 trim_ppb=21 cfg=4 p_ns=-6 d_ns=5 trim_mppb=21144 lk=1 (<crate> └─ <invalid location: defmt frame-index: 18>:0)
6916.169229 [INFO ] NMEA $GPGST,171242.000,8.8,18,8.7,72.4,9.9,17,30*78 (<crate> └─ <invalid location: defmt frame-index: 15>:0)
6916.271505 [INFO ] TIME unix_ns=1782061963117587483 ppb=2252 holdover_ms=1117 locked=1 (<crate> └─ <invalid location: defmt frame-index: 10>:0)
6916.426677 [INFO ] NMEA $GPGGA,171243.000,0000.0000,N,00000.0000,E,1,6,1.90,46.5,M,39.0,M,,*6D (<crate> └─ <invalid location: defmt frame-index: 15>:0)
6916.478860 [INFO ] NMEA $GNGLL,0000.0000,N,00000.0000,E,171243.000,A,A*45 (<crate> └─ <invalid location: defmt frame-index: 15>:0)
6916.537286 [INFO ] NMEA $GNGSA,A,3,18,16,26,28,,,,,,,,,2.12,1.90,0.95*19 (<crate> └─ <invalid location: defmt frame-index: 15>:0)
6916.566537 [INFO ] NMEA $GNGSA,A,3,73,83,,,,,,,,,,,2.12,1.90,0.95*16 (<crate> └─ <invalid location: defmt frame-index: 15>:0)
6916.654191 [INFO ] NMEA $GPGSV,3,1,12,194,89,317,21,27,67,244,,16,65,357,23,26,57,065,26*40 (<crate> └─ <invalid location: defmt frame-index: 15>:0)
6916.712673 [INFO ] NMEA $GPGSV,3,2,12,31,47,146,13,08,31,237,,04,31,267,,18,29,060,16*71 (<crate> └─ <invalid location: defmt frame-index: 15>:0)
6916.775314 [INFO ] NMEA $GPGSV,3,3,12,195,26,168,,28,19,144,21,09,19,300,,07,02,318,*41 (<crate> └─ <invalid location: defmt frame-index: 15>:0)
6916.862979 [INFO ] NMEA $GLGSV,2,1,07,74,58,008,,73,39,087,21,83,32,039,16,85,32,179,18*68 (<crate> └─ <invalid location: defmt frame-index: 15>:0)
6916.921411 [INFO ] NMEA $GLGSV,2,2,07,75,21,313,,72,15,253,,65,14,304,*56 (<crate> └─ <invalid location: defmt frame-index: 15>:0)
6916.979895 [INFO ] NMEA $GNRMC,171243.000,A,0000.0000,N,00000.0000,E,0.63,203.82,210626,,,A*7D (<crate> └─ <invalid location: defmt frame-index: 15>:0)
6916.980255 [INFO ] SYNC pps_local_us=6907017164 unix_s=1782061963 drift_us=2 err_ns=-12 fire_ns=12 holdover_ms=1000 (<crate> └─ <invalid location: defmt frame-index: 17>:0)
6917.042528 [INFO ] NMEA $GPVTG,203.82,T,,M,0.63,N,1.17,K,A*34 (<crate> └─ <invalid location: defmt frame-index: 15>:0)
6917.071685 [INFO ] NMEA $GPZDA,171243.000,21,06,2026,,*57 (<crate> └─ <invalid location: defmt frame-index: 15>:0)
6917.106256 [INFO ] NMEA $GPGST,171243.000,8.8,18,8.7,72.5,9.8,17,30*79 (<crate> └─ <invalid location: defmt frame-index: 15>:0)
6917.153917 [INFO ] PPS count=6908 interval_us=1000002 interval_ns=1000002240 state=Locked missed=0 freq=ok (<crate> └─ <invalid location: defmt frame-index: 9>:0)
6917.154246 [INFO ] PPSGEN count=6909 interval_ns=1000002256 dev_ns=2256 phase_ns=208748 hwphase_ns=-48 trim_ppb=21 cfg=4 p_ns=-5 d_ns=1 trim_mppb=21511 lk=1 (<crate> └─ <invalid location: defmt frame-index: 18>:0)
6917.271651 [INFO ] TIME unix_ns=1782061964117737483 ppb=2252 holdover_ms=1117 locked=1 (<crate> └─ <invalid location: defmt frame-index: 10>:0)
6917.439615 [INFO ] NMEA $GPGGA,171244.000,0000.0000,N,00000.0000,E,1,6,1.90,46.5,M,39.0,M,,*6A (<crate> └─ <invalid location: defmt frame-index: 15>:0)
6917.498022 [INFO ] NMEA $GNGLL,0000.0000,N,00000.0000,E,171244.000,A,A*42 (<crate> └─ <invalid location: defmt frame-index: 15>:0)
6917.558578 [INFO ] NMEA $GNGSA,A,3,18,16,26,28,,,,,,,,,2.12,1.90,0.95*19 (<crate> └─ <invalid location: defmt frame-index: 15>:0)
6917.587828 [INFO ] NMEA $GNGSA,A,3,73,83,,,,,,,,,,,2.12,1.90,0.95*16 (<crate> └─ <invalid location: defmt frame-index: 15>:0)
6917.675484 [INFO ] NMEA $GPGSV,3,1,12,194,89,317,21,27,67,244,,16,65,357,23,26,57,065,26*40 (<crate> └─ <invalid location: defmt frame-index: 15>:0)
6917.733929 [INFO ] NMEA $GPGSV,3,2,12,31,47,146,12,08,31,237,,04,31,267,,18,29,060,16*70 (<crate> └─ <invalid location: defmt frame-index: 15>:0)
6917.796566 [INFO ] NMEA $GPGSV,3,3,12,195,26,168,,28,19,144,21,09,19,300,,07,02,318,*41 (<crate> └─ <invalid location: defmt frame-index: 15>:0)
6917.884227 [INFO ] NMEA $GLGSV,2,1,07,74,58,008,,73,39,087,21,83,32,039,16,85,32,179,18*68 (<crate> └─ <invalid location: defmt frame-index: 15>:0)
6917.913480 [INFO ] NMEA $GLGSV,2,2,07,75,21,313,,72,15,253,,65,14,304,*56 (<crate> └─ <invalid location: defmt frame-index: 15>:0)
6918.001137 [INFO ] NMEA $GNRMC,171244.000,A,0000.0000,N,00000.0000,E,0.15,203.82,210626,,,A*7B (<crate> └─ <invalid location: defmt frame-index: 15>:0)
6918.001493 [INFO ] SYNC pps_local_us=6908017167 unix_s=1782061964 drift_us=2 err_ns=-11 fire_ns=11 holdover_ms=1000 (<crate> └─ <invalid location: defmt frame-index: 17>:0)
6918.030406 [INFO ] NMEA $GPVTG,203.82,T,,M,0.15,N,0.27,K,A*37 (<crate> └─ <invalid location: defmt frame-index: 15>:0)
6918.092911 [INFO ] NMEA $GPZDA,171244.000,21,06,2026,,*50 (<crate> └─ <invalid location: defmt frame-index: 15>:0)
6918.119167 [INFO ] NMEA $GPGST,171244.000,8.7,18,8.7,72.6,9.8,17,30*72 (<crate> └─ <invalid location: defmt frame-index: 15>:0)
6918.153916 [INFO ] PPS count=6909 interval_us=1000002 interval_ns=1000002240 state=Locked missed=0 freq=ok (<crate> └─ <invalid location: defmt frame-index: 9>:0)
6918.154239 [INFO ] PPSGEN count=6910 interval_ns=1000002256 dev_ns=2256 phase_ns=198748 hwphase_ns=-32 trim_ppb=21 cfg=4 p_ns=-3 d_ns=4 trim_mppb=21729 lk=1 (<crate> └─ <invalid location: defmt frame-index: 18>:0)
6918.271799 [INFO ] TIME unix_ns=1782061965117884484 ppb=2252 holdover_ms=1117 locked=1 (<crate> └─ <invalid location: defmt frame-index: 10>:0)
6918.450563 [INFO ] NMEA $GPGGA,171245.000,0000.0000,N,00000.0000,E,1,6,1.90,46.5,M,39.0,M,,*6B (<crate> └─ <invalid location: defmt frame-index: 15>:0)
6918.508979 [INFO ] NMEA $GNGLL,0000.0000,N,00000.0000,E,171245.000,A,A*43 (<crate> └─ <invalid location: defmt frame-index: 15>:0)
6918.567445 [INFO ] NMEA $GNGSA,A,3,18,16,26,28,,,,,,,,,2.12,1.90,0.95*19 (<crate> └─ <invalid location: defmt frame-index: 15>:0)
6918.607104 [INFO ] NMEA $GNGSA,A,3,73,83,,,,,,,,,,,2.12,1.90,0.95*16 (<crate> └─ <invalid location: defmt frame-index: 15>:0)
6918.665582 [INFO ] NMEA $GPGSV,3,1,12,194,89,317,21,27,67,244,,16,65,357,23,26,57,065,26*40 (<crate> └─ <invalid location: defmt frame-index: 15>:0)
6918.753245 [INFO ] NMEA $GPGSV,3,2,12,31,47,146,12,08,31,237,,04,31,267,,18,29,060,16*70 (<crate> └─ <invalid location: defmt frame-index: 15>:0)
6918.811679 [INFO ] NMEA $GPGSV,3,3,12,195,26,168,,28,19,144,22,09,19,300,,07,02,318,*42 (<crate> └─ <invalid location: defmt frame-index: 15>:0)
6918.874322 [INFO ] NMEA $GLGSV,2,1,07,74,58,008,,73,39,087,21,83,32,039,15,85,32,179,18*6B (<crate> └─ <invalid location: defmt frame-index: 15>:0)
6918.932805 [INFO ] NMEA $GLGSV,2,2,07,75,21,313,,72,15,253,,65,14,304,*56 (<crate> └─ <invalid location: defmt frame-index: 15>:0)
6919.020463 [INFO ] NMEA $GNRMC,171245.000,A,0000.0000,N,00000.0000,E,1.10,281.30,210626,,,A*7D (<crate> └─ <invalid location: defmt frame-index: 15>:0)
6919.020813 [INFO ] SYNC pps_local_us=6909017169 unix_s=1782061965 drift_us=2 err_ns=-11 fire_ns=11 holdover_ms=1000 (<crate> └─ <invalid location: defmt frame-index: 17>:0)
6919.049703 [INFO ] NMEA $GPVTG,281.30,T,,M,1.10,N,2.05,K,A*32 (<crate> └─ <invalid location: defmt frame-index: 15>:0)
6919.078848 [INFO ] NMEA $GPZDA,171245.000,21,06,2026,,*51 (<crate> └─ <invalid location: defmt frame-index: 15>:0)
6919.130078 [INFO ] NMEA $GPGST,171245.000,8.7,17,8.7,72.4,9.8,17,30*7E (<crate> └─ <invalid location: defmt frame-index: 15>:0)
6919.153914 [INFO ] PPS count=6910 interval_us=1000002 interval_ns=1000002240 state=Locked missed=0 freq=ok (<crate> └─ <invalid location: defmt frame-index: 9>:0)
6919.154241 [INFO ] PPSGEN count=6911 interval_ns=1000002240 dev_ns=2240 phase_ns=197749 hwphase_ns=-32 trim_ppb=21 cfg=4 p_ns=-4 d_ns=-1 trim_mppb=21986 lk=1 (<crate> └─ <invalid location: defmt frame-index: 18>:0)
6919.271942 [INFO ] TIME unix_ns=1782061966118037484 ppb=2251 holdover_ms=1118 locked=1 (<crate> └─ <invalid location: defmt frame-index: 10>:0)
6919.456506 [INFO ] NMEA $GPGGA,171246.000,0000.0000,N,00000.0000,E,1,6,1.90,46.5,M,39.0,M,,*68 (<crate> └─ <invalid location: defmt frame-index: 15>:0)
6919.514917 [INFO ] NMEA $GNGLL,0000.0000,N,00000.0000,E,171246.000,A,A*40 (<crate> └─ <invalid location: defmt frame-index: 15>:0)
6919.573394 [INFO ] NMEA $GNGSA,A,3,18,16,26,28,,,,,,,,,2.12,1.90,0.95*19 (<crate> └─ <invalid location: defmt frame-index: 15>:0)
6919.621414 [INFO ] NMEA $GNGSA,A,3,73,83,,,,,,,,,,,2.12,1.90,0.95*16 (<crate> └─ <invalid location: defmt frame-index: 15>:0)
6919.679847 [INFO ] NMEA $GPGSV,3,1,12,194,89,317,21,27,67,244,,16,65,357,23,26,57,065,26*40 (<crate> └─ <invalid location: defmt frame-index: 15>:0)
6919.738329 [INFO ] NMEA $GPGSV,3,2,12,31,47,146,13,08,31,237,,04,31,267,,18,29,060,16*71 (<crate> └─ <invalid location: defmt frame-index: 15>:0)
6919.825988 [INFO ] NMEA $GPGSV,3,3,12,195,26,168,,28,19,144,22,09,19,300,,07,02,318,*42 (<crate> └─ <invalid location: defmt frame-index: 15>:0)
6919.888633 [INFO ] NMEA $GLGSV,2,1,07,74,58,008,,73,39,087,22,83,32,039,14,85,32,179,18*69 (<crate> └─ <invalid location: defmt frame-index: 15>:0)
6919.947061 [INFO ] NMEA $GLGSV,2,2,07,75,21,313,,72,15,253,,65,14,304,*56 (<crate> └─ <invalid location: defmt frame-index: 15>:0)
6920.005548 [INFO ] NMEA $GNRMC,171246.000,A,0000.0000,N,00000.0000,E,0.90,263.42,210626,,,A*7E (<crate> └─ <invalid location: defmt frame-index: 15>:0)
6920.005903 [INFO ] SYNC pps_local_us=6910017171 unix_s=1782061966 drift_us=2 err_ns=-11 fire_ns=11 holdover_ms=1000 (<crate> └─ <invalid location: defmt frame-index: 17>:0)
6920.063940 [INFO ] NMEA $GPVTG,263.42,T,,M,0.90,N,1.67,K,A*35 (<crate> └─ <invalid location: defmt frame-index: 15>:0)
6920.093111 [INFO ] NMEA $GPZDA,171246.000,21,06,2026,,*52 (<crate> └─ <invalid location: defmt frame-index: 15>:0)
6920.136021 [INFO ] NMEA $GPGST,171246.000,8.7,17,8.6,72.3,9.7,17,29*7C (<crate> └─ <invalid location: defmt frame-index: 15>:0)
6920.153922 [INFO ] PPS count=6911 interval_us=1000002 interval_ns=1000002240 state=Locked missed=0 freq=ok (<crate> └─ <invalid location: defmt frame-index: 9>:0)
6920.154243 [INFO ] PPSGEN count=6912 interval_ns=1000002256 dev_ns=2256 phase_ns=208749 hwphase_ns=-16 trim_ppb=22 cfg=4 p_ns=-1 d_ns=5 trim_mppb=22071 lk=1 (<crate> └─ <invalid location: defmt frame-index: 18>:0)
6920.272090 [INFO ] TIME unix_ns=1782061967118174484 ppb=2251 holdover_ms=1118 locked=1 (<crate> └─ <invalid location: defmt frame-index: 10>:0)
6920.402716 [INFO ] NMEA $GPGGA,171247.000,0000.0000,N,00000.0000,E,1,6,1.90,46.5,M,39.0,M,,*69 (<crate> └─ <invalid location: defmt frame-index: 15>:0)
6920.461121 [INFO ] NMEA $GNGLL,0000.0000,N,00000.0000,E,171247.000,A,A*41 (<crate> └─ <invalid location: defmt frame-index: 15>:0)
6920.519598 [INFO ] NMEA $GNGSA,A,3,18,16,26,28,,,,,,,,,2.12,1.90,0.95*19 (<crate> └─ <invalid location: defmt frame-index: 15>:0)
6920.548802 [INFO ] NMEA $GNGSA,A,3,73,83,,,,,,,,,,,2.12,1.90,0.95*16 (<crate> └─ <invalid location: defmt frame-index: 15>:0)
6920.634420 [INFO ] NMEA $GPGSV,3,1,12,194,89,317,21,27,67,244,,16,65,357,23,26,57,065,26*40 (<crate> └─ <invalid location: defmt frame-index: 15>:0)
6920.692856 [INFO ] NMEA $GPGSV,3,2,12,31,47,146,,08,31,237,,04,31,267,,18,29,060,16*73 (<crate> └─ <invalid location: defmt frame-index: 15>:0)
6920.751336 [INFO ] NMEA $GPGSV,3,3,12,195,26,168,,28,19,144,22,09,19,300,,07,02,318,*42 (<crate> └─ <invalid location: defmt frame-index: 15>:0)
6920.839001 [INFO ] NMEA $GLGSV,2,1,07,74,58,008,,73,39,087,22,83,32,039,15,85,32,179,18*68 (<crate> └─ <invalid location: defmt frame-index: 15>:0)
6920.901634 [INFO ] NMEA $GLGSV,2,2,07,75,21,313,,72,15,253,,65,14,304,*56 (<crate> └─ <invalid location: defmt frame-index: 15>:0)
6920.960073 [INFO ] NMEA $GNRMC,171247.000,A,0000.0000,N,00000.0000,E,0.83,241.85,210626,,,A*76 (<crate> └─ <invalid location: defmt frame-index: 15>:0)
6920.960424 [INFO ] SYNC pps_local_us=6911017173 unix_s=1782061967 drift_us=2 err_ns=-10 fire_ns=10 holdover_ms=1000 (<crate> └─ <invalid location: defmt frame-index: 17>:0)
6920.989342 [INFO ] NMEA $GPVTG,241.85,T,,M,0.83,N,1.54,K,A*3C (<crate> └─ <invalid location: defmt frame-index: 15>:0)
6921.047747 [INFO ] NMEA $GPZDA,171247.000,21,06,2026,,*53 (<crate> └─ <invalid location: defmt frame-index: 15>:0)
6921.076925 [INFO ] NMEA $GPGST,171247.000,8.6,17,8.6,72.5,9.7,17,29*7A (<crate> └─ <invalid location: defmt frame-index: 15>:0)
6921.153928 [INFO ] PPS count=6912 interval_us=1000002 interval_ns=1000002240 state=Locked missed=0 freq=ok (<crate> └─ <invalid location: defmt frame-index: 9>:0)
6921.154244 [INFO ] PPSGEN count=6913 interval_ns=1000002240 dev_ns=2240 phase_ns=199750 hwphase_ns=-16 trim_ppb=22 cfg=4 p_ns=-2 d_ns=-2 trim_mppb=22227 lk=1 (<crate> └─ <invalid location: defmt frame-index: 18>:0)
6921.272229 [INFO ] TIME unix_ns=1782061968118317484 ppb=2250 holdover_ms=1118 locked=1 (<crate> └─ <invalid location: defmt frame-index: 10>:0)
6921.413711 [INFO ] NMEA $GPGGA,171248.000,0000.0000,N,00000.0000,E,1,6,1.90,46.5,M,39.0,M,,*66 (<crate> └─ <invalid location: defmt frame-index: 15>:0)
6921.472116 [INFO ] NMEA $GNGLL,0000.0000,N,00000.0000,E,171248.000,A,A*4E (<crate> └─ <invalid location: defmt frame-index: 15>:0)
6921.501370 [INFO ] NMEA $GNGSA,A,3,18,16,26,28,,,,,,,,,2.12,1.90,0.95*19 (<crate> └─ <invalid location: defmt frame-index: 15>:0)
6921.559836 [INFO ] NMEA $GNGSA,A,3,73,83,,,,,,,,,,,2.12,1.90,0.95*16 (<crate> └─ <invalid location: defmt frame-index: 15>:0)
6921.647491 [INFO ] NMEA $GPGSV,3,1,12,194,89,317,21,27,67,244,,16,65,357,23,26,57,065,27*41 (<crate> └─ <invalid location: defmt frame-index: 15>:0)
6921.710140 [INFO ] NMEA $GPGSV,3,2,12,31,47,146,,08,31,237,,04,31,267,,18,29,060,16*73 (<crate> └─ <invalid location: defmt frame-index: 15>:0)
6921.768577 [INFO ] NMEA $GPGSV,3,3,12,195,26,168,,28,19,144,22,09,19,300,,07,02,318,*42 (<crate> └─ <invalid location: defmt frame-index: 15>:0)
6921.827060 [INFO ] NMEA $GLGSV,2,1,07,74,58,008,,73,39,087,22,83,32,039,16,85,32,179,18*6B (<crate> └─ <invalid location: defmt frame-index: 15>:0)
6921.885489 [INFO ] NMEA $GLGSV,2,2,07,75,21,313,,72,15,253,,65,14,304,*56 (<crate> └─ <invalid location: defmt frame-index: 15>:0)
6921.977352 [INFO ] NMEA $GNRMC,171248.000,A,0000.0000,N,00000.0000,E,0.36,241.85,210626,,,A*77 (<crate> └─ <invalid location: defmt frame-index: 15>:0)
6921.977701 [INFO ] SYNC pps_local_us=6912017176 unix_s=1782061968 drift_us=2 err_ns=-10 fire_ns=10 holdover_ms=1000 (<crate> └─ <invalid location: defmt frame-index: 17>:0)
6922.006583 [INFO ] NMEA $GPVTG,241.85,T,,M,0.36,N,0.67,K,A*33 (<crate> └─ <invalid location: defmt frame-index: 15>:0)
6922.035809 [INFO ] NMEA $GPZDA,171248.000,21,06,2026,,*5C (<crate> └─ <invalid location: defmt frame-index: 15>:0)
6922.087080 [INFO ] NMEA $GPGST,171248.000,8.5,17,8.5,72.5,9.6,16,29*75 (<crate> └─ <invalid location: defmt frame-index: 15>:0)
6922.153926 [INFO ] PPS count=6913 interval_us=1000002 interval_ns=1000002240 state=Locked missed=0 freq=ok (<crate> └─ <invalid location: defmt frame-index: 9>:0)
6922.154253 [INFO ] PPSGEN count=6914 interval_ns=1000002256 dev_ns=2256 phase_ns=207750 hwphase_ns=0 trim_ppb=22 cfg=4 p_ns=0 d_ns=6 trim_mppb=22196 lk=1 (<crate> └─ <invalid location: defmt frame-index: 18>:0)
6922.272371 [INFO ] TIME unix_ns=1782061969118457484 ppb=2250 holdover_ms=1118 locked=1 (<crate> └─ <invalid location: defmt frame-index: 10>:0)
6922.444116 [INFO ] NMEA $GPGGA,171249.000,0000.0000,N,00000.0000,E,1,6,1.90,46.5,M,39.0,M,,*67 (<crate> └─ <invalid location: defmt frame-index: 15>:0)
6922.473301 [INFO ] NMEA $GNGLL,0000.0000,N,00000.0000,E,171249.000,A,A*4F (<crate> └─ <invalid location: defmt frame-index: 15>:0)
6922.531771 [INFO ] NMEA $GNGSA,A,3,18,16,26,28,,,,,,,,,2.12,1.90,0.95*19 (<crate> └─ <invalid location: defmt frame-index: 15>:0)
6922.590204 [INFO ] NMEA $GNGSA,A,3,73,83,,,,,,,,,,,2.12,1.90,0.95*16 (<crate> └─ <invalid location: defmt frame-index: 15>:0)
6922.648678 [INFO ] NMEA $GPGSV,3,1,12,194,89,317,21,27,67,244,,16,65,357,23,26,57,065,27*41 (<crate> └─ <invalid location: defmt frame-index: 15>:0)
6922.711321 [INFO ] NMEA $GPGSV,3,2,12,31,47,146,,08,31,237,,04,31,267,,18,29,060,16*73 (<crate> └─ <invalid location: defmt frame-index: 15>:0)
6922.798982 [INFO ] NMEA $GPGSV,3,3,12,195,26,168,,28,19,144,22,09,19,300,,07,02,318,*42 (<crate> └─ <invalid location: defmt frame-index: 15>:0)
6922.857425 [INFO ] NMEA $GLGSV,2,1,07,74,58,008,,73,39,087,22,83,32,039,15,85,32,179,18*68 (<crate> └─ <invalid location: defmt frame-index: 15>:0)
6922.915895 [INFO ] NMEA $GLGSV,2,2,07,75,21,313,,72,15,253,,65,14,304,*56 (<crate> └─ <invalid location: defmt frame-index: 15>:0)
6922.978539 [INFO ] NMEA $GNRMC,171249.000,A,0000.0000,N,00000.0000,E,0.60,306.72,210626,,,A*7F (<crate> └─ <invalid location: defmt frame-index: 15>:0)
6922.978888 [INFO ] SYNC pps_local_us=6913017178 unix_s=1782061969 drift_us=2 err_ns=-10 fire_ns=10 holdover_ms=1000 (<crate> └─ <invalid location: defmt frame-index: 17>:0)
6923.036966 [INFO ] NMEA $GPVTG,306.72,T,,M,0.60,N,1.12,K,A*39 (<crate> └─ <invalid location: defmt frame-index: 15>:0)
6923.066177 [INFO ] NMEA $GPZDA,171249.000,21,06,2026,,*5D (<crate> └─ <invalid location: defmt frame-index: 15>:0)
6923.106989 [INFO ] NMEA $GPGST,171249.000,8.5,17,8.5,72.7,9.5,16,28*74 (<crate> └─ <invalid location: defmt frame-index: 15>:0)
6923.153935 [INFO ] PPS count=6914 interval_us=1000002 interval_ns=1000002240 state=Locked missed=0 freq=ok (<crate> └─ <invalid location: defmt frame-index: 9>:0)
6923.154251 [INFO ] PPSGEN count=6915 interval_ns=1000002240 dev_ns=2240 phase_ns=205750 hwphase_ns=0 trim_ppb=22 cfg=4 p_ns=0 d_ns=-2 trim_mppb=22242 lk=1 (<crate> └─ <invalid location: defmt frame-index: 18>:0)
6923.272525 [INFO ] TIME unix_ns=1782061970118605484 ppb=2250 holdover_ms=1118 locked=1 (<crate> └─ <invalid location: defmt frame-index: 10>:0)
6923.437685 [INFO ] NMEA $GPGGA,171250.000,0000.0000,N,00000.0000,E,1,6,1.90,46.5,M,39.0,M,,*6F (<crate> └─ <invalid location: defmt frame-index: 15>:0)
6923.491933 [INFO ] NMEA $GNGLL,0000.0000,N,00000.0000,E,171250.000,A,A*47 (<crate> └─ <invalid location: defmt frame-index: 15>:0)
6923.550367 [INFO ] NMEA $GNGSA,A,3,18,16,26,28,,,,,,,,,2.12,1.90,0.95*19 (<crate> └─ <invalid location: defmt frame-index: 15>:0)
6923.579616 [INFO ] NMEA $GNGSA,A,3,73,83,,,,,,,,,,,2.12,1.90,0.95*16 (<crate> └─ <invalid location: defmt frame-index: 15>:0)
6923.667271 [INFO ] NMEA $GPGSV,3,1,12,194,89,317,21,27,67,244,,16,65,357,23,26,57,065,27*41 (<crate> └─ <invalid location: defmt frame-index: 15>:0)
6923.725761 [INFO ] NMEA $GPGSV,3,2,12,31,47,146,,08,31,237,,04,31,267,,18,29,060,16*73 (<crate> └─ <invalid location: defmt frame-index: 15>:0)
6923.788404 [INFO ] NMEA $GPGSV,3,3,12,195,26,168,,28,19,144,22,09,19,300,,07,02,318,*42 (<crate> └─ <invalid location: defmt frame-index: 15>:0)
6923.876066 [INFO ] NMEA $GLGSV,2,1,07,74,58,008,,73,39,087,22,83,32,039,15,85,32,179,18*68 (<crate> └─ <invalid location: defmt frame-index: 15>:0)
6923.934501 [INFO ] NMEA $GLGSV,2,2,07,75,21,313,,72,15,253,,65,14,304,*56 (<crate> └─ <invalid location: defmt frame-index: 15>:0)
6923.992982 [INFO ] NMEA $GNRMC,171250.000,A,0000.0000,N,00000.0000,E,0.42,306.72,210626,,,A*77 (<crate> └─ <invalid location: defmt frame-index: 15>:0)
6923.993330 [INFO ] SYNC pps_local_us=6914017180 unix_s=1782061970 drift_us=2 err_ns=-9 fire_ns=9 holdover_ms=1000 (<crate> └─ <invalid location: defmt frame-index: 17>:0)
6924.026387 [INFO ] NMEA $GPVTG,306.72,T,,M,0.42,N,0.78,K,A*34 (<crate> └─ <invalid location: defmt frame-index: 15>:0)
6924.084743 [INFO ] NMEA $GPZDA,171250.000,21,06,2026,,*55 (<crate> └─ <invalid location: defmt frame-index: 15>:0)
6924.115174 [INFO ] NMEA $GPGST,171250.000,8.4,17,8.5,72.9,9.5,16,29*72 (<crate> └─ <invalid location: defmt frame-index: 15>:0)
6924.153932 [INFO ] PPS count=6915 interval_us=1000002 interval_ns=1000002240 state=Locked missed=0 freq=ok (<crate> └─ <invalid location: defmt frame-index: 9>:0)
6924.154245 [INFO ] PPSGEN count=6916 interval_ns=1000002256 dev_ns=2256 phase_ns=199751 hwphase_ns=16 trim_ppb=22 cfg=4 p_ns=2 d_ns=6 trim_mppb=22102 lk=1 (<crate> └─ <invalid location: defmt frame-index: 18>:0)
6924.272669 [INFO ] TIME unix_ns=1782061971118748484 ppb=2250 holdover_ms=1118 locked=1 (<crate> └─ <invalid location: defmt frame-index: 10>:0)
6924.429785 [INFO ] NMEA $GPGGA,171251.000,0000.0000,N,00000.0000,E,1,6,1.90,46.5,M,39.0,M,,*6E (<crate> └─ <invalid location: defmt frame-index: 15>:0)
6924.488192 [INFO ] NMEA $GNGLL,0000.0000,N,00000.0000,E,171251.000,A,A*46 (<crate> └─ <invalid location: defmt frame-index: 15>:0)
6924.523688 [INFO ] NMEA $GNGSA,A,3,18,16,26,28,,,,,,,,,2.12,1.90,0.95*19 (<crate> └─ <invalid location: defmt frame-index: 15>:0)
6924.582153 [INFO ] NMEA $GNGSA,A,3,73,83,,,,,,,,,,,2.12,1.90,0.95*16 (<crate> └─ <invalid location: defmt frame-index: 15>:0)
6924.669820 [INFO ] NMEA $GPGSV,3,1,12,194,89,317,21,27,67,244,,16,65,357,23,26,57,065,27*41 (<crate> └─ <invalid location: defmt frame-index: 15>:0)
6924.728302 [INFO ] NMEA $GPGSV,3,2,12,31,47,146,,08,31,237,,04,31,267,,18,29,060,16*73 (<crate> └─ <invalid location: defmt frame-index: 15>:0)
6924.790899 [INFO ] NMEA $GPGSV,3,3,12,195,26,168,,28,19,144,22,09,19,300,,07,02,318,*42 (<crate> └─ <invalid location: defmt frame-index: 15>:0)
6924.849376 [INFO ] NMEA $GLGSV,2,1,07,74,58,008,,73,39,087,21,83,32,039,13,85,32,179,18*6D (<crate> └─ <invalid location: defmt frame-index: 15>:0)
6924.907810 [INFO ] NMEA $GLGSV,2,2,07,75,21,313,,72,15,253,,65,14,304,*56 (<crate> └─ <invalid location: defmt frame-index: 15>:0)
6924.995520 [INFO ] NMEA $GNRMC,171251.000,A,0000.0000,N,00000.0000,E,0.97,271.73,210626,,,A*7E (<crate> └─ <invalid location: defmt frame-index: 15>:0)
6924.995881 [INFO ] SYNC pps_local_us=6915017182 unix_s=1782061971 drift_us=2 err_ns=-9 fire_ns=9 holdover_ms=1000 (<crate> └─ <invalid location: defmt frame-index: 17>:0)
6925.024743 [INFO ] NMEA $GPVTG,271.73,T,,M,0.97,N,1.79,K,A*3C (<crate> └─ <invalid location: defmt frame-index: 15>:0)
6925.058127 [INFO ] NMEA $GPZDA,171251.000,21,06,2026,,*54 (<crate> └─ <invalid location: defmt frame-index: 15>:0)
6925.107284 [INFO ] NMEA $GPGST,171251.000,8.3,17,8.5,72.9,9.5,16,28*75 (<crate> └─ <invalid location: defmt frame-index: 15>:0)
6925.153931 [INFO ] PPS count=6916 interval_us=1000002 interval_ns=1000002240 state=Locked missed=0 freq=ok (<crate> └─ <invalid location: defmt frame-index: 9>:0)
6925.154249 [INFO ] PPSGEN count=6917 interval_ns=1000002240 dev_ns=2240 phase_ns=196751 hwphase_ns=16 trim_ppb=22 cfg=4 p_ns=1 d_ns=-2 trim_mppb=22040 lk=1 (<crate> └─ <invalid location: defmt frame-index: 18>:0)
6925.272827 [INFO ] TIME unix_ns=1782061972118899484 ppb=2249 holdover_ms=1118 locked=1 (<crate> └─ <invalid location: defmt frame-index: 10>:0)
6925.439734 [INFO ] NMEA $GPGGA,171252.000,0000.0000,N,00000.0000,E,1,6,1.90,46.5,M,39.0,M,,*6D (<crate> └─ <invalid location: defmt frame-index: 15>:0)
6925.498152 [INFO ] NMEA $GNGLL,0000.0000,N,00000.0000,E,171252.000,A,A*45 (<crate> └─ <invalid location: defmt frame-index: 15>:0)
6925.556626 [INFO ] NMEA $GNGSA,A,3,18,16,26,28,,,,,,,,,2.12,1.90,0.95*19 (<crate> └─ <invalid location: defmt frame-index: 15>:0)
6925.602519 [INFO ] NMEA $GNGSA,A,3,73,83,,,,,,,,,,,2.12,1.90,0.95*16 (<crate> └─ <invalid location: defmt frame-index: 15>:0)
6925.661002 [INFO ] NMEA $GPGSV,3,1,12,194,89,317,21,27,67,244,,16,65,357,23,26,57,065,27*41 (<crate> └─ <invalid location: defmt frame-index: 15>:0)
6925.719438 [INFO ] NMEA $GPGSV,3,2,12,31,47,146,,08,31,237,,04,31,267,,18,29,060,16*73 (<crate> └─ <invalid location: defmt frame-index: 15>:0)
6925.807139 [INFO ] NMEA $GPGSV,3,3,12,195,26,168,,28,19,144,22,09,19,300,,07,02,318,*42 (<crate> └─ <invalid location: defmt frame-index: 15>:0)
6925.869745 [INFO ] NMEA $GLGSV,2,1,07,74,58,008,,73,39,087,21,83,32,039,11,85,32,179,18*6F (<crate> └─ <invalid location: defmt frame-index: 15>:0)
6925.928215 [INFO ] NMEA $GLGSV,2,2,07,75,21,313,,72,15,253,,65,14,304,*56 (<crate> └─ <invalid location: defmt frame-index: 15>:0)
6925.986655 [INFO ] NMEA $GNRMC,171252.000,A,0000.0000,N,00000.0000,E,1.90,247.00,210626,,,A*7A (<crate> └─ <invalid location: defmt frame-index: 15>:0)
6925.987010 [INFO ] SYNC pps_local_us=6916017185 unix_s=1782061972 drift_us=2 err_ns=-9 fire_ns=9 holdover_ms=1000 (<crate> └─ <invalid location: defmt frame-index: 17>:0)
6926.045123 [INFO ] NMEA $GPVTG,247.00,T,,M,1.90,N,3.51,K,A*33 (<crate> └─ <invalid location: defmt frame-index: 15>:0)
6926.074296 [INFO ] NMEA $GPZDA,171252.000,21,06,2026,,*57 (<crate> └─ <invalid location: defmt frame-index: 15>:0)
6926.117195 [INFO ] NMEA $GPGST,171252.000,8.3,17,8.5,73.1,9.4,16,28*7E (<crate> └─ <invalid location: defmt frame-index: 15>:0)
6926.153933 [INFO ] PPS count=6917 interval_us=1000002 interval_ns=1000002240 state=Locked missed=0 freq=ok (<crate> └─ <invalid location: defmt frame-index: 9>:0)
6926.154250 [INFO ] PPSGEN count=6918 interval_ns=1000002240 dev_ns=2240 phase_ns=199751 hwphase_ns=16 trim_ppb=21 cfg=4 p_ns=2 d_ns=2 trim_mppb=21908 lk=1 (<crate> └─ <invalid location: defmt frame-index: 18>:0)
6926.272972 [INFO ] TIME unix_ns=1782061973119049484 ppb=2249 holdover_ms=1119 locked=1 (<crate> └─ <invalid location: defmt frame-index: 10>:0)
6926.450701 [INFO ] NMEA $GPGGA,171253.000,0000.0000,N,00000.0000,E,1,6,1.90,46.5,M,39.0,M,,*6C (<crate> └─ <invalid location: defmt frame-index: 15>:0)
6926.509110 [INFO ] NMEA $GNGLL,0000.0000,N,00000.0000,E,171253.000,A,A*44 (<crate> └─ <invalid location: defmt frame-index: 15>:0)
6926.567584 [INFO ] NMEA $GNGSA,A,3,18,16,26,28,,,,,,,,,2.12,1.90,0.95*19 (<crate> └─ <invalid location: defmt frame-index: 15>:0)
6926.596791 [INFO ] NMEA $GNGSA,A,3,73,83,,,,,,,,,,,2.12,1.90,0.95*16 (<crate> └─ <invalid location: defmt frame-index: 15>:0)
6926.682408 [INFO ] NMEA $GPGSV,3,1,12,194,89,317,21,27,67,244,,16,65,357,23,26,57,065,27*41 (<crate> └─ <invalid location: defmt frame-index: 15>:0)
6926.740843 [INFO ] NMEA $GPGSV,3,2,12,31,47,146,,08,31,237,,04,31,267,,18,29,060,16*73 (<crate> └─ <invalid location: defmt frame-index: 15>:0)
6926.799422 [INFO ] NMEA $GPGSV,3,3,12,195,26,168,,28,19,144,22,09,19,300,,07,02,318,*42 (<crate> └─ <invalid location: defmt frame-index: 15>:0)
6926.891246 [INFO ] NMEA $GLGSV,2,1,07,74,58,008,,73,39,087,21,83,32,039,11,85,32,179,17*60 (<crate> └─ <invalid location: defmt frame-index: 15>:0)
6926.949721 [INFO ] NMEA $GLGSV,2,2,07,75,21,313,,72,15,253,,65,14,304,*56 (<crate> └─ <invalid location: defmt frame-index: 15>:0)
6927.008163 [INFO ] NMEA $GNRMC,171253.000,A,0000.0000,N,00000.0000,E,1.41,199.77,210626,,,A*77 (<crate> └─ <invalid location: defmt frame-index: 15>:0)
6927.008511 [INFO ] SYNC pps_local_us=6917017187 unix_s=1782061973 drift_us=2 err_ns=-8 fire_ns=8 holdover_ms=1000 (<crate> └─ <invalid location: defmt frame-index: 17>:0)
6927.037428 [INFO ] NMEA $GPVTG,199.77,T,,M,1.41,N,2.61,K,A*3D (<crate> └─ <invalid location: defmt frame-index: 15>:0)
6927.095726 [INFO ] NMEA $GPZDA,171253.000,21,06,2026,,*56 (<crate> └─ <invalid location: defmt frame-index: 15>:0)
6927.124901 [INFO ] NMEA $GPGST,171253.000,8.2,17,8.5,73.1,9.4,16,28*7E (<crate> └─ <invalid location: defmt frame-index: 15>:0)
6927.153935 [INFO ] PPS count=6918 interval_us=1000002 interval_ns=1000002240 state=Locked missed=0 freq=ok (<crate> └─ <invalid location: defmt frame-index: 9>:0)
6927.154265 [INFO ] PPSGEN count=6919 interval_ns=1000002256 dev_ns=2256 phase_ns=201751 hwphase_ns=32 trim_ppb=21 cfg=4 p_ns=3 d_ns=2 trim_mppb=21690 lk=1 (<crate> └─ <invalid location: defmt frame-index: 18>:0)
6927.273127 [INFO ] TIME unix_ns=1782061974119196484 ppb=2249 holdover_ms=1119 locked=1 (<crate> └─ <invalid location: defmt frame-index: 10>:0)
6927.381889 [INFO ] NMEA $GPGGA,171254.000,0000.0000,N,00000.0000,E,1,5,1.98,46.5,M,39.0,M,,*60 (<crate> └─ <invalid location: defmt frame-index: 15>:0)
6927.440302 [INFO ] NMEA $GNGLL,0000.0000,N,00000.0000,E,171254.000,A,A*43 (<crate> └─ <invalid location: defmt frame-index: 15>:0)
6927.469554 [INFO ] NMEA $GNGSA,A,3,18,16,26,28,,,,,,,,,2.20,1.98,0.97*12 (<crate> └─ <invalid location: defmt frame-index: 15>:0)
6927.528021 [INFO ] NMEA $GNGSA,A,3,73,,,,,,,,,,,,2.20,1.98,0.97*16 (<crate> └─ <invalid location: defmt frame-index: 15>:0)
6927.590697 [INFO ] NMEA $GPGSV,3,1,12,194,89,317,21,27,67,244,,16,65,357,23,26,57,065,27*41 (<crate> └─ <invalid location: defmt frame-index: 15>:0)
6927.678401 [INFO ] NMEA $GPGSV,3,2,12,31,47,146,,08,31,237,,04,31,267,,18,29,060,16*73 (<crate> └─ <invalid location: defmt frame-index: 15>:0)
6927.736847 [INFO ] NMEA $GPGSV,3,3,12,195,26,168,,28,19,144,22,09,19,300,,07,02,318,*42 (<crate> └─ <invalid location: defmt frame-index: 15>:0)
6927.795319 [INFO ] NMEA $GLGSV,2,1,07,74,58,008,,73,39,087,21,83,32,039,,85,32,179,17*60 (<crate> └─ <invalid location: defmt frame-index: 15>:0)
6927.857918 [INFO ] NMEA $GLGSV,2,2,07,75,21,313,,72,15,253,,65,14,304,*56 (<crate> └─ <invalid location: defmt frame-index: 15>:0)
6927.945621 [INFO ] NMEA $GNRMC,171254.000,A,0000.0000,N,00000.0000,E,1.39,149.51,210626,,,A*76 (<crate> └─ <invalid location: defmt frame-index: 15>:0)
6927.945962 [INFO ] SYNC pps_local_us=6918017189 unix_s=1782061974 drift_us=2 err_ns=-8 fire_ns=8 holdover_ms=999 (<crate> └─ <invalid location: defmt frame-index: 17>:0)
6927.974849 [INFO ] NMEA $GPVTG,149.51,T,,M,1.39,N,2.57,K,A*3E (<crate> └─ <invalid location: defmt frame-index: 15>:0)
6928.004076 [INFO ] NMEA $GPZDA,171254.000,21,06,2026,,*51 (<crate> └─ <invalid location: defmt frame-index: 15>:0)
6928.051240 [INFO ] NMEA $GPGST,171254.000,8.1,17,8.5,73.3,9.4,16,28*78 (<crate> └─ <invalid location: defmt frame-index: 15>:0)
6928.153935 [INFO ] PPS count=6919 interval_us=1000002 interval_ns=1000002224 state=Locked missed=0 freq=ok (<crate> └─ <invalid location: defmt frame-index: 9>:0)
6928.154257 [INFO ] PPSGEN count=6920 interval_ns=1000002240 dev_ns=2240 phase_ns=199752 hwphase_ns=48 trim_ppb=21 cfg=4 p_ns=5 d_ns=3 trim_mppb=21355 lk=1 (<crate> └─ <invalid location: defmt frame-index: 18>:0)
6928.273287 [INFO ] TIME unix_ns=1782061975119347484 ppb=2248 holdover_ms=1119 locked=1 (<crate> └─ <invalid location: defmt frame-index: 10>:0)
6928.307181 [INFO ] NMEA $GPGGA,171255.000,0000.0000,N,00000.0000,E,1,5,1.98,46.5,M,39.0,M,,*61 (<crate> └─ <invalid location: defmt frame-index: 15>:0)
6928.365628 [INFO ] NMEA $GNGLL,0000.0000,N,00000.0000,E,171255.000,A,A*42 (<crate> └─ <invalid location: defmt frame-index: 15>:0)
6928.424054 [INFO ] NMEA $GNGSA,A,3,18,16,26,28,,,,,,,,,2.20,1.98,0.97*12 (<crate> └─ <invalid location: defmt frame-index: 15>:0)
6928.482524 [INFO ] NMEA $GNGSA,A,3,73,,,,,,,,,,,,2.20,1.98,0.97*16 (<crate> └─ <invalid location: defmt frame-index: 15>:0)
6928.540963 [INFO ] NMEA $GPGSV,3,1,12,194,89,317,21,27,67,244,,16,65,357,23,26,57,065,28*4E (<crate> └─ <invalid location: defmt frame-index: 15>:0)
6928.603692 [INFO ] NMEA $GPGSV,3,2,12,31,47,146,,08,31,237,,04,31,267,,18,29,060,16*73 (<crate> └─ <invalid location: defmt frame-index: 15>:0)
6928.662125 [INFO ] NMEA $GPGSV,3,3,12,195,26,168,,28,19,144,21,09,19,300,,07,02,318,*41 (<crate> └─ <invalid location: defmt frame-index: 15>:0)
6928.749829 [INFO ] NMEA $GLGSV,2,1,07,74,58,008,,73,39,087,21,83,32,039,,85,32,179,17*60 (<crate> └─ <invalid location: defmt frame-index: 15>:0)
6928.808259 [INFO ] NMEA $GLGSV,2,2,07,75,21,313,,72,15,253,,65,14,304,*56 (<crate> └─ <invalid location: defmt frame-index: 15>:0)
6928.870912 [INFO ] NMEA $GNRMC,171255.000,A,0000.0000,N,00000.0000,E,0.65,107.47,210626,,,A*72 (<crate> └─ <invalid location: defmt frame-index: 15>:0)
6928.871264 [INFO ] SYNC pps_local_us=6919017191 unix_s=1782061975 drift_us=2 err_ns=-23 fire_ns=23 holdover_ms=1000 (<crate> └─ <invalid location: defmt frame-index: 17>:0)
6928.900176 [INFO ] NMEA $GPVTG,107.47,T,,M,0.65,N,1.21,K,A*39 (<crate> └─ <invalid location: defmt frame-index: 15>:0)
6928.958570 [INFO ] NMEA $GPZDA,171255.000,21,06,2026,,*50 (<crate> └─ <invalid location: defmt frame-index: 15>:0)
6928.987825 [INFO ] NMEA $GPGST,171255.000,8.1,17,8.5,73.3,9.4,16,28*79 (<crate> └─ <invalid location: defmt frame-index: 15>:0)
6929.153941 [INFO ] PPS count=6920 interval_us=1000002 interval_ns=1000002256 state=Locked missed=0 freq=ok (<crate> └─ <invalid location: defmt frame-index: 9>:0)
6929.154250 [INFO ] PPSGEN count=6921 interval_ns=1000002256 dev_ns=2256 phase_ns=199752 hwphase_ns=48 trim_ppb=21 cfg=4 p_ns=5 d_ns=0 trim_mppb=21043 lk=1 (<crate> └─ <invalid location: defmt frame-index: 18>:0)
6929.273454 [INFO ] TIME unix_ns=1782061976119506484 ppb=2248 holdover_ms=1119 locked=1 (<crate> └─ <invalid location: defmt frame-index: 10>:0)
6929.312691 [INFO ] NMEA $GPGGA,171256.000,0000.0000,N,00000.0000,E,1,5,1.98,46.5,M,39.0,M,,*62 (<crate> └─ <invalid location: defmt frame-index: 15>:0)
6929.375256 [INFO ] NMEA $GNGLL,0000.0000,N,00000.0000,E,171256.000,A,A*41 (<crate> └─ <invalid location: defmt frame-index: 15>:0)
6929.404508 [INFO ] NMEA $GNGSA,A,3,18,16,26,28,,,,,,,,,2.20,1.98,0.97*12 (<crate> └─ <invalid location: defmt frame-index: 15>:0)
6929.462974 [INFO ] NMEA $GNGSA,A,3,73,,,,,,,,,,,,2.20,1.98,0.97*16 (<crate> └─ <invalid location: defmt frame-index: 15>:0)
6929.550634 [INFO ] NMEA $GPGSV,3,1,12,194,89,317,21,27,67,244,,16,65,357,23,26,57,065,28*4E (<crate> └─ <invalid location: defmt frame-index: 15>:0)
6929.613278 [INFO ] NMEA $GPGSV,3,2,12,31,47,146,,08,31,237,,04,31,267,,18,29,060,16*73 (<crate> └─ <invalid location: defmt frame-index: 15>:0)
6929.671717 [INFO ] NMEA $GPGSV,3,3,12,195,26,168,,28,19,144,21,09,19,300,,07,02,318,*41 (<crate> └─ <invalid location: defmt frame-index: 15>:0)
6929.730196 [INFO ] NMEA $GLGSV,2,1,07,74,58,008,,73,39,087,21,83,32,039,,85,32,179,17*60 (<crate> └─ <invalid location: defmt frame-index: 15>:0)
6929.788624 [INFO ] NMEA $GLGSV,2,2,07,75,21,313,,72,15,253,,65,14,304,*56 (<crate> └─ <invalid location: defmt frame-index: 15>:0)
6929.880489 [INFO ] NMEA $GNRMC,171256.000,A,0000.0000,N,00000.0000,E,0.48,107.47,210626,,,A*7E (<crate> └─ <invalid location: defmt frame-index: 15>:0)
6929.880850 [INFO ] SYNC pps_local_us=6920017194 unix_s=1782061976 drift_us=2 err_ns=8 fire_ns=-8 holdover_ms=1000 (<crate> └─ <invalid location: defmt frame-index: 17>:0)
6929.909713 [INFO ] NMEA $GPVTG,107.47,T,,M,0.48,N,0.89,K,A*35 (<crate> └─ <invalid location: defmt frame-index: 15>:0)
6929.938940 [INFO ] NMEA $GPZDA,171256.000,21,06,2026,,*53 (<crate> └─ <invalid location: defmt frame-index: 15>:0)
6929.986108 [INFO ] NMEA $GPGST,171256.000,8.0,16,8.6,73.6,9.5,16,28*7D (<crate> └─ <invalid location: defmt frame-index: 15>:0)
6930.153949 [INFO ] PPS count=6921 interval_us=1000002 interval_ns=1000002224 state=Locked missed=0 freq=ok (<crate> └─ <invalid location: defmt frame-index: 9>:0)
6930.154265 [INFO ] PPSGEN count=6922 interval_ns=1000002240 dev_ns=2240 phase_ns=201753 hwphase_ns=64 trim_ppb=20 cfg=4 p_ns=7 d_ns=4 trim_mppb=20583 lk=1 (<crate> └─ <invalid location: defmt frame-index: 18>:0)
6930.273616 [INFO ] TIME unix_ns=1782061977119666484 ppb=2247 holdover_ms=1119 locked=1 (<crate> └─ <invalid location: defmt frame-index: 10>:0)
6930.285513 [INFO ] NMEA $GPGGA,171257.000,0000.0000,N,00000.0000,E,1,5,1.98,46.5,M,39.0,M,,*63 (<crate> └─ <invalid location: defmt frame-index: 15>:0)
6930.343896 [INFO ] NMEA $GNGLL,0000.0000,N,00000.0000,E,171257.000,A,A*40 (<crate> └─ <invalid location: defmt frame-index: 15>:0)
6930.391924 [INFO ] NMEA $GNGSA,A,3,18,16,26,28,,,,,,,,,2.20,1.98,0.97*12 (<crate> └─ <invalid location: defmt frame-index: 15>:0)
6930.450388 [INFO ] NMEA $GNGSA,A,3,73,,,,,,,,,,,,2.20,1.98,0.97*16 (<crate> └─ <invalid location: defmt frame-index: 15>:0)
6930.508827 [INFO ] NMEA $GPGSV,3,1,12,194,89,317,21,27,67,244,,16,65,357,23,26,57,065,28*4E (<crate> └─ <invalid location: defmt frame-index: 15>:0)
6930.567300 [INFO ] NMEA $GPGSV,3,2,12,31,47,146,,08,31,237,,04,31,267,,18,29,060,17*72 (<crate> └─ <invalid location: defmt frame-index: 15>:0)
6930.629898 [INFO ] NMEA $GPGSV,3,3,12,195,26,168,,28,19,144,21,09,19,300,,07,02,318,*41 (<crate> └─ <invalid location: defmt frame-index: 15>:0)
6930.717603 [INFO ] NMEA $GLGSV,2,1,07,74,58,008,,73,39,087,21,83,32,039,,85,32,179,17*60 (<crate> └─ <invalid location: defmt frame-index: 15>:0)
6930.776041 [INFO ] NMEA $GLGSV,2,2,07,75,21,313,,72,15,253,,65,14,304,*56 (<crate> └─ <invalid location: defmt frame-index: 15>:0)
6930.834519 [INFO ] NMEA $GNRMC,171257.000,A,0000.0000,N,00000.0000,E,0.69,5.16,210626,,,A*7B (<crate> └─ <invalid location: defmt frame-index: 15>:0)
6930.834869 [INFO ] SYNC pps_local_us=6921017196 unix_s=1782061977 drift_us=2 err_ns=-23 fire_ns=23 holdover_ms=1000 (<crate> └─ <invalid location: defmt frame-index: 17>:0)
6930.863741 [INFO ] NMEA $GPVTG,5.16,T,,M,0.69,N,1.28,K,A*3B (<crate> └─ <invalid location: defmt frame-index: 15>:0)
6930.926342 [INFO ] NMEA $GPZDA,171257.000,21,06,2026,,*52 (<crate> └─ <invalid location: defmt frame-index: 15>:0)
6930.954761 [INFO ] NMEA $GPGST,171257.000,8.0,16,8.8,76.5,9.4,16,28*75 (<crate> └─ <invalid location: defmt frame-index: 15>:0)
6931.153948 [INFO ] PPS count=6922 interval_us=1000002 interval_ns=1000002240 state=Locked missed=0 freq=ok (<crate> └─ <invalid location: defmt frame-index: 9>:0)
6931.154269 [INFO ] PPSGEN count=6923 interval_ns=1000002240 dev_ns=2240 phase_ns=197753 hwphase_ns=64 trim_ppb=20 cfg=4 p_ns=6 d_ns=-1 trim_mppb=20169 lk=1 (<crate> └─ <invalid location: defmt frame-index: 18>:0)
6931.273795 [INFO ] TIME unix_ns=1782061978119827484 ppb=2247 holdover_ms=1119 locked=1 (<crate> └─ <invalid location: defmt frame-index: 10>:0)
6931.315598 [INFO ] NMEA $GPGGA,171258.000,0000.0000,N,00000.0000,E,1,5,1.98,46.5,M,39.0,M,,*6C (<crate> └─ <invalid location: defmt frame-index: 15>:0)
6931.374002 [INFO ] NMEA $GNGLL,0000.0000,N,00000.0000,E,171258.000,A,A*4F (<crate> └─ <invalid location: defmt frame-index: 15>:0)
6931.432472 [INFO ] NMEA $GNGSA,A,3,18,16,26,28,,,,,,,,,2.20,1.98,0.97*12 (<crate> └─ <invalid location: defmt frame-index: 15>:0)
6931.470051 [INFO ] NMEA $GNGSA,A,3,73,,,,,,,,,,,,2.20,1.98,0.97*16 (<crate> └─ <invalid location: defmt frame-index: 15>:0)
6931.528488 [INFO ] NMEA $GPGSV,3,1,12,194,89,317,21,27,67,244,,16,65,357,23,26,57,065,29*4F (<crate> └─ <invalid location: defmt frame-index: 15>:0)
6931.616189 [INFO ] NMEA $GPGSV,3,2,12,31,47,146,,08,31,237,,04,31,267,,18,29,060,17*72 (<crate> └─ <invalid location: defmt frame-index: 15>:0)
6931.674626 [INFO ] NMEA $GPGSV,3,3,12,195,26,168,,28,19,144,21,09,19,300,,07,02,318,*41 (<crate> └─ <invalid location: defmt frame-index: 15>:0)
6931.737273 [INFO ] NMEA $GLGSV,2,1,07,74,58,008,,73,39,087,21,83,32,039,,85,32,179,17*60 (<crate> └─ <invalid location: defmt frame-index: 15>:0)
6931.795701 [INFO ] NMEA $GLGSV,2,2,07,75,21,313,,72,15,253,,65,14,304,*56 (<crate> └─ <invalid location: defmt frame-index: 15>:0)
6931.883407 [INFO ] NMEA $GNRMC,171258.000,A,0000.0000,N,00000.0000,E,1.90,289.26,210626,,,A*76 (<crate> └─ <invalid location: defmt frame-index: 15>:0)
6931.883762 [INFO ] SYNC pps_local_us=6922017198 unix_s=1782061978 drift_us=2 err_ns=-7 fire_ns=7 holdover_ms=999 (<crate> └─ <invalid location: defmt frame-index: 17>:0)
6931.912633 [INFO ] NMEA $GPVTG,289.26,T,,M,1.90,N,3.52,K,A*36 (<crate> └─ <invalid location: defmt frame-index: 15>:0)
6931.941856 [INFO ] NMEA $GPZDA,171258.000,21,06,2026,,*5D (<crate> └─ <invalid location: defmt frame-index: 15>:0)
6931.989024 [INFO ] NMEA $GPGST,171258.000,7.9,16,9.0,76.4,9.5,16,27*7A (<crate> └─ <invalid location: defmt frame-index: 15>:0)
6932.153947 [INFO ] PPS count=6923 interval_us=1000002 interval_ns=1000002240 state=Locked missed=0 freq=ok (<crate> └─ <invalid location: defmt frame-index: 9>:0)
6932.154271 [INFO ] PPSGEN count=6924 interval_ns=1000002240 dev_ns=2240 phase_ns=199753 hwphase_ns=64 trim_ppb=19 cfg=4 p_ns=7 d_ns=1 trim_mppb=19709 lk=1 (<crate> └─ <invalid location: defmt frame-index: 18>:0)
6932.273962 [INFO ] TIME unix_ns=1782061979120001484 ppb=2247 holdover_ms=1120 locked=1 (<crate> └─ <invalid location: defmt frame-index: 10>:0)
6932.286779 [INFO ] NMEA $GPGGA,171259.000,0000.0000,N,00000.0000,E,1,5,1.98,46.5,M,39.0,M,,*6D (<crate> └─ <invalid location: defmt frame-index: 15>:0)
6932.345160 [INFO ] NMEA $GNGLL,0000.0000,N,00000.0000,E,171259.000,A,A*4E (<crate> └─ <invalid location: defmt frame-index: 15>:0)
6932.403635 [INFO ] NMEA $GNGSA,A,3,18,16,26,28,,,,,,,,,2.20,1.98,0.97*12 (<crate> └─ <invalid location: defmt frame-index: 15>:0)
6932.432844 [INFO ] NMEA $GNGSA,A,3,73,,,,,,,,,,,,2.20,1.98,0.97*16 (<crate> └─ <invalid location: defmt frame-index: 15>:0)
6932.514253 [INFO ] NMEA $GPGSV,3,1,12,194,89,317,20,27,67,244,,16,65,357,23,26,57,065,29*4E (<crate> └─ <invalid location: defmt frame-index: 15>:0)
6932.572736 [INFO ] NMEA $GPGSV,3,2,12,31,47,146,,08,31,237,,04,31,266,,18,29,060,17*73 (<crate> └─ <invalid location: defmt frame-index: 15>:0)
6932.631174 [INFO ] NMEA $GPGSV,3,3,12,195,26,168,,28,19,144,21,09,19,300,,07,02,318,*41 (<crate> └─ <invalid location: defmt frame-index: 15>:0)
6932.723037 [INFO ] NMEA $GLGSV,2,1,07,74,58,008,,73,39,087,21,83,32,039,,85,32,179,17*60 (<crate> └─ <invalid location: defmt frame-index: 15>:0)
6932.781476 [INFO ] NMEA $GLGSV,2,2,07,75,21,313,,72,15,253,,65,14,304,*56 (<crate> └─ <invalid location: defmt frame-index: 15>:0)
6932.839958 [INFO ] NMEA $GNRMC,171259.000,A,0000.0000,N,00000.0000,E,1.34,297.21,210626,,,A*71 (<crate> └─ <invalid location: defmt frame-index: 15>:0)
6932.840309 [INFO ] SYNC pps_local_us=6923017200 unix_s=1782061979 drift_us=2 err_ns=-6 fire_ns=6 holdover_ms=1000 (<crate> └─ <invalid location: defmt frame-index: 17>:0)
6932.869226 [INFO ] NMEA $GPVTG,297.21,T,,M,1.34,N,2.48,K,A*3A (<crate> └─ <invalid location: defmt frame-index: 15>:0)
6932.927620 [INFO ] NMEA $GPZDA,171259.000,21,06,2026,,*5C (<crate> └─ <invalid location: defmt frame-index: 15>:0)
6932.956877 [INFO ] NMEA $GPGST,171259.000,7.9,16,8.6,76.7,9.2,16,27*78 (<crate> └─ <invalid location: defmt frame-index: 15>:0)
6933.153954 [INFO ] PPS count=6924 interval_us=1000002 interval_ns=1000002240 state=Locked missed=0 freq=ok (<crate> └─ <invalid location: defmt frame-index: 9>:0)
6933.154278 [INFO ] PPSGEN count=6925 interval_ns=1000002240 dev_ns=2240 phase_ns=202753 hwphase_ns=64 trim_ppb=19 cfg=4 p_ns=7 d_ns=0 trim_mppb=19272 lk=1 (<crate> └─ <invalid location: defmt frame-index: 18>:0)
6933.274135 [INFO ] TIME unix_ns=1782061980120174484 ppb=2247 holdover_ms=1120 locked=1 (<crate> └─ <invalid location: defmt frame-index: 10>:0)
6933.301722 [INFO ] NMEA $GPGGA,171300.000,0000.0000,N,00000.0000,E,1,5,1.98,46.5,M,39.0,M,,*60 (<crate> └─ <invalid location: defmt frame-index: 15>:0)
6933.360116 [INFO ] NMEA $GNGLL,0000.0000,N,00000.0000,E,171300.000,A,A*43 (<crate> └─ <invalid location: defmt frame-index: 15>:0)
6933.389366 [INFO ] NMEA $GNGSA,A,3,18,16,26,28,,,,,,,,,2.20,1.98,0.97*12 (<crate> └─ <invalid location: defmt frame-index: 15>:0)
6933.447831 [INFO ] NMEA $GNGSA,A,3,73,,,,,,,,,,,,2.20,1.98,0.97*16 (<crate> └─ <invalid location: defmt frame-index: 15>:0)
6933.510430 [INFO ] NMEA $GPGSV,3,1,12,194,89,317,20,27,67,244,,16,65,357,23,26,57,065,29*4E (<crate> └─ <invalid location: defmt frame-index: 15>:0)
6933.598208 [INFO ] NMEA $GPGSV,3,2,12,31,47,146,,08,31,237,,04,31,266,,18,29,060,18*7C (<crate> └─ <invalid location: defmt frame-index: 15>:0)
6933.656653 [INFO ] NMEA $GPGSV,3,3,12,195,26,168,,28,19,144,21,09,19,300,,07,02,318,*41 (<crate> └─ <invalid location: defmt frame-index: 15>:0)
6933.715131 [INFO ] NMEA $GLGSV,2,1,07,74,58,008,,73,39,087,22,83,32,039,,85,32,179,17*63 (<crate> └─ <invalid location: defmt frame-index: 15>:0)
6933.777722 [INFO ] NMEA $GLGSV,2,2,07,75,21,313,,72,15,253,,65,14,304,*56 (<crate> └─ <invalid location: defmt frame-index: 15>:0)
6933.865425 [INFO ] NMEA $GNRMC,171300.000,A,0000.0000,N,00000.0000,E,0.03,297.21,210626,,,A*79 (<crate> └─ <invalid location: defmt frame-index: 15>:0)
6933.865783 [INFO ] SYNC pps_local_us=6924017203 unix_s=1782061980 drift_us=2 err_ns=-6 fire_ns=6 holdover_ms=1000 (<crate> └─ <invalid location: defmt frame-index: 17>:0)
6933.894654 [INFO ] NMEA $GPVTG,297.21,T,,M,0.03,N,0.05,K,A*34 (<crate> └─ <invalid location: defmt frame-index: 15>:0)
6933.923879 [INFO ] NMEA $GPZDA,171300.000,21,06,2026,,*51 (<crate> └─ <invalid location: defmt frame-index: 15>:0)
6933.971051 [INFO ] NMEA $GPGST,171300.000,7.8,16,8.7,77.3,9.2,16,27*70 (<crate> └─ <invalid location: defmt frame-index: 15>:0)
6934.153948 [INFO ] PPS count=6925 interval_us=1000002 interval_ns=1000002240 state=Locked missed=0 freq=ok (<crate> └─ <invalid location: defmt frame-index: 9>:0)
6934.154272 [INFO ] PPSGEN count=6926 interval_ns=1000002224 dev_ns=2224 phase_ns=197754 hwphase_ns=48 trim_ppb=18 cfg=4 p_ns=5 d_ns=-3 trim_mppb=18952 lk=1 (<crate> └─ <invalid location: defmt frame-index: 18>:0)
6934.274305 [INFO ] TIME unix_ns=1782061981120337484 ppb=2247 holdover_ms=1120 locked=1 (<crate> └─ <invalid location: defmt frame-index: 10>:0)
6934.281294 [INFO ] NMEA $GPGGA,171301.000,0000.0000,N,00000.0000,E,1,5,1.98,46.5,M,39.0,M,,*61 (<crate> └─ <invalid location: defmt frame-index: 15>:0)
6934.339710 [INFO ] NMEA $GNGLL,0000.0000,N,00000.0000,E,171301.000,A,A*42 (<crate> └─ <invalid location: defmt frame-index: 15>:0)
6934.398147 [INFO ] NMEA $GNGSA,A,3,18,16,26,28,,,,,,,,,2.20,1.98,0.97*12 (<crate> └─ <invalid location: defmt frame-index: 15>:0)
6934.456614 [INFO ] NMEA $GNGSA,A,3,73,,,,,,,,,,,,2.20,1.98,0.97*16 (<crate> └─ <invalid location: defmt frame-index: 15>:0)
6934.515053 [INFO ] NMEA $GPGSV,3,1,12,194,89,317,20,27,67,244,,16,65,357,23,26,57,065,28*4F (<crate> └─ <invalid location: defmt frame-index: 15>:0)
6934.577689 [INFO ] NMEA $GPGSV,3,2,12,31,47,146,,08,31,237,,04,31,266,,18,29,060,18*7C (<crate> └─ <invalid location: defmt frame-index: 15>:0)
6934.636127 [INFO ] NMEA $GPGSV,3,3,12,195,26,168,,28,19,144,20,09,19,300,,07,02,318,*40 (<crate> └─ <invalid location: defmt frame-index: 15>:0)
6934.723833 [INFO ] NMEA $GLGSV,2,1,07,74,58,008,,73,39,087,22,83,32,039,,85,32,179,17*63 (<crate> └─ <invalid location: defmt frame-index: 15>:0)
6934.782265 [INFO ] NMEA $GLGSV,2,2,07,75,21,313,,72,15,253,,65,14,304,*56 (<crate> └─ <invalid location: defmt frame-index: 15>:0)
6934.844912 [INFO ] NMEA $GNRMC,171301.000,A,0000.0000,N,00000.0000,E,0.21,297.21,210626,,,A*78 (<crate> └─ <invalid location: defmt frame-index: 15>:0)
6934.845268 [INFO ] SYNC pps_local_us=6925017205 unix_s=1782061981 drift_us=2 err_ns=-6 fire_ns=6 holdover_ms=1000 (<crate> └─ <invalid location: defmt frame-index: 17>:0)
6934.874182 [INFO ] NMEA $GPVTG,297.21,T,,M,0.21,N,0.39,K,A*3B (<crate> └─ <invalid location: defmt frame-index: 15>:0)
6934.932581 [INFO ] NMEA $GPZDA,171301.000,21,06,2026,,*50 (<crate> └─ <invalid location: defmt frame-index: 15>:0)
6934.961823 [INFO ] NMEA $GPGST,171301.000,7.8,16,8.8,77.6,9.2,16,27*7B (<crate> └─ <invalid location: defmt frame-index: 15>:0)
6935.153967 [INFO ] PPS count=6926 interval_us=1000002 interval_ns=1000002224 state=Locked missed=0 freq=ok (<crate> └─ <invalid location: defmt frame-index: 9>:0)
6935.154294 [INFO ] PPSGEN count=6927 interval_ns=1000002256 dev_ns=2256 phase_ns=210754 hwphase_ns=80 trim_ppb=18 cfg=4 p_ns=9 d_ns=9 trim_mppb=18343 lk=1 (<crate> └─ <invalid location: defmt frame-index: 18>:0)
6935.274475 [INFO ] TIME unix_ns=1782061982120510484 ppb=2246 holdover_ms=1120 locked=1 (<crate> └─ <invalid location: defmt frame-index: 10>:0)
6935.308452 [INFO ] NMEA $GPGGA,171302.000,0000.0000,N,00000.0000,E,1,5,1.98,46.5,M,39.0,M,,*62 (<crate> └─ <invalid location: defmt frame-index: 15>:0)
6935.371017 [INFO ] NMEA $GNGLL,0000.0000,N,00000.0000,E,171302.000,A,A*41 (<crate> └─ <invalid location: defmt frame-index: 15>:0)
6935.400271 [INFO ] NMEA $GNGSA,A,3,18,16,26,28,,,,,,,,,2.20,1.98,0.97*12 (<crate> └─ <invalid location: defmt frame-index: 15>:0)
6935.458736 [INFO ] NMEA $GNGSA,A,3,73,,,,,,,,,,,,2.20,1.98,0.97*16 (<crate> └─ <invalid location: defmt frame-index: 15>:0)
6935.546397 [INFO ] NMEA $GPGSV,3,1,12,194,89,317,20,27,67,244,,16,65,357,23,26,57,065,27*40 (<crate> └─ <invalid location: defmt frame-index: 15>:0)
6935.609042 [INFO ] NMEA $GPGSV,3,2,12,31,47,146,,08,31,237,,04,31,266,,18,29,060,18*7C (<crate> └─ <invalid location: defmt frame-index: 15>:0)
6935.667479 [INFO ] NMEA $GPGSV,3,3,12,195,26,168,,28,19,144,20,09,19,300,,07,03,318,*41 (<crate> └─ <invalid location: defmt frame-index: 15>:0)
6935.725956 [INFO ] NMEA $GLGSV,2,1,07,74,58,008,,73,39,087,22,83,32,039,,85,32,179,17*63 (<crate> └─ <invalid location: defmt frame-index: 15>:0)
6935.784389 [INFO ] NMEA $GLGSV,2,2,07,75,21,313,,72,15,253,,65,14,304,*56 (<crate> └─ <invalid location: defmt frame-index: 15>:0)
6935.876258 [INFO ] NMEA $GNRMC,171302.000,A,0000.0000,N,00000.0000,E,0.20,297.21,210626,,,A*7A (<crate> └─ <invalid location: defmt frame-index: 15>:0)
6935.876613 [INFO ] SYNC pps_local_us=6926017207 unix_s=1782061982 drift_us=2 err_ns=-21 fire_ns=21 holdover_ms=1000 (<crate> └─ <invalid location: defmt frame-index: 17>:0)
6935.905480 [INFO ] NMEA $GPVTG,297.21,T,,M,0.20,N,0.38,K,A*3B (<crate> └─ <invalid location: defmt frame-index: 15>:0)
6935.934707 [INFO ] NMEA $GPZDA,171302.000,21,06,2026,,*53 (<crate> └─ <invalid location: defmt frame-index: 15>:0)
6935.981877 [INFO ] NMEA $GPGST,171302.000,7.7,16,8.9,77.4,9.4,16,28*7D (<crate> └─ <invalid location: defmt frame-index: 15>:0)
6936.153962 [INFO ] PPS count=6927 interval_us=1000002 interval_ns=1000002240 state=Locked missed=0 freq=ok (<crate> └─ <invalid location: defmt frame-index: 9>:0)
6936.154278 [INFO ] PPSGEN count=6928 interval_ns=1000002240 dev_ns=2240 phase_ns=196754 hwphase_ns=80 trim_ppb=17 cfg=4 p_ns=7 d_ns=-4 trim_mppb=17859 lk=1 (<crate> └─ <invalid location: defmt frame-index: 18>:0)
6936.274642 [INFO ] TIME unix_ns=1782061983120673484 ppb=2246 holdover_ms=1120 locked=1 (<crate> └─ <invalid location: defmt frame-index: 10>:0)
6936.287747 [INFO ] NMEA $GPGGA,171303.000,0000.0000,N,00000.0000,E,1,5,1.98,46.5,M,39.0,M,,*63 (<crate> └─ <invalid location: defmt frame-index: 15>:0)
6936.346139 [INFO ] NMEA $GNGLL,0000.0000,N,00000.0000,E,171303.000,A,A*40 (<crate> └─ <invalid location: defmt frame-index: 15>:0)
6936.394161 [INFO ] NMEA $GNGSA,A,3,18,16,26,28,,,,,,,,,2.20,1.98,0.97*12 (<crate> └─ <invalid location: defmt frame-index: 15>:0)
6936.452632 [INFO ] NMEA $GNGSA,A,3,73,,,,,,,,,,,,2.20,1.98,0.97*16 (<crate> └─ <invalid location: defmt frame-index: 15>:0)
6936.511061 [INFO ] NMEA $GPGSV,3,1,12,194,89,317,20,27,67,244,,16,65,357,23,26,57,065,27*40 (<crate> └─ <invalid location: defmt frame-index: 15>:0)
6936.569548 [INFO ] NMEA $GPGSV,3,2,12,31,47,146,,08,32,237,,04,31,266,,18,29,060,18*7F (<crate> └─ <invalid location: defmt frame-index: 15>:0)
6936.632145 [INFO ] NMEA $GPGSV,3,3,12,195,26,168,,28,19,144,20,09,19,300,,07,03,318,*41 (<crate> └─ <invalid location: defmt frame-index: 15>:0)
6936.719851 [INFO ] NMEA $GLGSV,2,1,07,74,58,008,,73,39,087,23,83,32,039,,85,32,179,17*62 (<crate> └─ <invalid location: defmt frame-index: 15>:0)
6936.778280 [INFO ] NMEA $GLGSV,2,2,07,75,21,313,,72,15,253,,65,14,304,*56 (<crate> └─ <invalid location: defmt frame-index: 15>:0)
6936.836765 [INFO ] NMEA $GNRMC,171303.000,A,0000.0000,N,00000.0000,E,0.18,297.21,210626,,,A*70 (<crate> └─ <invalid location: defmt frame-index: 15>:0)
6936.837127 [INFO ] SYNC pps_local_us=6927017209 unix_s=1782061983 drift_us=2 err_ns=-5 fire_ns=5 holdover_ms=999 (<crate> └─ <invalid location: defmt frame-index: 17>:0)
6936.895187 [INFO ] NMEA $GPVTG,297.21,T,,M,0.18,N,0.32,K,A*3A (<crate> └─ <invalid location: defmt frame-index: 15>:0)
6936.928593 [INFO ] NMEA $GPZDA,171303.000,21,06,2026,,*52 (<crate> └─ <invalid location: defmt frame-index: 15>:0)
6936.957838 [INFO ] NMEA $GPGST,171303.000,7.7,16,9.1,77.7,9.5,15,27*7B (<crate> └─ <invalid location: defmt frame-index: 15>:0)
6937.153955 [INFO ] PPS count=6928 interval_us=1000002 interval_ns=1000002240 state=Locked missed=0 freq=ok (<crate> └─ <invalid location: defmt frame-index: 9>:0)
6937.154274 [INFO ] PPSGEN count=6929 interval_ns=1000002224 dev_ns=2224 phase_ns=195755 hwphase_ns=64 trim_ppb=17 cfg=4 p_ns=7 d_ns=0 trim_mppb=17383 lk=1 (<crate> └─ <invalid location: defmt frame-index: 18>:0)
6937.274799 [INFO ] TIME unix_ns=1782061984120837484 ppb=2245 holdover_ms=1120 locked=1 (<crate> └─ <invalid location: defmt frame-index: 10>:0)
6937.313390 [INFO ] NMEA $GPGGA,171304.000,0000.0000,N,00000.0000,E,1,5,1.98,46.5,M,39.0,M,,*64 (<crate> └─ <invalid location: defmt frame-index: 15>:0)
6937.371792 [INFO ] NMEA $GNGLL,0000.0000,N,00000.0000,E,171304.000,A,A*47 (<crate> └─ <invalid location: defmt frame-index: 15>:0)
6937.430264 [INFO ] NMEA $GNGSA,A,3,18,16,26,28,,,,,,,,,2.20,1.98,0.97*12 (<crate> └─ <invalid location: defmt frame-index: 15>:0)
6937.463671 [INFO ] NMEA $GNGSA,A,3,73,,,,,,,,,,,,2.20,1.98,0.97*16 (<crate> └─ <invalid location: defmt frame-index: 15>:0)
6937.551333 [INFO ] NMEA $GPGSV,3,1,12,194,89,317,20,27,67,244,,16,65,357,24,26,57,065,27*47 (<crate> └─ <invalid location: defmt frame-index: 15>:0)
6937.609775 [INFO ] NMEA $GPGSV,3,2,12,31,47,146,,08,32,237,,04,31,266,,18,29,060,18*7F (<crate> └─ <invalid location: defmt frame-index: 15>:0)
6937.668248 [INFO ] NMEA $GPGSV,3,3,12,195,26,168,,28,19,144,20,09,19,299,,07,03,318,*40 (<crate> └─ <invalid location: defmt frame-index: 15>:0)
6937.730896 [INFO ] NMEA $GLGSV,2,1,07,74,58,008,,73,39,087,23,83,32,039,,85,32,179,17*62 (<crate> └─ <invalid location: defmt frame-index: 15>:0)
6937.789321 [INFO ] NMEA $GLGSV,2,2,07,75,21,313,,72,15,253,,65,14,304,*56 (<crate> └─ <invalid location: defmt frame-index: 15>:0)
6937.876985 [INFO ] NMEA $GNRMC,171304.000,A,0000.0000,N,00000.0000,E,0.20,297.21,210626,,,A*7C (<crate> └─ <invalid location: defmt frame-index: 15>:0)
6937.877341 [INFO ] SYNC pps_local_us=6928017211 unix_s=1782061984 drift_us=2 err_ns=-5 fire_ns=5 holdover_ms=999 (<crate> └─ <invalid location: defmt frame-index: 17>:0)
6937.906252 [INFO ] NMEA $GPVTG,297.21,T,,M,0.20,N,0.37,K,A*34 (<crate> └─ <invalid location: defmt frame-index: 15>:0)
6937.935477 [INFO ] NMEA $GPZDA,171304.000,21,06,2026,,*55 (<crate> └─ <invalid location: defmt frame-index: 15>:0)
6937.986813 [INFO ] NMEA $GPGST,171304.000,7.6,16,9.1,76.8,9.6,15,27*70 (<crate> └─ <invalid location: defmt frame-index: 15>:0)
6938.153965 [INFO ] PPS count=6929 interval_us=1000002 interval_ns=1000002240 state=Locked missed=0 freq=ok (<crate> └─ <invalid location: defmt frame-index: 9>:0)
6938.154294 [INFO ] PPSGEN count=6930 interval_ns=1000002240 dev_ns=2240 phase_ns=206755 hwphase_ns=64 trim_ppb=16 cfg=4 p_ns=7 d_ns=-1 trim_mppb=16938 lk=1 (<crate> └─ <invalid location: defmt frame-index: 18>:0)
6938.274971 [INFO ] TIME unix_ns=1782061985121000484 ppb=2245 holdover_ms=1121 locked=1 (<crate> └─ <invalid location: defmt frame-index: 10>:0)
6938.319584 [INFO ] NMEA $GPGGA,171305.000,0000.0000,N,00000.0000,E,1,5,1.98,46.5,M,39.0,M,,*65 (<crate> └─ <invalid location: defmt frame-index: 15>:0)
6938.377996 [INFO ] NMEA $GNGLL,0000.0000,N,00000.0000,E,171305.000,A,A*46 (<crate> └─ <invalid location: defmt frame-index: 15>:0)
6938.436468 [INFO ] NMEA $GNGSA,A,3,18,16,26,28,,,,,,,,,2.20,1.98,0.97*12 (<crate> └─ <invalid location: defmt frame-index: 15>:0)
6938.484488 [INFO ] NMEA $GNGSA,A,3,73,,,,,,,,,,,,2.20,1.98,0.97*16 (<crate> └─ <invalid location: defmt frame-index: 15>:0)
6938.542921 [INFO ] NMEA $GPGSV,3,1,12,194,89,317,20,27,67,244,,16,65,357,23,26,57,065,27*40 (<crate> └─ <invalid location: defmt frame-index: 15>:0)
6938.601403 [INFO ] NMEA $GPGSV,3,2,12,31,47,146,,08,32,237,,04,31,266,,18,29,060,18*7F (<crate> └─ <invalid location: defmt frame-index: 15>:0)
6938.689066 [INFO ] NMEA $GPGSV,3,3,12,195,26,168,,28,19,144,20,09,19,299,,07,03,318,*40 (<crate> └─ <invalid location: defmt frame-index: 15>:0)
6938.751706 [INFO ] NMEA $GLGSV,2,1,07,74,58,008,,73,39,087,23,83,32,039,,85,32,179,17*62 (<crate> └─ <invalid location: defmt frame-index: 15>:0)
6938.810145 [INFO ] NMEA $GLGSV,2,2,07,75,21,313,,72,15,253,,65,14,304,*56 (<crate> └─ <invalid location: defmt frame-index: 15>:0)
6938.868621 [INFO ] NMEA $GNRMC,171305.000,A,0000.0000,N,00000.0000,E,0.11,297.21,210626,,,A*7F (<crate> └─ <invalid location: defmt frame-index: 15>:0)
6938.868974 [INFO ] SYNC pps_local_us=6929017214 unix_s=1782061985 drift_us=2 err_ns=-5 fire_ns=5 holdover_ms=1000 (<crate> └─ <invalid location: defmt frame-index: 17>:0)
6938.927050 [INFO ] NMEA $GPVTG,297.21,T,,M,0.11,N,0.21,K,A*31 (<crate> └─ <invalid location: defmt frame-index: 15>:0)
6938.956294 [INFO ] NMEA $GPZDA,171305.000,21,06,2026,,*54 (<crate> └─ <invalid location: defmt frame-index: 15>:0)
6938.993012 [INFO ] NMEA $GPGST,171305.000,7.6,16,9.2,76.2,9.7,15,28*76 (<crate> └─ <invalid location: defmt frame-index: 15>:0)
6939.153975 [INFO ] PPS count=6930 interval_us=1000002 interval_ns=1000002224 state=Locked missed=0 freq=ok (<crate> └─ <invalid location: defmt frame-index: 9>:0)
6939.154304 [INFO ] PPSGEN count=6931 interval_ns=1000002240 dev_ns=2240 phase_ns=213755 hwphase_ns=80 trim_ppb=16 cfg=4 p_ns=9 d_ns=4 trim_mppb=16360 lk=1 (<crate> └─ <invalid location: defmt frame-index: 18>:0)
6939.275136 [INFO ] TIME unix_ns=1782061986121161484 ppb=2245 holdover_ms=1121 locked=1 (<crate> └─ <invalid location: defmt frame-index: 10>:0)
6939.307657 [INFO ] NMEA $GPGGA,171306.000,0000.0000,N,00000.0000,E,1,5,1.98,46.5,M,39.0,M,,*66 (<crate> └─ <invalid location: defmt frame-index: 15>:0)
6939.366062 [INFO ] NMEA $GNGLL,0000.0000,N,00000.0000,E,171306.000,A,A*45 (<crate> └─ <invalid location: defmt frame-index: 15>:0)
6939.424535 [INFO ] NMEA $GNGSA,A,3,18,16,26,28,,,,,,,,,2.20,1.98,0.97*12 (<crate> └─ <invalid location: defmt frame-index: 15>:0)
6939.453742 [INFO ] NMEA $GNGSA,A,3,73,,,,,,,,,,,,2.20,1.98,0.97*16 (<crate> └─ <invalid location: defmt frame-index: 15>:0)
6939.545688 [INFO ] NMEA $GPGSV,3,1,12,194,89,317,20,27,67,244,,16,65,357,23,26,57,065,27*40 (<crate> └─ <invalid location: defmt frame-index: 15>:0)
6939.604126 [INFO ] NMEA $GPGSV,3,2,12,31,47,146,,08,32,237,,04,31,266,,18,29,060,18*7F (<crate> └─ <invalid location: defmt frame-index: 15>:0)
6939.662603 [INFO ] NMEA $GPGSV,3,3,12,195,26,168,,28,19,144,19,09,19,299,,07,03,318,*4A (<crate> └─ <invalid location: defmt frame-index: 15>:0)
6939.721046 [INFO ] NMEA $GLGSV,2,1,07,74,58,008,,73,39,087,23,83,32,039,,85,32,179,17*62 (<crate> └─ <invalid location: defmt frame-index: 15>:0)
6939.783675 [INFO ] NMEA $GLGSV,2,2,07,75,21,313,,72,15,253,,65,14,304,*56 (<crate> └─ <invalid location: defmt frame-index: 15>:0)
6939.871345 [INFO ] NMEA $GNRMC,171306.000,A,0000.0000,N,00000.0000,E,0.07,297.21,210626,,,A*7B (<crate> └─ <invalid location: defmt frame-index: 15>:0)
6939.871695 [INFO ] SYNC pps_local_us=6930017216 unix_s=1782061986 drift_us=2 err_ns=-20 fire_ns=20 holdover_ms=1000 (<crate> └─ <invalid location: defmt frame-index: 17>:0)
6939.900607 [INFO ] NMEA $GPVTG,297.21,T,,M,0.07,N,0.12,K,A*36 (<crate> └─ <invalid location: defmt frame-index: 15>:0)
6939.929832 [INFO ] NMEA $GPZDA,171306.000,21,06,2026,,*57 (<crate> └─ <invalid location: defmt frame-index: 15>:0)
6939.981174 [INFO ] NMEA $GPGST,171306.000,7.5,15,9.3,76.6,9.7,15,27*7F (<crate> └─ <invalid location: defmt frame-index: 15>:0)
6940.153965 [INFO ] PPS count=6931 interval_us=1000002 interval_ns=1000002240 state=Locked missed=0 freq=ok (<crate> └─ <invalid location: defmt frame-index: 9>:0)
6940.154299 [INFO ] PPSGEN count=6932 interval_ns=1000002240 dev_ns=2240 phase_ns=195756 hwphase_ns=80 trim_ppb=15 cfg=4 p_ns=8 d_ns=-1 trim_mppb=15837 lk=1 (<crate> └─ <invalid location: defmt frame-index: 18>:0)
6940.275302 [INFO ] TIME unix_ns=1782061987121326484 ppb=2244 holdover_ms=1121 locked=1 (<crate> └─ <invalid location: defmt frame-index: 10>:0)
6940.330179 [INFO ] NMEA $GPGGA,171307.000,0000.0000,N,00000.0000,E,1,5,1.98,46.5,M,39.0,M,,*67 (<crate> └─ <invalid location: defmt frame-index: 15>:0)
6940.359365 [INFO ] NMEA $GNGLL,0000.0000,N,00000.0000,E,171307.000,A,A*44 (<crate> └─ <invalid location: defmt frame-index: 15>:0)
6940.417834 [INFO ] NMEA $GNGSA,A,3,18,16,26,28,,,,,,,,,2.20,1.98,0.97*12 (<crate> └─ <invalid location: defmt frame-index: 15>:0)
6940.476260 [INFO ] NMEA $GNGSA,A,3,73,,,,,,,,,,,,2.20,1.98,0.97*16 (<crate> └─ <invalid location: defmt frame-index: 15>:0)
6940.534739 [INFO ] NMEA $GPGSV,3,1,12,194,89,317,20,27,67,244,,16,65,357,23,26,57,065,27*40 (<crate> └─ <invalid location: defmt frame-index: 15>:0)
6940.597386 [INFO ] NMEA $GPGSV,3,2,12,31,47,146,17,08,32,237,,04,31,266,,18,29,060,18*79 (<crate> └─ <invalid location: defmt frame-index: 15>:0)
6940.685044 [INFO ] NMEA $GPGSV,3,3,12,195,26,168,,28,19,144,19,09,19,299,,07,03,318,*4A (<crate> └─ <invalid location: defmt frame-index: 15>:0)
6940.743482 [INFO ] NMEA $GLGSV,2,1,07,74,58,008,,73,39,087,23,83,32,039,,85,32,179,17*62 (<crate> └─ <invalid location: defmt frame-index: 15>:0)
6940.801957 [INFO ] NMEA $GLGSV,2,2,07,75,21,313,,72,15,253,,65,14,304,*56 (<crate> └─ <invalid location: defmt frame-index: 15>:0)
6940.864596 [INFO ] NMEA $GNRMC,171307.000,A,0000.0000,N,00000.0000,E,0.13,297.21,210626,,,A*7F (<crate> └─ <invalid location: defmt frame-index: 15>:0)
6940.864951 [INFO ] SYNC pps_local_us=6931017218 unix_s=1782061987 drift_us=2 err_ns=-4 fire_ns=4 holdover_ms=999 (<crate> └─ <invalid location: defmt frame-index: 17>:0)
6940.923030 [INFO ] NMEA $GPVTG,297.21,T,,M,0.13,N,0.25,K,A*37 (<crate> └─ <invalid location: defmt frame-index: 15>:0)
6940.952272 [INFO ] NMEA $GPZDA,171307.000,21,06,2026,,*56 (<crate> └─ <invalid location: defmt frame-index: 15>:0)
6940.991072 [INFO ] NMEA $GPGST,171307.000,7.4,16,9.3,76.2,9.8,15,27*77 (<crate> └─ <invalid location: defmt frame-index: 15>:0)
6941.153969 [INFO ] PPS count=6932 interval_us=1000002 interval_ns=1000002224 state=Locked missed=0 freq=ok (<crate> └─ <invalid location: defmt frame-index: 9>:0)
6941.154295 [INFO ] PPSGEN count=6933 interval_ns=1000002208 dev_ns=2208 phase_ns=207756 hwphase_ns=64 trim_ppb=15 cfg=4 p_ns=7 d_ns=-2 trim_mppb=15392 lk=1 (<crate> └─ <invalid location: defmt frame-index: 18>:0)
6941.275477 [INFO ] TIME unix_ns=1782061988121489484 ppb=2244 holdover_ms=1121 locked=1 (<crate> └─ <invalid location: defmt frame-index: 10>:0)
6941.289786 [INFO ] NMEA $GPGGA,171308.000,0000.0000,N,00000.0000,E,1,5,1.98,46.5,M,39.0,M,,*68 (<crate> └─ <invalid location: defmt frame-index: 15>:0)
6941.346090 [INFO ] NMEA $GNGLL,0000.0000,N,00000.0000,E,171308.000,A,A*4B (<crate> └─ <invalid location: defmt frame-index: 15>:0)
6941.404560 [INFO ] NMEA $GNGSA,A,3,18,16,26,28,,,,,,,,,2.20,1.98,0.97*12 (<crate> └─ <invalid location: defmt frame-index: 15>:0)
6941.433769 [INFO ] NMEA $GNGSA,A,3,73,,,,,,,,,,,,2.20,1.98,0.97*16 (<crate> └─ <invalid location: defmt frame-index: 15>:0)
6941.521465 [INFO ] NMEA $GPGSV,3,1,12,194,89,317,21,27,67,244,,16,65,357,23,26,57,065,27*41 (<crate> └─ <invalid location: defmt frame-index: 15>:0)
6941.584065 [INFO ] NMEA $GPGSV,3,2,12,31,47,146,17,08,32,237,,04,31,266,,18,29,060,18*79 (<crate> └─ <invalid location: defmt frame-index: 15>:0)
6941.642547 [INFO ] NMEA $GPGSV,3,3,12,195,26,168,,28,19,144,19,09,19,299,,07,03,318,*4A (<crate> └─ <invalid location: defmt frame-index: 15>:0)
6941.730207 [INFO ] NMEA $GLGSV,2,1,07,74,58,008,,73,39,087,23,83,32,039,,85,32,179,17*62 (<crate> └─ <invalid location: defmt frame-index: 15>:0)
6941.759460 [INFO ] NMEA $GLGSV,2,2,07,75,21,313,,72,15,253,,65,14,304,*56 (<crate> └─ <invalid location: defmt frame-index: 15>:0)
6941.851282 [INFO ] NMEA $GNRMC,171308.000,A,0000.0000,N,00000.0000,E,0.04,297.21,210626,,,A*76 (<crate> └─ <invalid location: defmt frame-index: 15>:0)
6941.851631 [INFO ] SYNC pps_local_us=6932017220 unix_s=1782061988 drift_us=2 err_ns=-19 fire_ns=19 holdover_ms=1000 (<crate> └─ <invalid location: defmt frame-index: 17>:0)
6941.880550 [INFO ] NMEA $GPVTG,297.21,T,,M,0.04,N,0.08,K,A*3E (<crate> └─ <invalid location: defmt frame-index: 15>:0)
6941.938994 [INFO ] NMEA $GPZDA,171308.000,21,06,2026,,*59 (<crate> └─ <invalid location: defmt frame-index: 15>:0)
6941.965282 [INFO ] NMEA $GPGST,171308.000,7.4,16,9.4,76.6,9.8,15,27*7B (<crate> └─ <invalid location: defmt frame-index: 15>:0)
6942.153968 [INFO ] PPS count=6933 interval_us=1000002 interval_ns=1000002240 state=Locked missed=0 freq=ok (<crate> └─ <invalid location: defmt frame-index: 9>:0)
6942.154289 [INFO ] PPSGEN count=6934 interval_ns=1000002240 dev_ns=2240 phase_ns=192756 hwphase_ns=64 trim_ppb=14 cfg=4 p_ns=7 d_ns=0 trim_mppb=14932 lk=1 (<crate> └─ <invalid location: defmt frame-index: 18>:0)
6942.275624 [INFO ] TIME unix_ns=1782061989121658484 ppb=2244 holdover_ms=1121 locked=1 (<crate> └─ <invalid location: defmt frame-index: 10>:0)
6942.384722 [INFO ] NMEA $GPGGA,171309.000,0000.0000,N,00000.0000,E,1,6,1.86,46.5,M,39.0,M,,*65 (<crate> └─ <invalid location: defmt frame-index: 15>:0)
6942.443136 [INFO ] NMEA $GNGLL,0000.0000,N,00000.0000,E,171309.000,A,A*4A (<crate> └─ <invalid location: defmt frame-index: 15>:0)
6942.482862 [INFO ] NMEA $GNGSA,A,3,18,16,26,31,28,,,,,,,,2.09,1.86,0.96*15 (<crate> └─ <invalid location: defmt frame-index: 15>:0)
6942.541286 [INFO ] NMEA $GNGSA,A,3,73,,,,,,,,,,,,2.09,1.86,0.96*13 (<crate> └─ <invalid location: defmt frame-index: 15>:0)
6942.599775 [INFO ] NMEA $GPGSV,3,1,12,194,89,317,21,27,67,244,,16,65,357,23,26,57,065,27*41 (<crate> └─ <invalid location: defmt frame-index: 15>:0)
6942.687429 [INFO ] NMEA $GPGSV,3,2,12,31,47,146,17,08,32,237,,04,31,266,,18,29,060,18*79 (<crate> └─ <invalid location: defmt frame-index: 15>:0)
6942.750078 [INFO ] NMEA $GPGSV,3,3,12,195,26,168,,28,19,144,19,09,19,299,,07,03,318,*4A (<crate> └─ <invalid location: defmt frame-index: 15>:0)
6942.808509 [INFO ] NMEA $GLGSV,2,1,07,74,58,008,,73,39,087,23,83,32,039,,85,32,179,17*62 (<crate> └─ <invalid location: defmt frame-index: 15>:0)
6942.866985 [INFO ] NMEA $GLGSV,2,2,07,75,21,313,,72,15,253,,65,14,304,*56 (<crate> └─ <invalid location: defmt frame-index: 15>:0)
6942.954645 [INFO ] NMEA $GNRMC,171309.000,A,0000.0000,N,00000.0000,E,0.01,297.21,210626,,,A*72 (<crate> └─ <invalid location: defmt frame-index: 15>:0)
6942.955001 [INFO ] SYNC pps_local_us=6933017223 unix_s=1782061989 drift_us=2 err_ns=-3 fire_ns=3 holdover_ms=999 (<crate> └─ <invalid location: defmt frame-index: 17>:0)
6942.988059 [INFO ] NMEA $GPVTG,297.21,T,,M,0.01,N,0.02,K,A*31 (<crate> └─ <invalid location: defmt frame-index: 15>:0)
6943.017303 [INFO ] NMEA $GPZDA,171309.000,21,06,2026,,*58 (<crate> └─ <invalid location: defmt frame-index: 15>:0)
6943.062328 [INFO ] NMEA $GPGST,171309.000,7.3,15,9.4,77.8,9.7,15,27*7E (<crate> └─ <invalid location: defmt frame-index: 15>:0)
6943.153972 [INFO ] PPS count=6934 interval_us=1000002 interval_ns=1000002224 state=Locked missed=0 freq=ok (<crate> └─ <invalid location: defmt frame-index: 9>:0)
6943.154304 [INFO ] PPSGEN count=6935 interval_ns=1000002240 dev_ns=2240 phase_ns=206757 hwphase_ns=80 trim_ppb=14 cfg=4 p_ns=9 d_ns=3 trim_mppb=14362 lk=1 (<crate> └─ <invalid location: defmt frame-index: 18>:0)
6943.275774 [INFO ] TIME unix_ns=1782061990121810484 ppb=2243 holdover_ms=1121 locked=1 (<crate> └─ <invalid location: defmt frame-index: 10>:0)
6943.396632 [INFO ] NMEA $GPGGA,171310.000,0000.0000,N,00000.0000,E,1,6,1.86,46.5,M,39.0,M,,*6D (<crate> └─ <invalid location: defmt frame-index: 15>:0)
6943.455045 [INFO ] NMEA $GNGLL,0000.0000,N,00000.0000,E,171310.000,A,A*42 (<crate> └─ <invalid location: defmt frame-index: 15>:0)
6943.505155 [INFO ] NMEA $GNGSA,A,3,18,16,26,31,28,,,,,,,,2.09,1.86,0.96*15 (<crate> └─ <invalid location: defmt frame-index: 15>:0)
6943.563619 [INFO ] NMEA $GNGSA,A,3,73,,,,,,,,,,,,2.09,1.86,0.96*13 (<crate> └─ <invalid location: defmt frame-index: 15>:0)
6943.622058 [INFO ] NMEA $GPGSV,3,1,12,194,89,317,21,27,67,244,,16,65,357,23,26,57,065,27*41 (<crate> └─ <invalid location: defmt frame-index: 15>:0)
6943.680539 [INFO ] NMEA $GPGSV,3,2,12,31,47,146,16,08,32,237,,04,31,266,,18,29,060,18*78 (<crate> └─ <invalid location: defmt frame-index: 15>:0)
6943.772360 [INFO ] NMEA $GPGSV,3,3,12,195,26,168,,28,19,144,18,09,19,299,,07,03,318,*4B (<crate> └─ <invalid location: defmt frame-index: 15>:0)
6943.830844 [INFO ] NMEA $GLGSV,2,1,07,74,58,008,,73,39,087,24,83,32,039,,85,32,179,18*6A (<crate> └─ <invalid location: defmt frame-index: 15>:0)
6943.889271 [INFO ] NMEA $GLGSV,2,2,07,75,21,313,,72,15,253,,65,14,304,*56 (<crate> └─ <invalid location: defmt frame-index: 15>:0)
6943.947753 [INFO ] NMEA $GNRMC,171310.000,A,0000.0000,N,00000.0000,E,0.11,297.21,210626,,,A*7B (<crate> └─ <invalid location: defmt frame-index: 15>:0)
6943.948108 [INFO ] SYNC pps_local_us=6934017225 unix_s=1782061990 drift_us=2 err_ns=-19 fire_ns=19 holdover_ms=1000 (<crate> └─ <invalid location: defmt frame-index: 17>:0)
6944.006187 [INFO ] NMEA $GPVTG,297.21,T,,M,0.11,N,0.20,K,A*30 (<crate> └─ <invalid location: defmt frame-index: 15>:0)
6944.039583 [INFO ] NMEA $GPZDA,171310.000,21,06,2026,,*50 (<crate> └─ <invalid location: defmt frame-index: 15>:0)
6944.074189 [INFO ] NMEA $GPGST,171310.000,7.3,15,9.5,77.8,9.8,15,27*78 (<crate> └─ <invalid location: defmt frame-index: 15>:0)
6944.153977 [INFO ] PPS count=6935 interval_us=1000002 interval_ns=1000002240 state=Locked missed=0 freq=ok (<crate> └─ <invalid location: defmt frame-index: 9>:0)
6944.154295 [INFO ] PPSGEN count=6936 interval_ns=1000002240 dev_ns=2240 phase_ns=205757 hwphase_ns=80 trim_ppb=13 cfg=4 p_ns=8 d_ns=-1 trim_mppb=13831 lk=1 (<crate> └─ <invalid location: defmt frame-index: 18>:0)
6944.275926 [INFO ] TIME unix_ns=1782061991121959484 ppb=2243 holdover_ms=1121 locked=1 (<crate> └─ <invalid location: defmt frame-index: 10>:0)
6944.419764 [INFO ] NMEA $GPGGA,171311.000,0000.0000,N,00000.0000,E,1,6,1.86,46.5,M,39.0,M,,*6C (<crate> └─ <invalid location: defmt frame-index: 15>:0)
6944.478174 [INFO ] NMEA $GNGLL,0000.0000,N,00000.0000,E,171311.000,A,A*43 (<crate> └─ <invalid location: defmt frame-index: 15>:0)
6944.536650 [INFO ] NMEA $GNGSA,A,3,18,16,26,31,28,,,,,,,,2.09,1.86,0.96*15 (<crate> └─ <invalid location: defmt frame-index: 15>:0)
6944.567977 [INFO ] NMEA $GNGSA,A,3,73,,,,,,,,,,,,2.09,1.86,0.96*13 (<crate> └─ <invalid location: defmt frame-index: 15>:0)
6944.655640 [INFO ] NMEA $GPGSV,3,1,12,194,89,317,21,27,67,244,,16,65,000,23,26,57,065,27*40 (<crate> └─ <invalid location: defmt frame-index: 15>:0)
6944.714079 [INFO ] NMEA $GPGSV,3,2,12,31,47,146,16,08,32,237,,04,31,266,,18,29,060,19*79 (<crate> └─ <invalid location: defmt frame-index: 15>:0)
6944.772561 [INFO ] NMEA $GPGSV,3,3,12,195,26,168,,28,19,144,18,09,19,299,,07,03,318,*4B (<crate> └─ <invalid location: defmt frame-index: 15>:0)
6944.864379 [INFO ] NMEA $GLGSV,2,1,07,74,58,008,,73,39,087,24,83,32,039,,85,32,179,18*6A (<crate> └─ <invalid location: defmt frame-index: 15>:0)
6944.893632 [INFO ] NMEA $GLGSV,2,2,07,75,21,313,,72,15,253,,65,14,304,*56 (<crate> └─ <invalid location: defmt frame-index: 15>:0)
6944.981296 [INFO ] NMEA $GNRMC,171311.000,A,0000.0000,N,00000.0000,E,0.10,297.21,210626,,,A*7B (<crate> └─ <invalid location: defmt frame-index: 15>:0)
6944.981638 [INFO ] SYNC pps_local_us=6935017227 unix_s=1782061991 drift_us=2 err_ns=-3 fire_ns=2 holdover_ms=1000 (<crate> └─ <invalid location: defmt frame-index: 17>:0)
6945.010560 [INFO ] NMEA $GPVTG,297.21,T,,M,0.10,N,0.18,K,A*3A (<crate> └─ <invalid location: defmt frame-index: 15>:0)
6945.068936 [INFO ] NMEA $GPZDA,171311.000,21,06,2026,,*51 (<crate> └─ <invalid location: defmt frame-index: 15>:0)
6945.097284 [INFO ] NMEA $GPGST,171311.000,7.2,15,9.4,82.5,9.5,15,26*72 (<crate> └─ <invalid location: defmt frame-index: 15>:0)
6945.153977 [INFO ] PPS count=6936 interval_us=1000002 interval_ns=1000002224 state=Locked missed=0 freq=ok (<crate> └─ <invalid location: defmt frame-index: 9>:0)
6945.154305 [INFO ] PPSGEN count=6937 interval_ns=1000002224 dev_ns=2224 phase_ns=204758 hwphase_ns=80 trim_ppb=13 cfg=4 p_ns=9 d_ns=1 trim_mppb=13261 lk=1 (<crate> └─ <invalid location: defmt frame-index: 18>:0)
6945.276063 [INFO ] TIME unix_ns=1782061992122102484 ppb=2242 holdover_ms=1122 locked=1 (<crate> └─ <invalid location: defmt frame-index: 10>:0)
6945.434719 [INFO ] NMEA $GPGGA,171312.000,0000.0000,N,00000.0000,E,1,6,1.86,46.5,M,39.0,M,,*6F (<crate> └─ <invalid location: defmt frame-index: 15>:0)
6945.493135 [INFO ] NMEA $GNGLL,0000.0000,N,00000.0000,E,171312.000,A,A*40 (<crate> └─ <invalid location: defmt frame-index: 15>:0)
6945.551641 [INFO ] NMEA $GNGSA,A,3,18,16,26,31,28,,,,,,,,2.09,1.86,0.96*15 (<crate> └─ <invalid location: defmt frame-index: 15>:0)
6945.580853 [INFO ] NMEA $GNGSA,A,3,73,,,,,,,,,,,,2.09,1.86,0.96*13 (<crate> └─ <invalid location: defmt frame-index: 15>:0)
6945.651857 [INFO ] NMEA $GPGSV,3,1,12,194,89,317,20,27,67,244,,16,65,000,23,26,57,065,27*41 (<crate> └─ <invalid location: defmt frame-index: 15>:0)
6945.739517 [INFO ] NMEA $GPGSV,3,2,12,31,47,146,16,08,32,237,,04,31,266,,18,29,060,19*79 (<crate> └─ <invalid location: defmt frame-index: 15>:0)
6945.797963 [INFO ] NMEA $GPGSV,3,3,12,195,26,168,,28,19,144,18,09,19,299,,07,03,318,*4B (<crate> └─ <invalid location: defmt frame-index: 15>:0)
6945.856435 [INFO ] NMEA $GLGSV,2,1,07,74,58,008,,73,39,087,24,83,32,039,,85,32,179,18*6A (<crate> └─ <invalid location: defmt frame-index: 15>:0)
6945.919072 [INFO ] NMEA $GLGSV,2,2,07,75,21,313,,72,15,253,,65,14,304,*56 (<crate> └─ <invalid location: defmt frame-index: 15>:0)
6946.006734 [INFO ] NMEA $GNRMC,171312.000,A,0000.0000,N,00000.0000,E,0.08,297.21,210626,,,A*71 (<crate> └─ <invalid location: defmt frame-index: 15>:0)
6946.007090 [INFO ] SYNC pps_local_us=6936017229 unix_s=1782061992 drift_us=2 err_ns=-18 fire_ns=18 holdover_ms=1000 (<crate> └─ <invalid location: defmt frame-index: 17>:0)
6946.036004 [INFO ] NMEA $GPVTG,297.21,T,,M,0.08,N,0.14,K,A*3F (<crate> └─ <invalid location: defmt frame-index: 15>:0)
6946.065155 [INFO ] NMEA $GPZDA,171312.000,21,06,2026,,*52 (<crate> └─ <invalid location: defmt frame-index: 15>:0)
6946.112217 [INFO ] NMEA $GPGST,171312.000,7.2,15,9.5,83.7,9.6,15,27*71 (<crate> └─ <invalid location: defmt frame-index: 15>:0)
6946.153976 [INFO ] PPS count=6937 interval_us=1000002 interval_ns=1000002240 state=Locked missed=0 freq=ok (<crate> └─ <invalid location: defmt frame-index: 9>:0)
6946.154307 [INFO ] PPSGEN count=6938 interval_ns=1000002224 dev_ns=2224 phase_ns=198758 hwphase_ns=64 trim_ppb=12 cfg=4 p_ns=6 d_ns=-4 trim_mppb=12840 lk=1 (<crate> └─ <invalid location: defmt frame-index: 18>:0)
6946.276214 [INFO ] TIME unix_ns=1782061993122239484 ppb=2242 holdover_ms=1122 locked=1 (<crate> └─ <invalid location: defmt frame-index: 10>:0)
6946.437160 [INFO ] NMEA $GPGGA,171313.000,0000.0000,N,00000.0000,E,1,6,1.86,46.5,M,39.0,M,,*6E (<crate> └─ <invalid location: defmt frame-index: 15>:0)
6946.495615 [INFO ] NMEA $GNGLL,0000.0000,N,00000.0000,E,171313.000,A,A*41 (<crate> └─ <invalid location: defmt frame-index: 15>:0)
6946.554043 [INFO ] NMEA $GNGSA,A,3,18,16,26,31,28,,,,,,,,2.09,1.86,0.96*15 (<crate> └─ <invalid location: defmt frame-index: 15>:0)
6946.612513 [INFO ] NMEA $GNGSA,A,3,73,,,,,,,,,,,,2.09,1.86,0.96*13 (<crate> └─ <invalid location: defmt frame-index: 15>:0)
6946.675113 [INFO ] NMEA $GPGSV,3,1,12,194,89,317,20,27,67,244,,16,65,000,23,26,57,065,27*41 (<crate> └─ <invalid location: defmt frame-index: 15>:0)
6946.733635 [INFO ] NMEA $GPGSV,3,2,12,31,47,146,16,08,32,237,,04,31,266,,18,29,059,19*73 (<crate> └─ <invalid location: defmt frame-index: 15>:0)
6946.821293 [INFO ] NMEA $GPGSV,3,3,12,195,26,168,,28,19,144,18,09,19,299,,07,03,318,*4B (<crate> └─ <invalid location: defmt frame-index: 15>:0)
6946.879775 [INFO ] NMEA $GLGSV,2,1,07,74,58,008,,73,39,087,24,83,32,039,,85,32,179,18*6A (<crate> └─ <invalid location: defmt frame-index: 15>:0)
6946.942367 [INFO ] NMEA $GLGSV,2,2,07,75,21,313,,72,15,253,,65,14,304,*56 (<crate> └─ <invalid location: defmt frame-index: 15>:0)
6947.000852 [INFO ] NMEA $GNRMC,171313.000,A,0000.0000,N,00000.0000,E,0.18,297.21,210626,,,A*71 (<crate> └─ <invalid location: defmt frame-index: 15>:0)
6947.001217 [INFO ] SYNC pps_local_us=6937017232 unix_s=1782061993 drift_us=2 err_ns=-2 fire_ns=2 holdover_ms=999 (<crate> └─ <invalid location: defmt frame-index: 17>:0)
6947.059280 [INFO ] NMEA $GPVTG,297.21,T,,M,0.18,N,0.33,K,A*3B (<crate> └─ <invalid location: defmt frame-index: 15>:0)
6947.088458 [INFO ] NMEA $GPZDA,171313.000,21,06,2026,,*53 (<crate> └─ <invalid location: defmt frame-index: 15>:0)
6947.125099 [INFO ] NMEA $GPGST,171313.000,7.1,15,9.5,84.5,9.6,15,27*76 (<crate> └─ <invalid location: defmt frame-index: 15>:0)
6947.153990 [INFO ] PPS count=6938 interval_us=1000002 interval_ns=1000002224 state=Locked missed=0 freq=ok (<crate> └─ <invalid location: defmt frame-index: 9>:0)
6947.154315 [INFO ] PPSGEN count=6939 interval_ns=1000002224 dev_ns=2224 phase_ns=215758 hwphase_ns=64 trim_ppb=12 cfg=4 p_ns=7 d_ns=2 trim_mppb=12356 lk=1 (<crate> └─ <invalid location: defmt frame-index: 18>:0)
6947.276361 [INFO ] TIME unix_ns=1782061994122390484 ppb=2242 holdover_ms=1122 locked=1 (<crate> └─ <invalid location: defmt frame-index: 10>:0)
6947.460557 [INFO ] NMEA $GPGGA,171314.000,0000.0000,N,00000.0000,E,1,6,1.86,46.5,M,39.0,M,,*69 (<crate> └─ <invalid location: defmt frame-index: 15>:0)
6947.518970 [INFO ] NMEA $GNGLL,0000.0000,N,00000.0000,E,171314.000,A,A*46 (<crate> └─ <invalid location: defmt frame-index: 15>:0)
6947.577444 [INFO ] NMEA $GNGSA,A,3,18,16,26,31,28,,,,,,,,2.09,1.86,0.96*15 (<crate> └─ <invalid location: defmt frame-index: 15>:0)
6947.606654 [INFO ] NMEA $GNGSA,A,3,73,,,,,,,,,,,,2.09,1.86,0.96*13 (<crate> └─ <invalid location: defmt frame-index: 15>:0)
6947.694355 [INFO ] NMEA $GPGSV,3,1,12,194,89,317,20,27,67,244,,16,65,000,23,26,57,065,27*41 (<crate> └─ <invalid location: defmt frame-index: 15>:0)
6947.756960 [INFO ] NMEA $GPGSV,3,2,12,31,47,146,16,08,32,237,,04,31,266,,18,29,059,19*73 (<crate> └─ <invalid location: defmt frame-index: 15>:0)
6947.815431 [INFO ] NMEA $GPGSV,3,3,12,195,26,168,,28,19,144,18,09,19,299,,07,03,318,*4B (<crate> └─ <invalid location: defmt frame-index: 15>:0)
6947.903095 [INFO ] NMEA $GLGSV,2,1,07,74,58,008,,73,39,087,24,83,32,039,,85,32,179,18*6A (<crate> └─ <invalid location: defmt frame-index: 15>:0)
6947.932430 [INFO ] NMEA $GLGSV,2,2,07,75,21,313,,72,15,253,,65,14,304,*56 (<crate> └─ <invalid location: defmt frame-index: 15>:0)
6948.024251 [INFO ] NMEA $GNRMC,171314.000,A,0000.0000,N,00000.0000,E,0.12,297.21,210626,,,A*7C (<crate> └─ <invalid location: defmt frame-index: 15>:0)
6948.024602 [INFO ] SYNC pps_local_us=6938017234 unix_s=1782061994 drift_us=2 err_ns=-17 fire_ns=17 holdover_ms=1000 (<crate> └─ <invalid location: defmt frame-index: 17>:0)
6948.053511 [INFO ] NMEA $GPVTG,297.21,T,,M,0.12,N,0.22,K,A*31 (<crate> └─ <invalid location: defmt frame-index: 15>:0)
6948.111820 [INFO ] NMEA $GPZDA,171314.000,21,06,2026,,*54 (<crate> └─ <invalid location: defmt frame-index: 15>:0)
6948.138081 [INFO ] NMEA $GPGST,171314.000,7.0,15,9.6,85.1,9.6,15,26*77 (<crate> └─ <invalid location: defmt frame-index: 15>:0)
6948.153975 [INFO ] PPS count=6939 interval_us=1000002 interval_ns=1000002240 state=Locked missed=0 freq=ok (<crate> └─ <invalid location: defmt frame-index: 9>:0)
6948.154302 [INFO ] PPSGEN count=6940 interval_ns=1000002240 dev_ns=2240 phase_ns=183758 hwphase_ns=64 trim_ppb=11 cfg=4 p_ns=6 d_ns=-1 trim_mppb=11927 lk=1 (<crate> └─ <invalid location: defmt frame-index: 18>:0)
6948.276506 [INFO ] TIME unix_ns=1782061995122522484 ppb=2242 holdover_ms=1122 locked=1 (<crate> └─ <invalid location: defmt frame-index: 10>:0)
6948.447809 [INFO ] NMEA $GPGGA,171315.000,0000.0000,N,00000.0000,E,1,6,1.86,46.5,M,39.0,M,,*68 (<crate> └─ <invalid location: defmt frame-index: 15>:0)
6948.487441 [INFO ] NMEA $GNGLL,0000.0000,N,00000.0000,E,171315.000,A,A*47 (<crate> └─ <invalid location: defmt frame-index: 15>:0)
6948.545911 [INFO ] NMEA $GNGSA,A,3,18,16,26,31,28,,,,,,,,2.09,1.86,0.96*15 (<crate> └─ <invalid location: defmt frame-index: 15>:0)
6948.604345 [INFO ] NMEA $GNGSA,A,3,73,,,,,,,,,,,,2.09,1.86,0.96*13 (<crate> └─ <invalid location: defmt frame-index: 15>:0)
6948.662876 [INFO ] NMEA $GPGSV,3,1,12,194,89,317,20,27,67,244,,16,65,000,23,26,57,065,27*41 (<crate> └─ <invalid location: defmt frame-index: 15>:0)
6948.754698 [INFO ] NMEA $GPGSV,3,2,12,31,47,146,16,08,32,237,,04,31,266,,18,29,059,20*79 (<crate> └─ <invalid location: defmt frame-index: 15>:0)
6948.813182 [INFO ] NMEA $GPGSV,3,3,12,195,26,168,,28,19,144,18,09,19,299,,07,03,318,*4B (<crate> └─ <invalid location: defmt frame-index: 15>:0)
6948.871618 [INFO ] NMEA $GLGSV,2,1,07,74,58,008,,73,39,087,24,83,32,039,,85,32,179,19*6B (<crate> └─ <invalid location: defmt frame-index: 15>:0)
6948.930091 [INFO ] NMEA $GLGSV,2,2,07,75,21,313,,72,15,253,,65,14,304,*56 (<crate> └─ <invalid location: defmt frame-index: 15>:0)
6949.021916 [INFO ] NMEA $GNRMC,171315.000,A,0000.0000,N,00000.0000,E,0.08,297.21,210626,,,A*76 (<crate> └─ <invalid location: defmt frame-index: 15>:0)
6949.022260 [INFO ] SYNC pps_local_us=6939017236 unix_s=1782061995 drift_us=2 err_ns=-1 fire_ns=1 holdover_ms=999 (<crate> └─ <invalid location: defmt frame-index: 17>:0)
6949.051361 [INFO ] NMEA $GPVTG,297.21,T,,M,0.08,N,0.14,K,A*3F (<crate> └─ <invalid location: defmt frame-index: 15>:0)
6949.080515 [INFO ] NMEA $GPZDA,171315.000,21,06,2026,,*55 (<crate> └─ <invalid location: defmt frame-index: 15>:0)
6949.125497 [INFO ] NMEA $GPGST,171315.000,7.0,15,9.4,88.1,9.4,15,26*7B (<crate> └─ <invalid location: defmt frame-index: 15>:0)
6949.153992 [INFO ] PPS count=6940 interval_us=1000002 interval_ns=1000002224 state=Locked missed=0 freq=ok (<crate> └─ <invalid location: defmt frame-index: 9>:0)
6949.154312 [INFO ] PPSGEN count=6941 interval_ns=1000002208 dev_ns=2208 phase_ns=212759 hwphase_ns=48 trim_ppb=11 cfg=4 p_ns=5 d_ns=-3 trim_mppb=11592 lk=1 (<crate> └─ <invalid location: defmt frame-index: 18>:0)
6949.276651 [INFO ] TIME unix_ns=1782061996122679484 ppb=2241 holdover_ms=1122 locked=1 (<crate> └─ <invalid location: defmt frame-index: 10>:0)
6949.468608 [INFO ] NMEA $GPGGA,171316.000,0000.0000,N,00000.0000,E,1,6,1.86,46.5,M,39.0,M,,*6B (<crate> └─ <invalid location: defmt frame-index: 15>:0)
6949.527016 [INFO ] NMEA $GNGLL,0000.0000,N,00000.0000,E,171316.000,A,A*44 (<crate> └─ <invalid location: defmt frame-index: 15>:0)
6949.577123 [INFO ] NMEA $GNGSA,A,3,18,16,26,31,28,,,,,,,,2.09,1.86,0.96*15 (<crate> └─ <invalid location: defmt frame-index: 15>:0)
6949.635591 [INFO ] NMEA $GNGSA,A,3,73,,,,,,,,,,,,2.09,1.86,0.96*13 (<crate> └─ <invalid location: defmt frame-index: 15>:0)
6949.694038 [INFO ] NMEA $GPGSV,3,1,12,194,89,317,20,27,67,244,,16,65,000,23,26,57,065,27*41 (<crate> └─ <invalid location: defmt frame-index: 15>:0)
6949.752518 [INFO ] NMEA $GPGSV,3,2,12,31,47,146,16,08,32,237,,04,31,266,,18,29,059,20*79 (<crate> └─ <invalid location: defmt frame-index: 15>:0)
6949.844339 [INFO ] NMEA $GPGSV,3,3,12,195,26,168,,28,19,144,18,09,19,299,,07,03,318,*4B (<crate> └─ <invalid location: defmt frame-index: 15>:0)
6949.902824 [INFO ] NMEA $GLGSV,2,1,07,74,58,008,,73,39,087,24,83,32,039,,85,32,179,19*6B (<crate> └─ <invalid location: defmt frame-index: 15>:0)
6949.961250 [INFO ] NMEA $GLGSV,2,2,07,75,21,313,,72,15,253,,65,14,304,*56 (<crate> └─ <invalid location: defmt frame-index: 15>:0)
6950.019734 [INFO ] NMEA $GNRMC,171316.000,A,0000.0000,N,00000.0000,E,0.13,297.21,210626,,,A*7F (<crate> └─ <invalid location: defmt frame-index: 15>:0)
6950.020082 [INFO ] SYNC pps_local_us=6940017238 unix_s=1782061996 drift_us=2 err_ns=-17 fire_ns=17 holdover_ms=1000 (<crate> └─ <invalid location: defmt frame-index: 17>:0)
6950.082251 [INFO ] NMEA $GPVTG,297.21,T,,M,0.13,N,0.24,K,A*36 (<crate> └─ <invalid location: defmt frame-index: 15>:0)
6950.111431 [INFO ] NMEA $GPZDA,171316.000,21,06,2026,,*56 (<crate> └─ <invalid location: defmt frame-index: 15>:0)
6950.145998 [INFO ] NMEA $GPGST,171316.000,6.9,15,9.4,89.1,9.4,15,26*71 (<crate> └─ <invalid location: defmt frame-index: 15>:0)
6950.153989 [INFO ] PPS count=6941 interval_us=1000002 interval_ns=1000002240 state=Locked missed=0 freq=ok (<crate> └─ <invalid location: defmt frame-index: 9>:0)
6950.154310 [INFO ] PPSGEN count=6942 interval_ns=1000002240 dev_ns=2240 phase_ns=195759 hwphase_ns=48 trim_ppb=11 cfg=4 p_ns=5 d_ns=0 trim_mppb=11233 lk=1 (<crate> └─ <invalid location: defmt frame-index: 18>:0)
6950.276798 [INFO ] TIME unix_ns=1782061997122812484 ppb=2241 holdover_ms=1122 locked=1 (<crate> └─ <invalid location: defmt frame-index: 10>:0)
6950.405844 [INFO ] NMEA $GPGGA,171317.000,0000.0000,N,00000.0000,E,1,6,1.86,46.5,M,39.0,M,,*6A (<crate> └─ <invalid location: defmt frame-index: 15>:0)
6950.464259 [INFO ] NMEA $GNGLL,0000.0000,N,00000.0000,E,171317.000,A,A*45 (<crate> └─ <invalid location: defmt frame-index: 15>:0)
6950.524812 [INFO ] NMEA $GNGSA,A,3,18,16,26,31,28,,,,,,,,2.09,1.86,0.96*15 (<crate> └─ <invalid location: defmt frame-index: 15>:0)
6950.554057 [INFO ] NMEA $GNGSA,A,3,73,,,,,,,,,,,,2.09,1.86,0.96*13 (<crate> └─ <invalid location: defmt frame-index: 15>:0)
6950.641720 [INFO ] NMEA $GPGSV,3,1,12,194,89,317,20,27,67,244,,16,65,000,22,26,57,065,27*40 (<crate> └─ <invalid location: defmt frame-index: 15>:0)
6950.700157 [INFO ] NMEA $GPGSV,3,2,12,31,47,146,16,08,32,237,,04,31,266,,18,29,059,20*79 (<crate> └─ <invalid location: defmt frame-index: 15>:0)
6950.758636 [INFO ] NMEA $GPGSV,3,3,12,195,26,168,,28,19,144,18,09,19,299,,07,03,318,*4B (<crate> └─ <invalid location: defmt frame-index: 15>:0)
6950.850460 [INFO ] NMEA $GLGSV,2,1,07,74,58,008,,73,39,087,24,83,32,039,,85,32,179,19*6B (<crate> └─ <invalid location: defmt frame-index: 15>:0)
6950.879713 [INFO ] NMEA $GLGSV,2,2,07,75,21,313,,72,15,253,,65,14,304,*56 (<crate> └─ <invalid location: defmt frame-index: 15>:0)
6950.967372 [INFO ] NMEA $GNRMC,171317.000,A,0000.0000,N,00000.0000,E,0.16,297.21,210626,,,A*7B (<crate> └─ <invalid location: defmt frame-index: 15>:0)
6950.967726 [INFO ] SYNC pps_local_us=6941017241 unix_s=1782061997 drift_us=2 err_ns=-1 fire_ns=1 holdover_ms=999 (<crate> └─ <invalid location: defmt frame-index: 17>:0)
6950.996640 [INFO ] NMEA $GPVTG,297.21,T,,M,0.16,N,0.30,K,A*36 (<crate> └─ <invalid location: defmt frame-index: 15>:0)
6951.055039 [INFO ] NMEA $GPZDA,171317.000,21,06,2026,,*57 (<crate> └─ <invalid location: defmt frame-index: 15>:0)
6951.083379 [INFO ] NMEA $GPGST,171317.000,6.8,15,9.4,88.6,9.4,15,26*77 (<crate> └─ <invalid location: defmt frame-index: 15>:0)
6951.153985 [INFO ] PPS count=6942 interval_us=1000002 interval_ns=1000002224 state=Locked missed=0 freq=ok (<crate> └─ <invalid location: defmt frame-index: 9>:0)
6951.154306 [INFO ] PPSGEN count=6943 interval_ns=1000002224 dev_ns=2224 phase_ns=198759 hwphase_ns=48 trim_ppb=10 cfg=4 p_ns=5 d_ns=0 trim_mppb=10898 lk=1 (<crate> └─ <invalid location: defmt frame-index: 18>:0)
6951.276953 [INFO ] TIME unix_ns=1782061998122971484 ppb=2241 holdover_ms=1122 locked=1 (<crate> └─ <invalid location: defmt frame-index: 10>:0)
6951.418542 [INFO ] NMEA $GPGGA,171318.000,0000.0000,N,00000.0000,E,1,6,1.86,46.5,M,39.0,M,,*65 (<crate> └─ <invalid location: defmt frame-index: 15>:0)
6951.476954 [INFO ] NMEA $GNGLL,0000.0000,N,00000.0000,E,171318.000,A,A*4A (<crate> └─ <invalid location: defmt frame-index: 15>:0)
6951.535424 [INFO ] NMEA $GNGSA,A,3,18,16,26,31,28,,,,,,,,2.09,1.86,0.96*15 (<crate> └─ <invalid location: defmt frame-index: 15>:0)
6951.577160 [INFO ] NMEA $GNGSA,A,3,73,,,,,,,,,,,,2.09,1.86,0.96*13 (<crate> └─ <invalid location: defmt frame-index: 15>:0)
6951.635639 [INFO ] NMEA $GPGSV,3,1,12,194,89,317,20,27,67,244,,16,65,000,23,26,57,065,27*41 (<crate> └─ <invalid location: defmt frame-index: 15>:0)
6951.723300 [INFO ] NMEA $GPGSV,3,2,12,31,47,146,16,08,32,237,,04,31,266,,18,29,059,20*79 (<crate> └─ <invalid location: defmt frame-index: 15>:0)
6951.781737 [INFO ] NMEA $GPGSV,3,3,12,195,26,168,,28,19,144,18,09,19,299,,07,03,318,*4B (<crate> └─ <invalid location: defmt frame-index: 15>:0)
6951.844379 [INFO ] NMEA $GLGSV,2,1,07,74,58,008,,73,39,087,24,83,32,039,,85,32,179,19*6B (<crate> └─ <invalid location: defmt frame-index: 15>:0)
6951.902857 [INFO ] NMEA $GLGSV,2,2,07,75,21,313,,72,15,253,,65,14,304,*56 (<crate> └─ <invalid location: defmt frame-index: 15>:0)
6951.990517 [INFO ] NMEA $GNRMC,171318.000,A,0000.0000,N,00000.0000,E,1.84,297.21,210626,,,A*7E (<crate> └─ <invalid location: defmt frame-index: 15>:0)
6951.990871 [INFO ] SYNC pps_local_us=6942017243 unix_s=1782061998 drift_us=2 err_ns=-16 fire_ns=16 holdover_ms=1000 (<crate> └─ <invalid location: defmt frame-index: 17>:0)
6952.019787 [INFO ] NMEA $GPVTG,297.21,T,,M,1.84,N,3.41,K,A*39 (<crate> └─ <invalid location: defmt frame-index: 15>:0)
6952.048966 [INFO ] NMEA $GPZDA,171318.000,21,06,2026,,*58 (<crate> └─ <invalid location: defmt frame-index: 15>:0)
6952.096040 [INFO ] NMEA $GPGST,171318.000,6.8,15,9.4,88.0,9.4,15,26*7E (<crate> └─ <invalid location: defmt frame-index: 15>:0)
6952.153996 [INFO ] PPS count=6943 interval_us=1000002 interval_ns=1000002224 state=Locked missed=0 freq=ok (<crate> └─ <invalid location: defmt frame-index: 9>:0)
6952.154319 [INFO ] PPSGEN count=6944 interval_ns=1000002224 dev_ns=2224 phase_ns=212760 hwphase_ns=48 trim_ppb=10 cfg=4 p_ns=5 d_ns=0 trim_mppb=10563 lk=1 (<crate> └─ <invalid location: defmt frame-index: 18>:0)
6952.277105 [INFO ] TIME unix_ns=1782061999123120485 ppb=2240 holdover_ms=1123 locked=1 (<crate> └─ <invalid location: defmt frame-index: 10>:0)
6952.434604 [INFO ] NMEA $GPGGA,171319.000,0000.0000,N,00000.0000,E,1,6,1.86,46.5,M,39.0,M,,*64 (<crate> └─ <invalid location: defmt frame-index: 15>:0)
6952.493018 [INFO ] NMEA $GNGLL,0000.0000,N,00000.0000,E,171319.000,A,A*4B (<crate> └─ <invalid location: defmt frame-index: 15>:0)
6952.551563 [INFO ] NMEA $GNGSA,A,3,18,16,26,31,28,,,,,,,,2.09,1.86,0.96*15 (<crate> └─ <invalid location: defmt frame-index: 15>:0)
6952.580761 [INFO ] NMEA $GNGSA,A,3,73,,,,,,,,,,,,2.09,1.86,0.96*13 (<crate> └─ <invalid location: defmt frame-index: 15>:0)
6952.662179 [INFO ] NMEA $GPGSV,3,1,12,194,89,317,20,27,67,244,,16,65,000,23,26,57,065,27*41 (<crate> └─ <invalid location: defmt frame-index: 15>:0)
6952.720660 [INFO ] NMEA $GPGSV,3,2,12,31,47,146,16,08,32,237,,04,31,266,,18,29,059,20*79 (<crate> └─ <invalid location: defmt frame-index: 15>:0)
6952.808320 [INFO ] NMEA $GPGSV,3,3,12,195,26,168,,28,19,144,18,09,19,299,,07,03,318,*4B (<crate> └─ <invalid location: defmt frame-index: 15>:0)
6952.866802 [INFO ] NMEA $GLGSV,2,1,07,74,58,008,,73,39,087,24,83,32,039,,85,32,179,19*6B (<crate> └─ <invalid location: defmt frame-index: 15>:0)
6952.929394 [INFO ] NMEA $GLGSV,2,2,07,75,21,313,,72,15,253,,65,14,304,*56 (<crate> └─ <invalid location: defmt frame-index: 15>:0)
6952.987880 [INFO ] NMEA $GNRMC,171319.000,A,0000.0000,N,00000.0000,E,1.21,297.21,210626,,,A*70 (<crate> └─ <invalid location: defmt frame-index: 15>:0)
6952.988232 [INFO ] SYNC pps_local_us=6943017245 unix_s=1782061999 drift_us=2 err_ns=-16 fire_ns=16 holdover_ms=1000 (<crate> └─ <invalid location: defmt frame-index: 17>:0)
6953.046304 [INFO ] NMEA $GPVTG,297.21,T,,M,1.21,N,2.25,K,A*35 (<crate> └─ <invalid location: defmt frame-index: 15>:0)
6953.075478 [INFO ] NMEA $GPZDA,171319.000,21,06,2026,,*59 (<crate> └─ <invalid location: defmt frame-index: 15>:0)
6953.112126 [INFO ] NMEA $GPGST,171319.000,6.7,15,9.3,87.1,9.4,15,26*79 (<crate> └─ <invalid location: defmt frame-index: 15>:0)
6953.153996 [INFO ] PPS count=6944 interval_us=1000002 interval_ns=1000002224 state=Locked missed=0 freq=ok (<crate> └─ <invalid location: defmt frame-index: 9>:0)
6953.154317 [INFO ] PPSGEN count=6945 interval_ns=1000002240 dev_ns=2240 phase_ns=194761 hwphase_ns=64 trim_ppb=10 cfg=4 p_ns=7 d_ns=4 trim_mppb=10103 lk=1 (<crate> └─ <invalid location: defmt frame-index: 18>:0)
6953.277253 [INFO ] TIME unix_ns=1782062000123261485 ppb=2240 holdover_ms=1123 locked=1 (<crate> └─ <invalid location: defmt frame-index: 10>:0)
6953.450763 [INFO ] NMEA $GPGGA,171320.000,0000.0000,N,00000.0000,E,1,6,1.86,46.5,M,39.0,M,,*6E (<crate> └─ <invalid location: defmt frame-index: 15>:0)
6953.509175 [INFO ] NMEA $GNGLL,0000.0000,N,00000.0000,E,171320.000,A,A*41 (<crate> └─ <invalid location: defmt frame-index: 15>:0)
6953.567647 [INFO ] NMEA $GNGSA,A,3,18,16,26,31,28,,,,,,,,2.09,1.86,0.96*15 (<crate> └─ <invalid location: defmt frame-index: 15>:0)
6953.596852 [INFO ] NMEA $GNGSA,A,3,73,,,,,,,,,,,,2.09,1.86,0.96*13 (<crate> └─ <invalid location: defmt frame-index: 15>:0)
6953.688717 [INFO ] NMEA $GPGSV,3,1,12,194,89,317,20,27,67,244,,16,65,000,23,26,57,065,27*41 (<crate> └─ <invalid location: defmt frame-index: 15>:0)
6953.747165 [INFO ] NMEA $GPGSV,3,2,12,31,47,146,16,08,32,237,,04,31,266,,18,29,059,20*79 (<crate> └─ <invalid location: defmt frame-index: 15>:0)
6953.805732 [INFO ] NMEA $GPGSV,3,3,12,195,26,168,,28,19,144,18,09,19,299,,07,03,318,*4B (<crate> └─ <invalid location: defmt frame-index: 15>:0)
6953.893391 [INFO ] NMEA $GLGSV,2,1,07,74,58,008,,73,39,087,24,83,32,039,,85,32,179,19*6B (<crate> └─ <invalid location: defmt frame-index: 15>:0)
6953.922644 [INFO ] NMEA $GLGSV,2,2,07,75,21,313,,72,15,253,,65,14,304,*56 (<crate> └─ <invalid location: defmt frame-index: 15>:0)
6954.014466 [INFO ] NMEA $GNRMC,171320.000,A,0000.0000,N,00000.0000,E,0.03,297.21,210626,,,A*7B (<crate> └─ <invalid location: defmt frame-index: 15>:0)
6954.014822 [INFO ] SYNC pps_local_us=6944017247 unix_s=1782062000 drift_us=2 err_ns=-15 fire_ns=15 holdover_ms=999 (<crate> └─ <invalid location: defmt frame-index: 17>:0)
6954.043737 [INFO ] NMEA $GPVTG,297.21,T,,M,0.03,N,0.06,K,A*37 (<crate> └─ <invalid location: defmt frame-index: 15>:0)
6954.102040 [INFO ] NMEA $GPZDA,171320.000,21,06,2026,,*53 (<crate> └─ <invalid location: defmt frame-index: 15>:0)
6954.128304 [INFO ] NMEA $GPGST,171320.000,6.6,15,9.3,88.0,9.3,15,26*7B (<crate> └─ <invalid location: defmt frame-index: 15>:0)
6954.154000 [INFO ] PPS count=6945 interval_us=1000002 interval_ns=1000002240 state=Locked missed=0 freq=ok (<crate> └─ <invalid location: defmt frame-index: 9>:0)
6954.154324 [INFO ] PPSGEN count=6946 interval_ns=1000002224 dev_ns=2224 phase_ns=204760 hwphase_ns=48 trim_ppb=9 cfg=4 p_ns=4 d_ns=-5 trim_mppb=9814 lk=1 (<crate> └─ <invalid location: defmt frame-index: 18>:0)
6954.277399 [INFO ] TIME unix_ns=1782062001123412485 ppb=2240 holdover_ms=1123 locked=1 (<crate> └─ <invalid location: defmt frame-index: 10>:0)
6954.456097 [INFO ] NMEA $GPGGA,171321.000,0000.0000,N,00000.0000,E,1,6,1.86,46.5,M,39.0,M,,*6F (<crate> └─ <invalid location: defmt frame-index: 15>:0)
6954.485323 [INFO ] NMEA $GNGLL,0000.0000,N,00000.0000,E,171321.000,A,A*40 (<crate> └─ <invalid location: defmt frame-index: 15>:0)
6954.543795 [INFO ] NMEA $GNGSA,A,3,18,16,26,31,28,,,,,,,,2.09,1.86,0.96*15 (<crate> └─ <invalid location: defmt frame-index: 15>:0)
6954.602223 [INFO ] NMEA $GNGSA,A,3,73,,,,,,,,,,,,2.09,1.86,0.96*13 (<crate> └─ <invalid location: defmt frame-index: 15>:0)
6954.660703 [INFO ] NMEA $GPGSV,3,1,12,194,89,317,20,27,67,244,,16,65,000,23,26,56,067,27*42 (<crate> └─ <invalid location: defmt frame-index: 15>:0)
6954.752528 [INFO ] NMEA $GPGSV,3,2,12,31,47,146,16,08,32,237,,04,31,266,,18,29,059,20*79 (<crate> └─ <invalid location: defmt frame-index: 15>:0)
6954.811007 [INFO ] NMEA $GPGSV,3,3,12,195,26,168,,28,19,144,18,09,19,299,,07,03,318,*4B (<crate> └─ <invalid location: defmt frame-index: 15>:0)
6954.869447 [INFO ] NMEA $GLGSV,2,1,07,74,58,008,,73,39,087,24,83,32,039,,85,32,179,19*6B (<crate> └─ <invalid location: defmt frame-index: 15>:0)
6954.927914 [INFO ] NMEA $GLGSV,2,2,07,75,21,313,,72,15,253,,65,14,304,*56 (<crate> └─ <invalid location: defmt frame-index: 15>:0)
6955.019744 [INFO ] NMEA $GNRMC,171321.000,A,0000.0000,N,00000.0000,E,0.07,297.21,210626,,,A*7E (<crate> └─ <invalid location: defmt frame-index: 15>:0)
6955.020095 [INFO ] SYNC pps_local_us=6945017249 unix_s=1782062001 drift_us=2 err_ns=1 fire_ns=-1 holdover_ms=1000 (<crate> └─ <invalid location: defmt frame-index: 17>:0)
6955.049008 [INFO ] NMEA $GPVTG,297.21,T,,M,0.07,N,0.13,K,A*37 (<crate> └─ <invalid location: defmt frame-index: 15>:0)
6955.078163 [INFO ] NMEA $GPZDA,171321.000,21,06,2026,,*52 (<crate> └─ <invalid location: defmt frame-index: 15>:0)
6955.123142 [INFO ] NMEA $GPGST,171321.000,6.6,15,9.2,88.1,9.2,15,26*7B (<crate> └─ <invalid location: defmt frame-index: 15>:0)
6955.153996 [INFO ] PPS count=6946 interval_us=1000002 interval_ns=1000002224 state=Locked missed=0 freq=ok (<crate> └─ <invalid location: defmt frame-index: 9>:0)
6955.154308 [INFO ] PPSGEN count=6947 interval_ns=1000002208 dev_ns=2208 phase_ns=190761 hwphase_ns=32 trim_ppb=9 cfg=4 p_ns=4 d_ns=-1 trim_mppb=9557 lk=1 (<crate> └─ <invalid location: defmt frame-index: 18>:0)
6955.277545 [INFO ] TIME unix_ns=1782062002123555485 ppb=2239 holdover_ms=1123 locked=1 (<crate> └─ <invalid location: defmt frame-index: 10>:0)
6955.474583 [INFO ] NMEA $GPGGA,171322.000,0000.0000,N,00000.0000,E,1,6,1.86,46.5,M,39.0,M,,*6C (<crate> └─ <invalid location: defmt frame-index: 15>:0)
6955.524671 [INFO ] NMEA $GNGLL,0000.0000,N,00000.0000,E,171322.000,A,A*43 (<crate> └─ <invalid location: defmt frame-index: 15>:0)
6955.583101 [INFO ] NMEA $GNGSA,A,3,18,16,26,31,28,,,,,,,,2.09,1.86,0.96*15 (<crate> └─ <invalid location: defmt frame-index: 15>:0)
6955.641671 [INFO ] NMEA $GNGSA,A,3,73,,,,,,,,,,,,2.09,1.86,0.96*13 (<crate> └─ <invalid location: defmt frame-index: 15>:0)
6955.700107 [INFO ] NMEA $GPGSV,3,1,12,194,89,317,20,27,68,246,,16,65,000,22,26,56,067,27*4E (<crate> └─ <invalid location: defmt frame-index: 15>:0)
6955.758583 [INFO ] NMEA $GPGSV,3,2,12,31,47,146,16,08,32,237,,04,31,266,,18,29,059,20*79 (<crate> └─ <invalid location: defmt frame-index: 15>:0)
6955.850407 [INFO ] NMEA $GPGSV,3,3,12,195,26,168,,28,19,144,18,09,19,299,,07,03,318,*4B (<crate> └─ <invalid location: defmt frame-index: 15>:0)
6955.908894 [INFO ] NMEA $GLGSV,2,1,07,74,58,008,,73,39,087,24,83,32,039,17,85,32,179,19*6D (<crate> └─ <invalid location: defmt frame-index: 15>:0)
6955.967318 [INFO ] NMEA $GLGSV,2,2,07,75,21,313,,72,15,253,,65,14,304,*56 (<crate> └─ <invalid location: defmt frame-index: 15>:0)
6956.025805 [INFO ] NMEA $GNRMC,171322.000,A,0000.0000,N,00000.0000,E,0.17,297.21,210626,,,A*7C (<crate> └─ <invalid location: defmt frame-index: 15>:0)
6956.026152 [INFO ] SYNC pps_local_us=6946017252 unix_s=1782062002 drift_us=2 err_ns=-15 fire_ns=15 holdover_ms=1000 (<crate> └─ <invalid location: defmt frame-index: 17>:0)
6956.088324 [INFO ] NMEA $GPVTG,297.21,T,,M,0.17,N,0.32,K,A*35 (<crate> └─ <invalid location: defmt frame-index: 15>:0)
6956.117500 [INFO ] NMEA $GPZDA,171322.000,21,06,2026,,*51 (<crate> └─ <invalid location: defmt frame-index: 15>:0)
6956.153998 [INFO ] PPS count=6947 interval_us=1000002 interval_ns=1000002224 state=Locked missed=0 freq=ok (<crate> └─ <invalid location: defmt frame-index: 9>:0)
6956.154322 [INFO ] PPSGEN count=6948 interval_ns=1000002224 dev_ns=2224 phase_ns=195761 hwphase_ns=32 trim_ppb=9 cfg=4 p_ns=3 d_ns=-1 trim_mppb=9331 lk=1 (<crate> └─ <invalid location: defmt frame-index: 18>:0)
6956.154524 [INFO ] NMEA $GPGST,171322.000,6.5,15,9.2,88.4,9.2,15,26*7E (<crate> └─ <invalid location: defmt frame-index: 15>:0)
6956.277705 [INFO ] TIME unix_ns=1782062003123697485 ppb=2239 holdover_ms=1123 locked=1 (<crate> └─ <invalid location: defmt frame-index: 10>:0)
6956.461975 [INFO ] NMEA $GPGGA,171323.000,0000.0000,N,00000.0000,E,1,6,1.86,46.5,M,39.0,M,,*6D (<crate> └─ <invalid location: defmt frame-index: 15>:0)
6956.520397 [INFO ] NMEA $GNGLL,0000.0000,N,00000.0000,E,171323.000,A,A*42 (<crate> └─ <invalid location: defmt frame-index: 15>:0)
6956.578876 [INFO ] NMEA $GNGSA,A,3,18,16,26,31,28,,,,,,,,2.09,1.86,0.96*15 (<crate> └─ <invalid location: defmt frame-index: 15>:0)
6956.608082 [INFO ] NMEA $GNGSA,A,3,73,,,,,,,,,,,,2.09,1.86,0.96*13 (<crate> └─ <invalid location: defmt frame-index: 15>:0)
6956.695778 [INFO ] NMEA $GPGSV,4,1,13,194,89,317,20,27,68,246,14,16,65,000,22,26,56,067,27*4D (<crate> └─ <invalid location: defmt frame-index: 15>:0)
6956.754219 [INFO ] NMEA $GPGSV,4,2,13,31,47,146,16,50,47,171,,08,32,237,,04,31,266,*72 (<crate> └─ <invalid location: defmt frame-index: 15>:0)
6956.816856 [INFO ] NMEA $GPGSV,4,3,13,18,29,059,20,195,26,168,,09,19,299,,28,18,145,18*4F (<crate> └─ <invalid location: defmt frame-index: 15>:0)
6956.846100 [INFO ] NMEA $GPGSV,4,4,13,07,03,318,*45 (<crate> └─ <invalid location: defmt frame-index: 15>:0)
6956.933763 [INFO ] NMEA $GLGSV,2,1,07,74,58,008,,73,39,087,24,83,32,039,16,85,32,179,19*6C (<crate> └─ <invalid location: defmt frame-index: 15>:0)
6956.992195 [INFO ] NMEA $GLGSV,2,2,07,75,21,313,,72,15,253,,65,14,304,*56 (<crate> └─ <invalid location: defmt frame-index: 15>:0)
6957.050679 [INFO ] NMEA $GNRMC,171323.000,A,0000.0000,N,00000.0000,E,0.23,297.21,210626,,,A*7A (<crate> └─ <invalid location: defmt frame-index: 15>:0)
6957.051038 [INFO ] SYNC pps_local_us=6947017254 unix_s=1782062003 drift_us=2 err_ns=-14 fire_ns=14 holdover_ms=1000 (<crate> └─ <invalid location: defmt frame-index: 17>:0)
6957.084014 [INFO ] NMEA $GPVTG,297.21,T,,M,0.23,N,0.43,K,A*34 (<crate> └─ <invalid location: defmt frame-index: 15>:0)
6957.142328 [INFO ] NMEA $GPZDA,171323.000,21,06,2026,,*50 (<crate> └─ <invalid location: defmt frame-index: 15>:0)
6957.154008 [INFO ] PPS count=6948 interval_us=1000002 interval_ns=1000002224 state=Locked missed=0 freq=ok (<crate> └─ <invalid location: defmt frame-index: 9>:0)
6957.154333 [INFO ] PPSGEN count=6949 interval_ns=1000002240 dev_ns=2240 phase_ns=205762 hwphase_ns=48 trim_ppb=8 cfg=4 p_ns=5 d_ns=4 trim_mppb=8972 lk=1 (<crate> └─ <invalid location: defmt frame-index: 18>:0)
6957.173862 [INFO ] NMEA $GPGST,171323.000,6.5,15,9.2,88.3,9.2,15,26*78 (<crate> └─ <invalid location: defmt frame-index: 15>:0)
6957.277853 [INFO ] TIME unix_ns=1782062004123854485 ppb=2238 holdover_ms=1123 locked=1 (<crate> └─ <invalid location: defmt frame-index: 10>:0)
6957.496900 [INFO ] NMEA $GPGGA,171324.000,0000.0000,N,00000.0000,E,1,6,1.86,46.5,M,39.0,M,,*6A (<crate> └─ <invalid location: defmt frame-index: 15>:0)
6957.555318 [INFO ] NMEA $GNGLL,0000.0000,N,00000.0000,E,171324.000,A,A*45 (<crate> └─ <invalid location: defmt frame-index: 15>:0)
6957.619003 [INFO ] NMEA $GNGSA,A,3,18,16,26,31,28,,,,,,,,2.09,1.86,0.96*15 (<crate> └─ <invalid location: defmt frame-index: 15>:0)
6957.648255 [INFO ] NMEA $GNGSA,A,3,73,,,,,,,,,,,,2.09,1.86,0.96*13 (<crate> └─ <invalid location: defmt frame-index: 15>:0)
6957.735912 [INFO ] NMEA $GPGSV,4,1,13,194,89,317,20,27,68,246,15,16,65,000,22,26,56,067,27*4C (<crate> └─ <invalid location: defmt frame-index: 15>:0)
6957.794391 [INFO ] NMEA $GPGSV,4,2,13,31,47,146,16,50,47,171,,08,32,237,,04,31,266,*72 (<crate> └─ <invalid location: defmt frame-index: 15>:0)
6957.856990 [INFO ] NMEA $GPGSV,4,3,13,18,29,059,20,195,26,168,,09,19,299,,28,18,145,18*4F (<crate> └─ <invalid location: defmt frame-index: 15>:0)
6957.886235 [INFO ] NMEA $GPGSV,4,4,13,07,03,318,*45 (<crate> └─ <invalid location: defmt frame-index: 15>:0)
6957.973892 [INFO ] NMEA $GLGSV,2,1,07,74,58,008,,73,39,087,24,83,32,039,16,85,32,179,19*6C (<crate> └─ <invalid location: defmt frame-index: 15>:0)
6958.003146 [INFO ] NMEA $GLGSV,2,2,07,75,21,313,,72,15,253,,65,14,304,*56 (<crate> └─ <invalid location: defmt frame-index: 15>:0)
6958.090737 [INFO ] NMEA $GNRMC,171324.000,A,0000.0000,N,00000.0000,E,0.09,297.21,210626,,,A*75 (<crate> └─ <invalid location: defmt frame-index: 15>:0)
6958.091081 [INFO ] SYNC pps_local_us=6948017256 unix_s=1782062004 drift_us=2 err_ns=-14 fire_ns=14 holdover_ms=1000 (<crate> └─ <invalid location: defmt frame-index: 17>:0)
6958.124079 [INFO ] NMEA $GPVTG,297.21,T,,M,0.09,N,0.17,K,A*3D (<crate> └─ <invalid location: defmt frame-index: 15>:0)
6958.154014 [INFO ] PPS count=6949 interval_us=1000002 interval_ns=1000002240 state=Locked missed=0 freq=ok (<crate> └─ <invalid location: defmt frame-index: 9>:0)
6958.154342 [INFO ] PPSGEN count=6950 interval_ns=1000002224 dev_ns=2224 phase_ns=207762 hwphase_ns=32 trim_ppb=8 cfg=4 p_ns=2 d_ns=-5 trim_mppb=8793 lk=1 (<crate> └─ <invalid location: defmt frame-index: 18>:0)
6958.182474 [INFO ] NMEA $GPZDA,171324.000,21,06,2026,,*57 (<crate> └─ <invalid location: defmt frame-index: 15>:0)
6958.208679 [INFO ] NMEA $GPGST,171324.000,6.4,15,9.0,87.7,9.0,15,25*76 (<crate> └─ <invalid location: defmt frame-index: 15>:0)
6958.278017 [INFO ] TIME unix_ns=1782062005123998485 ppb=2238 holdover_ms=1124 locked=1 (<crate> └─ <invalid location: defmt frame-index: 10>:0)
6958.436876 [INFO ] NMEA $GPGGA,171325.000,0000.0000,N,00000.0000,E,1,6,1.86,46.5,M,39.0,M,,*6B (<crate> └─ <invalid location: defmt frame-index: 15>:0)
6958.495300 [INFO ] NMEA $GNGLL,0000.0000,N,00000.0000,E,171325.000,A,A*44 (<crate> └─ <invalid location: defmt frame-index: 15>:0)
6958.535000 [INFO ] NMEA $GNGSA,A,3,18,16,26,31,28,,,,,,,,2.09,1.86,0.96*15 (<crate> └─ <invalid location: defmt frame-index: 15>:0)
6958.593423 [INFO ] NMEA $GNGSA,A,3,73,,,,,,,,,,,,2.09,1.86,0.96*13 (<crate> └─ <invalid location: defmt frame-index: 15>:0)
6958.651911 [INFO ] NMEA $GPGSV,4,1,13,194,89,317,20,27,68,246,13,16,65,000,22,26,56,067,27*4A (<crate> └─ <invalid location: defmt frame-index: 15>:0)
6958.739567 [INFO ] NMEA $GPGSV,4,2,13,31,47,146,15,50,47,171,,08,32,237,,04,31,266,*71 (<crate> └─ <invalid location: defmt frame-index: 15>:0)
6958.802211 [INFO ] NMEA $GPGSV,4,3,13,18,29,059,20,195,26,168,,09,19,299,,28,18,145,18*4F (<crate> └─ <invalid location: defmt frame-index: 15>:0)
6958.831410 [INFO ] NMEA $GPGSV,4,4,13,07,03,318,*45 (<crate> └─ <invalid location: defmt frame-index: 15>:0)
6958.889888 [INFO ] NMEA $GLGSV,2,1,07,74,58,008,,73,39,087,24,83,32,039,17,85,32,179,19*6D (<crate> └─ <invalid location: defmt frame-index: 15>:0)
6958.948316 [INFO ] NMEA $GLGSV,2,2,07,75,21,313,,72,15,253,,65,14,304,*56 (<crate> └─ <invalid location: defmt frame-index: 15>:0)
6959.036022 [INFO ] NMEA $GNRMC,171325.000,A,0000.0000,N,00000.0000,E,0.20,297.21,210626,,,A*7F (<crate> └─ <invalid location: defmt frame-index: 15>:0)
6959.036380 [INFO ] SYNC pps_local_us=6949017258 unix_s=1782062005 drift_us=2 err_ns=2 fire_ns=-2 holdover_ms=999 (<crate> └─ <invalid location: defmt frame-index: 17>:0)
6959.069362 [INFO ] NMEA $GPVTG,297.21,T,,M,0.20,N,0.37,K,A*34 (<crate> └─ <invalid location: defmt frame-index: 15>:0)
6959.098526 [INFO ] NMEA $GPZDA,171325.000,21,06,2026,,*56 (<crate> └─ <invalid location: defmt frame-index: 15>:0)
6959.148728 [INFO ] NMEA $GPGST,171325.000,6.4,15,8.9,89.6,8.9,15,24*79 (<crate> └─ <invalid location: defmt frame-index: 15>:0)
6959.154012 [INFO ] PPS count=6950 interval_us=1000002 interval_ns=1000002224 state=Locked missed=0 freq=ok (<crate> └─ <invalid location: defmt frame-index: 9>:0)
6959.154330 [INFO ] PPSGEN count=6951 interval_ns=1000002208 dev_ns=2208 phase_ns=199762 hwphase_ns=16 trim_ppb=8 cfg=4 p_ns=2 d_ns=-1 trim_mppb=8645 lk=1 (<crate> └─ <invalid location: defmt frame-index: 18>:0)
6959.278166 [INFO ] TIME unix_ns=1782062006124163485 ppb=2238 holdover_ms=1124 locked=1 (<crate> └─ <invalid location: defmt frame-index: 10>:0)
6959.533061 [INFO ] NMEA $GPGGA,171326.000,0000.0000,N,00000.0000,E,1,8,1.30,46.5,M,39.0,M,,*6B (<crate> └─ <invalid location: defmt frame-index: 15>:0)
6959.591477 [INFO ] NMEA $GNGLL,0000.0000,N,00000.0000,E,171326.000,A,A*47 (<crate> └─ <invalid location: defmt frame-index: 15>:0)
6959.636394 [INFO ] NMEA $GNGSA,A,3,18,16,26,27,31,28,,,,,,,1.61,1.30,0.94*12 (<crate> └─ <invalid location: defmt frame-index: 15>:0)
6959.694820 [INFO ] NMEA $GNGSA,A,3,73,83,,,,,,,,,,,1.61,1.30,0.94*1A (<crate> └─ <invalid location: defmt frame-index: 15>:0)
6959.753311 [INFO ] NMEA $GPGSV,4,1,13,194,89,317,20,27,68,246,13,16,65,000,22,26,56,067,27*4A (<crate> └─ <invalid location: defmt frame-index: 15>:0)
6959.840964 [INFO ] NMEA $GPGSV,4,2,13,50,47,171,,31,46,146,16,08,32,237,,04,31,266,*73 (<crate> └─ <invalid location: defmt frame-index: 15>:0)
6959.903604 [INFO ] NMEA $GPGSV,4,3,13,18,29,059,20,195,26,168,,09,19,299,,28,18,145,18*4F (<crate> └─ <invalid location: defmt frame-index: 15>:0)
6959.932847 [INFO ] NMEA $GPGSV,4,4,13,07,03,318,*45 (<crate> └─ <invalid location: defmt frame-index: 15>:0)
6959.991286 [INFO ] NMEA $GLGSV,2,1,07,74,58,008,,73,39,087,24,83,32,039,17,85,32,179,19*6D (<crate> └─ <invalid location: defmt frame-index: 15>:0)
6960.049721 [INFO ] NMEA $GLGSV,2,2,07,75,21,313,,72,15,253,,65,14,304,*56 (<crate> └─ <invalid location: defmt frame-index: 15>:0)
6960.137212 [INFO ] NMEA $GNRMC,171326.000,A,0000.0000,N,00000.0000,E,0.06,297.21,210626,,,A*78 (<crate> └─ <invalid location: defmt frame-index: 15>:0)
6960.137569 [INFO ] SYNC pps_local_us=6950017261 unix_s=1782062006 drift_us=2 err_ns=-13 fire_ns=13 holdover_ms=1000 (<crate> └─ <invalid location: defmt frame-index: 17>:0)
6960.154001 [INFO ] PPS count=6951 interval_us=1000002 interval_ns=1000002224 state=Locked missed=0 freq=ok (<crate> └─ <invalid location: defmt frame-index: 9>:0)
6960.154324 [INFO ] PPSGEN count=6952 interval_ns=1000002224 dev_ns=2224 phase_ns=186763 hwphase_ns=16 trim_ppb=8 cfg=4 p_ns=1 d_ns=-1 trim_mppb=8528 lk=1 (<crate> └─ <invalid location: defmt frame-index: 18>:0)
6960.170580 [INFO ] NMEA $GPVTG,297.21,T,,M,0.06,N,0.11,K,A*34 (<crate> └─ <invalid location: defmt frame-index: 15>:0)
6960.199737 [INFO ] NMEA $GPZDA,171326.000,21,06,2026,,*55 (<crate> └─ <invalid location: defmt frame-index: 15>:0)
6960.248881 [INFO ] NMEA $GPGST,171326.000,6.4,15,8.9,88.1,8.9,15,24*7C (<crate> └─ <invalid location: defmt frame-index: 15>:0)
6960.278329 [INFO ] TIME unix_ns=1782062007124303485 ppb=2237 holdover_ms=1124 locked=1 (<crate> └─ <invalid location: defmt frame-index: 10>:0)
6960.562989 [INFO ] NMEA $GPGGA,171327.000,0000.0000,N,00000.0000,E,1,8,1.30,46.5,M,39.0,M,,*6A (<crate> └─ <invalid location: defmt frame-index: 15>:0)
6960.621404 [INFO ] NMEA $GNGLL,0000.0000,N,00000.0000,E,171327.000,A,A*46 (<crate> └─ <invalid location: defmt frame-index: 15>:0)
6960.667349 [INFO ] NMEA $GNGSA,A,3,18,16,26,27,31,28,,,,,,,1.61,1.30,0.94*12 (<crate> └─ <invalid location: defmt frame-index: 15>:0)
6960.725781 [INFO ] NMEA $GNGSA,A,3,73,83,,,,,,,,,,,1.61,1.30,0.94*1A (<crate> └─ <invalid location: defmt frame-index: 15>:0)
6960.784263 [INFO ] NMEA $GPGSV,4,1,13,194,89,317,20,27,68,246,13,16,65,000,22,26,56,067,27*4A (<crate> └─ <invalid location: defmt frame-index: 15>:0)
6960.871919 [INFO ] NMEA $GPGSV,4,2,13,50,47,171,,31,46,146,16,08,32,237,,04,31,266,*73 (<crate> └─ <invalid location: defmt frame-index: 15>:0)
6960.934567 [INFO ] NMEA $GPGSV,4,3,13,18,29,059,20,195,26,168,,09,19,299,,28,18,145,18*4F (<crate> └─ <invalid location: defmt frame-index: 15>:0)
6960.963812 [INFO ] NMEA $GPGSV,4,4,13,07,03,318,*45 (<crate> └─ <invalid location: defmt frame-index: 15>:0)
6961.022240 [INFO ] NMEA $GLGSV,2,1,07,74,58,008,,73,39,087,24,83,32,039,17,85,32,179,19*6D (<crate> └─ <invalid location: defmt frame-index: 15>:0)
6961.080642 [INFO ] NMEA $GLGSV,2,2,07,75,21,313,,72,15,253,,65,14,304,*56 (<crate> └─ <invalid location: defmt frame-index: 15>:0)
6961.154027 [INFO ] PPS count=6952 interval_us=1000002 interval_ns=1000002224 state=Locked missed=0 freq=ok (<crate> └─ <invalid location: defmt frame-index: 9>:0)
6961.154333 [INFO ] PPSGEN count=6953 interval_ns=1000002224 dev_ns=2224 phase_ns=202526 hwphase_ns=16 trim_ppb=8 cfg=4 p_ns=2 d_ns=0 trim_mppb=8403 lk=1 (<crate> └─ <invalid location: defmt frame-index: 18>:0)
6961.168200 [INFO ] NMEA $GNRMC,171327.000,A,0000.0000,N,00000.0000,E,0.05,297.21,210626,,,A*7A (<crate> └─ <invalid location: defmt frame-index: 15>:0)
6961.168563 [INFO ] SYNC pps_local_us=6952017265 unix_s=1782062007 drift_us=2 err_ns=-25 fire_ns=-2212 holdover_ms=2000 (<crate> └─ <invalid location: defmt frame-index: 17>:0)
6961.201482 [INFO ] NMEA $GPVTG,297.21,T,,M,0.05,N,0.09,K,A*3E (<crate> └─ <invalid location: defmt frame-index: 15>:0)
6961.230662 [INFO ] NMEA $GPZDA,171327.000,21,06,2026,,*54 (<crate> └─ <invalid location: defmt frame-index: 15>:0)
6961.278499 [INFO ] TIME unix_ns=1782062007124462722 ppb=2237 holdover_ms=124 locked=1 (<crate> └─ <invalid location: defmt frame-index: 10>:0)
6961.278789 [INFO ] NMEA $GPGST,171327.000,6.3,15,9.0,87.6,9.0,15,25*73 (<crate> └─ <invalid location: defmt frame-index: 15>:0)
6961.541864 [INFO ] NMEA $GPGGA,171328.000,0000.0000,N,00000.0000,E,1,8,1.81,46.5,M,39.0,M,,*6F (<crate> └─ <invalid location: defmt frame-index: 15>:0)
6961.600297 [INFO ] NMEA $GNGLL,0000.0000,N,00000.0000,E,171328.000,A,A*49 (<crate> └─ <invalid location: defmt frame-index: 15>:0)
6961.647295 [INFO ] NMEA $GNGSA,A,3,18,16,26,27,31,28,,,,,,,2.04,1.81,0.94*18 (<crate> └─ <invalid location: defmt frame-index: 15>:0)
6961.705760 [INFO ] NMEA $GNGSA,A,3,73,83,,,,,,,,,,,2.04,1.81,0.94*10 (<crate> └─ <invalid location: defmt frame-index: 15>:0)
6961.764197 [INFO ] NMEA $GPGSV,4,1,13,194,89,317,21,27,68,246,13,16,65,000,22,26,56,067,27*4B (<crate> └─ <invalid location: defmt frame-index: 15>:0)
6961.851856 [INFO ] NMEA $GPGSV,4,2,13,50,47,171,,31,46,146,16,08,32,237,,04,31,266,*73 (<crate> └─ <invalid location: defmt frame-index: 15>:0)
6961.914501 [INFO ] NMEA $GPGSV,4,3,13,18,29,059,20,195,26,168,,09,19,299,,28,18,145,18*4F (<crate> └─ <invalid location: defmt frame-index: 15>:0)
6961.943739 [INFO ] NMEA $GPGSV,4,4,13,07,03,318,*45 (<crate> └─ <invalid location: defmt frame-index: 15>:0)
6962.002178 [INFO ] NMEA $GLGSV,2,1,07,74,58,008,,73,39,087,25,83,32,039,18,85,32,179,19*63 (<crate> └─ <invalid location: defmt frame-index: 15>:0)
6962.060613 [INFO ] NMEA $GLGSV,2,2,07,75,21,313,,72,15,253,,65,14,304,*56 (<crate> └─ <invalid location: defmt frame-index: 15>:0)
6962.148106 [INFO ] NMEA $GNRMC,171328.000,A,0000.0000,N,00000.0000,E,0.02,297.21,210626,,,A*72 (<crate> └─ <invalid location: defmt frame-index: 15>:0)
6962.154028 [INFO ] PPS count=6953 interval_us=1000002 interval_ns=1000002240 state=Locked missed=0 freq=ok (<crate> └─ <invalid location: defmt frame-index: 9>:0)
6962.154349 [INFO ] PPSGEN count=6954 interval_ns=1000002224 dev_ns=2224 phase_ns=212763 hwphase_ns=0 trim_ppb=8 cfg=4 p_ns=0 d_ns=-4 trim_mppb=8418 lk=1 (<crate> └─ <invalid location: defmt frame-index: 18>:0)
6962.181473 [INFO ] NMEA $GPVTG,297.21,T,,M,0.02,N,0.03,K,A*33 (<crate> └─ <invalid location: defmt frame-index: 15>:0)
6962.210631 [INFO ] NMEA $GPZDA,171328.000,21,06,2026,,*5B (<crate> └─ <invalid location: defmt frame-index: 15>:0)
6962.257688 [INFO ] NMEA $GPGST,171328.000,6.3,15,8.9,87.1,9.0,15,25*73 (<crate> └─ <invalid location: defmt frame-index: 15>:0)
6962.278661 [INFO ] TIME unix_ns=1782062008124631485 ppb=2237 holdover_ms=1124 locked=1 (<crate> └─ <invalid location: defmt frame-index: 10>:0)
6962.520835 [INFO ] NMEA $GPGGA,171329.000,0000.0000,N,00000.0000,E,1,8,1.81,46.5,M,39.0,M,,*6E (<crate> └─ <invalid location: defmt frame-index: 15>:0)
6962.579256 [INFO ] NMEA $GNGLL,0000.0000,N,00000.0000,E,171329.000,A,A*48 (<crate> └─ <invalid location: defmt frame-index: 15>:0)
6962.627284 [INFO ] NMEA $GNGSA,A,3,18,16,26,27,31,28,,,,,,,2.04,1.81,0.94*18 (<crate> └─ <invalid location: defmt frame-index: 15>:0)
6962.685752 [INFO ] NMEA $GNGSA,A,3,73,83,,,,,,,,,,,2.04,1.81,0.94*10 (<crate> └─ <invalid location: defmt frame-index: 15>:0)
6962.744192 [INFO ] NMEA $GPGSV,4,1,13,194,89,325,21,27,68,246,13,16,65,000,22,26,56,067,27*4A (<crate> └─ <invalid location: defmt frame-index: 15>:0)
6962.831854 [INFO ] NMEA $GPGSV,4,2,13,50,47,171,,31,46,146,16,08,32,237,,04,31,266,*73 (<crate> └─ <invalid location: defmt frame-index: 15>:0)
6962.894533 [INFO ] NMEA $GPGSV,4,3,13,18,29,059,20,195,26,168,,09,19,299,,28,18,145,18*4F (<crate> └─ <invalid location: defmt frame-index: 15>:0)
6962.923778 [INFO ] NMEA $GPGSV,4,4,13,07,03,318,*45 (<crate> └─ <invalid location: defmt frame-index: 15>:0)
6962.982207 [INFO ] NMEA $GLGSV,2,1,07,74,58,008,,73,39,087,25,83,32,039,18,85,32,179,19*63 (<crate> └─ <invalid location: defmt frame-index: 15>:0)
6963.040683 [INFO ] NMEA $GLGSV,2,2,07,75,21,313,,72,15,253,,65,14,304,*56 (<crate> └─ <invalid location: defmt frame-index: 15>:0)
6963.128175 [INFO ] NMEA $GNRMC,171329.000,A,0000.0000,N,00000.0000,E,0.15,297.21,210626,,,A*75 (<crate> └─ <invalid location: defmt frame-index: 15>:0)
6963.128535 [INFO ] SYNC pps_local_us=6953017267 unix_s=1782062009 drift_us=2 err_ns=3 fire_ns=2234 holdover_ms=1000 (<crate> └─ <invalid location: defmt frame-index: 17>:0)
6963.154014 [INFO ] PPS count=6954 interval_us=1000002 interval_ns=1000002224 state=Locked missed=0 freq=ok (<crate> └─ <invalid location: defmt frame-index: 9>:0)
6963.154340 [INFO ] PPSGEN count=6955 interval_ns=1000002224 dev_ns=2224 phase_ns=195763 hwphase_ns=0 trim_ppb=8 cfg=4 p_ns=0 d_ns=1 trim_mppb=8387 lk=1 (<crate> └─ <invalid location: defmt frame-index: 18>:0)
6963.161543 [INFO ] NMEA $GPVTG,297.21,T,,M,0.15,N,0.28,K,A*3C (<crate> └─ <invalid location: defmt frame-index: 15>:0)
6963.190691 [INFO ] NMEA $GPZDA,171329.000,21,06,2026,,*5A (<crate> └─ <invalid location: defmt frame-index: 15>:0)
6963.236715 [INFO ] NMEA $GPGST,171329.000,6.3,15,8.9,87.9,9.0,15,25*7A (<crate> └─ <invalid location: defmt frame-index: 15>:0)
6963.278818 [INFO ] TIME unix_ns=1782062010124791485 ppb=2237 holdover_ms=1124 locked=1 (<crate> └─ <invalid location: defmt frame-index: 10>:0)
6963.472959 [INFO ] NMEA $GPGGA,171330.000,0000.0000,N,00000.0000,E,1,7,1.81,46.5,M,39.0,M,,*69 (<crate> └─ <invalid location: defmt frame-index: 15>:0)
6963.531375 [INFO ] NMEA $GNGLL,0000.0000,N,00000.0000,E,171330.000,A,A*40 (<crate> └─ <invalid location: defmt frame-index: 15>:0)
6963.580441 [INFO ] NMEA $GNGSA,A,3,18,16,26,31,28,,,,,,,,2.04,1.81,0.94*1D (<crate> └─ <invalid location: defmt frame-index: 15>:0)
6963.638911 [INFO ] NMEA $GNGSA,A,3,73,83,,,,,,,,,,,2.04,1.81,0.94*10 (<crate> └─ <invalid location: defmt frame-index: 15>:0)
6963.697346 [INFO ] NMEA $GPGSV,4,1,13,194,89,325,21,27,68,246,,16,65,000,22,26,56,067,27*48 (<crate> └─ <invalid location: defmt frame-index: 15>:0)
6963.755827 [INFO ] NMEA $GPGSV,4,2,13,50,47,171,,31,46,146,16,08,32,237,,04,31,266,*73 (<crate> └─ <invalid location: defmt frame-index: 15>:0)
6963.847650 [INFO ] NMEA $GPGSV,4,3,13,18,29,059,19,195,26,168,,09,19,299,,28,18,145,18*45 (<crate> └─ <invalid location: defmt frame-index: 15>:0)
6963.876895 [INFO ] NMEA $GPGSV,4,4,13,07,03,318,*45 (<crate> └─ <invalid location: defmt frame-index: 15>:0)
6963.935328 [INFO ] NMEA $GLGSV,2,1,07,74,58,008,,73,39,087,25,83,32,039,18,85,32,179,19*63 (<crate> └─ <invalid location: defmt frame-index: 15>:0)
6963.993800 [INFO ] NMEA $GLGSV,2,2,07,75,21,313,,72,15,253,,65,14,304,*56 (<crate> └─ <invalid location: defmt frame-index: 15>:0)
6964.081396 [INFO ] NMEA $GNRMC,171330.000,A,0000.0000,N,00000.0000,E,2.03,110.01,210626,,,A*76 (<crate> └─ <invalid location: defmt frame-index: 15>:0)
6964.081762 [INFO ] SYNC pps_local_us=6954017269 unix_s=1782062010 drift_us=2 err_ns=-12 fire_ns=12 holdover_ms=1000 (<crate> └─ <invalid location: defmt frame-index: 17>:0)
6964.114746 [INFO ] NMEA $GPVTG,110.01,T,,M,2.03,N,3.76,K,A*3F (<crate> └─ <invalid location: defmt frame-index: 15>:0)
6964.143922 [INFO ] NMEA $GPZDA,171330.000,21,06,2026,,*52 (<crate> └─ <invalid location: defmt frame-index: 15>:0)
6964.154024 [INFO ] PPS count=6955 interval_us=1000002 interval_ns=1000002224 state=Locked missed=0 freq=ok (<crate> └─ <invalid location: defmt frame-index: 9>:0)
6964.154350 [INFO ] PPSGEN count=6956 interval_ns=1000002208 dev_ns=2208 phase_ns=199764 hwphase_ns=-16 trim_ppb=8 cfg=4 p_ns=-2 d_ns=-5 trim_mppb=8519 lk=1 (<crate> └─ <invalid location: defmt frame-index: 18>:0)
6964.184761 [INFO ] NMEA $GPGST,171330.000,6.2,15,8.8,87.6,8.9,15,25*75 (<crate> └─ <invalid location: defmt frame-index: 15>:0)
6964.278976 [INFO ] TIME unix_ns=1782062011124951485 ppb=2236 holdover_ms=1124 locked=1 (<crate> └─ <invalid location: defmt frame-index: 10>:0)
6964.427137 [INFO ] NMEA $GPGGA,171331.000,0000.0000,N,00000.0000,E,1,7,1.81,46.5,M,39.0,M,,*68 (<crate> └─ <invalid location: defmt frame-index: 15>:0)
6964.485557 [INFO ] NMEA $GNGLL,0000.0000,N,00000.0000,E,171331.000,A,A*41 (<crate> └─ <invalid location: defmt frame-index: 15>:0)
6964.539824 [INFO ] NMEA $GNGSA,A,3,18,16,26,31,28,,,,,,,,2.04,1.81,0.94*1D (<crate> └─ <invalid location: defmt frame-index: 15>:0)
6964.569073 [INFO ] NMEA $GNGSA,A,3,73,83,,,,,,,,,,,2.04,1.81,0.94*10 (<crate> └─ <invalid location: defmt frame-index: 15>:0)
6964.656730 [INFO ] NMEA $GPGSV,4,1,13,194,89,325,21,27,68,246,,16,65,000,22,26,56,067,28*47 (<crate> └─ <invalid location: defmt frame-index: 15>:0)
6964.715212 [INFO ] NMEA $GPGSV,4,2,13,50,47,171,,31,46,146,16,08,32,237,,04,31,266,*73 (<crate> └─ <invalid location: defmt frame-index: 15>:0)
6964.802864 [INFO ] NMEA $GPGSV,4,3,13,18,29,059,18,195,26,168,,09,19,299,,28,18,145,18*44 (<crate> └─ <invalid location: defmt frame-index: 15>:0)
6964.836278 [INFO ] NMEA $GPGSV,4,4,13,07,03,318,*45 (<crate> └─ <invalid location: defmt frame-index: 15>:0)
6964.894761 [INFO ] NMEA $GLGSV,2,1,07,74,58,008,,73,39,087,25,83,32,039,18,85,32,179,19*63 (<crate> └─ <invalid location: defmt frame-index: 15>:0)
6964.953188 [INFO ] NMEA $GLGSV,2,2,07,75,21,313,,72,15,253,,65,14,304,*56 (<crate> └─ <invalid location: defmt frame-index: 15>:0)
6965.011701 [INFO ] NMEA $GNRMC,171331.000,A,0000.0000,N,00000.0000,E,1.23,109.53,210626,,,A*79 (<crate> └─ <invalid location: defmt frame-index: 15>:0)
6965.012055 [INFO ] SYNC pps_local_us=6955017272 unix_s=1782062011 drift_us=2 err_ns=-12 fire_ns=12 holdover_ms=1000 (<crate> └─ <invalid location: defmt frame-index: 17>:0)
6965.074249 [INFO ] NMEA $GPVTG,109.53,T,,M,1.23,N,2.29,K,A*3A (<crate> └─ <invalid location: defmt frame-index: 15>:0)
6965.103432 [INFO ] NMEA $GPZDA,171331.000,21,06,2026,,*53 (<crate> └─ <invalid location: defmt frame-index: 15>:0)
6965.139036 [INFO ] NMEA $GPGST,171331.000,6.2,15,8.8,87.1,8.9,15,25*73 (<crate> └─ <invalid location: defmt frame-index: 15>:0)
6965.154031 [INFO ] PPS count=6956 interval_us=1000002 interval_ns=1000002208 state=Locked missed=0 freq=ok (<crate> └─ <invalid location: defmt frame-index: 9>:0)
6965.154350 [INFO ] PPSGEN count=6957 interval_ns=1000002224 dev_ns=2224 phase_ns=203765 hwphase_ns=0 trim_ppb=8 cfg=4 p_ns=0 d_ns=6 trim_mppb=8465 lk=1 (<crate> └─ <invalid location: defmt frame-index: 18>:0)
6965.279124 [INFO ] TIME unix_ns=1782062012125105486 ppb=2235 holdover_ms=1125 locked=1 (<crate> └─ <invalid location: defmt frame-index: 10>:0)
6965.461831 [INFO ] NMEA $GPGGA,171332.000,0000.0000,N,00000.0000,E,1,7,1.81,46.5,M,39.0,M,,*6B (<crate> └─ <invalid location: defmt frame-index: 15>:0)
6965.520246 [INFO ] NMEA $GNGLL,0000.0000,N,00000.0000,E,171332.000,A,A*42 (<crate> └─ <invalid location: defmt frame-index: 15>:0)
6965.579779 [INFO ] NMEA $GNGSA,A,3,18,16,26,31,28,,,,,,,,2.04,1.81,0.94*1D (<crate> └─ <invalid location: defmt frame-index: 15>:0)
6965.609020 [INFO ] NMEA $GNGSA,A,3,73,83,,,,,,,,,,,2.04,1.81,0.94*10 (<crate> └─ <invalid location: defmt frame-index: 15>:0)
6965.696675 [INFO ] NMEA $GPGSV,3,1,12,194,89,325,21,27,68,246,,16,65,000,22,26,56,067,28*41 (<crate> └─ <invalid location: defmt frame-index: 15>:0)
6965.755114 [INFO ] NMEA $GPGSV,3,2,12,31,46,146,16,08,32,237,,04,31,266,,18,29,059,18*73 (<crate> └─ <invalid location: defmt frame-index: 15>:0)
6965.813592 [INFO ] NMEA $GPGSV,3,3,12,195,26,168,,09,19,299,,28,18,145,18,07,03,318,*4B (<crate> └─ <invalid location: defmt frame-index: 15>:0)
6965.905417 [INFO ] NMEA $GLGSV,2,1,07,74,58,008,,73,39,087,25,83,32,039,18,85,32,179,19*63 (<crate> └─ <invalid location: defmt frame-index: 15>:0)
6965.963895 [INFO ] NMEA $GLGSV,2,2,07,75,21,313,,72,15,253,,65,14,304,*56 (<crate> └─ <invalid location: defmt frame-index: 15>:0)
6966.022334 [INFO ] NMEA $GNRMC,171332.000,A,0000.0000,N,00000.0000,E,0.70,10.53,210626,,,A*44 (<crate> └─ <invalid location: defmt frame-index: 15>:0)
6966.022689 [INFO ] SYNC pps_local_us=6956017274 unix_s=1782062012 drift_us=2 err_ns=-27 fire_ns=27 holdover_ms=1000 (<crate> └─ <invalid location: defmt frame-index: 17>:0)
6966.051597 [INFO ] NMEA $GPVTG,10.53,T,,M,0.70,N,1.30,K,A*0F (<crate> └─ <invalid location: defmt frame-index: 15>:0)
6966.114068 [INFO ] NMEA $GPZDA,171332.000,21,06,2026,,*50 (<crate> └─ <invalid location: defmt frame-index: 15>:0)
6966.141364 [INFO ] NMEA $GPGST,171332.000,6.1,15,8.6,87.6,8.7,15,24*75 (<crate> └─ <invalid location: defmt frame-index: 15>:0)
6966.154021 [INFO ] PPS count=6957 interval_us=1000002 interval_ns=1000002240 state=Locked missed=0 freq=ok (<crate> └─ <invalid location: defmt frame-index: 9>:0)
6966.154345 [INFO ] PPSGEN count=6958 interval_ns=1000002224 dev_ns=2224 phase_ns=185765 hwphase_ns=-16 trim_ppb=8 cfg=4 p_ns=-2 d_ns=-7 trim_mppb=8636 lk=1 (<crate> └─ <invalid location: defmt frame-index: 18>:0)
6966.279272 [INFO ] TIME unix_ns=1782062013125254485 ppb=2235 holdover_ms=1125 locked=1 (<crate> └─ <invalid location: defmt frame-index: 10>:0)
6966.457726 [INFO ] NMEA $GPGGA,171333.000,0000.0000,N,00000.0000,E,1,7,1.81,46.5,M,39.0,M,,*6A (<crate> └─ <invalid location: defmt frame-index: 15>:0)
6966.516135 [INFO ] NMEA $GNGLL,0000.0000,N,00000.0000,E,171333.000,A,A*43 (<crate> └─ <invalid location: defmt frame-index: 15>:0)
6966.574600 [INFO ] NMEA $GNGSA,A,3,18,16,26,31,28,,,,,,,,2.04,1.81,0.94*1D (<crate> └─ <invalid location: defmt frame-index: 15>:0)
6966.613231 [INFO ] NMEA $GNGSA,A,3,73,83,,,,,,,,,,,2.04,1.81,0.94*10 (<crate> └─ <invalid location: defmt frame-index: 15>:0)
6966.671705 [INFO ] NMEA $GPGSV,3,1,12,194,89,325,21,27,68,246,,16,65,000,22,26,56,067,28*41 (<crate> └─ <invalid location: defmt frame-index: 15>:0)
6966.759437 [INFO ] NMEA $GPGSV,3,2,12,31,46,146,16,08,32,237,,04,31,266,,18,29,059,18*73 (<crate> └─ <invalid location: defmt frame-index: 15>:0)
6966.817874 [INFO ] NMEA $GPGSV,3,3,12,195,26,168,,09,19,299,,28,18,145,18,07,03,318,*4B (<crate> └─ <invalid location: defmt frame-index: 15>:0)
6966.880518 [INFO ] NMEA $GLGSV,2,1,07,74,58,008,,73,39,087,25,83,32,039,18,85,32,179,19*63 (<crate> └─ <invalid location: defmt frame-index: 15>:0)
6966.938995 [INFO ] NMEA $GLGSV,2,2,07,75,21,313,,72,15,253,,65,14,304,*56 (<crate> └─ <invalid location: defmt frame-index: 15>:0)
6967.026655 [INFO ] NMEA $GNRMC,171333.000,A,0000.0000,N,00000.0000,E,1.09,87.10,210626,,,A*43 (<crate> └─ <invalid location: defmt frame-index: 15>:0)
6967.027010 [INFO ] SYNC pps_local_us=6957017276 unix_s=1782062013 drift_us=2 err_ns=5 fire_ns=-5 holdover_ms=999 (<crate> └─ <invalid location: defmt frame-index: 17>:0)
6967.055888 [INFO ] NMEA $GPVTG,87.10,T,,M,1.09,N,2.02,K,A*0B (<crate> └─ <invalid location: defmt frame-index: 15>:0)
6967.085037 [INFO ] NMEA $GPZDA,171333.000,21,06,2026,,*51 (<crate> └─ <invalid location: defmt frame-index: 15>:0)
6967.137322 [INFO ] NMEA $GPGST,171333.000,6.1,15,8.6,87.4,8.6,15,24*77 (<crate> └─ <invalid location: defmt frame-index: 15>:0)
6967.154033 [INFO ] PPS count=6958 interval_us=1000002 interval_ns=1000002224 state=Locked missed=0 freq=ok (<crate> └─ <invalid location: defmt frame-index: 9>:0)
6967.154344 [INFO ] PPSGEN count=6959 interval_ns=1000002224 dev_ns=2224 phase_ns=208765 hwphase_ns=-16 trim_ppb=8 cfg=4 p_ns=0 d_ns=3 trim_mppb=8690 lk=1 (<crate> └─ <invalid location: defmt frame-index: 18>:0)
6967.279412 [INFO ] TIME unix_ns=1782062014125402485 ppb=2235 holdover_ms=1125 locked=1 (<crate> └─ <invalid location: defmt frame-index: 10>:0)
6967.489953 [INFO ] NMEA $GPGGA,171334.000,0000.0000,N,00000.0000,E,1,7,1.81,46.5,M,39.0,M,,*6D (<crate> └─ <invalid location: defmt frame-index: 15>:0)
6967.548367 [INFO ] NMEA $GNGLL,0000.0000,N,00000.0000,E,171334.000,A,A*44 (<crate> └─ <invalid location: defmt frame-index: 15>:0)
6967.606840 [INFO ] NMEA $GNGSA,A,3,18,16,26,31,28,,,,,,,,2.04,1.81,0.94*1D (<crate> └─ <invalid location: defmt frame-index: 15>:0)
6967.636040 [INFO ] NMEA $GNGSA,A,3,73,83,,,,,,,,,,,2.04,1.81,0.94*10 (<crate> └─ <invalid location: defmt frame-index: 15>:0)
6967.712267 [INFO ] NMEA $GPGSV,3,1,12,194,89,325,20,27,68,246,,16,65,000,22,26,56,067,28*40 (<crate> └─ <invalid location: defmt frame-index: 15>:0)
6967.799922 [INFO ] NMEA $GPGSV,3,2,12,31,46,146,16,08,32,237,,04,31,266,,18,29,059,18*73 (<crate> └─ <invalid location: defmt frame-index: 15>:0)
6967.858403 [INFO ] NMEA $GPGSV,3,3,12,195,26,168,,09,19,299,,28,18,145,18,07,03,318,*4B (<crate> └─ <invalid location: defmt frame-index: 15>:0)
6967.916839 [INFO ] NMEA $GLGSV,2,1,07,74,58,008,,73,39,087,25,83,32,039,18,85,32,179,19*63 (<crate> └─ <invalid location: defmt frame-index: 15>:0)
6967.979477 [INFO ] NMEA $GLGSV,2,2,07,75,21,313,,72,15,253,,65,14,304,*56 (<crate> └─ <invalid location: defmt frame-index: 15>:0)
6968.067107 [INFO ] NMEA $GNRMC,171334.000,A,0000.0000,N,00000.0000,E,1.36,121.93,210626,,,A*7E (<crate> └─ <invalid location: defmt frame-index: 15>:0)
6968.067461 [INFO ] SYNC pps_local_us=6958017278 unix_s=1782062014 drift_us=2 err_ns=-11 fire_ns=11 holdover_ms=1000 (<crate> └─ <invalid location: defmt frame-index: 17>:0)
6968.096308 [INFO ] NMEA $GPVTG,121.93,T,,M,1.36,N,2.51,K,A*37 (<crate> └─ <invalid location: defmt frame-index: 15>:0)
6968.125461 [INFO ] NMEA $GPZDA,171334.000,21,06,2026,,*56 (<crate> └─ <invalid location: defmt frame-index: 15>:0)
6968.154033 [INFO ] PPS count=6959 interval_us=1000002 interval_ns=1000002224 state=Locked missed=0 freq=ok (<crate> └─ <invalid location: defmt frame-index: 9>:0)
6968.154351 [INFO ] PPSGEN count=6960 interval_ns=1000002224 dev_ns=2224 phase_ns=202765 hwphase_ns=-16 trim_ppb=8 cfg=4 p_ns=-2 d_ns=-3 trim_mppb=8838 lk=1 (<crate> └─ <invalid location: defmt frame-index: 18>:0)
6968.171513 [INFO ] NMEA $GPGST,171334.000,6.0,15,8.6,86.8,8.6,15,24*7C (<crate> └─ <invalid location: defmt frame-index: 15>:0)
6968.279572 [INFO ] TIME unix_ns=1782062015125535485 ppb=2235 holdover_ms=1125 locked=1 (<crate> └─ <invalid location: defmt frame-index: 10>:0)
6968.433383 [INFO ] NMEA $GPGGA,171335.000,0000.0000,N,00000.0000,E,1,7,1.81,46.5,M,39.0,M,,*6C (<crate> └─ <invalid location: defmt frame-index: 15>:0)
6968.491847 [INFO ] NMEA $GNGLL,0000.0000,N,00000.0000,E,171335.000,A,A*45 (<crate> └─ <invalid location: defmt frame-index: 15>:0)
6968.550275 [INFO ] NMEA $GNGSA,A,3,18,16,26,31,28,,,,,,,,2.04,1.81,0.94*1D (<crate> └─ <invalid location: defmt frame-index: 15>:0)
6968.608746 [INFO ] NMEA $GNGSA,A,3,73,83,,,,,,,,,,,2.04,1.81,0.94*10 (<crate> └─ <invalid location: defmt frame-index: 15>:0)
6968.671347 [INFO ] NMEA $GPGSV,3,1,12,194,89,325,20,27,68,246,,16,65,000,22,26,56,067,28*40 (<crate> └─ <invalid location: defmt frame-index: 15>:0)
6968.729829 [INFO ] NMEA $GPGSV,3,2,12,31,46,146,16,08,32,237,,04,31,266,,18,29,059,18*73 (<crate> └─ <invalid location: defmt frame-index: 15>:0)
6968.817490 [INFO ] NMEA $GPGSV,3,3,12,195,26,168,,09,19,299,,28,18,145,18,07,03,318,*4B (<crate> └─ <invalid location: defmt frame-index: 15>:0)
6968.875977 [INFO ] NMEA $GLGSV,2,1,07,74,58,008,,73,39,087,26,83,32,039,18,85,32,179,19*60 (<crate> └─ <invalid location: defmt frame-index: 15>:0)
6968.938563 [INFO ] NMEA $GLGSV,2,2,07,75,21,313,,72,15,253,,65,14,304,*56 (<crate> └─ <invalid location: defmt frame-index: 15>:0)
6968.997050 [INFO ] NMEA $GNRMC,171335.000,A,0000.0000,N,00000.0000,E,0.29,121.93,210626,,,A*70 (<crate> └─ <invalid location: defmt frame-index: 15>:0)
6968.997402 [INFO ] SYNC pps_local_us=6959017281 unix_s=1782062015 drift_us=2 err_ns=-10 fire_ns=10 holdover_ms=1000 (<crate> └─ <invalid location: defmt frame-index: 17>:0)
6969.055481 [INFO ] NMEA $GPVTG,121.93,T,,M,0.29,N,0.54,K,A*3F (<crate> └─ <invalid location: defmt frame-index: 15>:0)
6969.084647 [INFO ] NMEA $GPZDA,171335.000,21,06,2026,,*57 (<crate> └─ <invalid location: defmt frame-index: 15>:0)
6969.124421 [INFO ] NMEA $GPGST,171335.000,6.0,15,8.6,86.3,8.6,15,24*76 (<crate> └─ <invalid location: defmt frame-index: 15>:0)
6969.154038 [INFO ] PPS count=6960 interval_us=1000002 interval_ns=1000002224 state=Locked missed=0 freq=ok (<crate> └─ <invalid location: defmt frame-index: 9>:0)
6969.154362 [INFO ] PPSGEN count=6961 interval_ns=1000002224 dev_ns=2224 phase_ns=207766 hwphase_ns=-16 trim_ppb=8 cfg=4 p_ns=-1 d_ns=2 trim_mppb=8923 lk=1 (<crate> └─ <invalid location: defmt frame-index: 18>:0)
6969.279719 [INFO ] TIME unix_ns=1782062016125693485 ppb=2234 holdover_ms=1125 locked=1 (<crate> └─ <invalid location: defmt frame-index: 10>:0)
6969.438615 [INFO ] NMEA $GPGGA,171336.000,0000.0000,N,00000.0000,E,1,7,1.81,46.5,M,39.0,M,,*6F (<crate> └─ <invalid location: defmt frame-index: 15>:0)
6969.497014 [INFO ] NMEA $GNGLL,0000.0000,N,00000.0000,E,171336.000,A,A*46 (<crate> └─ <invalid location: defmt frame-index: 15>:0)
6969.555487 [INFO ] NMEA $GNGSA,A,3,18,16,26,31,28,,,,,,,,2.04,1.81,0.94*1D (<crate> └─ <invalid location: defmt frame-index: 15>:0)
6969.584694 [INFO ] NMEA $GNGSA,A,3,73,83,,,,,,,,,,,2.04,1.81,0.94*10 (<crate> └─ <invalid location: defmt frame-index: 15>:0)
6969.672394 [INFO ] NMEA $GPGSV,3,1,12,194,89,325,20,27,68,246,,16,65,000,22,26,56,067,28*40 (<crate> └─ <invalid location: defmt frame-index: 15>:0)
6969.734997 [INFO ] NMEA $GPGSV,3,2,12,31,46,146,16,08,32,237,,04,31,266,,18,29,059,18*73 (<crate> └─ <invalid location: defmt frame-index: 15>:0)
6969.793477 [INFO ] NMEA $GPGSV,3,3,12,195,26,168,,09,19,299,,28,18,145,18,07,03,318,*4B (<crate> └─ <invalid location: defmt frame-index: 15>:0)
6969.881135 [INFO ] NMEA $GLGSV,2,1,07,74,58,008,,73,39,087,26,83,32,039,18,85,32,179,19*60 (<crate> └─ <invalid location: defmt frame-index: 15>:0)
6969.939612 [INFO ] NMEA $GLGSV,2,2,07,75,21,313,,72,15,253,,65,14,304,*56 (<crate> └─ <invalid location: defmt frame-index: 15>:0)
6970.002215 [INFO ] NMEA $GNRMC,171336.000,A,0000.0000,N,00000.0000,E,0.53,121.93,210626,,,A*7E (<crate> └─ <invalid location: defmt frame-index: 15>:0)
6970.002562 [INFO ] SYNC pps_local_us=6960017283 unix_s=1782062016 drift_us=2 err_ns=-10 fire_ns=10 holdover_ms=1000 (<crate> └─ <invalid location: defmt frame-index: 17>:0)
6970.060654 [INFO ] NMEA $GPVTG,121.93,T,,M,0.53,N,0.99,K,A*33 (<crate> └─ <invalid location: defmt frame-index: 15>:0)
6970.089825 [INFO ] NMEA $GPZDA,171336.000,21,06,2026,,*54 (<crate> └─ <invalid location: defmt frame-index: 15>:0)
6970.118994 [INFO ] NMEA $GPGST,171336.000,5.9,15,8.4,87.8,8.4,15,24*75 (<crate> └─ <invalid location: defmt frame-index: 15>:0)
6970.154037 [INFO ] PPS count=6961 interval_us=1000002 interval_ns=1000002208 state=Locked missed=0 freq=ok (<crate> └─ <invalid location: defmt frame-index: 9>:0)
6970.154355 [INFO ] PPSGEN count=6962 interval_ns=1000002208 dev_ns=2208 phase_ns=194766 hwphase_ns=-16 trim_ppb=9 cfg=4 p_ns=-2 d_ns=-1 trim_mppb=9055 lk=1 (<crate> └─ <invalid location: defmt frame-index: 18>:0)
6970.279860 [INFO ] TIME unix_ns=1782062017125825486 ppb=2234 holdover_ms=1125 locked=1 (<crate> └─ <invalid location: defmt frame-index: 10>:0)
6970.448594 [INFO ] NMEA $GPGGA,171337.000,0000.0000,N,00000.0000,E,1,7,1.81,46.5,M,39.0,M,,*6E (<crate> └─ <invalid location: defmt frame-index: 15>:0)
6970.510124 [INFO ] NMEA $GNGLL,0000.0000,N,00000.0000,E,171337.000,A,A*47 (<crate> └─ <invalid location: defmt frame-index: 15>:0)
6970.568599 [INFO ] NMEA $GNGSA,A,3,18,16,26,31,28,,,,,,,,2.04,1.81,0.94*1D (<crate> └─ <invalid location: defmt frame-index: 15>:0)
6970.597847 [INFO ] NMEA $GNGSA,A,3,73,83,,,,,,,,,,,2.04,1.81,0.94*10 (<crate> └─ <invalid location: defmt frame-index: 15>:0)
6970.685503 [INFO ] NMEA $GPGSV,3,1,12,194,89,325,20,27,68,246,,16,65,000,22,26,56,067,28*40 (<crate> └─ <invalid location: defmt frame-index: 15>:0)
6970.748150 [INFO ] NMEA $GPGSV,3,2,12,31,46,146,16,08,32,237,,04,31,266,,18,29,059,18*73 (<crate> └─ <invalid location: defmt frame-index: 15>:0)
6970.806588 [INFO ] NMEA $GPGSV,3,3,12,195,26,168,,09,19,299,,28,18,145,19,07,03,318,*4A (<crate> └─ <invalid location: defmt frame-index: 15>:0)
6970.894251 [INFO ] NMEA $GLGSV,2,1,07,74,58,008,,73,39,087,26,83,32,039,18,85,32,179,19*60 (<crate> └─ <invalid location: defmt frame-index: 15>:0)
6970.923504 [INFO ] NMEA $GLGSV,2,2,07,75,21,313,,72,15,253,,65,14,304,*56 (<crate> └─ <invalid location: defmt frame-index: 15>:0)
6971.015367 [INFO ] NMEA $GNRMC,171337.000,A,0000.0000,N,00000.0000,E,1.02,172.99,210626,,,A*76 (<crate> └─ <invalid location: defmt frame-index: 15>:0)
6971.015719 [INFO ] SYNC pps_local_us=6961017285 unix_s=1782062017 drift_us=2 err_ns=-25 fire_ns=25 holdover_ms=999 (<crate> └─ <invalid location: defmt frame-index: 17>:0)
6971.044590 [INFO ] NMEA $GPVTG,172.99,T,,M,1.02,N,1.88,K,A*3B (<crate> └─ <invalid location: defmt frame-index: 15>:0)
6971.102897 [INFO ] NMEA $GPZDA,171337.000,21,06,2026,,*55 (<crate> └─ <invalid location: defmt frame-index: 15>:0)
6971.130201 [INFO ] NMEA $GPGST,171337.000,5.8,15,8.3,88.0,8.3,15,23*75 (<crate> └─ <invalid location: defmt frame-index: 15>:0)
6971.154035 [INFO ] PPS count=6962 interval_us=1000002 interval_ns=1000002240 state=Locked missed=0 freq=ok (<crate> └─ <invalid location: defmt frame-index: 9>:0)
6971.154365 [INFO ] PPSGEN count=6963 interval_ns=1000002224 dev_ns=2224 phase_ns=204766 hwphase_ns=-32 trim_ppb=9 cfg=4 p_ns=-3 d_ns=-3 trim_mppb=9281 lk=1 (<crate> └─ <invalid location: defmt frame-index: 18>:0)
6971.280011 [INFO ] TIME unix_ns=1782062018125976485 ppb=2234 holdover_ms=1125 locked=1 (<crate> └─ <invalid location: defmt frame-index: 10>:0)
6971.450644 [INFO ] NMEA $GPGGA,171338.000,0000.0000,N,00000.0000,E,1,7,1.81,46.5,M,39.0,M,,*61 (<crate> └─ <invalid location: defmt frame-index: 15>:0)
6971.518476 [INFO ] NMEA $GNGLL,0000.0000,N,00000.0000,E,171338.000,A,A*48 (<crate> └─ <invalid location: defmt frame-index: 15>:0)
6971.547724 [INFO ] NMEA $GNGSA,A,3,18,16,26,31,28,,,,,,,,2.04,1.81,0.94*1D (<crate> └─ <invalid location: defmt frame-index: 15>:0)
6971.606141 [INFO ] NMEA $GNGSA,A,3,73,83,,,,,,,,,,,2.04,1.81,0.94*10 (<crate> └─ <invalid location: defmt frame-index: 15>:0)
6971.664622 [INFO ] NMEA $GPGSV,3,1,12,194,89,325,20,27,68,246,,16,65,000,22,26,56,067,28*40 (<crate> └─ <invalid location: defmt frame-index: 15>:0)
6971.752283 [INFO ] NMEA $GPGSV,3,2,12,31,46,146,16,08,32,237,,04,31,266,,18,29,059,18*73 (<crate> └─ <invalid location: defmt frame-index: 15>:0)
6971.814928 [INFO ] NMEA $GPGSV,3,3,12,195,26,168,,09,19,299,,28,18,145,19,07,03,318,*4A (<crate> └─ <invalid location: defmt frame-index: 15>:0)
6971.873367 [INFO ] NMEA $GLGSV,2,1,07,74,58,008,,73,39,087,26,83,32,039,18,85,32,179,19*60 (<crate> └─ <invalid location: defmt frame-index: 15>:0)
6971.931891 [INFO ] NMEA $GLGSV,2,2,07,75,21,313,,72,15,253,,65,14,304,*56 (<crate> └─ <invalid location: defmt frame-index: 15>:0)
6972.019555 [INFO ] NMEA $GNRMC,171338.000,A,0000.0000,N,00000.0000,E,2.25,165.09,210626,,,A*70 (<crate> └─ <invalid location: defmt frame-index: 15>:0)
6972.019908 [INFO ] SYNC pps_local_us=6962017287 unix_s=1782062018 drift_us=2 err_ns=7 fire_ns=-7 holdover_ms=999 (<crate> └─ <invalid location: defmt frame-index: 17>:0)
6972.052924 [INFO ] NMEA $GPVTG,165.09,T,,M,2.25,N,4.18,K,A*3E (<crate> └─ <invalid location: defmt frame-index: 15>:0)
6972.082102 [INFO ] NMEA $GPZDA,171338.000,21,06,2026,,*5A (<crate> └─ <invalid location: defmt frame-index: 15>:0)
6972.132294 [INFO ] NMEA $GPGST,171338.000,5.8,16,8.2,87.7,8.2,16,23*72 (<crate> └─ <invalid location: defmt frame-index: 15>:0)
6972.154047 [INFO ] PPS count=6963 interval_us=1000002 interval_ns=1000002208 state=Locked missed=0 freq=ok (<crate> └─ <invalid location: defmt frame-index: 9>:0)
6972.154381 [INFO ] PPSGEN count=6964 interval_ns=1000002224 dev_ns=2224 phase_ns=216767 hwphase_ns=-16 trim_ppb=9 cfg=4 p_ns=-1 d_ns=4 trim_mppb=9359 lk=1 (<crate> └─ <invalid location: defmt frame-index: 18>:0)
6972.280160 [INFO ] TIME unix_ns=1782062019126134486 ppb=2233 holdover_ms=1126 locked=1 (<crate> └─ <invalid location: defmt frame-index: 10>:0)
6972.473687 [INFO ] NMEA $GPGGA,171339.000,0000.0000,N,00000.0000,E,1,7,1.81,46.5,M,39.0,M,,*60 (<crate> └─ <invalid location: defmt frame-index: 15>:0)
6972.532101 [INFO ] NMEA $GNGLL,0000.0000,N,00000.0000,E,171339.000,A,A*49 (<crate> └─ <invalid location: defmt frame-index: 15>:0)
6972.576998 [INFO ] NMEA $GNGSA,A,3,18,16,26,31,28,,,,,,,,2.04,1.81,0.94*1D (<crate> └─ <invalid location: defmt frame-index: 15>:0)
6972.635422 [INFO ] NMEA $GNGSA,A,3,73,83,,,,,,,,,,,2.04,1.81,0.94*10 (<crate> └─ <invalid location: defmt frame-index: 15>:0)
6972.693904 [INFO ] NMEA $GPGSV,3,1,12,194,89,325,21,27,68,246,,16,65,000,22,26,56,067,28*41 (<crate> └─ <invalid location: defmt frame-index: 15>:0)
6972.781570 [INFO ] NMEA $GPGSV,3,2,12,31,46,146,16,08,32,237,,04,31,266,,18,29,059,18*73 (<crate> └─ <invalid location: defmt frame-index: 15>:0)
6972.844208 [INFO ] NMEA $GPGSV,3,3,12,195,26,168,,09,19,299,,28,18,145,19,07,03,318,*4A (<crate> └─ <invalid location: defmt frame-index: 15>:0)
6972.902644 [INFO ] NMEA $GLGSV,2,1,07,74,58,008,,73,39,087,25,83,32,039,18,85,32,179,19*63 (<crate> └─ <invalid location: defmt frame-index: 15>:0)
6972.961122 [INFO ] NMEA $GLGSV,2,2,07,75,21,313,,72,15,253,,65,14,304,*56 (<crate> └─ <invalid location: defmt frame-index: 15>:0)
6973.048781 [INFO ] NMEA $GNRMC,171339.000,A,0000.0000,N,00000.0000,E,1.83,190.73,210626,,,A*79 (<crate> └─ <invalid location: defmt frame-index: 15>:0)
6973.049133 [INFO ] SYNC pps_local_us=6963017289 unix_s=1782062019 drift_us=2 err_ns=-25 fire_ns=24 holdover_ms=1000 (<crate> └─ <invalid location: defmt frame-index: 17>:0)
6973.077977 [INFO ] NMEA $GPVTG,190.73,T,,M,1.83,N,3.39,K,A*32 (<crate> └─ <invalid location: defmt frame-index: 15>:0)
6973.111289 [INFO ] NMEA $GPZDA,171339.000,21,06,2026,,*5B (<crate> └─ <invalid location: defmt frame-index: 15>:0)
6973.154046 [INFO ] PPS count=6964 interval_us=1000002 interval_ns=1000002224 state=Locked missed=0 freq=ok (<crate> └─ <invalid location: defmt frame-index: 9>:0)
6973.154384 [INFO ] PPSGEN count=6965 interval_ns=1000002208 dev_ns=2208 phase_ns=210767 hwphase_ns=-32 trim_ppb=9 cfg=4 p_ns=-4 d_ns=-6 trim_mppb=9632 lk=1 (<crate> └─ <invalid location: defmt frame-index: 18>:0)
6973.155285 [INFO ] NMEA $GPGST,171339.000,5.7,16,8.2,87.4,8.3,16,24*79 (<crate> └─ <invalid location: defmt frame-index: 15>:0)
6973.280323 [INFO ] TIME unix_ns=1782062020126270486 ppb=2233 holdover_ms=1126 locked=1 (<crate> └─ <invalid location: defmt frame-index: 10>:0)
6973.394560 [INFO ] NMEA $GPGGA,171340.000,0000.0000,N,00000.0000,E,1,7,1.81,46.5,M,39.0,M,,*6E (<crate> └─ <invalid location: defmt frame-index: 15>:0)
6973.452976 [INFO ] NMEA $GNGLL,0000.0000,N,00000.0000,E,171340.000,A,A*47 (<crate> └─ <invalid location: defmt frame-index: 15>:0)
6973.511450 [INFO ] NMEA $GNGSA,A,3,18,16,26,31,28,,,,,,,,2.04,1.81,0.94*1D (<crate> └─ <invalid location: defmt frame-index: 15>:0)
6973.562652 [INFO ] NMEA $GNGSA,A,3,73,83,,,,,,,,,,,2.04,1.81,0.94*10 (<crate> └─ <invalid location: defmt frame-index: 15>:0)
6973.621087 [INFO ] NMEA $GPGSV,3,1,12,194,89,325,21,27,68,246,,16,65,000,22,26,56,067,28*41 (<crate> └─ <invalid location: defmt frame-index: 15>:0)
6973.679565 [INFO ] NMEA $GPGSV,3,2,12,31,46,146,16,08,32,237,,04,31,266,,18,29,059,18*73 (<crate> └─ <invalid location: defmt frame-index: 15>:0)
6973.767228 [INFO ] NMEA $GPGSV,3,3,12,195,26,168,,09,19,299,,28,18,145,19,07,03,318,*4A (<crate> └─ <invalid location: defmt frame-index: 15>:0)
6973.829875 [INFO ] NMEA $GLGSV,2,1,07,74,58,008,,73,39,087,25,83,32,039,18,85,32,179,19*63 (<crate> └─ <invalid location: defmt frame-index: 15>:0)
6973.888304 [INFO ] NMEA $GLGSV,2,2,07,75,21,313,,72,15,253,,65,14,304,*56 (<crate> └─ <invalid location: defmt frame-index: 15>:0)
6973.946785 [INFO ] NMEA $GNRMC,171340.000,A,0000.0000,N,00000.0000,E,0.76,202.78,210626,,,A*7F (<crate> └─ <invalid location: defmt frame-index: 15>:0)
6973.947141 [INFO ] SYNC pps_local_us=6964017292 unix_s=1782062020 drift_us=2 err_ns=-8 fire_ns=8 holdover_ms=1000 (<crate> └─ <invalid location: defmt frame-index: 17>:0)
6974.005216 [INFO ] NMEA $GPVTG,202.78,T,,M,0.76,N,1.40,K,A*36 (<crate> └─ <invalid location: defmt frame-index: 15>:0)
6974.034459 [INFO ] NMEA $GPZDA,171340.000,21,06,2026,,*55 (<crate> └─ <invalid location: defmt frame-index: 15>:0)
6974.076349 [INFO ] NMEA $GPGST,171340.000,5.7,16,8.2,86.8,8.3,16,24*7A (<crate> └─ <invalid location: defmt frame-index: 15>:0)
6974.154045 [INFO ] PPS count=6965 interval_us=1000002 interval_ns=1000002208 state=Locked missed=0 freq=ok (<crate> └─ <invalid location: defmt frame-index: 9>:0)
6974.154364 [INFO ] PPSGEN count=6966 interval_ns=1000002224 dev_ns=2224 phase_ns=205768 hwphase_ns=-16 trim_ppb=9 cfg=4 p_ns=0 d_ns=7 trim_mppb=9678 lk=1 (<crate> └─ <invalid location: defmt frame-index: 18>:0)
6974.280471 [INFO ] TIME unix_ns=1782062021126433486 ppb=2232 holdover_ms=1126 locked=1 (<crate> └─ <invalid location: defmt frame-index: 10>:0)
6974.397791 [INFO ] NMEA $GPGGA,171341.000,0000.0000,N,00000.0000,E,1,7,1.81,46.5,M,39.0,M,,*6F (<crate> └─ <invalid location: defmt frame-index: 15>:0)
6974.456205 [INFO ] NMEA $GNGLL,0000.0000,N,00000.0000,E,171341.000,A,A*46 (<crate> └─ <invalid location: defmt frame-index: 15>:0)
6974.514677 [INFO ] NMEA $GNGSA,A,3,18,16,26,31,28,,,,,,,,2.04,1.81,0.94*1D (<crate> └─ <invalid location: defmt frame-index: 15>:0)
6974.543888 [INFO ] NMEA $GNGSA,A,3,73,83,,,,,,,,,,,2.04,1.81,0.94*10 (<crate> └─ <invalid location: defmt frame-index: 15>:0)
6974.630570 [INFO ] NMEA $GPGSV,3,1,12,194,89,325,21,27,68,246,,16,65,000,22,26,56,067,28*41 (<crate> └─ <invalid location: defmt frame-index: 15>:0)
6974.689010 [INFO ] NMEA $GPGSV,3,2,12,31,46,146,16,08,32,237,,04,31,266,,18,29,059,18*73 (<crate> └─ <invalid location: defmt frame-index: 15>:0)
6974.776668 [INFO ] NMEA $GPGSV,3,3,12,195,26,168,,09,19,299,,28,18,145,19,07,03,318,*4A (<crate> └─ <invalid location: defmt frame-index: 15>:0)
6974.839313 [INFO ] NMEA $GLGSV,2,1,07,74,58,008,,73,39,087,26,83,32,039,18,85,32,179,19*60 (<crate> └─ <invalid location: defmt frame-index: 15>:0)
6974.897787 [INFO ] NMEA $GLGSV,2,2,07,75,21,313,,72,15,253,,65,14,304,*56 (<crate> └─ <invalid location: defmt frame-index: 15>:0)
6974.956226 [INFO ] NMEA $GNRMC,171341.000,A,0000.0000,N,00000.0000,E,0.74,319.19,210626,,,A*70 (<crate> └─ <invalid location: defmt frame-index: 15>:0)
6974.956580 [INFO ] SYNC pps_local_us=6965017294 unix_s=1782062021 drift_us=2 err_ns=-23 fire_ns=23 holdover_ms=1000 (<crate> └─ <invalid location: defmt frame-index: 17>:0)
