0.003995 [INFO ] pico-gnss: start (NMEA on UART0/GP1 @ 9600 baud, PPS on GP2 via PIO, GPSDO) (pico_gnss pico-gnss-rs/src/main.rs:287)
6.110714 [INFO ] NMEA $GPGGA,113027.000,0000.0000,N,00000.0000,E,1,6,1.59,23.9,M,39.0,M,,*61 (pico_gnss pico-gnss-rs/src/main.rs:427)
6.168979 [INFO ] NMEA $GNGLL,0000.0000,N,00000.0000,E,113027.000,A,A*43 (pico_gnss pico-gnss-rs/src/main.rs:427)
6.227370 [INFO ] NMEA $GNGSA,A,3,12,15,20,24,10,,,,,,,,1.83,1.59,0.91*11 (pico_gnss pico-gnss-rs/src/main.rs:427)
6.256956 [INFO ] NMEA $GNGSA,A,3,73,,,,,,,,,,,,1.83,1.59,0.91*17 (pico_gnss pico-gnss-rs/src/main.rs:427)
6.348417 [INFO ] NMEA $GPGSV,4,1,14,23,63,216,,12,59,126,24,10,53,296,18,24,45,049,23*7C (pico_gnss pico-gnss-rs/src/main.rs:427)
6.407011 [INFO ] NMEA $GPGSV,4,2,14,25,40,184,,15,29,113,18,32,23,305,,28,08,251,*73 (pico_gnss pico-gnss-rs/src/main.rs:427)
6.465570 [INFO ] NMEA $GPGSV,4,3,14,20,06,110,17,19,02,058,20,18,01,208,,193,,,*75 (pico_gnss pico-gnss-rs/src/main.rs:427)
6.494942 [INFO ] NMEA $GPGSV,4,4,14,194,,,,195,,,*7D (pico_gnss pico-gnss-rs/src/main.rs:427)
6.553416 [INFO ] NMEA $GLGSV,2,1,08,74,76,196,,71,60,091,,73,49,035,23,72,49,339,*65 (pico_gnss pico-gnss-rs/src/main.rs:427)
6.644903 [INFO ] NMEA $GLGSV,2,2,08,75,22,208,,70,07,126,22,65,03,319,,88,01,313,*6B (pico_gnss pico-gnss-rs/src/main.rs:427)
6.703616 [INFO ] NMEA $GNRMC,113027.000,A,0000.0000,N,00000.0000,E,0.15,274.64,080626,,,A*79 (pico_gnss pico-gnss-rs/src/main.rs:427)
6.761795 [INFO ] NMEA $GPVTG,274.64,T,,M,0.15,N,0.28,K,A*30 (pico_gnss pico-gnss-rs/src/main.rs:427)
6.791089 [INFO ] NMEA $GPZDA,113027.000,08,06,2026,,*58 (pico_gnss pico-gnss-rs/src/main.rs:427)
6.820519 [INFO ] NMEA $GPGST,113027.000,3.9,22,15,59.6,17,20,32*7E (pico_gnss pico-gnss-rs/src/main.rs:427)
6.827049 [INFO ] PPS count=1 interval_us=0 interval_ns=0 state=First missed=0 (pico_gnss pico-gnss-rs/src/main.rs:180)
6.829572 [INFO ] PPSGEN count=1 interval_ns=1000000016 dev_ns=16 phase_ns=0 hwphase_ns=2404816 (pico_gnss pico-gnss-rs/src/main.rs:271)
7.155696 [INFO ] NMEA $GPGGA,113028.000,0000.0000,N,00000.0000,E,1,6,1.59,23.9,M,39.0,M,,*63 (pico_gnss pico-gnss-rs/src/main.rs:427)
7.214034 [INFO ] NMEA $GNGLL,0000.0000,N,00000.0000,E,113028.000,A,A*41 (pico_gnss pico-gnss-rs/src/main.rs:427)
7.272443 [INFO ] NMEA $GNGSA,A,3,12,15,20,24,10,,,,,,,,1.83,1.59,0.91*11 (pico_gnss pico-gnss-rs/src/main.rs:427)
7.301991 [INFO ] NMEA $GNGSA,A,3,73,,,,,,,,,,,,1.83,1.59,0.91*17 (pico_gnss pico-gnss-rs/src/main.rs:427)
7.364617 [INFO ] NMEA $GPGSV,4,1,14,23,63,216,,12,59,126,24,10,53,296,18,24,45,049,23*7C (pico_gnss pico-gnss-rs/src/main.rs:427)
7.452024 [INFO ] NMEA $GPGSV,4,2,14,25,40,184,,15,29,113,19,32,23,305,,28,08,251,*72 (pico_gnss pico-gnss-rs/src/main.rs:427)
7.510558 [INFO ] NMEA $GPGSV,4,3,14,20,06,110,17,19,02,058,20,18,01,208,,193,,,*75 (pico_gnss pico-gnss-rs/src/main.rs:427)
7.539954 [INFO ] NMEA $GPGSV,4,4,14,194,,,,195,,,*7D (pico_gnss pico-gnss-rs/src/main.rs:427)
7.598424 [INFO ] NMEA $GLGSV,2,1,08,74,76,196,,71,60,091,,73,49,035,22,72,49,339,*64 (pico_gnss pico-gnss-rs/src/main.rs:427)
7.689866 [INFO ] NMEA $GLGSV,2,2,08,75,22,208,,70,07,126,22,65,03,319,,88,01,313,*6B (pico_gnss pico-gnss-rs/src/main.rs:427)
7.748557 [INFO ] NMEA $GNRMC,113028.000,A,0000.0000,N,00000.0000,E,1.25,27.69,080626,,,A*40 (pico_gnss pico-gnss-rs/src/main.rs:427)
7.750778 [INFO ] SYNC pps_local_us=0 unix_s=1780918228 drift_us=0 err_ns=0 holdover_ms=0 (pico_gnss pico-gnss-rs/src/main.rs:458)
7.778183 [INFO ] NMEA $GPVTG,27.69,T,,M,1.25,N,2.32,K,A*02 (pico_gnss pico-gnss-rs/src/main.rs:427)
7.827253 [INFO ] PPS count=2 interval_us=1000002 interval_ns=1000002384 state=Locked missed=0 (pico_gnss pico-gnss-rs/src/main.rs:180)
7.829907 [INFO ] PPSGEN count=2 interval_ns=1000000032 dev_ns=32 phase_ns=2505611 hwphase_ns=2402464 (pico_gnss pico-gnss-rs/src/main.rs:271)
7.834652 [INFO ] NMEA $GPZDA,113028.000,08,06,2026,,*57 (pico_gnss pico-gnss-rs/src/main.rs:427)
7.836539 [INFO ] TIME unix_ns=1780918229009243594 ppb=2384 holdover_ms=1009 locked=0 (pico_gnss pico-gnss-rs/src/main.rs:214)
7.864427 [INFO ] NMEA $GPGST,113028.000,3.9,22,15,59.7,17,20,32*70 (pico_gnss pico-gnss-rs/src/main.rs:427)
8.068835 [INFO ] NMEA $GPGGA,113029.000,0000.0000,N,00000.0000,E,1,6,1.59,23.8,M,39.0,M,,*64 (pico_gnss pico-gnss-rs/src/main.rs:427)
8.127251 [INFO ] NMEA $GNGLL,0000.0000,N,00000.0000,E,113029.000,A,A*47 (pico_gnss pico-gnss-rs/src/main.rs:427)
8.156885 [INFO ] NMEA $GNGSA,A,3,12,15,20,24,10,,,,,,,,1.83,1.59,0.91*11 (pico_gnss pico-gnss-rs/src/main.rs:427)
8.215144 [INFO ] NMEA $GNGSA,A,3,73,,,,,,,,,,,,1.83,1.59,0.91*17 (pico_gnss pico-gnss-rs/src/main.rs:427)
8.277861 [INFO ] NMEA $GPGSV,4,1,14,23,63,216,,12,59,126,24,10,53,296,18,24,45,049,23*7C (pico_gnss pico-gnss-rs/src/main.rs:427)
8.365230 [INFO ] NMEA $GPGSV,4,2,14,25,40,184,,15,29,113,19,32,23,305,,28,08,251,*72 (pico_gnss pico-gnss-rs/src/main.rs:427)
8.423773 [INFO ] NMEA $GPGSV,4,3,14,20,06,110,17,19,02,058,20,18,01,208,,193,,,*75 (pico_gnss pico-gnss-rs/src/main.rs:427)
8.445811 [INFO ] NMEA $GPGSV,4,4,14,194,,,,195,,,*7D (pico_gnss pico-gnss-rs/src/main.rs:427)
8.504486 [INFO ] NMEA $GLGSV,2,1,08,74,76,196,,71,60,091,,73,49,035,22,72,49,339,*64 (pico_gnss pico-gnss-rs/src/main.rs:427)
8.574331 [INFO ] NMEA $GLGSV,2,2,08,75,22,208,,70,07,126,22,65,03,319,,88,01,313,*6B (pico_gnss pico-gnss-rs/src/main.rs:427)
8.661837 [INFO ] NMEA $GNRMC,113029.000,A,0000.0000,N,00000.0000,E,0.31,27.69,080626,,,A*42 (pico_gnss pico-gnss-rs/src/main.rs:427)
8.664410 [INFO ] SYNC pps_local_us=1000002 unix_s=1780918229 drift_us=2 err_ns=0 holdover_ms=999 (pico_gnss pico-gnss-rs/src/main.rs:458)
8.691516 [INFO ] NMEA $GPVTG,27.69,T,,M,0.31,N,0.58,K,A*08 (pico_gnss pico-gnss-rs/src/main.rs:427)
8.720681 [INFO ] NMEA $GPZDA,113029.000,08,06,2026,,*56 (pico_gnss pico-gnss-rs/src/main.rs:427)
8.778734 [INFO ] NMEA $GPGST,113029.000,3.9,22,15,59.5,17,20,32*73 (pico_gnss pico-gnss-rs/src/main.rs:427)
8.812060 [INFO ] NMEA $PMTK001,313,3*31 (pico_gnss pico-gnss-rs/src/main.rs:427)
8.812917 [INFO ] NMEA $PMTK001,301,3*32 (pico_gnss pico-gnss-rs/src/main.rs:427)
8.827270 [INFO ] PPS count=3 interval_us=1000002 interval_ns=1000002416 state=Locked missed=0 (pico_gnss pico-gnss-rs/src/main.rs:180)
8.829901 [INFO ] PPSGEN count=3 interval_ns=1000000016 dev_ns=16 phase_ns=2526609 hwphase_ns=2400064 (pico_gnss pico-gnss-rs/src/main.rs:271)
8.837690 [INFO ] TIME unix_ns=1780918230010549590 ppb=2385 holdover_ms=1010 locked=0 (pico_gnss pico-gnss-rs/src/main.rs:214)
9.153727 [INFO ] NMEA $GPGGA,113030.000,0000.0000,N,00000.0000,E,1,6,1.59,23.8,M,39.0,M,,*69 (pico_gnss pico-gnss-rs/src/main.rs:427)
9.212031 [INFO ] NMEA $GNGLL,0000.0000,N,00000.0000,E,113030.000,A,A*4A (pico_gnss pico-gnss-rs/src/main.rs:427)
9.270440 [INFO ] NMEA $GNGSA,A,3,12,15,20,24,10,,,,,,,,1.83,1.59,0.91*11 (pico_gnss pico-gnss-rs/src/main.rs:427)
9.299975 [INFO ] NMEA $GNGSA,A,3,73,,,,,,,,,,,,1.83,1.59,0.91*17 (pico_gnss pico-gnss-rs/src/main.rs:427)
9.365694 [INFO ] NMEA $GPGSV,4,1,14,23,63,216,,12,59,126,24,10,53,296,18,24,45,049,23*7C (pico_gnss pico-gnss-rs/src/main.rs:427)
9.453116 [INFO ] NMEA $GPGSV,4,2,14,25,40,184,,15,29,113,19,32,23,305,,28,08,251,*72 (pico_gnss pico-gnss-rs/src/main.rs:427)
9.511637 [INFO ] NMEA $GPGSV,4,3,14,20,06,110,16,19,02,058,20,18,01,208,,193,,,*74 (pico_gnss pico-gnss-rs/src/main.rs:427)
9.540998 [INFO ] NMEA $GPGSV,4,4,14,194,,,,195,,,*7D (pico_gnss pico-gnss-rs/src/main.rs:427)
9.603670 [INFO ] NMEA $GLGSV,2,1,08,74,76,196,20,71,60,091,,73,49,035,21,72,49,339,*65 (pico_gnss pico-gnss-rs/src/main.rs:427)
9.667670 [INFO ] NMEA $GLGSV,2,2,08,75,22,208,,70,07,126,22,65,03,319,,88,01,313,*6B (pico_gnss pico-gnss-rs/src/main.rs:427)
9.744542 [INFO ] NMEA $GNRMC,113030.000,A,0000.0000,N,00000.0000,E,0.97,0.72,080626,,,A*7C (pico_gnss pico-gnss-rs/src/main.rs:427)
9.747098 [INFO ] SYNC pps_local_us=2000004 unix_s=1780918230 drift_us=2 err_ns=31 holdover_ms=1000 (pico_gnss pico-gnss-rs/src/main.rs:458)
9.802659 [INFO ] NMEA $GPVTG,0.72,T,,M,0.97,N,1.80,K,A*3F (pico_gnss pico-gnss-rs/src/main.rs:427)
9.827301 [INFO ] PPS count=4 interval_us=1000002 interval_ns=1000002384 state=Locked missed=0 (pico_gnss pico-gnss-rs/src/main.rs:180)
9.829885 [INFO ] PPSGEN count=4 interval_ns=1000002416 dev_ns=2416 phase_ns=2485610 hwphase_ns=2400096 (pico_gnss pico-gnss-rs/src/main.rs:271)
9.832334 [INFO ] NMEA $GPZDA,113030.000,08,06,2026,,*5E (pico_gnss pico-gnss-rs/src/main.rs:427)
9.838965 [INFO ] TIME unix_ns=1780918231011680588 ppb=2385 holdover_ms=1011 locked=0 (pico_gnss pico-gnss-rs/src/main.rs:214)
9.870596 [INFO ] NMEA $GPGST,113030.000,3.9,22,15,60.4,17,20,33*71 (pico_gnss pico-gnss-rs/src/main.rs:427)
9.885232 [INFO ] NMEA $PMTK001,286,3*3C (pico_gnss pico-gnss-rs/src/main.rs:427)
10.082595 [INFO ] NMEA $GPGGA,113031.000,0000.0000,N,00000.0000,E,1,6,1.59,23.7,M,39.0,M,,*63 (pico_gnss pico-gnss-rs/src/main.rs:427)
10.140972 [INFO ] NMEA $GNGLL,0000.0000,N,00000.0000,E,113031.000,A,A*4F (pico_gnss pico-gnss-rs/src/main.rs:427)
10.199380 [INFO ] NMEA $GNGSA,A,3,12,15,20,24,10,,,,,,,,1.83,1.59,0.91*11 (pico_gnss pico-gnss-rs/src/main.rs:427)
10.240178 [INFO ] NMEA $GNGSA,A,3,73,,,,,,,,,,,,1.83,1.59,0.91*17 (pico_gnss pico-gnss-rs/src/main.rs:427)
10.305981 [INFO ] NMEA $GPGSV,4,1,14,23,63,216,,12,59,126,24,10,53,296,18,24,45,049,23*7C (pico_gnss pico-gnss-rs/src/main.rs:427)
10.364603 [INFO ] NMEA $GPGSV,4,2,14,25,40,184,,15,29,113,19,32,23,305,,28,08,251,*72 (pico_gnss pico-gnss-rs/src/main.rs:427)
10.451893 [INFO ] NMEA $GPGSV,4,3,14,20,06,110,16,19,02,058,20,18,01,208,,193,,,*74 (pico_gnss pico-gnss-rs/src/main.rs:427)
10.481301 [INFO ] NMEA $GPGSV,4,4,14,194,,,,195,,,*7D (pico_gnss pico-gnss-rs/src/main.rs:427)
10.546959 [INFO ] NMEA $GLGSV,2,1,08,74,76,196,,71,60,091,,73,49,035,21,72,49,339,*67 (pico_gnss pico-gnss-rs/src/main.rs:427)
10.605538 [INFO ] NMEA $GLGSV,2,2,08,75,22,208,,70,07,126,22,65,03,319,,88,01,313,*6B (pico_gnss pico-gnss-rs/src/main.rs:427)
10.692999 [INFO ] NMEA $GNRMC,113031.000,A,0000.0000,N,00000.0000,E,1.23,349.58,080626,,,A*71 (pico_gnss pico-gnss-rs/src/main.rs:427)
10.695558 [INFO ] SYNC pps_local_us=3000007 unix_s=1780918231 drift_us=2 err_ns=0 holdover_ms=1000 (pico_gnss pico-gnss-rs/src/main.rs:458)
10.722761 [INFO ] NMEA $GPVTG,349.58,T,,M,1.23,N,2.27,K,A*39 (pico_gnss pico-gnss-rs/src/main.rs:427)
10.751852 [INFO ] NMEA $GPZDA,113031.000,08,06,2026,,*5F (pico_gnss pico-gnss-rs/src/main.rs:427)
10.813990 [INFO ] NMEA $GPGST,113031.000,3.9,22,15,60.3,17,20,32*76 (pico_gnss pico-gnss-rs/src/main.rs:427)
10.815169 [INFO ] NMEA $PMTK001,314,3*36 (pico_gnss pico-gnss-rs/src/main.rs:427)
10.827267 [INFO ] PPS count=5 interval_us=1000002 interval_ns=1000002384 state=Locked missed=0 (pico_gnss pico-gnss-rs/src/main.rs:180)
10.829907 [INFO ] PPSGEN count=5 interval_ns=1000002400 dev_ns=2400 phase_ns=2486610 hwphase_ns=2400112 (pico_gnss pico-gnss-rs/src/main.rs:271)
10.840112 [INFO ] TIME unix_ns=1780918232012928585 ppb=2385 holdover_ms=1012 locked=0 (pico_gnss pico-gnss-rs/src/main.rs:214)
10.881814 [INFO ] NMEA $PMTK705,MT3333_AXN5.1.9_MODULE_STD_F0,0014,Taiyo_9600bps,*12 (pico_gnss pico-gnss-rs/src/main.rs:427)
10.882777 [INFO ] FW $PMTK705,MT3333_AXN5.1.9_MODULE_STD_F0,0014,Taiyo_9600bps,*12 (pico_gnss pico-gnss-rs/src/main.rs:431)
11.202728 [INFO ] NMEA $GPGGA,113032.000,0000.0000,N,00000.0000,E,1,6,1.59,23.6,M,39.0,M,,*64 (pico_gnss pico-gnss-rs/src/main.rs:427)
11.261083 [INFO ] NMEA $GNGLL,0000.0000,N,00000.0000,E,113032.000,A,A*49 (pico_gnss pico-gnss-rs/src/main.rs:427)
11.317440 [INFO ] NMEA $GNGSA,A,3,12,15,20,24,10,,,,,,,,1.83,1.59,0.91*11 (pico_gnss pico-gnss-rs/src/main.rs:427)
11.346954 [INFO ] NMEA $GNGSA,A,3,73,,,,,,,,,,,,1.83,1.59,0.91*17 (pico_gnss pico-gnss-rs/src/main.rs:427)
11.434321 [INFO ] NMEA $GPGSV,4,1,14,23,63,216,,12,59,126,24,10,53,296,18,24,45,049,23*7C (pico_gnss pico-gnss-rs/src/main.rs:427)
11.492900 [INFO ] NMEA $GPGSV,4,2,14,25,40,184,,15,29,113,19,32,23,305,,28,08,251,*72 (pico_gnss pico-gnss-rs/src/main.rs:427)
11.555565 [INFO ] NMEA $GPGSV,4,3,14,20,06,110,16,19,02,058,20,18,01,208,,193,,,*74 (pico_gnss pico-gnss-rs/src/main.rs:427)
11.584920 [INFO ] NMEA $GPGSV,4,4,14,194,,,,195,,,*7D (pico_gnss pico-gnss-rs/src/main.rs:427)
11.672213 [INFO ] NMEA $GLGSV,2,1,08,74,76,196,,71,60,091,,73,49,035,20,72,49,339,*66 (pico_gnss pico-gnss-rs/src/main.rs:427)
11.730792 [INFO ] NMEA $GLGSV,2,2,08,75,22,208,,70,06,127,22,65,03,319,,88,01,313,*6B (pico_gnss pico-gnss-rs/src/main.rs:427)
11.789365 [INFO ] NMEA $GNRMC,113032.000,A,0000.0000,N,00000.0000,E,0.94,344.23,080626,,,A*7B (pico_gnss pico-gnss-rs/src/main.rs:427)
11.791901 [INFO ] SYNC pps_local_us=4000009 unix_s=1780918232 drift_us=2 err_ns=0 holdover_ms=999 (pico_gnss pico-gnss-rs/src/main.rs:458)
11.827305 [INFO ] PPS count=6 interval_us=1000002 interval_ns=1000002384 state=Locked missed=0 (pico_gnss pico-gnss-rs/src/main.rs:180)
11.829890 [INFO ] PPSGEN count=6 interval_ns=1000002416 dev_ns=2416 phase_ns=2500610 hwphase_ns=2400144 (pico_gnss pico-gnss-rs/src/main.rs:271)
11.841255 [INFO ] TIME unix_ns=1780918233014078582 ppb=2385 holdover_ms=1014 locked=0 (pico_gnss pico-gnss-rs/src/main.rs:214)
11.852032 [INFO ] NMEA $GPVTG,344.23,T,,M,0.94,N,1.74,K,A*30 (pico_gnss pico-gnss-rs/src/main.rs:427)
11.880994 [INFO ] NMEA $GPZDA,113032.000,08,06,2026,,*5C (pico_gnss pico-gnss-rs/src/main.rs:427)
11.916204 [INFO ] NMEA $GPGST,113032.000,3.9,22,15,60.0,17,21,33*76 (pico_gnss pico-gnss-rs/src/main.rs:427)
12.114814 [INFO ] NMEA $GPGGA,113033.000,0000.0000,N,00000.0000,E,1,6,1.59,23.6,M,39.0,M,,*67 (pico_gnss pico-gnss-rs/src/main.rs:427)
12.173191 [INFO ] NMEA $GNGLL,0000.0000,N,00000.0000,E,113033.000,A,A*4A (pico_gnss pico-gnss-rs/src/main.rs:427)
12.232579 [INFO ] NMEA $GNGSA,A,3,12,15,20,24,10,,,,,,,,1.83,1.59,0.91*11 (pico_gnss pico-gnss-rs/src/main.rs:427)
12.262157 [INFO ] NMEA $GNGSA,A,3,73,,,,,,,,,,,,1.83,1.59,0.91*17 (pico_gnss pico-gnss-rs/src/main.rs:427)
12.349497 [INFO ] NMEA $GPGSV,4,1,14,23,63,216,,12,59,126,24,10,53,296,18,24,45,049,23*7C (pico_gnss pico-gnss-rs/src/main.rs:427)
12.408078 [INFO ] NMEA $GPGSV,4,2,14,25,40,184,,15,29,113,19,32,23,305,,28,08,251,*72 (pico_gnss pico-gnss-rs/src/main.rs:427)
12.470708 [INFO ] NMEA $GPGSV,4,3,14,20,06,110,16,19,02,058,20,18,01,208,,193,,,*74 (pico_gnss pico-gnss-rs/src/main.rs:427)
12.500133 [INFO ] NMEA $GPGSV,4,4,14,194,,,,195,,,*7D (pico_gnss pico-gnss-rs/src/main.rs:427)
12.558605 [INFO ] NMEA $GLGSV,2,1,08,74,76,196,,71,60,093,,73,49,035,20,72,49,339,*64 (pico_gnss pico-gnss-rs/src/main.rs:427)
12.645993 [INFO ] NMEA $GLGSV,2,2,08,75,22,208,,70,06,127,22,65,03,319,,88,01,313,*6B (pico_gnss pico-gnss-rs/src/main.rs:427)
12.704685 [INFO ] NMEA $GNRMC,113033.000,A,0000.0000,N,00000.0000,E,0.51,344.23,080626,,,A*71 (pico_gnss pico-gnss-rs/src/main.rs:427)
12.707263 [INFO ] SYNC pps_local_us=5000011 unix_s=1780918233 drift_us=2 err_ns=0 holdover_ms=999 (pico_gnss pico-gnss-rs/src/main.rs:458)
12.766901 [INFO ] NMEA $GPVTG,344.23,T,,M,0.51,N,0.95,K,A*37 (pico_gnss pico-gnss-rs/src/main.rs:427)
12.796248 [INFO ] NMEA $GPZDA,113033.000,08,06,2026,,*5D (pico_gnss pico-gnss-rs/src/main.rs:427)
12.825691 [INFO ] NMEA $GPGST,113033.000,3.9,22,15,60.7,17,20,32*70 (pico_gnss pico-gnss-rs/src/main.rs:427)
12.827295 [INFO ] PPS count=7 interval_us=1000002 interval_ns=1000002384 state=Locked missed=0 (pico_gnss pico-gnss-rs/src/main.rs:180)
12.829996 [INFO ] PPSGEN count=7 interval_ns=1000002400 dev_ns=2400 phase_ns=2553610 hwphase_ns=2400160 (pico_gnss pico-gnss-rs/src/main.rs:271)
12.842415 [INFO ] TIME unix_ns=1780918234015251579 ppb=2385 holdover_ms=1015 locked=0 (pico_gnss pico-gnss-rs/src/main.rs:214)
13.118721 [INFO ] NMEA $GPGGA,113034.000,0000.0000,N,00000.0000,E,1,6,1.59,23.6,M,39.0,M,,*64 (pico_gnss pico-gnss-rs/src/main.rs:427)
13.177018 [INFO ] NMEA $GNGLL,0000.0000,N,00000.0000,E,113034.000,A,A*49 (pico_gnss pico-gnss-rs/src/main.rs:427)
13.239509 [INFO ] NMEA $GNGSA,A,3,12,15,20,24,10,,,,,,,,1.83,1.59,0.91*11 (pico_gnss pico-gnss-rs/src/main.rs:427)
13.269082 [INFO ] NMEA $GNGSA,A,3,73,,,,,,,,,,,,1.83,1.59,0.91*17 (pico_gnss pico-gnss-rs/src/main.rs:427)
13.356420 [INFO ] NMEA $GPGSV,4,1,14,23,63,216,,12,59,126,24,10,53,296,18,24,45,049,23*7C (pico_gnss pico-gnss-rs/src/main.rs:427)
13.415008 [INFO ] NMEA $GPGSV,4,2,14,25,40,184,,15,29,113,19,32,23,305,,28,08,251,*72 (pico_gnss pico-gnss-rs/src/main.rs:427)
13.477656 [INFO ] NMEA $GPGSV,4,3,14,20,06,110,16,19,02,058,20,18,01,208,,193,,,*74 (pico_gnss pico-gnss-rs/src/main.rs:427)
13.507024 [INFO ] NMEA $GPGSV,4,4,14,194,,,,195,,,*7D (pico_gnss pico-gnss-rs/src/main.rs:427)
13.565520 [INFO ] NMEA $GLGSV,2,1,08,74,76,196,,71,60,093,,72,50,340,,73,49,035,20*62 (pico_gnss pico-gnss-rs/src/main.rs:427)
13.652908 [INFO ] NMEA $GLGSV,2,2,08,75,22,208,,70,06,127,21,65,03,319,,88,01,313,*68 (pico_gnss pico-gnss-rs/src/main.rs:427)
13.711600 [INFO ] NMEA $GNRMC,113034.000,A,0000.0000,N,00000.0000,E,0.68,58.40,080626,,,A*43 (pico_gnss pico-gnss-rs/src/main.rs:427)
13.714157 [INFO ] SYNC pps_local_us=6000014 unix_s=1780918234 drift_us=2 err_ns=0 holdover_ms=1000 (pico_gnss pico-gnss-rs/src/main.rs:458)
13.745124 [INFO ] NMEA $GPVTG,58.40,T,,M,0.68,N,1.26,K,A*0F (pico_gnss pico-gnss-rs/src/main.rs:427)
13.803068 [INFO ] NMEA $GPZDA,113034.000,08,06,2026,,*5A (pico_gnss pico-gnss-rs/src/main.rs:427)
13.827298 [INFO ] PPS count=8 interval_us=1000002 interval_ns=1000002400 state=Locked missed=0 (pico_gnss pico-gnss-rs/src/main.rs:180)
13.829900 [INFO ] PPSGEN count=8 interval_ns=1000002416 dev_ns=2416 phase_ns=2474609 hwphase_ns=2400176 (pico_gnss pico-gnss-rs/src/main.rs:271)
13.831814 [INFO ] NMEA $GPGST,113034.000,3.9,22,15,60.2,17,20,32*72 (pico_gnss pico-gnss-rs/src/main.rs:427)
13.843634 [INFO ] TIME unix_ns=1780918235016339576 ppb=2385 holdover_ms=1016 locked=0 (pico_gnss pico-gnss-rs/src/main.rs:214)
14.137719 [INFO ] NMEA $GPGGA,113035.000,0000.0000,N,00000.0000,E,1,6,1.59,23.6,M,39.0,M,,*6A (pico_gnss pico-gnss-rs/src/main.rs:427)
14.196055 [INFO ] NMEA $GNGLL,0000.0000,N,00000.0000,E,113035.000,A,A*47 (pico_gnss pico-gnss-rs/src/main.rs:427)
14.234927 [INFO ] NMEA $GNGSA,A,3,12,15,20,24,10,,,,,,,,1.83,1.59,0.91*11 (pico_gnss pico-gnss-rs/src/main.rs:427)
14.293158 [INFO ] NMEA $GNGSA,A,3,73,,,,,,,,,,,,1.83,1.59,0.91*17 (pico_gnss pico-gnss-rs/src/main.rs:427)
14.351819 [INFO ] NMEA $GPGSV,4,1,14,23,63,216,,12,59,126,24,10,53,296,18,24,45,049,23*7C (pico_gnss pico-gnss-rs/src/main.rs:427)
14.439162 [INFO ] NMEA $GPGSV,4,2,14,25,40,184,,15,29,113,19,32,23,305,,28,08,251,*72 (pico_gnss pico-gnss-rs/src/main.rs:427)
14.501829 [INFO ] NMEA $GPGSV,4,3,14,20,06,110,16,19,02,058,20,18,01,208,,193,,,*74 (pico_gnss pico-gnss-rs/src/main.rs:427)
14.531178 [INFO ] NMEA $GPGSV,4,4,14,194,,,,195,,,*7D (pico_gnss pico-gnss-rs/src/main.rs:427)
14.589704 [INFO ] NMEA $GLGSV,2,1,08,74,76,196,,71,60,093,,72,50,340,,73,48,034,20*62 (pico_gnss pico-gnss-rs/src/main.rs:427)
14.648266 [INFO ] NMEA $GLGSV,2,2,08,75,22,208,,70,06,127,21,65,03,319,,88,01,313,*68 (pico_gnss pico-gnss-rs/src/main.rs:427)
14.735725 [INFO ] NMEA $GNRMC,113035.000,A,0000.0000,N,00000.0000,E,0.55,58.40,080626,,,A*43 (pico_gnss pico-gnss-rs/src/main.rs:427)
14.738264 [INFO ] SYNC pps_local_us=7000016 unix_s=1780918235 drift_us=2 err_ns=15 holdover_ms=999 (pico_gnss pico-gnss-rs/src/main.rs:458)
14.769242 [INFO ] NMEA $GPVTG,58.40,T,,M,0.55,N,1.01,K,A*04 (pico_gnss pico-gnss-rs/src/main.rs:427)
14.798532 [INFO ] NMEA $GPZDA,113035.000,08,06,2026,,*5B (pico_gnss pico-gnss-rs/src/main.rs:427)
14.827232 [INFO ] PPS count=9 interval_us=1000002 interval_ns=1000002384 state=Locked missed=0 (pico_gnss pico-gnss-rs/src/main.rs:180)
14.828672 [INFO ] PPSGEN count=9 interval_ns=997488848 dev_ns=-2511152 phase_ns=1288612 hwphase_ns=-113360 (pico_gnss pico-gnss-rs/src/main.rs:271)
14.844930 [INFO ] TIME unix_ns=1780918236017596573 ppb=2385 holdover_ms=1017 locked=1 (pico_gnss pico-gnss-rs/src/main.rs:214)
14.849845 [INFO ] NMEA $GPGST,113035.000,3.9,22,15,60.6,17,20,32*77 (pico_gnss pico-gnss-rs/src/main.rs:427)
15.062624 [INFO ] NMEA $GPGGA,113036.000,0000.0000,N,00000.0000,E,1,6,1.59,23.6,M,39.0,M,,*67 (pico_gnss pico-gnss-rs/src/main.rs:427)
15.120974 [INFO ] NMEA $GNGLL,0000.0000,N,00000.0000,E,113036.000,A,A*4A (pico_gnss pico-gnss-rs/src/main.rs:427)
15.164977 [INFO ] NMEA $GNGSA,A,3,12,15,20,24,10,,,,,,,,1.83,1.59,0.91*11 (pico_gnss pico-gnss-rs/src/main.rs:427)
15.223217 [INFO ] NMEA $GNGSA,A,3,73,,,,,,,,,,,,1.83,1.59,0.91*17 (pico_gnss pico-gnss-rs/src/main.rs:427)
15.281872 [INFO ] NMEA $GPGSV,4,1,14,23,63,216,,12,59,126,24,10,53,296,19,24,45,049,23*7D (pico_gnss pico-gnss-rs/src/main.rs:427)
15.340440 [INFO ] NMEA $GPGSV,4,2,14,25,40,184,,15,29,113,19,32,23,305,,28,08,251,*72 (pico_gnss pico-gnss-rs/src/main.rs:427)
15.431872 [INFO ] NMEA $GPGSV,4,3,14,20,06,110,16,19,02,058,20,18,01,208,,193,,,*74 (pico_gnss pico-gnss-rs/src/main.rs:427)
15.461292 [INFO ] NMEA $GPGSV,4,4,14,194,,,,195,,,*7D (pico_gnss pico-gnss-rs/src/main.rs:427)
15.519765 [INFO ] NMEA $GLGSV,2,1,08,74,78,197,,71,60,093,,72,50,340,,73,48,034,20*6D (pico_gnss pico-gnss-rs/src/main.rs:427)
15.578382 [INFO ] NMEA $GLGSV,2,2,08,75,22,208,,70,06,127,21,65,03,319,,88,01,313,*68 (pico_gnss pico-gnss-rs/src/main.rs:427)
15.665842 [INFO ] NMEA $GNRMC,113036.000,A,0000.0000,N,00000.0000,E,0.99,136.35,080626,,,A*75 (pico_gnss pico-gnss-rs/src/main.rs:427)
15.668429 [INFO ] SYNC pps_local_us=8000019 unix_s=1780918236 drift_us=2 err_ns=-1 holdover_ms=999 (pico_gnss pico-gnss-rs/src/main.rs:458)
15.699442 [INFO ] NMEA $GPVTG,136.35,T,,M,0.99,N,1.84,K,A*32 (pico_gnss pico-gnss-rs/src/main.rs:427)
15.728775 [INFO ] NMEA $GPZDA,113036.000,08,06,2026,,*58 (pico_gnss pico-gnss-rs/src/main.rs:427)
15.776601 [INFO ] NMEA $GPGST,113036.000,3.9,22,15,60.5,17,20,32*77 (pico_gnss pico-gnss-rs/src/main.rs:427)
15.827247 [INFO ] PPS count=10 interval_us=1000002 interval_ns=1000002384 state=Locked missed=0 (pico_gnss pico-gnss-rs/src/main.rs:180)
15.828655 [INFO ] PPSGEN count=10 interval_ns=1000002416 dev_ns=2416 phase_ns=1349612 hwphase_ns=-113328 (pico_gnss pico-gnss-rs/src/main.rs:271)
15.846110 [INFO ] TIME unix_ns=1780918237018993570 ppb=2385 holdover_ms=1018 locked=1 (pico_gnss pico-gnss-rs/src/main.rs:214)
16.081666 [INFO ] NMEA $GPGGA,113037.000,0000.0000,N,00000.0000,E,1,6,1.59,23.6,M,39.0,M,,*66 (pico_gnss pico-gnss-rs/src/main.rs:427)
16.140019 [INFO ] NMEA $GNGLL,0000.0000,N,00000.0000,E,113037.000,A,A*4B (pico_gnss pico-gnss-rs/src/main.rs:427)
16.187071 [INFO ] NMEA $GNGSA,A,3,12,15,20,24,10,,,,,,,,1.83,1.59,0.91*11 (pico_gnss pico-gnss-rs/src/main.rs:427)
16.245327 [INFO ] NMEA $GNGSA,A,3,73,,,,,,,,,,,,1.83,1.59,0.91*17 (pico_gnss pico-gnss-rs/src/main.rs:427)
16.303950 [INFO ] NMEA $GPGSV,4,1,14,23,63,216,,12,59,126,24,10,53,296,19,24,45,049,23*7D (pico_gnss pico-gnss-rs/src/main.rs:427)
16.362563 [INFO ] NMEA $GPGSV,4,2,14,25,40,184,,15,29,113,19,32,23,305,,28,08,251,*72 (pico_gnss pico-gnss-rs/src/main.rs:427)
16.449812 [INFO ] NMEA $GPGSV,4,3,14,20,06,110,16,19,02,058,20,18,01,208,,193,,,*74 (pico_gnss pico-gnss-rs/src/main.rs:427)
16.483265 [INFO ] NMEA $GPGSV,4,4,14,194,,,,195,,,*7D (pico_gnss pico-gnss-rs/src/main.rs:427)
16.541845 [INFO ] NMEA $GLGSV,2,1,08,74,78,197,,71,60,093,,72,50,340,,73,48,034,20*6D (pico_gnss pico-gnss-rs/src/main.rs:427)
16.600453 [INFO ] NMEA $GLGSV,2,2,08,75,23,208,,70,06,127,21,65,03,319,,88,01,313,*69 (pico_gnss pico-gnss-rs/src/main.rs:427)
16.687923 [INFO ] NMEA $GNRMC,113037.000,A,0000.0000,N,00000.0000,E,1.39,111.22,080626,,,A*7C (pico_gnss pico-gnss-rs/src/main.rs:427)
16.690504 [INFO ] SYNC pps_local_us=9000021 unix_s=1780918237 drift_us=2 err_ns=-1 holdover_ms=1000 (pico_gnss pico-gnss-rs/src/main.rs:458)
16.721517 [INFO ] NMEA $GPVTG,111.22,T,,M,1.39,N,2.57,K,A*37 (pico_gnss pico-gnss-rs/src/main.rs:427)
16.750820 [INFO ] NMEA $GPZDA,113037.000,08,06,2026,,*59 (pico_gnss pico-gnss-rs/src/main.rs:427)
16.795502 [INFO ] NMEA $GPGST,113037.000,3.9,22,15,60.2,17,20,32*71 (pico_gnss pico-gnss-rs/src/main.rs:427)
16.827269 [INFO ] PPS count=11 interval_us=1000002 interval_ns=1000002384 state=Locked missed=0 (pico_gnss pico-gnss-rs/src/main.rs:180)
16.828703 [INFO ] PPSGEN count=11 interval_ns=1000002400 dev_ns=2400 phase_ns=1359612 hwphase_ns=-113312 (pico_gnss pico-gnss-rs/src/main.rs:271)
16.847268 [INFO ] TIME unix_ns=1780918238020129567 ppb=2385 holdover_ms=1020 locked=1 (pico_gnss pico-gnss-rs/src/main.rs:214)
17.097846 [INFO ] NMEA $GPGGA,113038.000,0000.0000,N,00000.0000,E,1,6,1.59,23.6,M,39.0,M,,*69 (pico_gnss pico-gnss-rs/src/main.rs:427)
17.156182 [INFO ] NMEA $GNGLL,0000.0000,N,00000.0000,E,113038.000,A,A*44 (pico_gnss pico-gnss-rs/src/main.rs:427)
17.206346 [INFO ] NMEA $GNGSA,A,3,12,15,20,24,10,,,,,,,,1.83,1.59,0.91*11 (pico_gnss pico-gnss-rs/src/main.rs:427)
17.264619 [INFO ] NMEA $GNGSA,A,3,73,,,,,,,,,,,,1.83,1.59,0.91*17 (pico_gnss pico-gnss-rs/src/main.rs:427)
17.323250 [INFO ] NMEA $GPGSV,4,1,14,23,63,216,,12,59,126,23,10,53,296,19,24,45,049,23*7A (pico_gnss pico-gnss-rs/src/main.rs:427)
17.381842 [INFO ] NMEA $GPGSV,4,2,14,25,40,184,,15,29,113,19,32,23,305,,28,08,251,*72 (pico_gnss pico-gnss-rs/src/main.rs:427)
17.440379 [INFO ] NMEA $GPGSV,4,3,14,20,06,110,16,19,02,058,20,18,01,208,,193,,,*74 (pico_gnss pico-gnss-rs/src/main.rs:427)
17.473785 [INFO ] NMEA $GPGSV,4,4,14,194,,,,195,,,*7D (pico_gnss pico-gnss-rs/src/main.rs:427)
17.561116 [INFO ] NMEA $GLGSV,2,1,08,74,78,197,,71,60,093,,72,50,340,,73,48,034,20*6D (pico_gnss pico-gnss-rs/src/main.rs:427)
17.619755 [INFO ] NMEA $GLGSV,2,2,08,75,23,208,,70,06,127,21,65,03,319,,88,01,313,*69 (pico_gnss pico-gnss-rs/src/main.rs:427)
17.707204 [INFO ] NMEA $GNRMC,113038.000,A,0000.0000,N,00000.0000,E,1.95,121.60,080626,,,A*70 (pico_gnss pico-gnss-rs/src/main.rs:427)
17.709791 [INFO ] SYNC pps_local_us=10000023 unix_s=1780918238 drift_us=2 err_ns=-1 holdover_ms=1000 (pico_gnss pico-gnss-rs/src/main.rs:458)
17.740772 [INFO ] NMEA $GPVTG,121.60,T,,M,1.95,N,3.61,K,A*30 (pico_gnss pico-gnss-rs/src/main.rs:427)
17.770096 [INFO ] NMEA $GPZDA,113038.000,08,06,2026,,*56 (pico_gnss pico-gnss-rs/src/main.rs:427)
17.811646 [INFO ] NMEA $GPGST,113038.000,3.8,22,15,60.7,17,20,32*7A (pico_gnss pico-gnss-rs/src/main.rs:427)
17.827248 [INFO ] PPS count=12 interval_us=1000002 interval_ns=1000002384 state=Locked missed=0 (pico_gnss pico-gnss-rs/src/main.rs:180)
17.828685 [INFO ] PPSGEN count=12 interval_ns=1000002416 dev_ns=2416 phase_ns=1326612 hwphase_ns=-113280 (pico_gnss pico-gnss-rs/src/main.rs:271)
17.848433 [INFO ] TIME unix_ns=1780918239021267565 ppb=2385 holdover_ms=1021 locked=1 (pico_gnss pico-gnss-rs/src/main.rs:214)
18.079573 [INFO ] NMEA $GPGGA,113039.000,0000.0000,N,00000.0000,E,1,6,1.59,23.7,M,39.0,M,,*6A (pico_gnss pico-gnss-rs/src/main.rs:427)
18.137888 [INFO ] NMEA $GNGLL,0000.0000,N,00000.0000,E,113039.000,A,A*46 (pico_gnss pico-gnss-rs/src/main.rs:427)
18.191137 [INFO ] NMEA $GNGSA,A,3,12,15,20,24,10,,,,,,,,1.83,1.59,0.91*11 (pico_gnss pico-gnss-rs/src/main.rs:427)
18.220665 [INFO ] NMEA $GNGSA,A,3,73,,,,,,,,,,,,1.83,1.59,0.91*17 (pico_gnss pico-gnss-rs/src/main.rs:427)
18.307999 [INFO ] NMEA $GPGSV,4,1,14,23,63,216,,12,59,126,23,10,53,296,19,24,45,049,23*7A (pico_gnss pico-gnss-rs/src/main.rs:427)
18.366613 [INFO ] NMEA $GPGSV,4,2,14,25,40,184,,15,29,113,19,32,23,305,,28,08,251,*72 (pico_gnss pico-gnss-rs/src/main.rs:427)
18.425148 [INFO ] NMEA $GPGSV,4,3,14,20,06,110,16,19,02,058,20,18,01,208,,193,,,*74 (pico_gnss pico-gnss-rs/src/main.rs:427)
18.458551 [INFO ] NMEA $GPGSV,4,4,14,194,,,,195,,,*7D (pico_gnss pico-gnss-rs/src/main.rs:427)
18.545933 [INFO ] NMEA $GLGSV,2,1,08,74,78,197,,71,60,093,,72,50,340,,73,48,034,20*6D (pico_gnss pico-gnss-rs/src/main.rs:427)
18.604515 [INFO ] NMEA $GLGSV,2,2,08,75,23,208,,70,06,127,21,65,03,319,,88,01,313,*69 (pico_gnss pico-gnss-rs/src/main.rs:427)
18.691938 [INFO ] NMEA $GNRMC,113039.000,A,0000.0000,N,00000.0000,E,1.17,106.78,080626,,,A*74 (pico_gnss pico-gnss-rs/src/main.rs:427)
18.694513 [INFO ] SYNC pps_local_us=11000026 unix_s=1780918239 drift_us=2 err_ns=-1 holdover_ms=999 (pico_gnss pico-gnss-rs/src/main.rs:458)
18.725591 [INFO ] NMEA $GPVTG,106.78,T,,M,1.17,N,2.17,K,A*36 (pico_gnss pico-gnss-rs/src/main.rs:427)
18.754878 [INFO ] NMEA $GPZDA,113039.000,08,06,2026,,*57 (pico_gnss pico-gnss-rs/src/main.rs:427)
18.793308 [INFO ] NMEA $GPGST,113039.000,3.8,21,14,59.9,16,19,30*74 (pico_gnss pico-gnss-rs/src/main.rs:427)
18.827247 [INFO ] PPS count=13 interval_us=1000002 interval_ns=1000002384 state=Locked missed=0 (pico_gnss pico-gnss-rs/src/main.rs:180)
18.828681 [INFO ] PPSGEN count=13 interval_ns=1000002400 dev_ns=2400 phase_ns=1356612 hwphase_ns=-113264 (pico_gnss pico-gnss-rs/src/main.rs:271)
18.849620 [INFO ] TIME unix_ns=1780918240022484562 ppb=2385 holdover_ms=1022 locked=1 (pico_gnss pico-gnss-rs/src/main.rs:214)
19.104707 [INFO ] NMEA $GPGGA,113040.000,0000.0000,N,00000.0000,E,1,6,1.59,23.7,M,39.0,M,,*65 (pico_gnss pico-gnss-rs/src/main.rs:427)
19.163014 [INFO ] NMEA $GNGLL,0000.0000,N,00000.0000,E,113040.000,A,A*49 (pico_gnss pico-gnss-rs/src/main.rs:427)
19.219359 [INFO ] NMEA $GNGSA,A,3,12,15,20,24,10,,,,,,,,1.83,1.59,0.91*11 (pico_gnss pico-gnss-rs/src/main.rs:427)
19.248859 [INFO ] NMEA $GNGSA,A,3,73,,,,,,,,,,,,1.83,1.59,0.91*17 (pico_gnss pico-gnss-rs/src/main.rs:427)
19.336245 [INFO ] NMEA $GPGSV,4,1,14,23,63,216,,12,59,126,23,10,53,296,19,24,45,049,23*7A (pico_gnss pico-gnss-rs/src/main.rs:427)
19.394822 [INFO ] NMEA $GPGSV,4,2,14,25,40,184,,15,29,113,19,32,23,305,,28,08,251,*72 (pico_gnss pico-gnss-rs/src/main.rs:427)
19.453380 [INFO ] NMEA $GPGSV,4,3,14,20,06,110,16,19,02,058,20,18,01,208,,193,,,*74 (pico_gnss pico-gnss-rs/src/main.rs:427)
19.486786 [INFO ] NMEA $GPGSV,4,4,14,194,,,,195,,,*7D (pico_gnss pico-gnss-rs/src/main.rs:427)
19.574128 [INFO ] NMEA $GLGSV,2,1,08,74,78,197,,71,60,093,,72,50,340,,73,48,034,19*67 (pico_gnss pico-gnss-rs/src/main.rs:427)
19.632703 [INFO ] NMEA $GLGSV,2,2,08,75,23,208,,70,06,127,21,65,03,319,,88,01,313,*69 (pico_gnss pico-gnss-rs/src/main.rs:427)
19.691433 [INFO ] NMEA $GNRMC,113040.000,A,0000.0000,N,00000.0000,E,0.22,106.78,080626,,,A*7C (pico_gnss pico-gnss-rs/src/main.rs:427)
19.693995 [INFO ] SYNC pps_local_us=12000028 unix_s=1780918240 drift_us=2 err_ns=-1 holdover_ms=1000 (pico_gnss pico-gnss-rs/src/main.rs:458)
19.753966 [INFO ] NMEA $GPVTG,106.78,T,,M,0.22,N,0.41,K,A*30 (pico_gnss pico-gnss-rs/src/main.rs:427)
19.783300 [INFO ] NMEA $GPZDA,113040.000,08,06,2026,,*59 (pico_gnss pico-gnss-rs/src/main.rs:427)
19.818608 [INFO ] NMEA $GPGST,113040.000,3.8,21,14,60.3,16,20,31*71 (pico_gnss pico-gnss-rs/src/main.rs:427)
19.827257 [INFO ] PPS count=14 interval_us=1000002 interval_ns=1000002384 state=Locked missed=0 (pico_gnss pico-gnss-rs/src/main.rs:180)
19.828665 [INFO ] PPSGEN count=14 interval_ns=1000002416 dev_ns=2416 phase_ns=1350612 hwphase_ns=-113232 (pico_gnss pico-gnss-rs/src/main.rs:271)
19.850786 [INFO ] TIME unix_ns=1780918241023652559 ppb=2385 holdover_ms=1023 locked=1 (pico_gnss pico-gnss-rs/src/main.rs:214)
20.123528 [INFO ] NMEA $GPGGA,113041.000,0000.0000,N,00000.0000,E,1,6,1.59,23.7,M,39.0,M,,*64 (pico_gnss pico-gnss-rs/src/main.rs:427)
20.181856 [INFO ] NMEA $GNGLL,0000.0000,N,00000.0000,E,113041.000,A,A*48 (pico_gnss pico-gnss-rs/src/main.rs:427)
20.241253 [INFO ] NMEA $GNGSA,A,3,12,15,20,24,10,,,,,,,,1.83,1.59,0.91*11 (pico_gnss pico-gnss-rs/src/main.rs:427)
20.270823 [INFO ] NMEA $GNGSA,A,3,73,,,,,,,,,,,,1.83,1.59,0.91*17 (pico_gnss pico-gnss-rs/src/main.rs:427)
20.358160 [INFO ] NMEA $GPGSV,4,1,14,23,63,216,,12,59,126,23,10,53,296,19,24,45,049,23*7A (pico_gnss pico-gnss-rs/src/main.rs:427)
20.416740 [INFO ] NMEA $GPGSV,4,2,14,25,40,184,,15,29,113,19,32,23,305,,28,08,251,*72 (pico_gnss pico-gnss-rs/src/main.rs:427)
20.475410 [INFO ] NMEA $GPGSV,4,3,14,20,06,110,17,19,02,058,20,18,01,208,,193,,,*75 (pico_gnss pico-gnss-rs/src/main.rs:427)
20.508794 [INFO ] NMEA $GPGSV,4,4,14,194,,,,195,,,*7D (pico_gnss pico-gnss-rs/src/main.rs:427)
20.567354 [INFO ] NMEA $GLGSV,2,1,08,74,78,197,,71,60,093,,72,50,340,,73,48,034,19*67 (pico_gnss pico-gnss-rs/src/main.rs:427)
20.654733 [INFO ] NMEA $GLGSV,2,2,08,75,23,208,,70,06,127,21,65,03,319,,88,01,313,*69 (pico_gnss pico-gnss-rs/src/main.rs:427)
20.713411 [INFO ] NMEA $GNRMC,113041.000,A,0000.0000,N,00000.0000,E,0.83,5.80,080626,,,A*73 (pico_gnss pico-gnss-rs/src/main.rs:427)
20.715988 [INFO ] SYNC pps_local_us=13000031 unix_s=1780918241 drift_us=2 err_ns=-1 holdover_ms=1000 (pico_gnss pico-gnss-rs/src/main.rs:458)
20.771436 [INFO ] NMEA $GPVTG,5.80,T,,M,0.83,N,1.54,K,A*3B (pico_gnss pico-gnss-rs/src/main.rs:427)
20.804825 [INFO ] NMEA $GPZDA,113041.000,08,06,2026,,*58 (pico_gnss pico-gnss-rs/src/main.rs:427)
20.827274 [INFO ] PPS count=15 interval_us=1000002 interval_ns=1000002384 state=Locked missed=0 (pico_gnss pico-gnss-rs/src/main.rs:180)
20.828769 [INFO ] PPSGEN count=15 interval_ns=1000002400 dev_ns=2400 phase_ns=1377612 hwphase_ns=-113216 (pico_gnss pico-gnss-rs/src/main.rs:271)
20.833889 [INFO ] NMEA $GPGST,113041.000,3.8,21,14,60.9,16,20,33*78 (pico_gnss pico-gnss-rs/src/main.rs:427)
20.852042 [INFO ] TIME unix_ns=1780918242024785556 ppb=2385 holdover_ms=1024 locked=1 (pico_gnss pico-gnss-rs/src/main.rs:214)
21.141771 [INFO ] NMEA $GPGGA,113042.000,0000.0000,N,00000.0000,E,1,6,1.59,23.6,M,39.0,M,,*65 (pico_gnss pico-gnss-rs/src/main.rs:427)
21.200129 [INFO ] NMEA $GNGLL,0000.0000,N,00000.0000,E,113042.000,A,A*48 (pico_gnss pico-gnss-rs/src/main.rs:427)
21.258467 [INFO ] NMEA $GNGSA,A,3,12,15,20,24,10,,,,,,,,1.83,1.59,0.91*11 (pico_gnss pico-gnss-rs/src/main.rs:427)
21.296200 [INFO ] NMEA $GNGSA,A,3,73,,,,,,,,,,,,1.83,1.59,0.91*17 (pico_gnss pico-gnss-rs/src/main.rs:427)
21.354843 [INFO ] NMEA $GPGSV,4,1,14,23,63,216,,12,59,126,23,10,53,296,19,24,45,049,24*7D (pico_gnss pico-gnss-rs/src/main.rs:427)
21.442220 [INFO ] NMEA $GPGSV,4,2,14,25,40,184,,15,29,113,19,32,23,305,,28,08,251,*72 (pico_gnss pico-gnss-rs/src/main.rs:427)
21.500763 [INFO ] NMEA $GPGSV,4,3,14,20,06,110,17,19,02,058,20,18,01,208,,193,,,*75 (pico_gnss pico-gnss-rs/src/main.rs:427)
21.534157 [INFO ] NMEA $GPGSV,4,4,14,194,,,,195,,,*7D (pico_gnss pico-gnss-rs/src/main.rs:427)
21.592763 [INFO ] NMEA $GLGSV,2,1,08,74,78,197,,71,60,093,,72,50,340,,73,48,034,19*67 (pico_gnss pico-gnss-rs/src/main.rs:427)
21.651315 [INFO ] NMEA $GLGSV,2,2,08,75,23,208,,70,06,127,21,65,03,319,,88,01,313,*69 (pico_gnss pico-gnss-rs/src/main.rs:427)
21.738743 [INFO ] NMEA $GNRMC,113042.000,A,0000.0000,N,00000.0000,E,1.66,60.56,080626,,,A*41 (pico_gnss pico-gnss-rs/src/main.rs:427)
21.741301 [INFO ] SYNC pps_local_us=14000033 unix_s=1780918242 drift_us=2 err_ns=-1 holdover_ms=999 (pico_gnss pico-gnss-rs/src/main.rs:458)
21.768428 [INFO ] NMEA $GPVTG,60.56,T,,M,1.66,N,3.07,K,A*0D (pico_gnss pico-gnss-rs/src/main.rs:427)
21.801474 [INFO ] NMEA $GPZDA,113042.000,08,06,2026,,*5B (pico_gnss pico-gnss-rs/src/main.rs:427)
21.827268 [INFO ] PPS count=16 interval_us=1000002 interval_ns=1000002384 state=Locked missed=0 (pico_gnss pico-gnss-rs/src/main.rs:180)
21.828697 [INFO ] PPSGEN count=16 interval_ns=1000002416 dev_ns=2416 phase_ns=1359612 hwphase_ns=-113184 (pico_gnss pico-gnss-rs/src/main.rs:271)
21.853546 [INFO ] TIME unix_ns=1780918243026260553 ppb=2385 holdover_ms=1026 locked=1 (pico_gnss pico-gnss-rs/src/main.rs:214)
21.855186 [INFO ] NMEA $GPGST,113042.000,3.8,21,14,61.7,16,20,32*75 (pico_gnss pico-gnss-rs/src/main.rs:427)
22.051568 [INFO ] NMEA $GPGGA,113043.000,0000.0000,N,00000.0000,E,1,6,1.59,23.5,M,39.0,M,,*62 (pico_gnss pico-gnss-rs/src/main.rs:427)
22.109905 [INFO ] NMEA $GNGLL,0000.0000,N,00000.0000,E,113043.000,A,A*4C (pico_gnss pico-gnss-rs/src/main.rs:427)
22.168289 [INFO ] NMEA $GNGSA,A,3,12,15,20,24,10,,,,,,,,1.83,1.59,0.91*11 (pico_gnss pico-gnss-rs/src/main.rs:427)
22.211138 [INFO ] NMEA $GNGSA,A,3,73,,,,,,,,,,,,1.83,1.59,0.91*17 (pico_gnss pico-gnss-rs/src/main.rs:427)
22.269808 [INFO ] NMEA $GPGSV,4,1,14,23,63,216,,12,59,126,23,10,53,296,19,24,45,049,24*7D (pico_gnss pico-gnss-rs/src/main.rs:427)
22.357117 [INFO ] NMEA $GPGSV,4,2,14,25,40,184,,15,29,113,19,32,23,305,,28,08,251,*72 (pico_gnss pico-gnss-rs/src/main.rs:427)
22.415730 [INFO ] NMEA $GPGSV,4,3,14,20,06,110,17,19,02,058,20,18,01,208,,193,,,*75 (pico_gnss pico-gnss-rs/src/main.rs:427)
22.449104 [INFO ] NMEA $GPGSV,4,4,14,194,,,,195,,,*7D (pico_gnss pico-gnss-rs/src/main.rs:427)
22.507667 [INFO ] NMEA $GLGSV,2,1,08,74,78,197,,71,60,093,,72,50,340,,73,48,034,19*67 (pico_gnss pico-gnss-rs/src/main.rs:427)
22.566271 [INFO ] NMEA $GLGSV,2,2,08,75,23,208,,70,06,127,22,65,03,319,,88,01,313,*6A (pico_gnss pico-gnss-rs/src/main.rs:427)
22.653734 [INFO ] NMEA $GNRMC,113043.000,A,0000.0000,N,00000.0000,E,1.22,116.35,080626,,,A*70 (pico_gnss pico-gnss-rs/src/main.rs:427)
22.656339 [INFO ] SYNC pps_local_us=15000035 unix_s=1780918243 drift_us=2 err_ns=-1 holdover_ms=1000 (pico_gnss pico-gnss-rs/src/main.rs:458)
22.683487 [INFO ] NMEA $GPVTG,116.35,T,,M,1.22,N,2.25,K,A*39 (pico_gnss pico-gnss-rs/src/main.rs:427)
22.716647 [INFO ] NMEA $GPZDA,113043.000,08,06,2026,,*5A (pico_gnss pico-gnss-rs/src/main.rs:427)
22.765577 [INFO ] NMEA $GPGST,113043.000,3.8,21,14,61.6,16,20,33*74 (pico_gnss pico-gnss-rs/src/main.rs:427)
22.825946 [INFO ] PPSGEN count=17 interval_ns=998494896 dev_ns=-1505104 phase_ns=-1427381 hwphase_ns=-1618288 (pico_gnss pico-gnss-rs/src/main.rs:271)
22.827512 [INFO ] PPS count=17 interval_us=1000002 interval_ns=1000002368 state=Locked missed=0 (pico_gnss pico-gnss-rs/src/main.rs:180)
22.854747 [INFO ] TIME unix_ns=1780918244027571550 ppb=2385 holdover_ms=1027 locked=1 (pico_gnss pico-gnss-rs/src/main.rs:214)
23.068589 [INFO ] NMEA $GPGGA,113044.000,0000.0000,N,00000.0000,E,1,6,1.59,23.3,M,39.0,M,,*61 (pico_gnss pico-gnss-rs/src/main.rs:427)
23.126938 [INFO ] NMEA $GNGLL,0000.0000,N,00000.0000,E,113044.000,A,A*49 (pico_gnss pico-gnss-rs/src/main.rs:427)
23.185312 [INFO ] NMEA $GNGSA,A,3,12,15,20,24,10,,,,,,,,1.83,1.59,0.91*11 (pico_gnss pico-gnss-rs/src/main.rs:427)
23.231238 [INFO ] NMEA $GNGSA,A,3,73,,,,,,,,,,,,1.83,1.59,0.91*17 (pico_gnss pico-gnss-rs/src/main.rs:427)
23.289901 [INFO ] NMEA $GPGSV,4,1,14,23,63,216,,12,59,126,23,10,53,296,19,24,45,049,24*7D (pico_gnss pico-gnss-rs/src/main.rs:427)
23.348447 [INFO ] NMEA $GPGSV,4,2,14,25,40,184,,15,29,113,19,32,23,305,,28,08,251,*72 (pico_gnss pico-gnss-rs/src/main.rs:427)
23.435779 [INFO ] NMEA $GPGSV,4,3,14,20,06,110,17,19,02,058,20,18,01,208,,193,,,*75 (pico_gnss pico-gnss-rs/src/main.rs:427)
23.469224 [INFO ] NMEA $GPGSV,4,4,14,194,,,,195,,,*7D (pico_gnss pico-gnss-rs/src/main.rs:427)
23.527781 [INFO ] NMEA $GLGSV,2,1,08,74,78,197,,71,60,093,,72,50,340,,73,48,034,18*66 (pico_gnss pico-gnss-rs/src/main.rs:427)
23.586390 [INFO ] NMEA $GLGSV,2,2,08,75,23,208,,70,06,127,22,65,03,319,,88,01,313,*6A (pico_gnss pico-gnss-rs/src/main.rs:427)
23.673836 [INFO ] NMEA $GNRMC,113044.000,A,0000.0000,N,00000.0000,E,0.56,116.35,080626,,,A*77 (pico_gnss pico-gnss-rs/src/main.rs:427)
23.676421 [INFO ] SYNC pps_local_us=16000038 unix_s=1780918244 drift_us=2 err_ns=-16 holdover_ms=1000 (pico_gnss pico-gnss-rs/src/main.rs:458)
23.703605 [INFO ] NMEA $GPVTG,116.35,T,,M,0.56,N,1.03,K,A*3C (pico_gnss pico-gnss-rs/src/main.rs:427)
23.736690 [INFO ] NMEA $GPZDA,113044.000,08,06,2026,,*5D (pico_gnss pico-gnss-rs/src/main.rs:427)
23.782525 [INFO ] NMEA $GPGST,113044.000,3.9,21,14,61.8,16,20,32*7D (pico_gnss pico-gnss-rs/src/main.rs:427)
23.825953 [INFO ] PPSGEN count=18 interval_ns=1000002416 dev_ns=2416 phase_ns=-1689380 hwphase_ns=-1618240 (pico_gnss pico-gnss-rs/src/main.rs:271)
23.827462 [INFO ] PPS count=18 interval_us=1000002 interval_ns=1000002368 state=Locked missed=0 (pico_gnss pico-gnss-rs/src/main.rs:180)
23.855897 [INFO ] TIME unix_ns=1780918245028455549 ppb=2384 holdover_ms=1028 locked=1 (pico_gnss pico-gnss-rs/src/main.rs:214)
24.088834 [INFO ] NMEA $GPGGA,113045.000,0000.0000,N,00000.0000,E,1,6,1.59,23.1,M,39.0,M,,*62 (pico_gnss pico-gnss-rs/src/main.rs:427)
24.147141 [INFO ] NMEA $GNGLL,0000.0000,N,00000.0000,E,113045.000,A,A*48 (pico_gnss pico-gnss-rs/src/main.rs:427)
24.205536 [INFO ] NMEA $GNGSA,A,3,12,15,20,24,10,,,,,,,,1.83,1.59,0.91*11 (pico_gnss pico-gnss-rs/src/main.rs:427)
24.254556 [INFO ] NMEA $GNGSA,A,3,73,,,,,,,,,,,,1.83,1.59,0.91*17 (pico_gnss pico-gnss-rs/src/main.rs:427)
24.313158 [INFO ] NMEA $GPGSV,4,1,14,23,63,216,,12,59,126,23,10,53,296,19,24,45,049,24*7D (pico_gnss pico-gnss-rs/src/main.rs:427)
24.371771 [INFO ] NMEA $GPGSV,4,2,14,25,40,184,,15,29,113,19,32,23,305,,28,08,251,*72 (pico_gnss pico-gnss-rs/src/main.rs:427)
24.459054 [INFO ] NMEA $GPGSV,4,3,14,20,06,110,17,19,02,058,20,18,01,208,,193,,,*75 (pico_gnss pico-gnss-rs/src/main.rs:427)
24.492460 [INFO ] NMEA $GPGSV,4,4,14,194,,,,195,,,*7D (pico_gnss pico-gnss-rs/src/main.rs:427)
24.551064 [INFO ] NMEA $GLGSV,2,1,08,74,78,197,,71,60,093,,72,50,340,,73,48,034,18*66 (pico_gnss pico-gnss-rs/src/main.rs:427)
24.609684 [INFO ] NMEA $GLGSV,2,2,08,75,23,208,,70,06,127,22,65,03,319,,88,01,313,*6A (pico_gnss pico-gnss-rs/src/main.rs:427)
24.697106 [INFO ] NMEA $GNRMC,113045.000,A,0000.0000,N,00000.0000,E,0.56,116.35,080626,,,A*76 (pico_gnss pico-gnss-rs/src/main.rs:427)
24.699672 [INFO ] SYNC pps_local_us=17000040 unix_s=1780918245 drift_us=2 err_ns=-16 holdover_ms=999 (pico_gnss pico-gnss-rs/src/main.rs:458)
24.726850 [INFO ] NMEA $GPVTG,116.35,T,,M,0.56,N,1.05,K,A*3A (pico_gnss pico-gnss-rs/src/main.rs:427)
24.759910 [INFO ] NMEA $GPZDA,113045.000,08,06,2026,,*5C (pico_gnss pico-gnss-rs/src/main.rs:427)
24.802598 [INFO ] NMEA $GPGST,113045.000,4.0,21,14,61.5,16,20,33*7E (pico_gnss pico-gnss-rs/src/main.rs:427)
24.825955 [INFO ] PPSGEN count=19 interval_ns=1000002400 dev_ns=2400 phase_ns=-1638380 hwphase_ns=-1618208 (pico_gnss pico-gnss-rs/src/main.rs:271)
24.827447 [INFO ] PPS count=19 interval_us=1000002 interval_ns=1000002384 state=Locked missed=0 (pico_gnss pico-gnss-rs/src/main.rs:180)
24.857067 [INFO ] TIME unix_ns=1780918246029667546 ppb=2384 holdover_ms=1029 locked=1 (pico_gnss pico-gnss-rs/src/main.rs:214)
25.113667 [INFO ] NMEA $GPGGA,113046.000,0000.0000,N,00000.0000,E,1,6,1.59,22.9,M,39.0,M,,*69 (pico_gnss pico-gnss-rs/src/main.rs:427)
25.171989 [INFO ] NMEA $GNGLL,0000.0000,N,00000.0000,E,113046.000,A,A*4A (pico_gnss pico-gnss-rs/src/main.rs:427)
25.230371 [INFO ] NMEA $GNGSA,A,3,12,15,20,24,10,,,,,,,,1.83,1.59,0.91*11 (pico_gnss pico-gnss-rs/src/main.rs:427)
25.253751 [INFO ] NMEA $GNGSA,A,3,73,,,,,,,,,,,,1.83,1.59,0.91*17 (pico_gnss pico-gnss-rs/src/main.rs:427)
25.341051 [INFO ] NMEA $GPGSV,4,1,14,23,63,216,,12,59,126,23,10,53,296,19,24,45,049,24*7D (pico_gnss pico-gnss-rs/src/main.rs:427)
25.399689 [INFO ] NMEA $GPGSV,4,2,14,25,40,184,,15,29,113,20,32,23,305,,28,08,251,*78 (pico_gnss pico-gnss-rs/src/main.rs:427)
25.458289 [INFO ] NMEA $GPGSV,4,3,14,20,06,110,17,19,02,058,21,18,01,208,,193,,,*74 (pico_gnss pico-gnss-rs/src/main.rs:427)
25.516305 [INFO ] NMEA $GPGSV,4,4,14,194,,,,195,,,*7D (pico_gnss pico-gnss-rs/src/main.rs:427)
25.579075 [INFO ] NMEA $GLGSV,2,1,08,74,78,197,,71,60,093,,72,50,340,,73,48,034,18*66 (pico_gnss pico-gnss-rs/src/main.rs:427)
25.637649 [INFO ] NMEA $GLGSV,2,2,08,75,23,208,,70,06,127,22,65,03,319,,88,01,313,*6A (pico_gnss pico-gnss-rs/src/main.rs:427)
25.725093 [INFO ] NMEA $GNRMC,113046.000,A,0000.0000,N,00000.0000,E,0.40,116.35,080626,,,A*73 (pico_gnss pico-gnss-rs/src/main.rs:427)
25.727672 [INFO ] SYNC pps_local_us=18000042 unix_s=1780918246 drift_us=2 err_ns=0 holdover_ms=999 (pico_gnss pico-gnss-rs/src/main.rs:458)
25.754795 [INFO ] NMEA $GPVTG,116.35,T,,M,0.40,N,0.75,K,A*3B (pico_gnss pico-gnss-rs/src/main.rs:427)
25.787873 [INFO ] NMEA $GPZDA,113046.000,08,06,2026,,*5F (pico_gnss pico-gnss-rs/src/main.rs:427)
25.825976 [INFO ] PPSGEN count=20 interval_ns=1000002416 dev_ns=2416 phase_ns=-1645380 hwphase_ns=-1618176 (pico_gnss pico-gnss-rs/src/main.rs:271)
25.827741 [INFO ] PPS count=20 interval_us=1000002 interval_ns=1000002384 state=Locked missed=0 (pico_gnss pico-gnss-rs/src/main.rs:180)
25.829077 [INFO ] NMEA $GPGST,113046.000,4.2,21,14,61.3,16,20,32*78 (pico_gnss pico-gnss-rs/src/main.rs:427)
25.858348 [INFO ] TIME unix_ns=1780918247030856543 ppb=2384 holdover_ms=1030 locked=1 (pico_gnss pico-gnss-rs/src/main.rs:214)
26.151802 [INFO ] NMEA $GPGGA,113047.000,0000.0000,N,00000.0000,E,1,6,1.59,22.8,M,39.0,M,,*69 (pico_gnss pico-gnss-rs/src/main.rs:427)
26.210145 [INFO ] NMEA $GNGLL,0000.0000,N,00000.0000,E,113047.000,A,A*4B (pico_gnss pico-gnss-rs/src/main.rs:427)
26.268550 [INFO ] NMEA $GNGSA,A,3,12,15,20,24,10,,,,,,,,1.83,1.59,0.91*11 (pico_gnss pico-gnss-rs/src/main.rs:427)
26.295000 [INFO ] NMEA $GNGSA,A,3,73,,,,,,,,,,,,1.83,1.59,0.91*17 (pico_gnss pico-gnss-rs/src/main.rs:427)
26.382345 [INFO ] NMEA $GPGSV,4,1,14,23,63,216,,12,59,126,24,10,53,296,20,24,45,049,24*70 (pico_gnss pico-gnss-rs/src/main.rs:427)
26.440935 [INFO ] NMEA $GPGSV,4,2,14,25,40,184,,15,29,113,20,32,23,305,,28,08,251,*78 (pico_gnss pico-gnss-rs/src/main.rs:427)
26.499506 [INFO ] NMEA $GPGSV,4,3,14,20,06,110,17,19,02,058,21,18,01,208,,193,,,*74 (pico_gnss pico-gnss-rs/src/main.rs:427)
26.528839 [INFO ] NMEA $GPGSV,4,4,14,194,,,,195,,,*7D (pico_gnss pico-gnss-rs/src/main.rs:427)
26.620243 [INFO ] NMEA $GLGSV,2,1,08,74,78,197,,71,60,093,,72,50,340,,73,48,034,18*66 (pico_gnss pico-gnss-rs/src/main.rs:427)
26.678841 [INFO ] NMEA $GLGSV,2,2,08,75,23,208,,70,06,127,23,65,03,319,,88,01,313,*6B (pico_gnss pico-gnss-rs/src/main.rs:427)
26.737496 [INFO ] NMEA $GNRMC,113047.000,A,0000.0000,N,00000.0000,E,0.19,116.35,080626,,,A*7E (pico_gnss pico-gnss-rs/src/main.rs:427)
26.740049 [INFO ] SYNC pps_local_us=19000045 unix_s=1780918247 drift_us=2 err_ns=0 holdover_ms=1000 (pico_gnss pico-gnss-rs/src/main.rs:458)
26.795645 [INFO ] NMEA $GPVTG,116.35,T,,M,0.19,N,0.36,K,A*30 (pico_gnss pico-gnss-rs/src/main.rs:427)
26.825976 [INFO ] PPSGEN count=21 interval_ns=1000002400 dev_ns=2400 phase_ns=-1918379 hwphase_ns=-1618160 (pico_gnss pico-gnss-rs/src/main.rs:271)
26.827527 [INFO ] PPS count=21 interval_us=1000002 interval_ns=1000002368 state=Locked missed=0 (pico_gnss pico-gnss-rs/src/main.rs:180)
26.829382 [INFO ] NMEA $GPZDA,113047.000,08,06,2026,,*5E (pico_gnss pico-gnss-rs/src/main.rs:427)
26.859660 [INFO ] TIME unix_ns=1780918248031849541 ppb=2383 holdover_ms=1031 locked=1 (pico_gnss pico-gnss-rs/src/main.rs:214)
26.865701 [INFO ] NMEA $GPGST,113047.000,4.2,21,15,60.9,16,20,33*72 (pico_gnss pico-gnss-rs/src/main.rs:427)
27.067540 [INFO ] NMEA $GPGGA,113048.000,0000.0000,N,00000.0000,E,1,6,1.59,22.6,M,39.0,M,,*6C (pico_gnss pico-gnss-rs/src/main.rs:427)
27.125971 [INFO ] NMEA $GNGLL,0000.0000,N,00000.0000,E,113048.000,A,A*40 (pico_gnss pico-gnss-rs/src/main.rs:427)
27.184364 [INFO ] NMEA $GNGSA,A,3,12,15,20,24,10,,,,,,,,1.83,1.59,0.91*11 (pico_gnss pico-gnss-rs/src/main.rs:427)
27.213886 [INFO ] NMEA $GNGSA,A,3,73,,,,,,,,,,,,1.83,1.59,0.91*17 (pico_gnss pico-gnss-rs/src/main.rs:427)
27.301264 [INFO ] NMEA $GPGSV,4,1,14,23,63,216,,12,59,126,24,10,53,296,20,24,45,049,24*70 (pico_gnss pico-gnss-rs/src/main.rs:427)
27.359828 [INFO ] NMEA $GPGSV,4,2,14,25,40,184,,15,29,113,20,32,23,305,,28,08,251,*78 (pico_gnss pico-gnss-rs/src/main.rs:427)
27.418414 [INFO ] NMEA $GPGSV,4,3,14,20,06,110,17,19,02,058,21,18,01,208,,193,,,*74 (pico_gnss pico-gnss-rs/src/main.rs:427)
27.447734 [INFO ] NMEA $GPGSV,4,4,14,194,,,,195,,,*7D (pico_gnss pico-gnss-rs/src/main.rs:427)
27.510358 [INFO ] NMEA $GLGSV,2,1,08,74,78,197,,71,60,093,,72,50,340,,73,48,034,18*66 (pico_gnss pico-gnss-rs/src/main.rs:427)
27.597711 [INFO ] NMEA $GLGSV,2,2,08,75,23,208,,70,06,127,23,65,03,319,,88,01,313,*6B (pico_gnss pico-gnss-rs/src/main.rs:427)
27.656450 [INFO ] NMEA $GNRMC,113048.000,A,0000.0000,N,00000.0000,E,0.76,116.35,080626,,,A*7C (pico_gnss pico-gnss-rs/src/main.rs:427)
27.659027 [INFO ] SYNC pps_local_us=20000047 unix_s=1780918248 drift_us=2 err_ns=-15 holdover_ms=999 (pico_gnss pico-gnss-rs/src/main.rs:458)
27.714668 [INFO ] NMEA $GPVTG,116.35,T,,M,0.76,N,1.42,K,A*3B (pico_gnss pico-gnss-rs/src/main.rs:427)
27.748054 [INFO ] NMEA $GPZDA,113048.000,08,06,2026,,*51 (pico_gnss pico-gnss-rs/src/main.rs:427)
27.777545 [INFO ] NMEA $GPGST,113048.000,4.3,21,14,60.5,16,20,32*70 (pico_gnss pico-gnss-rs/src/main.rs:427)
27.825947 [INFO ] PPSGEN count=22 interval_ns=1000002416 dev_ns=2416 phase_ns=-1721379 hwphase_ns=-1618112 (pico_gnss pico-gnss-rs/src/main.rs:271)
27.827460 [INFO ] PPS count=22 interval_us=1000002 interval_ns=1000002368 state=Locked missed=0 (pico_gnss pico-gnss-rs/src/main.rs:180)
27.860859 [INFO ] TIME unix_ns=1780918249033381538 ppb=2383 holdover_ms=1033 locked=1 (pico_gnss pico-gnss-rs/src/main.rs:214)
28.071794 [INFO ] NMEA $GPGGA,113049.000,0000.0000,N,00000.0000,E,1,6,1.59,22.5,M,39.0,M,,*68 (pico_gnss pico-gnss-rs/src/main.rs:427)
28.130122 [INFO ] NMEA $GNGLL,0000.0000,N,00000.0000,E,113049.000,A,A*47 (pico_gnss pico-gnss-rs/src/main.rs:427)
28.188531 [INFO ] NMEA $GNGSA,A,3,12,15,20,24,10,,,,,,,,1.83,1.59,0.91*11 (pico_gnss pico-gnss-rs/src/main.rs:427)
28.221095 [INFO ] NMEA $GNGSA,A,3,73,,,,,,,,,,,,1.83,1.59,0.91*17 (pico_gnss pico-gnss-rs/src/main.rs:427)
28.308460 [INFO ] NMEA $GPGSV,4,1,14,23,63,216,,12,59,126,24,10,53,296,20,24,45,049,24*70 (pico_gnss pico-gnss-rs/src/main.rs:427)
28.367047 [INFO ] NMEA $GPGSV,4,2,14,25,40,184,,15,29,113,20,32,23,305,,28,08,251,*78 (pico_gnss pico-gnss-rs/src/main.rs:427)
28.425612 [INFO ] NMEA $GPGSV,4,3,14,20,06,110,17,19,02,058,21,18,01,208,,193,,,*74 (pico_gnss pico-gnss-rs/src/main.rs:427)
28.454975 [INFO ] NMEA $GPGSV,4,4,14,194,,,,195,,,*7D (pico_gnss pico-gnss-rs/src/main.rs:427)
28.517547 [INFO ] NMEA $GLGSV,2,1,08,74,78,197,,71,60,093,,72,50,340,,73,48,034,18*66 (pico_gnss pico-gnss-rs/src/main.rs:427)
28.604958 [INFO ] NMEA $GLGSV,2,2,08,75,23,208,,70,06,127,24,65,03,319,,88,01,313,*6C (pico_gnss pico-gnss-rs/src/main.rs:427)
28.663658 [INFO ] NMEA $GNRMC,113049.000,A,0000.0000,N,00000.0000,E,0.80,116.35,080626,,,A*72 (pico_gnss pico-gnss-rs/src/main.rs:427)
28.666246 [INFO ] SYNC pps_local_us=21000050 unix_s=1780918249 drift_us=2 err_ns=-15 holdover_ms=999 (pico_gnss pico-gnss-rs/src/main.rs:458)
28.721900 [INFO ] NMEA $GPVTG,116.35,T,,M,0.80,N,1.48,K,A*38 (pico_gnss pico-gnss-rs/src/main.rs:427)
28.755223 [INFO ] NMEA $GPZDA,113049.000,08,06,2026,,*50 (pico_gnss pico-gnss-rs/src/main.rs:427)
28.785988 [INFO ] NMEA $GPGST,113049.000,4.3,21,15,60.2,16,20,33*76 (pico_gnss pico-gnss-rs/src/main.rs:427)
28.826043 [INFO ] PPSGEN count=23 interval_ns=1000002400 dev_ns=2400 phase_ns=-1621379 hwphase_ns=-1618080 (pico_gnss pico-gnss-rs/src/main.rs:271)
28.827558 [INFO ] PPS count=23 interval_us=1000002 interval_ns=1000002368 state=Locked missed=0 (pico_gnss pico-gnss-rs/src/main.rs:180)
28.862027 [INFO ] TIME unix_ns=1780918250034620535 ppb=2383 holdover_ms=1034 locked=1 (pico_gnss pico-gnss-rs/src/main.rs:214)
29.088683 [INFO ] NMEA $GPGGA,113050.000,0000.0000,N,00000.0000,E,1,6,1.59,22.4,M,39.0,M,,*61 (pico_gnss pico-gnss-rs/src/main.rs:427)
29.147013 [INFO ] NMEA $GNGLL,0000.0000,N,00000.0000,E,113050.000,A,A*4F (pico_gnss pico-gnss-rs/src/main.rs:427)
29.205440 [INFO ] NMEA $GNGSA,A,3,12,15,20,24,10,,,,,,,,1.83,1.59,0.91*11 (pico_gnss pico-gnss-rs/src/main.rs:427)
29.241060 [INFO ] NMEA $GNGSA,A,3,73,,,,,,,,,,,,1.83,1.59,0.91*17 (pico_gnss pico-gnss-rs/src/main.rs:427)
29.299659 [INFO ] NMEA $GPGSV,4,1,14,23,63,216,,12,59,126,24,10,53,296,20,24,45,049,24*70 (pico_gnss pico-gnss-rs/src/main.rs:427)
29.387047 [INFO ] NMEA $GPGSV,4,2,14,25,40,184,,15,29,113,20,32,23,305,,28,08,251,*78 (pico_gnss pico-gnss-rs/src/main.rs:427)
29.445573 [INFO ] NMEA $GPGSV,4,3,14,20,06,110,17,19,02,058,21,18,01,208,,193,,,*74 (pico_gnss pico-gnss-rs/src/main.rs:427)
29.474940 [INFO ] NMEA $GPGSV,4,4,14,194,,,,195,,,*7D (pico_gnss pico-gnss-rs/src/main.rs:427)
29.537572 [INFO ] NMEA $GLGSV,2,1,08,74,78,197,,71,60,093,,72,50,340,,73,48,034,18*66 (pico_gnss pico-gnss-rs/src/main.rs:427)
29.624927 [INFO ] NMEA $GLGSV,2,2,08,75,23,208,,70,06,127,24,65,03,319,,88,01,312,*6D (pico_gnss pico-gnss-rs/src/main.rs:427)
29.683644 [INFO ] NMEA $GNRMC,113050.000,A,0000.0000,N,00000.0000,E,0.86,116.35,080626,,,A*7C (pico_gnss pico-gnss-rs/src/main.rs:427)
29.686212 [INFO ] SYNC pps_local_us=22000052 unix_s=1780918250 drift_us=2 err_ns=-14 holdover_ms=1000 (pico_gnss pico-gnss-rs/src/main.rs:458)
29.741829 [INFO ] NMEA $GPVTG,116.35,T,,M,0.86,N,1.59,K,A*3E (pico_gnss pico-gnss-rs/src/main.rs:427)
29.775181 [INFO ] NMEA $GPZDA,113050.000,08,06,2026,,*58 (pico_gnss pico-gnss-rs/src/main.rs:427)
29.802797 [INFO ] NMEA $GPGST,113050.000,4.3,21,15,60.6,16,20,32*7B (pico_gnss pico-gnss-rs/src/main.rs:427)
29.825967 [INFO ] PPSGEN count=24 interval_ns=1000002400 dev_ns=2400 phase_ns=-1729378 hwphase_ns=-1618048 (pico_gnss pico-gnss-rs/src/main.rs:271)
29.827475 [INFO ] PPS count=24 interval_us=1000002 interval_ns=1000002368 state=Locked missed=0 (pico_gnss pico-gnss-rs/src/main.rs:180)
29.863193 [INFO ] TIME unix_ns=1780918251035679533 ppb=2382 holdover_ms=1035 locked=1 (pico_gnss pico-gnss-rs/src/main.rs:214)
30.059593 [INFO ] NMEA $GPGGA,113051.000,0000.0000,N,00000.0000,E,1,6,1.59,22.4,M,39.0,M,,*68 (pico_gnss pico-gnss-rs/src/main.rs:427)
30.117915 [INFO ] NMEA $GNGLL,0000.0000,N,00000.0000,E,113051.000,A,A*46 (pico_gnss pico-gnss-rs/src/main.rs:427)
30.176326 [INFO ] NMEA $GNGSA,A,3,12,15,20,24,10,,,,,,,,1.83,1.59,0.91*11 (pico_gnss pico-gnss-rs/src/main.rs:427)
30.215025 [INFO ] NMEA $GNGSA,A,3,73,,,,,,,,,,,,1.83,1.59,0.91*17 (pico_gnss pico-gnss-rs/src/main.rs:427)
30.273675 [INFO ] NMEA $GPGSV,4,1,14,23,63,216,,12,59,126,24,10,53,296,20,24,45,049,24*70 (pico_gnss pico-gnss-rs/src/main.rs:427)
30.361016 [INFO ] NMEA $GPGSV,4,2,14,25,40,184,,15,29,113,20,32,23,305,,28,08,251,*78 (pico_gnss pico-gnss-rs/src/main.rs:427)
30.419589 [INFO ] NMEA $GPGSV,4,3,14,20,06,110,17,19,02,058,21,18,01,208,,193,,,*74 (pico_gnss pico-gnss-rs/src/main.rs:427)
30.448947 [INFO ] NMEA $GPGSV,4,4,14,194,,,,195,,,*7D (pico_gnss pico-gnss-rs/src/main.rs:427)
30.511550 [INFO ] NMEA $GLGSV,2,1,08,74,78,197,,71,60,093,,72,50,340,,73,48,034,18*66 (pico_gnss pico-gnss-rs/src/main.rs:427)
30.570125 [INFO ] NMEA $GLGSV,2,2,08,75,23,208,,70,06,127,23,65,03,319,,88,01,312,*6A (pico_gnss pico-gnss-rs/src/main.rs:427)
30.657630 [INFO ] NMEA $GNRMC,113051.000,A,0000.0000,N,00000.0000,E,0.56,116.35,080626,,,A*78 (pico_gnss pico-gnss-rs/src/main.rs:427)
30.660225 [INFO ] SYNC pps_local_us=23000054 unix_s=1780918251 drift_us=2 err_ns=-14 holdover_ms=999 (pico_gnss pico-gnss-rs/src/main.rs:458)
30.687353 [INFO ] NMEA $GPVTG,116.35,T,,M,0.56,N,1.03,K,A*3C (pico_gnss pico-gnss-rs/src/main.rs:427)
30.749189 [INFO ] NMEA $GPZDA,113051.000,08,06,2026,,*59 (pico_gnss pico-gnss-rs/src/main.rs:427)
30.773708 [INFO ] NMEA $GPGST,113051.000,4.3,21,15,59.9,17,20,33*7F (pico_gnss pico-gnss-rs/src/main.rs:427)
30.827236 [INFO ] PPSGEN count=25 interval_ns=1001270848 dev_ns=1270848 phase_ns=-381381 hwphase_ns=-349568 (pico_gnss pico-gnss-rs/src/main.rs:271)
30.828768 [INFO ] PPS count=25 interval_us=1000002 interval_ns=1000002384 state=Locked missed=0 (pico_gnss pico-gnss-rs/src/main.rs:180)
30.864356 [INFO ] TIME unix_ns=1780918252036929530 ppb=2382 holdover_ms=1036 locked=1 (pico_gnss pico-gnss-rs/src/main.rs:214)
31.078601 [INFO ] NMEA $GPGGA,113052.000,0000.0000,N,00000.0000,E,1,6,1.59,22.5,M,39.0,M,,*60 (pico_gnss pico-gnss-rs/src/main.rs:427)
31.136941 [INFO ] NMEA $GNGLL,0000.0000,N,00000.0000,E,113052.000,A,A*4F (pico_gnss pico-gnss-rs/src/main.rs:427)
31.195321 [INFO ] NMEA $GNGSA,A,3,12,15,20,24,10,,,,,,,,1.83,1.59,0.91*11 (pico_gnss pico-gnss-rs/src/main.rs:427)
31.237119 [INFO ] NMEA $GNGSA,A,3,73,,,,,,,,,,,,1.83,1.59,0.91*17 (pico_gnss pico-gnss-rs/src/main.rs:427)
31.295790 [INFO ] NMEA $GPGSV,4,1,14,23,63,216,,12,59,126,24,10,53,296,20,24,45,049,25*71 (pico_gnss pico-gnss-rs/src/main.rs:427)
31.383121 [INFO ] NMEA $GPGSV,4,2,14,25,40,184,,15,29,113,20,32,23,305,,28,08,251,*78 (pico_gnss pico-gnss-rs/src/main.rs:427)
31.441677 [INFO ] NMEA $GPGSV,4,3,14,20,06,110,17,19,02,058,21,18,01,208,,193,,,*74 (pico_gnss pico-gnss-rs/src/main.rs:427)
31.471036 [INFO ] NMEA $GPGSV,4,4,14,194,,,,195,,,*7D (pico_gnss pico-gnss-rs/src/main.rs:427)
31.533664 [INFO ] NMEA $GLGSV,2,1,08,74,78,197,,71,60,093,,72,50,340,,73,48,034,19*67 (pico_gnss pico-gnss-rs/src/main.rs:427)
31.592229 [INFO ] NMEA $GLGSV,2,2,08,75,23,208,,70,06,127,23,65,03,319,,88,01,312,*6A (pico_gnss pico-gnss-rs/src/main.rs:427)
31.679733 [INFO ] NMEA $GNRMC,113052.000,A,0000.0000,N,00000.0000,E,0.89,116.35,080626,,,A*73 (pico_gnss pico-gnss-rs/src/main.rs:427)
31.682305 [INFO ] SYNC pps_local_us=24000057 unix_s=1780918252 drift_us=2 err_ns=2 holdover_ms=1001 (pico_gnss pico-gnss-rs/src/main.rs:458)
31.709439 [INFO ] NMEA $GPVTG,116.35,T,,M,0.89,N,1.64,K,A*3F (pico_gnss pico-gnss-rs/src/main.rs:427)
31.767101 [INFO ] NMEA $GPZDA,113052.000,08,06,2026,,*5A (pico_gnss pico-gnss-rs/src/main.rs:427)
31.792576 [INFO ] NMEA $GPGST,113052.000,4.3,21,15,61.5,16,20,33*7A (pico_gnss pico-gnss-rs/src/main.rs:427)
31.827235 [INFO ] PPSGEN count=26 interval_ns=1000002400 dev_ns=2400 phase_ns=-1663378 hwphase_ns=-349552 (pico_gnss pico-gnss-rs/src/main.rs:271)
31.828729 [INFO ] PPS count=26 interval_us=1000002 interval_ns=1000002368 state=Locked missed=0 (pico_gnss pico-gnss-rs/src/main.rs:180)
31.865524 [INFO ] TIME unix_ns=1780918253036802531 ppb=2382 holdover_ms=1036 locked=1 (pico_gnss pico-gnss-rs/src/main.rs:214)
32.094680 [INFO ] NMEA $GPGGA,113053.000,0000.0000,N,00000.0000,E,1,6,1.59,22.6,M,39.0,M,,*62 (pico_gnss pico-gnss-rs/src/main.rs:427)
32.152992 [INFO ] NMEA $GNGLL,0000.0000,N,00000.0000,E,113053.000,A,A*4E (pico_gnss pico-gnss-rs/src/main.rs:427)
32.211409 [INFO ] NMEA $GNGSA,A,3,12,15,20,24,10,,,,,,,,1.83,1.59,0.91*11 (pico_gnss pico-gnss-rs/src/main.rs:427)
32.256272 [INFO ] NMEA $GNGSA,A,3,73,,,,,,,,,,,,1.83,1.59,0.91*17 (pico_gnss pico-gnss-rs/src/main.rs:427)
32.314903 [INFO ] NMEA $GPGSV,4,1,14,23,63,216,,12,59,126,24,10,53,296,20,24,45,049,25*71 (pico_gnss pico-gnss-rs/src/main.rs:427)
32.373454 [INFO ] NMEA $GPGSV,4,2,14,25,40,184,,15,29,113,20,32,23,305,,28,08,251,*78 (pico_gnss pico-gnss-rs/src/main.rs:427)
32.460813 [INFO ] NMEA $GPGSV,4,3,14,20,06,110,17,19,02,058,21,18,01,208,,193,,,*74 (pico_gnss pico-gnss-rs/src/main.rs:427)
32.490169 [INFO ] NMEA $GPGSV,4,4,14,194,,,,195,,,*7D (pico_gnss pico-gnss-rs/src/main.rs:427)
32.552782 [INFO ] NMEA $GLGSV,2,1,08,74,78,197,,71,60,093,,72,50,340,,73,48,034,19*67 (pico_gnss pico-gnss-rs/src/main.rs:427)
32.611401 [INFO ] NMEA $GLGSV,2,2,08,75,23,208,,70,06,127,22,65,03,319,,88,01,312,*6B (pico_gnss pico-gnss-rs/src/main.rs:427)
32.698849 [INFO ] NMEA $GNRMC,113053.000,A,0000.0000,N,00000.0000,E,0.85,116.35,080626,,,A*7E (pico_gnss pico-gnss-rs/src/main.rs:427)
32.701417 [INFO ] SYNC pps_local_us=25000059 unix_s=1780918253 drift_us=2 err_ns=-13 holdover_ms=999 (pico_gnss pico-gnss-rs/src/main.rs:458)
32.728575 [INFO ] NMEA $GPVTG,116.35,T,,M,0.85,N,1.57,K,A*33 (pico_gnss pico-gnss-rs/src/main.rs:427)
32.757660 [INFO ] NMEA $GPZDA,113053.000,08,06,2026,,*5B (pico_gnss pico-gnss-rs/src/main.rs:427)
32.808495 [INFO ] NMEA $GPGST,113053.000,4.3,21,15,61.7,16,20,33*79 (pico_gnss pico-gnss-rs/src/main.rs:427)
32.827244 [INFO ] PPSGEN count=27 interval_ns=1000002400 dev_ns=2400 phase_ns=-1614377 hwphase_ns=-349520 (pico_gnss pico-gnss-rs/src/main.rs:271)
32.828755 [INFO ] PPS count=27 interval_us=1000002 interval_ns=1000002368 state=Locked missed=0 (pico_gnss pico-gnss-rs/src/main.rs:180)
32.866680 [INFO ] TIME unix_ns=1780918254038004529 ppb=2381 holdover_ms=1038 locked=1 (pico_gnss pico-gnss-rs/src/main.rs:214)
33.112664 [INFO ] NMEA $GPGGA,113054.000,0000.0000,N,00000.0000,E,1,6,1.59,22.6,M,39.0,M,,*6E (pico_gnss pico-gnss-rs/src/main.rs:427)
33.170974 [INFO ] NMEA $GNGLL,0000.0000,N,00000.0000,E,113054.000,A,A*42 (pico_gnss pico-gnss-rs/src/main.rs:427)
33.229371 [INFO ] NMEA $GNGSA,A,3,12,15,20,24,10,,,,,,,,1.83,1.59,0.91*11 (pico_gnss pico-gnss-rs/src/main.rs:427)
33.277365 [INFO ] NMEA $GNGSA,A,3,73,,,,,,,,,,,,1.83,1.59,0.91*17 (pico_gnss pico-gnss-rs/src/main.rs:427)
33.335985 [INFO ] NMEA $GPGSV,4,1,14,23,63,216,,12,59,126,24,10,53,296,20,24,45,049,25*71 (pico_gnss pico-gnss-rs/src/main.rs:427)
33.394567 [INFO ] NMEA $GPGSV,4,2,14,25,40,184,,15,29,113,20,32,23,305,,28,08,251,*78 (pico_gnss pico-gnss-rs/src/main.rs:427)
33.481872 [INFO ] NMEA $GPGSV,4,3,14,20,06,110,17,19,02,058,20,18,01,208,,193,,,*75 (pico_gnss pico-gnss-rs/src/main.rs:427)
33.511247 [INFO ] NMEA $GPGSV,4,4,14,194,,,,195,,,*7D (pico_gnss pico-gnss-rs/src/main.rs:427)
33.573823 [INFO ] NMEA $GLGSV,2,1,08,74,78,197,,71,60,093,,72,50,340,,73,48,034,19*67 (pico_gnss pico-gnss-rs/src/main.rs:427)
33.632458 [INFO ] NMEA $GLGSV,2,2,08,75,23,208,,70,06,127,22,65,03,319,,88,01,312,*6B (pico_gnss pico-gnss-rs/src/main.rs:427)
33.719922 [INFO ] NMEA $GNRMC,113054.000,A,0000.0000,N,00000.0000,E,0.83,116.35,080626,,,A*74 (pico_gnss pico-gnss-rs/src/main.rs:427)
33.722500 [INFO ] SYNC pps_local_us=26000061 unix_s=1780918254 drift_us=2 err_ns=-13 holdover_ms=1000 (pico_gnss pico-gnss-rs/src/main.rs:458)
33.749602 [INFO ] NMEA $GPVTG,116.35,T,,M,0.83,N,1.54,K,A*36 (pico_gnss pico-gnss-rs/src/main.rs:427)
33.778672 [INFO ] NMEA $GPZDA,113054.000,08,06,2026,,*5C (pico_gnss pico-gnss-rs/src/main.rs:427)
33.827259 [INFO ] PPSGEN count=28 interval_ns=1000002400 dev_ns=2400 phase_ns=-1672377 hwphase_ns=-349488 (pico_gnss pico-gnss-rs/src/main.rs:271)
33.828776 [INFO ] PPS count=28 interval_us=1000002 interval_ns=1000002368 state=Locked missed=0 (pico_gnss pico-gnss-rs/src/main.rs:180)
33.829666 [INFO ] NMEA $GPGST,113054.000,4.4,21,15,61.6,16,20,34*7F (pico_gnss pico-gnss-rs/src/main.rs:427)
33.867938 [INFO ] TIME unix_ns=1780918255039159526 ppb=2381 holdover_ms=1039 locked=1 (pico_gnss pico-gnss-rs/src/main.rs:214)
34.129465 [INFO ] NMEA $GPGGA,113055.000,0000.0000,N,00000.0000,E,1,6,1.59,22.7,M,39.0,M,,*6D (pico_gnss pico-gnss-rs/src/main.rs:427)
34.187810 [INFO ] NMEA $GNGLL,0000.0000,N,00000.0000,E,113055.000,A,A*40 (pico_gnss pico-gnss-rs/src/main.rs:427)
34.246223 [INFO ] NMEA $GNGSA,A,3,12,15,20,24,10,,,,,,,,1.83,1.59,0.91*11 (pico_gnss pico-gnss-rs/src/main.rs:427)
34.297273 [INFO ] NMEA $GNGSA,A,3,73,,,,,,,,,,,,1.83,1.59,0.91*17 (pico_gnss pico-gnss-rs/src/main.rs:427)
34.355888 [INFO ] NMEA $GPGSV,4,1,14,23,63,216,,12,59,126,24,10,53,296,20,24,45,049,25*71 (pico_gnss pico-gnss-rs/src/main.rs:427)
34.414495 [INFO ] NMEA $GPGSV,4,2,14,25,40,184,,15,29,113,20,32,23,305,,28,08,251,*78 (pico_gnss pico-gnss-rs/src/main.rs:427)
34.473018 [INFO ] NMEA $GPGSV,4,3,14,20,06,110,17,19,02,058,19,18,01,208,,193,,,*7F (pico_gnss pico-gnss-rs/src/main.rs:427)
34.531119 [INFO ] NMEA $GPGSV,4,4,14,194,,,,195,,,*7D (pico_gnss pico-gnss-rs/src/main.rs:427)
34.593808 [INFO ] NMEA $GLGSV,2,1,08,74,78,197,,71,60,093,,72,50,340,,73,48,034,19*67 (pico_gnss pico-gnss-rs/src/main.rs:427)
34.652368 [INFO ] NMEA $GLGSV,2,2,08,75,23,208,,70,06,127,22,65,03,319,,88,01,312,*6B (pico_gnss pico-gnss-rs/src/main.rs:427)
34.739789 [INFO ] NMEA $GNRMC,113055.000,A,0000.0000,N,00000.0000,E,0.76,116.35,080626,,,A*7C (pico_gnss pico-gnss-rs/src/main.rs:427)
34.742368 [INFO ] SYNC pps_local_us=27000064 unix_s=1780918255 drift_us=2 err_ns=-12 holdover_ms=1000 (pico_gnss pico-gnss-rs/src/main.rs:458)
34.769492 [INFO ] NMEA $GPVTG,116.35,T,,M,0.76,N,1.41,K,A*38 (pico_gnss pico-gnss-rs/src/main.rs:427)
34.798592 [INFO ] NMEA $GPZDA,113055.000,08,06,2026,,*5D (pico_gnss pico-gnss-rs/src/main.rs:427)
34.827253 [INFO ] PPSGEN count=29 interval_ns=1000002400 dev_ns=2400 phase_ns=-1667376 hwphase_ns=-349456 (pico_gnss pico-gnss-rs/src/main.rs:271)
34.829017 [INFO ] PPS count=29 interval_us=1000002 interval_ns=1000002368 state=Locked missed=0 (pico_gnss pico-gnss-rs/src/main.rs:180)
34.843216 [INFO ] NMEA $GPGST,113055.000,4.4,22,15,63.7,16,21,34*7F (pico_gnss pico-gnss-rs/src/main.rs:427)
34.869179 [INFO ] TIME unix_ns=1780918256040367524 ppb=2380 holdover_ms=1040 locked=1 (pico_gnss pico-gnss-rs/src/main.rs:214)
35.050632 [INFO ] NMEA $GPGGA,113056.000,0000.0000,N,00000.0000,E,1,6,1.59,22.8,M,39.0,M,,*63 (pico_gnss pico-gnss-rs/src/main.rs:427)
35.108999 [INFO ] NMEA $GNGLL,0000.0000,N,00000.0000,E,113056.000,A,A*41 (pico_gnss pico-gnss-rs/src/main.rs:427)
35.167402 [INFO ] NMEA $GNGSA,A,3,12,15,20,24,10,,,,,,,,1.83,1.59,0.91*11 (pico_gnss pico-gnss-rs/src/main.rs:427)
35.197003 [INFO ] NMEA $GNGSA,A,3,73,,,,,,,,,,,,1.83,1.59,0.91*17 (pico_gnss pico-gnss-rs/src/main.rs:427)
35.280237 [INFO ] NMEA $GPGSV,4,1,14,23,63,216,,12,59,126,24,10,53,296,20,24,45,049,25*71 (pico_gnss pico-gnss-rs/src/main.rs:427)
35.338841 [INFO ] NMEA $GPGSV,4,2,14,25,40,184,,15,29,113,20,32,23,305,,28,08,251,*78 (pico_gnss pico-gnss-rs/src/main.rs:427)
35.397363 [INFO ] NMEA $GPGSV,4,3,14,20,06,110,17,19,02,058,19,18,01,208,,193,,,*7F (pico_gnss pico-gnss-rs/src/main.rs:427)
35.426732 [INFO ] NMEA $GPGSV,4,4,14,194,,,,195,,,*7D (pico_gnss pico-gnss-rs/src/main.rs:427)
35.518159 [INFO ] NMEA $GLGSV,2,1,08,74,78,197,,71,60,093,,72,50,340,,73,48,034,19*67 (pico_gnss pico-gnss-rs/src/main.rs:427)
35.576713 [INFO ] NMEA $GLGSV,2,2,08,75,23,208,,70,06,127,22,65,03,319,,88,01,312,*6B (pico_gnss pico-gnss-rs/src/main.rs:427)
35.635461 [INFO ] NMEA $GNRMC,113056.000,A,0000.0000,N,00000.0000,E,0.28,116.35,080626,,,A*76 (pico_gnss pico-gnss-rs/src/main.rs:427)
35.638036 [INFO ] SYNC pps_local_us=28000066 unix_s=1780918256 drift_us=2 err_ns=-12 holdover_ms=1000 (pico_gnss pico-gnss-rs/src/main.rs:458)
35.693703 [INFO ] NMEA $GPVTG,116.35,T,,M,0.28,N,0.52,K,A*30 (pico_gnss pico-gnss-rs/src/main.rs:427)
35.723060 [INFO ] NMEA $GPZDA,113056.000,08,06,2026,,*5E (pico_gnss pico-gnss-rs/src/main.rs:427)
35.764545 [INFO ] NMEA $GPGST,113056.000,4.4,22,15,63.6,16,21,34*7D (pico_gnss pico-gnss-rs/src/main.rs:427)
35.827239 [INFO ] PPSGEN count=30 interval_ns=1000002400 dev_ns=2400 phase_ns=-1887375 hwphase_ns=-349424 (pico_gnss pico-gnss-rs/src/main.rs:271)
35.828753 [INFO ] PPS count=30 interval_us=1000002 interval_ns=1000002368 state=Locked missed=0 (pico_gnss pico-gnss-rs/src/main.rs:180)
35.870354 [INFO ] TIME unix_ns=1780918257041392522 ppb=2380 holdover_ms=1041 locked=1 (pico_gnss pico-gnss-rs/src/main.rs:214)
36.067817 [INFO ] NMEA $GPGGA,113057.000,0000.0000,N,00000.0000,E,1,6,1.58,22.9,M,39.0,M,,*68 (pico_gnss pico-gnss-rs/src/main.rs:427)
36.126159 [INFO ] NMEA $GNGLL,0000.0000,N,00000.0000,E,113057.000,A,A*4A (pico_gnss pico-gnss-rs/src/main.rs:427)
36.184557 [INFO ] NMEA $GNGSA,A,3,12,15,20,24,10,,,,,,,,1.83,1.58,0.91*10 (pico_gnss pico-gnss-rs/src/main.rs:427)
36.214093 [INFO ] NMEA $GNGSA,A,3,73,,,,,,,,,,,,1.83,1.58,0.91*16 (pico_gnss pico-gnss-rs/src/main.rs:427)
36.300405 [INFO ] NMEA $GPGSV,4,1,14,23,63,216,,12,59,126,24,10,53,296,20,24,45,049,25*71 (pico_gnss pico-gnss-rs/src/main.rs:427)
36.358983 [INFO ] NMEA $GPGSV,4,2,14,25,40,184,,15,29,113,20,32,23,305,,28,08,251,*78 (pico_gnss pico-gnss-rs/src/main.rs:427)
36.417536 [INFO ] NMEA $GPGSV,4,3,14,20,06,110,17,19,02,058,19,18,01,208,,193,,,*7F (pico_gnss pico-gnss-rs/src/main.rs:427)
36.446886 [INFO ] NMEA $GPGSV,4,4,14,194,,,,195,,,*7D (pico_gnss pico-gnss-rs/src/main.rs:427)
36.538252 [INFO ] NMEA $GLGSV,2,1,08,74,78,197,,71,60,093,,72,50,340,,73,48,034,19*67 (pico_gnss pico-gnss-rs/src/main.rs:427)
36.596866 [INFO ] NMEA $GLGSV,2,2,08,75,23,208,,70,06,127,22,65,03,319,,88,01,312,*6B (pico_gnss pico-gnss-rs/src/main.rs:427)
36.655574 [INFO ] NMEA $GNRMC,113057.000,A,0000.0000,N,00000.0000,E,1.25,116.35,080626,,,A*71 (pico_gnss pico-gnss-rs/src/main.rs:427)
36.658138 [INFO ] SYNC pps_local_us=29000069 unix_s=1780918257 drift_us=2 err_ns=-12 holdover_ms=999 (pico_gnss pico-gnss-rs/src/main.rs:458)
36.713821 [INFO ] NMEA $GPVTG,116.35,T,,M,1.25,N,2.31,K,A*3B (pico_gnss pico-gnss-rs/src/main.rs:427)
36.743156 [INFO ] NMEA $GPZDA,113057.000,08,06,2026,,*5F (pico_gnss pico-gnss-rs/src/main.rs:427)
36.781471 [INFO ] NMEA $GPGST,113057.000,4.4,22,15,63.7,16,21,34*7D (pico_gnss pico-gnss-rs/src/main.rs:427)
36.827321 [INFO ] PPSGEN count=31 interval_ns=1000002400 dev_ns=2400 phase_ns=-1642376 hwphase_ns=-349392 (pico_gnss pico-gnss-rs/src/main.rs:271)
36.828832 [INFO ] PPS count=31 interval_us=1000002 interval_ns=1000002384 state=Locked missed=0 (pico_gnss pico-gnss-rs/src/main.rs:180)
36.871502 [INFO ] TIME unix_ns=1780918258042800518 ppb=2380 holdover_ms=1042 locked=1 (pico_gnss pico-gnss-rs/src/main.rs:214)
37.088574 [INFO ] NMEA $GPGGA,113058.000,0000.0000,N,00000.0000,E,1,6,1.59,23.0,M,39.0,M,,*6B (pico_gnss pico-gnss-rs/src/main.rs:427)
37.146912 [INFO ] NMEA $GNGLL,0000.0000,N,00000.0000,E,113058.000,A,A*40 (pico_gnss pico-gnss-rs/src/main.rs:427)
37.205314 [INFO ] NMEA $GNGSA,A,3,12,15,20,24,10,,,,,,,,1.83,1.59,0.91*11 (pico_gnss pico-gnss-rs/src/main.rs:427)
37.234842 [INFO ] NMEA $GNGSA,A,3,73,,,,,,,,,,,,1.83,1.59,0.91*17 (pico_gnss pico-gnss-rs/src/main.rs:427)
37.324226 [INFO ] NMEA $GPGSV,4,1,14,23,63,216,,12,59,126,24,10,53,296,20,24,45,049,25*71 (pico_gnss pico-gnss-rs/src/main.rs:427)
37.382804 [INFO ] NMEA $GPGSV,4,2,14,25,40,184,,15,29,113,20,32,23,305,,28,08,251,*78 (pico_gnss pico-gnss-rs/src/main.rs:427)
37.441371 [INFO ] NMEA $GPGSV,4,3,14,20,06,110,17,19,02,058,19,18,01,208,,193,,,*7F (pico_gnss pico-gnss-rs/src/main.rs:427)
37.470743 [INFO ] NMEA $GPGSV,4,4,14,194,,,,195,,,*7D (pico_gnss pico-gnss-rs/src/main.rs:427)
37.533335 [INFO ] NMEA $GLGSV,2,1,08,74,78,197,,71,60,093,,72,50,340,,73,48,034,19*67 (pico_gnss pico-gnss-rs/src/main.rs:427)
37.620721 [INFO ] NMEA $GLGSV,2,2,08,75,23,208,,70,06,127,22,65,03,319,,88,01,312,*6B (pico_gnss pico-gnss-rs/src/main.rs:427)
37.679421 [INFO ] NMEA $GNRMC,113058.000,A,0000.0000,N,00000.0000,E,1.27,116.35,080626,,,A*79 (pico_gnss pico-gnss-rs/src/main.rs:427)
37.681981 [INFO ] SYNC pps_local_us=30000071 unix_s=1780918258 drift_us=2 err_ns=4 holdover_ms=1000 (pico_gnss pico-gnss-rs/src/main.rs:458)
37.737623 [INFO ] NMEA $GPVTG,116.35,T,,M,1.27,N,2.36,K,A*3E (pico_gnss pico-gnss-rs/src/main.rs:427)
37.766930 [INFO ] NMEA $GPZDA,113058.000,08,06,2026,,*50 (pico_gnss pico-gnss-rs/src/main.rs:427)
37.802690 [INFO ] NMEA $GPGST,113058.000,4.4,22,15,63.4,16,21,34*71 (pico_gnss pico-gnss-rs/src/main.rs:427)
37.827261 [INFO ] PPSGEN count=32 interval_ns=1000002400 dev_ns=2400 phase_ns=-1708376 hwphase_ns=-349376 (pico_gnss pico-gnss-rs/src/main.rs:271)
37.828767 [INFO ] PPS count=32 interval_us=1000002 interval_ns=1000002368 state=Locked missed=0 (pico_gnss pico-gnss-rs/src/main.rs:180)
37.872659 [INFO ] TIME unix_ns=1780918259043881516 ppb=2380 holdover_ms=1043 locked=1 (pico_gnss pico-gnss-rs/src/main.rs:214)
38.105688 [INFO ] NMEA $GPGGA,113059.000,0000.0000,N,00000.0000,E,1,6,1.58,22.9,M,39.0,M,,*6B (pico_gnss pico-gnss-rs/src/main.rs:427)
38.164016 [INFO ] NMEA $GNGLL,0000.0000,N,00000.0000,E,113059.000,A,A*49 (pico_gnss pico-gnss-rs/src/main.rs:427)
38.222436 [INFO ] NMEA $GNGSA,A,3,12,15,20,24,10,,,,,,,,1.83,1.58,0.91*10 (pico_gnss pico-gnss-rs/src/main.rs:427)
38.251940 [INFO ] NMEA $GNGSA,A,3,73,,,,,,,,,,,,1.83,1.58,0.91*16 (pico_gnss pico-gnss-rs/src/main.rs:427)
38.344400 [INFO ] NMEA $GPGSV,4,1,14,23,63,216,,12,59,126,25,10,53,296,20,24,45,049,25*70 (pico_gnss pico-gnss-rs/src/main.rs:427)
38.403040 [INFO ] NMEA $GPGSV,4,2,14,25,40,184,,15,29,113,20,32,23,305,,28,08,251,*78 (pico_gnss pico-gnss-rs/src/main.rs:427)
38.461563 [INFO ] NMEA $GPGSV,4,3,14,20,06,110,17,19,02,058,19,18,01,208,,193,,,*7F (pico_gnss pico-gnss-rs/src/main.rs:427)
38.490922 [INFO ] NMEA $GPGSV,4,4,14,194,,,,195,,,*7D (pico_gnss pico-gnss-rs/src/main.rs:427)
38.553550 [INFO ] NMEA $GLGSV,2,1,08,74,78,197,,71,60,093,,72,50,340,,73,48,034,19*67 (pico_gnss pico-gnss-rs/src/main.rs:427)
38.640915 [INFO ] NMEA $GLGSV,2,2,08,75,23,208,,70,06,127,22,65,03,319,,88,01,312,*6B (pico_gnss pico-gnss-rs/src/main.rs:427)
38.699604 [INFO ] NMEA $GNRMC,113059.000,A,0000.0000,N,00000.0000,E,0.04,116.35,080626,,,A*70 (pico_gnss pico-gnss-rs/src/main.rs:427)
38.702202 [INFO ] SYNC pps_local_us=31000073 unix_s=1780918259 drift_us=2 err_ns=-11 holdover_ms=999 (pico_gnss pico-gnss-rs/src/main.rs:458)
38.757763 [INFO ] NMEA $GPVTG,116.35,T,,M,0.04,N,0.07,K,A*3E (pico_gnss pico-gnss-rs/src/main.rs:427)
38.787102 [INFO ] NMEA $GPZDA,113059.000,08,06,2026,,*51 (pico_gnss pico-gnss-rs/src/main.rs:427)
38.819690 [INFO ] NMEA $GPGST,113059.000,4.4,22,15,63.3,17,21,34*76 (pico_gnss pico-gnss-rs/src/main.rs:427)
38.827349 [INFO ] PPS count=33 interval_us=1000002 interval_ns=1000002368 state=Locked missed=0 (pico_gnss pico-gnss-rs/src/main.rs:180)
38.828999 [INFO ] PPSGEN count=33 interval_ns=1001605792 dev_ns=1605792 phase_ns=112621 hwphase_ns=1251680 (pico_gnss pico-gnss-rs/src/main.rs:271)
38.873811 [INFO ] TIME unix_ns=1780918260045126514 ppb=2379 holdover_ms=1045 locked=1 (pico_gnss pico-gnss-rs/src/main.rs:214)
39.120666 [INFO ] NMEA $GPGGA,113100.000,0000.0000,N,00000.0000,E,1,6,1.58,22.9,M,39.0,M,,*68 (pico_gnss pico-gnss-rs/src/main.rs:427)
39.178982 [INFO ] NMEA $GNGLL,0000.0000,N,00000.0000,E,113100.000,A,A*4A (pico_gnss pico-gnss-rs/src/main.rs:427)
39.237398 [INFO ] NMEA $GNGSA,A,3,12,15,20,24,10,,,,,,,,1.83,1.58,0.91*10 (pico_gnss pico-gnss-rs/src/main.rs:427)
39.267006 [INFO ] NMEA $GNGSA,A,3,73,,,,,,,,,,,,1.83,1.58,0.91*16 (pico_gnss pico-gnss-rs/src/main.rs:427)
39.333789 [INFO ] NMEA $GPGSV,4,1,14,23,63,216,,12,59,126,25,10,53,296,20,24,45,049,25*70 (pico_gnss pico-gnss-rs/src/main.rs:427)
39.421180 [INFO ] NMEA $GPGSV,4,2,14,25,40,184,,15,29,113,20,32,23,305,,28,08,251,*78 (pico_gnss pico-gnss-rs/src/main.rs:427)
39.479737 [INFO ] NMEA $GPGSV,4,3,14,20,06,110,17,19,02,058,19,18,01,208,,193,,,*7F (pico_gnss pico-gnss-rs/src/main.rs:427)
39.509082 [INFO ] NMEA $GPGSV,4,4,14,194,,,,195,,,*7D (pico_gnss pico-gnss-rs/src/main.rs:427)
39.571723 [INFO ] NMEA $GLGSV,2,1,08,74,78,197,,71,60,093,,72,50,340,,73,48,034,19*67 (pico_gnss pico-gnss-rs/src/main.rs:427)
39.630289 [INFO ] NMEA $GLGSV,2,2,08,75,23,208,,70,06,127,22,65,03,319,,88,01,312,*6B (pico_gnss pico-gnss-rs/src/main.rs:427)
39.717751 [INFO ] NMEA $GNRMC,113100.000,A,0000.0000,N,00000.0000,E,0.01,116.35,080626,,,A*76 (pico_gnss pico-gnss-rs/src/main.rs:427)
39.720331 [INFO ] SYNC pps_local_us=32000076 unix_s=1780918260 drift_us=2 err_ns=-11 holdover_ms=998 (pico_gnss pico-gnss-rs/src/main.rs:458)
39.747484 [INFO ] NMEA $GPVTG,116.35,T,,M,0.01,N,0.02,K,A*3E (pico_gnss pico-gnss-rs/src/main.rs:427)
39.805184 [INFO ] NMEA $GPZDA,113100.000,08,06,2026,,*5C (pico_gnss pico-gnss-rs/src/main.rs:427)
39.827363 [INFO ] PPS count=34 interval_us=1000002 interval_ns=1000002384 state=Locked missed=0 (pico_gnss pico-gnss-rs/src/main.rs:180)
39.828994 [INFO ] PPSGEN count=34 interval_ns=1000002400 dev_ns=2400 phase_ns=1556617 hwphase_ns=1251696 (pico_gnss pico-gnss-rs/src/main.rs:271)
39.835544 [INFO ] NMEA $GPGST,113100.000,4.4,22,15,63.0,17,21,33*7F (pico_gnss pico-gnss-rs/src/main.rs:427)
39.875050 [INFO ] TIME unix_ns=1780918261047713507 ppb=2380 holdover_ms=1047 locked=1 (pico_gnss pico-gnss-rs/src/main.rs:214)
40.137828 [INFO ] NMEA $GPGGA,113101.000,0000.0000,N,00000.0000,E,1,6,1.58,23.0,M,39.0,M,,*60 (pico_gnss pico-gnss-rs/src/main.rs:427)
40.196173 [INFO ] NMEA $GNGLL,0000.0000,N,00000.0000,E,113101.000,A,A*4A (pico_gnss pico-gnss-rs/src/main.rs:427)
40.254590 [INFO ] NMEA $GNGSA,A,3,12,15,20,24,10,,,,,,,,1.83,1.58,0.91*10 (pico_gnss pico-gnss-rs/src/main.rs:427)
40.284107 [INFO ] NMEA $GNGSA,A,3,73,,,,,,,,,,,,1.83,1.58,0.91*16 (pico_gnss pico-gnss-rs/src/main.rs:427)
40.353985 [INFO ] NMEA $GPGSV,4,1,14,23,63,216,,12,59,126,25,10,53,296,20,24,45,049,25*70 (pico_gnss pico-gnss-rs/src/main.rs:427)
40.441338 [INFO ] NMEA $GPGSV,4,2,14,25,40,184,,15,29,113,20,32,23,305,,28,08,251,*78 (pico_gnss pico-gnss-rs/src/main.rs:427)
40.499883 [INFO ] NMEA $GPGSV,4,3,14,20,06,110,17,19,02,058,20,18,01,208,,193,,,*75 (pico_gnss pico-gnss-rs/src/main.rs:427)
40.529255 [INFO ] NMEA $GPGSV,4,4,14,194,,,,195,,,*7D (pico_gnss pico-gnss-rs/src/main.rs:427)
40.591878 [INFO ] NMEA $GLGSV,2,1,08,74,78,197,,71,60,093,,72,50,340,,73,48,034,19*67 (pico_gnss pico-gnss-rs/src/main.rs:427)
40.650440 [INFO ] NMEA $GLGSV,2,2,08,75,23,208,,70,06,127,22,65,03,319,,88,01,312,*6B (pico_gnss pico-gnss-rs/src/main.rs:427)
40.737906 [INFO ] NMEA $GNRMC,113101.000,A,0000.0000,N,00000.0000,E,0.05,116.35,080626,,,A*72 (pico_gnss pico-gnss-rs/src/main.rs:427)
40.740489 [INFO ] SYNC pps_local_us=33000078 unix_s=1780918261 drift_us=2 err_ns=5 holdover_ms=999 (pico_gnss pico-gnss-rs/src/main.rs:458)
40.767583 [INFO ] NMEA $GPVTG,116.35,T,,M,0.05,N,0.10,K,A*39 (pico_gnss pico-gnss-rs/src/main.rs:427)
40.825264 [INFO ] NMEA $GPZDA,113101.000,08,06,2026,,*5D (pico_gnss pico-gnss-rs/src/main.rs:427)
40.827359 [INFO ] PPS count=35 interval_us=1000002 interval_ns=1000002368 state=Locked missed=0 (pico_gnss pico-gnss-rs/src/main.rs:180)
40.829027 [INFO ] PPSGEN count=35 interval_ns=1000002400 dev_ns=2400 phase_ns=1583618 hwphase_ns=1251728 (pico_gnss pico-gnss-rs/src/main.rs:271)
40.852515 [INFO ] NMEA $GPGST,113101.000,4.4,22,15,62.8,17,21,33*77 (pico_gnss pico-gnss-rs/src/main.rs:427)
40.876308 [INFO ] TIME unix_ns=1780918262048964505 ppb=2379 holdover_ms=1048 locked=1 (pico_gnss pico-gnss-rs/src/main.rs:214)
41.062620 [INFO ] NMEA $GPGGA,113102.000,0000.0000,N,00000.0000,E,1,6,1.58,23.0,M,39.0,M,,*66 (pico_gnss pico-gnss-rs/src/main.rs:427)
41.120983 [INFO ] NMEA $GNGLL,0000.0000,N,00000.0000,E,113102.000,A,A*4C (pico_gnss pico-gnss-rs/src/main.rs:427)
41.179390 [INFO ] NMEA $GNGSA,A,3,12,15,20,24,10,,,,,,,,1.83,1.58,0.91*10 (pico_gnss pico-gnss-rs/src/main.rs:427)
41.208898 [INFO ] NMEA $GNGSA,A,3,73,,,,,,,,,,,,1.83,1.58,0.91*16 (pico_gnss pico-gnss-rs/src/main.rs:427)
41.281837 [INFO ] NMEA $GPGSV,4,1,14,23,63,216,,12,59,126,25,10,53,296,20,24,45,049,25*70 (pico_gnss pico-gnss-rs/src/main.rs:427)
41.340431 [INFO ] NMEA $GPGSV,4,2,14,25,40,184,,15,29,113,20,32,23,305,,28,08,251,*78 (pico_gnss pico-gnss-rs/src/main.rs:427)
41.427765 [INFO ] NMEA $GPGSV,4,3,14,20,06,110,17,19,02,058,21,18,01,208,,193,,,*74 (pico_gnss pico-gnss-rs/src/main.rs:427)
41.457103 [INFO ] NMEA $GPGSV,4,4,14,194,,,,195,,,*7D (pico_gnss pico-gnss-rs/src/main.rs:427)
41.519739 [INFO ] NMEA $GLGSV,2,1,08,74,78,197,,71,60,093,,72,50,340,,73,48,034,19*67 (pico_gnss pico-gnss-rs/src/main.rs:427)
41.578358 [INFO ] NMEA $GLGSV,2,2,08,75,23,208,,70,06,127,22,65,03,319,,88,01,312,*6B (pico_gnss pico-gnss-rs/src/main.rs:427)
41.665817 [INFO ] NMEA $GNRMC,113102.000,A,0000.0000,N,00000.0000,E,0.02,116.35,080626,,,A*73 (pico_gnss pico-gnss-rs/src/main.rs:427)
41.668406 [INFO ] SYNC pps_local_us=34000080 unix_s=1780918262 drift_us=2 err_ns=-11 holdover_ms=1000 (pico_gnss pico-gnss-rs/src/main.rs:458)
41.695570 [INFO ] NMEA $GPVTG,116.35,T,,M,0.02,N,0.04,K,A*3B (pico_gnss pico-gnss-rs/src/main.rs:427)
41.724676 [INFO ] NMEA $GPZDA,113102.000,08,06,2026,,*5E (pico_gnss pico-gnss-rs/src/main.rs:427)
41.776859 [INFO ] NMEA $GPGST,113102.000,4.4,22,15,62.6,17,21,34*7D (pico_gnss pico-gnss-rs/src/main.rs:427)
41.827366 [INFO ] PPS count=36 interval_us=1000002 interval_ns=1000002368 state=Locked missed=0 (pico_gnss pico-gnss-rs/src/main.rs:180)
41.828996 [INFO ] PPSGEN count=36 interval_ns=1000002400 dev_ns=2400 phase_ns=1548618 hwphase_ns=1251760 (pico_gnss pico-gnss-rs/src/main.rs:271)
41.877465 [INFO ] TIME unix_ns=1780918263050221502 ppb=2379 holdover_ms=1050 locked=1 (pico_gnss pico-gnss-rs/src/main.rs:214)
42.080876 [INFO ] NMEA $GPGGA,113103.000,0000.0000,N,00000.0000,E,1,6,1.58,23.0,M,39.0,M,,*6E (pico_gnss pico-gnss-rs/src/main.rs:427)
42.139189 [INFO ] NMEA $GNGLL,0000.0000,N,00000.0000,E,113103.000,A,A*44 (pico_gnss pico-gnss-rs/src/main.rs:427)
42.197654 [INFO ] NMEA $GNGSA,A,3,12,15,20,24,10,,,,,,,,1.83,1.58,0.91*10 (pico_gnss pico-gnss-rs/src/main.rs:427)
42.227154 [INFO ] NMEA $GNGSA,A,3,73,,,,,,,,,,,,1.83,1.58,0.91*16 (pico_gnss pico-gnss-rs/src/main.rs:427)
42.303170 [INFO ] NMEA $GPGSV,4,1,14,23,63,216,,12,59,126,25,10,53,296,20,24,45,049,25*70 (pico_gnss pico-gnss-rs/src/main.rs:427)
42.361798 [INFO ] NMEA $GPGSV,4,2,14,25,40,184,,15,29,113,19,32,23,305,,28,08,251,*72 (pico_gnss pico-gnss-rs/src/main.rs:427)
42.449089 [INFO ] NMEA $GPGSV,4,3,14,20,06,110,17,19,02,058,21,18,01,208,,193,,,*74 (pico_gnss pico-gnss-rs/src/main.rs:427)
42.478483 [INFO ] NMEA $GPGSV,4,4,14,194,,,,195,,,*7D (pico_gnss pico-gnss-rs/src/main.rs:427)
42.541061 [INFO ] NMEA $GLGSV,2,1,08,74,78,197,,71,60,093,,72,50,340,,73,48,034,19*67 (pico_gnss pico-gnss-rs/src/main.rs:427)
42.599665 [INFO ] NMEA $GLGSV,2,2,08,75,23,208,,70,06,127,22,65,03,319,,88,01,312,*6B (pico_gnss pico-gnss-rs/src/main.rs:427)
42.687133 [INFO ] NMEA $GNRMC,113103.000,A,0000.0000,N,00000.0000,E,0.10,116.35,080626,,,A*78 (pico_gnss pico-gnss-rs/src/main.rs:427)
42.689710 [INFO ] SYNC pps_local_us=35000083 unix_s=1780918263 drift_us=2 err_ns=-10 holdover_ms=1000 (pico_gnss pico-gnss-rs/src/main.rs:458)
42.716893 [INFO ] NMEA $GPVTG,116.35,T,,M,0.10,N,0.18,K,A*35 (pico_gnss pico-gnss-rs/src/main.rs:427)
42.745977 [INFO ] NMEA $GPZDA,113103.000,08,06,2026,,*5F (pico_gnss pico-gnss-rs/src/main.rs:427)
42.795029 [INFO ] NMEA $GPGST,113103.000,4.4,22,15,62.4,17,21,34*7E (pico_gnss pico-gnss-rs/src/main.rs:427)
42.827363 [INFO ] PPS count=37 interval_us=1000002 interval_ns=1000002368 state=Locked missed=0 (pico_gnss pico-gnss-rs/src/main.rs:180)
42.829005 [INFO ] PPSGEN count=37 interval_ns=1000002400 dev_ns=2400 phase_ns=1553618 hwphase_ns=1251792 (pico_gnss pico-gnss-rs/src/main.rs:271)
42.878615 [INFO ] TIME unix_ns=1780918264051360500 ppb=2379 holdover_ms=1051 locked=1 (pico_gnss pico-gnss-rs/src/main.rs:214)
43.099725 [INFO ] NMEA $GPGGA,113104.000,0000.0000,N,00000.0000,E,1,6,1.58,23.0,M,39.0,M,,*6D (pico_gnss pico-gnss-rs/src/main.rs:427)
43.158032 [INFO ] NMEA $GNGLL,0000.0000,N,00000.0000,E,113104.000,A,A*47 (pico_gnss pico-gnss-rs/src/main.rs:427)
43.216437 [INFO ] NMEA $GNGSA,A,3,12,15,20,24,10,,,,,,,,1.83,1.58,0.91*10 (pico_gnss pico-gnss-rs/src/main.rs:427)
43.245946 [INFO ] NMEA $GNGSA,A,3,73,,,,,,,,,,,,1.83,1.58,0.91*16 (pico_gnss pico-gnss-rs/src/main.rs:427)
43.325065 [INFO ] NMEA $GPGSV,4,1,14,23,63,216,,12,59,126,25,10,53,296,20,24,45,049,25*70 (pico_gnss pico-gnss-rs/src/main.rs:427)
43.383686 [INFO ] NMEA $GPGSV,4,2,14,25,40,184,,15,29,113,19,32,23,305,,28,08,251,*72 (pico_gnss pico-gnss-rs/src/main.rs:427)
43.442210 [INFO ] NMEA $GPGSV,4,3,14,20,06,110,17,19,02,058,21,18,01,208,,193,,,*74 (pico_gnss pico-gnss-rs/src/main.rs:427)
43.500308 [INFO ] NMEA $GPGSV,4,4,14,194,,,,195,,,*7D (pico_gnss pico-gnss-rs/src/main.rs:427)
43.562948 [INFO ] NMEA $GLGSV,2,1,08,74,78,197,,71,60,093,,72,50,340,,73,48,034,19*67 (pico_gnss pico-gnss-rs/src/main.rs:427)
43.621592 [INFO ] NMEA $GLGSV,2,2,08,75,23,208,,70,06,127,22,65,03,319,,88,01,312,*6B (pico_gnss pico-gnss-rs/src/main.rs:427)
43.709035 [INFO ] NMEA $GNRMC,113104.000,A,0000.0000,N,00000.0000,E,0.16,116.35,080626,,,A*7D (pico_gnss pico-gnss-rs/src/main.rs:427)
43.711623 [INFO ] SYNC pps_local_us=36000085 unix_s=1780918264 drift_us=2 err_ns=-10 holdover_ms=999 (pico_gnss pico-gnss-rs/src/main.rs:458)
43.738757 [INFO ] NMEA $GPVTG,116.35,T,,M,0.16,N,0.29,K,A*31 (pico_gnss pico-gnss-rs/src/main.rs:427)
43.767827 [INFO ] NMEA $GPZDA,113104.000,08,06,2026,,*58 (pico_gnss pico-gnss-rs/src/main.rs:427)
43.813738 [INFO ] NMEA $GPGST,113104.000,4.4,22,15,62.1,17,21,34*7C (pico_gnss pico-gnss-rs/src/main.rs:427)
43.827374 [INFO ] PPS count=38 interval_us=1000002 interval_ns=1000002384 state=Locked missed=0 (pico_gnss pico-gnss-rs/src/main.rs:180)
43.829015 [INFO ] PPSGEN count=38 interval_ns=1000002400 dev_ns=2400 phase_ns=1557618 hwphase_ns=1251808 (pico_gnss pico-gnss-rs/src/main.rs:271)
43.879761 [INFO ] TIME unix_ns=1780918265052507497 ppb=2379 holdover_ms=1052 locked=1 (pico_gnss pico-gnss-rs/src/main.rs:214)
44.113692 [INFO ] NMEA $GPGGA,113105.000,0000.0000,N,00000.0000,E,1,6,1.58,23.0,M,39.0,M,,*65 (pico_gnss pico-gnss-rs/src/main.rs:427)
44.172009 [INFO ] NMEA $GNGLL,0000.0000,N,00000.0000,E,113105.000,A,A*4F (pico_gnss pico-gnss-rs/src/main.rs:427)
44.230405 [INFO ] NMEA $GNGSA,A,3,12,15,20,24,10,,,,,,,,1.83,1.58,0.91*10 (pico_gnss pico-gnss-rs/src/main.rs:427)
44.259918 [INFO ] NMEA $GNGSA,A,3,73,,,,,,,,,,,,1.83,1.58,0.91*16 (pico_gnss pico-gnss-rs/src/main.rs:427)
44.342115 [INFO ] NMEA $GPGSV,4,1,14,23,63,216,,12,59,126,25,10,53,296,19,24,45,049,25*7A (pico_gnss pico-gnss-rs/src/main.rs:427)
44.400731 [INFO ] NMEA $GPGSV,4,2,14,25,40,184,,15,29,113,19,32,23,305,,28,08,251,*72 (pico_gnss pico-gnss-rs/src/main.rs:427)
44.459241 [INFO ] NMEA $GPGSV,4,3,14,20,06,110,17,19,02,058,21,18,01,208,,193,,,*74 (pico_gnss pico-gnss-rs/src/main.rs:427)
44.517320 [INFO ] NMEA $GPGSV,4,4,14,194,,,,195,,,*7D (pico_gnss pico-gnss-rs/src/main.rs:427)
44.580030 [INFO ] NMEA $GLGSV,2,1,08,74,78,197,,71,60,093,,72,50,340,,73,48,034,19*67 (pico_gnss pico-gnss-rs/src/main.rs:427)
44.638613 [INFO ] NMEA $GLGSV,2,2,08,75,23,208,,70,06,127,22,65,03,319,,88,01,312,*6B (pico_gnss pico-gnss-rs/src/main.rs:427)
44.726066 [INFO ] NMEA $GNRMC,113105.000,A,0000.0000,N,00000.0000,E,0.08,116.35,080626,,,A*7A (pico_gnss pico-gnss-rs/src/main.rs:427)
44.728640 [INFO ] SYNC pps_local_us=37000088 unix_s=1780918265 drift_us=2 err_ns=6 holdover_ms=1000 (pico_gnss pico-gnss-rs/src/main.rs:458)
44.755744 [INFO ] NMEA $GPVTG,116.35,T,,M,0.08,N,0.15,K,A*31 (pico_gnss pico-gnss-rs/src/main.rs:427)
44.784835 [INFO ] NMEA $GPZDA,113105.000,08,06,2026,,*59 (pico_gnss pico-gnss-rs/src/main.rs:427)
44.827383 [INFO ] PPS count=39 interval_us=1000002 interval_ns=1000002368 state=Locked missed=0 (pico_gnss pico-gnss-rs/src/main.rs:180)
44.829433 [INFO ] PPSGEN count=39 interval_ns=1000002400 dev_ns=2400 phase_ns=1884618 hwphase_ns=1251840 (pico_gnss pico-gnss-rs/src/main.rs:271)
44.831048 [INFO ] NMEA $GPGST,113105.000,4.4,22,15,62.1,17,21,34*7D (pico_gnss pico-gnss-rs/src/main.rs:427)
44.880999 [INFO ] TIME unix_ns=1780918266053658495 ppb=2378 holdover_ms=1053 locked=1 (pico_gnss pico-gnss-rs/src/main.rs:214)
45.153583 [INFO ] NMEA $GPGGA,113106.000,0000.0000,N,00000.0000,E,1,6,1.58,23.1,M,39.0,M,,*60 (pico_gnss pico-gnss-rs/src/main.rs:427)
45.211936 [INFO ] NMEA $GNGLL,0000.0000,N,00000.0000,E,113106.000,A,A*4B (pico_gnss pico-gnss-rs/src/main.rs:427)
45.270337 [INFO ] NMEA $GNGSA,A,3,12,15,20,24,10,,,,,,,,1.83,1.58,0.91*10 (pico_gnss pico-gnss-rs/src/main.rs:427)
45.299853 [INFO ] NMEA $GNGSA,A,3,73,,,,,,,,,,,,1.83,1.58,0.91*16 (pico_gnss pico-gnss-rs/src/main.rs:427)
45.385155 [INFO ] NMEA $GPGSV,4,1,14,23,63,216,,12,59,126,25,10,53,296,19,24,45,049,25*7A (pico_gnss pico-gnss-rs/src/main.rs:427)
45.443723 [INFO ] NMEA $GPGSV,4,2,14,25,40,184,,15,29,113,18,32,23,305,,28,08,251,*73 (pico_gnss pico-gnss-rs/src/main.rs:427)
45.502376 [INFO ] NMEA $GPGSV,4,3,14,20,06,110,17,19,02,058,21,18,01,208,,193,,,*74 (pico_gnss pico-gnss-rs/src/main.rs:427)
45.531706 [INFO ] NMEA $GPGSV,4,4,14,194,,,,195,,,*7D (pico_gnss pico-gnss-rs/src/main.rs:427)
45.623113 [INFO ] NMEA $GLGSV,2,1,08,74,78,197,,71,60,093,,72,50,340,,73,48,034,19*67 (pico_gnss pico-gnss-rs/src/main.rs:427)
45.681694 [INFO ] NMEA $GLGSV,2,2,08,75,23,208,,70,06,127,22,65,03,319,,88,01,312,*6B (pico_gnss pico-gnss-rs/src/main.rs:427)
45.740387 [INFO ] NMEA $GNRMC,113106.000,A,0000.0000,N,00000.0000,E,0.12,116.35,080626,,,A*75 (pico_gnss pico-gnss-rs/src/main.rs:427)
45.742947 [INFO ] SYNC pps_local_us=38000090 unix_s=1780918266 drift_us=2 err_ns=-10 holdover_ms=999 (pico_gnss pico-gnss-rs/src/main.rs:458)
45.798528 [INFO ] NMEA $GPVTG,116.35,T,,M,0.12,N,0.23,K,A*3F (pico_gnss pico-gnss-rs/src/main.rs:427)
45.827395 [INFO ] PPS count=40 interval_us=1000002 interval_ns=1000002368 state=Locked missed=0 (pico_gnss pico-gnss-rs/src/main.rs:180)
45.829382 [INFO ] PPSGEN count=40 interval_ns=1000002400 dev_ns=2400 phase_ns=1905618 hwphase_ns=1251872 (pico_gnss pico-gnss-rs/src/main.rs:271)
45.830909 [INFO ] NMEA $GPZDA,113106.000,08,06,2026,,*5A (pico_gnss pico-gnss-rs/src/main.rs:427)
45.867574 [INFO ] NMEA $GPGST,113106.000,4.4,22,15,62.3,17,21,34*7C (pico_gnss pico-gnss-rs/src/main.rs:427)
45.882248 [INFO ] TIME unix_ns=1780918267054900492 ppb=2378 holdover_ms=1054 locked=1 (pico_gnss pico-gnss-rs/src/main.rs:214)
46.071733 [INFO ] NMEA $GPGGA,113107.000,0000.0000,N,00000.0000,E,1,6,1.58,23.1,M,39.0,M,,*60 (pico_gnss pico-gnss-rs/src/main.rs:427)
46.130081 [INFO ] NMEA $GNGLL,0000.0000,N,00000.0000,E,113107.000,A,A*4B (pico_gnss pico-gnss-rs/src/main.rs:427)
46.188482 [INFO ] NMEA $GNGSA,A,3,12,15,20,24,10,,,,,,,,1.83,1.58,0.91*10 (pico_gnss pico-gnss-rs/src/main.rs:427)
46.218033 [INFO ] NMEA $GNGSA,A,3,73,,,,,,,,,,,,1.83,1.58,0.91*16 (pico_gnss pico-gnss-rs/src/main.rs:427)
46.306387 [INFO ] NMEA $GPGSV,4,1,14,23,63,216,,12,59,126,26,10,53,296,19,24,45,049,25*79 (pico_gnss pico-gnss-rs/src/main.rs:427)
46.364966 [INFO ] NMEA $GPGSV,4,2,14,25,40,184,,15,29,113,18,32,23,305,,28,08,251,*73 (pico_gnss pico-gnss-rs/src/main.rs:427)
46.423537 [INFO ] NMEA $GPGSV,4,3,14,20,06,110,17,19,02,058,22,18,01,208,,193,,,*77 (pico_gnss pico-gnss-rs/src/main.rs:427)
46.452912 [INFO ] NMEA $GPGSV,4,4,14,194,,,,195,,,*7D (pico_gnss pico-gnss-rs/src/main.rs:427)
46.540105 [INFO ] NMEA $GLGSV,2,1,08,74,78,197,,71,60,093,,72,50,340,,73,48,034,20*6D (pico_gnss pico-gnss-rs/src/main.rs:427)
46.602873 [INFO ] NMEA $GLGSV,2,2,08,75,23,208,,70,06,127,22,65,03,319,,88,01,312,*6B (pico_gnss pico-gnss-rs/src/main.rs:427)
46.661592 [INFO ] NMEA $GNRMC,113107.000,A,0000.0000,N,00000.0000,E,0.09,116.35,080626,,,A*7F (pico_gnss pico-gnss-rs/src/main.rs:427)
46.664176 [INFO ] SYNC pps_local_us=39000092 unix_s=1780918267 drift_us=2 err_ns=-10 holdover_ms=1000 (pico_gnss pico-gnss-rs/src/main.rs:458)
46.719810 [INFO ] NMEA $GPVTG,116.35,T,,M,0.09,N,0.17,K,A*32 (pico_gnss pico-gnss-rs/src/main.rs:427)
46.749119 [INFO ] NMEA $GPZDA,113107.000,08,06,2026,,*5B (pico_gnss pico-gnss-rs/src/main.rs:427)
46.785462 [INFO ] NMEA $GPGST,113107.000,4.4,23,15,62.3,17,21,33*7B (pico_gnss pico-gnss-rs/src/main.rs:427)
46.827686 [INFO ] PPSGEN count=41 interval_ns=998852288 dev_ns=-1147712 phase_ns=212622 hwphase_ns=104160 (pico_gnss pico-gnss-rs/src/main.rs:271)
46.828939 [INFO ] PPS count=41 interval_us=1000002 interval_ns=1000002384 state=Locked missed=0 (pico_gnss pico-gnss-rs/src/main.rs:180)
46.883427 [INFO ] TIME unix_ns=1780918268056141489 ppb=2378 holdover_ms=1056 locked=1 (pico_gnss pico-gnss-rs/src/main.rs:214)
47.090762 [INFO ] NMEA $GPGGA,113108.000,0000.0000,N,00000.0000,E,1,6,1.58,23.1,M,39.0,M,,*65 (pico_gnss pico-gnss-rs/src/main.rs:427)
47.149084 [INFO ] NMEA $GNGLL,0000.0000,N,00000.0000,E,113108.000,A,A*4E (pico_gnss pico-gnss-rs/src/main.rs:427)
47.207478 [INFO ] NMEA $GNGSA,A,3,12,15,20,24,10,,,,,,,,1.83,1.58,0.91*10 (pico_gnss pico-gnss-rs/src/main.rs:427)
47.237017 [INFO ] NMEA $GNGSA,A,3,73,,,,,,,,,,,,1.83,1.58,0.91*16 (pico_gnss pico-gnss-rs/src/main.rs:427)
47.328500 [INFO ] NMEA $GPGSV,4,1,14,23,63,216,,12,59,126,26,10,53,296,19,24,45,049,24*78 (pico_gnss pico-gnss-rs/src/main.rs:427)
47.387085 [INFO ] NMEA $GPGSV,4,2,14,25,40,184,,15,29,113,18,32,23,305,,28,08,251,*73 (pico_gnss pico-gnss-rs/src/main.rs:427)
47.445626 [INFO ] NMEA $GPGSV,4,3,14,20,06,110,17,19,02,058,23,18,01,208,,193,,,*76 (pico_gnss pico-gnss-rs/src/main.rs:427)
47.475034 [INFO ] NMEA $GPGSV,4,4,14,194,,,,195,,,*7D (pico_gnss pico-gnss-rs/src/main.rs:427)
47.533509 [INFO ] NMEA $GLGSV,2,1,08,74,78,197,,71,60,093,,72,50,340,,73,48,034,21*6C (pico_gnss pico-gnss-rs/src/main.rs:427)
47.624997 [INFO ] NMEA $GLGSV,2,2,08,75,23,208,,70,06,127,22,65,03,319,,88,01,312,*6B (pico_gnss pico-gnss-rs/src/main.rs:427)
47.683704 [INFO ] NMEA $GNRMC,113108.000,A,0000.0000,N,00000.0000,E,0.12,116.35,080626,,,A*70 (pico_gnss pico-gnss-rs/src/main.rs:427)
47.686291 [INFO ] SYNC pps_local_us=40000095 unix_s=1780918268 drift_us=2 err_ns=6 holdover_ms=1001 (pico_gnss pico-gnss-rs/src/main.rs:458)
47.741922 [INFO ] NMEA $GPVTG,116.35,T,,M,0.12,N,0.22,K,A*3E (pico_gnss pico-gnss-rs/src/main.rs:427)
47.771201 [INFO ] NMEA $GPZDA,113108.000,08,06,2026,,*54 (pico_gnss pico-gnss-rs/src/main.rs:427)
47.800635 [INFO ] NMEA $GPGST,113108.000,4.4,23,15,61.9,17,21,34*7A (pico_gnss pico-gnss-rs/src/main.rs:427)
47.827704 [INFO ] PPSGEN count=42 interval_ns=1000002400 dev_ns=2400 phase_ns=-1409374 hwphase_ns=104176 (pico_gnss pico-gnss-rs/src/main.rs:271)
47.828918 [INFO ] PPS count=42 interval_us=1000002 interval_ns=1000002368 state=Locked missed=0 (pico_gnss pico-gnss-rs/src/main.rs:180)
47.884591 [INFO ] TIME unix_ns=1780918269055698490 ppb=2378 holdover_ms=1055 locked=1 (pico_gnss pico-gnss-rs/src/main.rs:214)
48.089874 [INFO ] NMEA $GPGGA,113109.000,0000.0000,N,00000.0000,E,1,6,1.58,23.2,M,39.0,M,,*63 (pico_gnss pico-gnss-rs/src/main.rs:427)
48.148198 [INFO ] NMEA $GNGLL,0000.0000,N,00000.0000,E,113109.000,A,A*4B (pico_gnss pico-gnss-rs/src/main.rs:427)
48.206601 [INFO ] NMEA $GNGSA,A,3,12,15,20,24,10,,,,,,,,1.83,1.58,0.91*10 (pico_gnss pico-gnss-rs/src/main.rs:427)
48.236171 [INFO ] NMEA $GNGSA,A,3,73,,,,,,,,,,,,1.83,1.58,0.91*16 (pico_gnss pico-gnss-rs/src/main.rs:427)
48.298806 [INFO ] NMEA $GPGSV,4,1,14,23,63,216,,12,59,126,26,10,53,296,19,24,45,049,24*78 (pico_gnss pico-gnss-rs/src/main.rs:427)
48.386212 [INFO ] NMEA $GPGSV,4,2,14,25,40,184,,15,29,113,18,32,23,305,,28,08,251,*73 (pico_gnss pico-gnss-rs/src/main.rs:427)
48.444739 [INFO ] NMEA $GPGSV,4,3,14,20,06,110,17,19,02,058,23,18,01,208,,193,,,*76 (pico_gnss pico-gnss-rs/src/main.rs:427)
48.474109 [INFO ] NMEA $GPGSV,4,4,14,194,,,,195,,,*7D (pico_gnss pico-gnss-rs/src/main.rs:427)
48.532665 [INFO ] NMEA $GLGSV,2,1,08,74,78,197,,71,60,093,,72,50,340,,73,48,034,21*6C (pico_gnss pico-gnss-rs/src/main.rs:427)
48.624132 [INFO ] NMEA $GLGSV,2,2,08,75,23,208,,70,06,127,22,65,03,319,,88,01,312,*6B (pico_gnss pico-gnss-rs/src/main.rs:427)
48.682872 [INFO ] NMEA $GNRMC,113109.000,A,0000.0000,N,00000.0000,E,1.17,116.35,080626,,,A*71 (pico_gnss pico-gnss-rs/src/main.rs:427)
48.685450 [INFO ] SYNC pps_local_us=41000097 unix_s=1780918269 drift_us=2 err_ns=-9 holdover_ms=999 (pico_gnss pico-gnss-rs/src/main.rs:458)
48.712598 [INFO ] NMEA $GPVTG,116.35,T,,M,1.17,N,2.17,K,A*3E (pico_gnss pico-gnss-rs/src/main.rs:427)
48.770320 [INFO ] NMEA $GPZDA,113109.000,08,06,2026,,*55 (pico_gnss pico-gnss-rs/src/main.rs:427)
48.801095 [INFO ] NMEA $GPGST,113109.000,4.5,23,15,62.5,17,21,34*75 (pico_gnss pico-gnss-rs/src/main.rs:427)
48.827689 [INFO ] PPSGEN count=43 interval_ns=1000002400 dev_ns=2400 phase_ns=-1385374 hwphase_ns=104208 (pico_gnss pico-gnss-rs/src/main.rs:271)
48.828896 [INFO ] PPS count=43 interval_us=1000002 interval_ns=1000002368 state=Locked missed=0 (pico_gnss pico-gnss-rs/src/main.rs:180)
48.885745 [INFO ] TIME unix_ns=1780918270056877488 ppb=2378 holdover_ms=1056 locked=1 (pico_gnss pico-gnss-rs/src/main.rs:214)
49.132728 [INFO ] NMEA $GPGGA,113110.000,0000.0000,N,00000.0000,E,1,6,1.58,23.3,M,39.0,M,,*6F (pico_gnss pico-gnss-rs/src/main.rs:427)
49.191093 [INFO ] NMEA $GNGLL,0000.0000,N,00000.0000,E,113110.000,A,A*46 (pico_gnss pico-gnss-rs/src/main.rs:427)
49.220735 [INFO ] NMEA $GNGSA,A,3,12,15,20,24,10,,,,,,,,1.83,1.58,0.91*10 (pico_gnss pico-gnss-rs/src/main.rs:427)
49.278953 [INFO ] NMEA $GNGSA,A,3,73,,,,,,,,,,,,1.83,1.58,0.91*16 (pico_gnss pico-gnss-rs/src/main.rs:427)
49.341696 [INFO ] NMEA $GPGSV,4,1,14,23,63,216,,12,59,126,26,10,53,296,19,24,45,049,24*78 (pico_gnss pico-gnss-rs/src/main.rs:427)
49.429040 [INFO ] NMEA $GPGSV,4,2,14,25,40,184,,15,29,113,18,32,23,305,,28,08,251,*73 (pico_gnss pico-gnss-rs/src/main.rs:427)
49.487611 [INFO ] NMEA $GPGSV,4,3,14,20,06,110,17,19,02,058,23,18,01,208,,193,,,*76 (pico_gnss pico-gnss-rs/src/main.rs:427)
49.516961 [INFO ] NMEA $GPGSV,4,4,14,194,,,,195,,,*7D (pico_gnss pico-gnss-rs/src/main.rs:427)
49.575488 [INFO ] NMEA $GLGSV,2,1,08,74,78,197,,71,60,093,,72,50,340,,73,48,034,21*6C (pico_gnss pico-gnss-rs/src/main.rs:427)
49.638148 [INFO ] NMEA $GLGSV,2,2,08,75,23,208,,70,06,127,22,65,03,319,,88,01,312,*6B (pico_gnss pico-gnss-rs/src/main.rs:427)
49.725725 [INFO ] NMEA $GNRMC,113110.000,A,0000.0000,N,00000.0000,E,0.65,116.35,080626,,,A*78 (pico_gnss pico-gnss-rs/src/main.rs:427)
49.728304 [INFO ] SYNC pps_local_us=42000099 unix_s=1780918270 drift_us=2 err_ns=-9 holdover_ms=999 (pico_gnss pico-gnss-rs/src/main.rs:458)
49.755393 [INFO ] NMEA $GPVTG,116.35,T,,M,0.65,N,1.20,K,A*3D (pico_gnss pico-gnss-rs/src/main.rs:427)
49.813078 [INFO ] NMEA $GPZDA,113110.000,08,06,2026,,*5D (pico_gnss pico-gnss-rs/src/main.rs:427)
49.827704 [INFO ] PPSGEN count=44 interval_ns=1000002400 dev_ns=2400 phase_ns=-1352374 hwphase_ns=104240 (pico_gnss pico-gnss-rs/src/main.rs:271)
49.828915 [INFO ] PPS count=44 interval_us=1000002 interval_ns=1000002384 state=Locked missed=0 (pico_gnss pico-gnss-rs/src/main.rs:180)
49.841093 [INFO ] NMEA $GPGST,113110.000,4.5,23,15,62.9,17,21,33*76 (pico_gnss pico-gnss-rs/src/main.rs:427)
49.886976 [INFO ] TIME unix_ns=1780918271058020485 ppb=2378 holdover_ms=1058 locked=1 (pico_gnss pico-gnss-rs/src/main.rs:214)
50.176077 [INFO ] NMEA $GPGGA,113111.000,0000.0000,N,00000.0000,E,1,6,1.58,23.5,M,39.0,M,,*65 (pico_gnss pico-gnss-rs/src/main.rs:427)
50.234460 [INFO ] NMEA $GNGLL,0000.0000,N,00000.0000,E,113111.000,A,A*4A (pico_gnss pico-gnss-rs/src/main.rs:427)
50.264178 [INFO ] NMEA $GNGSA,A,3,12,15,20,24,10,,,,,,,,1.83,1.58,0.91*10 (pico_gnss pico-gnss-rs/src/main.rs:427)
50.322345 [INFO ] NMEA $GNGSA,A,3,73,,,,,,,,,,,,1.83,1.58,0.91*16 (pico_gnss pico-gnss-rs/src/main.rs:427)
50.385075 [INFO ] NMEA $GPGSV,4,1,14,23,63,216,,12,59,126,26,10,53,296,19,24,45,049,24*78 (pico_gnss pico-gnss-rs/src/main.rs:427)
50.472412 [INFO ] NMEA $GPGSV,4,2,14,25,40,184,,15,29,113,18,32,23,305,,28,08,251,*73 (pico_gnss pico-gnss-rs/src/main.rs:427)
50.531121 [INFO ] NMEA $GPGSV,4,3,14,20,06,110,17,19,02,058,23,18,01,208,,193,,,*76 (pico_gnss pico-gnss-rs/src/main.rs:427)
50.560441 [INFO ] NMEA $GPGSV,4,4,14,194,,,,195,,,*7D (pico_gnss pico-gnss-rs/src/main.rs:427)
50.618968 [INFO ] NMEA $GLGSV,2,1,08,74,78,197,,71,60,093,,72,50,340,,73,48,034,21*6C (pico_gnss pico-gnss-rs/src/main.rs:427)
50.681666 [INFO ] NMEA $GLGSV,2,2,08,75,23,208,,70,06,127,22,65,03,319,,88,01,312,*6B (pico_gnss pico-gnss-rs/src/main.rs:427)
50.769032 [INFO ] NMEA $GNRMC,113111.000,A,0000.0000,N,00000.0000,E,0.76,116.35,080626,,,A*76 (pico_gnss pico-gnss-rs/src/main.rs:427)
50.771598 [INFO ] SYNC pps_local_us=43000102 unix_s=1780918271 drift_us=2 err_ns=7 holdover_ms=1000 (pico_gnss pico-gnss-rs/src/main.rs:458)
50.798718 [INFO ] NMEA $GPVTG,116.35,T,,M,0.76,N,1.40,K,A*39 (pico_gnss pico-gnss-rs/src/main.rs:427)
50.827984 [INFO ] PPSGEN count=45 interval_ns=1000002400 dev_ns=2400 phase_ns=-1107375 hwphase_ns=104256 (pico_gnss pico-gnss-rs/src/main.rs:271)
50.829193 [INFO ] PPS count=45 interval_us=1000002 interval_ns=1000002368 state=Locked missed=0 (pico_gnss pico-gnss-rs/src/main.rs:180)
50.856591 [INFO ] NMEA $GPZDA,113111.000,08,06,2026,,*5C (pico_gnss pico-gnss-rs/src/main.rs:427)
50.880945 [INFO ] NMEA $GPGST,113111.000,4.6,22,15,63.1,17,21,34*7B (pico_gnss pico-gnss-rs/src/main.rs:427)
50.888211 [INFO ] TIME unix_ns=1780918272059242482 ppb=2377 holdover_ms=1059 locked=1 (pico_gnss pico-gnss-rs/src/main.rs:214)
51.073375 [INFO ] NMEA $GPGGA,113112.000,0000.0000,N,00000.0000,E,1,6,1.58,23.3,M,39.0,M,,*62 (pico_gnss pico-gnss-rs/src/main.rs:427)
51.103058 [INFO ] NMEA $GNGLL,0000.0000,N,00000.0000,E,113112.000,A,A*4B (pico_gnss pico-gnss-rs/src/main.rs:427)
51.161374 [INFO ] NMEA $GNGSA,A,3,12,15,20,24,10,,,,,,,,1.83,1.58,0.91*10 (pico_gnss pico-gnss-rs/src/main.rs:427)
51.219642 [INFO ] NMEA $GNGSA,A,3,73,,,,,,,,,,,,1.83,1.58,0.91*16 (pico_gnss pico-gnss-rs/src/main.rs:427)
51.282375 [INFO ] NMEA $GPGSV,4,1,14,23,63,216,,12,59,126,26,10,53,296,19,24,45,049,24*78 (pico_gnss pico-gnss-rs/src/main.rs:427)
51.340943 [INFO ] NMEA $GPGSV,4,2,14,25,40,184,,15,29,113,18,32,23,305,,28,08,251,*73 (pico_gnss pico-gnss-rs/src/main.rs:427)
51.428285 [INFO ] NMEA $GPGSV,4,3,14,20,06,110,18,19,02,058,24,18,01,208,,193,,,*7E (pico_gnss pico-gnss-rs/src/main.rs:427)
51.457636 [INFO ] NMEA $GPGSV,4,4,14,194,,,,195,,,*7D (pico_gnss pico-gnss-rs/src/main.rs:427)
51.516170 [INFO ] NMEA $GLGSV,2,1,08,74,78,197,,71,60,093,,72,50,340,,73,48,034,21*6C (pico_gnss pico-gnss-rs/src/main.rs:427)
51.578872 [INFO ] NMEA $GLGSV,2,2,08,75,23,208,,70,06,127,22,65,03,319,,88,01,312,*6B (pico_gnss pico-gnss-rs/src/main.rs:427)
51.666334 [INFO ] NMEA $GNRMC,113112.000,A,0000.0000,N,00000.0000,E,0.78,358.82,080626,,,A*7D (pico_gnss pico-gnss-rs/src/main.rs:427)
51.668917 [INFO ] SYNC pps_local_us=44000104 unix_s=1780918272 drift_us=2 err_ns=-9 holdover_ms=1000 (pico_gnss pico-gnss-rs/src/main.rs:458)
51.696102 [INFO ] NMEA $GPVTG,358.82,T,,M,0.78,N,1.44,K,A*37 (pico_gnss pico-gnss-rs/src/main.rs:427)
51.725191 [INFO ] NMEA $GPZDA,113112.000,08,06,2026,,*5F (pico_gnss pico-gnss-rs/src/main.rs:427)
51.777226 [INFO ] NMEA $GPGST,113112.000,4.7,16,5.2,79.7,5.8,16,33*78 (pico_gnss pico-gnss-rs/src/main.rs:427)
51.827708 [INFO ] PPSGEN count=46 interval_ns=1000002400 dev_ns=2400 phase_ns=-1642373 hwphase_ns=104288 (pico_gnss pico-gnss-rs/src/main.rs:271)
51.828945 [INFO ] PPS count=46 interval_us=1000002 interval_ns=1000002368 state=Locked missed=0 (pico_gnss pico-gnss-rs/src/main.rs:180)
51.889376 [INFO ] TIME unix_ns=1780918273060242480 ppb=2377 holdover_ms=1060 locked=1 (pico_gnss pico-gnss-rs/src/main.rs:214)
52.102049 [INFO ] NMEA $GPGGA,113113.000,0000.0000,N,00000.0000,E,1,6,1.58,23.3,M,39.0,M,,*61 (pico_gnss pico-gnss-rs/src/main.rs:427)
52.131682 [INFO ] NMEA $GNGLL,0000.0000,N,00000.0000,E,113113.000,A,A*48 (pico_gnss pico-gnss-rs/src/main.rs:427)
52.189993 [INFO ] NMEA $GNGSA,A,3,12,15,20,24,10,,,,,,,,1.83,1.58,0.91*10 (pico_gnss pico-gnss-rs/src/main.rs:427)
52.248248 [INFO ] NMEA $GNGSA,A,3,73,,,,,,,,,,,,1.83,1.58,0.91*16 (pico_gnss pico-gnss-rs/src/main.rs:427)
52.310997 [INFO ] NMEA $GPGSV,4,1,14,23,63,216,,12,59,126,26,10,53,296,19,24,45,049,24*78 (pico_gnss pico-gnss-rs/src/main.rs:427)
52.369602 [INFO ] NMEA $GPGSV,4,2,14,25,40,184,,15,29,113,18,32,23,305,,28,08,251,*73 (pico_gnss pico-gnss-rs/src/main.rs:427)
52.456915 [INFO ] NMEA $GPGSV,4,3,14,20,06,110,18,19,02,058,24,18,01,208,,193,,,*7E (pico_gnss pico-gnss-rs/src/main.rs:427)
52.486301 [INFO ] NMEA $GPGSV,4,4,14,194,,,,195,,,*7D (pico_gnss pico-gnss-rs/src/main.rs:427)
52.544794 [INFO ] NMEA $GLGSV,2,1,08,74,78,197,,71,60,093,,72,50,340,,73,48,034,21*6C (pico_gnss pico-gnss-rs/src/main.rs:427)
52.607474 [INFO ] NMEA $GLGSV,2,2,08,75,23,208,,70,06,127,23,65,03,319,,88,01,312,*6A (pico_gnss pico-gnss-rs/src/main.rs:427)
52.694937 [INFO ] NMEA $GNRMC,113113.000,A,0000.0000,N,00000.0000,E,0.76,18.37,080626,,,A*49 (pico_gnss pico-gnss-rs/src/main.rs:427)
52.697499 [INFO ] SYNC pps_local_us=45000106 unix_s=1780918273 drift_us=2 err_ns=-9 holdover_ms=999 (pico_gnss pico-gnss-rs/src/main.rs:458)
52.724649 [INFO ] NMEA $GPVTG,18.37,T,,M,0.76,N,1.41,K,A*05 (pico_gnss pico-gnss-rs/src/main.rs:427)
52.753742 [INFO ] NMEA $GPZDA,113113.000,08,06,2026,,*5E (pico_gnss pico-gnss-rs/src/main.rs:427)
52.802590 [INFO ] NMEA $GPGST,113113.000,4.7,16,5.1,79.8,5.8,16,32*74 (pico_gnss pico-gnss-rs/src/main.rs:427)
52.827774 [INFO ] PPSGEN count=47 interval_ns=1000002400 dev_ns=2400 phase_ns=-1383373 hwphase_ns=104320 (pico_gnss pico-gnss-rs/src/main.rs:271)
52.829002 [INFO ] PPS count=47 interval_us=1000002 interval_ns=1000002368 state=Locked missed=0 (pico_gnss pico-gnss-rs/src/main.rs:180)
52.890555 [INFO ] TIME unix_ns=1780918274061649477 ppb=2377 holdover_ms=1061 locked=1 (pico_gnss pico-gnss-rs/src/main.rs:214)
53.095453 [INFO ] NMEA $GPGGA,113114.000,0000.0000,N,00000.0000,E,1,6,1.58,23.3,M,39.0,M,,*6F (pico_gnss pico-gnss-rs/src/main.rs:427)
53.153798 [INFO ] NMEA $GNGLL,0000.0000,N,00000.0000,E,113114.000,A,A*46 (pico_gnss pico-gnss-rs/src/main.rs:427)
53.212195 [INFO ] NMEA $GNGSA,A,3,12,15,20,24,10,,,,,,,,1.83,1.58,0.91*10 (pico_gnss pico-gnss-rs/src/main.rs:427)
53.270430 [INFO ] NMEA $GNGSA,A,3,73,,,,,,,,,,,,1.83,1.58,0.91*16 (pico_gnss pico-gnss-rs/src/main.rs:427)
53.333183 [INFO ] NMEA $GPGSV,4,1,14,23,63,216,,12,59,126,26,10,53,296,19,24,45,049,24*78 (pico_gnss pico-gnss-rs/src/main.rs:427)
53.391799 [INFO ] NMEA $GPGSV,4,2,14,25,40,184,,15,29,113,17,32,23,305,,28,08,251,*7C (pico_gnss pico-gnss-rs/src/main.rs:427)
53.450322 [INFO ] NMEA $GPGSV,4,3,14,20,06,110,18,19,02,058,24,18,01,208,,193,,,*7E (pico_gnss pico-gnss-rs/src/main.rs:427)
53.508422 [INFO ] NMEA $GPGSV,4,4,14,194,,,,195,,,*7D (pico_gnss pico-gnss-rs/src/main.rs:427)
53.566993 [INFO ] NMEA $GLGSV,2,1,08,74,78,197,,71,60,093,,72,50,340,,73,48,034,21*6C (pico_gnss pico-gnss-rs/src/main.rs:427)
53.629670 [INFO ] NMEA $GLGSV,2,2,08,75,23,208,,70,06,127,23,65,03,319,,88,01,312,*6A (pico_gnss pico-gnss-rs/src/main.rs:427)
53.717138 [INFO ] NMEA $GNRMC,113114.000,A,0000.0000,N,00000.0000,E,0.69,55.46,080626,,,A*46 (pico_gnss pico-gnss-rs/src/main.rs:427)
53.719704 [INFO ] SYNC pps_local_us=46000109 unix_s=1780918274 drift_us=2 err_ns=-8 holdover_ms=1000 (pico_gnss pico-gnss-rs/src/main.rs:458)
53.746800 [INFO ] NMEA $GPVTG,55.46,T,,M,0.69,N,1.28,K,A*0B (pico_gnss pico-gnss-rs/src/main.rs:427)
53.775889 [INFO ] NMEA $GPZDA,113114.000,08,06,2026,,*59 (pico_gnss pico-gnss-rs/src/main.rs:427)
53.821632 [INFO ] NMEA $GPGST,113114.000,4.8,16,5.9,79.5,6.6,16,32*74 (pico_gnss pico-gnss-rs/src/main.rs:427)
53.827699 [INFO ] PPSGEN count=48 interval_ns=1000002400 dev_ns=2400 phase_ns=-1449373 hwphase_ns=104352 (pico_gnss pico-gnss-rs/src/main.rs:271)
53.828913 [INFO ] PPS count=48 interval_us=1000002 interval_ns=1000002384 state=Locked missed=0 (pico_gnss pico-gnss-rs/src/main.rs:180)
53.891708 [INFO ] TIME unix_ns=1780918275062745474 ppb=2377 holdover_ms=1062 locked=1 (pico_gnss pico-gnss-rs/src/main.rs:214)
54.071489 [INFO ] NMEA $GPGGA,113115.000,0000.0000,N,00000.0000,E,1,6,1.58,23.3,M,39.0,M,,*69 (pico_gnss pico-gnss-rs/src/main.rs:427)
54.129856 [INFO ] NMEA $GNGLL,0000.0000,N,00000.0000,E,113115.000,A,A*40 (pico_gnss pico-gnss-rs/src/main.rs:427)
54.188223 [INFO ] NMEA $GNGSA,A,3,12,15,20,24,10,,,,,,,,1.83,1.58,0.91*10 (pico_gnss pico-gnss-rs/src/main.rs:427)
54.246534 [INFO ] NMEA $GNGSA,A,3,73,,,,,,,,,,,,1.83,1.58,0.91*16 (pico_gnss pico-gnss-rs/src/main.rs:427)
54.309246 [INFO ] NMEA $GPGSV,4,1,14,23,63,216,,12,59,126,26,10,53,296,20,24,45,049,24*72 (pico_gnss pico-gnss-rs/src/main.rs:427)
54.367868 [INFO ] NMEA $GPGSV,4,2,14,25,40,184,,15,29,113,17,32,23,305,,28,08,251,*7C (pico_gnss pico-gnss-rs/src/main.rs:427)
54.426406 [INFO ] NMEA $GPGSV,4,3,14,20,06,110,18,19,02,058,24,18,01,208,,193,,,*7E (pico_gnss pico-gnss-rs/src/main.rs:427)
54.484467 [INFO ] NMEA $GPGSV,4,4,14,194,,,,195,,,*7D (pico_gnss pico-gnss-rs/src/main.rs:427)
54.543059 [INFO ] NMEA $GLGSV,2,1,08,74,78,197,,71,60,093,,72,50,340,,73,48,034,21*6C (pico_gnss pico-gnss-rs/src/main.rs:427)
54.605734 [INFO ] NMEA $GLGSV,2,2,08,75,23,208,,70,06,127,22,65,03,319,,88,01,312,*6B (pico_gnss pico-gnss-rs/src/main.rs:427)
54.664457 [INFO ] NMEA $GNRMC,113115.000,A,0000.0000,N,00000.0000,E,0.33,55.46,080626,,,A*4F (pico_gnss pico-gnss-rs/src/main.rs:427)
54.667006 [INFO ] SYNC pps_local_us=47000111 unix_s=1780918275 drift_us=2 err_ns=7 holdover_ms=999 (pico_gnss pico-gnss-rs/src/main.rs:458)
54.722700 [INFO ] NMEA $GPVTG,55.46,T,,M,0.33,N,0.61,K,A*08 (pico_gnss pico-gnss-rs/src/main.rs:427)
54.751976 [INFO ] NMEA $GPZDA,113115.000,08,06,2026,,*58 (pico_gnss pico-gnss-rs/src/main.rs:427)
54.794642 [INFO ] NMEA $GPGST,113115.000,4.7,17,6.4,79.4,7.0,16,32*73 (pico_gnss pico-gnss-rs/src/main.rs:427)
54.827383 [INFO ] PPS count=49 interval_us=1000002 interval_ns=1000002384 state=Locked missed=0 (pico_gnss pico-gnss-rs/src/main.rs:180)
54.829044 [INFO ] PPSGEN count=49 interval_ns=1000959536 dev_ns=959536 phase_ns=-12377 hwphase_ns=1059120 (pico_gnss pico-gnss-rs/src/main.rs:271)
54.892861 [INFO ] TIME unix_ns=1780918276064016471 ppb=2377 holdover_ms=1064 locked=1 (pico_gnss pico-gnss-rs/src/main.rs:214)
55.090544 [INFO ] NMEA $GPGGA,113116.000,0000.0000,N,00000.0000,E,1,6,1.58,23.3,M,39.0,M,,*65 (pico_gnss pico-gnss-rs/src/main.rs:427)
55.148914 [INFO ] NMEA $GNGLL,0000.0000,N,00000.0000,E,113116.000,A,A*4C (pico_gnss pico-gnss-rs/src/main.rs:427)
55.207244 [INFO ] NMEA $GNGSA,A,3,12,15,20,24,10,,,,,,,,1.83,1.58,0.91*10 (pico_gnss pico-gnss-rs/src/main.rs:427)
55.236834 [INFO ] NMEA $GNGSA,A,3,73,,,,,,,,,,,,1.83,1.58,0.91*16 (pico_gnss pico-gnss-rs/src/main.rs:427)
55.328288 [INFO ] NMEA $GPGSV,4,1,14,23,63,216,,12,59,126,26,10,53,296,20,24,45,049,23*75 (pico_gnss pico-gnss-rs/src/main.rs:427)
55.386882 [INFO ] NMEA $GPGSV,4,2,14,25,40,184,,15,29,113,17,32,23,305,,28,08,251,*7C (pico_gnss pico-gnss-rs/src/main.rs:427)
55.445425 [INFO ] NMEA $GPGSV,4,3,14,20,06,110,18,19,02,058,24,18,01,208,,193,,,*7E (pico_gnss pico-gnss-rs/src/main.rs:427)
55.474770 [INFO ] NMEA $GPGSV,4,4,14,194,,,,195,,,*7D (pico_gnss pico-gnss-rs/src/main.rs:427)
55.562141 [INFO ] NMEA $GLGSV,2,1,08,74,78,197,,71,60,093,,72,50,340,,73,48,034,21*6C (pico_gnss pico-gnss-rs/src/main.rs:427)
55.624788 [INFO ] NMEA $GLGSV,2,2,08,75,23,208,,70,06,127,22,65,03,319,,88,01,312,*6B (pico_gnss pico-gnss-rs/src/main.rs:427)
55.683528 [INFO ] NMEA $GNRMC,113116.000,A,0000.0000,N,00000.0000,E,0.40,55.46,080626,,,A*47 (pico_gnss pico-gnss-rs/src/main.rs:427)
55.686109 [INFO ] SYNC pps_local_us=48000114 unix_s=1780918276 drift_us=2 err_ns=7 holdover_ms=998 (pico_gnss pico-gnss-rs/src/main.rs:458)
55.741695 [INFO ] NMEA $GPVTG,55.46,T,,M,0.40,N,0.74,K,A*08 (pico_gnss pico-gnss-rs/src/main.rs:427)
55.771025 [INFO ] NMEA $GPZDA,113116.000,08,06,2026,,*5B (pico_gnss pico-gnss-rs/src/main.rs:427)
55.810535 [INFO ] NMEA $GPGST,113116.000,4.7,17,7.0,78.3,7.7,17,32*75 (pico_gnss pico-gnss-rs/src/main.rs:427)
55.827394 [INFO ] PPS count=50 interval_us=1000002 interval_ns=1000002384 state=Locked missed=0 (pico_gnss pico-gnss-rs/src/main.rs:180)
55.829042 [INFO ] PPSGEN count=50 interval_ns=1000002400 dev_ns=2400 phase_ns=1558619 hwphase_ns=1059136 (pico_gnss pico-gnss-rs/src/main.rs:271)
55.893997 [INFO ] TIME unix_ns=1780918277066730464 ppb=2378 holdover_ms=1066 locked=1 (pico_gnss pico-gnss-rs/src/main.rs:214)
56.117691 [INFO ] NMEA $GPGGA,113117.000,0000.0000,N,00000.0000,E,1,6,1.58,23.3,M,39.0,M,,*68 (pico_gnss pico-gnss-rs/src/main.rs:427)
56.176014 [INFO ] NMEA $GNGLL,0000.0000,N,00000.0000,E,113117.000,A,A*41 (pico_gnss pico-gnss-rs/src/main.rs:427)
56.234422 [INFO ] NMEA $GNGSA,A,3,12,15,20,24,10,,,,,,,,1.83,1.58,0.91*10 (pico_gnss pico-gnss-rs/src/main.rs:427)
56.263974 [INFO ] NMEA $GNGSA,A,3,73,,,,,,,,,,,,1.83,1.58,0.91*16 (pico_gnss pico-gnss-rs/src/main.rs:427)
56.355437 [INFO ] NMEA $GPGSV,4,1,14,23,63,216,,12,59,126,26,10,53,296,20,24,45,049,23*75 (pico_gnss pico-gnss-rs/src/main.rs:427)
56.414025 [INFO ] NMEA $GPGSV,4,2,14,25,40,184,,15,29,113,16,32,23,305,,28,08,251,*7D (pico_gnss pico-gnss-rs/src/main.rs:427)
56.472607 [INFO ] NMEA $GPGSV,4,3,14,20,06,110,19,19,02,058,24,18,01,208,,193,,,*7F (pico_gnss pico-gnss-rs/src/main.rs:427)
56.501962 [INFO ] NMEA $GPGSV,4,4,14,194,,,,195,,,*7D (pico_gnss pico-gnss-rs/src/main.rs:427)
56.589239 [INFO ] NMEA $GLGSV,2,1,08,74,78,197,,71,60,093,,72,50,340,,73,48,034,21*6C (pico_gnss pico-gnss-rs/src/main.rs:427)
56.651935 [INFO ] NMEA $GLGSV,2,2,08,75,23,208,,70,06,127,21,65,03,319,,88,01,312,*68 (pico_gnss pico-gnss-rs/src/main.rs:427)
56.710612 [INFO ] NMEA $GNRMC,113117.000,A,0000.0000,N,00000.0000,E,1.27,14.88,080626,,,A*4D (pico_gnss pico-gnss-rs/src/main.rs:427)
56.713187 [INFO ] SYNC pps_local_us=49000116 unix_s=1780918277 drift_us=2 err_ns=7 holdover_ms=1000 (pico_gnss pico-gnss-rs/src/main.rs:458)
56.768778 [INFO ] NMEA $GPVTG,14.88,T,,M,1.27,N,2.36,K,A*0B (pico_gnss pico-gnss-rs/src/main.rs:427)
56.798086 [INFO ] NMEA $GPZDA,113117.000,08,06,2026,,*5A (pico_gnss pico-gnss-rs/src/main.rs:427)
56.827465 [INFO ] PPS count=51 interval_us=1000002 interval_ns=1000002368 state=Locked missed=0 (pico_gnss pico-gnss-rs/src/main.rs:180)
56.829120 [INFO ] PPSGEN count=51 interval_ns=1000002400 dev_ns=2400 phase_ns=1631619 hwphase_ns=1059168 (pico_gnss pico-gnss-rs/src/main.rs:271)
56.834665 [INFO ] NMEA $GPGST,113117.000,4.7,17,7.6,76.8,8.4,17,32*7B (pico_gnss pico-gnss-rs/src/main.rs:427)
56.895223 [INFO ] TIME unix_ns=1780918278067845462 ppb=2377 holdover_ms=1067 locked=1 (pico_gnss pico-gnss-rs/src/main.rs:214)
57.139687 [INFO ] NMEA $GPGGA,113118.000,0000.0000,N,00000.0000,E,1,6,1.58,23.3,M,39.0,M,,*64 (pico_gnss pico-gnss-rs/src/main.rs:427)
57.198034 [INFO ] NMEA $GNGLL,0000.0000,N,00000.0000,E,113118.000,A,A*4D (pico_gnss pico-gnss-rs/src/main.rs:427)
57.256432 [INFO ] NMEA $GNGSA,A,3,12,15,20,24,10,,,,,,,,1.83,1.58,0.91*10 (pico_gnss pico-gnss-rs/src/main.rs:427)
57.285957 [INFO ] NMEA $GNGSA,A,3,73,,,,,,,,,,,,1.83,1.58,0.91*16 (pico_gnss pico-gnss-rs/src/main.rs:427)
57.377419 [INFO ] NMEA $GPGSV,4,1,14,23,63,216,,12,59,126,26,10,53,296,20,24,45,049,23*75 (pico_gnss pico-gnss-rs/src/main.rs:427)
57.436008 [INFO ] NMEA $GPGSV,4,2,14,25,40,184,,15,29,113,16,32,23,305,,28,08,251,*7D (pico_gnss pico-gnss-rs/src/main.rs:427)
57.494572 [INFO ] NMEA $GPGSV,4,3,14,20,06,110,19,19,02,058,24,18,01,208,,193,,,*7F (pico_gnss pico-gnss-rs/src/main.rs:427)
57.523952 [INFO ] NMEA $GPGSV,4,4,14,194,,,,195,,,*7D (pico_gnss pico-gnss-rs/src/main.rs:427)
57.582424 [INFO ] NMEA $GLGSV,2,1,08,74,78,197,,71,60,093,,72,50,340,,73,48,034,21*6C (pico_gnss pico-gnss-rs/src/main.rs:427)
57.673913 [INFO ] NMEA $GLGSV,2,2,08,75,23,208,,70,06,127,21,65,03,319,,88,01,312,*68 (pico_gnss pico-gnss-rs/src/main.rs:427)
57.732553 [INFO ] NMEA $GNRMC,113118.000,A,0000.0000,N,00000.0000,E,0.87,45.47,080626,,,A*4D (pico_gnss pico-gnss-rs/src/main.rs:427)
57.735123 [INFO ] SYNC pps_local_us=50000118 unix_s=1780918278 drift_us=2 err_ns=-9 holdover_ms=1000 (pico_gnss pico-gnss-rs/src/main.rs:458)
57.790669 [INFO ] NMEA $GPVTG,45.47,T,,M,0.87,N,1.62,K,A*05 (pico_gnss pico-gnss-rs/src/main.rs:427)
57.820001 [INFO ] NMEA $GPZDA,113118.000,08,06,2026,,*55 (pico_gnss pico-gnss-rs/src/main.rs:427)
57.827421 [INFO ] PPS count=52 interval_us=1000002 interval_ns=1000002368 state=Locked missed=0 (pico_gnss pico-gnss-rs/src/main.rs:180)
57.829065 [INFO ] PPSGEN count=52 interval_ns=1000002400 dev_ns=2400 phase_ns=1529620 hwphase_ns=1059200 (pico_gnss pico-gnss-rs/src/main.rs:271)
57.849815 [INFO ] NMEA $GPGST,113118.000,4.8,17,8.4,77.6,9.0,17,33*7D (pico_gnss pico-gnss-rs/src/main.rs:427)
57.896500 [INFO ] TIME unix_ns=1780918279069023459 ppb=2377 holdover_ms=1069 locked=1 (pico_gnss pico-gnss-rs/src/main.rs:214)
58.064825 [INFO ] NMEA $GPGGA,113119.000,0000.0000,N,00000.0000,E,1,6,1.58,23.3,M,39.0,M,,*61 (pico_gnss pico-gnss-rs/src/main.rs:427)
58.123164 [INFO ] NMEA $GNGLL,0000.0000,N,00000.0000,E,113119.000,A,A*48 (pico_gnss pico-gnss-rs/src/main.rs:427)
58.181577 [INFO ] NMEA $GNGSA,A,3,12,15,20,24,10,,,,,,,,1.83,1.58,0.91*10 (pico_gnss pico-gnss-rs/src/main.rs:427)
58.211141 [INFO ] NMEA $GNGSA,A,3,73,,,,,,,,,,,,1.83,1.58,0.91*16 (pico_gnss pico-gnss-rs/src/main.rs:427)
58.298396 [INFO ] NMEA $GPGSV,4,1,14,23,63,216,,12,59,126,26,10,53,296,20,24,45,049,23*75 (pico_gnss pico-gnss-rs/src/main.rs:427)
58.361173 [INFO ] NMEA $GPGSV,4,2,14,25,40,184,,15,29,113,16,32,23,305,,28,08,251,*7D (pico_gnss pico-gnss-rs/src/main.rs:427)
58.419726 [INFO ] NMEA $GPGSV,4,3,14,20,06,110,19,19,02,058,24,18,01,208,,193,,,*7F (pico_gnss pico-gnss-rs/src/main.rs:427)
58.449099 [INFO ] NMEA $GPGSV,4,4,14,194,,,,195,,,*7D (pico_gnss pico-gnss-rs/src/main.rs:427)
58.507571 [INFO ] NMEA $GLGSV,2,1,08,74,78,197,,71,60,093,,72,50,340,,73,48,034,21*6C (pico_gnss pico-gnss-rs/src/main.rs:427)
58.599041 [INFO ] NMEA $GLGSV,2,2,08,75,23,208,,70,06,127,21,65,03,319,,88,01,312,*68 (pico_gnss pico-gnss-rs/src/main.rs:427)
58.657765 [INFO ] NMEA $GNRMC,113119.000,A,0000.0000,N,00000.0000,E,0.86,274.34,080626,,,A*7D (pico_gnss pico-gnss-rs/src/main.rs:427)
58.660339 [INFO ] SYNC pps_local_us=51000121 unix_s=1780918279 drift_us=2 err_ns=-8 holdover_ms=999 (pico_gnss pico-gnss-rs/src/main.rs:458)
58.687487 [INFO ] NMEA $GPVTG,274.34,T,,M,0.86,N,1.60,K,A*32 (pico_gnss pico-gnss-rs/src/main.rs:427)
58.745278 [INFO ] NMEA $GPZDA,113119.000,08,06,2026,,*54 (pico_gnss pico-gnss-rs/src/main.rs:427)
58.774806 [INFO ] NMEA $GPGST,113119.000,4.8,18,8.8,76.1,9.6,18,32*71 (pico_gnss pico-gnss-rs/src/main.rs:427)
58.827407 [INFO ] PPS count=53 interval_us=1000002 interval_ns=1000002384 state=Locked missed=0 (pico_gnss pico-gnss-rs/src/main.rs:180)
58.829065 [INFO ] PPSGEN count=53 interval_ns=1000002400 dev_ns=2400 phase_ns=1570620 hwphase_ns=1059216 (pico_gnss pico-gnss-rs/src/main.rs:271)
58.897673 [INFO ] TIME unix_ns=1780918280070374456 ppb=2377 holdover_ms=1070 locked=1 (pico_gnss pico-gnss-rs/src/main.rs:214)
59.093036 [INFO ] NMEA $GPGGA,113120.000,0000.0000,N,00000.0000,E,1,6,1.58,23.3,M,39.0,M,,*6A (pico_gnss pico-gnss-rs/src/main.rs:427)
59.151370 [INFO ] NMEA $GNGLL,0000.0000,N,00000.0000,E,113120.000,A,A*43 (pico_gnss pico-gnss-rs/src/main.rs:427)
59.209763 [INFO ] NMEA $GNGSA,A,3,12,15,20,24,10,,,,,,,,1.83,1.58,0.91*10 (pico_gnss pico-gnss-rs/src/main.rs:427)
59.239342 [INFO ] NMEA $GNGSA,A,3,73,,,,,,,,,,,,1.83,1.58,0.91*16 (pico_gnss pico-gnss-rs/src/main.rs:427)
59.326564 [INFO ] NMEA $GPGSV,4,1,14,23,63,216,,12,59,126,26,10,53,296,19,24,45,049,23*7F (pico_gnss pico-gnss-rs/src/main.rs:427)
59.389348 [INFO ] NMEA $GPGSV,4,2,14,25,40,184,,15,29,113,16,32,23,305,,28,08,251,*7D (pico_gnss pico-gnss-rs/src/main.rs:427)
59.447900 [INFO ] NMEA $GPGSV,4,3,14,20,06,110,19,19,02,058,24,18,01,208,,193,,,*7F (pico_gnss pico-gnss-rs/src/main.rs:427)
59.477273 [INFO ] NMEA $GPGSV,4,4,14,194,,,,195,,,*7D (pico_gnss pico-gnss-rs/src/main.rs:427)
59.535760 [INFO ] NMEA $GLGSV,2,1,08,74,78,197,,71,60,093,,72,50,340,,73,48,034,21*6C (pico_gnss pico-gnss-rs/src/main.rs:427)
59.598447 [INFO ] NMEA $GLGSV,2,2,08,75,23,208,,70,06,127,21,65,03,319,,88,01,312,*68 (pico_gnss pico-gnss-rs/src/main.rs:427)
59.685932 [INFO ] NMEA $GNRMC,113120.000,A,0000.0000,N,00000.0000,E,0.59,299.14,080626,,,A*75 (pico_gnss pico-gnss-rs/src/main.rs:427)
59.688508 [INFO ] SYNC pps_local_us=52000123 unix_s=1780918280 drift_us=2 err_ns=7 holdover_ms=1000 (pico_gnss pico-gnss-rs/src/main.rs:458)
59.715683 [INFO ] NMEA $GPVTG,299.14,T,,M,0.59,N,1.09,K,A*3E (pico_gnss pico-gnss-rs/src/main.rs:427)
59.773405 [INFO ] NMEA $GPZDA,113120.000,08,06,2026,,*5E (pico_gnss pico-gnss-rs/src/main.rs:427)
59.804182 [INFO ] NMEA $GPGST,113120.000,4.8,18,9.5,76.6,10,18,33*51 (pico_gnss pico-gnss-rs/src/main.rs:427)
59.827395 [INFO ] PPS count=54 interval_us=1000002 interval_ns=1000002368 state=Locked missed=0 (pico_gnss pico-gnss-rs/src/main.rs:180)
59.829044 [INFO ] PPSGEN count=54 interval_ns=1000002400 dev_ns=2400 phase_ns=1551620 hwphase_ns=1059248 (pico_gnss pico-gnss-rs/src/main.rs:271)
59.898808 [INFO ] TIME unix_ns=1780918281071509454 ppb=2377 holdover_ms=1071 locked=1 (pico_gnss pico-gnss-rs/src/main.rs:214)
60.091779 [INFO ] NMEA $GPGGA,113121.000,0000.0000,N,00000.0000,E,1,6,1.58,23.3,M,39.0,M,,*65 (pico_gnss pico-gnss-rs/src/main.rs:427)
60.150155 [INFO ] NMEA $GNGLL,0000.0000,N,00000.0000,E,113121.000,A,A*4C (pico_gnss pico-gnss-rs/src/main.rs:427)
60.179810 [INFO ] NMEA $GNGSA,A,3,12,15,20,24,10,,,,,,,,1.83,1.58,0.91*10 (pico_gnss pico-gnss-rs/src/main.rs:427)
60.238022 [INFO ] NMEA $GNGSA,A,3,73,,,,,,,,,,,,1.83,1.58,0.91*16 (pico_gnss pico-gnss-rs/src/main.rs:427)
60.296643 [INFO ] NMEA $GPGSV,4,1,14,23,63,216,,12,59,126,26,10,53,296,18,24,45,049,23*7E (pico_gnss pico-gnss-rs/src/main.rs:427)
60.388095 [INFO ] NMEA $GPGSV,4,2,14,25,40,184,,15,29,113,16,32,23,305,,28,08,251,*7D (pico_gnss pico-gnss-rs/src/main.rs:427)
60.446651 [INFO ] NMEA $GPGSV,4,3,14,20,06,110,19,19,02,058,24,18,01,208,,193,,,*7F (pico_gnss pico-gnss-rs/src/main.rs:427)
60.476020 [INFO ] NMEA $GPGSV,4,4,14,194,,,,195,,,*7D (pico_gnss pico-gnss-rs/src/main.rs:427)
60.534584 [INFO ] NMEA $GLGSV,2,1,08,74,78,197,,71,60,093,,72,50,340,,73,48,034,21*6C (pico_gnss pico-gnss-rs/src/main.rs:427)
60.597175 [INFO ] NMEA $GLGSV,2,2,08,75,23,208,,70,06,127,21,65,03,319,,88,01,312,*68 (pico_gnss pico-gnss-rs/src/main.rs:427)
60.684719 [INFO ] NMEA $GNRMC,113121.000,A,0000.0000,N,00000.0000,E,1.24,301.80,080626,,,A*7C (pico_gnss pico-gnss-rs/src/main.rs:427)
60.687303 [INFO ] SYNC pps_local_us=53000125 unix_s=1780918281 drift_us=2 err_ns=-8 holdover_ms=999 (pico_gnss pico-gnss-rs/src/main.rs:458)
60.714426 [INFO ] NMEA $GPVTG,301.80,T,,M,1.24,N,2.30,K,A*31 (pico_gnss pico-gnss-rs/src/main.rs:427)
60.772158 [INFO ] NMEA $GPZDA,113121.000,08,06,2026,,*5F (pico_gnss pico-gnss-rs/src/main.rs:427)
60.800856 [INFO ] NMEA $GPGST,113121.000,4.8,18,9.8,75.5,11,18,32*5D (pico_gnss pico-gnss-rs/src/main.rs:427)
60.827413 [INFO ] PPS count=55 interval_us=1000002 interval_ns=1000002384 state=Locked missed=0 (pico_gnss pico-gnss-rs/src/main.rs:180)
60.829116 [INFO ] PPSGEN count=55 interval_ns=1000002400 dev_ns=2400 phase_ns=1568620 hwphase_ns=1059264 (pico_gnss pico-gnss-rs/src/main.rs:271)
60.899961 [INFO ] TIME unix_ns=1780918282072675451 ppb=2377 holdover_ms=1072 locked=1 (pico_gnss pico-gnss-rs/src/main.rs:214)
61.137999 [INFO ] NMEA $GPGGA,113122.000,0000.0000,N,00000.0000,E,1,6,1.58,23.4,M,39.0,M,,*6A (pico_gnss pico-gnss-rs/src/main.rs:427)
61.196387 [INFO ] NMEA $GNGLL,0000.0000,N,00000.0000,E,113122.000,A,A*44 (pico_gnss pico-gnss-rs/src/main.rs:427)
61.226041 [INFO ] NMEA $GNGSA,A,3,12,15,20,24,10,,,,,,,,1.83,1.58,0.91*10 (pico_gnss pico-gnss-rs/src/main.rs:427)
61.284239 [INFO ] NMEA $GNGSA,A,3,73,,,,,,,,,,,,1.83,1.58,0.91*16 (pico_gnss pico-gnss-rs/src/main.rs:427)
61.342861 [INFO ] NMEA $GPGSV,4,1,14,23,63,216,,12,59,126,26,10,53,296,18,24,45,049,23*7E (pico_gnss pico-gnss-rs/src/main.rs:427)
61.434339 [INFO ] NMEA $GPGSV,4,2,14,25,40,184,,15,29,113,16,32,23,305,,28,08,251,*7D (pico_gnss pico-gnss-rs/src/main.rs:427)
61.492877 [INFO ] NMEA $GPGSV,4,3,14,20,06,110,19,19,02,058,24,18,01,208,,193,,,*7F (pico_gnss pico-gnss-rs/src/main.rs:427)
61.522254 [INFO ] NMEA $GPGSV,4,4,14,194,,,,195,,,*7D (pico_gnss pico-gnss-rs/src/main.rs:427)
61.580772 [INFO ] NMEA $GLGSV,2,1,08,74,78,197,,71,60,093,,72,50,340,,73,48,034,21*6C (pico_gnss pico-gnss-rs/src/main.rs:427)
61.643440 [INFO ] NMEA $GLGSV,2,2,08,75,23,208,,70,06,127,21,65,03,319,,88,01,312,*68 (pico_gnss pico-gnss-rs/src/main.rs:427)
61.730999 [INFO ] NMEA $GNRMC,113122.000,A,0000.0000,N,00000.0000,E,1.20,305.86,080626,,,A*72 (pico_gnss pico-gnss-rs/src/main.rs:427)
61.733568 [INFO ] SYNC pps_local_us=54000128 unix_s=1780918282 drift_us=2 err_ns=7 holdover_ms=999 (pico_gnss pico-gnss-rs/src/main.rs:458)
61.760669 [INFO ] NMEA $GPVTG,305.86,T,,M,1.20,N,2.23,K,A*35 (pico_gnss pico-gnss-rs/src/main.rs:427)
61.818351 [INFO ] NMEA $GPZDA,113122.000,08,06,2026,,*5C (pico_gnss pico-gnss-rs/src/main.rs:427)
61.827424 [INFO ] PPS count=56 interval_us=1000002 interval_ns=1000002368 state=Locked missed=0 (pico_gnss pico-gnss-rs/src/main.rs:180)
61.829076 [INFO ] PPSGEN count=56 interval_ns=1000002400 dev_ns=2400 phase_ns=1584620 hwphase_ns=1059296 (pico_gnss pico-gnss-rs/src/main.rs:271)
61.844255 [INFO ] NMEA $GPGST,113122.000,4.7,19,10,75.0,11,18,32*7B (pico_gnss pico-gnss-rs/src/main.rs:427)
61.901204 [INFO ] TIME unix_ns=1780918283073821448 ppb=2377 holdover_ms=1073 locked=1 (pico_gnss pico-gnss-rs/src/main.rs:214)
62.086013 [INFO ] NMEA $GPGGA,113123.000,0000.0000,N,00000.0000,E,1,6,1.58,23.4,M,39.0,M,,*69 (pico_gnss pico-gnss-rs/src/main.rs:427)
62.115688 [INFO ] NMEA $GNGLL,0000.0000,N,00000.0000,E,113123.000,A,A*47 (pico_gnss pico-gnss-rs/src/main.rs:427)
62.174005 [INFO ] NMEA $GNGSA,A,3,12,15,20,24,10,,,,,,,,1.83,1.58,0.91*10 (pico_gnss pico-gnss-rs/src/main.rs:427)
62.232257 [INFO ] NMEA $GNGSA,A,3,73,,,,,,,,,,,,1.83,1.58,0.91*16 (pico_gnss pico-gnss-rs/src/main.rs:427)
62.290934 [INFO ] NMEA $GPGSV,4,1,14,23,63,216,,12,59,126,26,10,53,296,18,24,45,049,23*7E (pico_gnss pico-gnss-rs/src/main.rs:427)
62.353555 [INFO ] NMEA $GPGSV,4,2,14,25,40,184,,15,29,113,15,32,23,305,,28,08,251,*7E (pico_gnss pico-gnss-rs/src/main.rs:427)
62.440937 [INFO ] NMEA $GPGSV,4,3,14,20,06,110,18,19,02,058,24,18,01,208,,193,,,*7E (pico_gnss pico-gnss-rs/src/main.rs:427)
62.470274 [INFO ] NMEA $GPGSV,4,4,14,194,,,,195,,,*7D (pico_gnss pico-gnss-rs/src/main.rs:427)
62.528813 [INFO ] NMEA $GLGSV,2,1,08,74,78,197,,71,60,093,,72,50,340,,73,48,034,21*6C (pico_gnss pico-gnss-rs/src/main.rs:427)
62.591493 [INFO ] NMEA $GLGSV,2,2,08,75,23,208,,70,06,127,21,65,03,319,,88,01,312,*68 (pico_gnss pico-gnss-rs/src/main.rs:427)
62.678964 [INFO ] NMEA $GNRMC,113123.000,A,0000.0000,N,00000.0000,E,0.53,305.86,080626,,,A*74 (pico_gnss pico-gnss-rs/src/main.rs:427)
62.681548 [INFO ] SYNC pps_local_us=55000130 unix_s=1780918283 drift_us=2 err_ns=-8 holdover_ms=1000 (pico_gnss pico-gnss-rs/src/main.rs:458)
62.708743 [INFO ] NMEA $GPVTG,305.86,T,,M,0.53,N,0.97,K,A*3D (pico_gnss pico-gnss-rs/src/main.rs:427)
62.737806 [INFO ] NMEA $GPZDA,113123.000,08,06,2026,,*5D (pico_gnss pico-gnss-rs/src/main.rs:427)
62.788757 [INFO ] NMEA $GPGST,113123.000,4.7,19,11,74.8,11,19,32*73 (pico_gnss pico-gnss-rs/src/main.rs:427)
62.827374 [INFO ] PPS count=57 interval_us=1000002 interval_ns=1000002384 state=Locked missed=0 (pico_gnss pico-gnss-rs/src/main.rs:180)
62.828820 [INFO ] PPSGEN count=57 interval_ns=998860336 dev_ns=-1139664 phase_ns=1317620 hwphase_ns=-82752 (pico_gnss pico-gnss-rs/src/main.rs:271)
62.902384 [INFO ] TIME unix_ns=1780918284075083445 ppb=2377 holdover_ms=1075 locked=1 (pico_gnss pico-gnss-rs/src/main.rs:214)
63.134196 [INFO ] NMEA $GPGGA,113124.000,0000.0000,N,00000.0000,E,1,6,1.58,23.4,M,39.0,M,,*6A (pico_gnss pico-gnss-rs/src/main.rs:427)
63.163837 [INFO ] NMEA $GNGLL,0000.0000,N,00000.0000,E,113124.000,A,A*44 (pico_gnss pico-gnss-rs/src/main.rs:427)
63.222158 [INFO ] NMEA $GNGSA,A,3,12,15,20,24,10,,,,,,,,1.83,1.58,0.91*10 (pico_gnss pico-gnss-rs/src/main.rs:427)
63.280403 [INFO ] NMEA $GNGSA,A,3,73,,,,,,,,,,,,1.83,1.58,0.91*16 (pico_gnss pico-gnss-rs/src/main.rs:427)
63.339066 [INFO ] NMEA $GPGSV,4,1,14,23,63,216,,12,59,126,26,10,53,296,17,24,45,049,23*71 (pico_gnss pico-gnss-rs/src/main.rs:427)
63.401762 [INFO ] NMEA $GPGSV,4,2,14,25,40,184,,15,29,113,14,32,23,305,,28,08,251,*7F (pico_gnss pico-gnss-rs/src/main.rs:427)
63.489060 [INFO ] NMEA $GPGSV,4,3,14,20,06,110,18,19,02,058,24,18,01,208,,193,,,*7E (pico_gnss pico-gnss-rs/src/main.rs:427)
63.518470 [INFO ] NMEA $GPGSV,4,4,14,194,,,,195,,,*7D (pico_gnss pico-gnss-rs/src/main.rs:427)
63.576959 [INFO ] NMEA $GLGSV,2,1,08,74,78,197,,71,60,093,,72,50,340,,73,48,034,21*6C (pico_gnss pico-gnss-rs/src/main.rs:427)
63.639632 [INFO ] NMEA $GLGSV,2,2,08,75,23,208,,70,06,127,21,65,03,319,,88,01,312,*68 (pico_gnss pico-gnss-rs/src/main.rs:427)
63.727185 [INFO ] NMEA $GNRMC,113124.000,A,0000.0000,N,00000.0000,E,1.52,162.99,080626,,,A*7A (pico_gnss pico-gnss-rs/src/main.rs:427)
63.729771 [INFO ] SYNC pps_local_us=56000133 unix_s=1780918284 drift_us=2 err_ns=7 holdover_ms=999 (pico_gnss pico-gnss-rs/src/main.rs:458)
63.756887 [INFO ] NMEA $GPVTG,162.99,T,,M,1.52,N,2.82,K,A*36 (pico_gnss pico-gnss-rs/src/main.rs:427)
63.785950 [INFO ] NMEA $GPZDA,113124.000,08,06,2026,,*5A (pico_gnss pico-gnss-rs/src/main.rs:427)
63.827388 [INFO ] PPS count=58 interval_us=1000002 interval_ns=1000002368 state=Locked missed=0 (pico_gnss pico-gnss-rs/src/main.rs:180)
63.828837 [INFO ] PPSGEN count=58 interval_ns=1000002400 dev_ns=2400 phase_ns=1371620 hwphase_ns=-82720 (pico_gnss pico-gnss-rs/src/main.rs:271)
63.834186 [INFO ] NMEA $GPGST,113124.000,4.7,19,11,74.7,12,19,33*79 (pico_gnss pico-gnss-rs/src/main.rs:427)
63.903617 [INFO ] TIME unix_ns=1780918285076262442 ppb=2377 holdover_ms=1076 locked=1 (pico_gnss pico-gnss-rs/src/main.rs:214)
64.065413 [INFO ] NMEA $GPGGA,113125.000,0000.0000,N,00000.0000,E,1,5,1.66,23.4,M,39.0,M,,*64 (pico_gnss pico-gnss-rs/src/main.rs:427)
64.123805 [INFO ] NMEA $GNGLL,0000.0000,N,00000.0000,E,113125.000,A,A*44 (pico_gnss pico-gnss-rs/src/main.rs:427)
64.182129 [INFO ] NMEA $GNGSA,A,3,12,20,24,10,,,,,,,,,1.89,1.66,0.91*13 (pico_gnss pico-gnss-rs/src/main.rs:427)
64.240432 [INFO ] NMEA $GNGSA,A,3,73,,,,,,,,,,,,1.89,1.66,0.91*11 (pico_gnss pico-gnss-rs/src/main.rs:427)
64.299042 [INFO ] NMEA $GPGSV,4,1,14,23,63,216,,12,59,126,26,10,53,296,17,24,45,049,23*71 (pico_gnss pico-gnss-rs/src/main.rs:427)
64.361719 [INFO ] NMEA $GPGSV,4,2,14,25,40,184,,15,29,113,15,32,23,305,,28,08,251,*7E (pico_gnss pico-gnss-rs/src/main.rs:427)
64.420263 [INFO ] NMEA $GPGSV,4,3,14,20,06,110,18,19,02,058,24,18,01,208,,193,,,*7E (pico_gnss pico-gnss-rs/src/main.rs:427)
64.478345 [INFO ] NMEA $GPGSV,4,4,14,194,,,,195,,,*7D (pico_gnss pico-gnss-rs/src/main.rs:427)
64.536933 [INFO ] NMEA $GLGSV,2,1,08,74,78,197,,71,60,093,,72,50,340,,73,48,034,21*6C (pico_gnss pico-gnss-rs/src/main.rs:427)
64.599652 [INFO ] NMEA $GLGSV,2,2,08,75,23,208,,70,06,127,21,65,03,319,,88,01,312,*68 (pico_gnss pico-gnss-rs/src/main.rs:427)
64.687119 [INFO ] NMEA $GNRMC,113125.000,A,0000.0000,N,00000.0000,E,0.44,162.99,080626,,,A*7C (pico_gnss pico-gnss-rs/src/main.rs:427)
64.689711 [INFO ] SYNC pps_local_us=57000135 unix_s=1780918285 drift_us=2 err_ns=-8 holdover_ms=999 (pico_gnss pico-gnss-rs/src/main.rs:458)
64.716891 [INFO ] NMEA $GPVTG,162.99,T,,M,0.44,N,0.81,K,A*31 (pico_gnss pico-gnss-rs/src/main.rs:427)
64.745980 [INFO ] NMEA $GPZDA,113125.000,08,06,2026,,*5B (pico_gnss pico-gnss-rs/src/main.rs:427)
64.788554 [INFO ] NMEA $GPGST,113125.000,4.6,20,12,74.5,12,19,32*73 (pico_gnss pico-gnss-rs/src/main.rs:427)
64.827388 [INFO ] PPS count=59 interval_us=1000002 interval_ns=1000002368 state=Locked missed=0 (pico_gnss pico-gnss-rs/src/main.rs:180)
64.828836 [INFO ] PPSGEN count=59 interval_ns=1000002400 dev_ns=2400 phase_ns=1384621 hwphase_ns=-82688 (pico_gnss pico-gnss-rs/src/main.rs:271)
64.904774 [INFO ] TIME unix_ns=1780918286077519440 ppb=2376 holdover_ms=1077 locked=1 (pico_gnss pico-gnss-rs/src/main.rs:214)
65.011690 [INFO ] NMEA $GPGGA,113126.000,0000.0000,N,00000.0000,E,1,5,1.66,23.4,M,39.0,M,,*61 (pico_gnss pico-gnss-rs/src/main.rs:427)
65.070036 [INFO ] NMEA $GNGLL,0000.0000,N,00000.0000,E,113126.000,A,A*41 (pico_gnss pico-gnss-rs/src/main.rs:427)
65.128371 [INFO ] NMEA $GNGSA,A,3,12,20,24,10,,,,,,,,,1.89,1.66,0.91*13 (pico_gnss pico-gnss-rs/src/main.rs:427)
65.157921 [INFO ] NMEA $GNGSA,A,3,73,,,,,,,,,,,,1.89,1.66,0.91*11 (pico_gnss pico-gnss-rs/src/main.rs:427)
65.245271 [INFO ] NMEA $GPGSV,4,1,14,23,63,216,13,12,59,126,26,10,53,296,17,24,45,049,23*73 (pico_gnss pico-gnss-rs/src/main.rs:427)
65.307991 [INFO ] NMEA $GPGSV,4,2,14,25,40,184,,15,29,113,16,32,23,305,,28,08,251,*7D (pico_gnss pico-gnss-rs/src/main.rs:427)
65.366585 [INFO ] NMEA $GPGSV,4,3,14,20,06,110,18,19,02,058,24,18,01,208,,193,,,*7E (pico_gnss pico-gnss-rs/src/main.rs:427)
65.395897 [INFO ] NMEA $GPGSV,4,4,14,194,,,,195,,,*7D (pico_gnss pico-gnss-rs/src/main.rs:427)
65.483212 [INFO ] NMEA $GLGSV,2,1,08,74,78,197,,71,60,093,,72,50,340,,73,48,034,21*6C (pico_gnss pico-gnss-rs/src/main.rs:427)
65.545868 [INFO ] NMEA $GLGSV,2,2,08,75,23,208,,70,06,127,22,65,03,319,,88,01,312,*6B (pico_gnss pico-gnss-rs/src/main.rs:427)
65.604632 [INFO ] NMEA $GNRMC,113126.000,A,0000.0000,N,00000.0000,E,0.44,162.99,080626,,,A*79 (pico_gnss pico-gnss-rs/src/main.rs:427)
65.607184 [INFO ] SYNC pps_local_us=58000137 unix_s=1780918286 drift_us=2 err_ns=-8 holdover_ms=1000 (pico_gnss pico-gnss-rs/src/main.rs:458)
65.662857 [INFO ] NMEA $GPVTG,162.99,T,,M,0.44,N,0.82,K,A*32 (pico_gnss pico-gnss-rs/src/main.rs:427)
65.692245 [INFO ] NMEA $GPZDA,113126.000,08,06,2026,,*58 (pico_gnss pico-gnss-rs/src/main.rs:427)
65.731786 [INFO ] NMEA $GPGST,113126.000,4.6,20,12,74.5,13,19,32*71 (pico_gnss pico-gnss-rs/src/main.rs:427)
65.827400 [INFO ] PPS count=60 interval_us=1000002 interval_ns=1000002368 state=Locked missed=0 (pico_gnss pico-gnss-rs/src/main.rs:180)
65.828813 [INFO ] PPSGEN count=60 interval_ns=1000002400 dev_ns=2400 phase_ns=1360621 hwphase_ns=-82656 (pico_gnss pico-gnss-rs/src/main.rs:271)
65.905919 [INFO ] TIME unix_ns=1780918287078646437 ppb=2376 holdover_ms=1078 locked=1 (pico_gnss pico-gnss-rs/src/main.rs:214)
66.086813 [INFO ] NMEA $GPGGA,113127.000,0000.0000,N,00000.0000,E,1,6,1.58,23.4,M,39.0,M,,*63 (pico_gnss pico-gnss-rs/src/main.rs:427)
66.145125 [INFO ] NMEA $GNGLL,0000.0000,N,00000.0000,E,113127.000,A,A*4D (pico_gnss pico-gnss-rs/src/main.rs:427)
66.203523 [INFO ] NMEA $GNGSA,A,3,12,15,20,24,10,,,,,,,,1.82,1.58,0.91*11 (pico_gnss pico-gnss-rs/src/main.rs:427)
66.233048 [INFO ] NMEA $GNGSA,A,3,73,,,,,,,,,,,,1.82,1.58,0.91*17 (pico_gnss pico-gnss-rs/src/main.rs:427)
66.320447 [INFO ] NMEA $GPGSV,4,1,14,23,63,216,14,12,59,126,26,10,53,296,17,24,45,049,23*74 (pico_gnss pico-gnss-rs/src/main.rs:427)
66.383127 [INFO ] NMEA $GPGSV,4,2,14,25,40,184,,15,29,113,14,32,23,305,,28,08,251,*7F (pico_gnss pico-gnss-rs/src/main.rs:427)
66.441690 [INFO ] NMEA $GPGSV,4,3,14,20,06,110,18,19,02,058,24,18,01,208,,193,,,*7E (pico_gnss pico-gnss-rs/src/main.rs:427)
66.471076 [INFO ] NMEA $GPGSV,4,4,14,194,,,,195,,,*7D (pico_gnss pico-gnss-rs/src/main.rs:427)
66.558330 [INFO ] NMEA $GLGSV,2,1,08,74,78,197,,71,60,093,,72,50,340,,73,48,034,21*6C (pico_gnss pico-gnss-rs/src/main.rs:427)
66.621029 [INFO ] NMEA $GLGSV,2,2,08,75,23,208,,70,06,127,22,65,03,319,,88,01,312,*6B (pico_gnss pico-gnss-rs/src/main.rs:427)
66.679772 [INFO ] NMEA $GNRMC,113127.000,A,0000.0000,N,00000.0000,E,1.14,191.56,080626,,,A*7E (pico_gnss pico-gnss-rs/src/main.rs:427)
66.682357 [INFO ] SYNC pps_local_us=59000140 unix_s=1780918287 drift_us=2 err_ns=-8 holdover_ms=1000 (pico_gnss pico-gnss-rs/src/main.rs:458)
66.737958 [INFO ] NMEA $GPVTG,191.56,T,,M,1.14,N,2.11,K,A*31 (pico_gnss pico-gnss-rs/src/main.rs:427)
66.767281 [INFO ] NMEA $GPZDA,113127.000,08,06,2026,,*59 (pico_gnss pico-gnss-rs/src/main.rs:427)
66.805711 [INFO ] NMEA $GPGST,113127.000,4.7,20,12,74.5,13,20,32*7B (pico_gnss pico-gnss-rs/src/main.rs:427)
66.827400 [INFO ] PPS count=61 interval_us=1000002 interval_ns=1000002368 state=Locked missed=0 (pico_gnss pico-gnss-rs/src/main.rs:180)
66.828851 [INFO ] PPSGEN count=61 interval_ns=1000002400 dev_ns=2400 phase_ns=1359621 hwphase_ns=-82624 (pico_gnss pico-gnss-rs/src/main.rs:271)
66.907078 [INFO ] TIME unix_ns=1780918288079782435 ppb=2376 holdover_ms=1079 locked=1 (pico_gnss pico-gnss-rs/src/main.rs:214)
67.126763 [INFO ] NMEA $GPGGA,113128.000,0000.0000,N,00000.0000,E,1,6,1.58,23.4,M,39.0,M,,*6C (pico_gnss pico-gnss-rs/src/main.rs:427)
67.185063 [INFO ] NMEA $GNGLL,0000.0000,N,00000.0000,E,113128.000,A,A*42 (pico_gnss pico-gnss-rs/src/main.rs:427)
67.243481 [INFO ] NMEA $GNGSA,A,3,12,15,20,24,10,,,,,,,,1.82,1.58,0.91*11 (pico_gnss pico-gnss-rs/src/main.rs:427)
67.273006 [INFO ] NMEA $GNGSA,A,3,73,,,,,,,,,,,,1.82,1.58,0.91*17 (pico_gnss pico-gnss-rs/src/main.rs:427)
67.360371 [INFO ] NMEA $GPGSV,4,1,14,23,63,216,,12,59,126,26,10,53,296,17,24,45,049,23*71 (pico_gnss pico-gnss-rs/src/main.rs:427)
67.423027 [INFO ] NMEA $GPGSV,4,2,14,25,40,184,,15,29,113,13,32,23,305,,28,08,251,*78 (pico_gnss pico-gnss-rs/src/main.rs:427)
67.481624 [INFO ] NMEA $GPGSV,4,3,14,20,06,110,18,19,02,058,24,18,01,208,,193,,,*7E (pico_gnss pico-gnss-rs/src/main.rs:427)
67.510995 [INFO ] NMEA $GPGSV,4,4,14,194,,,,195,,,*7D (pico_gnss pico-gnss-rs/src/main.rs:427)
67.598239 [INFO ] NMEA $GLGSV,2,1,08,74,78,197,,71,60,093,,72,50,340,,73,48,034,21*6C (pico_gnss pico-gnss-rs/src/main.rs:427)
67.660946 [INFO ] NMEA $GLGSV,2,2,08,75,23,208,,70,06,127,23,65,03,319,,88,01,312,*6A (pico_gnss pico-gnss-rs/src/main.rs:427)
67.719660 [INFO ] NMEA $GNRMC,113128.000,A,0000.0000,N,00000.0000,E,0.73,124.77,080626,,,A*7C (pico_gnss pico-gnss-rs/src/main.rs:427)
67.722223 [INFO ] SYNC pps_local_us=60000142 unix_s=1780918288 drift_us=2 err_ns=-7 holdover_ms=999 (pico_gnss pico-gnss-rs/src/main.rs:458)
67.777795 [INFO ] NMEA $GPVTG,124.77,T,,M,0.73,N,1.35,K,A*39 (pico_gnss pico-gnss-rs/src/main.rs:427)
67.807093 [INFO ] NMEA $GPZDA,113128.000,08,06,2026,,*56 (pico_gnss pico-gnss-rs/src/main.rs:427)
67.827415 [INFO ] PPS count=62 interval_us=1000002 interval_ns=1000002368 state=Locked missed=0 (pico_gnss pico-gnss-rs/src/main.rs:180)
67.828842 [INFO ] PPSGEN count=62 interval_ns=1000002400 dev_ns=2400 phase_ns=1359622 hwphase_ns=-82592 (pico_gnss pico-gnss-rs/src/main.rs:271)
67.842495 [INFO ] NMEA $GPGST,113128.000,4.8,21,13,73.7,13,20,33*7F (pico_gnss pico-gnss-rs/src/main.rs:427)
67.908297 [INFO ] TIME unix_ns=1780918289080908433 ppb=2376 holdover_ms=1080 locked=1 (pico_gnss pico-gnss-rs/src/main.rs:214)
68.080887 [INFO ] NMEA $GPGGA,113129.000,0000.0000,N,00000.0000,E,1,6,1.58,23.5,M,39.0,M,,*6D (pico_gnss pico-gnss-rs/src/main.rs:427)
68.139263 [INFO ] NMEA $GNGLL,0000.0000,N,00000.0000,E,113129.000,A,A*42 (pico_gnss pico-gnss-rs/src/main.rs:427)
68.197657 [INFO ] NMEA $GNGSA,A,3,12,15,20,24,10,,,,,,,,1.82,1.58,0.91*11 (pico_gnss pico-gnss-rs/src/main.rs:427)
68.227223 [INFO ] NMEA $GNGSA,A,3,73,,,,,,,,,,,,1.82,1.58,0.91*17 (pico_gnss pico-gnss-rs/src/main.rs:427)
68.314541 [INFO ] NMEA $GPGSV,4,1,14,23,63,216,,12,59,126,26,10,53,296,17,24,45,049,22*70 (pico_gnss pico-gnss-rs/src/main.rs:427)
68.377267 [INFO ] NMEA $GPGSV,4,2,14,25,40,184,,15,29,113,12,32,23,305,,28,08,251,*79 (pico_gnss pico-gnss-rs/src/main.rs:427)
68.435805 [INFO ] NMEA $GPGSV,4,3,14,20,06,110,18,19,02,058,24,18,01,208,,193,,,*7E (pico_gnss pico-gnss-rs/src/main.rs:427)
68.465159 [INFO ] NMEA $GPGSV,4,4,14,194,,,,195,,,*7D (pico_gnss pico-gnss-rs/src/main.rs:427)
68.523645 [INFO ] NMEA $GLGSV,2,1,08,74,78,197,,71,60,093,,72,50,340,,73,48,034,21*6C (pico_gnss pico-gnss-rs/src/main.rs:427)
68.615117 [INFO ] NMEA $GLGSV,2,2,08,75,23,208,,70,06,127,23,65,03,319,,88,01,312,*6A (pico_gnss pico-gnss-rs/src/main.rs:427)
68.673842 [INFO ] NMEA $GNRMC,113129.000,A,0000.0000,N,00000.0000,E,0.25,124.77,080626,,,A*7F (pico_gnss pico-gnss-rs/src/main.rs:427)
68.676429 [INFO ] SYNC pps_local_us=61000144 unix_s=1780918289 drift_us=2 err_ns=-7 holdover_ms=1000 (pico_gnss pico-gnss-rs/src/main.rs:458)
68.726771 [INFO ] PPSGEN count=63 interval_ns=899121040 dev_ns=-100878960 phase_ns=-100821136 hwphase_ns=-100961552 (pico_gnss pico-gnss-rs/src/main.rs:271)
68.732391 [INFO ] NMEA $GPVTG,124.77,T,,M,0.25,N,0.47,K,A*3E (pico_gnss pico-gnss-rs/src/main.rs:427)
68.761435 [INFO ] NMEA $GPZDA,113129.000,08,06,2026,,*57 (pico_gnss pico-gnss-rs/src/main.rs:427)
68.790828 [INFO ] NMEA $GPGST,113129.000,5.0,21,13,73.9,14,20,33*7E (pico_gnss pico-gnss-rs/src/main.rs:427)
68.827411 [INFO ] PPS count=63 interval_us=1000002 interval_ns=1000002384 state=Locked missed=0 (pico_gnss pico-gnss-rs/src/main.rs:180)
68.828788 [INFO ] PPSGEN count=64 interval_ns=100881344 dev_ns=-899118656 phase_ns=1345621 hwphase_ns=-82592 (pico_gnss pico-gnss-rs/src/main.rs:271)
68.909453 [INFO ] TIME unix_ns=1780918290082162429 ppb=2376 holdover_ms=1082 locked=1 (pico_gnss pico-gnss-rs/src/main.rs:214)
69.018797 [INFO ] NMEA $GPGGA,113130.000,0000.0000,N,00000.0000,E,1,5,1.66,23.4,M,39.0,M,,*68 (pico_gnss pico-gnss-rs/src/main.rs:427)
69.077134 [INFO ] NMEA $GNGLL,0000.0000,N,00000.0000,E,113130.000,A,A*48 (pico_gnss pico-gnss-rs/src/main.rs:427)
69.106775 [INFO ] NMEA $GNGSA,A,3,12,20,24,10,,,,,,,,,1.89,1.66,0.91*13 (pico_gnss pico-gnss-rs/src/main.rs:427)
69.165014 [INFO ] NMEA $GNGSA,A,3,73,,,,,,,,,,,,1.89,1.66,0.91*11 (pico_gnss pico-gnss-rs/src/main.rs:427)
69.223586 [INFO ] NMEA $GPGSV,4,1,14,23,63,216,,12,59,126,26,10,54,295,18,24,45,049,22*7B (pico_gnss pico-gnss-rs/src/main.rs:427)
69.315036 [INFO ] NMEA $GPGSV,4,2,14,25,40,184,,15,29,113,,32,23,305,,28,08,251,*7A (pico_gnss pico-gnss-rs/src/main.rs:427)
69.373616 [INFO ] NMEA $GPGSV,4,3,14,20,06,110,18,19,02,058,24,18,01,208,,193,,,*7E (pico_gnss pico-gnss-rs/src/main.rs:427)
69.402975 [INFO ] NMEA $GPGSV,4,4,14,194,,,,195,,,*7D (pico_gnss pico-gnss-rs/src/main.rs:427)
69.461459 [INFO ] NMEA $GLGSV,2,1,08,74,78,197,,71,60,093,,72,50,340,,73,48,034,20*6D (pico_gnss pico-gnss-rs/src/main.rs:427)
69.520062 [INFO ] NMEA $GLGSV,2,2,08,75,23,208,,70,06,127,23,65,03,319,,88,01,312,*6A (pico_gnss pico-gnss-rs/src/main.rs:427)
69.611629 [INFO ] NMEA $GNRMC,113130.000,A,0000.0000,N,00000.0000,E,1.79,141.89,080626,,,A*7F (pico_gnss pico-gnss-rs/src/main.rs:427)
69.614205 [INFO ] SYNC pps_local_us=62000147 unix_s=1780918290 drift_us=2 err_ns=9 holdover_ms=999 (pico_gnss pico-gnss-rs/src/main.rs:458)
69.641390 [INFO ] NMEA $GPVTG,141.89,T,,M,1.79,N,3.32,K,A*35 (pico_gnss pico-gnss-rs/src/main.rs:427)
69.699196 [INFO ] NMEA $GPZDA,113130.000,08,06,2026,,*5F (pico_gnss pico-gnss-rs/src/main.rs:427)
69.724764 [INFO ] NMEA $GPGST,113130.000,4.9,21,13,73.3,14,20,33*74 (pico_gnss pico-gnss-rs/src/main.rs:427)
69.827421 [INFO ] PPS count=64 interval_us=1000002 interval_ns=1000002352 state=Locked missed=0 (pico_gnss pico-gnss-rs/src/main.rs:180)
69.828840 [INFO ] PPSGEN count=65 interval_ns=1000002400 dev_ns=2400 phase_ns=1372622 hwphase_ns=-82544 (pico_gnss pico-gnss-rs/src/main.rs:271)
69.910609 [INFO ] TIME unix_ns=1780918291083321427 ppb=2375 holdover_ms=1083 locked=1 (pico_gnss pico-gnss-rs/src/main.rs:214)
69.985077 [INFO ] NMEA $GPGGA,113131.000,0000.0000,N,00000.0000,E,1,5,1.66,23.4,M,39.0,M,,*68 (pico_gnss pico-gnss-rs/src/main.rs:427)
70.014740 [INFO ] NMEA $GNGLL,0000.0000,N,00000.0000,E,113131.000,A,A*48 (pico_gnss pico-gnss-rs/src/main.rs:427)
70.073026 [INFO ] NMEA $GNGSA,A,3,12,20,24,10,,,,,,,,,1.89,1.66,0.91*13 (pico_gnss pico-gnss-rs/src/main.rs:427)
70.131287 [INFO ] NMEA $GNGSA,A,3,73,,,,,,,,,,,,1.89,1.66,0.91*11 (pico_gnss pico-gnss-rs/src/main.rs:427)
70.189977 [INFO ] NMEA $GPGSV,4,1,14,23,63,216,16,12,59,126,26,10,54,295,18,24,45,049,22*7C (pico_gnss pico-gnss-rs/src/main.rs:427)
70.252589 [INFO ] NMEA $GPGSV,4,2,14,25,40,184,,15,29,113,,32,23,305,,28,08,251,*7A (pico_gnss pico-gnss-rs/src/main.rs:427)
70.339968 [INFO ] NMEA $GPGSV,4,3,14,20,06,110,18,19,02,058,24,18,01,208,,193,,,*7E (pico_gnss pico-gnss-rs/src/main.rs:427)
70.369310 [INFO ] NMEA $GPGSV,4,4,14,194,,,,195,,,*7D (pico_gnss pico-gnss-rs/src/main.rs:427)
70.427843 [INFO ] NMEA $GLGSV,2,1,08,74,78,197,,71,60,093,,72,50,340,,73,48,034,20*6D (pico_gnss pico-gnss-rs/src/main.rs:427)
70.486408 [INFO ] NMEA $GLGSV,2,2,08,75,23,208,,70,06,127,23,65,03,319,,88,01,312,*6A (pico_gnss pico-gnss-rs/src/main.rs:427)
70.578002 [INFO ] NMEA $GNRMC,113131.000,A,0000.0000,N,00000.0000,E,0.82,119.18,080626,,,A*7F (pico_gnss pico-gnss-rs/src/main.rs:427)
70.580585 [INFO ] SYNC pps_local_us=63000149 unix_s=1780918291 drift_us=2 err_ns=-23 holdover_ms=1000 (pico_gnss pico-gnss-rs/src/main.rs:458)
70.607743 [INFO ] NMEA $GPVTG,119.18,T,,M,0.82,N,1.53,K,A*30 (pico_gnss pico-gnss-rs/src/main.rs:427)
70.636883 [INFO ] NMEA $GPZDA,113131.000,08,06,2026,,*5E (pico_gnss pico-gnss-rs/src/main.rs:427)
70.685816 [INFO ] NMEA $GPGST,113131.000,4.9,21,14,72.9,14,20,32*78 (pico_gnss pico-gnss-rs/src/main.rs:427)
70.827441 [INFO ] PPS count=65 interval_us=1000002 interval_ns=1000002368 state=Locked missed=0 (pico_gnss pico-gnss-rs/src/main.rs:180)
70.851727 [INFO ] PPSGEN count=66 interval_ns=1024201312 dev_ns=24201312 phase_ns=24239568 hwphase_ns=24116400 (pico_gnss pico-gnss-rs/src/main.rs:271)
70.912156 [INFO ] TIME unix_ns=1780918292084468425 ppb=2375 holdover_ms=1084 locked=1 (pico_gnss pico-gnss-rs/src/main.rs:214)
70.970883 [INFO ] NMEA $GPGGA,113132.000,0000.0000,N,00000.0000,E,1,5,1.66,23.5,M,39.0,M,,*6B (pico_gnss pico-gnss-rs/src/main.rs:427)
71.016908 [INFO ] NMEA $GNGLL,0000.0000,N,00000.0000,E,113132.000,A,A*4A (pico_gnss pico-gnss-rs/src/main.rs:427)
71.075293 [INFO ] NMEA $GNGSA,A,3,12,20,24,10,,,,,,,,,1.89,1.66,0.91*13 (pico_gnss pico-gnss-rs/src/main.rs:427)
71.133540 [INFO ] NMEA $GNGSA,A,3,73,,,,,,,,,,,,1.89,1.66,0.91*11 (pico_gnss pico-gnss-rs/src/main.rs:427)
71.192251 [INFO ] NMEA $GPGSV,4,1,14,23,63,216,15,12,60,124,26,10,54,295,18,24,45,049,22*77 (pico_gnss pico-gnss-rs/src/main.rs:427)
71.254889 [INFO ] NMEA $GPGSV,4,2,14,25,40,184,,15,29,113,,32,23,305,,28,08,251,*7A (pico_gnss pico-gnss-rs/src/main.rs:427)
71.313428 [INFO ] NMEA $GPGSV,4,3,14,20,06,110,18,19,02,058,24,18,01,208,,193,,,*7E (pico_gnss pico-gnss-rs/src/main.rs:427)
71.371532 [INFO ] NMEA $GPGSV,4,4,14,194,,,,195,,,*7D (pico_gnss pico-gnss-rs/src/main.rs:427)
71.430089 [INFO ] NMEA $GLGSV,2,1,08,74,78,197,,71,60,093,,72,50,340,,73,48,034,20*6D (pico_gnss pico-gnss-rs/src/main.rs:427)
71.488718 [INFO ] NMEA $GLGSV,2,2,08,75,23,208,,70,06,127,23,65,03,319,,88,01,312,*6A (pico_gnss pico-gnss-rs/src/main.rs:427)
71.580250 [INFO ] NMEA $GNRMC,113132.000,A,0000.0000,N,00000.0000,E,0.83,184.36,080626,,,A*74 (pico_gnss pico-gnss-rs/src/main.rs:427)
71.582863 [INFO ] SYNC pps_local_us=64000152 unix_s=1780918292 drift_us=2 err_ns=-7 holdover_ms=1000 (pico_gnss pico-gnss-rs/src/main.rs:458)
71.610014 [INFO ] NMEA $GPVTG,184.36,T,,M,0.83,N,1.53,K,A*39 (pico_gnss pico-gnss-rs/src/main.rs:427)
71.639158 [INFO ] NMEA $GPZDA,113132.000,08,06,2026,,*5D (pico_gnss pico-gnss-rs/src/main.rs:427)
71.682873 [INFO ] NMEA $GPGST,113132.000,4.9,21,14,72.4,15,21,32*76 (pico_gnss pico-gnss-rs/src/main.rs:427)
71.827428 [INFO ] PPS count=66 interval_us=1000002 interval_ns=1000002384 state=Locked missed=0 (pico_gnss pico-gnss-rs/src/main.rs:180)
71.851746 [INFO ] PPSGEN count=67 interval_ns=1000002400 dev_ns=2400 phase_ns=24231568 hwphase_ns=24116416 (pico_gnss pico-gnss-rs/src/main.rs:271)
71.913465 [INFO ] TIME unix_ns=1780918293086003421 ppb=2375 holdover_ms=1086 locked=1 (pico_gnss pico-gnss-rs/src/main.rs:214)
71.969869 [INFO ] NMEA $GPGGA,113133.000,0000.0000,N,00000.0000,E,1,5,1.66,23.5,M,39.0,M,,*6B (pico_gnss pico-gnss-rs/src/main.rs:427)
72.020992 [INFO ] NMEA $GNGLL,0000.0000,N,00000.0000,E,113133.000,A,A*4A (pico_gnss pico-gnss-rs/src/main.rs:427)
72.079342 [INFO ] NMEA $GNGSA,A,3,12,20,24,10,,,,,,,,,1.89,1.66,0.91*13 (pico_gnss pico-gnss-rs/src/main.rs:427)
72.108872 [INFO ] NMEA $GNGSA,A,3,73,,,,,,,,,,,,1.89,1.66,0.91*11 (pico_gnss pico-gnss-rs/src/main.rs:427)
72.196243 [INFO ] NMEA $GPGSV,4,1,14,23,63,216,15,12,60,124,26,10,54,295,18,24,45,049,22*77 (pico_gnss pico-gnss-rs/src/main.rs:427)
72.258926 [INFO ] NMEA $GPGSV,4,2,14,25,40,184,,15,29,113,,32,23,305,,28,08,251,*7A (pico_gnss pico-gnss-rs/src/main.rs:427)
72.317502 [INFO ] NMEA $GPGSV,4,3,14,20,06,110,18,19,02,058,24,18,01,208,,193,,,*7E (pico_gnss pico-gnss-rs/src/main.rs:427)
72.346839 [INFO ] NMEA $GPGSV,4,4,14,194,,,,195,,,*7D (pico_gnss pico-gnss-rs/src/main.rs:427)
72.434146 [INFO ] NMEA $GLGSV,2,1,08,74,78,197,,71,60,093,,72,50,340,,73,48,034,20*6D (pico_gnss pico-gnss-rs/src/main.rs:427)
72.492735 [INFO ] NMEA $GLGSV,2,2,08,75,23,208,,70,06,127,23,65,03,319,,88,01,312,*6A (pico_gnss pico-gnss-rs/src/main.rs:427)
72.555603 [INFO ] NMEA $GNRMC,113133.000,A,0000.0000,N,00000.0000,E,0.90,218.15,080626,,,A*71 (pico_gnss pico-gnss-rs/src/main.rs:427)
72.558197 [INFO ] SYNC pps_local_us=65000154 unix_s=1780918293 drift_us=2 err_ns=9 holdover_ms=999 (pico_gnss pico-gnss-rs/src/main.rs:458)
72.613858 [INFO ] NMEA $GPVTG,218.15,T,,M,0.90,N,1.67,K,A*3B (pico_gnss pico-gnss-rs/src/main.rs:427)
72.643245 [INFO ] NMEA $GPZDA,113133.000,08,06,2026,,*5C (pico_gnss pico-gnss-rs/src/main.rs:427)
72.681730 [INFO ] NMEA $GPGST,113133.000,4.9,21,14,71.4,15,21,33*75 (pico_gnss pico-gnss-rs/src/main.rs:427)
72.827435 [INFO ] PPS count=67 interval_us=1000002 interval_ns=1000002352 state=Locked missed=0 (pico_gnss pico-gnss-rs/src/main.rs:180)
72.851744 [INFO ] PPSGEN count=68 interval_ns=1000002400 dev_ns=2400 phase_ns=24226568 hwphase_ns=24116464 (pico_gnss pico-gnss-rs/src/main.rs:271)
72.914609 [INFO ] TIME unix_ns=1780918294087309419 ppb=2375 holdover_ms=1087 locked=1 (pico_gnss pico-gnss-rs/src/main.rs:214)
73.060858 [INFO ] NMEA $GPGGA,113134.000,0000.0000,N,00000.0000,E,1,6,1.37,23.4,M,39.0,M,,*6A (pico_gnss pico-gnss-rs/src/main.rs:427)
73.117111 [INFO ] NMEA $GNGLL,0000.0000,N,00000.0000,E,113134.000,A,A*4D (pico_gnss pico-gnss-rs/src/main.rs:427)
73.175513 [INFO ] NMEA $GNGSA,A,3,23,12,20,24,10,,,,,,,,1.65,1.37,0.91*14 (pico_gnss pico-gnss-rs/src/main.rs:427)
73.205042 [INFO ] NMEA $GNGSA,A,3,73,,,,,,,,,,,,1.65,1.37,0.91*17 (pico_gnss pico-gnss-rs/src/main.rs:427)
73.292455 [INFO ] NMEA $GPGSV,4,1,14,23,63,216,16,12,60,124,26,10,54,295,18,24,45,049,22*74 (pico_gnss pico-gnss-rs/src/main.rs:427)
73.355087 [INFO ] NMEA $GPGSV,4,2,14,25,40,184,,15,29,113,,32,23,305,,28,08,251,*7A (pico_gnss pico-gnss-rs/src/main.rs:427)
73.413649 [INFO ] NMEA $GPGSV,4,3,14,20,06,110,18,19,02,058,24,18,01,208,,193,,,*7E (pico_gnss pico-gnss-rs/src/main.rs:427)
73.443026 [INFO ] NMEA $GPGSV,4,4,14,194,,,,195,,,*7D (pico_gnss pico-gnss-rs/src/main.rs:427)
73.530303 [INFO ] NMEA $GLGSV,2,1,08,74,78,197,,71,60,093,,72,50,340,,73,48,034,20*6D (pico_gnss pico-gnss-rs/src/main.rs:427)
73.588871 [INFO ] NMEA $GLGSV,2,2,08,75,23,208,,70,06,127,23,65,03,319,,88,01,312,*6A (pico_gnss pico-gnss-rs/src/main.rs:427)
73.651686 [INFO ] NMEA $GNRMC,113134.000,A,0000.0000,N,00000.0000,E,0.48,218.15,080626,,,A*73 (pico_gnss pico-gnss-rs/src/main.rs:427)
73.654265 [INFO ] SYNC pps_local_us=66000156 unix_s=1780918294 drift_us=2 err_ns=-22 holdover_ms=1000 (pico_gnss pico-gnss-rs/src/main.rs:458)
73.709981 [INFO ] NMEA $GPVTG,218.15,T,,M,0.48,N,0.90,K,A*37 (pico_gnss pico-gnss-rs/src/main.rs:427)
73.739280 [INFO ] NMEA $GPZDA,113134.000,08,06,2026,,*5B (pico_gnss pico-gnss-rs/src/main.rs:427)
73.774591 [INFO ] NMEA $GPGST,113134.000,4.9,20,14,71.1,15,19,32*7C (pico_gnss pico-gnss-rs/src/main.rs:427)
73.827431 [INFO ] PPS count=68 interval_us=1000002 interval_ns=1000002368 state=Locked missed=0 (pico_gnss pico-gnss-rs/src/main.rs:180)
73.851759 [INFO ] PPSGEN count=69 interval_ns=1000002384 dev_ns=2384 phase_ns=24234569 hwphase_ns=24116480 (pico_gnss pico-gnss-rs/src/main.rs:271)
73.915738 [INFO ] TIME unix_ns=1780918295088433416 ppb=2374 holdover_ms=1088 locked=1 (pico_gnss pico-gnss-rs/src/main.rs:214)
74.130772 [INFO ] NMEA $GPGGA,113135.000,0000.0000,N,00000.0000,E,1,6,1.37,23.4,M,39.0,M,,*6A (pico_gnss pico-gnss-rs/src/main.rs:427)
74.190099 [INFO ] NMEA $GNGLL,0000.0000,N,00000.0000,E,113135.000,A,A*4D (pico_gnss pico-gnss-rs/src/main.rs:427)
74.248499 [INFO ] NMEA $GNGSA,A,3,23,12,20,24,10,,,,,,,,1.65,1.37,0.91*14 (pico_gnss pico-gnss-rs/src/main.rs:427)
74.278178 [INFO ] NMEA $GNGSA,A,3,73,,,,,,,,,,,,1.65,1.37,0.91*17 (pico_gnss pico-gnss-rs/src/main.rs:427)
74.365516 [INFO ] NMEA $GPGSV,4,1,14,23,63,216,15,12,60,124,26,10,54,295,18,24,45,049,22*77 (pico_gnss pico-gnss-rs/src/main.rs:427)
74.428202 [INFO ] NMEA $GPGSV,4,2,14,25,40,184,,15,28,113,,32,23,305,,28,08,251,*7B (pico_gnss pico-gnss-rs/src/main.rs:427)
74.486736 [INFO ] NMEA $GPGSV,4,3,14,20,06,110,18,19,02,058,23,18,01,208,,193,,,*79 (pico_gnss pico-gnss-rs/src/main.rs:427)
74.516091 [INFO ] NMEA $GPGSV,4,4,14,194,,,,195,,,*7D (pico_gnss pico-gnss-rs/src/main.rs:427)
74.574588 [INFO ] NMEA $GLGSV,2,1,08,74,78,197,,71,60,093,,72,50,340,,73,48,034,20*6D (pico_gnss pico-gnss-rs/src/main.rs:427)
74.661980 [INFO ] NMEA $GLGSV,2,2,08,75,23,208,,70,06,127,23,65,03,319,,88,01,312,*6A (pico_gnss pico-gnss-rs/src/main.rs:427)
74.724766 [INFO ] NMEA $GNRMC,113135.000,A,0000.0000,N,00000.0000,E,0.53,218.15,080626,,,A*79 (pico_gnss pico-gnss-rs/src/main.rs:427)
74.727342 [INFO ] SYNC pps_local_us=67000159 unix_s=1780918295 drift_us=2 err_ns=-6 holdover_ms=1000 (pico_gnss pico-gnss-rs/src/main.rs:458)
74.782917 [INFO ] NMEA $GPVTG,218.15,T,,M,0.53,N,0.98,K,A*35 (pico_gnss pico-gnss-rs/src/main.rs:427)
74.812241 [INFO ] NMEA $GPZDA,113135.000,08,06,2026,,*5A (pico_gnss pico-gnss-rs/src/main.rs:427)
74.827435 [INFO ] PPS count=69 interval_us=1000002 interval_ns=1000002368 state=Locked missed=0 (pico_gnss pico-gnss-rs/src/main.rs:180)
74.841870 [INFO ] NMEA $GPGST,113135.000,5.0,20,15,72.0,15,20,31*7F (pico_gnss pico-gnss-rs/src/main.rs:427)
74.851801 [INFO ] PPSGEN count=70 interval_ns=1000002400 dev_ns=2400 phase_ns=24263569 hwphase_ns=24116512 (pico_gnss pico-gnss-rs/src/main.rs:271)
74.916893 [INFO ] TIME unix_ns=1780918296089563414 ppb=2374 holdover_ms=1089 locked=1 (pico_gnss pico-gnss-rs/src/main.rs:214)
75.201699 [INFO ] NMEA $GPGGA,113136.000,0000.0000,N,00000.0000,E,1,6,1.37,23.4,M,39.0,M,,*6E (pico_gnss pico-gnss-rs/src/main.rs:427)
75.264128 [INFO ] NMEA $GNGLL,0000.0000,N,00000.0000,E,113136.000,A,A*49 (pico_gnss pico-gnss-rs/src/main.rs:427)
75.322546 [INFO ] NMEA $GNGSA,A,3,23,12,20,24,10,,,,,,,,1.65,1.37,0.91*14 (pico_gnss pico-gnss-rs/src/main.rs:427)
75.352108 [INFO ] NMEA $GNGSA,A,3,73,,,,,,,,,,,,1.65,1.37,0.91*17 (pico_gnss pico-gnss-rs/src/main.rs:427)
75.439488 [INFO ] NMEA $GPGSV,4,1,14,23,63,216,15,12,60,124,26,10,54,295,18,24,45,049,22*77 (pico_gnss pico-gnss-rs/src/main.rs:427)
75.502124 [INFO ] NMEA $GPGSV,4,2,14,25,40,184,,15,28,113,,32,23,305,,28,08,251,*7B (pico_gnss pico-gnss-rs/src/main.rs:427)
75.560689 [INFO ] NMEA $GPGSV,4,3,14,20,06,110,18,19,02,058,23,18,01,208,,193,,,*79 (pico_gnss pico-gnss-rs/src/main.rs:427)
75.590050 [INFO ] NMEA $GPGSV,4,4,14,194,,,,195,,,*7D (pico_gnss pico-gnss-rs/src/main.rs:427)
75.648551 [INFO ] NMEA $GLGSV,2,1,08,74,78,197,,71,60,093,,72,50,340,,73,48,034,20*6D (pico_gnss pico-gnss-rs/src/main.rs:427)
75.735890 [INFO ] NMEA $GLGSV,2,2,08,75,23,208,,70,06,127,23,65,03,319,,88,01,312,*6A (pico_gnss pico-gnss-rs/src/main.rs:427)
75.798573 [INFO ] NMEA $GNRMC,113136.000,A,0000.0000,N,00000.0000,E,1.15,134.45,080626,,,A*76 (pico_gnss pico-gnss-rs/src/main.rs:427)
75.801154 [INFO ] SYNC pps_local_us=68000161 unix_s=1780918296 drift_us=2 err_ns=-6 holdover_ms=999 (pico_gnss pico-gnss-rs/src/main.rs:458)
75.827520 [INFO ] PPS count=70 interval_us=1000002 interval_ns=1000002368 state=Locked missed=0 (pico_gnss pico-gnss-rs/src/main.rs:180)
75.829578 [INFO ] NMEA $GPVTG,134.45,T,,M,1.15,N,2.13,K,A*3F (pico_gnss pico-gnss-rs/src/main.rs:427)
75.851904 [INFO ] PPSGEN count=71 interval_ns=1000002384 dev_ns=2384 phase_ns=24289569 hwphase_ns=24116528 (pico_gnss pico-gnss-rs/src/main.rs:271)
75.887065 [INFO ] NMEA $GPZDA,113136.000,08,06,2026,,*59 (pico_gnss pico-gnss-rs/src/main.rs:427)
75.915700 [INFO ] NMEA $GPGST,113136.000,5.1,20,15,72.5,15,20,32*7B (pico_gnss pico-gnss-rs/src/main.rs:427)
75.918124 [INFO ] TIME unix_ns=1780918297090707411 ppb=2374 holdover_ms=1090 locked=1 (pico_gnss pico-gnss-rs/src/main.rs:214)
76.160824 [INFO ] NMEA $GPGGA,113137.000,0000.0000,N,00000.0000,E,1,6,1.37,23.4,M,39.0,M,,*69 (pico_gnss pico-gnss-rs/src/main.rs:427)
76.226346 [INFO ] NMEA $GNGLL,0000.0000,N,00000.0000,E,113137.000,A,A*4E (pico_gnss pico-gnss-rs/src/main.rs:427)
76.256018 [INFO ] NMEA $GNGSA,A,3,23,12,20,24,10,,,,,,,,1.65,1.37,0.91*14 (pico_gnss pico-gnss-rs/src/main.rs:427)
76.314266 [INFO ] NMEA $GNGSA,A,3,73,,,,,,,,,,,,1.65,1.37,0.91*17 (pico_gnss pico-gnss-rs/src/main.rs:427)
76.401660 [INFO ] NMEA $GPGSV,4,1,14,23,63,216,15,12,60,124,26,10,54,295,18,24,45,049,22*77 (pico_gnss pico-gnss-rs/src/main.rs:427)
76.464360 [INFO ] NMEA $GPGSV,4,2,14,25,40,184,,15,28,113,,32,23,305,,28,08,251,*7B (pico_gnss pico-gnss-rs/src/main.rs:427)
76.522908 [INFO ] NMEA $GPGSV,4,3,14,20,06,110,18,19,02,058,23,18,01,208,,193,,,*79 (pico_gnss pico-gnss-rs/src/main.rs:427)
76.552273 [INFO ] NMEA $GPGSV,4,4,14,194,,,,195,,,*7D (pico_gnss pico-gnss-rs/src/main.rs:427)
76.610809 [INFO ] NMEA $GLGSV,2,1,08,74,78,197,,71,60,093,,72,50,340,,73,48,034,20*6D (pico_gnss pico-gnss-rs/src/main.rs:427)
76.698122 [INFO ] NMEA $GLGSV,2,2,08,75,23,208,,70,06,127,23,65,03,319,,88,01,312,*6A (pico_gnss pico-gnss-rs/src/main.rs:427)
76.760871 [INFO ] NMEA $GNRMC,113137.000,A,0000.0000,N,00000.0000,E,1.09,169.10,080626,,,A*74 (pico_gnss pico-gnss-rs/src/main.rs:427)
76.763448 [INFO ] SYNC pps_local_us=69000163 unix_s=1780918297 drift_us=2 err_ns=-5 holdover_ms=1000 (pico_gnss pico-gnss-rs/src/main.rs:458)
76.790533 [INFO ] NMEA $GPVTG,169.10,T,,M,1.09,N,2.02,K,A*3A (pico_gnss pico-gnss-rs/src/main.rs:427)
76.827445 [INFO ] PPS count=71 interval_us=1000002 interval_ns=1000002368 state=Locked missed=0 (pico_gnss pico-gnss-rs/src/main.rs:180)
76.848502 [INFO ] NMEA $GPZDA,113137.000,08,06,2026,,*58 (pico_gnss pico-gnss-rs/src/main.rs:427)
76.851817 [INFO ] PPSGEN count=72 interval_ns=1000002400 dev_ns=2400 phase_ns=24194569 hwphase_ns=24116560 (pico_gnss pico-gnss-rs/src/main.rs:271)
76.875100 [INFO ] NMEA $GPGST,113137.000,5.2,20,15,73.4,15,20,31*7A (pico_gnss pico-gnss-rs/src/main.rs:427)
76.919354 [INFO ] TIME unix_ns=1780918298091875409 ppb=2374 holdover_ms=1091 locked=1 (pico_gnss pico-gnss-rs/src/main.rs:214)
77.087615 [INFO ] NMEA $GPGGA,113138.000,0000.0000,N,00000.0000,E,1,6,1.38,23.5,M,39.0,M,,*6D (pico_gnss pico-gnss-rs/src/main.rs:427)
77.127460 [INFO ] NMEA $GNGLL,0000.0000,N,00000.0000,E,113138.000,A,A*44 (pico_gnss pico-gnss-rs/src/main.rs:427)
77.185889 [INFO ] NMEA $GNGSA,A,3,23,12,20,24,10,,,,,,,,1.65,1.38,0.91*1B (pico_gnss pico-gnss-rs/src/main.rs:427)
77.244139 [INFO ] NMEA $GNGSA,A,3,73,,,,,,,,,,,,1.65,1.38,0.91*18 (pico_gnss pico-gnss-rs/src/main.rs:427)
77.302852 [INFO ] NMEA $GPGSV,4,1,14,23,63,216,15,12,60,124,26,10,54,295,18,24,45,049,22*77 (pico_gnss pico-gnss-rs/src/main.rs:427)
77.390076 [INFO ] NMEA $GPGSV,4,2,14,25,40,184,,15,28,113,,32,23,305,,28,08,251,*7B (pico_gnss pico-gnss-rs/src/main.rs:427)
77.452826 [INFO ] NMEA $GPGSV,4,3,14,20,06,110,18,19,02,058,23,18,01,208,,193,,,*79 (pico_gnss pico-gnss-rs/src/main.rs:427)
77.482135 [INFO ] NMEA $GPGSV,4,4,14,194,,,,195,,,*7D (pico_gnss pico-gnss-rs/src/main.rs:427)
77.540676 [INFO ] NMEA $GLGSV,2,1,08,74,78,197,,71,60,093,,72,50,340,,73,48,034,20*6D (pico_gnss pico-gnss-rs/src/main.rs:427)
77.599250 [INFO ] NMEA $GLGSV,2,2,08,75,23,208,,70,06,127,23,65,03,319,,88,01,312,*6A (pico_gnss pico-gnss-rs/src/main.rs:427)
77.690849 [INFO ] NMEA $GNRMC,113138.000,A,0000.0000,N,00000.0000,E,1.27,145.78,080626,,,A*72 (pico_gnss pico-gnss-rs/src/main.rs:427)
77.693437 [INFO ] SYNC pps_local_us=70000166 unix_s=1780918298 drift_us=2 err_ns=-5 holdover_ms=999 (pico_gnss pico-gnss-rs/src/main.rs:458)
77.720617 [INFO ] NMEA $GPVTG,145.78,T,,M,1.27,N,2.36,K,A*31 (pico_gnss pico-gnss-rs/src/main.rs:427)
77.749703 [INFO ] NMEA $GPZDA,113138.000,08,06,2026,,*57 (pico_gnss pico-gnss-rs/src/main.rs:427)
77.801677 [INFO ] NMEA $GPGST,113138.000,5.3,21,15,73.4,16,21,33*75 (pico_gnss pico-gnss-rs/src/main.rs:427)
77.827432 [INFO ] PPS count=72 interval_us=1000002 interval_ns=1000002368 state=Locked missed=0 (pico_gnss pico-gnss-rs/src/main.rs:180)
77.851765 [INFO ] PPSGEN count=73 interval_ns=1000002384 dev_ns=2384 phase_ns=24252569 hwphase_ns=24116576 (pico_gnss pico-gnss-rs/src/main.rs:271)
77.920509 [INFO ] TIME unix_ns=1780918299093192406 ppb=2374 holdover_ms=1093 locked=1 (pico_gnss pico-gnss-rs/src/main.rs:214)
78.115964 [INFO ] NMEA $GPGGA,113139.000,0000.0000,N,00000.0000,E,1,6,1.37,23.5,M,39.0,M,,*69 (pico_gnss pico-gnss-rs/src/main.rs:427)
78.158842 [INFO ] NMEA $GNGLL,0000.0000,N,00000.0000,E,113139.000,A,A*4F (pico_gnss pico-gnss-rs/src/main.rs:427)
78.217256 [INFO ] NMEA $GNGSA,A,3,23,12,20,24,10,,,,,,,,1.65,1.37,0.91*14 (pico_gnss pico-gnss-rs/src/main.rs:427)
78.275484 [INFO ] NMEA $GNGSA,A,3,73,,,,,,,,,,,,1.65,1.37,0.91*17 (pico_gnss pico-gnss-rs/src/main.rs:427)
78.334185 [INFO ] NMEA $GPGSV,4,1,14,23,63,216,15,12,60,124,26,10,54,295,18,24,45,049,22*77 (pico_gnss pico-gnss-rs/src/main.rs:427)
78.421398 [INFO ] NMEA $GPGSV,4,2,14,25,40,184,,15,28,113,,32,23,305,,28,08,251,*7B (pico_gnss pico-gnss-rs/src/main.rs:427)
78.484180 [INFO ] NMEA $GPGSV,4,3,14,20,06,110,18,19,02,057,23,18,01,208,,193,,,*76 (pico_gnss pico-gnss-rs/src/main.rs:427)
78.513541 [INFO ] NMEA $GPGSV,4,4,14,194,,,,195,,,*7D (pico_gnss pico-gnss-rs/src/main.rs:427)
78.572039 [INFO ] NMEA $GLGSV,2,1,08,74,78,197,,71,60,093,,72,50,340,,73,48,034,20*6D (pico_gnss pico-gnss-rs/src/main.rs:427)
78.630649 [INFO ] NMEA $GLGSV,2,2,08,75,23,208,,70,06,127,23,65,03,319,,88,01,312,*6A (pico_gnss pico-gnss-rs/src/main.rs:427)
78.722208 [INFO ] NMEA $GNRMC,113139.000,A,0000.0000,N,00000.0000,E,1.40,100.39,080626,,,A*7C (pico_gnss pico-gnss-rs/src/main.rs:427)
78.724793 [INFO ] SYNC pps_local_us=71000168 unix_s=1780918299 drift_us=2 err_ns=-5 holdover_ms=1000 (pico_gnss pico-gnss-rs/src/main.rs:458)
78.751899 [INFO ] NMEA $GPVTG,100.39,T,,M,1.40,N,2.59,K,A*3D (pico_gnss pico-gnss-rs/src/main.rs:427)
78.780964 [INFO ] NMEA $GPZDA,113139.000,08,06,2026,,*56 (pico_gnss pico-gnss-rs/src/main.rs:427)
78.827443 [INFO ] PPS count=73 interval_us=1000002 interval_ns=1000002384 state=Locked missed=0 (pico_gnss pico-gnss-rs/src/main.rs:180)
78.830099 [INFO ] NMEA $GPGST,113139.000,5.5,22,15,73.8,16,21,33*7D (pico_gnss pico-gnss-rs/src/main.rs:427)
78.834204 [INFO ] PPSGEN count=74 interval_ns=982379312 dev_ns=-17620688 phase_ns=6647611 hwphase_ns=6493504 (pico_gnss pico-gnss-rs/src/main.rs:271)
78.921674 [INFO ] TIME unix_ns=1780918300094331403 ppb=2374 holdover_ms=1094 locked=1 (pico_gnss pico-gnss-rs/src/main.rs:214)
79.183855 [INFO ] NMEA $GPGGA,113140.000,0000.0000,N,00000.0000,E,1,6,1.37,23.4,M,39.0,M,,*66 (pico_gnss pico-gnss-rs/src/main.rs:427)
79.229853 [INFO ] NMEA $GNGLL,0000.0000,N,00000.0000,E,113140.000,A,A*41 (pico_gnss pico-gnss-rs/src/main.rs:427)
79.288260 [INFO ] NMEA $GNGSA,A,3,23,12,20,24,10,,,,,,,,1.65,1.37,0.91*14 (pico_gnss pico-gnss-rs/src/main.rs:427)
79.346489 [INFO ] NMEA $GNGSA,A,3,73,,,,,,,,,,,,1.65,1.37,0.91*17 (pico_gnss pico-gnss-rs/src/main.rs:427)
79.405172 [INFO ] NMEA $GPGSV,4,1,14,23,63,216,15,12,60,124,26,10,54,295,18,24,45,049,22*77 (pico_gnss pico-gnss-rs/src/main.rs:427)
79.463780 [INFO ] NMEA $GPGSV,4,2,14,25,40,184,,15,28,113,,32,23,305,,28,08,251,*7B (pico_gnss pico-gnss-rs/src/main.rs:427)
79.526465 [INFO ] NMEA $GPGSV,4,3,14,20,06,111,18,19,02,057,23,18,01,208,,193,,,*77 (pico_gnss pico-gnss-rs/src/main.rs:427)
79.584584 [INFO ] NMEA $GPGSV,4,4,14,194,,,,195,,,*7D (pico_gnss pico-gnss-rs/src/main.rs:427)
79.643146 [INFO ] NMEA $GLGSV,2,1,08,74,78,197,,71,60,093,,72,50,340,,73,48,034,20*6D (pico_gnss pico-gnss-rs/src/main.rs:427)
79.701729 [INFO ] NMEA $GLGSV,2,2,08,75,23,208,,70,06,127,23,65,03,319,,88,01,312,*6A (pico_gnss pico-gnss-rs/src/main.rs:427)
79.793141 [INFO ] NMEA $GNRMC,113140.000,A,0000.0000,N,00000.0000,E,1.16,59.87,080626,,,A*49 (pico_gnss pico-gnss-rs/src/main.rs:427)
79.795698 [INFO ] SYNC pps_local_us=72000171 unix_s=1780918300 drift_us=2 err_ns=11 holdover_ms=999 (pico_gnss pico-gnss-rs/src/main.rs:458)
79.822818 [INFO ] NMEA $GPVTG,59.87,T,,M,1.16,N,2.14,K,A*0F (pico_gnss pico-gnss-rs/src/main.rs:427)
79.827454 [INFO ] PPS count=74 interval_us=1000002 interval_ns=1000002352 state=Locked missed=0 (pico_gnss pico-gnss-rs/src/main.rs:180)
79.834131 [INFO ] PPSGEN count=75 interval_ns=1000002384 dev_ns=2384 phase_ns=6620612 hwphase_ns=6493536 (pico_gnss pico-gnss-rs/src/main.rs:271)
79.852211 [INFO ] NMEA $GPZDA,113140.000,08,06,2026,,*58 (pico_gnss pico-gnss-rs/src/main.rs:427)
79.895546 [INFO ] NMEA $GPGST,113140.000,5.8,22,15,73.8,16,21,33*7E (pico_gnss pico-gnss-rs/src/main.rs:427)
79.922904 [INFO ] TIME unix_ns=1780918301095471401 ppb=2373 holdover_ms=1095 locked=1 (pico_gnss pico-gnss-rs/src/main.rs:214)
80.143851 [INFO ] NMEA $GPGGA,113141.000,0000.0000,N,00000.0000,E,1,6,1.37,23.4,M,39.0,M,,*6B (pico_gnss pico-gnss-rs/src/main.rs:427)
80.195015 [INFO ] NMEA $GNGLL,0000.0000,N,00000.0000,E,113141.000,A,A*4C (pico_gnss pico-gnss-rs/src/main.rs:427)
80.253382 [INFO ] NMEA $GNGSA,A,3,23,12,20,24,10,,,,,,,,1.65,1.37,0.91*14 (pico_gnss pico-gnss-rs/src/main.rs:427)
80.311626 [INFO ] NMEA $GNGSA,A,3,73,,,,,,,,,,,,1.65,1.37,0.91*17 (pico_gnss pico-gnss-rs/src/main.rs:427)
80.370314 [INFO ] NMEA $GPGSV,4,1,14,23,63,216,15,12,60,124,26,10,54,295,18,24,45,049,22*77 (pico_gnss pico-gnss-rs/src/main.rs:427)
80.428993 [INFO ] NMEA $GPGSV,4,2,14,25,40,184,,15,28,113,,32,23,305,,28,08,251,*7B (pico_gnss pico-gnss-rs/src/main.rs:427)
80.491643 [INFO ] NMEA $GPGSV,4,3,14,20,06,111,18,19,02,057,23,18,01,208,,193,,,*77 (pico_gnss pico-gnss-rs/src/main.rs:427)
80.520996 [INFO ] NMEA $GPGSV,4,4,14,194,,,,195,,,*7D (pico_gnss pico-gnss-rs/src/main.rs:427)
80.608290 [INFO ] NMEA $GLGSV,2,1,08,74,78,197,,71,60,093,,72,50,340,,73,48,034,20*6D (pico_gnss pico-gnss-rs/src/main.rs:427)
80.666887 [INFO ] NMEA $GLGSV,2,2,08,75,23,208,,70,06,127,23,65,03,319,,88,01,312,*6A (pico_gnss pico-gnss-rs/src/main.rs:427)
80.729635 [INFO ] NMEA $GNRMC,113141.000,A,0000.0000,N,00000.0000,E,1.25,98.63,080626,,,A*43 (pico_gnss pico-gnss-rs/src/main.rs:427)
80.732209 [INFO ] SYNC pps_local_us=73000173 unix_s=1780918301 drift_us=2 err_ns=-21 holdover_ms=1000 (pico_gnss pico-gnss-rs/src/main.rs:458)
80.787761 [INFO ] NMEA $GPVTG,98.63,T,,M,1.25,N,2.32,K,A*0C (pico_gnss pico-gnss-rs/src/main.rs:427)
80.817090 [INFO ] NMEA $GPZDA,113141.000,08,06,2026,,*59 (pico_gnss pico-gnss-rs/src/main.rs:427)
80.827466 [INFO ] PPS count=75 interval_us=1000002 interval_ns=1000002368 state=Locked missed=0 (pico_gnss pico-gnss-rs/src/main.rs:180)
80.834160 [INFO ] PPSGEN count=76 interval_ns=1000002400 dev_ns=2400 phase_ns=6599612 hwphase_ns=6493568 (pico_gnss pico-gnss-rs/src/main.rs:271)
80.855604 [INFO ] NMEA $GPGST,113141.000,5.8,22,15,74.0,16,21,33*70 (pico_gnss pico-gnss-rs/src/main.rs:427)
80.924158 [INFO ] TIME unix_ns=1780918302096701398 ppb=2373 holdover_ms=1096 locked=1 (pico_gnss pico-gnss-rs/src/main.rs:214)
81.072651 [INFO ] NMEA $GPGGA,113142.000,0000.0000,N,00000.0000,E,1,6,1.37,23.3,M,39.0,M,,*68 (pico_gnss pico-gnss-rs/src/main.rs:427)
81.128970 [INFO ] NMEA $GNGLL,0000.0000,N,00000.0000,E,113142.000,A,A*48 (pico_gnss pico-gnss-rs/src/main.rs:427)
81.187342 [INFO ] NMEA $GNGSA,A,3,23,12,20,24,10,,,,,,,,1.65,1.37,0.91*14 (pico_gnss pico-gnss-rs/src/main.rs:427)
81.216875 [INFO ] NMEA $GNGSA,A,3,73,,,,,,,,,,,,1.65,1.37,0.91*17 (pico_gnss pico-gnss-rs/src/main.rs:427)
81.304268 [INFO ] NMEA $GPGSV,4,1,14,23,63,216,15,12,60,124,26,10,54,295,18,24,45,049,22*77 (pico_gnss pico-gnss-rs/src/main.rs:427)
81.362826 [INFO ] NMEA $GPGSV,4,2,14,25,40,184,,15,28,113,,32,23,305,,28,08,251,*7B (pico_gnss pico-gnss-rs/src/main.rs:427)
81.425442 [INFO ] NMEA $GPGSV,4,3,14,20,06,111,18,19,02,057,23,18,01,208,,193,,,*77 (pico_gnss pico-gnss-rs/src/main.rs:427)
81.454855 [INFO ] NMEA $GPGSV,4,4,14,194,,,,195,,,*7D (pico_gnss pico-gnss-rs/src/main.rs:427)
81.542110 [INFO ] NMEA $GLGSV,2,1,08,74,78,197,,71,60,093,,72,50,340,,73,48,034,20*6D (pico_gnss pico-gnss-rs/src/main.rs:427)
81.600702 [INFO ] NMEA $GLGSV,2,2,08,75,23,208,,70,06,127,23,65,03,319,,88,01,312,*6A (pico_gnss pico-gnss-rs/src/main.rs:427)
81.663500 [INFO ] NMEA $GNRMC,113142.000,A,0000.0000,N,00000.0000,E,0.36,98.63,080626,,,A*44 (pico_gnss pico-gnss-rs/src/main.rs:427)
81.666075 [INFO ] SYNC pps_local_us=74000175 unix_s=1780918302 drift_us=2 err_ns=-5 holdover_ms=999 (pico_gnss pico-gnss-rs/src/main.rs:458)
81.721732 [INFO ] NMEA $GPVTG,98.63,T,,M,0.36,N,0.66,K,A*0C (pico_gnss pico-gnss-rs/src/main.rs:427)
81.751042 [INFO ] NMEA $GPZDA,113142.000,08,06,2026,,*5A (pico_gnss pico-gnss-rs/src/main.rs:427)
81.780461 [INFO ] NMEA $GPGST,113142.000,5.8,22,15,73.5,16,21,33*71 (pico_gnss pico-gnss-rs/src/main.rs:427)
81.827457 [INFO ] PPS count=76 interval_us=1000002 interval_ns=1000002368 state=Locked missed=0 (pico_gnss pico-gnss-rs/src/main.rs:180)
81.834160 [INFO ] PPSGEN count=77 interval_ns=1000002384 dev_ns=2384 phase_ns=6617612 hwphase_ns=6493584 (pico_gnss pico-gnss-rs/src/main.rs:271)
81.925314 [INFO ] TIME unix_ns=1780918303097976395 ppb=2373 holdover_ms=1097 locked=1 (pico_gnss pico-gnss-rs/src/main.rs:214)
82.112850 [INFO ] NMEA $GPGGA,113143.000,0000.0000,N,00000.0000,E,1,6,1.37,23.3,M,39.0,M,,*6B (pico_gnss pico-gnss-rs/src/main.rs:427)
82.174204 [INFO ] NMEA $GNGLL,0000.0000,N,00000.0000,E,113143.000,A,A*4B (pico_gnss pico-gnss-rs/src/main.rs:427)
82.232615 [INFO ] NMEA $GNGSA,A,3,23,12,20,24,10,,,,,,,,1.65,1.37,0.91*14 (pico_gnss pico-gnss-rs/src/main.rs:427)
82.262184 [INFO ] NMEA $GNGSA,A,3,73,,,,,,,,,,,,1.65,1.37,0.91*17 (pico_gnss pico-gnss-rs/src/main.rs:427)
82.349544 [INFO ] NMEA $GPGSV,4,1,14,23,62,215,15,12,60,124,26,10,54,295,18,24,45,049,23*74 (pico_gnss pico-gnss-rs/src/main.rs:427)
82.408095 [INFO ] NMEA $GPGSV,4,2,14,25,40,184,,15,28,113,,32,23,305,,28,08,251,*7B (pico_gnss pico-gnss-rs/src/main.rs:427)
82.470733 [INFO ] NMEA $GPGSV,4,3,14,20,06,111,18,19,02,057,22,18,01,208,,193,,,*76 (pico_gnss pico-gnss-rs/src/main.rs:427)
82.500125 [INFO ] NMEA $GPGSV,4,4,14,194,,,,195,,,*7D (pico_gnss pico-gnss-rs/src/main.rs:427)
82.558608 [INFO ] NMEA $GLGSV,2,1,08,74,78,197,,71,60,093,,72,50,340,,73,48,034,20*6D (pico_gnss pico-gnss-rs/src/main.rs:427)
82.646007 [INFO ] NMEA $GLGSV,2,2,08,75,23,208,,70,06,127,23,65,03,319,,88,01,312,*6A (pico_gnss pico-gnss-rs/src/main.rs:427)
82.708791 [INFO ] NMEA $GNRMC,113143.000,A,0000.0000,N,00000.0000,E,0.93,166.23,080626,,,A*7C (pico_gnss pico-gnss-rs/src/main.rs:427)
82.711370 [INFO ] SYNC pps_local_us=75000178 unix_s=1780918303 drift_us=2 err_ns=-4 holdover_ms=999 (pico_gnss pico-gnss-rs/src/main.rs:458)
82.738501 [INFO ] NMEA $GPVTG,166.23,T,,M,0.93,N,1.72,K,A*33 (pico_gnss pico-gnss-rs/src/main.rs:427)
82.796209 [INFO ] NMEA $GPZDA,113143.000,08,06,2026,,*5B (pico_gnss pico-gnss-rs/src/main.rs:427)
82.827478 [INFO ] PPS count=77 interval_us=1000002 interval_ns=1000002368 state=Locked missed=0 (pico_gnss pico-gnss-rs/src/main.rs:180)
82.828492 [INFO ] NMEA $GPGST,113143.000,5.8,22,16,74.7,16,21,33*76 (pico_gnss pico-gnss-rs/src/main.rs:427)
82.834222 [INFO ] PPSGEN count=78 interval_ns=1000002400 dev_ns=2400 phase_ns=6680612 hwphase_ns=6493616 (pico_gnss pico-gnss-rs/src/main.rs:271)
82.926473 [INFO ] TIME unix_ns=1780918304099138393 ppb=2373 holdover_ms=1099 locked=1 (pico_gnss pico-gnss-rs/src/main.rs:214)
83.180925 [INFO ] NMEA $GPGGA,113144.000,0000.0000,N,00000.0000,E,1,6,1.37,23.3,M,39.0,M,,*6D (pico_gnss pico-gnss-rs/src/main.rs:427)
83.245433 [INFO ] NMEA $GNGLL,0000.0000,N,00000.0000,E,113144.000,A,A*4D (pico_gnss pico-gnss-rs/src/main.rs:427)
83.275155 [INFO ] NMEA $GNGSA,A,3,23,12,20,24,10,,,,,,,,1.65,1.37,0.91*14 (pico_gnss pico-gnss-rs/src/main.rs:427)
83.333360 [INFO ] NMEA $GNGSA,A,3,73,,,,,,,,,,,,1.65,1.37,0.91*17 (pico_gnss pico-gnss-rs/src/main.rs:427)
83.420789 [INFO ] NMEA $GPGSV,4,1,14,23,62,215,14,12,60,124,26,10,54,295,18,24,45,050,23*7D (pico_gnss pico-gnss-rs/src/main.rs:427)
83.479380 [INFO ] NMEA $GPGSV,4,2,14,25,40,184,,15,28,113,,32,23,305,,28,08,251,*7B (pico_gnss pico-gnss-rs/src/main.rs:427)
83.541979 [INFO ] NMEA $GPGSV,4,3,14,20,06,111,18,19,02,057,22,18,01,208,,193,,,*76 (pico_gnss pico-gnss-rs/src/main.rs:427)
83.571384 [INFO ] NMEA $GPGSV,4,4,14,194,,,,195,,,*7D (pico_gnss pico-gnss-rs/src/main.rs:427)
83.629908 [INFO ] NMEA $GLGSV,2,1,08,74,78,197,,71,60,093,,72,50,340,,73,48,034,19*67 (pico_gnss pico-gnss-rs/src/main.rs:427)
83.717242 [INFO ] NMEA $GLGSV,2,2,08,75,23,208,,70,06,127,23,65,03,319,,88,01,312,*6A (pico_gnss pico-gnss-rs/src/main.rs:427)
83.779944 [INFO ] NMEA $GNRMC,113144.000,A,0000.0000,N,00000.0000,E,0.74,165.01,080626,,,A*70 (pico_gnss pico-gnss-rs/src/main.rs:427)
83.782538 [INFO ] SYNC pps_local_us=76000180 unix_s=1780918304 drift_us=2 err_ns=-4 holdover_ms=1000 (pico_gnss pico-gnss-rs/src/main.rs:458)
83.809619 [INFO ] NMEA $GPVTG,165.01,T,,M,0.74,N,1.38,K,A*37 (pico_gnss pico-gnss-rs/src/main.rs:427)
83.827479 [INFO ] PPS count=78 interval_us=1000002 interval_ns=1000002368 state=Locked missed=0 (pico_gnss pico-gnss-rs/src/main.rs:180)
83.834233 [INFO ] PPSGEN count=79 interval_ns=1000002384 dev_ns=2384 phase_ns=6607612 hwphase_ns=6493632 (pico_gnss pico-gnss-rs/src/main.rs:271)
83.867405 [INFO ] NMEA $GPZDA,113144.000,08,06,2026,,*5C (pico_gnss pico-gnss-rs/src/main.rs:427)
83.894971 [INFO ] NMEA $GPGST,113144.000,5.8,22,16,73.7,16,22,33*75 (pico_gnss pico-gnss-rs/src/main.rs:427)
83.927709 [INFO ] TIME unix_ns=1780918305100242390 ppb=2373 holdover_ms=1100 locked=1 (pico_gnss pico-gnss-rs/src/main.rs:214)
84.200812 [INFO ] NMEA $GPGGA,113145.000,0000.0000,N,00000.0000,E,1,6,1.37,23.2,M,39.0,M,,*6F (pico_gnss pico-gnss-rs/src/main.rs:427)
84.268400 [INFO ] NMEA $GNGLL,0000.0000,N,00000.0000,E,113145.000,A,A*4E (pico_gnss pico-gnss-rs/src/main.rs:427)
84.298122 [INFO ] NMEA $GNGSA,A,3,23,12,20,24,10,,,,,,,,1.65,1.37,0.91*14 (pico_gnss pico-gnss-rs/src/main.rs:427)
84.356322 [INFO ] NMEA $GNGSA,A,3,73,,,,,,,,,,,,1.65,1.37,0.91*17 (pico_gnss pico-gnss-rs/src/main.rs:427)
84.415020 [INFO ] NMEA $GPGSV,4,1,14,23,62,215,14,12,60,124,26,10,54,295,18,24,45,050,23*7D (pico_gnss pico-gnss-rs/src/main.rs:427)
84.502326 [INFO ] NMEA $GPGSV,4,2,14,25,41,184,,15,28,113,,32,23,305,,28,08,251,*7A (pico_gnss pico-gnss-rs/src/main.rs:427)
84.565000 [INFO ] NMEA $GPGSV,4,3,14,20,06,111,18,19,02,057,22,18,01,208,,193,,,*76 (pico_gnss pico-gnss-rs/src/main.rs:427)
84.594345 [INFO ] NMEA $GPGSV,4,4,14,194,,,,195,,,*7D (pico_gnss pico-gnss-rs/src/main.rs:427)
84.652867 [INFO ] NMEA $GLGSV,2,1,08,74,78,197,,71,60,093,,72,50,340,,73,48,034,20*6D (pico_gnss pico-gnss-rs/src/main.rs:427)
84.711447 [INFO ] NMEA $GLGSV,2,2,08,75,23,208,,70,06,127,23,65,03,319,,88,01,312,*6A (pico_gnss pico-gnss-rs/src/main.rs:427)
84.802840 [INFO ] NMEA $GNRMC,113145.000,A,0000.0000,N,00000.0000,E,0.70,98.99,080626,,,A*45 (pico_gnss pico-gnss-rs/src/main.rs:427)
84.805404 [INFO ] SYNC pps_local_us=77000182 unix_s=1780918305 drift_us=2 err_ns=-4 holdover_ms=1000 (pico_gnss pico-gnss-rs/src/main.rs:458)
84.827519 [INFO ] PPS count=79 interval_us=1000002 interval_ns=1000002368 state=Locked missed=0 (pico_gnss pico-gnss-rs/src/main.rs:180)
84.832612 [INFO ] NMEA $GPVTG,98.99,T,,M,0.70,N,1.29,K,A*01 (pico_gnss pico-gnss-rs/src/main.rs:427)
84.834257 [INFO ] PPSGEN count=80 interval_ns=1000002400 dev_ns=2400 phase_ns=6711612 hwphase_ns=6493664 (pico_gnss pico-gnss-rs/src/main.rs:271)
84.861771 [INFO ] NMEA $GPZDA,113145.000,08,06,2026,,*5D (pico_gnss pico-gnss-rs/src/main.rs:427)
84.912546 [INFO ] NMEA $GPGST,113145.000,5.8,22,16,71.9,16,22,34*7F (pico_gnss pico-gnss-rs/src/main.rs:427)
84.928944 [INFO ] TIME unix_ns=1780918306101475387 ppb=2372 holdover_ms=1101 locked=1 (pico_gnss pico-gnss-rs/src/main.rs:214)
85.166954 [INFO ] NMEA $GPGGA,113146.000,0000.0000,N,00000.0000,E,1,6,1.37,23.2,M,39.0,M,,*62 (pico_gnss pico-gnss-rs/src/main.rs:427)
85.225254 [INFO ] NMEA $GNGLL,0000.0000,N,00000.0000,E,113146.000,A,A*43 (pico_gnss pico-gnss-rs/src/main.rs:427)
85.269322 [INFO ] NMEA $GNGSA,A,3,23,12,20,24,10,,,,,,,,1.65,1.37,0.91*14 (pico_gnss pico-gnss-rs/src/main.rs:427)
85.327530 [INFO ] NMEA $GNGSA,A,3,73,,,,,,,,,,,,1.65,1.37,0.91*17 (pico_gnss pico-gnss-rs/src/main.rs:427)
85.386238 [INFO ] NMEA $GPGSV,4,1,14,23,62,215,15,12,60,124,26,10,54,295,18,24,45,050,23*7C (pico_gnss pico-gnss-rs/src/main.rs:427)
85.473574 [INFO ] NMEA $GPGSV,4,2,14,25,41,184,,15,28,113,17,32,23,305,,28,08,251,*7C (pico_gnss pico-gnss-rs/src/main.rs:427)
85.536345 [INFO ] NMEA $GPGSV,4,3,14,20,06,111,18,19,02,057,22,18,01,208,,193,,,*76 (pico_gnss pico-gnss-rs/src/main.rs:427)
85.565727 [INFO ] NMEA $GPGSV,4,4,14,194,,,,195,,,*7D (pico_gnss pico-gnss-rs/src/main.rs:427)
85.624232 [INFO ] NMEA $GLGSV,2,1,08,74,78,197,,71,60,093,,72,50,340,,73,48,034,20*6D (pico_gnss pico-gnss-rs/src/main.rs:427)
85.682826 [INFO ] NMEA $GLGSV,2,2,08,75,23,208,,70,06,127,23,65,03,319,,88,01,312,*6A (pico_gnss pico-gnss-rs/src/main.rs:427)
85.774256 [INFO ] NMEA $GNRMC,113146.000,A,0000.0000,N,00000.0000,E,1.08,63.29,080626,,,A*49 (pico_gnss pico-gnss-rs/src/main.rs:427)
85.776841 [INFO ] SYNC pps_local_us=78000185 unix_s=1780918306 drift_us=2 err_ns=-4 holdover_ms=1000 (pico_gnss pico-gnss-rs/src/main.rs:458)
85.803927 [INFO ] NMEA $GPVTG,63.29,T,,M,1.08,N,2.00,K,A*08 (pico_gnss pico-gnss-rs/src/main.rs:427)
85.827479 [INFO ] PPS count=80 interval_us=1000002 interval_ns=1000002368 state=Locked missed=0 (pico_gnss pico-gnss-rs/src/main.rs:180)
85.833200 [INFO ] NMEA $GPZDA,113146.000,08,06,2026,,*5E (pico_gnss pico-gnss-rs/src/main.rs:427)
85.834813 [INFO ] PPSGEN count=81 interval_ns=1000002384 dev_ns=2384 phase_ns=7205611 hwphase_ns=6493680 (pico_gnss pico-gnss-rs/src/main.rs:271)
85.880874 [INFO ] NMEA $GPGST,113146.000,6.2,22,16,72.9,16,21,33*72 (pico_gnss pico-gnss-rs/src/main.rs:427)
85.930187 [INFO ] TIME unix_ns=1780918307102674385 ppb=2372 holdover_ms=1102 locked=1 (pico_gnss pico-gnss-rs/src/main.rs:214)
86.146719 [INFO ] NMEA $GPGGA,113147.000,0000.0000,N,00000.0000,E,1,6,1.37,23.1,M,39.0,M,,*61 (pico_gnss pico-gnss-rs/src/main.rs:427)
86.205058 [INFO ] NMEA $GNGLL,0000.0000,N,00000.0000,E,113147.000,A,A*43 (pico_gnss pico-gnss-rs/src/main.rs:427)
86.252138 [INFO ] NMEA $GNGSA,A,3,23,12,20,24,10,,,,,,,,1.65,1.37,0.91*14 (pico_gnss pico-gnss-rs/src/main.rs:427)
86.310427 [INFO ] NMEA $GNGSA,A,3,73,,,,,,,,,,,,1.65,1.37,0.91*17 (pico_gnss pico-gnss-rs/src/main.rs:427)
86.369075 [INFO ] NMEA $GPGSV,4,1,14,23,62,215,16,12,60,124,26,10,54,295,18,24,45,050,23*7F (pico_gnss pico-gnss-rs/src/main.rs:427)
86.427674 [INFO ] NMEA $GPGSV,4,2,14,25,41,184,,15,28,113,17,32,23,305,,28,08,251,*7C (pico_gnss pico-gnss-rs/src/main.rs:427)
86.519070 [INFO ] NMEA $GPGSV,4,3,14,20,06,111,18,19,02,057,22,18,01,208,,193,,,*76 (pico_gnss pico-gnss-rs/src/main.rs:427)
86.548479 [INFO ] NMEA $GPGSV,4,4,14,194,,,,195,,,*7D (pico_gnss pico-gnss-rs/src/main.rs:427)
86.606967 [INFO ] NMEA $GLGSV,2,1,08,74,78,197,,71,60,093,,72,50,340,,73,48,034,20*6D (pico_gnss pico-gnss-rs/src/main.rs:427)
86.665589 [INFO ] NMEA $GLGSV,2,2,08,75,23,208,,70,06,127,23,65,03,319,,88,01,312,*6A (pico_gnss pico-gnss-rs/src/main.rs:427)
86.757060 [INFO ] NMEA $GNRMC,113147.000,A,0000.0000,N,00000.0000,E,0.27,63.29,080626,,,A*45 (pico_gnss pico-gnss-rs/src/main.rs:427)
86.759615 [INFO ] SYNC pps_local_us=79000187 unix_s=1780918307 drift_us=2 err_ns=-4 holdover_ms=999 (pico_gnss pico-gnss-rs/src/main.rs:458)
86.786731 [INFO ] NMEA $GPVTG,63.29,T,,M,0.27,N,0.49,K,A*0B (pico_gnss pico-gnss-rs/src/main.rs:427)
86.815841 [INFO ] NMEA $GPZDA,113147.000,08,06,2026,,*5F (pico_gnss pico-gnss-rs/src/main.rs:427)
86.825088 [INFO ] PPSGEN count=82 interval_ns=990902336 dev_ns=-9097664 phase_ns=-2476366 hwphase_ns=-2603984 (pico_gnss pico-gnss-rs/src/main.rs:271)
86.827420 [INFO ] PPS count=81 interval_us=1000002 interval_ns=1000002368 state=Locked missed=0 (pico_gnss pico-gnss-rs/src/main.rs:180)
86.860593 [INFO ] NMEA $GPGST,113147.000,6.5,22,16,75.0,16,21,34*7D (pico_gnss pico-gnss-rs/src/main.rs:427)
86.931444 [INFO ] TIME unix_ns=1780918308103974382 ppb=2372 holdover_ms=1103 locked=1 (pico_gnss pico-gnss-rs/src/main.rs:214)
87.114708 [INFO ] NMEA $GPGGA,113148.000,0000.0000,N,00000.0000,E,1,7,1.30,23.1,M,39.0,M,,*6B (pico_gnss pico-gnss-rs/src/main.rs:427)
87.173047 [INFO ] NMEA $GNGLL,0000.0000,N,00000.0000,E,113148.000,A,A*4F (pico_gnss pico-gnss-rs/src/main.rs:427)
87.223266 [INFO ] NMEA $GNGSA,A,3,23,12,15,20,24,10,,,,,,,1.58,1.30,0.91*19 (pico_gnss pico-gnss-rs/src/main.rs:427)
87.281546 [INFO ] NMEA $GNGSA,A,3,73,,,,,,,,,,,,1.58,1.30,0.91*1E (pico_gnss pico-gnss-rs/src/main.rs:427)
87.340205 [INFO ] NMEA $GPGSV,4,1,14,23,62,215,16,12,60,124,26,10,54,295,18,24,45,050,23*7F (pico_gnss pico-gnss-rs/src/main.rs:427)
87.398795 [INFO ] NMEA $GPGSV,4,2,14,25,41,184,,15,28,113,17,32,23,305,,28,09,252,*7E (pico_gnss pico-gnss-rs/src/main.rs:427)
87.461409 [INFO ] NMEA $GPGSV,4,3,14,20,06,111,18,19,02,057,22,18,01,208,,193,,,*76 (pico_gnss pico-gnss-rs/src/main.rs:427)
87.519542 [INFO ] NMEA $GPGSV,4,4,14,194,,,,195,,,*7D (pico_gnss pico-gnss-rs/src/main.rs:427)
87.578076 [INFO ] NMEA $GLGSV,2,1,08,74,78,197,,71,60,093,,72,50,340,,73,48,034,20*6D (pico_gnss pico-gnss-rs/src/main.rs:427)
87.636685 [INFO ] NMEA $GLGSV,2,2,08,75,23,208,,70,06,127,23,65,03,319,,88,01,312,*6A (pico_gnss pico-gnss-rs/src/main.rs:427)
87.728229 [INFO ] NMEA $GNRMC,113148.000,A,0000.0000,N,00000.0000,E,0.45,63.29,080626,,,A*4D (pico_gnss pico-gnss-rs/src/main.rs:427)
87.730795 [INFO ] SYNC pps_local_us=80000189 unix_s=1780918308 drift_us=2 err_ns=-4 holdover_ms=999 (pico_gnss pico-gnss-rs/src/main.rs:458)
87.757900 [INFO ] NMEA $GPVTG,63.29,T,,M,0.45,N,0.83,K,A*09 (pico_gnss pico-gnss-rs/src/main.rs:427)
87.786991 [INFO ] NMEA $GPZDA,113148.000,08,06,2026,,*50 (pico_gnss pico-gnss-rs/src/main.rs:427)
87.825125 [INFO ] PPSGEN count=83 interval_ns=1000002400 dev_ns=2400 phase_ns=-2452366 hwphase_ns=-2603952 (pico_gnss pico-gnss-rs/src/main.rs:271)
87.827413 [INFO ] PPS count=82 interval_us=1000002 interval_ns=1000002368 state=Locked missed=0 (pico_gnss pico-gnss-rs/src/main.rs:180)
87.831032 [INFO ] NMEA $GPGST,113148.000,6.9,22,16,75.7,16,22,34*7A (pico_gnss pico-gnss-rs/src/main.rs:427)
87.932696 [INFO ] TIME unix_ns=1780918309105244379 ppb=2372 holdover_ms=1105 locked=1 (pico_gnss pico-gnss-rs/src/main.rs:214)
88.183733 [INFO ] NMEA $GPGGA,113149.000,0000.0000,N,00000.0000,E,1,7,1.30,23.1,M,39.0,M,,*6B (pico_gnss pico-gnss-rs/src/main.rs:427)
88.242054 [INFO ] NMEA $GNGLL,0000.0000,N,00000.0000,E,113149.000,A,A*4F (pico_gnss pico-gnss-rs/src/main.rs:427)
88.293291 [INFO ] NMEA $GNGSA,A,3,23,12,15,20,24,10,,,,,,,1.59,1.30,0.91*18 (pico_gnss pico-gnss-rs/src/main.rs:427)
88.351563 [INFO ] NMEA $GNGSA,A,3,73,,,,,,,,,,,,1.59,1.30,0.91*1F (pico_gnss pico-gnss-rs/src/main.rs:427)
88.410212 [INFO ] NMEA $GPGSV,4,1,14,23,62,215,16,12,60,124,26,10,54,295,17,24,45,050,23*70 (pico_gnss pico-gnss-rs/src/main.rs:427)
88.468823 [INFO ] NMEA $GPGSV,4,2,14,25,41,184,,15,28,113,15,32,23,305,,28,09,252,*7C (pico_gnss pico-gnss-rs/src/main.rs:427)
88.531499 [INFO ] NMEA $GPGSV,4,3,14,20,06,111,18,19,02,057,22,18,01,208,,193,,,*76 (pico_gnss pico-gnss-rs/src/main.rs:427)
88.589579 [INFO ] NMEA $GPGSV,4,4,14,194,,,,195,,,*7D (pico_gnss pico-gnss-rs/src/main.rs:427)
88.648178 [INFO ] NMEA $GLGSV,2,1,08,74,78,197,,71,60,093,,72,50,340,,73,48,034,21*6C (pico_gnss pico-gnss-rs/src/main.rs:427)
88.706733 [INFO ] NMEA $GLGSV,2,2,08,75,23,208,,70,06,127,23,65,03,319,,88,01,312,*6A (pico_gnss pico-gnss-rs/src/main.rs:427)
88.798143 [INFO ] NMEA $GNRMC,113149.000,A,0000.0000,N,00000.0000,E,0.08,63.29,080626,,,A*44 (pico_gnss pico-gnss-rs/src/main.rs:427)
88.800734 [INFO ] SYNC pps_local_us=81000192 unix_s=1780918309 drift_us=2 err_ns=-4 holdover_ms=1000 (pico_gnss pico-gnss-rs/src/main.rs:458)
88.825114 [INFO ] PPSGEN count=84 interval_ns=1000002384 dev_ns=2384 phase_ns=-2402366 hwphase_ns=-2603936 (pico_gnss pico-gnss-rs/src/main.rs:271)
88.827775 [INFO ] PPS count=83 interval_us=1000002 interval_ns=1000002368 state=Locked missed=0 (pico_gnss pico-gnss-rs/src/main.rs:180)
88.829242 [INFO ] NMEA $GPVTG,63.29,T,,M,0.08,N,0.14,K,A*0E (pico_gnss pico-gnss-rs/src/main.rs:427)
88.856995 [INFO ] NMEA $GPZDA,113149.000,08,06,2026,,*51 (pico_gnss pico-gnss-rs/src/main.rs:427)
88.899489 [INFO ] NMEA $GPGST,113149.000,7.3,22,16,76.1,16,22,35*74 (pico_gnss pico-gnss-rs/src/main.rs:427)
88.933948 [INFO ] TIME unix_ns=1780918310106483376 ppb=2372 holdover_ms=1106 locked=1 (pico_gnss pico-gnss-rs/src/main.rs:214)
89.144896 [INFO ] NMEA $GPGGA,113150.000,0000.0000,N,00000.0000,E,1,7,1.30,23.1,M,39.0,M,,*69 (pico_gnss pico-gnss-rs/src/main.rs:427)
89.203221 [INFO ] NMEA $GNGLL,0000.0000,N,00000.0000,E,113150.000,A,A*4D (pico_gnss pico-gnss-rs/src/main.rs:427)
89.255476 [INFO ] NMEA $GNGSA,A,3,23,12,15,20,24,10,,,,,,,1.58,1.30,0.91*19 (pico_gnss pico-gnss-rs/src/main.rs:427)
89.313766 [INFO ] NMEA $GNGSA,A,3,73,,,,,,,,,,,,1.58,1.30,0.91*1E (pico_gnss pico-gnss-rs/src/main.rs:427)
89.372390 [INFO ] NMEA $GPGSV,4,1,14,23,62,215,16,12,60,124,26,10,54,295,17,24,45,050,23*70 (pico_gnss pico-gnss-rs/src/main.rs:427)
89.431004 [INFO ] NMEA $GPGSV,4,2,14,25,41,184,,15,28,113,16,32,23,305,,28,09,252,*7F (pico_gnss pico-gnss-rs/src/main.rs:427)
89.493664 [INFO ] NMEA $GPGSV,4,3,14,20,06,111,18,19,02,057,22,18,01,208,,193,,,*76 (pico_gnss pico-gnss-rs/src/main.rs:427)
89.551734 [INFO ] NMEA $GPGSV,4,4,14,194,,,,195,,,*7D (pico_gnss pico-gnss-rs/src/main.rs:427)
89.610354 [INFO ] NMEA $GLGSV,2,1,08,74,78,197,,71,60,093,,72,50,340,,73,48,034,21*6C (pico_gnss pico-gnss-rs/src/main.rs:427)
89.668894 [INFO ] NMEA $GLGSV,2,2,08,75,23,208,,70,06,127,23,65,03,319,,88,01,312,*6A (pico_gnss pico-gnss-rs/src/main.rs:427)
89.760395 [INFO ] NMEA $GNRMC,113150.000,A,0000.0000,N,00000.0000,E,0.63,145.97,080626,,,A*7B (pico_gnss pico-gnss-rs/src/main.rs:427)
89.762967 [INFO ] SYNC pps_local_us=82000194 unix_s=1780918310 drift_us=2 err_ns=-3 holdover_ms=1000 (pico_gnss pico-gnss-rs/src/main.rs:458)
89.790079 [INFO ] NMEA $GPVTG,145.97,T,,M,0.63,N,1.17,K,A*31 (pico_gnss pico-gnss-rs/src/main.rs:427)
89.819162 [INFO ] NMEA $GPZDA,113150.000,08,06,2026,,*59 (pico_gnss pico-gnss-rs/src/main.rs:427)
89.825124 [INFO ] PPSGEN count=85 interval_ns=1000002400 dev_ns=2400 phase_ns=-2774365 hwphase_ns=-2603904 (pico_gnss pico-gnss-rs/src/main.rs:271)
89.827430 [INFO ] PPS count=84 interval_us=1000002 interval_ns=1000002368 state=Locked missed=0 (pico_gnss pico-gnss-rs/src/main.rs:180)
89.862878 [INFO ] NMEA $GPGST,113150.000,7.5,22,16,74.3,16,21,34*78 (pico_gnss pico-gnss-rs/src/main.rs:427)
89.935214 [INFO ] TIME unix_ns=1780918311107413374 ppb=2372 holdover_ms=1107 locked=1 (pico_gnss pico-gnss-rs/src/main.rs:214)
90.152787 [INFO ] NMEA $GPGGA,113151.000,0000.0000,N,00000.0000,E,1,7,1.30,23.1,M,39.0,M,,*68 (pico_gnss pico-gnss-rs/src/main.rs:427)
90.211119 [INFO ] NMEA $GNGLL,0000.0000,N,00000.0000,E,113151.000,A,A*4C (pico_gnss pico-gnss-rs/src/main.rs:427)
90.262356 [INFO ] NMEA $GNGSA,A,3,23,12,15,20,24,10,,,,,,,1.59,1.30,0.91*18 (pico_gnss pico-gnss-rs/src/main.rs:427)
90.320616 [INFO ] NMEA $GNGSA,A,3,73,,,,,,,,,,,,1.59,1.30,0.91*1F (pico_gnss pico-gnss-rs/src/main.rs:427)
90.379269 [INFO ] NMEA $GPGSV,4,1,14,23,62,215,16,12,60,124,26,10,54,295,17,24,45,050,23*70 (pico_gnss pico-gnss-rs/src/main.rs:427)
90.437877 [INFO ] NMEA $GPGSV,4,2,14,25,41,184,,15,28,113,16,32,23,305,,28,09,252,*7F (pico_gnss pico-gnss-rs/src/main.rs:427)
90.500527 [INFO ] NMEA $GPGSV,4,3,14,20,06,111,18,19,02,057,22,18,01,208,,193,,,*76 (pico_gnss pico-gnss-rs/src/main.rs:427)
90.558612 [INFO ] NMEA $GPGSV,4,4,14,194,,,,195,,,*7D (pico_gnss pico-gnss-rs/src/main.rs:427)
90.617216 [INFO ] NMEA $GLGSV,2,1,08,74,78,197,,71,60,093,,72,50,340,,73,48,034,21*6C (pico_gnss pico-gnss-rs/src/main.rs:427)
90.675757 [INFO ] NMEA $GLGSV,2,2,08,75,23,208,,70,06,127,23,65,03,319,,88,01,312,*6A (pico_gnss pico-gnss-rs/src/main.rs:427)
90.767252 [INFO ] NMEA $GNRMC,113151.000,A,0000.0000,N,00000.0000,E,0.57,145.97,080626,,,A*7D (pico_gnss pico-gnss-rs/src/main.rs:427)
90.769845 [INFO ] SYNC pps_local_us=83000197 unix_s=1780918311 drift_us=2 err_ns=-3 holdover_ms=999 (pico_gnss pico-gnss-rs/src/main.rs:458)
90.796960 [INFO ] NMEA $GPVTG,145.97,T,,M,0.57,N,1.05,K,A*35 (pico_gnss pico-gnss-rs/src/main.rs:427)
90.825117 [INFO ] PPSGEN count=86 interval_ns=1000002384 dev_ns=2384 phase_ns=-2432366 hwphase_ns=-2603888 (pico_gnss pico-gnss-rs/src/main.rs:271)
90.827480 [INFO ] PPS count=85 interval_us=1000002 interval_ns=1000002368 state=Locked missed=0 (pico_gnss pico-gnss-rs/src/main.rs:180)
90.828615 [INFO ] NMEA $GPZDA,113151.000,08,06,2026,,*58 (pico_gnss pico-gnss-rs/src/main.rs:427)
90.870755 [INFO ] NMEA $GPGST,113151.000,7.6,22,16,73.2,16,22,35*7E (pico_gnss pico-gnss-rs/src/main.rs:427)
90.936472 [INFO ] TIME unix_ns=1780918312109010370 ppb=2372 holdover_ms=1109 locked=1 (pico_gnss pico-gnss-rs/src/main.rs:214)
91.078707 [INFO ] NMEA $GPGGA,113152.000,0000.0000,N,00000.0000,E,1,7,1.30,23.1,M,39.0,M,,*65 (pico_gnss pico-gnss-rs/src/main.rs:427)
91.137057 [INFO ] NMEA $GNGLL,0000.0000,N,00000.0000,E,113152.000,A,A*41 (pico_gnss pico-gnss-rs/src/main.rs:427)
91.187276 [INFO ] NMEA $GNGSA,A,3,23,12,15,20,24,10,,,,,,,1.58,1.30,0.91*19 (pico_gnss pico-gnss-rs/src/main.rs:427)
91.245552 [INFO ] NMEA $GNGSA,A,3,73,,,,,,,,,,,,1.58,1.30,0.91*1E (pico_gnss pico-gnss-rs/src/main.rs:427)
91.304204 [INFO ] NMEA $GPGSV,4,1,14,23,62,215,16,12,60,124,26,10,54,295,17,24,45,050,23*70 (pico_gnss pico-gnss-rs/src/main.rs:427)
91.362807 [INFO ] NMEA $GPGSV,4,2,14,25,41,184,,15,28,113,16,32,24,306,,28,09,252,*7B (pico_gnss pico-gnss-rs/src/main.rs:427)
91.425419 [INFO ] NMEA $GPGSV,4,3,14,20,06,111,18,19,02,057,22,18,01,208,,193,,,*76 (pico_gnss pico-gnss-rs/src/main.rs:427)
91.483572 [INFO ] NMEA $GPGSV,4,4,14,194,,,,195,,,*7D (pico_gnss pico-gnss-rs/src/main.rs:427)
91.542089 [INFO ] NMEA $GLGSV,2,1,08,74,78,197,,71,60,093,,72,50,340,,73,48,034,21*6C (pico_gnss pico-gnss-rs/src/main.rs:427)
91.600700 [INFO ] NMEA $GLGSV,2,2,08,75,23,208,,70,06,127,23,65,03,319,,88,01,312,*6A (pico_gnss pico-gnss-rs/src/main.rs:427)
91.692271 [INFO ] NMEA $GNRMC,113152.000,A,0000.0000,N,00000.0000,E,0.30,145.97,080626,,,A*71 (pico_gnss pico-gnss-rs/src/main.rs:427)
91.694859 [INFO ] SYNC pps_local_us=84000199 unix_s=1780918312 drift_us=2 err_ns=-3 holdover_ms=1000 (pico_gnss pico-gnss-rs/src/main.rs:458)
91.722010 [INFO ] NMEA $GPVTG,145.97,T,,M,0.30,N,0.55,K,A*30 (pico_gnss pico-gnss-rs/src/main.rs:427)
91.751119 [INFO ] NMEA $GPZDA,113152.000,08,06,2026,,*5B (pico_gnss pico-gnss-rs/src/main.rs:427)
91.796822 [INFO ] NMEA $GPGST,113152.000,7.6,22,16,71.7,17,22,36*78 (pico_gnss pico-gnss-rs/src/main.rs:427)
91.825188 [INFO ] PPSGEN count=87 interval_ns=1000002400 dev_ns=2400 phase_ns=-2439365 hwphase_ns=-2603856 (pico_gnss pico-gnss-rs/src/main.rs:271)
91.827435 [INFO ] PPS count=86 interval_us=1000002 interval_ns=1000002368 state=Locked missed=0 (pico_gnss pico-gnss-rs/src/main.rs:180)
91.937641 [INFO ] TIME unix_ns=1780918313110264367 ppb=2372 holdover_ms=1110 locked=1 (pico_gnss pico-gnss-rs/src/main.rs:214)
92.170106 [INFO ] NMEA $GPGGA,113153.000,0000.0000,N,00000.0000,E,1,7,1.30,23.1,M,39.0,M,,*69 (pico_gnss pico-gnss-rs/src/main.rs:427)
92.228396 [INFO ] NMEA $GNGLL,0000.0000,N,00000.0000,E,113153.000,A,A*4D (pico_gnss pico-gnss-rs/src/main.rs:427)
92.277572 [INFO ] NMEA $GNGSA,A,3,23,12,15,20,24,10,,,,,,,1.58,1.30,0.91*19 (pico_gnss pico-gnss-rs/src/main.rs:427)
92.335855 [INFO ] NMEA $GNGSA,A,3,73,,,,,,,,,,,,1.58,1.30,0.91*1E (pico_gnss pico-gnss-rs/src/main.rs:427)
92.394507 [INFO ] NMEA $GPGSV,4,1,14,23,62,215,16,12,60,124,26,10,54,295,17,24,45,050,23*70 (pico_gnss pico-gnss-rs/src/main.rs:427)
92.453112 [INFO ] NMEA $GPGSV,4,2,14,25,41,184,,15,28,113,17,32,24,306,,28,09,252,*7A (pico_gnss pico-gnss-rs/src/main.rs:427)
92.544499 [INFO ] NMEA $GPGSV,4,3,14,20,06,111,19,19,02,057,22,18,01,208,,193,,,*77 (pico_gnss pico-gnss-rs/src/main.rs:427)
92.573915 [INFO ] NMEA $GPGSV,4,4,14,194,,,,195,,,*7D (pico_gnss pico-gnss-rs/src/main.rs:427)
92.632408 [INFO ] NMEA $GLGSV,2,1,08,74,78,197,,71,60,093,,72,50,340,,73,48,034,21*6C (pico_gnss pico-gnss-rs/src/main.rs:427)
92.691111 [INFO ] NMEA $GLGSV,2,2,08,75,23,208,,70,06,127,23,65,03,319,,88,01,312,*6A (pico_gnss pico-gnss-rs/src/main.rs:427)
92.782539 [INFO ] NMEA $GNRMC,113153.000,A,0000.0000,N,00000.0000,E,1.23,116.50,080626,,,A*73 (pico_gnss pico-gnss-rs/src/main.rs:427)
92.785101 [INFO ] SYNC pps_local_us=85000201 unix_s=1780918313 drift_us=2 err_ns=-3 holdover_ms=1000 (pico_gnss pico-gnss-rs/src/main.rs:458)
92.812241 [INFO ] NMEA $GPVTG,116.50,T,,M,1.23,N,2.28,K,A*36 (pico_gnss pico-gnss-rs/src/main.rs:427)
92.825131 [INFO ] PPSGEN count=88 interval_ns=1000002384 dev_ns=2384 phase_ns=-2439365 hwphase_ns=-2603840 (pico_gnss pico-gnss-rs/src/main.rs:271)
92.827437 [INFO ] PPS count=87 interval_us=1000002 interval_ns=1000002368 state=Locked missed=0 (pico_gnss pico-gnss-rs/src/main.rs:180)
92.841631 [INFO ] NMEA $GPZDA,113153.000,08,06,2026,,*5A (pico_gnss pico-gnss-rs/src/main.rs:427)
92.888094 [INFO ] NMEA $GPGST,113153.000,7.6,22,16,71.0,17,22,36*7E (pico_gnss pico-gnss-rs/src/main.rs:427)
92.938874 [INFO ] TIME unix_ns=1780918314111404365 ppb=2371 holdover_ms=1111 locked=1 (pico_gnss pico-gnss-rs/src/main.rs:214)
93.117004 [INFO ] NMEA $GPGGA,113154.000,0000.0000,N,00000.0000,E,1,7,1.30,23.1,M,39.0,M,,*6C (pico_gnss pico-gnss-rs/src/main.rs:427)
93.175316 [INFO ] NMEA $GNGLL,0000.0000,N,00000.0000,E,113154.000,A,A*48 (pico_gnss pico-gnss-rs/src/main.rs:427)
93.223469 [INFO ] NMEA $GNGSA,A,3,23,12,15,20,24,10,,,,,,,1.58,1.30,0.91*19 (pico_gnss pico-gnss-rs/src/main.rs:427)
93.281752 [INFO ] NMEA $GNGSA,A,3,73,,,,,,,,,,,,1.58,1.30,0.91*1E (pico_gnss pico-gnss-rs/src/main.rs:427)
93.340416 [INFO ] NMEA $GPGSV,4,1,14,23,62,215,15,12,60,124,26,10,54,295,17,24,45,050,23*73 (pico_gnss pico-gnss-rs/src/main.rs:427)
93.399009 [INFO ] NMEA $GPGSV,4,2,14,25,41,184,,15,28,113,17,32,24,306,,28,09,252,*7A (pico_gnss pico-gnss-rs/src/main.rs:427)
93.490489 [INFO ] NMEA $GPGSV,4,3,14,20,06,111,19,19,02,057,22,18,01,208,,193,,,*77 (pico_gnss pico-gnss-rs/src/main.rs:427)
93.519874 [INFO ] NMEA $GPGSV,4,4,14,194,,,,195,,,*7D (pico_gnss pico-gnss-rs/src/main.rs:427)
93.578365 [INFO ] NMEA $GLGSV,2,1,08,74,78,197,,71,60,093,,72,50,340,,73,48,034,21*6C (pico_gnss pico-gnss-rs/src/main.rs:427)
93.636966 [INFO ] NMEA $GLGSV,2,2,08,75,23,208,,70,06,127,23,65,03,319,,88,01,312,*6A (pico_gnss pico-gnss-rs/src/main.rs:427)
93.728549 [INFO ] NMEA $GNRMC,113154.000,A,0000.0000,N,00000.0000,E,0.14,116.50,080626,,,A*73 (pico_gnss pico-gnss-rs/src/main.rs:427)
93.731122 [INFO ] SYNC pps_local_us=86000204 unix_s=1780918314 drift_us=2 err_ns=-3 holdover_ms=1000 (pico_gnss pico-gnss-rs/src/main.rs:458)
93.758232 [INFO ] NMEA $GPVTG,116.50,T,,M,0.14,N,0.26,K,A*3F (pico_gnss pico-gnss-rs/src/main.rs:427)
93.787299 [INFO ] NMEA $GPZDA,113154.000,08,06,2026,,*5D (pico_gnss pico-gnss-rs/src/main.rs:427)
93.825141 [INFO ] PPSGEN count=89 interval_ns=1000002400 dev_ns=2400 phase_ns=-2447365 hwphase_ns=-2603808 (pico_gnss pico-gnss-rs/src/main.rs:271)
93.827442 [INFO ] PPS count=88 interval_us=1000002 interval_ns=1000002352 state=Locked missed=0 (pico_gnss pico-gnss-rs/src/main.rs:180)
93.835536 [INFO ] NMEA $GPGST,113154.000,7.6,22,16,70.4,17,22,36*7C (pico_gnss pico-gnss-rs/src/main.rs:427)
93.940134 [INFO ] TIME unix_ns=1780918315112665363 ppb=2371 holdover_ms=1112 locked=1 (pico_gnss pico-gnss-rs/src/main.rs:214)
94.169108 [INFO ] NMEA $GPGGA,113155.000,0000.0000,N,00000.0000,E,1,7,1.30,23.2,M,39.0,M,,*65 (pico_gnss pico-gnss-rs/src/main.rs:427)
94.227414 [INFO ] NMEA $GNGLL,0000.0000,N,00000.0000,E,113155.000,A,A*42 (pico_gnss pico-gnss-rs/src/main.rs:427)
94.274536 [INFO ] NMEA $GNGSA,A,3,23,12,15,20,24,10,,,,,,,1.58,1.30,0.91*19 (pico_gnss pico-gnss-rs/src/main.rs:427)
94.332809 [INFO ] NMEA $GNGSA,A,3,73,,,,,,,,,,,,1.58,1.30,0.91*1E (pico_gnss pico-gnss-rs/src/main.rs:427)
94.391469 [INFO ] NMEA $GPGSV,4,1,14,23,62,215,15,12,60,124,26,10,54,295,17,24,45,050,23*73 (pico_gnss pico-gnss-rs/src/main.rs:427)
94.478785 [INFO ] NMEA $GPGSV,4,2,14,25,41,184,,15,28,113,17,32,24,306,,28,09,252,*7A (pico_gnss pico-gnss-rs/src/main.rs:427)
94.541482 [INFO ] NMEA $GPGSV,4,3,14,20,06,111,19,19,02,057,22,18,01,208,,193,,,*77 (pico_gnss pico-gnss-rs/src/main.rs:427)
94.570875 [INFO ] NMEA $GPGSV,4,4,14,194,,,,195,,,*7D (pico_gnss pico-gnss-rs/src/main.rs:427)
94.629354 [INFO ] NMEA $GLGSV,2,1,08,74,78,197,,71,60,093,,72,50,340,,73,48,034,21*6C (pico_gnss pico-gnss-rs/src/main.rs:427)
94.687962 [INFO ] NMEA $GLGSV,2,2,08,75,23,208,,70,06,127,23,65,03,319,,88,01,312,*6A (pico_gnss pico-gnss-rs/src/main.rs:427)
94.779418 [INFO ] NMEA $GNRMC,113155.000,A,0000.0000,N,00000.0000,E,0.60,240.12,080626,,,A*7C (pico_gnss pico-gnss-rs/src/main.rs:427)
94.781998 [INFO ] SYNC pps_local_us=87000206 unix_s=1780918315 drift_us=2 err_ns=-18 holdover_ms=1000 (pico_gnss pico-gnss-rs/src/main.rs:458)
94.809092 [INFO ] NMEA $GPVTG,240.12,T,,M,0.60,N,1.10,K,A*3E (pico_gnss pico-gnss-rs/src/main.rs:427)
94.825735 [INFO ] PPSGEN count=90 interval_ns=1000597088 dev_ns=597088 phase_ns=-1844366 hwphase_ns=-2009072 (pico_gnss pico-gnss-rs/src/main.rs:271)
94.827448 [INFO ] PPS count=89 interval_us=1000002 interval_ns=1000002368 state=Locked missed=0 (pico_gnss pico-gnss-rs/src/main.rs:180)
94.838485 [INFO ] NMEA $GPZDA,113155.000,08,06,2026,,*5C (pico_gnss pico-gnss-rs/src/main.rs:427)
94.887065 [INFO ] NMEA $GPGST,113155.000,7.6,22,16,69.6,17,22,36*77 (pico_gnss pico-gnss-rs/src/main.rs:427)
94.941402 [INFO ] TIME unix_ns=1780918316113903360 ppb=2371 holdover_ms=1113 locked=1 (pico_gnss pico-gnss-rs/src/main.rs:214)
95.144816 [INFO ] NMEA $GPGGA,113156.000,0000.0000,N,00000.0000,E,1,7,1.30,23.2,M,39.0,M,,*65 (pico_gnss pico-gnss-rs/src/main.rs:427)
95.203122 [INFO ] NMEA $GNGLL,0000.0000,N,00000.0000,E,113156.000,A,A*42 (pico_gnss pico-gnss-rs/src/main.rs:427)
95.249243 [INFO ] NMEA $GNGSA,A,3,23,12,15,20,24,10,,,,,,,1.58,1.30,0.91*19 (pico_gnss pico-gnss-rs/src/main.rs:427)
95.307485 [INFO ] NMEA $GNGSA,A,3,73,,,,,,,,,,,,1.58,1.30,0.91*1E (pico_gnss pico-gnss-rs/src/main.rs:427)
95.366191 [INFO ] NMEA $GPGSV,4,1,14,23,62,215,15,12,60,124,26,10,54,295,17,24,45,050,23*73 (pico_gnss pico-gnss-rs/src/main.rs:427)
95.453509 [INFO ] NMEA $GPGSV,4,2,14,25,41,184,,15,28,113,18,32,24,306,,28,09,252,*75 (pico_gnss pico-gnss-rs/src/main.rs:427)
95.516183 [INFO ] NMEA $GPGSV,4,3,14,20,06,111,18,19,02,057,22,18,01,208,,193,,,*76 (pico_gnss pico-gnss-rs/src/main.rs:427)
95.545562 [INFO ] NMEA $GPGSV,4,4,14,194,,,,195,,,*7D (pico_gnss pico-gnss-rs/src/main.rs:427)
95.604074 [INFO ] NMEA $GLGSV,2,1,08,74,78,197,,71,60,093,,72,50,340,,73,48,034,21*6C (pico_gnss pico-gnss-rs/src/main.rs:427)
95.662676 [INFO ] NMEA $GLGSV,2,2,08,75,23,208,,70,06,127,23,65,03,319,,88,01,312,*6A (pico_gnss pico-gnss-rs/src/main.rs:427)
95.754162 [INFO ] NMEA $GNRMC,113156.000,A,0000.0000,N,00000.0000,E,0.80,188.39,080626,,,A*7C (pico_gnss pico-gnss-rs/src/main.rs:427)
95.756759 [INFO ] SYNC pps_local_us=88000208 unix_s=1780918316 drift_us=2 err_ns=-2 holdover_ms=999 (pico_gnss pico-gnss-rs/src/main.rs:458)
95.783837 [INFO ] NMEA $GPVTG,188.39,T,,M,0.80,N,1.48,K,A*33 (pico_gnss pico-gnss-rs/src/main.rs:427)
95.812926 [INFO ] NMEA $GPZDA,113156.000,08,06,2026,,*5F (pico_gnss pico-gnss-rs/src/main.rs:427)
95.825742 [INFO ] PPSGEN count=91 interval_ns=1000002400 dev_ns=2400 phase_ns=-1835366 hwphase_ns=-2009040 (pico_gnss pico-gnss-rs/src/main.rs:271)
95.827433 [INFO ] PPS count=90 interval_us=1000002 interval_ns=1000002384 state=Locked missed=0 (pico_gnss pico-gnss-rs/src/main.rs:180)
95.862915 [INFO ] NMEA $GPGST,113156.000,7.6,22,16,70.8,16,22,36*73 (pico_gnss pico-gnss-rs/src/main.rs:427)
95.942640 [INFO ] TIME unix_ns=1780918317115158356 ppb=2371 holdover_ms=1115 locked=1 (pico_gnss pico-gnss-rs/src/main.rs:214)
96.232777 [INFO ] NMEA $GPGGA,113157.000,0000.0000,N,00000.0000,E,1,7,1.30,23.3,M,39.0,M,,*64 (pico_gnss pico-gnss-rs/src/main.rs:427)
96.291070 [INFO ] NMEA $GNGLL,0000.0000,N,00000.0000,E,113157.000,A,A*42 (pico_gnss pico-gnss-rs/src/main.rs:427)
96.336171 [INFO ] NMEA $GNGSA,A,3,23,12,15,20,24,10,,,,,,,1.58,1.30,0.91*19 (pico_gnss pico-gnss-rs/src/main.rs:427)
96.394429 [INFO ] NMEA $GNGSA,A,3,73,,,,,,,,,,,,1.58,1.30,0.91*1E (pico_gnss pico-gnss-rs/src/main.rs:427)
96.453095 [INFO ] NMEA $GPGSV,4,1,14,23,62,215,15,12,60,124,26,10,54,295,17,24,45,050,22*72 (pico_gnss pico-gnss-rs/src/main.rs:427)
96.540450 [INFO ] NMEA $GPGSV,4,2,14,25,41,184,,15,28,113,19,32,24,306,,28,09,252,*74 (pico_gnss pico-gnss-rs/src/main.rs:427)
96.603103 [INFO ] NMEA $GPGSV,4,3,14,20,06,111,19,19,02,057,22,18,01,208,,193,,,*77 (pico_gnss pico-gnss-rs/src/main.rs:427)
96.632492 [INFO ] NMEA $GPGSV,4,4,14,194,,,,195,,,*7D (pico_gnss pico-gnss-rs/src/main.rs:427)
96.690990 [INFO ] NMEA $GLGSV,2,1,08,74,78,197,,71,60,093,,72,50,340,,73,48,034,21*6C (pico_gnss pico-gnss-rs/src/main.rs:427)
96.749519 [INFO ] NMEA $GLGSV,2,2,08,75,23,208,,70,06,127,23,65,03,319,,88,01,312,*6A (pico_gnss pico-gnss-rs/src/main.rs:427)
96.825744 [INFO ] PPSGEN count=92 interval_ns=1000002384 dev_ns=2384 phase_ns=-1872737 hwphase_ns=-2009040 (pico_gnss pico-gnss-rs/src/main.rs:271)
96.827443 [INFO ] PPS count=91 interval_us=1000002 interval_ns=1000002368 state=Locked missed=0 (pico_gnss pico-gnss-rs/src/main.rs:180)
96.841030 [INFO ] NMEA $GNRMC,113157.000,A,0000.0000,N,00000.0000,E,0.83,103.93,080626,,,A*7C (pico_gnss pico-gnss-rs/src/main.rs:427)
96.843649 [INFO ] SYNC pps_local_us=90000213 unix_s=1780918317 drift_us=2 err_ns=10 holdover_ms=2000 (pico_gnss pico-gnss-rs/src/main.rs:458)
96.870620 [INFO ] NMEA $GPVTG,103.93,T,,M,0.83,N,1.54,K,A*3E (pico_gnss pico-gnss-rs/src/main.rs:427)
96.899693 [INFO ] NMEA $GPZDA,113157.000,08,06,2026,,*5E (pico_gnss pico-gnss-rs/src/main.rs:427)
96.943929 [INFO ] TIME unix_ns=1780918317116413724 ppb=2371 holdover_ms=116 locked=1 (pico_gnss pico-gnss-rs/src/main.rs:214)
96.950957 [INFO ] NMEA $GPGST,113157.000,7.6,22,16,70.1,16,22,36*7B (pico_gnss pico-gnss-rs/src/main.rs:427)
97.193814 [INFO ] NMEA $GPGGA,113158.000,0000.0000,N,00000.0000,E,1,7,1.30,23.3,M,39.0,M,,*66 (pico_gnss pico-gnss-rs/src/main.rs:427)
97.252144 [INFO ] NMEA $GNGLL,0000.0000,N,00000.0000,E,113158.000,A,A*40 (pico_gnss pico-gnss-rs/src/main.rs:427)
97.296209 [INFO ] NMEA $GNGSA,A,3,23,12,15,20,24,10,,,,,,,1.58,1.30,0.91*19 (pico_gnss pico-gnss-rs/src/main.rs:427)
97.354455 [INFO ] NMEA $GNGSA,A,3,73,,,,,,,,,,,,1.58,1.30,0.91*1E (pico_gnss pico-gnss-rs/src/main.rs:427)
97.413164 [INFO ] NMEA $GPGSV,4,1,14,23,62,215,14,12,60,124,26,10,54,295,17,24,45,050,22*73 (pico_gnss pico-gnss-rs/src/main.rs:427)
97.500532 [INFO ] NMEA $GPGSV,4,2,14,25,41,184,,15,28,113,19,32,24,306,,28,09,252,*74 (pico_gnss pico-gnss-rs/src/main.rs:427)
97.563195 [INFO ] NMEA $GPGSV,4,3,14,20,06,111,19,19,02,057,22,18,01,208,,193,,,*77 (pico_gnss pico-gnss-rs/src/main.rs:427)
97.592618 [INFO ] NMEA $GPGSV,4,4,14,194,,,,195,,,*7D (pico_gnss pico-gnss-rs/src/main.rs:427)
97.651083 [INFO ] NMEA $GLGSV,2,1,08,74,78,197,,71,60,093,,72,50,340,,73,48,034,21*6C (pico_gnss pico-gnss-rs/src/main.rs:427)
97.709685 [INFO ] NMEA $GLGSV,2,2,08,75,23,208,,70,06,127,23,65,03,319,,88,01,312,*6A (pico_gnss pico-gnss-rs/src/main.rs:427)
97.801072 [INFO ] NMEA $GNRMC,113158.000,A,0000.0000,N,00000.0000,E,0.22,103.93,080626,,,A*75 (pico_gnss pico-gnss-rs/src/main.rs:427)
97.825841 [INFO ] PPSGEN count=93 interval_ns=1000002400 dev_ns=2400 phase_ns=-1815366 hwphase_ns=-2009008 (pico_gnss pico-gnss-rs/src/main.rs:271)
97.827482 [INFO ] PPS count=92 interval_us=1000002 interval_ns=1000002368 state=Locked missed=0 (pico_gnss pico-gnss-rs/src/main.rs:180)
97.830917 [INFO ] NMEA $GPVTG,103.93,T,,M,0.22,N,0.40,K,A*31 (pico_gnss pico-gnss-rs/src/main.rs:427)
97.859886 [INFO ] NMEA $GPZDA,113158.000,08,06,2026,,*51 (pico_gnss pico-gnss-rs/src/main.rs:427)
97.911844 [INFO ] NMEA $GPGST,113158.000,7.5,22,16,69.2,17,22,36*7D (pico_gnss pico-gnss-rs/src/main.rs:427)
97.945162 [INFO ] TIME unix_ns=1780918318117670351 ppb=2371 holdover_ms=1117 locked=1 (pico_gnss pico-gnss-rs/src/main.rs:214)
98.124047 [INFO ] NMEA $GPGGA,113159.000,0000.0000,N,00000.0000,E,1,6,1.58,23.4,M,39.0,M,,*6E (pico_gnss pico-gnss-rs/src/main.rs:427)
98.182345 [INFO ] NMEA $GNGLL,0000.0000,N,00000.0000,E,113159.000,A,A*40 (pico_gnss pico-gnss-rs/src/main.rs:427)
98.225377 [INFO ] NMEA $GNGSA,A,3,12,15,20,24,10,,,,,,,,1.82,1.58,0.91*11 (pico_gnss pico-gnss-rs/src/main.rs:427)
98.283609 [INFO ] NMEA $GNGSA,A,3,73,,,,,,,,,,,,1.82,1.58,0.91*17 (pico_gnss pico-gnss-rs/src/main.rs:427)
98.342311 [INFO ] NMEA $GPGSV,4,1,14,23,62,215,,12,60,124,26,10,54,295,17,24,45,050,22*76 (pico_gnss pico-gnss-rs/src/main.rs:427)
98.429640 [INFO ] NMEA $GPGSV,4,2,14,25,41,184,,15,28,113,19,32,24,306,,28,09,252,*74 (pico_gnss pico-gnss-rs/src/main.rs:427)
98.492328 [INFO ] NMEA $GPGSV,4,3,14,20,06,111,19,19,02,057,22,18,01,208,,193,,,*77 (pico_gnss pico-gnss-rs/src/main.rs:427)
98.521719 [INFO ] NMEA $GPGSV,4,4,14,194,,,,195,,,*7D (pico_gnss pico-gnss-rs/src/main.rs:427)
98.580205 [INFO ] NMEA $GLGSV,2,1,08,74,78,197,,71,60,093,,72,50,340,,73,48,034,20*6D (pico_gnss pico-gnss-rs/src/main.rs:427)
98.638821 [INFO ] NMEA $GLGSV,2,2,08,75,23,208,,70,06,127,23,65,03,319,,88,01,312,*6A (pico_gnss pico-gnss-rs/src/main.rs:427)
98.730354 [INFO ] NMEA $GNRMC,113159.000,A,0000.0000,N,00000.0000,E,0.37,103.93,080626,,,A*71 (pico_gnss pico-gnss-rs/src/main.rs:427)
98.732923 [INFO ] SYNC pps_local_us=91000216 unix_s=1780918319 drift_us=2 err_ns=-2 holdover_ms=1000 (pico_gnss pico-gnss-rs/src/main.rs:458)
98.760027 [INFO ] NMEA $GPVTG,103.93,T,,M,0.37,N,0.69,K,A*3E (pico_gnss pico-gnss-rs/src/main.rs:427)
98.789108 [INFO ] NMEA $GPZDA,113159.000,08,06,2026,,*50 (pico_gnss pico-gnss-rs/src/main.rs:427)
98.825746 [INFO ] PPSGEN count=94 interval_ns=1000002384 dev_ns=2384 phase_ns=-1888366 hwphase_ns=-2008992 (pico_gnss pico-gnss-rs/src/main.rs:271)
98.827444 [INFO ] PPS count=93 interval_us=1000002 interval_ns=1000002368 state=Locked missed=0 (pico_gnss pico-gnss-rs/src/main.rs:180)
98.838348 [INFO ] NMEA $GPGST,113159.000,7.5,23,16,67.7,17,22,36*76 (pico_gnss pico-gnss-rs/src/main.rs:427)
98.946419 [INFO ] TIME unix_ns=1780918320118905348 ppb=2371 holdover_ms=1118 locked=1 (pico_gnss pico-gnss-rs/src/main.rs:214)
99.165745 [INFO ] NMEA $GPGGA,113200.000,0000.0000,N,00000.0000,E,1,6,1.58,23.4,M,39.0,M,,*60 (pico_gnss pico-gnss-rs/src/main.rs:427)
99.224045 [INFO ] NMEA $GNGLL,0000.0000,N,00000.0000,E,113200.000,A,A*4E (pico_gnss pico-gnss-rs/src/main.rs:427)
99.270147 [INFO ] NMEA $GNGSA,A,3,12,15,20,24,10,,,,,,,,1.82,1.58,0.91*11 (pico_gnss pico-gnss-rs/src/main.rs:427)
99.328391 [INFO ] NMEA $GNGSA,A,3,73,,,,,,,,,,,,1.82,1.58,0.91*17 (pico_gnss pico-gnss-rs/src/main.rs:427)
99.387042 [INFO ] NMEA $GPGSV,4,1,14,23,62,215,,12,60,124,26,10,54,295,17,24,45,050,23*77 (pico_gnss pico-gnss-rs/src/main.rs:427)
99.445609 [INFO ] NMEA $GPGSV,4,2,14,25,41,184,,15,28,113,19,32,24,306,,28,09,252,*74 (pico_gnss pico-gnss-rs/src/main.rs:427)
99.508270 [INFO ] NMEA $GPGSV,4,3,14,20,06,111,19,19,02,057,22,18,01,208,,193,,,*77 (pico_gnss pico-gnss-rs/src/main.rs:427)
99.566391 [INFO ] NMEA $GPGSV,4,4,14,194,,,,195,,,*7D (pico_gnss pico-gnss-rs/src/main.rs:427)
99.624919 [INFO ] NMEA $GLGSV,2,1,08,74,78,197,,71,60,093,,72,50,340,,73,48,034,20*6D (pico_gnss pico-gnss-rs/src/main.rs:427)
99.683534 [INFO ] NMEA $GLGSV,2,2,08,75,23,208,,70,06,127,24,65,03,319,,88,01,312,*6D (pico_gnss pico-gnss-rs/src/main.rs:427)
99.774974 [INFO ] NMEA $GNRMC,113200.000,A,0000.0000,N,00000.0000,E,1.32,86.00,080626,,,A*4D (pico_gnss pico-gnss-rs/src/main.rs:427)
99.777540 [INFO ] SYNC pps_local_us=92000218 unix_s=1780918320 drift_us=2 err_ns=-2 holdover_ms=999 (pico_gnss pico-gnss-rs/src/main.rs:458)
99.804659 [INFO ] NMEA $GPVTG,86.00,T,,M,1.32,N,2.45,K,A*00 (pico_gnss pico-gnss-rs/src/main.rs:427)
99.825806 [INFO ] PPSGEN count=95 interval_ns=1000002400 dev_ns=2400 phase_ns=-1840366 hwphase_ns=-2008960 (pico_gnss pico-gnss-rs/src/main.rs:271)
99.827461 [INFO ] PPS count=94 interval_us=1000002 interval_ns=1000002368 state=Locked missed=0 (pico_gnss pico-gnss-rs/src/main.rs:180)
99.834090 [INFO ] NMEA $GPZDA,113200.000,08,06,2026,,*5F (pico_gnss pico-gnss-rs/src/main.rs:427)
99.877379 [INFO ] NMEA $GPGST,113200.000,7.4,22,16,69.8,17,22,36*78 (pico_gnss pico-gnss-rs/src/main.rs:427)
99.947657 [INFO ] TIME unix_ns=1780918321120173345 ppb=2371 holdover_ms=1120 locked=1 (pico_gnss pico-gnss-rs/src/main.rs:214)
100.102640 [INFO ] NMEA $GPGGA,113201.000,0000.0000,N,00000.0000,E,1,6,1.58,23.4,M,39.0,M,,*69 (pico_gnss pico-gnss-rs/src/main.rs:427)
100.160967 [INFO ] NMEA $GNGLL,0000.0000,N,00000.0000,E,113201.000,A,A*47 (pico_gnss pico-gnss-rs/src/main.rs:427)
100.212174 [INFO ] NMEA $GNGSA,A,3,12,15,20,24,10,,,,,,,,1.82,1.58,0.91*11 (pico_gnss pico-gnss-rs/src/main.rs:427)
100.270422 [INFO ] NMEA $GNGSA,A,3,73,,,,,,,,,,,,1.82,1.58,0.91*17 (pico_gnss pico-gnss-rs/src/main.rs:427)
100.329081 [INFO ] NMEA $GPGSV,4,1,14,23,62,215,,12,60,124,26,10,54,295,17,24,45,050,23*77 (pico_gnss pico-gnss-rs/src/main.rs:427)
100.387672 [INFO ] NMEA $GPGSV,4,2,14,25,41,184,,15,28,113,19,32,24,306,,28,09,252,*74 (pico_gnss pico-gnss-rs/src/main.rs:427)
100.450336 [INFO ] NMEA $GPGSV,4,3,14,20,06,111,19,19,02,057,22,18,01,208,,193,,,*77 (pico_gnss pico-gnss-rs/src/main.rs:427)
100.479672 [INFO ] NMEA $GPGSV,4,4,14,194,,,,195,,,*7D (pico_gnss pico-gnss-rs/src/main.rs:427)
100.566994 [INFO ] NMEA $GLGSV,2,1,08,74,78,197,,71,60,093,,72,50,340,,73,48,034,21*6C (pico_gnss pico-gnss-rs/src/main.rs:427)
100.625561 [INFO ] NMEA $GLGSV,2,2,08,75,23,208,,70,06,127,24,65,03,319,,88,01,312,*6D (pico_gnss pico-gnss-rs/src/main.rs:427)
100.712955 [INFO ] NMEA $GNRMC,113201.000,A,0000.0000,N,00000.0000,E,0.80,195.51,080626,,,A*7B (pico_gnss pico-gnss-rs/src/main.rs:427)
100.715513 [INFO ] SYNC pps_local_us=93000220 unix_s=1780918321 drift_us=2 err_ns=-2 holdover_ms=1000 (pico_gnss pico-gnss-rs/src/main.rs:458)
100.746571 [INFO ] NMEA $GPVTG,195.51,T,,M,0.80,N,1.48,K,A*31 (pico_gnss pico-gnss-rs/src/main.rs:427)
100.775892 [INFO ] NMEA $GPZDA,113201.000,08,06,2026,,*5E (pico_gnss pico-gnss-rs/src/main.rs:427)
100.816414 [INFO ] NMEA $GPGST,113201.000,7.4,22,15,69.1,16,22,35*71 (pico_gnss pico-gnss-rs/src/main.rs:427)
100.825738 [INFO ] PPSGEN count=96 interval_ns=1000002384 dev_ns=2384 phase_ns=-1846366 hwphase_ns=-2008944 (pico_gnss pico-gnss-rs/src/main.rs:271)
100.827457 [INFO ] PPS count=95 interval_us=1000002 interval_ns=1000002384 state=Locked missed=0 (pico_gnss pico-gnss-rs/src/main.rs:180)
100.948826 [INFO ] TIME unix_ns=1780918322121420341 ppb=2371 holdover_ms=1121 locked=1 (pico_gnss pico-gnss-rs/src/main.rs:214)
101.142804 [INFO ] NMEA $GPGGA,113202.000,0000.0000,N,00000.0000,E,1,6,1.58,23.3,M,39.0,M,,*69 (pico_gnss pico-gnss-rs/src/main.rs:427)
101.201138 [INFO ] NMEA $GNGLL,0000.0000,N,00000.0000,E,113202.000,A,A*40 (pico_gnss pico-gnss-rs/src/main.rs:427)
101.255422 [INFO ] NMEA $GNGSA,A,3,12,15,20,24,10,,,,,,,,1.82,1.58,0.91*11 (pico_gnss pico-gnss-rs/src/main.rs:427)
101.284956 [INFO ] NMEA $GNGSA,A,3,73,,,,,,,,,,,,1.82,1.58,0.91*17 (pico_gnss pico-gnss-rs/src/main.rs:427)
101.372294 [INFO ] NMEA $GPGSV,4,1,14,23,62,215,,12,60,124,26,10,54,295,17,24,45,050,23*77 (pico_gnss pico-gnss-rs/src/main.rs:427)
101.430902 [INFO ] NMEA $GPGSV,4,2,14,25,41,184,,15,28,113,19,32,24,306,,28,09,252,*74 (pico_gnss pico-gnss-rs/src/main.rs:427)
101.493572 [INFO ] NMEA $GPGSV,4,3,14,20,06,111,19,19,02,057,22,18,01,208,,193,,,*77 (pico_gnss pico-gnss-rs/src/main.rs:427)
101.522899 [INFO ] NMEA $GPGSV,4,4,14,194,,,,195,,,*7D (pico_gnss pico-gnss-rs/src/main.rs:427)
101.610228 [INFO ] NMEA $GLGSV,2,1,08,74,78,197,,71,60,093,,72,50,340,,73,48,034,21*6C (pico_gnss pico-gnss-rs/src/main.rs:427)
101.668782 [INFO ] NMEA $GLGSV,2,2,08,75,23,208,,70,06,127,24,65,03,319,,88,01,312,*6D (pico_gnss pico-gnss-rs/src/main.rs:427)
101.727495 [INFO ] NMEA $GNRMC,113202.000,A,0000.0000,N,00000.0000,E,0.45,195.51,080626,,,A*75 (pico_gnss pico-gnss-rs/src/main.rs:427)
101.730068 [INFO ] SYNC pps_local_us=94000223 unix_s=1780918322 drift_us=2 err_ns=13 holdover_ms=1000 (pico_gnss pico-gnss-rs/src/main.rs:458)
101.789666 [INFO ] NMEA $GPVTG,195.51,T,,M,0.45,N,0.83,K,A*3E (pico_gnss pico-gnss-rs/src/main.rs:427)
101.819020 [INFO ] NMEA $GPZDA,113202.000,08,06,2026,,*5D (pico_gnss pico-gnss-rs/src/main.rs:427)
101.825742 [INFO ] PPSGEN count=97 interval_ns=1000002400 dev_ns=2400 phase_ns=-1848366 hwphase_ns=-2008928 (pico_gnss pico-gnss-rs/src/main.rs:271)
101.827440 [INFO ] PPS count=96 interval_us=1000002 interval_ns=1000002368 state=Locked missed=0 (pico_gnss pico-gnss-rs/src/main.rs:180)
101.856516 [INFO ] NMEA $GPGST,113202.000,7.4,23,15,68.6,16,22,35*75 (pico_gnss pico-gnss-rs/src/main.rs:427)
101.950074 [INFO ] TIME unix_ns=1780918323122570339 ppb=2371 holdover_ms=1122 locked=1 (pico_gnss pico-gnss-rs/src/main.rs:214)
102.186862 [INFO ] NMEA $GPGGA,113203.000,0000.0000,N,00000.0000,E,1,6,1.58,23.4,M,39.0,M,,*6A (pico_gnss pico-gnss-rs/src/main.rs:427)
102.245194 [INFO ] NMEA $GNGLL,0000.0000,N,00000.0000,E,113203.000,A,A*44 (pico_gnss pico-gnss-rs/src/main.rs:427)
102.302579 [INFO ] NMEA $GNGSA,A,3,12,15,20,24,10,,,,,,,,1.82,1.58,0.91*11 (pico_gnss pico-gnss-rs/src/main.rs:427)
102.332072 [INFO ] NMEA $GNGSA,A,3,73,,,,,,,,,,,,1.82,1.58,0.91*17 (pico_gnss pico-gnss-rs/src/main.rs:427)
102.419462 [INFO ] NMEA $GPGSV,4,1,14,23,62,215,,12,60,124,26,10,54,295,17,24,45,050,23*77 (pico_gnss pico-gnss-rs/src/main.rs:427)
102.478034 [INFO ] NMEA $GPGSV,4,2,14,25,41,184,,15,28,113,19,32,24,306,,28,09,252,*74 (pico_gnss pico-gnss-rs/src/main.rs:427)
102.540679 [INFO ] NMEA $GPGSV,4,3,14,20,06,111,19,19,02,057,22,18,01,208,,193,,,*77 (pico_gnss pico-gnss-rs/src/main.rs:427)
102.570059 [INFO ] NMEA $GPGSV,4,4,14,194,,,,195,,,*7D (pico_gnss pico-gnss-rs/src/main.rs:427)
102.657364 [INFO ] NMEA $GLGSV,2,1,08,74,78,197,,71,60,093,,72,50,340,,73,48,034,21*6C (pico_gnss pico-gnss-rs/src/main.rs:427)
102.715963 [INFO ] NMEA $GLGSV,2,2,08,75,23,208,,70,06,127,23,65,03,319,,88,01,312,*6A (pico_gnss pico-gnss-rs/src/main.rs:427)
102.774569 [INFO ] NMEA $GNRMC,113203.000,A,0000.0000,N,00000.0000,E,0.75,320.84,080626,,,A*76 (pico_gnss pico-gnss-rs/src/main.rs:427)
102.777160 [INFO ] SYNC pps_local_us=95000225 unix_s=1780918323 drift_us=2 err_ns=-3 holdover_ms=999 (pico_gnss pico-gnss-rs/src/main.rs:458)
102.827526 [INFO ] PPSGEN count=98 interval_ns=1001773776 dev_ns=1773776 phase_ns=-90370 hwphase_ns=-237520 (pico_gnss pico-gnss-rs/src/main.rs:271)
102.829065 [INFO ] PPS count=97 interval_us=1000002 interval_ns=1000002368 state=Locked missed=0 (pico_gnss pico-gnss-rs/src/main.rs:180)
102.837176 [INFO ] NMEA $GPVTG,320.84,T,,M,0.75,N,1.39,K,A*39 (pico_gnss pico-gnss-rs/src/main.rs:427)
102.866196 [INFO ] NMEA $GPZDA,113203.000,08,06,2026,,*5C (pico_gnss pico-gnss-rs/src/main.rs:427)
102.900346 [INFO ] NMEA $GPGST,113203.000,7.3,23,15,69.1,16,22,35*75 (pico_gnss pico-gnss-rs/src/main.rs:427)
102.951325 [INFO ] TIME unix_ns=1780918324123842336 ppb=2371 holdover_ms=1123 locked=1 (pico_gnss pico-gnss-rs/src/main.rs:214)
103.119022 [INFO ] NMEA $GPGGA,113204.000,0000.0000,N,00000.0000,E,1,6,1.58,23.4,M,39.0,M,,*6E (pico_gnss pico-gnss-rs/src/main.rs:427)
103.177368 [INFO ] NMEA $GNGLL,0000.0000,N,00000.0000,E,113204.000,A,A*40 (pico_gnss pico-gnss-rs/src/main.rs:427)
103.237792 [INFO ] NMEA $GNGSA,A,3,12,15,20,24,10,,,,,,,,1.82,1.58,0.91*11 (pico_gnss pico-gnss-rs/src/main.rs:427)
103.267345 [INFO ] NMEA $GNGSA,A,3,73,,,,,,,,,,,,1.82,1.58,0.91*17 (pico_gnss pico-gnss-rs/src/main.rs:427)
103.354681 [INFO ] NMEA $GPGSV,4,1,14,23,62,215,,12,60,124,26,10,54,295,17,24,45,050,23*77 (pico_gnss pico-gnss-rs/src/main.rs:427)
103.413260 [INFO ] NMEA $GPGSV,4,2,14,25,41,184,,15,28,113,19,32,24,306,,28,09,252,*74 (pico_gnss pico-gnss-rs/src/main.rs:427)
103.475920 [INFO ] NMEA $GPGSV,4,3,14,20,06,111,19,19,02,057,22,18,01,208,,193,,,*77 (pico_gnss pico-gnss-rs/src/main.rs:427)
103.505287 [INFO ] NMEA $GPGSV,4,4,14,194,,,,195,,,*7D (pico_gnss pico-gnss-rs/src/main.rs:427)
103.563788 [INFO ] NMEA $GLGSV,2,1,08,74,78,197,,71,60,093,,72,50,340,,73,48,034,21*6C (pico_gnss pico-gnss-rs/src/main.rs:427)
103.651175 [INFO ] NMEA $GLGSV,2,2,08,75,23,208,,70,06,127,23,65,03,319,,88,01,312,*6A (pico_gnss pico-gnss-rs/src/main.rs:427)
103.709871 [INFO ] NMEA $GNRMC,113204.000,A,0000.0000,N,00000.0000,E,0.18,320.84,080626,,,A*79 (pico_gnss pico-gnss-rs/src/main.rs:427)
103.712441 [INFO ] SYNC pps_local_us=96000227 unix_s=1780918324 drift_us=2 err_ns=-3 holdover_ms=1001 (pico_gnss pico-gnss-rs/src/main.rs:458)
103.772070 [INFO ] NMEA $GPVTG,320.84,T,,M,0.18,N,0.33,K,A*39 (pico_gnss pico-gnss-rs/src/main.rs:427)
103.801456 [INFO ] NMEA $GPZDA,113204.000,08,06,2026,,*5B (pico_gnss pico-gnss-rs/src/main.rs:427)
103.827536 [INFO ] PPSGEN count=99 interval_ns=1000002400 dev_ns=2400 phase_ns=-1681367 hwphase_ns=-237488 (pico_gnss pico-gnss-rs/src/main.rs:271)
103.829048 [INFO ] PPS count=98 interval_us=1000002 interval_ns=1000002368 state=Locked missed=0 (pico_gnss pico-gnss-rs/src/main.rs:180)
103.833499 [INFO ] NMEA $GPGST,113204.000,7.2,23,15,68.5,16,22,35*76 (pico_gnss pico-gnss-rs/src/main.rs:427)
103.952586 [INFO ] TIME unix_ns=1780918325123485337 ppb=2371 holdover_ms=1123 locked=1 (pico_gnss pico-gnss-rs/src/main.rs:214)
104.161008 [INFO ] NMEA $GPGGA,113205.000,0000.0000,N,00000.0000,E,1,6,1.58,23.4,M,39.0,M,,*6D (pico_gnss pico-gnss-rs/src/main.rs:427)
104.219358 [INFO ] NMEA $GNGLL,0000.0000,N,00000.0000,E,113205.000,A,A*43 (pico_gnss pico-gnss-rs/src/main.rs:427)
104.282853 [INFO ] NMEA $GNGSA,A,3,12,15,20,24,10,,,,,,,,1.82,1.58,0.91*11 (pico_gnss pico-gnss-rs/src/main.rs:427)
104.312447 [INFO ] NMEA $GNGSA,A,3,73,,,,,,,,,,,,1.82,1.58,0.91*17 (pico_gnss pico-gnss-rs/src/main.rs:427)
104.399750 [INFO ] NMEA $GPGSV,4,1,14,23,62,215,,12,60,124,27,10,54,295,17,24,45,050,23*76 (pico_gnss pico-gnss-rs/src/main.rs:427)
104.458408 [INFO ] NMEA $GPGSV,4,2,14,25,41,184,,15,28,113,19,32,24,306,,28,09,252,*74 (pico_gnss pico-gnss-rs/src/main.rs:427)
104.521022 [INFO ] NMEA $GPGSV,4,3,14,20,06,111,19,19,02,057,22,18,01,208,,193,,,*77 (pico_gnss pico-gnss-rs/src/main.rs:427)
104.550404 [INFO ] NMEA $GPGSV,4,4,14,194,,,,195,,,*7D (pico_gnss pico-gnss-rs/src/main.rs:427)
104.608932 [INFO ] NMEA $GLGSV,2,1,08,74,78,197,,71,60,093,,72,50,340,,73,48,034,21*6C (pico_gnss pico-gnss-rs/src/main.rs:427)
104.696279 [INFO ] NMEA $GLGSV,2,2,08,75,23,208,,70,06,127,23,65,03,319,,88,01,312,*6A (pico_gnss pico-gnss-rs/src/main.rs:427)
104.754902 [INFO ] NMEA $GNRMC,113205.000,A,0000.0000,N,00000.0000,E,0.28,320.84,080626,,,A*79 (pico_gnss pico-gnss-rs/src/main.rs:427)
104.757482 [INFO ] SYNC pps_local_us=97000230 unix_s=1780918325 drift_us=2 err_ns=-2 holdover_ms=999 (pico_gnss pico-gnss-rs/src/main.rs:458)
104.788425 [INFO ] NMEA $GPVTG,320.84,T,,M,0.28,N,0.52,K,A*3D (pico_gnss pico-gnss-rs/src/main.rs:427)
104.827552 [INFO ] PPSGEN count=100 interval_ns=1000002384 dev_ns=2384 phase_ns=-1662366 hwphase_ns=-237472 (pico_gnss pico-gnss-rs/src/main.rs:271)
104.829075 [INFO ] PPS count=99 interval_us=1000002 interval_ns=1000002384 state=Locked missed=0 (pico_gnss pico-gnss-rs/src/main.rs:180)
104.846749 [INFO ] NMEA $GPZDA,113205.000,08,06,2026,,*5A (pico_gnss pico-gnss-rs/src/main.rs:427)
104.875098 [INFO ] NMEA $GPGST,113205.000,7.2,23,15,68.3,16,22,34*70 (pico_gnss pico-gnss-rs/src/main.rs:427)
104.953839 [INFO ] TIME unix_ns=1780918326124759333 ppb=2371 holdover_ms=1124 locked=1 (pico_gnss pico-gnss-rs/src/main.rs:214)
105.092726 [INFO ] NMEA $GPGGA,113206.000,0000.0000,N,00000.0000,E,1,6,1.57,23.4,M,39.0,M,,*60 (pico_gnss pico-gnss-rs/src/main.rs:427)
105.151063 [INFO ] NMEA $GNGLL,0000.0000,N,00000.0000,E,113206.000,A,A*41 (pico_gnss pico-gnss-rs/src/main.rs:427)
105.188887 [INFO ] NMEA $GNGSA,A,3,12,15,20,24,10,,,,,,,,1.82,1.57,0.91*1E (pico_gnss pico-gnss-rs/src/main.rs:427)
105.247165 [INFO ] NMEA $GNGSA,A,3,73,,,,,,,,,,,,1.82,1.57,0.91*18 (pico_gnss pico-gnss-rs/src/main.rs:427)
105.305779 [INFO ] NMEA $GPGSV,4,1,14,23,62,215,,12,60,124,27,10,54,295,17,24,45,050,23*76 (pico_gnss pico-gnss-rs/src/main.rs:427)
105.393160 [INFO ] NMEA $GPGSV,4,2,14,25,41,184,,15,28,113,19,32,24,306,,28,09,252,*74 (pico_gnss pico-gnss-rs/src/main.rs:427)
105.455789 [INFO ] NMEA $GPGSV,4,3,14,20,06,111,19,19,02,057,22,18,01,208,,193,,,*77 (pico_gnss pico-gnss-rs/src/main.rs:427)
105.485194 [INFO ] NMEA $GPGSV,4,4,14,194,,,,195,,,*7D (pico_gnss pico-gnss-rs/src/main.rs:427)
105.543712 [INFO ] NMEA $GLGSV,2,1,08,74,78,197,,71,60,093,,72,50,340,,73,48,034,21*6C (pico_gnss pico-gnss-rs/src/main.rs:427)
105.602272 [INFO ] NMEA $GLGSV,2,2,08,75,23,208,,70,06,127,23,65,03,319,,88,01,312,*6A (pico_gnss pico-gnss-rs/src/main.rs:427)
105.689740 [INFO ] NMEA $GNRMC,113206.000,A,0000.0000,N,00000.0000,E,0.46,320.84,080626,,,A*73 (pico_gnss pico-gnss-rs/src/main.rs:427)
105.692312 [INFO ] SYNC pps_local_us=98000232 unix_s=1780918326 drift_us=2 err_ns=13 holdover_ms=1000 (pico_gnss pico-gnss-rs/src/main.rs:458)
105.723361 [INFO ] NMEA $GPVTG,320.84,T,,M,0.46,N,0.86,K,A*3C (pico_gnss pico-gnss-rs/src/main.rs:427)
105.781295 [INFO ] NMEA $GPZDA,113206.000,08,06,2026,,*59 (pico_gnss pico-gnss-rs/src/main.rs:427)
105.806828 [INFO ] NMEA $GPGST,113206.000,7.1,23,15,67.5,16,22,34*79 (pico_gnss pico-gnss-rs/src/main.rs:427)
105.827519 [INFO ] PPSGEN count=101 interval_ns=1000002400 dev_ns=2400 phase_ns=-1690367 hwphase_ns=-237456 (pico_gnss pico-gnss-rs/src/main.rs:271)
105.829035 [INFO ] PPS count=100 interval_us=1000002 interval_ns=1000002384 state=Locked missed=0 (pico_gnss pico-gnss-rs/src/main.rs:180)
105.955013 [INFO ] TIME unix_ns=1780918327125984330 ppb=2372 holdover_ms=1125 locked=1 (pico_gnss pico-gnss-rs/src/main.rs:214)
106.097967 [INFO ] NMEA $GPGGA,113207.000,0000.0000,N,00000.0000,E,1,6,1.57,23.5,M,39.0,M,,*62 (pico_gnss pico-gnss-rs/src/main.rs:427)
106.156286 [INFO ] NMEA $GNGLL,0000.0000,N,00000.0000,E,113207.000,A,A*42 (pico_gnss pico-gnss-rs/src/main.rs:427)
106.197201 [INFO ] NMEA $GNGSA,A,3,12,15,20,24,10,,,,,,,,1.82,1.57,0.91*1E (pico_gnss pico-gnss-rs/src/main.rs:427)
106.255451 [INFO ] NMEA $GNGSA,A,3,73,,,,,,,,,,,,1.82,1.57,0.91*18 (pico_gnss pico-gnss-rs/src/main.rs:427)
106.314102 [INFO ] NMEA $GPGSV,4,1,14,23,62,215,,12,60,124,27,10,54,295,17,24,45,050,23*76 (pico_gnss pico-gnss-rs/src/main.rs:427)
106.401452 [INFO ] NMEA $GPGSV,4,2,14,25,41,184,,15,28,113,19,32,24,306,,28,09,252,*74 (pico_gnss pico-gnss-rs/src/main.rs:427)
106.464114 [INFO ] NMEA $GPGSV,4,3,14,20,06,111,19,19,02,057,22,18,01,208,,193,,,*77 (pico_gnss pico-gnss-rs/src/main.rs:427)
106.493468 [INFO ] NMEA $GPGSV,4,4,14,194,,,,195,,,*7D (pico_gnss pico-gnss-rs/src/main.rs:427)
106.551999 [INFO ] NMEA $GLGSV,2,1,08,74,78,197,,71,60,093,,72,50,340,,73,48,034,21*6C (pico_gnss pico-gnss-rs/src/main.rs:427)
106.610549 [INFO ] NMEA $GLGSV,2,2,08,75,23,208,,70,06,127,23,65,03,319,,88,01,312,*6A (pico_gnss pico-gnss-rs/src/main.rs:427)
106.698052 [INFO ] NMEA $GNRMC,113207.000,A,0000.0000,N,00000.0000,E,0.51,320.84,080626,,,A*76 (pico_gnss pico-gnss-rs/src/main.rs:427)
106.700638 [INFO ] SYNC pps_local_us=99000234 unix_s=1780918327 drift_us=2 err_ns=13 holdover_ms=999 (pico_gnss pico-gnss-rs/src/main.rs:458)
106.731620 [INFO ] NMEA $GPVTG,320.84,T,,M,0.51,N,0.95,K,A*38 (pico_gnss pico-gnss-rs/src/main.rs:427)
106.760926 [INFO ] NMEA $GPZDA,113207.000,08,06,2026,,*58 (pico_gnss pico-gnss-rs/src/main.rs:427)
106.811898 [INFO ] NMEA $GPGST,113207.000,7.0,23,15,66.3,17,22,34*7F (pico_gnss pico-gnss-rs/src/main.rs:427)
106.827521 [INFO ] PPSGEN count=102 interval_ns=1000002384 dev_ns=2384 phase_ns=-1647367 hwphase_ns=-237456 (pico_gnss pico-gnss-rs/src/main.rs:271)
106.829021 [INFO ] PPS count=101 interval_us=1000002 interval_ns=1000002368 state=Locked missed=0 (pico_gnss pico-gnss-rs/src/main.rs:180)
106.956160 [INFO ] TIME unix_ns=1780918328127186327 ppb=2372 holdover_ms=1127 locked=1 (pico_gnss pico-gnss-rs/src/main.rs:214)
107.102887 [INFO ] NMEA $GPGGA,113208.000,0000.0000,N,00000.0000,E,1,6,1.57,23.5,M,39.0,M,,*63 (pico_gnss pico-gnss-rs/src/main.rs:427)
107.161208 [INFO ] NMEA $GNGLL,0000.0000,N,00000.0000,E,113208.000,A,A*43 (pico_gnss pico-gnss-rs/src/main.rs:427)
107.205213 [INFO ] NMEA $GNGSA,A,3,12,15,20,24,10,,,,,,,,1.82,1.57,0.91*1E (pico_gnss pico-gnss-rs/src/main.rs:427)
107.263442 [INFO ] NMEA $GNGSA,A,3,73,,,,,,,,,,,,1.82,1.57,0.91*18 (pico_gnss pico-gnss-rs/src/main.rs:427)
107.322101 [INFO ] NMEA $GPGSV,4,1,14,23,62,215,,12,60,124,27,10,54,295,18,24,45,050,23*79 (pico_gnss pico-gnss-rs/src/main.rs:427)
107.380664 [INFO ] NMEA $GPGSV,4,2,14,25,41,184,,15,28,113,19,32,24,306,,28,09,252,*74 (pico_gnss pico-gnss-rs/src/main.rs:427)
107.472112 [INFO ] NMEA $GPGSV,4,3,14,20,06,111,19,19,02,057,22,18,01,208,,193,,,*77 (pico_gnss pico-gnss-rs/src/main.rs:427)
107.501502 [INFO ] NMEA $GPGSV,4,4,14,194,,,,195,,,*7D (pico_gnss pico-gnss-rs/src/main.rs:427)
107.560011 [INFO ] NMEA $GLGSV,2,1,08,74,78,197,,71,60,093,,72,50,340,,73,48,034,21*6C (pico_gnss pico-gnss-rs/src/main.rs:427)
107.618601 [INFO ] NMEA $GLGSV,2,2,08,75,23,208,,70,06,127,23,65,03,319,,88,01,312,*6A (pico_gnss pico-gnss-rs/src/main.rs:427)
107.706058 [INFO ] NMEA $GNRMC,113208.000,A,0000.0000,N,00000.0000,E,0.70,204.75,080626,,,A*7D (pico_gnss pico-gnss-rs/src/main.rs:427)
107.708629 [INFO ] SYNC pps_local_us=100000237 unix_s=1780918328 drift_us=2 err_ns=-3 holdover_ms=999 (pico_gnss pico-gnss-rs/src/main.rs:458)
107.739650 [INFO ] NMEA $GPVTG,204.75,T,,M,0.70,N,1.30,K,A*3C (pico_gnss pico-gnss-rs/src/main.rs:427)
107.768962 [INFO ] NMEA $GPZDA,113208.000,08,06,2026,,*57 (pico_gnss pico-gnss-rs/src/main.rs:427)
107.816781 [INFO ] NMEA $GPGST,113208.000,7.0,23,15,67.1,17,22,35*72 (pico_gnss pico-gnss-rs/src/main.rs:427)
107.827613 [INFO ] PPSGEN count=103 interval_ns=1000002400 dev_ns=2400 phase_ns=-1632367 hwphase_ns=-237424 (pico_gnss pico-gnss-rs/src/main.rs:271)
107.829146 [INFO ] PPS count=102 interval_us=1000002 interval_ns=1000002368 state=Locked missed=0 (pico_gnss pico-gnss-rs/src/main.rs:180)
107.957349 [INFO ] TIME unix_ns=1780918329128347325 ppb=2371 holdover_ms=1128 locked=1 (pico_gnss pico-gnss-rs/src/main.rs:214)
108.062940 [INFO ] NMEA $GPGGA,113209.000,0000.0000,N,00000.0000,E,1,6,1.57,23.4,M,39.0,M,,*68 (pico_gnss pico-gnss-rs/src/main.rs:427)
108.121272 [INFO ] NMEA $GNGLL,0000.0000,N,00000.0000,E,113209.000,A,A*49 (pico_gnss pico-gnss-rs/src/main.rs:427)
108.168320 [INFO ] NMEA $GNGSA,A,3,12,15,20,24,10,,,,,,,,1.82,1.57,0.91*1E (pico_gnss pico-gnss-rs/src/main.rs:427)
108.226608 [INFO ] NMEA $GNGSA,A,3,73,,,,,,,,,,,,1.82,1.57,0.91*18 (pico_gnss pico-gnss-rs/src/main.rs:427)
108.285219 [INFO ] NMEA $GPGSV,4,1,14,23,62,215,,12,60,124,27,10,54,295,18,24,45,050,23*79 (pico_gnss pico-gnss-rs/src/main.rs:427)
108.343819 [INFO ] NMEA $GPGSV,4,2,14,25,41,184,,15,28,113,19,32,24,306,,28,09,252,*74 (pico_gnss pico-gnss-rs/src/main.rs:427)
108.431048 [INFO ] NMEA $GPGSV,4,3,14,20,06,111,19,19,02,057,22,18,01,208,,193,,,*77 (pico_gnss pico-gnss-rs/src/main.rs:427)
108.464553 [INFO ] NMEA $GPGSV,4,4,14,194,,,,195,,,*7D (pico_gnss pico-gnss-rs/src/main.rs:427)
108.523106 [INFO ] NMEA $GLGSV,2,1,08,74,78,197,,71,60,093,,72,50,340,,73,48,034,21*6C (pico_gnss pico-gnss-rs/src/main.rs:427)
108.581705 [INFO ] NMEA $GLGSV,2,2,08,75,23,208,,70,06,127,23,65,03,319,,88,01,312,*6A (pico_gnss pico-gnss-rs/src/main.rs:427)
108.669171 [INFO ] NMEA $GNRMC,113209.000,A,0000.0000,N,00000.0000,E,0.80,267.74,080626,,,A*7C (pico_gnss pico-gnss-rs/src/main.rs:427)
108.671751 [INFO ] SYNC pps_local_us=101000239 unix_s=1780918329 drift_us=2 err_ns=-3 holdover_ms=1000 (pico_gnss pico-gnss-rs/src/main.rs:458)
108.702764 [INFO ] NMEA $GPVTG,267.74,T,,M,0.80,N,1.49,K,A*39 (pico_gnss pico-gnss-rs/src/main.rs:427)
108.732112 [INFO ] NMEA $GPZDA,113209.000,08,06,2026,,*56 (pico_gnss pico-gnss-rs/src/main.rs:427)
108.776809 [INFO ] NMEA $GPGST,113209.000,6.9,23,15,67.1,16,22,34*7B (pico_gnss pico-gnss-rs/src/main.rs:427)
108.827535 [INFO ] PPSGEN count=104 interval_ns=1000002384 dev_ns=2384 phase_ns=-1748367 hwphase_ns=-237408 (pico_gnss pico-gnss-rs/src/main.rs:271)
108.829034 [INFO ] PPS count=103 interval_us=1000002 interval_ns=1000002368 state=Locked missed=0 (pico_gnss pico-gnss-rs/src/main.rs:180)
108.958509 [INFO ] TIME unix_ns=1780918330129413322 ppb=2371 holdover_ms=1129 locked=1 (pico_gnss pico-gnss-rs/src/main.rs:214)
109.112061 [INFO ] NMEA $GPGGA,113210.000,0000.0000,N,00000.0000,E,1,6,1.57,23.3,M,39.0,M,,*65 (pico_gnss pico-gnss-rs/src/main.rs:427)
109.170386 [INFO ] NMEA $GNGLL,0000.0000,N,00000.0000,E,113210.000,A,A*43 (pico_gnss pico-gnss-rs/src/main.rs:427)
109.220543 [INFO ] NMEA $GNGSA,A,3,12,15,20,24,10,,,,,,,,1.82,1.57,0.91*1E (pico_gnss pico-gnss-rs/src/main.rs:427)
109.278828 [INFO ] NMEA $GNGSA,A,3,73,,,,,,,,,,,,1.82,1.57,0.91*18 (pico_gnss pico-gnss-rs/src/main.rs:427)
109.337455 [INFO ] NMEA $GPGSV,4,1,14,23,62,215,,12,60,124,27,10,54,295,18,24,45,050,24*7E (pico_gnss pico-gnss-rs/src/main.rs:427)
109.396058 [INFO ] NMEA $GPGSV,4,2,14,25,41,184,,15,28,113,18,32,24,306,,28,09,252,*75 (pico_gnss pico-gnss-rs/src/main.rs:427)
109.454592 [INFO ] NMEA $GPGSV,4,3,14,20,06,111,19,19,02,057,22,18,01,208,,193,,,*77 (pico_gnss pico-gnss-rs/src/main.rs:427)
109.487992 [INFO ] NMEA $GPGSV,4,4,14,194,,,,195,,,*7D (pico_gnss pico-gnss-rs/src/main.rs:427)
109.575327 [INFO ] NMEA $GLGSV,2,1,08,74,78,197,,71,60,093,,72,50,340,,73,48,034,20*6D (pico_gnss pico-gnss-rs/src/main.rs:427)
109.633944 [INFO ] NMEA $GLGSV,2,2,08,75,23,208,,70,06,127,24,65,03,319,,88,01,312,*6D (pico_gnss pico-gnss-rs/src/main.rs:427)
109.721400 [INFO ] NMEA $GNRMC,113210.000,A,0000.0000,N,00000.0000,E,0.15,267.74,080626,,,A*7A (pico_gnss pico-gnss-rs/src/main.rs:427)
109.723988 [INFO ] SYNC pps_local_us=102000242 unix_s=1780918330 drift_us=2 err_ns=-3 holdover_ms=999 (pico_gnss pico-gnss-rs/src/main.rs:458)
109.754928 [INFO ] NMEA $GPVTG,267.74,T,,M,0.15,N,0.28,K,A*33 (pico_gnss pico-gnss-rs/src/main.rs:427)
109.784249 [INFO ] NMEA $GPZDA,113210.000,08,06,2026,,*5E (pico_gnss pico-gnss-rs/src/main.rs:427)
109.825827 [INFO ] NMEA $GPGST,113210.000,6.8,23,15,67.7,16,22,34*74 (pico_gnss pico-gnss-rs/src/main.rs:427)
109.827389 [INFO ] PPS count=104 interval_us=1000002 interval_ns=1000002368 state=Locked missed=0 (pico_gnss pico-gnss-rs/src/main.rs:180)
109.828824 [INFO ] PPSGEN count=105 interval_ns=1000002400 dev_ns=2400 phase_ns=-337370 hwphase_ns=-239744 (pico_gnss pico-gnss-rs/src/main.rs:271)
109.959741 [INFO ] TIME unix_ns=1780918331130724319 ppb=2371 holdover_ms=1130 locked=1 (pico_gnss pico-gnss-rs/src/main.rs:214)
110.152027 [INFO ] NMEA $GPGGA,113211.000,0000.0000,N,00000.0000,E,1,6,1.57,23.3,M,39.0,M,,*6B (pico_gnss pico-gnss-rs/src/main.rs:427)
110.210352 [INFO ] NMEA $GNGLL,0000.0000,N,00000.0000,E,113211.000,A,A*4D (pico_gnss pico-gnss-rs/src/main.rs:427)
110.263588 [INFO ] NMEA $GNGSA,A,3,12,15,20,24,10,,,,,,,,1.82,1.57,0.91*1E (pico_gnss pico-gnss-rs/src/main.rs:427)
110.293108 [INFO ] NMEA $GNGSA,A,3,73,,,,,,,,,,,,1.82,1.57,0.91*18 (pico_gnss pico-gnss-rs/src/main.rs:427)
110.380454 [INFO ] NMEA $GPGSV,4,1,14,23,62,215,,12,60,124,27,10,54,295,18,24,45,050,24*7E (pico_gnss pico-gnss-rs/src/main.rs:427)
110.439090 [INFO ] NMEA $GPGSV,4,2,14,25,41,184,,15,28,113,18,32,24,306,,28,09,252,*75 (pico_gnss pico-gnss-rs/src/main.rs:427)
110.497602 [INFO ] NMEA $GPGSV,4,3,14,20,06,111,19,19,02,057,22,18,01,208,,193,,,*77 (pico_gnss pico-gnss-rs/src/main.rs:427)
110.531016 [INFO ] NMEA $GPGSV,4,4,14,194,,,,195,,,*7D (pico_gnss pico-gnss-rs/src/main.rs:427)
110.618394 [INFO ] NMEA $GLGSV,2,1,08,74,78,197,,71,60,093,,72,50,340,,73,48,034,20*6D (pico_gnss pico-gnss-rs/src/main.rs:427)
110.676957 [INFO ] NMEA $GLGSV,2,2,08,75,23,208,,70,06,127,24,65,03,319,,88,01,312,*6D (pico_gnss pico-gnss-rs/src/main.rs:427)
110.764347 [INFO ] NMEA $GNRMC,113211.000,A,0000.0000,N,00000.0000,E,0.37,267.74,080626,,,A*74 (pico_gnss pico-gnss-rs/src/main.rs:427)
110.766916 [INFO ] SYNC pps_local_us=103000244 unix_s=1780918331 drift_us=2 err_ns=-3 holdover_ms=998 (pico_gnss pico-gnss-rs/src/main.rs:458)
110.797884 [INFO ] NMEA $GPVTG,267.74,T,,M,0.37,N,0.68,K,A*37 (pico_gnss pico-gnss-rs/src/main.rs:427)
110.827535 [INFO ] PPS count=105 interval_us=1000002 interval_ns=1000002368 state=Locked missed=0 (pico_gnss pico-gnss-rs/src/main.rs:180)
110.829234 [INFO ] PPSGEN count=106 interval_ns=1001591952 dev_ns=1591952 phase_ns=1712625 hwphase_ns=1349840 (pico_gnss pico-gnss-rs/src/main.rs:271)
110.830393 [INFO ] NMEA $GPZDA,113211.000,08,06,2026,,*5F (pico_gnss pico-gnss-rs/src/main.rs:427)
110.865669 [INFO ] NMEA $GPGST,113211.000,6.8,23,15,68.0,16,22,34*7D (pico_gnss pico-gnss-rs/src/main.rs:427)
110.960986 [INFO ] TIME unix_ns=1780918332133585313 ppb=2371 holdover_ms=1133 locked=1 (pico_gnss pico-gnss-rs/src/main.rs:214)
111.064834 [INFO ] NMEA $GPGGA,113212.000,0000.0000,N,00000.0000,E,1,6,1.57,23.2,M,39.0,M,,*67 (pico_gnss pico-gnss-rs/src/main.rs:427)
111.123194 [INFO ] NMEA $GNGLL,0000.0000,N,00000.0000,E,113212.000,A,A*40 (pico_gnss pico-gnss-rs/src/main.rs:427)
111.179543 [INFO ] NMEA $GNGSA,A,3,12,15,20,24,10,,,,,,,,1.82,1.57,0.91*1E (pico_gnss pico-gnss-rs/src/main.rs:427)
111.209057 [INFO ] NMEA $GNGSA,A,3,73,,,,,,,,,,,,1.82,1.57,0.91*18 (pico_gnss pico-gnss-rs/src/main.rs:427)
111.296418 [INFO ] NMEA $GPGSV,4,1,14,23,62,215,,12,60,124,27,10,54,295,18,24,45,050,24*7E (pico_gnss pico-gnss-rs/src/main.rs:427)
111.354999 [INFO ] NMEA $GPGSV,4,2,14,25,41,184,,15,28,113,18,32,24,306,,28,09,252,*75 (pico_gnss pico-gnss-rs/src/main.rs:427)
111.413582 [INFO ] NMEA $GPGSV,4,3,14,20,06,111,19,19,02,057,22,18,01,208,,193,,,*77 (pico_gnss pico-gnss-rs/src/main.rs:427)
111.446969 [INFO ] NMEA $GPGSV,4,4,14,194,,,,195,,,*7D (pico_gnss pico-gnss-rs/src/main.rs:427)
111.534300 [INFO ] NMEA $GLGSV,2,1,08,74,78,197,,71,60,093,,72,50,340,,73,48,034,19*67 (pico_gnss pico-gnss-rs/src/main.rs:427)
111.592899 [INFO ] NMEA $GLGSV,2,2,08,75,23,208,,70,06,127,24,65,03,319,,88,01,312,*6D (pico_gnss pico-gnss-rs/src/main.rs:427)
111.651606 [INFO ] NMEA $GNRMC,113212.000,A,0000.0000,N,00000.0000,E,0.43,267.74,080626,,,A*7A (pico_gnss pico-gnss-rs/src/main.rs:427)
111.654181 [INFO ] SYNC pps_local_us=104000246 unix_s=1780918332 drift_us=2 err_ns=-3 holdover_ms=1000 (pico_gnss pico-gnss-rs/src/main.rs:458)
111.713935 [INFO ] NMEA $GPVTG,267.74,T,,M,0.43,N,0.79,K,A*34 (pico_gnss pico-gnss-rs/src/main.rs:427)
111.743284 [INFO ] NMEA $GPZDA,113212.000,08,06,2026,,*5C (pico_gnss pico-gnss-rs/src/main.rs:427)
111.778579 [INFO ] NMEA $GPGST,113212.000,6.7,23,15,67.7,16,22,34*79 (pico_gnss pico-gnss-rs/src/main.rs:427)
111.827536 [INFO ] PPS count=106 interval_us=1000002 interval_ns=1000002368 state=Locked missed=0 (pico_gnss pico-gnss-rs/src/main.rs:180)
111.829179 [INFO ] PPSGEN count=107 interval_ns=1000002384 dev_ns=2384 phase_ns=1569626 hwphase_ns=1349856 (pico_gnss pico-gnss-rs/src/main.rs:271)
111.962129 [INFO ] TIME unix_ns=1780918333134736310 ppb=2371 holdover_ms=1134 locked=1 (pico_gnss pico-gnss-rs/src/main.rs:214)
112.084829 [INFO ] NMEA $GPGGA,113213.000,0000.0000,N,00000.0000,E,1,6,1.57,23.3,M,39.0,M,,*64 (pico_gnss pico-gnss-rs/src/main.rs:427)
112.143150 [INFO ] NMEA $GNGLL,0000.0000,N,00000.0000,E,113213.000,A,A*42 (pico_gnss pico-gnss-rs/src/main.rs:427)
112.202550 [INFO ] NMEA $GNGSA,A,3,12,15,20,24,10,,,,,,,,1.82,1.57,0.91*1E (pico_gnss pico-gnss-rs/src/main.rs:427)
112.232123 [INFO ] NMEA $GNGSA,A,3,73,,,,,,,,,,,,1.82,1.57,0.91*18 (pico_gnss pico-gnss-rs/src/main.rs:427)
112.319440 [INFO ] NMEA $GPGSV,4,1,14,23,62,215,,12,60,124,27,10,54,295,18,24,45,050,24*7E (pico_gnss pico-gnss-rs/src/main.rs:427)
112.378019 [INFO ] NMEA $GPGSV,4,2,14,25,41,184,,15,28,113,18,32,24,306,,28,09,252,*75 (pico_gnss pico-gnss-rs/src/main.rs:427)
112.436589 [INFO ] NMEA $GPGSV,4,3,14,20,06,111,19,19,02,057,22,18,01,208,,193,,,*77 (pico_gnss pico-gnss-rs/src/main.rs:427)
112.469997 [INFO ] NMEA $GPGSV,4,4,14,194,,,,195,,,*7D (pico_gnss pico-gnss-rs/src/main.rs:427)
112.528526 [INFO ] NMEA $GLGSV,2,1,08,74,78,197,,71,60,093,,72,50,340,,73,48,034,19*67 (pico_gnss pico-gnss-rs/src/main.rs:427)
112.615933 [INFO ] NMEA $GLGSV,2,2,08,75,23,208,,70,06,127,24,65,03,319,,88,01,312,*6D (pico_gnss pico-gnss-rs/src/main.rs:427)
112.674626 [INFO ] NMEA $GNRMC,113213.000,A,0000.0000,N,00000.0000,E,0.72,357.52,080626,,,A*7C (pico_gnss pico-gnss-rs/src/main.rs:427)
112.677218 [INFO ] SYNC pps_local_us=105000249 unix_s=1780918333 drift_us=2 err_ns=-3 holdover_ms=1000 (pico_gnss pico-gnss-rs/src/main.rs:458)
112.736919 [INFO ] NMEA $GPVTG,357.52,T,,M,0.72,N,1.34,K,A*38 (pico_gnss pico-gnss-rs/src/main.rs:427)
112.766277 [INFO ] NMEA $GPZDA,113213.000,08,06,2026,,*5D (pico_gnss pico-gnss-rs/src/main.rs:427)
112.795707 [INFO ] NMEA $GPGST,113213.000,6.7,23,15,67.5,16,22,34*7A (pico_gnss pico-gnss-rs/src/main.rs:427)
112.827527 [INFO ] PPS count=107 interval_us=1000002 interval_ns=1000002352 state=Locked missed=0 (pico_gnss pico-gnss-rs/src/main.rs:180)
112.829187 [INFO ] PPSGEN count=108 interval_ns=1000002400 dev_ns=2400 phase_ns=1568626 hwphase_ns=1349904 (pico_gnss pico-gnss-rs/src/main.rs:271)
112.963263 [INFO ] TIME unix_ns=1780918334135850308 ppb=2370 holdover_ms=1135 locked=1 (pico_gnss pico-gnss-rs/src/main.rs:214)
113.102949 [INFO ] NMEA $GPGGA,113214.000,0000.0000,N,00000.0000,E,1,6,1.57,23.3,M,39.0,M,,*63 (pico_gnss pico-gnss-rs/src/main.rs:427)
113.161267 [INFO ] NMEA $GNGLL,0000.0000,N,00000.0000,E,113214.000,A,A*45 (pico_gnss pico-gnss-rs/src/main.rs:427)
113.223772 [INFO ] NMEA $GNGSA,A,3,12,15,20,24,10,,,,,,,,1.82,1.57,0.91*1E (pico_gnss pico-gnss-rs/src/main.rs:427)
113.253365 [INFO ] NMEA $GNGSA,A,3,73,,,,,,,,,,,,1.82,1.57,0.91*18 (pico_gnss pico-gnss-rs/src/main.rs:427)
113.340668 [INFO ] NMEA $GPGSV,4,1,14,23,62,215,,12,60,124,27,10,54,295,18,24,45,050,24*7E (pico_gnss pico-gnss-rs/src/main.rs:427)
113.399264 [INFO ] NMEA $GPGSV,4,2,14,25,41,184,,15,28,113,18,32,24,306,,28,09,252,*75 (pico_gnss pico-gnss-rs/src/main.rs:427)
113.457819 [INFO ] NMEA $GPGSV,4,3,14,20,06,111,19,19,02,057,22,18,01,208,,193,,,*77 (pico_gnss pico-gnss-rs/src/main.rs:427)
113.491216 [INFO ] NMEA $GPGSV,4,4,14,194,,,,195,,,*7D (pico_gnss pico-gnss-rs/src/main.rs:427)
113.549782 [INFO ] NMEA $GLGSV,2,1,08,74,78,197,,71,60,093,,72,50,340,,73,48,034,19*67 (pico_gnss pico-gnss-rs/src/main.rs:427)
113.637154 [INFO ] NMEA $GLGSV,2,2,08,75,23,208,,70,06,127,24,65,03,319,,88,01,312,*6D (pico_gnss pico-gnss-rs/src/main.rs:427)
113.695864 [INFO ] NMEA $GNRMC,113214.000,A,0000.0000,N,00000.0000,E,0.17,357.52,080626,,,A*78 (pico_gnss pico-gnss-rs/src/main.rs:427)
113.698435 [INFO ] SYNC pps_local_us=106000251 unix_s=1780918334 drift_us=2 err_ns=-18 holdover_ms=999 (pico_gnss pico-gnss-rs/src/main.rs:458)
113.753994 [INFO ] NMEA $GPVTG,357.52,T,,M,0.17,N,0.31,K,A*3F (pico_gnss pico-gnss-rs/src/main.rs:427)
113.787384 [INFO ] NMEA $GPZDA,113214.000,08,06,2026,,*5A (pico_gnss pico-gnss-rs/src/main.rs:427)
113.817111 [INFO ] NMEA $GPGST,113214.000,6.6,23,15,67.4,16,22,34*7D (pico_gnss pico-gnss-rs/src/main.rs:427)
113.827537 [INFO ] PPS count=108 interval_us=1000002 interval_ns=1000002368 state=Locked missed=0 (pico_gnss pico-gnss-rs/src/main.rs:180)
113.829187 [INFO ] PPSGEN count=109 interval_ns=1000002384 dev_ns=2384 phase_ns=1567626 hwphase_ns=1349920 (pico_gnss pico-gnss-rs/src/main.rs:271)
113.964408 [INFO ] TIME unix_ns=1780918335137002305 ppb=2370 holdover_ms=1137 locked=1 (pico_gnss pico-gnss-rs/src/main.rs:214)
114.060800 [INFO ] NMEA $GPGGA,113215.000,0000.0000,N,00000.0000,E,1,6,1.57,23.3,M,39.0,M,,*62 (pico_gnss pico-gnss-rs/src/main.rs:427)
114.119122 [INFO ] NMEA $GNGLL,0000.0000,N,00000.0000,E,113215.000,A,A*44 (pico_gnss pico-gnss-rs/src/main.rs:427)
114.177463 [INFO ] NMEA $GNGSA,A,3,12,15,20,24,10,,,,,,,,1.82,1.57,0.91*1E (pico_gnss pico-gnss-rs/src/main.rs:427)
114.214180 [INFO ] NMEA $GNGSA,A,3,73,,,,,,,,,,,,1.82,1.57,0.91*18 (pico_gnss pico-gnss-rs/src/main.rs:427)
114.272863 [INFO ] NMEA $GPGSV,4,1,14,23,62,215,,12,60,124,27,10,54,295,18,24,45,050,24*7E (pico_gnss pico-gnss-rs/src/main.rs:427)
114.360252 [INFO ] NMEA $GPGSV,4,2,14,25,41,184,,15,28,113,18,32,24,306,,28,09,252,*75 (pico_gnss pico-gnss-rs/src/main.rs:427)
114.418780 [INFO ] NMEA $GPGSV,4,3,14,20,06,111,19,19,02,057,22,18,01,208,,193,,,*77 (pico_gnss pico-gnss-rs/src/main.rs:427)
114.452197 [INFO ] NMEA $GPGSV,4,4,14,194,,,,195,,,*7D (pico_gnss pico-gnss-rs/src/main.rs:427)
114.510804 [INFO ] NMEA $GLGSV,2,1,08,74,78,197,,71,60,093,,72,50,340,,73,48,034,18*66 (pico_gnss pico-gnss-rs/src/main.rs:427)
114.598111 [INFO ] NMEA $GLGSV,2,2,08,75,23,208,,70,06,127,24,65,03,319,,88,01,312,*6D (pico_gnss pico-gnss-rs/src/main.rs:427)
114.656824 [INFO ] NMEA $GNRMC,113215.000,A,0000.0000,N,00000.0000,E,0.73,109.48,080626,,,A*79 (pico_gnss pico-gnss-rs/src/main.rs:427)
114.659382 [INFO ] SYNC pps_local_us=107000253 unix_s=1780918335 drift_us=2 err_ns=-2 holdover_ms=1000 (pico_gnss pico-gnss-rs/src/main.rs:458)
114.686558 [INFO ] NMEA $GPVTG,109.48,T,,M,0.73,N,1.36,K,A*39 (pico_gnss pico-gnss-rs/src/main.rs:427)
114.748412 [INFO ] NMEA $GPZDA,113215.000,08,06,2026,,*5B (pico_gnss pico-gnss-rs/src/main.rs:427)
114.775028 [INFO ] NMEA $GPGST,113215.000,6.5,23,15,67.4,16,22,34*7F (pico_gnss pico-gnss-rs/src/main.rs:427)
114.827533 [INFO ] PPS count=109 interval_us=1000002 interval_ns=1000002368 state=Locked missed=0 (pico_gnss pico-gnss-rs/src/main.rs:180)
114.829171 [INFO ] PPSGEN count=110 interval_ns=1000002400 dev_ns=2400 phase_ns=1540627 hwphase_ns=1349952 (pico_gnss pico-gnss-rs/src/main.rs:271)
114.965555 [INFO ] TIME unix_ns=1780918336138132303 ppb=2370 holdover_ms=1138 locked=1 (pico_gnss pico-gnss-rs/src/main.rs:214)
115.110921 [INFO ] NMEA $GPGGA,113216.000,0000.0000,N,00000.0000,E,1,6,1.57,23.3,M,39.0,M,,*60 (pico_gnss pico-gnss-rs/src/main.rs:427)
115.169236 [INFO ] NMEA $GNGLL,0000.0000,N,00000.0000,E,113216.000,A,A*46 (pico_gnss pico-gnss-rs/src/main.rs:427)
115.227575 [INFO ] NMEA $GNGSA,A,3,12,15,20,24,10,,,,,,,,1.82,1.57,0.91*1E (pico_gnss pico-gnss-rs/src/main.rs:427)
115.267443 [INFO ] NMEA $GNGSA,A,3,73,,,,,,,,,,,,1.82,1.57,0.91*18 (pico_gnss pico-gnss-rs/src/main.rs:427)
115.326101 [INFO ] NMEA $GPGSV,4,1,14,23,62,215,,12,60,124,27,10,54,295,18,24,45,050,24*7E (pico_gnss pico-gnss-rs/src/main.rs:427)
115.413436 [INFO ] NMEA $GPGSV,4,2,14,25,41,184,,15,28,113,18,32,24,306,,28,09,252,*75 (pico_gnss pico-gnss-rs/src/main.rs:427)
115.471962 [INFO ] NMEA $GPGSV,4,3,14,20,06,111,19,19,02,057,22,18,01,208,,193,,,*77 (pico_gnss pico-gnss-rs/src/main.rs:427)
115.505385 [INFO ] NMEA $GPGSV,4,4,14,194,,,,195,,,*7D (pico_gnss pico-gnss-rs/src/main.rs:427)
115.563963 [INFO ] NMEA $GLGSV,2,1,08,74,78,197,,71,60,093,,72,50,340,,73,48,034,18*66 (pico_gnss pico-gnss-rs/src/main.rs:427)
115.622525 [INFO ] NMEA $GLGSV,2,2,08,75,23,208,,70,06,127,24,65,03,319,,88,01,312,*6D (pico_gnss pico-gnss-rs/src/main.rs:427)
115.710042 [INFO ] NMEA $GNRMC,113216.000,A,0000.0000,N,00000.0000,E,0.48,109.48,080626,,,A*73 (pico_gnss pico-gnss-rs/src/main.rs:427)
115.712615 [INFO ] SYNC pps_local_us=108000256 unix_s=1780918336 drift_us=2 err_ns=-2 holdover_ms=999 (pico_gnss pico-gnss-rs/src/main.rs:458)
115.739729 [INFO ] NMEA $GPVTG,109.48,T,,M,0.48,N,0.89,K,A*34 (pico_gnss pico-gnss-rs/src/main.rs:427)
115.772786 [INFO ] NMEA $GPZDA,113216.000,08,06,2026,,*58 (pico_gnss pico-gnss-rs/src/main.rs:427)
115.824901 [INFO ] NMEA $GPGST,113216.000,6.5,23,15,67.4,16,22,34*7C (pico_gnss pico-gnss-rs/src/main.rs:427)
115.827538 [INFO ] PPS count=110 interval_us=1000002 interval_ns=1000002368 state=Locked missed=0 (pico_gnss pico-gnss-rs/src/main.rs:180)
115.829251 [INFO ] PPSGEN count=111 interval_ns=1000002384 dev_ns=2384 phase_ns=1552627 hwphase_ns=1349968 (pico_gnss pico-gnss-rs/src/main.rs:271)
115.966694 [INFO ] TIME unix_ns=1780918337139266300 ppb=2370 holdover_ms=1139 locked=1 (pico_gnss pico-gnss-rs/src/main.rs:214)
116.127870 [INFO ] NMEA $GPGGA,113217.000,0000.0000,N,00000.0000,E,1,6,1.57,23.3,M,39.0,M,,*63 (pico_gnss pico-gnss-rs/src/main.rs:427)
116.186223 [INFO ] NMEA $GNGLL,0000.0000,N,00000.0000,E,113217.000,A,A*45 (pico_gnss pico-gnss-rs/src/main.rs:427)
116.244554 [INFO ] NMEA $GNGSA,A,3,12,15,20,24,10,,,,,,,,1.82,1.57,0.91*1E (pico_gnss pico-gnss-rs/src/main.rs:427)
116.287419 [INFO ] NMEA $GNGSA,A,3,73,,,,,,,,,,,,1.82,1.57,0.91*18 (pico_gnss pico-gnss-rs/src/main.rs:427)
116.346079 [INFO ] NMEA $GPGSV,4,1,14,23,62,215,,12,60,124,27,10,54,295,18,24,45,050,24*7E (pico_gnss pico-gnss-rs/src/main.rs:427)
116.433399 [INFO ] NMEA $GPGSV,4,2,14,25,41,184,,15,28,113,18,32,24,306,,28,09,252,*75 (pico_gnss pico-gnss-rs/src/main.rs:427)
116.492006 [INFO ] NMEA $GPGSV,4,3,14,20,06,111,19,19,02,057,22,18,01,208,,193,,,*77 (pico_gnss pico-gnss-rs/src/main.rs:427)
116.525408 [INFO ] NMEA $GPGSV,4,4,14,194,,,,195,,,*7D (pico_gnss pico-gnss-rs/src/main.rs:427)
116.583967 [INFO ] NMEA $GLGSV,2,1,08,74,78,197,,71,60,093,,72,50,340,,73,48,034,18*66 (pico_gnss pico-gnss-rs/src/main.rs:427)
116.642565 [INFO ] NMEA $GLGSV,2,2,08,75,23,208,,70,06,127,24,65,03,319,,88,01,312,*6D (pico_gnss pico-gnss-rs/src/main.rs:427)
116.729992 [INFO ] NMEA $GNRMC,113217.000,A,0000.0000,N,00000.0000,E,0.83,172.84,080626,,,A*7B (pico_gnss pico-gnss-rs/src/main.rs:427)
116.732549 [INFO ] SYNC pps_local_us=109000258 unix_s=1780918337 drift_us=2 err_ns=-2 holdover_ms=1000 (pico_gnss pico-gnss-rs/src/main.rs:458)
116.759702 [INFO ] NMEA $GPVTG,172.84,T,,M,0.83,N,1.54,K,A*3E (pico_gnss pico-gnss-rs/src/main.rs:427)
116.792762 [INFO ] NMEA $GPZDA,113217.000,08,06,2026,,*59 (pico_gnss pico-gnss-rs/src/main.rs:427)
116.827552 [INFO ] PPS count=111 interval_us=1000002 interval_ns=1000002368 state=Locked missed=0 (pico_gnss pico-gnss-rs/src/main.rs:180)
116.829210 [INFO ] PPSGEN count=112 interval_ns=1000002400 dev_ns=2400 phase_ns=1591627 hwphase_ns=1350000 (pico_gnss pico-gnss-rs/src/main.rs:271)
116.842124 [INFO ] NMEA $GPGST,113217.000,6.4,23,15,67.3,16,22,34*7B (pico_gnss pico-gnss-rs/src/main.rs:427)
116.967922 [INFO ] TIME unix_ns=1780918338140410298 ppb=2370 holdover_ms=1140 locked=1 (pico_gnss pico-gnss-rs/src/main.rs:214)
117.050943 [INFO ] NMEA $GPGGA,113218.000,0000.0000,N,00000.0000,E,1,6,1.57,23.3,M,39.0,M,,*65 (pico_gnss pico-gnss-rs/src/main.rs:427)
117.109309 [INFO ] NMEA $GNGLL,0000.0000,N,00000.0000,E,113218.000,A,A*43 (pico_gnss pico-gnss-rs/src/main.rs:427)
117.167769 [INFO ] NMEA $GNGSA,A,3,12,15,20,24,10,,,,,,,,1.82,1.57,0.91*1E (pico_gnss pico-gnss-rs/src/main.rs:427)
117.213701 [INFO ] NMEA $GNGSA,A,3,73,,,,,,,,,,,,1.82,1.57,0.91*18 (pico_gnss pico-gnss-rs/src/main.rs:427)
117.272354 [INFO ] NMEA $GPGSV,4,1,14,23,62,215,,12,60,124,27,10,54,295,18,24,45,050,24*7E (pico_gnss pico-gnss-rs/src/main.rs:427)
117.330906 [INFO ] NMEA $GPGSV,4,2,14,25,41,184,,15,28,113,18,32,24,306,,28,09,252,*75 (pico_gnss pico-gnss-rs/src/main.rs:427)
117.418268 [INFO ] NMEA $GPGSV,4,3,14,20,06,111,19,19,02,057,22,18,01,208,,193,,,*77 (pico_gnss pico-gnss-rs/src/main.rs:427)
117.451690 [INFO ] NMEA $GPGSV,4,4,14,194,,,,195,,,*7D (pico_gnss pico-gnss-rs/src/main.rs:427)
117.510249 [INFO ] NMEA $GLGSV,2,1,08,74,78,197,,71,60,093,,72,50,340,,73,48,034,19*67 (pico_gnss pico-gnss-rs/src/main.rs:427)
117.568858 [INFO ] NMEA $GLGSV,2,2,08,75,23,208,,70,06,127,24,65,03,319,,88,01,312,*6D (pico_gnss pico-gnss-rs/src/main.rs:427)
117.656309 [INFO ] NMEA $GNRMC,113218.000,A,0000.0000,N,00000.0000,E,1.04,214.94,080626,,,A*71 (pico_gnss pico-gnss-rs/src/main.rs:427)
117.658913 [INFO ] SYNC pps_local_us=110000261 unix_s=1780918338 drift_us=2 err_ns=-2 holdover_ms=999 (pico_gnss pico-gnss-rs/src/main.rs:458)
117.686065 [INFO ] NMEA $GPVTG,214.94,T,,M,1.04,N,1.92,K,A*38 (pico_gnss pico-gnss-rs/src/main.rs:427)
117.719208 [INFO ] NMEA $GPZDA,113218.000,08,06,2026,,*56 (pico_gnss pico-gnss-rs/src/main.rs:427)
117.765042 [INFO ] NMEA $GPGST,113218.000,6.4,23,15,67.3,16,22,34*74 (pico_gnss pico-gnss-rs/src/main.rs:427)
117.827539 [INFO ] PPS count=112 interval_us=1000002 interval_ns=1000002352 state=Locked missed=0 (pico_gnss pico-gnss-rs/src/main.rs:180)
117.829150 [INFO ] PPSGEN count=113 interval_ns=1000002384 dev_ns=2384 phase_ns=1545627 hwphase_ns=1350032 (pico_gnss pico-gnss-rs/src/main.rs:271)
117.969068 [INFO ] TIME unix_ns=1780918339141657295 ppb=2370 holdover_ms=1141 locked=1 (pico_gnss pico-gnss-rs/src/main.rs:214)
118.070936 [INFO ] NMEA $GPGGA,113219.000,0000.0000,N,00000.0000,E,1,6,1.57,23.3,M,39.0,M,,*65 (pico_gnss pico-gnss-rs/src/main.rs:427)
118.129234 [INFO ] NMEA $GNGLL,0000.0000,N,00000.0000,E,113219.000,A,A*43 (pico_gnss pico-gnss-rs/src/main.rs:427)
118.187655 [INFO ] NMEA $GNGSA,A,3,12,15,20,24,10,,,,,,,,1.82,1.57,0.91*1E (pico_gnss pico-gnss-rs/src/main.rs:427)
118.236711 [INFO ] NMEA $GNGSA,A,3,73,,,,,,,,,,,,1.82,1.57,0.91*18 (pico_gnss pico-gnss-rs/src/main.rs:427)
118.295315 [INFO ] NMEA $GPGSV,4,1,14,23,62,215,,12,60,124,27,10,54,295,18,24,45,050,24*7E (pico_gnss pico-gnss-rs/src/main.rs:427)
118.353914 [INFO ] NMEA $GPGSV,4,2,14,25,41,184,,15,28,113,18,32,24,306,,28,09,252,*75 (pico_gnss pico-gnss-rs/src/main.rs:427)
118.441211 [INFO ] NMEA $GPGSV,4,3,14,20,06,111,19,19,02,057,22,18,01,208,,193,,,*77 (pico_gnss pico-gnss-rs/src/main.rs:427)
118.474639 [INFO ] NMEA $GPGSV,4,4,14,194,,,,195,,,*7D (pico_gnss pico-gnss-rs/src/main.rs:427)
118.533222 [INFO ] NMEA $GLGSV,2,1,08,74,78,197,,71,60,093,,72,50,340,,73,48,034,19*67 (pico_gnss pico-gnss-rs/src/main.rs:427)
118.591827 [INFO ] NMEA $GLGSV,2,2,08,75,23,208,,70,06,127,24,65,03,319,,88,01,312,*6D (pico_gnss pico-gnss-rs/src/main.rs:427)
118.679296 [INFO ] NMEA $GNRMC,113219.000,A,0000.0000,N,00000.0000,E,0.99,193.04,080626,,,A*71 (pico_gnss pico-gnss-rs/src/main.rs:427)
118.681852 [INFO ] SYNC pps_local_us=111000263 unix_s=1780918339 drift_us=2 err_ns=-17 holdover_ms=1000 (pico_gnss pico-gnss-rs/src/main.rs:458)
118.709046 [INFO ] NMEA $GPVTG,193.04,T,,M,0.99,N,1.83,K,A*38 (pico_gnss pico-gnss-rs/src/main.rs:427)
118.742141 [INFO ] NMEA $GPZDA,113219.000,08,06,2026,,*57 (pico_gnss pico-gnss-rs/src/main.rs:427)
118.784824 [INFO ] NMEA $GPGST,113219.000,6.3,23,15,67.5,16,22,34*74 (pico_gnss pico-gnss-rs/src/main.rs:427)
118.827543 [INFO ] PPS count=113 interval_us=1000002 interval_ns=1000002368 state=Locked missed=0 (pico_gnss pico-gnss-rs/src/main.rs:180)
118.829185 [INFO ] PPSGEN count=114 interval_ns=998946224 dev_ns=-1053776 phase_ns=1552627 hwphase_ns=293888 (pico_gnss pico-gnss-rs/src/main.rs:271)
118.970223 [INFO ] TIME unix_ns=1780918340142799293 ppb=2370 holdover_ms=1142 locked=1 (pico_gnss pico-gnss-rs/src/main.rs:214)
119.116928 [INFO ] NMEA $GPGGA,113220.000,0000.0000,N,00000.0000,E,1,6,1.57,23.2,M,39.0,M,,*6C (pico_gnss pico-gnss-rs/src/main.rs:427)
119.175237 [INFO ] NMEA $GNGLL,0000.0000,N,00000.0000,E,113220.000,A,A*4B (pico_gnss pico-gnss-rs/src/main.rs:427)
119.233645 [INFO ] NMEA $GNGSA,A,3,12,15,20,24,10,,,,,,,,1.82,1.57,0.91*1E (pico_gnss pico-gnss-rs/src/main.rs:427)
119.257028 [INFO ] NMEA $GNGSA,A,3,73,,,,,,,,,,,,1.82,1.57,0.91*18 (pico_gnss pico-gnss-rs/src/main.rs:427)
119.344321 [INFO ] NMEA $GPGSV,4,1,14,23,62,215,,12,60,124,27,10,54,295,18,24,45,050,24*7E (pico_gnss pico-gnss-rs/src/main.rs:427)
119.402932 [INFO ] NMEA $GPGSV,4,2,14,25,41,184,,15,28,113,18,32,24,306,,28,09,252,*75 (pico_gnss pico-gnss-rs/src/main.rs:427)
119.461460 [INFO ] NMEA $GPGSV,4,3,14,20,06,111,19,19,02,057,22,18,01,208,,193,,,*77 (pico_gnss pico-gnss-rs/src/main.rs:427)
119.519477 [INFO ] NMEA $GPGSV,4,4,14,194,,,,195,,,*7D (pico_gnss pico-gnss-rs/src/main.rs:427)
119.582293 [INFO ] NMEA $GLGSV,2,1,08,74,78,197,,71,60,093,,72,50,340,,73,48,034,19*67 (pico_gnss pico-gnss-rs/src/main.rs:427)
119.640856 [INFO ] NMEA $GLGSV,2,2,08,75,23,208,,70,06,127,24,65,03,319,,88,01,312,*6D (pico_gnss pico-gnss-rs/src/main.rs:427)
119.728334 [INFO ] NMEA $GNRMC,113220.000,A,0000.0000,N,00000.0000,E,0.62,204.72,080626,,,A*71 (pico_gnss pico-gnss-rs/src/main.rs:427)
119.730913 [INFO ] SYNC pps_local_us=112000265 unix_s=1780918340 drift_us=2 err_ns=-1 holdover_ms=1000 (pico_gnss pico-gnss-rs/src/main.rs:458)
119.758021 [INFO ] NMEA $GPVTG,204.72,T,,M,0.62,N,1.15,K,A*3F (pico_gnss pico-gnss-rs/src/main.rs:427)
119.791091 [INFO ] NMEA $GPZDA,113220.000,08,06,2026,,*5D (pico_gnss pico-gnss-rs/src/main.rs:427)
119.827557 [INFO ] PPS count=114 interval_us=1000002 interval_ns=1000002368 state=Locked missed=0 (pico_gnss pico-gnss-rs/src/main.rs:180)
119.829214 [INFO ] PPSGEN count=115 interval_ns=1000002384 dev_ns=2384 phase_ns=1582627 hwphase_ns=293904 (pico_gnss pico-gnss-rs/src/main.rs:271)
119.831079 [INFO ] NMEA $GPGST,113220.000,6.3,23,15,67.5,16,22,34*7E (pico_gnss pico-gnss-rs/src/main.rs:427)
119.971448 [INFO ] TIME unix_ns=1780918341143930290 ppb=2370 holdover_ms=1143 locked=1 (pico_gnss pico-gnss-rs/src/main.rs:214)
120.071853 [INFO ] NMEA $GPGGA,113221.000,0000.0000,N,00000.0000,E,1,6,1.57,23.1,M,39.0,M,,*60 (pico_gnss pico-gnss-rs/src/main.rs:427)
120.130185 [INFO ] NMEA $GNGLL,0000.0000,N,00000.0000,E,113221.000,A,A*44 (pico_gnss pico-gnss-rs/src/main.rs:427)
120.188605 [INFO ] NMEA $GNGSA,A,3,12,15,20,24,10,,,,,,,,1.82,1.57,0.91*1E (pico_gnss pico-gnss-rs/src/main.rs:427)
120.215018 [INFO ] NMEA $GNGSA,A,3,73,,,,,,,,,,,,1.82,1.57,0.91*18 (pico_gnss pico-gnss-rs/src/main.rs:427)
120.302390 [INFO ] NMEA $GPGSV,4,1,14,23,62,215,,12,60,124,27,10,54,295,18,24,45,050,24*7E (pico_gnss pico-gnss-rs/src/main.rs:427)
120.360967 [INFO ] NMEA $GPGSV,4,2,14,25,41,184,,15,28,113,18,32,24,306,,28,09,252,*75 (pico_gnss pico-gnss-rs/src/main.rs:427)
120.419543 [INFO ] NMEA $GPGSV,4,3,14,20,06,111,19,19,02,057,22,18,01,208,,193,,,*77 (pico_gnss pico-gnss-rs/src/main.rs:427)
120.448861 [INFO ] NMEA $GPGSV,4,4,14,194,,,,195,,,*7D (pico_gnss pico-gnss-rs/src/main.rs:427)
120.540268 [INFO ] NMEA $GLGSV,2,1,08,74,78,197,,71,60,093,,72,50,340,,73,48,034,19*67 (pico_gnss pico-gnss-rs/src/main.rs:427)
120.598851 [INFO ] NMEA $GLGSV,2,2,08,75,23,208,,70,06,127,24,65,03,319,,88,01,312,*6D (pico_gnss pico-gnss-rs/src/main.rs:427)
120.657582 [INFO ] NMEA $GNRMC,113221.000,A,0000.0000,N,00000.0000,E,1.16,194.20,080626,,,A*71 (pico_gnss pico-gnss-rs/src/main.rs:427)
120.660159 [INFO ] SYNC pps_local_us=113000268 unix_s=1780918341 drift_us=2 err_ns=-1 holdover_ms=999 (pico_gnss pico-gnss-rs/src/main.rs:458)
120.715810 [INFO ] NMEA $GPVTG,194.20,T,,M,1.16,N,2.14,K,A*32 (pico_gnss pico-gnss-rs/src/main.rs:427)
120.749139 [INFO ] NMEA $GPZDA,113221.000,08,06,2026,,*5C (pico_gnss pico-gnss-rs/src/main.rs:427)
120.785575 [INFO ] NMEA $GPGST,113221.000,6.2,23,15,66.8,16,22,34*72 (pico_gnss pico-gnss-rs/src/main.rs:427)
120.827548 [INFO ] PPS count=115 interval_us=1000002 interval_ns=1000002352 state=Locked missed=0 (pico_gnss pico-gnss-rs/src/main.rs:180)
120.829182 [INFO ] PPSGEN count=116 interval_ns=1000002400 dev_ns=2400 phase_ns=1555628 hwphase_ns=293952 (pico_gnss pico-gnss-rs/src/main.rs:271)
120.972594 [INFO ] TIME unix_ns=1780918342145172288 ppb=2369 holdover_ms=1145 locked=1 (pico_gnss pico-gnss-rs/src/main.rs:214)
121.116902 [INFO ] NMEA $GPGGA,113222.000,0000.0000,N,00000.0000,E,1,6,1.57,23.0,M,39.0,M,,*67 (pico_gnss pico-gnss-rs/src/main.rs:427)
121.175209 [INFO ] NMEA $GNGLL,0000.0000,N,00000.0000,E,113222.000,A,A*42 (pico_gnss pico-gnss-rs/src/main.rs:427)
121.233643 [INFO ] NMEA $GNGSA,A,3,12,15,20,24,10,,,,,,,,1.82,1.57,0.91*1E (pico_gnss pico-gnss-rs/src/main.rs:427)
121.263153 [INFO ] NMEA $GNGSA,A,3,73,,,,,,,,,,,,1.82,1.57,0.91*18 (pico_gnss pico-gnss-rs/src/main.rs:427)
121.350520 [INFO ] NMEA $GPGSV,4,1,14,23,62,215,,12,60,124,27,10,54,295,18,24,45,050,24*7E (pico_gnss pico-gnss-rs/src/main.rs:427)
121.409095 [INFO ] NMEA $GPGSV,4,2,14,25,41,184,,15,28,113,19,32,24,306,,28,09,252,*74 (pico_gnss pico-gnss-rs/src/main.rs:427)
121.467662 [INFO ] NMEA $GPGSV,4,3,14,20,06,111,19,19,02,057,22,18,01,208,,193,,,*77 (pico_gnss pico-gnss-rs/src/main.rs:427)
121.496983 [INFO ] NMEA $GPGSV,4,4,14,194,,,,195,,,*7D (pico_gnss pico-gnss-rs/src/main.rs:427)
121.559609 [INFO ] NMEA $GLGSV,2,1,08,74,78,197,,71,60,093,,72,50,340,,73,48,034,19*67 (pico_gnss pico-gnss-rs/src/main.rs:427)
121.647020 [INFO ] NMEA $GLGSV,2,2,08,75,23,208,,70,06,127,24,65,03,319,,88,01,312,*6D (pico_gnss pico-gnss-rs/src/main.rs:427)
121.705758 [INFO ] NMEA $GNRMC,113222.000,A,0000.0000,N,00000.0000,E,1.18,203.87,080626,,,A*79 (pico_gnss pico-gnss-rs/src/main.rs:427)
121.708342 [INFO ] SYNC pps_local_us=114000270 unix_s=1780918342 drift_us=2 err_ns=-16 holdover_ms=1000 (pico_gnss pico-gnss-rs/src/main.rs:458)
121.763921 [INFO ] NMEA $GPVTG,203.87,T,,M,1.18,N,2.19,K,A*31 (pico_gnss pico-gnss-rs/src/main.rs:427)
121.797237 [INFO ] NMEA $GPZDA,113222.000,08,06,2026,,*5F (pico_gnss pico-gnss-rs/src/main.rs:427)
121.826765 [INFO ] NMEA $GPGST,113222.000,6.2,23,15,66.1,16,22,34*78 (pico_gnss pico-gnss-rs/src/main.rs:427)
121.828554 [INFO ] PPSGEN count=117 interval_ns=1000002384 dev_ns=2384 phase_ns=915629 hwphase_ns=296336 (pico_gnss pico-gnss-rs/src/main.rs:271)
121.829724 [INFO ] PPS count=116 interval_us=1000002 interval_ns=1000002368 state=Locked missed=0 (pico_gnss pico-gnss-rs/src/main.rs:180)
121.973864 [INFO ] TIME unix_ns=1780918343146284285 ppb=2369 holdover_ms=1146 locked=1 (pico_gnss pico-gnss-rs/src/main.rs:214)
122.159827 [INFO ] NMEA $GPGGA,113223.000,0000.0000,N,00000.0000,E,1,6,1.57,22.9,M,39.0,M,,*6F (pico_gnss pico-gnss-rs/src/main.rs:427)
122.218175 [INFO ] NMEA $GNGLL,0000.0000,N,00000.0000,E,113223.000,A,A*42 (pico_gnss pico-gnss-rs/src/main.rs:427)
122.276599 [INFO ] NMEA $GNGSA,A,3,12,15,20,24,10,,,,,,,,1.82,1.57,0.91*1E (pico_gnss pico-gnss-rs/src/main.rs:427)
122.309134 [INFO ] NMEA $GNGSA,A,3,73,,,,,,,,,,,,1.82,1.57,0.91*18 (pico_gnss pico-gnss-rs/src/main.rs:427)
122.396530 [INFO ] NMEA $GPGSV,4,1,14,23,62,215,,12,60,124,27,10,54,295,18,24,45,050,24*7E (pico_gnss pico-gnss-rs/src/main.rs:427)
122.455125 [INFO ] NMEA $GPGSV,4,2,14,25,41,184,,15,28,113,19,32,24,306,,28,09,252,*74 (pico_gnss pico-gnss-rs/src/main.rs:427)
122.513681 [INFO ] NMEA $GPGSV,4,3,14,20,06,111,19,19,02,057,22,18,01,208,,193,,,*77 (pico_gnss pico-gnss-rs/src/main.rs:427)
122.543044 [INFO ] NMEA $GPGSV,4,4,14,194,,,,195,,,*7D (pico_gnss pico-gnss-rs/src/main.rs:427)
122.605626 [INFO ] NMEA $GLGSV,2,1,08,74,78,197,,71,60,093,,72,50,340,,73,48,034,19*67 (pico_gnss pico-gnss-rs/src/main.rs:427)
122.693021 [INFO ] NMEA $GLGSV,2,2,08,75,23,208,,70,06,127,24,65,03,319,,88,01,312,*6D (pico_gnss pico-gnss-rs/src/main.rs:427)
122.751653 [INFO ] NMEA $GNRMC,113223.000,A,0000.0000,N,00000.0000,E,0.96,180.38,080626,,,A*72 (pico_gnss pico-gnss-rs/src/main.rs:427)
122.754231 [INFO ] SYNC pps_local_us=115000272 unix_s=1780918343 drift_us=2 err_ns=0 holdover_ms=1002 (pico_gnss pico-gnss-rs/src/main.rs:458)
122.809794 [INFO ] NMEA $GPVTG,180.38,T,,M,0.96,N,1.78,K,A*3E (pico_gnss pico-gnss-rs/src/main.rs:427)
122.827555 [INFO ] PPS count=117 interval_us=1000002 interval_ns=1000002368 state=Locked missed=0 (pico_gnss pico-gnss-rs/src/main.rs:180)
122.829197 [INFO ] PPSGEN count=118 interval_ns=1000002400 dev_ns=2400 phase_ns=-656367 hwphase_ns=294000 (pico_gnss pico-gnss-rs/src/main.rs:271)
122.843204 [INFO ] NMEA $GPZDA,113223.000,08,06,2026,,*5E (pico_gnss pico-gnss-rs/src/main.rs:427)
122.873890 [INFO ] NMEA $GPGST,113223.000,6.1,23,15,67.4,16,22,34*7E (pico_gnss pico-gnss-rs/src/main.rs:427)
122.975128 [INFO ] TIME unix_ns=1780918344145353287 ppb=2369 holdover_ms=1145 locked=1 (pico_gnss pico-gnss-rs/src/main.rs:214)
123.106029 [INFO ] NMEA $GPGGA,113224.000,0000.0000,N,00000.0000,E,1,6,1.57,22.7,M,39.0,M,,*6A (pico_gnss pico-gnss-rs/src/main.rs:427)
123.164390 [INFO ] NMEA $GNGLL,0000.0000,N,00000.0000,E,113224.000,A,A*49 (pico_gnss pico-gnss-rs/src/main.rs:427)
123.222796 [INFO ] NMEA $GNGSA,A,3,12,15,20,24,10,,,,,,,,1.82,1.57,0.91*1E (pico_gnss pico-gnss-rs/src/main.rs:427)
123.258434 [INFO ] NMEA $GNGSA,A,3,73,,,,,,,,,,,,1.82,1.57,0.91*18 (pico_gnss pico-gnss-rs/src/main.rs:427)
123.317049 [INFO ] NMEA $GPGSV,4,1,14,23,62,215,,12,60,124,27,10,54,295,18,24,45,050,24*7E (pico_gnss pico-gnss-rs/src/main.rs:427)
123.404426 [INFO ] NMEA $GPGSV,4,2,14,25,41,184,,15,28,113,19,32,24,306,,28,09,252,*74 (pico_gnss pico-gnss-rs/src/main.rs:427)
123.462977 [INFO ] NMEA $GPGSV,4,3,14,20,06,111,19,19,02,057,22,18,01,208,,193,,,*77 (pico_gnss pico-gnss-rs/src/main.rs:427)
123.492345 [INFO ] NMEA $GPGSV,4,4,14,194,,,,195,,,*7D (pico_gnss pico-gnss-rs/src/main.rs:427)
123.554950 [INFO ] NMEA $GLGSV,2,1,08,74,78,197,,71,60,093,,72,50,340,,73,48,034,19*67 (pico_gnss pico-gnss-rs/src/main.rs:427)
123.642318 [INFO ] NMEA $GLGSV,2,2,08,75,23,208,,70,06,127,24,65,03,319,,88,01,312,*6D (pico_gnss pico-gnss-rs/src/main.rs:427)
123.701006 [INFO ] NMEA $GNRMC,113224.000,A,0000.0000,N,00000.0000,E,0.77,211.14,080626,,,A*73 (pico_gnss pico-gnss-rs/src/main.rs:427)
123.703602 [INFO ] SYNC pps_local_us=116000275 unix_s=1780918344 drift_us=2 err_ns=0 holdover_ms=997 (pico_gnss pico-gnss-rs/src/main.rs:458)
123.759210 [INFO ] NMEA $GPVTG,211.14,T,,M,0.77,N,1.42,K,A*3D (pico_gnss pico-gnss-rs/src/main.rs:427)
123.792573 [INFO ] NMEA $GPZDA,113224.000,08,06,2026,,*59 (pico_gnss pico-gnss-rs/src/main.rs:427)
123.820203 [INFO ] NMEA $GPGST,113224.000,6.1,23,15,67.4,16,22,33*7E (pico_gnss pico-gnss-rs/src/main.rs:427)
123.827550 [INFO ] PPS count=118 interval_us=1000002 interval_ns=1000002352 state=Locked missed=0 (pico_gnss pico-gnss-rs/src/main.rs:180)
123.829277 [INFO ] PPSGEN count=119 interval_ns=1000002384 dev_ns=2384 phase_ns=1566628 hwphase_ns=294032 (pico_gnss pico-gnss-rs/src/main.rs:271)
123.976272 [INFO ] TIME unix_ns=1780918345148843280 ppb=2368 holdover_ms=1148 locked=1 (pico_gnss pico-gnss-rs/src/main.rs:214)
124.148934 [INFO ] NMEA $GPGGA,113225.000,0000.0000,N,00000.0000,E,1,6,1.57,22.6,M,39.0,M,,*6D (pico_gnss pico-gnss-rs/src/main.rs:427)
124.207247 [INFO ] NMEA $GNGLL,0000.0000,N,00000.0000,E,113225.000,A,A*4F (pico_gnss pico-gnss-rs/src/main.rs:427)
124.265652 [INFO ] NMEA $GNGSA,A,3,12,15,20,24,10,,,,,,,,1.82,1.57,0.91*1E (pico_gnss pico-gnss-rs/src/main.rs:427)
124.304369 [INFO ] NMEA $GNGSA,A,3,73,,,,,,,,,,,,1.82,1.57,0.91*18 (pico_gnss pico-gnss-rs/src/main.rs:427)
124.363017 [INFO ] NMEA $GPGSV,4,1,14,23,62,215,,12,60,124,27,10,54,295,18,24,45,050,24*7E (pico_gnss pico-gnss-rs/src/main.rs:427)
124.450355 [INFO ] NMEA $GPGSV,4,2,14,25,41,184,,15,28,113,19,32,24,306,,28,09,252,*74 (pico_gnss pico-gnss-rs/src/main.rs:427)
124.508902 [INFO ] NMEA $GPGSV,4,3,14,20,06,111,19,19,02,057,22,18,01,208,,193,,,*77 (pico_gnss pico-gnss-rs/src/main.rs:427)
124.538257 [INFO ] NMEA $GPGSV,4,4,14,194,,,,195,,,*7D (pico_gnss pico-gnss-rs/src/main.rs:427)
124.600885 [INFO ] NMEA $GLGSV,2,1,08,74,78,197,,71,60,093,,72,50,340,,73,48,034,20*6D (pico_gnss pico-gnss-rs/src/main.rs:427)
124.659480 [INFO ] NMEA $GLGSV,2,2,08,75,23,208,,70,06,127,24,65,03,319,,88,01,312,*6D (pico_gnss pico-gnss-rs/src/main.rs:427)
124.746897 [INFO ] NMEA $GNRMC,113225.000,A,0000.0000,N,00000.0000,E,0.98,196.22,080626,,,A*7D (pico_gnss pico-gnss-rs/src/main.rs:427)
124.749483 [INFO ] SYNC pps_local_us=117000277 unix_s=1780918345 drift_us=2 err_ns=-16 holdover_ms=999 (pico_gnss pico-gnss-rs/src/main.rs:458)
124.776594 [INFO ] NMEA $GPVTG,196.22,T,,M,0.98,N,1.82,K,A*39 (pico_gnss pico-gnss-rs/src/main.rs:427)
124.827573 [INFO ] PPS count=119 interval_us=1000002 interval_ns=1000002368 state=Locked missed=0 (pico_gnss pico-gnss-rs/src/main.rs:180)
124.829206 [INFO ] PPSGEN count=120 interval_ns=1000002400 dev_ns=2400 phase_ns=1580628 hwphase_ns=294064 (pico_gnss pico-gnss-rs/src/main.rs:271)
124.838454 [INFO ] NMEA $GPZDA,113225.000,08,06,2026,,*58 (pico_gnss pico-gnss-rs/src/main.rs:427)
124.862898 [INFO ] NMEA $GPGST,113225.000,6.1,23,15,67.1,16,22,34*7D (pico_gnss pico-gnss-rs/src/main.rs:427)
124.977518 [INFO ] TIME unix_ns=1780918346149975277 ppb=2368 holdover_ms=1149 locked=1 (pico_gnss pico-gnss-rs/src/main.rs:214)
125.097061 [INFO ] NMEA $GPGGA,113226.000,0000.0000,N,00000.0000,E,1,6,1.57,22.5,M,39.0,M,,*60 (pico_gnss pico-gnss-rs/src/main.rs:427)
125.155395 [INFO ] NMEA $GNGLL,0000.0000,N,00000.0000,E,113226.000,A,A*41 (pico_gnss pico-gnss-rs/src/main.rs:427)
125.213802 [INFO ] NMEA $GNGSA,A,3,12,15,20,24,10,,,,,,,,1.82,1.57,0.91*1E (pico_gnss pico-gnss-rs/src/main.rs:427)
125.255617 [INFO ] NMEA $GNGSA,A,3,73,,,,,,,,,,,,1.82,1.57,0.91*18 (pico_gnss pico-gnss-rs/src/main.rs:427)
125.314273 [INFO ] NMEA $GPGSV,4,1,14,23,62,215,,12,60,124,27,10,54,295,18,24,45,050,24*7E (pico_gnss pico-gnss-rs/src/main.rs:427)
125.401595 [INFO ] NMEA $GPGSV,4,2,14,25,41,184,,15,28,113,19,32,24,306,,28,09,252,*74 (pico_gnss pico-gnss-rs/src/main.rs:427)
125.460145 [INFO ] NMEA $GPGSV,4,3,14,20,06,111,19,19,02,057,22,18,01,208,,193,,,*77 (pico_gnss pico-gnss-rs/src/main.rs:427)
125.489609 [INFO ] NMEA $GPGSV,4,4,14,194,,,,195,,,*7D (pico_gnss pico-gnss-rs/src/main.rs:427)
125.552221 [INFO ] NMEA $GLGSV,2,1,08,74,78,197,,71,60,093,,72,50,340,,73,48,034,20*6D (pico_gnss pico-gnss-rs/src/main.rs:427)
125.610804 [INFO ] NMEA $GLGSV,2,2,08,75,23,208,,70,06,127,24,65,03,319,,88,01,312,*6D (pico_gnss pico-gnss-rs/src/main.rs:427)
125.698317 [INFO ] NMEA $GNRMC,113226.000,A,0000.0000,N,00000.0000,E,0.28,196.22,080626,,,A*78 (pico_gnss pico-gnss-rs/src/main.rs:427)
125.700890 [INFO ] SYNC pps_local_us=118000279 unix_s=1780918346 drift_us=2 err_ns=0 holdover_ms=1000 (pico_gnss pico-gnss-rs/src/main.rs:458)
125.728005 [INFO ] NMEA $GPVTG,196.22,T,,M,0.28,N,0.52,K,A*3E (pico_gnss pico-gnss-rs/src/main.rs:427)
125.785634 [INFO ] NMEA $GPZDA,113226.000,08,06,2026,,*5B (pico_gnss pico-gnss-rs/src/main.rs:427)
125.811096 [INFO ] NMEA $GPGST,113226.000,6.0,23,15,67.4,16,22,35*7B (pico_gnss pico-gnss-rs/src/main.rs:427)
125.827566 [INFO ] PPS count=120 interval_us=1000002 interval_ns=1000002352 state=Locked missed=0 (pico_gnss pico-gnss-rs/src/main.rs:180)
125.829214 [INFO ] PPSGEN count=121 interval_ns=1000002384 dev_ns=2384 phase_ns=1573629 hwphase_ns=294096 (pico_gnss pico-gnss-rs/src/main.rs:271)
125.978661 [INFO ] TIME unix_ns=1780918347151238275 ppb=2368 holdover_ms=1151 locked=1 (pico_gnss pico-gnss-rs/src/main.rs:214)
126.138029 [INFO ] NMEA $GPGGA,113227.000,0000.0000,N,00000.0000,E,1,6,1.57,22.5,M,39.0,M,,*6B (pico_gnss pico-gnss-rs/src/main.rs:427)
126.196365 [INFO ] NMEA $GNGLL,0000.0000,N,00000.0000,E,113227.000,A,A*4A (pico_gnss pico-gnss-rs/src/main.rs:427)
126.254785 [INFO ] NMEA $GNGSA,A,3,12,15,20,24,10,,,,,,,,1.82,1.57,0.91*1E (pico_gnss pico-gnss-rs/src/main.rs:427)
126.299633 [INFO ] NMEA $GNGSA,A,3,73,,,,,,,,,,,,1.82,1.57,0.91*18 (pico_gnss pico-gnss-rs/src/main.rs:427)
126.358294 [INFO ] NMEA $GPGSV,4,1,14,23,62,215,,12,60,124,27,10,54,295,17,24,45,050,24*71 (pico_gnss pico-gnss-rs/src/main.rs:427)
126.416837 [INFO ] NMEA $GPGSV,4,2,14,25,41,184,,15,28,113,19,32,24,306,,28,09,252,*74 (pico_gnss pico-gnss-rs/src/main.rs:427)
126.504204 [INFO ] NMEA $GPGSV,4,3,14,20,06,111,18,19,02,057,22,18,01,208,,193,,,*76 (pico_gnss pico-gnss-rs/src/main.rs:427)
126.533546 [INFO ] NMEA $GPGSV,4,4,14,194,,,,195,,,*7D (pico_gnss pico-gnss-rs/src/main.rs:427)
126.596156 [INFO ] NMEA $GLGSV,2,1,08,74,78,197,,71,60,093,,72,50,340,,73,48,034,20*6D (pico_gnss pico-gnss-rs/src/main.rs:427)
126.654774 [INFO ] NMEA $GLGSV,2,2,08,75,23,208,,70,06,127,24,65,03,319,,88,01,312,*6D (pico_gnss pico-gnss-rs/src/main.rs:427)
126.742187 [INFO ] NMEA $GNRMC,113227.000,A,0000.0000,N,00000.0000,E,0.62,145.91,080626,,,A*7B (pico_gnss pico-gnss-rs/src/main.rs:427)
126.744757 [INFO ] SYNC pps_local_us=119000282 unix_s=1780918347 drift_us=2 err_ns=-15 holdover_ms=1000 (pico_gnss pico-gnss-rs/src/main.rs:458)
126.771899 [INFO ] NMEA $GPVTG,145.91,T,,M,0.62,N,1.15,K,A*34 (pico_gnss pico-gnss-rs/src/main.rs:427)
126.800963 [INFO ] NMEA $GPZDA,113227.000,08,06,2026,,*5A (pico_gnss pico-gnss-rs/src/main.rs:427)
126.827103 [INFO ] PPSGEN count=122 interval_ns=998996064 dev_ns=-1003936 phase_ns=-552366 hwphase_ns=-709840 (pico_gnss pico-gnss-rs/src/main.rs:271)
126.828637 [INFO ] PPS count=121 interval_us=1000002 interval_ns=1000002352 state=Locked missed=0 (pico_gnss pico-gnss-rs/src/main.rs:180)
126.851881 [INFO ] NMEA $GPGST,113227.000,6.0,23,15,67.9,16,22,34*76 (pico_gnss pico-gnss-rs/src/main.rs:427)
126.979897 [INFO ] TIME unix_ns=1780918348152343272 ppb=2367 holdover_ms=1152 locked=1 (pico_gnss pico-gnss-rs/src/main.rs:214)
127.083951 [INFO ] NMEA $GPGGA,113228.000,0000.0000,N,00000.0000,E,1,6,1.57,22.4,M,39.0,M,,*6E (pico_gnss pico-gnss-rs/src/main.rs:427)
127.142294 [INFO ] NMEA $GNGLL,0000.0000,N,00000.0000,E,113228.000,A,A*4E (pico_gnss pico-gnss-rs/src/main.rs:427)
127.200708 [INFO ] NMEA $GNGSA,A,3,12,15,20,24,10,,,,,,,,1.82,1.57,0.91*1E (pico_gnss pico-gnss-rs/src/main.rs:427)
127.248698 [INFO ] NMEA $GNGSA,A,3,73,,,,,,,,,,,,1.82,1.57,0.91*18 (pico_gnss pico-gnss-rs/src/main.rs:427)
127.307310 [INFO ] NMEA $GPGSV,4,1,14,23,62,215,,12,60,124,27,10,54,295,17,24,45,050,24*71 (pico_gnss pico-gnss-rs/src/main.rs:427)
127.365899 [INFO ] NMEA $GPGSV,4,2,14,25,41,184,,15,28,113,19,32,24,306,,28,09,252,*74 (pico_gnss pico-gnss-rs/src/main.rs:427)
127.453209 [INFO ] NMEA $GPGSV,4,3,14,20,06,111,18,19,02,057,22,18,01,208,,193,,,*76 (pico_gnss pico-gnss-rs/src/main.rs:427)
127.482601 [INFO ] NMEA $GPGSV,4,4,14,194,,,,195,,,*7D (pico_gnss pico-gnss-rs/src/main.rs:427)
127.545199 [INFO ] NMEA $GLGSV,2,1,08,74,78,197,,71,60,093,,72,50,340,,73,48,034,20*6D (pico_gnss pico-gnss-rs/src/main.rs:427)
127.603814 [INFO ] NMEA $GLGSV,2,2,08,75,23,208,,70,06,127,24,65,03,319,,88,01,312,*6D (pico_gnss pico-gnss-rs/src/main.rs:427)
127.691241 [INFO ] NMEA $GNRMC,113228.000,A,0000.0000,N,00000.0000,E,0.86,47.93,080626,,,A*44 (pico_gnss pico-gnss-rs/src/main.rs:427)
127.693805 [INFO ] SYNC pps_local_us=120000284 unix_s=1780918348 drift_us=2 err_ns=-15 holdover_ms=1001 (pico_gnss pico-gnss-rs/src/main.rs:458)
127.720980 [INFO ] NMEA $GPVTG,47.93,T,,M,0.86,N,1.59,K,A*07 (pico_gnss pico-gnss-rs/src/main.rs:427)
127.750091 [INFO ] NMEA $GPZDA,113228.000,08,06,2026,,*55 (pico_gnss pico-gnss-rs/src/main.rs:427)
127.795690 [INFO ] NMEA $GPGST,113228.000,6.0,23,15,68.1,16,22,34*7E (pico_gnss pico-gnss-rs/src/main.rs:427)
127.827117 [INFO ] PPSGEN count=123 interval_ns=1000002384 dev_ns=2384 phase_ns=-1652363 hwphase_ns=-709808 (pico_gnss pico-gnss-rs/src/main.rs:271)
127.828617 [INFO ] PPS count=122 interval_us=1000002 interval_ns=1000002368 state=Locked missed=0 (pico_gnss pico-gnss-rs/src/main.rs:180)
127.981052 [INFO ] TIME unix_ns=1780918349152468272 ppb=2367 holdover_ms=1152 locked=1 (pico_gnss pico-gnss-rs/src/main.rs:214)
128.112797 [INFO ] NMEA $GPGGA,113229.000,0000.0000,N,00000.0000,E,1,6,1.57,22.3,M,39.0,M,,*66 (pico_gnss pico-gnss-rs/src/main.rs:427)
128.171130 [INFO ] NMEA $GNGLL,0000.0000,N,00000.0000,E,113229.000,A,A*41 (pico_gnss pico-gnss-rs/src/main.rs:427)
128.229534 [INFO ] NMEA $GNGSA,A,3,12,15,20,24,10,,,,,,,,1.82,1.57,0.91*1E (pico_gnss pico-gnss-rs/src/main.rs:427)
128.259062 [INFO ] NMEA $GNGSA,A,3,73,,,,,,,,,,,,1.82,1.57,0.91*18 (pico_gnss pico-gnss-rs/src/main.rs:427)
128.341245 [INFO ] NMEA $GPGSV,4,1,14,23,62,215,,12,60,124,27,10,54,295,17,24,45,050,24*71 (pico_gnss pico-gnss-rs/src/main.rs:427)
128.399856 [INFO ] NMEA $GPGSV,4,2,14,25,41,184,,15,28,113,19,32,24,306,,28,09,252,*74 (pico_gnss pico-gnss-rs/src/main.rs:427)
128.458372 [INFO ] NMEA $GPGSV,4,3,14,20,06,111,18,19,02,057,22,18,01,208,,193,,,*76 (pico_gnss pico-gnss-rs/src/main.rs:427)
128.516459 [INFO ] NMEA $GPGSV,4,4,14,194,,,,195,,,*7D (pico_gnss pico-gnss-rs/src/main.rs:427)
128.579162 [INFO ] NMEA $GLGSV,2,1,08,74,78,197,,71,60,093,,72,50,340,,73,48,034,20*6D (pico_gnss pico-gnss-rs/src/main.rs:427)
128.637752 [INFO ] NMEA $GLGSV,2,2,08,75,23,208,,70,06,127,24,65,03,319,,88,01,312,*6D (pico_gnss pico-gnss-rs/src/main.rs:427)
128.725174 [INFO ] NMEA $GNRMC,113229.000,A,0000.0000,N,00000.0000,E,0.80,343.08,080626,,,A*78 (pico_gnss pico-gnss-rs/src/main.rs:427)
128.727754 [INFO ] SYNC pps_local_us=121000286 unix_s=1780918349 drift_us=2 err_ns=1 holdover_ms=999 (pico_gnss pico-gnss-rs/src/main.rs:458)
128.754880 [INFO ] NMEA $GPVTG,343.08,T,,M,0.80,N,1.49,K,A*35 (pico_gnss pico-gnss-rs/src/main.rs:427)
128.783957 [INFO ] NMEA $GPZDA,113229.000,08,06,2026,,*54 (pico_gnss pico-gnss-rs/src/main.rs:427)
128.827105 [INFO ] PPSGEN count=124 interval_ns=1000002400 dev_ns=2400 phase_ns=-1672363 hwphase_ns=-709776 (pico_gnss pico-gnss-rs/src/main.rs:271)
128.828634 [INFO ] PPS count=123 interval_us=1000002 interval_ns=1000002368 state=Locked missed=0 (pico_gnss pico-gnss-rs/src/main.rs:180)
128.829882 [INFO ] NMEA $GPGST,113229.000,5.9,23,15,67.8,16,22,33*74 (pico_gnss pico-gnss-rs/src/main.rs:427)
128.982300 [INFO ] TIME unix_ns=1780918350153669269 ppb=2367 holdover_ms=1153 locked=1 (pico_gnss pico-gnss-rs/src/main.rs:214)
129.155003 [INFO ] NMEA $GPGGA,113230.000,0000.0000,N,00000.0000,E,1,6,1.57,22.3,M,39.0,M,,*6F (pico_gnss pico-gnss-rs/src/main.rs:427)
129.213371 [INFO ] NMEA $GNGLL,0000.0000,N,00000.0000,E,113230.000,A,A*48 (pico_gnss pico-gnss-rs/src/main.rs:427)
129.271779 [INFO ] NMEA $GNGSA,A,3,12,15,20,24,10,,,,,,,,1.82,1.57,0.91*1E (pico_gnss pico-gnss-rs/src/main.rs:427)
129.301298 [INFO ] NMEA $GNGSA,A,3,73,,,,,,,,,,,,1.82,1.57,0.91*18 (pico_gnss pico-gnss-rs/src/main.rs:427)
129.386592 [INFO ] NMEA $GPGSV,4,1,14,23,62,215,,12,60,124,27,10,54,295,17,24,45,050,24*71 (pico_gnss pico-gnss-rs/src/main.rs:427)
129.445162 [INFO ] NMEA $GPGSV,4,2,14,25,41,184,,15,28,113,19,32,24,306,,28,09,252,*74 (pico_gnss pico-gnss-rs/src/main.rs:427)
129.503732 [INFO ] NMEA $GPGSV,4,3,14,20,06,111,18,19,02,057,22,18,01,208,,193,,,*76 (pico_gnss pico-gnss-rs/src/main.rs:427)
129.533065 [INFO ] NMEA $GPGSV,4,4,14,194,,,,195,,,*7D (pico_gnss pico-gnss-rs/src/main.rs:427)
129.624468 [INFO ] NMEA $GLGSV,2,1,08,74,78,197,,71,60,093,,72,50,340,,73,48,034,20*6D (pico_gnss pico-gnss-rs/src/main.rs:427)
129.683065 [INFO ] NMEA $GLGSV,2,2,08,75,23,208,,70,06,127,24,65,03,319,,88,01,312,*6D (pico_gnss pico-gnss-rs/src/main.rs:427)
129.742014 [INFO ] NMEA $GNRMC,113230.000,A,0000.0000,N,00000.0000,E,0.57,343.08,080626,,,A*7B (pico_gnss pico-gnss-rs/src/main.rs:427)
129.744585 [INFO ] SYNC pps_local_us=122000289 unix_s=1780918350 drift_us=2 err_ns=1 holdover_ms=1000 (pico_gnss pico-gnss-rs/src/main.rs:458)
129.800131 [INFO ] NMEA $GPVTG,343.08,T,,M,0.57,N,1.05,K,A*37 (pico_gnss pico-gnss-rs/src/main.rs:427)
129.827130 [INFO ] PPSGEN count=125 interval_ns=1000002384 dev_ns=2384 phase_ns=-1647363 hwphase_ns=-709760 (pico_gnss pico-gnss-rs/src/main.rs:271)
129.828636 [INFO ] PPS count=124 interval_us=1000002 interval_ns=1000002352 state=Locked missed=0 (pico_gnss pico-gnss-rs/src/main.rs:180)
129.830494 [INFO ] NMEA $GPZDA,113230.000,08,06,2026,,*5C (pico_gnss pico-gnss-rs/src/main.rs:427)
129.868835 [INFO ] NMEA $GPGST,113230.000,5.9,23,15,67.9,16,22,33*7D (pico_gnss pico-gnss-rs/src/main.rs:427)
129.983550 [INFO ] TIME unix_ns=1780918351154874267 ppb=2367 holdover_ms=1154 locked=1 (pico_gnss pico-gnss-rs/src/main.rs:214)
130.087071 [INFO ] NMEA $GPGGA,113231.000,0000.0000,N,00000.0000,E,1,6,1.57,22.2,M,39.0,M,,*61 (pico_gnss pico-gnss-rs/src/main.rs:427)
130.145412 [INFO ] NMEA $GNGLL,0000.0000,N,00000.0000,E,113231.000,A,A*47 (pico_gnss pico-gnss-rs/src/main.rs:427)
130.203839 [INFO ] NMEA $GNGSA,A,3,12,15,20,24,10,,,,,,,,1.82,1.57,0.91*1E (pico_gnss pico-gnss-rs/src/main.rs:427)
130.233345 [INFO ] NMEA $GNGSA,A,3,73,,,,,,,,,,,,1.82,1.57,0.91*18 (pico_gnss pico-gnss-rs/src/main.rs:427)
130.321728 [INFO ] NMEA $GPGSV,4,1,14,23,62,215,,12,60,124,26,10,54,295,17,24,45,050,24*70 (pico_gnss pico-gnss-rs/src/main.rs:427)
130.380287 [INFO ] NMEA $GPGSV,4,2,14,25,41,184,,15,28,113,19,32,24,306,,28,09,252,*74 (pico_gnss pico-gnss-rs/src/main.rs:427)
130.438882 [INFO ] NMEA $GPGSV,4,3,14,20,06,111,18,19,02,057,22,18,01,208,,193,,,*76 (pico_gnss pico-gnss-rs/src/main.rs:427)
130.468340 [INFO ] NMEA $GPGSV,4,4,14,194,,,,195,,,*7D (pico_gnss pico-gnss-rs/src/main.rs:427)
130.530935 [INFO ] NMEA $GLGSV,2,1,08,74,78,197,,71,60,093,,72,50,340,,73,48,034,20*6D (pico_gnss pico-gnss-rs/src/main.rs:427)
130.618303 [INFO ] NMEA $GLGSV,2,2,08,75,23,208,,70,06,128,24,65,03,319,,88,01,312,*62 (pico_gnss pico-gnss-rs/src/main.rs:427)
130.677018 [INFO ] NMEA $GNRMC,113231.000,A,0000.0000,N,00000.0000,E,0.44,343.08,080626,,,A*76 (pico_gnss pico-gnss-rs/src/main.rs:427)
130.679608 [INFO ] SYNC pps_local_us=123000291 unix_s=1780918351 drift_us=2 err_ns=-14 holdover_ms=1000 (pico_gnss pico-gnss-rs/src/main.rs:458)
130.735234 [INFO ] NMEA $GPVTG,343.08,T,,M,0.44,N,0.82,K,A*3B (pico_gnss pico-gnss-rs/src/main.rs:427)
130.764549 [INFO ] NMEA $GPZDA,113231.000,08,06,2026,,*5D (pico_gnss pico-gnss-rs/src/main.rs:427)
130.797999 [INFO ] NMEA $GPGST,113231.000,5.9,23,15,68.0,16,22,34*7D (pico_gnss pico-gnss-rs/src/main.rs:427)
130.827111 [INFO ] PPSGEN count=126 interval_ns=1000002384 dev_ns=2384 phase_ns=-1675362 hwphase_ns=-709728 (pico_gnss pico-gnss-rs/src/main.rs:271)
130.828616 [INFO ] PPS count=125 interval_us=1000002 interval_ns=1000002352 state=Locked missed=0 (pico_gnss pico-gnss-rs/src/main.rs:180)
130.984717 [INFO ] TIME unix_ns=1780918352156123265 ppb=2366 holdover_ms=1156 locked=1 (pico_gnss pico-gnss-rs/src/main.rs:214)
131.128975 [INFO ] NMEA $GPGGA,113232.000,0000.0000,N,00000.0000,E,1,6,1.57,22.1,M,39.0,M,,*64 (pico_gnss pico-gnss-rs/src/main.rs:427)
131.187286 [INFO ] NMEA $GNGLL,0000.0000,N,00000.0000,E,113232.000,A,A*41 (pico_gnss pico-gnss-rs/src/main.rs:427)
131.245712 [INFO ] NMEA $GNGSA,A,3,12,15,20,24,10,,,,,,,,1.82,1.57,0.91*1E (pico_gnss pico-gnss-rs/src/main.rs:427)
131.275217 [INFO ] NMEA $GNGSA,A,3,73,,,,,,,,,,,,1.82,1.57,0.91*18 (pico_gnss pico-gnss-rs/src/main.rs:427)
131.366694 [INFO ] NMEA $GPGSV,4,1,14,23,62,215,,12,60,124,26,10,54,295,17,24,45,050,24*70 (pico_gnss pico-gnss-rs/src/main.rs:427)
131.425291 [INFO ] NMEA $GPGSV,4,2,14,25,41,184,,15,28,113,19,32,24,306,,28,09,252,*74 (pico_gnss pico-gnss-rs/src/main.rs:427)
131.483852 [INFO ] NMEA $GPGSV,4,3,14,20,06,111,18,19,02,057,22,18,01,208,,193,,,*76 (pico_gnss pico-gnss-rs/src/main.rs:427)
131.513226 [INFO ] NMEA $GPGSV,4,4,14,194,,,,195,,,*7D (pico_gnss pico-gnss-rs/src/main.rs:427)
131.575787 [INFO ] NMEA $GLGSV,2,1,08,74,78,197,,71,59,095,,72,50,340,,73,48,034,20*61 (pico_gnss pico-gnss-rs/src/main.rs:427)
131.663207 [INFO ] NMEA $GLGSV,2,2,08,75,23,208,,70,06,128,24,65,03,319,,88,01,312,*62 (pico_gnss pico-gnss-rs/src/main.rs:427)
131.721910 [INFO ] NMEA $GNRMC,113232.000,A,0000.0000,N,00000.0000,E,0.88,112.59,080626,,,A*72 (pico_gnss pico-gnss-rs/src/main.rs:427)
131.724487 [INFO ] SYNC pps_local_us=124000294 unix_s=1780918352 drift_us=2 err_ns=-14 holdover_ms=999 (pico_gnss pico-gnss-rs/src/main.rs:458)
131.780009 [INFO ] NMEA $GPVTG,112.59,T,,M,0.88,N,1.63,K,A*37 (pico_gnss pico-gnss-rs/src/main.rs:427)
131.809348 [INFO ] NMEA $GPZDA,113232.000,08,06,2026,,*5E (pico_gnss pico-gnss-rs/src/main.rs:427)
131.827222 [INFO ] PPSGEN count=127 interval_ns=1000002384 dev_ns=2384 phase_ns=-1627362 hwphase_ns=-709696 (pico_gnss pico-gnss-rs/src/main.rs:271)
131.828756 [INFO ] PPS count=126 interval_us=1000002 interval_ns=1000002368 state=Locked missed=0 (pico_gnss pico-gnss-rs/src/main.rs:180)
131.843116 [INFO ] NMEA $GPGST,113232.000,5.8,23,15,67.9,16,22,33*7E (pico_gnss pico-gnss-rs/src/main.rs:427)
131.985941 [INFO ] TIME unix_ns=1780918353157297262 ppb=2366 holdover_ms=1157 locked=1 (pico_gnss pico-gnss-rs/src/main.rs:214)
132.169951 [INFO ] NMEA $GPGGA,113233.000,0000.0000,N,00000.0000,E,1,6,1.57,22.0,M,39.0,M,,*6A (pico_gnss pico-gnss-rs/src/main.rs:427)
132.228321 [INFO ] NMEA $GNGLL,0000.0000,N,00000.0000,E,113233.000,A,A*4E (pico_gnss pico-gnss-rs/src/main.rs:427)
132.286722 [INFO ] NMEA $GNGSA,A,3,12,15,20,24,10,,,,,,,,1.82,1.57,0.91*1E (pico_gnss pico-gnss-rs/src/main.rs:427)
132.316252 [INFO ] NMEA $GNGSA,A,3,73,,,,,,,,,,,,1.82,1.57,0.91*18 (pico_gnss pico-gnss-rs/src/main.rs:427)
132.381971 [INFO ] NMEA $GPGSV,4,1,14,23,62,215,,12,60,124,26,10,54,295,17,24,45,050,24*70 (pico_gnss pico-gnss-rs/src/main.rs:427)
132.469369 [INFO ] NMEA $GPGSV,4,2,14,25,41,184,,15,28,113,19,32,24,306,,28,09,252,*74 (pico_gnss pico-gnss-rs/src/main.rs:427)
132.527904 [INFO ] NMEA $GPGSV,4,3,14,20,06,111,18,19,02,057,22,18,01,208,,193,,,*76 (pico_gnss pico-gnss-rs/src/main.rs:427)
132.557261 [INFO ] NMEA $GPGSV,4,4,14,194,,,,195,,,*7D (pico_gnss pico-gnss-rs/src/main.rs:427)
132.619893 [INFO ] NMEA $GLGSV,2,1,08,74,78,197,,71,59,095,,72,51,340,,73,48,034,20*60 (pico_gnss pico-gnss-rs/src/main.rs:427)
132.707225 [INFO ] NMEA $GLGSV,2,2,08,75,23,208,,70,06,128,24,65,03,319,,88,01,312,*62 (pico_gnss pico-gnss-rs/src/main.rs:427)
132.765888 [INFO ] NMEA $GNRMC,113233.000,A,0000.0000,N,00000.0000,E,0.86,69.66,080626,,,A*42 (pico_gnss pico-gnss-rs/src/main.rs:427)
132.768447 [INFO ] SYNC pps_local_us=125000296 unix_s=1780918353 drift_us=2 err_ns=2 holdover_ms=1000 (pico_gnss pico-gnss-rs/src/main.rs:458)
132.795531 [INFO ] NMEA $GPVTG,69.66,T,,M,0.86,N,1.59,K,A*01 (pico_gnss pico-gnss-rs/src/main.rs:427)
132.827141 [INFO ] PPSGEN count=128 interval_ns=1000002384 dev_ns=2384 phase_ns=-1783362 hwphase_ns=-709680 (pico_gnss pico-gnss-rs/src/main.rs:271)
132.828657 [INFO ] PPS count=127 interval_us=1000002 interval_ns=1000002368 state=Locked missed=0 (pico_gnss pico-gnss-rs/src/main.rs:180)
132.853629 [INFO ] NMEA $GPZDA,113233.000,08,06,2026,,*5F (pico_gnss pico-gnss-rs/src/main.rs:427)
132.882181 [INFO ] NMEA $GPGST,113233.000,5.8,23,15,68.0,16,22,33*79 (pico_gnss pico-gnss-rs/src/main.rs:427)
132.987207 [INFO ] TIME unix_ns=1780918354158408259 ppb=2367 holdover_ms=1158 locked=1 (pico_gnss pico-gnss-rs/src/main.rs:214)
133.114982 [INFO ] NMEA $GPGGA,113234.000,0000.0000,N,00000.0000,E,1,6,1.57,21.9,M,39.0,M,,*66 (pico_gnss pico-gnss-rs/src/main.rs:427)
133.173340 [INFO ] NMEA $GNGLL,0000.0000,N,00000.0000,E,113234.000,A,A*48 (pico_gnss pico-gnss-rs/src/main.rs:427)
133.231747 [INFO ] NMEA $GNGSA,A,3,12,15,20,24,10,,,,,,,,1.82,1.57,0.91*1E (pico_gnss pico-gnss-rs/src/main.rs:427)
133.261279 [INFO ] NMEA $GNGSA,A,3,73,,,,,,,,,,,,1.82,1.57,0.91*18 (pico_gnss pico-gnss-rs/src/main.rs:427)
133.332172 [INFO ] NMEA $GPGSV,4,1,14,23,62,215,,12,60,124,26,10,54,295,17,24,45,050,24*70 (pico_gnss pico-gnss-rs/src/main.rs:427)
133.419546 [INFO ] NMEA $GPGSV,4,2,14,25,41,184,,15,28,113,19,32,24,306,,28,09,252,*74 (pico_gnss pico-gnss-rs/src/main.rs:427)
133.478080 [INFO ] NMEA $GPGSV,4,3,14,20,06,111,18,19,02,057,22,18,01,208,,193,,,*76 (pico_gnss pico-gnss-rs/src/main.rs:427)
133.507470 [INFO ] NMEA $GPGSV,4,4,14,194,,,,195,,,*7D (pico_gnss pico-gnss-rs/src/main.rs:427)
133.570083 [INFO ] NMEA $GLGSV,2,1,08,74,78,197,,71,59,095,,72,51,340,,73,47,034,20*6F (pico_gnss pico-gnss-rs/src/main.rs:427)
133.628656 [INFO ] NMEA $GLGSV,2,2,08,75,23,208,,70,06,128,24,65,03,319,,88,01,312,*62 (pico_gnss pico-gnss-rs/src/main.rs:427)
133.716147 [INFO ] NMEA $GNRMC,113234.000,A,0000.0000,N,00000.0000,E,0.76,11.08,080626,,,A*4C (pico_gnss pico-gnss-rs/src/main.rs:427)
133.718723 [INFO ] SYNC pps_local_us=126000298 unix_s=1780918354 drift_us=2 err_ns=2 holdover_ms=999 (pico_gnss pico-gnss-rs/src/main.rs:458)
133.745788 [INFO ] NMEA $GPVTG,11.08,T,,M,0.76,N,1.41,K,A*00 (pico_gnss pico-gnss-rs/src/main.rs:427)
133.774865 [INFO ] NMEA $GPZDA,113234.000,08,06,2026,,*58 (pico_gnss pico-gnss-rs/src/main.rs:427)
133.827365 [INFO ] PPSGEN count=129 interval_ns=1000002384 dev_ns=2384 phase_ns=-1468363 hwphase_ns=-709664 (pico_gnss pico-gnss-rs/src/main.rs:271)
133.828880 [INFO ] PPS count=128 interval_us=1000002 interval_ns=1000002352 state=Locked missed=0 (pico_gnss pico-gnss-rs/src/main.rs:180)
133.830604 [INFO ] NMEA $GPGST,113234.000,5.8,23,15,68.0,16,22,34*79 (pico_gnss pico-gnss-rs/src/main.rs:427)
133.988452 [INFO ] TIME unix_ns=1780918355159765256 ppb=2366 holdover_ms=1159 locked=1 (pico_gnss pico-gnss-rs/src/main.rs:214)
134.166971 [INFO ] NMEA $GPGGA,113235.000,0000.0000,N,00000.0000,E,1,6,1.57,21.9,M,39.0,M,,*6B (pico_gnss pico-gnss-rs/src/main.rs:427)
134.225332 [INFO ] NMEA $GNGLL,0000.0000,N,00000.0000,E,113235.000,A,A*45 (pico_gnss pico-gnss-rs/src/main.rs:427)
134.283740 [INFO ] NMEA $GNGSA,A,3,12,15,20,24,10,,,,,,,,1.82,1.57,0.91*1E (pico_gnss pico-gnss-rs/src/main.rs:427)
134.313267 [INFO ] NMEA $GNGSA,A,3,73,,,,,,,,,,,,1.82,1.57,0.91*18 (pico_gnss pico-gnss-rs/src/main.rs:427)
134.389274 [INFO ] NMEA $GPGSV,4,1,14,23,62,215,,12,60,124,27,10,54,295,17,24,45,050,24*71 (pico_gnss pico-gnss-rs/src/main.rs:427)
134.447905 [INFO ] NMEA $GPGSV,4,2,14,25,41,184,,15,28,113,19,32,24,306,,28,09,252,*74 (pico_gnss pico-gnss-rs/src/main.rs:427)
134.535210 [INFO ] NMEA $GPGSV,4,3,14,20,06,111,18,19,02,057,22,18,01,208,,193,,,*76 (pico_gnss pico-gnss-rs/src/main.rs:427)
134.564590 [INFO ] NMEA $GPGSV,4,4,14,194,,,,195,,,*7D (pico_gnss pico-gnss-rs/src/main.rs:427)
134.627156 [INFO ] NMEA $GLGSV,2,1,08,74,79,198,,71,59,095,,72,51,340,,73,47,034,20*61 (pico_gnss pico-gnss-rs/src/main.rs:427)
134.685799 [INFO ] NMEA $GLGSV,2,2,08,75,23,208,,70,06,128,24,65,03,319,,88,01,312,*62 (pico_gnss pico-gnss-rs/src/main.rs:427)
134.773117 [INFO ] NMEA $GNRMC,113235.000,A,0000.0000,N,00000.0000,E,0.54,11.08,080626,,,A*41 (pico_gnss pico-gnss-rs/src/main.rs:427)
134.775683 [INFO ] SYNC pps_local_us=127000301 unix_s=1780918355 drift_us=2 err_ns=-14 holdover_ms=1000 (pico_gnss pico-gnss-rs/src/main.rs:458)
134.802797 [INFO ] NMEA $GPVTG,11.08,T,,M,0.54,N,0.99,K,A*04 (pico_gnss pico-gnss-rs/src/main.rs:427)
134.827591 [INFO ] PPS count=129 interval_us=1000002 interval_ns=1000002352 state=Locked missed=0 (pico_gnss pico-gnss-rs/src/main.rs:180)
134.829217 [INFO ] PPSGEN count=130 interval_ns=1001071360 dev_ns=1071360 phase_ns=229634 hwphase_ns=356992 (pico_gnss pico-gnss-rs/src/main.rs:271)
134.832208 [INFO ] NMEA $GPZDA,113235.000,08,06,2026,,*59 (pico_gnss pico-gnss-rs/src/main.rs:427)
134.878870 [INFO ] NMEA $GPGST,113235.000,5.7,23,14,67.7,16,22,33*79 (pico_gnss pico-gnss-rs/src/main.rs:427)
134.989699 [INFO ] TIME unix_ns=1780918356160784254 ppb=2366 holdover_ms=1160 locked=1 (pico_gnss pico-gnss-rs/src/main.rs:214)
135.096850 [INFO ] NMEA $GPGGA,113236.000,0000.0000,N,00000.0000,E,1,6,1.57,21.9,M,39.0,M,,*6A (pico_gnss pico-gnss-rs/src/main.rs:427)
135.155225 [INFO ] NMEA $GNGLL,0000.0000,N,00000.0000,E,113236.000,A,A*44 (pico_gnss pico-gnss-rs/src/main.rs:427)
135.213616 [INFO ] NMEA $GNGSA,A,3,12,15,20,24,10,,,,,,,,1.82,1.57,0.91*1E (pico_gnss pico-gnss-rs/src/main.rs:427)
135.243151 [INFO ] NMEA $GNGSA,A,3,73,,,,,,,,,,,,1.82,1.57,0.91*18 (pico_gnss pico-gnss-rs/src/main.rs:427)
135.324298 [INFO ] NMEA $GPGSV,4,1,14,23,62,215,,12,60,124,27,10,54,295,17,24,45,050,24*71 (pico_gnss pico-gnss-rs/src/main.rs:427)
135.382908 [INFO ] NMEA $GPGSV,4,2,14,25,41,184,,15,28,113,18,32,24,306,,28,09,252,*75 (pico_gnss pico-gnss-rs/src/main.rs:427)
135.441425 [INFO ] NMEA $GPGSV,4,3,14,20,06,111,18,19,02,057,22,18,01,208,,193,,,*76 (pico_gnss pico-gnss-rs/src/main.rs:427)
135.499538 [INFO ] NMEA $GPGSV,4,4,14,194,,,,195,,,*7D (pico_gnss pico-gnss-rs/src/main.rs:427)
135.562240 [INFO ] NMEA $GLGSV,2,1,08,74,79,198,,71,59,095,,72,51,340,,73,47,034,20*61 (pico_gnss pico-gnss-rs/src/main.rs:427)
135.620811 [INFO ] NMEA $GLGSV,2,2,08,75,24,209,,70,06,128,24,65,03,319,,88,01,312,*64 (pico_gnss pico-gnss-rs/src/main.rs:427)
135.708267 [INFO ] NMEA $GNRMC,113236.000,A,0000.0000,N,00000.0000,E,0.67,262.27,080626,,,A*7B (pico_gnss pico-gnss-rs/src/main.rs:427)
135.710829 [INFO ] SYNC pps_local_us=128000303 unix_s=1780918356 drift_us=2 err_ns=-13 holdover_ms=998 (pico_gnss pico-gnss-rs/src/main.rs:458)
135.737997 [INFO ] NMEA $GPVTG,262.27,T,,M,0.67,N,1.25,K,A*39 (pico_gnss pico-gnss-rs/src/main.rs:427)
135.767094 [INFO ] NMEA $GPZDA,113236.000,08,06,2026,,*5A (pico_gnss pico-gnss-rs/src/main.rs:427)
135.810897 [INFO ] NMEA $GPGST,113236.000,5.7,23,15,68.0,16,22,33*73 (pico_gnss pico-gnss-rs/src/main.rs:427)
135.827582 [INFO ] PPS count=130 interval_us=1000002 interval_ns=1000002352 state=Locked missed=0 (pico_gnss pico-gnss-rs/src/main.rs:180)
135.829211 [INFO ] PPSGEN count=131 interval_ns=1000002384 dev_ns=2384 phase_ns=1531632 hwphase_ns=357024 (pico_gnss pico-gnss-rs/src/main.rs:271)
135.990854 [INFO ] TIME unix_ns=1780918357163394249 ppb=2365 holdover_ms=1163 locked=1 (pico_gnss pico-gnss-rs/src/main.rs:214)
136.141137 [INFO ] NMEA $GPGGA,113237.000,0000.0000,N,00000.0000,E,1,6,1.57,21.9,M,39.0,M,,*65 (pico_gnss pico-gnss-rs/src/main.rs:427)
136.199433 [INFO ] NMEA $GNGLL,0000.0000,N,00000.0000,E,113237.000,A,A*4B (pico_gnss pico-gnss-rs/src/main.rs:427)
136.257868 [INFO ] NMEA $GNGSA,A,3,12,15,20,24,10,,,,,,,,1.81,1.57,0.91*1D (pico_gnss pico-gnss-rs/src/main.rs:427)
136.287384 [INFO ] NMEA $GNGSA,A,3,73,,,,,,,,,,,,1.81,1.57,0.91*1B (pico_gnss pico-gnss-rs/src/main.rs:427)
136.371664 [INFO ] NMEA $GPGSV,4,1,14,23,62,215,,12,60,124,27,10,54,295,17,24,45,050,24*71 (pico_gnss pico-gnss-rs/src/main.rs:427)
136.430249 [INFO ] NMEA $GPGSV,4,2,14,25,41,184,,15,28,113,18,32,24,306,,28,09,252,*75 (pico_gnss pico-gnss-rs/src/main.rs:427)
136.488805 [INFO ] NMEA $GPGSV,4,3,14,20,06,111,18,19,02,057,22,18,01,208,,193,,,*76 (pico_gnss pico-gnss-rs/src/main.rs:427)
136.518135 [INFO ] NMEA $GPGSV,4,4,14,194,,,,195,,,*7D (pico_gnss pico-gnss-rs/src/main.rs:427)
136.609542 [INFO ] NMEA $GLGSV,2,1,08,74,79,198,,71,59,095,,72,51,340,,73,47,034,20*61 (pico_gnss pico-gnss-rs/src/main.rs:427)
136.668132 [INFO ] NMEA $GLGSV,2,2,08,75,24,209,,70,06,128,24,65,03,319,,88,01,312,*64 (pico_gnss pico-gnss-rs/src/main.rs:427)
136.726830 [INFO ] NMEA $GNRMC,113237.000,A,0000.0000,N,00000.0000,E,1.05,241.73,080626,,,A*71 (pico_gnss pico-gnss-rs/src/main.rs:427)
136.729421 [INFO ] SYNC pps_local_us=129000305 unix_s=1780918357 drift_us=2 err_ns=-13 holdover_ms=999 (pico_gnss pico-gnss-rs/src/main.rs:458)
136.784974 [INFO ] NMEA $GPVTG,241.73,T,,M,1.05,N,1.94,K,A*36 (pico_gnss pico-gnss-rs/src/main.rs:427)
136.814285 [INFO ] NMEA $GPZDA,113237.000,08,06,2026,,*5B (pico_gnss pico-gnss-rs/src/main.rs:427)
136.827587 [INFO ] PPS count=131 interval_us=1000002 interval_ns=1000002368 state=Locked missed=0 (pico_gnss pico-gnss-rs/src/main.rs:180)
136.829228 [INFO ] PPSGEN count=132 interval_ns=1000002384 dev_ns=2384 phase_ns=1541632 hwphase_ns=357040 (pico_gnss pico-gnss-rs/src/main.rs:271)
136.855125 [INFO ] NMEA $GPGST,113237.000,5.7,23,15,68.0,16,22,34*75 (pico_gnss pico-gnss-rs/src/main.rs:427)
136.992098 [INFO ] TIME unix_ns=1780918358164513246 ppb=2365 holdover_ms=1164 locked=1 (pico_gnss pico-gnss-rs/src/main.rs:214)
137.096871 [INFO ] NMEA $GPGGA,113238.000,0000.0000,N,00000.0000,E,1,6,1.57,21.9,M,39.0,M,,*61 (pico_gnss pico-gnss-rs/src/main.rs:427)
137.155198 [INFO ] NMEA $GNGLL,0000.0000,N,00000.0000,E,113238.000,A,A*4F (pico_gnss pico-gnss-rs/src/main.rs:427)
137.213619 [INFO ] NMEA $GNGSA,A,3,12,15,20,24,10,,,,,,,,1.81,1.57,0.91*1D (pico_gnss pico-gnss-rs/src/main.rs:427)
137.243136 [INFO ] NMEA $GNGSA,A,3,73,,,,,,,,,,,,1.81,1.57,0.91*1B (pico_gnss pico-gnss-rs/src/main.rs:427)
137.330558 [INFO ] NMEA $GPGSV,4,1,14,23,62,215,15,12,60,124,27,10,54,295,17,24,45,050,24*75 (pico_gnss pico-gnss-rs/src/main.rs:427)
137.389119 [INFO ] NMEA $GPGSV,4,2,14,25,41,184,,15,28,113,18,32,24,306,,28,09,252,*75 (pico_gnss pico-gnss-rs/src/main.rs:427)
137.446194 [INFO ] PPSGEN count=133 interval_ns=617994880 dev_ns=-382005120 phase_ns=-381515828 hwphase_ns=-381648080 (pico_gnss pico-gnss-rs/src/main.rs:271)
137.448260 [INFO ] NMEA $GPGSV,4,3,14,20,06,111,18,19,02,057,23,18,01,208,,193,,,*77 (pico_gnss pico-gnss-rs/src/main.rs:427)
137.477074 [INFO ] NMEA $GPGSV,4,4,14,194,,,,195,,,*7D (pico_gnss pico-gnss-rs/src/main.rs:427)
137.568534 [INFO ] NMEA $GLGSV,2,1,08,74,79,198,,71,59,095,,72,51,340,,73,47,034,20*61 (pico_gnss pico-gnss-rs/src/main.rs:427)
137.627100 [INFO ] NMEA $GLGSV,2,2,08,75,24,209,,70,06,128,24,65,03,319,,88,01,312,*64 (pico_gnss pico-gnss-rs/src/main.rs:427)
137.685842 [INFO ] NMEA $GNRMC,113238.000,A,0000.0000,N,00000.0000,E,1.37,240.22,080626,,,A*71 (pico_gnss pico-gnss-rs/src/main.rs:427)
137.688428 [INFO ] SYNC pps_local_us=130000308 unix_s=1780918358 drift_us=2 err_ns=3 holdover_ms=999 (pico_gnss pico-gnss-rs/src/main.rs:458)
137.744029 [INFO ] NMEA $GPVTG,240.22,T,,M,1.37,N,2.54,K,A*3D (pico_gnss pico-gnss-rs/src/main.rs:427)
137.773352 [INFO ] NMEA $GPZDA,113238.000,08,06,2026,,*54 (pico_gnss pico-gnss-rs/src/main.rs:427)
137.813013 [INFO ] NMEA $GPGST,113238.000,5.6,23,15,67.5,16,22,34*71 (pico_gnss pico-gnss-rs/src/main.rs:427)
137.827587 [INFO ] PPS count=132 interval_us=1000002 interval_ns=1000002368 state=Locked missed=0 (pico_gnss pico-gnss-rs/src/main.rs:180)
137.829221 [INFO ] PPSGEN count=134 interval_ns=382007488 dev_ns=-617992512 phase_ns=1545631 hwphase_ns=357040 (pico_gnss pico-gnss-rs/src/main.rs:271)
137.993256 [INFO ] TIME unix_ns=1780918359165785243 ppb=2365 holdover_ms=1165 locked=1 (pico_gnss pico-gnss-rs/src/main.rs:214)
138.096985 [INFO ] NMEA $GPGGA,113239.000,0000.0000,N,00000.0000,E,1,6,1.57,21.9,M,39.0,M,,*60 (pico_gnss pico-gnss-rs/src/main.rs:427)
138.155312 [INFO ] NMEA $GNGLL,0000.0000,N,00000.0000,E,113239.000,A,A*4E (pico_gnss pico-gnss-rs/src/main.rs:427)
138.213724 [INFO ] NMEA $GNGSA,A,3,12,15,20,24,10,,,,,,,,1.82,1.57,0.91*1E (pico_gnss pico-gnss-rs/src/main.rs:427)
138.243238 [INFO ] NMEA $GNGSA,A,3,73,,,,,,,,,,,,1.82,1.57,0.91*18 (pico_gnss pico-gnss-rs/src/main.rs:427)
138.331627 [INFO ] NMEA $GPGSV,4,1,14,23,62,215,14,12,60,124,27,10,54,295,17,24,45,050,24*74 (pico_gnss pico-gnss-rs/src/main.rs:427)
138.390230 [INFO ] NMEA $GPGSV,4,2,14,25,41,184,,15,28,113,18,32,24,306,,28,09,252,*75 (pico_gnss pico-gnss-rs/src/main.rs:427)
138.448782 [INFO ] NMEA $GPGSV,4,3,14,20,06,111,19,19,02,057,23,18,01,208,,193,,,*76 (pico_gnss pico-gnss-rs/src/main.rs:427)
138.478151 [INFO ] NMEA $GPGSV,4,4,14,194,,,,195,,,*7D (pico_gnss pico-gnss-rs/src/main.rs:427)
138.569523 [INFO ] NMEA $GLGSV,2,1,08,74,79,198,,71,59,095,,72,51,340,,73,47,034,20*61 (pico_gnss pico-gnss-rs/src/main.rs:427)
138.628159 [INFO ] NMEA $GLGSV,2,2,08,75,24,209,,70,06,128,24,65,03,319,,88,01,312,*64 (pico_gnss pico-gnss-rs/src/main.rs:427)
138.686853 [INFO ] NMEA $GNRMC,113239.000,A,0000.0000,N,00000.0000,E,0.36,240.22,080626,,,A*70 (pico_gnss pico-gnss-rs/src/main.rs:427)
138.689431 [INFO ] SYNC pps_local_us=131000310 unix_s=1780918359 drift_us=2 err_ns=3 holdover_ms=1000 (pico_gnss pico-gnss-rs/src/main.rs:458)
138.745045 [INFO ] NMEA $GPVTG,240.22,T,,M,0.36,N,0.67,K,A*3F (pico_gnss pico-gnss-rs/src/main.rs:427)
138.774366 [INFO ] NMEA $GPZDA,113239.000,08,06,2026,,*55 (pico_gnss pico-gnss-rs/src/main.rs:427)
138.812991 [INFO ] NMEA $GPGST,113239.000,5.6,23,15,67.6,16,22,33*74 (pico_gnss pico-gnss-rs/src/main.rs:427)
138.827596 [INFO ] PPS count=133 interval_us=1000002 interval_ns=1000002352 state=Locked missed=0 (pico_gnss pico-gnss-rs/src/main.rs:180)
138.829315 [INFO ] PPSGEN count=135 interval_ns=1000002384 dev_ns=2384 phase_ns=1566632 hwphase_ns=357072 (pico_gnss pico-gnss-rs/src/main.rs:271)
138.994412 [INFO ] TIME unix_ns=1780918360166930241 ppb=2365 holdover_ms=1166 locked=1 (pico_gnss pico-gnss-rs/src/main.rs:214)
139.188979 [INFO ] NMEA $GPGGA,113240.000,0000.0000,N,00000.0000,E,1,7,1.48,22.1,M,39.0,M,,*6D (pico_gnss pico-gnss-rs/src/main.rs:427)
139.247317 [INFO ] NMEA $GNGLL,0000.0000,N,00000.0000,E,113240.000,A,A*47 (pico_gnss pico-gnss-rs/src/main.rs:427)
139.305709 [INFO ] NMEA $GNGSA,A,3,12,15,20,24,10,,,,,,,,1.73,1.48,0.89*17 (pico_gnss pico-gnss-rs/src/main.rs:427)
139.335263 [INFO ] NMEA $GNGSA,A,3,70,73,,,,,,,,,,,1.73,1.48,0.89*16 (pico_gnss pico-gnss-rs/src/main.rs:427)
139.424695 [INFO ] NMEA $GPGSV,4,1,14,23,62,215,14,12,60,124,27,10,54,295,17,24,45,050,24*74 (pico_gnss pico-gnss-rs/src/main.rs:427)
139.483305 [INFO ] NMEA $GPGSV,4,2,14,25,41,184,,15,28,113,18,32,24,306,14,28,09,252,*70 (pico_gnss pico-gnss-rs/src/main.rs:427)
139.541879 [INFO ] NMEA $GPGSV,4,3,14,20,06,111,19,19,02,057,23,18,01,208,,193,,,*76 (pico_gnss pico-gnss-rs/src/main.rs:427)
139.571244 [INFO ] NMEA $GPGSV,4,4,14,194,,,,195,,,*7D (pico_gnss pico-gnss-rs/src/main.rs:427)
139.662603 [INFO ] NMEA $GLGSV,2,1,08,74,79,198,,71,59,095,,72,51,340,,73,47,034,20*61 (pico_gnss pico-gnss-rs/src/main.rs:427)
139.721205 [INFO ] NMEA $GLGSV,2,2,08,75,24,209,,70,06,128,24,65,03,319,,88,01,312,*64 (pico_gnss pico-gnss-rs/src/main.rs:427)
139.779800 [INFO ] NMEA $GNRMC,113240.000,A,0000.0000,N,00000.0000,E,0.47,240.22,080626,,,A*7F (pico_gnss pico-gnss-rs/src/main.rs:427)
139.782369 [INFO ] SYNC pps_local_us=132000312 unix_s=1780918360 drift_us=2 err_ns=-12 holdover_ms=1000 (pico_gnss pico-gnss-rs/src/main.rs:458)
139.827630 [INFO ] PPS count=134 interval_us=1000002 interval_ns=1000002352 state=Locked missed=0 (pico_gnss pico-gnss-rs/src/main.rs:180)
139.829271 [INFO ] PPSGEN count=136 interval_ns=1000002384 dev_ns=2384 phase_ns=1601632 hwphase_ns=357104 (pico_gnss pico-gnss-rs/src/main.rs:271)
139.838279 [INFO ] NMEA $GPVTG,240.22,T,,M,0.47,N,0.88,K,A*38 (pico_gnss pico-gnss-rs/src/main.rs:427)
139.867284 [INFO ] NMEA $GPZDA,113240.000,08,06,2026,,*5B (pico_gnss pico-gnss-rs/src/main.rs:427)
139.909015 [INFO ] NMEA $GPGST,113240.000,5.6,22,15,69.2,16,21,27*77 (pico_gnss pico-gnss-rs/src/main.rs:427)
139.995646 [INFO ] TIME unix_ns=1780918361168048239 ppb=2365 holdover_ms=1168 locked=1 (pico_gnss pico-gnss-rs/src/main.rs:214)
140.190059 [INFO ] NMEA $GPGGA,113241.000,0000.0000,N,00000.0000,E,1,8,1.24,22.1,M,39.0,M,,*6A (pico_gnss pico-gnss-rs/src/main.rs:427)
140.248414 [INFO ] NMEA $GNGLL,0000.0000,N,00000.0000,E,113241.000,A,A*45 (pico_gnss pico-gnss-rs/src/main.rs:427)
140.306849 [INFO ] NMEA $GNGSA,A,3,23,12,15,20,24,10,,,,,,,1.52,1.24,0.88*1E (pico_gnss pico-gnss-rs/src/main.rs:427)
140.336408 [INFO ] NMEA $GNGSA,A,3,70,73,,,,,,,,,,,1.52,1.24,0.88*1E (pico_gnss pico-gnss-rs/src/main.rs:427)
140.422751 [INFO ] NMEA $GPGSV,4,1,14,23,62,215,14,12,60,124,27,10,54,295,17,24,45,050,24*74 (pico_gnss pico-gnss-rs/src/main.rs:427)
140.481377 [INFO ] NMEA $GPGSV,4,2,14,25,41,184,,15,28,113,18,32,24,306,13,28,09,252,*77 (pico_gnss pico-gnss-rs/src/main.rs:427)
140.568632 [INFO ] NMEA $GPGSV,4,3,14,20,06,111,19,19,02,057,23,18,01,208,,193,,,*76 (pico_gnss pico-gnss-rs/src/main.rs:427)
140.598059 [INFO ] NMEA $GPGSV,4,4,14,194,,,,195,,,*7D (pico_gnss pico-gnss-rs/src/main.rs:427)
140.660675 [INFO ] NMEA $GLGSV,2,1,08,74,79,198,,71,59,095,,72,51,340,,73,47,034,20*61 (pico_gnss pico-gnss-rs/src/main.rs:427)
140.719255 [INFO ] NMEA $GLGSV,2,2,08,75,24,209,,70,06,128,24,65,03,319,,88,01,312,*64 (pico_gnss pico-gnss-rs/src/main.rs:427)
140.806537 [INFO ] NMEA $GNRMC,113241.000,A,0000.0000,N,00000.0000,E,0.75,81.40,080626,,,A*47 (pico_gnss pico-gnss-rs/src/main.rs:427)
140.809097 [INFO ] SYNC pps_local_us=133000315 unix_s=1780918361 drift_us=2 err_ns=-12 holdover_ms=1000 (pico_gnss pico-gnss-rs/src/main.rs:458)
140.827669 [INFO ] PPS count=135 interval_us=1000002 interval_ns=1000002352 state=Locked missed=0 (pico_gnss pico-gnss-rs/src/main.rs:180)
140.829279 [INFO ] PPSGEN count=137 interval_ns=1000002384 dev_ns=2384 phase_ns=1628632 hwphase_ns=357136 (pico_gnss pico-gnss-rs/src/main.rs:271)
140.836337 [INFO ] NMEA $GPVTG,81.40,T,,M,0.75,N,1.39,K,A*09 (pico_gnss pico-gnss-rs/src/main.rs:427)
140.865315 [INFO ] NMEA $GPZDA,113241.000,08,06,2026,,*5A (pico_gnss pico-gnss-rs/src/main.rs:427)
140.910163 [INFO ] NMEA $GPGST,113241.000,5.7,21,15,68.7,16,20,27*71 (pico_gnss pico-gnss-rs/src/main.rs:427)
140.996894 [INFO ] TIME unix_ns=1780918362169298236 ppb=2364 holdover_ms=1169 locked=1 (pico_gnss pico-gnss-rs/src/main.rs:214)
141.205963 [INFO ] NMEA $GPGGA,113242.000,0000.0000,N,00000.0000,E,1,9,1.10,22.1,M,39.0,M,,*6D (pico_gnss pico-gnss-rs/src/main.rs:427)
141.264306 [INFO ] NMEA $GNGLL,0000.0000,N,00000.0000,E,113242.000,A,A*44 (pico_gnss pico-gnss-rs/src/main.rs:427)
141.322785 [INFO ] NMEA $GNGSA,A,3,23,12,32,15,20,24,10,,,,,,1.36,1.10,0.79*14 (pico_gnss pico-gnss-rs/src/main.rs:427)
141.352329 [INFO ] NMEA $GNGSA,A,3,70,73,,,,,,,,,,,1.36,1.10,0.79*15 (pico_gnss pico-gnss-rs/src/main.rs:427)
141.435595 [INFO ] NMEA $GPGSV,4,1,14,23,62,215,14,12,60,124,27,10,54,295,17,24,45,050,24*74 (pico_gnss pico-gnss-rs/src/main.rs:427)
141.494233 [INFO ] NMEA $GPGSV,4,2,14,25,41,184,,15,28,113,18,32,24,306,13,28,09,252,*77 (pico_gnss pico-gnss-rs/src/main.rs:427)
141.581546 [INFO ] NMEA $GPGSV,4,3,14,20,06,111,19,19,02,057,23,18,01,208,,193,,,*76 (pico_gnss pico-gnss-rs/src/main.rs:427)
141.610921 [INFO ] NMEA $GPGSV,4,4,14,194,,,,195,,,*7D (pico_gnss pico-gnss-rs/src/main.rs:427)
141.673546 [INFO ] NMEA $GLGSV,2,1,08,74,79,198,,71,59,095,,72,51,340,,73,47,034,20*61 (pico_gnss pico-gnss-rs/src/main.rs:427)
141.732089 [INFO ] NMEA $GLGSV,2,2,08,75,24,209,,70,06,128,23,65,03,319,,88,01,312,*63 (pico_gnss pico-gnss-rs/src/main.rs:427)
141.819355 [INFO ] NMEA $GNRMC,113242.000,A,0000.0000,N,00000.0000,E,0.44,81.40,080626,,,A*44 (pico_gnss pico-gnss-rs/src/main.rs:427)
141.821922 [INFO ] SYNC pps_local_us=134000317 unix_s=1780918362 drift_us=2 err_ns=-12 holdover_ms=1000 (pico_gnss pico-gnss-rs/src/main.rs:458)
141.827657 [INFO ] PPS count=136 interval_us=1000002 interval_ns=1000002368 state=Locked missed=0 (pico_gnss pico-gnss-rs/src/main.rs:180)
141.829214 [INFO ] PPSGEN count=138 interval_ns=1000002384 dev_ns=2384 phase_ns=1516633 hwphase_ns=357152 (pico_gnss pico-gnss-rs/src/main.rs:271)
141.849156 [INFO ] NMEA $GPVTG,81.40,T,,M,0.44,N,0.81,K,A*09 (pico_gnss pico-gnss-rs/src/main.rs:427)
141.878130 [INFO ] NMEA $GPZDA,113242.000,08,06,2026,,*59 (pico_gnss pico-gnss-rs/src/main.rs:427)
141.928230 [INFO ] NMEA $GPGST,113242.000,5.7,20,14,62.8,15,19,24*7D (pico_gnss pico-gnss-rs/src/main.rs:427)
141.998157 [INFO ] TIME unix_ns=1780918363170491233 ppb=2364 holdover_ms=1170 locked=1 (pico_gnss pico-gnss-rs/src/main.rs:214)
142.195125 [INFO ] NMEA $GPGGA,113243.000,0000.0000,N,00000.0000,E,1,9,1.10,22.2,M,39.0,M,,*69 (pico_gnss pico-gnss-rs/src/main.rs:427)
142.253494 [INFO ] NMEA $GNGLL,0000.0000,N,00000.0000,E,113243.000,A,A*43 (pico_gnss pico-gnss-rs/src/main.rs:427)
142.311938 [INFO ] NMEA $GNGSA,A,3,23,12,32,15,20,24,10,,,,,,1.36,1.10,0.79*14 (pico_gnss pico-gnss-rs/src/main.rs:427)
142.341506 [INFO ] NMEA $GNGSA,A,3,70,73,,,,,,,,,,,1.36,1.10,0.79*15 (pico_gnss pico-gnss-rs/src/main.rs:427)
142.419599 [INFO ] NMEA $GPGSV,4,1,14,23,62,215,14,12,60,124,27,10,54,295,17,24,45,050,24*74 (pico_gnss pico-gnss-rs/src/main.rs:427)
142.506992 [INFO ] NMEA $GPGSV,4,2,14,25,41,184,,15,28,113,18,32,24,306,13,28,09,252,*77 (pico_gnss pico-gnss-rs/src/main.rs:427)
142.565586 [INFO ] NMEA $GPGSV,4,3,14,20,06,111,19,19,02,057,23,18,01,208,,193,,,*76 (pico_gnss pico-gnss-rs/src/main.rs:427)
142.594946 [INFO ] NMEA $GPGSV,4,4,14,194,,,,195,,,*7D (pico_gnss pico-gnss-rs/src/main.rs:427)
142.657537 [INFO ] NMEA $GLGSV,2,1,08,74,79,198,,71,59,095,,72,51,340,,73,47,034,19*6B (pico_gnss pico-gnss-rs/src/main.rs:427)
142.716138 [INFO ] NMEA $GLGSV,2,2,08,75,24,209,,70,06,128,23,65,03,319,,88,01,312,*63 (pico_gnss pico-gnss-rs/src/main.rs:427)
142.803424 [INFO ] NMEA $GNRMC,113243.000,A,0000.0000,N,00000.0000,E,0.23,81.40,080626,,,A*42 (pico_gnss pico-gnss-rs/src/main.rs:427)
142.805982 [INFO ] SYNC pps_local_us=135000320 unix_s=1780918363 drift_us=2 err_ns=4 holdover_ms=1000 (pico_gnss pico-gnss-rs/src/main.rs:458)
142.827674 [INFO ] PPS count=137 interval_us=1000002 interval_ns=1000002368 state=Locked missed=0 (pico_gnss pico-gnss-rs/src/main.rs:180)
142.833177 [INFO ] NMEA $GPVTG,81.40,T,,M,0.23,N,0.42,K,A*07 (pico_gnss pico-gnss-rs/src/main.rs:427)
142.881132 [INFO ] PPSGEN count=139 interval_ns=1052906064 dev_ns=52906064 phase_ns=53333510 hwphase_ns=53260848 (pico_gnss pico-gnss-rs/src/main.rs:271)
142.891121 [INFO ] NMEA $GPZDA,113243.000,08,06,2026,,*58 (pico_gnss pico-gnss-rs/src/main.rs:427)
142.917664 [INFO ] NMEA $GPGST,113243.000,5.8,20,14,63.0,15,19,24*7A (pico_gnss pico-gnss-rs/src/main.rs:427)
142.999413 [INFO ] TIME unix_ns=1780918364171745230 ppb=2364 holdover_ms=1171 locked=1 (pico_gnss pico-gnss-rs/src/main.rs:214)
143.181948 [INFO ] NMEA $GPGGA,113244.000,0000.0000,N,00000.0000,E,1,9,1.10,22.2,M,39.0,M,,*62 (pico_gnss pico-gnss-rs/src/main.rs:427)
143.240292 [INFO ] NMEA $GNGLL,0000.0000,N,00000.0000,E,113244.000,A,A*48 (pico_gnss pico-gnss-rs/src/main.rs:427)
143.298754 [INFO ] NMEA $GNGSA,A,3,23,12,32,15,20,24,10,,,,,,1.36,1.10,0.79*14 (pico_gnss pico-gnss-rs/src/main.rs:427)
143.328318 [INFO ] NMEA $GNGSA,A,3,70,73,,,,,,,,,,,1.36,1.10,0.79*15 (pico_gnss pico-gnss-rs/src/main.rs:427)
143.401327 [INFO ] NMEA $GPGSV,4,1,14,23,62,215,14,12,60,124,27,10,54,295,17,24,45,050,24*74 (pico_gnss pico-gnss-rs/src/main.rs:427)
143.488701 [INFO ] NMEA $GPGSV,4,2,14,25,41,184,,15,28,113,18,32,24,306,13,28,09,252,*77 (pico_gnss pico-gnss-rs/src/main.rs:427)
143.547279 [INFO ] NMEA $GPGSV,4,3,14,20,06,111,18,19,02,057,23,18,01,208,,193,,,*77 (pico_gnss pico-gnss-rs/src/main.rs:427)
143.576615 [INFO ] NMEA $GPGSV,4,4,14,194,,,,195,,,*7D (pico_gnss pico-gnss-rs/src/main.rs:427)
143.639216 [INFO ] NMEA $GLGSV,2,1,08,74,79,198,,71,59,095,,72,51,340,,73,47,034,19*6B (pico_gnss pico-gnss-rs/src/main.rs:427)
143.726587 [INFO ] NMEA $GLGSV,2,2,08,75,24,209,,70,06,128,23,65,03,319,,88,01,312,*63 (pico_gnss pico-gnss-rs/src/main.rs:427)
143.785164 [INFO ] NMEA $GNRMC,113244.000,A,0000.0000,N,00000.0000,E,0.32,81.40,080626,,,A*49 (pico_gnss pico-gnss-rs/src/main.rs:427)
143.787706 [INFO ] SYNC pps_local_us=136000322 unix_s=1780918364 drift_us=2 err_ns=4 holdover_ms=1000 (pico_gnss pico-gnss-rs/src/main.rs:458)
143.827619 [INFO ] PPS count=138 interval_us=1000002 interval_ns=1000002352 state=Locked missed=0 (pico_gnss pico-gnss-rs/src/main.rs:180)
143.843480 [INFO ] NMEA $GPVTG,81.40,T,,M,0.32,N,0.59,K,A*0D (pico_gnss pico-gnss-rs/src/main.rs:427)
143.872623 [INFO ] NMEA $GPZDA,113244.000,08,06,2026,,*5F (pico_gnss pico-gnss-rs/src/main.rs:427)
143.881133 [INFO ] PPSGEN count=140 interval_ns=1000002384 dev_ns=2384 phase_ns=53338510 hwphase_ns=53260880 (pico_gnss pico-gnss-rs/src/main.rs:271)
143.904895 [INFO ] NMEA $GPGST,113244.000,5.8,20,14,64.0,15,19,25*7B (pico_gnss pico-gnss-rs/src/main.rs:427)
144.000673 [INFO ] TIME unix_ns=1780918365172992228 ppb=2364 holdover_ms=1172 locked=1 (pico_gnss pico-gnss-rs/src/main.rs:214)
144.199860 [INFO ] NMEA $GPGGA,113245.000,0000.0000,N,00000.0000,E,1,8,1.23,22.2,M,39.0,M,,*65 (pico_gnss pico-gnss-rs/src/main.rs:427)
144.258211 [INFO ] NMEA $GNGLL,0000.0000,N,00000.0000,E,113245.000,A,A*4E (pico_gnss pico-gnss-rs/src/main.rs:427)
144.316643 [INFO ] NMEA $GNGSA,A,3,23,12,15,20,24,10,,,,,,,1.52,1.23,0.89*18 (pico_gnss pico-gnss-rs/src/main.rs:427)
144.346189 [INFO ] NMEA $GNGSA,A,3,70,73,,,,,,,,,,,1.52,1.23,0.89*18 (pico_gnss pico-gnss-rs/src/main.rs:427)
144.442802 [INFO ] NMEA $GPGSV,4,1,14,23,62,215,14,12,60,124,27,10,54,295,17,24,45,050,24*74 (pico_gnss pico-gnss-rs/src/main.rs:427)
144.501426 [INFO ] NMEA $GPGSV,4,2,14,25,41,184,,15,28,113,18,32,24,306,,28,09,252,*75 (pico_gnss pico-gnss-rs/src/main.rs:427)
144.559951 [INFO ] NMEA $GPGSV,4,3,14,20,06,111,18,19,02,057,23,18,01,208,,193,,,*77 (pico_gnss pico-gnss-rs/src/main.rs:427)
144.589320 [INFO ] NMEA $GPGSV,4,4,14,194,,,,195,,,*7D (pico_gnss pico-gnss-rs/src/main.rs:427)
144.651934 [INFO ] NMEA $GLGSV,2,1,08,74,79,198,,71,59,095,,72,51,340,,73,47,034,19*6B (pico_gnss pico-gnss-rs/src/main.rs:427)
144.739253 [INFO ] NMEA $GLGSV,2,2,08,75,24,209,,70,06,128,23,65,03,319,,88,01,312,*63 (pico_gnss pico-gnss-rs/src/main.rs:427)
144.797859 [INFO ] NMEA $GNRMC,113245.000,A,0000.0000,N,00000.0000,E,0.34,81.40,080626,,,A*49 (pico_gnss pico-gnss-rs/src/main.rs:427)
144.800410 [INFO ] SYNC pps_local_us=137000324 unix_s=1780918365 drift_us=2 err_ns=-12 holdover_ms=999 (pico_gnss pico-gnss-rs/src/main.rs:458)
144.827642 [INFO ] PPS count=139 interval_us=1000002 interval_ns=1000002368 state=Locked missed=0 (pico_gnss pico-gnss-rs/src/main.rs:180)
144.856110 [INFO ] NMEA $GPVTG,81.40,T,,M,0.34,N,0.64,K,A*05 (pico_gnss pico-gnss-rs/src/main.rs:427)
144.881141 [INFO ] PPSGEN count=141 interval_ns=1000002384 dev_ns=2384 phase_ns=53430510 hwphase_ns=53260896 (pico_gnss pico-gnss-rs/src/main.rs:271)
144.885573 [INFO ] NMEA $GPZDA,113245.000,08,06,2026,,*5E (pico_gnss pico-gnss-rs/src/main.rs:427)
144.917912 [INFO ] NMEA $GPGST,113245.000,5.8,20,14,64.0,15,19,24*7B (pico_gnss pico-gnss-rs/src/main.rs:427)
145.001927 [INFO ] TIME unix_ns=1780918366174335224 ppb=2364 holdover_ms=1174 locked=1 (pico_gnss pico-gnss-rs/src/main.rs:214)
145.142051 [INFO ] NMEA $GPGGA,113246.000,0000.0000,N,00000.0000,E,1,8,1.23,22.3,M,39.0,M,,*6E (pico_gnss pico-gnss-rs/src/main.rs:427)
145.200416 [INFO ] NMEA $GNGLL,0000.0000,N,00000.0000,E,113246.000,A,A*44 (pico_gnss pico-gnss-rs/src/main.rs:427)
145.258851 [INFO ] NMEA $GNGSA,A,3,23,12,15,20,24,10,,,,,,,1.52,1.23,0.88*19 (pico_gnss pico-gnss-rs/src/main.rs:427)
145.288398 [INFO ] NMEA $GNGSA,A,3,70,73,,,,,,,,,,,1.52,1.23,0.88*19 (pico_gnss pico-gnss-rs/src/main.rs:427)
145.384002 [INFO ] NMEA $GPGSV,4,1,14,23,62,215,14,12,60,124,27,10,54,295,18,24,45,050,24*7B (pico_gnss pico-gnss-rs/src/main.rs:427)
145.442616 [INFO ] NMEA $GPGSV,4,2,14,25,41,184,,15,28,113,18,32,24,306,,28,09,252,*75 (pico_gnss pico-gnss-rs/src/main.rs:427)
145.501162 [INFO ] NMEA $GPGSV,4,3,14,20,06,111,18,19,02,057,23,18,01,208,,193,,,*77 (pico_gnss pico-gnss-rs/src/main.rs:427)
145.530514 [INFO ] NMEA $GPGSV,4,4,14,194,,,,195,,,*7D (pico_gnss pico-gnss-rs/src/main.rs:427)
145.593132 [INFO ] NMEA $GLGSV,2,1,08,74,79,198,,71,59,095,,72,51,340,,73,47,034,19*6B (pico_gnss pico-gnss-rs/src/main.rs:427)
145.680497 [INFO ] NMEA $GLGSV,2,2,08,75,24,209,,70,06,128,23,65,03,319,,88,01,312,*63 (pico_gnss pico-gnss-rs/src/main.rs:427)
145.739160 [INFO ] NMEA $GNRMC,113246.000,A,0000.0000,N,00000.0000,E,0.84,215.96,080626,,,A*7C (pico_gnss pico-gnss-rs/src/main.rs:427)
145.741729 [INFO ] SYNC pps_local_us=138000327 unix_s=1780918366 drift_us=2 err_ns=4 holdover_ms=1000 (pico_gnss pico-gnss-rs/src/main.rs:458)
145.797293 [INFO ] NMEA $GPVTG,215.96,T,,M,0.84,N,1.55,K,A*39 (pico_gnss pico-gnss-rs/src/main.rs:427)
145.826620 [INFO ] NMEA $GPZDA,113246.000,08,06,2026,,*5D (pico_gnss pico-gnss-rs/src/main.rs:427)
145.827976 [INFO ] PPS count=140 interval_us=1000002 interval_ns=1000002368 state=Locked missed=0 (pico_gnss pico-gnss-rs/src/main.rs:180)
145.862431 [INFO ] NMEA $GPGST,113246.000,5.8,20,14,64.3,15,19,25*7A (pico_gnss pico-gnss-rs/src/main.rs:427)
145.881137 [INFO ] PPSGEN count=142 interval_ns=1000002384 dev_ns=2384 phase_ns=53415510 hwphase_ns=53260912 (pico_gnss pico-gnss-rs/src/main.rs:271)
146.003088 [INFO ] TIME unix_ns=1780918367175601221 ppb=2364 holdover_ms=1175 locked=1 (pico_gnss pico-gnss-rs/src/main.rs:214)
146.108049 [INFO ] NMEA $GPGGA,113247.000,0000.0000,N,00000.0000,E,1,8,1.23,22.3,M,39.0,M,,*62 (pico_gnss pico-gnss-rs/src/main.rs:427)
146.166387 [INFO ] NMEA $GNGLL,0000.0000,N,00000.0000,E,113247.000,A,A*48 (pico_gnss pico-gnss-rs/src/main.rs:427)
146.224830 [INFO ] NMEA $GNGSA,A,3,23,12,15,20,24,10,,,,,,,1.52,1.23,0.88*19 (pico_gnss pico-gnss-rs/src/main.rs:427)
146.254396 [INFO ] NMEA $GNGSA,A,3,70,73,,,,,,,,,,,1.52,1.23,0.88*19 (pico_gnss pico-gnss-rs/src/main.rs:427)
146.346892 [INFO ] NMEA $GPGSV,4,1,14,23,62,215,15,12,60,124,27,10,54,295,18,24,45,050,24*7A (pico_gnss pico-gnss-rs/src/main.rs:427)
146.405497 [INFO ] NMEA $GPGSV,4,2,14,25,41,184,,15,28,113,18,32,24,306,,28,09,252,*75 (pico_gnss pico-gnss-rs/src/main.rs:427)
146.464028 [INFO ] NMEA $GPGSV,4,3,14,20,06,111,18,19,02,057,23,18,01,208,,193,,,*77 (pico_gnss pico-gnss-rs/src/main.rs:427)
146.493382 [INFO ] NMEA $GPGSV,4,4,14,194,,,,195,,,*7D (pico_gnss pico-gnss-rs/src/main.rs:427)
146.584746 [INFO ] NMEA $GLGSV,2,1,08,74,79,198,,71,59,095,,72,51,340,,73,47,034,19*6B (pico_gnss pico-gnss-rs/src/main.rs:427)
146.643403 [INFO ] NMEA $GLGSV,2,2,08,75,24,209,,70,06,128,23,65,03,319,,88,01,312,*63 (pico_gnss pico-gnss-rs/src/main.rs:427)
146.702076 [INFO ] NMEA $GNRMC,113247.000,A,0000.0000,N,00000.0000,E,0.22,215.96,080626,,,A*7C (pico_gnss pico-gnss-rs/src/main.rs:427)
146.704645 [INFO ] SYNC pps_local_us=139000329 unix_s=1780918367 drift_us=2 err_ns=4 holdover_ms=1000 (pico_gnss pico-gnss-rs/src/main.rs:458)
146.760241 [INFO ] NMEA $GPVTG,215.96,T,,M,0.22,N,0.42,K,A*32 (pico_gnss pico-gnss-rs/src/main.rs:427)
146.789548 [INFO ] NMEA $GPZDA,113247.000,08,06,2026,,*5C (pico_gnss pico-gnss-rs/src/main.rs:427)
146.827631 [INFO ] PPS count=141 interval_us=1000002 interval_ns=1000002352 state=Locked missed=0 (pico_gnss pico-gnss-rs/src/main.rs:180)
146.829002 [INFO ] NMEA $GPGST,113247.000,5.8,20,13,64.9,15,19,24*77 (pico_gnss pico-gnss-rs/src/main.rs:427)
146.881204 [INFO ] PPSGEN count=143 interval_ns=1000002384 dev_ns=2384 phase_ns=53021511 hwphase_ns=53260944 (pico_gnss pico-gnss-rs/src/main.rs:271)
147.004230 [INFO ] TIME unix_ns=1780918368176342220 ppb=2364 holdover_ms=1176 locked=1 (pico_gnss pico-gnss-rs/src/main.rs:214)
147.204152 [INFO ] NMEA $GPGGA,113248.000,0000.0000,N,00000.0000,E,1,8,1.23,22.3,M,39.0,M,,*6D (pico_gnss pico-gnss-rs/src/main.rs:427)
147.262487 [INFO ] NMEA $GNGLL,0000.0000,N,00000.0000,E,113248.000,A,A*47 (pico_gnss pico-gnss-rs/src/main.rs:427)
147.320937 [INFO ] NMEA $GNGSA,A,3,23,12,15,20,24,10,,,,,,,1.52,1.23,0.88*19 (pico_gnss pico-gnss-rs/src/main.rs:427)
147.350462 [INFO ] NMEA $GNGSA,A,3,70,73,,,,,,,,,,,1.52,1.23,0.88*19 (pico_gnss pico-gnss-rs/src/main.rs:427)
147.439999 [INFO ] NMEA $GPGSV,4,1,14,23,62,215,15,12,60,124,27,10,54,295,18,24,45,050,24*7A (pico_gnss pico-gnss-rs/src/main.rs:427)
147.498584 [INFO ] NMEA $GPGSV,4,2,14,25,41,184,,15,28,113,17,32,24,306,,28,09,252,*7A (pico_gnss pico-gnss-rs/src/main.rs:427)
147.557149 [INFO ] NMEA $GPGSV,4,3,14,20,06,111,18,19,02,057,23,18,01,208,,193,,,*77 (pico_gnss pico-gnss-rs/src/main.rs:427)
147.586494 [INFO ] NMEA $GPGSV,4,4,14,194,,,,195,,,*7D (pico_gnss pico-gnss-rs/src/main.rs:427)
147.677878 [INFO ] NMEA $GLGSV,2,1,08,74,79,198,,71,59,095,,72,51,340,,73,47,034,19*6B (pico_gnss pico-gnss-rs/src/main.rs:427)
147.736485 [INFO ] NMEA $GLGSV,2,2,08,75,24,209,,70,06,128,23,65,03,319,,88,01,312,*63 (pico_gnss pico-gnss-rs/src/main.rs:427)
147.795023 [INFO ] NMEA $GNRMC,113248.000,A,0000.0000,N,00000.0000,E,0.24,215.96,080626,,,A*75 (pico_gnss pico-gnss-rs/src/main.rs:427)
147.797602 [INFO ] SYNC pps_local_us=140000331 unix_s=1780918368 drift_us=2 err_ns=-11 holdover_ms=999 (pico_gnss pico-gnss-rs/src/main.rs:458)
147.827639 [INFO ] PPS count=142 interval_us=1000002 interval_ns=1000002368 state=Locked missed=0 (pico_gnss pico-gnss-rs/src/main.rs:180)
147.853431 [INFO ] NMEA $GPVTG,215.96,T,,M,0.24,N,0.44,K,A*32 (pico_gnss pico-gnss-rs/src/main.rs:427)
147.881132 [INFO ] PPSGEN count=144 interval_ns=1000002384 dev_ns=2384 phase_ns=53433510 hwphase_ns=53260960 (pico_gnss pico-gnss-rs/src/main.rs:271)
147.882996 [INFO ] NMEA $GPZDA,113248.000,08,06,2026,,*53 (pico_gnss pico-gnss-rs/src/main.rs:427)
147.923958 [INFO ] NMEA $GPGST,113248.000,5.8,20,13,65.3,15,19,24*73 (pico_gnss pico-gnss-rs/src/main.rs:427)
148.005453 [INFO ] TIME unix_ns=1780918369177863216 ppb=2364 holdover_ms=1177 locked=1 (pico_gnss pico-gnss-rs/src/main.rs:214)
148.170129 [INFO ] NMEA $GPGGA,113249.000,0000.0000,N,00000.0000,E,1,8,1.23,22.3,M,39.0,M,,*65 (pico_gnss pico-gnss-rs/src/main.rs:427)
148.228478 [INFO ] NMEA $GNGLL,0000.0000,N,00000.0000,E,113249.000,A,A*4F (pico_gnss pico-gnss-rs/src/main.rs:427)
148.286921 [INFO ] NMEA $GNGSA,A,3,23,12,15,20,24,10,,,,,,,1.52,1.23,0.88*19 (pico_gnss pico-gnss-rs/src/main.rs:427)
148.316472 [INFO ] NMEA $GNGSA,A,3,70,73,,,,,,,,,,,1.52,1.23,0.88*19 (pico_gnss pico-gnss-rs/src/main.rs:427)
148.402832 [INFO ] NMEA $GPGSV,4,1,14,23,62,215,14,12,60,124,27,10,54,295,18,24,45,050,24*7B (pico_gnss pico-gnss-rs/src/main.rs:427)
148.461396 [INFO ] NMEA $GPGSV,4,2,14,25,41,184,,15,28,113,16,32,24,306,,28,09,252,*7B (pico_gnss pico-gnss-rs/src/main.rs:427)
148.519971 [INFO ] NMEA $GPGSV,4,3,14,20,06,111,18,19,02,057,22,18,01,208,,193,,,*76 (pico_gnss pico-gnss-rs/src/main.rs:427)
148.578029 [INFO ] NMEA $GPGSV,4,4,14,194,,,,195,,,*7D (pico_gnss pico-gnss-rs/src/main.rs:427)
148.640718 [INFO ] NMEA $GLGSV,2,1,08,74,79,198,,71,59,095,,72,51,340,,73,47,034,19*6B (pico_gnss pico-gnss-rs/src/main.rs:427)
148.699299 [INFO ] NMEA $GLGSV,2,2,08,75,24,209,,70,06,128,23,65,03,319,,88,01,311,*60 (pico_gnss pico-gnss-rs/src/main.rs:427)
148.786734 [INFO ] NMEA $GNRMC,113249.000,A,0000.0000,N,00000.0000,E,0.33,215.96,080626,,,A*7B (pico_gnss pico-gnss-rs/src/main.rs:427)
148.789323 [INFO ] SYNC pps_local_us=141000334 unix_s=1780918369 drift_us=2 err_ns=4 holdover_ms=1000 (pico_gnss pico-gnss-rs/src/main.rs:458)
148.816395 [INFO ] NMEA $GPVTG,215.96,T,,M,0.33,N,0.62,K,A*30 (pico_gnss pico-gnss-rs/src/main.rs:427)
148.827632 [INFO ] PPS count=143 interval_us=1000002 interval_ns=1000002352 state=Locked missed=0 (pico_gnss pico-gnss-rs/src/main.rs:180)
148.845669 [INFO ] NMEA $GPZDA,113249.000,08,06,2026,,*52 (pico_gnss pico-gnss-rs/src/main.rs:427)
148.881144 [INFO ] PPSGEN count=145 interval_ns=1000002384 dev_ns=2384 phase_ns=53395511 hwphase_ns=53260992 (pico_gnss pico-gnss-rs/src/main.rs:271)
148.890448 [INFO ] NMEA $GPGST,113249.000,5.8,20,13,65.7,15,19,24*76 (pico_gnss pico-gnss-rs/src/main.rs:427)
149.006684 [INFO ] TIME unix_ns=1780918370179088214 ppb=2364 holdover_ms=1179 locked=1 (pico_gnss pico-gnss-rs/src/main.rs:214)
149.148063 [INFO ] NMEA $GPGGA,113250.000,0000.0000,N,00000.0000,E,1,8,1.23,22.4,M,39.0,M,,*68 (pico_gnss pico-gnss-rs/src/main.rs:427)
149.206411 [INFO ] NMEA $GNGLL,0000.0000,N,00000.0000,E,113250.000,A,A*45 (pico_gnss pico-gnss-rs/src/main.rs:427)
149.264877 [INFO ] NMEA $GNGSA,A,3,23,12,15,20,24,10,,,,,,,1.52,1.23,0.88*19 (pico_gnss pico-gnss-rs/src/main.rs:427)
149.319042 [INFO ] NMEA $GNGSA,A,3,70,73,,,,,,,,,,,1.52,1.23,0.88*19 (pico_gnss pico-gnss-rs/src/main.rs:427)
149.377713 [INFO ] NMEA $GPGSV,4,1,14,23,62,215,13,12,60,124,27,10,54,295,18,24,45,050,24*7C (pico_gnss pico-gnss-rs/src/main.rs:427)
149.436299 [INFO ] NMEA $GPGSV,4,2,14,25,41,184,,15,28,113,16,32,24,306,,28,09,252,*7B (pico_gnss pico-gnss-rs/src/main.rs:427)
149.523593 [INFO ] NMEA $GPGSV,4,3,14,20,06,111,18,19,02,057,22,18,01,208,,193,,,*76 (pico_gnss pico-gnss-rs/src/main.rs:427)
149.552997 [INFO ] NMEA $GPGSV,4,4,14,194,,,,195,,,*7D (pico_gnss pico-gnss-rs/src/main.rs:427)
149.615600 [INFO ] NMEA $GLGSV,2,1,08,74,79,198,,71,59,095,,72,51,340,,73,47,034,20*61 (pico_gnss pico-gnss-rs/src/main.rs:427)
149.674183 [INFO ] NMEA $GLGSV,2,2,08,75,24,209,,70,06,128,24,65,03,319,,88,01,311,*67 (pico_gnss pico-gnss-rs/src/main.rs:427)
149.761576 [INFO ] NMEA $GNRMC,113250.000,A,0000.0000,N,00000.0000,E,0.77,181.34,080626,,,A*77 (pico_gnss pico-gnss-rs/src/main.rs:427)
149.764141 [INFO ] SYNC pps_local_us=142000336 unix_s=1780918370 drift_us=2 err_ns=-11 holdover_ms=1000 (pico_gnss pico-gnss-rs/src/main.rs:458)
149.791286 [INFO ] NMEA $GPVTG,181.34,T,,M,0.77,N,1.42,K,A*35 (pico_gnss pico-gnss-rs/src/main.rs:427)
149.820332 [INFO ] NMEA $GPZDA,113250.000,08,06,2026,,*5A (pico_gnss pico-gnss-rs/src/main.rs:427)
149.827626 [INFO ] PPS count=144 interval_us=1000002 interval_ns=1000002368 state=Locked missed=0 (pico_gnss pico-gnss-rs/src/main.rs:180)
149.868081 [INFO ] NMEA $GPGST,113250.000,5.8,20,13,65.4,15,19,25*7C (pico_gnss pico-gnss-rs/src/main.rs:427)
149.881143 [INFO ] PPSGEN count=146 interval_ns=1000002384 dev_ns=2384 phase_ns=53401511 hwphase_ns=53261008 (pico_gnss pico-gnss-rs/src/main.rs:271)
150.007835 [INFO ] TIME unix_ns=1780918371180317211 ppb=2364 holdover_ms=1180 locked=1 (pico_gnss pico-gnss-rs/src/main.rs:214)
150.186271 [INFO ] NMEA $GPGGA,113251.000,0000.0000,N,00000.0000,E,1,8,1.23,22.4,M,39.0,M,,*6B (pico_gnss pico-gnss-rs/src/main.rs:427)
150.244605 [INFO ] NMEA $GNGLL,0000.0000,N,00000.0000,E,113251.000,A,A*46 (pico_gnss pico-gnss-rs/src/main.rs:427)
150.303039 [INFO ] NMEA $GNGSA,A,3,23,12,15,20,24,10,,,,,,,1.52,1.23,0.88*19 (pico_gnss pico-gnss-rs/src/main.rs:427)
150.354135 [INFO ] NMEA $GNGSA,A,3,70,73,,,,,,,,,,,1.52,1.23,0.88*19 (pico_gnss pico-gnss-rs/src/main.rs:427)
150.412752 [INFO ] NMEA $GPGSV,4,1,14,23,62,215,13,12,60,124,26,10,54,295,18,24,45,050,24*7D (pico_gnss pico-gnss-rs/src/main.rs:427)
150.471371 [INFO ] NMEA $GPGSV,4,2,14,25,41,184,,15,28,113,16,32,24,306,,28,09,252,*7B (pico_gnss pico-gnss-rs/src/main.rs:427)
150.558671 [INFO ] NMEA $GPGSV,4,3,14,20,06,111,18,19,02,057,22,18,01,208,,193,,,*76 (pico_gnss pico-gnss-rs/src/main.rs:427)
150.588089 [INFO ] NMEA $GPGSV,4,4,14,194,,,,195,,,*7D (pico_gnss pico-gnss-rs/src/main.rs:427)
150.650679 [INFO ] NMEA $GLGSV,2,1,08,74,79,198,,71,59,095,,72,51,340,,73,47,034,21*60 (pico_gnss pico-gnss-rs/src/main.rs:427)
150.709252 [INFO ] NMEA $GLGSV,2,2,08,75,24,209,,70,06,128,24,65,03,319,,88,01,311,*67 (pico_gnss pico-gnss-rs/src/main.rs:427)
150.796569 [INFO ] NMEA $GNRMC,113251.000,A,0000.0000,N,00000.0000,E,0.59,237.65,080626,,,A*72 (pico_gnss pico-gnss-rs/src/main.rs:427)
150.799133 [INFO ] SYNC pps_local_us=143000338 unix_s=1780918371 drift_us=2 err_ns=5 holdover_ms=999 (pico_gnss pico-gnss-rs/src/main.rs:458)
150.826273 [INFO ] NMEA $GPVTG,237.65,T,,M,0.59,N,1.10,K,A*34 (pico_gnss pico-gnss-rs/src/main.rs:427)
150.827706 [INFO ] PPS count=145 interval_us=1000002 interval_ns=1000002368 state=Locked missed=0 (pico_gnss pico-gnss-rs/src/main.rs:180)
150.845608 [INFO ] PPSGEN count=147 interval_ns=964454080 dev_ns=-35545920 phase_ns=17885594 hwphase_ns=17712720 (pico_gnss pico-gnss-rs/src/main.rs:271)
150.855615 [INFO ] NMEA $GPZDA,113251.000,08,06,2026,,*5B (pico_gnss pico-gnss-rs/src/main.rs:427)
150.906195 [INFO ] NMEA $GPGST,113251.000,5.7,20,13,65.7,15,19,24*70 (pico_gnss pico-gnss-rs/src/main.rs:427)
151.009062 [INFO ] TIME unix_ns=1780918372181448208 ppb=2364 holdover_ms=1181 locked=1 (pico_gnss pico-gnss-rs/src/main.rs:214)
151.110127 [INFO ] NMEA $GPGGA,113252.000,0000.0000,N,00000.0000,E,1,8,1.23,22.5,M,39.0,M,,*6B (pico_gnss pico-gnss-rs/src/main.rs:427)
151.168492 [INFO ] NMEA $GNGLL,0000.0000,N,00000.0000,E,113252.000,A,A*47 (pico_gnss pico-gnss-rs/src/main.rs:427)
151.226921 [INFO ] NMEA $GNGSA,A,3,23,12,15,20,24,10,,,,,,,1.52,1.23,0.88*19 (pico_gnss pico-gnss-rs/src/main.rs:427)
151.274956 [INFO ] NMEA $GNGSA,A,3,70,73,,,,,,,,,,,1.52,1.23,0.88*19 (pico_gnss pico-gnss-rs/src/main.rs:427)
151.333583 [INFO ] NMEA $GPGSV,4,1,14,23,62,215,13,12,60,124,26,10,54,295,18,24,45,050,24*7D (pico_gnss pico-gnss-rs/src/main.rs:427)
151.420908 [INFO ] NMEA $GPGSV,4,2,14,25,41,184,,15,28,113,16,32,24,306,,28,09,252,*7B (pico_gnss pico-gnss-rs/src/main.rs:427)
151.479498 [INFO ] NMEA $GPGSV,4,3,14,20,06,111,18,19,02,057,22,18,01,208,,193,,,*76 (pico_gnss pico-gnss-rs/src/main.rs:427)
151.508877 [INFO ] NMEA $GPGSV,4,4,14,194,,,,195,,,*7D (pico_gnss pico-gnss-rs/src/main.rs:427)
151.571445 [INFO ] NMEA $GLGSV,2,1,08,74,79,198,,71,59,095,,72,51,340,,73,47,034,21*60 (pico_gnss pico-gnss-rs/src/main.rs:427)
151.630061 [INFO ] NMEA $GLGSV,2,2,08,75,24,209,,70,06,128,24,65,03,319,,88,01,311,*67 (pico_gnss pico-gnss-rs/src/main.rs:427)
151.717584 [INFO ] NMEA $GNRMC,113252.000,A,0000.0000,N,00000.0000,E,0.67,93.94,080626,,,A*4C (pico_gnss pico-gnss-rs/src/main.rs:427)
151.720148 [INFO ] SYNC pps_local_us=144000341 unix_s=1780918372 drift_us=2 err_ns=5 holdover_ms=1000 (pico_gnss pico-gnss-rs/src/main.rs:458)
151.747267 [INFO ] NMEA $GPVTG,93.94,T,,M,0.67,N,1.24,K,A*0C (pico_gnss pico-gnss-rs/src/main.rs:427)
151.776360 [INFO ] NMEA $GPZDA,113252.000,08,06,2026,,*58 (pico_gnss pico-gnss-rs/src/main.rs:427)
151.827646 [INFO ] PPS count=146 interval_us=1000002 interval_ns=1000002352 state=Locked missed=0 (pico_gnss pico-gnss-rs/src/main.rs:180)
151.829311 [INFO ] NMEA $GPGST,113252.000,5.7,20,13,65.8,15,19,24*7C (pico_gnss pico-gnss-rs/src/main.rs:427)
151.845602 [INFO ] PPSGEN count=148 interval_ns=1000002384 dev_ns=2384 phase_ns=17751595 hwphase_ns=17712752 (pico_gnss pico-gnss-rs/src/main.rs:271)
152.010224 [INFO ] TIME unix_ns=1780918373182595205 ppb=2364 holdover_ms=1182 locked=1 (pico_gnss pico-gnss-rs/src/main.rs:214)
152.180927 [INFO ] NMEA $GPGGA,113253.000,0000.0000,N,00000.0000,E,1,8,1.23,22.6,M,39.0,M,,*63 (pico_gnss pico-gnss-rs/src/main.rs:427)
152.239275 [INFO ] NMEA $GNGLL,0000.0000,N,00000.0000,E,113253.000,A,A*4C (pico_gnss pico-gnss-rs/src/main.rs:427)
152.297686 [INFO ] NMEA $GNGSA,A,3,23,12,15,20,24,10,,,,,,,1.52,1.23,0.88*19 (pico_gnss pico-gnss-rs/src/main.rs:427)
152.344685 [INFO ] NMEA $GNGSA,A,3,70,73,,,,,,,,,,,1.52,1.23,0.88*19 (pico_gnss pico-gnss-rs/src/main.rs:427)
152.403356 [INFO ] NMEA $GPGSV,4,1,14,23,62,215,12,12,60,124,26,10,54,295,18,24,45,050,24*7C (pico_gnss pico-gnss-rs/src/main.rs:427)
152.490677 [INFO ] NMEA $GPGSV,4,2,14,25,41,184,,15,28,113,16,32,24,306,,28,09,252,*7B (pico_gnss pico-gnss-rs/src/main.rs:427)
152.549276 [INFO ] NMEA $GPGSV,4,3,14,20,06,111,18,19,02,057,22,18,01,208,,193,,,*76 (pico_gnss pico-gnss-rs/src/main.rs:427)
152.578648 [INFO ] NMEA $GPGSV,4,4,14,194,,,,195,,,*7D (pico_gnss pico-gnss-rs/src/main.rs:427)
152.641208 [INFO ] NMEA $GLGSV,2,1,08,74,79,198,,71,59,095,,72,51,340,,73,47,034,20*61 (pico_gnss pico-gnss-rs/src/main.rs:427)
152.699839 [INFO ] NMEA $GLGSV,2,2,08,75,24,209,,70,06,128,24,65,03,319,,88,01,311,*67 (pico_gnss pico-gnss-rs/src/main.rs:427)
152.787171 [INFO ] NMEA $GNRMC,113253.000,A,0000.0000,N,00000.0000,E,0.87,129.27,080626,,,A*71 (pico_gnss pico-gnss-rs/src/main.rs:427)
152.789763 [INFO ] SYNC pps_local_us=145000343 unix_s=1780918373 drift_us=2 err_ns=-11 holdover_ms=999 (pico_gnss pico-gnss-rs/src/main.rs:458)
152.816835 [INFO ] NMEA $GPVTG,129.27,T,,M,0.87,N,1.61,K,A*3B (pico_gnss pico-gnss-rs/src/main.rs:427)
152.827647 [INFO ] PPS count=147 interval_us=1000002 interval_ns=1000002368 state=Locked missed=0 (pico_gnss pico-gnss-rs/src/main.rs:180)
152.845537 [INFO ] PPSGEN count=149 interval_ns=1000002384 dev_ns=2384 phase_ns=17837595 hwphase_ns=17712768 (pico_gnss pico-gnss-rs/src/main.rs:271)
152.875572 [INFO ] NMEA $GPZDA,113253.000,08,06,2026,,*59 (pico_gnss pico-gnss-rs/src/main.rs:427)
152.900998 [INFO ] NMEA $GPGST,113253.000,5.7,20,13,65.7,15,19,24*72 (pico_gnss pico-gnss-rs/src/main.rs:427)
153.011458 [INFO ] TIME unix_ns=1780918374183841202 ppb=2364 holdover_ms=1183 locked=1 (pico_gnss pico-gnss-rs/src/main.rs:214)
153.145986 [INFO ] NMEA $GPGGA,113254.000,0000.0000,N,00000.0000,E,1,8,1.47,22.6,M,39.0,M,,*67 (pico_gnss pico-gnss-rs/src/main.rs:427)
153.204328 [INFO ] NMEA $GNGLL,0000.0000,N,00000.0000,E,113254.000,A,A*4A (pico_gnss pico-gnss-rs/src/main.rs:427)
153.262786 [INFO ] NMEA $GNGSA,A,3,23,12,15,20,24,10,,,,,,,1.72,1.47,0.89*18 (pico_gnss pico-gnss-rs/src/main.rs:427)
153.306651 [INFO ] NMEA $GNGSA,A,3,70,73,,,,,,,,,,,1.72,1.47,0.89*18 (pico_gnss pico-gnss-rs/src/main.rs:427)
153.365314 [INFO ] NMEA $GPGSV,4,1,14,23,62,215,12,12,60,124,26,10,54,295,18,24,45,050,24*7C (pico_gnss pico-gnss-rs/src/main.rs:427)
153.452671 [INFO ] NMEA $GPGSV,4,2,14,25,41,184,,15,28,113,16,32,24,306,,28,09,252,*7B (pico_gnss pico-gnss-rs/src/main.rs:427)
153.511253 [INFO ] NMEA $GPGSV,4,3,14,20,06,111,18,19,02,057,22,18,01,208,,193,,,*76 (pico_gnss pico-gnss-rs/src/main.rs:427)
153.540602 [INFO ] NMEA $GPGSV,4,4,14,194,,,,195,,,*7D (pico_gnss pico-gnss-rs/src/main.rs:427)
153.603192 [INFO ] NMEA $GLGSV,2,1,08,74,79,198,,71,59,095,,72,51,340,,73,47,034,19*6B (pico_gnss pico-gnss-rs/src/main.rs:427)
153.661824 [INFO ] NMEA $GLGSV,2,2,08,75,24,209,,70,06,128,24,65,03,319,,88,01,311,*67 (pico_gnss pico-gnss-rs/src/main.rs:427)
153.749197 [INFO ] NMEA $GNRMC,113254.000,A,0000.0000,N,00000.0000,E,0.92,70.01,080626,,,A*4A (pico_gnss pico-gnss-rs/src/main.rs:427)
153.751778 [INFO ] SYNC pps_local_us=146000346 unix_s=1780918374 drift_us=2 err_ns=5 holdover_ms=1000 (pico_gnss pico-gnss-rs/src/main.rs:458)
153.778852 [INFO ] NMEA $GPVTG,70.01,T,,M,0.92,N,1.71,K,A*07 (pico_gnss pico-gnss-rs/src/main.rs:427)
153.827633 [INFO ] PPS count=148 interval_us=1000002 interval_ns=1000002368 state=Locked missed=0 (pico_gnss pico-gnss-rs/src/main.rs:180)
153.836762 [INFO ] NMEA $GPZDA,113254.000,08,06,2026,,*5E (pico_gnss pico-gnss-rs/src/main.rs:427)
153.845604 [INFO ] PPSGEN count=150 interval_ns=1000002384 dev_ns=2384 phase_ns=17828595 hwphase_ns=17712784 (pico_gnss pico-gnss-rs/src/main.rs:271)
153.864392 [INFO ] NMEA $GPGST,113254.000,5.7,20,13,65.5,15,19,25*76 (pico_gnss pico-gnss-rs/src/main.rs:427)
154.012715 [INFO ] TIME unix_ns=1780918375185084199 ppb=2364 holdover_ms=1185 locked=1 (pico_gnss pico-gnss-rs/src/main.rs:214)
154.079044 [INFO ] NMEA $GPGGA,113255.000,0000.0000,N,00000.0000,E,1,7,1.47,22.6,M,39.0,M,,*61 (pico_gnss pico-gnss-rs/src/main.rs:427)
154.137388 [INFO ] NMEA $GNGLL,0000.0000,N,00000.0000,E,113255.000,A,A*43 (pico_gnss pico-gnss-rs/src/main.rs:427)
154.195815 [INFO ] NMEA $GNGSA,A,3,12,15,20,24,10,,,,,,,,1.72,1.47,0.89*19 (pico_gnss pico-gnss-rs/src/main.rs:427)
154.238639 [INFO ] NMEA $GNGSA,A,3,70,73,,,,,,,,,,,1.72,1.47,0.89*18 (pico_gnss pico-gnss-rs/src/main.rs:427)
154.297295 [INFO ] NMEA $GPGSV,4,1,14,23,62,215,,12,60,124,26,10,54,295,17,24,45,050,24*70 (pico_gnss pico-gnss-rs/src/main.rs:427)
154.384615 [INFO ] NMEA $GPGSV,4,2,14,25,41,184,,15,28,113,16,32,24,306,,28,09,252,*7B (pico_gnss pico-gnss-rs/src/main.rs:427)
154.443227 [INFO ] NMEA $GPGSV,4,3,14,20,06,111,18,19,02,057,22,18,01,208,,193,,,*76 (pico_gnss pico-gnss-rs/src/main.rs:427)
154.472551 [INFO ] NMEA $GPGSV,4,4,14,194,,,,195,,,*7D (pico_gnss pico-gnss-rs/src/main.rs:427)
154.535177 [INFO ] NMEA $GLGSV,2,1,08,74,79,198,,71,59,095,,72,51,340,,73,47,034,19*6B (pico_gnss pico-gnss-rs/src/main.rs:427)
154.593770 [INFO ] NMEA $GLGSV,2,2,08,75,24,209,,70,06,128,24,65,03,319,,88,01,311,*67 (pico_gnss pico-gnss-rs/src/main.rs:427)
154.681242 [INFO ] NMEA $GNRMC,113255.000,A,0000.0000,N,00000.0000,E,1.10,50.73,080626,,,A*4F (pico_gnss pico-gnss-rs/src/main.rs:427)
154.683810 [INFO ] SYNC pps_local_us=147000348 unix_s=1780918375 drift_us=2 err_ns=5 holdover_ms=999 (pico_gnss pico-gnss-rs/src/main.rs:458)
154.710982 [INFO ] NMEA $GPVTG,50.73,T,,M,1.10,N,2.04,K,A*0A (pico_gnss pico-gnss-rs/src/main.rs:427)
154.768579 [INFO ] NMEA $GPZDA,113255.000,08,06,2026,,*5F (pico_gnss pico-gnss-rs/src/main.rs:427)
154.792996 [INFO ] NMEA $GPGST,113255.000,5.7,20,13,65.7,15,19,25*75 (pico_gnss pico-gnss-rs/src/main.rs:427)
154.827625 [INFO ] PPS count=149 interval_us=1000002 interval_ns=1000002352 state=Locked missed=0 (pico_gnss pico-gnss-rs/src/main.rs:180)
154.845621 [INFO ] PPSGEN count=151 interval_ns=1000002384 dev_ns=2384 phase_ns=17840595 hwphase_ns=17712816 (pico_gnss pico-gnss-rs/src/main.rs:271)
155.013869 [INFO ] TIME unix_ns=1780918376186368197 ppb=2363 holdover_ms=1186 locked=1 (pico_gnss pico-gnss-rs/src/main.rs:214)
155.125962 [INFO ] NMEA $GPGGA,113256.000,0000.0000,N,00000.0000,E,1,7,1.47,22.7,M,39.0,M,,*68 (pico_gnss pico-gnss-rs/src/main.rs:427)
155.184321 [INFO ] NMEA $GNGLL,0000.0000,N,00000.0000,E,113256.000,A,A*4B (pico_gnss pico-gnss-rs/src/main.rs:427)
155.242706 [INFO ] NMEA $GNGSA,A,3,12,15,20,24,10,,,,,,,,1.72,1.47,0.89*19 (pico_gnss pico-gnss-rs/src/main.rs:427)
155.288649 [INFO ] NMEA $GNGSA,A,3,70,73,,,,,,,,,,,1.72,1.47,0.89*18 (pico_gnss pico-gnss-rs/src/main.rs:427)
155.347307 [INFO ] NMEA $GPGSV,4,1,14,23,62,215,,12,60,124,26,10,54,295,17,24,45,050,24*70 (pico_gnss pico-gnss-rs/src/main.rs:427)
155.405863 [INFO ] NMEA $GPGSV,4,2,14,25,41,184,,15,28,113,15,32,24,306,,28,09,252,*78 (pico_gnss pico-gnss-rs/src/main.rs:427)
155.493204 [INFO ] NMEA $GPGSV,4,3,14,20,06,111,18,19,02,057,23,18,01,208,,193,,,*77 (pico_gnss pico-gnss-rs/src/main.rs:427)
155.522563 [INFO ] NMEA $GPGSV,4,4,14,194,,,,195,,,*7D (pico_gnss pico-gnss-rs/src/main.rs:427)
155.585165 [INFO ] NMEA $GLGSV,2,1,08,74,79,198,,71,59,095,,72,51,340,,73,47,034,19*6B (pico_gnss pico-gnss-rs/src/main.rs:427)
155.643786 [INFO ] NMEA $GLGSV,2,2,08,75,24,209,,70,06,128,24,65,03,319,,88,01,311,*67 (pico_gnss pico-gnss-rs/src/main.rs:427)
155.731191 [INFO ] NMEA $GNRMC,113256.000,A,0000.0000,N,00000.0000,E,0.96,57.09,080626,,,A*42 (pico_gnss pico-gnss-rs/src/main.rs:427)
155.733777 [INFO ] SYNC pps_local_us=148000350 unix_s=1780918376 drift_us=2 err_ns=-11 holdover_ms=1000 (pico_gnss pico-gnss-rs/src/main.rs:458)
155.760854 [INFO ] NMEA $GPVTG,57.09,T,,M,0.96,N,1.77,K,A*08 (pico_gnss pico-gnss-rs/src/main.rs:427)
155.789939 [INFO ] NMEA $GPZDA,113256.000,08,06,2026,,*5C (pico_gnss pico-gnss-rs/src/main.rs:427)
155.827638 [INFO ] PPS count=150 interval_us=1000002 interval_ns=1000002352 state=Locked missed=0 (pico_gnss pico-gnss-rs/src/main.rs:180)
155.840013 [INFO ] NMEA $GPGST,113256.000,5.8,20,14,65.7,15,19,25*7E (pico_gnss pico-gnss-rs/src/main.rs:427)
155.845603 [INFO ] PPSGEN count=152 interval_ns=1000002384 dev_ns=2384 phase_ns=17875595 hwphase_ns=17712848 (pico_gnss pico-gnss-rs/src/main.rs:271)
156.015034 [INFO ] TIME unix_ns=1780918377187512194 ppb=2363 holdover_ms=1187 locked=1 (pico_gnss pico-gnss-rs/src/main.rs:214)
156.170765 [INFO ] NMEA $GPGGA,113257.000,0000.0000,N,00000.0000,E,1,7,1.47,22.5,M,39.0,M,,*61 (pico_gnss pico-gnss-rs/src/main.rs:427)
156.229099 [INFO ] NMEA $GNGLL,0000.0000,N,00000.0000,E,113257.000,A,A*40 (pico_gnss pico-gnss-rs/src/main.rs:427)
156.287500 [INFO ] NMEA $GNGSA,A,3,12,15,20,24,10,,,,,,,,1.72,1.47,0.89*19 (pico_gnss pico-gnss-rs/src/main.rs:427)
156.336531 [INFO ] NMEA $GNGSA,A,3,70,73,,,,,,,,,,,1.72,1.47,0.89*18 (pico_gnss pico-gnss-rs/src/main.rs:427)
156.395137 [INFO ] NMEA $GPGSV,4,1,14,23,62,215,,12,60,124,26,10,54,295,17,24,45,050,24*70 (pico_gnss pico-gnss-rs/src/main.rs:427)
156.453753 [INFO ] NMEA $GPGSV,4,2,14,25,41,184,,15,28,113,15,32,24,306,,28,09,252,*78 (pico_gnss pico-gnss-rs/src/main.rs:427)
156.541056 [INFO ] NMEA $GPGSV,4,3,14,20,06,111,18,19,02,057,23,18,01,208,,193,,,*77 (pico_gnss pico-gnss-rs/src/main.rs:427)
156.570432 [INFO ] NMEA $GPGSV,4,4,14,194,,,,195,,,*7D (pico_gnss pico-gnss-rs/src/main.rs:427)
156.633026 [INFO ] NMEA $GLGSV,2,1,08,74,79,198,,71,59,095,,72,51,340,,73,47,034,19*6B (pico_gnss pico-gnss-rs/src/main.rs:427)
156.691646 [INFO ] NMEA $GLGSV,2,2,08,75,24,209,,70,06,128,24,65,03,319,,88,01,311,*67 (pico_gnss pico-gnss-rs/src/main.rs:427)
156.778982 [INFO ] NMEA $GNRMC,113257.000,A,0000.0000,N,00000.0000,E,1.11,28.76,080626,,,A*47 (pico_gnss pico-gnss-rs/src/main.rs:427)
156.781554 [INFO ] SYNC pps_local_us=149000353 unix_s=1780918377 drift_us=2 err_ns=-11 holdover_ms=999 (pico_gnss pico-gnss-rs/src/main.rs:458)
156.808658 [INFO ] NMEA $GPVTG,28.76,T,,M,1.11,N,2.06,K,A*03 (pico_gnss pico-gnss-rs/src/main.rs:427)
156.827661 [INFO ] PPS count=151 interval_us=1000002 interval_ns=1000002368 state=Locked missed=0 (pico_gnss pico-gnss-rs/src/main.rs:180)
156.837934 [INFO ] NMEA $GPZDA,113257.000,08,06,2026,,*5D (pico_gnss pico-gnss-rs/src/main.rs:427)
156.845610 [INFO ] PPSGEN count=153 interval_ns=1000002384 dev_ns=2384 phase_ns=17879595 hwphase_ns=17712864 (pico_gnss pico-gnss-rs/src/main.rs:271)
156.884438 [INFO ] NMEA $GPGST,113257.000,5.8,20,14,66.7,15,19,25*7C (pico_gnss pico-gnss-rs/src/main.rs:427)
157.016281 [INFO ] TIME unix_ns=1780918378188674191 ppb=2363 holdover_ms=1188 locked=1 (pico_gnss pico-gnss-rs/src/main.rs:214)
157.106034 [INFO ] NMEA $GPGGA,113258.000,0000.0000,N,00000.0000,E,1,7,1.47,22.5,M,39.0,M,,*63 (pico_gnss pico-gnss-rs/src/main.rs:427)
157.164382 [INFO ] NMEA $GNGLL,0000.0000,N,00000.0000,E,113258.000,A,A*42 (pico_gnss pico-gnss-rs/src/main.rs:427)
157.222805 [INFO ] NMEA $GNGSA,A,3,12,15,20,24,10,,,,,,,,1.72,1.47,0.89*19 (pico_gnss pico-gnss-rs/src/main.rs:427)
157.274903 [INFO ] NMEA $GNGSA,A,3,70,73,,,,,,,,,,,1.72,1.47,0.89*18 (pico_gnss pico-gnss-rs/src/main.rs:427)
157.333534 [INFO ] NMEA $GPGSV,4,1,14,23,62,215,,12,60,124,26,10,54,295,17,24,45,050,24*70 (pico_gnss pico-gnss-rs/src/main.rs:427)
157.392131 [INFO ] NMEA $GPGSV,4,2,14,25,41,184,,15,28,113,14,32,24,306,,28,09,252,*79 (pico_gnss pico-gnss-rs/src/main.rs:427)
157.450661 [INFO ] NMEA $GPGSV,4,3,14,20,06,111,18,19,02,057,23,18,01,208,,193,,,*77 (pico_gnss pico-gnss-rs/src/main.rs:427)
157.508760 [INFO ] NMEA $GPGSV,4,4,14,194,,,,195,,,*7D (pico_gnss pico-gnss-rs/src/main.rs:427)
157.571432 [INFO ] NMEA $GLGSV,2,1,08,74,79,198,,71,59,095,,72,51,340,,73,47,034,19*6B (pico_gnss pico-gnss-rs/src/main.rs:427)
157.630001 [INFO ] NMEA $GLGSV,2,2,08,75,24,209,,70,06,128,24,65,03,319,,88,01,311,*67 (pico_gnss pico-gnss-rs/src/main.rs:427)
157.717450 [INFO ] NMEA $GNRMC,113258.000,A,0000.0000,N,00000.0000,E,0.45,28.76,080626,,,A*45 (pico_gnss pico-gnss-rs/src/main.rs:427)
157.720009 [INFO ] SYNC pps_local_us=150000355 unix_s=1780918378 drift_us=2 err_ns=5 holdover_ms=1000 (pico_gnss pico-gnss-rs/src/main.rs:458)
157.747121 [INFO ] NMEA $GPVTG,28.76,T,,M,0.45,N,0.83,K,A*0C (pico_gnss pico-gnss-rs/src/main.rs:427)
157.776212 [INFO ] NMEA $GPZDA,113258.000,08,06,2026,,*52 (pico_gnss pico-gnss-rs/src/main.rs:427)
157.819742 [INFO ] NMEA $GPGST,113258.000,5.7,20,14,66.9,15,19,25*72 (pico_gnss pico-gnss-rs/src/main.rs:427)
157.827631 [INFO ] PPS count=152 interval_us=1000002 interval_ns=1000002352 state=Locked missed=0 (pico_gnss pico-gnss-rs/src/main.rs:180)
157.845541 [INFO ] PPSGEN count=154 interval_ns=1000002384 dev_ns=2384 phase_ns=17806596 hwphase_ns=17712896 (pico_gnss pico-gnss-rs/src/main.rs:271)
158.017450 [INFO ] TIME unix_ns=1780918379189917189 ppb=2363 holdover_ms=1189 locked=1 (pico_gnss pico-gnss-rs/src/main.rs:214)
158.140181 [INFO ] NMEA $GPGGA,113259.000,0000.0000,N,00000.0000,E,1,7,1.47,22.5,M,39.0,M,,*6F (pico_gnss pico-gnss-rs/src/main.rs:427)
158.198511 [INFO ] NMEA $GNGLL,0000.0000,N,00000.0000,E,113259.000,A,A*4E (pico_gnss pico-gnss-rs/src/main.rs:427)
158.256915 [INFO ] NMEA $GNGSA,A,3,12,15,20,24,10,,,,,,,,1.72,1.47,0.89*19 (pico_gnss pico-gnss-rs/src/main.rs:427)
158.286462 [INFO ] NMEA $GNGSA,A,3,70,73,,,,,,,,,,,1.72,1.47,0.89*18 (pico_gnss pico-gnss-rs/src/main.rs:427)
158.370730 [INFO ] NMEA $GPGSV,4,1,14,23,62,215,,12,60,124,26,10,54,295,17,24,45,050,25*71 (pico_gnss pico-gnss-rs/src/main.rs:427)
158.429324 [INFO ] NMEA $GPGSV,4,2,14,25,41,184,,15,28,113,14,32,24,306,,28,09,252,*79 (pico_gnss pico-gnss-rs/src/main.rs:427)
158.487873 [INFO ] NMEA $GPGSV,4,3,14,20,06,111,18,19,02,057,23,18,01,208,,193,,,*77 (pico_gnss pico-gnss-rs/src/main.rs:427)
158.545907 [INFO ] NMEA $GPGSV,4,4,14,194,,,,195,,,*7D (pico_gnss pico-gnss-rs/src/main.rs:427)
158.608614 [INFO ] NMEA $GLGSV,2,1,08,74,79,198,,71,59,095,,72,51,340,,73,47,034,18*6A (pico_gnss pico-gnss-rs/src/main.rs:427)
158.667199 [INFO ] NMEA $GLGSV,2,2,08,75,24,209,,70,06,128,24,65,03,319,,88,01,311,*67 (pico_gnss pico-gnss-rs/src/main.rs:427)
158.725944 [INFO ] NMEA $GNRMC,113259.000,A,0000.0000,N,00000.0000,E,0.45,28.76,080626,,,A*49 (pico_gnss pico-gnss-rs/src/main.rs:427)
158.728507 [INFO ] SYNC pps_local_us=151000357 unix_s=1780918379 drift_us=2 err_ns=-10 holdover_ms=999 (pico_gnss pico-gnss-rs/src/main.rs:458)
158.784059 [INFO ] NMEA $GPVTG,28.76,T,,M,0.45,N,0.84,K,A*0B (pico_gnss pico-gnss-rs/src/main.rs:427)
158.813394 [INFO ] NMEA $GPZDA,113259.000,08,06,2026,,*53 (pico_gnss pico-gnss-rs/src/main.rs:427)
158.821106 [INFO ] PPSGEN count=155 interval_ns=975518064 dev_ns=-24481936 phase_ns=-6623347 hwphase_ns=-6769040 (pico_gnss pico-gnss-rs/src/main.rs:271)
158.827594 [INFO ] PPS count=153 interval_us=1000002 interval_ns=1000002352 state=Locked missed=0 (pico_gnss pico-gnss-rs/src/main.rs:180)
158.853847 [INFO ] NMEA $GPGST,113259.000,5.7,20,14,67.6,15,19,25*7D (pico_gnss pico-gnss-rs/src/main.rs:427)
159.018729 [INFO ] TIME unix_ns=1780918380191058187 ppb=2363 holdover_ms=1191 locked=1 (pico_gnss pico-gnss-rs/src/main.rs:214)
159.062114 [INFO ] NMEA $GPGGA,113300.000,0000.0000,N,00000.0000,E,1,7,1.47,22.5,M,39.0,M,,*62 (pico_gnss pico-gnss-rs/src/main.rs:427)
159.120412 [INFO ] NMEA $GNGLL,0000.0000,N,00000.0000,E,113300.000,A,A*43 (pico_gnss pico-gnss-rs/src/main.rs:427)
159.178812 [INFO ] NMEA $GNGSA,A,3,12,15,20,24,10,,,,,,,,1.72,1.47,0.89*19 (pico_gnss pico-gnss-rs/src/main.rs:427)
159.208362 [INFO ] NMEA $GNGSA,A,3,70,73,,,,,,,,,,,1.72,1.47,0.89*18 (pico_gnss pico-gnss-rs/src/main.rs:427)
159.295724 [INFO ] NMEA $GPGSV,4,1,14,23,62,215,,12,60,124,26,10,54,295,17,24,45,050,25*71 (pico_gnss pico-gnss-rs/src/main.rs:427)
159.354303 [INFO ] NMEA $GPGSV,4,2,14,25,41,184,,15,28,113,14,32,24,306,,28,09,252,*79 (pico_gnss pico-gnss-rs/src/main.rs:427)
159.412869 [INFO ] NMEA $GPGSV,4,3,14,20,06,111,18,19,02,057,23,18,01,208,,193,,,*77 (pico_gnss pico-gnss-rs/src/main.rs:427)
159.442207 [INFO ] NMEA $GPGSV,4,4,14,194,,,,195,,,*7D (pico_gnss pico-gnss-rs/src/main.rs:427)
159.533612 [INFO ] NMEA $GLGSV,2,1,08,74,79,198,,71,59,095,,72,51,340,,73,47,034,18*6A (pico_gnss pico-gnss-rs/src/main.rs:427)
159.592191 [INFO ] NMEA $GLGSV,2,2,08,75,24,209,,70,06,128,23,65,03,319,,88,01,311,*60 (pico_gnss pico-gnss-rs/src/main.rs:427)
159.650898 [INFO ] NMEA $GNRMC,113300.000,A,0000.0000,N,00000.0000,E,0.16,28.76,080626,,,A*42 (pico_gnss pico-gnss-rs/src/main.rs:427)
159.653461 [INFO ] SYNC pps_local_us=152000360 unix_s=1780918380 drift_us=2 err_ns=-10 holdover_ms=999 (pico_gnss pico-gnss-rs/src/main.rs:458)
159.709111 [INFO ] NMEA $GPVTG,28.76,T,,M,0.16,N,0.30,K,A*02 (pico_gnss pico-gnss-rs/src/main.rs:427)
159.738451 [INFO ] NMEA $GPZDA,113300.000,08,06,2026,,*5E (pico_gnss pico-gnss-rs/src/main.rs:427)
159.771934 [INFO ] NMEA $GPGST,113300.000,5.7,20,14,67.7,15,19,25*71 (pico_gnss pico-gnss-rs/src/main.rs:427)
159.821135 [INFO ] PPSGEN count=156 interval_ns=1000002384 dev_ns=2384 phase_ns=-6617346 hwphase_ns=-6769008 (pico_gnss pico-gnss-rs/src/main.rs:271)
159.827610 [INFO ] PPS count=154 interval_us=1000002 interval_ns=1000002352 state=Locked missed=0 (pico_gnss pico-gnss-rs/src/main.rs:180)
160.019910 [INFO ] TIME unix_ns=1780918381192364184 ppb=2362 holdover_ms=1192 locked=1 (pico_gnss pico-gnss-rs/src/main.rs:214)
160.109012 [INFO ] NMEA $GPGGA,113301.000,0000.0000,N,00000.0000,E,1,6,1.50,22.5,M,39.0,M,,*60 (pico_gnss pico-gnss-rs/src/main.rs:427)
160.167316 [INFO ] NMEA $GNGLL,0000.0000,N,00000.0000,E,113301.000,A,A*46 (pico_gnss pico-gnss-rs/src/main.rs:427)
160.225700 [INFO ] NMEA $GNGSA,A,3,12,20,24,10,,,,,,,,,1.75,1.50,0.90*14 (pico_gnss pico-gnss-rs/src/main.rs:427)
160.255263 [INFO ] NMEA $GNGSA,A,3,70,73,,,,,,,,,,,1.75,1.50,0.90*11 (pico_gnss pico-gnss-rs/src/main.rs:427)
160.345662 [INFO ] NMEA $GPGSV,4,1,14,23,62,215,,12,60,124,26,10,54,295,17,24,45,050,25*71 (pico_gnss pico-gnss-rs/src/main.rs:427)
160.404243 [INFO ] NMEA $GPGSV,4,2,14,25,41,184,,15,28,113,11,32,24,306,,28,09,252,*7C (pico_gnss pico-gnss-rs/src/main.rs:427)
160.462816 [INFO ] NMEA $GPGSV,4,3,14,20,06,111,18,19,02,057,23,18,01,208,,193,,,*77 (pico_gnss pico-gnss-rs/src/main.rs:427)
160.492204 [INFO ] NMEA $GPGSV,4,4,14,194,,,,195,,,*7D (pico_gnss pico-gnss-rs/src/main.rs:427)
160.554764 [INFO ] NMEA $GLGSV,2,1,08,74,79,198,,71,59,095,,72,51,340,,73,47,034,18*6A (pico_gnss pico-gnss-rs/src/main.rs:427)
160.642166 [INFO ] NMEA $GLGSV,2,2,08,75,24,209,,70,06,128,23,65,03,319,,88,01,311,*60 (pico_gnss pico-gnss-rs/src/main.rs:427)
160.700864 [INFO ] NMEA $GNRMC,113301.000,A,0000.0000,N,00000.0000,E,0.53,28.76,080626,,,A*46 (pico_gnss pico-gnss-rs/src/main.rs:427)
160.703447 [INFO ] SYNC pps_local_us=153000362 unix_s=1780918381 drift_us=2 err_ns=-10 holdover_ms=1000 (pico_gnss pico-gnss-rs/src/main.rs:458)
160.759021 [INFO ] NMEA $GPVTG,28.76,T,,M,0.53,N,0.98,K,A*01 (pico_gnss pico-gnss-rs/src/main.rs:427)
160.788323 [INFO ] NMEA $GPZDA,113301.000,08,06,2026,,*5F (pico_gnss pico-gnss-rs/src/main.rs:427)
160.821273 [INFO ] PPSGEN count=157 interval_ns=1000002384 dev_ns=2384 phase_ns=-6501346 hwphase_ns=-6768976 (pico_gnss pico-gnss-rs/src/main.rs:271)
160.822985 [INFO ] NMEA $GPGST,113301.000,5.6,20,14,67.7,15,19,25*71 (pico_gnss pico-gnss-rs/src/main.rs:427)
160.827650 [INFO ] PPS count=155 interval_us=1000002 interval_ns=1000002368 state=Locked missed=0 (pico_gnss pico-gnss-rs/src/main.rs:180)
161.021096 [INFO ] TIME unix_ns=1780918382193503181 ppb=2362 holdover_ms=1193 locked=1 (pico_gnss pico-gnss-rs/src/main.rs:214)
161.152973 [INFO ] NMEA $GPGGA,113302.000,0000.0000,N,00000.0000,E,1,6,1.50,22.5,M,39.0,M,,*69 (pico_gnss pico-gnss-rs/src/main.rs:427)
161.211308 [INFO ] NMEA $GNGLL,0000.0000,N,00000.0000,E,113302.000,A,A*4F (pico_gnss pico-gnss-rs/src/main.rs:427)
161.269693 [INFO ] NMEA $GNGSA,A,3,12,20,24,10,,,,,,,,,1.75,1.50,0.90*14 (pico_gnss pico-gnss-rs/src/main.rs:427)
161.299241 [INFO ] NMEA $GNGSA,A,3,70,73,,,,,,,,,,,1.75,1.50,0.90*11 (pico_gnss pico-gnss-rs/src/main.rs:427)
161.365995 [INFO ] NMEA $GPGSV,4,1,14,23,62,215,,12,60,124,26,10,54,295,17,24,45,050,24*70 (pico_gnss pico-gnss-rs/src/main.rs:427)
161.453407 [INFO ] NMEA $GPGSV,4,2,14,25,41,184,,15,28,113,13,32,24,306,,28,09,252,*7E (pico_gnss pico-gnss-rs/src/main.rs:427)
161.511951 [INFO ] NMEA $GPGSV,4,3,14,20,06,111,18,19,02,057,23,18,01,208,,193,,,*77 (pico_gnss pico-gnss-rs/src/main.rs:427)
161.541331 [INFO ] NMEA $GPGSV,4,4,14,194,,,,195,,,*7D (pico_gnss pico-gnss-rs/src/main.rs:427)
161.603939 [INFO ] NMEA $GLGSV,2,1,08,74,79,198,,71,59,095,,72,51,340,,73,47,034,18*6A (pico_gnss pico-gnss-rs/src/main.rs:427)
161.662499 [INFO ] NMEA $GLGSV,2,2,08,75,24,209,,70,06,128,23,65,03,319,,88,01,311,*60 (pico_gnss pico-gnss-rs/src/main.rs:427)
161.749944 [INFO ] NMEA $GNRMC,113302.000,A,0000.0000,N,00000.0000,E,0.67,192.16,080626,,,A*7E (pico_gnss pico-gnss-rs/src/main.rs:427)
161.752546 [INFO ] SYNC pps_local_us=154000364 unix_s=1780918382 drift_us=2 err_ns=6 holdover_ms=1000 (pico_gnss pico-gnss-rs/src/main.rs:458)
161.779645 [INFO ] NMEA $GPVTG,192.16,T,,M,0.67,N,1.23,K,A*31 (pico_gnss pico-gnss-rs/src/main.rs:427)
161.821138 [INFO ] PPSGEN count=158 interval_ns=1000002384 dev_ns=2384 phase_ns=-6639346 hwphase_ns=-6768960 (pico_gnss pico-gnss-rs/src/main.rs:271)
161.827593 [INFO ] PPS count=156 interval_us=1000002 interval_ns=1000002352 state=Locked missed=0 (pico_gnss pico-gnss-rs/src/main.rs:180)
161.837725 [INFO ] NMEA $GPZDA,113302.000,08,06,2026,,*5C (pico_gnss pico-gnss-rs/src/main.rs:427)
161.867348 [INFO ] NMEA $GPGST,113302.000,5.6,20,14,67.4,15,19,25*71 (pico_gnss pico-gnss-rs/src/main.rs:427)
162.022318 [INFO ] TIME unix_ns=1780918383194657179 ppb=2362 holdover_ms=1194 locked=1 (pico_gnss pico-gnss-rs/src/main.rs:214)
162.199853 [INFO ] NMEA $GPGGA,113303.000,0000.0000,N,00000.0000,E,1,6,1.50,22.6,M,39.0,M,,*65 (pico_gnss pico-gnss-rs/src/main.rs:427)
162.258242 [INFO ] NMEA $GNGLL,0000.0000,N,00000.0000,E,113303.000,A,A*40 (pico_gnss pico-gnss-rs/src/main.rs:427)
162.316594 [INFO ] NMEA $GNGSA,A,3,12,20,24,10,,,,,,,,,1.75,1.50,0.90*14 (pico_gnss pico-gnss-rs/src/main.rs:427)
162.346161 [INFO ] NMEA $GNGSA,A,3,70,73,,,,,,,,,,,1.75,1.50,0.90*11 (pico_gnss pico-gnss-rs/src/main.rs:427)
162.416014 [INFO ] NMEA $GPGSV,4,1,14,23,62,215,,12,60,124,26,10,54,295,17,24,45,050,24*70 (pico_gnss pico-gnss-rs/src/main.rs:427)
162.503376 [INFO ] NMEA $GPGSV,4,2,14,25,41,184,,15,28,113,14,32,24,306,,28,09,252,*79 (pico_gnss pico-gnss-rs/src/main.rs:427)
162.561917 [INFO ] NMEA $GPGSV,4,3,14,20,06,111,18,19,02,057,23,18,01,208,,193,,,*77 (pico_gnss pico-gnss-rs/src/main.rs:427)
162.591279 [INFO ] NMEA $GPGSV,4,4,14,194,,,,195,,,*7D (pico_gnss pico-gnss-rs/src/main.rs:427)
162.653907 [INFO ] NMEA $GLGSV,2,1,08,74,79,198,,71,59,095,,72,51,340,,73,47,034,18*6A (pico_gnss pico-gnss-rs/src/main.rs:427)
162.712485 [INFO ] NMEA $GLGSV,2,2,08,75,24,209,,70,06,128,23,65,03,319,,88,01,311,*60 (pico_gnss pico-gnss-rs/src/main.rs:427)
162.799824 [INFO ] NMEA $GNRMC,113303.000,A,0000.0000,N,00000.0000,E,0.52,192.16,080626,,,A*77 (pico_gnss pico-gnss-rs/src/main.rs:427)
162.802399 [INFO ] SYNC pps_local_us=155000367 unix_s=1780918383 drift_us=2 err_ns=-10 holdover_ms=999 (pico_gnss pico-gnss-rs/src/main.rs:458)
162.821221 [INFO ] PPSGEN count=159 interval_ns=1000002384 dev_ns=2384 phase_ns=-6534346 hwphase_ns=-6768928 (pico_gnss pico-gnss-rs/src/main.rs:271)
162.827592 [INFO ] PPS count=157 interval_us=1000002 interval_ns=1000002352 state=Locked missed=0 (pico_gnss pico-gnss-rs/src/main.rs:180)
162.829669 [INFO ] NMEA $GPVTG,192.16,T,,M,0.52,N,0.96,K,A*38 (pico_gnss pico-gnss-rs/src/main.rs:427)
162.887228 [INFO ] NMEA $GPZDA,113303.000,08,06,2026,,*5D (pico_gnss pico-gnss-rs/src/main.rs:427)
162.913998 [INFO ] NMEA $GPGST,113303.000,5.6,20,14,68.0,15,19,25*7B (pico_gnss pico-gnss-rs/src/main.rs:427)
163.023580 [INFO ] TIME unix_ns=1780918384195941176 ppb=2362 holdover_ms=1195 locked=1 (pico_gnss pico-gnss-rs/src/main.rs:214)
163.148856 [INFO ] NMEA $GPGGA,113304.000,0000.0000,N,00000.0000,E,1,6,1.50,22.7,M,39.0,M,,*66 (pico_gnss pico-gnss-rs/src/main.rs:427)
163.207229 [INFO ] NMEA $GNGLL,0000.0000,N,00000.0000,E,113304.000,A,A*42 (pico_gnss pico-gnss-rs/src/main.rs:427)
163.265589 [INFO ] NMEA $GNGSA,A,3,12,20,24,10,,,,,,,,,1.75,1.50,0.90*14 (pico_gnss pico-gnss-rs/src/main.rs:427)
163.295154 [INFO ] NMEA $GNGSA,A,3,70,73,,,,,,,,,,,1.75,1.50,0.90*11 (pico_gnss pico-gnss-rs/src/main.rs:427)
163.368115 [INFO ] NMEA $GPGSV,4,1,14,23,62,215,,12,60,124,26,10,54,295,17,24,45,050,24*70 (pico_gnss pico-gnss-rs/src/main.rs:427)
163.426687 [INFO ] NMEA $GPGSV,4,2,14,25,41,184,,15,28,113,15,32,24,306,,28,09,252,*78 (pico_gnss pico-gnss-rs/src/main.rs:427)
163.514033 [INFO ] NMEA $GPGSV,4,3,14,20,06,111,18,19,02,057,23,18,01,208,,193,,,*77 (pico_gnss pico-gnss-rs/src/main.rs:427)
163.543369 [INFO ] NMEA $GPGSV,4,4,14,194,,,,195,,,*7D (pico_gnss pico-gnss-rs/src/main.rs:427)
163.605981 [INFO ] NMEA $GLGSV,2,1,08,74,79,198,,71,59,095,,72,51,340,,73,47,034,19*6B (pico_gnss pico-gnss-rs/src/main.rs:427)
163.664607 [INFO ] NMEA $GLGSV,2,2,08,75,24,209,,70,06,128,23,65,03,319,,88,01,311,*60 (pico_gnss pico-gnss-rs/src/main.rs:427)
163.751999 [INFO ] NMEA $GNRMC,113304.000,A,0000.0000,N,00000.0000,E,1.07,100.21,080626,,,A*7B (pico_gnss pico-gnss-rs/src/main.rs:427)
163.754577 [INFO ] SYNC pps_local_us=156000369 unix_s=1780918384 drift_us=2 err_ns=-9 holdover_ms=1000 (pico_gnss pico-gnss-rs/src/main.rs:458)
163.781679 [INFO ] NMEA $GPVTG,100.21,T,,M,1.07,N,1.97,K,A*36 (pico_gnss pico-gnss-rs/src/main.rs:427)
163.810752 [INFO ] NMEA $GPZDA,113304.000,08,06,2026,,*5A (pico_gnss pico-gnss-rs/src/main.rs:427)
163.821140 [INFO ] PPSGEN count=160 interval_ns=1000002384 dev_ns=2384 phase_ns=-6589346 hwphase_ns=-6768896 (pico_gnss pico-gnss-rs/src/main.rs:271)
163.827603 [INFO ] PPS count=158 interval_us=1000002 interval_ns=1000002368 state=Locked missed=0 (pico_gnss pico-gnss-rs/src/main.rs:180)
163.863084 [INFO ] NMEA $GPGST,113304.000,5.6,20,14,68.1,15,19,25*7D (pico_gnss pico-gnss-rs/src/main.rs:427)
164.024824 [INFO ] TIME unix_ns=1780918385197195173 ppb=2362 holdover_ms=1197 locked=1 (pico_gnss pico-gnss-rs/src/main.rs:214)
164.098188 [INFO ] NMEA $GPGGA,113305.000,0000.0000,N,00000.0000,E,1,6,1.50,22.8,M,39.0,M,,*69 (pico_gnss pico-gnss-rs/src/main.rs:427)
164.156529 [INFO ] NMEA $GNGLL,0000.0000,N,00000.0000,E,113305.000,A,A*42 (pico_gnss pico-gnss-rs/src/main.rs:427)
164.214901 [INFO ] NMEA $GNGSA,A,3,12,20,24,10,,,,,,,,,1.75,1.50,0.90*14 (pico_gnss pico-gnss-rs/src/main.rs:427)
164.244457 [INFO ] NMEA $GNGSA,A,3,70,73,,,,,,,,,,,1.75,1.50,0.90*11 (pico_gnss pico-gnss-rs/src/main.rs:427)
164.320473 [INFO ] NMEA $GPGSV,4,1,14,23,62,215,,12,60,124,26,10,54,295,17,24,45,050,24*70 (pico_gnss pico-gnss-rs/src/main.rs:427)
164.379090 [INFO ] NMEA $GPGSV,4,2,14,25,41,184,,15,28,113,16,32,24,306,,28,09,252,*7B (pico_gnss pico-gnss-rs/src/main.rs:427)
164.466408 [INFO ] NMEA $GPGSV,4,3,14,20,06,111,18,19,02,057,23,18,01,208,,193,,,*77 (pico_gnss pico-gnss-rs/src/main.rs:427)
164.495802 [INFO ] NMEA $GPGSV,4,4,14,194,,,,195,,,*7D (pico_gnss pico-gnss-rs/src/main.rs:427)
164.558365 [INFO ] NMEA $GLGSV,2,1,08,74,79,198,,71,59,095,,72,51,340,,73,47,034,19*6B (pico_gnss pico-gnss-rs/src/main.rs:427)
164.616998 [INFO ] NMEA $GLGSV,2,2,08,75,24,209,,70,06,128,23,65,03,319,,88,01,311,*60 (pico_gnss pico-gnss-rs/src/main.rs:427)
164.704434 [INFO ] NMEA $GNRMC,113305.000,A,0000.0000,N,00000.0000,E,1.45,145.93,080626,,,A*75 (pico_gnss pico-gnss-rs/src/main.rs:427)
164.706999 [INFO ] SYNC pps_local_us=157000371 unix_s=1780918385 drift_us=2 err_ns=7 holdover_ms=1000 (pico_gnss pico-gnss-rs/src/main.rs:458)
164.734163 [INFO ] NMEA $GPVTG,145.93,T,,M,1.45,N,2.69,K,A*3A (pico_gnss pico-gnss-rs/src/main.rs:427)
164.763252 [INFO ] NMEA $GPZDA,113305.000,08,06,2026,,*5B (pico_gnss pico-gnss-rs/src/main.rs:427)
164.812344 [INFO ] NMEA $GPGST,113305.000,5.5,20,14,68.2,15,20,25*76 (pico_gnss pico-gnss-rs/src/main.rs:427)
164.821141 [INFO ] PPSGEN count=161 interval_ns=1000002384 dev_ns=2384 phase_ns=-6603346 hwphase_ns=-6768880 (pico_gnss pico-gnss-rs/src/main.rs:271)
164.827616 [INFO ] PPS count=159 interval_us=1000002 interval_ns=1000002368 state=Locked missed=0 (pico_gnss pico-gnss-rs/src/main.rs:180)
165.025993 [INFO ] TIME unix_ns=1780918386198428170 ppb=2362 holdover_ms=1198 locked=1 (pico_gnss pico-gnss-rs/src/main.rs:214)
165.143076 [INFO ] NMEA $GPGGA,113306.000,0000.0000,N,00000.0000,E,1,7,1.47,22.8,M,39.0,M,,*62 (pico_gnss pico-gnss-rs/src/main.rs:427)
165.201399 [INFO ] NMEA $GNGLL,0000.0000,N,00000.0000,E,113306.000,A,A*4E (pico_gnss pico-gnss-rs/src/main.rs:427)
165.259811 [INFO ] NMEA $GNGSA,A,3,12,15,20,24,10,,,,,,,,1.72,1.47,0.89*19 (pico_gnss pico-gnss-rs/src/main.rs:427)
165.289357 [INFO ] NMEA $GNGSA,A,3,70,73,,,,,,,,,,,1.72,1.47,0.89*18 (pico_gnss pico-gnss-rs/src/main.rs:427)
165.368503 [INFO ] NMEA $GPGSV,4,1,14,23,62,215,,12,60,124,26,10,54,295,17,24,45,050,24*70 (pico_gnss pico-gnss-rs/src/main.rs:427)
165.427128 [INFO ] NMEA $GPGSV,4,2,14,25,41,184,,15,28,113,14,32,24,306,,28,09,252,*79 (pico_gnss pico-gnss-rs/src/main.rs:427)
165.514400 [INFO ] NMEA $GPGSV,4,3,14,20,06,111,18,19,02,057,23,18,01,208,,193,,,*77 (pico_gnss pico-gnss-rs/src/main.rs:427)
165.543811 [INFO ] NMEA $GPGSV,4,4,14,194,,,,195,,,*7D (pico_gnss pico-gnss-rs/src/main.rs:427)
165.606358 [INFO ] NMEA $GLGSV,2,1,08,74,79,198,,71,59,095,,72,51,340,,73,47,034,19*6B (pico_gnss pico-gnss-rs/src/main.rs:427)
165.664994 [INFO ] NMEA $GLGSV,2,2,08,75,24,209,,70,06,128,23,65,03,319,,88,01,311,*60 (pico_gnss pico-gnss-rs/src/main.rs:427)
165.752383 [INFO ] NMEA $GNRMC,113306.000,A,0000.0000,N,00000.0000,E,0.70,151.07,080626,,,A*76 (pico_gnss pico-gnss-rs/src/main.rs:427)
165.754950 [INFO ] SYNC pps_local_us=158000374 unix_s=1780918386 drift_us=2 err_ns=6 holdover_ms=1000 (pico_gnss pico-gnss-rs/src/main.rs:458)
165.782076 [INFO ] NMEA $GPVTG,151.07,T,,M,0.70,N,1.29,K,A*32 (pico_gnss pico-gnss-rs/src/main.rs:427)
165.811148 [INFO ] NMEA $GPZDA,113306.000,08,06,2026,,*58 (pico_gnss pico-gnss-rs/src/main.rs:427)
165.821147 [INFO ] PPSGEN count=162 interval_ns=1000002384 dev_ns=2384 phase_ns=-6605346 hwphase_ns=-6768864 (pico_gnss pico-gnss-rs/src/main.rs:271)
165.827611 [INFO ] PPS count=160 interval_us=1000002 interval_ns=1000002352 state=Locked missed=0 (pico_gnss pico-gnss-rs/src/main.rs:180)
165.859251 [INFO ] NMEA $GPGST,113306.000,5.6,20,14,68.4,15,20,25*70 (pico_gnss pico-gnss-rs/src/main.rs:427)
166.027286 [INFO ] TIME unix_ns=1780918387199593167 ppb=2362 holdover_ms=1199 locked=1 (pico_gnss pico-gnss-rs/src/main.rs:214)
166.079303 [INFO ] NMEA $GPGGA,113307.000,0000.0000,N,00000.0000,E,1,7,1.47,22.8,M,39.0,M,,*6D (pico_gnss pico-gnss-rs/src/main.rs:427)
166.137619 [INFO ] NMEA $GNGLL,0000.0000,N,00000.0000,E,113307.000,A,A*41 (pico_gnss pico-gnss-rs/src/main.rs:427)
166.196008 [INFO ] NMEA $GNGSA,A,3,12,15,20,24,10,,,,,,,,1.72,1.47,0.89*19 (pico_gnss pico-gnss-rs/src/main.rs:427)
166.225557 [INFO ] NMEA $GNGSA,A,3,70,73,,,,,,,,,,,1.72,1.47,0.89*18 (pico_gnss pico-gnss-rs/src/main.rs:427)
166.305696 [INFO ] NMEA $GPGSV,4,1,14,23,62,215,,12,60,124,26,10,54,295,17,24,45,050,24*70 (pico_gnss pico-gnss-rs/src/main.rs:427)
166.364304 [INFO ] NMEA $GPGSV,4,2,14,25,41,184,,15,28,113,13,32,24,306,,28,09,252,*7E (pico_gnss pico-gnss-rs/src/main.rs:427)
166.451589 [INFO ] NMEA $GPGSV,4,3,14,20,06,111,18,19,02,057,23,18,01,208,,193,,,*77 (pico_gnss pico-gnss-rs/src/main.rs:427)
166.481022 [INFO ] NMEA $GPGSV,4,4,14,194,,,,195,,,*7D (pico_gnss pico-gnss-rs/src/main.rs:427)
166.543613 [INFO ] NMEA $GLGSV,2,1,08,74,79,198,,71,59,095,,72,51,340,,73,47,034,19*6B (pico_gnss pico-gnss-rs/src/main.rs:427)
166.602199 [INFO ] NMEA $GLGSV,2,2,08,75,24,209,,70,06,128,23,65,03,319,,88,01,311,*60 (pico_gnss pico-gnss-rs/src/main.rs:427)
166.689663 [INFO ] NMEA $GNRMC,113307.000,A,0000.0000,N,00000.0000,E,0.32,151.07,080626,,,A*7F (pico_gnss pico-gnss-rs/src/main.rs:427)
166.692257 [INFO ] SYNC pps_local_us=159000376 unix_s=1780918387 drift_us=2 err_ns=-9 holdover_ms=999 (pico_gnss pico-gnss-rs/src/main.rs:458)
166.719404 [INFO ] NMEA $GPVTG,151.07,T,,M,0.32,N,0.59,K,A*32 (pico_gnss pico-gnss-rs/src/main.rs:427)
166.748505 [INFO ] NMEA $GPZDA,113307.000,08,06,2026,,*59 (pico_gnss pico-gnss-rs/src/main.rs:427)
166.795454 [INFO ] NMEA $GPGST,113307.000,5.6,20,14,68.2,15,20,25*77 (pico_gnss pico-gnss-rs/src/main.rs:427)
166.821241 [INFO ] PPSGEN count=163 interval_ns=1000117264 dev_ns=117264 phase_ns=-6484346 hwphase_ns=-6653952 (pico_gnss pico-gnss-rs/src/main.rs:271)
166.827611 [INFO ] PPS count=161 interval_us=1000002 interval_ns=1000002352 state=Locked missed=0 (pico_gnss pico-gnss-rs/src/main.rs:180)
167.028463 [INFO ] TIME unix_ns=1780918388200908165 ppb=2362 holdover_ms=1200 locked=1 (pico_gnss pico-gnss-rs/src/main.rs:214)
167.124207 [INFO ] NMEA $GPGGA,113308.000,0000.0000,N,00000.0000,E,1,7,1.47,22.9,M,39.0,M,,*63 (pico_gnss pico-gnss-rs/src/main.rs:427)
167.182533 [INFO ] NMEA $GNGLL,0000.0000,N,00000.0000,E,113308.000,A,A*4E (pico_gnss pico-gnss-rs/src/main.rs:427)
167.240939 [INFO ] NMEA $GNGSA,A,3,12,15,20,24,10,,,,,,,,1.72,1.47,0.89*19 (pico_gnss pico-gnss-rs/src/main.rs:427)
167.270489 [INFO ] NMEA $GNGSA,A,3,70,73,,,,,,,,,,,1.72,1.47,0.89*18 (pico_gnss pico-gnss-rs/src/main.rs:427)
167.351748 [INFO ] NMEA $GPGSV,4,1,14,23,62,215,,12,60,124,26,10,54,295,17,24,45,050,24*70 (pico_gnss pico-gnss-rs/src/main.rs:427)
167.410351 [INFO ] NMEA $GPGSV,4,2,14,25,41,184,,15,28,113,14,32,24,306,,28,09,252,*79 (pico_gnss pico-gnss-rs/src/main.rs:427)
167.468881 [INFO ] NMEA $GPGSV,4,3,14,20,06,111,18,19,02,057,23,18,01,208,,193,,,*77 (pico_gnss pico-gnss-rs/src/main.rs:427)
167.527000 [INFO ] NMEA $GPGSV,4,4,14,194,,,,195,,,*7D (pico_gnss pico-gnss-rs/src/main.rs:427)
167.589656 [INFO ] NMEA $GLGSV,2,1,08,74,79,198,,71,59,095,,72,51,340,,73,47,034,19*6B (pico_gnss pico-gnss-rs/src/main.rs:427)
167.648254 [INFO ] NMEA $GLGSV,2,2,08,75,24,209,,70,06,128,23,65,03,319,,88,01,311,*60 (pico_gnss pico-gnss-rs/src/main.rs:427)
167.735681 [INFO ] NMEA $GNRMC,113308.000,A,0000.0000,N,00000.0000,E,0.38,151.07,080626,,,A*7A (pico_gnss pico-gnss-rs/src/main.rs:427)
167.738266 [INFO ] SYNC pps_local_us=160000379 unix_s=1780918388 drift_us=2 err_ns=-9 holdover_ms=1000 (pico_gnss pico-gnss-rs/src/main.rs:458)
167.765338 [INFO ] NMEA $GPVTG,151.07,T,,M,0.38,N,0.70,K,A*33 (pico_gnss pico-gnss-rs/src/main.rs:427)
167.794441 [INFO ] NMEA $GPZDA,113308.000,08,06,2026,,*56 (pico_gnss pico-gnss-rs/src/main.rs:427)
167.821251 [INFO ] PPSGEN count=164 interval_ns=1000002384 dev_ns=2384 phase_ns=-6509346 hwphase_ns=-6653920 (pico_gnss pico-gnss-rs/src/main.rs:271)
167.827672 [INFO ] PPS count=162 interval_us=1000002 interval_ns=1000002352 state=Locked missed=0 (pico_gnss pico-gnss-rs/src/main.rs:180)
167.840699 [INFO ] NMEA $GPGST,113308.000,5.6,20,14,68.3,15,20,25*79 (pico_gnss pico-gnss-rs/src/main.rs:427)
168.029729 [INFO ] TIME unix_ns=1780918389202064162 ppb=2361 holdover_ms=1202 locked=1 (pico_gnss pico-gnss-rs/src/main.rs:214)
168.105092 [INFO ] NMEA $GPGGA,113309.000,0000.0000,N,00000.0000,E,1,7,1.47,22.9,M,39.0,M,,*66 (pico_gnss pico-gnss-rs/src/main.rs:427)
168.163463 [INFO ] NMEA $GNGLL,0000.0000,N,00000.0000,E,113309.000,A,A*4B (pico_gnss pico-gnss-rs/src/main.rs:427)
168.221859 [INFO ] NMEA $GNGSA,A,3,12,15,20,24,10,,,,,,,,1.72,1.47,0.89*19 (pico_gnss pico-gnss-rs/src/main.rs:427)
168.251406 [INFO ] NMEA $GNGSA,A,3,70,73,,,,,,,,,,,1.72,1.47,0.89*18 (pico_gnss pico-gnss-rs/src/main.rs:427)
168.333588 [INFO ] NMEA $GPGSV,4,1,14,23,62,215,,12,60,124,25,10,54,295,17,24,45,050,24*73 (pico_gnss pico-gnss-rs/src/main.rs:427)
168.392215 [INFO ] NMEA $GPGSV,4,2,14,25,41,184,,15,28,113,13,32,24,306,,28,09,252,*7E (pico_gnss pico-gnss-rs/src/main.rs:427)
168.450735 [INFO ] NMEA $GPGSV,4,3,14,20,06,111,18,19,02,057,23,18,01,208,,193,,,*77 (pico_gnss pico-gnss-rs/src/main.rs:427)
168.508831 [INFO ] NMEA $GPGSV,4,4,14,194,,,,195,,,*7D (pico_gnss pico-gnss-rs/src/main.rs:427)
168.571523 [INFO ] NMEA $GLGSV,2,1,08,74,79,198,,71,59,095,,72,51,340,,73,47,034,19*6B (pico_gnss pico-gnss-rs/src/main.rs:427)
168.630079 [INFO ] NMEA $GLGSV,2,2,08,75,24,209,,70,06,128,23,65,03,319,,88,01,311,*60 (pico_gnss pico-gnss-rs/src/main.rs:427)
168.717554 [INFO ] NMEA $GNRMC,113309.000,A,0000.0000,N,00000.0000,E,0.60,308.76,080626,,,A*7A (pico_gnss pico-gnss-rs/src/main.rs:427)
168.720124 [INFO ] SYNC pps_local_us=161000381 unix_s=1780918389 drift_us=2 err_ns=-9 holdover_ms=999 (pico_gnss pico-gnss-rs/src/main.rs:458)
168.747562 [INFO ] NMEA $GPVTG,308.76,T,,M,0.60,N,1.12,K,A*33 (pico_gnss pico-gnss-rs/src/main.rs:427)
168.776611 [INFO ] NMEA $GPZDA,113309.000,08,06,2026,,*57 (pico_gnss pico-gnss-rs/src/main.rs:427)
168.821275 [INFO ] PPSGEN count=165 interval_ns=1000002384 dev_ns=2384 phase_ns=-6501345 hwphase_ns=-6653888 (pico_gnss pico-gnss-rs/src/main.rs:271)
168.823338 [INFO ] NMEA $GPGST,113309.000,5.6,20,14,68.0,15,20,25*7B (pico_gnss pico-gnss-rs/src/main.rs:427)
168.827657 [INFO ] PPS count=163 interval_us=1000002 interval_ns=1000002368 state=Locked missed=0 (pico_gnss pico-gnss-rs/src/main.rs:180)
169.030934 [INFO ] TIME unix_ns=1780918390203324159 ppb=2361 holdover_ms=1203 locked=1 (pico_gnss pico-gnss-rs/src/main.rs:214)
169.149007 [INFO ] NMEA $GPGGA,113310.000,0000.0000,N,00000.0000,E,1,7,1.47,23.0,M,39.0,M,,*6E (pico_gnss pico-gnss-rs/src/main.rs:427)
169.207350 [INFO ] NMEA $GNGLL,0000.0000,N,00000.0000,E,113310.000,A,A*4B (pico_gnss pico-gnss-rs/src/main.rs:427)
169.265760 [INFO ] NMEA $GNGSA,A,3,12,15,20,24,10,,,,,,,,1.72,1.47,0.89*19 (pico_gnss pico-gnss-rs/src/main.rs:427)
169.295313 [INFO ] NMEA $GNGSA,A,3,70,73,,,,,,,,,,,1.72,1.47,0.89*18 (pico_gnss pico-gnss-rs/src/main.rs:427)
169.378528 [INFO ] NMEA $GPGSV,4,1,14,23,62,215,,12,60,124,25,10,54,295,18,24,45,050,24*7C (pico_gnss pico-gnss-rs/src/main.rs:427)
169.437162 [INFO ] NMEA $GPGSV,4,2,14,25,41,184,,15,28,113,15,32,24,306,,28,09,252,*78 (pico_gnss pico-gnss-rs/src/main.rs:427)
169.495677 [INFO ] NMEA $GPGSV,4,3,14,20,06,111,18,19,02,057,23,18,01,208,,193,,,*77 (pico_gnss pico-gnss-rs/src/main.rs:427)
169.553771 [INFO ] NMEA $GPGSV,4,4,14,194,,,,195,,,*7D (pico_gnss pico-gnss-rs/src/main.rs:427)
169.616460 [INFO ] NMEA $GLGSV,2,1,08,74,79,198,,71,59,095,,72,51,340,,73,47,034,19*6B (pico_gnss pico-gnss-rs/src/main.rs:427)
169.675020 [INFO ] NMEA $GLGSV,2,2,08,75,24,209,,70,06,128,23,65,03,319,,88,01,311,*60 (pico_gnss pico-gnss-rs/src/main.rs:427)
169.762417 [INFO ] NMEA $GNRMC,113310.000,A,0000.0000,N,00000.0000,E,0.72,103.57,080626,,,A*73 (pico_gnss pico-gnss-rs/src/main.rs:427)
169.764988 [INFO ] SYNC pps_local_us=162000383 unix_s=1780918390 drift_us=2 err_ns=7 holdover_ms=1000 (pico_gnss pico-gnss-rs/src/main.rs:458)
169.792106 [INFO ] NMEA $GPVTG,103.57,T,,M,0.72,N,1.33,K,A*39 (pico_gnss pico-gnss-rs/src/main.rs:427)
169.821505 [INFO ] PPSGEN count=166 interval_ns=1000002384 dev_ns=2384 phase_ns=-6267346 hwphase_ns=-6653872 (pico_gnss pico-gnss-rs/src/main.rs:271)
169.823153 [INFO ] NMEA $GPZDA,113310.000,08,06,2026,,*5F (pico_gnss pico-gnss-rs/src/main.rs:427)
169.827698 [INFO ] PPS count=164 interval_us=1000002 interval_ns=1000002368 state=Locked missed=0 (pico_gnss pico-gnss-rs/src/main.rs:180)
169.865154 [INFO ] NMEA $GPGST,113310.000,5.6,21,14,66.9,15,20,25*75 (pico_gnss pico-gnss-rs/src/main.rs:427)
170.032175 [INFO ] TIME unix_ns=1780918391204509156 ppb=2362 holdover_ms=1204 locked=1 (pico_gnss pico-gnss-rs/src/main.rs:214)
170.097074 [INFO ] NMEA $GPGGA,113311.000,0000.0000,N,00000.0000,E,1,6,1.50,23.1,M,39.0,M,,*60 (pico_gnss pico-gnss-rs/src/main.rs:427)
170.155436 [INFO ] NMEA $GNGLL,0000.0000,N,00000.0000,E,113311.000,A,A*43 (pico_gnss pico-gnss-rs/src/main.rs:427)
170.213792 [INFO ] NMEA $GNGSA,A,3,12,20,24,10,,,,,,,,,1.75,1.50,0.90*14 (pico_gnss pico-gnss-rs/src/main.rs:427)
170.243342 [INFO ] NMEA $GNGSA,A,3,70,73,,,,,,,,,,,1.75,1.50,0.90*11 (pico_gnss pico-gnss-rs/src/main.rs:427)
170.327628 [INFO ] NMEA $GPGSV,4,1,14,23,62,215,,12,60,124,25,10,54,295,18,24,45,050,24*7C (pico_gnss pico-gnss-rs/src/main.rs:427)
170.386195 [INFO ] NMEA $GPGSV,4,2,14,25,41,184,,15,28,113,14,32,24,306,,28,09,252,*79 (pico_gnss pico-gnss-rs/src/main.rs:427)
170.444770 [INFO ] NMEA $GPGSV,4,3,14,20,06,111,18,19,02,057,24,18,01,208,,193,,,*70 (pico_gnss pico-gnss-rs/src/main.rs:427)
170.474096 [INFO ] NMEA $GPGSV,4,4,14,194,,,,195,,,*7D (pico_gnss pico-gnss-rs/src/main.rs:427)
170.565628 [INFO ] NMEA $GLGSV,2,1,08,74,79,198,,71,59,095,,72,51,340,,73,47,034,19*6B (pico_gnss pico-gnss-rs/src/main.rs:427)
170.624185 [INFO ] NMEA $GLGSV,2,2,08,75,24,209,,70,06,128,23,65,03,319,,88,01,311,*60 (pico_gnss pico-gnss-rs/src/main.rs:427)
170.682895 [INFO ] NMEA $GNRMC,113311.000,A,0000.0000,N,00000.0000,E,1.08,49.56,080626,,,A*49 (pico_gnss pico-gnss-rs/src/main.rs:427)
170.685465 [INFO ] SYNC pps_local_us=163000386 unix_s=1780918391 drift_us=2 err_ns=7 holdover_ms=1000 (pico_gnss pico-gnss-rs/src/main.rs:458)
170.741074 [INFO ] NMEA $GPVTG,49.56,T,,M,1.08,N,1.99,K,A*0B (pico_gnss pico-gnss-rs/src/main.rs:427)
170.770409 [INFO ] NMEA $GPZDA,113311.000,08,06,2026,,*5E (pico_gnss pico-gnss-rs/src/main.rs:427)
170.809029 [INFO ] NMEA $GPGST,113311.000,5.5,20,14,68.0,15,20,25*71 (pico_gnss pico-gnss-rs/src/main.rs:427)
170.821329 [INFO ] PPSGEN count=167 interval_ns=1000002384 dev_ns=2384 phase_ns=-6549346 hwphase_ns=-6653856 (pico_gnss pico-gnss-rs/src/main.rs:271)
170.827637 [INFO ] PPS count=165 interval_us=1000002 interval_ns=1000002352 state=Locked missed=0 (pico_gnss pico-gnss-rs/src/main.rs:180)
171.033350 [INFO ] TIME unix_ns=1780918392205728153 ppb=2361 holdover_ms=1205 locked=1 (pico_gnss pico-gnss-rs/src/main.rs:214)
171.140888 [INFO ] NMEA $GPGGA,113312.000,0000.0000,N,00000.0000,E,1,6,1.50,23.1,M,39.0,M,,*69 (pico_gnss pico-gnss-rs/src/main.rs:427)
171.199239 [INFO ] NMEA $GNGLL,0000.0000,N,00000.0000,E,113312.000,A,A*4A (pico_gnss pico-gnss-rs/src/main.rs:427)
171.257595 [INFO ] NMEA $GNGSA,A,3,12,20,24,10,,,,,,,,,1.75,1.50,0.90*14 (pico_gnss pico-gnss-rs/src/main.rs:427)
171.287148 [INFO ] NMEA $GNGSA,A,3,70,73,,,,,,,,,,,1.75,1.50,0.90*11 (pico_gnss pico-gnss-rs/src/main.rs:427)
171.376555 [INFO ] NMEA $GPGSV,4,1,14,23,62,215,,12,60,124,25,10,54,295,18,24,45,050,24*7C (pico_gnss pico-gnss-rs/src/main.rs:427)
171.435145 [INFO ] NMEA $GPGSV,4,2,14,25,41,184,,15,28,113,14,32,24,306,,28,09,252,*79 (pico_gnss pico-gnss-rs/src/main.rs:427)
171.493712 [INFO ] NMEA $GPGSV,4,3,14,20,06,111,18,19,02,057,24,18,01,208,,193,,,*70 (pico_gnss pico-gnss-rs/src/main.rs:427)
171.523060 [INFO ] NMEA $GPGSV,4,4,14,194,,,,195,,,*7D (pico_gnss pico-gnss-rs/src/main.rs:427)
171.610262 [INFO ] NMEA $GLGSV,2,1,08,74,79,198,,71,59,095,,72,51,340,,73,47,034,18*6A (pico_gnss pico-gnss-rs/src/main.rs:427)
171.673060 [INFO ] NMEA $GLGSV,2,2,08,75,24,209,,70,06,128,23,65,03,319,,88,01,311,*60 (pico_gnss pico-gnss-rs/src/main.rs:427)
171.731709 [INFO ] NMEA $GNRMC,113312.000,A,0000.0000,N,00000.0000,E,0.56,49.56,080626,,,A*4A (pico_gnss pico-gnss-rs/src/main.rs:427)
171.734285 [INFO ] SYNC pps_local_us=164000388 unix_s=1780918392 drift_us=2 err_ns=-9 holdover_ms=999 (pico_gnss pico-gnss-rs/src/main.rs:458)
171.789842 [INFO ] NMEA $GPVTG,49.56,T,,M,0.56,N,1.04,K,A*05 (pico_gnss pico-gnss-rs/src/main.rs:427)
171.819148 [INFO ] NMEA $GPZDA,113312.000,08,06,2026,,*5D (pico_gnss pico-gnss-rs/src/main.rs:427)
171.821301 [INFO ] PPSGEN count=168 interval_ns=1000002384 dev_ns=2384 phase_ns=-6468346 hwphase_ns=-6653824 (pico_gnss pico-gnss-rs/src/main.rs:271)
171.827635 [INFO ] PPS count=166 interval_us=1000002 interval_ns=1000002368 state=Locked missed=0 (pico_gnss pico-gnss-rs/src/main.rs:180)
171.848891 [INFO ] NMEA $GPGST,113312.000,5.5,21,14,67.4,15,20,25*78 (pico_gnss pico-gnss-rs/src/main.rs:427)
172.034623 [INFO ] TIME unix_ns=1780918393206907150 ppb=2362 holdover_ms=1206 locked=1 (pico_gnss pico-gnss-rs/src/main.rs:214)
172.056369 [INFO ] NMEA $GPGGA,113313.000,0000.0000,N,00000.0000,E,1,6,1.50,23.2,M,39.0,M,,*66 (pico_gnss pico-gnss-rs/src/main.rs:427)
172.114405 [INFO ] NMEA $GNGLL,0000.0000,N,00000.0000,E,113313.000,A,A*46 (pico_gnss pico-gnss-rs/src/main.rs:427)
172.172751 [INFO ] NMEA $GNGSA,A,3,12,20,24,10,,,,,,,,,1.75,1.50,0.90*14 (pico_gnss pico-gnss-rs/src/main.rs:427)
172.202379 [INFO ] NMEA $GNGSA,A,3,70,73,,,,,,,,,,,1.75,1.50,0.90*11 (pico_gnss pico-gnss-rs/src/main.rs:427)
172.264997 [INFO ] NMEA $GPGSV,4,1,14,23,62,215,,12,60,124,25,10,54,295,18,24,45,050,24*7C (pico_gnss pico-gnss-rs/src/main.rs:427)
172.352408 [INFO ] NMEA $GPGSV,4,2,14,25,41,184,,15,28,113,14,32,24,306,,28,09,252,*79 (pico_gnss pico-gnss-rs/src/main.rs:427)
172.410942 [INFO ] NMEA $GPGSV,4,3,14,20,06,111,18,19,02,057,24,18,01,208,,193,,,*70 (pico_gnss pico-gnss-rs/src/main.rs:427)
172.440336 [INFO ] NMEA $GPGSV,4,4,14,194,,,,195,,,*7D (pico_gnss pico-gnss-rs/src/main.rs:427)
172.498840 [INFO ] NMEA $GLGSV,2,1,08,74,79,198,22,71,59,095,,72,51,340,,73,47,034,18*6A (pico_gnss pico-gnss-rs/src/main.rs:427)
172.590317 [INFO ] NMEA $GLGSV,2,2,08,75,24,209,,70,06,128,23,65,03,319,,88,01,311,*60 (pico_gnss pico-gnss-rs/src/main.rs:427)
172.649027 [INFO ] NMEA $GNRMC,113313.000,A,0000.0000,N,00000.0000,E,1.45,82.33,080626,,,A*41 (pico_gnss pico-gnss-rs/src/main.rs:427)
172.651581 [INFO ] SYNC pps_local_us=165000390 unix_s=1780918393 drift_us=2 err_ns=7 holdover_ms=1000 (pico_gnss pico-gnss-rs/src/main.rs:458)
172.678732 [INFO ] NMEA $GPVTG,82.33,T,,M,1.45,N,2.68,K,A*0B (pico_gnss pico-gnss-rs/src/main.rs:427)
172.736533 [INFO ] NMEA $GPZDA,113313.000,08,06,2026,,*5C (pico_gnss pico-gnss-rs/src/main.rs:427)
172.767285 [INFO ] NMEA $GPGST,113313.000,5.5,21,14,66.4,15,20,25*78 (pico_gnss pico-gnss-rs/src/main.rs:427)
172.821287 [INFO ] PPSGEN count=169 interval_ns=1000002384 dev_ns=2384 phase_ns=-6483346 hwphase_ns=-6653808 (pico_gnss pico-gnss-rs/src/main.rs:271)
172.827620 [INFO ] PPS count=167 interval_us=1000002 interval_ns=1000002368 state=Locked missed=0 (pico_gnss pico-gnss-rs/src/main.rs:180)
173.035948 [INFO ] TIME unix_ns=1780918394208212147 ppb=2362 holdover_ms=1208 locked=1 (pico_gnss pico-gnss-rs/src/main.rs:214)
173.079463 [INFO ] NMEA $GPGGA,113314.000,0000.0000,N,00000.0000,E,1,6,1.50,23.2,M,39.0,M,,*67 (pico_gnss pico-gnss-rs/src/main.rs:427)
173.137795 [INFO ] NMEA $GNGLL,0000.0000,N,00000.0000,E,113314.000,A,A*47 (pico_gnss pico-gnss-rs/src/main.rs:427)
173.167395 [INFO ] NMEA $GNGSA,A,3,12,20,24,10,,,,,,,,,1.75,1.50,0.90*14 (pico_gnss pico-gnss-rs/src/main.rs:427)
173.225650 [INFO ] NMEA $GNGSA,A,3,70,73,,,,,,,,,,,1.75,1.50,0.90*11 (pico_gnss pico-gnss-rs/src/main.rs:427)
173.288390 [INFO ] NMEA $GPGSV,4,1,14,23,62,215,,12,60,124,25,10,54,295,18,24,45,050,23*7B (pico_gnss pico-gnss-rs/src/main.rs:427)
173.375761 [INFO ] NMEA $GPGSV,4,2,14,25,41,184,,15,28,113,14,32,24,306,,28,09,252,*79 (pico_gnss pico-gnss-rs/src/main.rs:427)
173.434302 [INFO ] NMEA $GPGSV,4,3,14,20,06,111,18,19,02,057,24,18,01,208,,193,,,*70 (pico_gnss pico-gnss-rs/src/main.rs:427)
173.463659 [INFO ] NMEA $GPGSV,4,4,14,194,,,,195,,,*7D (pico_gnss pico-gnss-rs/src/main.rs:427)
173.522200 [INFO ] NMEA $GLGSV,2,1,08,74,79,198,,71,59,095,,72,51,340,,73,47,034,18*6A (pico_gnss pico-gnss-rs/src/main.rs:427)
173.584830 [INFO ] NMEA $GLGSV,2,2,08,75,24,209,,70,06,128,23,65,03,319,,88,01,311,*60 (pico_gnss pico-gnss-rs/src/main.rs:427)
173.672371 [INFO ] NMEA $GNRMC,113314.000,A,0000.0000,N,00000.0000,E,1.48,24.25,080626,,,A*46 (pico_gnss pico-gnss-rs/src/main.rs:427)
173.674916 [INFO ] SYNC pps_local_us=166000393 unix_s=1780918394 drift_us=2 err_ns=7 holdover_ms=999 (pico_gnss pico-gnss-rs/src/main.rs:458)
173.702024 [INFO ] NMEA $GPVTG,24.25,T,,M,1.48,N,2.75,K,A*01 (pico_gnss pico-gnss-rs/src/main.rs:427)
173.759780 [INFO ] NMEA $GPZDA,113314.000,08,06,2026,,*5B (pico_gnss pico-gnss-rs/src/main.rs:427)
173.785314 [INFO ] NMEA $GPGST,113314.000,5.5,20,14,66.5,15,20,25*7F (pico_gnss pico-gnss-rs/src/main.rs:427)
173.821250 [INFO ] PPSGEN count=170 interval_ns=1000002384 dev_ns=2384 phase_ns=-6505346 hwphase_ns=-6653792 (pico_gnss pico-gnss-rs/src/main.rs:271)
173.827633 [INFO ] PPS count=168 interval_us=1000002 interval_ns=1000002352 state=Locked missed=0 (pico_gnss pico-gnss-rs/src/main.rs:180)
174.037124 [INFO ] TIME unix_ns=1780918395209547144 ppb=2361 holdover_ms=1209 locked=1 (pico_gnss pico-gnss-rs/src/main.rs:214)
174.129410 [INFO ] NMEA $GPGGA,113315.000,0000.0000,N,00000.0000,E,1,6,1.50,23.1,M,39.0,M,,*60 (pico_gnss pico-gnss-rs/src/main.rs:427)
174.159081 [INFO ] NMEA $GNGLL,0000.0000,N,00000.0000,E,113315.000,A,A*43 (pico_gnss pico-gnss-rs/src/main.rs:427)
174.217361 [INFO ] NMEA $GNGSA,A,3,12,20,24,10,,,,,,,,,1.75,1.50,0.90*14 (pico_gnss pico-gnss-rs/src/main.rs:427)
174.275653 [INFO ] NMEA $GNGSA,A,3,70,73,,,,,,,,,,,1.75,1.50,0.90*11 (pico_gnss pico-gnss-rs/src/main.rs:427)
174.338395 [INFO ] NMEA $GPGSV,4,1,14,23,62,215,,12,60,124,25,10,54,295,18,24,45,050,23*7B (pico_gnss pico-gnss-rs/src/main.rs:427)
174.396978 [INFO ] NMEA $GPGSV,4,2,14,25,41,184,,15,28,113,14,32,24,306,,28,09,252,*79 (pico_gnss pico-gnss-rs/src/main.rs:427)
174.484310 [INFO ] NMEA $GPGSV,4,3,14,20,06,111,18,19,02,057,24,18,01,208,,193,,,*70 (pico_gnss pico-gnss-rs/src/main.rs:427)
174.513656 [INFO ] NMEA $GPGSV,4,4,14,194,,,,195,,,*7D (pico_gnss pico-gnss-rs/src/main.rs:427)
174.572184 [INFO ] NMEA $GLGSV,2,1,08,74,79,198,,71,59,095,,72,51,340,,73,47,034,18*6A (pico_gnss pico-gnss-rs/src/main.rs:427)
174.634875 [INFO ] NMEA $GLGSV,2,2,08,75,24,209,,70,06,128,23,65,03,319,,88,01,311,*60 (pico_gnss pico-gnss-rs/src/main.rs:427)
174.722364 [INFO ] NMEA $GNRMC,113315.000,A,0000.0000,N,00000.0000,E,1.10,31.82,080626,,,A*46 (pico_gnss pico-gnss-rs/src/main.rs:427)
174.724927 [INFO ] SYNC pps_local_us=167000395 unix_s=1780918395 drift_us=2 err_ns=-9 holdover_ms=1000 (pico_gnss pico-gnss-rs/src/main.rs:458)
174.752002 [INFO ] NMEA $GPVTG,31.82,T,,M,1.10,N,2.04,K,A*03 (pico_gnss pico-gnss-rs/src/main.rs:427)
174.781084 [INFO ] NMEA $GPZDA,113315.000,08,06,2026,,*5A (pico_gnss pico-gnss-rs/src/main.rs:427)
174.827119 [INFO ] PPSGEN count=171 interval_ns=1005845616 dev_ns=5845616 phase_ns=-666359 hwphase_ns=-810528 (pico_gnss pico-gnss-rs/src/main.rs:271)
174.828638 [INFO ] PPS count=169 interval_us=1000002 interval_ns=1000002352 state=Locked missed=0 (pico_gnss pico-gnss-rs/src/main.rs:180)
174.830440 [INFO ] NMEA $GPGST,113315.000,5.4,21,14,66.1,15,20,25*7A (pico_gnss pico-gnss-rs/src/main.rs:427)
175.038377 [INFO ] TIME unix_ns=1780918396210711142 ppb=2361 holdover_ms=1210 locked=1 (pico_gnss pico-gnss-rs/src/main.rs:214)
175.159580 [INFO ] NMEA $GPGGA,113316.000,0000.0000,N,00000.0000,E,1,6,1.50,23.1,M,39.0,M,,*66 (pico_gnss pico-gnss-rs/src/main.rs:427)
175.217955 [INFO ] NMEA $GNGLL,0000.0000,N,00000.0000,E,113316.000,A,A*45 (pico_gnss pico-gnss-rs/src/main.rs:427)
175.276290 [INFO ] NMEA $GNGSA,A,3,12,20,24,10,,,,,,,,,1.75,1.50,0.90*14 (pico_gnss pico-gnss-rs/src/main.rs:427)
175.334588 [INFO ] NMEA $GNGSA,A,3,70,73,,,,,,,,,,,1.75,1.50,0.90*11 (pico_gnss pico-gnss-rs/src/main.rs:427)
175.397329 [INFO ] NMEA $GPGSV,4,1,14,23,62,215,,12,60,124,25,10,54,295,17,24,45,050,23*74 (pico_gnss pico-gnss-rs/src/main.rs:427)
175.455945 [INFO ] NMEA $GPGSV,4,2,14,25,41,184,,15,28,113,13,32,24,306,,28,09,252,*7E (pico_gnss pico-gnss-rs/src/main.rs:427)
175.514497 [INFO ] NMEA $GPGSV,4,3,14,20,06,111,18,19,02,057,24,18,01,208,,193,,,*70 (pico_gnss pico-gnss-rs/src/main.rs:427)
175.572589 [INFO ] NMEA $GPGSV,4,4,14,194,,,,195,,,*7D (pico_gnss pico-gnss-rs/src/main.rs:427)
175.631134 [INFO ] NMEA $GLGSV,2,1,08,74,79,198,,71,59,095,,72,51,340,,73,47,034,19*6B (pico_gnss pico-gnss-rs/src/main.rs:427)
175.693819 [INFO ] NMEA $GLGSV,2,2,08,75,24,209,,70,06,128,24,65,03,319,,88,01,311,*67 (pico_gnss pico-gnss-rs/src/main.rs:427)
175.781459 [INFO ] NMEA $GNRMC,113316.000,A,0000.0000,N,00000.0000,E,1.52,66.02,080626,,,A*4C (pico_gnss pico-gnss-rs/src/main.rs:427)
175.784008 [INFO ] SYNC pps_local_us=168000397 unix_s=1780918396 drift_us=2 err_ns=-9 holdover_ms=1001 (pico_gnss pico-gnss-rs/src/main.rs:458)
175.811123 [INFO ] NMEA $GPVTG,66.02,T,,M,1.52,N,2.83,K,A*00 (pico_gnss pico-gnss-rs/src/main.rs:427)
175.827126 [INFO ] PPSGEN count=172 interval_ns=1000002384 dev_ns=2384 phase_ns=-1658357 hwphase_ns=-810496 (pico_gnss pico-gnss-rs/src/main.rs:271)
175.828618 [INFO ] PPS count=170 interval_us=1000002 interval_ns=1000002368 state=Locked missed=0 (pico_gnss pico-gnss-rs/src/main.rs:180)
175.840503 [INFO ] NMEA $GPZDA,113316.000,08,06,2026,,*59 (pico_gnss pico-gnss-rs/src/main.rs:427)
175.883841 [INFO ] NMEA $GPGST,113316.000,5.4,21,14,66.5,15,20,25*7D (pico_gnss pico-gnss-rs/src/main.rs:427)
176.039623 [INFO ] TIME unix_ns=1780918397210941141 ppb=2361 holdover_ms=1210 locked=1 (pico_gnss pico-gnss-rs/src/main.rs:214)
176.098675 [INFO ] NMEA $GPGGA,113317.000,0000.0000,N,00000.0000,E,1,6,1.50,23.1,M,39.0,M,,*69 (pico_gnss pico-gnss-rs/src/main.rs:427)
176.157056 [INFO ] NMEA $GNGLL,0000.0000,N,00000.0000,E,113317.000,A,A*4A (pico_gnss pico-gnss-rs/src/main.rs:427)
176.215397 [INFO ] NMEA $GNGSA,A,3,12,20,24,10,,,,,,,,,1.75,1.50,0.90*14 (pico_gnss pico-gnss-rs/src/main.rs:427)
176.273693 [INFO ] NMEA $GNGSA,A,3,70,73,,,,,,,,,,,1.75,1.50,0.90*11 (pico_gnss pico-gnss-rs/src/main.rs:427)
176.336452 [INFO ] NMEA $GPGSV,4,1,14,23,62,215,,12,60,124,25,10,54,295,17,24,45,050,23*74 (pico_gnss pico-gnss-rs/src/main.rs:427)
176.395041 [INFO ] NMEA $GPGSV,4,2,14,25,41,184,,15,28,113,15,32,24,306,,28,09,252,*78 (pico_gnss pico-gnss-rs/src/main.rs:427)
176.453597 [INFO ] NMEA $GPGSV,4,3,14,20,06,111,18,19,02,057,24,18,01,208,,193,,,*70 (pico_gnss pico-gnss-rs/src/main.rs:427)
176.482932 [INFO ] NMEA $GPGSV,4,4,14,194,,,,195,,,*7D (pico_gnss pico-gnss-rs/src/main.rs:427)
176.570237 [INFO ] NMEA $GLGSV,2,1,08,74,79,198,,71,59,095,,72,51,340,,73,47,034,19*6B (pico_gnss pico-gnss-rs/src/main.rs:427)
176.632898 [INFO ] NMEA $GLGSV,2,2,08,75,24,209,,70,06,128,24,65,03,319,,88,01,311,*67 (pico_gnss pico-gnss-rs/src/main.rs:427)
176.691632 [INFO ] NMEA $GNRMC,113317.000,A,0000.0000,N,00000.0000,E,1.51,64.91,080626,,,A*48 (pico_gnss pico-gnss-rs/src/main.rs:427)
176.694184 [INFO ] SYNC pps_local_us=169000400 unix_s=1780918397 drift_us=2 err_ns=7 holdover_ms=999 (pico_gnss pico-gnss-rs/src/main.rs:458)
176.749796 [INFO ] NMEA $GPVTG,64.91,T,,M,1.51,N,2.80,K,A*08 (pico_gnss pico-gnss-rs/src/main.rs:427)
176.779116 [INFO ] NMEA $GPZDA,113317.000,08,06,2026,,*58 (pico_gnss pico-gnss-rs/src/main.rs:427)
176.817551 [INFO ] NMEA $GPGST,113317.000,5.4,21,14,66.5,15,20,25*7C (pico_gnss pico-gnss-rs/src/main.rs:427)
176.827122 [INFO ] PPSGEN count=173 interval_ns=1000002384 dev_ns=2384 phase_ns=-1638357 hwphase_ns=-810480 (pico_gnss pico-gnss-rs/src/main.rs:271)
176.828628 [INFO ] PPS count=171 interval_us=1000002 interval_ns=1000002368 state=Locked missed=0 (pico_gnss pico-gnss-rs/src/main.rs:180)
177.040791 [INFO ] TIME unix_ns=1780918398212218138 ppb=2362 holdover_ms=1212 locked=1 (pico_gnss pico-gnss-rs/src/main.rs:214)
177.148173 [INFO ] NMEA $GPGGA,113318.000,0000.0000,N,00000.0000,E,1,6,1.50,23.1,M,39.0,M,,*6E (pico_gnss pico-gnss-rs/src/main.rs:427)
177.206490 [INFO ] NMEA $GNGLL,0000.0000,N,00000.0000,E,113318.000,A,A*4D (pico_gnss pico-gnss-rs/src/main.rs:427)
177.264878 [INFO ] NMEA $GNGSA,A,3,12,20,24,10,,,,,,,,,1.75,1.50,0.90*14 (pico_gnss pico-gnss-rs/src/main.rs:427)
177.294427 [INFO ] NMEA $GNGSA,A,3,70,73,,,,,,,,,,,1.75,1.50,0.90*11 (pico_gnss pico-gnss-rs/src/main.rs:427)
177.385905 [INFO ] NMEA $GPGSV,4,1,14,23,62,215,,12,60,124,25,10,54,295,17,24,45,050,23*74 (pico_gnss pico-gnss-rs/src/main.rs:427)
177.444485 [INFO ] NMEA $GPGSV,4,2,14,25,41,184,,15,28,113,15,32,24,306,,28,09,252,*78 (pico_gnss pico-gnss-rs/src/main.rs:427)
177.503048 [INFO ] NMEA $GPGSV,4,3,14,20,06,111,18,19,02,057,24,18,01,208,,193,,,*70 (pico_gnss pico-gnss-rs/src/main.rs:427)
177.532420 [INFO ] NMEA $GPGSV,4,4,14,194,,,,195,,,*7D (pico_gnss pico-gnss-rs/src/main.rs:427)
177.619668 [INFO ] NMEA $GLGSV,2,1,08,74,79,198,,71,59,095,,72,51,340,,73,47,034,19*6B (pico_gnss pico-gnss-rs/src/main.rs:427)
177.682429 [INFO ] NMEA $GLGSV,2,2,08,75,24,209,,70,06,128,24,65,03,319,,88,01,311,*67 (pico_gnss pico-gnss-rs/src/main.rs:427)
177.741086 [INFO ] NMEA $GNRMC,113318.000,A,0000.0000,N,00000.0000,E,0.47,64.91,080626,,,A*49 (pico_gnss pico-gnss-rs/src/main.rs:427)
177.743645 [INFO ] SYNC pps_local_us=170000402 unix_s=1780918398 drift_us=2 err_ns=7 holdover_ms=1000 (pico_gnss pico-gnss-rs/src/main.rs:458)
177.799214 [INFO ] NMEA $GPVTG,64.91,T,,M,0.47,N,0.86,K,A*0A (pico_gnss pico-gnss-rs/src/main.rs:427)
177.827137 [INFO ] PPSGEN count=174 interval_ns=1000002384 dev_ns=2384 phase_ns=-1639357 hwphase_ns=-810464 (pico_gnss pico-gnss-rs/src/main.rs:271)
177.828991 [INFO ] PPS count=172 interval_us=1000002 interval_ns=1000002352 state=Locked missed=0 (pico_gnss pico-gnss-rs/src/main.rs:180)
177.830397 [INFO ] NMEA $GPZDA,113318.000,08,06,2026,,*57 (pico_gnss pico-gnss-rs/src/main.rs:427)
177.858058 [INFO ] NMEA $GPGST,113318.000,5.4,20,14,67.4,15,20,25*72 (pico_gnss pico-gnss-rs/src/main.rs:427)
178.042088 [INFO ] TIME unix_ns=1780918399213368135 ppb=2361 holdover_ms=1213 locked=1 (pico_gnss pico-gnss-rs/src/main.rs:214)
178.089981 [INFO ] NMEA $GPGGA,113319.000,0000.0000,N,00000.0000,E,1,7,1.47,23.2,M,39.0,M,,*6B (pico_gnss pico-gnss-rs/src/main.rs:427)
178.148328 [INFO ] NMEA $GNGLL,0000.0000,N,00000.0000,E,113319.000,A,A*4C (pico_gnss pico-gnss-rs/src/main.rs:427)
178.206747 [INFO ] NMEA $GNGSA,A,3,12,15,20,24,10,,,,,,,,1.72,1.47,0.89*19 (pico_gnss pico-gnss-rs/src/main.rs:427)
178.236343 [INFO ] NMEA $GNGSA,A,3,70,73,,,,,,,,,,,1.72,1.47,0.89*18 (pico_gnss pico-gnss-rs/src/main.rs:427)
178.327738 [INFO ] NMEA $GPGSV,4,1,14,23,62,215,,12,60,124,25,10,54,295,17,24,45,050,23*74 (pico_gnss pico-gnss-rs/src/main.rs:427)
178.386386 [INFO ] NMEA $GPGSV,4,2,14,25,41,184,,15,28,113,16,32,24,306,,28,09,252,*7B (pico_gnss pico-gnss-rs/src/main.rs:427)
178.444921 [INFO ] NMEA $GPGSV,4,3,14,20,06,111,18,19,02,057,24,18,01,208,,193,,,*70 (pico_gnss pico-gnss-rs/src/main.rs:427)
178.474285 [INFO ] NMEA $GPGSV,4,4,14,194,,,,195,,,*7D (pico_gnss pico-gnss-rs/src/main.rs:427)
178.532781 [INFO ] NMEA $GLGSV,2,1,08,74,79,198,,71,59,095,,72,51,340,,73,47,034,19*6B (pico_gnss pico-gnss-rs/src/main.rs:427)
178.624295 [INFO ] NMEA $GLGSV,2,2,08,75,24,209,,70,06,128,24,65,03,319,,88,01,311,*67 (pico_gnss pico-gnss-rs/src/main.rs:427)
178.682995 [INFO ] NMEA $GNRMC,113319.000,A,0000.0000,N,00000.0000,E,1.46,352.03,080626,,,A*75 (pico_gnss pico-gnss-rs/src/main.rs:427)
178.685571 [INFO ] SYNC pps_local_us=171000404 unix_s=1780918399 drift_us=2 err_ns=-9 holdover_ms=1000 (pico_gnss pico-gnss-rs/src/main.rs:458)
178.741225 [INFO ] NMEA $GPVTG,352.03,T,,M,1.46,N,2.70,K,A*3C (pico_gnss pico-gnss-rs/src/main.rs:427)
178.770577 [INFO ] NMEA $GPZDA,113319.000,08,06,2026,,*56 (pico_gnss pico-gnss-rs/src/main.rs:427)
178.799987 [INFO ] NMEA $GPGST,113319.000,5.5,20,14,66.2,15,20,25*75 (pico_gnss pico-gnss-rs/src/main.rs:427)
178.827214 [INFO ] PPSGEN count=175 interval_ns=1000002384 dev_ns=2384 phase_ns=-1970356 hwphase_ns=-810432 (pico_gnss pico-gnss-rs/src/main.rs:271)
178.828741 [INFO ] PPS count=173 interval_us=1000002 interval_ns=1000002352 state=Locked missed=0 (pico_gnss pico-gnss-rs/src/main.rs:180)
179.043278 [INFO ] TIME unix_ns=1780918400214344133 ppb=2361 holdover_ms=1214 locked=1 (pico_gnss pico-gnss-rs/src/main.rs:214)
179.125127 [INFO ] NMEA $GPGGA,113320.000,0000.0000,N,00000.0000,E,1,7,1.47,23.4,M,39.0,M,,*60 (pico_gnss pico-gnss-rs/src/main.rs:427)
179.183450 [INFO ] NMEA $GNGLL,0000.0000,N,00000.0000,E,113320.000,A,A*41 (pico_gnss pico-gnss-rs/src/main.rs:427)
179.241869 [INFO ] NMEA $GNGSA,A,3,12,15,20,24,10,,,,,,,,1.72,1.47,0.89*19 (pico_gnss pico-gnss-rs/src/main.rs:427)
179.271532 [INFO ] NMEA $GNGSA,A,3,70,73,,,,,,,,,,,1.72,1.47,0.89*18 (pico_gnss pico-gnss-rs/src/main.rs:427)
179.358784 [INFO ] NMEA $GPGSV,4,1,14,23,62,215,,12,60,124,25,10,54,295,17,24,45,050,23*74 (pico_gnss pico-gnss-rs/src/main.rs:427)
179.421568 [INFO ] NMEA $GPGSV,4,2,14,25,41,184,,15,28,113,17,32,24,306,,28,09,252,*7A (pico_gnss pico-gnss-rs/src/main.rs:427)
179.480117 [INFO ] NMEA $GPGSV,4,3,14,20,06,111,18,19,02,057,24,18,01,208,,193,,,*70 (pico_gnss pico-gnss-rs/src/main.rs:427)
179.509479 [INFO ] NMEA $GPGSV,4,4,14,194,,,,195,,,*7D (pico_gnss pico-gnss-rs/src/main.rs:427)
179.567976 [INFO ] NMEA $GLGSV,2,1,08,74,79,198,,71,59,095,,72,51,340,,73,47,034,20*61 (pico_gnss pico-gnss-rs/src/main.rs:427)
179.659441 [INFO ] NMEA $GLGSV,2,2,08,75,24,209,,70,06,128,24,65,03,319,,88,01,311,*67 (pico_gnss pico-gnss-rs/src/main.rs:427)
179.718146 [INFO ] NMEA $GNRMC,113320.000,A,0000.0000,N,00000.0000,E,0.55,352.03,080626,,,A*7B (pico_gnss pico-gnss-rs/src/main.rs:427)
179.720732 [INFO ] SYNC pps_local_us=172000407 unix_s=1780918400 drift_us=2 err_ns=-8 holdover_ms=999 (pico_gnss pico-gnss-rs/src/main.rs:458)
179.776306 [INFO ] NMEA $GPVTG,352.03,T,,M,0.55,N,1.02,K,A*39 (pico_gnss pico-gnss-rs/src/main.rs:427)
179.805666 [INFO ] NMEA $GPZDA,113320.000,08,06,2026,,*5C (pico_gnss pico-gnss-rs/src/main.rs:427)
179.827142 [INFO ] PPSGEN count=176 interval_ns=1000002384 dev_ns=2384 phase_ns=-1744356 hwphase_ns=-810400 (pico_gnss pico-gnss-rs/src/main.rs:271)
179.828646 [INFO ] PPS count=174 interval_us=1000002 interval_ns=1000002368 state=Locked missed=0 (pico_gnss pico-gnss-rs/src/main.rs:180)
179.837702 [INFO ] NMEA $GPGST,113320.000,5.6,21,14,65.3,15,20,25*7F (pico_gnss pico-gnss-rs/src/main.rs:427)
180.044526 [INFO ] TIME unix_ns=1780918401215752130 ppb=2361 holdover_ms=1215 locked=1 (pico_gnss pico-gnss-rs/src/main.rs:214)
180.116010 [INFO ] NMEA $GPGGA,113321.000,0000.0000,N,00000.0000,E,1,7,1.47,23.5,M,39.0,M,,*61 (pico_gnss pico-gnss-rs/src/main.rs:427)
180.174385 [INFO ] NMEA $GNGLL,0000.0000,N,00000.0000,E,113321.000,A,A*41 (pico_gnss pico-gnss-rs/src/main.rs:427)
180.232744 [INFO ] NMEA $GNGSA,A,3,12,15,20,24,10,,,,,,,,1.72,1.47,0.89*19 (pico_gnss pico-gnss-rs/src/main.rs:427)
180.262347 [INFO ] NMEA $GNGSA,A,3,70,73,,,,,,,,,,,1.72,1.47,0.89*18 (pico_gnss pico-gnss-rs/src/main.rs:427)
180.349615 [INFO ] NMEA $GPGSV,4,1,14,23,62,215,,12,60,124,25,10,54,295,17,24,45,050,23*74 (pico_gnss pico-gnss-rs/src/main.rs:427)
180.412389 [INFO ] NMEA $GPGSV,4,2,14,25,41,184,,15,28,113,17,32,24,306,,28,09,252,*7A (pico_gnss pico-gnss-rs/src/main.rs:427)
180.470958 [INFO ] NMEA $GPGSV,4,3,14,20,06,111,18,19,02,057,24,18,01,208,,193,,,*70 (pico_gnss pico-gnss-rs/src/main.rs:427)
180.500311 [INFO ] NMEA $GPGSV,4,4,14,194,,,,195,,,*7D (pico_gnss pico-gnss-rs/src/main.rs:427)
180.558845 [INFO ] NMEA $GLGSV,2,1,08,74,79,198,,71,59,095,,72,51,340,,73,47,034,20*61 (pico_gnss pico-gnss-rs/src/main.rs:427)
180.650251 [INFO ] NMEA $GLGSV,2,2,08,75,24,209,,70,06,128,24,65,03,319,,88,01,311,*67 (pico_gnss pico-gnss-rs/src/main.rs:427)
180.709002 [INFO ] NMEA $GNRMC,113321.000,A,0000.0000,N,00000.0000,E,0.75,59.19,080626,,,A*4A (pico_gnss pico-gnss-rs/src/main.rs:427)
180.711570 [INFO ] SYNC pps_local_us=173000409 unix_s=1780918401 drift_us=2 err_ns=7 holdover_ms=999 (pico_gnss pico-gnss-rs/src/main.rs:458)
180.738641 [INFO ] NMEA $GPVTG,59.19,T,,M,0.75,N,1.38,K,A*01 (pico_gnss pico-gnss-rs/src/main.rs:427)
180.796365 [INFO ] NMEA $GPZDA,113321.000,08,06,2026,,*5D (pico_gnss pico-gnss-rs/src/main.rs:427)
180.825018 [INFO ] NMEA $GPGST,113321.000,5.7,21,14,64.7,15,19,25*70 (pico_gnss pico-gnss-rs/src/main.rs:427)
180.827133 [INFO ] PPSGEN count=177 interval_ns=1000002384 dev_ns=2384 phase_ns=-1650357 hwphase_ns=-810384 (pico_gnss pico-gnss-rs/src/main.rs:271)
180.828632 [INFO ] PPS count=175 interval_us=1000002 interval_ns=1000002352 state=Locked missed=0 (pico_gnss pico-gnss-rs/src/main.rs:180)
181.045695 [INFO ] TIME unix_ns=1780918402217091127 ppb=2361 holdover_ms=1217 locked=1 (pico_gnss pico-gnss-rs/src/main.rs:214)
181.163253 [INFO ] NMEA $GPGGA,113322.000,0000.0000,N,00000.0000,E,1,7,1.47,23.7,M,39.0,M,,*6D (pico_gnss pico-gnss-rs/src/main.rs:427)
181.221639 [INFO ] NMEA $GNGLL,0000.0000,N,00000.0000,E,113322.000,A,A*4F (pico_gnss pico-gnss-rs/src/main.rs:427)
181.251275 [INFO ] NMEA $GNGSA,A,3,12,15,20,24,10,,,,,,,,1.72,1.47,0.89*19 (pico_gnss pico-gnss-rs/src/main.rs:427)
181.309537 [INFO ] NMEA $GNGSA,A,3,70,73,,,,,,,,,,,1.72,1.47,0.89*18 (pico_gnss pico-gnss-rs/src/main.rs:427)
181.368137 [INFO ] NMEA $GPGSV,4,1,14,23,62,215,,12,60,124,25,10,54,295,17,24,45,050,23*74 (pico_gnss pico-gnss-rs/src/main.rs:427)
181.459625 [INFO ] NMEA $GPGSV,4,2,14,25,41,184,,15,28,113,16,32,24,306,,28,09,252,*7B (pico_gnss pico-gnss-rs/src/main.rs:427)
181.518170 [INFO ] NMEA $GPGSV,4,3,14,20,06,111,18,19,02,057,24,18,01,208,,193,,,*70 (pico_gnss pico-gnss-rs/src/main.rs:427)
181.547541 [INFO ] NMEA $GPGSV,4,4,14,194,,,,195,,,*7D (pico_gnss pico-gnss-rs/src/main.rs:427)
181.606072 [INFO ] NMEA $GLGSV,2,1,08,74,79,198,,71,59,095,,72,51,340,,73,47,034,20*61 (pico_gnss pico-gnss-rs/src/main.rs:427)
181.668706 [INFO ] NMEA $GLGSV,2,2,08,75,24,209,,70,06,128,24,65,03,319,,88,01,311,*67 (pico_gnss pico-gnss-rs/src/main.rs:427)
181.756143 [INFO ] NMEA $GNRMC,113322.000,A,0000.0000,N,00000.0000,E,0.26,59.19,080626,,,A*42 (pico_gnss pico-gnss-rs/src/main.rs:427)
181.758718 [INFO ] SYNC pps_local_us=174000412 unix_s=1780918402 drift_us=2 err_ns=-8 holdover_ms=999 (pico_gnss pico-gnss-rs/src/main.rs:458)
181.785802 [INFO ] NMEA $GPVTG,59.19,T,,M,0.26,N,0.48,K,A*01 (pico_gnss pico-gnss-rs/src/main.rs:427)
181.827150 [INFO ] PPSGEN count=178 interval_ns=1000002384 dev_ns=2384 phase_ns=-1649357 hwphase_ns=-810352 (pico_gnss pico-gnss-rs/src/main.rs:271)
181.828698 [INFO ] PPS count=176 interval_us=1000002 interval_ns=1000002368 state=Locked missed=0 (pico_gnss pico-gnss-rs/src/main.rs:180)
181.843911 [INFO ] NMEA $GPZDA,113322.000,08,06,2026,,*5E (pico_gnss pico-gnss-rs/src/main.rs:427)
181.869098 [INFO ] NMEA $GPGST,113322.000,5.8,20,14,65.6,15,19,26*7E (pico_gnss pico-gnss-rs/src/main.rs:427)
182.046968 [INFO ] TIME unix_ns=1780918403218260124 ppb=2361 holdover_ms=1218 locked=1 (pico_gnss pico-gnss-rs/src/main.rs:214)
182.096414 [INFO ] NMEA $GPGGA,113323.000,0000.0000,N,00000.0000,E,1,7,1.47,23.8,M,39.0,M,,*6D (pico_gnss pico-gnss-rs/src/main.rs:427)
182.126076 [INFO ] NMEA $GNGLL,0000.0000,N,00000.0000,E,113323.000,A,A*40 (pico_gnss pico-gnss-rs/src/main.rs:427)
182.184420 [INFO ] NMEA $GNGSA,A,3,12,15,20,24,10,,,,,,,,1.72,1.47,0.89*19 (pico_gnss pico-gnss-rs/src/main.rs:427)
182.242692 [INFO ] NMEA $GNGSA,A,3,70,73,,,,,,,,,,,1.72,1.47,0.89*18 (pico_gnss pico-gnss-rs/src/main.rs:427)
182.301349 [INFO ] NMEA $GPGSV,4,1,14,23,62,215,,12,60,124,25,10,54,295,17,24,45,050,23*74 (pico_gnss pico-gnss-rs/src/main.rs:427)
182.392752 [INFO ] NMEA $GPGSV,4,2,14,25,41,184,,15,28,113,15,32,24,306,,28,09,252,*78 (pico_gnss pico-gnss-rs/src/main.rs:427)
182.451384 [INFO ] NMEA $GPGSV,4,3,14,20,06,111,18,19,02,057,24,18,01,208,,193,,,*70 (pico_gnss pico-gnss-rs/src/main.rs:427)
182.480696 [INFO ] NMEA $GPGSV,4,4,14,194,,,,195,,,*7D (pico_gnss pico-gnss-rs/src/main.rs:427)
182.539228 [INFO ] NMEA $GLGSV,2,1,08,74,79,198,,71,59,095,,72,51,340,,73,47,034,19*6B (pico_gnss pico-gnss-rs/src/main.rs:427)
182.601911 [INFO ] NMEA $GLGSV,2,2,08,75,24,209,,70,06,128,24,65,03,319,,88,01,311,*67 (pico_gnss pico-gnss-rs/src/main.rs:427)
182.689377 [INFO ] NMEA $GNRMC,113323.000,A,0000.0000,N,00000.0000,E,0.22,59.19,080626,,,A*49 (pico_gnss pico-gnss-rs/src/main.rs:427)
182.691941 [INFO ] SYNC pps_local_us=175000414 unix_s=1780918403 drift_us=2 err_ns=7 holdover_ms=1000 (pico_gnss pico-gnss-rs/src/main.rs:458)
182.719119 [INFO ] NMEA $GPVTG,59.19,T,,M,0.22,N,0.40,K,A*0D (pico_gnss pico-gnss-rs/src/main.rs:427)
182.748215 [INFO ] NMEA $GPZDA,113323.000,08,06,2026,,*5F (pico_gnss pico-gnss-rs/src/main.rs:427)
