0.003987 [INFO ] pico-gnss: start (NMEA on UART0/GP1 @ 9600 baud, PPS on GP2 via PIO, GPSDO) (pico_gnss pico-gnss-rs/src/main.rs:312)
5.885424 [INFO ] NMEA $GPGGA,120935.000,0000.0000,N,00000.0000,E,1,4,2.20,28.8,M,39.0,M,,*65 (pico_gnss pico-gnss-rs/src/main.rs:453)
5.943664 [INFO ] NMEA $GNGLL,0000.0000,N,00000.0000,E,120935.000,A,A*42 (pico_gnss pico-gnss-rs/src/main.rs:453)
6.002011 [INFO ] NMEA $GNGSA,A,3,32,12,10,24,,,,,,,,,2.41,2.20,0.99*1E (pico_gnss pico-gnss-rs/src/main.rs:453)
6.031500 [INFO ] NMEA $GNGSA,A,3,,,,,,,,,,,,,2.41,2.20,0.99*1B (pico_gnss pico-gnss-rs/src/main.rs:453)
6.094292 [INFO ] NMEA $GPGSV,3,1,12,12,63,083,16,25,60,182,15,10,57,262,14,23,44,199,*7C (pico_gnss pico-gnss-rs/src/main.rs:453)
6.181665 [INFO ] NMEA $GPGSV,3,2,12,32,37,314,20,24,31,062,16,28,20,265,,15,15,125,*72 (pico_gnss pico-gnss-rs/src/main.rs:453)
6.240085 [INFO ] NMEA $GPGSV,3,3,12,19,02,043,19,193,,,,194,,,,195,,,*75 (pico_gnss pico-gnss-rs/src/main.rs:453)
6.298618 [INFO ] NMEA $GLGSV,2,1,06,74,79,005,,72,69,356,,71,47,125,,75,42,221,*64 (pico_gnss pico-gnss-rs/src/main.rs:453)
6.328125 [INFO ] NMEA $GLGSV,2,2,06,73,29,033,,65,18,326,*61 (pico_gnss pico-gnss-rs/src/main.rs:453)
6.419648 [INFO ] NMEA $GNRMC,120935.000,A,0000.0000,N,00000.0000,E,1.24,253.69,080626,,,A*73 (pico_gnss pico-gnss-rs/src/main.rs:453)
6.449300 [INFO ] NMEA $GPVTG,253.69,T,,M,1.24,N,2.29,K,A*38 (pico_gnss pico-gnss-rs/src/main.rs:453)
6.478502 [INFO ] NMEA $GPZDA,120935.000,08,06,2026,,*52 (pico_gnss pico-gnss-rs/src/main.rs:453)
6.525351 [INFO ] NMEA $GPGST,120935.000,14,34,20,06.3,34,21,62*5E (pico_gnss pico-gnss-rs/src/main.rs:453)
6.711611 [INFO ] PPS count=1 interval_us=0 interval_ns=0 state=First missed=0 (pico_gnss pico-gnss-rs/src/main.rs:192)
6.714330 [INFO ] PPSGEN count=1 interval_ns=1000000016 dev_ns=16 phase_ns=0 hwphase_ns=2468528 (pico_gnss pico-gnss-rs/src/main.rs:296)
6.839248 [INFO ] NMEA $GPGGA,120936.000,0000.0000,N,00000.0000,E,1,4,2.20,28.8,M,39.0,M,,*64 (pico_gnss pico-gnss-rs/src/main.rs:453)
6.887323 [INFO ] NMEA $GNGLL,0000.0000,N,00000.0000,E,120936.000,A,A*43 (pico_gnss pico-gnss-rs/src/main.rs:453)
6.945641 [INFO ] NMEA $GNGSA,A,3,32,12,10,24,,,,,,,,,2.41,2.20,0.99*1E (pico_gnss pico-gnss-rs/src/main.rs:453)
6.975152 [INFO ] NMEA $GNGSA,A,3,,,,,,,,,,,,,2.41,2.20,0.99*1B (pico_gnss pico-gnss-rs/src/main.rs:453)
7.062489 [INFO ] NMEA $GPGSV,3,1,12,12,63,083,16,25,60,182,14,10,57,262,13,23,44,199,*7A (pico_gnss pico-gnss-rs/src/main.rs:453)
7.125231 [INFO ] NMEA $GPGSV,3,2,12,32,37,314,20,24,31,062,15,28,20,265,,15,15,125,*71 (pico_gnss pico-gnss-rs/src/main.rs:453)
7.183608 [INFO ] NMEA $GPGSV,3,3,12,19,02,043,18,193,,,,194,,,,195,,,*74 (pico_gnss pico-gnss-rs/src/main.rs:453)
7.242178 [INFO ] NMEA $GLGSV,2,1,06,74,79,005,,72,69,356,,71,47,125,,75,42,221,*64 (pico_gnss pico-gnss-rs/src/main.rs:453)
7.300354 [INFO ] NMEA $GLGSV,2,2,06,73,29,033,,65,18,326,*61 (pico_gnss pico-gnss-rs/src/main.rs:453)
7.359094 [INFO ] NMEA $GNRMC,120936.000,A,0000.0000,N,00000.0000,E,0.25,253.69,080626,,,A*72 (pico_gnss pico-gnss-rs/src/main.rs:453)
7.361335 [INFO ] SYNC pps_local_us=0 unix_s=1780920576 drift_us=0 err_ns=0 holdover_ms=0 (pico_gnss pico-gnss-rs/src/main.rs:484)
7.392683 [INFO ] NMEA $GPVTG,253.69,T,,M,0.25,N,0.46,K,A*33 (pico_gnss pico-gnss-rs/src/main.rs:453)
7.450722 [INFO ] NMEA $GPZDA,120936.000,08,06,2026,,*51 (pico_gnss pico-gnss-rs/src/main.rs:453)
7.479464 [INFO ] NMEA $GPGST,120936.000,14,34,21,07.1,34,21,62*5F (pico_gnss pico-gnss-rs/src/main.rs:453)
7.711814 [INFO ] PPS count=2 interval_us=1000002 interval_ns=1000002512 state=Locked missed=0 (pico_gnss pico-gnss-rs/src/main.rs:192)
7.714629 [INFO ] PPSGEN count=2 interval_ns=1000000032 dev_ns=32 phase_ns=2609482 hwphase_ns=2466048 (pico_gnss pico-gnss-rs/src/main.rs:296)
7.719084 [INFO ] TIME unix_ns=1780920577007191470 ppb=2512 holdover_ms=1007 locked=0 (pico_gnss pico-gnss-rs/src/main.rs:226)
7.830234 [INFO ] NMEA $GPGGA,120937.000,0000.0000,N,00000.0000,E,1,4,2.20,28.8,M,39.0,M,,*65 (pico_gnss pico-gnss-rs/src/main.rs:453)
7.888534 [INFO ] NMEA $GNGLL,0000.0000,N,00000.0000,E,120937.000,A,A*42 (pico_gnss pico-gnss-rs/src/main.rs:453)
7.926306 [INFO ] NMEA $GNGSA,A,3,32,12,10,24,,,,,,,,,2.41,2.20,0.99*1E (pico_gnss pico-gnss-rs/src/main.rs:453)
7.984563 [INFO ] NMEA $GNGSA,A,3,,,,,,,,,,,,,2.41,2.20,0.99*1B (pico_gnss pico-gnss-rs/src/main.rs:453)
8.043174 [INFO ] NMEA $GPGSV,3,1,12,12,63,083,16,25,60,182,14,10,57,262,12,23,44,199,*7B (pico_gnss pico-gnss-rs/src/main.rs:453)
8.130603 [INFO ] NMEA $GPGSV,3,2,12,32,37,314,20,24,31,062,15,28,20,265,,15,15,125,*71 (pico_gnss pico-gnss-rs/src/main.rs:453)
8.160256 [INFO ] NMEA $GPGSV,3,3,12,19,02,043,18,193,,,,194,,,,195,,,*74 (pico_gnss pico-gnss-rs/src/main.rs:453)
8.251638 [INFO ] NMEA $GLGSV,2,1,06,74,79,005,,72,69,356,,71,47,125,,75,42,221,*64 (pico_gnss pico-gnss-rs/src/main.rs:453)
8.281149 [INFO ] NMEA $GLGSV,2,2,06,73,29,033,,65,18,326,*61 (pico_gnss pico-gnss-rs/src/main.rs:453)
8.359377 [INFO ] NMEA $GNRMC,120937.000,A,0000.0000,N,00000.0000,E,1.32,45.84,080626,,,A*42 (pico_gnss pico-gnss-rs/src/main.rs:453)
8.361953 [INFO ] SYNC pps_local_us=1000002 unix_s=1780920577 drift_us=2 err_ns=0 holdover_ms=1000 (pico_gnss pico-gnss-rs/src/main.rs:484)
8.389061 [INFO ] NMEA $GPVTG,45.84,T,,M,1.32,N,2.45,K,A*03 (pico_gnss pico-gnss-rs/src/main.rs:453)
8.418193 [INFO ] NMEA $GPZDA,120937.000,08,06,2026,,*50 (pico_gnss pico-gnss-rs/src/main.rs:453)
8.489649 [INFO ] NMEA $GPGST,120937.000,14,35,21,08.5,35,21,62*55 (pico_gnss pico-gnss-rs/src/main.rs:453)
8.490790 [INFO ] NMEA $PMTK001,313,3*31 (pico_gnss pico-gnss-rs/src/main.rs:453)
8.507808 [INFO ] NMEA $PMTK001,301,3*32 (pico_gnss pico-gnss-rs/src/main.rs:453)
8.711812 [INFO ] PPS count=3 interval_us=1000002 interval_ns=1000002512 state=Locked missed=0 (pico_gnss pico-gnss-rs/src/main.rs:192)
8.714449 [INFO ] PPSGEN count=3 interval_ns=999845744 dev_ns=-154256 phase_ns=2453482 hwphase_ns=2309280 (pico_gnss pico-gnss-rs/src/main.rs:296)
8.720269 [INFO ] TIME unix_ns=1780920578008543467 ppb=2512 holdover_ms=1008 locked=0 (pico_gnss pico-gnss-rs/src/main.rs:226)
8.882290 [INFO ] NMEA $GPGGA,120938.000,0000.0000,N,00000.0000,E,1,4,2.20,28.8,M,39.0,M,,*61 (pico_gnss pico-gnss-rs/src/main.rs:453)
8.931603 [INFO ] NMEA $GNGLL,0000.0000,N,00000.0000,E,120938.000,A,A*46 (pico_gnss pico-gnss-rs/src/main.rs:453)
8.989803 [INFO ] NMEA $GNGSA,A,3,32,12,10,24,,,,,,,,,2.41,2.20,0.99*1E (pico_gnss pico-gnss-rs/src/main.rs:453)
9.018304 [INFO ] NMEA $GNGSA,A,3,,,,,,,,,,,,,2.41,2.20,0.99*1B (pico_gnss pico-gnss-rs/src/main.rs:453)
9.105615 [INFO ] NMEA $GPGSV,3,1,12,12,63,083,16,25,60,182,14,10,57,262,12,23,44,199,*7B (pico_gnss pico-gnss-rs/src/main.rs:453)
9.164242 [INFO ] NMEA $GPGSV,3,2,12,32,37,314,20,24,31,062,14,28,20,265,,15,15,125,*70 (pico_gnss pico-gnss-rs/src/main.rs:453)
9.222642 [INFO ] NMEA $GPGSV,3,3,12,19,02,043,18,193,,,,194,,,,195,,,*74 (pico_gnss pico-gnss-rs/src/main.rs:453)
9.285279 [INFO ] NMEA $GLGSV,2,1,06,74,79,005,,72,69,356,,71,47,125,,75,42,221,*64 (pico_gnss pico-gnss-rs/src/main.rs:453)
9.343460 [INFO ] NMEA $GLGSV,2,2,06,73,29,033,,65,18,326,*61 (pico_gnss pico-gnss-rs/src/main.rs:453)
9.402179 [INFO ] NMEA $GNRMC,120938.000,A,0000.0000,N,00000.0000,E,2.09,24.78,080626,,,A*49 (pico_gnss pico-gnss-rs/src/main.rs:453)
9.404717 [INFO ] SYNC pps_local_us=2000005 unix_s=1780920578 drift_us=2 err_ns=0 holdover_ms=999 (pico_gnss pico-gnss-rs/src/main.rs:484)
9.460389 [INFO ] NMEA $GPVTG,24.78,T,,M,2.09,N,3.88,K,A*0C (pico_gnss pico-gnss-rs/src/main.rs:453)
9.489794 [INFO ] NMEA $GPZDA,120938.000,08,06,2026,,*5F (pico_gnss pico-gnss-rs/src/main.rs:453)
9.519276 [INFO ] NMEA $GPGST,120938.000,14,35,21,09.2,35,21,62*5C (pico_gnss pico-gnss-rs/src/main.rs:453)
9.540274 [INFO ] NMEA $PMTK001,286,3*3C (pico_gnss pico-gnss-rs/src/main.rs:453)
9.610514 [INFO ] NMEA $PMTK001,314,3*36 (pico_gnss pico-gnss-rs/src/main.rs:453)
9.711842 [INFO ] PPS count=4 interval_us=1000002 interval_ns=1000002512 state=Locked missed=0 (pico_gnss pico-gnss-rs/src/main.rs:192)
9.714330 [INFO ] PPSGEN count=4 interval_ns=999848400 dev_ns=-151600 phase_ns=2321483 hwphase_ns=2155168 (pico_gnss pico-gnss-rs/src/main.rs:296)
9.721409 [INFO ] TIME unix_ns=1780920579009705464 ppb=2512 holdover_ms=1009 locked=0 (pico_gnss pico-gnss-rs/src/main.rs:226)
9.830135 [INFO ] NMEA $GPGGA,120939.000,0000.0000,N,00000.0000,E,1,4,2.20,28.8,M,39.0,M,,*6C (pico_gnss pico-gnss-rs/src/main.rs:453)
9.888442 [INFO ] NMEA $GNGLL,0000.0000,N,00000.0000,E,120939.000,A,A*4B (pico_gnss pico-gnss-rs/src/main.rs:453)
9.946803 [INFO ] NMEA $GNGSA,A,3,32,12,10,24,,,,,,,,,2.41,2.20,0.99*1E (pico_gnss pico-gnss-rs/src/main.rs:453)
9.976293 [INFO ] NMEA $GNGSA,A,3,,,,,,,,,,,,,2.41,2.20,0.99*1B (pico_gnss pico-gnss-rs/src/main.rs:453)
10.063656 [INFO ] NMEA $GPGSV,3,1,12,12,63,083,16,25,60,182,15,10,57,262,12,23,44,199,*7A (pico_gnss pico-gnss-rs/src/main.rs:453)
10.122266 [INFO ] NMEA $GPGSV,3,2,12,32,37,314,20,24,31,062,13,28,20,265,,15,15,125,*77 (pico_gnss pico-gnss-rs/src/main.rs:453)
10.163300 [INFO ] NMEA $GPGSV,3,3,12,19,02,043,18,193,,,,194,,,,195,,,*74 (pico_gnss pico-gnss-rs/src/main.rs:453)
10.250538 [INFO ] NMEA $GLGSV,2,1,06,74,79,005,,72,69,356,,71,47,125,,75,42,221,*64 (pico_gnss pico-gnss-rs/src/main.rs:453)
10.272833 [INFO ] NMEA $GLGSV,2,2,06,73,29,033,,65,18,326,*61 (pico_gnss pico-gnss-rs/src/main.rs:453)
10.360177 [INFO ] NMEA $GNRMC,120939.000,A,0000.0000,N,00000.0000,E,2.52,2.71,080626,,,A*77 (pico_gnss pico-gnss-rs/src/main.rs:453)
10.362718 [INFO ] SYNC pps_local_us=3000007 unix_s=1780920579 drift_us=2 err_ns=0 holdover_ms=1000 (pico_gnss pico-gnss-rs/src/main.rs:484)
10.389916 [INFO ] NMEA $GPVTG,2.71,T,,M,2.52,N,4.66,K,A*38 (pico_gnss pico-gnss-rs/src/main.rs:453)
10.419035 [INFO ] NMEA $GPZDA,120939.000,08,06,2026,,*5E (pico_gnss pico-gnss-rs/src/main.rs:453)
10.477159 [INFO ] NMEA $GPGST,120939.000,14,35,19,13.8,34,20,46*51 (pico_gnss pico-gnss-rs/src/main.rs:453)
10.532012 [INFO ] NMEA $PMTK705,MT3333_AXN5.1.9_MODULE_STD_F0,0014,Taiyo_9600bps,*12 (pico_gnss pico-gnss-rs/src/main.rs:453)
10.532953 [INFO ] FW $PMTK705,MT3333_AXN5.1.9_MODULE_STD_F0,0014,Taiyo_9600bps,*12 (pico_gnss pico-gnss-rs/src/main.rs:457)
10.711832 [INFO ] PPS count=5 interval_us=1000002 interval_ns=1000002528 state=Locked missed=0 (pico_gnss pico-gnss-rs/src/main.rs:192)
10.714155 [INFO ] PPSGEN count=5 interval_ns=999858208 dev_ns=-141792 phase_ns=2153483 hwphase_ns=2010848 (pico_gnss pico-gnss-rs/src/main.rs:296)
10.722573 [INFO ] TIME unix_ns=1780920580010821461 ppb=2513 holdover_ms=1010 locked=0 (pico_gnss pico-gnss-rs/src/main.rs:226)
10.832012 [INFO ] NMEA $GPGGA,120940.000,0000.0000,N,00000.0000,E,1,4,2.20,28.8,M,39.0,M,,*6B (pico_gnss pico-gnss-rs/src/main.rs:453)
10.890312 [INFO ] NMEA $GNGLL,0000.0000,N,00000.0000,E,120940.000,A,A*4C (pico_gnss pico-gnss-rs/src/main.rs:453)
10.948673 [INFO ] NMEA $GNGSA,A,3,32,12,10,24,,,,,,,,,2.41,2.20,0.99*1E (pico_gnss pico-gnss-rs/src/main.rs:453)
10.978158 [INFO ] NMEA $GNGSA,A,3,,,,,,,,,,,,,2.41,2.20,0.99*1B (pico_gnss pico-gnss-rs/src/main.rs:453)
11.052176 [INFO ] NMEA $GPGSV,3,1,12,12,63,083,16,25,60,182,15,10,57,262,13,23,44,199,*7B (pico_gnss pico-gnss-rs/src/main.rs:453)
11.110791 [INFO ] NMEA $GPGSV,3,2,12,32,37,314,20,24,31,062,14,28,20,265,,15,15,125,*70 (pico_gnss pico-gnss-rs/src/main.rs:453)
11.169200 [INFO ] NMEA $GPGSV,3,3,12,19,02,043,18,193,,,,194,,,,195,,,*74 (pico_gnss pico-gnss-rs/src/main.rs:453)
11.227736 [INFO ] NMEA $GLGSV,2,1,06,74,79,005,,72,69,356,,71,47,125,,75,42,221,*64 (pico_gnss pico-gnss-rs/src/main.rs:453)
11.290058 [INFO ] NMEA $GLGSV,2,2,06,73,29,033,,65,18,326,*61 (pico_gnss pico-gnss-rs/src/main.rs:453)
11.348762 [INFO ] NMEA $GNRMC,120940.000,A,0000.0000,N,00000.0000,E,1.56,28.50,080626,,,A*4C (pico_gnss pico-gnss-rs/src/main.rs:453)
11.351310 [INFO ] SYNC pps_local_us=4000010 unix_s=1780920580 drift_us=2 err_ns=16 holdover_ms=999 (pico_gnss pico-gnss-rs/src/main.rs:484)
11.406999 [INFO ] NMEA $GPVTG,28.50,T,,M,1.56,N,2.89,K,A*03 (pico_gnss pico-gnss-rs/src/main.rs:453)
11.436343 [INFO ] NMEA $GPZDA,120940.000,08,06,2026,,*50 (pico_gnss pico-gnss-rs/src/main.rs:453)
11.465846 [INFO ] NMEA $GPGST,120940.000,14,35,19,15.8,34,21,46*58 (pico_gnss pico-gnss-rs/src/main.rs:453)
11.711844 [INFO ] PPS count=6 interval_us=1000002 interval_ns=1000002496 state=Locked missed=0 (pico_gnss pico-gnss-rs/src/main.rs:192)
11.714013 [INFO ] PPSGEN count=6 interval_ns=999867840 dev_ns=-132160 phase_ns=2020483 hwphase_ns=1876192 (pico_gnss pico-gnss-rs/src/main.rs:296)
11.723711 [INFO ] TIME unix_ns=1780920581011976458 ppb=2512 holdover_ms=1011 locked=0 (pico_gnss pico-gnss-rs/src/main.rs:226)
11.831176 [INFO ] NMEA $GPGGA,120941.000,0000.0000,N,00000.0000,E,1,4,2.20,28.8,M,39.0,M,,*63 (pico_gnss pico-gnss-rs/src/main.rs:453)
11.889500 [INFO ] NMEA $GNGLL,0000.0000,N,00000.0000,E,120941.000,A,A*44 (pico_gnss pico-gnss-rs/src/main.rs:453)
11.947847 [INFO ] NMEA $GNGSA,A,3,32,12,10,24,,,,,,,,,2.41,2.20,0.99*1E (pico_gnss pico-gnss-rs/src/main.rs:453)
11.977394 [INFO ] NMEA $GNGSA,A,3,,,,,,,,,,,,,2.41,2.20,0.99*1B (pico_gnss pico-gnss-rs/src/main.rs:453)
12.035959 [INFO ] NMEA $GPGSV,3,1,12,12,63,083,16,25,60,182,14,10,57,262,14,23,44,199,*7D (pico_gnss pico-gnss-rs/src/main.rs:453)
12.127478 [INFO ] NMEA $GPGSV,3,2,12,32,37,314,20,24,31,062,13,28,20,265,,15,15,125,*77 (pico_gnss pico-gnss-rs/src/main.rs:453)
12.185833 [INFO ] NMEA $GPGSV,3,3,12,19,02,043,18,193,,,,194,,,,195,,,*74 (pico_gnss pico-gnss-rs/src/main.rs:453)
12.244432 [INFO ] NMEA $GLGSV,2,1,06,74,79,005,,72,69,356,,71,47,125,,75,42,221,*64 (pico_gnss pico-gnss-rs/src/main.rs:453)
12.273901 [INFO ] NMEA $GLGSV,2,2,06,73,29,033,,65,18,326,*61 (pico_gnss pico-gnss-rs/src/main.rs:453)
12.365495 [INFO ] NMEA $GNRMC,120941.000,A,0000.0000,N,00000.0000,E,2.36,26.23,080626,,,A*4B (pico_gnss pico-gnss-rs/src/main.rs:453)
12.368024 [INFO ] SYNC pps_local_us=5000012 unix_s=1780920581 drift_us=2 err_ns=-15 holdover_ms=999 (pico_gnss pico-gnss-rs/src/main.rs:484)
12.395254 [INFO ] NMEA $GPVTG,26.23,T,,M,2.36,N,4.37,K,A*0F (pico_gnss pico-gnss-rs/src/main.rs:453)
12.424331 [INFO ] NMEA $GPZDA,120941.000,08,06,2026,,*51 (pico_gnss pico-gnss-rs/src/main.rs:453)
12.465977 [INFO ] NMEA $GPGST,120941.000,14,36,19,17.2,35,21,48*5D (pico_gnss pico-gnss-rs/src/main.rs:453)
12.711850 [INFO ] PPS count=7 interval_us=1000002 interval_ns=1000002528 state=Locked missed=0 (pico_gnss pico-gnss-rs/src/main.rs:192)
12.713886 [INFO ] PPSGEN count=7 interval_ns=999876864 dev_ns=-123136 phase_ns=1927483 hwphase_ns=1750528 (pico_gnss pico-gnss-rs/src/main.rs:296)
12.724850 [INFO ] TIME unix_ns=1780920582013141455 ppb=2512 holdover_ms=1013 locked=0 (pico_gnss pico-gnss-rs/src/main.rs:226)
12.827038 [INFO ] NMEA $GPGGA,120942.000,0000.0000,N,00000.0000,E,1,4,2.20,28.8,M,39.0,M,,*62 (pico_gnss pico-gnss-rs/src/main.rs:453)
12.885304 [INFO ] NMEA $GNGLL,0000.0000,N,00000.0000,E,120942.000,A,A*45 (pico_gnss pico-gnss-rs/src/main.rs:453)
12.938512 [INFO ] NMEA $GNGSA,A,3,32,12,10,24,,,,,,,,,2.41,2.20,0.99*1E (pico_gnss pico-gnss-rs/src/main.rs:453)
12.968027 [INFO ] NMEA $GNGSA,A,3,,,,,,,,,,,,,2.41,2.20,0.99*1B (pico_gnss pico-gnss-rs/src/main.rs:453)
13.055367 [INFO ] NMEA $GPGSV,3,1,12,12,63,083,16,25,60,182,14,10,57,262,14,23,44,199,*7D (pico_gnss pico-gnss-rs/src/main.rs:453)
13.114009 [INFO ] NMEA $GPGSV,3,2,12,32,37,314,20,24,31,062,13,28,20,265,,15,15,125,*77 (pico_gnss pico-gnss-rs/src/main.rs:453)
13.176513 [INFO ] NMEA $GPGSV,3,3,12,19,02,043,19,193,,,,194,,,,195,,,*75 (pico_gnss pico-gnss-rs/src/main.rs:453)
13.235040 [INFO ] NMEA $GLGSV,2,1,06,74,79,005,,72,69,356,,71,47,125,,75,42,221,*64 (pico_gnss pico-gnss-rs/src/main.rs:453)
13.264550 [INFO ] NMEA $GLGSV,2,2,06,73,29,033,,65,18,326,*61 (pico_gnss pico-gnss-rs/src/main.rs:453)
13.351917 [INFO ] NMEA $GNRMC,120942.000,A,0000.0000,N,00000.0000,E,3.73,30.58,080626,,,A*41 (pico_gnss pico-gnss-rs/src/main.rs:453)
13.354464 [INFO ] SYNC pps_local_us=6000015 unix_s=1780920582 drift_us=2 err_ns=16 holdover_ms=1000 (pico_gnss pico-gnss-rs/src/main.rs:484)
13.381673 [INFO ] NMEA $GPVTG,30.58,T,,M,3.73,N,6.90,K,A*0B (pico_gnss pico-gnss-rs/src/main.rs:453)
13.439393 [INFO ] NMEA $GPZDA,120942.000,08,06,2026,,*52 (pico_gnss pico-gnss-rs/src/main.rs:453)
13.464888 [INFO ] NMEA $GPGST,120942.000,14,36,18,18.1,35,21,47*5C (pico_gnss pico-gnss-rs/src/main.rs:453)
13.711852 [INFO ] PPS count=8 interval_us=1000002 interval_ns=1000002512 state=Locked missed=0 (pico_gnss pico-gnss-rs/src/main.rs:192)
13.713784 [INFO ] PPSGEN count=8 interval_ns=999885280 dev_ns=-114720 phase_ns=1802483 hwphase_ns=1633296 (pico_gnss pico-gnss-rs/src/main.rs:296)
13.726000 [INFO ] TIME unix_ns=1780920583014275452 ppb=2512 holdover_ms=1014 locked=0 (pico_gnss pico-gnss-rs/src/main.rs:226)
13.829250 [INFO ] NMEA $GPGGA,120943.000,0000.0000,N,00000.0000,E,1,4,2.20,28.9,M,39.0,M,,*63 (pico_gnss pico-gnss-rs/src/main.rs:453)
13.887545 [INFO ] NMEA $GNGLL,0000.0000,N,00000.0000,E,120943.000,A,A*45 (pico_gnss pico-gnss-rs/src/main.rs:453)
13.945926 [INFO ] NMEA $GNGSA,A,3,32,12,10,24,,,,,,,,,2.41,2.20,0.99*1E (pico_gnss pico-gnss-rs/src/main.rs:453)
13.990773 [INFO ] NMEA $GNGSA,A,3,,,,,,,,,,,,,2.41,2.20,0.99*1B (pico_gnss pico-gnss-rs/src/main.rs:453)
14.049406 [INFO ] NMEA $GPGSV,3,1,12,12,63,083,16,25,60,182,14,10,57,262,14,23,44,199,*7D (pico_gnss pico-gnss-rs/src/main.rs:453)
14.108024 [INFO ] NMEA $GPGSV,3,2,12,32,37,314,20,24,31,062,13,28,20,265,,15,15,125,*77 (pico_gnss pico-gnss-rs/src/main.rs:453)
14.166418 [INFO ] NMEA $GPGSV,3,3,12,19,02,043,19,193,,,,194,,,,195,,,*75 (pico_gnss pico-gnss-rs/src/main.rs:453)
14.224952 [INFO ] NMEA $GLGSV,2,1,06,74,79,005,,72,69,356,,71,47,125,,75,42,221,*64 (pico_gnss pico-gnss-rs/src/main.rs:453)
14.287264 [INFO ] NMEA $GLGSV,2,2,06,73,29,033,,65,18,326,*61 (pico_gnss pico-gnss-rs/src/main.rs:453)
14.345988 [INFO ] NMEA $GNRMC,120943.000,A,0000.0000,N,00000.0000,E,3.21,24.53,080626,,,A*48 (pico_gnss pico-gnss-rs/src/main.rs:453)
14.348529 [INFO ] SYNC pps_local_us=7000017 unix_s=1780920583 drift_us=2 err_ns=0 holdover_ms=1000 (pico_gnss pico-gnss-rs/src/main.rs:484)
14.404225 [INFO ] NMEA $GPVTG,24.53,T,,M,3.21,N,5.94,K,A*05 (pico_gnss pico-gnss-rs/src/main.rs:453)
14.433592 [INFO ] NMEA $GPZDA,120943.000,08,06,2026,,*53 (pico_gnss pico-gnss-rs/src/main.rs:453)
14.463055 [INFO ] NMEA $GPGST,120943.000,14,36,18,19.1,35,21,47*5C (pico_gnss pico-gnss-rs/src/main.rs:453)
14.711840 [INFO ] PPS count=9 interval_us=1000002 interval_ns=1000002512 state=Locked missed=0 (pico_gnss pico-gnss-rs/src/main.rs:192)
14.713661 [INFO ] PPSGEN count=9 interval_ns=999893136 dev_ns=-106864 phase_ns=1674484 hwphase_ns=1523920 (pico_gnss pico-gnss-rs/src/main.rs:296)
14.727175 [INFO ] TIME unix_ns=1780920584015429449 ppb=2512 holdover_ms=1015 locked=1 (pico_gnss pico-gnss-rs/src/main.rs:226)
14.832302 [INFO ] NMEA $GPGGA,120944.000,0000.0000,N,00000.0000,E,1,4,2.20,28.9,M,39.0,M,,*68 (pico_gnss pico-gnss-rs/src/main.rs:453)
14.890639 [INFO ] NMEA $GNGLL,0000.0000,N,00000.0000,E,120944.000,A,A*4E (pico_gnss pico-gnss-rs/src/main.rs:453)
14.948975 [INFO ] NMEA $GNGSA,A,3,32,12,10,24,,,,,,,,,2.41,2.20,0.99*1E (pico_gnss pico-gnss-rs/src/main.rs:453)
14.978522 [INFO ] NMEA $GNGSA,A,3,,,,,,,,,,,,,2.41,2.20,0.99*1B (pico_gnss pico-gnss-rs/src/main.rs:453)
15.037083 [INFO ] NMEA $GPGSV,3,1,12,12,63,083,16,25,60,182,14,10,57,262,14,23,44,199,*7D (pico_gnss pico-gnss-rs/src/main.rs:453)
15.128579 [INFO ] NMEA $GPGSV,3,2,12,32,37,314,19,24,31,062,14,28,20,265,,15,15,125,*7A (pico_gnss pico-gnss-rs/src/main.rs:453)
15.186943 [INFO ] NMEA $GPGSV,3,3,12,19,02,043,19,193,,,,194,,,,195,,,*75 (pico_gnss pico-gnss-rs/src/main.rs:453)
15.245547 [INFO ] NMEA $GLGSV,2,1,06,74,79,005,,72,69,356,,71,47,125,,75,42,221,*64 (pico_gnss pico-gnss-rs/src/main.rs:453)
15.275002 [INFO ] NMEA $GLGSV,2,2,06,73,29,033,,65,18,326,*61 (pico_gnss pico-gnss-rs/src/main.rs:453)
15.366511 [INFO ] NMEA $GNRMC,120944.000,A,0000.0000,N,00000.0000,E,3.82,17.64,080626,,,A*4E (pico_gnss pico-gnss-rs/src/main.rs:453)
15.369059 [INFO ] SYNC pps_local_us=8000020 unix_s=1780920584 drift_us=2 err_ns=0 holdover_ms=999 (pico_gnss pico-gnss-rs/src/main.rs:484)
15.396273 [INFO ] NMEA $GPVTG,17.64,T,,M,3.82,N,7.08,K,A*0F (pico_gnss pico-gnss-rs/src/main.rs:453)
15.425367 [INFO ] NMEA $GPZDA,120944.000,08,06,2026,,*54 (pico_gnss pico-gnss-rs/src/main.rs:453)
15.467006 [INFO ] NMEA $GPGST,120944.000,14,36,18,20.0,35,21,48*5F (pico_gnss pico-gnss-rs/src/main.rs:453)
15.711856 [INFO ] PPS count=10 interval_us=1000002 interval_ns=1000002512 state=Locked missed=0 (pico_gnss pico-gnss-rs/src/main.rs:192)
15.713599 [INFO ] PPSGEN count=10 interval_ns=999900448 dev_ns=-99552 phase_ns=1632484 hwphase_ns=1421856 (pico_gnss pico-gnss-rs/src/main.rs:296)
15.728332 [INFO ] TIME unix_ns=1780920585016617446 ppb=2512 holdover_ms=1016 locked=1 (pico_gnss pico-gnss-rs/src/main.rs:226)
15.836149 [INFO ] NMEA $GPGGA,120945.000,0000.0000,N,00000.0000,E,1,4,2.20,28.9,M,39.0,M,,*6D (pico_gnss pico-gnss-rs/src/main.rs:453)
15.889327 [INFO ] NMEA $GNGLL,0000.0000,N,00000.0000,E,120945.000,A,A*4B (pico_gnss pico-gnss-rs/src/main.rs:453)
15.947648 [INFO ] NMEA $GNGSA,A,3,32,12,10,24,,,,,,,,,2.41,2.20,0.99*1E (pico_gnss pico-gnss-rs/src/main.rs:453)
15.977151 [INFO ] NMEA $GNGSA,A,3,,,,,,,,,,,,,2.41,2.20,0.99*1B (pico_gnss pico-gnss-rs/src/main.rs:453)
16.064500 [INFO ] NMEA $GPGSV,3,1,12,12,63,083,16,25,60,182,13,10,57,262,14,23,44,199,*7A (pico_gnss pico-gnss-rs/src/main.rs:453)
16.123140 [INFO ] NMEA $GPGSV,3,2,12,32,37,314,19,24,31,062,14,28,20,265,,15,15,125,*7A (pico_gnss pico-gnss-rs/src/main.rs:453)
16.185648 [INFO ] NMEA $GPGSV,3,3,12,19,02,043,19,193,,,,194,,,,195,,,*75 (pico_gnss pico-gnss-rs/src/main.rs:453)
16.244188 [INFO ] NMEA $GLGSV,2,1,06,74,79,005,,72,69,356,,71,47,125,,75,42,221,*64 (pico_gnss pico-gnss-rs/src/main.rs:453)
16.273689 [INFO ] NMEA $GLGSV,2,2,06,73,29,033,,65,18,326,*61 (pico_gnss pico-gnss-rs/src/main.rs:453)
16.361081 [INFO ] NMEA $GNRMC,120945.000,A,0000.0000,N,00000.0000,E,3.55,16.02,080626,,,A*40 (pico_gnss pico-gnss-rs/src/main.rs:453)
16.363630 [INFO ] SYNC pps_local_us=9000022 unix_s=1780920585 drift_us=2 err_ns=0 holdover_ms=1000 (pico_gnss pico-gnss-rs/src/main.rs:484)
16.390818 [INFO ] NMEA $GPVTG,16.02,T,,M,3.55,N,6.59,K,A*01 (pico_gnss pico-gnss-rs/src/main.rs:453)
16.423935 [INFO ] NMEA $GPZDA,120945.000,08,06,2026,,*55 (pico_gnss pico-gnss-rs/src/main.rs:453)
16.474045 [INFO ] NMEA $GPGST,120945.000,14,36,17,21.0,34,21,48*51 (pico_gnss pico-gnss-rs/src/main.rs:453)
16.711867 [INFO ] PPS count=11 interval_us=1000002 interval_ns=1000002512 state=Locked missed=0 (pico_gnss pico-gnss-rs/src/main.rs:192)
16.713606 [INFO ] PPSGEN count=11 interval_ns=999907296 dev_ns=-92704 phase_ns=1624484 hwphase_ns=1326640 (pico_gnss pico-gnss-rs/src/main.rs:296)
16.729488 [INFO ] TIME unix_ns=1780920586017743443 ppb=2512 holdover_ms=1017 locked=1 (pico_gnss pico-gnss-rs/src/main.rs:226)
16.829013 [INFO ] NMEA $GPGGA,120946.000,0000.0000,N,00000.0000,E,1,4,2.20,28.8,M,39.0,M,,*66 (pico_gnss pico-gnss-rs/src/main.rs:453)
16.887365 [INFO ] NMEA $GNGLL,0000.0000,N,00000.0000,E,120946.000,A,A*41 (pico_gnss pico-gnss-rs/src/main.rs:453)
16.945686 [INFO ] NMEA $GNGSA,A,3,32,12,10,24,,,,,,,,,2.41,2.20,0.99*1E (pico_gnss pico-gnss-rs/src/main.rs:453)
16.990576 [INFO ] NMEA $GNGSA,A,3,,,,,,,,,,,,,2.41,2.20,0.99*1B (pico_gnss pico-gnss-rs/src/main.rs:453)
17.049217 [INFO ] NMEA $GPGSV,3,1,12,12,63,083,16,25,60,182,13,10,57,262,14,23,44,199,*7A (pico_gnss pico-gnss-rs/src/main.rs:453)
17.107819 [INFO ] NMEA $GPGSV,3,2,12,32,37,314,19,24,31,062,14,28,20,265,,15,15,125,*7A (pico_gnss pico-gnss-rs/src/main.rs:453)
17.166217 [INFO ] NMEA $GPGSV,3,3,12,19,02,043,19,193,,,,194,,,,195,,,*75 (pico_gnss pico-gnss-rs/src/main.rs:453)
17.228882 [INFO ] NMEA $GLGSV,2,1,06,74,79,005,,72,69,356,,71,47,125,,75,42,221,*64 (pico_gnss pico-gnss-rs/src/main.rs:453)
17.287074 [INFO ] NMEA $GLGSV,2,2,06,73,29,033,,65,18,326,*61 (pico_gnss pico-gnss-rs/src/main.rs:453)
17.345792 [INFO ] NMEA $GNRMC,120946.000,A,0000.0000,N,00000.0000,E,3.81,20.28,080626,,,A*4E (pico_gnss pico-gnss-rs/src/main.rs:453)
17.348346 [INFO ] SYNC pps_local_us=10000025 unix_s=1780920586 drift_us=2 err_ns=0 holdover_ms=1000 (pico_gnss pico-gnss-rs/src/main.rs:484)
17.404019 [INFO ] NMEA $GPVTG,20.28,T,,M,3.81,N,7.05,K,A*0D (pico_gnss pico-gnss-rs/src/main.rs:453)
17.433382 [INFO ] NMEA $GPZDA,120946.000,08,06,2026,,*56 (pico_gnss pico-gnss-rs/src/main.rs:453)
17.462890 [INFO ] NMEA $GPGST,120946.000,14,36,17,21.7,34,21,48*55 (pico_gnss pico-gnss-rs/src/main.rs:453)
17.711857 [INFO ] PPS count=12 interval_us=1000002 interval_ns=1000002512 state=Locked missed=0 (pico_gnss pico-gnss-rs/src/main.rs:192)
17.713617 [INFO ] PPSGEN count=12 interval_ns=999913680 dev_ns=-86320 phase_ns=1623484 hwphase_ns=1237808 (pico_gnss pico-gnss-rs/src/main.rs:296)
17.730660 [INFO ] TIME unix_ns=1780920587018899441 ppb=2512 holdover_ms=1018 locked=1 (pico_gnss pico-gnss-rs/src/main.rs:226)
17.835274 [INFO ] NMEA $GPGGA,120947.000,0000.0000,N,00000.0000,E,1,4,2.20,28.8,M,39.0,M,,*69 (pico_gnss pico-gnss-rs/src/main.rs:453)
17.893601 [INFO ] NMEA $GNGLL,0000.0000,N,00000.0000,E,120947.000,A,A*4E (pico_gnss pico-gnss-rs/src/main.rs:453)
17.951985 [INFO ] NMEA $GNGSA,A,3,32,12,10,24,,,,,,,,,2.41,2.20,0.99*1E (pico_gnss pico-gnss-rs/src/main.rs:453)
17.981514 [INFO ] NMEA $GNGSA,A,3,,,,,,,,,,,,,2.41,2.20,0.99*1B (pico_gnss pico-gnss-rs/src/main.rs:453)
18.044170 [INFO ] NMEA $GPGSV,3,1,12,12,63,083,16,25,60,182,14,10,57,262,14,23,44,199,*7D (pico_gnss pico-gnss-rs/src/main.rs:453)
18.131579 [INFO ] NMEA $GPGSV,3,2,12,32,37,314,19,24,31,062,12,28,20,265,,15,15,125,*7C (pico_gnss pico-gnss-rs/src/main.rs:453)
18.189959 [INFO ] NMEA $GPGSV,3,3,12,19,02,043,19,193,,,,194,,,,195,,,*75 (pico_gnss pico-gnss-rs/src/main.rs:453)
18.248559 [INFO ] NMEA $GLGSV,2,1,06,74,79,005,,72,69,356,,71,47,125,,75,42,221,*64 (pico_gnss pico-gnss-rs/src/main.rs:453)
18.278007 [INFO ] NMEA $GLGSV,2,2,06,73,29,033,,65,18,326,*61 (pico_gnss pico-gnss-rs/src/main.rs:453)
18.369518 [INFO ] NMEA $GNRMC,120947.000,A,0000.0000,N,00000.0000,E,3.77,44.48,080626,,,A*4C (pico_gnss pico-gnss-rs/src/main.rs:453)
18.372082 [INFO ] SYNC pps_local_us=11000027 unix_s=1780920587 drift_us=2 err_ns=0 holdover_ms=999 (pico_gnss pico-gnss-rs/src/main.rs:484)
18.399258 [INFO ] NMEA $GPVTG,44.48,T,,M,3.77,N,6.99,K,A*04 (pico_gnss pico-gnss-rs/src/main.rs:453)
18.428362 [INFO ] NMEA $GPZDA,120947.000,08,06,2026,,*57 (pico_gnss pico-gnss-rs/src/main.rs:453)
18.470020 [INFO ] NMEA $GPGST,120947.000,14,37,16,22.3,35,21,49*53 (pico_gnss pico-gnss-rs/src/main.rs:453)
18.711880 [INFO ] PPS count=13 interval_us=1000002 interval_ns=1000002512 state=Locked missed=0 (pico_gnss pico-gnss-rs/src/main.rs:192)
18.713667 [INFO ] PPSGEN count=13 interval_ns=999919616 dev_ns=-80384 phase_ns=1672484 hwphase_ns=1154912 (pico_gnss pico-gnss-rs/src/main.rs:296)
18.731822 [INFO ] TIME unix_ns=1780920588020094438 ppb=2512 holdover_ms=1020 locked=1 (pico_gnss pico-gnss-rs/src/main.rs:226)
18.881147 [INFO ] NMEA $GPGGA,120948.000,0000.0000,N,00000.0000,E,1,4,2.20,28.8,M,39.0,M,,*61 (pico_gnss pico-gnss-rs/src/main.rs:453)
18.934325 [INFO ] NMEA $GNGLL,0000.0000,N,00000.0000,E,120948.000,A,A*46 (pico_gnss pico-gnss-rs/src/main.rs:453)
18.992656 [INFO ] NMEA $GNGSA,A,3,32,12,10,24,,,,,,,,,2.41,2.20,0.99*1E (pico_gnss pico-gnss-rs/src/main.rs:453)
19.022171 [INFO ] NMEA $GNGSA,A,3,,,,,,,,,,,,,2.41,2.20,0.99*1B (pico_gnss pico-gnss-rs/src/main.rs:453)
19.109512 [INFO ] NMEA $GPGSV,3,1,12,12,63,083,16,25,60,182,14,10,57,262,14,23,44,199,*7D (pico_gnss pico-gnss-rs/src/main.rs:453)
19.172290 [INFO ] NMEA $GPGSV,3,2,12,32,37,314,19,24,31,062,13,28,20,265,,15,15,125,15*79 (pico_gnss pico-gnss-rs/src/main.rs:453)
19.230697 [INFO ] NMEA $GPGSV,3,3,12,19,02,043,19,193,,,,194,,,,195,,,*75 (pico_gnss pico-gnss-rs/src/main.rs:453)
19.289229 [INFO ] NMEA $GLGSV,2,1,06,74,79,005,,72,69,356,,71,47,125,,75,42,221,*64 (pico_gnss pico-gnss-rs/src/main.rs:453)
19.347418 [INFO ] NMEA $GLGSV,2,2,06,73,29,033,,65,18,326,*61 (pico_gnss pico-gnss-rs/src/main.rs:453)
19.406107 [INFO ] NMEA $GNRMC,120948.000,A,0000.0000,N,00000.0000,E,3.17,10.84,080626,,,A*43 (pico_gnss pico-gnss-rs/src/main.rs:453)
19.408693 [INFO ] SYNC pps_local_us=12000030 unix_s=1780920588 drift_us=2 err_ns=0 holdover_ms=1000 (pico_gnss pico-gnss-rs/src/main.rs:484)
19.439682 [INFO ] NMEA $GPVTG,10.84,T,,M,3.17,N,5.88,K,A*00 (pico_gnss pico-gnss-rs/src/main.rs:453)
19.497835 [INFO ] NMEA $GPZDA,120948.000,08,06,2026,,*58 (pico_gnss pico-gnss-rs/src/main.rs:453)
19.521315 [INFO ] NMEA $GPGST,120948.000,14,37,16,22.8,35,21,49*57 (pico_gnss pico-gnss-rs/src/main.rs:453)
19.711865 [INFO ] PPS count=14 interval_us=1000002 interval_ns=1000002512 state=Locked missed=0 (pico_gnss pico-gnss-rs/src/main.rs:192)
19.713638 [INFO ] PPSGEN count=14 interval_ns=999925184 dev_ns=-74816 phase_ns=1631484 hwphase_ns=1077584 (pico_gnss pico-gnss-rs/src/main.rs:296)
19.732990 [INFO ] TIME unix_ns=1780920589021238435 ppb=2512 holdover_ms=1021 locked=1 (pico_gnss pico-gnss-rs/src/main.rs:226)
19.828598 [INFO ] NMEA $GPGGA,120949.000,0000.0000,N,00000.0000,E,1,3,2.62,28.8,M,39.0,M,,*6C (pico_gnss pico-gnss-rs/src/main.rs:453)
19.886937 [INFO ] NMEA $GNGLL,0000.0000,N,00000.0000,E,120949.000,A,A*4A (pico_gnss pico-gnss-rs/src/main.rs:453)
19.929827 [INFO ] NMEA $GNGSA,A,2,32,12,10,,,,,,,,,,2.81,2.62,1.00*12 (pico_gnss pico-gnss-rs/src/main.rs:453)
19.988033 [INFO ] NMEA $GNGSA,A,2,,,,,,,,,,,,,2.81,2.62,1.00*11 (pico_gnss pico-gnss-rs/src/main.rs:453)
20.046689 [INFO ] NMEA $GPGSV,3,1,12,12,63,083,16,25,60,182,15,10,57,262,13,23,44,199,*7B (pico_gnss pico-gnss-rs/src/main.rs:453)
20.105355 [INFO ] NMEA $GPGSV,3,2,12,32,37,314,19,24,31,062,13,28,20,265,,15,15,125,16*7A (pico_gnss pico-gnss-rs/src/main.rs:453)
20.163780 [INFO ] NMEA $GPGSV,3,3,12,19,02,043,19,193,,,,194,,,,195,,,*75 (pico_gnss pico-gnss-rs/src/main.rs:453)
20.226428 [INFO ] NMEA $GLGSV,2,1,06,74,79,005,,72,69,356,,71,47,125,,75,42,221,*64 (pico_gnss pico-gnss-rs/src/main.rs:453)
20.284636 [INFO ] NMEA $GLGSV,2,2,06,73,29,033,,65,18,326,*61 (pico_gnss pico-gnss-rs/src/main.rs:453)
20.343332 [INFO ] NMEA $GNRMC,120949.000,A,0000.0000,N,00000.0000,E,3.19,10.31,080626,,,A*4F (pico_gnss pico-gnss-rs/src/main.rs:453)
20.345903 [INFO ] SYNC pps_local_us=13000032 unix_s=1780920589 drift_us=2 err_ns=0 holdover_ms=1000 (pico_gnss pico-gnss-rs/src/main.rs:484)
20.401557 [INFO ] NMEA $GPVTG,10.31,T,,M,3.19,N,5.90,K,A*09 (pico_gnss pico-gnss-rs/src/main.rs:453)
20.430935 [INFO ] NMEA $GPZDA,120949.000,08,06,2026,,*59 (pico_gnss pico-gnss-rs/src/main.rs:453)
20.466748 [INFO ] NMEA $GPGST,120949.000,14,38,16,23.5,35,21,49*55 (pico_gnss pico-gnss-rs/src/main.rs:453)
20.713143 [INFO ] PPSGEN count=15 interval_ns=999930352 dev_ns=-69648 phase_ns=1211485 hwphase_ns=1007936 (pico_gnss pico-gnss-rs/src/main.rs:296)
20.734159 [INFO ] TIME unix_ns=1780920590022401432 ppb=2512 holdover_ms=1022 locked=1 (pico_gnss pico-gnss-rs/src/main.rs:226)
20.827476 [INFO ] NMEA $GPGGA,120950.000,0000.0000,N,00000.0000,E,1,3,2.62,28.8,M,39.0,M,,*61 (pico_gnss pico-gnss-rs/src/main.rs:453)
20.885795 [INFO ] NMEA $GNGLL,0000.0000,N,00000.0000,E,120950.000,A,A*47 (pico_gnss pico-gnss-rs/src/main.rs:453)
20.944154 [INFO ] NMEA $GNGSA,A,2,32,12,10,,,,,,,,,,2.81,2.62,1.00*12 (pico_gnss pico-gnss-rs/src/main.rs:453)
20.973630 [INFO ] NMEA $GNGSA,A,2,,,,,,,,,,,,,2.81,2.62,1.00*11 (pico_gnss pico-gnss-rs/src/main.rs:453)
21.037321 [INFO ] NMEA $GPGSV,3,1,12,12,63,083,16,25,60,182,14,10,57,262,13,23,44,199,*7A (pico_gnss pico-gnss-rs/src/main.rs:453)
21.124791 [INFO ] NMEA $GPGSV,3,2,12,32,37,314,19,24,31,062,11,28,20,265,,15,15,125,15*7B (pico_gnss pico-gnss-rs/src/main.rs:453)
21.183188 [INFO ] NMEA $GPGSV,3,3,12,19,02,043,19,193,,,,194,,,,195,,,*75 (pico_gnss pico-gnss-rs/src/main.rs:453)
21.241745 [INFO ] NMEA $GLGSV,2,1,06,74,79,005,,72,69,356,,71,47,125,,75,42,221,*64 (pico_gnss pico-gnss-rs/src/main.rs:453)
21.275308 [INFO ] NMEA $GLGSV,2,2,06,73,29,033,22,65,18,326,*61 (pico_gnss pico-gnss-rs/src/main.rs:453)
21.362758 [INFO ] NMEA $GNRMC,120950.000,A,0000.0000,N,00000.0000,E,3.84,33.33,080626,,,A*45 (pico_gnss pico-gnss-rs/src/main.rs:453)
21.392414 [INFO ] NMEA $GPVTG,33.33,T,,M,3.84,N,7.11,K,A*05 (pico_gnss pico-gnss-rs/src/main.rs:453)
21.421587 [INFO ] NMEA $GPZDA,120950.000,08,06,2026,,*51 (pico_gnss pico-gnss-rs/src/main.rs:453)
21.467396 [INFO ] NMEA $GPGST,120950.000,14,38,16,23.7,35,21,49*5F (pico_gnss pico-gnss-rs/src/main.rs:453)
21.713102 [INFO ] PPSGEN count=16 interval_ns=999935200 dev_ns=-64800 phase_ns=1122973 hwphase_ns=943136 (pico_gnss pico-gnss-rs/src/main.rs:296)
21.735318 [INFO ] TIME unix_ns=1780920591023555917 ppb=2512 holdover_ms=2023 locked=1 (pico_gnss pico-gnss-rs/src/main.rs:226)
21.818847 [INFO ] NMEA $GPGGA,120951.000,0000.0000,N,00000.0000,E,1,4,2.20,26.6,M,39.0,M,,*6E (pico_gnss pico-gnss-rs/src/main.rs:453)
21.877212 [INFO ] NMEA $GNGLL,0000.0000,N,00000.0000,E,120951.000,A,A*49 (pico_gnss pico-gnss-rs/src/main.rs:453)
21.935548 [INFO ] NMEA $GNGSA,A,3,32,15,12,10,,,,,,,,,2.38,2.20,0.92*19 (pico_gnss pico-gnss-rs/src/main.rs:453)
21.965067 [INFO ] NMEA $GNGSA,A,3,,,,,,,,,,,,,2.38,2.20,0.92*1E (pico_gnss pico-gnss-rs/src/main.rs:453)
22.052409 [INFO ] NMEA $GPGSV,3,1,12,12,63,083,16,25,60,182,14,10,57,262,13,23,44,199,*7A (pico_gnss pico-gnss-rs/src/main.rs:453)
22.115159 [INFO ] NMEA $GPGSV,3,2,12,32,37,314,19,24,31,062,13,28,20,265,,15,15,125,15*79 (pico_gnss pico-gnss-rs/src/main.rs:453)
22.173558 [INFO ] NMEA $GPGSV,3,3,12,19,02,043,19,193,,,,194,,,,195,,,*75 (pico_gnss pico-gnss-rs/src/main.rs:453)
22.232126 [INFO ] NMEA $GLGSV,2,1,06,74,79,005,,72,69,356,,71,47,125,,75,42,221,*64 (pico_gnss pico-gnss-rs/src/main.rs:453)
22.290431 [INFO ] NMEA $GLGSV,2,2,06,73,29,033,20,65,18,326,*63 (pico_gnss pico-gnss-rs/src/main.rs:453)
22.353234 [INFO ] NMEA $GNRMC,120951.000,A,0000.0000,N,00000.0000,E,2.59,51.99,080626,,,A*4E (pico_gnss pico-gnss-rs/src/main.rs:453)
22.382888 [INFO ] NMEA $GPVTG,51.99,T,,M,2.59,N,4.79,K,A*0D (pico_gnss pico-gnss-rs/src/main.rs:453)
22.440767 [INFO ] NMEA $GPZDA,120951.000,08,06,2026,,*50 (pico_gnss pico-gnss-rs/src/main.rs:453)
22.470538 [INFO ] NMEA $GPGST,120951.000,14,36,15,27.6,33,21,47*5E (pico_gnss pico-gnss-rs/src/main.rs:453)
22.711854 [INFO ] PPS count=15 interval_us=3000007 interval_ns=3000007584 state=Irregular missed=2 (pico_gnss pico-gnss-rs/src/main.rs:192)
22.713691 [INFO ] PPSGEN count=17 interval_ns=1000002528 dev_ns=2528 phase_ns=1658459 hwphase_ns=938080 (pico_gnss pico-gnss-rs/src/main.rs:296)
22.736486 [INFO ] TIME unix_ns=1780920592024717401 ppb=2512 holdover_ms=3024 locked=1 (pico_gnss pico-gnss-rs/src/main.rs:226)
22.883235 [INFO ] NMEA $GPGGA,120952.000,0000.0000,N,00000.0000,E,1,4,2.20,25.5,M,39.0,M,,*6F (pico_gnss pico-gnss-rs/src/main.rs:453)
22.948750 [INFO ] NMEA $GNGLL,0000.0000,N,00000.0000,E,120952.000,A,A*48 (pico_gnss pico-gnss-rs/src/main.rs:453)
22.978353 [INFO ] NMEA $GNGSA,A,3,32,15,12,10,,,,,,,,,2.38,2.20,0.92*19 (pico_gnss pico-gnss-rs/src/main.rs:453)
23.036519 [INFO ] NMEA $GNGSA,A,3,,,,,,,,,,,,,2.38,2.20,0.92*1E (pico_gnss pico-gnss-rs/src/main.rs:453)
23.095165 [INFO ] NMEA $GPGSV,3,1,12,12,63,083,16,25,60,182,13,10,57,262,13,23,44,199,*7D (pico_gnss pico-gnss-rs/src/main.rs:453)
23.182587 [INFO ] NMEA $GPGSV,3,2,12,32,37,314,19,24,31,062,13,28,20,265,,15,15,125,15*79 (pico_gnss pico-gnss-rs/src/main.rs:453)
23.216327 [INFO ] NMEA $GPGSV,3,3,12,19,02,043,19,193,,,,194,,,,195,,,*75 (pico_gnss pico-gnss-rs/src/main.rs:453)
23.303640 [INFO ] NMEA $GLGSV,2,1,06,74,79,005,,72,69,356,,71,47,125,,75,42,221,*64 (pico_gnss pico-gnss-rs/src/main.rs:453)
23.333155 [INFO ] NMEA $GLGSV,2,2,06,73,29,033,20,65,18,326,*63 (pico_gnss pico-gnss-rs/src/main.rs:453)
23.420562 [INFO ] NMEA $GNRMC,120952.000,A,0000.0000,N,00000.0000,E,3.50,58.28,080626,,,A*44 (pico_gnss pico-gnss-rs/src/main.rs:453)
23.423117 [INFO ] SYNC pps_local_us=16000040 unix_s=1780920592 drift_us=2 err_ns=47 holdover_ms=3000 (pico_gnss pico-gnss-rs/src/main.rs:484)
23.450299 [INFO ] NMEA $GPVTG,58.28,T,,M,3.50,N,6.48,K,A*06 (pico_gnss pico-gnss-rs/src/main.rs:453)
23.483428 [INFO ] NMEA $GPZDA,120952.000,08,06,2026,,*53 (pico_gnss pico-gnss-rs/src/main.rs:453)
23.525139 [INFO ] NMEA $GPGST,120952.000,14,36,14,29.4,32,21,48*5E (pico_gnss pico-gnss-rs/src/main.rs:453)
23.711871 [INFO ] PPS count=16 interval_us=1000002 interval_ns=1000002496 state=Locked missed=0 (pico_gnss pico-gnss-rs/src/main.rs:192)
23.713634 [INFO ] PPSGEN count=18 interval_ns=1000002544 dev_ns=2544 phase_ns=1624485 hwphase_ns=938128 (pico_gnss pico-gnss-rs/src/main.rs:296)
23.737665 [INFO ] TIME unix_ns=1780920593025908424 ppb=2512 holdover_ms=1025 locked=1 (pico_gnss pico-gnss-rs/src/main.rs:226)
23.830371 [INFO ] NMEA $GPGGA,120953.000,0000.0000,N,00000.0000,E,1,4,2.20,25.0,M,39.0,M,,*60 (pico_gnss pico-gnss-rs/src/main.rs:453)
23.888690 [INFO ] NMEA $GNGLL,0000.0000,N,00000.0000,E,120953.000,A,A*42 (pico_gnss pico-gnss-rs/src/main.rs:453)
23.947042 [INFO ] NMEA $GNGSA,A,3,32,15,12,10,,,,,,,,,2.38,2.20,0.92*19 (pico_gnss pico-gnss-rs/src/main.rs:453)
23.971390 [INFO ] NMEA $GNGSA,A,3,,,,,,,,,,,,,2.38,2.20,0.92*1E (pico_gnss pico-gnss-rs/src/main.rs:453)
24.058729 [INFO ] NMEA $GPGSV,3,1,12,12,63,083,16,25,60,182,13,10,57,262,13,23,44,199,*7D (pico_gnss pico-gnss-rs/src/main.rs:453)
24.117432 [INFO ] NMEA $GPGSV,3,2,12,32,37,314,19,24,31,062,10,28,20,265,,15,15,125,15*7A (pico_gnss pico-gnss-rs/src/main.rs:453)
24.175774 [INFO ] NMEA $GPGSV,3,3,12,19,02,043,19,193,,,,194,,,,195,,,*75 (pico_gnss pico-gnss-rs/src/main.rs:453)
24.238439 [INFO ] NMEA $GLGSV,2,1,06,74,79,005,,72,69,356,,71,47,125,,75,42,221,*64 (pico_gnss pico-gnss-rs/src/main.rs:453)
24.296701 [INFO ] NMEA $GLGSV,2,2,06,73,29,033,21,65,18,326,*62 (pico_gnss pico-gnss-rs/src/main.rs:453)
24.355376 [INFO ] NMEA $GNRMC,120953.000,A,0000.0000,N,00000.0000,E,2.81,50.04,080626,,,A*45 (pico_gnss pico-gnss-rs/src/main.rs:453)
24.357924 [INFO ] SYNC pps_local_us=17000042 unix_s=1780920593 drift_us=2 err_ns=-15 holdover_ms=1000 (pico_gnss pico-gnss-rs/src/main.rs:484)
24.385116 [INFO ] NMEA $GPVTG,50.04,T,,M,2.81,N,5.20,K,A*00 (pico_gnss pico-gnss-rs/src/main.rs:453)
24.442899 [INFO ] NMEA $GPZDA,120953.000,08,06,2026,,*52 (pico_gnss pico-gnss-rs/src/main.rs:453)
24.472673 [INFO ] NMEA $GPGST,120953.000,14,36,13,30.6,32,22,48*51 (pico_gnss pico-gnss-rs/src/main.rs:453)
24.711890 [INFO ] PPS count=17 interval_us=1000002 interval_ns=1000002512 state=Locked missed=0 (pico_gnss pico-gnss-rs/src/main.rs:192)
24.713673 [INFO ] PPSGEN count=19 interval_ns=999943904 dev_ns=-56096 phase_ns=1650484 hwphase_ns=879520 (pico_gnss pico-gnss-rs/src/main.rs:296)
24.738830 [INFO ] TIME unix_ns=1780920594027069421 ppb=2512 holdover_ms=1027 locked=1 (pico_gnss pico-gnss-rs/src/main.rs:226)
24.836422 [INFO ] NMEA $GPGGA,120954.000,0000.0000,N,00000.0000,E,1,4,2.20,24.5,M,39.0,M,,*6C (pico_gnss pico-gnss-rs/src/main.rs:453)
24.894804 [INFO ] NMEA $GNGLL,0000.0000,N,00000.0000,E,120954.000,A,A*4A (pico_gnss pico-gnss-rs/src/main.rs:453)
24.924402 [INFO ] NMEA $GNGSA,A,3,32,15,12,10,,,,,,,,,2.38,2.20,0.92*19 (pico_gnss pico-gnss-rs/src/main.rs:453)
24.982593 [INFO ] NMEA $GNGSA,A,3,,,,,,,,,,,,,2.38,2.20,0.92*1E (pico_gnss pico-gnss-rs/src/main.rs:453)
25.045317 [INFO ] NMEA $GPGSV,3,1,12,12,63,083,16,25,60,182,,10,57,262,12,23,44,199,*7E (pico_gnss pico-gnss-rs/src/main.rs:453)
25.103894 [INFO ] NMEA $GPGSV,3,2,12,32,37,314,19,24,31,062,,28,20,265,,15,15,125,15*7B (pico_gnss pico-gnss-rs/src/main.rs:453)
25.162318 [INFO ] NMEA $GPGSV,3,3,12,19,02,043,19,193,,,,194,,,,195,,,*75 (pico_gnss pico-gnss-rs/src/main.rs:453)
25.249601 [INFO ] NMEA $GLGSV,2,1,06,74,79,005,,72,69,356,,71,47,125,,75,42,221,*64 (pico_gnss pico-gnss-rs/src/main.rs:453)
25.279173 [INFO ] NMEA $GLGSV,2,2,06,73,29,033,20,65,18,326,*63 (pico_gnss pico-gnss-rs/src/main.rs:453)
25.341850 [INFO ] NMEA $GNRMC,120954.000,A,0000.0000,N,00000.0000,E,1.94,45.80,080626,,,A*42 (pico_gnss pico-gnss-rs/src/main.rs:453)
25.344437 [INFO ] SYNC pps_local_us=18000045 unix_s=1780920594 drift_us=2 err_ns=1 holdover_ms=999 (pico_gnss pico-gnss-rs/src/main.rs:484)
25.400146 [INFO ] NMEA $GPVTG,45.80,T,,M,1.94,N,3.60,K,A*0D (pico_gnss pico-gnss-rs/src/main.rs:453)
25.429517 [INFO ] NMEA $GPZDA,120954.000,08,06,2026,,*55 (pico_gnss pico-gnss-rs/src/main.rs:453)
25.466951 [INFO ] NMEA $GPGST,120954.000,14,36,13,31.6,32,22,48*57 (pico_gnss pico-gnss-rs/src/main.rs:453)
25.711881 [INFO ] PPS count=18 interval_us=1000002 interval_ns=1000002512 state=Locked missed=0 (pico_gnss pico-gnss-rs/src/main.rs:192)
25.713648 [INFO ] PPSGEN count=20 interval_ns=999943904 dev_ns=-56096 phase_ns=1628485 hwphase_ns=820912 (pico_gnss pico-gnss-rs/src/main.rs:296)
25.740006 [INFO ] TIME unix_ns=1780920595028239418 ppb=2512 holdover_ms=1028 locked=1 (pico_gnss pico-gnss-rs/src/main.rs:226)
25.819568 [INFO ] NMEA $GPGGA,120955.000,0000.0000,N,00000.0000,E,1,3,5.19,24.4,M,39.0,M,,*68 (pico_gnss pico-gnss-rs/src/main.rs:453)
25.876825 [INFO ] NMEA $GNGLL,0000.0000,N,00000.0000,E,120955.000,A,A*45 (pico_gnss pico-gnss-rs/src/main.rs:453)
25.935186 [INFO ] NMEA $GNGSA,A,2,32,15,12,,,,,,,,,,5.29,5.19,1.00*19 (pico_gnss pico-gnss-rs/src/main.rs:453)
25.964654 [INFO ] NMEA $GNGSA,A,2,,,,,,,,,,,,,5.29,5.19,1.00*1F (pico_gnss pico-gnss-rs/src/main.rs:453)
26.023198 [INFO ] NMEA $GPGSV,3,1,12,12,63,083,16,25,60,182,,10,57,262,,23,44,199,*7D (pico_gnss pico-gnss-rs/src/main.rs:453)
26.114650 [INFO ] NMEA $GPGSV,3,2,12,32,37,314,19,24,31,062,,28,20,265,,15,15,125,15*7B (pico_gnss pico-gnss-rs/src/main.rs:453)
26.144362 [INFO ] NMEA $GPGSV,3,3,12,19,02,043,18,193,,,,194,,,,195,,,*74 (pico_gnss pico-gnss-rs/src/main.rs:453)
26.231620 [INFO ] NMEA $GLGSV,2,1,06,74,79,005,,72,69,356,,71,47,125,,75,42,221,*64 (pico_gnss pico-gnss-rs/src/main.rs:453)
26.261152 [INFO ] NMEA $GLGSV,2,2,06,73,29,033,20,65,18,326,*63 (pico_gnss pico-gnss-rs/src/main.rs:453)
26.348534 [INFO ] NMEA $GNRMC,120955.000,A,0000.0000,N,00000.0000,E,2.21,37.63,080626,,,A*48 (pico_gnss pico-gnss-rs/src/main.rs:453)
26.351112 [INFO ] SYNC pps_local_us=19000047 unix_s=1780920595 drift_us=2 err_ns=1 holdover_ms=1000 (pico_gnss pico-gnss-rs/src/main.rs:484)
26.382140 [INFO ] NMEA $GPVTG,37.63,T,,M,2.21,N,4.10,K,A*08 (pico_gnss pico-gnss-rs/src/main.rs:453)
26.411497 [INFO ] NMEA $GPZDA,120955.000,08,06,2026,,*54 (pico_gnss pico-gnss-rs/src/main.rs:453)
26.453115 [INFO ] NMEA $GPGST,120955.000,13,38,13,32.0,33,23,48*5A (pico_gnss pico-gnss-rs/src/main.rs:453)
26.712924 [INFO ] PPSGEN count=21 interval_ns=999947568 dev_ns=-52432 phase_ns=969486 hwphase_ns=768480 (pico_gnss pico-gnss-rs/src/main.rs:296)
26.741151 [INFO ] TIME unix_ns=1780920596029388415 ppb=2512 holdover_ms=1029 locked=1 (pico_gnss pico-gnss-rs/src/main.rs:226)
26.810377 [INFO ] NMEA $GPGGA,120956.000,0000.0000,N,00000.0000,E,1,3,5.19,24.0,M,39.0,M,,*61 (pico_gnss pico-gnss-rs/src/main.rs:453)
26.868694 [INFO ] NMEA $GNGLL,0000.0000,N,00000.0000,E,120956.000,A,A*48 (pico_gnss pico-gnss-rs/src/main.rs:453)
26.921870 [INFO ] NMEA $GNGSA,A,2,32,15,12,,,,,,,,,,5.28,5.19,1.00*18 (pico_gnss pico-gnss-rs/src/main.rs:453)
26.951382 [INFO ] NMEA $GNGSA,A,2,,,,,,,,,,,,,5.28,5.19,1.00*1E (pico_gnss pico-gnss-rs/src/main.rs:453)
27.038642 [INFO ] NMEA $GPGSV,3,1,12,12,63,083,16,25,60,182,,10,57,262,,23,44,199,*7D (pico_gnss pico-gnss-rs/src/main.rs:453)
27.097301 [INFO ] NMEA $GPGSV,3,2,12,32,37,314,19,24,31,062,,28,20,265,,15,15,125,15*7B (pico_gnss pico-gnss-rs/src/main.rs:453)
27.155682 [INFO ] NMEA $GPGSV,3,3,12,19,02,043,18,193,,,,194,,,,195,,,*74 (pico_gnss pico-gnss-rs/src/main.rs:453)
27.218341 [INFO ] NMEA $GLGSV,2,1,06,74,79,005,,72,69,356,,71,47,125,,75,42,221,*64 (pico_gnss pico-gnss-rs/src/main.rs:453)
27.247851 [INFO ] NMEA $GLGSV,2,2,06,73,29,033,20,65,18,326,*63 (pico_gnss pico-gnss-rs/src/main.rs:453)
27.335281 [INFO ] NMEA $GNRMC,120956.000,A,0000.0000,N,00000.0000,E,1.01,359.00,080626,,,A*7A (pico_gnss pico-gnss-rs/src/main.rs:453)
27.364943 [INFO ] NMEA $GPVTG,359.00,T,,M,1.01,N,1.87,K,A*3C (pico_gnss pico-gnss-rs/src/main.rs:453)
27.422780 [INFO ] NMEA $GPZDA,120956.000,08,06,2026,,*57 (pico_gnss pico-gnss-rs/src/main.rs:453)
27.446528 [INFO ] NMEA $GPGST,120956.000,13,38,13,32.3,33,23,48*5A (pico_gnss pico-gnss-rs/src/main.rs:453)
27.712882 [INFO ] PPSGEN count=22 interval_ns=999951232 dev_ns=-48768 phase_ns=908974 hwphase_ns=719712 (pico_gnss pico-gnss-rs/src/main.rs:296)
27.742288 [INFO ] TIME unix_ns=1780920597030531900 ppb=2512 holdover_ms=2030 locked=1 (pico_gnss pico-gnss-rs/src/main.rs:226)
27.815490 [INFO ] NMEA $GPGGA,120957.000,0000.0000,N,00000.0000,E,1,3,5.18,23.7,M,39.0,M,,*64 (pico_gnss pico-gnss-rs/src/main.rs:453)
27.873808 [INFO ] NMEA $GNGLL,0000.0000,N,00000.0000,E,120957.000,A,A*4C (pico_gnss pico-gnss-rs/src/main.rs:453)
27.932137 [INFO ] NMEA $GNGSA,A,2,32,15,12,,,,,,,,,,5.28,5.18,1.00*19 (pico_gnss pico-gnss-rs/src/main.rs:453)
27.961725 [INFO ] NMEA $GNGSA,A,2,,,,,,,,,,,,,5.28,5.18,1.00*1F (pico_gnss pico-gnss-rs/src/main.rs:453)
28.037713 [INFO ] NMEA $GPGSV,3,1,12,12,63,083,16,25,60,182,,10,57,262,,23,44,199,*7D (pico_gnss pico-gnss-rs/src/main.rs:453)
28.096320 [INFO ] NMEA $GPGSV,3,2,12,32,37,314,19,24,31,062,,28,20,265,,15,15,125,15*7B (pico_gnss pico-gnss-rs/src/main.rs:453)
28.154722 [INFO ] NMEA $GPGSV,3,3,12,19,02,043,18,193,,,,194,,,,195,,,*74 (pico_gnss pico-gnss-rs/src/main.rs:453)
28.213280 [INFO ] NMEA $GLGSV,2,1,06,74,79,005,,72,69,356,,71,47,125,,75,42,221,*64 (pico_gnss pico-gnss-rs/src/main.rs:453)
28.275545 [INFO ] NMEA $GLGSV,2,2,06,73,29,033,20,65,18,326,*63 (pico_gnss pico-gnss-rs/src/main.rs:453)
28.334281 [INFO ] NMEA $GNRMC,120957.000,A,0000.0000,N,00000.0000,E,0.99,7.84,080626,,,A*7A (pico_gnss pico-gnss-rs/src/main.rs:453)
28.363900 [INFO ] NMEA $GPVTG,7.84,T,,M,0.99,N,1.84,K,A*3B (pico_gnss pico-gnss-rs/src/main.rs:453)
28.421783 [INFO ] NMEA $GPZDA,120957.000,08,06,2026,,*56 (pico_gnss pico-gnss-rs/src/main.rs:453)
28.447321 [INFO ] NMEA $GPGST,120957.000,13,38,13,32.7,33,23,48*5F (pico_gnss pico-gnss-rs/src/main.rs:453)
28.712900 [INFO ] PPSGEN count=23 interval_ns=1000002544 dev_ns=2544 phase_ns=917463 hwphase_ns=722256 (pico_gnss pico-gnss-rs/src/main.rs:296)
28.743435 [INFO ] TIME unix_ns=1780920598031656385 ppb=2512 holdover_ms=3031 locked=1 (pico_gnss pico-gnss-rs/src/main.rs:226)
28.824742 [INFO ] NMEA $GPGGA,120958.000,0000.0000,N,00000.0000,E,1,3,5.18,23.6,M,39.0,M,,*6A (pico_gnss pico-gnss-rs/src/main.rs:453)
28.854392 [INFO ] NMEA $GNGLL,0000.0000,N,00000.0000,E,120958.000,A,A*43 (pico_gnss pico-gnss-rs/src/main.rs:453)
28.912681 [INFO ] NMEA $GNGSA,A,2,32,15,12,,,,,,,,,,5.28,5.18,1.00*19 (pico_gnss pico-gnss-rs/src/main.rs:453)
28.970867 [INFO ] NMEA $GNGSA,A,2,,,,,,,,,,,,,5.28,5.18,1.00*1F (pico_gnss pico-gnss-rs/src/main.rs:453)
29.029450 [INFO ] NMEA $GPGSV,3,1,12,12,63,083,16,25,60,182,,10,57,262,,23,44,199,*7D (pico_gnss pico-gnss-rs/src/main.rs:453)
29.092144 [INFO ] NMEA $GPGSV,3,2,12,32,37,314,19,24,31,062,,28,20,265,,15,15,125,15*7B (pico_gnss pico-gnss-rs/src/main.rs:453)
29.150564 [INFO ] NMEA $GPGSV,3,3,12,19,02,043,18,193,,,,194,,,,195,,,*74 (pico_gnss pico-gnss-rs/src/main.rs:453)
29.209100 [INFO ] NMEA $GLGSV,2,1,06,74,79,005,,72,69,356,,71,47,125,,75,42,221,*64 (pico_gnss pico-gnss-rs/src/main.rs:453)
29.267336 [INFO ] NMEA $GLGSV,2,2,06,73,29,033,20,65,18,326,*63 (pico_gnss pico-gnss-rs/src/main.rs:453)
29.326021 [INFO ] NMEA $GNRMC,120958.000,A,0000.0000,N,00000.0000,E,1.06,79.65,080626,,,A*44 (pico_gnss pico-gnss-rs/src/main.rs:453)
29.359600 [INFO ] NMEA $GPVTG,79.65,T,,M,1.06,N,1.97,K,A*08 (pico_gnss pico-gnss-rs/src/main.rs:453)
29.417683 [INFO ] NMEA $GPZDA,120958.000,08,06,2026,,*59 (pico_gnss pico-gnss-rs/src/main.rs:453)
29.447392 [INFO ] NMEA $GPGST,120958.000,13,38,12,33.2,33,23,47*5A (pico_gnss pico-gnss-rs/src/main.rs:453)
29.712894 [INFO ] PPSGEN count=24 interval_ns=1000002528 dev_ns=2528 phase_ns=911951 hwphase_ns=724784 (pico_gnss pico-gnss-rs/src/main.rs:296)
29.744562 [INFO ] TIME unix_ns=1780920599032797871 ppb=2512 holdover_ms=4032 locked=1 (pico_gnss pico-gnss-rs/src/main.rs:226)
29.813496 [INFO ] NMEA $GPGGA,120959.000,0000.0000,N,00000.0000,E,1,3,5.18,23.5,M,39.0,M,,*61 (pico_gnss pico-gnss-rs/src/main.rs:453)
29.871820 [INFO ] NMEA $GNGLL,0000.0000,N,00000.0000,E,120959.000,A,A*4B (pico_gnss pico-gnss-rs/src/main.rs:453)
29.908519 [INFO ] NMEA $GNGSA,A,2,32,15,12,,,,,,,,,,5.27,5.18,1.00*16 (pico_gnss pico-gnss-rs/src/main.rs:453)
29.966761 [INFO ] NMEA $GNGSA,A,2,,,,,,,,,,,,,5.27,5.18,1.00*10 (pico_gnss pico-gnss-rs/src/main.rs:453)
30.025360 [INFO ] NMEA $GPGSV,3,1,12,12,63,083,16,25,60,182,,10,57,262,,23,44,199,*7D (pico_gnss pico-gnss-rs/src/main.rs:453)
30.083974 [INFO ] NMEA $GPGSV,3,2,12,32,37,314,19,24,31,062,,28,20,265,,15,15,125,15*7B (pico_gnss pico-gnss-rs/src/main.rs:453)
30.142330 [INFO ] NMEA $GPGSV,3,3,12,19,02,043,18,193,,,,194,,,,195,,,*74 (pico_gnss pico-gnss-rs/src/main.rs:453)
30.205001 [INFO ] NMEA $GLGSV,2,1,06,74,79,005,,72,69,356,,71,47,125,,75,42,221,*64 (pico_gnss pico-gnss-rs/src/main.rs:453)
30.263261 [INFO ] NMEA $GLGSV,2,2,06,73,29,033,20,65,18,326,*63 (pico_gnss pico-gnss-rs/src/main.rs:453)
30.321946 [INFO ] NMEA $GNRMC,120959.000,A,0000.0000,N,00000.0000,E,1.79,111.38,080626,,,A*73 (pico_gnss pico-gnss-rs/src/main.rs:453)
30.380255 [INFO ] NMEA $GPVTG,111.38,T,,M,1.79,N,3.31,K,A*39 (pico_gnss pico-gnss-rs/src/main.rs:453)
30.409563 [INFO ] NMEA $GPZDA,120959.000,08,06,2026,,*58 (pico_gnss pico-gnss-rs/src/main.rs:453)
30.449031 [INFO ] NMEA $GPGST,120959.000,13,39,12,33.7,33,24,47*58 (pico_gnss pico-gnss-rs/src/main.rs:453)
30.712900 [INFO ] PPSGEN count=25 interval_ns=1000002544 dev_ns=2544 phase_ns=920439 hwphase_ns=727328 (pico_gnss pico-gnss-rs/src/main.rs:296)
30.745700 [INFO ] TIME unix_ns=1780920600033903356 ppb=2512 holdover_ms=5033 locked=1 (pico_gnss pico-gnss-rs/src/main.rs:226)
30.811480 [INFO ] NMEA $GPGGA,121000.000,0000.0000,N,00000.0000,E,1,3,5.18,23.3,M,39.0,M,,*60 (pico_gnss pico-gnss-rs/src/main.rs:453)
30.869830 [INFO ] NMEA $GNGLL,0000.0000,N,00000.0000,E,121000.000,A,A*4C (pico_gnss pico-gnss-rs/src/main.rs:453)
30.928133 [INFO ] NMEA $GNGSA,A,2,32,15,12,,,,,,,,,,5.27,5.18,1.00*16 (pico_gnss pico-gnss-rs/src/main.rs:453)
30.957631 [INFO ] NMEA $GNGSA,A,2,,,,,,,,,,,,,5.27,5.18,1.00*10 (pico_gnss pico-gnss-rs/src/main.rs:453)
31.017180 [INFO ] NMEA $GPGSV,3,1,12,12,63,083,16,25,60,182,,10,57,262,,23,44,199,*7D (pico_gnss pico-gnss-rs/src/main.rs:453)
31.104573 [INFO ] NMEA $GPGSV,3,2,12,32,37,314,19,24,31,062,,28,20,265,,15,15,125,15*7B (pico_gnss pico-gnss-rs/src/main.rs:453)
31.162956 [INFO ] NMEA $GPGSV,3,3,12,19,02,043,18,193,,,,194,,,,195,,,*74 (pico_gnss pico-gnss-rs/src/main.rs:453)
31.221514 [INFO ] NMEA $GLGSV,2,1,06,74,79,005,,72,69,356,,71,47,125,,75,42,221,*64 (pico_gnss pico-gnss-rs/src/main.rs:453)
31.255068 [INFO ] NMEA $GLGSV,2,2,06,73,29,033,20,65,18,326,*63 (pico_gnss pico-gnss-rs/src/main.rs:453)
31.342626 [INFO ] NMEA $GNRMC,121000.000,A,0000.0000,N,00000.0000,E,1.38,199.87,080626,,,A*75 (pico_gnss pico-gnss-rs/src/main.rs:453)
31.372263 [INFO ] NMEA $GPVTG,199.87,T,,M,1.38,N,2.56,K,A*38 (pico_gnss pico-gnss-rs/src/main.rs:453)
31.401470 [INFO ] NMEA $GPZDA,121000.000,08,06,2026,,*5C (pico_gnss pico-gnss-rs/src/main.rs:453)
31.447300 [INFO ] NMEA $GPGST,121000.000,13,39,12,34.0,33,24,47*5C (pico_gnss pico-gnss-rs/src/main.rs:453)
31.712890 [INFO ] PPSGEN count=26 interval_ns=1000002528 dev_ns=2528 phase_ns=902927 hwphase_ns=729856 (pico_gnss pico-gnss-rs/src/main.rs:296)
31.746850 [INFO ] TIME unix_ns=1780920601035045841 ppb=2512 holdover_ms=6035 locked=1 (pico_gnss pico-gnss-rs/src/main.rs:226)
31.813309 [INFO ] NMEA $GPGGA,121001.000,0000.0000,N,00000.0000,E,1,3,5.17,23.3,M,39.0,M,,*64 (pico_gnss pico-gnss-rs/src/main.rs:453)
31.871673 [INFO ] NMEA $GNGLL,0000.0000,N,00000.0000,E,121001.000,A,A*47 (pico_gnss pico-gnss-rs/src/main.rs:453)
31.929972 [INFO ] NMEA $GNGSA,A,2,32,15,12,,,,,,,,,,5.27,5.17,1.00*19 (pico_gnss pico-gnss-rs/src/main.rs:453)
31.959492 [INFO ] NMEA $GNGSA,A,2,,,,,,,,,,,,,5.27,5.17,1.00*1F (pico_gnss pico-gnss-rs/src/main.rs:453)
32.046753 [INFO ] NMEA $GPGSV,3,1,12,12,63,083,16,25,60,182,,10,57,262,,23,44,199,*7D (pico_gnss pico-gnss-rs/src/main.rs:453)
32.109500 [INFO ] NMEA $GPGSV,3,2,12,32,37,314,19,24,31,062,,28,20,265,,15,15,125,15*7B (pico_gnss pico-gnss-rs/src/main.rs:453)
32.167876 [INFO ] NMEA $GPGSV,3,3,12,19,02,043,18,193,,,,194,,,,195,,,*74 (pico_gnss pico-gnss-rs/src/main.rs:453)
32.226470 [INFO ] NMEA $GLGSV,2,1,06,74,79,005,,72,69,356,,71,47,125,,75,42,221,*64 (pico_gnss pico-gnss-rs/src/main.rs:453)
32.255971 [INFO ] NMEA $GLGSV,2,2,06,73,29,033,21,65,18,326,*62 (pico_gnss pico-gnss-rs/src/main.rs:453)
32.347474 [INFO ] NMEA $GNRMC,121001.000,A,0000.0000,N,00000.0000,E,1.34,203.04,080626,,,A*79 (pico_gnss pico-gnss-rs/src/main.rs:453)
32.377149 [INFO ] NMEA $GPVTG,203.04,T,,M,1.34,N,2.48,K,A*30 (pico_gnss pico-gnss-rs/src/main.rs:453)
32.434988 [INFO ] NMEA $GPZDA,121001.000,08,06,2026,,*5D (pico_gnss pico-gnss-rs/src/main.rs:453)
32.458515 [INFO ] NMEA $GPGST,121001.000,13,39,12,34.2,33,24,47*5F (pico_gnss pico-gnss-rs/src/main.rs:453)
32.712891 [INFO ] PPSGEN count=27 interval_ns=1000002544 dev_ns=2544 phase_ns=907415 hwphase_ns=732400 (pico_gnss pico-gnss-rs/src/main.rs:296)
32.747986 [INFO ] TIME unix_ns=1780920602036184326 ppb=2512 holdover_ms=7036 locked=1 (pico_gnss pico-gnss-rs/src/main.rs:226)
32.811636 [INFO ] NMEA $GPGGA,121002.000,0000.0000,N,00000.0000,E,1,3,5.17,23.3,M,39.0,M,,*6A (pico_gnss pico-gnss-rs/src/main.rs:453)
32.869890 [INFO ] NMEA $GNGLL,0000.0000,N,00000.0000,E,121002.000,A,A*49 (pico_gnss pico-gnss-rs/src/main.rs:453)
32.912855 [INFO ] NMEA $GNGSA,A,2,32,15,12,,,,,,,,,,5.26,5.17,1.00*18 (pico_gnss pico-gnss-rs/src/main.rs:453)
32.971052 [INFO ] NMEA $GNGSA,A,2,,,,,,,,,,,,,5.26,5.17,1.00*1E (pico_gnss pico-gnss-rs/src/main.rs:453)
33.029662 [INFO ] NMEA $GPGSV,3,1,12,12,63,083,16,25,60,182,,10,57,262,,23,44,199,*7D (pico_gnss pico-gnss-rs/src/main.rs:453)
33.088233 [INFO ] NMEA $GPGSV,3,2,12,32,37,314,19,24,31,062,,28,20,265,,15,15,125,15*7B (pico_gnss pico-gnss-rs/src/main.rs:453)
33.150757 [INFO ] NMEA $GPGSV,3,3,12,19,02,043,18,193,,,,194,,,,195,,,*74 (pico_gnss pico-gnss-rs/src/main.rs:453)
33.209319 [INFO ] NMEA $GLGSV,2,1,06,74,79,005,,72,69,356,,71,47,125,,75,42,221,*64 (pico_gnss pico-gnss-rs/src/main.rs:453)
33.267585 [INFO ] NMEA $GLGSV,2,2,06,73,29,033,21,65,18,326,*62 (pico_gnss pico-gnss-rs/src/main.rs:453)
33.326320 [INFO ] NMEA $GNRMC,121002.000,A,0000.0000,N,00000.0000,E,1.18,248.21,080626,,,A*71 (pico_gnss pico-gnss-rs/src/main.rs:453)
33.384559 [INFO ] NMEA $GPVTG,248.21,T,,M,1.18,N,2.18,K,A*33 (pico_gnss pico-gnss-rs/src/main.rs:453)
33.417948 [INFO ] NMEA $GPZDA,121002.000,08,06,2026,,*5E (pico_gnss pico-gnss-rs/src/main.rs:453)
33.447736 [INFO ] NMEA $GPGST,121002.000,13,39,12,34.2,33,24,47*5C (pico_gnss pico-gnss-rs/src/main.rs:453)
33.712917 [INFO ] PPSGEN count=28 interval_ns=1000002528 dev_ns=2528 phase_ns=917903 hwphase_ns=734928 (pico_gnss pico-gnss-rs/src/main.rs:296)
33.749144 [INFO ] TIME unix_ns=1780920603037324812 ppb=2512 holdover_ms=8037 locked=1 (pico_gnss pico-gnss-rs/src/main.rs:226)
33.809551 [INFO ] NMEA $GPGGA,121003.000,0000.0000,N,00000.0000,E,1,3,5.16,23.2,M,39.0,M,,*6F (pico_gnss pico-gnss-rs/src/main.rs:453)
33.867867 [INFO ] NMEA $GNGLL,0000.0000,N,00000.0000,E,121003.000,A,A*4C (pico_gnss pico-gnss-rs/src/main.rs:453)
33.926210 [INFO ] NMEA $GNGSA,A,2,32,15,12,,,,,,,,,,5.26,5.16,1.00*19 (pico_gnss pico-gnss-rs/src/main.rs:453)
33.962859 [INFO ] NMEA $GNGSA,A,2,,,,,,,,,,,,,5.26,5.16,1.00*1F (pico_gnss pico-gnss-rs/src/main.rs:453)
34.021387 [INFO ] NMEA $GPGSV,3,1,12,12,63,083,16,25,60,182,,10,57,262,,23,44,199,*7D (pico_gnss pico-gnss-rs/src/main.rs:453)
34.080018 [INFO ] NMEA $GPGSV,3,2,12,32,37,314,20,24,31,062,,28,20,265,,15,15,125,15*71 (pico_gnss pico-gnss-rs/src/main.rs:453)
34.138398 [INFO ] NMEA $GPGSV,3,3,12,19,02,043,18,193,,,,194,,,,195,,,*74 (pico_gnss pico-gnss-rs/src/main.rs:453)
34.225639 [INFO ] NMEA $GLGSV,2,1,06,74,79,005,,72,69,356,,71,47,125,,75,42,221,*64 (pico_gnss pico-gnss-rs/src/main.rs:453)
34.259322 [INFO ] NMEA $GLGSV,2,2,06,73,29,033,21,65,18,326,*62 (pico_gnss pico-gnss-rs/src/main.rs:453)
34.318003 [INFO ] NMEA $GNRMC,121003.000,A,0000.0000,N,00000.0000,E,0.71,157.44,080626,,,A*74 (pico_gnss pico-gnss-rs/src/main.rs:453)
34.376300 [INFO ] NMEA $GPVTG,157.44,T,,M,0.71,N,1.32,K,A*38 (pico_gnss pico-gnss-rs/src/main.rs:453)
34.405607 [INFO ] NMEA $GPZDA,121003.000,08,06,2026,,*5F (pico_gnss pico-gnss-rs/src/main.rs:453)
34.445188 [INFO ] NMEA $GPGST,121003.000,13,40,12,34.1,34,24,47*57 (pico_gnss pico-gnss-rs/src/main.rs:453)
34.712888 [INFO ] PPSGEN count=29 interval_ns=1000002544 dev_ns=2544 phase_ns=904391 hwphase_ns=737472 (pico_gnss pico-gnss-rs/src/main.rs:296)
34.750280 [INFO ] TIME unix_ns=1780920604038478297 ppb=2512 holdover_ms=9038 locked=1 (pico_gnss pico-gnss-rs/src/main.rs:226)
34.818718 [INFO ] NMEA $GPGGA,121004.000,0000.0000,N,00000.0000,E,1,3,5.17,23.2,M,39.0,M,,*6C (pico_gnss pico-gnss-rs/src/main.rs:453)
34.877033 [INFO ] NMEA $GNGLL,0000.0000,N,00000.0000,E,121004.000,A,A*4E (pico_gnss pico-gnss-rs/src/main.rs:453)
34.935381 [INFO ] NMEA $GNGSA,A,2,32,15,12,,,,,,,,,,5.26,5.17,1.00*18 (pico_gnss pico-gnss-rs/src/main.rs:453)
34.964850 [INFO ] NMEA $GNGSA,A,2,,,,,,,,,,,,,5.26,5.17,1.00*1E (pico_gnss pico-gnss-rs/src/main.rs:453)
35.023394 [INFO ] NMEA $GPGSV,3,1,12,12,63,083,16,25,60,182,,10,57,262,,23,44,199,*7D (pico_gnss pico-gnss-rs/src/main.rs:453)
35.114845 [INFO ] NMEA $GPGSV,3,2,12,32,37,314,20,24,31,062,,28,20,265,,15,15,125,15*71 (pico_gnss pico-gnss-rs/src/main.rs:453)
35.173344 [INFO ] NMEA $GPGSV,3,3,12,19,02,043,18,193,,,,194,,,,195,,,*74 (pico_gnss pico-gnss-rs/src/main.rs:453)
35.231891 [INFO ] NMEA $GLGSV,2,1,06,74,79,005,,72,69,356,,71,47,125,,75,42,221,*64 (pico_gnss pico-gnss-rs/src/main.rs:453)
35.261424 [INFO ] NMEA $GLGSV,2,2,06,73,29,033,21,65,18,326,*62 (pico_gnss pico-gnss-rs/src/main.rs:453)
35.352956 [INFO ] NMEA $GNRMC,121004.000,A,0000.0000,N,00000.0000,E,0.67,149.73,080626,,,A*7A (pico_gnss pico-gnss-rs/src/main.rs:453)
35.382584 [INFO ] NMEA $GPVTG,149.73,T,,M,0.67,N,1.25,K,A*32 (pico_gnss pico-gnss-rs/src/main.rs:453)
35.411812 [INFO ] NMEA $GPZDA,121004.000,08,06,2026,,*58 (pico_gnss pico-gnss-rs/src/main.rs:453)
35.457615 [INFO ] NMEA $GPGST,121004.000,13,40,12,33.9,34,25,47*5E (pico_gnss pico-gnss-rs/src/main.rs:453)
35.712898 [INFO ] PPSGEN count=30 interval_ns=1000002528 dev_ns=2528 phase_ns=899879 hwphase_ns=740000 (pico_gnss pico-gnss-rs/src/main.rs:296)
35.751821 [INFO ] TIME unix_ns=1780920605039613782 ppb=2512 holdover_ms=10039 locked=1 (pico_gnss pico-gnss-rs/src/main.rs:226)
35.810398 [INFO ] NMEA $GPGGA,121005.000,0000.0000,N,00000.0000,E,1,3,5.16,23.3,M,39.0,M,,*6D (pico_gnss pico-gnss-rs/src/main.rs:453)
35.859483 [INFO ] NMEA $GNGLL,0000.0000,N,00000.0000,E,121005.000,A,A*4F (pico_gnss pico-gnss-rs/src/main.rs:453)
35.917770 [INFO ] NMEA $GNGSA,A,2,32,15,12,,,,,,,,,,5.26,5.16,1.00*19 (pico_gnss pico-gnss-rs/src/main.rs:453)
35.947282 [INFO ] NMEA $GNGSA,A,2,,,,,,,,,,,,,5.26,5.16,1.00*1F (pico_gnss pico-gnss-rs/src/main.rs:453)
36.034550 [INFO ] NMEA $GPGSV,3,1,12,12,63,083,16,25,60,182,,10,57,262,,23,44,199,*7D (pico_gnss pico-gnss-rs/src/main.rs:453)
36.093205 [INFO ] NMEA $GPGSV,3,2,12,32,37,314,20,24,31,062,,28,20,265,,15,15,125,15*71 (pico_gnss pico-gnss-rs/src/main.rs:453)
36.155652 [INFO ] NMEA $GPGSV,3,3,12,19,02,043,18,193,,,,194,,,,195,,,*74 (pico_gnss pico-gnss-rs/src/main.rs:453)
36.214247 [INFO ] NMEA $GLGSV,2,1,06,74,79,005,,72,69,356,,71,47,125,,75,42,221,*64 (pico_gnss pico-gnss-rs/src/main.rs:453)
36.243768 [INFO ] NMEA $GLGSV,2,2,06,73,29,033,22,65,18,326,*61 (pico_gnss pico-gnss-rs/src/main.rs:453)
36.331176 [INFO ] NMEA $GNRMC,121005.000,A,0000.0000,N,00000.0000,E,1.38,106.67,080626,,,A*7E (pico_gnss pico-gnss-rs/src/main.rs:453)
36.360824 [INFO ] NMEA $GPVTG,106.67,T,,M,1.38,N,2.56,K,A*30 (pico_gnss pico-gnss-rs/src/main.rs:453)
36.422766 [INFO ] NMEA $GPZDA,121005.000,08,06,2026,,*59 (pico_gnss pico-gnss-rs/src/main.rs:453)
36.446319 [INFO ] NMEA $GPGST,121005.000,13,41,13,33.5,35,25,48*5D (pico_gnss pico-gnss-rs/src/main.rs:453)
36.712920 [INFO ] PPSGEN count=31 interval_ns=1000002544 dev_ns=2544 phase_ns=920367 hwphase_ns=742544 (pico_gnss pico-gnss-rs/src/main.rs:296)
36.753279 [INFO ] TIME unix_ns=1780920606041409266 ppb=2512 holdover_ms=11041 locked=1 (pico_gnss pico-gnss-rs/src/main.rs:226)
36.811521 [INFO ] NMEA $GPGGA,121006.000,0000.0000,N,00000.0000,E,1,3,5.16,23.4,M,39.0,M,,*6E (pico_gnss pico-gnss-rs/src/main.rs:453)
36.869857 [INFO ] NMEA $GNGLL,0000.0000,N,00000.0000,E,121006.000,A,A*4B (pico_gnss pico-gnss-rs/src/main.rs:453)
36.928151 [INFO ] NMEA $GNGSA,A,2,32,15,12,,,,,,,,,,5.25,5.16,1.00*1A (pico_gnss pico-gnss-rs/src/main.rs:453)
36.970960 [INFO ] NMEA $GNGSA,A,2,,,,,,,,,,,,,5.25,5.16,1.00*1C (pico_gnss pico-gnss-rs/src/main.rs:453)
37.029569 [INFO ] NMEA $GPGSV,3,1,12,12,63,083,16,25,60,182,,10,57,262,,23,44,199,*7D (pico_gnss pico-gnss-rs/src/main.rs:453)
37.088141 [INFO ] NMEA $GPGSV,3,2,12,32,37,314,20,24,31,062,,28,20,265,,15,15,125,14*70 (pico_gnss pico-gnss-rs/src/main.rs:453)
37.146553 [INFO ] NMEA $GPGSV,3,3,12,19,02,043,18,193,,,,194,,,,195,,,*74 (pico_gnss pico-gnss-rs/src/main.rs:453)
37.209223 [INFO ] NMEA $GLGSV,2,1,06,74,79,005,,72,69,356,,71,47,125,,75,42,221,*64 (pico_gnss pico-gnss-rs/src/main.rs:453)
37.267451 [INFO ] NMEA $GLGSV,2,2,06,73,29,033,22,65,18,326,*61 (pico_gnss pico-gnss-rs/src/main.rs:453)
37.326215 [INFO ] NMEA $GNRMC,121006.000,A,0000.0000,N,00000.0000,E,2.05,116.46,080626,,,A*75 (pico_gnss pico-gnss-rs/src/main.rs:453)
37.384462 [INFO ] NMEA $GPVTG,116.46,T,,M,2.05,N,3.80,K,A*35 (pico_gnss pico-gnss-rs/src/main.rs:453)
37.413829 [INFO ] NMEA $GPZDA,121006.000,08,06,2026,,*5A (pico_gnss pico-gnss-rs/src/main.rs:453)
37.443307 [INFO ] NMEA $GPGST,121006.000,13,42,13,33.3,35,25,48*5B (pico_gnss pico-gnss-rs/src/main.rs:453)
37.712889 [INFO ] PPSGEN count=32 interval_ns=1000002528 dev_ns=2528 phase_ns=881856 hwphase_ns=745072 (pico_gnss pico-gnss-rs/src/main.rs:296)
37.754548 [INFO ] TIME unix_ns=1780920607042611751 ppb=2512 holdover_ms=12042 locked=1 (pico_gnss pico-gnss-rs/src/main.rs:226)
37.814323 [INFO ] NMEA $GPGGA,121007.000,0000.0000,N,00000.0000,E,1,3,5.16,23.5,M,39.0,M,,*64 (pico_gnss pico-gnss-rs/src/main.rs:453)
37.872641 [INFO ] NMEA $GNGLL,0000.0000,N,00000.0000,E,121007.000,A,A*40 (pico_gnss pico-gnss-rs/src/main.rs:453)
37.902282 [INFO ] NMEA $GNGSA,A,2,32,15,12,,,,,,,,,,5.25,5.16,1.00*1A (pico_gnss pico-gnss-rs/src/main.rs:453)
37.960451 [INFO ] NMEA $GNGSA,A,2,,,,,,,,,,,,,5.25,5.16,1.00*1C (pico_gnss pico-gnss-rs/src/main.rs:453)
38.023098 [INFO ] NMEA $GPGSV,3,1,12,12,63,083,16,25,60,182,,10,57,262,,23,44,199,*7D (pico_gnss pico-gnss-rs/src/main.rs:453)
38.081742 [INFO ] NMEA $GPGSV,3,2,12,32,37,314,20,24,31,062,,28,20,265,,15,15,125,14*70 (pico_gnss pico-gnss-rs/src/main.rs:453)
38.140120 [INFO ] NMEA $GPGSV,3,3,12,19,02,043,18,193,,,,194,,,,195,,,*74 (pico_gnss pico-gnss-rs/src/main.rs:453)
38.227445 [INFO ] NMEA $GLGSV,2,1,06,74,79,005,,72,69,356,,71,47,125,,75,42,221,*64 (pico_gnss pico-gnss-rs/src/main.rs:453)
38.256965 [INFO ] NMEA $GLGSV,2,2,06,73,29,033,22,65,19,326,*60 (pico_gnss pico-gnss-rs/src/main.rs:453)
38.319703 [INFO ] NMEA $GNRMC,121007.000,A,0000.0000,N,00000.0000,E,1.31,102.25,080626,,,A*7A (pico_gnss pico-gnss-rs/src/main.rs:453)
38.378123 [INFO ] NMEA $GPVTG,102.25,T,,M,1.31,N,2.43,K,A*3F (pico_gnss pico-gnss-rs/src/main.rs:453)
38.407429 [INFO ] NMEA $GPZDA,121007.000,08,06,2026,,*5B (pico_gnss pico-gnss-rs/src/main.rs:453)
38.446992 [INFO ] NMEA $GPGST,121007.000,13,42,13,33.0,36,26,48*59 (pico_gnss pico-gnss-rs/src/main.rs:453)
38.712910 [INFO ] PPSGEN count=33 interval_ns=1000002544 dev_ns=2544 phase_ns=908344 hwphase_ns=747616 (pico_gnss pico-gnss-rs/src/main.rs:296)
38.755829 [INFO ] TIME unix_ns=1780920608043870236 ppb=2512 holdover_ms=13043 locked=1 (pico_gnss pico-gnss-rs/src/main.rs:226)
38.812663 [INFO ] NMEA $GPGGA,121008.000,0000.0000,N,00000.0000,E,1,3,5.15,23.5,M,39.0,M,,*63 (pico_gnss pico-gnss-rs/src/main.rs:453)
38.867838 [INFO ] NMEA $GNGLL,0000.0000,N,00000.0000,E,121008.000,A,A*44 (pico_gnss pico-gnss-rs/src/main.rs:453)
38.926179 [INFO ] NMEA $GNGSA,A,2,32,15,12,,,,,,,,,,5.25,5.15,1.00*19 (pico_gnss pico-gnss-rs/src/main.rs:453)
38.955670 [INFO ] NMEA $GNGSA,A,2,,,,,,,,,,,,,5.25,5.15,1.00*1F (pico_gnss pico-gnss-rs/src/main.rs:453)
39.014193 [INFO ] NMEA $GPGSV,3,1,12,12,63,083,16,25,60,182,,10,57,262,,23,44,199,*7D (pico_gnss pico-gnss-rs/src/main.rs:453)
39.105667 [INFO ] NMEA $GPGSV,3,2,12,32,37,314,20,24,31,062,,28,20,265,,15,15,125,15*71 (pico_gnss pico-gnss-rs/src/main.rs:453)
39.164080 [INFO ] NMEA $GPGSV,3,3,12,19,02,043,18,193,,,,194,,,,195,,,*74 (pico_gnss pico-gnss-rs/src/main.rs:453)
39.222623 [INFO ] NMEA $GLGSV,2,1,06,74,79,005,,72,69,356,,71,47,125,,75,42,221,*64 (pico_gnss pico-gnss-rs/src/main.rs:453)
39.252147 [INFO ] NMEA $GLGSV,2,2,06,73,29,033,22,65,19,326,*60 (pico_gnss pico-gnss-rs/src/main.rs:453)
39.339547 [INFO ] NMEA $GNRMC,121008.000,A,0000.0000,N,00000.0000,E,1.67,153.43,080626,,,A*79 (pico_gnss pico-gnss-rs/src/main.rs:453)
39.373162 [INFO ] NMEA $GPVTG,153.43,T,,M,1.67,N,3.09,K,A*37 (pico_gnss pico-gnss-rs/src/main.rs:453)
39.402495 [INFO ] NMEA $GPZDA,121008.000,08,06,2026,,*54 (pico_gnss pico-gnss-rs/src/main.rs:453)
39.448343 [INFO ] NMEA $GPGST,121008.000,13,43,13,32.7,37,26,49*51 (pico_gnss pico-gnss-rs/src/main.rs:453)
39.712919 [INFO ] PPSGEN count=34 interval_ns=1000002528 dev_ns=2528 phase_ns=914832 hwphase_ns=750144 (pico_gnss pico-gnss-rs/src/main.rs:296)
39.757126 [INFO ] TIME unix_ns=1780920609045157721 ppb=2512 holdover_ms=14045 locked=1 (pico_gnss pico-gnss-rs/src/main.rs:226)
39.812491 [INFO ] NMEA $GPGGA,121009.000,0000.0000,N,00000.0000,E,1,3,5.15,23.5,M,39.0,M,,*69 (pico_gnss pico-gnss-rs/src/main.rs:453)
39.870829 [INFO ] NMEA $GNGLL,0000.0000,N,00000.0000,E,121009.000,A,A*4E (pico_gnss pico-gnss-rs/src/main.rs:453)
39.919893 [INFO ] NMEA $GNGSA,A,2,32,15,12,,,,,,,,,,5.24,5.15,1.00*18 (pico_gnss pico-gnss-rs/src/main.rs:453)
39.949402 [INFO ] NMEA $GNGSA,A,2,,,,,,,,,,,,,5.24,5.15,1.00*1E (pico_gnss pico-gnss-rs/src/main.rs:453)
40.036695 [INFO ] NMEA $GPGSV,3,1,12,12,63,083,16,25,60,182,,10,57,262,,23,44,199,*7D (pico_gnss pico-gnss-rs/src/main.rs:453)
40.095314 [INFO ] NMEA $GPGSV,3,2,12,32,37,314,20,24,31,062,,28,20,265,,15,15,125,13*77 (pico_gnss pico-gnss-rs/src/main.rs:453)
40.153696 [INFO ] NMEA $GPGSV,3,3,12,19,02,043,17,193,,,,194,,,,195,,,*7B (pico_gnss pico-gnss-rs/src/main.rs:453)
40.216347 [INFO ] NMEA $GLGSV,2,1,06,74,79,005,,72,69,356,,71,47,125,,75,42,221,*64 (pico_gnss pico-gnss-rs/src/main.rs:453)
40.245884 [INFO ] NMEA $GLGSV,2,2,06,73,29,033,22,65,19,326,*60 (pico_gnss pico-gnss-rs/src/main.rs:453)
40.333292 [INFO ] NMEA $GNRMC,121009.000,A,0000.0000,N,00000.0000,E,1.02,203.09,080626,,,A*78 (pico_gnss pico-gnss-rs/src/main.rs:453)
40.362969 [INFO ] NMEA $GPVTG,203.09,T,,M,1.02,N,1.89,K,A*36 (pico_gnss pico-gnss-rs/src/main.rs:453)
40.420828 [INFO ] NMEA $GPZDA,121009.000,08,06,2026,,*55 (pico_gnss pico-gnss-rs/src/main.rs:453)
40.448745 [INFO ] NMEA $GPGST,121009.000,12,43,14,32.3,37,26,49*52 (pico_gnss pico-gnss-rs/src/main.rs:453)
40.712923 [INFO ] PPSGEN count=35 interval_ns=1000002544 dev_ns=2544 phase_ns=912320 hwphase_ns=752688 (pico_gnss pico-gnss-rs/src/main.rs:296)
40.758416 [INFO ] TIME unix_ns=1780920610046453206 ppb=2512 holdover_ms=15046 locked=1 (pico_gnss pico-gnss-rs/src/main.rs:226)
40.811632 [INFO ] NMEA $GPGGA,121010.000,0000.0000,N,00000.0000,E,1,3,5.15,23.5,M,39.0,M,,*66 (pico_gnss pico-gnss-rs/src/main.rs:453)
40.869898 [INFO ] NMEA $GNGLL,0000.0000,N,00000.0000,E,121010.000,A,A*41 (pico_gnss pico-gnss-rs/src/main.rs:453)
40.928230 [INFO ] NMEA $GNGSA,A,2,32,15,12,,,,,,,,,,5.24,5.15,1.00*18 (pico_gnss pico-gnss-rs/src/main.rs:453)
40.957704 [INFO ] NMEA $GNGSA,A,2,,,,,,,,,,,,,5.24,5.15,1.00*1E (pico_gnss pico-gnss-rs/src/main.rs:453)
41.029599 [INFO ] NMEA $GPGSV,3,1,12,12,63,083,16,25,60,182,,10,57,262,,23,44,199,*7D (pico_gnss pico-gnss-rs/src/main.rs:453)
41.088194 [INFO ] NMEA $GPGSV,3,2,12,32,37,314,20,24,31,062,,28,20,265,,15,15,125,13*77 (pico_gnss pico-gnss-rs/src/main.rs:453)
41.146600 [INFO ] NMEA $GPGSV,3,3,12,19,02,043,17,193,,,,194,,,,195,,,*7B (pico_gnss pico-gnss-rs/src/main.rs:453)
41.205140 [INFO ] NMEA $GLGSV,2,1,06,74,79,005,,72,69,356,,71,47,125,,75,42,221,*64 (pico_gnss pico-gnss-rs/src/main.rs:453)
41.267495 [INFO ] NMEA $GLGSV,2,2,06,73,29,033,21,65,19,326,*63 (pico_gnss pico-gnss-rs/src/main.rs:453)
41.326226 [INFO ] NMEA $GNRMC,121010.000,A,0000.0000,N,00000.0000,E,1.55,157.58,080626,,,A*73 (pico_gnss pico-gnss-rs/src/main.rs:453)
41.384460 [INFO ] NMEA $GPVTG,157.58,T,,M,1.55,N,2.87,K,A*3F (pico_gnss pico-gnss-rs/src/main.rs:453)
41.413828 [INFO ] NMEA $GPZDA,121010.000,08,06,2026,,*5D (pico_gnss pico-gnss-rs/src/main.rs:453)
41.443308 [INFO ] NMEA $GPGST,121010.000,12,44,14,31.9,38,26,50*53 (pico_gnss pico-gnss-rs/src/main.rs:453)
41.712941 [INFO ] PPSGEN count=36 interval_ns=1000002528 dev_ns=2528 phase_ns=894808 hwphase_ns=755216 (pico_gnss pico-gnss-rs/src/main.rs:296)
41.759688 [INFO ] TIME unix_ns=1780920611047727690 ppb=2512 holdover_ms=16047 locked=1 (pico_gnss pico-gnss-rs/src/main.rs:226)
41.810225 [INFO ] NMEA $GPGGA,121011.000,0000.0000,N,00000.0000,E,6,2,99.99,23.5,M,39.0,M,,*5F (pico_gnss pico-gnss-rs/src/main.rs:453)
41.839539 [INFO ] NMEA $GNGLL,,,,,121011.000,V,E*6D (pico_gnss pico-gnss-rs/src/main.rs:453)
41.897762 [INFO ] NMEA $GNGSA,A,1,32,12,,,,,,,,,,,99.99,99.99,1.00*1D (pico_gnss pico-gnss-rs/src/main.rs:453)
41.927332 [INFO ] NMEA $GNGSA,A,1,,,,,,,,,,,,,99.99,99.99,1.00*1F (pico_gnss pico-gnss-rs/src/main.rs:453)
42.014593 [INFO ] NMEA $GPGSV,3,1,12,12,63,083,16,25,60,182,,10,57,262,,23,44,199,*7D (pico_gnss pico-gnss-rs/src/main.rs:453)
42.077326 [INFO ] NMEA $GPGSV,3,2,12,32,37,314,20,24,31,062,,28,20,265,,15,15,125,12*76 (pico_gnss pico-gnss-rs/src/main.rs:453)
42.135735 [INFO ] NMEA $GPGSV,3,3,12,19,02,043,17,193,,,,194,,,,195,,,*7B (pico_gnss pico-gnss-rs/src/main.rs:453)
42.194289 [INFO ] NMEA $GLGSV,2,1,06,74,79,005,,72,69,356,,71,47,125,,75,42,221,*64 (pico_gnss pico-gnss-rs/src/main.rs:453)
42.223790 [INFO ] NMEA $GLGSV,2,2,06,73,29,033,21,65,19,326,*63 (pico_gnss pico-gnss-rs/src/main.rs:453)
42.282104 [INFO ] NMEA $GNRMC,121011.000,V,,,,,1.42,124.64,080626,,,E*52 (pico_gnss pico-gnss-rs/src/main.rs:453)
42.340333 [INFO ] NMEA $GPVTG,124.64,T,,M,1.42,N,2.64,K,E*3B (pico_gnss pico-gnss-rs/src/main.rs:453)
42.373788 [INFO ] NMEA $GPZDA,121011.000,08,06,2026,,*5C (pico_gnss pico-gnss-rs/src/main.rs:453)
42.402450 [INFO ] NMEA $GPGST,121011.000,12,44,14,31.6,39,26,50*5C (pico_gnss pico-gnss-rs/src/main.rs:453)
42.712927 [INFO ] PPSGEN count=37 interval_ns=1000002544 dev_ns=2544 phase_ns=909296 hwphase_ns=757760 (pico_gnss pico-gnss-rs/src/main.rs:296)
42.760962 [INFO ] TIME unix_ns=1780920612049001175 ppb=2512 holdover_ms=17049 locked=1 (pico_gnss pico-gnss-rs/src/main.rs:226)
42.780555 [INFO ] NMEA $GPGGA,121012.000,,,,,0,0,,,M,,M,,*49 (pico_gnss pico-gnss-rs/src/main.rs:453)
42.809616 [INFO ] NMEA $GNGLL,,,,,121012.000,V,N*65 (pico_gnss pico-gnss-rs/src/main.rs:453)
42.838794 [INFO ] NMEA $GNGSA,A,1,,,,,,,,,,,,,,,*00 (pico_gnss pico-gnss-rs/src/main.rs:453)
42.868043 [INFO ] NMEA $GNGSA,A,1,,,,,,,,,,,,,,,*00 (pico_gnss pico-gnss-rs/src/main.rs:453)
42.934772 [INFO ] NMEA $GPGSV,3,1,12,12,63,083,16,25,60,182,,10,57,262,,23,44,199,*7D (pico_gnss pico-gnss-rs/src/main.rs:453)
42.993365 [INFO ] NMEA $GPGSV,3,2,12,32,37,314,20,24,31,062,,28,20,265,,15,15,125,*75 (pico_gnss pico-gnss-rs/src/main.rs:453)
43.051759 [INFO ] NMEA $GPGSV,3,3,12,19,02,043,17,193,,,,194,,,,195,,,*7B (pico_gnss pico-gnss-rs/src/main.rs:453)
43.110307 [INFO ] NMEA $GLGSV,2,1,06,74,79,005,,72,69,356,,71,47,125,,75,42,221,*64 (pico_gnss pico-gnss-rs/src/main.rs:453)
43.168522 [INFO ] NMEA $GLGSV,2,2,06,73,29,033,21,65,19,326,*63 (pico_gnss pico-gnss-rs/src/main.rs:453)
43.230985 [INFO ] NMEA $GNRMC,121012.000,V,,,,,0.17,124.64,080626,,,N*5B (pico_gnss pico-gnss-rs/src/main.rs:453)
43.260696 [INFO ] NMEA $GPVTG,124.64,T,,M,0.17,N,0.31,K,N*33 (pico_gnss pico-gnss-rs/src/main.rs:453)
43.289876 [INFO ] NMEA $GPZDA,121012.000,08,06,2026,,*5F (pico_gnss pico-gnss-rs/src/main.rs:453)
43.333596 [INFO ] NMEA $GPGST,121012.000,12,45,14,31.4,39,26,49*54 (pico_gnss pico-gnss-rs/src/main.rs:453)
43.712923 [INFO ] PPSGEN count=38 interval_ns=1000002528 dev_ns=2528 phase_ns=907784 hwphase_ns=760288 (pico_gnss pico-gnss-rs/src/main.rs:296)
43.762220 [INFO ] TIME unix_ns=1780920613050266660 ppb=2512 holdover_ms=18050 locked=1 (pico_gnss pico-gnss-rs/src/main.rs:226)
43.777731 [INFO ] NMEA $GPGGA,121013.000,,,,,0,0,,,M,,M,,*48 (pico_gnss pico-gnss-rs/src/main.rs:453)
43.806785 [INFO ] NMEA $GNGLL,,,,,121013.000,V,N*64 (pico_gnss pico-gnss-rs/src/main.rs:453)
43.835905 [INFO ] NMEA $GNGSA,A,1,,,,,,,,,,,,,,,*00 (pico_gnss pico-gnss-rs/src/main.rs:453)
43.858007 [INFO ] NMEA $GNGSA,A,1,,,,,,,,,,,,,,,*00 (pico_gnss pico-gnss-rs/src/main.rs:453)
43.945276 [INFO ] NMEA $GPGSV,3,1,12,12,63,083,16,25,60,182,,10,57,262,,23,44,199,*7D (pico_gnss pico-gnss-rs/src/main.rs:453)
44.003901 [INFO ] NMEA $GPGSV,3,2,12,32,37,314,20,24,31,062,,28,20,265,,15,15,125,*75 (pico_gnss pico-gnss-rs/src/main.rs:453)
44.062254 [INFO ] NMEA $GPGSV,3,3,12,19,02,043,17,193,,,,194,,,,195,,,*7B (pico_gnss pico-gnss-rs/src/main.rs:453)
44.124918 [INFO ] NMEA $GLGSV,2,1,06,74,79,005,,72,69,356,,71,46,126,,75,42,221,*66 (pico_gnss pico-gnss-rs/src/main.rs:453)
44.154432 [INFO ] NMEA $GLGSV,2,2,06,73,29,033,21,65,19,326,*63 (pico_gnss pico-gnss-rs/src/main.rs:453)
44.212733 [INFO ] NMEA $GNRMC,121013.000,V,,,,,0.23,124.64,080626,,,N*5D (pico_gnss pico-gnss-rs/src/main.rs:453)
44.271010 [INFO ] NMEA $GPVTG,124.64,T,,M,0.23,N,0.42,K,N*30 (pico_gnss pico-gnss-rs/src/main.rs:453)
44.300360 [INFO ] NMEA $GPZDA,121013.000,08,06,2026,,*5E (pico_gnss pico-gnss-rs/src/main.rs:453)
44.331076 [INFO ] NMEA $GPGST,121013.000,12,46,14,31.2,40,27,49*5F (pico_gnss pico-gnss-rs/src/main.rs:453)
44.712939 [INFO ] PPSGEN count=39 interval_ns=1000002544 dev_ns=2544 phase_ns=930272 hwphase_ns=762832 (pico_gnss pico-gnss-rs/src/main.rs:296)
44.763511 [INFO ] TIME unix_ns=1780920614051535145 ppb=2512 holdover_ms=19051 locked=1 (pico_gnss pico-gnss-rs/src/main.rs:226)
44.786728 [INFO ] NMEA $GPGGA,121014.000,,,,,0,0,,,M,,M,,*4F (pico_gnss pico-gnss-rs/src/main.rs:453)
44.816006 [INFO ] NMEA $GNGLL,,,,,121014.000,V,N*63 (pico_gnss pico-gnss-rs/src/main.rs:453)
44.845248 [INFO ] NMEA $GNGSA,A,1,,,,,,,,,,,,,,,*00 (pico_gnss pico-gnss-rs/src/main.rs:453)
44.874503 [INFO ] NMEA $GNGSA,A,1,,,,,,,,,,,,,,,*00 (pico_gnss pico-gnss-rs/src/main.rs:453)
44.932994 [INFO ] NMEA $GPGSV,3,1,12,12,63,083,16,25,60,182,,10,57,262,,23,44,199,*7D (pico_gnss pico-gnss-rs/src/main.rs:453)
44.991601 [INFO ] NMEA $GPGSV,3,2,12,32,37,314,20,24,31,062,,28,20,265,,15,15,125,*75 (pico_gnss pico-gnss-rs/src/main.rs:453)
45.054041 [INFO ] NMEA $GPGSV,3,3,12,19,02,043,17,193,,,,194,,,,195,,,*7B (pico_gnss pico-gnss-rs/src/main.rs:453)
45.112630 [INFO ] NMEA $GLGSV,2,1,06,74,79,005,,72,70,357,,71,46,126,,75,42,221,*6F (pico_gnss pico-gnss-rs/src/main.rs:453)
45.170850 [INFO ] NMEA $GLGSV,2,2,06,73,29,033,21,65,19,326,*63 (pico_gnss pico-gnss-rs/src/main.rs:453)
45.229255 [INFO ] NMEA $GNRMC,121014.000,V,,,,,1.03,145.23,080626,,,N*5D (pico_gnss pico-gnss-rs/src/main.rs:453)
45.258911 [INFO ] NMEA $GPVTG,145.23,T,,M,1.03,N,1.90,K,N*39 (pico_gnss pico-gnss-rs/src/main.rs:453)
45.288073 [INFO ] NMEA $GPZDA,121014.000,08,06,2026,,*59 (pico_gnss pico-gnss-rs/src/main.rs:453)
45.333804 [INFO ] NMEA $GPGST,121014.000,12,47,14,31.0,41,27,49*5A (pico_gnss pico-gnss-rs/src/main.rs:453)
45.712959 [INFO ] PPSGEN count=40 interval_ns=1000002528 dev_ns=2528 phase_ns=917760 hwphase_ns=765360 (pico_gnss pico-gnss-rs/src/main.rs:296)
45.764791 [INFO ] TIME unix_ns=1780920615052807630 ppb=2512 holdover_ms=20052 locked=1 (pico_gnss pico-gnss-rs/src/main.rs:226)
45.779771 [INFO ] NMEA $GPGGA,121015.000,,,,,0,0,,,M,,M,,*4E (pico_gnss pico-gnss-rs/src/main.rs:453)
45.808812 [INFO ] NMEA $GNGLL,,,,,121015.000,V,N*62 (pico_gnss pico-gnss-rs/src/main.rs:453)
45.837989 [INFO ] NMEA $GNGSA,A,1,,,,,,,,,,,,,,,*00 (pico_gnss pico-gnss-rs/src/main.rs:453)
45.867237 [INFO ] NMEA $GNGSA,A,1,,,,,,,,,,,,,,,*00 (pico_gnss pico-gnss-rs/src/main.rs:453)
45.925757 [INFO ] NMEA $GPGSV,3,1,12,12,63,083,15,25,60,182,,10,57,262,,23,44,199,*7E (pico_gnss pico-gnss-rs/src/main.rs:453)
46.008012 [INFO ] NMEA $GPGSV,3,2,12,32,37,314,20,24,31,062,,28,20,265,,15,15,125,*75 (pico_gnss pico-gnss-rs/src/main.rs:453)
46.066413 [INFO ] NMEA $GPGSV,3,3,12,19,02,043,17,193,,,,194,,,,195,,,*7B (pico_gnss pico-gnss-rs/src/main.rs:453)
46.124981 [INFO ] NMEA $GLGSV,2,1,06,74,79,005,,72,70,357,,71,46,126,,75,42,221,*6F (pico_gnss pico-gnss-rs/src/main.rs:453)
46.154450 [INFO ] NMEA $GLGSV,2,2,06,73,28,034,20,65,19,326,*64 (pico_gnss pico-gnss-rs/src/main.rs:453)
46.212765 [INFO ] NMEA $GNRMC,121015.000,V,,,,,1.02,85.67,080626,,,N*60 (pico_gnss pico-gnss-rs/src/main.rs:453)
46.246350 [INFO ] NMEA $GPVTG,85.67,T,,M,1.02,N,1.90,K,N*05 (pico_gnss pico-gnss-rs/src/main.rs:453)
46.304379 [INFO ] NMEA $GPZDA,121015.000,08,06,2026,,*58 (pico_gnss pico-gnss-rs/src/main.rs:453)
46.331035 [INFO ] NMEA $GPGST,121015.000,12,48,14,30.8,42,28,50*59 (pico_gnss pico-gnss-rs/src/main.rs:453)
46.712942 [INFO ] PPSGEN count=41 interval_ns=1000002544 dev_ns=2544 phase_ns=909249 hwphase_ns=767904 (pico_gnss pico-gnss-rs/src/main.rs:296)
46.766082 [INFO ] TIME unix_ns=1780920616054090115 ppb=2512 holdover_ms=21054 locked=1 (pico_gnss pico-gnss-rs/src/main.rs:226)
46.778801 [INFO ] NMEA $GPGGA,121016.000,,,,,0,0,,,M,,M,,*4D (pico_gnss pico-gnss-rs/src/main.rs:453)
46.807893 [INFO ] NMEA $GNGLL,,,,,121016.000,V,N*61 (pico_gnss pico-gnss-rs/src/main.rs:453)
46.837024 [INFO ] NMEA $GNGSA,A,1,,,,,,,,,,,,,,,*00 (pico_gnss pico-gnss-rs/src/main.rs:453)
46.866282 [INFO ] NMEA $GNGSA,A,1,,,,,,,,,,,,,,,*00 (pico_gnss pico-gnss-rs/src/main.rs:453)
46.935037 [INFO ] NMEA $GPGSV,3,1,12,12,63,083,16,25,60,182,,10,57,262,,23,44,199,*7D (pico_gnss pico-gnss-rs/src/main.rs:453)
46.993652 [INFO ] NMEA $GPGSV,3,2,12,32,37,314,19,24,31,062,,28,20,265,,15,15,125,*7F (pico_gnss pico-gnss-rs/src/main.rs:453)
47.052038 [INFO ] NMEA $GPGSV,3,3,12,19,02,043,17,193,,,,194,,,,195,,,*7B (pico_gnss pico-gnss-rs/src/main.rs:453)
47.110593 [INFO ] NMEA $GLGSV,2,1,06,74,78,006,,72,70,357,,71,46,126,,75,42,221,*6D (pico_gnss pico-gnss-rs/src/main.rs:453)
47.172938 [INFO ] NMEA $GLGSV,2,2,06,73,28,034,19,65,19,326,*6E (pico_gnss pico-gnss-rs/src/main.rs:453)
47.231288 [INFO ] NMEA $GNRMC,121016.000,V,,,,,1.08,138.58,080626,,,N*52 (pico_gnss pico-gnss-rs/src/main.rs:453)
47.260971 [INFO ] NMEA $GPVTG,138.58,T,,M,1.08,N,1.99,K,N*3D (pico_gnss pico-gnss-rs/src/main.rs:453)
47.290177 [INFO ] NMEA $GPZDA,121016.000,08,06,2026,,*5B (pico_gnss pico-gnss-rs/src/main.rs:453)
47.331777 [INFO ] NMEA $GPGST,121016.000,12,50,14,30.5,43,28,50*5F (pico_gnss pico-gnss-rs/src/main.rs:453)
47.712944 [INFO ] PPSGEN count=42 interval_ns=1000002528 dev_ns=2528 phase_ns=916737 hwphase_ns=770432 (pico_gnss pico-gnss-rs/src/main.rs:296)
47.767368 [INFO ] TIME unix_ns=1780920617055381600 ppb=2512 holdover_ms=22055 locked=1 (pico_gnss pico-gnss-rs/src/main.rs:226)
47.789877 [INFO ] NMEA $GPGGA,121017.000,,,,,0,0,,,M,,M,,*4C (pico_gnss pico-gnss-rs/src/main.rs:453)
47.818940 [INFO ] NMEA $GNGLL,,,,,121017.000,V,N*60 (pico_gnss pico-gnss-rs/src/main.rs:453)
47.842979 [INFO ] NMEA $GNGSA,A,1,,,,,,,,,,,,,,,*00 (pico_gnss pico-gnss-rs/src/main.rs:453)
47.872218 [INFO ] NMEA $GNGSA,A,1,,,,,,,,,,,,,,,*00 (pico_gnss pico-gnss-rs/src/main.rs:453)
47.959468 [INFO ] NMEA $GPGSV,3,1,12,12,63,083,16,25,60,182,,10,57,262,,23,44,199,*7D (pico_gnss pico-gnss-rs/src/main.rs:453)
48.018140 [INFO ] NMEA $GPGSV,3,2,12,32,37,314,19,24,31,062,,28,20,265,,15,15,125,*7F (pico_gnss pico-gnss-rs/src/main.rs:453)
48.076513 [INFO ] NMEA $GPGSV,3,3,12,19,02,043,17,193,,,,194,,,,195,,,*7B (pico_gnss pico-gnss-rs/src/main.rs:453)
48.139169 [INFO ] NMEA $GLGSV,2,1,06,74,78,006,,72,70,357,,71,46,126,,75,43,222,*6F (pico_gnss pico-gnss-rs/src/main.rs:453)
48.168704 [INFO ] NMEA $GLGSV,2,2,06,73,28,034,19,65,19,326,*6E (pico_gnss pico-gnss-rs/src/main.rs:453)
48.226989 [INFO ] NMEA $GNRMC,121017.000,V,,,,,1.88,266.41,080626,,,N*5B (pico_gnss pico-gnss-rs/src/main.rs:453)
48.256643 [INFO ] NMEA $GPVTG,266.41,T,,M,1.88,N,3.48,K,N*3B (pico_gnss pico-gnss-rs/src/main.rs:453)
48.314518 [INFO ] NMEA $GPZDA,121017.000,08,06,2026,,*5A (pico_gnss pico-gnss-rs/src/main.rs:453)
48.343243 [INFO ] NMEA $GPGST,121017.000,12,51,15,30.2,45,29,50*5E (pico_gnss pico-gnss-rs/src/main.rs:453)
48.712941 [INFO ] PPSGEN count=43 interval_ns=1000002544 dev_ns=2544 phase_ns=909225 hwphase_ns=772976 (pico_gnss pico-gnss-rs/src/main.rs:296)
48.768649 [INFO ] TIME unix_ns=1780920618056648085 ppb=2512 holdover_ms=23056 locked=1 (pico_gnss pico-gnss-rs/src/main.rs:226)
48.795690 [INFO ] NMEA $GPGGA,121018.000,,,,,0,0,,,M,,M,,*43 (pico_gnss pico-gnss-rs/src/main.rs:453)
48.824799 [INFO ] NMEA $GNGLL,,,,,121018.000,V,N*6F (pico_gnss pico-gnss-rs/src/main.rs:453)
48.853986 [INFO ] NMEA $GNGSA,A,1,,,,,,,,,,,,,,,*00 (pico_gnss pico-gnss-rs/src/main.rs:453)
48.883251 [INFO ] NMEA $GNGSA,A,1,,,,,,,,,,,,,,,*00 (pico_gnss pico-gnss-rs/src/main.rs:453)
48.941734 [INFO ] NMEA $GPGSV,3,1,12,12,63,083,16,25,60,182,,10,57,262,,23,44,199,*7D (pico_gnss pico-gnss-rs/src/main.rs:453)
49.000330 [INFO ] NMEA $GPGSV,3,2,12,32,37,314,19,24,31,062,,28,20,265,,15,15,125,*7F (pico_gnss pico-gnss-rs/src/main.rs:453)
49.062776 [INFO ] NMEA $GPGSV,3,3,12,19,02,043,17,193,,,,194,,,,195,,,*7B (pico_gnss pico-gnss-rs/src/main.rs:453)
49.121374 [INFO ] NMEA $GLGSV,2,1,06,74,78,006,,72,70,357,,71,46,126,,75,43,222,*6F (pico_gnss pico-gnss-rs/src/main.rs:453)
49.179576 [INFO ] NMEA $GLGSV,2,2,06,73,28,034,19,65,19,326,*6E (pico_gnss pico-gnss-rs/src/main.rs:453)
49.237970 [INFO ] NMEA $GNRMC,121018.000,V,,,,,1.93,237.07,080626,,,N*58 (pico_gnss pico-gnss-rs/src/main.rs:453)
49.267660 [INFO ] NMEA $GPVTG,237.07,T,,M,1.93,N,3.58,K,N*36 (pico_gnss pico-gnss-rs/src/main.rs:453)
49.300854 [INFO ] NMEA $GPZDA,121018.000,08,06,2026,,*55 (pico_gnss pico-gnss-rs/src/main.rs:453)
49.340470 [INFO ] NMEA $GPGST,121018.000,12,52,15,30.1,46,29,50*52 (pico_gnss pico-gnss-rs/src/main.rs:453)
49.712964 [INFO ] PPSGEN count=44 interval_ns=1000002528 dev_ns=2528 phase_ns=930713 hwphase_ns=775504 (pico_gnss pico-gnss-rs/src/main.rs:296)
49.769943 [INFO ] TIME unix_ns=1780920619057958570 ppb=2512 holdover_ms=24058 locked=1 (pico_gnss pico-gnss-rs/src/main.rs:226)
49.778548 [INFO ] NMEA $GPGGA,121019.000,,,,,0,0,,,M,,M,,*42 (pico_gnss pico-gnss-rs/src/main.rs:453)
49.807605 [INFO ] NMEA $GNGLL,,,,,121019.000,V,N*6E (pico_gnss pico-gnss-rs/src/main.rs:453)
49.836775 [INFO ] NMEA $GNGSA,A,1,,,,,,,,,,,,,,,*00 (pico_gnss pico-gnss-rs/src/main.rs:453)
49.866018 [INFO ] NMEA $GNGSA,A,1,,,,,,,,,,,,,,,*00 (pico_gnss pico-gnss-rs/src/main.rs:453)
49.924544 [INFO ] NMEA $GPGSV,3,1,12,12,63,083,16,25,60,182,,10,57,262,,23,44,199,*7D (pico_gnss pico-gnss-rs/src/main.rs:453)
50.008792 [INFO ] NMEA $GPGSV,3,2,12,32,37,314,19,24,31,062,,28,20,265,,15,15,125,*7F (pico_gnss pico-gnss-rs/src/main.rs:453)
50.067195 [INFO ] NMEA $GPGSV,3,3,12,19,02,043,17,193,,,,194,,,,195,,,*7B (pico_gnss pico-gnss-rs/src/main.rs:453)
50.125754 [INFO ] NMEA $GLGSV,2,1,06,74,78,006,,72,70,357,,71,46,126,,75,43,222,*6F (pico_gnss pico-gnss-rs/src/main.rs:453)
50.155278 [INFO ] NMEA $GLGSV,2,2,06,73,28,034,18,65,19,326,*6F (pico_gnss pico-gnss-rs/src/main.rs:453)
50.217625 [INFO ] NMEA $GNRMC,121019.000,V,,,,,1.62,59.76,080626,,,N*6B (pico_gnss pico-gnss-rs/src/main.rs:453)
50.247261 [INFO ] NMEA $GPVTG,59.76,T,,M,1.62,N,3.01,K,N*08 (pico_gnss pico-gnss-rs/src/main.rs:453)
50.305212 [INFO ] NMEA $GPZDA,121019.000,08,06,2026,,*54 (pico_gnss pico-gnss-rs/src/main.rs:453)
50.329714 [INFO ] NMEA $GPGST,121019.000,12,54,15,29.9,47,30,50*5C (pico_gnss pico-gnss-rs/src/main.rs:453)
50.712946 [INFO ] PPSGEN count=45 interval_ns=1000002544 dev_ns=2544 phase_ns=910201 hwphase_ns=778048 (pico_gnss pico-gnss-rs/src/main.rs:296)
50.771210 [INFO ] TIME unix_ns=1780920620059225055 ppb=2512 holdover_ms=25059 locked=1 (pico_gnss pico-gnss-rs/src/main.rs:226)
50.782617 [INFO ] NMEA $GPGGA,121020.000,,,,,0,0,,,M,,M,,*48 (pico_gnss pico-gnss-rs/src/main.rs:453)
50.811721 [INFO ] NMEA $GNGLL,,,,,121020.000,V,N*64 (pico_gnss pico-gnss-rs/src/main.rs:453)
50.840869 [INFO ] NMEA $GNGSA,A,1,,,,,,,,,,,,,,,*00 (pico_gnss pico-gnss-rs/src/main.rs:453)
50.882409 [INFO ] NMEA $GNGSA,A,1,,,,,,,,,,,,,,,*00 (pico_gnss pico-gnss-rs/src/main.rs:453)
50.940945 [INFO ] NMEA $GPGSV,3,1,12,12,63,083,16,25,60,182,,10,57,262,,23,44,199,*7D (pico_gnss pico-gnss-rs/src/main.rs:453)
50.999553 [INFO ] NMEA $GPGSV,3,2,12,32,37,314,19,24,31,062,,28,20,265,,15,15,125,*7F (pico_gnss pico-gnss-rs/src/main.rs:453)
51.057919 [INFO ] NMEA $GPGSV,3,3,12,19,02,043,17,193,,,,194,,,,195,,,*7B (pico_gnss pico-gnss-rs/src/main.rs:453)
51.116483 [INFO ] NMEA $GLGSV,2,1,06,74,78,006,,72,70,357,,71,46,126,,75,43,222,*6F (pico_gnss pico-gnss-rs/src/main.rs:453)
51.178827 [INFO ] NMEA $GLGSV,2,2,06,73,28,034,18,65,19,326,*6F (pico_gnss pico-gnss-rs/src/main.rs:453)
51.208455 [INFO ] NMEA $GNRMC,121020.000,V,,,,,0.94,129.14,080626,,,N*5B (pico_gnss pico-gnss-rs/src/main.rs:453)
51.266770 [INFO ] NMEA $GPVTG,129.14,T,,M,0.94,N,1.74,K,N*32 (pico_gnss pico-gnss-rs/src/main.rs:453)
51.296117 [INFO ] NMEA $GPZDA,121020.000,08,06,2026,,*5E (pico_gnss pico-gnss-rs/src/main.rs:453)
51.335648 [INFO ] NMEA $GPGST,121020.000,12,55,15,29.7,48,30,50*56 (pico_gnss pico-gnss-rs/src/main.rs:453)
51.712954 [INFO ] PPSGEN count=46 interval_ns=1000002528 dev_ns=2528 phase_ns=913689 hwphase_ns=780576 (pico_gnss pico-gnss-rs/src/main.rs:296)
51.772514 [INFO ] TIME unix_ns=1780920621060512539 ppb=2512 holdover_ms=26060 locked=1 (pico_gnss pico-gnss-rs/src/main.rs:226)
51.778809 [INFO ] NMEA $GPGGA,121021.000,,,,,0,0,,,M,,M,,*49 (pico_gnss pico-gnss-rs/src/main.rs:453)
51.804779 [INFO ] NMEA $GNGLL,,,,,121021.000,V,N*65 (pico_gnss pico-gnss-rs/src/main.rs:453)
51.833929 [INFO ] NMEA $GNGSA,A,1,,,,,,,,,,,,,,,*00 (pico_gnss pico-gnss-rs/src/main.rs:453)
51.863180 [INFO ] NMEA $GNGSA,A,1,,,,,,,,,,,,,,,*00 (pico_gnss pico-gnss-rs/src/main.rs:453)
51.921707 [INFO ] NMEA $GPGSV,3,1,12,12,63,083,15,25,60,182,,10,57,262,,23,44,199,*7E (pico_gnss pico-gnss-rs/src/main.rs:453)
52.009062 [INFO ] NMEA $GPGSV,3,2,12,32,37,314,19,24,31,062,,28,20,265,,15,15,125,*7F (pico_gnss pico-gnss-rs/src/main.rs:453)
52.067382 [INFO ] NMEA $GPGSV,3,3,12,19,02,043,17,193,,,,194,,,,195,,,*7B (pico_gnss pico-gnss-rs/src/main.rs:453)
52.130096 [INFO ] NMEA $GLGSV,2,1,06,74,78,006,,72,70,357,,71,46,126,,75,43,222,*6F (pico_gnss pico-gnss-rs/src/main.rs:453)
52.159638 [INFO ] NMEA $GLGSV,2,2,06,73,28,034,18,65,19,326,*6F (pico_gnss pico-gnss-rs/src/main.rs:453)
52.217924 [INFO ] NMEA $GNRMC,121021.000,V,,,,,0.91,323.51,080626,,,N*56 (pico_gnss pico-gnss-rs/src/main.rs:453)
52.247579 [INFO ] NMEA $GPVTG,323.51,T,,M,0.91,N,1.68,K,N*33 (pico_gnss pico-gnss-rs/src/main.rs:453)
52.305488 [INFO ] NMEA $GPZDA,121021.000,08,06,2026,,*5F (pico_gnss pico-gnss-rs/src/main.rs:453)
52.332311 [INFO ] NMEA $GPGST,121021.000,12,57,15,29.9,50,31,50*53 (pico_gnss pico-gnss-rs/src/main.rs:453)
52.712958 [INFO ] PPSGEN count=47 interval_ns=1000002544 dev_ns=2544 phase_ns=921177 hwphase_ns=783120 (pico_gnss pico-gnss-rs/src/main.rs:296)
52.773804 [INFO ] TIME unix_ns=1780920622061804024 ppb=2512 holdover_ms=27061 locked=1 (pico_gnss pico-gnss-rs/src/main.rs:226)
52.778740 [INFO ] NMEA $GPGGA,121022.000,,,,,0,0,,,M,,M,,*4A (pico_gnss pico-gnss-rs/src/main.rs:453)
52.807806 [INFO ] NMEA $GNGLL,,,,,121022.000,V,N*66 (pico_gnss pico-gnss-rs/src/main.rs:453)
52.836985 [INFO ] NMEA $GNGSA,A,1,,,,,,,,,,,,,,,*00 (pico_gnss pico-gnss-rs/src/main.rs:453)
52.866227 [INFO ] NMEA $GNGSA,A,1,,,,,,,,,,,,,,,*00 (pico_gnss pico-gnss-rs/src/main.rs:453)
52.924744 [INFO ] NMEA $GPGSV,3,1,12,12,63,083,16,25,60,182,,10,57,262,,23,44,199,*7D (pico_gnss pico-gnss-rs/src/main.rs:453)
52.997690 [INFO ] NMEA $GPGSV,3,2,12,32,37,314,19,24,31,062,,28,20,265,,15,15,125,*7F (pico_gnss pico-gnss-rs/src/main.rs:453)
53.056107 [INFO ] NMEA $GPGSV,3,3,12,19,02,043,17,193,,,,194,,,,195,,,*7B (pico_gnss pico-gnss-rs/src/main.rs:453)
53.114653 [INFO ] NMEA $GLGSV,2,1,06,74,78,006,,72,70,357,,71,46,126,,75,43,222,*6F (pico_gnss pico-gnss-rs/src/main.rs:453)
53.172909 [INFO ] NMEA $GLGSV,2,2,06,73,28,034,17,65,19,326,*60 (pico_gnss pico-gnss-rs/src/main.rs:453)
53.231213 [INFO ] NMEA $GNRMC,121022.000,V,,,,,0.45,323.51,080626,,,N*5C (pico_gnss pico-gnss-rs/src/main.rs:453)
53.264854 [INFO ] NMEA $GPVTG,323.51,T,,M,0.45,N,0.83,K,N*3E (pico_gnss pico-gnss-rs/src/main.rs:453)
53.294225 [INFO ] NMEA $GPZDA,121022.000,08,06,2026,,*5C (pico_gnss pico-gnss-rs/src/main.rs:453)
53.331636 [INFO ] NMEA $GPGST,121022.000,12,59,15,30.2,52,33,51*5C (pico_gnss pico-gnss-rs/src/main.rs:453)
53.712953 [INFO ] PPSGEN count=48 interval_ns=1000002528 dev_ns=2528 phase_ns=906665 hwphase_ns=785648 (pico_gnss pico-gnss-rs/src/main.rs:296)
53.775089 [INFO ] TIME unix_ns=1780920623063091509 ppb=2512 holdover_ms=28063 locked=1 (pico_gnss pico-gnss-rs/src/main.rs:226)
53.780730 [INFO ] NMEA $GPGGA,121023.000,,,,,0,0,,,M,,M,,*4B (pico_gnss pico-gnss-rs/src/main.rs:453)
53.809803 [INFO ] NMEA $GNGLL,,,,,121023.000,V,N*67 (pico_gnss pico-gnss-rs/src/main.rs:453)
53.838939 [INFO ] NMEA $GNGSA,A,1,,,,,,,,,,,,,,,*00 (pico_gnss pico-gnss-rs/src/main.rs:453)
53.868185 [INFO ] NMEA $GNGSA,A,1,,,,,,,,,,,,,,,*00 (pico_gnss pico-gnss-rs/src/main.rs:453)
53.925693 [INFO ] NMEA $GPGSV,3,1,12,12,63,083,15,25,60,182,,10,57,262,,23,44,199,*7E (pico_gnss pico-gnss-rs/src/main.rs:453)
54.013034 [INFO ] NMEA $GPGSV,3,2,12,32,37,314,19,24,31,062,,28,20,265,,15,15,125,*7F (pico_gnss pico-gnss-rs/src/main.rs:453)
54.071402 [INFO ] NMEA $GPGSV,3,3,12,19,02,043,17,193,,,,194,,,,195,,,*7B (pico_gnss pico-gnss-rs/src/main.rs:453)
54.129978 [INFO ] NMEA $GLGSV,2,1,06,74,78,006,,72,70,357,,71,46,126,,75,43,222,*6F (pico_gnss pico-gnss-rs/src/main.rs:453)
54.159523 [INFO ] NMEA $GLGSV,2,2,06,73,28,034,17,65,19,326,*60 (pico_gnss pico-gnss-rs/src/main.rs:453)
54.221871 [INFO ] NMEA $GNRMC,121023.000,V,,,,,1.04,136.01,080626,,,N*5A (pico_gnss pico-gnss-rs/src/main.rs:453)
54.251562 [INFO ] NMEA $GPVTG,136.01,T,,M,1.04,N,1.92,K,N*38 (pico_gnss pico-gnss-rs/src/main.rs:453)
54.309468 [INFO ] NMEA $GPZDA,121023.000,08,06,2026,,*5D (pico_gnss pico-gnss-rs/src/main.rs:453)
54.333956 [INFO ] NMEA $GPGST,121023.000,12,62,16,30.7,54,34,52*51 (pico_gnss pico-gnss-rs/src/main.rs:453)
54.712966 [INFO ] PPSGEN count=49 interval_ns=1000002544 dev_ns=2544 phase_ns=915154 hwphase_ns=788192 (pico_gnss pico-gnss-rs/src/main.rs:296)
54.776375 [INFO ] TIME unix_ns=1780920624064369994 ppb=2512 holdover_ms=29064 locked=1 (pico_gnss pico-gnss-rs/src/main.rs:226)
54.810317 [INFO ] NMEA $GPGGA,121024.000,0000.0000,N,00000.0000,E,6,2,99.99,23.3,M,39.0,M,,*5E (pico_gnss pico-gnss-rs/src/main.rs:453)
54.851805 [INFO ] NMEA $GNGLL,,,,,121024.000,V,E*6B (pico_gnss pico-gnss-rs/src/main.rs:453)
54.881400 [INFO ] NMEA $GNGSA,A,1,32,12,,,,,,,,,,,99.99,99.99,1.00*1D (pico_gnss pico-gnss-rs/src/main.rs:453)
54.939604 [INFO ] NMEA $GNGSA,A,1,,,,,,,,,,,,,99.99,99.99,1.00*1F (pico_gnss pico-gnss-rs/src/main.rs:453)
54.998191 [INFO ] NMEA $GPGSV,3,1,12,12,63,083,14,25,60,182,,10,57,262,,23,44,199,*7F (pico_gnss pico-gnss-rs/src/main.rs:453)
55.085516 [INFO ] NMEA $GPGSV,3,2,12,32,37,314,19,24,31,062,,28,20,265,,15,15,125,*7F (pico_gnss pico-gnss-rs/src/main.rs:453)
55.119279 [INFO ] NMEA $GPGSV,3,3,12,19,02,043,17,193,,,,194,,,,195,,,*7B (pico_gnss pico-gnss-rs/src/main.rs:453)
55.177827 [INFO ] NMEA $GLGSV,2,1,06,74,78,006,,72,70,357,,71,46,126,,75,43,222,*6F (pico_gnss pico-gnss-rs/src/main.rs:453)
55.236052 [INFO ] NMEA $GLGSV,2,2,06,73,28,034,16,65,19,326,*61 (pico_gnss pico-gnss-rs/src/main.rs:453)
55.294445 [INFO ] NMEA $GNRMC,121024.000,V,,,,,1.15,123.80,080626,,,E*5B (pico_gnss pico-gnss-rs/src/main.rs:453)
55.324045 [INFO ] NMEA $GPVTG,123.80,T,,M,1.15,N,2.13,K,E*34 (pico_gnss pico-gnss-rs/src/main.rs:453)
55.353261 [INFO ] NMEA $GPZDA,121024.000,08,06,2026,,*5A (pico_gnss pico-gnss-rs/src/main.rs:453)
55.403180 [INFO ] NMEA $GPGST,121024.000,12,64,16,30.8,55,36,53*5D (pico_gnss pico-gnss-rs/src/main.rs:453)
55.712964 [INFO ] PPSGEN count=50 interval_ns=1000002528 dev_ns=2528 phase_ns=908642 hwphase_ns=790720 (pico_gnss pico-gnss-rs/src/main.rs:296)
55.777667 [INFO ] TIME unix_ns=1780920625065659479 ppb=2512 holdover_ms=30065 locked=1 (pico_gnss pico-gnss-rs/src/main.rs:226)
55.779657 [INFO ] NMEA $GPGGA,121025.000,,,,,0,0,,,M,,M,,*4D (pico_gnss pico-gnss-rs/src/main.rs:453)
55.808724 [INFO ] NMEA $GNGLL,,,,,121025.000,V,N*61 (pico_gnss pico-gnss-rs/src/main.rs:453)
55.837860 [INFO ] NMEA $GNGSA,A,1,,,,,,,,,,,,,,,*00 (pico_gnss pico-gnss-rs/src/main.rs:453)
55.867118 [INFO ] NMEA $GNGSA,A,1,,,,,,,,,,,,,,,*00 (pico_gnss pico-gnss-rs/src/main.rs:453)
55.925667 [INFO ] NMEA $GPGSV,3,1,12,12,63,083,14,25,60,182,,10,57,262,,23,44,199,*7F (pico_gnss pico-gnss-rs/src/main.rs:453)
56.003708 [INFO ] NMEA $GPGSV,3,2,12,32,37,314,19,24,31,062,,28,20,265,,15,15,125,*7F (pico_gnss pico-gnss-rs/src/main.rs:453)
56.062244 [INFO ] NMEA $GPGSV,3,3,12,19,02,043,17,193,,,,194,,,,195,,,*7B (pico_gnss pico-gnss-rs/src/main.rs:453)
56.120760 [INFO ] NMEA $GLGSV,2,1,06,74,78,006,,72,70,357,,71,46,126,,75,43,222,*6F (pico_gnss pico-gnss-rs/src/main.rs:453)
56.178989 [INFO ] NMEA $GLGSV,2,2,06,73,28,034,15,65,19,326,*62 (pico_gnss pico-gnss-rs/src/main.rs:453)
56.208673 [INFO ] NMEA $GNRMC,121025.000,V,,,,,1.03,222.13,080626,,,N*5E (pico_gnss pico-gnss-rs/src/main.rs:453)
56.270962 [INFO ] NMEA $GPVTG,222.13,T,,M,1.03,N,1.91,K,N*39 (pico_gnss pico-gnss-rs/src/main.rs:453)
56.300332 [INFO ] NMEA $GPZDA,121025.000,08,06,2026,,*5B (pico_gnss pico-gnss-rs/src/main.rs:453)
56.329803 [INFO ] NMEA $GPGST,121025.000,12,66,17,31.0,57,37,55*53 (pico_gnss pico-gnss-rs/src/main.rs:453)
56.712963 [INFO ] PPSGEN count=51 interval_ns=1000002544 dev_ns=2544 phase_ns=907130 hwphase_ns=793264 (pico_gnss pico-gnss-rs/src/main.rs:296)
56.778930 [INFO ] TIME unix_ns=1780920626066935964 ppb=2512 holdover_ms=31067 locked=1 (pico_gnss pico-gnss-rs/src/main.rs:226)
56.788749 [INFO ] NMEA $GPGGA,121026.000,,,,,0,0,,,M,,M,,*4E (pico_gnss pico-gnss-rs/src/main.rs:453)
56.817812 [INFO ] NMEA $GNGLL,,,,,121026.000,V,N*62 (pico_gnss pico-gnss-rs/src/main.rs:453)
56.846996 [INFO ] NMEA $GNGSA,A,1,,,,,,,,,,,,,,,*00 (pico_gnss pico-gnss-rs/src/main.rs:453)
56.876252 [INFO ] NMEA $GNGSA,A,1,,,,,,,,,,,,,,,*00 (pico_gnss pico-gnss-rs/src/main.rs:453)
56.938867 [INFO ] NMEA $GPGSV,3,1,12,12,63,083,15,25,60,182,,10,57,262,,23,44,199,*7E (pico_gnss pico-gnss-rs/src/main.rs:453)
56.997426 [INFO ] NMEA $GPGSV,3,2,12,32,37,314,19,24,31,062,,28,20,265,,15,15,125,*7F (pico_gnss pico-gnss-rs/src/main.rs:453)
57.055834 [INFO ] NMEA $GPGSV,3,3,12,19,02,043,17,193,,,,194,,,,195,,,*7B (pico_gnss pico-gnss-rs/src/main.rs:453)
57.143136 [INFO ] NMEA $GLGSV,2,1,06,74,78,006,,72,70,357,,71,46,126,,75,43,222,*6F (pico_gnss pico-gnss-rs/src/main.rs:453)
57.176712 [INFO ] NMEA $GLGSV,2,2,06,73,28,034,14,65,19,326,*63 (pico_gnss pico-gnss-rs/src/main.rs:453)
57.235110 [INFO ] NMEA $GNRMC,121026.000,V,,,,,0.29,222.13,080626,,,N*54 (pico_gnss pico-gnss-rs/src/main.rs:453)
57.264731 [INFO ] NMEA $GPVTG,222.13,T,,M,0.29,N,0.54,K,N*38 (pico_gnss pico-gnss-rs/src/main.rs:453)
57.293943 [INFO ] NMEA $GPZDA,121026.000,08,06,2026,,*58 (pico_gnss pico-gnss-rs/src/main.rs:453)
57.341846 [INFO ] NMEA $GPGST,121026.000,12,69,17,31.3,59,39,57*5E (pico_gnss pico-gnss-rs/src/main.rs:453)
57.712972 [INFO ] PPSGEN count=52 interval_ns=1000002528 dev_ns=2528 phase_ns=911618 hwphase_ns=795792 (pico_gnss pico-gnss-rs/src/main.rs:296)
57.778648 [INFO ] NMEA $GPGGA,121027.000,,,,,0,0,,,M,,M,,*4F (pico_gnss pico-gnss-rs/src/main.rs:453)
57.780734 [INFO ] TIME unix_ns=1780920627068738448 ppb=2512 holdover_ms=32068 locked=1 (pico_gnss pico-gnss-rs/src/main.rs:226)
57.808169 [INFO ] NMEA $GNGLL,,,,,121027.000,V,N*63 (pico_gnss pico-gnss-rs/src/main.rs:453)
57.825901 [INFO ] NMEA $GNGSA,A,1,,,,,,,,,,,,,,,*00 (pico_gnss pico-gnss-rs/src/main.rs:453)
57.855117 [INFO ] NMEA $GNGSA,A,1,,,,,,,,,,,,,,,*00 (pico_gnss pico-gnss-rs/src/main.rs:453)
57.942346 [INFO ] NMEA $GPGSV,3,1,12,12,63,083,14,25,60,182,,10,57,262,,23,44,199,*7F (pico_gnss pico-gnss-rs/src/main.rs:453)
58.000944 [INFO ] NMEA $GPGSV,3,2,12,32,37,314,19,24,31,062,,28,20,265,,15,15,125,*7F (pico_gnss pico-gnss-rs/src/main.rs:453)
58.059342 [INFO ] NMEA $GPGSV,3,3,12,19,02,043,18,193,,,,194,,,,195,,,*74 (pico_gnss pico-gnss-rs/src/main.rs:453)
58.122006 [INFO ] NMEA $GLGSV,2,1,06,74,78,006,,72,70,357,,71,46,126,,75,43,222,*6F (pico_gnss pico-gnss-rs/src/main.rs:453)
58.151489 [INFO ] NMEA $GLGSV,2,2,06,73,28,034,13,65,19,326,*64 (pico_gnss pico-gnss-rs/src/main.rs:453)
58.209813 [INFO ] NMEA $GNRMC,121027.000,V,,,,,0.01,222.13,080626,,,N*5F (pico_gnss pico-gnss-rs/src/main.rs:453)
58.268063 [INFO ] NMEA $GPVTG,222.13,T,,M,0.01,N,0.01,K,N*32 (pico_gnss pico-gnss-rs/src/main.rs:453)
58.297418 [INFO ] NMEA $GPZDA,121027.000,08,06,2026,,*59 (pico_gnss pico-gnss-rs/src/main.rs:453)
58.331718 [INFO ] NMEA $GPGST,121027.000,12,72,18,31.9,62,41,58*58 (pico_gnss pico-gnss-rs/src/main.rs:453)
58.712981 [INFO ] PPSGEN count=53 interval_ns=1000002544 dev_ns=2544 phase_ns=914106 hwphase_ns=798336 (pico_gnss pico-gnss-rs/src/main.rs:296)
58.781637 [INFO ] NMEA $GPGGA,121028.000,,,,,0,0,,,M,,M,,*40 (pico_gnss pico-gnss-rs/src/main.rs:453)
58.783532 [INFO ] TIME unix_ns=1780920628071539929 ppb=2512 holdover_ms=33071 locked=1 (pico_gnss pico-gnss-rs/src/main.rs:226)
58.811053 [INFO ] NMEA $GNGLL,,,,,121028.000,V,N*6C (pico_gnss pico-gnss-rs/src/main.rs:453)
58.840089 [INFO ] NMEA $GNGSA,A,1,,,,,,,,,,,,,,,*00 (pico_gnss pico-gnss-rs/src/main.rs:453)
58.869252 [INFO ] NMEA $GNGSA,A,1,,,,,,,,,,,,,,,*00 (pico_gnss pico-gnss-rs/src/main.rs:453)
58.927756 [INFO ] NMEA $GPGSV,3,1,12,12,63,083,14,25,60,182,,10,57,262,,23,44,199,*7F (pico_gnss pico-gnss-rs/src/main.rs:453)
59.015030 [INFO ] NMEA $GPGSV,3,2,12,32,37,314,19,24,31,062,,28,20,265,,15,15,125,*7F (pico_gnss pico-gnss-rs/src/main.rs:453)
59.048830 [INFO ] NMEA $GPGSV,3,3,12,19,02,043,18,193,,,,194,,,,195,,,*74 (pico_gnss pico-gnss-rs/src/main.rs:453)
59.107441 [INFO ] NMEA $GLGSV,2,1,06,74,78,006,,72,70,357,,71,46,126,,75,43,222,*6F (pico_gnss pico-gnss-rs/src/main.rs:453)
59.165629 [INFO ] NMEA $GLGSV,2,2,06,73,28,034,,65,19,326,*66 (pico_gnss pico-gnss-rs/src/main.rs:453)
59.224027 [INFO ] NMEA $GNRMC,121028.000,V,,,,,0.64,315.04,080626,,,N*50 (pico_gnss pico-gnss-rs/src/main.rs:453)
59.253628 [INFO ] NMEA $GPVTG,315.04,T,,M,0.64,N,1.19,K,N*3A (pico_gnss pico-gnss-rs/src/main.rs:453)
59.286860 [INFO ] NMEA $GPZDA,121028.000,08,06,2026,,*56 (pico_gnss pico-gnss-rs/src/main.rs:453)
59.330684 [INFO ] NMEA $GPGST,121028.000,12,76,19,32.5,65,44,61*55 (pico_gnss pico-gnss-rs/src/main.rs:453)
59.712968 [INFO ] PPSGEN count=54 interval_ns=1000002528 dev_ns=2528 phase_ns=902594 hwphase_ns=800864 (pico_gnss pico-gnss-rs/src/main.rs:296)
59.784818 [INFO ] TIME unix_ns=1780920629072797414 ppb=2512 holdover_ms=34072 locked=1 (pico_gnss pico-gnss-rs/src/main.rs:226)
59.786754 [INFO ] NMEA $GPGGA,121029.000,,,,,0,0,,,M,,M,,*41 (pico_gnss pico-gnss-rs/src/main.rs:453)
59.815798 [INFO ] NMEA $GNGLL,,,,,121029.000,V,N*6D (pico_gnss pico-gnss-rs/src/main.rs:453)
59.844957 [INFO ] NMEA $GNGSA,A,1,,,,,,,,,,,,,,,*00 (pico_gnss pico-gnss-rs/src/main.rs:453)
59.874232 [INFO ] NMEA $GNGSA,A,1,,,,,,,,,,,,,,,*00 (pico_gnss pico-gnss-rs/src/main.rs:453)
59.954318 [INFO ] NMEA $GPGSV,3,1,12,12,63,083,14,25,60,182,,10,57,262,,23,44,199,*7F (pico_gnss pico-gnss-rs/src/main.rs:453)
60.012942 [INFO ] NMEA $GPGSV,3,2,12,32,37,314,19,24,31,062,,28,20,265,,15,15,125,*7F (pico_gnss pico-gnss-rs/src/main.rs:453)
60.071300 [INFO ] NMEA $GPGSV,3,3,12,19,02,043,18,193,,,,194,,,,195,,,*74 (pico_gnss pico-gnss-rs/src/main.rs:453)
60.129899 [INFO ] NMEA $GLGSV,2,1,06,74,78,006,20,72,70,357,,71,46,126,,75,43,222,*6D (pico_gnss pico-gnss-rs/src/main.rs:453)
60.159358 [INFO ] NMEA $GLGSV,2,2,06,73,28,034,,65,19,326,*66 (pico_gnss pico-gnss-rs/src/main.rs:453)
60.221783 [INFO ] NMEA $GNRMC,121029.000,V,,,,,0.11,315.04,080626,,,N*53 (pico_gnss pico-gnss-rs/src/main.rs:453)
60.280043 [INFO ] NMEA $GPVTG,315.04,T,,M,0.11,N,0.20,K,N*33 (pico_gnss pico-gnss-rs/src/main.rs:453)
60.309391 [INFO ] NMEA $GPZDA,121029.000,08,06,2026,,*57 (pico_gnss pico-gnss-rs/src/main.rs:453)
60.340139 [INFO ] NMEA $GPGST,121029.000,12,80,19,33.1,67,46,63*5A (pico_gnss pico-gnss-rs/src/main.rs:453)
60.712978 [INFO ] PPSGEN count=55 interval_ns=1000002544 dev_ns=2544 phase_ns=912082 hwphase_ns=281326672 (pico_gnss pico-gnss-rs/src/main.rs:296)
60.776446 [INFO ] NMEA $GPGGA,121030.000,,,,,0,0,,,M,,M,,*49 (pico_gnss pico-gnss-rs/src/main.rs:453)
60.786089 [INFO ] TIME unix_ns=1780920630074090898 ppb=2512 holdover_ms=35074 locked=1 (pico_gnss pico-gnss-rs/src/main.rs:226)
60.806016 [INFO ] NMEA $GNGLL,,,,,121030.000,V,N*65 (pico_gnss pico-gnss-rs/src/main.rs:453)
60.835053 [INFO ] NMEA $GNGSA,A,1,,,,,,,,,,,,,,,*00 (pico_gnss pico-gnss-rs/src/main.rs:453)
60.870332 [INFO ] NMEA $GNGSA,A,1,,,,,,,,,,,,,,,*00 (pico_gnss pico-gnss-rs/src/main.rs:453)
60.928907 [INFO ] NMEA $GPGSV,3,1,12,12,63,083,14,25,60,182,,10,57,262,,23,44,199,*7F (pico_gnss pico-gnss-rs/src/main.rs:453)
60.987498 [INFO ] NMEA $GPGSV,3,2,12,32,37,314,19,24,31,062,,28,20,265,,15,15,125,*7F (pico_gnss pico-gnss-rs/src/main.rs:453)
61.045890 [INFO ] NMEA $GPGSV,3,3,12,19,02,043,18,193,,,,194,,,,195,,,*74 (pico_gnss pico-gnss-rs/src/main.rs:453)
61.133157 [INFO ] NMEA $GLGSV,2,1,06,74,78,006,20,72,70,357,,71,46,126,,75,43,222,*6D (pico_gnss pico-gnss-rs/src/main.rs:453)
61.166772 [INFO ] NMEA $GLGSV,2,2,06,73,28,034,,65,19,326,*66 (pico_gnss pico-gnss-rs/src/main.rs:453)
61.225154 [INFO ] NMEA $GNRMC,121030.000,V,,,,,0.47,315.04,080626,,,N*58 (pico_gnss pico-gnss-rs/src/main.rs:453)
61.254831 [INFO ] NMEA $GPVTG,315.04,T,,M,0.47,N,0.88,K,N*32 (pico_gnss pico-gnss-rs/src/main.rs:453)
61.283991 [INFO ] NMEA $GPZDA,121030.000,08,06,2026,,*5F (pico_gnss pico-gnss-rs/src/main.rs:453)
61.329820 [INFO ] NMEA $GPGST,121030.000,12,84,20,33.7,71,49,65*54 (pico_gnss pico-gnss-rs/src/main.rs:453)
61.712972 [INFO ] PPSGEN count=56 interval_ns=1000002528 dev_ns=2528 phase_ns=905570 hwphase_ns=281329200 (pico_gnss pico-gnss-rs/src/main.rs:296)
61.778576 [INFO ] NMEA $GPGGA,121031.000,,,,,0,0,,,M,,M,,*48 (pico_gnss pico-gnss-rs/src/main.rs:453)
61.787354 [INFO ] TIME unix_ns=1780920631075341383 ppb=2512 holdover_ms=36075 locked=1 (pico_gnss pico-gnss-rs/src/main.rs:226)
61.798856 [INFO ] NMEA $GNGLL,,,,,121031.000,V,N*64 (pico_gnss pico-gnss-rs/src/main.rs:453)
61.827902 [INFO ] NMEA $GNGSA,A,1,,,,,,,,,,,,,,,*00 (pico_gnss pico-gnss-rs/src/main.rs:453)
61.857091 [INFO ] NMEA $GNGSA,A,1,,,,,,,,,,,,,,,*00 (pico_gnss pico-gnss-rs/src/main.rs:453)
61.944360 [INFO ] NMEA $GPGSV,3,1,12,12,63,083,14,25,60,182,,10,57,262,,23,44,199,*7F (pico_gnss pico-gnss-rs/src/main.rs:453)
62.002926 [INFO ] NMEA $GPGSV,3,2,12,32,37,314,19,24,31,062,,28,20,265,,15,15,125,*7F (pico_gnss pico-gnss-rs/src/main.rs:453)
62.065421 [INFO ] NMEA $GPGSV,3,3,12,19,02,043,18,193,,,,194,,,,195,,,*74 (pico_gnss pico-gnss-rs/src/main.rs:453)
62.124046 [INFO ] NMEA $GLGSV,2,1,06,74,78,006,21,72,70,357,,71,46,126,,75,43,222,*6C (pico_gnss pico-gnss-rs/src/main.rs:453)
62.153483 [INFO ] NMEA $GLGSV,2,2,06,73,28,034,,65,19,326,*66 (pico_gnss pico-gnss-rs/src/main.rs:453)
62.211832 [INFO ] NMEA $GNRMC,121031.000,V,,,,,1.00,134.29,080626,,,N*55 (pico_gnss pico-gnss-rs/src/main.rs:453)
62.270068 [INFO ] NMEA $GPVTG,134.29,T,,M,1.00,N,1.86,K,N*31 (pico_gnss pico-gnss-rs/src/main.rs:453)
62.299424 [INFO ] NMEA $GPZDA,121031.000,08,06,2026,,*5E (pico_gnss pico-gnss-rs/src/main.rs:453)
62.332085 [INFO ] NMEA $GPGST,121031.000,12,88,21,34.3,74,53,68*58 (pico_gnss pico-gnss-rs/src/main.rs:453)
62.712990 [INFO ] PPSGEN count=57 interval_ns=1000002544 dev_ns=2544 phase_ns=922058 hwphase_ns=281331744 (pico_gnss pico-gnss-rs/src/main.rs:296)
62.776477 [INFO ] NMEA $GPGGA,121032.000,,,,,0,0,,,M,,M,,*4B (pico_gnss pico-gnss-rs/src/main.rs:453)
62.788611 [INFO ] TIME unix_ns=1780920632076602868 ppb=2512 holdover_ms=37076 locked=1 (pico_gnss pico-gnss-rs/src/main.rs:226)
62.806028 [INFO ] NMEA $GNGLL,,,,,121032.000,V,N*67 (pico_gnss pico-gnss-rs/src/main.rs:453)
62.835002 [INFO ] NMEA $GNGSA,A,1,,,,,,,,,,,,,,,*00 (pico_gnss pico-gnss-rs/src/main.rs:453)
62.864230 [INFO ] NMEA $GNGSA,A,1,,,,,,,,,,,,,,,*00 (pico_gnss pico-gnss-rs/src/main.rs:453)
62.922763 [INFO ] NMEA $GPGSV,3,1,12,12,63,083,16,25,60,182,,10,57,262,,23,44,199,*7D (pico_gnss pico-gnss-rs/src/main.rs:453)
62.989560 [INFO ] NMEA $GPGSV,3,2,12,32,37,314,19,24,31,062,,28,20,265,,15,15,125,*7F (pico_gnss pico-gnss-rs/src/main.rs:453)
63.047927 [INFO ] NMEA $GPGSV,3,3,12,19,02,043,18,193,,,,194,,,,195,,,*74 (pico_gnss pico-gnss-rs/src/main.rs:453)
63.106517 [INFO ] NMEA $GLGSV,2,1,06,74,78,006,,72,70,357,,71,46,126,,75,43,222,*6F (pico_gnss pico-gnss-rs/src/main.rs:453)
63.164685 [INFO ] NMEA $GLGSV,2,2,06,73,28,034,,65,19,326,*66 (pico_gnss pico-gnss-rs/src/main.rs:453)
63.223084 [INFO ] NMEA $GNRMC,121032.000,V,,,,,0.57,134.29,080626,,,N*55 (pico_gnss pico-gnss-rs/src/main.rs:453)
63.256668 [INFO ] NMEA $GPVTG,134.29,T,,M,0.57,N,1.06,K,N*3A (pico_gnss pico-gnss-rs/src/main.rs:453)
63.285996 [INFO ] NMEA $GPZDA,121032.000,08,06,2026,,*5D (pico_gnss pico-gnss-rs/src/main.rs:453)
63.327633 [INFO ] NMEA $GPGST,121032.000,12,93,22,34.9,77,56,70*57 (pico_gnss pico-gnss-rs/src/main.rs:453)
63.712999 [INFO ] PPSGEN count=58 interval_ns=1000002528 dev_ns=2528 phase_ns=925547 hwphase_ns=281334272 (pico_gnss pico-gnss-rs/src/main.rs:296)
63.778615 [INFO ] NMEA $GPGGA,121033.000,,,,,0,0,,,M,,M,,*4A (pico_gnss pico-gnss-rs/src/main.rs:453)
63.789863 [INFO ] TIME unix_ns=1780920633077864353 ppb=2512 holdover_ms=38077 locked=1 (pico_gnss pico-gnss-rs/src/main.rs:226)
63.808146 [INFO ] NMEA $GNGLL,,,,,121033.000,V,N*66 (pico_gnss pico-gnss-rs/src/main.rs:453)
63.837148 [INFO ] NMEA $GNGSA,A,1,,,,,,,,,,,,,,,*00 (pico_gnss pico-gnss-rs/src/main.rs:453)
63.866358 [INFO ] NMEA $GNGSA,A,1,,,,,,,,,,,,,,,*00 (pico_gnss pico-gnss-rs/src/main.rs:453)
63.948468 [INFO ] NMEA $GPGSV,3,1,12,12,63,083,15,25,60,182,,10,57,262,,23,44,199,*7E (pico_gnss pico-gnss-rs/src/main.rs:453)
64.007077 [INFO ] NMEA $GPGSV,3,2,12,32,37,314,19,24,31,062,,28,20,265,,15,15,125,*7F (pico_gnss pico-gnss-rs/src/main.rs:453)
64.065456 [INFO ] NMEA $GPGSV,3,3,12,19,02,043,18,193,,,,194,,,,195,,,*74 (pico_gnss pico-gnss-rs/src/main.rs:453)
64.124014 [INFO ] NMEA $GLGSV,2,1,06,74,78,006,,72,70,357,,71,46,126,,75,43,222,*6F (pico_gnss pico-gnss-rs/src/main.rs:453)
64.153477 [INFO ] NMEA $GLGSV,2,2,06,73,28,034,,65,19,326,*66 (pico_gnss pico-gnss-rs/src/main.rs:453)
64.215887 [INFO ] NMEA $GNRMC,121033.000,V,,,,,1.19,134.64,080626,,,N*56 (pico_gnss pico-gnss-rs/src/main.rs:453)
64.245577 [INFO ] NMEA $GPVTG,134.64,T,,M,1.19,N,2.20,K,N*3F (pico_gnss pico-gnss-rs/src/main.rs:453)
64.303454 [INFO ] NMEA $GPZDA,121033.000,08,06,2026,,*5C (pico_gnss pico-gnss-rs/src/main.rs:453)
64.330075 [INFO ] NMEA $GPGST,121033.000,12,98,23,35.5,81,60,73*5E (pico_gnss pico-gnss-rs/src/main.rs:453)
64.712993 [INFO ] PPSGEN count=59 interval_ns=1000002544 dev_ns=2544 phase_ns=923035 hwphase_ns=281336816 (pico_gnss pico-gnss-rs/src/main.rs:296)
64.780377 [INFO ] NMEA $GPGGA,121034.000,,,,,0,0,,,M,,M,,*4D (pico_gnss pico-gnss-rs/src/main.rs:453)
64.791127 [INFO ] TIME unix_ns=1780920634079105838 ppb=2512 holdover_ms=39079 locked=1 (pico_gnss pico-gnss-rs/src/main.rs:226)
64.809916 [INFO ] NMEA $GNGLL,,,,,121034.000,V,N*61 (pico_gnss pico-gnss-rs/src/main.rs:453)
64.849089 [INFO ] NMEA $GNGSA,A,1,,,,,,,,,,,,,,,*00 (pico_gnss pico-gnss-rs/src/main.rs:453)
64.878398 [INFO ] NMEA $GNGSA,A,1,,,,,,,,,,,,,,,*00 (pico_gnss pico-gnss-rs/src/main.rs:453)
64.936901 [INFO ] NMEA $GPGSV,3,1,12,12,63,083,15,25,60,182,,10,57,262,,23,44,199,*7E (pico_gnss pico-gnss-rs/src/main.rs:453)
64.995490 [INFO ] NMEA $GPGSV,3,2,12,32,37,314,19,24,31,062,,28,20,265,,15,15,125,*7F (pico_gnss pico-gnss-rs/src/main.rs:453)
65.053860 [INFO ] NMEA $GPGSV,3,3,12,19,02,043,18,193,,,,194,,,,195,,,*74 (pico_gnss pico-gnss-rs/src/main.rs:453)
65.116507 [INFO ] NMEA $GLGSV,2,1,06,74,78,006,,72,70,357,,71,46,126,,75,43,222,*6F (pico_gnss pico-gnss-rs/src/main.rs:453)
65.174757 [INFO ] NMEA $GLGSV,2,2,06,73,28,034,,65,19,326,*66 (pico_gnss pico-gnss-rs/src/main.rs:453)
65.204375 [INFO ] NMEA $GNRMC,121034.000,V,,,,,2.22,249.46,080626,,,N*53 (pico_gnss pico-gnss-rs/src/main.rs:453)
65.262611 [INFO ] NMEA $GPVTG,249.46,T,,M,2.22,N,4.11,K,N*39 (pico_gnss pico-gnss-rs/src/main.rs:453)
65.291944 [INFO ] NMEA $GPZDA,121034.000,08,06,2026,,*5B (pico_gnss pico-gnss-rs/src/main.rs:453)
65.331479 [INFO ] NMEA $GPGST,121034.000,12,96,22,34.5,80,57,68*58 (pico_gnss pico-gnss-rs/src/main.rs:453)
65.713003 [INFO ] PPSGEN count=60 interval_ns=1000002528 dev_ns=2528 phase_ns=925523 hwphase_ns=281339344 (pico_gnss pico-gnss-rs/src/main.rs:296)
65.774530 [INFO ] NMEA $GPGGA,121035.000,,,,,0,0,,,M,,M,,*4C (pico_gnss pico-gnss-rs/src/main.rs:453)
65.792388 [INFO ] TIME unix_ns=1780920635080374323 ppb=2512 holdover_ms=40080 locked=1 (pico_gnss pico-gnss-rs/src/main.rs:226)
65.804052 [INFO ] NMEA $GNGLL,,,,,121035.000,V,N*60 (pico_gnss pico-gnss-rs/src/main.rs:453)
65.833070 [INFO ] NMEA $GNGSA,A,1,,,,,,,,,,,,,,,*00 (pico_gnss pico-gnss-rs/src/main.rs:453)
65.862288 [INFO ] NMEA $GNGSA,A,1,,,,,,,,,,,,,,,*00 (pico_gnss pico-gnss-rs/src/main.rs:453)
65.920795 [INFO ] NMEA $GPGSV,3,1,12,12,63,083,14,25,60,182,,10,57,262,,23,44,199,*7F (pico_gnss pico-gnss-rs/src/main.rs:453)
66.008150 [INFO ] NMEA $GPGSV,3,2,12,32,37,314,19,24,31,062,,28,20,265,,15,15,125,*7F (pico_gnss pico-gnss-rs/src/main.rs:453)
66.041881 [INFO ] NMEA $GPGSV,3,3,12,19,02,043,18,193,,,,194,,,,195,,,*74 (pico_gnss pico-gnss-rs/src/main.rs:453)
66.129199 [INFO ] NMEA $GLGSV,2,1,06,74,78,006,,72,70,357,,71,46,126,,75,43,222,*6F (pico_gnss pico-gnss-rs/src/main.rs:453)
66.158689 [INFO ] NMEA $GLGSV,2,2,06,73,28,034,,65,19,326,*66 (pico_gnss pico-gnss-rs/src/main.rs:453)
66.216969 [INFO ] NMEA $GNRMC,121035.000,V,,,,,1.04,221.23,080626,,,N*58 (pico_gnss pico-gnss-rs/src/main.rs:453)
66.246642 [INFO ] NMEA $GPVTG,221.23,T,,M,1.04,N,1.93,K,N*3C (pico_gnss pico-gnss-rs/src/main.rs:453)
66.304471 [INFO ] NMEA $GPZDA,121035.000,08,06,2026,,*5A (pico_gnss pico-gnss-rs/src/main.rs:453)
66.328895 [INFO ] NMEA $GPGST,121035.000,12,96,22,33.7,80,56,68*5D (pico_gnss pico-gnss-rs/src/main.rs:453)
66.712994 [INFO ] PPSGEN count=61 interval_ns=1000002544 dev_ns=2544 phase_ns=914011 hwphase_ns=281341888 (pico_gnss pico-gnss-rs/src/main.rs:296)
66.778502 [INFO ] NMEA $GPGGA,121036.000,,,,,0,0,,,M,,M,,*4F (pico_gnss pico-gnss-rs/src/main.rs:453)
66.793645 [INFO ] TIME unix_ns=1780920636081637808 ppb=2512 holdover_ms=41081 locked=1 (pico_gnss pico-gnss-rs/src/main.rs:226)
66.808028 [INFO ] NMEA $GNGLL,,,,,121036.000,V,N*63 (pico_gnss pico-gnss-rs/src/main.rs:453)
66.837047 [INFO ] NMEA $GNGSA,A,1,,,,,,,,,,,,,,,*00 (pico_gnss pico-gnss-rs/src/main.rs:453)
66.866255 [INFO ] NMEA $GNGSA,A,1,,,,,,,,,,,,,,,*00 (pico_gnss pico-gnss-rs/src/main.rs:453)
66.924780 [INFO ] NMEA $GPGSV,3,1,12,12,63,083,13,25,60,182,,10,57,262,,23,44,199,*78 (pico_gnss pico-gnss-rs/src/main.rs:453)
66.999770 [INFO ] NMEA $GPGSV,3,2,12,32,37,314,19,24,31,062,,28,20,265,,15,15,125,*7F (pico_gnss pico-gnss-rs/src/main.rs:453)
67.058181 [INFO ] NMEA $GPGSV,3,3,12,19,02,043,18,193,,,,194,,,,195,,,*74 (pico_gnss pico-gnss-rs/src/main.rs:453)
67.116721 [INFO ] NMEA $GLGSV,2,1,06,74,78,006,,72,70,357,,71,46,126,,75,43,222,*6F (pico_gnss pico-gnss-rs/src/main.rs:453)
67.174957 [INFO ] NMEA $GLGSV,2,2,06,73,28,034,,65,19,326,*66 (pico_gnss pico-gnss-rs/src/main.rs:453)
67.204567 [INFO ] NMEA $GNRMC,121036.000,V,,,,,1.46,193.41,080626,,,N*53 (pico_gnss pico-gnss-rs/src/main.rs:453)
67.266869 [INFO ] NMEA $GPVTG,193.41,T,,M,1.46,N,2.71,K,N*3B (pico_gnss pico-gnss-rs/src/main.rs:453)
67.296249 [INFO ] NMEA $GPZDA,121036.000,08,06,2026,,*59 (pico_gnss pico-gnss-rs/src/main.rs:453)
67.325747 [INFO ] NMEA $GPGST,121036.000,12,96,22,33.1,81,55,69*5B (pico_gnss pico-gnss-rs/src/main.rs:453)
67.713004 [INFO ] PPSGEN count=62 interval_ns=1000002528 dev_ns=2528 phase_ns=906499 hwphase_ns=281344416 (pico_gnss pico-gnss-rs/src/main.rs:296)
67.778559 [INFO ] NMEA $GPGGA,121037.000,,,,,0,0,,,M,,M,,*4E (pico_gnss pico-gnss-rs/src/main.rs:453)
67.794895 [INFO ] TIME unix_ns=1780920637082888293 ppb=2512 holdover_ms=42082 locked=1 (pico_gnss pico-gnss-rs/src/main.rs:226)
67.808114 [INFO ] NMEA $GNGLL,,,,,121037.000,V,N*62 (pico_gnss pico-gnss-rs/src/main.rs:453)
67.837092 [INFO ] NMEA $GNGSA,A,1,,,,,,,,,,,,,,,*00 (pico_gnss pico-gnss-rs/src/main.rs:453)
67.866306 [INFO ] NMEA $GNGSA,A,1,,,,,,,,,,,,,,,*00 (pico_gnss pico-gnss-rs/src/main.rs:453)
67.927869 [INFO ] NMEA $GPGSV,3,1,12,12,63,083,13,25,60,182,,10,57,262,,23,44,199,*78 (pico_gnss pico-gnss-rs/src/main.rs:453)
68.015196 [INFO ] NMEA $GPGSV,3,2,12,32,37,314,19,24,31,062,,28,20,265,,15,15,125,*7F (pico_gnss pico-gnss-rs/src/main.rs:453)
68.044909 [INFO ] NMEA $GPGSV,3,3,12,19,02,043,18,193,,,,194,,,,195,,,*74 (pico_gnss pico-gnss-rs/src/main.rs:453)
68.132152 [INFO ] NMEA $GLGSV,2,1,06,74,78,006,,72,70,357,,71,46,126,,75,43,222,*6F (pico_gnss pico-gnss-rs/src/main.rs:453)
68.165706 [INFO ] NMEA $GLGSV,2,2,06,73,28,034,,65,19,326,*66 (pico_gnss pico-gnss-rs/src/main.rs:453)
68.224089 [INFO ] NMEA $GNRMC,121037.000,V,,,,,1.08,322.01,080626,,,N*54 (pico_gnss pico-gnss-rs/src/main.rs:453)
68.253706 [INFO ] NMEA $GPVTG,322.01,T,,M,1.08,N,2.00,K,N*3B (pico_gnss pico-gnss-rs/src/main.rs:453)
68.282935 [INFO ] NMEA $GPZDA,121037.000,08,06,2026,,*58 (pico_gnss pico-gnss-rs/src/main.rs:453)
68.329796 [INFO ] NMEA $GPGST,121037.000,12,99,22,33.4,84,58,69*58 (pico_gnss pico-gnss-rs/src/main.rs:453)
68.712991 [INFO ] PPSGEN count=63 interval_ns=1000002544 dev_ns=2544 phase_ns=910987 hwphase_ns=281346960 (pico_gnss pico-gnss-rs/src/main.rs:296)
68.778673 [INFO ] NMEA $GPGGA,121038.000,,,,,0,0,,,M,,M,,*41 (pico_gnss pico-gnss-rs/src/main.rs:453)
68.796149 [INFO ] TIME unix_ns=1780920638084130778 ppb=2512 holdover_ms=43084 locked=1 (pico_gnss pico-gnss-rs/src/main.rs:226)
68.808176 [INFO ] NMEA $GNGLL,,,,,121038.000,V,N*6D (pico_gnss pico-gnss-rs/src/main.rs:453)
68.826957 [INFO ] NMEA $GNGSA,A,1,,,,,,,,,,,,,,,*00 (pico_gnss pico-gnss-rs/src/main.rs:453)
68.856159 [INFO ] NMEA $GNGSA,A,1,,,,,,,,,,,,,,,*00 (pico_gnss pico-gnss-rs/src/main.rs:453)
68.943412 [INFO ] NMEA $GPGSV,3,1,12,12,63,083,15,25,60,182,,10,57,262,,23,44,199,*7E (pico_gnss pico-gnss-rs/src/main.rs:453)
69.001983 [INFO ] NMEA $GPGSV,3,2,12,32,37,314,19,24,31,062,,28,20,265,,15,15,125,*7F (pico_gnss pico-gnss-rs/src/main.rs:453)
69.060393 [INFO ] NMEA $GPGSV,3,3,12,19,02,043,18,193,,,,194,,,,195,,,*74 (pico_gnss pico-gnss-rs/src/main.rs:453)
69.123051 [INFO ] NMEA $GLGSV,2,1,06,74,78,006,,72,70,357,,71,46,126,,75,43,222,*6F (pico_gnss pico-gnss-rs/src/main.rs:453)
69.152529 [INFO ] NMEA $GLGSV,2,2,06,73,28,034,,65,19,326,*66 (pico_gnss pico-gnss-rs/src/main.rs:453)
69.210834 [INFO ] NMEA $GNRMC,121038.000,V,,,,,1.13,137.40,080626,,,N*52 (pico_gnss pico-gnss-rs/src/main.rs:453)
69.269101 [INFO ] NMEA $GPVTG,137.40,T,,M,1.13,N,2.10,K,N*33 (pico_gnss pico-gnss-rs/src/main.rs:453)
69.298451 [INFO ] NMEA $GPZDA,121038.000,08,06,2026,,*57 (pico_gnss pico-gnss-rs/src/main.rs:453)
69.327951 [INFO ] NMEA $GPGST,121038.000,12,103,23,33.7,87,60,70*67 (pico_gnss pico-gnss-rs/src/main.rs:453)
69.713002 [INFO ] PPSGEN count=64 interval_ns=1000002528 dev_ns=2528 phase_ns=915475 hwphase_ns=281349488 (pico_gnss pico-gnss-rs/src/main.rs:296)
69.782720 [INFO ] NMEA $GPGGA,121039.000,,,,,0,0,,,M,,M,,*40 (pico_gnss pico-gnss-rs/src/main.rs:453)
69.797399 [INFO ] TIME unix_ns=1780920639085377263 ppb=2512 holdover_ms=44085 locked=1 (pico_gnss pico-gnss-rs/src/main.rs:226)
69.812316 [INFO ] NMEA $GNGLL,,,,,121039.000,V,N*6C (pico_gnss pico-gnss-rs/src/main.rs:453)
69.841388 [INFO ] NMEA $GNGSA,A,1,,,,,,,,,,,,,,,*00 (pico_gnss pico-gnss-rs/src/main.rs:453)
69.870537 [INFO ] NMEA $GNGSA,A,1,,,,,,,,,,,,,,,*00 (pico_gnss pico-gnss-rs/src/main.rs:453)
69.929077 [INFO ] NMEA $GPGSV,3,1,12,12,63,083,14,25,60,182,,10,57,262,,23,44,199,*7F (pico_gnss pico-gnss-rs/src/main.rs:453)
69.987610 [INFO ] NMEA $GPGSV,3,2,12,32,37,314,19,24,31,062,,28,20,265,,15,15,125,*7F (pico_gnss pico-gnss-rs/src/main.rs:453)
70.050119 [INFO ] NMEA $GPGSV,3,3,12,19,02,043,18,193,,,,194,,,,195,,,*74 (pico_gnss pico-gnss-rs/src/main.rs:453)
70.108713 [INFO ] NMEA $GLGSV,2,1,06,74,78,006,,72,70,357,,71,46,126,,75,43,222,*6F (pico_gnss pico-gnss-rs/src/main.rs:453)
70.166880 [INFO ] NMEA $GLGSV,2,2,06,73,28,034,,65,19,326,*66 (pico_gnss pico-gnss-rs/src/main.rs:453)
70.225272 [INFO ] NMEA $GNRMC,121039.000,V,,,,,0.13,137.40,080626,,,N*52 (pico_gnss pico-gnss-rs/src/main.rs:453)
70.254897 [INFO ] NMEA $GPVTG,137.40,T,,M,0.13,N,0.25,K,N*36 (pico_gnss pico-gnss-rs/src/main.rs:453)
70.288115 [INFO ] NMEA $GPZDA,121039.000,08,06,2026,,*56 (pico_gnss pico-gnss-rs/src/main.rs:453)
70.330914 [INFO ] NMEA $GPGST,121039.000,12,107,24,34.0,90,63,71*61 (pico_gnss pico-gnss-rs/src/main.rs:453)
70.713007 [INFO ] PPSGEN count=65 interval_ns=1000002528 dev_ns=2528 phase_ns=923963 hwphase_ns=281352016 (pico_gnss pico-gnss-rs/src/main.rs:296)
70.776565 [INFO ] NMEA $GPGGA,121040.000,,,,,0,0,,,M,,M,,*4E (pico_gnss pico-gnss-rs/src/main.rs:453)
70.798664 [INFO ] TIME unix_ns=1780920640086632748 ppb=2512 holdover_ms=45086 locked=1 (pico_gnss pico-gnss-rs/src/main.rs:226)
70.806135 [INFO ] NMEA $GNGLL,,,,,121040.000,V,N*62 (pico_gnss pico-gnss-rs/src/main.rs:453)
70.835103 [INFO ] NMEA $GNGSA,A,1,,,,,,,,,,,,,,,*00 (pico_gnss pico-gnss-rs/src/main.rs:453)
70.864375 [INFO ] NMEA $GNGSA,A,1,,,,,,,,,,,,,,,*00 (pico_gnss pico-gnss-rs/src/main.rs:453)
70.945475 [INFO ] NMEA $GPGSV,3,1,12,12,63,083,14,25,60,182,,10,57,262,,23,44,199,*7F (pico_gnss pico-gnss-rs/src/main.rs:453)
71.004083 [INFO ] NMEA $GPGSV,3,2,12,32,37,314,19,24,31,062,,28,20,265,,15,15,125,*7F (pico_gnss pico-gnss-rs/src/main.rs:453)
71.062456 [INFO ] NMEA $GPGSV,3,3,12,19,02,043,18,193,,,,194,,,,195,,,*74 (pico_gnss pico-gnss-rs/src/main.rs:453)
71.121022 [INFO ] NMEA $GLGSV,2,1,06,74,78,006,,72,70,357,,71,46,126,,75,43,222,*6F (pico_gnss pico-gnss-rs/src/main.rs:453)
71.150495 [INFO ] NMEA $GLGSV,2,2,06,73,28,034,,65,19,326,*66 (pico_gnss pico-gnss-rs/src/main.rs:453)
71.212883 [INFO ] NMEA $GNRMC,121040.000,V,,,,,0.62,315.74,080626,,,N*5F (pico_gnss pico-gnss-rs/src/main.rs:453)
71.242558 [INFO ] NMEA $GPVTG,315.74,T,,M,0.62,N,1.15,K,N*37 (pico_gnss pico-gnss-rs/src/main.rs:453)
71.300426 [INFO ] NMEA $GPZDA,121040.000,08,06,2026,,*58 (pico_gnss pico-gnss-rs/src/main.rs:453)
71.329174 [INFO ] NMEA $GPGST,121040.000,12,111,24,34.3,93,66,72*6E (pico_gnss pico-gnss-rs/src/main.rs:453)
71.713009 [INFO ] PPSGEN count=66 interval_ns=1000002544 dev_ns=2544 phase_ns=915451 hwphase_ns=281354560 (pico_gnss pico-gnss-rs/src/main.rs:296)
71.778510 [INFO ] NMEA $GPGGA,121041.000,,,,,0,0,,,M,,M,,*4F (pico_gnss pico-gnss-rs/src/main.rs:453)
71.799919 [INFO ] TIME unix_ns=1780920641087890233 ppb=2512 holdover_ms=46088 locked=1 (pico_gnss pico-gnss-rs/src/main.rs:226)
71.808063 [INFO ] NMEA $GNGLL,,,,,121041.000,V,N*63 (pico_gnss pico-gnss-rs/src/main.rs:453)
71.837075 [INFO ] NMEA $GNGSA,A,1,,,,,,,,,,,,,,,*00 (pico_gnss pico-gnss-rs/src/main.rs:453)
71.874451 [INFO ] NMEA $GNGSA,A,1,,,,,,,,,,,,,,,*00 (pico_gnss pico-gnss-rs/src/main.rs:453)
71.933018 [INFO ] NMEA $GPGSV,3,1,12,12,63,083,15,25,60,182,17,10,57,262,,23,44,199,*78 (pico_gnss pico-gnss-rs/src/main.rs:453)
71.991636 [INFO ] NMEA $GPGSV,3,2,12,32,37,314,19,24,31,062,,28,20,265,,15,15,125,*7F (pico_gnss pico-gnss-rs/src/main.rs:453)
72.050001 [INFO ] NMEA $GPGSV,3,3,12,19,02,043,18,193,,,,194,,,,195,,,*74 (pico_gnss pico-gnss-rs/src/main.rs:453)
72.108567 [INFO ] NMEA $GLGSV,2,1,06,74,78,006,,72,70,357,,71,46,126,,75,43,222,*6F (pico_gnss pico-gnss-rs/src/main.rs:453)
72.170851 [INFO ] NMEA $GLGSV,2,2,06,73,28,034,,65,19,326,*66 (pico_gnss pico-gnss-rs/src/main.rs:453)
72.229237 [INFO ] NMEA $GNRMC,121041.000,V,,,,,1.28,135.07,080626,,,N*55 (pico_gnss pico-gnss-rs/src/main.rs:453)
72.258900 [INFO ] NMEA $GPVTG,135.07,T,,M,1.28,N,2.37,K,N*3F (pico_gnss pico-gnss-rs/src/main.rs:453)
72.288085 [INFO ] NMEA $GPZDA,121041.000,08,06,2026,,*59 (pico_gnss pico-gnss-rs/src/main.rs:453)
72.332863 [INFO ] NMEA $GPGST,121041.000,12,116,25,34.7,96,69,74*61 (pico_gnss pico-gnss-rs/src/main.rs:453)
72.713018 [INFO ] PPSGEN count=67 interval_ns=1000002528 dev_ns=2528 phase_ns=916940 hwphase_ns=281357088 (pico_gnss pico-gnss-rs/src/main.rs:296)
72.781582 [INFO ] NMEA $GPGGA,121042.000,,,,,0,0,,,M,,M,,*4C (pico_gnss pico-gnss-rs/src/main.rs:453)
72.801170 [INFO ] TIME unix_ns=1780920642089138718 ppb=2512 holdover_ms=47089 locked=1 (pico_gnss pico-gnss-rs/src/main.rs:226)
72.803121 [INFO ] NMEA $GNGLL,,,,,121042.000,V,N*60 (pico_gnss pico-gnss-rs/src/main.rs:453)
72.831970 [INFO ] NMEA $GNGSA,A,1,,,,,,,,,,,,,,,*00 (pico_gnss pico-gnss-rs/src/main.rs:453)
72.861146 [INFO ] NMEA $GNGSA,A,1,,,,,,,,,,,,,,,*00 (pico_gnss pico-gnss-rs/src/main.rs:453)
72.948455 [INFO ] NMEA $GPGSV,3,1,12,12,63,083,15,25,60,182,15,10,57,262,,23,44,199,*7A (pico_gnss pico-gnss-rs/src/main.rs:453)
73.007021 [INFO ] NMEA $GPGSV,3,2,12,32,37,314,19,24,31,062,,28,20,265,,15,15,125,*7F (pico_gnss pico-gnss-rs/src/main.rs:453)
73.069511 [INFO ] NMEA $GPGSV,3,3,12,19,02,043,18,193,,,,194,,,,195,,,*74 (pico_gnss pico-gnss-rs/src/main.rs:453)
73.128097 [INFO ] NMEA $GLGSV,2,1,06,74,78,006,,72,70,357,,71,46,126,,75,43,222,*6F (pico_gnss pico-gnss-rs/src/main.rs:453)
73.157559 [INFO ] NMEA $GLGSV,2,2,06,73,28,034,,65,19,326,*66 (pico_gnss pico-gnss-rs/src/main.rs:453)
73.215873 [INFO ] NMEA $GNRMC,121042.000,V,,,,,0.25,135.07,080626,,,N*5A (pico_gnss pico-gnss-rs/src/main.rs:453)
73.274122 [INFO ] NMEA $GPVTG,135.07,T,,M,0.25,N,0.47,K,N*36 (pico_gnss pico-gnss-rs/src/main.rs:453)
73.303467 [INFO ] NMEA $GPZDA,121042.000,08,06,2026,,*5A (pico_gnss pico-gnss-rs/src/main.rs:453)
73.336176 [INFO ] NMEA $GPGST,121042.000,12,115,25,34.1,96,68,69*6A (pico_gnss pico-gnss-rs/src/main.rs:453)
73.713000 [INFO ] PPSGEN count=68 interval_ns=1000002544 dev_ns=2544 phase_ns=900428 hwphase_ns=281359632 (pico_gnss pico-gnss-rs/src/main.rs:296)
73.779462 [INFO ] NMEA $GPGGA,121043.000,,,,,0,0,,,M,,M,,*4D (pico_gnss pico-gnss-rs/src/main.rs:453)
73.802436 [INFO ] TIME unix_ns=1780920643090392203 ppb=2512 holdover_ms=48090 locked=1 (pico_gnss pico-gnss-rs/src/main.rs:226)
73.809014 [INFO ] NMEA $GNGLL,,,,,121043.000,V,N*61 (pico_gnss pico-gnss-rs/src/main.rs:453)
73.838026 [INFO ] NMEA $GNGSA,A,1,,,,,,,,,,,,,,,*00 (pico_gnss pico-gnss-rs/src/main.rs:453)
73.867225 [INFO ] NMEA $GNGSA,A,1,,,,,,,,,,,,,,,*00 (pico_gnss pico-gnss-rs/src/main.rs:453)
73.925787 [INFO ] NMEA $GPGSV,3,1,12,12,63,083,15,25,60,182,15,10,57,262,,23,44,199,*7A (pico_gnss pico-gnss-rs/src/main.rs:453)
73.992579 [INFO ] NMEA $GPGSV,3,2,12,32,37,314,19,24,31,062,,28,20,265,,15,15,125,*7F (pico_gnss pico-gnss-rs/src/main.rs:453)
74.050968 [INFO ] NMEA $GPGSV,3,3,12,19,02,043,19,193,,,,194,,,,195,,,*75 (pico_gnss pico-gnss-rs/src/main.rs:453)
74.109557 [INFO ] NMEA $GLGSV,2,1,06,74,78,006,,72,70,357,,71,46,126,,75,43,222,*6F (pico_gnss pico-gnss-rs/src/main.rs:453)
74.167744 [INFO ] NMEA $GLGSV,2,2,06,73,28,034,,65,19,326,*66 (pico_gnss pico-gnss-rs/src/main.rs:453)
74.226135 [INFO ] NMEA $GNRMC,121043.000,V,,,,,1.19,118.48,080626,,,N*51 (pico_gnss pico-gnss-rs/src/main.rs:453)
74.259738 [INFO ] NMEA $GPVTG,118.48,T,,M,1.19,N,2.21,K,N*3E (pico_gnss pico-gnss-rs/src/main.rs:453)
74.289049 [INFO ] NMEA $GPZDA,121043.000,08,06,2026,,*5B (pico_gnss pico-gnss-rs/src/main.rs:453)
74.333855 [INFO ] NMEA $GPGST,121043.000,12,113,24,33.1,96,65,70*6E (pico_gnss pico-gnss-rs/src/main.rs:453)
74.713025 [INFO ] PPSGEN count=69 interval_ns=1000002528 dev_ns=2528 phase_ns=929916 hwphase_ns=281362160 (pico_gnss pico-gnss-rs/src/main.rs:296)
74.780679 [INFO ] NMEA $GPGGA,121044.000,,,,,0,0,,,M,,M,,*4A (pico_gnss pico-gnss-rs/src/main.rs:453)
74.803680 [INFO ] TIME unix_ns=1780920644091645688 ppb=2512 holdover_ms=49091 locked=1 (pico_gnss pico-gnss-rs/src/main.rs:226)
74.810200 [INFO ] NMEA $GNGLL,,,,,121044.000,V,N*66 (pico_gnss pico-gnss-rs/src/main.rs:453)
74.839210 [INFO ] NMEA $GNGSA,A,1,,,,,,,,,,,,,,,*00 (pico_gnss pico-gnss-rs/src/main.rs:453)
74.868423 [INFO ] NMEA $GNGSA,A,1,,,,,,,,,,,,,,,*00 (pico_gnss pico-gnss-rs/src/main.rs:453)
74.947507 [INFO ] NMEA $GPGSV,3,1,12,12,63,083,14,25,60,182,15,10,57,262,,23,44,199,*7B (pico_gnss pico-gnss-rs/src/main.rs:453)
75.006083 [INFO ] NMEA $GPGSV,3,2,12,32,37,314,20,24,31,062,,28,20,265,,15,15,125,*75 (pico_gnss pico-gnss-rs/src/main.rs:453)
75.064494 [INFO ] NMEA $GPGSV,3,3,12,19,02,043,19,193,,,,194,,,,195,,,*75 (pico_gnss pico-gnss-rs/src/main.rs:453)
75.123012 [INFO ] NMEA $GLGSV,2,1,06,74,78,006,,72,70,357,,71,46,126,,75,43,222,*6F (pico_gnss pico-gnss-rs/src/main.rs:453)
75.152524 [INFO ] NMEA $GLGSV,2,2,06,73,28,034,,65,19,326,*66 (pico_gnss pico-gnss-rs/src/main.rs:453)
75.214940 [INFO ] NMEA $GNRMC,121044.000,V,,,,,0.95,152.48,080626,,,N*5D (pico_gnss pico-gnss-rs/src/main.rs:453)
75.273181 [INFO ] NMEA $GPVTG,152.48,T,,M,0.95,N,1.76,K,N*34 (pico_gnss pico-gnss-rs/src/main.rs:453)
75.302541 [INFO ] NMEA $GPZDA,121044.000,08,06,2026,,*5C (pico_gnss pico-gnss-rs/src/main.rs:453)
75.332063 [INFO ] NMEA $GPGST,121044.000,12,114,24,32.7,97,65,70*68 (pico_gnss pico-gnss-rs/src/main.rs:453)
75.713030 [INFO ] PPSGEN count=70 interval_ns=1000002544 dev_ns=2544 phase_ns=921404 hwphase_ns=281364704 (pico_gnss pico-gnss-rs/src/main.rs:296)
75.788532 [INFO ] NMEA $GPGGA,121045.000,,,,,0,0,,,M,,M,,*4B (pico_gnss pico-gnss-rs/src/main.rs:453)
75.804939 [INFO ] TIME unix_ns=1780920645092892173 ppb=2512 holdover_ms=50093 locked=1 (pico_gnss pico-gnss-rs/src/main.rs:226)
75.818074 [INFO ] NMEA $GNGLL,,,,,121045.000,V,N*67 (pico_gnss pico-gnss-rs/src/main.rs:453)
75.851095 [INFO ] NMEA $GNGSA,A,1,,,,,,,,,,,,,,,*00 (pico_gnss pico-gnss-rs/src/main.rs:453)
75.880369 [INFO ] NMEA $GNGSA,A,1,,,,,,,,,,,,,,,*00 (pico_gnss pico-gnss-rs/src/main.rs:453)
75.938911 [INFO ] NMEA $GPGSV,3,1,12,12,63,083,15,25,60,182,16,10,57,262,,23,44,199,*79 (pico_gnss pico-gnss-rs/src/main.rs:453)
76.026268 [INFO ] NMEA $GPGSV,3,2,12,32,37,314,20,24,31,062,,28,20,265,,15,15,125,*75 (pico_gnss pico-gnss-rs/src/main.rs:453)
76.055969 [INFO ] NMEA $GPGSV,3,3,12,19,02,043,19,193,,,,194,,,,195,,,*75 (pico_gnss pico-gnss-rs/src/main.rs:453)
76.147340 [INFO ] NMEA $GLGSV,2,1,06,74,78,006,21,72,70,357,,71,46,126,,75,43,222,*6C (pico_gnss pico-gnss-rs/src/main.rs:453)
76.176862 [INFO ] NMEA $GLGSV,2,2,06,73,28,034,,65,19,326,*66 (pico_gnss pico-gnss-rs/src/main.rs:453)
76.235175 [INFO ] NMEA $GNRMC,121045.000,V,,,,,0.20,152.48,080626,,,N*52 (pico_gnss pico-gnss-rs/src/main.rs:453)
76.264816 [INFO ] NMEA $GPVTG,152.48,T,,M,0.20,N,0.37,K,N*3E (pico_gnss pico-gnss-rs/src/main.rs:453)
76.294007 [INFO ] NMEA $GPZDA,121045.000,08,06,2026,,*5D (pico_gnss pico-gnss-rs/src/main.rs:453)
76.346123 [INFO ] NMEA $GPGST,121045.000,12,118,25,33.0,100,67,70*5F (pico_gnss pico-gnss-rs/src/main.rs:453)
76.712998 [INFO ] PPSGEN count=71 interval_ns=1000002528 dev_ns=2528 phase_ns=905892 hwphase_ns=281367232 (pico_gnss pico-gnss-rs/src/main.rs:296)
76.761159 [INFO ] NMEA $GPGGA,121046.000,,,,,0,0,,,M,,M,,*48 (pico_gnss pico-gnss-rs/src/main.rs:453)
76.790436 [INFO ] NMEA $GNGLL,,,,,121046.000,V,N*64 (pico_gnss pico-gnss-rs/src/main.rs:453)
76.806189 [INFO ] TIME unix_ns=1780920646094152658 ppb=2512 holdover_ms=51094 locked=1 (pico_gnss pico-gnss-rs/src/main.rs:226)
76.848456 [INFO ] NMEA $GNGSA,A,1,,,,,,,,,,,,,,,*00 (pico_gnss pico-gnss-rs/src/main.rs:453)
76.877765 [INFO ] NMEA $GNGSA,A,1,,,,,,,,,,,,,,,*00 (pico_gnss pico-gnss-rs/src/main.rs:453)
76.936314 [INFO ] NMEA $GPGSV,3,1,12,12,63,083,16,25,60,182,16,10,57,262,,23,44,199,*7A (pico_gnss pico-gnss-rs/src/main.rs:453)
76.994868 [INFO ] NMEA $GPGSV,3,2,12,32,37,314,20,24,31,062,,28,20,265,,15,15,125,*75 (pico_gnss pico-gnss-rs/src/main.rs:453)
77.057352 [INFO ] NMEA $GPGSV,3,3,12,19,02,043,19,193,,,,194,,,,195,,,*75 (pico_gnss pico-gnss-rs/src/main.rs:453)
77.115906 [INFO ] NMEA $GLGSV,2,1,06,74,78,006,,72,70,357,,71,46,126,,75,43,222,*6F (pico_gnss pico-gnss-rs/src/main.rs:453)
77.174109 [INFO ] NMEA $GLGSV,2,2,06,73,28,034,,65,19,326,*66 (pico_gnss pico-gnss-rs/src/main.rs:453)
77.203777 [INFO ] NMEA $GNRMC,121046.000,V,,,,,0.37,152.48,080626,,,N*57 (pico_gnss pico-gnss-rs/src/main.rs:453)
77.261965 [INFO ] NMEA $GPVTG,152.48,T,,M,0.37,N,0.68,K,N*32 (pico_gnss pico-gnss-rs/src/main.rs:453)
77.295341 [INFO ] NMEA $GPZDA,121046.000,08,06,2026,,*5E (pico_gnss pico-gnss-rs/src/main.rs:453)
77.331859 [INFO ] NMEA $GPGST,121046.000,12,122,25,33.3,103,70,71*52 (pico_gnss pico-gnss-rs/src/main.rs:453)
77.713020 [INFO ] PPSGEN count=72 interval_ns=1000002544 dev_ns=2544 phase_ns=923380 hwphase_ns=281369776 (pico_gnss pico-gnss-rs/src/main.rs:296)
77.776432 [INFO ] NMEA $GPGGA,121047.000,,,,,0,0,,,M,,M,,*49 (pico_gnss pico-gnss-rs/src/main.rs:453)
77.805710 [INFO ] NMEA $GNGLL,,,,,121047.000,V,N*65 (pico_gnss pico-gnss-rs/src/main.rs:453)
77.807562 [INFO ] TIME unix_ns=1780920647095524143 ppb=2512 holdover_ms=52095 locked=1 (pico_gnss pico-gnss-rs/src/main.rs:226)
77.835206 [INFO ] NMEA $GNGSA,A,1,,,,,,,,,,,,,,,*00 (pico_gnss pico-gnss-rs/src/main.rs:453)
77.864260 [INFO ] NMEA $GNGSA,A,1,,,,,,,,,,,,,,,*00 (pico_gnss pico-gnss-rs/src/main.rs:453)
77.922840 [INFO ] NMEA $GPGSV,3,1,12,12,63,083,16,25,60,182,15,10,57,262,,23,44,199,*79 (pico_gnss pico-gnss-rs/src/main.rs:453)
78.010180 [INFO ] NMEA $GPGSV,3,2,12,32,37,314,21,24,31,062,,28,20,265,,15,15,125,*74 (pico_gnss pico-gnss-rs/src/main.rs:453)
78.068550 [INFO ] NMEA $GPGSV,3,3,12,19,02,043,19,193,,,,194,,,,195,,,*75 (pico_gnss pico-gnss-rs/src/main.rs:453)
78.127131 [INFO ] NMEA $GLGSV,2,1,06,74,78,006,,72,70,357,,71,46,126,,75,43,222,*6F (pico_gnss pico-gnss-rs/src/main.rs:453)
78.156612 [INFO ] NMEA $GLGSV,2,2,06,73,28,034,,65,19,326,*66 (pico_gnss pico-gnss-rs/src/main.rs:453)
78.219004 [INFO ] NMEA $GNRMC,121047.000,V,,,,,0.27,152.48,080626,,,N*57 (pico_gnss pico-gnss-rs/src/main.rs:453)
78.248669 [INFO ] NMEA $GPVTG,152.48,T,,M,0.27,N,0.51,K,N*39 (pico_gnss pico-gnss-rs/src/main.rs:453)
78.306556 [INFO ] NMEA $GPZDA,121047.000,08,06,2026,,*5F (pico_gnss pico-gnss-rs/src/main.rs:453)
78.332167 [INFO ] NMEA $GPGST,121047.000,12,126,26,33.6,106,73,72*54 (pico_gnss pico-gnss-rs/src/main.rs:453)
78.713028 [INFO ] PPSGEN count=73 interval_ns=1000002528 dev_ns=2528 phase_ns=918868 hwphase_ns=281372304 (pico_gnss pico-gnss-rs/src/main.rs:296)
78.778566 [INFO ] NMEA $GPGGA,121048.000,,,,,0,0,,,M,,M,,*46 (pico_gnss pico-gnss-rs/src/main.rs:453)
78.807848 [INFO ] NMEA $GNGLL,,,,,121048.000,V,N*6A (pico_gnss pico-gnss-rs/src/main.rs:453)
78.809737 [INFO ] TIME unix_ns=1780920648097688625 ppb=2512 holdover_ms=53097 locked=1 (pico_gnss pico-gnss-rs/src/main.rs:226)
78.837348 [INFO ] NMEA $GNGSA,A,1,,,,,,,,,,,,,,,*00 (pico_gnss pico-gnss-rs/src/main.rs:453)
78.877583 [INFO ] NMEA $GNGSA,A,1,,,,,,,,,,,,,,,*00 (pico_gnss pico-gnss-rs/src/main.rs:453)
78.936152 [INFO ] NMEA $GPGSV,3,1,12,12,63,083,13,25,60,182,15,10,57,262,,23,44,199,*7C (pico_gnss pico-gnss-rs/src/main.rs:453)
78.994749 [INFO ] NMEA $GPGSV,3,2,12,32,37,314,21,24,31,062,,28,20,265,,15,15,125,*74 (pico_gnss pico-gnss-rs/src/main.rs:453)
79.053117 [INFO ] NMEA $GPGSV,3,3,12,19,02,043,19,193,,,,194,,,,195,,,*75 (pico_gnss pico-gnss-rs/src/main.rs:453)
79.111681 [INFO ] NMEA $GLGSV,2,1,06,74,78,006,,72,70,357,,71,46,126,,75,43,222,*6F (pico_gnss pico-gnss-rs/src/main.rs:453)
79.174002 [INFO ] NMEA $GLGSV,2,2,06,73,28,034,,65,19,326,*66 (pico_gnss pico-gnss-rs/src/main.rs:453)
79.203633 [INFO ] NMEA $GNRMC,121048.000,V,,,,,0.37,152.48,080626,,,N*59 (pico_gnss pico-gnss-rs/src/main.rs:453)
79.261860 [INFO ] NMEA $GPVTG,152.48,T,,M,0.37,N,0.69,K,N*33 (pico_gnss pico-gnss-rs/src/main.rs:453)
79.291222 [INFO ] NMEA $GPZDA,121048.000,08,06,2026,,*50 (pico_gnss pico-gnss-rs/src/main.rs:453)
79.333931 [INFO ] NMEA $GPGST,121048.000,12,131,27,33.9,109,76,73*58 (pico_gnss pico-gnss-rs/src/main.rs:453)
79.713019 [INFO ] PPSGEN count=74 interval_ns=1000002544 dev_ns=2544 phase_ns=918356 hwphase_ns=281374848 (pico_gnss pico-gnss-rs/src/main.rs:296)
79.780564 [INFO ] NMEA $GPGGA,121049.000,,,,,0,0,,,M,,M,,*47 (pico_gnss pico-gnss-rs/src/main.rs:453)
79.803646 [INFO ] NMEA $GNGLL,,,,,121049.000,V,N*6B (pico_gnss pico-gnss-rs/src/main.rs:453)
79.811003 [INFO ] TIME unix_ns=1780920649098948110 ppb=2512 holdover_ms=54099 locked=1 (pico_gnss pico-gnss-rs/src/main.rs:226)
79.833179 [INFO ] NMEA $GNGSA,A,1,,,,,,,,,,,,,,,*00 (pico_gnss pico-gnss-rs/src/main.rs:453)
79.862229 [INFO ] NMEA $GNGSA,A,1,,,,,,,,,,,,,,,*00 (pico_gnss pico-gnss-rs/src/main.rs:453)
79.949450 [INFO ] NMEA $GPGSV,3,1,12,12,63,083,15,25,60,182,15,10,57,262,,23,44,199,*7A (pico_gnss pico-gnss-rs/src/main.rs:453)
80.008061 [INFO ] NMEA $GPGSV,3,2,12,32,37,314,21,24,31,062,,28,20,265,,15,15,125,*74 (pico_gnss pico-gnss-rs/src/main.rs:453)
80.070514 [INFO ] NMEA $GPGSV,3,3,12,19,02,043,19,193,,,,194,,,,195,,,*75 (pico_gnss pico-gnss-rs/src/main.rs:453)
80.129080 [INFO ] NMEA $GLGSV,2,1,06,74,78,006,,72,70,357,,71,46,126,,75,43,222,*6F (pico_gnss pico-gnss-rs/src/main.rs:453)
80.158604 [INFO ] NMEA $GLGSV,2,2,06,73,28,034,,65,19,326,*66 (pico_gnss pico-gnss-rs/src/main.rs:453)
80.216873 [INFO ] NMEA $GNRMC,121049.000,V,,,,,1.57,134.86,080626,,,N*5D (pico_gnss pico-gnss-rs/src/main.rs:453)
80.246547 [INFO ] NMEA $GPVTG,134.86,T,,M,1.57,N,2.91,K,N*33 (pico_gnss pico-gnss-rs/src/main.rs:453)
80.304417 [INFO ] NMEA $GPZDA,121049.000,08,06,2026,,*51 (pico_gnss pico-gnss-rs/src/main.rs:453)
80.336530 [INFO ] NMEA $GPGST,121049.000,12,135,27,34.3,113,80,75*54 (pico_gnss pico-gnss-rs/src/main.rs:453)
80.713041 [INFO ] PPSGEN count=75 interval_ns=1000002528 dev_ns=2528 phase_ns=925844 hwphase_ns=281377376 (pico_gnss pico-gnss-rs/src/main.rs:296)
80.778629 [INFO ] NMEA $GPGGA,121050.000,,,,,0,0,,,M,,M,,*4F (pico_gnss pico-gnss-rs/src/main.rs:453)
80.807895 [INFO ] NMEA $GNGLL,,,,,121050.000,V,N*63 (pico_gnss pico-gnss-rs/src/main.rs:453)
80.812258 [INFO ] TIME unix_ns=1780920650100206595 ppb=2512 holdover_ms=55100 locked=1 (pico_gnss pico-gnss-rs/src/main.rs:226)
80.837361 [INFO ] NMEA $GNGSA,A,1,,,,,,,,,,,,,,,*00 (pico_gnss pico-gnss-rs/src/main.rs:453)
80.866428 [INFO ] NMEA $GNGSA,A,1,,,,,,,,,,,,,,,*00 (pico_gnss pico-gnss-rs/src/main.rs:453)
80.924907 [INFO ] NMEA $GPGSV,3,1,12,12,63,083,16,25,60,182,15,10,57,262,,23,44,199,*79 (pico_gnss pico-gnss-rs/src/main.rs:453)
80.992730 [INFO ] NMEA $GPGSV,3,2,12,32,37,314,21,24,31,062,,28,20,265,,15,15,125,*74 (pico_gnss pico-gnss-rs/src/main.rs:453)
81.051100 [INFO ] NMEA $GPGSV,3,3,12,19,02,043,18,193,,,,194,,,,195,,,*74 (pico_gnss pico-gnss-rs/src/main.rs:453)
81.109668 [INFO ] NMEA $GLGSV,2,1,06,74,78,006,,72,70,357,,71,46,126,,75,43,222,*6F (pico_gnss pico-gnss-rs/src/main.rs:453)
81.167862 [INFO ] NMEA $GLGSV,2,2,06,73,28,034,,65,19,326,*66 (pico_gnss pico-gnss-rs/src/main.rs:453)
81.226246 [INFO ] NMEA $GNRMC,121050.000,V,,,,,0.93,135.66,080626,,,N*53 (pico_gnss pico-gnss-rs/src/main.rs:453)
81.259861 [INFO ] NMEA $GPVTG,135.66,T,,M,0.93,N,1.72,K,N*3B (pico_gnss pico-gnss-rs/src/main.rs:453)
81.289198 [INFO ] NMEA $GPZDA,121050.000,08,06,2026,,*59 (pico_gnss pico-gnss-rs/src/main.rs:453)
81.333981 [INFO ] NMEA $GPGST,121050.000,12,140,28,34.6,117,83,76*50 (pico_gnss pico-gnss-rs/src/main.rs:453)
81.713030 [INFO ] PPSGEN count=76 interval_ns=1000002544 dev_ns=2544 phase_ns=927333 hwphase_ns=281379920 (pico_gnss pico-gnss-rs/src/main.rs:296)
81.778550 [INFO ] NMEA $GPGGA,121051.000,,,,,0,0,,,M,,M,,*4E (pico_gnss pico-gnss-rs/src/main.rs:453)
81.807815 [INFO ] NMEA $GNGLL,,,,,121051.000,V,N*62 (pico_gnss pico-gnss-rs/src/main.rs:453)
81.813527 [INFO ] TIME unix_ns=1780920651101463080 ppb=2512 holdover_ms=56101 locked=1 (pico_gnss pico-gnss-rs/src/main.rs:226)
81.837318 [INFO ] NMEA $GNGSA,A,1,,,,,,,,,,,,,,,*00 (pico_gnss pico-gnss-rs/src/main.rs:453)
81.866383 [INFO ] NMEA $GNGSA,A,1,,,,,,,,,,,,,,,*00 (pico_gnss pico-gnss-rs/src/main.rs:453)
81.945379 [INFO ] NMEA $GPGSV,3,1,12,12,63,083,15,25,60,182,15,10,57,262,,23,44,199,*7A (pico_gnss pico-gnss-rs/src/main.rs:453)
82.003969 [INFO ] NMEA $GPGSV,3,2,12,32,37,314,21,24,31,062,,28,20,265,,15,15,125,*74 (pico_gnss pico-gnss-rs/src/main.rs:453)
82.062375 [INFO ] NMEA $GPGSV,3,3,12,19,02,043,18,193,,,,194,,,,195,,,*74 (pico_gnss pico-gnss-rs/src/main.rs:453)
82.120917 [INFO ] NMEA $GLGSV,2,1,06,74,78,006,,72,70,357,,71,46,126,,75,43,222,*6F (pico_gnss pico-gnss-rs/src/main.rs:453)
82.150393 [INFO ] NMEA $GLGSV,2,2,06,73,28,034,,65,19,326,*66 (pico_gnss pico-gnss-rs/src/main.rs:453)
82.212815 [INFO ] NMEA $GNRMC,121051.000,V,,,,,1.14,135.45,080626,,,N*5D (pico_gnss pico-gnss-rs/src/main.rs:453)
82.271067 [INFO ] NMEA $GPVTG,135.45,T,,M,1.14,N,2.11,K,N*32 (pico_gnss pico-gnss-rs/src/main.rs:453)
82.300445 [INFO ] NMEA $GPZDA,121051.000,08,06,2026,,*58 (pico_gnss pico-gnss-rs/src/main.rs:453)
82.329951 [INFO ] NMEA $GPGST,121051.000,12,146,29,34.9,121,87,78*56 (pico_gnss pico-gnss-rs/src/main.rs:453)
82.713032 [INFO ] PPSGEN count=77 interval_ns=1000002528 dev_ns=2528 phase_ns=894821 hwphase_ns=281382448 (pico_gnss pico-gnss-rs/src/main.rs:296)
82.777554 [INFO ] NMEA $GPGGA,121052.000,,,,,0,0,,,M,,M,,*4D (pico_gnss pico-gnss-rs/src/main.rs:453)
82.806829 [INFO ] NMEA $GNGLL,,,,,121052.000,V,N*61 (pico_gnss pico-gnss-rs/src/main.rs:453)
82.814776 [INFO ] TIME unix_ns=1780920652102717565 ppb=2512 holdover_ms=57102 locked=1 (pico_gnss pico-gnss-rs/src/main.rs:226)
82.839125 [INFO ] NMEA $GNGSA,A,1,,,,,,,,,,,,,,,*00 (pico_gnss pico-gnss-rs/src/main.rs:453)
82.868394 [INFO ] NMEA $GNGSA,A,1,,,,,,,,,,,,,,,*00 (pico_gnss pico-gnss-rs/src/main.rs:453)
82.926898 [INFO ] NMEA $GPGSV,3,1,12,12,63,083,17,25,60,182,15,10,57,262,,23,44,199,*78 (pico_gnss pico-gnss-rs/src/main.rs:453)
83.014290 [INFO ] NMEA $GPGSV,3,2,12,32,37,314,21,24,31,062,16,28,20,265,,15,15,125,*73 (pico_gnss pico-gnss-rs/src/main.rs:453)
83.072697 [INFO ] NMEA $GPGSV,3,3,12,19,02,043,18,193,,,,194,,,,195,,,*74 (pico_gnss pico-gnss-rs/src/main.rs:453)
83.135328 [INFO ] NMEA $GLGSV,2,1,06,74,78,006,,72,70,357,,71,46,126,,75,43,222,*6F (pico_gnss pico-gnss-rs/src/main.rs:453)
83.164833 [INFO ] NMEA $GLGSV,2,2,06,73,28,034,,65,19,326,*66 (pico_gnss pico-gnss-rs/src/main.rs:453)
83.223155 [INFO ] NMEA $GNRMC,121052.000,V,,,,,0.83,171.94,080626,,,N*5D (pico_gnss pico-gnss-rs/src/main.rs:453)
83.252769 [INFO ] NMEA $GPVTG,171.94,T,,M,0.83,N,1.53,K,N*34 (pico_gnss pico-gnss-rs/src/main.rs:453)
83.281987 [INFO ] NMEA $GPZDA,121052.000,08,06,2026,,*5B (pico_gnss pico-gnss-rs/src/main.rs:453)
83.335170 [INFO ] NMEA $GPGST,121052.000,12,137,27,33.2,116,79,72*5E (pico_gnss pico-gnss-rs/src/main.rs:453)
83.713042 [INFO ] PPSGEN count=78 interval_ns=1000002544 dev_ns=2544 phase_ns=915309 hwphase_ns=281384992 (pico_gnss pico-gnss-rs/src/main.rs:296)
83.763183 [INFO ] NMEA $GPGGA,121053.000,,,,,0,0,,,M,,M,,*4C (pico_gnss pico-gnss-rs/src/main.rs:453)
83.792462 [INFO ] NMEA $GNGLL,,,,,121053.000,V,N*60 (pico_gnss pico-gnss-rs/src/main.rs:453)
83.816020 [INFO ] TIME unix_ns=1780920653103973050 ppb=2512 holdover_ms=58104 locked=1 (pico_gnss pico-gnss-rs/src/main.rs:226)
83.850452 [INFO ] NMEA $GNGSA,A,1,,,,,,,,,,,,,,,*00 (pico_gnss pico-gnss-rs/src/main.rs:453)
83.879766 [INFO ] NMEA $GNGSA,A,1,,,,,,,,,,,,,,,*00 (pico_gnss pico-gnss-rs/src/main.rs:453)
83.938240 [INFO ] NMEA $GPGSV,3,1,12,12,63,083,16,25,60,182,15,10,57,262,,23,44,199,*79 (pico_gnss pico-gnss-rs/src/main.rs:453)
83.996972 [INFO ] NMEA $GPGSV,3,2,12,32,37,314,21,24,31,062,17,28,20,265,,15,15,125,*72 (pico_gnss pico-gnss-rs/src/main.rs:453)
84.059468 [INFO ] NMEA $GPGSV,3,3,12,19,02,043,18,193,,,,194,,,,195,,,*74 (pico_gnss pico-gnss-rs/src/main.rs:453)
84.118017 [INFO ] NMEA $GLGSV,2,1,06,74,78,006,,72,70,357,,71,46,126,,75,43,222,*6F (pico_gnss pico-gnss-rs/src/main.rs:453)
84.176237 [INFO ] NMEA $GLGSV,2,2,06,73,28,034,,65,19,326,*66 (pico_gnss pico-gnss-rs/src/main.rs:453)
84.234583 [INFO ] NMEA $GNRMC,121053.000,V,,,,,1.57,265.39,080626,,,N*55 (pico_gnss pico-gnss-rs/src/main.rs:453)
84.264265 [INFO ] NMEA $GPVTG,265.39,T,,M,1.57,N,2.91,K,N*30 (pico_gnss pico-gnss-rs/src/main.rs:453)
84.297467 [INFO ] NMEA $GPZDA,121053.000,08,06,2026,,*5A (pico_gnss pico-gnss-rs/src/main.rs:453)
84.337118 [INFO ] NMEA $GPGST,121053.000,12,134,26,32.1,115,75,72*50 (pico_gnss pico-gnss-rs/src/main.rs:453)
84.713061 [INFO ] PPSGEN count=79 interval_ns=1000002528 dev_ns=2528 phase_ns=923797 hwphase_ns=281387520 (pico_gnss pico-gnss-rs/src/main.rs:296)
84.778452 [INFO ] NMEA $GPGGA,121054.000,,,,,0,0,,,M,,M,,*4B (pico_gnss pico-gnss-rs/src/main.rs:453)
84.807760 [INFO ] NMEA $GNGLL,,,,,121054.000,V,N*67 (pico_gnss pico-gnss-rs/src/main.rs:453)
84.817279 [INFO ] TIME unix_ns=1780920654105211535 ppb=2512 holdover_ms=59105 locked=1 (pico_gnss pico-gnss-rs/src/main.rs:226)
84.837239 [INFO ] NMEA $GNGSA,A,1,,,,,,,,,,,,,,,*00 (pico_gnss pico-gnss-rs/src/main.rs:453)
84.866294 [INFO ] NMEA $GNGSA,A,1,,,,,,,,,,,,,,,*00 (pico_gnss pico-gnss-rs/src/main.rs:453)
84.950415 [INFO ] NMEA $GPGSV,3,1,12,12,63,083,16,25,60,182,15,10,57,262,,23,44,199,*79 (pico_gnss pico-gnss-rs/src/main.rs:453)
85.009067 [INFO ] NMEA $GPGSV,3,2,12,32,37,314,21,24,31,062,18,28,20,265,,15,15,125,*7D (pico_gnss pico-gnss-rs/src/main.rs:453)
85.067452 [INFO ] NMEA $GPGSV,3,3,12,19,02,043,18,193,,,,194,,,,195,,,*74 (pico_gnss pico-gnss-rs/src/main.rs:453)
85.126018 [INFO ] NMEA $GLGSV,2,1,06,74,78,006,,72,70,357,,71,46,126,,75,43,222,*6F (pico_gnss pico-gnss-rs/src/main.rs:453)
85.155503 [INFO ] NMEA $GLGSV,2,2,06,73,28,034,,65,19,326,*66 (pico_gnss pico-gnss-rs/src/main.rs:453)
85.217880 [INFO ] NMEA $GNRMC,121054.000,V,,,,,1.18,121.23,080626,,,N*51 (pico_gnss pico-gnss-rs/src/main.rs:453)
85.247557 [INFO ] NMEA $GPVTG,121.23,T,,M,1.18,N,2.18,K,N*32 (pico_gnss pico-gnss-rs/src/main.rs:453)
85.305462 [INFO ] NMEA $GPZDA,121054.000,08,06,2026,,*5D (pico_gnss pico-gnss-rs/src/main.rs:453)
85.336245 [INFO ] NMEA $GPGST,121054.000,12,133,25,31.3,114,72,73*55 (pico_gnss pico-gnss-rs/src/main.rs:453)
85.713041 [INFO ] PPSGEN count=80 interval_ns=1000002544 dev_ns=2544 phase_ns=912285 hwphase_ns=281390064 (pico_gnss pico-gnss-rs/src/main.rs:296)
85.813656 [INFO ] NMEA $GPGGA,121055.000,0000.0000,N,00000.0000,E,1,3,3.83,23.4,M,39.0,M,,*6C (pico_gnss pico-gnss-rs/src/main.rs:453)
85.818554 [INFO ] TIME unix_ns=1780920655106483020 ppb=2512 holdover_ms=60106 locked=1 (pico_gnss pico-gnss-rs/src/main.rs:226)
85.878194 [INFO ] NMEA $GNGLL,0000.0000,N,00000.0000,E,121055.000,A,A*43 (pico_gnss pico-gnss-rs/src/main.rs:453)
85.907763 [INFO ] NMEA $GNGSA,A,2,32,12,24,,,,,,,,,,3.95,3.83,1.00*1F (pico_gnss pico-gnss-rs/src/main.rs:453)
85.965927 [INFO ] NMEA $GNGSA,A,2,,,,,,,,,,,,,3.95,3.83,1.00*1B (pico_gnss pico-gnss-rs/src/main.rs:453)
86.024515 [INFO ] NMEA $GPGSV,3,1,12,12,63,083,15,25,60,182,15,10,57,262,,23,44,199,*7A (pico_gnss pico-gnss-rs/src/main.rs:453)
86.111939 [INFO ] NMEA $GPGSV,3,2,12,32,37,314,21,24,31,062,17,28,20,265,,15,15,125,*72 (pico_gnss pico-gnss-rs/src/main.rs:453)
86.145677 [INFO ] NMEA $GPGSV,3,3,12,19,02,043,18,193,,,,194,,,,195,,,*74 (pico_gnss pico-gnss-rs/src/main.rs:453)
86.204190 [INFO ] NMEA $GLGSV,2,1,06,74,78,006,,72,70,357,,71,46,126,,75,43,222,*6F (pico_gnss pico-gnss-rs/src/main.rs:453)
86.262430 [INFO ] NMEA $GLGSV,2,2,06,73,28,034,,65,19,326,*66 (pico_gnss pico-gnss-rs/src/main.rs:453)
86.321096 [INFO ] NMEA $GNRMC,121055.000,A,0000.0000,N,00000.0000,E,1.81,73.90,080626,,,A*4B (pico_gnss pico-gnss-rs/src/main.rs:453)
86.379386 [INFO ] NMEA $GPVTG,73.90,T,,M,1.81,N,3.35,K,A*0D (pico_gnss pico-gnss-rs/src/main.rs:453)
86.412752 [INFO ] NMEA $GPZDA,121055.000,08,06,2026,,*5C (pico_gnss pico-gnss-rs/src/main.rs:453)
86.447075 [INFO ] NMEA $GPGST,121055.000,11,66,23,22.2,62,33,50*57 (pico_gnss pico-gnss-rs/src/main.rs:453)
86.713051 [INFO ] PPSGEN count=81 interval_ns=1000002528 dev_ns=2528 phase_ns=923773 hwphase_ns=281392592 (pico_gnss pico-gnss-rs/src/main.rs:296)
86.816029 [INFO ] NMEA $GPGGA,121056.000,0000.0000,N,00000.0000,E,1,3,3.83,23.3,M,39.0,M,,*68 (pico_gnss pico-gnss-rs/src/main.rs:453)
86.819806 [INFO ] TIME unix_ns=1780920656107738505 ppb=2512 holdover_ms=61107 locked=1 (pico_gnss pico-gnss-rs/src/main.rs:226)
86.874439 [INFO ] NMEA $GNGLL,0000.0000,N,00000.0000,E,121056.000,A,A*40 (pico_gnss pico-gnss-rs/src/main.rs:453)
86.932699 [INFO ] NMEA $GNGSA,A,2,32,12,24,,,,,,,,,,3.95,3.83,1.00*1F (pico_gnss pico-gnss-rs/src/main.rs:453)
86.964208 [INFO ] NMEA $GNGSA,A,2,,,,,,,,,,,,,3.95,3.83,1.00*1B (pico_gnss pico-gnss-rs/src/main.rs:453)
87.022774 [INFO ] NMEA $GPGSV,3,1,12,12,63,083,16,25,60,182,15,10,57,262,,23,44,199,*79 (pico_gnss pico-gnss-rs/src/main.rs:453)
87.110148 [INFO ] NMEA $GPGSV,3,2,12,32,37,314,21,24,31,062,17,28,20,265,,15,15,125,*72 (pico_gnss pico-gnss-rs/src/main.rs:453)
87.168563 [INFO ] NMEA $GPGSV,3,3,12,19,02,043,18,193,,,,194,,,,195,,,*74 (pico_gnss pico-gnss-rs/src/main.rs:453)
87.231227 [INFO ] NMEA $GLGSV,2,1,06,74,78,006,,72,70,357,,71,46,126,,75,43,222,*6F (pico_gnss pico-gnss-rs/src/main.rs:453)
87.260707 [INFO ] NMEA $GLGSV,2,2,06,73,28,034,,65,19,326,*66 (pico_gnss pico-gnss-rs/src/main.rs:453)
87.348149 [INFO ] NMEA $GNRMC,121056.000,A,0000.0000,N,00000.0000,E,1.33,185.14,080626,,,A*75 (pico_gnss pico-gnss-rs/src/main.rs:453)
87.377774 [INFO ] NMEA $GPVTG,185.14,T,,M,1.33,N,2.47,K,A*34 (pico_gnss pico-gnss-rs/src/main.rs:453)
87.406999 [INFO ] NMEA $GPZDA,121056.000,08,06,2026,,*5F (pico_gnss pico-gnss-rs/src/main.rs:453)
87.451760 [INFO ] NMEA $GPGST,121056.000,11,54,21,18.1,51,26,46*5E (pico_gnss pico-gnss-rs/src/main.rs:453)
87.713057 [INFO ] PPSGEN count=82 interval_ns=1000002544 dev_ns=2544 phase_ns=913261 hwphase_ns=281395136 (pico_gnss pico-gnss-rs/src/main.rs:296)
87.803438 [INFO ] NMEA $GPGGA,121057.000,0000.0000,N,00000.0000,E,1,3,3.83,23.3,M,39.0,M,,*6B (pico_gnss pico-gnss-rs/src/main.rs:453)
87.821053 [INFO ] TIME unix_ns=1780920657108982990 ppb=2512 holdover_ms=62109 locked=1 (pico_gnss pico-gnss-rs/src/main.rs:226)
87.861876 [INFO ] NMEA $GNGLL,0000.0000,N,00000.0000,E,121057.000,A,A*43 (pico_gnss pico-gnss-rs/src/main.rs:453)
87.920097 [INFO ] NMEA $GNGSA,A,2,32,12,24,,,,,,,,,,3.96,3.83,1.00*1C (pico_gnss pico-gnss-rs/src/main.rs:453)
87.949631 [INFO ] NMEA $GNGSA,A,2,,,,,,,,,,,,,3.96,3.83,1.00*18 (pico_gnss pico-gnss-rs/src/main.rs:453)
88.041034 [INFO ] NMEA $GPGSV,3,1,12,12,63,083,15,25,60,182,15,10,57,262,,23,44,199,*7A (pico_gnss pico-gnss-rs/src/main.rs:453)
88.099688 [INFO ] NMEA $GPGSV,3,2,12,32,37,314,21,24,31,062,17,28,20,265,,15,15,125,*72 (pico_gnss pico-gnss-rs/src/main.rs:453)
88.158066 [INFO ] NMEA $GPGSV,3,3,12,19,02,043,18,193,,,,194,,,,195,,,*74 (pico_gnss pico-gnss-rs/src/main.rs:453)
88.216619 [INFO ] NMEA $GLGSV,2,1,06,74,78,006,,72,70,357,,71,46,126,,75,43,222,*6F (pico_gnss pico-gnss-rs/src/main.rs:453)
88.246243 [INFO ] NMEA $GLGSV,2,2,06,73,28,034,,65,19,326,*66 (pico_gnss pico-gnss-rs/src/main.rs:453)
88.337734 [INFO ] NMEA $GNRMC,121057.000,A,0000.0000,N,00000.0000,E,0.78,131.30,080626,,,A*71 (pico_gnss pico-gnss-rs/src/main.rs:453)
88.367385 [INFO ] NMEA $GPVTG,131.30,T,,M,0.78,N,1.45,K,A*32 (pico_gnss pico-gnss-rs/src/main.rs:453)
88.396596 [INFO ] NMEA $GPZDA,121057.000,08,06,2026,,*5E (pico_gnss pico-gnss-rs/src/main.rs:453)
88.447655 [INFO ] NMEA $GPGST,121057.000,11,50,20,15.3,49,24,46*5E (pico_gnss pico-gnss-rs/src/main.rs:453)
88.713055 [INFO ] PPSGEN count=83 interval_ns=1000002528 dev_ns=2528 phase_ns=912749 hwphase_ns=281397664 (pico_gnss pico-gnss-rs/src/main.rs:296)
88.817436 [INFO ] NMEA $GPGGA,121058.000,0000.0000,N,00000.0000,E,1,3,3.83,23.3,M,39.0,M,,*65 (pico_gnss pico-gnss-rs/src/main.rs:453)
88.822317 [INFO ] TIME unix_ns=1780920658110239475 ppb=2512 holdover_ms=63110 locked=1 (pico_gnss pico-gnss-rs/src/main.rs:226)
88.861434 [INFO ] NMEA $GNGLL,0000.0000,N,00000.0000,E,121058.000,A,A*4D (pico_gnss pico-gnss-rs/src/main.rs:453)
88.919689 [INFO ] NMEA $GNGSA,A,2,32,12,24,,,,,,,,,,3.96,3.83,1.00*1C (pico_gnss pico-gnss-rs/src/main.rs:453)
88.977898 [INFO ] NMEA $GNGSA,A,2,,,,,,,,,,,,,3.96,3.83,1.00*18 (pico_gnss pico-gnss-rs/src/main.rs:453)
89.036539 [INFO ] NMEA $GPGSV,3,1,12,12,63,083,16,25,60,182,15,10,57,262,,23,44,199,*79 (pico_gnss pico-gnss-rs/src/main.rs:453)
89.095131 [INFO ] NMEA $GPGSV,3,2,12,32,37,314,21,24,31,062,17,28,20,265,,15,15,125,*72 (pico_gnss pico-gnss-rs/src/main.rs:453)
89.157630 [INFO ] NMEA $GPGSV,3,3,12,19,02,043,18,193,,,,194,,,,195,,,*74 (pico_gnss pico-gnss-rs/src/main.rs:453)
89.216204 [INFO ] NMEA $GLGSV,2,1,06,74,78,006,,72,70,357,,71,46,126,,75,43,222,*6F (pico_gnss pico-gnss-rs/src/main.rs:453)
89.274386 [INFO ] NMEA $GLGSV,2,2,06,73,28,034,,65,19,326,*66 (pico_gnss pico-gnss-rs/src/main.rs:453)
89.333122 [INFO ] NMEA $GNRMC,121058.000,A,0000.0000,N,00000.0000,E,1.26,189.70,080626,,,A*72 (pico_gnss pico-gnss-rs/src/main.rs:453)
89.391297 [INFO ] NMEA $GPVTG,189.70,T,,M,1.26,N,2.33,K,A*3D (pico_gnss pico-gnss-rs/src/main.rs:453)
89.424753 [INFO ] NMEA $GPZDA,121058.000,08,06,2026,,*51 (pico_gnss pico-gnss-rs/src/main.rs:453)
89.453476 [INFO ] NMEA $GPGST,121058.000,11,49,20,13.4,47,23,47*50 (pico_gnss pico-gnss-rs/src/main.rs:453)
89.713064 [INFO ] PPSGEN count=84 interval_ns=1000002544 dev_ns=2544 phase_ns=917238 hwphase_ns=281400208 (pico_gnss pico-gnss-rs/src/main.rs:296)
89.811624 [INFO ] NMEA $GPGGA,121059.000,0000.0000,N,00000.0000,E,1,3,3.83,23.3,M,39.0,M,,*62 (pico_gnss pico-gnss-rs/src/main.rs:453)
89.823571 [INFO ] TIME unix_ns=1780920659111496960 ppb=2512 holdover_ms=64111 locked=1 (pico_gnss pico-gnss-rs/src/main.rs:226)
89.870015 [INFO ] NMEA $GNGLL,0000.0000,N,00000.0000,E,121059.000,A,A*4A (pico_gnss pico-gnss-rs/src/main.rs:453)
89.928234 [INFO ] NMEA $GNGSA,A,2,32,12,24,,,,,,,,,,3.96,3.83,1.00*1C (pico_gnss pico-gnss-rs/src/main.rs:453)
89.965927 [INFO ] NMEA $GNGSA,A,2,,,,,,,,,,,,,3.96,3.83,1.00*18 (pico_gnss pico-gnss-rs/src/main.rs:453)
90.024532 [INFO ] NMEA $GPGSV,3,1,12,12,63,083,14,25,60,182,14,10,57,262,,23,44,199,*7A (pico_gnss pico-gnss-rs/src/main.rs:453)
90.083178 [INFO ] NMEA $GPGSV,3,2,12,32,37,314,21,24,31,062,17,28,20,265,,15,15,125,*72 (pico_gnss pico-gnss-rs/src/main.rs:453)
90.141538 [INFO ] NMEA $GPGSV,3,3,12,19,02,043,18,193,,,,194,,,,195,,,*74 (pico_gnss pico-gnss-rs/src/main.rs:453)
90.204191 [INFO ] NMEA $GLGSV,2,1,06,74,78,006,,72,70,357,,71,46,126,,75,43,222,*6F (pico_gnss pico-gnss-rs/src/main.rs:453)
90.262421 [INFO ] NMEA $GLGSV,2,2,06,73,28,034,,65,19,326,*66 (pico_gnss pico-gnss-rs/src/main.rs:453)
90.321206 [INFO ] NMEA $GNRMC,121059.000,A,0000.0000,N,00000.0000,E,1.48,244.94,080626,,,A*75 (pico_gnss pico-gnss-rs/src/main.rs:453)
90.379488 [INFO ] NMEA $GPVTG,244.94,T,,M,1.48,N,2.74,K,A*3E (pico_gnss pico-gnss-rs/src/main.rs:453)
90.408818 [INFO ] NMEA $GPZDA,121059.000,08,06,2026,,*50 (pico_gnss pico-gnss-rs/src/main.rs:453)
90.447532 [INFO ] NMEA $GPGST,121059.000,11,48,20,12.1,47,22,48*5A (pico_gnss pico-gnss-rs/src/main.rs:453)
90.713069 [INFO ] PPSGEN count=85 interval_ns=1000002528 dev_ns=2528 phase_ns=926726 hwphase_ns=281402736 (pico_gnss pico-gnss-rs/src/main.rs:296)
90.818681 [INFO ] NMEA $GPGGA,121100.000,0000.0000,N,00000.0000,E,1,3,3.83,23.3,M,39.0,M,,*62 (pico_gnss pico-gnss-rs/src/main.rs:453)
90.824819 [INFO ] TIME unix_ns=1780920660112742445 ppb=2512 holdover_ms=65112 locked=1 (pico_gnss pico-gnss-rs/src/main.rs:226)
90.877079 [INFO ] NMEA $GNGLL,0000.0000,N,00000.0000,E,121100.000,A,A*4A (pico_gnss pico-gnss-rs/src/main.rs:453)
90.935356 [INFO ] NMEA $GNGSA,A,2,32,12,24,,,,,,,,,,3.96,3.83,1.00*1C (pico_gnss pico-gnss-rs/src/main.rs:453)
90.964840 [INFO ] NMEA $GNGSA,A,2,,,,,,,,,,,,,3.96,3.83,1.00*18 (pico_gnss pico-gnss-rs/src/main.rs:453)
91.025423 [INFO ] NMEA $GPGSV,3,1,12,12,63,083,13,25,60,182,14,10,57,262,,23,44,199,*7D (pico_gnss pico-gnss-rs/src/main.rs:453)
91.112799 [INFO ] NMEA $GPGSV,3,2,12,32,37,314,21,24,31,062,17,28,20,265,,15,15,125,*72 (pico_gnss pico-gnss-rs/src/main.rs:453)
91.171270 [INFO ] NMEA $GPGSV,3,3,12,19,02,043,18,193,,,,194,,,,195,,,*74 (pico_gnss pico-gnss-rs/src/main.rs:453)
91.229786 [INFO ] NMEA $GLGSV,2,1,06,74,78,006,,72,70,357,,71,46,126,,75,43,222,*6F (pico_gnss pico-gnss-rs/src/main.rs:453)
91.259285 [INFO ] NMEA $GLGSV,2,2,06,73,28,034,,65,19,326,*66 (pico_gnss pico-gnss-rs/src/main.rs:453)
91.350822 [INFO ] NMEA $GNRMC,121100.000,A,0000.0000,N,00000.0000,E,0.68,148.37,080626,,,A*70 (pico_gnss pico-gnss-rs/src/main.rs:453)
91.380469 [INFO ] NMEA $GPVTG,148.37,T,,M,0.68,N,1.27,K,A*3E (pico_gnss pico-gnss-rs/src/main.rs:453)
91.409689 [INFO ] NMEA $GPZDA,121100.000,08,06,2026,,*5D (pico_gnss pico-gnss-rs/src/main.rs:453)
91.454454 [INFO ] NMEA $GPGST,121100.000,11,48,20,11.5,47,22,50*59 (pico_gnss pico-gnss-rs/src/main.rs:453)
91.713063 [INFO ] PPSGEN count=86 interval_ns=1000002544 dev_ns=2544 phase_ns=916214 hwphase_ns=281405280 (pico_gnss pico-gnss-rs/src/main.rs:296)
91.816599 [INFO ] NMEA $GPGGA,121101.000,0000.0000,N,00000.0000,E,1,3,3.84,23.3,M,39.0,M,,*63 (pico_gnss pico-gnss-rs/src/main.rs:453)
91.826085 [INFO ] TIME unix_ns=1780920661114005930 ppb=2512 holdover_ms=66114 locked=1 (pico_gnss pico-gnss-rs/src/main.rs:226)
91.866818 [INFO ] NMEA $GNGLL,0000.0000,N,00000.0000,E,121101.000,A,A*4C (pico_gnss pico-gnss-rs/src/main.rs:453)
91.925042 [INFO ] NMEA $GNGSA,A,2,32,12,24,,,,,,,,,,3.97,3.84,1.00*1A (pico_gnss pico-gnss-rs/src/main.rs:453)
91.954560 [INFO ] NMEA $GNGSA,A,2,,,,,,,,,,,,,3.97,3.84,1.00*1E (pico_gnss pico-gnss-rs/src/main.rs:453)
92.041868 [INFO ] NMEA $GPGSV,3,1,12,12,63,083,14,25,60,182,14,10,57,262,,23,44,199,*7A (pico_gnss pico-gnss-rs/src/main.rs:453)
92.104601 [INFO ] NMEA $GPGSV,3,2,12,32,37,314,21,24,31,062,17,28,20,265,,15,15,125,*72 (pico_gnss pico-gnss-rs/src/main.rs:453)
92.162998 [INFO ] NMEA $GPGSV,3,3,12,19,02,043,18,193,,,,194,,,,195,,,*74 (pico_gnss pico-gnss-rs/src/main.rs:453)
92.221558 [INFO ] NMEA $GLGSV,2,1,06,74,78,006,,72,70,357,,71,46,126,,75,43,222,*6F (pico_gnss pico-gnss-rs/src/main.rs:453)
92.251043 [INFO ] NMEA $GLGSV,2,2,06,73,28,034,,65,19,326,*66 (pico_gnss pico-gnss-rs/src/main.rs:453)
92.338459 [INFO ] NMEA $GNRMC,121101.000,A,0000.0000,N,00000.0000,E,2.31,131.43,080626,,,A*75 (pico_gnss pico-gnss-rs/src/main.rs:453)
92.372069 [INFO ] NMEA $GPVTG,131.43,T,,M,2.31,N,4.28,K,A*37 (pico_gnss pico-gnss-rs/src/main.rs:453)
92.401426 [INFO ] NMEA $GPZDA,121101.000,08,06,2026,,*5C (pico_gnss pico-gnss-rs/src/main.rs:453)
92.452489 [INFO ] NMEA $GPGST,121101.000,11,48,20,11.1,48,21,52*52 (pico_gnss pico-gnss-rs/src/main.rs:453)
92.713069 [INFO ] PPSGEN count=87 interval_ns=1000002528 dev_ns=2528 phase_ns=918702 hwphase_ns=281407808 (pico_gnss pico-gnss-rs/src/main.rs:296)
92.815708 [INFO ] NMEA $GPGGA,121102.000,0000.0000,N,00000.0000,E,1,3,3.84,23.3,M,39.0,M,,*6E (pico_gnss pico-gnss-rs/src/main.rs:453)
92.827356 [INFO ] TIME unix_ns=1780920662115274415 ppb=2512 holdover_ms=67115 locked=1 (pico_gnss pico-gnss-rs/src/main.rs:226)
92.874093 [INFO ] NMEA $GNGLL,0000.0000,N,00000.0000,E,121102.000,A,A*41 (pico_gnss pico-gnss-rs/src/main.rs:453)
92.917974 [INFO ] NMEA $GNGSA,A,2,32,12,24,,,,,,,,,,3.97,3.84,1.00*1A (pico_gnss pico-gnss-rs/src/main.rs:453)
92.976188 [INFO ] NMEA $GNGSA,A,2,,,,,,,,,,,,,3.97,3.84,1.00*1E (pico_gnss pico-gnss-rs/src/main.rs:453)
93.034835 [INFO ] NMEA $GPGSV,3,1,12,12,63,083,14,25,60,182,14,10,57,262,,23,44,199,*7A (pico_gnss pico-gnss-rs/src/main.rs:453)
93.093433 [INFO ] NMEA $GPGSV,3,2,12,32,37,314,21,24,31,062,17,28,20,265,,15,15,125,*72 (pico_gnss pico-gnss-rs/src/main.rs:453)
93.151834 [INFO ] NMEA $GPGSV,3,3,12,19,02,043,18,193,,,,194,,,,195,,,*74 (pico_gnss pico-gnss-rs/src/main.rs:453)
93.214485 [INFO ] NMEA $GLGSV,2,1,06,74,78,006,,72,70,357,,71,46,126,,75,43,222,*6F (pico_gnss pico-gnss-rs/src/main.rs:453)
93.272672 [INFO ] NMEA $GLGSV,2,2,06,73,28,034,,65,19,326,*66 (pico_gnss pico-gnss-rs/src/main.rs:453)
93.331404 [INFO ] NMEA $GNRMC,121102.000,A,0000.0000,N,00000.0000,E,1.03,176.60,080626,,,A*78 (pico_gnss pico-gnss-rs/src/main.rs:453)
93.389677 [INFO ] NMEA $GPVTG,176.60,T,,M,1.03,N,1.91,K,A*30 (pico_gnss pico-gnss-rs/src/main.rs:453)
93.419029 [INFO ] NMEA $GPZDA,121102.000,08,06,2026,,*5F (pico_gnss pico-gnss-rs/src/main.rs:453)
93.451694 [INFO ] NMEA $GPGST,121102.000,11,49,20,10.9,48,21,54*5F (pico_gnss pico-gnss-rs/src/main.rs:453)
93.713068 [INFO ] PPSGEN count=88 interval_ns=1000002544 dev_ns=2544 phase_ns=914190 hwphase_ns=281410352 (pico_gnss pico-gnss-rs/src/main.rs:296)
93.811567 [INFO ] NMEA $GPGGA,121103.000,0000.0000,N,00000.0000,E,1,3,3.84,23.4,M,39.0,M,,*62 (pico_gnss pico-gnss-rs/src/main.rs:453)
93.828635 [INFO ] TIME unix_ns=1780920663116552900 ppb=2512 holdover_ms=68116 locked=1 (pico_gnss pico-gnss-rs/src/main.rs:226)
93.869972 [INFO ] NMEA $GNGLL,0000.0000,N,00000.0000,E,121103.000,A,A*4A (pico_gnss pico-gnss-rs/src/main.rs:453)
93.928242 [INFO ] NMEA $GNGSA,A,2,32,12,24,,,,,,,,,,3.97,3.84,1.00*1A (pico_gnss pico-gnss-rs/src/main.rs:453)
93.957724 [INFO ] NMEA $GNGSA,A,2,,,,,,,,,,,,,3.97,3.84,1.00*1E (pico_gnss pico-gnss-rs/src/main.rs:453)
94.024462 [INFO ] NMEA $GPGSV,3,1,12,12,63,083,15,25,60,182,14,10,57,262,,23,44,199,*7B (pico_gnss pico-gnss-rs/src/main.rs:453)
94.083113 [INFO ] NMEA $GPGSV,3,2,12,32,37,314,21,24,31,062,17,28,20,265,,15,15,125,*72 (pico_gnss pico-gnss-rs/src/main.rs:453)
94.141475 [INFO ] NMEA $GPGSV,3,3,12,19,02,043,18,193,,,,194,,,,195,,,*74 (pico_gnss pico-gnss-rs/src/main.rs:453)
94.228825 [INFO ] NMEA $GLGSV,2,1,06,74,78,006,,72,70,357,,71,46,126,,75,43,222,*6F (pico_gnss pico-gnss-rs/src/main.rs:453)
94.262385 [INFO ] NMEA $GLGSV,2,2,06,73,28,034,,65,19,326,*66 (pico_gnss pico-gnss-rs/src/main.rs:453)
94.321078 [INFO ] NMEA $GNRMC,121103.000,A,0000.0000,N,00000.0000,E,0.66,133.89,080626,,,A*77 (pico_gnss pico-gnss-rs/src/main.rs:453)
94.379387 [INFO ] NMEA $GPVTG,133.89,T,,M,0.66,N,1.23,K,A*3D (pico_gnss pico-gnss-rs/src/main.rs:453)
94.408701 [INFO ] NMEA $GPZDA,121103.000,08,06,2026,,*5E (pico_gnss pico-gnss-rs/src/main.rs:453)
94.447237 [INFO ] NMEA $GPGST,121103.000,11,49,19,09.7,48,21,56*50 (pico_gnss pico-gnss-rs/src/main.rs:453)
94.713057 [INFO ] PPSGEN count=89 interval_ns=1000002528 dev_ns=2528 phase_ns=918678 hwphase_ns=281412880 (pico_gnss pico-gnss-rs/src/main.rs:296)
94.810704 [INFO ] NMEA $GPGGA,121104.000,0000.0000,N,00000.0000,E,1,3,3.84,23.4,M,39.0,M,,*6A (pico_gnss pico-gnss-rs/src/main.rs:453)
94.829918 [INFO ] TIME unix_ns=1780920664117831384 ppb=2512 holdover_ms=69118 locked=1 (pico_gnss pico-gnss-rs/src/main.rs:226)
94.869088 [INFO ] NMEA $GNGLL,0000.0000,N,00000.0000,E,121104.000,A,A*42 (pico_gnss pico-gnss-rs/src/main.rs:453)
94.927384 [INFO ] NMEA $GNGSA,A,2,32,12,24,,,,,,,,,,3.97,3.84,1.00*1A (pico_gnss pico-gnss-rs/src/main.rs:453)
94.956838 [INFO ] NMEA $GNGSA,A,2,,,,,,,,,,,,,3.97,3.84,1.00*1E (pico_gnss pico-gnss-rs/src/main.rs:453)
95.015386 [INFO ] NMEA $GPGSV,3,1,12,12,63,083,14,25,60,182,14,10,57,262,,23,44,199,*7A (pico_gnss pico-gnss-rs/src/main.rs:453)
95.106865 [INFO ] NMEA $GPGSV,3,2,12,32,37,314,21,24,31,062,17,28,20,265,,15,15,125,*72 (pico_gnss pico-gnss-rs/src/main.rs:453)
95.165303 [INFO ] NMEA $GPGSV,3,3,12,19,02,043,19,193,,,,194,,,,195,,,*75 (pico_gnss pico-gnss-rs/src/main.rs:453)
95.223825 [INFO ] NMEA $GLGSV,2,1,06,74,78,006,,72,70,357,,71,46,126,,75,43,222,*6F (pico_gnss pico-gnss-rs/src/main.rs:453)
95.253321 [INFO ] NMEA $GLGSV,2,2,06,73,28,034,,65,19,326,*66 (pico_gnss pico-gnss-rs/src/main.rs:453)
95.344872 [INFO ] NMEA $GNRMC,121104.000,A,0000.0000,N,00000.0000,E,1.20,218.12,080626,,,A*74 (pico_gnss pico-gnss-rs/src/main.rs:453)
95.374520 [INFO ] NMEA $GPVTG,218.12,T,,M,1.20,N,2.22,K,A*34 (pico_gnss pico-gnss-rs/src/main.rs:453)
95.403694 [INFO ] NMEA $GPZDA,121104.000,08,06,2026,,*59 (pico_gnss pico-gnss-rs/src/main.rs:453)
95.448482 [INFO ] NMEA $GPGST,121104.000,10,49,19,09.2,49,21,59*5D (pico_gnss pico-gnss-rs/src/main.rs:453)
95.713074 [INFO ] PPSGEN count=90 interval_ns=1000002544 dev_ns=2544 phase_ns=918166 hwphase_ns=281415424 (pico_gnss pico-gnss-rs/src/main.rs:296)
95.812616 [INFO ] NMEA $GPGGA,121105.000,0000.0000,N,00000.0000,E,1,3,3.84,23.3,M,39.0,M,,*66 (pico_gnss pico-gnss-rs/src/main.rs:453)
95.831201 [INFO ] TIME unix_ns=1780920665119102869 ppb=2512 holdover_ms=70119 locked=1 (pico_gnss pico-gnss-rs/src/main.rs:226)
95.871002 [INFO ] NMEA $GNGLL,0000.0000,N,00000.0000,E,121105.000,A,A*49 (pico_gnss pico-gnss-rs/src/main.rs:453)
95.921042 [INFO ] NMEA $GNGSA,A,2,32,12,24,,,,,,,,,,3.97,3.84,1.00*1A (pico_gnss pico-gnss-rs/src/main.rs:453)
95.950570 [INFO ] NMEA $GNGSA,A,2,,,,,,,,,,,,,3.97,3.84,1.00*1E (pico_gnss pico-gnss-rs/src/main.rs:453)
96.037881 [INFO ] NMEA $GPGSV,3,1,12,12,63,083,15,25,60,182,14,10,57,262,,23,44,199,*7B (pico_gnss pico-gnss-rs/src/main.rs:453)
96.096529 [INFO ] NMEA $GPGSV,3,2,12,32,37,314,21,24,31,062,17,28,20,265,,15,15,125,*72 (pico_gnss pico-gnss-rs/src/main.rs:453)
96.158996 [INFO ] NMEA $GPGSV,3,3,12,19,02,043,19,193,,,,194,,,,195,,,*75 (pico_gnss pico-gnss-rs/src/main.rs:453)
96.217571 [INFO ] NMEA $GLGSV,2,1,06,74,78,006,,72,70,357,,71,46,126,,75,43,222,*6F (pico_gnss pico-gnss-rs/src/main.rs:453)
96.247075 [INFO ] NMEA $GLGSV,2,2,06,73,28,034,,65,19,326,*66 (pico_gnss pico-gnss-rs/src/main.rs:453)
96.334470 [INFO ] NMEA $GNRMC,121105.000,A,0000.0000,N,00000.0000,E,0.23,218.12,080626,,,A*7D (pico_gnss pico-gnss-rs/src/main.rs:453)
96.364151 [INFO ] NMEA $GPVTG,218.12,T,,M,0.23,N,0.43,K,A*33 (pico_gnss pico-gnss-rs/src/main.rs:453)
96.421936 [INFO ] NMEA $GPZDA,121105.000,08,06,2026,,*58 (pico_gnss pico-gnss-rs/src/main.rs:453)
96.448504 [INFO ] NMEA $GPGST,121105.000,10,49,19,09.2,48,21,62*55 (pico_gnss pico-gnss-rs/src/main.rs:453)
96.713068 [INFO ] PPSGEN count=91 interval_ns=1000002528 dev_ns=2528 phase_ns=907654 hwphase_ns=281417952 (pico_gnss pico-gnss-rs/src/main.rs:296)
96.814673 [INFO ] NMEA $GPGGA,121106.000,0000.0000,N,00000.0000,E,1,3,3.85,23.4,M,39.0,M,,*6E (pico_gnss pico-gnss-rs/src/main.rs:453)
96.832447 [INFO ] TIME unix_ns=1780920666120364354 ppb=2512 holdover_ms=71120 locked=1 (pico_gnss pico-gnss-rs/src/main.rs:226)
96.873089 [INFO ] NMEA $GNGLL,0000.0000,N,00000.0000,E,121106.000,A,A*47 (pico_gnss pico-gnss-rs/src/main.rs:453)
96.931376 [INFO ] NMEA $GNGSA,A,2,32,12,24,,,,,,,,,,3.98,3.85,1.00*14 (pico_gnss pico-gnss-rs/src/main.rs:453)
96.975183 [INFO ] NMEA $GNGSA,A,2,,,,,,,,,,,,,3.98,3.85,1.00*10 (pico_gnss pico-gnss-rs/src/main.rs:453)
97.033790 [INFO ] NMEA $GPGSV,3,1,12,12,63,083,17,25,60,182,14,10,57,262,,23,44,199,*79 (pico_gnss pico-gnss-rs/src/main.rs:453)
97.092370 [INFO ] NMEA $GPGSV,3,2,12,32,37,314,21,24,31,062,17,28,20,265,,15,15,125,*72 (pico_gnss pico-gnss-rs/src/main.rs:453)
97.150803 [INFO ] NMEA $GPGSV,3,3,12,19,02,043,19,193,,,,194,,,,195,,,*75 (pico_gnss pico-gnss-rs/src/main.rs:453)
97.209315 [INFO ] NMEA $GLGSV,2,1,06,74,78,006,,72,70,357,,71,46,126,,75,43,222,*6F (pico_gnss pico-gnss-rs/src/main.rs:453)
97.271655 [INFO ] NMEA $GLGSV,2,2,06,73,28,034,,65,19,326,*66 (pico_gnss pico-gnss-rs/src/main.rs:453)
97.330379 [INFO ] NMEA $GNRMC,121106.000,A,0000.0000,N,00000.0000,E,0.97,88.95,080626,,,A*48 (pico_gnss pico-gnss-rs/src/main.rs:453)
97.388566 [INFO ] NMEA $GPVTG,88.95,T,,M,0.97,N,1.80,K,A*06 (pico_gnss pico-gnss-rs/src/main.rs:453)
97.417968 [INFO ] NMEA $GPZDA,121106.000,08,06,2026,,*5B (pico_gnss pico-gnss-rs/src/main.rs:453)
97.448661 [INFO ] NMEA $GPGST,121106.000,10,48,19,08.9,47,20,65*54 (pico_gnss pico-gnss-rs/src/main.rs:453)
97.713072 [INFO ] PPSGEN count=92 interval_ns=1000002544 dev_ns=2544 phase_ns=910142 hwphase_ns=281420496 (pico_gnss pico-gnss-rs/src/main.rs:296)
97.827728 [INFO ] NMEA $GPGGA,121107.000,0000.0000,N,00000.0000,E,1,3,3.85,23.4,M,39.0,M,,*6C (pico_gnss pico-gnss-rs/src/main.rs:453)
97.833714 [INFO ] TIME unix_ns=1780920667121612839 ppb=2512 holdover_ms=72121 locked=1 (pico_gnss pico-gnss-rs/src/main.rs:226)
97.886198 [INFO ] NMEA $GNGLL,0000.0000,N,00000.0000,E,121107.000,A,A*45 (pico_gnss pico-gnss-rs/src/main.rs:453)
97.915724 [INFO ] NMEA $GNGSA,A,2,32,12,24,,,,,,,,,,3.98,3.85,1.00*14 (pico_gnss pico-gnss-rs/src/main.rs:453)
97.973862 [INFO ] NMEA $GNGSA,A,2,,,,,,,,,,,,,3.98,3.85,1.00*10 (pico_gnss pico-gnss-rs/src/main.rs:453)
98.032440 [INFO ] NMEA $GPGSV,3,1,12,12,63,083,17,25,60,182,14,10,57,262,,23,44,199,*79 (pico_gnss pico-gnss-rs/src/main.rs:453)
98.095172 [INFO ] NMEA $GPGSV,3,2,12,32,37,314,21,24,31,062,17,28,20,265,,15,15,125,*72 (pico_gnss pico-gnss-rs/src/main.rs:453)
98.153606 [INFO ] NMEA $GPGSV,3,3,12,19,02,043,19,193,,,,194,,,,195,,,*75 (pico_gnss pico-gnss-rs/src/main.rs:453)
98.212126 [INFO ] NMEA $GLGSV,2,1,06,74,78,006,,72,70,357,,71,46,126,,75,43,222,*6F (pico_gnss pico-gnss-rs/src/main.rs:453)
98.270342 [INFO ] NMEA $GLGSV,2,2,06,73,28,034,,65,19,326,*66 (pico_gnss pico-gnss-rs/src/main.rs:453)
98.333100 [INFO ] NMEA $GNRMC,121107.000,A,0000.0000,N,00000.0000,E,0.71,64.66,080626,,,A*4C (pico_gnss pico-gnss-rs/src/main.rs:453)
98.391424 [INFO ] NMEA $GPVTG,64.66,T,,M,0.71,N,1.31,K,A*0A (pico_gnss pico-gnss-rs/src/main.rs:453)
98.420773 [INFO ] NMEA $GPZDA,121107.000,08,06,2026,,*5A (pico_gnss pico-gnss-rs/src/main.rs:453)
98.455025 [INFO ] NMEA $GPGST,121107.000,10,48,19,08.8,47,20,68*59 (pico_gnss pico-gnss-rs/src/main.rs:453)
98.713068 [INFO ] PPSGEN count=93 interval_ns=1000002528 dev_ns=2528 phase_ns=910631 hwphase_ns=281423024 (pico_gnss pico-gnss-rs/src/main.rs:296)
98.811773 [INFO ] NMEA $GPGGA,121108.000,0000.0000,N,00000.0000,E,1,3,3.85,23.4,M,39.0,M,,*6E (pico_gnss pico-gnss-rs/src/main.rs:453)
98.834973 [INFO ] TIME unix_ns=1780920668122886324 ppb=2512 holdover_ms=73123 locked=1 (pico_gnss pico-gnss-rs/src/main.rs:226)
98.872151 [INFO ] NMEA $GNGLL,0000.0000,N,00000.0000,E,121108.000,A,A*47 (pico_gnss pico-gnss-rs/src/main.rs:453)
98.901768 [INFO ] NMEA $GNGSA,A,2,32,12,24,,,,,,,,,,3.97,3.85,1.00*1B (pico_gnss pico-gnss-rs/src/main.rs:453)
98.959950 [INFO ] NMEA $GNGSA,A,2,,,,,,,,,,,,,3.97,3.85,1.00*1F (pico_gnss pico-gnss-rs/src/main.rs:453)
99.018507 [INFO ] NMEA $GPGSV,3,1,12,12,63,083,16,25,60,182,14,10,57,262,,23,44,199,*78 (pico_gnss pico-gnss-rs/src/main.rs:453)
99.105885 [INFO ] NMEA $GPGSV,3,2,12,32,37,314,21,24,31,062,17,28,20,265,,15,15,125,*72 (pico_gnss pico-gnss-rs/src/main.rs:453)
99.139640 [INFO ] NMEA $GPGSV,3,3,12,19,02,043,19,193,,,,194,,,,195,,,*75 (pico_gnss pico-gnss-rs/src/main.rs:453)
99.227041 [INFO ] NMEA $GLGSV,2,1,06,74,78,006,,72,70,357,,71,46,126,,75,43,222,*6F (pico_gnss pico-gnss-rs/src/main.rs:453)
99.256507 [INFO ] NMEA $GLGSV,2,2,06,73,28,034,,65,19,326,*66 (pico_gnss pico-gnss-rs/src/main.rs:453)
99.343947 [INFO ] NMEA $GNRMC,121108.000,A,0000.0000,N,00000.0000,E,0.67,352.69,080626,,,A*70 (pico_gnss pico-gnss-rs/src/main.rs:453)
99.373589 [INFO ] NMEA $GPVTG,352.69,T,,M,0.67,N,1.24,K,A*30 (pico_gnss pico-gnss-rs/src/main.rs:453)
99.406791 [INFO ] NMEA $GPZDA,121108.000,08,06,2026,,*55 (pico_gnss pico-gnss-rs/src/main.rs:453)
99.447509 [INFO ] NMEA $GPGST,121108.000,10,44,19,10.3,44,20,43*52 (pico_gnss pico-gnss-rs/src/main.rs:453)
99.713078 [INFO ] PPSGEN count=94 interval_ns=1000002544 dev_ns=2544 phase_ns=917119 hwphase_ns=281425568 (pico_gnss pico-gnss-rs/src/main.rs:296)
99.814755 [INFO ] NMEA $GPGGA,121109.000,0000.0000,N,00000.0000,E,1,3,3.85,23.4,M,39.0,M,,*61 (pico_gnss pico-gnss-rs/src/main.rs:453)
99.836253 [INFO ] TIME unix_ns=1780920669124145809 ppb=2512 holdover_ms=74124 locked=1 (pico_gnss pico-gnss-rs/src/main.rs:226)
99.873151 [INFO ] NMEA $GNGLL,0000.0000,N,00000.0000,E,121109.000,A,A*48 (pico_gnss pico-gnss-rs/src/main.rs:453)
99.931422 [INFO ] NMEA $GNGSA,A,2,32,12,24,,,,,,,,,,3.98,3.85,1.00*14 (pico_gnss pico-gnss-rs/src/main.rs:453)
99.956824 [INFO ] NMEA $GNGSA,A,2,,,,,,,,,,,,,3.98,3.85,1.00*10 (pico_gnss pico-gnss-rs/src/main.rs:453)
100.044099 [INFO ] NMEA $GPGSV,3,1,12,12,63,083,16,25,60,182,14,10,57,262,,23,44,199,*78 (pico_gnss pico-gnss-rs/src/main.rs:453)
100.102780 [INFO ] NMEA $GPGSV,3,2,12,32,37,314,21,24,31,062,17,28,20,265,,15,15,125,*72 (pico_gnss pico-gnss-rs/src/main.rs:453)
100.161109 [INFO ] NMEA $GPGSV,3,3,12,19,02,043,19,193,,,,194,,,,195,,,*75 (pico_gnss pico-gnss-rs/src/main.rs:453)
100.223793 [INFO ] NMEA $GLGSV,2,1,06,74,78,006,,72,70,357,,71,46,126,,75,43,222,*6F (pico_gnss pico-gnss-rs/src/main.rs:453)
100.253304 [INFO ] NMEA $GLGSV,2,2,06,73,28,034,,65,19,326,*66 (pico_gnss pico-gnss-rs/src/main.rs:453)
100.340678 [INFO ] NMEA $GNRMC,121109.000,A,0000.0000,N,00000.0000,E,1.10,35.85,080626,,,A*4E (pico_gnss pico-gnss-rs/src/main.rs:453)
100.370326 [INFO ] NMEA $GPVTG,35.85,T,,M,1.10,N,2.04,K,A*00 (pico_gnss pico-gnss-rs/src/main.rs:453)
100.399594 [INFO ] NMEA $GPZDA,121109.000,08,06,2026,,*54 (pico_gnss pico-gnss-rs/src/main.rs:453)
100.449603 [INFO ] NMEA $GPGST,121109.000,9.9,42,19,11.2,41,21,43*7E (pico_gnss pico-gnss-rs/src/main.rs:453)
100.713064 [INFO ] PPSGEN count=95 interval_ns=1000002528 dev_ns=2528 phase_ns=909607 hwphase_ns=281428096 (pico_gnss pico-gnss-rs/src/main.rs:296)
100.801241 [INFO ] NMEA $GPGGA,121110.000,0000.0000,N,00000.0000,E,1,3,3.85,23.4,M,39.0,M,,*61 (pico_gnss pico-gnss-rs/src/main.rs:453)
100.837542 [INFO ] TIME unix_ns=1780920670125409294 ppb=2512 holdover_ms=75125 locked=1 (pico_gnss pico-gnss-rs/src/main.rs:226)
100.859929 [INFO ] NMEA $GNGLL,0000.0000,N,00000.0000,E,121110.000,A,A*48 (pico_gnss pico-gnss-rs/src/main.rs:453)
100.917961 [INFO ] NMEA $GNGSA,A,2,32,12,24,,,,,,,,,,3.98,3.85,1.00*14 (pico_gnss pico-gnss-rs/src/main.rs:453)
100.976123 [INFO ] NMEA $GNGSA,A,2,,,,,,,,,,,,,3.98,3.85,1.00*10 (pico_gnss pico-gnss-rs/src/main.rs:453)
101.038872 [INFO ] NMEA $GPGSV,3,1,12,12,63,083,16,25,60,182,14,10,57,260,,23,44,199,*7A (pico_gnss pico-gnss-rs/src/main.rs:453)
101.097490 [INFO ] NMEA $GPGSV,3,2,12,32,37,314,21,24,31,062,17,28,20,265,,15,15,125,*72 (pico_gnss pico-gnss-rs/src/main.rs:453)
101.155871 [INFO ] NMEA $GPGSV,3,3,12,19,02,043,19,193,,,,194,,,,195,,,*75 (pico_gnss pico-gnss-rs/src/main.rs:453)
101.214442 [INFO ] NMEA $GLGSV,2,1,06,74,78,006,,72,70,357,,71,46,126,,75,43,222,*6F (pico_gnss pico-gnss-rs/src/main.rs:453)
101.272621 [INFO ] NMEA $GLGSV,2,2,06,73,28,034,,65,19,326,*66 (pico_gnss pico-gnss-rs/src/main.rs:453)
101.335425 [INFO ] NMEA $GNRMC,121110.000,A,0000.0000,N,00000.0000,E,0.70,50.74,080626,,,A*44 (pico_gnss pico-gnss-rs/src/main.rs:453)
101.365077 [INFO ] NMEA $GPVTG,50.74,T,,M,0.70,N,1.30,K,A*0E (pico_gnss pico-gnss-rs/src/main.rs:453)
101.422957 [INFO ] NMEA $GPZDA,121110.000,08,06,2026,,*5C (pico_gnss pico-gnss-rs/src/main.rs:453)
101.449671 [INFO ] NMEA $GPGST,121110.000,9.7,40,19,12.4,40,20,43*7F (pico_gnss pico-gnss-rs/src/main.rs:453)
101.713079 [INFO ] PPSGEN count=96 interval_ns=1000002544 dev_ns=2544 phase_ns=922095 hwphase_ns=281430640 (pico_gnss pico-gnss-rs/src/main.rs:296)
101.813767 [INFO ] NMEA $GPGGA,121111.000,0000.0000,N,00000.0000,E,1,3,3.85,23.5,M,39.0,M,,*66 (pico_gnss pico-gnss-rs/src/main.rs:453)
101.838830 [INFO ] TIME unix_ns=1780920671126720779 ppb=2512 holdover_ms=76126 locked=1 (pico_gnss pico-gnss-rs/src/main.rs:226)
101.853659 [INFO ] NMEA $GNGLL,0000.0000,N,00000.0000,E,121111.000,A,A*4E (pico_gnss pico-gnss-rs/src/main.rs:453)
101.911941 [INFO ] NMEA $GNGSA,A,2,32,12,24,,,,,,,,,,3.98,3.85,1.00*14 (pico_gnss pico-gnss-rs/src/main.rs:453)
101.970137 [INFO ] NMEA $GNGSA,A,2,,,,,,,,,,,,,3.98,3.85,1.00*10 (pico_gnss pico-gnss-rs/src/main.rs:453)
102.028765 [INFO ] NMEA $GPGSV,3,1,12,12,63,083,16,25,60,182,14,10,57,260,,23,44,199,*7A (pico_gnss pico-gnss-rs/src/main.rs:453)
102.087352 [INFO ] NMEA $GPGSV,3,2,12,32,37,314,21,24,31,062,17,28,20,265,,15,15,125,*72 (pico_gnss pico-gnss-rs/src/main.rs:453)
102.149856 [INFO ] NMEA $GPGSV,3,3,12,19,02,043,19,193,,,,194,,,,195,,,*75 (pico_gnss pico-gnss-rs/src/main.rs:453)
102.208387 [INFO ] NMEA $GLGSV,2,1,06,74,78,006,,72,70,357,,71,46,126,,75,43,222,*6F (pico_gnss pico-gnss-rs/src/main.rs:453)
102.266628 [INFO ] NMEA $GLGSV,2,2,06,73,28,034,,65,19,326,*66 (pico_gnss pico-gnss-rs/src/main.rs:453)
102.325286 [INFO ] NMEA $GNRMC,121111.000,A,0000.0000,N,00000.0000,E,2.38,55.49,080626,,,A*47 (pico_gnss pico-gnss-rs/src/main.rs:453)
102.387595 [INFO ] NMEA $GPVTG,55.49,T,,M,2.38,N,4.41,K,A*08 (pico_gnss pico-gnss-rs/src/main.rs:453)
102.417021 [INFO ] NMEA $GPZDA,121111.000,08,06,2026,,*5D (pico_gnss pico-gnss-rs/src/main.rs:453)
102.448815 [INFO ] NMEA $GPGST,121111.000,9.6,39,19,11.9,38,20,43*70 (pico_gnss pico-gnss-rs/src/main.rs:453)
102.713080 [INFO ] PPSGEN count=97 interval_ns=1000002528 dev_ns=2528 phase_ns=912583 hwphase_ns=281433168 (pico_gnss pico-gnss-rs/src/main.rs:296)
102.813748 [INFO ] NMEA $GPGGA,121112.000,0000.0000,N,00000.0000,E,1,3,3.85,23.5,M,39.0,M,,*62 (pico_gnss pico-gnss-rs/src/main.rs:453)
102.840113 [INFO ] TIME unix_ns=1780920672128003264 ppb=2512 holdover_ms=77128 locked=1 (pico_gnss pico-gnss-rs/src/main.rs:226)
102.872142 [INFO ] NMEA $GNGLL,0000.0000,N,00000.0000,E,121112.000,A,A*4A (pico_gnss pico-gnss-rs/src/main.rs:453)
102.930344 [INFO ] NMEA $GNGSA,A,2,32,12,24,,,,,,,,,,3.98,3.85,1.00*14 (pico_gnss pico-gnss-rs/src/main.rs:453)
102.965003 [INFO ] NMEA $GNGSA,A,2,,,,,,,,,,,,,3.98,3.85,1.00*10 (pico_gnss pico-gnss-rs/src/main.rs:453)
103.023572 [INFO ] NMEA $GPGSV,3,1,12,12,63,081,16,25,60,182,14,10,57,260,,23,44,199,*78 (pico_gnss pico-gnss-rs/src/main.rs:453)
103.111015 [INFO ] NMEA $GPGSV,3,2,12,32,37,314,21,24,31,062,17,28,20,265,,15,15,125,*72 (pico_gnss pico-gnss-rs/src/main.rs:453)
103.140656 [INFO ] NMEA $GPGSV,3,3,12,19,02,043,19,193,,,,194,,,,195,,,*75 (pico_gnss pico-gnss-rs/src/main.rs:453)
103.232009 [INFO ] NMEA $GLGSV,2,1,06,74,78,006,,72,70,357,,71,46,126,,75,43,222,*6F (pico_gnss pico-gnss-rs/src/main.rs:453)
103.261555 [INFO ] NMEA $GLGSV,2,2,06,73,28,034,,65,19,326,*66 (pico_gnss pico-gnss-rs/src/main.rs:453)
103.320158 [INFO ] NMEA $GNRMC,121112.000,A,0000.0000,N,00000.0000,E,1.40,69.82,080626,,,A*47 (pico_gnss pico-gnss-rs/src/main.rs:453)
103.378432 [INFO ] NMEA $GPVTG,69.82,T,,M,1.40,N,2.60,K,A*09 (pico_gnss pico-gnss-rs/src/main.rs:453)
103.407760 [INFO ] NMEA $GPZDA,121112.000,08,06,2026,,*5E (pico_gnss pico-gnss-rs/src/main.rs:453)
103.448596 [INFO ] NMEA $GPGST,121112.000,9.5,38,19,12.4,37,20,43*70 (pico_gnss pico-gnss-rs/src/main.rs:453)
103.713091 [INFO ] PPSGEN count=98 interval_ns=1000002544 dev_ns=2544 phase_ns=922071 hwphase_ns=281435712 (pico_gnss pico-gnss-rs/src/main.rs:296)
103.812576 [INFO ] NMEA $GPGGA,121113.000,0000.0000,N,00000.0000,E,1,3,3.86,23.5,M,39.0,M,,*6E (pico_gnss pico-gnss-rs/src/main.rs:453)
103.841723 [INFO ] TIME unix_ns=1780920673129277749 ppb=2512 holdover_ms=78129 locked=1 (pico_gnss pico-gnss-rs/src/main.rs:226)
103.871162 [INFO ] NMEA $GNGLL,0000.0000,N,00000.0000,E,121113.000,A,A*45 (pico_gnss pico-gnss-rs/src/main.rs:453)
103.929335 [INFO ] NMEA $GNGSA,A,2,32,12,24,,,,,,,,,,3.99,3.86,1.00*16 (pico_gnss pico-gnss-rs/src/main.rs:453)
103.958800 [INFO ] NMEA $GNGSA,A,2,,,,,,,,,,,,,3.99,3.86,1.00*12 (pico_gnss pico-gnss-rs/src/main.rs:453)
104.017376 [INFO ] NMEA $GPGSV,3,1,12,12,63,081,15,25,60,182,14,10,57,260,,23,44,199,*7B (pico_gnss pico-gnss-rs/src/main.rs:453)
104.104738 [INFO ] NMEA $GPGSV,3,2,12,32,37,314,21,24,31,062,17,28,20,265,,15,15,125,*72 (pico_gnss pico-gnss-rs/src/main.rs:453)
104.163181 [INFO ] NMEA $GPGSV,3,3,12,19,02,043,20,193,,,,194,,,,195,,,*7F (pico_gnss pico-gnss-rs/src/main.rs:453)
104.221689 [INFO ] NMEA $GLGSV,2,1,06,74,78,006,,72,70,357,,71,46,126,,75,43,222,*6F (pico_gnss pico-gnss-rs/src/main.rs:453)
104.251186 [INFO ] NMEA $GLGSV,2,2,06,73,28,034,,65,19,326,*66 (pico_gnss pico-gnss-rs/src/main.rs:453)
104.342677 [INFO ] NMEA $GNRMC,121113.000,A,0000.0000,N,00000.0000,E,1.40,75.49,080626,,,A*42 (pico_gnss pico-gnss-rs/src/main.rs:453)
104.372337 [INFO ] NMEA $GPVTG,75.49,T,,M,1.40,N,2.59,K,A*09 (pico_gnss pico-gnss-rs/src/main.rs:453)
104.401551 [INFO ] NMEA $GPZDA,121113.000,08,06,2026,,*5F (pico_gnss pico-gnss-rs/src/main.rs:453)
104.447401 [INFO ] NMEA $GPGST,121113.000,9.3,37,19,12.9,36,20,43*74 (pico_gnss pico-gnss-rs/src/main.rs:453)
104.713097 [INFO ] PPSGEN count=99 interval_ns=1000002528 dev_ns=2528 phase_ns=923559 hwphase_ns=281438240 (pico_gnss pico-gnss-rs/src/main.rs:296)
104.812617 [INFO ] NMEA $GPGGA,121114.000,0000.0000,N,00000.0000,E,1,3,3.86,23.6,M,39.0,M,,*6A (pico_gnss pico-gnss-rs/src/main.rs:453)
104.843018 [INFO ] TIME unix_ns=1780920674130874233 ppb=2512 holdover_ms=79131 locked=1 (pico_gnss pico-gnss-rs/src/main.rs:226)
104.862082 [INFO ] NMEA $GNGLL,0000.0000,N,00000.0000,E,121114.000,A,A*42 (pico_gnss pico-gnss-rs/src/main.rs:453)
104.920084 [INFO ] NMEA $GNGSA,A,2,32,12,24,,,,,,,,,,3.98,3.86,1.00*17 (pico_gnss pico-gnss-rs/src/main.rs:453)
104.949595 [INFO ] NMEA $GNGSA,A,2,,,,,,,,,,,,,3.98,3.86,1.00*13 (pico_gnss pico-gnss-rs/src/main.rs:453)
105.036877 [INFO ] NMEA $GPGSV,3,1,12,12,63,081,15,25,60,182,14,10,57,260,,23,44,199,*7B (pico_gnss pico-gnss-rs/src/main.rs:453)
105.099635 [INFO ] NMEA $GPGSV,3,2,12,32,37,314,21,24,31,062,17,28,20,265,,15,15,125,*72 (pico_gnss pico-gnss-rs/src/main.rs:453)
105.158009 [INFO ] NMEA $GPGSV,3,3,12,19,02,043,19,193,,,,194,,,,195,,,*75 (pico_gnss pico-gnss-rs/src/main.rs:453)
105.216581 [INFO ] NMEA $GLGSV,2,1,06,74,78,006,,72,70,357,,71,46,126,,75,43,222,*6F (pico_gnss pico-gnss-rs/src/main.rs:453)
105.246071 [INFO ] NMEA $GLGSV,2,2,06,73,28,034,,65,19,326,*66 (pico_gnss pico-gnss-rs/src/main.rs:453)
105.333452 [INFO ] NMEA $GNRMC,121114.000,A,0000.0000,N,00000.0000,E,2.28,70.37,080626,,,A*44 (pico_gnss pico-gnss-rs/src/main.rs:453)
105.367063 [INFO ] NMEA $GPVTG,70.37,T,,M,2.28,N,4.23,K,A*03 (pico_gnss pico-gnss-rs/src/main.rs:453)
105.396399 [INFO ] NMEA $GPZDA,121114.000,08,06,2026,,*58 (pico_gnss pico-gnss-rs/src/main.rs:453)
105.447474 [INFO ] NMEA $GPGST,121114.000,9.2,36,19,13.8,36,20,42*72 (pico_gnss pico-gnss-rs/src/main.rs:453)
105.713082 [INFO ] PPSGEN count=100 interval_ns=1000002544 dev_ns=2544 phase_ns=904047 hwphase_ns=281440784 (pico_gnss pico-gnss-rs/src/main.rs:296)
105.812874 [INFO ] NMEA $GPGGA,121115.000,0000.0000,N,00000.0000,E,1,3,3.86,23.6,M,39.0,M,,*6E (pico_gnss pico-gnss-rs/src/main.rs:453)
105.844323 [INFO ] TIME unix_ns=1780920675132181718 ppb=2512 holdover_ms=80132 locked=1 (pico_gnss pico-gnss-rs/src/main.rs:226)
105.871542 [INFO ] NMEA $GNGLL,0000.0000,N,00000.0000,E,121115.000,A,A*46 (pico_gnss pico-gnss-rs/src/main.rs:453)
105.915188 [INFO ] NMEA $GNGSA,A,2,32,12,24,,,,,,,,,,3.99,3.86,1.00*16 (pico_gnss pico-gnss-rs/src/main.rs:453)
105.973349 [INFO ] NMEA $GNGSA,A,2,,,,,,,,,,,,,3.99,3.86,1.00*12 (pico_gnss pico-gnss-rs/src/main.rs:453)
106.031998 [INFO ] NMEA $GPGSV,3,1,12,12,63,081,15,25,60,182,14,10,57,260,,23,44,199,*7B (pico_gnss pico-gnss-rs/src/main.rs:453)
106.090562 [INFO ] NMEA $GPGSV,3,2,12,32,37,314,21,24,31,062,16,28,20,265,,15,15,126,*70 (pico_gnss pico-gnss-rs/src/main.rs:453)
106.148978 [INFO ] NMEA $GPGSV,3,3,12,19,02,043,19,193,,,,194,,,,195,,,*75 (pico_gnss pico-gnss-rs/src/main.rs:453)
106.211629 [INFO ] NMEA $GLGSV,2,1,06,74,78,006,,72,70,357,,71,46,126,,75,43,222,*6F (pico_gnss pico-gnss-rs/src/main.rs:453)
106.269842 [INFO ] NMEA $GLGSV,2,2,06,73,28,034,,65,19,326,*66 (pico_gnss pico-gnss-rs/src/main.rs:453)
106.328545 [INFO ] NMEA $GNRMC,121115.000,A,0000.0000,N,00000.0000,E,1.96,72.64,080626,,,A*42 (pico_gnss pico-gnss-rs/src/main.rs:453)
106.386754 [INFO ] NMEA $GPVTG,72.64,T,,M,1.96,N,3.63,K,A*02 (pico_gnss pico-gnss-rs/src/main.rs:453)
106.416126 [INFO ] NMEA $GPZDA,121115.000,08,06,2026,,*59 (pico_gnss pico-gnss-rs/src/main.rs:453)
106.448145 [INFO ] NMEA $GPGST,121115.000,9.2,37,19,14.2,36,21,43*7F (pico_gnss pico-gnss-rs/src/main.rs:453)
106.713095 [INFO ] PPSGEN count=101 interval_ns=1000002528 dev_ns=2528 phase_ns=921535 hwphase_ns=281443312 (pico_gnss pico-gnss-rs/src/main.rs:296)
106.808447 [INFO ] NMEA $GPGGA,121116.000,0000.0000,N,00000.0000,E,6,2,99.99,23.7,M,39.0,M,,*58 (pico_gnss pico-gnss-rs/src/main.rs:453)
106.837720 [INFO ] NMEA $GNGLL,,,,,121116.000,V,E*6B (pico_gnss pico-gnss-rs/src/main.rs:453)
106.845605 [INFO ] TIME unix_ns=1780920676133480203 ppb=2512 holdover_ms=81133 locked=1 (pico_gnss pico-gnss-rs/src/main.rs:226)
106.896066 [INFO ] NMEA $GNGSA,A,1,32,24,,,,,,,,,,,99.99,99.99,1.00*18 (pico_gnss pico-gnss-rs/src/main.rs:453)
106.925600 [INFO ] NMEA $GNGSA,A,1,,,,,,,,,,,,,99.99,99.99,1.00*1F (pico_gnss pico-gnss-rs/src/main.rs:453)
106.993280 [INFO ] NMEA $GPGSV,3,1,12,12,63,081,,25,60,182,14,10,57,260,,23,44,199,*7F (pico_gnss pico-gnss-rs/src/main.rs:453)
107.080660 [INFO ] NMEA $GPGSV,3,2,12,32,37,314,21,24,31,062,15,28,20,265,,15,15,126,*73 (pico_gnss pico-gnss-rs/src/main.rs:453)
107.139082 [INFO ] NMEA $GPGSV,3,3,12,19,02,043,19,193,,,,194,,,,195,,,*75 (pico_gnss pico-gnss-rs/src/main.rs:453)
107.197616 [INFO ] NMEA $GLGSV,2,1,06,74,78,006,,72,70,357,,71,46,126,,75,43,222,*6F (pico_gnss pico-gnss-rs/src/main.rs:453)
107.227106 [INFO ] NMEA $GLGSV,2,2,06,73,28,034,,65,19,326,*66 (pico_gnss pico-gnss-rs/src/main.rs:453)
107.289540 [INFO ] NMEA $GNRMC,121116.000,V,,,,,1.12,142.55,080626,,,E*53 (pico_gnss pico-gnss-rs/src/main.rs:453)
107.319184 [INFO ] NMEA $GPVTG,142.55,T,,M,1.12,N,2.08,K,E*36 (pico_gnss pico-gnss-rs/src/main.rs:453)
107.377083 [INFO ] NMEA $GPZDA,121116.000,08,06,2026,,*5A (pico_gnss pico-gnss-rs/src/main.rs:453)
107.402632 [INFO ] NMEA $GPGST,121116.000,9.2,37,19,13.9,37,21,43*71 (pico_gnss pico-gnss-rs/src/main.rs:453)
107.713095 [INFO ] PPSGEN count=102 interval_ns=1000002544 dev_ns=2544 phase_ns=909024 hwphase_ns=281445856 (pico_gnss pico-gnss-rs/src/main.rs:296)
107.780862 [INFO ] NMEA $GPGGA,121117.000,,,,,0,0,,,M,,M,,*4D (pico_gnss pico-gnss-rs/src/main.rs:453)
107.810121 [INFO ] NMEA $GNGLL,,,,,121117.000,V,N*61 (pico_gnss pico-gnss-rs/src/main.rs:453)
107.846896 [INFO ] TIME unix_ns=1780920677134742687 ppb=2512 holdover_ms=82134 locked=1 (pico_gnss pico-gnss-rs/src/main.rs:226)
107.850914 [INFO ] NMEA $GNGSA,A,1,,,,,,,,,,,,,,,*00 (pico_gnss pico-gnss-rs/src/main.rs:453)
107.879992 [INFO ] NMEA $GNGSA,A,1,,,,,,,,,,,,,,,*00 (pico_gnss pico-gnss-rs/src/main.rs:453)
107.938413 [INFO ] NMEA $GPGSV,3,1,12,12,63,081,,25,60,182,14,10,57,260,,23,44,199,*7F (pico_gnss pico-gnss-rs/src/main.rs:453)
107.997031 [INFO ] NMEA $GPGSV,3,2,12,32,37,314,21,24,31,062,15,28,20,265,,15,15,126,*73 (pico_gnss pico-gnss-rs/src/main.rs:453)
108.055389 [INFO ] NMEA $GPGSV,3,3,12,19,02,043,19,193,,,,194,,,,195,,,*75 (pico_gnss pico-gnss-rs/src/main.rs:453)
108.118041 [INFO ] NMEA $GLGSV,2,1,06,74,78,006,,72,70,357,,71,46,126,,75,43,222,*6F (pico_gnss pico-gnss-rs/src/main.rs:453)
108.176313 [INFO ] NMEA $GLGSV,2,2,06,73,28,034,,65,19,326,*66 (pico_gnss pico-gnss-rs/src/main.rs:453)
108.205902 [INFO ] NMEA $GNRMC,121117.000,V,,,,,0.92,175.52,080626,,,N*53 (pico_gnss pico-gnss-rs/src/main.rs:453)
108.264146 [INFO ] NMEA $GPVTG,175.52,T,,M,0.92,N,1.71,K,N*3A (pico_gnss pico-gnss-rs/src/main.rs:453)
108.293505 [INFO ] NMEA $GPZDA,121117.000,08,06,2026,,*5B (pico_gnss pico-gnss-rs/src/main.rs:453)
108.335150 [INFO ] NMEA $GPGST,121117.000,9.3,38,19,14.0,37,21,43*70 (pico_gnss pico-gnss-rs/src/main.rs:453)
108.713096 [INFO ] PPSGEN count=103 interval_ns=1000002528 dev_ns=2528 phase_ns=908512 hwphase_ns=281448384 (pico_gnss pico-gnss-rs/src/main.rs:296)
108.775611 [INFO ] NMEA $GPGGA,121118.000,,,,,0,0,,,M,,M,,*42 (pico_gnss pico-gnss-rs/src/main.rs:453)
108.804868 [INFO ] NMEA $GNGLL,,,,,121118.000,V,N*6E (pico_gnss pico-gnss-rs/src/main.rs:453)
108.834087 [INFO ] NMEA $GNGSA,A,1,,,,,,,,,,,,,,,*00 (pico_gnss pico-gnss-rs/src/main.rs:453)
108.848187 [INFO ] TIME unix_ns=1780920678136044172 ppb=2512 holdover_ms=83136 locked=1 (pico_gnss pico-gnss-rs/src/main.rs:226)
108.863638 [INFO ] NMEA $GNGSA,A,1,,,,,,,,,,,,,,,*00 (pico_gnss pico-gnss-rs/src/main.rs:453)
108.950629 [INFO ] NMEA $GPGSV,3,1,12,12,63,081,,25,60,182,14,10,57,260,,23,44,199,*7F (pico_gnss pico-gnss-rs/src/main.rs:453)
109.009267 [INFO ] NMEA $GPGSV,3,2,12,32,37,314,21,24,31,062,15,28,20,265,,15,15,126,*73 (pico_gnss pico-gnss-rs/src/main.rs:453)
109.071734 [INFO ] NMEA $GPGSV,3,3,12,19,02,043,19,193,,,,194,,,,195,,,*75 (pico_gnss pico-gnss-rs/src/main.rs:453)
109.130337 [INFO ] NMEA $GLGSV,2,1,06,74,78,006,,72,70,357,,71,46,126,,75,43,222,*6F (pico_gnss pico-gnss-rs/src/main.rs:453)
109.159857 [INFO ] NMEA $GLGSV,2,2,06,73,28,034,20,65,19,326,*64 (pico_gnss pico-gnss-rs/src/main.rs:453)
109.218122 [INFO ] NMEA $GNRMC,121118.000,V,,,,,1.09,232.93,080626,,,N*52 (pico_gnss pico-gnss-rs/src/main.rs:453)
109.276399 [INFO ] NMEA $GPVTG,232.93,T,,M,1.09,N,2.02,K,N*33 (pico_gnss pico-gnss-rs/src/main.rs:453)
109.309788 [INFO ] NMEA $GPZDA,121118.000,08,06,2026,,*54 (pico_gnss pico-gnss-rs/src/main.rs:453)
109.337450 [INFO ] NMEA $GPGST,121118.000,9.5,38,20,13.2,37,21,43*76 (pico_gnss pico-gnss-rs/src/main.rs:453)
109.713110 [INFO ] PPSGEN count=104 interval_ns=1000002544 dev_ns=2544 phase_ns=920000 hwphase_ns=281450928 (pico_gnss pico-gnss-rs/src/main.rs:296)
109.780750 [INFO ] NMEA $GPGGA,121119.000,,,,,0,0,,,M,,M,,*43 (pico_gnss pico-gnss-rs/src/main.rs:453)
109.810020 [INFO ] NMEA $GNGLL,,,,,121119.000,V,N*6F (pico_gnss pico-gnss-rs/src/main.rs:453)
109.839237 [INFO ] NMEA $GNGSA,A,1,,,,,,,,,,,,,,,*00 (pico_gnss pico-gnss-rs/src/main.rs:453)
109.849459 [INFO ] TIME unix_ns=1780920679137332657 ppb=2512 holdover_ms=84137 locked=1 (pico_gnss pico-gnss-rs/src/main.rs:226)
109.868774 [INFO ] NMEA $GNGSA,A,1,,,,,,,,,,,,,,,*00 (pico_gnss pico-gnss-rs/src/main.rs:453)
109.927034 [INFO ] NMEA $GPGSV,3,1,12,12,63,081,,25,60,182,13,10,57,260,,23,44,199,*78 (pico_gnss pico-gnss-rs/src/main.rs:453)
109.994841 [INFO ] NMEA $GPGSV,3,2,12,32,37,314,21,24,31,062,15,28,20,265,,15,15,126,*73 (pico_gnss pico-gnss-rs/src/main.rs:453)
110.053234 [INFO ] NMEA $GPGSV,3,3,12,19,02,042,19,193,,,,194,,,,195,,,*74 (pico_gnss pico-gnss-rs/src/main.rs:453)
110.111839 [INFO ] NMEA $GLGSV,2,1,06,74,78,006,,72,70,357,,71,46,126,,75,43,222,*6F (pico_gnss pico-gnss-rs/src/main.rs:453)
110.170015 [INFO ] NMEA $GLGSV,2,2,06,73,28,034,20,65,19,326,*64 (pico_gnss pico-gnss-rs/src/main.rs:453)
110.232507 [INFO ] NMEA $GNRMC,121119.000,V,,,,,1.58,167.42,080626,,,N*58 (pico_gnss pico-gnss-rs/src/main.rs:453)
110.262166 [INFO ] NMEA $GPVTG,167.42,T,,M,1.58,N,2.92,K,N*31 (pico_gnss pico-gnss-rs/src/main.rs:453)
110.291384 [INFO ] NMEA $GPZDA,121119.000,08,06,2026,,*55 (pico_gnss pico-gnss-rs/src/main.rs:453)
110.337176 [INFO ] NMEA $GPGST,121119.000,9.5,39,20,13.5,38,21,43*7E (pico_gnss pico-gnss-rs/src/main.rs:453)
110.713094 [INFO ] PPSGEN count=105 interval_ns=1000002528 dev_ns=2528 phase_ns=911488 hwphase_ns=281453456 (pico_gnss pico-gnss-rs/src/main.rs:296)
110.780917 [INFO ] NMEA $GPGGA,121120.000,,,,,0,0,,,M,,M,,*49 (pico_gnss pico-gnss-rs/src/main.rs:453)
110.810173 [INFO ] NMEA $GNGLL,,,,,121120.000,V,N*65 (pico_gnss pico-gnss-rs/src/main.rs:453)
110.839369 [INFO ] NMEA $GNGSA,A,1,,,,,,,,,,,,,,,*00 (pico_gnss pico-gnss-rs/src/main.rs:453)
110.850737 [INFO ] TIME unix_ns=1780920680138605142 ppb=2512 holdover_ms=85138 locked=1 (pico_gnss pico-gnss-rs/src/main.rs:226)
110.868901 [INFO ] NMEA $GNGSA,A,1,,,,,,,,,,,,,,,*00 (pico_gnss pico-gnss-rs/src/main.rs:453)
110.946685 [INFO ] NMEA $GPGSV,3,1,12,12,63,081,,25,60,182,12,10,57,260,,23,44,199,*79 (pico_gnss pico-gnss-rs/src/main.rs:453)
111.005269 [INFO ] NMEA $GPGSV,3,2,12,32,37,314,21,24,31,062,15,28,20,265,,15,15,126,*73 (pico_gnss pico-gnss-rs/src/main.rs:453)
111.063698 [INFO ] NMEA $GPGSV,3,3,12,19,02,042,18,193,,,,194,,,,195,,,*75 (pico_gnss pico-gnss-rs/src/main.rs:453)
111.122219 [INFO ] NMEA $GLGSV,2,1,06,74,78,006,,72,70,357,,71,46,126,,75,43,222,*6F (pico_gnss pico-gnss-rs/src/main.rs:453)
111.155764 [INFO ] NMEA $GLGSV,2,2,06,73,28,034,20,65,19,326,*64 (pico_gnss pico-gnss-rs/src/main.rs:453)
111.214162 [INFO ] NMEA $GNRMC,121120.000,V,,,,,1.94,71.37,080626,,,N*66 (pico_gnss pico-gnss-rs/src/main.rs:453)
111.272378 [INFO ] NMEA $GPVTG,71.37,T,,M,1.94,N,3.59,K,N*03 (pico_gnss pico-gnss-rs/src/main.rs:453)
111.301744 [INFO ] NMEA $GPZDA,121120.000,08,06,2026,,*5F (pico_gnss pico-gnss-rs/src/main.rs:453)
111.331250 [INFO ] NMEA $GPGST,121120.000,9.4,40,20,14.3,39,22,43*78 (pico_gnss pico-gnss-rs/src/main.rs:453)
111.713098 [INFO ] PPSGEN count=106 interval_ns=1000002544 dev_ns=2544 phase_ns=892976 hwphase_ns=281456000 (pico_gnss pico-gnss-rs/src/main.rs:296)
111.778622 [INFO ] NMEA $GPGGA,121121.000,,,,,0,0,,,M,,M,,*48 (pico_gnss pico-gnss-rs/src/main.rs:453)
111.810919 [INFO ] NMEA $GNGLL,,,,,121121.000,V,N*64 (pico_gnss pico-gnss-rs/src/main.rs:453)
111.840243 [INFO ] NMEA $GNGSA,A,1,,,,,,,,,,,,,,,*00 (pico_gnss pico-gnss-rs/src/main.rs:453)
111.852008 [INFO ] TIME unix_ns=1780920681139860627 ppb=2512 holdover_ms=86140 locked=1 (pico_gnss pico-gnss-rs/src/main.rs:226)
111.869713 [INFO ] NMEA $GNGSA,A,1,,,,,,,,,,,,,,,*00 (pico_gnss pico-gnss-rs/src/main.rs:453)
111.927970 [INFO ] NMEA $GPGSV,3,1,12,12,63,081,,25,60,182,,10,57,260,,23,44,199,*7A (pico_gnss pico-gnss-rs/src/main.rs:453)
111.986527 [INFO ] NMEA $GPGSV,3,2,12,32,37,314,21,24,31,062,,28,20,265,,15,15,126,*77 (pico_gnss pico-gnss-rs/src/main.rs:453)
112.044910 [INFO ] NMEA $GPGSV,3,3,12,19,02,042,18,193,,,,194,,,,195,,,*75 (pico_gnss pico-gnss-rs/src/main.rs:453)
112.107571 [INFO ] NMEA $GLGSV,2,1,06,74,78,006,,72,70,357,,71,46,126,,75,43,222,*6F (pico_gnss pico-gnss-rs/src/main.rs:453)
112.165785 [INFO ] NMEA $GLGSV,2,2,06,73,28,034,21,65,19,326,*65 (pico_gnss pico-gnss-rs/src/main.rs:453)
112.224190 [INFO ] NMEA $GNRMC,121121.000,V,,,,,0.52,71.37,080626,,,N*6C (pico_gnss pico-gnss-rs/src/main.rs:453)
112.253785 [INFO ] NMEA $GPVTG,71.37,T,,M,0.52,N,0.96,K,N*08 (pico_gnss pico-gnss-rs/src/main.rs:453)
112.283010 [INFO ] NMEA $GPZDA,121121.000,08,06,2026,,*5E (pico_gnss pico-gnss-rs/src/main.rs:453)
112.329054 [INFO ] NMEA $GPGST,121121.000,9.4,41,21,16.2,40,23,43*75 (pico_gnss pico-gnss-rs/src/main.rs:453)
112.713111 [INFO ] PPSGEN count=107 interval_ns=1000002528 dev_ns=2528 phase_ns=923464 hwphase_ns=281458528 (pico_gnss pico-gnss-rs/src/main.rs:296)
112.775520 [INFO ] NMEA $GPGGA,121122.000,,,,,0,0,,,M,,M,,*4B (pico_gnss pico-gnss-rs/src/main.rs:453)
112.804777 [INFO ] NMEA $GNGLL,,,,,121122.000,V,N*67 (pico_gnss pico-gnss-rs/src/main.rs:453)
112.834003 [INFO ] NMEA $GNGSA,A,1,,,,,,,,,,,,,,,*00 (pico_gnss pico-gnss-rs/src/main.rs:453)
112.853285 [INFO ] TIME unix_ns=1780920682141151112 ppb=2512 holdover_ms=87141 locked=1 (pico_gnss pico-gnss-rs/src/main.rs:226)
112.863547 [INFO ] NMEA $GNGSA,A,1,,,,,,,,,,,,,,,*00 (pico_gnss pico-gnss-rs/src/main.rs:453)
112.921772 [INFO ] NMEA $GPGSV,3,1,12,12,63,081,,25,60,182,,10,57,260,,23,44,199,*7A (pico_gnss pico-gnss-rs/src/main.rs:453)
113.003959 [INFO ] NMEA $GPGSV,3,2,12,32,37,314,21,24,31,062,,28,20,265,,15,15,126,*77 (pico_gnss pico-gnss-rs/src/main.rs:453)
113.062333 [INFO ] NMEA $GPGSV,3,3,12,19,02,042,18,193,,,,194,,,,195,,,*75 (pico_gnss pico-gnss-rs/src/main.rs:453)
113.120894 [INFO ] NMEA $GLGSV,2,1,06,74,78,006,,72,70,357,,71,46,126,,75,43,222,*6F (pico_gnss pico-gnss-rs/src/main.rs:453)
113.150391 [INFO ] NMEA $GLGSV,2,2,06,73,28,034,21,65,19,326,*65 (pico_gnss pico-gnss-rs/src/main.rs:453)
113.208711 [INFO ] NMEA $GNRMC,121122.000,V,,,,,0.29,71.37,080626,,,N*63 (pico_gnss pico-gnss-rs/src/main.rs:453)
113.238343 [INFO ] NMEA $GPVTG,71.37,T,,M,0.29,N,0.54,K,N*0A (pico_gnss pico-gnss-rs/src/main.rs:453)
113.300289 [INFO ] NMEA $GPZDA,121122.000,08,06,2026,,*5D (pico_gnss pico-gnss-rs/src/main.rs:453)
113.325925 [INFO ] NMEA $GPGST,121122.000,9.4,43,22,18.5,42,25,43*7A (pico_gnss pico-gnss-rs/src/main.rs:453)
113.713118 [INFO ] PPSGEN count=108 interval_ns=1000002544 dev_ns=2544 phase_ns=915952 hwphase_ns=281461072 (pico_gnss pico-gnss-rs/src/main.rs:296)
113.778574 [INFO ] NMEA $GPGGA,121123.000,,,,,0,0,,,M,,M,,*4A (pico_gnss pico-gnss-rs/src/main.rs:453)
113.807835 [INFO ] NMEA $GNGLL,,,,,121123.000,V,N*66 (pico_gnss pico-gnss-rs/src/main.rs:453)
113.837059 [INFO ] NMEA $GNGSA,A,1,,,,,,,,,,,,,,,*00 (pico_gnss pico-gnss-rs/src/main.rs:453)
113.854562 [INFO ] TIME unix_ns=1780920683142422597 ppb=2512 holdover_ms=88142 locked=1 (pico_gnss pico-gnss-rs/src/main.rs:226)
113.866605 [INFO ] NMEA $GNGSA,A,1,,,,,,,,,,,,,,,*00 (pico_gnss pico-gnss-rs/src/main.rs:453)
113.936100 [INFO ] NMEA $GPGSV,3,1,12,12,63,081,15,25,60,182,,10,57,260,,23,43,199,*79 (pico_gnss pico-gnss-rs/src/main.rs:453)
113.994705 [INFO ] NMEA $GPGSV,3,2,12,32,37,314,21,24,31,062,,28,20,265,,15,15,126,*77 (pico_gnss pico-gnss-rs/src/main.rs:453)
114.053060 [INFO ] NMEA $GPGSV,3,3,12,19,02,042,18,193,,,,194,,,,195,,,*75 (pico_gnss pico-gnss-rs/src/main.rs:453)
114.111633 [INFO ] NMEA $GLGSV,2,1,06,74,78,006,,72,70,357,,71,46,126,,75,43,222,*6F (pico_gnss pico-gnss-rs/src/main.rs:453)
114.169847 [INFO ] NMEA $GLGSV,2,2,06,73,28,034,21,65,19,326,*65 (pico_gnss pico-gnss-rs/src/main.rs:453)
114.203549 [INFO ] NMEA $GNRMC,121123.000,V,,,,,1.44,134.41,080626,,,N*59 (pico_gnss pico-gnss-rs/src/main.rs:453)
114.261831 [INFO ] NMEA $GPVTG,134.41,T,,M,1.44,N,2.67,K,N*33 (pico_gnss pico-gnss-rs/src/main.rs:453)
114.291214 [INFO ] NMEA $GPZDA,121123.000,08,06,2026,,*5C (pico_gnss pico-gnss-rs/src/main.rs:453)
114.332835 [INFO ] NMEA $GPGST,121123.000,9.4,46,23,21.1,43,27,43*72 (pico_gnss pico-gnss-rs/src/main.rs:453)
114.713113 [INFO ] PPSGEN count=109 interval_ns=1000002528 dev_ns=2528 phase_ns=909440 hwphase_ns=281463600 (pico_gnss pico-gnss-rs/src/main.rs:296)
114.777669 [INFO ] NMEA $GPGGA,121124.000,,,,,0,0,,,M,,M,,*4D (pico_gnss pico-gnss-rs/src/main.rs:453)
114.806910 [INFO ] NMEA $GNGLL,,,,,121124.000,V,N*61 (pico_gnss pico-gnss-rs/src/main.rs:453)
114.836114 [INFO ] NMEA $GNGSA,A,1,,,,,,,,,,,,,,,*00 (pico_gnss pico-gnss-rs/src/main.rs:453)
114.855830 [INFO ] TIME unix_ns=1780920684143684082 ppb=2512 holdover_ms=89143 locked=1 (pico_gnss pico-gnss-rs/src/main.rs:226)
114.860521 [INFO ] NMEA $GNGSA,A,1,,,,,,,,,,,,,,,*00 (pico_gnss pico-gnss-rs/src/main.rs:453)
114.947492 [INFO ] NMEA $GPGSV,3,1,12,12,63,081,15,25,60,182,,10,57,260,,23,43,199,*79 (pico_gnss pico-gnss-rs/src/main.rs:453)
115.006123 [INFO ] NMEA $GPGSV,3,2,12,32,37,314,20,24,30,063,,28,20,265,,15,15,126,*76 (pico_gnss pico-gnss-rs/src/main.rs:453)
115.064492 [INFO ] NMEA $GPGSV,3,3,12,19,02,042,18,193,,,,194,,,,195,,,*75 (pico_gnss pico-gnss-rs/src/main.rs:453)
115.127139 [INFO ] NMEA $GLGSV,2,1,06,74,78,006,,72,70,357,,71,46,126,,75,43,222,*6F (pico_gnss pico-gnss-rs/src/main.rs:453)
115.156677 [INFO ] NMEA $GLGSV,2,2,06,73,28,034,21,65,19,326,*65 (pico_gnss pico-gnss-rs/src/main.rs:453)
115.214964 [INFO ] NMEA $GNRMC,121124.000,V,,,,,0.78,134.16,080626,,,N*52 (pico_gnss pico-gnss-rs/src/main.rs:453)
115.244646 [INFO ] NMEA $GPVTG,134.16,T,,M,0.78,N,1.45,K,N*3C (pico_gnss pico-gnss-rs/src/main.rs:453)
115.302513 [INFO ] NMEA $GPZDA,121124.000,08,06,2026,,*5B (pico_gnss pico-gnss-rs/src/main.rs:453)
115.332268 [INFO ] NMEA $GPGST,121124.000,9.4,49,24,23.9,45,29,43*7F (pico_gnss pico-gnss-rs/src/main.rs:453)
115.713107 [INFO ] PPSGEN count=110 interval_ns=1000002544 dev_ns=2544 phase_ns=901929 hwphase_ns=281466144 (pico_gnss pico-gnss-rs/src/main.rs:296)
115.784743 [INFO ] NMEA $GPGGA,121125.000,,,,,0,0,,,M,,M,,*4C (pico_gnss pico-gnss-rs/src/main.rs:453)
115.814079 [INFO ] NMEA $GNGLL,,,,,121125.000,V,N*60 (pico_gnss pico-gnss-rs/src/main.rs:453)
115.843347 [INFO ] NMEA $GNGSA,A,1,,,,,,,,,,,,,,,*00 (pico_gnss pico-gnss-rs/src/main.rs:453)
115.857098 [INFO ] TIME unix_ns=1780920685144953567 ppb=2512 holdover_ms=90145 locked=1 (pico_gnss pico-gnss-rs/src/main.rs:226)
115.872849 [INFO ] NMEA $GNGSA,A,1,,,,,,,,,,,,,,,*00 (pico_gnss pico-gnss-rs/src/main.rs:453)
115.931102 [INFO ] NMEA $GPGSV,3,1,12,12,63,081,17,25,61,182,,10,57,260,,23,43,199,*7A (pico_gnss pico-gnss-rs/src/main.rs:453)
115.989661 [INFO ] NMEA $GPGSV,3,2,12,32,37,314,20,24,30,063,,28,20,265,,15,15,126,*76 (pico_gnss pico-gnss-rs/src/main.rs:453)
116.052146 [INFO ] NMEA $GPGSV,3,3,12,19,02,042,18,193,,,,194,,,,195,,,*75 (pico_gnss pico-gnss-rs/src/main.rs:453)
116.110726 [INFO ] NMEA $GLGSV,2,1,06,74,78,006,,72,70,357,,71,46,126,,75,43,222,*6F (pico_gnss pico-gnss-rs/src/main.rs:453)
116.168922 [INFO ] NMEA $GLGSV,2,2,06,73,28,034,21,65,19,326,*65 (pico_gnss pico-gnss-rs/src/main.rs:453)
116.227323 [INFO ] NMEA $GNRMC,121125.000,V,,,,,0.85,314.86,080626,,,N*58 (pico_gnss pico-gnss-rs/src/main.rs:453)
116.256983 [INFO ] NMEA $GPVTG,314.86,T,,M,0.85,N,1.58,K,N*3B (pico_gnss pico-gnss-rs/src/main.rs:453)
116.286164 [INFO ] NMEA $GPZDA,121125.000,08,06,2026,,*5A (pico_gnss pico-gnss-rs/src/main.rs:453)
116.331906 [INFO ] NMEA $GPGST,121125.000,9.4,52,25,26.6,48,32,43*78 (pico_gnss pico-gnss-rs/src/main.rs:453)
116.713122 [INFO ] PPSGEN count=111 interval_ns=1000002528 dev_ns=2528 phase_ns=927417 hwphase_ns=281468672 (pico_gnss pico-gnss-rs/src/main.rs:296)
116.791759 [INFO ] NMEA $GPGGA,121126.000,,,,,0,0,,,M,,M,,*4F (pico_gnss pico-gnss-rs/src/main.rs:453)
116.821056 [INFO ] NMEA $GNGLL,,,,,121126.000,V,N*63 (pico_gnss pico-gnss-rs/src/main.rs:453)
116.850247 [INFO ] NMEA $GNGSA,A,1,,,,,,,,,,,,,,,*00 (pico_gnss pico-gnss-rs/src/main.rs:453)
116.858367 [INFO ] TIME unix_ns=1780920686146232052 ppb=2512 holdover_ms=91146 locked=1 (pico_gnss pico-gnss-rs/src/main.rs:226)
116.879800 [INFO ] NMEA $GNGSA,A,1,,,,,,,,,,,,,,,*00 (pico_gnss pico-gnss-rs/src/main.rs:453)
116.938067 [INFO ] NMEA $GPGSV,3,1,12,12,63,081,17,25,61,182,,10,57,260,,23,43,199,*7A (pico_gnss pico-gnss-rs/src/main.rs:453)
117.020254 [INFO ] NMEA $GPGSV,3,2,12,32,37,314,20,24,30,063,,28,20,265,,15,15,126,*76 (pico_gnss pico-gnss-rs/src/main.rs:453)
117.078626 [INFO ] NMEA $GPGSV,3,3,12,19,02,042,18,193,,,,194,,,,195,,,*75 (pico_gnss pico-gnss-rs/src/main.rs:453)
117.137197 [INFO ] NMEA $GLGSV,2,1,06,74,78,006,,72,70,357,,71,46,126,,75,43,222,*6F (pico_gnss pico-gnss-rs/src/main.rs:453)
117.166701 [INFO ] NMEA $GLGSV,2,2,06,73,28,034,21,65,19,326,*65 (pico_gnss pico-gnss-rs/src/main.rs:453)
117.225001 [INFO ] NMEA $GNRMC,121126.000,V,,,,,0.57,314.86,080626,,,N*54 (pico_gnss pico-gnss-rs/src/main.rs:453)
117.258611 [INFO ] NMEA $GPVTG,314.86,T,,M,0.57,N,1.06,K,N*3F (pico_gnss pico-gnss-rs/src/main.rs:453)
117.316643 [INFO ] NMEA $GPZDA,121126.000,08,06,2026,,*59 (pico_gnss pico-gnss-rs/src/main.rs:453)
117.346415 [INFO ] NMEA $GPGST,121126.000,9.4,54,24,26.6,49,32,40*7E (pico_gnss pico-gnss-rs/src/main.rs:453)
117.713127 [INFO ] PPSGEN count=112 interval_ns=1000002544 dev_ns=2544 phase_ns=917905 hwphase_ns=281471216 (pico_gnss pico-gnss-rs/src/main.rs:296)
117.779671 [INFO ] NMEA $GPGGA,121127.000,,,,,0,0,,,M,,M,,*4E (pico_gnss pico-gnss-rs/src/main.rs:453)
117.808944 [INFO ] NMEA $GNGLL,,,,,121127.000,V,N*62 (pico_gnss pico-gnss-rs/src/main.rs:453)
117.838141 [INFO ] NMEA $GNGSA,A,1,,,,,,,,,,,,,,,*00 (pico_gnss pico-gnss-rs/src/main.rs:453)
117.859641 [INFO ] TIME unix_ns=1780920687147492537 ppb=2512 holdover_ms=92147 locked=1 (pico_gnss pico-gnss-rs/src/main.rs:226)
117.867689 [INFO ] NMEA $GNGSA,A,1,,,,,,,,,,,,,,,*00 (pico_gnss pico-gnss-rs/src/main.rs:453)
117.933099 [INFO ] NMEA $GPGSV,3,1,12,12,63,081,16,25,61,182,,10,57,260,,23,43,199,*7B (pico_gnss pico-gnss-rs/src/main.rs:453)
117.991698 [INFO ] NMEA $GPGSV,3,2,12,32,37,314,20,24,30,063,,28,20,265,,15,15,126,*76 (pico_gnss pico-gnss-rs/src/main.rs:453)
118.050122 [INFO ] NMEA $GPGSV,3,3,12,19,02,042,18,193,,,,194,,,,195,,,*75 (pico_gnss pico-gnss-rs/src/main.rs:453)
118.108707 [INFO ] NMEA $GLGSV,2,1,06,74,78,006,,72,70,357,,71,46,126,,75,43,222,*6F (pico_gnss pico-gnss-rs/src/main.rs:453)
118.171009 [INFO ] NMEA $GLGSV,2,2,06,73,28,034,21,65,19,326,*65 (pico_gnss pico-gnss-rs/src/main.rs:453)
118.229399 [INFO ] NMEA $GNRMC,121127.000,V,,,,,2.10,69.46,080626,,,N*61 (pico_gnss pico-gnss-rs/src/main.rs:453)
118.259041 [INFO ] NMEA $GPVTG,69.46,T,,M,2.10,N,3.90,K,N*06 (pico_gnss pico-gnss-rs/src/main.rs:453)
118.288217 [INFO ] NMEA $GPZDA,121127.000,08,06,2026,,*58 (pico_gnss pico-gnss-rs/src/main.rs:453)
118.331976 [INFO ] NMEA $GPGST,121127.000,9.4,56,24,26.8,51,33,40*7B (pico_gnss pico-gnss-rs/src/main.rs:453)
118.713137 [INFO ] PPSGEN count=113 interval_ns=1000002528 dev_ns=2528 phase_ns=924393 hwphase_ns=281473744 (pico_gnss pico-gnss-rs/src/main.rs:296)
118.780732 [INFO ] NMEA $GPGGA,121128.000,,,,,0,0,,,M,,M,,*41 (pico_gnss pico-gnss-rs/src/main.rs:453)
118.809994 [INFO ] NMEA $GNGLL,,,,,121128.000,V,N*6D (pico_gnss pico-gnss-rs/src/main.rs:453)
118.832035 [INFO ] NMEA $GNGSA,A,1,,,,,,,,,,,,,,,*00 (pico_gnss pico-gnss-rs/src/main.rs:453)
118.861330 [INFO ] NMEA $GNGSA,A,1,,,,,,,,,,,,,,,*00 (pico_gnss pico-gnss-rs/src/main.rs:453)
118.862804 [INFO ] TIME unix_ns=1780920688150661017 ppb=2512 holdover_ms=93150 locked=1 (pico_gnss pico-gnss-rs/src/main.rs:226)
118.948596 [INFO ] NMEA $GPGSV,3,1,12,12,63,081,16,25,61,182,,10,57,260,,23,43,199,*7B (pico_gnss pico-gnss-rs/src/main.rs:453)
119.007172 [INFO ] NMEA $GPGSV,3,2,12,32,37,314,20,24,30,063,,28,21,266,,15,15,126,*74 (pico_gnss pico-gnss-rs/src/main.rs:453)
119.065547 [INFO ] NMEA $GPGSV,3,3,12,19,02,042,18,193,,,,194,,,,195,,,*75 (pico_gnss pico-gnss-rs/src/main.rs:453)
119.128193 [INFO ] NMEA $GLGSV,2,1,06,74,78,006,,72,70,357,,71,46,126,,75,43,222,*6F (pico_gnss pico-gnss-rs/src/main.rs:453)
119.157737 [INFO ] NMEA $GLGSV,2,2,06,73,28,034,21,65,19,326,*65 (pico_gnss pico-gnss-rs/src/main.rs:453)
119.216000 [INFO ] NMEA $GNRMC,121128.000,V,,,,,1.79,78.30,080626,,,N*63 (pico_gnss pico-gnss-rs/src/main.rs:453)
119.245640 [INFO ] NMEA $GPVTG,78.30,T,,M,1.79,N,3.31,K,N*00 (pico_gnss pico-gnss-rs/src/main.rs:453)
119.303522 [INFO ] NMEA $GPZDA,121128.000,08,06,2026,,*57 (pico_gnss pico-gnss-rs/src/main.rs:453)
119.333300 [INFO ] NMEA $GPGST,121128.000,9.3,57,23,26.1,52,32,38*71 (pico_gnss pico-gnss-rs/src/main.rs:453)
119.713126 [INFO ] PPSGEN count=114 interval_ns=1000002544 dev_ns=2544 phase_ns=916881 hwphase_ns=281476288 (pico_gnss pico-gnss-rs/src/main.rs:296)
119.788853 [INFO ] NMEA $GPGGA,121129.000,,,,,0,0,,,M,,M,,*40 (pico_gnss pico-gnss-rs/src/main.rs:453)
119.818174 [INFO ] NMEA $GNGLL,,,,,121129.000,V,N*6C (pico_gnss pico-gnss-rs/src/main.rs:453)
119.847427 [INFO ] NMEA $GNGSA,A,1,,,,,,,,,,,,,,,*00 (pico_gnss pico-gnss-rs/src/main.rs:453)
119.864076 [INFO ] TIME unix_ns=1780920689151920502 ppb=2512 holdover_ms=94152 locked=1 (pico_gnss pico-gnss-rs/src/main.rs:226)
119.876996 [INFO ] NMEA $GNGSA,A,1,,,,,,,,,,,,,,,*00 (pico_gnss pico-gnss-rs/src/main.rs:453)
119.935182 [INFO ] NMEA $GPGSV,3,1,12,12,63,081,16,25,61,182,,10,57,260,,23,43,199,*7B (pico_gnss pico-gnss-rs/src/main.rs:453)
119.993780 [INFO ] NMEA $GPGSV,3,2,12,32,37,314,20,24,30,063,,28,21,266,,15,15,126,*74 (pico_gnss pico-gnss-rs/src/main.rs:453)
120.056235 [INFO ] NMEA $GPGSV,3,3,12,19,02,042,18,193,,,,194,,,,195,,,*75 (pico_gnss pico-gnss-rs/src/main.rs:453)
120.114813 [INFO ] NMEA $GLGSV,2,1,06,74,78,006,,72,70,357,,71,46,126,,75,43,222,*6F (pico_gnss pico-gnss-rs/src/main.rs:453)
120.173014 [INFO ] NMEA $GLGSV,2,2,06,73,28,034,21,65,19,326,*65 (pico_gnss pico-gnss-rs/src/main.rs:453)
120.231423 [INFO ] NMEA $GNRMC,121129.000,V,,,,,1.39,134.74,080626,,,N*5F (pico_gnss pico-gnss-rs/src/main.rs:453)
120.261082 [INFO ] NMEA $GPVTG,134.74,T,,M,1.39,N,2.58,K,N*33 (pico_gnss pico-gnss-rs/src/main.rs:453)
120.294307 [INFO ] NMEA $GPZDA,121129.000,08,06,2026,,*56 (pico_gnss pico-gnss-rs/src/main.rs:453)
120.336005 [INFO ] NMEA $GPGST,121129.000,9.3,58,22,26.0,53,32,38*7E (pico_gnss pico-gnss-rs/src/main.rs:453)
120.713113 [INFO ] PPSGEN count=115 interval_ns=1000002528 dev_ns=2528 phase_ns=905369 hwphase_ns=281478816 (pico_gnss pico-gnss-rs/src/main.rs:296)
120.777697 [INFO ] NMEA $GPGGA,121130.000,,,,,0,0,,,M,,M,,*48 (pico_gnss pico-gnss-rs/src/main.rs:453)
120.806962 [INFO ] NMEA $GNGLL,,,,,121130.000,V,N*64 (pico_gnss pico-gnss-rs/src/main.rs:453)
120.836157 [INFO ] NMEA $GNGSA,A,1,,,,,,,,,,,,,,,*00 (pico_gnss pico-gnss-rs/src/main.rs:453)
120.865572 [INFO ] TIME unix_ns=1780920690153395986 ppb=2512 holdover_ms=95153 locked=1 (pico_gnss pico-gnss-rs/src/main.rs:226)
120.867098 [INFO ] NMEA $GNGSA,A,1,,,,,,,,,,,,,,,*00 (pico_gnss pico-gnss-rs/src/main.rs:453)
120.947551 [INFO ] NMEA $GPGSV,3,1,12,12,63,081,16,25,61,182,,10,57,260,,23,43,199,*7B (pico_gnss pico-gnss-rs/src/main.rs:453)
121.006164 [INFO ] NMEA $GPGSV,3,2,12,32,37,314,20,24,30,063,,28,21,266,,15,15,126,*74 (pico_gnss pico-gnss-rs/src/main.rs:453)
121.064539 [INFO ] NMEA $GPGSV,3,3,12,19,02,042,18,193,,,,194,,,,195,,,*75 (pico_gnss pico-gnss-rs/src/main.rs:453)
121.123108 [INFO ] NMEA $GLGSV,2,1,06,74,78,006,,72,70,357,,71,46,126,,75,43,222,*6F (pico_gnss pico-gnss-rs/src/main.rs:453)
121.152581 [INFO ] NMEA $GLGSV,2,2,06,73,28,034,21,65,19,326,*65 (pico_gnss pico-gnss-rs/src/main.rs:453)
121.214996 [INFO ] NMEA $GNRMC,121130.000,V,,,,,0.86,351.44,080626,,,N*50 (pico_gnss pico-gnss-rs/src/main.rs:453)
121.244658 [INFO ] NMEA $GPVTG,351.44,T,,M,0.86,N,1.59,K,N*36 (pico_gnss pico-gnss-rs/src/main.rs:453)
121.302548 [INFO ] NMEA $GPZDA,121130.000,08,06,2026,,*5E (pico_gnss pico-gnss-rs/src/main.rs:453)
121.332325 [INFO ] NMEA $GPGST,121130.000,9.2,60,21,25.9,54,32,38*72 (pico_gnss pico-gnss-rs/src/main.rs:453)
121.713146 [INFO ] PPSGEN count=116 interval_ns=1000002544 dev_ns=2544 phase_ns=932857 hwphase_ns=281481360 (pico_gnss pico-gnss-rs/src/main.rs:296)
121.777626 [INFO ] NMEA $GPGGA,121131.000,,,,,0,0,,,M,,M,,*49 (pico_gnss pico-gnss-rs/src/main.rs:453)
121.806925 [INFO ] NMEA $GNGLL,,,,,121131.000,V,N*65 (pico_gnss pico-gnss-rs/src/main.rs:453)
121.836120 [INFO ] NMEA $GNGSA,A,1,,,,,,,,,,,,,,,*00 (pico_gnss pico-gnss-rs/src/main.rs:453)
121.866873 [INFO ] TIME unix_ns=1780920691154676471 ppb=2512 holdover_ms=96154 locked=1 (pico_gnss pico-gnss-rs/src/main.rs:226)
121.872841 [INFO ] NMEA $GNGSA,A,1,,,,,,,,,,,,,,,*00 (pico_gnss pico-gnss-rs/src/main.rs:453)
121.931103 [INFO ] NMEA $GPGSV,3,1,12,12,63,081,17,25,61,182,,10,57,260,,23,43,199,*7A (pico_gnss pico-gnss-rs/src/main.rs:453)
121.989685 [INFO ] NMEA $GPGSV,3,2,12,32,37,314,20,24,30,063,,28,21,266,,15,15,126,*74 (pico_gnss pico-gnss-rs/src/main.rs:453)
122.048048 [INFO ] NMEA $GPGSV,3,3,12,19,02,042,18,193,,,,194,,,,195,,,*75 (pico_gnss pico-gnss-rs/src/main.rs:453)
122.106611 [INFO ] NMEA $GLGSV,2,1,06,74,78,006,,72,70,357,,71,46,126,,75,43,222,*6F (pico_gnss pico-gnss-rs/src/main.rs:453)
122.168913 [INFO ] NMEA $GLGSV,2,2,06,73,28,034,21,65,19,326,*65 (pico_gnss pico-gnss-rs/src/main.rs:453)
122.227327 [INFO ] NMEA $GNRMC,121131.000,V,,,,,2.41,236.24,080626,,,N*5E (pico_gnss pico-gnss-rs/src/main.rs:453)
122.256986 [INFO ] NMEA $GPVTG,236.24,T,,M,2.41,N,4.47,K,N*33 (pico_gnss pico-gnss-rs/src/main.rs:453)
122.286156 [INFO ] NMEA $GPZDA,121131.000,08,06,2026,,*5F (pico_gnss pico-gnss-rs/src/main.rs:453)
122.332000 [INFO ] NMEA $GPGST,121131.000,9.1,61,21,25.9,56,33,37*7D (pico_gnss pico-gnss-rs/src/main.rs:453)
122.713138 [INFO ] PPSGEN count=117 interval_ns=1000002528 dev_ns=2528 phase_ns=910345 hwphase_ns=281483888 (pico_gnss pico-gnss-rs/src/main.rs:296)
122.779879 [INFO ] NMEA $GPGGA,121132.000,,,,,0,0,,,M,,M,,*4A (pico_gnss pico-gnss-rs/src/main.rs:453)
122.799893 [INFO ] NMEA $GNGLL,,,,,121132.000,V,N*66 (pico_gnss pico-gnss-rs/src/main.rs:453)
122.829128 [INFO ] NMEA $GNGSA,A,1,,,,,,,,,,,,,,,*00 (pico_gnss pico-gnss-rs/src/main.rs:453)
122.858392 [INFO ] NMEA $GNGSA,A,1,,,,,,,,,,,,,,,*00 (pico_gnss pico-gnss-rs/src/main.rs:453)
122.868167 [INFO ] TIME unix_ns=1780920692155989956 ppb=2512 holdover_ms=97156 locked=1 (pico_gnss pico-gnss-rs/src/main.rs:226)
122.945760 [INFO ] NMEA $GPGSV,3,1,12,12,63,081,16,25,61,182,,10,57,260,,23,43,199,*7B (pico_gnss pico-gnss-rs/src/main.rs:453)
123.004309 [INFO ] NMEA $GPGSV,3,2,12,32,38,314,20,24,30,063,,28,21,266,,15,15,126,*7B (pico_gnss pico-gnss-rs/src/main.rs:453)
123.066803 [INFO ] NMEA $GPGSV,3,3,12,19,02,042,18,193,,,,194,,,,195,,,*75 (pico_gnss pico-gnss-rs/src/main.rs:453)
123.125387 [INFO ] NMEA $GLGSV,2,1,06,74,78,006,,72,70,357,,71,46,126,,75,43,222,*6F (pico_gnss pico-gnss-rs/src/main.rs:453)
123.154874 [INFO ] NMEA $GLGSV,2,2,06,73,28,034,20,65,19,326,*64 (pico_gnss pico-gnss-rs/src/main.rs:453)
123.213198 [INFO ] NMEA $GNRMC,121132.000,V,,,,,0.61,238.88,080626,,,N*55 (pico_gnss pico-gnss-rs/src/main.rs:453)
123.271444 [INFO ] NMEA $GPVTG,238.88,T,,M,0.61,N,1.12,K,N*3E (pico_gnss pico-gnss-rs/src/main.rs:453)
123.300819 [INFO ] NMEA $GPZDA,121132.000,08,06,2026,,*5C (pico_gnss pico-gnss-rs/src/main.rs:453)
123.334525 [INFO ] NMEA $GPGST,121132.000,9.0,63,21,26.0,57,33,37*76 (pico_gnss pico-gnss-rs/src/main.rs:453)
123.713149 [INFO ] PPSGEN count=118 interval_ns=1000002544 dev_ns=2544 phase_ns=921833 hwphase_ns=281486432 (pico_gnss pico-gnss-rs/src/main.rs:296)
123.778853 [INFO ] NMEA $GPGGA,121133.000,,,,,0,0,,,M,,M,,*4B (pico_gnss pico-gnss-rs/src/main.rs:453)
123.808127 [INFO ] NMEA $GNGLL,,,,,121133.000,V,N*67 (pico_gnss pico-gnss-rs/src/main.rs:453)
123.837331 [INFO ] NMEA $GNGSA,A,1,,,,,,,,,,,,,,,*00 (pico_gnss pico-gnss-rs/src/main.rs:453)
123.866603 [INFO ] NMEA $GNGSA,A,1,,,,,,,,,,,,,,,*00 (pico_gnss pico-gnss-rs/src/main.rs:453)
123.869436 [INFO ] TIME unix_ns=1780920693157274441 ppb=2512 holdover_ms=98157 locked=1 (pico_gnss pico-gnss-rs/src/main.rs:226)
123.925215 [INFO ] NMEA $GPGSV,3,1,12,12,63,081,17,25,61,182,,10,57,260,,23,43,199,*7A (pico_gnss pico-gnss-rs/src/main.rs:453)
123.990897 [INFO ] NMEA $GPGSV,3,2,12,32,38,314,20,24,30,063,,28,21,266,,15,15,126,*7B (pico_gnss pico-gnss-rs/src/main.rs:453)
124.049275 [INFO ] NMEA $GPGSV,3,3,12,19,02,042,18,193,,,,194,,,,195,,,*75 (pico_gnss pico-gnss-rs/src/main.rs:453)
124.107838 [INFO ] NMEA $GLGSV,2,1,06,74,78,006,,72,70,357,,71,46,126,,75,43,222,*6F (pico_gnss pico-gnss-rs/src/main.rs:453)
124.166058 [INFO ] NMEA $GLGSV,2,2,06,73,28,034,20,65,19,326,*64 (pico_gnss pico-gnss-rs/src/main.rs:453)
124.224462 [INFO ] NMEA $GNRMC,121133.000,V,,,,,0.05,238.88,080626,,,N*56 (pico_gnss pico-gnss-rs/src/main.rs:453)
124.258044 [INFO ] NMEA $GPVTG,238.88,T,,M,0.05,N,0.08,K,N*36 (pico_gnss pico-gnss-rs/src/main.rs:453)
124.287349 [INFO ] NMEA $GPZDA,121133.000,08,06,2026,,*5D (pico_gnss pico-gnss-rs/src/main.rs:453)
124.333196 [INFO ] NMEA $GPGST,121133.000,8.9,64,20,26.0,59,34,37*70 (pico_gnss pico-gnss-rs/src/main.rs:453)
124.713144 [INFO ] PPSGEN count=119 interval_ns=1000002528 dev_ns=2528 phase_ns=916322 hwphase_ns=281488960 (pico_gnss pico-gnss-rs/src/main.rs:296)
124.779726 [INFO ] NMEA $GPGGA,121134.000,,,,,0,0,,,M,,M,,*4C (pico_gnss pico-gnss-rs/src/main.rs:453)
124.808983 [INFO ] NMEA $GNGLL,,,,,121134.000,V,N*60 (pico_gnss pico-gnss-rs/src/main.rs:453)
124.838194 [INFO ] NMEA $GNGSA,A,1,,,,,,,,,,,,,,,*00 (pico_gnss pico-gnss-rs/src/main.rs:453)
124.867484 [INFO ] NMEA $GNGSA,A,1,,,,,,,,,,,,,,,*00 (pico_gnss pico-gnss-rs/src/main.rs:453)
124.870696 [INFO ] TIME unix_ns=1780920694158532926 ppb=2512 holdover_ms=99158 locked=1 (pico_gnss pico-gnss-rs/src/main.rs:226)
124.945539 [INFO ] NMEA $GPGSV,3,1,12,12,63,081,17,25,61,182,,10,57,260,,23,43,199,*7A (pico_gnss pico-gnss-rs/src/main.rs:453)
125.004090 [INFO ] NMEA $GPGSV,3,2,12,32,38,314,20,24,30,063,,28,21,266,,15,15,126,*7B (pico_gnss pico-gnss-rs/src/main.rs:453)
125.062513 [INFO ] NMEA $GPGSV,3,3,12,19,02,042,19,193,,,,194,,,,195,,,*74 (pico_gnss pico-gnss-rs/src/main.rs:453)
125.121050 [INFO ] NMEA $GLGSV,2,1,06,74,78,006,,72,70,357,,71,46,126,,75,43,222,*6F (pico_gnss pico-gnss-rs/src/main.rs:453)
125.179195 [INFO ] NMEA $GLGSV,2,2,06,73,28,034,20,65,19,326,*64 (pico_gnss pico-gnss-rs/src/main.rs:453)
125.212989 [INFO ] NMEA $GNRMC,121134.000,V,,,,,1.79,202.46,080626,,,N*50 (pico_gnss pico-gnss-rs/src/main.rs:453)
125.271249 [INFO ] NMEA $GPVTG,202.46,T,,M,1.79,N,3.32,K,N*3D (pico_gnss pico-gnss-rs/src/main.rs:453)
125.300608 [INFO ] NMEA $GPZDA,121134.000,08,06,2026,,*5A (pico_gnss pico-gnss-rs/src/main.rs:453)
125.330103 [INFO ] NMEA $GPGST,121134.000,8.8,66,20,26.0,60,34,37*7E (pico_gnss pico-gnss-rs/src/main.rs:453)
125.713139 [INFO ] PPSGEN count=120 interval_ns=1000002544 dev_ns=2544 phase_ns=892810 hwphase_ns=281491504 (pico_gnss pico-gnss-rs/src/main.rs:296)
125.777641 [INFO ] NMEA $GPGGA,121135.000,,,,,0,0,,,M,,M,,*4D (pico_gnss pico-gnss-rs/src/main.rs:453)
125.806940 [INFO ] NMEA $GNGLL,,,,,121135.000,V,N*61 (pico_gnss pico-gnss-rs/src/main.rs:453)
125.839178 [INFO ] NMEA $GNGSA,A,1,,,,,,,,,,,,,,,*00 (pico_gnss pico-gnss-rs/src/main.rs:453)
125.868458 [INFO ] NMEA $GNGSA,A,1,,,,,,,,,,,,,,,*00 (pico_gnss pico-gnss-rs/src/main.rs:453)
125.871961 [INFO ] TIME unix_ns=1780920695159794411 ppb=2512 holdover_ms=100160 locked=1 (pico_gnss pico-gnss-rs/src/main.rs:226)
125.927081 [INFO ] NMEA $GPGSV,3,1,12,12,63,081,17,25,61,182,,10,57,260,,23,43,199,*7A (pico_gnss pico-gnss-rs/src/main.rs:453)
126.014309 [INFO ] NMEA $GPGSV,3,2,12,32,38,314,20,24,30,063,,28,21,266,,15,15,126,*7B (pico_gnss pico-gnss-rs/src/main.rs:453)
126.044018 [INFO ] NMEA $GPGSV,3,3,12,19,02,042,19,193,,,,194,,,,195,,,*74 (pico_gnss pico-gnss-rs/src/main.rs:453)
126.106600 [INFO ] NMEA $GLGSV,2,1,06,74,78,006,,72,70,357,,71,46,126,,75,43,222,*6F (pico_gnss pico-gnss-rs/src/main.rs:453)
126.164844 [INFO ] NMEA $GLGSV,2,2,06,73,28,034,19,65,19,326,*6E (pico_gnss pico-gnss-rs/src/main.rs:453)
126.223238 [INFO ] NMEA $GNRMC,121135.000,V,,,,,1.41,230.86,080626,,,N*57 (pico_gnss pico-gnss-rs/src/main.rs:453)
126.252857 [INFO ] NMEA $GPVTG,230.86,T,,M,1.41,N,2.62,K,N*3F (pico_gnss pico-gnss-rs/src/main.rs:453)
126.282086 [INFO ] NMEA $GPZDA,121135.000,08,06,2026,,*5B (pico_gnss pico-gnss-rs/src/main.rs:453)
126.332082 [INFO ] NMEA $GPGST,121135.000,8.7,68,20,26.1,62,35,38*73 (pico_gnss pico-gnss-rs/src/main.rs:453)
126.713166 [INFO ] PPSGEN count=121 interval_ns=1000002528 dev_ns=2528 phase_ns=931298 hwphase_ns=281494032 (pico_gnss pico-gnss-rs/src/main.rs:296)
126.764356 [INFO ] NMEA $GPGGA,121136.000,,,,,0,0,,,M,,M,,*4E (pico_gnss pico-gnss-rs/src/main.rs:453)
126.793599 [INFO ] NMEA $GNGLL,,,,,121136.000,V,N*62 (pico_gnss pico-gnss-rs/src/main.rs:453)
126.822852 [INFO ] NMEA $GNGSA,A,1,,,,,,,,,,,,,,,*00 (pico_gnss pico-gnss-rs/src/main.rs:453)
126.873247 [INFO ] TIME unix_ns=1780920696161045896 ppb=2512 holdover_ms=101161 locked=1 (pico_gnss pico-gnss-rs/src/main.rs:226)
126.881089 [INFO ] NMEA $GNGSA,A,1,,,,,,,,,,,,,,,*00 (pico_gnss pico-gnss-rs/src/main.rs:453)
126.939425 [INFO ] NMEA $GPGSV,3,1,12,12,63,081,17,25,61,182,,10,57,260,,23,43,199,*7A (pico_gnss pico-gnss-rs/src/main.rs:453)
126.997982 [INFO ] NMEA $GPGSV,3,2,12,32,38,314,20,24,30,063,,28,21,266,,15,15,126,*7B (pico_gnss pico-gnss-rs/src/main.rs:453)
127.060462 [INFO ] NMEA $GPGSV,3,3,12,19,02,042,19,193,,,,194,,,,195,,,*74 (pico_gnss pico-gnss-rs/src/main.rs:453)
127.119018 [INFO ] NMEA $GLGSV,2,1,06,74,78,006,,72,70,357,,71,46,126,,75,43,222,*6F (pico_gnss pico-gnss-rs/src/main.rs:453)
127.177232 [INFO ] NMEA $GLGSV,2,2,06,73,28,034,18,65,19,326,*6F (pico_gnss pico-gnss-rs/src/main.rs:453)
127.206928 [INFO ] NMEA $GNRMC,121136.000,V,,,,,1.56,197.99,080626,,,N*52 (pico_gnss pico-gnss-rs/src/main.rs:453)
127.265109 [INFO ] NMEA $GPVTG,197.99,T,,M,1.56,N,2.88,K,N*3D (pico_gnss pico-gnss-rs/src/main.rs:453)
127.298509 [INFO ] NMEA $GPZDA,121136.000,08,06,2026,,*58 (pico_gnss pico-gnss-rs/src/main.rs:453)
127.328090 [INFO ] NMEA $GPGST,121136.000,8.7,70,20,26.1,63,36,38*7B (pico_gnss pico-gnss-rs/src/main.rs:453)
127.713153 [INFO ] PPSGEN count=122 interval_ns=1000002544 dev_ns=2544 phase_ns=900786 hwphase_ns=281496576 (pico_gnss pico-gnss-rs/src/main.rs:296)
127.779889 [INFO ] NMEA $GPGGA,121137.000,,,,,0,0,,,M,,M,,*4F (pico_gnss pico-gnss-rs/src/main.rs:453)
127.809164 [INFO ] NMEA $GNGLL,,,,,121137.000,V,N*63 (pico_gnss pico-gnss-rs/src/main.rs:453)
127.838360 [INFO ] NMEA $GNGSA,A,1,,,,,,,,,,,,,,,*00 (pico_gnss pico-gnss-rs/src/main.rs:453)
127.867620 [INFO ] NMEA $GNGSA,A,1,,,,,,,,,,,,,,,*00 (pico_gnss pico-gnss-rs/src/main.rs:453)
127.874528 [INFO ] TIME unix_ns=1780920697162347380 ppb=2512 holdover_ms=102162 locked=1 (pico_gnss pico-gnss-rs/src/main.rs:226)
127.926338 [INFO ] NMEA $GPGSV,3,1,12,12,63,081,17,25,61,182,,10,57,260,,23,43,199,*7A (pico_gnss pico-gnss-rs/src/main.rs:453)
128.016626 [INFO ] NMEA $GPGSV,3,2,12,32,38,314,20,24,30,063,,28,21,266,,15,15,126,*7B (pico_gnss pico-gnss-rs/src/main.rs:453)
128.046346 [INFO ] NMEA $GPGSV,3,3,12,19,02,042,19,193,,,,194,,,,195,,,*74 (pico_gnss pico-gnss-rs/src/main.rs:453)
128.133592 [INFO ] NMEA $GLGSV,2,1,06,74,78,006,,72,70,357,,71,46,126,,75,43,222,*6F (pico_gnss pico-gnss-rs/src/main.rs:453)
128.163104 [INFO ] NMEA $GLGSV,2,2,06,73,28,034,18,65,19,326,*6F (pico_gnss pico-gnss-rs/src/main.rs:453)
128.225529 [INFO ] NMEA $GNRMC,121137.000,V,,,,,1.05,105.03,080626,,,N*5D (pico_gnss pico-gnss-rs/src/main.rs:453)
128.255193 [INFO ] NMEA $GPVTG,105.03,T,,M,1.05,N,1.95,K,N*3C (pico_gnss pico-gnss-rs/src/main.rs:453)
128.284366 [INFO ] NMEA $GPZDA,121137.000,08,06,2026,,*59 (pico_gnss pico-gnss-rs/src/main.rs:453)
128.334397 [INFO ] NMEA $GPGST,121137.000,8.6,72,20,26.1,65,36,38*7F (pico_gnss pico-gnss-rs/src/main.rs:453)
128.713154 [INFO ] PPSGEN count=123 interval_ns=1000002528 dev_ns=2528 phase_ns=915274 hwphase_ns=281499104 (pico_gnss pico-gnss-rs/src/main.rs:296)
128.778751 [INFO ] NMEA $GPGGA,121138.000,,,,,0,0,,,M,,M,,*40 (pico_gnss pico-gnss-rs/src/main.rs:453)
128.808018 [INFO ] NMEA $GNGLL,,,,,121138.000,V,N*6C (pico_gnss pico-gnss-rs/src/main.rs:453)
128.837201 [INFO ] NMEA $GNGSA,A,1,,,,,,,,,,,,,,,*00 (pico_gnss pico-gnss-rs/src/main.rs:453)
128.875825 [INFO ] TIME unix_ns=1780920698163611865 ppb=2512 holdover_ms=103163 locked=1 (pico_gnss pico-gnss-rs/src/main.rs:226)
128.882104 [INFO ] NMEA $GNGSA,A,1,,,,,,,,,,,,,,,*00 (pico_gnss pico-gnss-rs/src/main.rs:453)
128.940452 [INFO ] NMEA $GPGSV,3,1,12,12,63,081,17,25,61,182,,10,57,260,,23,43,199,*7A (pico_gnss pico-gnss-rs/src/main.rs:453)
128.998985 [INFO ] NMEA $GPGSV,3,2,12,32,38,314,19,24,30,063,,28,21,266,,15,15,126,*71 (pico_gnss pico-gnss-rs/src/main.rs:453)
129.057402 [INFO ] NMEA $GPGSV,3,3,12,19,02,042,19,193,,,,194,,,,195,,,*74 (pico_gnss pico-gnss-rs/src/main.rs:453)
129.115946 [INFO ] NMEA $GLGSV,2,1,06,74,78,006,,72,70,357,,71,46,126,,75,43,222,*6F (pico_gnss pico-gnss-rs/src/main.rs:453)
129.178245 [INFO ] NMEA $GLGSV,2,2,06,73,28,034,18,65,19,326,*6F (pico_gnss pico-gnss-rs/src/main.rs:453)
129.207944 [INFO ] NMEA $GNRMC,121138.000,V,,,,,1.49,122.94,080626,,,N*51 (pico_gnss pico-gnss-rs/src/main.rs:453)
129.266128 [INFO ] NMEA $GPVTG,122.94,T,,M,1.49,N,2.76,K,N*31 (pico_gnss pico-gnss-rs/src/main.rs:453)
129.295494 [INFO ] NMEA $GPZDA,121138.000,08,06,2026,,*56 (pico_gnss pico-gnss-rs/src/main.rs:453)
129.332945 [INFO ] NMEA $GPGST,121138.000,8.5,73,20,26.0,66,37,38*71 (pico_gnss pico-gnss-rs/src/main.rs:453)
129.713151 [INFO ] PPSGEN count=124 interval_ns=1000002544 dev_ns=2544 phase_ns=910762 hwphase_ns=-437975088 (pico_gnss pico-gnss-rs/src/main.rs:296)
129.787756 [INFO ] NMEA $GPGGA,121139.000,,,,,0,0,,,M,,M,,*41 (pico_gnss pico-gnss-rs/src/main.rs:453)
129.815996 [INFO ] NMEA $GNGLL,,,,,121139.000,V,N*6D (pico_gnss pico-gnss-rs/src/main.rs:453)
129.845190 [INFO ] NMEA $GNGSA,A,1,,,,,,,,,,,,,,,*00 (pico_gnss pico-gnss-rs/src/main.rs:453)
129.874466 [INFO ] NMEA $GNGSA,A,1,,,,,,,,,,,,,,,*00 (pico_gnss pico-gnss-rs/src/main.rs:453)
129.877108 [INFO ] TIME unix_ns=1780920699164926350 ppb=2512 holdover_ms=104165 locked=1 (pico_gnss pico-gnss-rs/src/main.rs:226)
129.933062 [INFO ] NMEA $GPGSV,3,1,12,12,63,081,17,25,61,182,,10,57,260,,23,43,199,*7A (pico_gnss pico-gnss-rs/src/main.rs:453)
130.020343 [INFO ] NMEA $GPGSV,3,2,12,32,38,314,19,24,30,063,,28,21,266,,15,15,126,*71 (pico_gnss pico-gnss-rs/src/main.rs:453)
130.078635 [INFO ] NMEA $GPGSV,3,3,12,19,02,042,18,193,,,,194,,,,195,,,*75 (pico_gnss pico-gnss-rs/src/main.rs:453)
130.141380 [INFO ] NMEA $GLGSV,2,1,06,74,78,006,,72,70,357,,71,46,126,,75,43,222,*6F (pico_gnss pico-gnss-rs/src/main.rs:453)
130.170932 [INFO ] NMEA $GLGSV,2,2,06,73,28,034,17,65,19,326,*60 (pico_gnss pico-gnss-rs/src/main.rs:453)
130.229192 [INFO ] NMEA $GNRMC,121139.000,V,,,,,1.04,260.73,080626,,,N*55 (pico_gnss pico-gnss-rs/src/main.rs:453)
130.258870 [INFO ] NMEA $GPVTG,260.73,T,,M,1.04,N,1.92,K,N*3D (pico_gnss pico-gnss-rs/src/main.rs:453)
130.316786 [INFO ] NMEA $GPZDA,121139.000,08,06,2026,,*57 (pico_gnss pico-gnss-rs/src/main.rs:453)
130.342563 [INFO ] NMEA $GPGST,121139.000,8.4,75,20,26.0,68,37,38*79 (pico_gnss pico-gnss-rs/src/main.rs:453)
130.713153 [INFO ] PPSGEN count=125 interval_ns=1000002528 dev_ns=2528 phase_ns=906250 hwphase_ns=-437972560 (pico_gnss pico-gnss-rs/src/main.rs:296)
130.781687 [INFO ] NMEA $GPGGA,121140.000,,,,,0,0,,,M,,M,,*4F (pico_gnss pico-gnss-rs/src/main.rs:453)
130.810922 [INFO ] NMEA $GNGLL,,,,,121140.000,V,N*63 (pico_gnss pico-gnss-rs/src/main.rs:453)
130.840136 [INFO ] NMEA $GNGSA,A,1,,,,,,,,,,,,,,,*00 (pico_gnss pico-gnss-rs/src/main.rs:453)
130.869405 [INFO ] NMEA $GNGSA,A,1,,,,,,,,,,,,,,,*00 (pico_gnss pico-gnss-rs/src/main.rs:453)
130.878389 [INFO ] TIME unix_ns=1780920700166203835 ppb=2512 holdover_ms=105166 locked=1 (pico_gnss pico-gnss-rs/src/main.rs:226)
130.928002 [INFO ] NMEA $GPGSV,3,1,12,12,63,081,17,25,61,182,,10,57,260,,23,43,199,*7A (pico_gnss pico-gnss-rs/src/main.rs:453)
131.001910 [INFO ] NMEA $GPGSV,3,2,12,32,38,314,19,24,30,063,,28,21,266,,15,15,126,*71 (pico_gnss pico-gnss-rs/src/main.rs:453)
131.060316 [INFO ] NMEA $GPGSV,3,3,12,19,02,042,18,193,,,,194,,,,195,,,*75 (pico_gnss pico-gnss-rs/src/main.rs:453)
131.118831 [INFO ] NMEA $GLGSV,2,1,06,74,78,006,,72,70,357,,71,46,126,,75,43,222,*6F (pico_gnss pico-gnss-rs/src/main.rs:453)
131.177097 [INFO ] NMEA $GLGSV,2,2,06,73,28,034,17,65,19,326,*60 (pico_gnss pico-gnss-rs/src/main.rs:453)
131.206720 [INFO ] NMEA $GNRMC,121140.000,V,,,,,0.69,175.41,080626,,,N*57 (pico_gnss pico-gnss-rs/src/main.rs:453)
131.269009 [INFO ] NMEA $GPVTG,175.41,T,,M,0.69,N,1.29,K,N*31 (pico_gnss pico-gnss-rs/src/main.rs:453)
131.298387 [INFO ] NMEA $GPZDA,121140.000,08,06,2026,,*59 (pico_gnss pico-gnss-rs/src/main.rs:453)
131.335850 [INFO ] NMEA $GPGST,121140.000,8.4,77,20,26.0,70,38,38*73 (pico_gnss pico-gnss-rs/src/main.rs:453)
131.713167 [INFO ] PPSGEN count=126 interval_ns=1000002544 dev_ns=2544 phase_ns=914738 hwphase_ns=-437970016 (pico_gnss pico-gnss-rs/src/main.rs:296)
131.778743 [INFO ] NMEA $GPGGA,121141.000,,,,,0,0,,,M,,M,,*4E (pico_gnss pico-gnss-rs/src/main.rs:453)
131.808024 [INFO ] NMEA $GNGLL,,,,,121141.000,V,N*62 (pico_gnss pico-gnss-rs/src/main.rs:453)
131.837246 [INFO ] NMEA $GNGSA,A,1,,,,,,,,,,,,,,,*00 (pico_gnss pico-gnss-rs/src/main.rs:453)
131.866493 [INFO ] NMEA $GNGSA,A,1,,,,,,,,,,,,,,,*00 (pico_gnss pico-gnss-rs/src/main.rs:453)
131.879665 [INFO ] TIME unix_ns=1780920701167468320 ppb=2512 holdover_ms=106167 locked=1 (pico_gnss pico-gnss-rs/src/main.rs:226)
131.924053 [INFO ] NMEA $GPGSV,3,1,12,12,63,081,17,25,61,182,,10,57,260,,23,43,199,*7A (pico_gnss pico-gnss-rs/src/main.rs:453)
132.011361 [INFO ] NMEA $GPGSV,3,2,12,32,38,314,19,24,30,063,,28,21,266,,15,15,126,*71 (pico_gnss pico-gnss-rs/src/main.rs:453)
132.069689 [INFO ] NMEA $GPGSV,3,3,12,19,02,042,18,193,,,,194,,,,195,,,*75 (pico_gnss pico-gnss-rs/src/main.rs:453)
132.128275 [INFO ] NMEA $GLGSV,2,1,06,74,78,006,,72,70,357,,71,46,126,,75,43,222,*6F (pico_gnss pico-gnss-rs/src/main.rs:453)
132.157796 [INFO ] NMEA $GLGSV,2,2,06,73,28,034,17,65,19,326,*60 (pico_gnss pico-gnss-rs/src/main.rs:453)
132.220177 [INFO ] NMEA $GNRMC,121141.000,V,,,,,1.56,216.49,080626,,,N*55 (pico_gnss pico-gnss-rs/src/main.rs:453)
132.249862 [INFO ] NMEA $GPVTG,216.49,T,,M,1.56,N,2.89,K,N*3B (pico_gnss pico-gnss-rs/src/main.rs:453)
132.307765 [INFO ] NMEA $GPZDA,121141.000,08,06,2026,,*58 (pico_gnss pico-gnss-rs/src/main.rs:453)
132.333309 [INFO ] NMEA $GPGST,121141.000,8.3,79,20,26.1,71,39,38*7A (pico_gnss pico-gnss-rs/src/main.rs:453)
132.713159 [INFO ] PPSGEN count=127 interval_ns=1000002528 dev_ns=2528 phase_ns=904227 hwphase_ns=-437967488 (pico_gnss pico-gnss-rs/src/main.rs:296)
132.781745 [INFO ] NMEA $GPGGA,121142.000,,,,,0,0,,,M,,M,,*4D (pico_gnss pico-gnss-rs/src/main.rs:453)
132.811024 [INFO ] NMEA $GNGLL,,,,,121142.000,V,N*61 (pico_gnss pico-gnss-rs/src/main.rs:453)
132.851449 [INFO ] NMEA $GNGSA,A,1,,,,,,,,,,,,,,,*00 (pico_gnss pico-gnss-rs/src/main.rs:453)
132.881124 [INFO ] TIME unix_ns=1780920702168911804 ppb=2512 holdover_ms=107169 locked=1 (pico_gnss pico-gnss-rs/src/main.rs:226)
132.882442 [INFO ] NMEA $GNGSA,A,1,,,,,,,,,,,,,,,*00 (pico_gnss pico-gnss-rs/src/main.rs:453)
132.939310 [INFO ] NMEA $GPGSV,3,1,12,12,63,081,17,25,61,182,,10,57,260,,23,43,199,*7A (pico_gnss pico-gnss-rs/src/main.rs:453)
132.997882 [INFO ] NMEA $GPGSV,3,2,12,32,38,314,19,24,30,063,,28,21,266,,15,15,126,*71 (pico_gnss pico-gnss-rs/src/main.rs:453)
133.056248 [INFO ] NMEA $GPGSV,3,3,12,19,02,042,18,193,,,,194,,,,195,,,*75 (pico_gnss pico-gnss-rs/src/main.rs:453)
133.118889 [INFO ] NMEA $GLGSV,2,1,06,74,78,006,,72,70,357,,71,46,126,,75,43,222,*6F (pico_gnss pico-gnss-rs/src/main.rs:453)
133.177174 [INFO ] NMEA $GLGSV,2,2,06,73,28,034,17,65,19,326,*60 (pico_gnss pico-gnss-rs/src/main.rs:453)
133.206800 [INFO ] NMEA $GNRMC,121142.000,V,,,,,1.48,198.39,080626,,,N*5B (pico_gnss pico-gnss-rs/src/main.rs:453)
133.265020 [INFO ] NMEA $GPVTG,198.39,T,,M,1.48,N,2.74,K,N*34 (pico_gnss pico-gnss-rs/src/main.rs:453)
133.294386 [INFO ] NMEA $GPZDA,121142.000,08,06,2026,,*5B (pico_gnss pico-gnss-rs/src/main.rs:453)
133.336027 [INFO ] NMEA $GPGST,121142.000,8.3,81,20,26.1,73,40,38*72 (pico_gnss pico-gnss-rs/src/main.rs:453)
133.713181 [INFO ] PPSGEN count=128 interval_ns=1000002544 dev_ns=2544 phase_ns=921715 hwphase_ns=-437964944 (pico_gnss pico-gnss-rs/src/main.rs:296)
133.777623 [INFO ] NMEA $GPGGA,121143.000,,,,,0,0,,,M,,M,,*4C (pico_gnss pico-gnss-rs/src/main.rs:453)
133.806850 [INFO ] NMEA $GNGLL,,,,,121143.000,V,N*60 (pico_gnss pico-gnss-rs/src/main.rs:453)
133.836107 [INFO ] NMEA $GNGSA,A,1,,,,,,,,,,,,,,,*00 (pico_gnss pico-gnss-rs/src/main.rs:453)
133.865374 [INFO ] NMEA $GNGSA,A,1,,,,,,,,,,,,,,,*00 (pico_gnss pico-gnss-rs/src/main.rs:453)
133.882416 [INFO ] TIME unix_ns=1780920703170212289 ppb=2512 holdover_ms=108170 locked=1 (pico_gnss pico-gnss-rs/src/main.rs:226)
133.952640 [INFO ] NMEA $GPGSV,3,1,12,12,63,081,17,25,61,182,,10,57,260,,23,43,199,*7A (pico_gnss pico-gnss-rs/src/main.rs:453)
134.011295 [INFO ] NMEA $GPGSV,3,2,12,32,38,314,19,24,30,063,,28,21,266,,15,15,126,17*77 (pico_gnss pico-gnss-rs/src/main.rs:453)
134.073754 [INFO ] NMEA $GPGSV,3,3,12,19,02,042,18,193,,,,194,,,,195,,,*75 (pico_gnss pico-gnss-rs/src/main.rs:453)
134.132433 [INFO ] NMEA $GLGSV,2,1,06,74,78,006,,72,70,357,,71,46,126,,75,43,222,*6F (pico_gnss pico-gnss-rs/src/main.rs:453)
134.161952 [INFO ] NMEA $GLGSV,2,2,06,73,28,034,16,65,19,326,*61 (pico_gnss pico-gnss-rs/src/main.rs:453)
134.220233 [INFO ] NMEA $GNRMC,121143.000,V,,,,,1.18,279.44,080626,,,N*59 (pico_gnss pico-gnss-rs/src/main.rs:453)
134.278504 [INFO ] NMEA $GPVTG,279.44,T,,M,1.18,N,2.18,K,N*3D (pico_gnss pico-gnss-rs/src/main.rs:453)
134.311925 [INFO ] NMEA $GPZDA,121143.000,08,06,2026,,*5A (pico_gnss pico-gnss-rs/src/main.rs:453)
134.339563 [INFO ] NMEA $GPGST,121143.000,8.2,83,20,26.1,75,40,38*76 (pico_gnss pico-gnss-rs/src/main.rs:453)
134.713172 [INFO ] PPSGEN count=129 interval_ns=1000002528 dev_ns=2528 phase_ns=924203 hwphase_ns=-437962416 (pico_gnss pico-gnss-rs/src/main.rs:296)
134.811808 [INFO ] NMEA $GPGGA,121144.000,0000.0000,N,00000.0000,E,1,3,4.88,24.4,M,39.0,M,,*64 (pico_gnss pico-gnss-rs/src/main.rs:453)
134.870136 [INFO ] NMEA $GNGLL,0000.0000,N,00000.0000,E,121144.000,A,A*40 (pico_gnss pico-gnss-rs/src/main.rs:453)
134.883687 [INFO ] TIME unix_ns=1780920704171495774 ppb=2512 holdover_ms=109171 locked=1 (pico_gnss pico-gnss-rs/src/main.rs:226)
134.928558 [INFO ] NMEA $GNGSA,A,2,32,12,15,,,,,,,,,,4.98,4.88,1.00*1B (pico_gnss pico-gnss-rs/src/main.rs:453)
134.967161 [INFO ] NMEA $GNGSA,A,2,,,,,,,,,,,,,4.98,4.88,1.00*1D (pico_gnss pico-gnss-rs/src/main.rs:453)
135.025751 [INFO ] NMEA $GPGSV,3,1,12,12,63,081,17,25,61,182,,10,57,260,,23,43,199,*7A (pico_gnss pico-gnss-rs/src/main.rs:453)
135.084343 [INFO ] NMEA $GPGSV,3,2,12,32,38,314,19,24,30,063,,28,21,266,,15,15,126,18*78 (pico_gnss pico-gnss-rs/src/main.rs:453)
135.142775 [INFO ] NMEA $GPGSV,3,3,12,19,02,042,18,193,,,,194,,,,195,,,*75 (pico_gnss pico-gnss-rs/src/main.rs:453)
135.201286 [INFO ] NMEA $GLGSV,2,1,06,74,78,006,,72,70,357,,71,46,126,,75,43,222,*6F (pico_gnss pico-gnss-rs/src/main.rs:453)
135.263624 [INFO ] NMEA $GLGSV,2,2,06,73,28,034,15,65,19,326,*62 (pico_gnss pico-gnss-rs/src/main.rs:453)
135.322335 [INFO ] NMEA $GNRMC,121144.000,A,0000.0000,N,00000.0000,E,1.44,350.57,080626,,,A*78 (pico_gnss pico-gnss-rs/src/main.rs:453)
135.380620 [INFO ] NMEA $GPVTG,350.57,T,,M,1.44,N,2.67,K,A*3B (pico_gnss pico-gnss-rs/src/main.rs:453)
135.409978 [INFO ] NMEA $GPZDA,121144.000,08,06,2026,,*5D (pico_gnss pico-gnss-rs/src/main.rs:453)
135.448472 [INFO ] NMEA $GPGST,121144.000,8.7,75,19,27.4,67,39,35*73 (pico_gnss pico-gnss-rs/src/main.rs:453)
135.713177 [INFO ] PPSGEN count=130 interval_ns=1000002544 dev_ns=2544 phase_ns=923691 hwphase_ns=-437959872 (pico_gnss pico-gnss-rs/src/main.rs:296)
135.810812 [INFO ] NMEA $GPGGA,121145.000,0000.0000,N,00000.0000,E,1,3,4.88,24.4,M,39.0,M,,*61 (pico_gnss pico-gnss-rs/src/main.rs:453)
135.869151 [INFO ] NMEA $GNGLL,0000.0000,N,00000.0000,E,121145.000,A,A*45 (pico_gnss pico-gnss-rs/src/main.rs:453)
135.884961 [INFO ] TIME unix_ns=1780920705172759259 ppb=2512 holdover_ms=110173 locked=1 (pico_gnss pico-gnss-rs/src/main.rs:226)
135.927570 [INFO ] NMEA $GNGSA,A,2,32,12,15,,,,,,,,,,4.98,4.88,1.00*1B (pico_gnss pico-gnss-rs/src/main.rs:453)
135.957023 [INFO ] NMEA $GNGSA,A,2,,,,,,,,,,,,,4.98,4.88,1.00*1D (pico_gnss pico-gnss-rs/src/main.rs:453)
136.015500 [INFO ] NMEA $GPGSV,3,1,12,12,63,081,17,25,61,182,,10,57,260,,23,43,199,*7A (pico_gnss pico-gnss-rs/src/main.rs:453)
136.106962 [INFO ] NMEA $GPGSV,3,2,12,32,38,314,19,24,30,063,,28,21,266,,15,15,126,17*77 (pico_gnss pico-gnss-rs/src/main.rs:453)
136.136662 [INFO ] NMEA $GPGSV,3,3,12,19,02,042,18,193,,,,194,,,,195,,,*75 (pico_gnss pico-gnss-rs/src/main.rs:453)
136.223917 [INFO ] NMEA $GLGSV,2,1,06,74,78,006,,72,70,357,,71,46,126,,75,43,222,*6F (pico_gnss pico-gnss-rs/src/main.rs:453)
136.253448 [INFO ] NMEA $GLGSV,2,2,06,73,28,034,15,65,19,326,*62 (pico_gnss pico-gnss-rs/src/main.rs:453)
136.344998 [INFO ] NMEA $GNRMC,121145.000,A,0000.0000,N,00000.0000,E,3.01,357.75,080626,,,A*79 (pico_gnss pico-gnss-rs/src/main.rs:453)
136.374613 [INFO ] NMEA $GPVTG,357.75,T,,M,3.01,N,5.58,K,A*34 (pico_gnss pico-gnss-rs/src/main.rs:453)
136.403817 [INFO ] NMEA $GPZDA,121145.000,08,06,2026,,*5C (pico_gnss pico-gnss-rs/src/main.rs:453)
136.449670 [INFO ] NMEA $GPGST,121145.000,8.7,71,19,28.2,63,38,35*7A (pico_gnss pico-gnss-rs/src/main.rs:453)
136.713176 [INFO ] PPSGEN count=131 interval_ns=1000002528 dev_ns=2528 phase_ns=913179 hwphase_ns=-437957344 (pico_gnss pico-gnss-rs/src/main.rs:296)
136.872838 [INFO ] NMEA $GPGGA,121146.000,0000.0000,N,00000.0000,E,1,3,4.87,24.5,M,39.0,M,,*66 (pico_gnss pico-gnss-rs/src/main.rs:453)
136.886227 [INFO ] TIME unix_ns=1780920706174033744 ppb=2512 holdover_ms=111174 locked=1 (pico_gnss pico-gnss-rs/src/main.rs:226)
136.922037 [INFO ] NMEA $GNGLL,0000.0000,N,00000.0000,E,121146.000,A,A*4C (pico_gnss pico-gnss-rs/src/main.rs:453)
136.980281 [INFO ] NMEA $GNGSA,A,2,32,12,15,,,,,,,,,,4.98,4.87,1.00*14 (pico_gnss pico-gnss-rs/src/main.rs:453)
137.009780 [INFO ] NMEA $GNGSA,A,2,,,,,,,,,,,,,4.98,4.87,1.00*12 (pico_gnss pico-gnss-rs/src/main.rs:453)
137.097067 [INFO ] NMEA $GPGSV,3,1,12,12,63,081,17,25,61,182,,10,57,260,14,23,43,199,*7F (pico_gnss pico-gnss-rs/src/main.rs:453)
137.155712 [INFO ] NMEA $GPGSV,3,2,12,32,38,314,19,24,30,063,,28,21,266,,15,15,126,18*78 (pico_gnss pico-gnss-rs/src/main.rs:453)
137.218167 [INFO ] NMEA $GPGSV,3,3,12,19,02,042,18,193,,,,194,,,,195,,,*75 (pico_gnss pico-gnss-rs/src/main.rs:453)
137.276765 [INFO ] NMEA $GLGSV,2,1,06,74,78,006,,72,70,357,,71,46,126,,75,43,222,*6F (pico_gnss pico-gnss-rs/src/main.rs:453)
137.334944 [INFO ] NMEA $GLGSV,2,2,06,73,28,034,15,65,19,326,*62 (pico_gnss pico-gnss-rs/src/main.rs:453)
137.393707 [INFO ] NMEA $GNRMC,121146.000,A,0000.0000,N,00000.0000,E,1.58,355.89,080626,,,A*7F (pico_gnss pico-gnss-rs/src/main.rs:453)
137.423343 [INFO ] NMEA $GPVTG,355.89,T,,M,1.58,N,2.93,K,A*3B (pico_gnss pico-gnss-rs/src/main.rs:453)
137.485332 [INFO ] NMEA $GPZDA,121146.000,08,06,2026,,*5F (pico_gnss pico-gnss-rs/src/main.rs:453)
137.511985 [INFO ] NMEA $GPGST,121146.000,8.6,63,14,27.9,56,32,29*73 (pico_gnss pico-gnss-rs/src/main.rs:453)
137.713174 [INFO ] PPSGEN count=132 interval_ns=1000002528 dev_ns=2528 phase_ns=915667 hwphase_ns=-437954816 (pico_gnss pico-gnss-rs/src/main.rs:296)
137.871771 [INFO ] NMEA $GPGGA,121147.000,0000.0000,N,00000.0000,E,1,3,4.87,24.5,M,39.0,M,,*61 (pico_gnss pico-gnss-rs/src/main.rs:453)
137.887517 [INFO ] TIME unix_ns=1780920707175316229 ppb=2512 holdover_ms=112175 locked=1 (pico_gnss pico-gnss-rs/src/main.rs:226)
137.930159 [INFO ] NMEA $GNGLL,0000.0000,N,00000.0000,E,121147.000,A,A*4B (pico_gnss pico-gnss-rs/src/main.rs:453)
137.988388 [INFO ] NMEA $GNGSA,A,2,32,12,15,,,,,,,,,,4.97,4.87,1.00*1B (pico_gnss pico-gnss-rs/src/main.rs:453)
138.028134 [INFO ] NMEA $GNGSA,A,2,,,,,,,,,,,,,4.97,4.87,1.00*1D (pico_gnss pico-gnss-rs/src/main.rs:453)
138.086771 [INFO ] NMEA $GPGSV,3,1,12,12,63,081,17,25,61,182,,10,57,260,16,23,43,199,*7D (pico_gnss pico-gnss-rs/src/main.rs:453)
138.145353 [INFO ] NMEA $GPGSV,3,2,12,32,38,314,19,24,30,063,,28,21,266,,15,15,126,17*77 (pico_gnss pico-gnss-rs/src/main.rs:453)
138.203778 [INFO ] NMEA $GPGSV,3,3,12,19,02,042,18,193,,,,194,,,,195,,,*75 (pico_gnss pico-gnss-rs/src/main.rs:453)
138.266376 [INFO ] NMEA $GLGSV,2,1,06,74,78,006,,72,70,357,,71,46,126,,75,43,222,*6F (pico_gnss pico-gnss-rs/src/main.rs:453)
138.324650 [INFO ] NMEA $GLGSV,2,2,06,73,28,034,13,65,19,326,*64 (pico_gnss pico-gnss-rs/src/main.rs:453)
138.383410 [INFO ] NMEA $GNRMC,121147.000,A,0000.0000,N,00000.0000,E,1.35,354.15,080626,,,A*77 (pico_gnss pico-gnss-rs/src/main.rs:453)
138.441690 [INFO ] NMEA $GPVTG,354.15,T,,M,1.35,N,2.50,K,A*3B (pico_gnss pico-gnss-rs/src/main.rs:453)
138.471060 [INFO ] NMEA $GPZDA,121147.000,08,06,2026,,*5E (pico_gnss pico-gnss-rs/src/main.rs:453)
138.510791 [INFO ] NMEA $GPGST,121147.000,8.6,58,14,28.7,52,30,28*7C (pico_gnss pico-gnss-rs/src/main.rs:453)
138.713183 [INFO ] PPSGEN count=133 interval_ns=1000002544 dev_ns=2544 phase_ns=928155 hwphase_ns=-437952272 (pico_gnss pico-gnss-rs/src/main.rs:296)
138.888811 [INFO ] TIME unix_ns=1780920708176585714 ppb=2512 holdover_ms=113176 locked=1 (pico_gnss pico-gnss-rs/src/main.rs:226)
138.896099 [INFO ] NMEA $GPGGA,121148.000,0000.0000,N,00000.0000,E,1,4,2.12,24.8,M,39.0,M,,*67 (pico_gnss pico-gnss-rs/src/main.rs:453)
138.954118 [INFO ] NMEA $GNGLL,0000.0000,N,00000.0000,E,121148.000,A,A*4D (pico_gnss pico-gnss-rs/src/main.rs:453)
139.012497 [INFO ] NMEA $GNGSA,A,3,32,12,10,15,,,,,,,,,2.31,2.12,0.92*11 (pico_gnss pico-gnss-rs/src/main.rs:453)
139.042029 [INFO ] NMEA $GNGSA,A,3,,,,,,,,,,,,,2.31,2.12,0.92*16 (pico_gnss pico-gnss-rs/src/main.rs:453)
139.101615 [INFO ] NMEA $GPGSV,3,1,12,12,63,081,17,25,61,182,,10,57,260,16,23,43,199,*7D (pico_gnss pico-gnss-rs/src/main.rs:453)
139.188970 [INFO ] NMEA $GPGSV,3,2,12,32,38,314,19,24,30,063,,28,21,266,,15,15,126,16*76 (pico_gnss pico-gnss-rs/src/main.rs:453)
139.247423 [INFO ] NMEA $GPGSV,3,3,12,19,02,042,18,193,,,,194,,,,195,,,*75 (pico_gnss pico-gnss-rs/src/main.rs:453)
139.305953 [INFO ] NMEA $GLGSV,2,1,06,74,78,006,,72,70,357,,71,46,126,,75,43,222,*6F (pico_gnss pico-gnss-rs/src/main.rs:453)
139.335435 [INFO ] NMEA $GLGSV,2,2,06,73,28,034,,65,19,326,*66 (pico_gnss pico-gnss-rs/src/main.rs:453)
139.426938 [INFO ] NMEA $GNRMC,121148.000,A,0000.0000,N,00000.0000,E,0.68,3.05,080626,,,A*78 (pico_gnss pico-gnss-rs/src/main.rs:453)
139.456556 [INFO ] NMEA $GPVTG,3.05,T,,M,0.68,N,1.25,K,A*33 (pico_gnss pico-gnss-rs/src/main.rs:453)
139.485749 [INFO ] NMEA $GPZDA,121148.000,08,06,2026,,*51 (pico_gnss pico-gnss-rs/src/main.rs:453)
139.530550 [INFO ] NMEA $GPGST,121148.000,8.7,42,13,27.2,38,23,28*7A (pico_gnss pico-gnss-rs/src/main.rs:453)
139.712163 [INFO ] PPS count=19 interval_us=45280813 interval_ns=45280813264 state=Irregular missed=44 (pico_gnss pico-gnss-rs/src/main.rs:192)
139.714021 [INFO ] PPSGEN count=134 interval_ns=1000002528 dev_ns=2528 phase_ns=1694641 hwphase_ns=713728 (pico_gnss pico-gnss-rs/src/main.rs:296)
139.885552 [INFO ] NMEA $GPGGA,121149.000,0000.0000,N,00000.0000,E,1,4,2.12,24.8,M,39.0,M,,*6A (pico_gnss pico-gnss-rs/src/main.rs:453)
139.890118 [INFO ] TIME unix_ns=1780920709177906199 ppb=2512 holdover_ms=114178 locked=1 (pico_gnss pico-gnss-rs/src/main.rs:226)
139.935740 [INFO ] NMEA $GNGLL,0000.0000,N,00000.0000,E,121149.000,A,A*40 (pico_gnss pico-gnss-rs/src/main.rs:453)
139.994003 [INFO ] NMEA $GNGSA,A,3,32,12,10,15,,,,,,,,,2.31,2.12,0.92*11 (pico_gnss pico-gnss-rs/src/main.rs:453)
140.023524 [INFO ] NMEA $GNGSA,A,3,,,,,,,,,,,,,2.31,2.12,0.92*16 (pico_gnss pico-gnss-rs/src/main.rs:453)
140.110840 [INFO ] NMEA $GPGSV,3,1,12,12,63,081,17,25,61,182,,10,57,260,16,23,43,199,*7D (pico_gnss pico-gnss-rs/src/main.rs:453)
140.173660 [INFO ] NMEA $GPGSV,3,2,12,32,38,314,19,24,30,063,,28,21,266,,15,15,126,16*76 (pico_gnss pico-gnss-rs/src/main.rs:453)
140.232040 [INFO ] NMEA $GPGSV,3,3,12,19,02,042,17,193,,,,194,,,,195,,,*7A (pico_gnss pico-gnss-rs/src/main.rs:453)
140.290606 [INFO ] NMEA $GLGSV,2,1,06,74,78,006,,72,70,357,,71,46,126,,75,43,222,*6F (pico_gnss pico-gnss-rs/src/main.rs:453)
140.320100 [INFO ] NMEA $GLGSV,2,2,06,73,28,034,,65,19,326,*66 (pico_gnss pico-gnss-rs/src/main.rs:453)
140.407497 [INFO ] NMEA $GNRMC,121149.000,A,0000.0000,N,00000.0000,E,1.16,256.61,080626,,,A*7D (pico_gnss pico-gnss-rs/src/main.rs:453)
140.410097 [INFO ] SYNC pps_local_us=64280861 unix_s=1780920709 drift_us=2 err_ns=280699525 holdover_ms=114000 (pico_gnss pico-gnss-rs/src/main.rs:484)
140.441116 [INFO ] NMEA $GPVTG,256.61,T,,M,1.16,N,2.15,K,A*3B (pico_gnss pico-gnss-rs/src/main.rs:453)
140.499146 [INFO ] NMEA $GPZDA,121149.000,08,06,2026,,*50 (pico_gnss pico-gnss-rs/src/main.rs:453)
140.524758 [INFO ] NMEA $GPGST,121149.000,8.7,40,14,27.2,36,22,28*71 (pico_gnss pico-gnss-rs/src/main.rs:453)
140.712167 [INFO ] PPS count=20 interval_us=1000002 interval_ns=1000002512 state=Locked missed=0 (pico_gnss pico-gnss-rs/src/main.rs:192)
140.713941 [INFO ] PPSGEN count=135 interval_ns=1000002544 dev_ns=2544 phase_ns=1628485 hwphase_ns=713760 (pico_gnss pico-gnss-rs/src/main.rs:296)
140.885523 [INFO ] NMEA $GPGGA,121150.000,0000.0000,N,00000.0000,E,1,4,2.11,24.8,M,39.0,M,,*6B (pico_gnss pico-gnss-rs/src/main.rs:453)
140.891397 [INFO ] TIME unix_ns=1780920710179209038 ppb=2512 holdover_ms=1179 locked=1 (pico_gnss pico-gnss-rs/src/main.rs:226)
140.943890 [INFO ] NMEA $GNGLL,0000.0000,N,00000.0000,E,121150.000,A,A*42 (pico_gnss pico-gnss-rs/src/main.rs:453)
140.984720 [INFO ] NMEA $GNGSA,A,3,32,12,10,15,,,,,,,,,2.31,2.11,0.92*12 (pico_gnss pico-gnss-rs/src/main.rs:453)
141.042918 [INFO ] NMEA $GNGSA,A,3,,,,,,,,,,,,,2.31,2.11,0.92*15 (pico_gnss pico-gnss-rs/src/main.rs:453)
141.101560 [INFO ] NMEA $GPGSV,3,1,12,12,63,081,17,25,61,182,,10,57,260,16,23,43,199,*7D (pico_gnss pico-gnss-rs/src/main.rs:453)
141.160149 [INFO ] NMEA $GPGSV,3,2,12,32,38,314,19,24,30,063,,28,21,266,,15,15,126,16*76 (pico_gnss pico-gnss-rs/src/main.rs:453)
141.218600 [INFO ] NMEA $GPGSV,3,3,12,19,02,042,17,193,,,,194,,,,195,,,*7A (pico_gnss pico-gnss-rs/src/main.rs:453)
141.281228 [INFO ] NMEA $GLGSV,2,1,06,74,78,006,,72,70,357,,71,46,126,,75,43,222,*6F (pico_gnss pico-gnss-rs/src/main.rs:453)
141.339453 [INFO ] NMEA $GLGSV,2,2,06,73,28,034,,65,19,326,*66 (pico_gnss pico-gnss-rs/src/main.rs:453)
141.398147 [INFO ] NMEA $GNRMC,121150.000,A,0000.0000,N,00000.0000,E,0.99,231.76,080626,,,A*7E (pico_gnss pico-gnss-rs/src/main.rs:453)
141.400740 [INFO ] SYNC pps_local_us=65280863 unix_s=1780920710 drift_us=2 err_ns=1 holdover_ms=999 (pico_gnss pico-gnss-rs/src/main.rs:484)
141.456423 [INFO ] NMEA $GPVTG,231.76,T,,M,0.99,N,1.83,K,A*36 (pico_gnss pico-gnss-rs/src/main.rs:453)
141.485801 [INFO ] NMEA $GPZDA,121150.000,08,06,2026,,*58 (pico_gnss pico-gnss-rs/src/main.rs:453)
141.524176 [INFO ] NMEA $GPGST,121150.000,8.7,38,14,26.9,34,21,29*7C (pico_gnss pico-gnss-rs/src/main.rs:453)
141.712191 [INFO ] PPS count=21 interval_us=1000002 interval_ns=1000002528 state=Locked missed=0 (pico_gnss pico-gnss-rs/src/main.rs:192)
141.713967 [INFO ] PPSGEN count=136 interval_ns=999957920 dev_ns=-42080 phase_ns=1676484 hwphase_ns=669152 (pico_gnss pico-gnss-rs/src/main.rs:296)
141.832527 [INFO ] NMEA $GPGGA,121151.000,0000.0000,N,00000.0000,E,1,4,2.11,24.8,M,39.0,M,,*60 (pico_gnss pico-gnss-rs/src/main.rs:453)
141.890849 [INFO ] NMEA $GNGLL,0000.0000,N,00000.0000,E,121151.000,A,A*49 (pico_gnss pico-gnss-rs/src/main.rs:453)
141.893034 [INFO ] TIME unix_ns=1780920711180860034 ppb=2512 holdover_ms=1180 locked=1 (pico_gnss pico-gnss-rs/src/main.rs:226)
141.949323 [INFO ] NMEA $GNGSA,A,3,32,12,10,15,,,,,,,,,2.31,2.11,0.92*12 (pico_gnss pico-gnss-rs/src/main.rs:453)
141.978777 [INFO ] NMEA $GNGSA,A,3,,,,,,,,,,,,,2.31,2.11,0.92*15 (pico_gnss pico-gnss-rs/src/main.rs:453)
142.039324 [INFO ] NMEA $GPGSV,3,1,12,12,63,081,17,25,61,182,,10,57,260,16,23,43,199,*7D (pico_gnss pico-gnss-rs/src/main.rs:453)
142.126718 [INFO ] NMEA $GPGSV,3,2,12,32,38,314,19,24,30,063,,28,21,266,,15,15,126,16*76 (pico_gnss pico-gnss-rs/src/main.rs:453)
142.185140 [INFO ] NMEA $GPGSV,3,3,12,19,02,042,16,193,,,,194,,,,195,,,*7B (pico_gnss pico-gnss-rs/src/main.rs:453)
142.243686 [INFO ] NMEA $GLGSV,2,1,06,74,78,006,,72,70,357,,71,46,126,,75,43,222,*6F (pico_gnss pico-gnss-rs/src/main.rs:453)
142.277192 [INFO ] NMEA $GLGSV,2,2,06,73,28,034,,65,19,326,*66 (pico_gnss pico-gnss-rs/src/main.rs:453)
142.364713 [INFO ] NMEA $GNRMC,121151.000,A,0000.0000,N,00000.0000,E,1.94,216.98,080626,,,A*7C (pico_gnss pico-gnss-rs/src/main.rs:453)
142.367299 [INFO ] SYNC pps_local_us=66280866 unix_s=1780920711 drift_us=2 err_ns=16 holdover_ms=1000 (pico_gnss pico-gnss-rs/src/main.rs:484)
142.394446 [INFO ] NMEA $GPVTG,216.98,T,,M,1.94,N,3.60,K,A*30 (pico_gnss pico-gnss-rs/src/main.rs:453)
142.423562 [INFO ] NMEA $GPZDA,121151.000,08,06,2026,,*59 (pico_gnss pico-gnss-rs/src/main.rs:453)
142.471482 [INFO ] NMEA $GPGST,121151.000,8.6,37,14,26.2,34,21,29*78 (pico_gnss pico-gnss-rs/src/main.rs:453)
142.712184 [INFO ] PPS count=22 interval_us=1000002 interval_ns=1000002512 state=Locked missed=0 (pico_gnss pico-gnss-rs/src/main.rs:192)
142.713931 [INFO ] PPSGEN count=137 interval_ns=999957936 dev_ns=-42064 phase_ns=1624484 hwphase_ns=624576 (pico_gnss pico-gnss-rs/src/main.rs:296)
142.818338 [INFO ] NMEA $GPGGA,121152.000,0000.0000,N,00000.0000,E,1,4,2.12,24.9,M,39.0,M,,*6A (pico_gnss pico-gnss-rs/src/main.rs:453)
142.876685 [INFO ] NMEA $GNGLL,0000.0000,N,00000.0000,E,121152.000,A,A*41 (pico_gnss pico-gnss-rs/src/main.rs:453)
142.894291 [INFO ] TIME unix_ns=1780920712182104031 ppb=2512 holdover_ms=1182 locked=1 (pico_gnss pico-gnss-rs/src/main.rs:226)
142.935090 [INFO ] NMEA $GNGSA,A,3,32,12,10,15,,,,,,,,,2.31,2.12,0.92*11 (pico_gnss pico-gnss-rs/src/main.rs:453)
142.993246 [INFO ] NMEA $GNGSA,A,3,,,,,,,,,,,,,2.31,2.12,0.92*16 (pico_gnss pico-gnss-rs/src/main.rs:453)
143.051860 [INFO ] NMEA $GPGSV,3,1,12,12,63,081,17,25,61,182,,10,57,260,16,23,43,199,*7D (pico_gnss pico-gnss-rs/src/main.rs:453)
143.114574 [INFO ] NMEA $GPGSV,3,2,12,32,38,314,19,24,30,063,,28,21,266,,15,15,126,14*74 (pico_gnss pico-gnss-rs/src/main.rs:453)
143.172951 [INFO ] NMEA $GPGSV,3,3,12,19,02,042,16,193,,,,194,,,,195,,,*7B (pico_gnss pico-gnss-rs/src/main.rs:453)
143.231523 [INFO ] NMEA $GLGSV,2,1,06,74,78,006,,72,70,357,,71,46,126,,75,43,222,*6F (pico_gnss pico-gnss-rs/src/main.rs:453)
143.289696 [INFO ] NMEA $GLGSV,2,2,06,73,28,034,,65,19,326,*66 (pico_gnss pico-gnss-rs/src/main.rs:453)
143.352542 [INFO ] NMEA $GNRMC,121152.000,A,0000.0000,N,00000.0000,E,3.51,228.04,080626,,,A*77 (pico_gnss pico-gnss-rs/src/main.rs:453)
143.355114 [INFO ] SYNC pps_local_us=67280868 unix_s=1780920712 drift_us=2 err_ns=0 holdover_ms=999 (pico_gnss pico-gnss-rs/src/main.rs:484)
143.382280 [INFO ] NMEA $GPVTG,228.04,T,,M,3.51,N,6.50,K,A*35 (pico_gnss pico-gnss-rs/src/main.rs:453)
143.440055 [INFO ] NMEA $GPZDA,121152.000,08,06,2026,,*5A (pico_gnss pico-gnss-rs/src/main.rs:453)
143.468788 [INFO ] NMEA $GPGST,121152.000,8.5,34,14,23.3,32,19,29*72 (pico_gnss pico-gnss-rs/src/main.rs:453)
143.712181 [INFO ] PPS count=23 interval_us=1000002 interval_ns=1000002528 state=Locked missed=0 (pico_gnss pico-gnss-rs/src/main.rs:192)
143.713951 [INFO ] PPSGEN count=138 interval_ns=999960720 dev_ns=-39280 phase_ns=1638484 hwphase_ns=582768 (pico_gnss pico-gnss-rs/src/main.rs:296)
143.828409 [INFO ] NMEA $GPGGA,121153.000,0000.0000,N,00000.0000,E,1,4,2.11,24.9,M,39.0,M,,*6D (pico_gnss pico-gnss-rs/src/main.rs:453)
143.895165 [INFO ] NMEA $GNGLL,0000.0000,N,00000.0000,E,121153.000,A,A*45 (pico_gnss pico-gnss-rs/src/main.rs:453)
143.897235 [INFO ] TIME unix_ns=1780920713185061023 ppb=2513 holdover_ms=1185 locked=1 (pico_gnss pico-gnss-rs/src/main.rs:226)
143.924853 [INFO ] NMEA $GNGSA,A,3,32,12,10,15,,,,,,,,,2.31,2.11,0.92*12 (pico_gnss pico-gnss-rs/src/main.rs:453)
143.982739 [INFO ] NMEA $GNGSA,A,3,,,,,,,,,,,,,2.31,2.11,0.92*15 (pico_gnss pico-gnss-rs/src/main.rs:453)
144.041323 [INFO ] NMEA $GPGSV,3,1,12,12,63,081,17,25,61,182,,10,57,260,16,23,43,199,*7D (pico_gnss pico-gnss-rs/src/main.rs:453)
144.128739 [INFO ] NMEA $GPGSV,3,2,12,32,38,314,19,24,30,063,,28,21,266,,15,15,126,15*75 (pico_gnss pico-gnss-rs/src/main.rs:453)
144.162481 [INFO ] NMEA $GPGSV,3,3,12,19,02,042,16,193,,,,194,,,,195,,,*7B (pico_gnss pico-gnss-rs/src/main.rs:453)
144.221036 [INFO ] NMEA $GLGSV,2,1,06,74,78,006,,72,70,357,,71,46,126,,75,43,222,*6F (pico_gnss pico-gnss-rs/src/main.rs:453)
144.279229 [INFO ] NMEA $GLGSV,2,2,06,73,28,034,,65,19,326,*66 (pico_gnss pico-gnss-rs/src/main.rs:453)
144.337951 [INFO ] NMEA $GNRMC,121153.000,A,0000.0000,N,00000.0000,E,3.32,226.97,080626,,,A*72 (pico_gnss pico-gnss-rs/src/main.rs:453)
144.340526 [INFO ] SYNC pps_local_us=68280871 unix_s=1780920713 drift_us=2 err_ns=16 holdover_ms=1000 (pico_gnss pico-gnss-rs/src/main.rs:484)
144.396246 [INFO ] NMEA $GPVTG,226.97,T,,M,3.32,N,6.16,K,A*36 (pico_gnss pico-gnss-rs/src/main.rs:453)
144.429621 [INFO ] NMEA $GPZDA,121153.000,08,06,2026,,*5B (pico_gnss pico-gnss-rs/src/main.rs:453)
144.467161 [INFO ] NMEA $GPGST,121153.000,8.4,32,14,20.9,30,18,29*7E (pico_gnss pico-gnss-rs/src/main.rs:453)
144.712176 [INFO ] PPS count=24 interval_us=1000002 interval_ns=1000002512 state=Locked missed=0 (pico_gnss pico-gnss-rs/src/main.rs:192)
144.713955 [INFO ] PPSGEN count=139 interval_ns=999963504 dev_ns=-36496 phase_ns=1635484 hwphase_ns=543760 (pico_gnss pico-gnss-rs/src/main.rs:296)
144.828401 [INFO ] NMEA $GPGGA,121154.000,0000.0000,N,00000.0000,E,1,4,2.11,24.9,M,39.0,M,,*65 (pico_gnss pico-gnss-rs/src/main.rs:453)
144.886719 [INFO ] NMEA $GNGLL,0000.0000,N,00000.0000,E,121154.000,A,A*4D (pico_gnss pico-gnss-rs/src/main.rs:453)
144.898487 [INFO ] TIME unix_ns=1780920714186302020 ppb=2513 holdover_ms=1186 locked=1 (pico_gnss pico-gnss-rs/src/main.rs:226)
144.945168 [INFO ] NMEA $GNGSA,A,3,32,12,10,15,,,,,,,,,2.30,2.11,0.92*13 (pico_gnss pico-gnss-rs/src/main.rs:453)
144.973570 [INFO ] NMEA $GNGSA,A,3,,,,,,,,,,,,,2.30,2.11,0.92*14 (pico_gnss pico-gnss-rs/src/main.rs:453)
145.060850 [INFO ] NMEA $GPGSV,3,1,12,12,63,081,17,25,61,182,,10,57,260,16,23,43,199,*7D (pico_gnss pico-gnss-rs/src/main.rs:453)
145.119476 [INFO ] NMEA $GPGSV,3,2,12,32,38,314,19,24,30,063,,28,21,266,,15,15,126,16*76 (pico_gnss pico-gnss-rs/src/main.rs:453)
145.177885 [INFO ] NMEA $GPGSV,3,3,12,19,02,042,16,193,,,,194,,,,195,,,*7B (pico_gnss pico-gnss-rs/src/main.rs:453)
145.240495 [INFO ] NMEA $GLGSV,2,1,06,74,78,006,,72,70,357,,71,46,126,,75,43,222,*6F (pico_gnss pico-gnss-rs/src/main.rs:453)
145.270006 [INFO ] NMEA $GLGSV,2,2,06,73,28,034,,65,19,326,*66 (pico_gnss pico-gnss-rs/src/main.rs:453)
145.357483 [INFO ] NMEA $GNRMC,121154.000,A,0000.0000,N,00000.0000,E,1.77,226.66,080626,,,A*77 (pico_gnss pico-gnss-rs/src/main.rs:453)
145.360053 [INFO ] SYNC pps_local_us=69280873 unix_s=1780920714 drift_us=2 err_ns=0 holdover_ms=999 (pico_gnss pico-gnss-rs/src/main.rs:484)
145.387246 [INFO ] NMEA $GPVTG,226.66,T,,M,1.77,N,3.28,K,A*33 (pico_gnss pico-gnss-rs/src/main.rs:453)
145.416368 [INFO ] NMEA $GPZDA,121154.000,08,06,2026,,*5C (pico_gnss pico-gnss-rs/src/main.rs:453)
145.467404 [INFO ] NMEA $GPGST,121154.000,8.4,30,15,18.6,29,17,29*79 (pico_gnss pico-gnss-rs/src/main.rs:453)
145.712188 [INFO ] PPS count=25 interval_us=1000002 interval_ns=1000002528 state=Locked missed=0 (pico_gnss pico-gnss-rs/src/main.rs:192)
145.713955 [INFO ] PPSGEN count=140 interval_ns=999966112 dev_ns=-33888 phase_ns=1633483 hwphase_ns=507344 (pico_gnss pico-gnss-rs/src/main.rs:296)
145.843852 [INFO ] NMEA $GPGGA,121155.000,0000.0000,N,00000.0000,E,1,4,2.11,24.9,M,39.0,M,,*6D (pico_gnss pico-gnss-rs/src/main.rs:453)
145.873491 [INFO ] NMEA $GNGLL,0000.0000,N,00000.0000,E,121155.000,A,A*45 (pico_gnss pico-gnss-rs/src/main.rs:453)
145.899749 [INFO ] TIME unix_ns=1780920715187563016 ppb=2513 holdover_ms=1187 locked=1 (pico_gnss pico-gnss-rs/src/main.rs:226)
145.931855 [INFO ] NMEA $GNGSA,A,3,32,12,10,15,,,,,,,,,2.30,2.11,0.92*13 (pico_gnss pico-gnss-rs/src/main.rs:453)
145.989970 [INFO ] NMEA $GNGSA,A,3,,,,,,,,,,,,,2.30,2.11,0.92*14 (pico_gnss pico-gnss-rs/src/main.rs:453)
146.052691 [INFO ] NMEA $GPGSV,3,1,12,12,63,081,17,25,61,182,,10,57,260,16,23,43,199,*7D (pico_gnss pico-gnss-rs/src/main.rs:453)
146.111335 [INFO ] NMEA $GPGSV,3,2,12,32,38,314,19,24,30,063,,28,21,266,,15,15,126,14*74 (pico_gnss pico-gnss-rs/src/main.rs:453)
146.169723 [INFO ] NMEA $GPGSV,3,3,12,19,02,042,17,193,,,,194,,,,195,,,*7A (pico_gnss pico-gnss-rs/src/main.rs:453)
146.228281 [INFO ] NMEA $GLGSV,2,1,06,74,78,006,,72,70,357,,71,46,126,,75,43,222,*6F (pico_gnss pico-gnss-rs/src/main.rs:453)
146.286471 [INFO ] NMEA $GLGSV,2,2,06,73,28,034,,65,19,326,*66 (pico_gnss pico-gnss-rs/src/main.rs:453)
146.349288 [INFO ] NMEA $GNRMC,121155.000,A,0000.0000,N,00000.0000,E,2.55,244.69,080626,,,A*77 (pico_gnss pico-gnss-rs/src/main.rs:453)
146.351881 [INFO ] SYNC pps_local_us=70280876 unix_s=1780920715 drift_us=2 err_ns=15 holdover_ms=1000 (pico_gnss pico-gnss-rs/src/main.rs:484)
146.407543 [INFO ] NMEA $GPVTG,244.69,T,,M,2.55,N,4.73,K,A*32 (pico_gnss pico-gnss-rs/src/main.rs:453)
146.436931 [INFO ] NMEA $GPZDA,121155.000,08,06,2026,,*5D (pico_gnss pico-gnss-rs/src/main.rs:453)
146.468676 [INFO ] NMEA $GPGST,121155.000,8.3,31,15,17.7,30,17,30*70 (pico_gnss pico-gnss-rs/src/main.rs:453)
146.712196 [INFO ] PPS count=26 interval_us=1000002 interval_ns=1000002512 state=Locked missed=0 (pico_gnss pico-gnss-rs/src/main.rs:192)
146.713956 [INFO ] PPSGEN count=141 interval_ns=999968560 dev_ns=-31440 phase_ns=1646483 hwphase_ns=473392 (pico_gnss pico-gnss-rs/src/main.rs:296)
146.883690 [INFO ] NMEA $GPGGA,121156.000,0000.0000,N,00000.0000,E,1,4,2.11,24.9,M,39.0,M,,*68 (pico_gnss pico-gnss-rs/src/main.rs:453)
146.901007 [INFO ] TIME unix_ns=1780920716188824013 ppb=2513 holdover_ms=1188 locked=1 (pico_gnss pico-gnss-rs/src/main.rs:226)
146.947145 [INFO ] NMEA $GNGLL,0000.0000,N,00000.0000,E,121156.000,A,A*40 (pico_gnss pico-gnss-rs/src/main.rs:453)
146.976779 [INFO ] NMEA $GNGSA,A,3,32,12,10,15,,,,,,,,,2.30,2.11,0.92*13 (pico_gnss pico-gnss-rs/src/main.rs:453)
147.034946 [INFO ] NMEA $GNGSA,A,3,,,,,,,,,,,,,2.30,2.11,0.92*14 (pico_gnss pico-gnss-rs/src/main.rs:453)
147.093502 [INFO ] NMEA $GPGSV,3,1,12,12,63,081,17,25,61,182,,10,57,260,16,23,43,199,*7D (pico_gnss pico-gnss-rs/src/main.rs:453)
147.185011 [INFO ] NMEA $GPGSV,3,2,12,32,38,314,19,24,30,063,,28,21,266,,15,15,126,16*76 (pico_gnss pico-gnss-rs/src/main.rs:453)
147.214740 [INFO ] NMEA $GPGSV,3,3,12,19,02,042,17,193,,,,194,,,,195,,,*7A (pico_gnss pico-gnss-rs/src/main.rs:453)
147.301977 [INFO ] NMEA $GLGSV,2,1,06,74,78,006,,72,70,357,,71,46,126,,75,43,222,*6F (pico_gnss pico-gnss-rs/src/main.rs:453)
147.331474 [INFO ] NMEA $GLGSV,2,2,06,73,28,034,,65,19,326,*66 (pico_gnss pico-gnss-rs/src/main.rs:453)
147.418883 [INFO ] NMEA $GNRMC,121156.000,A,0000.0000,N,00000.0000,E,3.37,225.03,080626,,,A*7C (pico_gnss pico-gnss-rs/src/main.rs:453)
147.421457 [INFO ] SYNC pps_local_us=71280878 unix_s=1780920716 drift_us=2 err_ns=-1 holdover_ms=1000 (pico_gnss pico-gnss-rs/src/main.rs:484)
147.452500 [INFO ] NMEA $GPVTG,225.03,T,,M,3.37,N,6.24,K,A*3C (pico_gnss pico-gnss-rs/src/main.rs:453)
147.481875 [INFO ] NMEA $GPZDA,121156.000,08,06,2026,,*5E (pico_gnss pico-gnss-rs/src/main.rs:453)
147.522450 [INFO ] NMEA $GPGST,121156.000,8.3,29,14,18.3,28,16,29*70 (pico_gnss pico-gnss-rs/src/main.rs:453)
147.712196 [INFO ] PPS count=27 interval_us=1000002 interval_ns=1000002528 state=Locked missed=0 (pico_gnss pico-gnss-rs/src/main.rs:192)
147.713979 [INFO ] PPSGEN count=142 interval_ns=999970832 dev_ns=-29168 phase_ns=1644483 hwphase_ns=441696 (pico_gnss pico-gnss-rs/src/main.rs:296)
147.883440 [INFO ] NMEA $GPGGA,121157.000,0000.0000,N,00000.0000,E,1,4,2.11,25.0,M,39.0,M,,*67 (pico_gnss pico-gnss-rs/src/main.rs:453)
147.902276 [INFO ] TIME unix_ns=1780920717190084009 ppb=2514 holdover_ms=1190 locked=1 (pico_gnss pico-gnss-rs/src/main.rs:226)
147.941796 [INFO ] NMEA $GNGLL,0000.0000,N,00000.0000,E,121157.000,A,A*47 (pico_gnss pico-gnss-rs/src/main.rs:453)
147.995991 [INFO ] NMEA $GNGSA,A,3,32,12,10,15,,,,,,,,,2.30,2.11,0.92*13 (pico_gnss pico-gnss-rs/src/main.rs:453)
148.025510 [INFO ] NMEA $GNGSA,A,3,,,,,,,,,,,,,2.30,2.11,0.92*14 (pico_gnss pico-gnss-rs/src/main.rs:453)
148.112804 [INFO ] NMEA $GPGSV,3,1,12,12,63,081,17,25,61,182,,10,57,260,15,23,43,199,*7E (pico_gnss pico-gnss-rs/src/main.rs:453)
148.171460 [INFO ] NMEA $GPGSV,3,2,12,32,38,314,19,24,30,063,,28,21,266,,15,15,126,16*76 (pico_gnss pico-gnss-rs/src/main.rs:453)
148.229817 [INFO ] NMEA $GPGSV,3,3,12,19,02,042,17,193,,,,194,,,,195,,,*7A (pico_gnss pico-gnss-rs/src/main.rs:453)
148.292487 [INFO ] NMEA $GLGSV,2,1,06,74,78,006,,72,70,357,,71,46,126,,75,43,222,*6F (pico_gnss pico-gnss-rs/src/main.rs:453)
148.321980 [INFO ] NMEA $GLGSV,2,2,06,73,28,034,,65,19,326,*66 (pico_gnss pico-gnss-rs/src/main.rs:453)
148.409403 [INFO ] NMEA $GNRMC,121157.000,A,0000.0000,N,00000.0000,E,3.43,209.01,080626,,,A*74 (pico_gnss pico-gnss-rs/src/main.rs:453)
148.411987 [INFO ] SYNC pps_local_us=72280881 unix_s=1780920717 drift_us=2 err_ns=15 holdover_ms=1000 (pico_gnss pico-gnss-rs/src/main.rs:484)
148.439135 [INFO ] NMEA $GPVTG,209.01,T,,M,3.43,N,6.35,K,A*33 (pico_gnss pico-gnss-rs/src/main.rs:453)
148.496916 [INFO ] NMEA $GPZDA,121157.000,08,06,2026,,*5F (pico_gnss pico-gnss-rs/src/main.rs:453)
148.522754 [INFO ] NMEA $GPGST,121157.000,8.2,28,14,17.8,27,16,29*7A (pico_gnss pico-gnss-rs/src/main.rs:453)
148.712195 [INFO ] PPS count=28 interval_us=1000002 interval_ns=1000002528 state=Locked missed=0 (pico_gnss pico-gnss-rs/src/main.rs:192)
148.713999 [INFO ] PPSGEN count=143 interval_ns=999972944 dev_ns=-27056 phase_ns=1663482 hwphase_ns=412112 (pico_gnss pico-gnss-rs/src/main.rs:296)
148.885644 [INFO ] NMEA $GPGGA,121158.000,0000.0000,N,00000.0000,E,1,4,2.11,25.0,M,39.0,M,,*66 (pico_gnss pico-gnss-rs/src/main.rs:453)
148.903539 [INFO ] TIME unix_ns=1780920718191336005 ppb=2514 holdover_ms=1191 locked=1 (pico_gnss pico-gnss-rs/src/main.rs:226)
148.944021 [INFO ] NMEA $GNGLL,0000.0000,N,00000.0000,E,121158.000,A,A*46 (pico_gnss pico-gnss-rs/src/main.rs:453)
149.002323 [INFO ] NMEA $GNGSA,A,3,32,12,10,15,,,,,,,,,2.30,2.11,0.92*13 (pico_gnss pico-gnss-rs/src/main.rs:453)
149.031795 [INFO ] NMEA $GNGSA,A,3,,,,,,,,,,,,,2.30,2.11,0.92*14 (pico_gnss pico-gnss-rs/src/main.rs:453)
149.105748 [INFO ] NMEA $GPGSV,3,1,12,12,63,081,17,25,61,182,,10,57,260,15,23,43,199,*7E (pico_gnss pico-gnss-rs/src/main.rs:453)
149.164429 [INFO ] NMEA $GPGSV,3,2,12,32,38,314,19,24,30,063,,28,21,266,,15,15,126,17*77 (pico_gnss pico-gnss-rs/src/main.rs:453)
149.222821 [INFO ] NMEA $GPGSV,3,3,12,19,02,042,17,193,,,,194,,,,195,,,*7A (pico_gnss pico-gnss-rs/src/main.rs:453)
149.281363 [INFO ] NMEA $GLGSV,2,1,06,74,78,006,,72,70,357,,71,46,126,,75,43,222,*6F (pico_gnss pico-gnss-rs/src/main.rs:453)
149.343673 [INFO ] NMEA $GLGSV,2,2,06,73,28,034,,65,19,326,*66 (pico_gnss pico-gnss-rs/src/main.rs:453)
149.402416 [INFO ] NMEA $GNRMC,121158.000,A,0000.0000,N,00000.0000,E,2.56,201.50,080626,,,A*7C (pico_gnss pico-gnss-rs/src/main.rs:453)
149.405010 [INFO ] SYNC pps_local_us=73280883 unix_s=1780920718 drift_us=2 err_ns=14 holdover_ms=999 (pico_gnss pico-gnss-rs/src/main.rs:484)
149.460670 [INFO ] NMEA $GPVTG,201.50,T,,M,2.56,N,4.75,K,A*3C (pico_gnss pico-gnss-rs/src/main.rs:453)
149.490031 [INFO ] NMEA $GPZDA,121158.000,08,06,2026,,*50 (pico_gnss pico-gnss-rs/src/main.rs:453)
149.524331 [INFO ] NMEA $GPGST,121158.000,8.3,27,14,17.4,26,15,29*75 (pico_gnss pico-gnss-rs/src/main.rs:453)
149.712207 [INFO ] PPS count=29 interval_us=1000002 interval_ns=1000002528 state=Locked missed=0 (pico_gnss pico-gnss-rs/src/main.rs:192)
149.713985 [INFO ] PPSGEN count=144 interval_ns=999974944 dev_ns=-25056 phase_ns=1665482 hwphase_ns=384528 (pico_gnss pico-gnss-rs/src/main.rs:296)
149.885546 [INFO ] NMEA $GPGGA,121159.000,0000.0000,N,00000.0000,E,1,4,2.11,25.2,M,39.0,M,,*61 (pico_gnss pico-gnss-rs/src/main.rs:453)
149.904796 [INFO ] TIME unix_ns=1780920719192606002 ppb=2515 holdover_ms=1192 locked=1 (pico_gnss pico-gnss-rs/src/main.rs:226)
149.943945 [INFO ] NMEA $GNGLL,0000.0000,N,00000.0000,E,121159.000,A,A*43 (pico_gnss pico-gnss-rs/src/main.rs:453)
150.002244 [INFO ] NMEA $GNGSA,A,3,32,12,10,15,,,,,,,,,2.30,2.11,0.92*13 (pico_gnss pico-gnss-rs/src/main.rs:453)
150.031771 [INFO ] NMEA $GNGSA,A,3,,,,,,,,,,,,,2.30,2.11,0.92*14 (pico_gnss pico-gnss-rs/src/main.rs:453)
150.090285 [INFO ] NMEA $GPGSV,3,1,12,12,63,081,17,25,61,182,,10,57,260,15,23,43,199,*7E (pico_gnss pico-gnss-rs/src/main.rs:453)
150.181810 [INFO ] NMEA $GPGSV,3,2,12,32,38,314,19,24,30,063,,28,21,266,,15,15,126,17*77 (pico_gnss pico-gnss-rs/src/main.rs:453)
150.211469 [INFO ] NMEA $GPGSV,3,3,12,19,02,042,17,193,,,,194,,,,195,,,*7A (pico_gnss pico-gnss-rs/src/main.rs:453)
150.298754 [INFO ] NMEA $GLGSV,2,1,06,74,78,006,,72,70,357,,71,46,126,,75,43,222,*6F (pico_gnss pico-gnss-rs/src/main.rs:453)
150.328200 [INFO ] NMEA $GLGSV,2,2,06,73,28,034,,65,19,326,*66 (pico_gnss pico-gnss-rs/src/main.rs:453)
150.419747 [INFO ] NMEA $GNRMC,121159.000,A,0000.0000,N,00000.0000,E,2.03,207.15,080626,,,A*7E (pico_gnss pico-gnss-rs/src/main.rs:453)
150.422325 [INFO ] SYNC pps_local_us=74280886 unix_s=1780920719 drift_us=2 err_ns=14 holdover_ms=1000 (pico_gnss pico-gnss-rs/src/main.rs:484)
150.449525 [INFO ] NMEA $GPVTG,207.15,T,,M,2.03,N,3.77,K,A*3E (pico_gnss pico-gnss-rs/src/main.rs:453)
150.478623 [INFO ] NMEA $GPZDA,121159.000,08,06,2026,,*51 (pico_gnss pico-gnss-rs/src/main.rs:453)
150.522343 [INFO ] NMEA $GPGST,121159.000,8.3,26,12,22.5,24,15,27*78 (pico_gnss pico-gnss-rs/src/main.rs:453)
150.712214 [INFO ] PPS count=30 interval_us=1000002 interval_ns=1000002528 state=Locked missed=0 (pico_gnss pico-gnss-rs/src/main.rs:192)
150.713979 [INFO ] PPSGEN count=145 interval_ns=999976784 dev_ns=-23216 phase_ns=1656481 hwphase_ns=358784 (pico_gnss pico-gnss-rs/src/main.rs:296)
150.884550 [INFO ] NMEA $GPGGA,121200.000,0000.0000,N,00000.0000,E,1,4,2.11,25.3,M,39.0,M,,*61 (pico_gnss pico-gnss-rs/src/main.rs:453)
150.906035 [INFO ] TIME unix_ns=1780920720193838998 ppb=2515 holdover_ms=1193 locked=1 (pico_gnss pico-gnss-rs/src/main.rs:226)
150.942921 [INFO ] NMEA $GNGLL,0000.0000,N,00000.0000,E,121200.000,A,A*42 (pico_gnss pico-gnss-rs/src/main.rs:453)
150.994040 [INFO ] NMEA $GNGSA,A,3,32,12,10,15,,,,,,,,,2.30,2.11,0.92*13 (pico_gnss pico-gnss-rs/src/main.rs:453)
151.023518 [INFO ] NMEA $GNGSA,A,3,,,,,,,,,,,,,2.30,2.11,0.92*14 (pico_gnss pico-gnss-rs/src/main.rs:453)
151.110834 [INFO ] NMEA $GPGSV,3,1,12,12,63,081,17,25,61,182,,10,57,260,15,23,43,199,*7E (pico_gnss pico-gnss-rs/src/main.rs:453)
151.169477 [INFO ] NMEA $GPGSV,3,2,12,32,38,314,18,24,30,063,,28,21,266,,15,15,126,17*76 (pico_gnss pico-gnss-rs/src/main.rs:453)
151.231970 [INFO ] NMEA $GPGSV,3,3,12,19,02,042,17,193,,,,194,,,,195,,,*7A (pico_gnss pico-gnss-rs/src/main.rs:453)
151.290524 [INFO ] NMEA $GLGSV,2,1,06,74,78,006,,72,70,357,,71,46,126,,75,43,222,*6F (pico_gnss pico-gnss-rs/src/main.rs:453)
151.320015 [INFO ] NMEA $GLGSV,2,2,06,73,28,034,,65,19,326,*66 (pico_gnss pico-gnss-rs/src/main.rs:453)
151.407407 [INFO ] NMEA $GNRMC,121200.000,A,0000.0000,N,00000.0000,E,1.82,219.81,080626,,,A*77 (pico_gnss pico-gnss-rs/src/main.rs:453)
151.410006 [INFO ] SYNC pps_local_us=75280888 unix_s=1780920720 drift_us=2 err_ns=13 holdover_ms=1000 (pico_gnss pico-gnss-rs/src/main.rs:484)
151.437159 [INFO ] NMEA $GPVTG,219.81,T,,M,1.82,N,3.37,K,A*32 (pico_gnss pico-gnss-rs/src/main.rs:453)
151.499070 [INFO ] NMEA $GPZDA,121200.000,08,06,2026,,*5E (pico_gnss pico-gnss-rs/src/main.rs:453)
151.523619 [INFO ] NMEA $GPGST,121200.000,8.3,25,12,23.3,23,15,27*74 (pico_gnss pico-gnss-rs/src/main.rs:453)
151.712187 [INFO ] PPS count=31 interval_us=1000002 interval_ns=1000002528 state=Locked missed=0 (pico_gnss pico-gnss-rs/src/main.rs:192)
151.713966 [INFO ] PPSGEN count=146 interval_ns=999978496 dev_ns=-21504 phase_ns=1631481 hwphase_ns=334752 (pico_gnss pico-gnss-rs/src/main.rs:296)
151.886537 [INFO ] NMEA $GPGGA,121201.000,0000.0000,N,00000.0000,E,1,4,2.11,25.3,M,39.0,M,,*69 (pico_gnss pico-gnss-rs/src/main.rs:453)
151.907297 [INFO ] TIME unix_ns=1780920721195096994 ppb=2515 holdover_ms=1195 locked=1 (pico_gnss pico-gnss-rs/src/main.rs:226)
151.944923 [INFO ] NMEA $GNGLL,0000.0000,N,00000.0000,E,121201.000,A,A*4A (pico_gnss pico-gnss-rs/src/main.rs:453)
152.003232 [INFO ] NMEA $GNGSA,A,3,32,12,10,15,,,,,,,,,2.30,2.11,0.92*13 (pico_gnss pico-gnss-rs/src/main.rs:453)
152.044978 [INFO ] NMEA $GNGSA,A,3,,,,,,,,,,,,,2.30,2.11,0.92*14 (pico_gnss pico-gnss-rs/src/main.rs:453)
152.103608 [INFO ] NMEA $GPGSV,3,1,12,12,63,081,17,25,61,182,,10,57,260,15,23,43,199,*7E (pico_gnss pico-gnss-rs/src/main.rs:453)
152.162200 [INFO ] NMEA $GPGSV,3,2,12,32,38,314,18,24,30,063,,28,21,266,,15,15,126,17*76 (pico_gnss pico-gnss-rs/src/main.rs:453)
152.220626 [INFO ] NMEA $GPGSV,3,3,12,19,02,042,17,193,,,,194,,,,195,,,*7A (pico_gnss pico-gnss-rs/src/main.rs:453)
152.279143 [INFO ] NMEA $GLGSV,2,1,06,74,78,006,,72,70,357,,71,46,126,,75,43,222,*6F (pico_gnss pico-gnss-rs/src/main.rs:453)
152.341459 [INFO ] NMEA $GLGSV,2,2,06,73,28,034,,65,19,326,*66 (pico_gnss pico-gnss-rs/src/main.rs:453)
152.400159 [INFO ] NMEA $GNRMC,121201.000,A,0000.0000,N,00000.0000,E,0.50,219.81,080626,,,A*71 (pico_gnss pico-gnss-rs/src/main.rs:453)
152.402738 [INFO ] SYNC pps_local_us=76280891 unix_s=1780920721 drift_us=2 err_ns=13 holdover_ms=999 (pico_gnss pico-gnss-rs/src/main.rs:484)
152.458433 [INFO ] NMEA $GPVTG,219.81,T,,M,0.50,N,0.92,K,A*30 (pico_gnss pico-gnss-rs/src/main.rs:453)
152.487815 [INFO ] NMEA $GPZDA,121201.000,08,06,2026,,*5F (pico_gnss pico-gnss-rs/src/main.rs:453)
152.525275 [INFO ] NMEA $GPGST,121201.000,8.3,25,12,23.7,24,15,27*76 (pico_gnss pico-gnss-rs/src/main.rs:453)
152.712206 [INFO ] PPS count=32 interval_us=1000002 interval_ns=1000002528 state=Locked missed=0 (pico_gnss pico-gnss-rs/src/main.rs:192)
152.713977 [INFO ] PPSGEN count=147 interval_ns=999980112 dev_ns=-19888 phase_ns=1648481 hwphase_ns=312336 (pico_gnss pico-gnss-rs/src/main.rs:296)
152.883283 [INFO ] NMEA $GPGGA,121202.000,0000.0000,N,00000.0000,E,1,4,2.11,25.3,M,39.0,M,,*6F (pico_gnss pico-gnss-rs/src/main.rs:453)
152.908562 [INFO ] TIME unix_ns=1780920722196361991 ppb=2516 holdover_ms=1196 locked=1 (pico_gnss pico-gnss-rs/src/main.rs:226)
152.941652 [INFO ] NMEA $GNGLL,0000.0000,N,00000.0000,E,121202.000,A,A*4C (pico_gnss pico-gnss-rs/src/main.rs:453)
152.999989 [INFO ] NMEA $GNGSA,A,3,32,12,10,15,,,,,,,,,2.30,2.11,0.92*13 (pico_gnss pico-gnss-rs/src/main.rs:453)
153.029445 [INFO ] NMEA $GNGSA,A,3,,,,,,,,,,,,,2.30,2.11,0.92*14 (pico_gnss pico-gnss-rs/src/main.rs:453)
153.116705 [INFO ] NMEA $GPGSV,3,1,12,12,63,081,17,25,61,182,,10,57,260,15,23,43,199,*7E (pico_gnss pico-gnss-rs/src/main.rs:453)
153.179484 [INFO ] NMEA $GPGSV,3,2,12,32,38,314,18,24,30,063,,28,21,266,,15,15,126,17*76 (pico_gnss pico-gnss-rs/src/main.rs:453)
153.237916 [INFO ] NMEA $GPGSV,3,3,12,19,02,042,17,193,,,,194,,,,195,,,*7A (pico_gnss pico-gnss-rs/src/main.rs:453)
153.296441 [INFO ] NMEA $GLGSV,2,1,06,74,78,006,,72,70,357,,71,46,126,,75,43,222,*6F (pico_gnss pico-gnss-rs/src/main.rs:453)
153.325933 [INFO ] NMEA $GLGSV,2,2,06,73,28,034,,65,19,326,*66 (pico_gnss pico-gnss-rs/src/main.rs:453)
153.417478 [INFO ] NMEA $GNRMC,121202.000,A,0000.0000,N,00000.0000,E,0.56,359.73,080626,,,A*79 (pico_gnss pico-gnss-rs/src/main.rs:453)
153.420056 [INFO ] SYNC pps_local_us=77280893 unix_s=1780920722 drift_us=2 err_ns=13 holdover_ms=1000 (pico_gnss pico-gnss-rs/src/main.rs:484)
153.447212 [INFO ] NMEA $GPVTG,359.73,T,,M,0.56,N,1.04,K,A*30 (pico_gnss pico-gnss-rs/src/main.rs:453)
153.476325 [INFO ] NMEA $GPZDA,121202.000,08,06,2026,,*5C (pico_gnss pico-gnss-rs/src/main.rs:453)
153.523203 [INFO ] NMEA $GPGST,121202.000,8.2,26,12,24.0,24,15,28*78 (pico_gnss pico-gnss-rs/src/main.rs:453)
153.712205 [INFO ] PPS count=33 interval_us=1000002 interval_ns=1000002528 state=Locked missed=0 (pico_gnss pico-gnss-rs/src/main.rs:192)
153.713971 [INFO ] PPSGEN count=148 interval_ns=999981616 dev_ns=-18384 phase_ns=1639480 hwphase_ns=291424 (pico_gnss pico-gnss-rs/src/main.rs:296)
153.881526 [INFO ] NMEA $GPGGA,121203.000,0000.0000,N,00000.0000,E,1,4,2.11,25.3,M,39.0,M,,*68 (pico_gnss pico-gnss-rs/src/main.rs:453)
153.909818 [INFO ] TIME unix_ns=1780920723197613987 ppb=2516 holdover_ms=1197 locked=1 (pico_gnss pico-gnss-rs/src/main.rs:226)
153.929709 [INFO ] NMEA $GNGLL,0000.0000,N,00000.0000,E,121203.000,A,A*4B (pico_gnss pico-gnss-rs/src/main.rs:453)
153.987884 [INFO ] NMEA $GNGSA,A,3,32,12,10,15,,,,,,,,,2.30,2.11,0.92*13 (pico_gnss pico-gnss-rs/src/main.rs:453)
154.017419 [INFO ] NMEA $GNGSA,A,3,,,,,,,,,,,,,2.30,2.11,0.92*14 (pico_gnss pico-gnss-rs/src/main.rs:453)
154.104706 [INFO ] NMEA $GPGSV,3,1,12,12,63,081,17,25,61,182,,10,57,260,15,23,43,199,*7E (pico_gnss pico-gnss-rs/src/main.rs:453)
154.163356 [INFO ] NMEA $GPGSV,3,2,12,32,38,314,18,24,30,063,,28,21,266,,15,15,126,17*76 (pico_gnss pico-gnss-rs/src/main.rs:453)
154.225814 [INFO ] NMEA $GPGSV,3,3,12,19,02,042,17,193,,,,194,,,,195,,,*7A (pico_gnss pico-gnss-rs/src/main.rs:453)
154.284396 [INFO ] NMEA $GLGSV,2,1,06,74,78,006,,72,70,357,,71,46,126,,75,43,222,*6F (pico_gnss pico-gnss-rs/src/main.rs:453)
154.342559 [INFO ] NMEA $GLGSV,2,2,06,73,28,034,,65,19,326,*66 (pico_gnss pico-gnss-rs/src/main.rs:453)
154.401292 [INFO ] NMEA $GNRMC,121203.000,A,0000.0000,N,00000.0000,E,1.62,46.03,080626,,,A*42 (pico_gnss pico-gnss-rs/src/main.rs:453)
154.403858 [INFO ] SYNC pps_local_us=78280896 unix_s=1780920723 drift_us=2 err_ns=12 holdover_ms=1000 (pico_gnss pico-gnss-rs/src/main.rs:484)
154.431013 [INFO ] NMEA $GPVTG,46.03,T,,M,1.62,N,3.00,K,A*0A (pico_gnss pico-gnss-rs/src/main.rs:453)
154.492868 [INFO ] NMEA $GPZDA,121203.000,08,06,2026,,*5D (pico_gnss pico-gnss-rs/src/main.rs:453)
154.518579 [INFO ] NMEA $GPGST,121203.000,8.1,26,13,24.2,25,16,28*7B (pico_gnss pico-gnss-rs/src/main.rs:453)
154.712203 [INFO ] PPS count=34 interval_us=1000002 interval_ns=1000002544 state=Locked missed=0 (pico_gnss pico-gnss-rs/src/main.rs:192)
154.713975 [INFO ] PPSGEN count=149 interval_ns=999983024 dev_ns=-16976 phase_ns=1628479 hwphase_ns=271904 (pico_gnss pico-gnss-rs/src/main.rs:296)
154.882525 [INFO ] NMEA $GPGGA,121204.000,0000.0000,N,00000.0000,E,1,4,2.11,25.2,M,39.0,M,,*64 (pico_gnss pico-gnss-rs/src/main.rs:453)
154.911682 [INFO ] TIME unix_ns=1780920724199437981 ppb=2517 holdover_ms=1199 locked=1 (pico_gnss pico-gnss-rs/src/main.rs:226)
154.941005 [INFO ] NMEA $GNGLL,0000.0000,N,00000.0000,E,121204.000,A,A*46 (pico_gnss pico-gnss-rs/src/main.rs:453)
154.999252 [INFO ] NMEA $GNGSA,A,3,32,12,10,15,,,,,,,,,2.30,2.11,0.92*13 (pico_gnss pico-gnss-rs/src/main.rs:453)
155.040019 [INFO ] NMEA $GNGSA,A,3,,,,,,,,,,,,,2.30,2.11,0.92*14 (pico_gnss pico-gnss-rs/src/main.rs:453)
155.098654 [INFO ] NMEA $GPGSV,3,1,12,12,63,081,17,25,61,182,,10,57,260,15,23,43,199,*7E (pico_gnss pico-gnss-rs/src/main.rs:453)
155.157231 [INFO ] NMEA $GPGSV,3,2,12,32,38,314,18,24,30,063,,28,21,266,,15,15,126,17*76 (pico_gnss pico-gnss-rs/src/main.rs:453)
155.215657 [INFO ] NMEA $GPGSV,3,3,12,19,02,042,17,193,,,,194,,,,195,,,*7A (pico_gnss pico-gnss-rs/src/main.rs:453)
155.278280 [INFO ] NMEA $GLGSV,2,1,06,74,78,006,,72,70,357,,71,46,126,,75,43,222,*6F (pico_gnss pico-gnss-rs/src/main.rs:453)
155.336520 [INFO ] NMEA $GLGSV,2,2,06,73,28,034,,65,19,326,*66 (pico_gnss pico-gnss-rs/src/main.rs:453)
155.395178 [INFO ] NMEA $GNRMC,121204.000,A,0000.0000,N,00000.0000,E,1.25,32.85,080626,,,A*41 (pico_gnss pico-gnss-rs/src/main.rs:453)
155.397737 [INFO ] SYNC pps_local_us=79280898 unix_s=1780920724 drift_us=2 err_ns=27 holdover_ms=1000 (pico_gnss pico-gnss-rs/src/main.rs:484)
155.453451 [INFO ] NMEA $GPVTG,32.85,T,,M,1.25,N,2.31,K,A*07 (pico_gnss pico-gnss-rs/src/main.rs:453)
155.482801 [INFO ] NMEA $GPZDA,121204.000,08,06,2026,,*5A (pico_gnss pico-gnss-rs/src/main.rs:453)
155.519220 [INFO ] NMEA $GPGST,121204.000,8.0,27,13,24.7,25,16,29*78 (pico_gnss pico-gnss-rs/src/main.rs:453)
155.712212 [INFO ] PPS count=35 interval_us=1000002 interval_ns=1000002528 state=Locked missed=0 (pico_gnss pico-gnss-rs/src/main.rs:192)
155.713981 [INFO ] PPSGEN count=150 interval_ns=999984320 dev_ns=-15680 phase_ns=1631479 hwphase_ns=253696 (pico_gnss pico-gnss-rs/src/main.rs:296)
155.882552 [INFO ] NMEA $GPGGA,121205.000,0000.0000,N,00000.0000,E,1,4,2.11,25.1,M,39.0,M,,*6C (pico_gnss pico-gnss-rs/src/main.rs:453)
155.912973 [INFO ] TIME unix_ns=1780920725200726978 ppb=2517 holdover_ms=1200 locked=1 (pico_gnss pico-gnss-rs/src/main.rs:226)
155.941195 [INFO ] NMEA $GNGLL,0000.0000,N,00000.0000,E,121205.000,A,A*4D (pico_gnss pico-gnss-rs/src/main.rs:453)
155.999288 [INFO ] NMEA $GNGSA,A,3,32,12,10,15,,,,,,,,,2.30,2.11,0.92*13 (pico_gnss pico-gnss-rs/src/main.rs:453)
156.028781 [INFO ] NMEA $GNGSA,A,3,,,,,,,,,,,,,2.30,2.11,0.92*14 (pico_gnss pico-gnss-rs/src/main.rs:453)
156.091429 [INFO ] NMEA $GPGSV,3,1,12,12,63,081,17,25,61,182,,10,57,260,14,23,43,199,*7F (pico_gnss pico-gnss-rs/src/main.rs:453)
156.178798 [INFO ] NMEA $GPGSV,3,2,12,32,38,314,18,24,30,063,,28,21,266,,15,15,126,17*76 (pico_gnss pico-gnss-rs/src/main.rs:453)
156.237236 [INFO ] NMEA $GPGSV,3,3,12,19,02,042,17,193,,,,194,,,,195,,,*7A (pico_gnss pico-gnss-rs/src/main.rs:453)
156.295760 [INFO ] NMEA $GLGSV,2,1,06,74,78,006,,72,70,357,,71,46,126,,75,43,222,*6F (pico_gnss pico-gnss-rs/src/main.rs:453)
156.325267 [INFO ] NMEA $GLGSV,2,2,06,73,28,034,,65,19,326,*66 (pico_gnss pico-gnss-rs/src/main.rs:453)
156.416785 [INFO ] NMEA $GNRMC,121205.000,A,0000.0000,N,00000.0000,E,0.98,47.55,080626,,,A*42 (pico_gnss pico-gnss-rs/src/main.rs:453)
156.419354 [INFO ] SYNC pps_local_us=80280901 unix_s=1780920725 drift_us=2 err_ns=11 holdover_ms=1000 (pico_gnss pico-gnss-rs/src/main.rs:484)
156.446479 [INFO ] NMEA $GPVTG,47.55,T,,M,0.98,N,1.82,K,A*04 (pico_gnss pico-gnss-rs/src/main.rs:453)
156.475622 [INFO ] NMEA $GPZDA,121205.000,08,06,2026,,*5B (pico_gnss pico-gnss-rs/src/main.rs:453)
156.519370 [INFO ] NMEA $GPGST,121205.000,8.0,28,13,25.0,26,17,30*7A (pico_gnss pico-gnss-rs/src/main.rs:453)
156.712215 [INFO ] PPS count=36 interval_us=1000002 interval_ns=1000002528 state=Locked missed=0 (pico_gnss pico-gnss-rs/src/main.rs:192)
156.713979 [INFO ] PPSGEN count=151 interval_ns=999985552 dev_ns=-14448 phase_ns=1638479 hwphase_ns=236720 (pico_gnss pico-gnss-rs/src/main.rs:296)
156.883511 [INFO ] NMEA $GPGGA,121206.000,0000.0000,N,00000.0000,E,1,4,2.10,25.1,M,39.0,M,,*66 (pico_gnss pico-gnss-rs/src/main.rs:453)
156.914264 [INFO ] TIME unix_ns=1780920726202015974 ppb=2518 holdover_ms=1202 locked=1 (pico_gnss pico-gnss-rs/src/main.rs:226)
156.935005 [INFO ] NMEA $GNGLL,0000.0000,N,00000.0000,E,121206.000,A,A*46 (pico_gnss pico-gnss-rs/src/main.rs:453)
156.993010 [INFO ] NMEA $GNGSA,A,3,32,12,10,15,,,,,,,,,2.30,2.10,0.92*12 (pico_gnss pico-gnss-rs/src/main.rs:453)
157.022513 [INFO ] NMEA $GNGSA,A,3,,,,,,,,,,,,,2.30,2.10,0.92*15 (pico_gnss pico-gnss-rs/src/main.rs:453)
157.109808 [INFO ] NMEA $GPGSV,3,1,12,12,63,081,17,25,61,182,,10,57,260,15,23,43,199,*7E (pico_gnss pico-gnss-rs/src/main.rs:453)
157.172536 [INFO ] NMEA $GPGSV,3,2,12,32,38,314,18,24,30,063,,28,21,266,,15,15,126,17*76 (pico_gnss pico-gnss-rs/src/main.rs:453)
157.230964 [INFO ] NMEA $GPGSV,3,3,12,19,02,042,17,193,,,,194,,,,195,,,*7A (pico_gnss pico-gnss-rs/src/main.rs:453)
157.289500 [INFO ] NMEA $GLGSV,2,1,06,74,78,006,,72,70,357,,71,46,126,,75,43,222,*6F (pico_gnss pico-gnss-rs/src/main.rs:453)
157.318992 [INFO ] NMEA $GLGSV,2,2,06,73,28,034,,65,20,327,*6D (pico_gnss pico-gnss-rs/src/main.rs:453)
157.406386 [INFO ] NMEA $GNRMC,121206.000,A,0000.0000,N,00000.0000,E,1.31,106.61,080626,,,A*78 (pico_gnss pico-gnss-rs/src/main.rs:453)
157.408964 [INFO ] SYNC pps_local_us=81280903 unix_s=1780920726 drift_us=2 err_ns=11 holdover_ms=999 (pico_gnss pico-gnss-rs/src/main.rs:484)
157.439981 [INFO ] NMEA $GPVTG,106.61,T,,M,1.31,N,2.43,K,A*3B (pico_gnss pico-gnss-rs/src/main.rs:453)
157.498050 [INFO ] NMEA $GPZDA,121206.000,08,06,2026,,*58 (pico_gnss pico-gnss-rs/src/main.rs:453)
157.522595 [INFO ] NMEA $GPGST,121206.000,7.9,29,13,26.1,27,18,30*72 (pico_gnss pico-gnss-rs/src/main.rs:453)
157.712221 [INFO ] PPS count=37 interval_us=1000002 interval_ns=1000002528 state=Locked missed=0 (pico_gnss pico-gnss-rs/src/main.rs:192)
157.713991 [INFO ] PPSGEN count=152 interval_ns=999986672 dev_ns=-13328 phase_ns=1641478 hwphase_ns=220864 (pico_gnss pico-gnss-rs/src/main.rs:296)
157.897485 [INFO ] NMEA $GPGGA,121207.000,0000.0000,N,00000.0000,E,1,4,2.11,25.0,M,39.0,M,,*6E (pico_gnss pico-gnss-rs/src/main.rs:453)
157.915536 [INFO ] TIME unix_ns=1780920727203314970 ppb=2518 holdover_ms=1203 locked=1 (pico_gnss pico-gnss-rs/src/main.rs:226)
157.955845 [INFO ] NMEA $GNGLL,0000.0000,N,00000.0000,E,121207.000,A,A*4E (pico_gnss pico-gnss-rs/src/main.rs:453)
157.997698 [INFO ] NMEA $GNGSA,A,3,32,12,10,15,,,,,,,,,2.30,2.11,0.92*13 (pico_gnss pico-gnss-rs/src/main.rs:453)
158.055905 [INFO ] NMEA $GNGSA,A,3,,,,,,,,,,,,,2.30,2.11,0.92*14 (pico_gnss pico-gnss-rs/src/main.rs:453)
158.114544 [INFO ] NMEA $GPGSV,3,1,12,12,63,081,17,25,61,182,,10,57,260,15,23,43,199,*7E (pico_gnss pico-gnss-rs/src/main.rs:453)
158.173118 [INFO ] NMEA $GPGSV,3,2,12,32,38,314,18,24,30,063,,28,21,266,,15,15,126,17*76 (pico_gnss pico-gnss-rs/src/main.rs:453)
158.231534 [INFO ] NMEA $GPGSV,3,3,12,19,02,042,17,193,,,,194,,,,195,,,*7A (pico_gnss pico-gnss-rs/src/main.rs:453)
158.294146 [INFO ] NMEA $GLGSV,2,1,06,74,78,006,,72,70,357,,71,46,126,,75,43,222,*6F (pico_gnss pico-gnss-rs/src/main.rs:453)
158.352396 [INFO ] NMEA $GLGSV,2,2,06,73,28,034,,65,20,327,*6D (pico_gnss pico-gnss-rs/src/main.rs:453)
158.411081 [INFO ] NMEA $GNRMC,121207.000,A,0000.0000,N,00000.0000,E,1.52,137.74,080626,,,A*73 (pico_gnss pico-gnss-rs/src/main.rs:453)
158.413649 [INFO ] SYNC pps_local_us=82280906 unix_s=1780920727 drift_us=2 err_ns=10 holdover_ms=1000 (pico_gnss pico-gnss-rs/src/main.rs:484)
158.469367 [INFO ] NMEA $GPVTG,137.74,T,,M,1.52,N,2.81,K,A*36 (pico_gnss pico-gnss-rs/src/main.rs:453)
158.498728 [INFO ] NMEA $GPZDA,121207.000,08,06,2026,,*59 (pico_gnss pico-gnss-rs/src/main.rs:453)
158.532254 [INFO ] NMEA $GPGST,121207.000,7.9,29,13,26.4,27,18,30*76 (pico_gnss pico-gnss-rs/src/main.rs:453)
158.712228 [INFO ] PPS count=38 interval_us=1000002 interval_ns=1000002544 state=Locked missed=0 (pico_gnss pico-gnss-rs/src/main.rs:192)
158.713986 [INFO ] PPSGEN count=153 interval_ns=999987744 dev_ns=-12256 phase_ns=1639477 hwphase_ns=206064 (pico_gnss pico-gnss-rs/src/main.rs:296)
158.883587 [INFO ] NMEA $GPGGA,121208.000,0000.0000,N,00000.0000,E,1,4,2.10,25.0,M,39.0,M,,*60 (pico_gnss pico-gnss-rs/src/main.rs:453)
158.916826 [INFO ] TIME unix_ns=1780920728204564966 ppb=2519 holdover_ms=1204 locked=1 (pico_gnss pico-gnss-rs/src/main.rs:226)
158.942244 [INFO ] NMEA $GNGLL,0000.0000,N,00000.0000,E,121208.000,A,A*41 (pico_gnss pico-gnss-rs/src/main.rs:453)
159.000283 [INFO ] NMEA $GNGSA,A,3,32,12,10,15,,,,,,,,,2.30,2.10,0.92*12 (pico_gnss pico-gnss-rs/src/main.rs:453)
159.029750 [INFO ] NMEA $GNGSA,A,3,,,,,,,,,,,,,2.30,2.10,0.92*15 (pico_gnss pico-gnss-rs/src/main.rs:453)
159.091371 [INFO ] NMEA $GPGSV,3,1,12,12,63,081,17,25,61,182,,10,57,260,15,23,43,199,*7E (pico_gnss pico-gnss-rs/src/main.rs:453)
159.178761 [INFO ] NMEA $GPGSV,3,2,12,32,38,314,18,24,30,063,,28,21,266,,15,15,126,17*76 (pico_gnss pico-gnss-rs/src/main.rs:453)
159.237172 [INFO ] NMEA $GPGSV,3,3,12,19,02,042,17,193,,,,194,,,,195,,,*7A (pico_gnss pico-gnss-rs/src/main.rs:453)
159.295719 [INFO ] NMEA $GLGSV,2,1,06,74,78,006,,72,70,357,,71,46,126,,75,43,222,*6F (pico_gnss pico-gnss-rs/src/main.rs:453)
159.329239 [INFO ] NMEA $GLGSV,2,2,06,73,28,034,,65,20,327,*6D (pico_gnss pico-gnss-rs/src/main.rs:453)
159.416746 [INFO ] NMEA $GNRMC,121208.000,A,0000.0000,N,00000.0000,E,0.56,137.74,080626,,,A*79 (pico_gnss pico-gnss-rs/src/main.rs:453)
159.419314 [INFO ] SYNC pps_local_us=83280909 unix_s=1780920728 drift_us=2 err_ns=26 holdover_ms=999 (pico_gnss pico-gnss-rs/src/main.rs:484)
159.446465 [INFO ] NMEA $GPVTG,137.74,T,,M,0.56,N,1.04,K,A*3D (pico_gnss pico-gnss-rs/src/main.rs:453)
159.475601 [INFO ] NMEA $GPZDA,121208.000,08,06,2026,,*56 (pico_gnss pico-gnss-rs/src/main.rs:453)
159.522458 [INFO ] NMEA $GPGST,121208.000,8.0,30,14,26.4,27,18,30*70 (pico_gnss pico-gnss-rs/src/main.rs:453)
159.712215 [INFO ] PPS count=39 interval_us=1000002 interval_ns=1000002528 state=Locked missed=0 (pico_gnss pico-gnss-rs/src/main.rs:192)
159.713984 [INFO ] PPSGEN count=154 interval_ns=999988736 dev_ns=-11264 phase_ns=1647477 hwphase_ns=192272 (pico_gnss pico-gnss-rs/src/main.rs:296)
159.871293 [INFO ] NMEA $GPGGA,121209.000,0000.0000,N,00000.0000,E,1,4,2.10,25.0,M,39.0,M,,*68 (pico_gnss pico-gnss-rs/src/main.rs:453)
159.918110 [INFO ] TIME unix_ns=1780920729205867963 ppb=2519 holdover_ms=1205 locked=1 (pico_gnss pico-gnss-rs/src/main.rs:226)
159.929979 [INFO ] NMEA $GNGLL,0000.0000,N,00000.0000,E,121209.000,A,A*49 (pico_gnss pico-gnss-rs/src/main.rs:453)
159.987980 [INFO ] NMEA $GNGSA,A,3,32,12,10,15,,,,,,,,,2.30,2.10,0.92*12 (pico_gnss pico-gnss-rs/src/main.rs:453)
160.017481 [INFO ] NMEA $GNGSA,A,3,,,,,,,,,,,,,2.30,2.10,0.92*15 (pico_gnss pico-gnss-rs/src/main.rs:453)
160.104788 [INFO ] NMEA $GPGSV,3,1,12,12,63,081,17,25,61,182,,10,57,260,15,23,43,199,*7E (pico_gnss pico-gnss-rs/src/main.rs:453)
160.167532 [INFO ] NMEA $GPGSV,3,2,12,32,38,314,18,24,30,063,,28,21,266,,15,15,126,17*76 (pico_gnss pico-gnss-rs/src/main.rs:453)
160.225919 [INFO ] NMEA $GPGSV,3,3,12,19,02,042,16,193,,,,194,,,,195,,,*7B (pico_gnss pico-gnss-rs/src/main.rs:453)
160.284493 [INFO ] NMEA $GLGSV,2,1,06,74,78,006,,72,70,357,,71,46,126,,75,43,222,*6F (pico_gnss pico-gnss-rs/src/main.rs:453)
160.342654 [INFO ] NMEA $GLGSV,2,2,06,73,28,034,,65,20,327,*6D (pico_gnss pico-gnss-rs/src/main.rs:453)
160.405475 [INFO ] NMEA $GNRMC,121209.000,A,0000.0000,N,00000.0000,E,0.89,160.19,080626,,,A*7A (pico_gnss pico-gnss-rs/src/main.rs:453)
160.408045 [INFO ] SYNC pps_local_us=84280911 unix_s=1780920729 drift_us=2 err_ns=9 holdover_ms=1000 (pico_gnss pico-gnss-rs/src/main.rs:484)
160.435249 [INFO ] NMEA $GPVTG,160.19,T,,M,0.89,N,1.65,K,A*31 (pico_gnss pico-gnss-rs/src/main.rs:453)
160.493020 [INFO ] NMEA $GPZDA,121209.000,08,06,2026,,*57 (pico_gnss pico-gnss-rs/src/main.rs:453)
160.520737 [INFO ] NMEA $GPGST,121209.000,8.0,30,14,26.2,27,18,30*77 (pico_gnss pico-gnss-rs/src/main.rs:453)
160.712226 [INFO ] PPS count=40 interval_us=1000002 interval_ns=1000002528 state=Locked missed=0 (pico_gnss pico-gnss-rs/src/main.rs:192)
160.713981 [INFO ] PPSGEN count=155 interval_ns=999989664 dev_ns=-10336 phase_ns=1630477 hwphase_ns=179408 (pico_gnss pico-gnss-rs/src/main.rs:296)
160.885787 [INFO ] NMEA $GPGGA,121210.000,0000.0000,N,00000.0000,E,1,4,2.10,25.0,M,39.0,M,,*6B (pico_gnss pico-gnss-rs/src/main.rs:453)
160.919407 [INFO ] TIME unix_ns=1780920730207143959 ppb=2519 holdover_ms=1207 locked=1 (pico_gnss pico-gnss-rs/src/main.rs:226)
160.953381 [INFO ] NMEA $GNGLL,0000.0000,N,00000.0000,E,121210.000,A,A*4A (pico_gnss pico-gnss-rs/src/main.rs:453)
160.983013 [INFO ] NMEA $GNGSA,A,3,32,12,10,15,,,,,,,,,2.30,2.10,0.92*12 (pico_gnss pico-gnss-rs/src/main.rs:453)
161.041136 [INFO ] NMEA $GNGSA,A,3,,,,,,,,,,,,,2.30,2.10,0.92*15 (pico_gnss pico-gnss-rs/src/main.rs:453)
161.099824 [INFO ] NMEA $GPGSV,3,1,12,12,63,081,17,25,61,182,,10,57,260,15,23,43,199,*7E (pico_gnss pico-gnss-rs/src/main.rs:453)
161.187175 [INFO ] NMEA $GPGSV,3,2,12,32,38,314,18,24,30,063,,28,21,266,,15,15,126,17*76 (pico_gnss pico-gnss-rs/src/main.rs:453)
161.220918 [INFO ] NMEA $GPGSV,3,3,12,19,02,042,16,193,,,,194,,,,195,,,*7B (pico_gnss pico-gnss-rs/src/main.rs:453)
161.279457 [INFO ] NMEA $GLGSV,2,1,06,74,78,006,,72,70,357,,71,46,126,,75,43,222,*6F (pico_gnss pico-gnss-rs/src/main.rs:453)
161.337667 [INFO ] NMEA $GLGSV,2,2,06,73,28,034,,65,20,327,*6D (pico_gnss pico-gnss-rs/src/main.rs:453)
161.396346 [INFO ] NMEA $GNRMC,121210.000,A,0000.0000,N,00000.0000,E,0.99,242.34,080626,,,A*74 (pico_gnss pico-gnss-rs/src/main.rs:453)
161.398912 [INFO ] SYNC pps_local_us=85280914 unix_s=1780920730 drift_us=2 err_ns=9 holdover_ms=999 (pico_gnss pico-gnss-rs/src/main.rs:484)
161.454637 [INFO ] NMEA $GPVTG,242.34,T,,M,0.99,N,1.83,K,A*34 (pico_gnss pico-gnss-rs/src/main.rs:453)
161.488031 [INFO ] NMEA $GPZDA,121210.000,08,06,2026,,*5F (pico_gnss pico-gnss-rs/src/main.rs:453)
161.524510 [INFO ] NMEA $GPGST,121210.000,8.0,30,14,26.5,28,18,30*77 (pico_gnss pico-gnss-rs/src/main.rs:453)
161.712571 [INFO ] PPSGEN count=156 interval_ns=999990528 dev_ns=-9472 phase_ns=275480 hwphase_ns=169936 (pico_gnss pico-gnss-rs/src/main.rs:296)
161.713833 [INFO ] PPS count=41 interval_us=1000002 interval_ns=1000002528 state=Locked missed=0 (pico_gnss pico-gnss-rs/src/main.rs:192)
161.884683 [INFO ] NMEA $GPGGA,121211.000,0000.0000,N,00000.0000,E,1,4,2.10,25.0,M,39.0,M,,*6B (pico_gnss pico-gnss-rs/src/main.rs:453)
161.920700 [INFO ] TIME unix_ns=1780920731208434956 ppb=2520 holdover_ms=1208 locked=1 (pico_gnss pico-gnss-rs/src/main.rs:226)
161.943325 [INFO ] NMEA $GNGLL,0000.0000,N,00000.0000,E,121211.000,A,A*4A (pico_gnss pico-gnss-rs/src/main.rs:453)
162.001400 [INFO ] NMEA $GNGSA,A,3,32,12,10,15,,,,,,,,,2.29,2.10,0.92*1A (pico_gnss pico-gnss-rs/src/main.rs:453)
162.030868 [INFO ] NMEA $GNGSA,A,3,,,,,,,,,,,,,2.29,2.10,0.92*1D (pico_gnss pico-gnss-rs/src/main.rs:453)
162.089429 [INFO ] NMEA $GPGSV,3,1,12,12,63,081,17,25,61,182,,10,57,260,15,23,43,199,*7E (pico_gnss pico-gnss-rs/src/main.rs:453)
162.176799 [INFO ] NMEA $GPGSV,3,2,12,32,38,314,18,24,30,063,,28,21,266,,15,15,126,17*76 (pico_gnss pico-gnss-rs/src/main.rs:453)
162.235232 [INFO ] NMEA $GPGSV,3,3,12,19,02,042,16,193,,,,194,,,,195,,,*7B (pico_gnss pico-gnss-rs/src/main.rs:453)
162.297841 [INFO ] NMEA $GLGSV,2,1,06,74,78,006,,72,70,357,,71,46,126,,75,43,222,*6F (pico_gnss pico-gnss-rs/src/main.rs:453)
162.327353 [INFO ] NMEA $GLGSV,2,2,06,73,28,034,,65,20,327,*6D (pico_gnss pico-gnss-rs/src/main.rs:453)
162.414768 [INFO ] NMEA $GNRMC,121211.000,A,0000.0000,N,00000.0000,E,0.62,329.22,080626,,,A*7B (pico_gnss pico-gnss-rs/src/main.rs:453)
162.417337 [INFO ] SYNC pps_local_us=86280916 unix_s=1780920731 drift_us=2 err_ns=9 holdover_ms=1001 (pico_gnss pico-gnss-rs/src/main.rs:484)
162.444514 [INFO ] NMEA $GPVTG,329.22,T,,M,0.62,N,1.14,K,A*35 (pico_gnss pico-gnss-rs/src/main.rs:453)
162.473653 [INFO ] NMEA $GPZDA,121211.000,08,06,2026,,*5E (pico_gnss pico-gnss-rs/src/main.rs:453)
162.523667 [INFO ] NMEA $GPGST,121211.000,8.1,30,14,26.6,28,18,30*74 (pico_gnss pico-gnss-rs/src/main.rs:453)
162.712654 [INFO ] PPSGEN count=157 interval_ns=999991328 dev_ns=-8672 phase_ns=-1381516 hwphase_ns=158736 (pico_gnss pico-gnss-rs/src/main.rs:296)
162.714019 [INFO ] PPS count=42 interval_us=1000002 interval_ns=1000002528 state=Locked missed=0 (pico_gnss pico-gnss-rs/src/main.rs:192)
162.869096 [INFO ] NMEA $GPGGA,121212.000,0000.0000,N,00000.0000,E,1,4,2.10,25.0,M,39.0,M,,*63 (pico_gnss pico-gnss-rs/src/main.rs:453)
162.921992 [INFO ] TIME unix_ns=1780920732208079956 ppb=2520 holdover_ms=1208 locked=1 (pico_gnss pico-gnss-rs/src/main.rs:226)
162.927752 [INFO ] NMEA $GNGLL,0000.0000,N,00000.0000,E,121212.000,A,A*42 (pico_gnss pico-gnss-rs/src/main.rs:453)
162.985794 [INFO ] NMEA $GNGSA,A,3,32,12,10,15,,,,,,,,,2.30,2.10,0.92*12 (pico_gnss pico-gnss-rs/src/main.rs:453)
163.043990 [INFO ] NMEA $GNGSA,A,3,,,,,,,,,,,,,2.30,2.10,0.92*15 (pico_gnss pico-gnss-rs/src/main.rs:453)
163.106763 [INFO ] NMEA $GPGSV,3,1,12,12,63,081,17,25,61,182,,10,57,260,15,23,43,199,*7E (pico_gnss pico-gnss-rs/src/main.rs:453)
163.165407 [INFO ] NMEA $GPGSV,3,2,12,32,38,314,18,24,30,063,,28,21,266,,15,15,126,17*76 (pico_gnss pico-gnss-rs/src/main.rs:453)
163.223791 [INFO ] NMEA $GPGSV,3,3,12,19,02,042,16,193,,,,194,,,,195,,,*7B (pico_gnss pico-gnss-rs/src/main.rs:453)
163.282347 [INFO ] NMEA $GLGSV,2,1,06,74,78,006,,72,70,357,,71,45,127,,75,43,222,*6D (pico_gnss pico-gnss-rs/src/main.rs:453)
163.340510 [INFO ] NMEA $GLGSV,2,2,06,73,28,034,,65,20,327,*6D (pico_gnss pico-gnss-rs/src/main.rs:453)
163.403351 [INFO ] NMEA $GNRMC,121212.000,A,0000.0000,N,00000.0000,E,0.49,329.22,080626,,,A*7A (pico_gnss pico-gnss-rs/src/main.rs:453)
163.405926 [INFO ] SYNC pps_local_us=87280919 unix_s=1780920732 drift_us=2 err_ns=9 holdover_ms=1000 (pico_gnss pico-gnss-rs/src/main.rs:484)
163.433087 [INFO ] NMEA $GPVTG,329.22,T,,M,0.49,N,0.92,K,A*33 (pico_gnss pico-gnss-rs/src/main.rs:453)
163.490897 [INFO ] NMEA $GPZDA,121212.000,08,06,2026,,*5D (pico_gnss pico-gnss-rs/src/main.rs:453)
163.521716 [INFO ] NMEA $GPGST,121212.000,8.1,30,14,26.7,28,18,30*76 (pico_gnss pico-gnss-rs/src/main.rs:453)
163.712661 [INFO ] PPSGEN count=158 interval_ns=1000002528 dev_ns=2528 phase_ns=-1547516 hwphase_ns=158736 (pico_gnss pico-gnss-rs/src/main.rs:296)
163.713942 [INFO ] PPS count=43 interval_us=1000002 interval_ns=1000002528 state=Locked missed=0 (pico_gnss pico-gnss-rs/src/main.rs:192)
163.885585 [INFO ] NMEA $GPGGA,121213.000,0000.0000,N,00000.0000,E,1,4,2.10,25.1,M,39.0,M,,*65 (pico_gnss pico-gnss-rs/src/main.rs:453)
163.923288 [INFO ] TIME unix_ns=1780920733209192953 ppb=2520 holdover_ms=1209 locked=1 (pico_gnss pico-gnss-rs/src/main.rs:226)
163.950414 [INFO ] NMEA $GNGLL,0000.0000,N,00000.0000,E,121213.000,A,A*45 (pico_gnss pico-gnss-rs/src/main.rs:453)
163.979755 [INFO ] NMEA $GNGSA,A,3,32,12,10,15,,,,,,,,,2.29,2.10,0.92*1A (pico_gnss pico-gnss-rs/src/main.rs:453)
164.037859 [INFO ] NMEA $GNGSA,A,3,,,,,,,,,,,,,2.29,2.10,0.92*1D (pico_gnss pico-gnss-rs/src/main.rs:453)
164.096445 [INFO ] NMEA $GPGSV,3,1,12,12,63,081,17,25,61,182,,10,57,260,15,23,43,199,*7E (pico_gnss pico-gnss-rs/src/main.rs:453)
164.183855 [INFO ] NMEA $GPGSV,3,2,12,32,38,314,19,24,30,063,,28,21,266,,15,15,126,17*77 (pico_gnss pico-gnss-rs/src/main.rs:453)
164.217658 [INFO ] NMEA $GPGSV,3,3,12,19,02,042,16,193,,,,194,,,,195,,,*7B (pico_gnss pico-gnss-rs/src/main.rs:453)
164.304954 [INFO ] NMEA $GLGSV,2,1,06,74,78,006,,72,71,359,,71,45,127,,75,43,222,*62 (pico_gnss pico-gnss-rs/src/main.rs:453)
164.334467 [INFO ] NMEA $GLGSV,2,2,06,73,28,034,,65,20,327,*6D (pico_gnss pico-gnss-rs/src/main.rs:453)
164.421818 [INFO ] NMEA $GNRMC,121213.000,A,0000.0000,N,00000.0000,E,1.28,97.19,080626,,,A*45 (pico_gnss pico-gnss-rs/src/main.rs:453)
164.424381 [INFO ] SYNC pps_local_us=88280921 unix_s=1780920733 drift_us=2 err_ns=8 holdover_ms=999 (pico_gnss pico-gnss-rs/src/main.rs:484)
164.455442 [INFO ] NMEA $GPVTG,97.19,T,,M,1.28,N,2.37,K,A*06 (pico_gnss pico-gnss-rs/src/main.rs:453)
164.484807 [INFO ] NMEA $GPZDA,121213.000,08,06,2026,,*5C (pico_gnss pico-gnss-rs/src/main.rs:453)
164.522259 [INFO ] NMEA $GPGST,121213.000,8.1,31,14,26.7,28,19,30*77 (pico_gnss pico-gnss-rs/src/main.rs:453)
164.712654 [INFO ] PPSGEN count=159 interval_ns=999992624 dev_ns=-7376 phase_ns=-1475516 hwphase_ns=148832 (pico_gnss pico-gnss-rs/src/main.rs:296)
164.714019 [INFO ] PPS count=44 interval_us=1000002 interval_ns=1000002544 state=Locked missed=0 (pico_gnss pico-gnss-rs/src/main.rs:192)
164.882597 [INFO ] NMEA $GPGGA,121214.000,0000.0000,N,00000.0000,E,1,4,2.10,25.1,M,39.0,M,,*60 (pico_gnss pico-gnss-rs/src/main.rs:453)
164.924584 [INFO ] TIME unix_ns=1780920734210558949 ppb=2521 holdover_ms=1210 locked=1 (pico_gnss pico-gnss-rs/src/main.rs:226)
164.941247 [INFO ] NMEA $GNGLL,0000.0000,N,00000.0000,E,121214.000,A,A*40 (pico_gnss pico-gnss-rs/src/main.rs:453)
164.998324 [INFO ] NMEA $GNGSA,A,3,32,12,10,15,,,,,,,,,2.29,2.10,0.92*1A (pico_gnss pico-gnss-rs/src/main.rs:453)
165.027782 [INFO ] NMEA $GNGSA,A,3,,,,,,,,,,,,,2.29,2.10,0.92*1D (pico_gnss pico-gnss-rs/src/main.rs:453)
165.115080 [INFO ] NMEA $GPGSV,3,1,12,12,63,081,17,25,61,182,,10,57,260,15,23,43,199,*7E (pico_gnss pico-gnss-rs/src/main.rs:453)
165.173724 [INFO ] NMEA $GPGSV,3,2,12,32,38,314,19,24,30,063,,28,21,266,,15,15,126,17*77 (pico_gnss pico-gnss-rs/src/main.rs:453)
165.232130 [INFO ] NMEA $GPGSV,3,3,12,19,02,042,16,193,,,,194,,,,195,,,*7B (pico_gnss pico-gnss-rs/src/main.rs:453)
165.294761 [INFO ] NMEA $GLGSV,2,1,06,74,78,006,,72,71,359,,71,45,127,,75,43,222,*62 (pico_gnss pico-gnss-rs/src/main.rs:453)
165.324239 [INFO ] NMEA $GLGSV,2,2,06,73,27,034,,65,20,327,*62 (pico_gnss pico-gnss-rs/src/main.rs:453)
165.411660 [INFO ] NMEA $GNRMC,121214.000,A,0000.0000,N,00000.0000,E,1.74,81.55,080626,,,A*46 (pico_gnss pico-gnss-rs/src/main.rs:453)
165.414240 [INFO ] SYNC pps_local_us=89280924 unix_s=1780920734 drift_us=2 err_ns=24 holdover_ms=1000 (pico_gnss pico-gnss-rs/src/main.rs:484)
165.441381 [INFO ] NMEA $GPVTG,81.55,T,,M,1.74,N,3.22,K,A*05 (pico_gnss pico-gnss-rs/src/main.rs:453)
165.470517 [INFO ] NMEA $GPZDA,121214.000,08,06,2026,,*5B (pico_gnss pico-gnss-rs/src/main.rs:453)
165.519693 [INFO ] NMEA $GPGST,121214.000,8.2,31,14,26.7,28,19,30*73 (pico_gnss pico-gnss-rs/src/main.rs:453)
165.712649 [INFO ] PPSGEN count=160 interval_ns=999992624 dev_ns=-7376 phase_ns=-1538517 hwphase_ns=138912 (pico_gnss pico-gnss-rs/src/main.rs:296)
165.713999 [INFO ] PPS count=45 interval_us=1000002 interval_ns=1000002528 state=Locked missed=0 (pico_gnss pico-gnss-rs/src/main.rs:192)
165.884591 [INFO ] NMEA $GPGGA,121215.000,0000.0000,N,00000.0000,E,1,4,2.10,25.2,M,39.0,M,,*6F (pico_gnss pico-gnss-rs/src/main.rs:453)
165.925874 [INFO ] TIME unix_ns=1780920735211788945 ppb=2521 holdover_ms=1211 locked=1 (pico_gnss pico-gnss-rs/src/main.rs:226)
165.943245 [INFO ] NMEA $GNGLL,0000.0000,N,00000.0000,E,121215.000,A,A*4C (pico_gnss pico-gnss-rs/src/main.rs:453)
166.001288 [INFO ] NMEA $GNGSA,A,3,32,12,10,15,,,,,,,,,2.29,2.10,0.92*1A (pico_gnss pico-gnss-rs/src/main.rs:453)
166.030744 [INFO ] NMEA $GNGSA,A,3,,,,,,,,,,,,,2.29,2.10,0.92*1D (pico_gnss pico-gnss-rs/src/main.rs:453)
166.109852 [INFO ] NMEA $GPGSV,3,1,12,12,63,081,17,25,61,182,,10,57,260,15,23,43,199,*7E (pico_gnss pico-gnss-rs/src/main.rs:453)
166.168506 [INFO ] NMEA $GPGSV,3,2,12,32,38,314,19,24,30,063,,28,21,266,,15,15,126,16*76 (pico_gnss pico-gnss-rs/src/main.rs:453)
166.226871 [INFO ] NMEA $GPGSV,3,3,12,19,02,042,16,193,,,,194,,,,195,,,*7B (pico_gnss pico-gnss-rs/src/main.rs:453)
166.285448 [INFO ] NMEA $GLGSV,2,1,06,74,77,007,,72,71,359,,71,45,127,,75,43,222,*6C (pico_gnss pico-gnss-rs/src/main.rs:453)
166.343545 [INFO ] NMEA $GLGSV,2,2,06,73,27,034,,65,20,327,*62 (pico_gnss pico-gnss-rs/src/main.rs:453)
166.406435 [INFO ] NMEA $GNRMC,121215.000,A,0000.0000,N,00000.0000,E,1.84,78.36,080626,,,A*46 (pico_gnss pico-gnss-rs/src/main.rs:453)
166.409003 [INFO ] SYNC pps_local_us=90280926 unix_s=1780920735 drift_us=2 err_ns=7 holdover_ms=999 (pico_gnss pico-gnss-rs/src/main.rs:484)
166.436191 [INFO ] NMEA $GPVTG,78.36,T,,M,1.84,N,3.40,K,A*0D (pico_gnss pico-gnss-rs/src/main.rs:453)
166.493943 [INFO ] NMEA $GPZDA,121215.000,08,06,2026,,*5A (pico_gnss pico-gnss-rs/src/main.rs:453)
166.521638 [INFO ] NMEA $GPGST,121215.000,8.2,31,14,26.4,28,19,30*71 (pico_gnss pico-gnss-rs/src/main.rs:453)
166.712649 [INFO ] PPSGEN count=161 interval_ns=999993248 dev_ns=-6752 phase_ns=-1526517 hwphase_ns=129632 (pico_gnss pico-gnss-rs/src/main.rs:296)
166.714022 [INFO ] PPS count=46 interval_us=1000002 interval_ns=1000002528 state=Locked missed=0 (pico_gnss pico-gnss-rs/src/main.rs:192)
166.901895 [INFO ] NMEA $GPGGA,121216.000,0000.0000,N,00000.0000,E,1,4,2.10,25.2,M,39.0,M,,*69 (pico_gnss pico-gnss-rs/src/main.rs:453)
166.927136 [INFO ] TIME unix_ns=1780920736213081942 ppb=2521 holdover_ms=1213 locked=1 (pico_gnss pico-gnss-rs/src/main.rs:226)
166.960361 [INFO ] NMEA $GNGLL,0000.0000,N,00000.0000,E,121216.000,A,A*4A (pico_gnss pico-gnss-rs/src/main.rs:453)
166.990000 [INFO ] NMEA $GNGSA,A,3,32,12,10,15,,,,,,,,,2.29,2.10,0.92*1A (pico_gnss pico-gnss-rs/src/main.rs:453)
167.048098 [INFO ] NMEA $GNGSA,A,3,,,,,,,,,,,,,2.29,2.10,0.92*1D (pico_gnss pico-gnss-rs/src/main.rs:453)
167.106768 [INFO ] NMEA $GPGSV,3,1,12,12,63,081,17,25,61,182,18,10,57,260,15,23,43,199,*77 (pico_gnss pico-gnss-rs/src/main.rs:453)
167.169430 [INFO ] NMEA $GPGSV,3,2,12,32,38,314,19,24,30,063,,28,21,266,,15,15,126,16*76 (pico_gnss pico-gnss-rs/src/main.rs:453)
167.227876 [INFO ] NMEA $GPGSV,3,3,12,19,02,042,16,193,,,,194,,,,195,,,*7B (pico_gnss pico-gnss-rs/src/main.rs:453)
167.315169 [INFO ] NMEA $GLGSV,2,1,06,74,77,007,,72,71,359,,71,45,127,,75,44,223,*6A (pico_gnss pico-gnss-rs/src/main.rs:453)
167.344694 [INFO ] NMEA $GLGSV,2,2,06,73,27,034,,65,20,327,*62 (pico_gnss pico-gnss-rs/src/main.rs:453)
167.403303 [INFO ] NMEA $GNRMC,121216.000,A,0000.0000,N,00000.0000,E,1.82,77.00,080626,,,A*4C (pico_gnss pico-gnss-rs/src/main.rs:453)
167.405857 [INFO ] SYNC pps_local_us=91280929 unix_s=1780920736 drift_us=2 err_ns=7 holdover_ms=1000 (pico_gnss pico-gnss-rs/src/main.rs:484)
167.465648 [INFO ] NMEA $GPVTG,77.00,T,,M,1.82,N,3.37,K,A*01 (pico_gnss pico-gnss-rs/src/main.rs:453)
167.495031 [INFO ] NMEA $GPZDA,121216.000,08,06,2026,,*59 (pico_gnss pico-gnss-rs/src/main.rs:453)
167.531443 [INFO ] NMEA $GPGST,121216.000,8.1,31,14,26.5,28,19,30*70 (pico_gnss pico-gnss-rs/src/main.rs:453)
167.712658 [INFO ] PPSGEN count=162 interval_ns=999993872 dev_ns=-6128 phase_ns=-1551517 hwphase_ns=120976 (pico_gnss pico-gnss-rs/src/main.rs:296)
167.714023 [INFO ] PPS count=47 interval_us=1000002 interval_ns=1000002528 state=Locked missed=0 (pico_gnss pico-gnss-rs/src/main.rs:192)
167.885674 [INFO ] NMEA $GPGGA,121217.000,0000.0000,N,00000.0000,E,1,4,2.10,25.2,M,39.0,M,,*6B (pico_gnss pico-gnss-rs/src/main.rs:453)
167.928428 [INFO ] TIME unix_ns=1780920737214327938 ppb=2522 holdover_ms=1214 locked=1 (pico_gnss pico-gnss-rs/src/main.rs:226)
167.944326 [INFO ] NMEA $GNGLL,0000.0000,N,00000.0000,E,121217.000,A,A*48 (pico_gnss pico-gnss-rs/src/main.rs:453)
168.002370 [INFO ] NMEA $GNGSA,A,3,32,12,10,15,,,,,,,,,2.29,2.10,0.92*1A (pico_gnss pico-gnss-rs/src/main.rs:453)
168.031859 [INFO ] NMEA $GNGSA,A,3,,,,,,,,,,,,,2.29,2.10,0.92*1D (pico_gnss pico-gnss-rs/src/main.rs:453)
168.119254 [INFO ] NMEA $GPGSV,3,1,12,12,63,081,17,25,61,182,17,10,57,260,15,23,43,199,*78 (pico_gnss pico-gnss-rs/src/main.rs:453)
168.177879 [INFO ] NMEA $GPGSV,3,2,12,32,38,314,19,24,30,063,,28,21,266,,15,15,126,16*76 (pico_gnss pico-gnss-rs/src/main.rs:453)
168.240382 [INFO ] NMEA $GPGSV,3,3,12,19,02,042,16,193,,,,194,,,,195,,,*7B (pico_gnss pico-gnss-rs/src/main.rs:453)
168.298924 [INFO ] NMEA $GLGSV,2,1,06,74,77,007,,72,71,359,,71,45,127,,75,44,223,*6A (pico_gnss pico-gnss-rs/src/main.rs:453)
168.328425 [INFO ] NMEA $GLGSV,2,2,06,73,27,034,,65,20,327,*62 (pico_gnss pico-gnss-rs/src/main.rs:453)
168.415798 [INFO ] NMEA $GNRMC,121217.000,A,0000.0000,N,00000.0000,E,2.05,53.17,080626,,,A*42 (pico_gnss pico-gnss-rs/src/main.rs:453)
168.418358 [INFO ] SYNC pps_local_us=92280931 unix_s=1780920737 drift_us=2 err_ns=7 holdover_ms=1000 (pico_gnss pico-gnss-rs/src/main.rs:484)
168.445546 [INFO ] NMEA $GPVTG,53.17,T,,M,2.05,N,3.81,K,A*00 (pico_gnss pico-gnss-rs/src/main.rs:453)
168.474677 [INFO ] NMEA $GPZDA,121217.000,08,06,2026,,*58 (pico_gnss pico-gnss-rs/src/main.rs:453)
168.524580 [INFO ] NMEA $GPGST,121217.000,8.1,31,14,26.3,29,19,30*76 (pico_gnss pico-gnss-rs/src/main.rs:453)
168.712657 [INFO ] PPSGEN count=163 interval_ns=999994448 dev_ns=-5552 phase_ns=-1539517 hwphase_ns=112896 (pico_gnss pico-gnss-rs/src/main.rs:296)
168.714003 [INFO ] PPS count=48 interval_us=1000002 interval_ns=1000002528 state=Locked missed=0 (pico_gnss pico-gnss-rs/src/main.rs:192)
168.835582 [INFO ] NMEA $GPGGA,121218.000,0000.0000,N,00000.0000,E,1,4,2.10,25.2,M,39.0,M,,*6C (pico_gnss pico-gnss-rs/src/main.rs:453)
168.893891 [INFO ] NMEA $GNGLL,0000.0000,N,00000.0000,E,121218.000,A,A*4F (pico_gnss pico-gnss-rs/src/main.rs:453)
168.929706 [INFO ] TIME unix_ns=1780920738215612935 ppb=2522 holdover_ms=1215 locked=1 (pico_gnss pico-gnss-rs/src/main.rs:226)
168.952633 [INFO ] NMEA $GNGSA,A,3,32,12,10,15,,,,,,,,,2.29,2.10,0.92*1A (pico_gnss pico-gnss-rs/src/main.rs:453)
168.981803 [INFO ] NMEA $GNGSA,A,3,,,,,,,,,,,,,2.29,2.10,0.92*1D (pico_gnss pico-gnss-rs/src/main.rs:453)
169.059845 [INFO ] NMEA $GPGSV,3,1,12,12,63,081,17,25,61,182,18,10,57,260,15,23,43,199,*77 (pico_gnss pico-gnss-rs/src/main.rs:453)
169.118556 [INFO ] NMEA $GPGSV,3,2,12,32,38,314,19,24,30,063,,28,21,266,,15,15,126,15*75 (pico_gnss pico-gnss-rs/src/main.rs:453)
169.176913 [INFO ] NMEA $GPGSV,3,3,12,19,02,042,16,193,,,,194,,,,195,,,*7B (pico_gnss pico-gnss-rs/src/main.rs:453)
169.235489 [INFO ] NMEA $GLGSV,2,1,06,74,77,007,,72,71,359,,71,45,127,,75,44,223,*6A (pico_gnss pico-gnss-rs/src/main.rs:453)
169.297756 [INFO ] NMEA $GLGSV,2,2,06,73,27,034,,65,20,327,*62 (pico_gnss pico-gnss-rs/src/main.rs:453)
169.356490 [INFO ] NMEA $GNRMC,121218.000,A,0000.0000,N,00000.0000,E,3.76,68.74,080626,,,A*4D (pico_gnss pico-gnss-rs/src/main.rs:453)
169.359061 [INFO ] SYNC pps_local_us=93280934 unix_s=1780920738 drift_us=2 err_ns=7 holdover_ms=999 (pico_gnss pico-gnss-rs/src/main.rs:484)
169.386218 [INFO ] NMEA $GPVTG,68.74,T,,M,3.76,N,6.97,K,A*0A (pico_gnss pico-gnss-rs/src/main.rs:453)
169.444001 [INFO ] NMEA $GPZDA,121218.000,08,06,2026,,*57 (pico_gnss pico-gnss-rs/src/main.rs:453)
169.474820 [INFO ] NMEA $GPGST,121218.000,8.0,30,14,25.0,28,18,27*7F (pico_gnss pico-gnss-rs/src/main.rs:453)
169.712672 [INFO ] PPSGEN count=164 interval_ns=999994976 dev_ns=-5024 phase_ns=-1512517 hwphase_ns=105344 (pico_gnss pico-gnss-rs/src/main.rs:296)
169.714043 [INFO ] PPS count=49 interval_us=1000002 interval_ns=1000002544 state=Locked missed=0 (pico_gnss pico-gnss-rs/src/main.rs:192)
169.837768 [INFO ] NMEA $GPGGA,121219.000,0000.0000,N,00000.0000,E,1,4,2.10,25.3,M,39.0,M,,*6C (pico_gnss pico-gnss-rs/src/main.rs:453)
169.896142 [INFO ] NMEA $GNGLL,0000.0000,N,00000.0000,E,121219.000,A,A*4E (pico_gnss pico-gnss-rs/src/main.rs:453)
169.925752 [INFO ] NMEA $GNGSA,A,3,32,12,10,15,,,,,,,,,2.29,2.10,0.92*1A (pico_gnss pico-gnss-rs/src/main.rs:453)
169.930974 [INFO ] TIME unix_ns=1780920739216920931 ppb=2522 holdover_ms=1216 locked=1 (pico_gnss pico-gnss-rs/src/main.rs:226)
169.984005 [INFO ] NMEA $GNGSA,A,3,,,,,,,,,,,,,2.29,2.10,0.92*1D (pico_gnss pico-gnss-rs/src/main.rs:453)
170.042574 [INFO ] NMEA $GPGSV,3,1,12,12,63,081,17,25,61,182,18,10,57,260,15,23,43,199,*77 (pico_gnss pico-gnss-rs/src/main.rs:453)
170.134062 [INFO ] NMEA $GPGSV,3,2,12,32,38,314,19,24,30,063,,28,21,266,,15,15,126,15*75 (pico_gnss pico-gnss-rs/src/main.rs:453)
170.163762 [INFO ] NMEA $GPGSV,3,3,12,19,02,042,16,193,,,,194,,,,195,,,*7B (pico_gnss pico-gnss-rs/src/main.rs:453)
170.251015 [INFO ] NMEA $GLGSV,2,1,06,74,77,007,,72,71,359,,71,45,127,,75,44,223,*6A (pico_gnss pico-gnss-rs/src/main.rs:453)
170.280500 [INFO ] NMEA $GLGSV,2,2,06,73,27,034,,65,20,327,*62 (pico_gnss pico-gnss-rs/src/main.rs:453)
170.343207 [INFO ] NMEA $GNRMC,121219.000,A,0000.0000,N,00000.0000,E,3.41,51.95,080626,,,A*4D (pico_gnss pico-gnss-rs/src/main.rs:453)
170.345754 [INFO ] SYNC pps_local_us=94280936 unix_s=1780920739 drift_us=2 err_ns=22 holdover_ms=1000 (pico_gnss pico-gnss-rs/src/main.rs:484)
170.401561 [INFO ] NMEA $GPVTG,51.95,T,,M,3.41,N,6.31,K,A*07 (pico_gnss pico-gnss-rs/src/main.rs:453)
170.430939 [INFO ] NMEA $GPZDA,121219.000,08,06,2026,,*56 (pico_gnss pico-gnss-rs/src/main.rs:453)
170.470461 [INFO ] NMEA $GPGST,121219.000,8.0,29,14,22.7,27,17,26*77 (pico_gnss pico-gnss-rs/src/main.rs:453)
170.712674 [INFO ] PPSGEN count=165 interval_ns=999995488 dev_ns=-4512 phase_ns=-1558518 hwphase_ns=98288 (pico_gnss pico-gnss-rs/src/main.rs:296)
170.714037 [INFO ] PPS count=50 interval_us=1000002 interval_ns=1000002512 state=Locked missed=0 (pico_gnss pico-gnss-rs/src/main.rs:192)
170.837585 [INFO ] NMEA $GPGGA,121220.000,0000.0000,N,00000.0000,E,1,4,2.10,25.4,M,39.0,M,,*64 (pico_gnss pico-gnss-rs/src/main.rs:453)
170.892824 [INFO ] NMEA $GNGLL,0000.0000,N,00000.0000,E,121220.000,A,A*41 (pico_gnss pico-gnss-rs/src/main.rs:453)
170.932268 [INFO ] TIME unix_ns=1780920740218146928 ppb=2522 holdover_ms=1218 locked=1 (pico_gnss pico-gnss-rs/src/main.rs:226)
170.951508 [INFO ] NMEA $GNGSA,A,3,32,12,10,15,,,,,,,,,2.29,2.10,0.92*1A (pico_gnss pico-gnss-rs/src/main.rs:453)
170.980747 [INFO ] NMEA $GNGSA,A,3,,,,,,,,,,,,,2.29,2.10,0.92*1D (pico_gnss pico-gnss-rs/src/main.rs:453)
171.068037 [INFO ] NMEA $GPGSV,3,1,12,12,63,081,17,25,61,182,18,10,57,260,15,23,43,199,*77 (pico_gnss pico-gnss-rs/src/main.rs:453)
171.126654 [INFO ] NMEA $GPGSV,3,2,12,32,38,314,19,24,30,063,,28,21,266,,15,15,126,15*75 (pico_gnss pico-gnss-rs/src/main.rs:453)
171.189159 [INFO ] NMEA $GPGSV,3,3,12,19,02,042,16,193,,,,194,,,,195,,,*7B (pico_gnss pico-gnss-rs/src/main.rs:453)
171.247693 [INFO ] NMEA $GLGSV,2,1,06,74,77,007,,72,71,359,,71,45,127,,75,44,223,*6A (pico_gnss pico-gnss-rs/src/main.rs:453)
171.277180 [INFO ] NMEA $GLGSV,2,2,06,73,27,034,,65,20,327,*62 (pico_gnss pico-gnss-rs/src/main.rs:453)
171.364567 [INFO ] NMEA $GNRMC,121220.000,A,0000.0000,N,00000.0000,E,3.76,51.07,080626,,,A*4D (pico_gnss pico-gnss-rs/src/main.rs:453)
171.367162 [INFO ] SYNC pps_local_us=95280939 unix_s=1780920740 drift_us=2 err_ns=-10 holdover_ms=999 (pico_gnss pico-gnss-rs/src/main.rs:484)
171.394310 [INFO ] NMEA $GPVTG,51.07,T,,M,3.76,N,6.98,K,A*0B (pico_gnss pico-gnss-rs/src/main.rs:453)
171.427425 [INFO ] NMEA $GPZDA,121220.000,08,06,2026,,*5C (pico_gnss pico-gnss-rs/src/main.rs:453)
171.476516 [INFO ] NMEA $GPGST,121220.000,8.0,27,14,20.3,26,16,27*74 (pico_gnss pico-gnss-rs/src/main.rs:453)
171.712658 [INFO ] PPSGEN count=166 interval_ns=999995968 dev_ns=-4032 phase_ns=-1550518 hwphase_ns=91744 (pico_gnss pico-gnss-rs/src/main.rs:296)
171.714018 [INFO ] PPS count=51 interval_us=1000002 interval_ns=1000002528 state=Locked missed=0 (pico_gnss pico-gnss-rs/src/main.rs:192)
171.831611 [INFO ] NMEA $GPGGA,121221.000,0000.0000,N,00000.0000,E,1,4,2.10,25.6,M,39.0,M,,*6B (pico_gnss pico-gnss-rs/src/main.rs:453)
171.889928 [INFO ] NMEA $GNGLL,0000.0000,N,00000.0000,E,121221.000,A,A*4C (pico_gnss pico-gnss-rs/src/main.rs:453)
171.933570 [INFO ] TIME unix_ns=1780920741219458925 ppb=2522 holdover_ms=1219 locked=1 (pico_gnss pico-gnss-rs/src/main.rs:226)
171.948601 [INFO ] NMEA $GNGSA,A,3,32,12,10,15,,,,,,,,,2.29,2.10,0.92*1A (pico_gnss pico-gnss-rs/src/main.rs:453)
171.994148 [INFO ] NMEA $GNGSA,A,3,,,,,,,,,,,,,2.29,2.10,0.92*1D (pico_gnss pico-gnss-rs/src/main.rs:453)
172.052832 [INFO ] NMEA $GPGSV,3,1,12,12,63,081,17,25,61,182,18,10,57,260,15,23,43,199,*77 (pico_gnss pico-gnss-rs/src/main.rs:453)
172.111415 [INFO ] NMEA $GPGSV,3,2,12,32,38,314,19,24,30,063,,28,21,266,,15,15,126,16*76 (pico_gnss pico-gnss-rs/src/main.rs:453)
172.169809 [INFO ] NMEA $GPGSV,3,3,12,19,02,042,16,193,,,,194,,,,195,,,*7B (pico_gnss pico-gnss-rs/src/main.rs:453)
172.232461 [INFO ] NMEA $GLGSV,2,1,06,74,77,007,,72,71,359,,71,45,127,,75,44,223,*6A (pico_gnss pico-gnss-rs/src/main.rs:453)
172.290664 [INFO ] NMEA $GLGSV,2,2,06,73,27,034,,65,20,327,*62 (pico_gnss pico-gnss-rs/src/main.rs:453)
172.349388 [INFO ] NMEA $GNRMC,121221.000,A,0000.0000,N,00000.0000,E,2.90,58.19,080626,,,A*4F (pico_gnss pico-gnss-rs/src/main.rs:453)
172.351967 [INFO ] SYNC pps_local_us=96280941 unix_s=1780920741 drift_us=2 err_ns=6 holdover_ms=999 (pico_gnss pico-gnss-rs/src/main.rs:484)
172.407615 [INFO ] NMEA $GPVTG,58.19,T,,M,2.90,N,5.38,K,A*0D (pico_gnss pico-gnss-rs/src/main.rs:453)
172.436979 [INFO ] NMEA $GPZDA,121221.000,08,06,2026,,*5D (pico_gnss pico-gnss-rs/src/main.rs:453)
172.466475 [INFO ] NMEA $GPGST,121221.000,8.1,27,14,18.9,26,16,28*7A (pico_gnss pico-gnss-rs/src/main.rs:453)
172.712676 [INFO ] PPSGEN count=167 interval_ns=999996400 dev_ns=-3600 phase_ns=-1542518 hwphase_ns=85616 (pico_gnss pico-gnss-rs/src/main.rs:296)
172.714052 [INFO ] PPS count=52 interval_us=1000002 interval_ns=1000002528 state=Locked missed=0 (pico_gnss pico-gnss-rs/src/main.rs:192)
172.831720 [INFO ] NMEA $GPGGA,121222.000,0000.0000,N,00000.0000,E,1,4,2.09,25.7,M,39.0,M,,*6F (pico_gnss pico-gnss-rs/src/main.rs:453)
172.890066 [INFO ] NMEA $GNGLL,0000.0000,N,00000.0000,E,121222.000,A,A*41 (pico_gnss pico-gnss-rs/src/main.rs:453)
172.934851 [INFO ] TIME unix_ns=1780920742220764921 ppb=2523 holdover_ms=1220 locked=1 (pico_gnss pico-gnss-rs/src/main.rs:226)
172.948714 [INFO ] NMEA $GNGSA,A,3,32,12,10,15,,,,,,,,,2.29,2.09,0.92*12 (pico_gnss pico-gnss-rs/src/main.rs:453)
172.978023 [INFO ] NMEA $GNGSA,A,3,,,,,,,,,,,,,2.29,2.09,0.92*15 (pico_gnss pico-gnss-rs/src/main.rs:453)
173.040612 [INFO ] NMEA $GPGSV,3,1,12,12,63,081,17,25,61,182,18,10,57,260,15,23,43,199,*77 (pico_gnss pico-gnss-rs/src/main.rs:453)
173.128000 [INFO ] NMEA $GPGSV,3,2,12,32,38,314,19,24,30,063,,28,21,266,,15,15,126,16*76 (pico_gnss pico-gnss-rs/src/main.rs:453)
173.186387 [INFO ] NMEA $GPGSV,3,3,12,19,02,042,16,193,,,,194,,,,195,,,*7B (pico_gnss pico-gnss-rs/src/main.rs:453)
173.245049 [INFO ] NMEA $GLGSV,2,1,06,74,77,007,,72,71,359,,71,45,127,,75,44,223,*6A (pico_gnss pico-gnss-rs/src/main.rs:453)
173.274484 [INFO ] NMEA $GLGSV,2,2,06,73,27,034,,65,20,327,*62 (pico_gnss pico-gnss-rs/src/main.rs:453)
173.366009 [INFO ] NMEA $GNRMC,121222.000,A,0000.0000,N,00000.0000,E,1.76,93.42,080626,,,A*40 (pico_gnss pico-gnss-rs/src/main.rs:453)
173.368574 [INFO ] SYNC pps_local_us=97280944 unix_s=1780920742 drift_us=2 err_ns=6 holdover_ms=1000 (pico_gnss pico-gnss-rs/src/main.rs:484)
173.395765 [INFO ] NMEA $GPVTG,93.42,T,,M,1.76,N,3.26,K,A*06 (pico_gnss pico-gnss-rs/src/main.rs:453)
173.424853 [INFO ] NMEA $GPZDA,121222.000,08,06,2026,,*5E (pico_gnss pico-gnss-rs/src/main.rs:453)
173.467551 [INFO ] NMEA $GPGST,121222.000,8.2,27,14,17.7,26,16,28*7B (pico_gnss pico-gnss-rs/src/main.rs:453)
173.712672 [INFO ] PPSGEN count=168 interval_ns=999996816 dev_ns=-3184 phase_ns=-1550518 hwphase_ns=79904 (pico_gnss pico-gnss-rs/src/main.rs:296)
173.714047 [INFO ] PPS count=53 interval_us=1000002 interval_ns=1000002528 state=Locked missed=0 (pico_gnss pico-gnss-rs/src/main.rs:192)
173.886613 [INFO ] NMEA $GPGGA,121223.000,0000.0000,N,00000.0000,E,1,4,2.09,25.8,M,39.0,M,,*68 (pico_gnss pico-gnss-rs/src/main.rs:453)
173.936151 [INFO ] TIME unix_ns=1780920743222012918 ppb=2523 holdover_ms=1222 locked=1 (pico_gnss pico-gnss-rs/src/main.rs:226)
173.939107 [INFO ] NMEA $GNGLL,0000.0000,N,00000.0000,E,121223.000,A,A*49 (pico_gnss pico-gnss-rs/src/main.rs:453)
173.997124 [INFO ] NMEA $GNGSA,A,3,32,12,10,15,,,,,,,,,2.29,2.09,0.92*12 (pico_gnss pico-gnss-rs/src/main.rs:453)
174.026636 [INFO ] NMEA $GNGSA,A,3,,,,,,,,,,,,,2.29,2.09,0.92*15 (pico_gnss pico-gnss-rs/src/main.rs:453)
174.113974 [INFO ] NMEA $GPGSV,3,1,12,12,63,081,17,25,61,182,18,10,57,260,15,23,43,199,*77 (pico_gnss pico-gnss-rs/src/main.rs:453)
174.176695 [INFO ] NMEA $GPGSV,3,2,12,32,38,314,19,24,30,063,,28,21,266,,15,15,126,16*76 (pico_gnss pico-gnss-rs/src/main.rs:453)
174.235139 [INFO ] NMEA $GPGSV,3,3,12,19,02,042,16,193,,,,194,,,,195,,,*7B (pico_gnss pico-gnss-rs/src/main.rs:453)
174.293659 [INFO ] NMEA $GLGSV,2,1,06,74,77,007,,72,71,359,,71,45,127,,75,44,223,*6A (pico_gnss pico-gnss-rs/src/main.rs:453)
174.323160 [INFO ] NMEA $GLGSV,2,2,06,73,27,034,,65,20,327,*62 (pico_gnss pico-gnss-rs/src/main.rs:453)
174.410546 [INFO ] NMEA $GNRMC,121223.000,A,0000.0000,N,00000.0000,E,2.63,66.81,080626,,,A*4A (pico_gnss pico-gnss-rs/src/main.rs:453)
174.413108 [INFO ] SYNC pps_local_us=98280946 unix_s=1780920743 drift_us=2 err_ns=6 holdover_ms=999 (pico_gnss pico-gnss-rs/src/main.rs:484)
174.444133 [INFO ] NMEA $GPVTG,66.81,T,,M,2.63,N,4.87,K,A*08 (pico_gnss pico-gnss-rs/src/main.rs:453)
174.473499 [INFO ] NMEA $GPZDA,121223.000,08,06,2026,,*5F (pico_gnss pico-gnss-rs/src/main.rs:453)
174.525614 [INFO ] NMEA $GPGST,121223.000,8.4,27,14,17.7,26,16,29*7D (pico_gnss pico-gnss-rs/src/main.rs:453)
174.712672 [INFO ] PPSGEN count=169 interval_ns=999997200 dev_ns=-2800 phase_ns=-1541518 hwphase_ns=74576 (pico_gnss pico-gnss-rs/src/main.rs:296)
174.714035 [INFO ] PPS count=54 interval_us=1000002 interval_ns=1000002528 state=Locked missed=0 (pico_gnss pico-gnss-rs/src/main.rs:192)
174.887658 [INFO ] NMEA $GPGGA,121224.000,0000.0000,N,00000.0000,E,1,4,2.09,26.1,M,39.0,M,,*66 (pico_gnss pico-gnss-rs/src/main.rs:453)
174.937440 [INFO ] TIME unix_ns=1780920744223315914 ppb=2523 holdover_ms=1223 locked=1 (pico_gnss pico-gnss-rs/src/main.rs:226)
174.946319 [INFO ] NMEA $GNGLL,0000.0000,N,00000.0000,E,121224.000,A,A*4D (pico_gnss pico-gnss-rs/src/main.rs:453)
174.988938 [INFO ] NMEA $GNGSA,A,3,32,12,10,15,,,,,,,,,2.29,2.09,0.92*12 (pico_gnss pico-gnss-rs/src/main.rs:453)
175.047113 [INFO ] NMEA $GNGSA,A,3,,,,,,,,,,,,,2.29,2.09,0.92*15 (pico_gnss pico-gnss-rs/src/main.rs:453)
175.105781 [INFO ] NMEA $GPGSV,3,1,12,12,63,081,16,25,61,182,18,10,57,260,15,23,43,199,*76 (pico_gnss pico-gnss-rs/src/main.rs:453)
175.164361 [INFO ] NMEA $GPGSV,3,2,12,32,38,314,19,24,30,063,,28,21,266,,15,15,126,14*74 (pico_gnss pico-gnss-rs/src/main.rs:453)
175.222804 [INFO ] NMEA $GPGSV,3,3,12,19,02,042,16,193,,,,194,,,,195,,,*7B (pico_gnss pico-gnss-rs/src/main.rs:453)
175.285447 [INFO ] NMEA $GLGSV,2,1,06,74,77,007,,72,71,359,,71,45,127,,75,44,223,*6A (pico_gnss pico-gnss-rs/src/main.rs:453)
175.343657 [INFO ] NMEA $GLGSV,2,2,06,73,27,034,,65,20,327,*62 (pico_gnss pico-gnss-rs/src/main.rs:453)
175.402360 [INFO ] NMEA $GNRMC,121224.000,A,0000.0000,N,00000.0000,E,3.52,43.88,080626,,,A*43 (pico_gnss pico-gnss-rs/src/main.rs:453)
175.404915 [INFO ] SYNC pps_local_us=99280949 unix_s=1780920744 drift_us=2 err_ns=6 holdover_ms=999 (pico_gnss pico-gnss-rs/src/main.rs:484)
175.460561 [INFO ] NMEA $GPVTG,43.88,T,,M,3.52,N,6.53,K,A*0E (pico_gnss pico-gnss-rs/src/main.rs:453)
175.489960 [INFO ] NMEA $GPZDA,121224.000,08,06,2026,,*58 (pico_gnss pico-gnss-rs/src/main.rs:453)
175.523476 [INFO ] NMEA $GPGST,121224.000,8.7,27,14,18.3,26,16,28*73 (pico_gnss pico-gnss-rs/src/main.rs:453)
175.712683 [INFO ] PPSGEN count=170 interval_ns=999997552 dev_ns=-2448 phase_ns=-1536518 hwphase_ns=69600 (pico_gnss pico-gnss-rs/src/main.rs:296)
175.714068 [INFO ] PPS count=55 interval_us=1000002 interval_ns=1000002528 state=Locked missed=0 (pico_gnss pico-gnss-rs/src/main.rs:192)
175.882650 [INFO ] NMEA $GPGGA,121225.000,0000.0000,N,00000.0000,E,1,4,2.09,26.3,M,39.0,M,,*6D (pico_gnss pico-gnss-rs/src/main.rs:453)
175.938724 [INFO ] TIME unix_ns=1780920745224619911 ppb=2523 holdover_ms=1224 locked=1 (pico_gnss pico-gnss-rs/src/main.rs:226)
175.941314 [INFO ] NMEA $GNGLL,0000.0000,N,00000.0000,E,121225.000,A,A*44 (pico_gnss pico-gnss-rs/src/main.rs:453)
175.999449 [INFO ] NMEA $GNGSA,A,3,32,12,10,15,,,,,,,,,2.29,2.09,0.92*12 (pico_gnss pico-gnss-rs/src/main.rs:453)
176.028934 [INFO ] NMEA $GNGSA,A,3,,,,,,,,,,,,,2.29,2.09,0.92*15 (pico_gnss pico-gnss-rs/src/main.rs:453)
176.091631 [INFO ] NMEA $GPGSV,3,1,12,12,63,081,16,25,61,182,18,10,57,260,16,23,43,199,*75 (pico_gnss pico-gnss-rs/src/main.rs:453)
176.179004 [INFO ] NMEA $GPGSV,3,2,12,32,38,314,19,24,30,063,,28,21,266,,15,15,126,16*76 (pico_gnss pico-gnss-rs/src/main.rs:453)
176.237443 [INFO ] NMEA $GPGSV,3,3,12,19,02,042,16,193,,,,194,,,,195,,,*7B (pico_gnss pico-gnss-rs/src/main.rs:453)
176.295946 [INFO ] NMEA $GLGSV,2,1,06,74,77,007,,72,71,359,,71,45,127,,75,44,223,*6A (pico_gnss pico-gnss-rs/src/main.rs:453)
176.329487 [INFO ] NMEA $GLGSV,2,2,06,73,27,034,,65,20,327,*62 (pico_gnss pico-gnss-rs/src/main.rs:453)
176.416978 [INFO ] NMEA $GNRMC,121225.000,A,0000.0000,N,00000.0000,E,2.34,41.55,080626,,,A*49 (pico_gnss pico-gnss-rs/src/main.rs:453)
176.419537 [INFO ] SYNC pps_local_us=100280952 unix_s=1780920745 drift_us=2 err_ns=5 holdover_ms=1000 (pico_gnss pico-gnss-rs/src/main.rs:484)
176.446701 [INFO ] NMEA $GPVTG,41.55,T,,M,2.34,N,4.33,K,A*09 (pico_gnss pico-gnss-rs/src/main.rs:453)
176.475810 [INFO ] NMEA $GPZDA,121225.000,08,06,2026,,*59 (pico_gnss pico-gnss-rs/src/main.rs:453)
176.521645 [INFO ] NMEA $GPGST,121225.000,9.0,26,14,17.4,25,15,28*7D (pico_gnss pico-gnss-rs/src/main.rs:453)
176.712672 [INFO ] PPSGEN count=171 interval_ns=999997888 dev_ns=-2112 phase_ns=-1569519 hwphase_ns=64960 (pico_gnss pico-gnss-rs/src/main.rs:296)
176.714012 [INFO ] PPS count=56 interval_us=1000002 interval_ns=1000002528 state=Locked missed=0 (pico_gnss pico-gnss-rs/src/main.rs:192)
176.823325 [INFO ] NMEA $GPGGA,121226.000,0000.0000,N,00000.0000,E,1,4,2.09,26.5,M,39.0,M,,*67 (pico_gnss pico-gnss-rs/src/main.rs:453)
176.881664 [INFO ] NMEA $GNGLL,0000.0000,N,00000.0000,E,121226.000,A,A*48 (pico_gnss pico-gnss-rs/src/main.rs:453)
176.940207 [INFO ] NMEA $GNGSA,A,3,32,12,10,15,,,,,,,,,2.29,2.09,0.92*12 (pico_gnss pico-gnss-rs/src/main.rs:453)
176.942048 [INFO ] TIME unix_ns=1780920746227943902 ppb=2523 holdover_ms=1227 locked=1 (pico_gnss pico-gnss-rs/src/main.rs:226)
176.969880 [INFO ] NMEA $GNGSA,A,3,,,,,,,,,,,,,2.29,2.09,0.92*15 (pico_gnss pico-gnss-rs/src/main.rs:453)
177.056964 [INFO ] NMEA $GPGSV,3,1,12,12,63,081,16,25,61,182,18,10,57,260,16,23,43,199,*75 (pico_gnss pico-gnss-rs/src/main.rs:453)
177.119658 [INFO ] NMEA $GPGSV,3,2,12,32,38,314,19,24,30,063,,28,21,266,,15,15,126,16*76 (pico_gnss pico-gnss-rs/src/main.rs:453)
177.178057 [INFO ] NMEA $GPGSV,3,3,12,19,02,042,16,193,,,,194,,,,195,,,*7B (pico_gnss pico-gnss-rs/src/main.rs:453)
177.236633 [INFO ] NMEA $GLGSV,2,1,06,74,77,007,,72,71,359,,71,45,127,,75,44,223,*6A (pico_gnss pico-gnss-rs/src/main.rs:453)
177.294782 [INFO ] NMEA $GLGSV,2,2,06,73,27,034,,65,20,327,*62 (pico_gnss pico-gnss-rs/src/main.rs:453)
177.357589 [INFO ] NMEA $GNRMC,121226.000,A,0000.0000,N,00000.0000,E,0.76,29.41,080626,,,A*4A (pico_gnss pico-gnss-rs/src/main.rs:453)
177.360135 [INFO ] SYNC pps_local_us=101280954 unix_s=1780920746 drift_us=2 err_ns=5 holdover_ms=999 (pico_gnss pico-gnss-rs/src/main.rs:484)
177.387338 [INFO ] NMEA $GPVTG,29.41,T,,M,0.76,N,1.41,K,A*06 (pico_gnss pico-gnss-rs/src/main.rs:453)
177.445134 [INFO ] NMEA $GPZDA,121226.000,08,06,2026,,*5A (pico_gnss pico-gnss-rs/src/main.rs:453)
177.471766 [INFO ] NMEA $GPGST,121226.000,9.2,26,14,16.2,25,15,28*7B (pico_gnss pico-gnss-rs/src/main.rs:453)
177.712696 [INFO ] PPSGEN count=172 interval_ns=999998208 dev_ns=-1792 phase_ns=-1496519 hwphase_ns=60640 (pico_gnss pico-gnss-rs/src/main.rs:296)
177.714016 [INFO ] PPS count=57 interval_us=1000002 interval_ns=1000002528 state=Locked missed=0 (pico_gnss pico-gnss-rs/src/main.rs:192)
177.829686 [INFO ] NMEA $GPGGA,121227.000,0000.0000,N,00000.0000,E,1,4,2.09,26.5,M,39.0,M,,*6D (pico_gnss pico-gnss-rs/src/main.rs:453)
177.887940 [INFO ] NMEA $GNGLL,0000.0000,N,00000.0000,E,121227.000,A,A*42 (pico_gnss pico-gnss-rs/src/main.rs:453)
177.927870 [INFO ] NMEA $GNGSA,A,3,32,12,10,15,,,,,,,,,2.29,2.09,0.92*12 (pico_gnss pico-gnss-rs/src/main.rs:453)
177.943303 [INFO ] TIME unix_ns=1780920747229243899 ppb=2523 holdover_ms=1229 locked=1 (pico_gnss pico-gnss-rs/src/main.rs:226)
177.986135 [INFO ] NMEA $GNGSA,A,3,,,,,,,,,,,,,2.29,2.09,0.92*15 (pico_gnss pico-gnss-rs/src/main.rs:453)
178.044737 [INFO ] NMEA $GPGSV,3,1,12,12,63,081,16,25,61,182,18,10,57,260,16,23,43,199,*75 (pico_gnss pico-gnss-rs/src/main.rs:453)
178.132104 [INFO ] NMEA $GPGSV,3,2,12,32,38,314,19,24,30,063,,28,21,266,,15,15,126,15*75 (pico_gnss pico-gnss-rs/src/main.rs:453)
178.165830 [INFO ] NMEA $GPGSV,3,3,12,19,02,042,17,193,,,,194,,,,195,,,*7A (pico_gnss pico-gnss-rs/src/main.rs:453)
178.224361 [INFO ] NMEA $GLGSV,2,1,06,74,77,007,,72,71,359,,71,45,127,,75,44,223,*6A (pico_gnss pico-gnss-rs/src/main.rs:453)
178.282601 [INFO ] NMEA $GLGSV,2,2,06,73,27,034,,65,20,327,*62 (pico_gnss pico-gnss-rs/src/main.rs:453)
178.341257 [INFO ] NMEA $GNRMC,121227.000,A,0000.0000,N,00000.0000,E,0.35,29.41,080626,,,A*47 (pico_gnss pico-gnss-rs/src/main.rs:453)
178.343821 [INFO ] SYNC pps_local_us=102280957 unix_s=1780920747 drift_us=2 err_ns=5 holdover_ms=1000 (pico_gnss pico-gnss-rs/src/main.rs:484)
178.399523 [INFO ] NMEA $GPVTG,29.41,T,,M,0.35,N,0.65,K,A*06 (pico_gnss pico-gnss-rs/src/main.rs:453)
178.432929 [INFO ] NMEA $GPZDA,121227.000,08,06,2026,,*5B (pico_gnss pico-gnss-rs/src/main.rs:453)
178.468361 [INFO ] NMEA $GPGST,121227.000,9.4,26,14,16.0,26,15,29*7C (pico_gnss pico-gnss-rs/src/main.rs:453)
178.712687 [INFO ] PPSGEN count=173 interval_ns=999998480 dev_ns=-1520 phase_ns=-1504519 hwphase_ns=56592 (pico_gnss pico-gnss-rs/src/main.rs:296)
178.714044 [INFO ] PPS count=58 interval_us=1000002 interval_ns=1000002528 state=Locked missed=0 (pico_gnss pico-gnss-rs/src/main.rs:192)
178.885704 [INFO ] NMEA $GPGGA,121228.000,0000.0000,N,00000.0000,E,1,4,2.09,26.6,M,39.0,M,,*6A (pico_gnss pico-gnss-rs/src/main.rs:453)
178.944266 [INFO ] NMEA $GNGLL,0000.0000,N,00000.0000,E,121228.000,A,A*46 (pico_gnss pico-gnss-rs/src/main.rs:453)
178.946205 [INFO ] TIME unix_ns=1780920748232160891 ppb=2523 holdover_ms=1232 locked=1 (pico_gnss pico-gnss-rs/src/main.rs:226)
179.002479 [INFO ] NMEA $GNGSA,A,3,32,12,10,15,,,,,,,,,2.29,2.09,0.92*12 (pico_gnss pico-gnss-rs/src/main.rs:453)
179.032890 [INFO ] NMEA $GNGSA,A,3,,,,,,,,,,,,,2.29,2.09,0.92*15 (pico_gnss pico-gnss-rs/src/main.rs:453)
179.120303 [INFO ] NMEA $GPGSV,3,1,12,12,63,081,16,25,61,182,18,10,57,260,16,23,43,199,*75 (pico_gnss pico-gnss-rs/src/main.rs:453)
179.178922 [INFO ] NMEA $GPGSV,3,2,12,32,38,314,19,24,30,063,,28,21,266,,15,15,126,15*75 (pico_gnss pico-gnss-rs/src/main.rs:453)
179.237349 [INFO ] NMEA $GPGSV,3,3,12,19,02,042,17,193,,,,194,,,,195,,,*7A (pico_gnss pico-gnss-rs/src/main.rs:453)
179.300001 [INFO ] NMEA $GLGSV,2,1,06,74,77,007,,72,71,359,,71,45,127,,75,44,223,*6A (pico_gnss pico-gnss-rs/src/main.rs:453)
179.329479 [INFO ] NMEA $GLGSV,2,2,06,73,27,034,,65,20,327,*62 (pico_gnss pico-gnss-rs/src/main.rs:453)
179.416902 [INFO ] NMEA $GNRMC,121228.000,A,0000.0000,N,00000.0000,E,0.81,102.12,080626,,,A*72 (pico_gnss pico-gnss-rs/src/main.rs:453)
179.419457 [INFO ] SYNC pps_local_us=103280959 unix_s=1780920748 drift_us=2 err_ns=5 holdover_ms=1000 (pico_gnss pico-gnss-rs/src/main.rs:484)
179.446628 [INFO ] NMEA $GPVTG,102.12,T,,M,0.81,N,1.50,K,A*30 (pico_gnss pico-gnss-rs/src/main.rs:453)
179.475769 [INFO ] NMEA $GPZDA,121228.000,08,06,2026,,*54 (pico_gnss pico-gnss-rs/src/main.rs:453)
179.526819 [INFO ] NMEA $GPGST,121228.000,9.6,27,14,16.0,26,16,30*7B (pico_gnss pico-gnss-rs/src/main.rs:453)
179.712699 [INFO ] PPSGEN count=174 interval_ns=999998768 dev_ns=-1232 phase_ns=-1526519 hwphase_ns=52832 (pico_gnss pico-gnss-rs/src/main.rs:296)
179.714041 [INFO ] PPS count=59 interval_us=1000002 interval_ns=1000002528 state=Locked missed=0 (pico_gnss pico-gnss-rs/src/main.rs:192)
179.908029 [INFO ] NMEA $GPGGA,121229.000,0000.0000,N,00000.0000,E,1,4,2.09,26.6,M,39.0,M,,*67 (pico_gnss pico-gnss-rs/src/main.rs:453)
179.937674 [INFO ] NMEA $GNGLL,0000.0000,N,00000.0000,E,121229.000,A,A*4B (pico_gnss pico-gnss-rs/src/main.rs:453)
179.947473 [INFO ] TIME unix_ns=1780920749233385888 ppb=2524 holdover_ms=1233 locked=1 (pico_gnss pico-gnss-rs/src/main.rs:226)
179.996032 [INFO ] NMEA $GNGSA,A,3,32,12,10,15,,,,,,,,,2.29,2.09,0.92*12 (pico_gnss pico-gnss-rs/src/main.rs:453)
180.054172 [INFO ] NMEA $GNGSA,A,3,,,,,,,,,,,,,2.29,2.09,0.92*15 (pico_gnss pico-gnss-rs/src/main.rs:453)
180.116910 [INFO ] NMEA $GPGSV,3,1,12,12,63,081,16,25,61,182,18,10,57,260,15,23,43,199,*76 (pico_gnss pico-gnss-rs/src/main.rs:453)
180.175549 [INFO ] NMEA $GPGSV,3,2,12,32,38,314,19,24,30,063,,28,21,266,,15,15,126,16*76 (pico_gnss pico-gnss-rs/src/main.rs:453)
180.233940 [INFO ] NMEA $GPGSV,3,3,12,19,02,042,17,193,,,,194,,,,195,,,*7A (pico_gnss pico-gnss-rs/src/main.rs:453)
180.292537 [INFO ] NMEA $GLGSV,2,1,06,74,77,007,22,72,71,359,,71,45,127,,75,44,223,*6A (pico_gnss pico-gnss-rs/src/main.rs:453)
180.350728 [INFO ] NMEA $GLGSV,2,2,06,73,27,034,,65,20,327,*62 (pico_gnss pico-gnss-rs/src/main.rs:453)
180.413543 [INFO ] NMEA $GNRMC,121229.000,A,0000.0000,N,00000.0000,E,0.45,102.12,080626,,,A*77 (pico_gnss pico-gnss-rs/src/main.rs:453)
180.416109 [INFO ] SYNC pps_local_us=104280962 unix_s=1780920749 drift_us=2 err_ns=5 holdover_ms=1000 (pico_gnss pico-gnss-rs/src/main.rs:484)
180.471784 [INFO ] NMEA $GPVTG,102.12,T,,M,0.45,N,0.83,K,A*37 (pico_gnss pico-gnss-rs/src/main.rs:453)
180.501155 [INFO ] NMEA $GPZDA,121229.000,08,06,2026,,*55 (pico_gnss pico-gnss-rs/src/main.rs:453)
180.536521 [INFO ] NMEA $GPGST,121229.000,9.7,28,15,16.6,27,16,30*72 (pico_gnss pico-gnss-rs/src/main.rs:453)
180.712694 [INFO ] PPSGEN count=175 interval_ns=999999008 dev_ns=-992 phase_ns=-1533519 hwphase_ns=49312 (pico_gnss pico-gnss-rs/src/main.rs:296)
180.714035 [INFO ] PPS count=60 interval_us=1000002 interval_ns=1000002528 state=Locked missed=0 (pico_gnss pico-gnss-rs/src/main.rs:192)
180.828587 [INFO ] NMEA $GPGGA,121230.000,0000.0000,N,00000.0000,E,1,4,2.09,26.6,M,39.0,M,,*65 (pico_gnss pico-gnss-rs/src/main.rs:453)
180.887883 [INFO ] NMEA $GNGLL,0000.0000,N,00000.0000,E,121230.000,A,A*49 (pico_gnss pico-gnss-rs/src/main.rs:453)
180.946270 [INFO ] NMEA $GNGSA,A,3,32,12,10,15,,,,,,,,,2.28,2.09,0.92*13 (pico_gnss pico-gnss-rs/src/main.rs:453)
180.948732 [INFO ] TIME unix_ns=1780920750234631885 ppb=2524 holdover_ms=1234 locked=1 (pico_gnss pico-gnss-rs/src/main.rs:226)
180.976075 [INFO ] NMEA $GNGSA,A,3,,,,,,,,,,,,,2.28,2.09,0.92*14 (pico_gnss pico-gnss-rs/src/main.rs:453)
181.063100 [INFO ] NMEA $GPGSV,3,1,12,12,63,081,16,25,61,182,18,10,57,260,15,23,43,199,*76 (pico_gnss pico-gnss-rs/src/main.rs:453)
181.125867 [INFO ] NMEA $GPGSV,3,2,12,32,38,314,19,24,30,063,,28,21,266,,15,15,126,17*77 (pico_gnss pico-gnss-rs/src/main.rs:453)
181.184256 [INFO ] NMEA $GPGSV,3,3,12,19,02,042,17,193,,,,194,,,,195,,,*7A (pico_gnss pico-gnss-rs/src/main.rs:453)
181.242826 [INFO ] NMEA $GLGSV,2,1,06,74,77,007,,72,71,359,,71,45,127,,75,44,223,*6A (pico_gnss pico-gnss-rs/src/main.rs:453)
181.272262 [INFO ] NMEA $GLGSV,2,2,06,73,27,034,,65,20,327,*62 (pico_gnss pico-gnss-rs/src/main.rs:453)
181.359814 [INFO ] NMEA $GNRMC,121230.000,A,0000.0000,N,00000.0000,E,0.53,102.12,080626,,,A*72 (pico_gnss pico-gnss-rs/src/main.rs:453)
181.362371 [INFO ] SYNC pps_local_us=105280964 unix_s=1780920750 drift_us=2 err_ns=5 holdover_ms=999 (pico_gnss pico-gnss-rs/src/main.rs:484)
181.393397 [INFO ] NMEA $GPVTG,102.12,T,,M,0.53,N,0.98,K,A*3A (pico_gnss pico-gnss-rs/src/main.rs:453)
181.422741 [INFO ] NMEA $GPZDA,121230.000,08,06,2026,,*5D (pico_gnss pico-gnss-rs/src/main.rs:453)
181.469621 [INFO ] NMEA $GPGST,121230.000,9.7,29,16,18.6,28,18,31*76 (pico_gnss pico-gnss-rs/src/main.rs:453)
181.712701 [INFO ] PPSGEN count=176 interval_ns=999999248 dev_ns=-752 phase_ns=-1528519 hwphase_ns=46032 (pico_gnss pico-gnss-rs/src/main.rs:296)
181.714074 [INFO ] PPS count=61 interval_us=1000002 interval_ns=1000002528 state=Locked missed=0 (pico_gnss pico-gnss-rs/src/main.rs:192)
181.833637 [INFO ] NMEA $GPGGA,121231.000,0000.0000,N,00000.0000,E,1,4,2.09,26.6,M,39.0,M,,*64 (pico_gnss pico-gnss-rs/src/main.rs:453)
181.891945 [INFO ] NMEA $GNGLL,0000.0000,N,00000.0000,E,121231.000,A,A*48 (pico_gnss pico-gnss-rs/src/main.rs:453)
181.940018 [INFO ] NMEA $GNGSA,A,3,32,12,10,15,,,,,,,,,2.28,2.09,0.92*13 (pico_gnss pico-gnss-rs/src/main.rs:453)
181.949989 [INFO ] TIME unix_ns=1780920751235906881 ppb=2524 holdover_ms=1235 locked=1 (pico_gnss pico-gnss-rs/src/main.rs:226)
181.969837 [INFO ] NMEA $GNGSA,A,3,,,,,,,,,,,,,2.28,2.09,0.92*14 (pico_gnss pico-gnss-rs/src/main.rs:453)
182.056871 [INFO ] NMEA $GPGSV,3,1,12,12,63,081,15,25,61,182,18,10,57,260,14,23,43,199,*74 (pico_gnss pico-gnss-rs/src/main.rs:453)
182.115510 [INFO ] NMEA $GPGSV,3,2,12,32,38,314,19,24,30,063,,28,21,266,,15,15,126,14*74 (pico_gnss pico-gnss-rs/src/main.rs:453)
182.173901 [INFO ] NMEA $GPGSV,3,3,12,19,02,042,17,193,,,,194,,,,195,,,*7A (pico_gnss pico-gnss-rs/src/main.rs:453)
182.236543 [INFO ] NMEA $GLGSV,2,1,06,74,77,007,,72,71,359,,71,45,127,,75,44,223,*6A (pico_gnss pico-gnss-rs/src/main.rs:453)
182.294741 [INFO ] NMEA $GLGSV,2,2,06,73,27,034,,65,20,327,*62 (pico_gnss pico-gnss-rs/src/main.rs:453)
182.353453 [INFO ] NMEA $GNRMC,121231.000,A,0000.0000,N,00000.0000,E,0.53,102.12,080626,,,A*73 (pico_gnss pico-gnss-rs/src/main.rs:453)
182.356031 [INFO ] SYNC pps_local_us=106280967 unix_s=1780920751 drift_us=2 err_ns=5 holdover_ms=1000 (pico_gnss pico-gnss-rs/src/main.rs:484)
182.411691 [INFO ] NMEA $GPVTG,102.12,T,,M,0.53,N,0.97,K,A*35 (pico_gnss pico-gnss-rs/src/main.rs:453)
182.441067 [INFO ] NMEA $GPZDA,121231.000,08,06,2026,,*5C (pico_gnss pico-gnss-rs/src/main.rs:453)
182.474799 [INFO ] NMEA $GPGST,121231.000,9.7,30,16,19.8,29,19,32*73 (pico_gnss pico-gnss-rs/src/main.rs:453)
182.712687 [INFO ] PPSGEN count=177 interval_ns=999999456 dev_ns=-544 phase_ns=-1557519 hwphase_ns=42960 (pico_gnss pico-gnss-rs/src/main.rs:296)
182.714036 [INFO ] PPS count=62 interval_us=1000002 interval_ns=1000002528 state=Locked missed=0 (pico_gnss pico-gnss-rs/src/main.rs:192)
182.883675 [INFO ] NMEA $GPGGA,121232.000,0000.0000,N,00000.0000,E,1,4,2.09,26.7,M,39.0,M,,*60 (pico_gnss pico-gnss-rs/src/main.rs:453)
182.941999 [INFO ] NMEA $GNGLL,0000.0000,N,00000.0000,E,121232.000,A,A*4D (pico_gnss pico-gnss-rs/src/main.rs:453)
182.951253 [INFO ] TIME unix_ns=1780920752237143878 ppb=2524 holdover_ms=1237 locked=1 (pico_gnss pico-gnss-rs/src/main.rs:226)
183.000440 [INFO ] NMEA $GNGSA,A,3,32,12,10,15,,,,,,,,,2.28,2.09,0.92*13 (pico_gnss pico-gnss-rs/src/main.rs:453)
183.029862 [INFO ] NMEA $GNGSA,A,3,,,,,,,,,,,,,2.28,2.09,0.92*14 (pico_gnss pico-gnss-rs/src/main.rs:453)
183.095596 [INFO ] NMEA $GPGSV,3,1,12,12,63,081,15,25,61,182,18,10,57,260,14,23,43,199,*74 (pico_gnss pico-gnss-rs/src/main.rs:453)
183.183012 [INFO ] NMEA $GPGSV,3,2,12,32,38,314,19,24,30,063,,28,21,266,,15,15,126,14*74 (pico_gnss pico-gnss-rs/src/main.rs:453)
183.241394 [INFO ] NMEA $GPGSV,3,3,12,19,02,042,17,193,,,,194,,,,195,,,*7A (pico_gnss pico-gnss-rs/src/main.rs:453)
183.299966 [INFO ] NMEA $GLGSV,2,1,06,74,77,007,,72,71,359,,71,45,127,,75,44,223,*6A (pico_gnss pico-gnss-rs/src/main.rs:453)
183.333500 [INFO ] NMEA $GLGSV,2,2,06,73,27,034,,65,20,327,*62 (pico_gnss pico-gnss-rs/src/main.rs:453)
183.420981 [INFO ] NMEA $GNRMC,121232.000,A,0000.0000,N,00000.0000,E,0.60,225.37,080626,,,A*77 (pico_gnss pico-gnss-rs/src/main.rs:453)
183.423581 [INFO ] SYNC pps_local_us=107280969 unix_s=1780920752 drift_us=2 err_ns=4 holdover_ms=999 (pico_gnss pico-gnss-rs/src/main.rs:484)
183.450741 [INFO ] NMEA $GPVTG,225.37,T,,M,0.60,N,1.11,K,A*3B (pico_gnss pico-gnss-rs/src/main.rs:453)
183.479856 [INFO ] NMEA $GPZDA,121232.000,08,06,2026,,*5F (pico_gnss pico-gnss-rs/src/main.rs:453)
183.524610 [INFO ] NMEA $GPGST,121232.000,9.6,31,16,24.6,29,19,31*73 (pico_gnss pico-gnss-rs/src/main.rs:453)
183.712704 [INFO ] PPSGEN count=178 interval_ns=999999680 dev_ns=-320 phase_ns=-1505520 hwphase_ns=40112 (pico_gnss pico-gnss-rs/src/main.rs:296)
183.714058 [INFO ] PPS count=63 interval_us=1000002 interval_ns=1000002528 state=Locked missed=0 (pico_gnss pico-gnss-rs/src/main.rs:192)
183.875291 [INFO ] NMEA $GPGGA,121233.000,0000.0000,N,00000.0000,E,1,4,2.09,26.7,M,39.0,M,,*61 (pico_gnss pico-gnss-rs/src/main.rs:453)
183.933675 [INFO ] NMEA $GNGLL,0000.0000,N,00000.0000,E,121233.000,A,A*4C (pico_gnss pico-gnss-rs/src/main.rs:453)
183.952524 [INFO ] TIME unix_ns=1780920753238439875 ppb=2524 holdover_ms=1238 locked=1 (pico_gnss pico-gnss-rs/src/main.rs:226)
183.992052 [INFO ] NMEA $GNGSA,A,3,32,12,10,15,,,,,,,,,2.28,2.09,0.92*13 (pico_gnss pico-gnss-rs/src/main.rs:453)
184.021532 [INFO ] NMEA $GNGSA,A,3,,,,,,,,,,,,,2.28,2.09,0.92*14 (pico_gnss pico-gnss-rs/src/main.rs:453)
184.108853 [INFO ] NMEA $GPGSV,3,1,12,12,63,081,14,25,61,182,18,10,57,260,14,23,43,199,*75 (pico_gnss pico-gnss-rs/src/main.rs:453)
184.171576 [INFO ] NMEA $GPGSV,3,2,12,32,38,314,19,24,30,063,,28,21,266,,15,15,126,15*75 (pico_gnss pico-gnss-rs/src/main.rs:453)
184.229961 [INFO ] NMEA $GPGSV,3,3,12,19,02,042,17,193,,,,194,,,,195,,,*7A (pico_gnss pico-gnss-rs/src/main.rs:453)
184.288554 [INFO ] NMEA $GLGSV,2,1,06,74,77,007,,72,71,359,,71,45,127,,75,44,223,*6A (pico_gnss pico-gnss-rs/src/main.rs:453)
184.346720 [INFO ] NMEA $GLGSV,2,2,06,73,27,034,,65,20,327,*62 (pico_gnss pico-gnss-rs/src/main.rs:453)
184.409532 [INFO ] NMEA $GNRMC,121233.000,A,0000.0000,N,00000.0000,E,1.47,203.14,080626,,,A*77 (pico_gnss pico-gnss-rs/src/main.rs:453)
184.412118 [INFO ] SYNC pps_local_us=108280972 unix_s=1780920753 drift_us=2 err_ns=4 holdover_ms=1000 (pico_gnss pico-gnss-rs/src/main.rs:484)
184.439273 [INFO ] NMEA $GPVTG,203.14,T,,M,1.47,N,2.73,K,A*3D (pico_gnss pico-gnss-rs/src/main.rs:453)
184.497084 [INFO ] NMEA $GPZDA,121233.000,08,06,2026,,*5E (pico_gnss pico-gnss-rs/src/main.rs:453)
184.524755 [INFO ] NMEA $GPGST,121233.000,9.6,32,16,27.0,30,20,31*76 (pico_gnss pico-gnss-rs/src/main.rs:453)
184.712692 [INFO ] PPSGEN count=179 interval_ns=999999856 dev_ns=-144 phase_ns=-1538520 hwphase_ns=37440 (pico_gnss pico-gnss-rs/src/main.rs:296)
184.714031 [INFO ] PPS count=64 interval_us=1000002 interval_ns=1000002528 state=Locked missed=0 (pico_gnss pico-gnss-rs/src/main.rs:192)
184.883552 [INFO ] NMEA $GPGGA,121234.000,0000.0000,N,00000.0000,E,1,4,2.09,26.7,M,39.0,M,,*60 (pico_gnss pico-gnss-rs/src/main.rs:453)
184.951111 [INFO ] NMEA $GNGLL,0000.0000,N,00000.0000,E,121234.000,A,A*4D (pico_gnss pico-gnss-rs/src/main.rs:453)
184.953802 [INFO ] TIME unix_ns=1780920754239692871 ppb=2524 holdover_ms=1239 locked=1 (pico_gnss pico-gnss-rs/src/main.rs:226)
184.981057 [INFO ] NMEA $GNGSA,A,3,32,12,10,15,,,,,,,,,2.28,2.09,0.92*13 (pico_gnss pico-gnss-rs/src/main.rs:453)
185.038933 [INFO ] NMEA $GNGSA,A,3,,,,,,,,,,,,,2.28,2.09,0.92*14 (pico_gnss pico-gnss-rs/src/main.rs:453)
185.097553 [INFO ] NMEA $GPGSV,3,1,12,12,63,081,17,25,61,182,18,10,57,260,13,23,43,199,*71 (pico_gnss pico-gnss-rs/src/main.rs:453)
185.184950 [INFO ] NMEA $GPGSV,3,2,12,32,38,314,19,24,30,063,,28,21,266,,15,15,126,15*75 (pico_gnss pico-gnss-rs/src/main.rs:453)
185.218680 [INFO ] NMEA $GPGSV,3,3,12,19,02,042,17,193,,,,194,,,,195,,,*7A (pico_gnss pico-gnss-rs/src/main.rs:453)
185.305972 [INFO ] NMEA $GLGSV,2,1,06,74,77,007,,72,71,359,,71,45,127,,75,44,223,*6A (pico_gnss pico-gnss-rs/src/main.rs:453)
185.335501 [INFO ] NMEA $GLGSV,2,2,06,73,27,034,,65,20,327,*62 (pico_gnss pico-gnss-rs/src/main.rs:453)
185.422870 [INFO ] NMEA $GNRMC,121234.000,A,0000.0000,N,00000.0000,E,1.71,233.91,080626,,,A*7D (pico_gnss pico-gnss-rs/src/main.rs:453)
185.425450 [INFO ] SYNC pps_local_us=109280974 unix_s=1780920754 drift_us=2 err_ns=4 holdover_ms=999 (pico_gnss pico-gnss-rs/src/main.rs:484)
185.452662 [INFO ] NMEA $GPVTG,233.91,T,,M,1.71,N,3.17,K,A*35 (pico_gnss pico-gnss-rs/src/main.rs:453)
185.485788 [INFO ] NMEA $GPZDA,121234.000,08,06,2026,,*59 (pico_gnss pico-gnss-rs/src/main.rs:453)
185.524365 [INFO ] NMEA $GPGST,121234.000,9.5,34,16,28.4,31,21,32*7C (pico_gnss pico-gnss-rs/src/main.rs:453)
185.712713 [INFO ] PPSGEN count=180 interval_ns=1000000048 dev_ns=48 phase_ns=-1517520 hwphase_ns=34960 (pico_gnss pico-gnss-rs/src/main.rs:296)
185.713974 [INFO ] PPS count=65 interval_us=1000002 interval_ns=1000002528 state=Locked missed=0 (pico_gnss pico-gnss-rs/src/main.rs:192)
185.884519 [INFO ] NMEA $GPGGA,121235.000,0000.0000,N,00000.0000,E,1,4,2.09,26.8,M,39.0,M,,*6C (pico_gnss pico-gnss-rs/src/main.rs:453)
185.942850 [INFO ] NMEA $GNGLL,0000.0000,N,00000.0000,E,121235.000,A,A*4E (pico_gnss pico-gnss-rs/src/main.rs:453)
185.955073 [INFO ] TIME unix_ns=1780920755240975868 ppb=2524 holdover_ms=1240 locked=1 (pico_gnss pico-gnss-rs/src/main.rs:226)
186.001276 [INFO ] NMEA $GNGSA,A,3,32,12,10,15,,,,,,,,,2.28,2.09,0.92*13 (pico_gnss pico-gnss-rs/src/main.rs:453)
186.028648 [INFO ] NMEA $GNGSA,A,3,,,,,,,,,,,,,2.28,2.09,0.92*14 (pico_gnss pico-gnss-rs/src/main.rs:453)
186.116000 [INFO ] NMEA $GPGSV,3,1,12,12,63,081,17,25,61,182,18,10,57,260,13,23,43,199,*71 (pico_gnss pico-gnss-rs/src/main.rs:453)
186.174636 [INFO ] NMEA $GPGSV,3,2,12,32,38,314,19,24,30,063,15,28,21,266,,15,15,126,15*71 (pico_gnss pico-gnss-rs/src/main.rs:453)
186.233048 [INFO ] NMEA $GPGSV,3,3,12,19,02,042,17,193,,,,194,,,,195,,,*7A (pico_gnss pico-gnss-rs/src/main.rs:453)
186.295663 [INFO ] NMEA $GLGSV,2,1,06,74,77,007,,72,71,359,,71,45,127,,75,44,223,*6A (pico_gnss pico-gnss-rs/src/main.rs:453)
186.325167 [INFO ] NMEA $GLGSV,2,2,06,73,27,034,,65,20,327,*62 (pico_gnss pico-gnss-rs/src/main.rs:453)
186.412552 [INFO ] NMEA $GNRMC,121235.000,A,0000.0000,N,00000.0000,E,2.26,192.29,080626,,,A*74 (pico_gnss pico-gnss-rs/src/main.rs:453)
186.415123 [INFO ] SYNC pps_local_us=110280977 unix_s=1780920755 drift_us=2 err_ns=4 holdover_ms=999 (pico_gnss pico-gnss-rs/src/main.rs:484)
186.442342 [INFO ] NMEA $GPVTG,192.29,T,,M,2.26,N,4.20,K,A*3C (pico_gnss pico-gnss-rs/src/main.rs:453)
186.500161 [INFO ] NMEA $GPZDA,121235.000,08,06,2026,,*58 (pico_gnss pico-gnss-rs/src/main.rs:453)
186.527810 [INFO ] NMEA $GPGST,121235.000,9.5,34,16,28.2,31,21,31*78 (pico_gnss pico-gnss-rs/src/main.rs:453)
186.712718 [INFO ] PPSGEN count=181 interval_ns=1000000208 dev_ns=208 phase_ns=-1449520 hwphase_ns=32640 (pico_gnss pico-gnss-rs/src/main.rs:296)
186.713969 [INFO ] PPS count=66 interval_us=1000002 interval_ns=1000002528 state=Locked missed=0 (pico_gnss pico-gnss-rs/src/main.rs:192)
186.892821 [INFO ] NMEA $GPGGA,121236.000,0000.0000,N,00000.0000,E,1,4,2.09,26.9,M,39.0,M,,*66 (pico_gnss pico-gnss-rs/src/main.rs:453)
186.951153 [INFO ] NMEA $GNGLL,0000.0000,N,00000.0000,E,121236.000,A,A*45 (pico_gnss pico-gnss-rs/src/main.rs:453)
186.956335 [INFO ] TIME unix_ns=1780920756242314864 ppb=2524 holdover_ms=1242 locked=1 (pico_gnss pico-gnss-rs/src/main.rs:226)
186.981109 [INFO ] NMEA $GNGSA,A,3,32,12,10,15,,,,,,,,,2.28,2.09,0.92*13 (pico_gnss pico-gnss-rs/src/main.rs:453)
187.038983 [INFO ] NMEA $GNGSA,A,3,,,,,,,,,,,,,2.28,2.09,0.92*14 (pico_gnss pico-gnss-rs/src/main.rs:453)
187.101725 [INFO ] NMEA $GPGSV,3,1,12,12,63,081,17,25,61,182,17,10,57,260,14,23,43,199,*79 (pico_gnss pico-gnss-rs/src/main.rs:453)
187.189122 [INFO ] NMEA $GPGSV,3,2,12,32,38,314,19,24,30,063,16,28,21,266,,15,15,126,15*72 (pico_gnss pico-gnss-rs/src/main.rs:453)
187.218838 [INFO ] NMEA $GPGSV,3,3,12,19,02,042,17,193,,,,194,,,,195,,,*7A (pico_gnss pico-gnss-rs/src/main.rs:453)
187.306070 [INFO ] NMEA $GLGSV,2,1,06,74,77,007,,72,71,359,,71,45,127,,75,44,223,*6A (pico_gnss pico-gnss-rs/src/main.rs:453)
187.335595 [INFO ] NMEA $GLGSV,2,2,06,73,27,034,,65,20,327,*62 (pico_gnss pico-gnss-rs/src/main.rs:453)
187.398333 [INFO ] NMEA $GNRMC,121236.000,A,0000.0000,N,00000.0000,E,4.56,192.16,080626,,,A*72 (pico_gnss pico-gnss-rs/src/main.rs:453)
187.400903 [INFO ] SYNC pps_local_us=111280979 unix_s=1780920756 drift_us=2 err_ns=4 holdover_ms=999 (pico_gnss pico-gnss-rs/src/main.rs:484)
187.456600 [INFO ] NMEA $GPVTG,192.16,T,,M,4.56,N,8.46,K,A*3D (pico_gnss pico-gnss-rs/src/main.rs:453)
187.485974 [INFO ] NMEA $GPZDA,121236.000,08,06,2026,,*5B (pico_gnss pico-gnss-rs/src/main.rs:453)
187.526538 [INFO ] NMEA $GPGST,121236.000,9.5,31,14,29.4,28,19,26*7E (pico_gnss pico-gnss-rs/src/main.rs:453)
187.712716 [INFO ] PPSGEN count=182 interval_ns=1000000352 dev_ns=352 phase_ns=-1443520 hwphase_ns=30464 (pico_gnss pico-gnss-rs/src/main.rs:296)
187.713967 [INFO ] PPS count=67 interval_us=1000002 interval_ns=1000002528 state=Locked missed=0 (pico_gnss pico-gnss-rs/src/main.rs:192)
187.885680 [INFO ] NMEA $GPGGA,121237.000,0000.0000,N,00000.0000,E,1,4,2.09,27.0,M,39.0,M,,*61 (pico_gnss pico-gnss-rs/src/main.rs:453)
187.939900 [INFO ] NMEA $GNGLL,0000.0000,N,00000.0000,E,121237.000,A,A*4A (pico_gnss pico-gnss-rs/src/main.rs:453)
187.957598 [INFO ] TIME unix_ns=1780920757243568861 ppb=2525 holdover_ms=1243 locked=1 (pico_gnss pico-gnss-rs/src/main.rs:226)
187.998297 [INFO ] NMEA $GNGSA,A,3,32,12,10,15,,,,,,,,,2.28,2.09,0.92*13 (pico_gnss pico-gnss-rs/src/main.rs:453)
188.027775 [INFO ] NMEA $GNGSA,A,3,,,,,,,,,,,,,2.28,2.09,0.92*14 (pico_gnss pico-gnss-rs/src/main.rs:453)
188.115103 [INFO ] NMEA $GPGSV,3,1,12,12,63,081,17,25,61,182,17,10,57,260,14,23,43,199,*79 (pico_gnss pico-gnss-rs/src/main.rs:453)
188.177942 [INFO ] NMEA $GPGSV,3,2,12,32,38,314,19,24,30,063,14,28,21,266,,15,15,126,15*70 (pico_gnss pico-gnss-rs/src/main.rs:453)
188.236377 [INFO ] NMEA $GPGSV,3,3,12,19,02,042,17,193,,,,194,,,,195,,,*7A (pico_gnss pico-gnss-rs/src/main.rs:453)
188.294916 [INFO ] NMEA $GLGSV,2,1,06,74,77,007,,72,71,359,,71,45,127,,75,44,223,*6A (pico_gnss pico-gnss-rs/src/main.rs:453)
188.324398 [INFO ] NMEA $GLGSV,2,2,06,73,27,034,,65,20,327,*62 (pico_gnss pico-gnss-rs/src/main.rs:453)
188.411800 [INFO ] NMEA $GNRMC,121237.000,A,0000.0000,N,00000.0000,E,4.95,196.32,080626,,,A*70 (pico_gnss pico-gnss-rs/src/main.rs:453)
188.414356 [INFO ] SYNC pps_local_us=112280982 unix_s=1780920757 drift_us=2 err_ns=4 holdover_ms=999 (pico_gnss pico-gnss-rs/src/main.rs:484)
188.445415 [INFO ] NMEA $GPVTG,196.32,T,,M,4.95,N,9.18,K,A*3A (pico_gnss pico-gnss-rs/src/main.rs:453)
188.503478 [INFO ] NMEA $GPZDA,121237.000,08,06,2026,,*5A (pico_gnss pico-gnss-rs/src/main.rs:453)
188.529028 [INFO ] NMEA $GPGST,121237.000,9.4,29,13,28.9,26,18,26*73 (pico_gnss pico-gnss-rs/src/main.rs:453)
188.712735 [INFO ] PPSGEN count=183 interval_ns=1000000512 dev_ns=512 phase_ns=-1432520 hwphase_ns=28448 (pico_gnss pico-gnss-rs/src/main.rs:296)
188.713997 [INFO ] PPS count=68 interval_us=1000002 interval_ns=1000002528 state=Locked missed=0 (pico_gnss pico-gnss-rs/src/main.rs:192)
188.885812 [INFO ] NMEA $GPGGA,121238.000,0000.0000,N,00000.0000,E,1,5,1.53,26.7,M,39.0,M,,*69 (pico_gnss pico-gnss-rs/src/main.rs:453)
188.944117 [INFO ] NMEA $GNGLL,0000.0000,N,00000.0000,E,121238.000,A,A*49 (pico_gnss pico-gnss-rs/src/main.rs:453)
188.958867 [INFO ] TIME unix_ns=1780920758244838858 ppb=2525 holdover_ms=1244 locked=1 (pico_gnss pico-gnss-rs/src/main.rs:226)
188.985113 [INFO ] NMEA $GNGSA,A,3,32,12,10,24,15,,,,,,,,2.77,1.53,2.31*18 (pico_gnss pico-gnss-rs/src/main.rs:453)
189.043242 [INFO ] NMEA $GNGSA,A,3,,,,,,,,,,,,,2.77,1.53,2.31*19 (pico_gnss pico-gnss-rs/src/main.rs:453)
189.102000 [INFO ] NMEA $GPGSV,3,1,12,12,63,081,17,25,61,182,17,10,57,260,14,23,43,199,*79 (pico_gnss pico-gnss-rs/src/main.rs:453)
189.189411 [INFO ] NMEA $GPGSV,3,2,12,32,38,314,19,24,30,063,14,28,21,266,,15,15,126,15*70 (pico_gnss pico-gnss-rs/src/main.rs:453)
189.247693 [INFO ] NMEA $GPGSV,3,3,12,19,02,042,17,193,,,,194,,,,195,,,*7A (pico_gnss pico-gnss-rs/src/main.rs:453)
189.310449 [INFO ] NMEA $GLGSV,2,1,06,74,77,007,,72,71,359,,71,45,127,,75,44,223,*6A (pico_gnss pico-gnss-rs/src/main.rs:453)
189.339961 [INFO ] NMEA $GLGSV,2,2,06,73,27,034,,65,20,327,*62 (pico_gnss pico-gnss-rs/src/main.rs:453)
189.427353 [INFO ] NMEA $GNRMC,121238.000,A,0000.0000,N,00000.0000,E,2.37,135.30,080626,,,A*76 (pico_gnss pico-gnss-rs/src/main.rs:453)
189.429953 [INFO ] SYNC pps_local_us=113280984 unix_s=1780920758 drift_us=2 err_ns=4 holdover_ms=1000 (pico_gnss pico-gnss-rs/src/main.rs:484)
189.457124 [INFO ] NMEA $GPVTG,135.30,T,,M,2.37,N,4.39,K,A*31 (pico_gnss pico-gnss-rs/src/main.rs:453)
189.486242 [INFO ] NMEA $GPZDA,121238.000,08,06,2026,,*55 (pico_gnss pico-gnss-rs/src/main.rs:453)
189.529849 [INFO ] NMEA $GPGST,121238.000,11,26,12,27.7,24,16,26*5C (pico_gnss pico-gnss-rs/src/main.rs:453)
189.712740 [INFO ] PPSGEN count=184 interval_ns=1000000640 dev_ns=640 phase_ns=-1449521 hwphase_ns=26560 (pico_gnss pico-gnss-rs/src/main.rs:296)
189.714005 [INFO ] PPS count=69 interval_us=1000002 interval_ns=1000002528 state=Locked missed=0 (pico_gnss pico-gnss-rs/src/main.rs:192)
189.885580 [INFO ] NMEA $GPGGA,121239.000,0000.0000,N,00000.0000,E,1,5,1.46,26.4,M,39.0,M,,*64 (pico_gnss pico-gnss-rs/src/main.rs:453)
189.943899 [INFO ] NMEA $GNGLL,0000.0000,N,00000.0000,E,121239.000,A,A*43 (pico_gnss pico-gnss-rs/src/main.rs:453)
189.960121 [INFO ] TIME unix_ns=1780920759246078854 ppb=2525 holdover_ms=1246 locked=1 (pico_gnss pico-gnss-rs/src/main.rs:226)
190.002375 [INFO ] NMEA $GNGSA,A,3,32,12,10,24,15,,,,,,,,1.72,1.46,0.92*11 (pico_gnss pico-gnss-rs/src/main.rs:453)
190.031784 [INFO ] NMEA $GNGSA,A,3,,,,,,,,,,,,,1.72,1.46,0.92*10 (pico_gnss pico-gnss-rs/src/main.rs:453)
190.116087 [INFO ] NMEA $GPGSV,3,1,12,12,63,081,17,25,61,182,17,10,57,260,14,23,43,199,*79 (pico_gnss pico-gnss-rs/src/main.rs:453)
190.174699 [INFO ] NMEA $GPGSV,3,2,12,32,38,314,19,24,30,063,14,28,21,266,,15,15,126,15*70 (pico_gnss pico-gnss-rs/src/main.rs:453)
190.233133 [INFO ] NMEA $GPGSV,3,3,12,19,02,042,17,193,,,,194,,,,195,,,*7A (pico_gnss pico-gnss-rs/src/main.rs:453)
190.291663 [INFO ] NMEA $GLGSV,2,1,06,74,77,007,,72,71,359,,71,45,127,,75,44,223,*6A (pico_gnss pico-gnss-rs/src/main.rs:453)
190.353946 [INFO ] NMEA $GLGSV,2,2,06,73,27,034,,65,20,327,*62 (pico_gnss pico-gnss-rs/src/main.rs:453)
190.412682 [INFO ] NMEA $GNRMC,121239.000,A,0000.0000,N,00000.0000,E,2.30,113.07,080626,,,A*7B (pico_gnss pico-gnss-rs/src/main.rs:453)
190.415267 [INFO ] SYNC pps_local_us=114280987 unix_s=1780920759 drift_us=2 err_ns=4 holdover_ms=1000 (pico_gnss pico-gnss-rs/src/main.rs:484)
190.442429 [INFO ] NMEA $GPVTG,113.07,T,,M,2.30,N,4.27,K,A*39 (pico_gnss pico-gnss-rs/src/main.rs:453)
190.500236 [INFO ] NMEA $GPZDA,121239.000,08,06,2026,,*54 (pico_gnss pico-gnss-rs/src/main.rs:453)
190.529942 [INFO ] NMEA $GPGST,121239.000,11,24,12,25.6,22,15,27*58 (pico_gnss pico-gnss-rs/src/main.rs:453)
190.712710 [INFO ] PPSGEN count=185 interval_ns=1000000768 dev_ns=768 phase_ns=-1471521 hwphase_ns=24800 (pico_gnss pico-gnss-rs/src/main.rs:296)
190.713960 [INFO ] PPS count=70 interval_us=1000002 interval_ns=1000002512 state=Locked missed=0 (pico_gnss pico-gnss-rs/src/main.rs:192)
190.890707 [INFO ] NMEA $GPGGA,121240.000,0000.0000,N,00000.0000,E,1,4,2.08,26.4,M,39.0,M,,*6E (pico_gnss pico-gnss-rs/src/main.rs:453)
190.949064 [INFO ] NMEA $GNGLL,0000.0000,N,00000.0000,E,121240.000,A,A*41 (pico_gnss pico-gnss-rs/src/main.rs:453)
190.961387 [INFO ] TIME unix_ns=1780920760247334852 ppb=2524 holdover_ms=1247 locked=1 (pico_gnss pico-gnss-rs/src/main.rs:226)
190.978947 [INFO ] NMEA $GNGSA,A,3,32,12,10,15,,,,,,,,,2.28,2.08,0.92*12 (pico_gnss pico-gnss-rs/src/main.rs:453)
191.036880 [INFO ] NMEA $GNGSA,A,3,,,,,,,,,,,,,2.28,2.08,0.92*15 (pico_gnss pico-gnss-rs/src/main.rs:453)
191.095466 [INFO ] NMEA $GPGSV,3,1,12,12,63,081,17,25,61,182,17,10,57,260,15,23,43,199,*78 (pico_gnss pico-gnss-rs/src/main.rs:453)
191.187020 [INFO ] NMEA $GPGSV,3,2,12,32,38,314,19,24,30,063,14,28,21,266,,15,15,126,16*73 (pico_gnss pico-gnss-rs/src/main.rs:453)
191.216712 [INFO ] NMEA $GPGSV,3,3,12,19,02,042,17,193,,,,194,,,,195,,,*7A (pico_gnss pico-gnss-rs/src/main.rs:453)
191.303947 [INFO ] NMEA $GLGSV,2,1,06,74,77,007,,72,71,359,,71,45,127,,75,44,223,*6A (pico_gnss pico-gnss-rs/src/main.rs:453)
191.333450 [INFO ] NMEA $GLGSV,2,2,06,73,27,034,,65,20,327,*62 (pico_gnss pico-gnss-rs/src/main.rs:453)
191.424931 [INFO ] NMEA $GNRMC,121240.000,A,0000.0000,N,00000.0000,E,2.90,118.58,080626,,,A*72 (pico_gnss pico-gnss-rs/src/main.rs:453)
191.427512 [INFO ] SYNC pps_local_us=115280989 unix_s=1780920760 drift_us=2 err_ns=-12 holdover_ms=999 (pico_gnss pico-gnss-rs/src/main.rs:484)
191.454721 [INFO ] NMEA $GPVTG,118.58,T,,M,2.90,N,5.38,K,A*3D (pico_gnss pico-gnss-rs/src/main.rs:453)
191.483874 [INFO ] NMEA $GPZDA,121240.000,08,06,2026,,*5A (pico_gnss pico-gnss-rs/src/main.rs:453)
191.525472 [INFO ] NMEA $GPGST,121240.000,11,23,12,25.2,22,14,28*5B (pico_gnss pico-gnss-rs/src/main.rs:453)
191.712705 [INFO ] PPSGEN count=186 interval_ns=1000000880 dev_ns=880 phase_ns=-1431520 hwphase_ns=23168 (pico_gnss pico-gnss-rs/src/main.rs:296)
191.713982 [INFO ] PPS count=71 interval_us=1000002 interval_ns=1000002544 state=Locked missed=0 (pico_gnss pico-gnss-rs/src/main.rs:192)
191.881731 [INFO ] NMEA $GPGGA,121241.000,0000.0000,N,00000.0000,E,1,4,2.08,26.5,M,39.0,M,,*67 (pico_gnss pico-gnss-rs/src/main.rs:453)
191.934906 [INFO ] NMEA $GNGLL,0000.0000,N,00000.0000,E,121241.000,A,A*49 (pico_gnss pico-gnss-rs/src/main.rs:453)
191.962655 [INFO ] TIME unix_ns=1780920761248651848 ppb=2525 holdover_ms=1248 locked=1 (pico_gnss pico-gnss-rs/src/main.rs:226)
191.993330 [INFO ] NMEA $GNGSA,A,3,32,12,10,15,,,,,,,,,2.28,2.08,0.92*12 (pico_gnss pico-gnss-rs/src/main.rs:453)
192.022798 [INFO ] NMEA $GNGSA,A,3,,,,,,,,,,,,,2.28,2.08,0.92*15 (pico_gnss pico-gnss-rs/src/main.rs:453)
192.110094 [INFO ] NMEA $GPGSV,3,1,12,12,63,081,17,25,61,182,17,10,57,260,15,23,43,199,*78 (pico_gnss pico-gnss-rs/src/main.rs:453)
192.168761 [INFO ] NMEA $GPGSV,3,2,12,32,38,314,19,24,30,063,12,28,21,266,,15,15,126,16*75 (pico_gnss pico-gnss-rs/src/main.rs:453)
192.231266 [INFO ] NMEA $GPGSV,3,3,12,19,02,042,17,193,,,,194,,,,195,,,*7A (pico_gnss pico-gnss-rs/src/main.rs:453)
192.289811 [INFO ] NMEA $GLGSV,2,1,06,74,77,007,,72,71,359,,71,45,127,,75,44,223,*6A (pico_gnss pico-gnss-rs/src/main.rs:453)
192.348009 [INFO ] NMEA $GLGSV,2,2,06,73,27,034,,65,20,327,*62 (pico_gnss pico-gnss-rs/src/main.rs:453)
192.406715 [INFO ] NMEA $GNRMC,121241.000,A,0000.0000,N,00000.0000,E,1.66,110.27,080626,,,A*70 (pico_gnss pico-gnss-rs/src/main.rs:453)
192.409312 [INFO ] SYNC pps_local_us=116280992 unix_s=1780920761 drift_us=2 err_ns=19 holdover_ms=1000 (pico_gnss pico-gnss-rs/src/main.rs:484)
192.436474 [INFO ] NMEA $GPVTG,110.27,T,,M,1.66,N,3.07,K,A*3D (pico_gnss pico-gnss-rs/src/main.rs:453)
192.498424 [INFO ] NMEA $GPZDA,121241.000,08,06,2026,,*5B (pico_gnss pico-gnss-rs/src/main.rs:453)
192.523996 [INFO ] NMEA $GPGST,121241.000,11,23,12,24.5,21,14,28*5F (pico_gnss pico-gnss-rs/src/main.rs:453)
192.712714 [INFO ] PPSGEN count=187 interval_ns=1000001008 dev_ns=1008 phase_ns=-1458521 hwphase_ns=21632 (pico_gnss pico-gnss-rs/src/main.rs:296)
192.713977 [INFO ] PPS count=72 interval_us=1000002 interval_ns=1000002512 state=Locked missed=0 (pico_gnss pico-gnss-rs/src/main.rs:192)
192.883636 [INFO ] NMEA $GPGGA,121242.000,0000.0000,N,00000.0000,E,1,4,2.08,26.5,M,39.0,M,,*65 (pico_gnss pico-gnss-rs/src/main.rs:453)
192.941944 [INFO ] NMEA $GNGLL,0000.0000,N,00000.0000,E,121242.000,A,A*4B (pico_gnss pico-gnss-rs/src/main.rs:453)
192.963923 [INFO ] TIME unix_ns=1780920762249889845 ppb=2525 holdover_ms=1249 locked=1 (pico_gnss pico-gnss-rs/src/main.rs:226)
193.000320 [INFO ] NMEA $GNGSA,A,3,32,12,10,15,,,,,,,,,2.28,2.08,0.92*12 (pico_gnss pico-gnss-rs/src/main.rs:453)
193.041049 [INFO ] NMEA $GNGSA,A,3,,,,,,,,,,,,,2.28,2.08,0.92*15 (pico_gnss pico-gnss-rs/src/main.rs:453)
193.099708 [INFO ] NMEA $GPGSV,3,1,12,12,63,081,17,25,61,182,17,10,57,260,15,23,43,199,*78 (pico_gnss pico-gnss-rs/src/main.rs:453)
193.187113 [INFO ] NMEA $GPGSV,3,2,12,32,38,314,20,24,30,063,14,28,21,266,,15,15,126,16*79 (pico_gnss pico-gnss-rs/src/main.rs:453)
193.216797 [INFO ] NMEA $GPGSV,3,3,12,19,02,042,17,193,,,,194,,,,195,,,*7A (pico_gnss pico-gnss-rs/src/main.rs:453)
193.308109 [INFO ] NMEA $GLGSV,2,1,06,74,77,007,,72,71,359,,71,45,127,,75,44,223,*6A (pico_gnss pico-gnss-rs/src/main.rs:453)
193.337687 [INFO ] NMEA $GLGSV,2,2,06,73,27,034,20,65,20,327,*60 (pico_gnss pico-gnss-rs/src/main.rs:453)
193.425088 [INFO ] NMEA $GNRMC,121242.000,A,0000.0000,N,00000.0000,E,1.46,107.85,080626,,,A*7E (pico_gnss pico-gnss-rs/src/main.rs:453)
193.427670 [INFO ] SYNC pps_local_us=117280994 unix_s=1780920762 drift_us=2 err_ns=-12 holdover_ms=1000 (pico_gnss pico-gnss-rs/src/main.rs:484)
193.454850 [INFO ] NMEA $GPVTG,107.85,T,,M,1.46,N,2.70,K,A*30 (pico_gnss pico-gnss-rs/src/main.rs:453)
193.483999 [INFO ] NMEA $GPZDA,121242.000,08,06,2026,,*58 (pico_gnss pico-gnss-rs/src/main.rs:453)
193.527878 [INFO ] NMEA $GPGST,121242.000,11,23,12,24.3,22,14,29*58 (pico_gnss pico-gnss-rs/src/main.rs:453)
193.712717 [INFO ] PPSGEN count=188 interval_ns=1000001088 dev_ns=1088 phase_ns=-1443520 hwphase_ns=20208 (pico_gnss pico-gnss-rs/src/main.rs:296)
193.714008 [INFO ] PPS count=73 interval_us=1000002 interval_ns=1000002528 state=Locked missed=0 (pico_gnss pico-gnss-rs/src/main.rs:192)
193.889738 [INFO ] NMEA $GPGGA,121243.000,0000.0000,N,00000.0000,E,1,5,1.46,26.4,M,39.0,M,,*63 (pico_gnss pico-gnss-rs/src/main.rs:453)
193.948029 [INFO ] NMEA $GNGLL,0000.0000,N,00000.0000,E,121243.000,A,A*44 (pico_gnss pico-gnss-rs/src/main.rs:453)
193.965193 [INFO ] TIME unix_ns=1780920763251145842 ppb=2525 holdover_ms=1251 locked=1 (pico_gnss pico-gnss-rs/src/main.rs:226)
194.006536 [INFO ] NMEA $GNGSA,A,3,32,12,10,24,15,,,,,,,,1.72,1.46,0.92*11 (pico_gnss pico-gnss-rs/src/main.rs:453)
194.035959 [INFO ] NMEA $GNGSA,A,3,,,,,,,,,,,,,1.72,1.46,0.92*10 (pico_gnss pico-gnss-rs/src/main.rs:453)
194.120217 [INFO ] NMEA $GPGSV,3,1,12,12,63,081,17,25,61,182,16,10,57,260,15,23,43,199,*79 (pico_gnss pico-gnss-rs/src/main.rs:453)
194.178865 [INFO ] NMEA $GPGSV,3,2,12,32,38,314,20,24,30,063,13,28,21,266,,15,15,126,16*7E (pico_gnss pico-gnss-rs/src/main.rs:453)
194.237268 [INFO ] NMEA $GPGSV,3,3,12,19,02,042,17,193,,,,194,,,,195,,,*7A (pico_gnss pico-gnss-rs/src/main.rs:453)
194.295794 [INFO ] NMEA $GLGSV,2,1,06,74,77,007,,72,71,359,,71,45,127,,75,44,223,*6A (pico_gnss pico-gnss-rs/src/main.rs:453)
194.358126 [INFO ] NMEA $GLGSV,2,2,06,73,27,034,20,65,20,327,*60 (pico_gnss pico-gnss-rs/src/main.rs:453)
194.416846 [INFO ] NMEA $GNRMC,121243.000,A,0000.0000,N,00000.0000,E,1.81,149.84,080626,,,A*71 (pico_gnss pico-gnss-rs/src/main.rs:453)
194.419436 [INFO ] SYNC pps_local_us=118280997 unix_s=1780920763 drift_us=2 err_ns=4 holdover_ms=1000 (pico_gnss pico-gnss-rs/src/main.rs:484)
194.475112 [INFO ] NMEA $GPVTG,149.84,T,,M,1.81,N,3.34,K,A*31 (pico_gnss pico-gnss-rs/src/main.rs:453)
194.504497 [INFO ] NMEA $GPZDA,121243.000,08,06,2026,,*59 (pico_gnss pico-gnss-rs/src/main.rs:453)
194.538768 [INFO ] NMEA $GPGST,121243.000,11,42,0.001,24.7,38,17,63*70 (pico_gnss pico-gnss-rs/src/main.rs:453)
194.712722 [INFO ] PPSGEN count=189 interval_ns=1000001200 dev_ns=1200 phase_ns=-1479520 hwphase_ns=18880 (pico_gnss pico-gnss-rs/src/main.rs:296)
194.713980 [INFO ] PPS count=74 interval_us=1000002 interval_ns=1000002528 state=Locked missed=0 (pico_gnss pico-gnss-rs/src/main.rs:192)
194.887649 [INFO ] NMEA $GPGGA,121244.000,0000.0000,N,00000.0000,E,1,5,1.46,26.4,M,39.0,M,,*60 (pico_gnss pico-gnss-rs/src/main.rs:453)
194.946015 [INFO ] NMEA $GNGLL,0000.0000,N,00000.0000,E,121244.000,A,A*47 (pico_gnss pico-gnss-rs/src/main.rs:453)
194.966466 [INFO ] TIME unix_ns=1780920764252398838 ppb=2525 holdover_ms=1252 locked=1 (pico_gnss pico-gnss-rs/src/main.rs:226)
195.004473 [INFO ] NMEA $GNGSA,A,3,32,12,10,24,15,,,,,,,,1.72,1.46,0.92*11 (pico_gnss pico-gnss-rs/src/main.rs:453)
195.033942 [INFO ] NMEA $GNGSA,A,3,,,,,,,,,,,,,1.72,1.46,0.92*10 (pico_gnss pico-gnss-rs/src/main.rs:453)
195.121251 [INFO ] NMEA $GPGSV,3,1,12,12,63,081,16,25,61,182,16,10,57,260,15,23,43,199,*78 (pico_gnss pico-gnss-rs/src/main.rs:453)
195.184094 [INFO ] NMEA $GPGSV,3,2,12,32,38,314,20,24,30,063,13,28,21,266,,15,15,126,16*7E (pico_gnss pico-gnss-rs/src/main.rs:453)
195.242470 [INFO ] NMEA $GPGSV,3,3,12,19,02,042,17,193,,,,194,,,,195,,,*7A (pico_gnss pico-gnss-rs/src/main.rs:453)
195.301036 [INFO ] NMEA $GLGSV,2,1,06,74,77,007,,72,71,359,,71,45,127,,75,44,223,*6A (pico_gnss pico-gnss-rs/src/main.rs:453)
195.330525 [INFO ] NMEA $GLGSV,2,2,06,73,27,034,20,65,20,327,*60 (pico_gnss pico-gnss-rs/src/main.rs:453)
195.422061 [INFO ] NMEA $GNRMC,121244.000,A,0000.0000,N,00000.0000,E,2.17,153.51,080626,,,A*7D (pico_gnss pico-gnss-rs/src/main.rs:453)
195.424633 [INFO ] SYNC pps_local_us=119281000 unix_s=1780920764 drift_us=2 err_ns=4 holdover_ms=999 (pico_gnss pico-gnss-rs/src/main.rs:484)
195.451822 [INFO ] NMEA $GPVTG,153.51,T,,M,2.17,N,4.02,K,A*3C (pico_gnss pico-gnss-rs/src/main.rs:453)
195.480928 [INFO ] NMEA $GPZDA,121244.000,08,06,2026,,*5E (pico_gnss pico-gnss-rs/src/main.rs:453)
195.535128 [INFO ] NMEA $GPGST,121244.000,11,43,0.001,24.7,39,17,63*77 (pico_gnss pico-gnss-rs/src/main.rs:453)
195.712726 [INFO ] PPSGEN count=190 interval_ns=1000001280 dev_ns=1280 phase_ns=-1435521 hwphase_ns=17632 (pico_gnss pico-gnss-rs/src/main.rs:296)
195.713983 [INFO ] PPS count=75 interval_us=1000002 interval_ns=1000002528 state=Locked missed=0 (pico_gnss pico-gnss-rs/src/main.rs:192)
195.885785 [INFO ] NMEA $GPGGA,121245.000,0000.0000,N,00000.0000,E,1,4,2.08,26.3,M,39.0,M,,*64 (pico_gnss pico-gnss-rs/src/main.rs:453)
195.944020 [INFO ] NMEA $GNGLL,0000.0000,N,00000.0000,E,121245.000,A,A*4C (pico_gnss pico-gnss-rs/src/main.rs:453)
195.967728 [INFO ] TIME unix_ns=1780920765253679835 ppb=2525 holdover_ms=1253 locked=1 (pico_gnss pico-gnss-rs/src/main.rs:226)
195.985299 [INFO ] NMEA $GNGSA,A,3,32,12,10,15,,,,,,,,,2.28,2.08,0.92*12 (pico_gnss pico-gnss-rs/src/main.rs:453)
196.043179 [INFO ] NMEA $GNGSA,A,3,,,,,,,,,,,,,2.28,2.08,0.92*15 (pico_gnss pico-gnss-rs/src/main.rs:453)
196.101848 [INFO ] NMEA $GPGSV,3,1,12,12,63,081,16,25,61,182,16,10,57,260,15,23,43,199,*78 (pico_gnss pico-gnss-rs/src/main.rs:453)
196.189277 [INFO ] NMEA $GPGSV,3,2,12,32,38,314,20,24,30,063,12,28,21,266,,15,15,126,16*7F (pico_gnss pico-gnss-rs/src/main.rs:453)
196.223025 [INFO ] NMEA $GPGSV,3,3,12,19,02,042,17,193,,,,194,,,,195,,,*7A (pico_gnss pico-gnss-rs/src/main.rs:453)
196.310307 [INFO ] NMEA $GLGSV,2,1,06,74,77,007,,72,71,359,,71,45,127,,75,44,223,*6A (pico_gnss pico-gnss-rs/src/main.rs:453)
196.339878 [INFO ] NMEA $GLGSV,2,2,06,73,27,034,20,65,20,327,*60 (pico_gnss pico-gnss-rs/src/main.rs:453)
196.427262 [INFO ] NMEA $GNRMC,121245.000,A,0000.0000,N,00000.0000,E,1.99,134.64,080626,,,A*74 (pico_gnss pico-gnss-rs/src/main.rs:453)
196.429854 [INFO ] SYNC pps_local_us=120281002 unix_s=1780920765 drift_us=2 err_ns=4 holdover_ms=1000 (pico_gnss pico-gnss-rs/src/main.rs:484)
196.457030 [INFO ] NMEA $GPVTG,134.64,T,,M,1.99,N,3.68,K,A*35 (pico_gnss pico-gnss-rs/src/main.rs:453)
196.490169 [INFO ] NMEA $GPZDA,121245.000,08,06,2026,,*5F (pico_gnss pico-gnss-rs/src/main.rs:453)
196.532956 [INFO ] NMEA $GPGST,121245.000,11,42,0.001,24.8,38,17,61*7B (pico_gnss pico-gnss-rs/src/main.rs:453)
196.712719 [INFO ] PPSGEN count=191 interval_ns=1000001376 dev_ns=1376 phase_ns=-1449521 hwphase_ns=16480 (pico_gnss pico-gnss-rs/src/main.rs:296)
196.713988 [INFO ] PPS count=76 interval_us=1000002 interval_ns=1000002528 state=Locked missed=0 (pico_gnss pico-gnss-rs/src/main.rs:192)
196.886713 [INFO ] NMEA $GPGGA,121246.000,0000.0000,N,00000.0000,E,1,4,2.08,26.1,M,39.0,M,,*65 (pico_gnss pico-gnss-rs/src/main.rs:453)
196.945009 [INFO ] NMEA $GNGLL,0000.0000,N,00000.0000,E,121246.000,A,A*4F (pico_gnss pico-gnss-rs/src/main.rs:453)
196.969013 [INFO ] TIME unix_ns=1780920766254970832 ppb=2525 holdover_ms=1254 locked=1 (pico_gnss pico-gnss-rs/src/main.rs:226)
197.003483 [INFO ] NMEA $GNGSA,A,3,32,12,10,15,,,,,,,,,2.28,2.08,0.92*12 (pico_gnss pico-gnss-rs/src/main.rs:453)
197.026740 [INFO ] NMEA $GNGSA,A,3,,,,,,,,,,,,,2.28,2.08,0.92*15 (pico_gnss pico-gnss-rs/src/main.rs:453)
197.114041 [INFO ] NMEA $GPGSV,3,1,12,12,63,081,16,25,61,182,16,10,57,260,15,23,43,199,*78 (pico_gnss pico-gnss-rs/src/main.rs:453)
197.172714 [INFO ] NMEA $GPGSV,3,2,12,32,38,314,20,24,30,063,10,28,21,266,,15,15,126,16*7D (pico_gnss pico-gnss-rs/src/main.rs:453)
197.231094 [INFO ] NMEA $GPGSV,3,3,12,19,02,042,17,193,,,,194,,,,195,,,*7A (pico_gnss pico-gnss-rs/src/main.rs:453)
197.293755 [INFO ] NMEA $GLGSV,2,1,06,74,77,007,,72,71,359,,71,45,127,,75,44,223,*6A (pico_gnss pico-gnss-rs/src/main.rs:453)
197.352020 [INFO ] NMEA $GLGSV,2,2,06,73,27,034,20,65,20,327,*60 (pico_gnss pico-gnss-rs/src/main.rs:453)
197.410713 [INFO ] NMEA $GNRMC,121246.000,A,0000.0000,N,00000.0000,E,1.24,144.50,080626,,,A*71 (pico_gnss pico-gnss-rs/src/main.rs:453)
197.413294 [INFO ] SYNC pps_local_us=121281005 unix_s=1780920766 drift_us=2 err_ns=3 holdover_ms=1000 (pico_gnss pico-gnss-rs/src/main.rs:484)
197.468976 [INFO ] NMEA $GPVTG,144.50,T,,M,1.24,N,2.29,K,A*37 (pico_gnss pico-gnss-rs/src/main.rs:453)
197.498333 [INFO ] NMEA $GPZDA,121246.000,08,06,2026,,*5C (pico_gnss pico-gnss-rs/src/main.rs:453)
197.533702 [INFO ] NMEA $GPGST,121246.000,11,42,0.001,24.9,38,17,61*79 (pico_gnss pico-gnss-rs/src/main.rs:453)
197.712727 [INFO ] PPSGEN count=192 interval_ns=1000001440 dev_ns=1440 phase_ns=-1440521 hwphase_ns=15392 (pico_gnss pico-gnss-rs/src/main.rs:296)
197.714003 [INFO ] PPS count=77 interval_us=1000002 interval_ns=1000002528 state=Locked missed=0 (pico_gnss pico-gnss-rs/src/main.rs:192)
197.892621 [INFO ] NMEA $GPGGA,121247.000,0000.0000,N,00000.0000,E,1,4,2.08,26.1,M,39.0,M,,*62 (pico_gnss pico-gnss-rs/src/main.rs:453)
197.950947 [INFO ] NMEA $GNGLL,0000.0000,N,00000.0000,E,121247.000,A,A*48 (pico_gnss pico-gnss-rs/src/main.rs:453)
197.970289 [INFO ] TIME unix_ns=1780920767256250828 ppb=2525 holdover_ms=1256 locked=1 (pico_gnss pico-gnss-rs/src/main.rs:226)
198.009392 [INFO ] NMEA $GNGSA,A,3,32,12,10,15,,,,,,,,,2.27,2.08,0.92*1D (pico_gnss pico-gnss-rs/src/main.rs:453)
198.038874 [INFO ] NMEA $GNGSA,A,3,,,,,,,,,,,,,2.27,2.08,0.92*1A (pico_gnss pico-gnss-rs/src/main.rs:453)
198.101481 [INFO ] NMEA $GPGSV,3,1,12,12,63,081,16,25,61,182,16,10,57,260,14,23,43,199,*79 (pico_gnss pico-gnss-rs/src/main.rs:453)
198.188953 [INFO ] NMEA $GPGSV,3,2,12,32,38,314,20,24,30,063,12,28,21,266,,15,15,126,16*7F (pico_gnss pico-gnss-rs/src/main.rs:453)
198.247334 [INFO ] NMEA $GPGSV,3,3,12,19,02,042,17,193,,,,194,,,,195,,,*7A (pico_gnss pico-gnss-rs/src/main.rs:453)
198.305888 [INFO ] NMEA $GLGSV,2,1,06,74,77,007,,72,71,359,,71,45,127,,75,44,223,*6A (pico_gnss pico-gnss-rs/src/main.rs:453)
198.335373 [INFO ] NMEA $GLGSV,2,2,06,73,27,034,20,65,20,327,*60 (pico_gnss pico-gnss-rs/src/main.rs:453)
198.426917 [INFO ] NMEA $GNRMC,121247.000,A,0000.0000,N,00000.0000,E,1.54,150.39,080626,,,A*7B (pico_gnss pico-gnss-rs/src/main.rs:453)
198.429507 [INFO ] SYNC pps_local_us=122281007 unix_s=1780920767 drift_us=2 err_ns=3 holdover_ms=1000 (pico_gnss pico-gnss-rs/src/main.rs:484)
198.456711 [INFO ] NMEA $GPVTG,150.39,T,,M,1.54,N,2.85,K,A*3C (pico_gnss pico-gnss-rs/src/main.rs:453)
198.485785 [INFO ] NMEA $GPZDA,121247.000,08,06,2026,,*5D (pico_gnss pico-gnss-rs/src/main.rs:453)
198.539037 [INFO ] NMEA $GPGST,121247.000,11,42,0.001,25.0,38,17,61*70 (pico_gnss pico-gnss-rs/src/main.rs:453)
198.712728 [INFO ] PPSGEN count=193 interval_ns=1000001520 dev_ns=1520 phase_ns=-1458521 hwphase_ns=14384 (pico_gnss pico-gnss-rs/src/main.rs:296)
198.713981 [INFO ] PPS count=78 interval_us=1000002 interval_ns=1000002528 state=Locked missed=0 (pico_gnss pico-gnss-rs/src/main.rs:192)
198.906984 [INFO ] NMEA $GPGGA,121248.000,0000.0000,N,00000.0000,E,1,4,2.08,26.1,M,39.0,M,,*65 (pico_gnss pico-gnss-rs/src/main.rs:453)
198.936627 [INFO ] NMEA $GNGLL,0000.0000,N,00000.0000,E,121248.000,A,A*4F (pico_gnss pico-gnss-rs/src/main.rs:453)
198.971581 [INFO ] TIME unix_ns=1780920768257485825 ppb=2525 holdover_ms=1257 locked=1 (pico_gnss pico-gnss-rs/src/main.rs:226)
198.995241 [INFO ] NMEA $GNGSA,A,3,32,12,10,15,,,,,,,,,2.27,2.08,0.92*1D (pico_gnss pico-gnss-rs/src/main.rs:453)
199.053141 [INFO ] NMEA $GNGSA,A,3,,,,,,,,,,,,,2.27,2.08,0.92*1A (pico_gnss pico-gnss-rs/src/main.rs:453)
199.111788 [INFO ] NMEA $GPGSV,3,1,12,12,63,081,16,25,61,182,16,10,57,260,14,23,43,199,*79 (pico_gnss pico-gnss-rs/src/main.rs:453)
199.174498 [INFO ] NMEA $GPGSV,3,2,12,32,38,314,20,24,30,063,16,28,21,266,,15,15,126,16*7B (pico_gnss pico-gnss-rs/src/main.rs:453)
199.232915 [INFO ] NMEA $GPGSV,3,3,12,19,02,042,17,193,,,,194,,,,195,,,*7A (pico_gnss pico-gnss-rs/src/main.rs:453)
199.291464 [INFO ] NMEA $GLGSV,2,1,06,74,77,007,,72,71,359,,71,45,127,,75,44,223,*6A (pico_gnss pico-gnss-rs/src/main.rs:453)
199.349719 [INFO ] NMEA $GLGSV,2,2,06,73,27,034,20,65,20,327,*60 (pico_gnss pico-gnss-rs/src/main.rs:453)
199.437103 [INFO ] NMEA $GNRMC,121248.000,A,0000.0000,N,00000.0000,E,2.27,150.70,080626,,,A*76 (pico_gnss pico-gnss-rs/src/main.rs:453)
199.439685 [INFO ] SYNC pps_local_us=123281010 unix_s=1780920768 drift_us=2 err_ns=3 holdover_ms=999 (pico_gnss pico-gnss-rs/src/main.rs:484)
199.470773 [INFO ] NMEA $GPVTG,150.70,T,,M,2.27,N,4.21,K,A*3E (pico_gnss pico-gnss-rs/src/main.rs:453)
199.500150 [INFO ] NMEA $GPZDA,121248.000,08,06,2026,,*52 (pico_gnss pico-gnss-rs/src/main.rs:453)
199.541819 [INFO ] NMEA $GPGST,121248.000,11,42,0.001,25.1,38,17,62*7D (pico_gnss pico-gnss-rs/src/main.rs:453)
199.712742 [INFO ] PPSGEN count=194 interval_ns=1000001584 dev_ns=1584 phase_ns=-1428521 hwphase_ns=13440 (pico_gnss pico-gnss-rs/src/main.rs:296)
199.714015 [INFO ] PPS count=79 interval_us=1000002 interval_ns=1000002528 state=Locked missed=0 (pico_gnss pico-gnss-rs/src/main.rs:192)
199.885812 [INFO ] NMEA $GPGGA,121249.000,0000.0000,N,00000.0000,E,1,4,2.08,26.1,M,39.0,M,,*6C (pico_gnss pico-gnss-rs/src/main.rs:453)
199.944109 [INFO ] NMEA $GNGLL,0000.0000,N,00000.0000,E,121249.000,A,A*46 (pico_gnss pico-gnss-rs/src/main.rs:453)
199.972884 [INFO ] TIME unix_ns=1780920769258814822 ppb=2525 holdover_ms=1258 locked=1 (pico_gnss pico-gnss-rs/src/main.rs:226)
199.997632 [INFO ] NMEA $GNGSA,A,3,32,12,10,15,,,,,,,,,2.27,2.08,0.92*1D (pico_gnss pico-gnss-rs/src/main.rs:453)
200.026916 [INFO ] NMEA $GNGSA,A,3,,,,,,,,,,,,,2.27,2.08,0.92*1A (pico_gnss pico-gnss-rs/src/main.rs:453)
200.114174 [INFO ] NMEA $GPGSV,3,1,12,12,63,081,16,25,61,182,16,10,57,260,14,23,43,199,*79 (pico_gnss pico-gnss-rs/src/main.rs:453)
200.172877 [INFO ] NMEA $GPGSV,3,2,12,32,38,314,20,24,30,063,13,28,21,266,,15,15,126,16*7E (pico_gnss pico-gnss-rs/src/main.rs:453)
200.235366 [INFO ] NMEA $GPGSV,3,3,12,19,02,042,17,193,,,,194,,,,195,,,*7A (pico_gnss pico-gnss-rs/src/main.rs:453)
200.293894 [INFO ] NMEA $GLGSV,2,1,06,74,77,007,,72,71,359,,71,45,127,,75,44,223,*6A (pico_gnss pico-gnss-rs/src/main.rs:453)
200.352155 [INFO ] NMEA $GLGSV,2,2,06,73,27,034,20,65,20,327,*60 (pico_gnss pico-gnss-rs/src/main.rs:453)
200.410867 [INFO ] NMEA $GNRMC,121249.000,A,0000.0000,N,00000.0000,E,2.53,186.03,080626,,,A*73 (pico_gnss pico-gnss-rs/src/main.rs:453)
200.413441 [INFO ] SYNC pps_local_us=124281012 unix_s=1780920769 drift_us=2 err_ns=3 holdover_ms=1000 (pico_gnss pico-gnss-rs/src/main.rs:484)
200.469100 [INFO ] NMEA $GPVTG,186.03,T,,M,2.53,N,4.69,K,A*3E (pico_gnss pico-gnss-rs/src/main.rs:453)
200.502521 [INFO ] NMEA $GPZDA,121249.000,08,06,2026,,*53 (pico_gnss pico-gnss-rs/src/main.rs:453)
200.533318 [INFO ] NMEA $GPGST,121249.000,11,42,0.001,25.1,38,17,62*7C (pico_gnss pico-gnss-rs/src/main.rs:453)
200.712713 [INFO ] PPSGEN count=195 interval_ns=1000001648 dev_ns=1648 phase_ns=-1477521 hwphase_ns=12560 (pico_gnss pico-gnss-rs/src/main.rs:296)
200.713985 [INFO ] PPS count=80 interval_us=1000002 interval_ns=1000002528 state=Locked missed=0 (pico_gnss pico-gnss-rs/src/main.rs:192)
200.885767 [INFO ] NMEA $GPGGA,121250.000,0000.0000,N,00000.0000,E,1,4,2.08,26.2,M,39.0,M,,*67 (pico_gnss pico-gnss-rs/src/main.rs:453)
200.944092 [INFO ] NMEA $GNGLL,0000.0000,N,00000.0000,E,121250.000,A,A*4E (pico_gnss pico-gnss-rs/src/main.rs:453)
200.974547 [INFO ] TIME unix_ns=1780920770260446817 ppb=2525 holdover_ms=1260 locked=1 (pico_gnss pico-gnss-rs/src/main.rs:226)
201.002788 [INFO ] NMEA $GNGSA,A,3,32,12,10,15,,,,,,,,,2.27,2.08,0.92*1D (pico_gnss pico-gnss-rs/src/main.rs:453)
201.038081 [INFO ] NMEA $GNGSA,A,3,,,,,,,,,,,,,2.27,2.08,0.92*1A (pico_gnss pico-gnss-rs/src/main.rs:453)
201.096670 [INFO ] NMEA $GPGSV,3,1,12,12,63,081,16,25,61,182,16,10,57,260,14,23,43,199,*79 (pico_gnss pico-gnss-rs/src/main.rs:453)
201.184168 [INFO ] NMEA $GPGSV,3,2,12,32,38,314,20,24,30,063,13,28,21,266,,15,15,126,16*7E (pico_gnss pico-gnss-rs/src/main.rs:453)
201.242562 [INFO ] NMEA $GPGSV,3,3,12,19,02,042,17,193,,,,194,,,,195,,,*7A (pico_gnss pico-gnss-rs/src/main.rs:453)
201.305213 [INFO ] NMEA $GLGSV,2,1,06,74,77,007,,72,71,359,,71,45,127,,75,44,223,*6A (pico_gnss pico-gnss-rs/src/main.rs:453)
201.334741 [INFO ] NMEA $GLGSV,2,2,06,73,27,034,19,65,20,327,*6A (pico_gnss pico-gnss-rs/src/main.rs:453)
201.422170 [INFO ] NMEA $GNRMC,121250.000,A,0000.0000,N,00000.0000,E,1.28,152.86,080626,,,A*70 (pico_gnss pico-gnss-rs/src/main.rs:453)
201.424766 [INFO ] SYNC pps_local_us=125281015 unix_s=1780920770 drift_us=2 err_ns=3 holdover_ms=999 (pico_gnss pico-gnss-rs/src/main.rs:484)
201.451914 [INFO ] NMEA $GPVTG,152.86,T,,M,1.28,N,2.37,K,A*38 (pico_gnss pico-gnss-rs/src/main.rs:453)
201.481016 [INFO ] NMEA $GPZDA,121250.000,08,06,2026,,*5B (pico_gnss pico-gnss-rs/src/main.rs:453)
201.533138 [INFO ] NMEA $GPGST,121250.000,11,42,0.001,25.2,38,17,61*74 (pico_gnss pico-gnss-rs/src/main.rs:453)
201.712696 [INFO ] PPSGEN count=196 interval_ns=1000001712 dev_ns=1712 phase_ns=-1453521 hwphase_ns=11744 (pico_gnss pico-gnss-rs/src/main.rs:296)
201.713986 [INFO ] PPS count=81 interval_us=1000002 interval_ns=1000002528 state=Locked missed=0 (pico_gnss pico-gnss-rs/src/main.rs:192)
201.901094 [INFO ] NMEA $GPGGA,121251.000,0000.0000,N,00000.0000,E,1,4,2.08,26.3,M,39.0,M,,*6F (pico_gnss pico-gnss-rs/src/main.rs:453)
201.930731 [INFO ] NMEA $GNGLL,0000.0000,N,00000.0000,E,121251.000,A,A*47 (pico_gnss pico-gnss-rs/src/main.rs:453)
201.975847 [INFO ] TIME unix_ns=1780920771261780814 ppb=2525 holdover_ms=1261 locked=1 (pico_gnss pico-gnss-rs/src/main.rs:226)
201.989312 [INFO ] NMEA $GNGSA,A,3,32,12,10,15,,,,,,,,,2.27,2.08,0.92*1D (pico_gnss pico-gnss-rs/src/main.rs:453)
202.047224 [INFO ] NMEA $GNGSA,A,3,,,,,,,,,,,,,2.27,2.08,0.92*1A (pico_gnss pico-gnss-rs/src/main.rs:453)
202.109963 [INFO ] NMEA $GPGSV,3,1,12,12,63,081,16,25,61,182,16,10,57,260,14,23,43,199,*79 (pico_gnss pico-gnss-rs/src/main.rs:453)
202.168641 [INFO ] NMEA $GPGSV,3,2,12,32,38,314,20,24,30,063,11,28,21,266,,15,15,126,16*7C (pico_gnss pico-gnss-rs/src/main.rs:453)
202.227016 [INFO ] NMEA $GPGSV,3,3,12,19,02,042,17,193,,,,194,,,,195,,,*7A (pico_gnss pico-gnss-rs/src/main.rs:453)
202.285592 [INFO ] NMEA $GLGSV,2,1,06,74,77,007,,72,71,359,,71,45,127,,75,44,223,*6A (pico_gnss pico-gnss-rs/src/main.rs:453)
202.343801 [INFO ] NMEA $GLGSV,2,2,06,73,27,034,19,65,20,327,*6A (pico_gnss pico-gnss-rs/src/main.rs:453)
202.406612 [INFO ] NMEA $GNRMC,121251.000,A,0000.0000,N,00000.0000,E,1.05,195.81,080626,,,A*7A (pico_gnss pico-gnss-rs/src/main.rs:453)
202.409179 [INFO ] SYNC pps_local_us=126281017 unix_s=1780920771 drift_us=2 err_ns=3 holdover_ms=999 (pico_gnss pico-gnss-rs/src/main.rs:484)
202.464873 [INFO ] NMEA $GPVTG,195.81,T,,M,1.05,N,1.94,K,A*31 (pico_gnss pico-gnss-rs/src/main.rs:453)
202.494236 [INFO ] NMEA $GPZDA,121251.000,08,06,2026,,*5A (pico_gnss pico-gnss-rs/src/main.rs:453)
202.534844 [INFO ] NMEA $GPGST,121251.000,11,43,0.001,25.5,39,18,62*7E (pico_gnss pico-gnss-rs/src/main.rs:453)
202.712691 [INFO ] PPSGEN count=197 interval_ns=1000001760 dev_ns=1760 phase_ns=-1450521 hwphase_ns=10976 (pico_gnss pico-gnss-rs/src/main.rs:296)
202.713939 [INFO ] PPS count=82 interval_us=1000002 interval_ns=1000002528 state=Locked missed=0 (pico_gnss pico-gnss-rs/src/main.rs:192)
202.884601 [INFO ] NMEA $GPGGA,121252.000,0000.0000,N,00000.0000,E,1,4,2.08,26.3,M,39.0,M,,*6A (pico_gnss pico-gnss-rs/src/main.rs:453)
202.938808 [INFO ] NMEA $GNGLL,0000.0000,N,00000.0000,E,121252.000,A,A*42 (pico_gnss pico-gnss-rs/src/main.rs:453)
202.977135 [INFO ] TIME unix_ns=1780920772263084811 ppb=2526 holdover_ms=1263 locked=1 (pico_gnss pico-gnss-rs/src/main.rs:226)
202.997483 [INFO ] NMEA $GNGSA,A,3,32,12,10,15,,,,,,,,,2.27,2.08,0.92*1D (pico_gnss pico-gnss-rs/src/main.rs:453)
203.026735 [INFO ] NMEA $GNGSA,A,3,,,,,,,,,,,,,2.27,2.08,0.92*1A (pico_gnss pico-gnss-rs/src/main.rs:453)
203.114006 [INFO ] NMEA $GPGSV,3,1,12,12,63,081,16,25,61,182,16,10,57,260,14,23,43,199,*79 (pico_gnss pico-gnss-rs/src/main.rs:453)
203.176777 [INFO ] NMEA $GPGSV,3,2,12,32,38,314,20,24,30,063,12,28,21,266,,15,15,126,16*7F (pico_gnss pico-gnss-rs/src/main.rs:453)
203.235210 [INFO ] NMEA $GPGSV,3,3,12,19,02,042,16,193,,,,194,,,,195,,,*7B (pico_gnss pico-gnss-rs/src/main.rs:453)
203.293717 [INFO ] NMEA $GLGSV,2,1,06,74,77,007,,72,71,359,,71,45,127,,75,44,223,*6A (pico_gnss pico-gnss-rs/src/main.rs:453)
203.351976 [INFO ] NMEA $GLGSV,2,2,06,73,27,034,19,65,20,327,*6A (pico_gnss pico-gnss-rs/src/main.rs:453)
203.410664 [INFO ] NMEA $GNRMC,121252.000,A,0000.0000,N,00000.0000,E,1.36,164.85,080626,,,A*75 (pico_gnss pico-gnss-rs/src/main.rs:453)
203.413213 [INFO ] SYNC pps_local_us=127281020 unix_s=1780920772 drift_us=2 err_ns=3 holdover_ms=999 (pico_gnss pico-gnss-rs/src/main.rs:484)
203.444274 [INFO ] NMEA $GPVTG,164.85,T,,M,1.36,N,2.53,K,A*33 (pico_gnss pico-gnss-rs/src/main.rs:453)
203.502336 [INFO ] NMEA $GPZDA,121252.000,08,06,2026,,*59 (pico_gnss pico-gnss-rs/src/main.rs:453)
203.532120 [INFO ] NMEA $GPGST,121252.000,11,43,0.001,25.5,39,18,62*7D (pico_gnss pico-gnss-rs/src/main.rs:453)
203.712725 [INFO ] PPSGEN count=198 interval_ns=1000001808 dev_ns=1808 phase_ns=-1422521 hwphase_ns=10256 (pico_gnss pico-gnss-rs/src/main.rs:296)
203.713984 [INFO ] PPS count=83 interval_us=1000002 interval_ns=1000002528 state=Locked missed=0 (pico_gnss pico-gnss-rs/src/main.rs:192)
203.885711 [INFO ] NMEA $GPGGA,121253.000,0000.0000,N,00000.0000,E,1,4,2.08,26.3,M,39.0,M,,*69 (pico_gnss pico-gnss-rs/src/main.rs:453)
203.944035 [INFO ] NMEA $GNGLL,0000.0000,N,00000.0000,E,121253.000,A,A*41 (pico_gnss pico-gnss-rs/src/main.rs:453)
203.978410 [INFO ] TIME unix_ns=1780920773264370807 ppb=2526 holdover_ms=1264 locked=1 (pico_gnss pico-gnss-rs/src/main.rs:226)
203.981112 [INFO ] NMEA $GNGSA,A,3,32,12,10,15,,,,,,,,,2.27,2.08,0.92*1D (pico_gnss pico-gnss-rs/src/main.rs:453)
204.039038 [INFO ] NMEA $GNGSA,A,3,,,,,,,,,,,,,2.27,2.08,0.92*1A (pico_gnss pico-gnss-rs/src/main.rs:453)
204.097641 [INFO ] NMEA $GPGSV,3,1,12,12,63,081,16,25,61,182,16,10,57,260,14,23,43,199,*79 (pico_gnss pico-gnss-rs/src/main.rs:453)
204.185080 [INFO ] NMEA $GPGSV,3,2,12,32,38,314,20,24,30,063,,28,21,266,,15,15,126,16*7C (pico_gnss pico-gnss-rs/src/main.rs:453)
204.243371 [INFO ] NMEA $GPGSV,3,3,12,19,02,042,16,193,,,,194,,,,195,,,*7B (pico_gnss pico-gnss-rs/src/main.rs:453)
204.306117 [INFO ] NMEA $GLGSV,2,1,06,74,77,007,,72,71,359,,71,45,127,,75,44,223,*6A (pico_gnss pico-gnss-rs/src/main.rs:453)
204.335660 [INFO ] NMEA $GLGSV,2,2,06,73,27,034,19,65,20,327,*6A (pico_gnss pico-gnss-rs/src/main.rs:453)
204.423062 [INFO ] NMEA $GNRMC,121253.000,A,0000.0000,N,00000.0000,E,1.83,184.52,080626,,,A*7C (pico_gnss pico-gnss-rs/src/main.rs:453)
204.425625 [INFO ] SYNC pps_local_us=128281022 unix_s=1780920773 drift_us=2 err_ns=3 holdover_ms=1000 (pico_gnss pico-gnss-rs/src/main.rs:484)
204.452824 [INFO ] NMEA $GPVTG,184.52,T,,M,1.83,N,3.38,K,A*35 (pico_gnss pico-gnss-rs/src/main.rs:453)
204.481932 [INFO ] NMEA $GPZDA,121253.000,08,06,2026,,*58 (pico_gnss pico-gnss-rs/src/main.rs:453)
204.530822 [INFO ] NMEA $GPGST,121253.000,11,44,0.001,25.7,40,19,63*77 (pico_gnss pico-gnss-rs/src/main.rs:453)
204.712725 [INFO ] PPSGEN count=199 interval_ns=1000001872 dev_ns=1872 phase_ns=-1456521 hwphase_ns=9600 (pico_gnss pico-gnss-rs/src/main.rs:296)
204.714015 [INFO ] PPS count=84 interval_us=1000002 interval_ns=1000002528 state=Locked missed=0 (pico_gnss pico-gnss-rs/src/main.rs:192)
204.884557 [INFO ] NMEA $GPGGA,121254.000,0000.0000,N,00000.0000,E,1,4,2.07,26.3,M,39.0,M,,*62 (pico_gnss pico-gnss-rs/src/main.rs:453)
204.942887 [INFO ] NMEA $GNGLL,0000.0000,N,00000.0000,E,121254.000,A,A*45 (pico_gnss pico-gnss-rs/src/main.rs:453)
204.979707 [INFO ] TIME unix_ns=1780920774265636804 ppb=2526 holdover_ms=1265 locked=1 (pico_gnss pico-gnss-rs/src/main.rs:226)
205.001577 [INFO ] NMEA $GNGSA,A,3,32,12,10,15,,,,,,,,,2.27,2.07,0.92*12 (pico_gnss pico-gnss-rs/src/main.rs:453)
205.030777 [INFO ] NMEA $GNGSA,A,3,,,,,,,,,,,,,2.27,2.07,0.92*15 (pico_gnss pico-gnss-rs/src/main.rs:453)
205.109864 [INFO ] NMEA $GPGSV,3,1,12,12,63,081,16,25,61,182,16,10,57,260,14,23,43,199,*79 (pico_gnss pico-gnss-rs/src/main.rs:453)
205.168498 [INFO ] NMEA $GPGSV,3,2,12,32,38,314,20,24,30,063,,28,21,266,,15,15,126,16*7C (pico_gnss pico-gnss-rs/src/main.rs:453)
205.226874 [INFO ] NMEA $GPGSV,3,3,12,19,02,042,16,193,,,,194,,,,195,,,*7B (pico_gnss pico-gnss-rs/src/main.rs:453)
205.285449 [INFO ] NMEA $GLGSV,2,1,06,74,77,007,,72,71,359,,71,45,127,,75,44,223,*6A (pico_gnss pico-gnss-rs/src/main.rs:453)
205.347730 [INFO ] NMEA $GLGSV,2,2,06,73,27,034,18,65,20,327,*6B (pico_gnss pico-gnss-rs/src/main.rs:453)
205.406496 [INFO ] NMEA $GNRMC,121254.000,A,0000.0000,N,00000.0000,E,1.44,188.78,080626,,,A*77 (pico_gnss pico-gnss-rs/src/main.rs:453)
205.409067 [INFO ] SYNC pps_local_us=129281025 unix_s=1780920774 drift_us=2 err_ns=3 holdover_ms=1000 (pico_gnss pico-gnss-rs/src/main.rs:484)
205.464729 [INFO ] NMEA $GPVTG,188.78,T,,M,1.44,N,2.66,K,A*30 (pico_gnss pico-gnss-rs/src/main.rs:453)
205.494110 [INFO ] NMEA $GPZDA,121254.000,08,06,2026,,*5F (pico_gnss pico-gnss-rs/src/main.rs:453)
205.529508 [INFO ] NMEA $GPGST,121254.000,11,45,0.001,26.0,40,19,64*72 (pico_gnss pico-gnss-rs/src/main.rs:453)
205.712715 [INFO ] PPSGEN count=200 interval_ns=1000001904 dev_ns=1904 phase_ns=-1480521 hwphase_ns=8976 (pico_gnss pico-gnss-rs/src/main.rs:296)
205.713982 [INFO ] PPS count=85 interval_us=1000002 interval_ns=1000002528 state=Locked missed=0 (pico_gnss pico-gnss-rs/src/main.rs:192)
205.886798 [INFO ] NMEA $GPGGA,121255.000,0000.0000,N,00000.0000,E,1,4,2.07,26.3,M,39.0,M,,*60 (pico_gnss pico-gnss-rs/src/main.rs:453)
205.945156 [INFO ] NMEA $GNGLL,0000.0000,N,00000.0000,E,121255.000,A,A*47 (pico_gnss pico-gnss-rs/src/main.rs:453)
205.981003 [INFO ] TIME unix_ns=1780920775266911801 ppb=2526 holdover_ms=1266 locked=1 (pico_gnss pico-gnss-rs/src/main.rs:226)
206.003858 [INFO ] NMEA $GNGSA,A,3,32,12,10,15,,,,,,,,,2.27,2.07,0.92*12 (pico_gnss pico-gnss-rs/src/main.rs:453)
206.033084 [INFO ] NMEA $GNGSA,A,3,,,,,,,,,,,,,2.27,2.07,0.92*15 (pico_gnss pico-gnss-rs/src/main.rs:453)
206.120304 [INFO ] NMEA $GPGSV,3,1,12,12,63,081,16,25,61,182,15,10,57,260,15,23,43,199,*7B (pico_gnss pico-gnss-rs/src/main.rs:453)
206.183138 [INFO ] NMEA $GPGSV,3,2,12,32,38,314,20,24,30,063,,28,21,266,,15,15,126,16*7C (pico_gnss pico-gnss-rs/src/main.rs:453)
206.241518 [INFO ] NMEA $GPGSV,3,3,12,19,02,042,16,193,,,,194,,,,195,,,*7B (pico_gnss pico-gnss-rs/src/main.rs:453)
206.300081 [INFO ] NMEA $GLGSV,2,1,06,74,77,007,,72,71,359,,71,45,127,,75,44,223,*6A (pico_gnss pico-gnss-rs/src/main.rs:453)
206.329563 [INFO ] NMEA $GLGSV,2,2,06,73,27,034,18,65,20,327,*6B (pico_gnss pico-gnss-rs/src/main.rs:453)
206.421119 [INFO ] NMEA $GNRMC,121255.000,A,0000.0000,N,00000.0000,E,1.16,165.42,080626,,,A*78 (pico_gnss pico-gnss-rs/src/main.rs:453)
206.423695 [INFO ] SYNC pps_local_us=130281027 unix_s=1780920775 drift_us=2 err_ns=3 holdover_ms=999 (pico_gnss pico-gnss-rs/src/main.rs:484)
206.450870 [INFO ] NMEA $GPVTG,165.42,T,,M,1.16,N,2.15,K,A*39 (pico_gnss pico-gnss-rs/src/main.rs:453)
206.479973 [INFO ] NMEA $GPZDA,121255.000,08,06,2026,,*5E (pico_gnss pico-gnss-rs/src/main.rs:453)
206.531066 [INFO ] NMEA $GPGST,121255.000,11,45,0.001,25.9,41,19,65*79 (pico_gnss pico-gnss-rs/src/main.rs:453)
206.712724 [INFO ] PPSGEN count=201 interval_ns=1000001936 dev_ns=1936 phase_ns=-1444522 hwphase_ns=8384 (pico_gnss pico-gnss-rs/src/main.rs:296)
206.714012 [INFO ] PPS count=86 interval_us=1000002 interval_ns=1000002512 state=Locked missed=0 (pico_gnss pico-gnss-rs/src/main.rs:192)
206.885571 [INFO ] NMEA $GPGGA,121256.000,0000.0000,N,00000.0000,E,1,4,2.07,26.4,M,39.0,M,,*68 (pico_gnss pico-gnss-rs/src/main.rs:453)
206.929508 [INFO ] NMEA $GNGLL,0000.0000,N,00000.0000,E,121256.000,A,A*48 (pico_gnss pico-gnss-rs/src/main.rs:453)
206.982287 [INFO ] TIME unix_ns=1780920776268227798 ppb=2525 holdover_ms=1268 locked=1 (pico_gnss pico-gnss-rs/src/main.rs:226)
206.988206 [INFO ] NMEA $GNGSA,A,3,32,12,10,15,,,,,,,,,2.27,2.07,0.92*12 (pico_gnss pico-gnss-rs/src/main.rs:453)
207.046088 [INFO ] NMEA $GNGSA,A,3,,,,,,,,,,,,,2.27,2.07,0.92*15 (pico_gnss pico-gnss-rs/src/main.rs:453)
207.104744 [INFO ] NMEA $GPGSV,3,1,12,12,63,081,16,25,61,182,14,10,57,260,15,23,43,199,*7A (pico_gnss pico-gnss-rs/src/main.rs:453)
207.163330 [INFO ] NMEA $GPGSV,3,2,12,32,38,314,20,24,30,063,,28,21,266,,15,15,126,17*7D (pico_gnss pico-gnss-rs/src/main.rs:453)
207.225867 [INFO ] NMEA $GPGSV,3,3,12,19,02,042,17,193,,,,194,,,,195,,,*7A (pico_gnss pico-gnss-rs/src/main.rs:453)
207.284448 [INFO ] NMEA $GLGSV,2,1,06,74,77,007,,72,71,359,,71,45,127,,75,44,223,*6A (pico_gnss pico-gnss-rs/src/main.rs:453)
207.342669 [INFO ] NMEA $GLGSV,2,2,06,73,27,034,18,65,20,327,*6B (pico_gnss pico-gnss-rs/src/main.rs:453)
207.401411 [INFO ] NMEA $GNRMC,121256.000,A,0000.0000,N,00000.0000,E,1.14,186.83,080626,,,A*75 (pico_gnss pico-gnss-rs/src/main.rs:453)
207.403979 [INFO ] SYNC pps_local_us=131281030 unix_s=1780920776 drift_us=2 err_ns=-13 holdover_ms=1000 (pico_gnss pico-gnss-rs/src/main.rs:484)
207.463705 [INFO ] NMEA $GPVTG,186.83,T,,M,1.14,N,2.11,K,A*3F (pico_gnss pico-gnss-rs/src/main.rs:453)
207.493114 [INFO ] NMEA $GPZDA,121256.000,08,06,2026,,*5D (pico_gnss pico-gnss-rs/src/main.rs:453)
207.530600 [INFO ] NMEA $GPGST,121256.000,11,46,0.001,25.9,41,20,66*70 (pico_gnss pico-gnss-rs/src/main.rs:453)
207.712708 [INFO ] PPSGEN count=202 interval_ns=1000001984 dev_ns=1984 phase_ns=-1472521 hwphase_ns=7856 (pico_gnss pico-gnss-rs/src/main.rs:296)
207.713980 [INFO ] PPS count=87 interval_us=1000002 interval_ns=1000002528 state=Locked missed=0 (pico_gnss pico-gnss-rs/src/main.rs:192)
207.888711 [INFO ] NMEA $GPGGA,121257.000,0000.0000,N,00000.0000,E,1,4,2.07,26.4,M,39.0,M,,*69 (pico_gnss pico-gnss-rs/src/main.rs:453)
207.947031 [INFO ] NMEA $GNGLL,0000.0000,N,00000.0000,E,121257.000,A,A*49 (pico_gnss pico-gnss-rs/src/main.rs:453)
207.983568 [INFO ] TIME unix_ns=1780920777269484795 ppb=2525 holdover_ms=1269 locked=1 (pico_gnss pico-gnss-rs/src/main.rs:226)
208.004672 [INFO ] NMEA $GNGSA,A,3,32,12,10,15,,,,,,,,,2.27,2.07,0.92*12 (pico_gnss pico-gnss-rs/src/main.rs:453)
208.033923 [INFO ] NMEA $GNGSA,A,3,,,,,,,,,,,,,2.27,2.07,0.92*15 (pico_gnss pico-gnss-rs/src/main.rs:453)
208.121228 [INFO ] NMEA $GPGSV,3,1,12,12,63,081,16,25,61,182,15,10,57,260,15,23,43,199,*7B (pico_gnss pico-gnss-rs/src/main.rs:453)
208.179828 [INFO ] NMEA $GPGSV,3,2,12,32,38,314,20,24,30,063,,28,21,266,,15,15,126,17*7D (pico_gnss pico-gnss-rs/src/main.rs:453)
208.238223 [INFO ] NMEA $GPGSV,3,3,12,19,02,042,17,193,,,,194,,,,195,,,*7A (pico_gnss pico-gnss-rs/src/main.rs:453)
208.300842 [INFO ] NMEA $GLGSV,2,1,06,74,77,007,,72,71,359,,71,45,127,,75,44,223,*6A (pico_gnss pico-gnss-rs/src/main.rs:453)
208.330378 [INFO ] NMEA $GLGSV,2,2,06,73,27,034,19,65,20,327,*6A (pico_gnss pico-gnss-rs/src/main.rs:453)
208.417806 [INFO ] NMEA $GNRMC,121257.000,A,0000.0000,N,00000.0000,E,0.70,221.86,080626,,,A*7C (pico_gnss pico-gnss-rs/src/main.rs:453)
208.420365 [INFO ] SYNC pps_local_us=132281032 unix_s=1780920777 drift_us=2 err_ns=3 holdover_ms=999 (pico_gnss pico-gnss-rs/src/main.rs:484)
208.447592 [INFO ] NMEA $GPVTG,221.86,T,,M,0.70,N,1.30,K,A*37 (pico_gnss pico-gnss-rs/src/main.rs:453)
208.505400 [INFO ] NMEA $GPZDA,121257.000,08,06,2026,,*5C (pico_gnss pico-gnss-rs/src/main.rs:453)
208.534374 [INFO ] NMEA $GPGST,121257.000,11,46,0.001,25.9,42,20,67*73 (pico_gnss pico-gnss-rs/src/main.rs:453)
208.712723 [INFO ] PPSGEN count=203 interval_ns=1000002016 dev_ns=2016 phase_ns=-1429521 hwphase_ns=7344 (pico_gnss pico-gnss-rs/src/main.rs:296)
208.714005 [INFO ] PPS count=88 interval_us=1000002 interval_ns=1000002528 state=Locked missed=0 (pico_gnss pico-gnss-rs/src/main.rs:192)
208.884838 [INFO ] NMEA $GPGGA,121258.000,0000.0000,N,00000.0000,E,1,4,2.07,26.3,M,39.0,M,,*63 (pico_gnss pico-gnss-rs/src/main.rs:453)
208.943153 [INFO ] NMEA $GNGLL,0000.0000,N,00000.0000,E,121258.000,A,A*44 (pico_gnss pico-gnss-rs/src/main.rs:453)
208.984853 [INFO ] TIME unix_ns=1780920778270808791 ppb=2525 holdover_ms=1270 locked=1 (pico_gnss pico-gnss-rs/src/main.rs:226)
209.001849 [INFO ] NMEA $GNGSA,A,3,32,12,10,15,,,,,,,,,2.27,2.07,0.92*12 (pico_gnss pico-gnss-rs/src/main.rs:453)
209.031083 [INFO ] NMEA $GNGSA,A,3,,,,,,,,,,,,,2.27,2.07,0.92*15 (pico_gnss pico-gnss-rs/src/main.rs:453)
209.101937 [INFO ] NMEA $GPGSV,3,1,12,12,63,081,16,25,61,182,15,10,57,260,16,23,43,199,*78 (pico_gnss pico-gnss-rs/src/main.rs:453)
209.160523 [INFO ] NMEA $GPGSV,3,2,12,32,38,314,20,24,30,063,,28,21,266,,15,15,126,18*72 (pico_gnss pico-gnss-rs/src/main.rs:453)
209.218940 [INFO ] NMEA $GPGSV,3,3,12,19,02,042,16,193,,,,194,,,,195,,,*7B (pico_gnss pico-gnss-rs/src/main.rs:453)
209.306248 [INFO ] NMEA $GLGSV,2,1,06,74,77,007,,72,71,359,,71,45,127,,75,44,223,*6A (pico_gnss pico-gnss-rs/src/main.rs:453)
209.339813 [INFO ] NMEA $GLGSV,2,2,06,73,27,034,19,65,20,327,*6A (pico_gnss pico-gnss-rs/src/main.rs:453)
209.398513 [INFO ] NMEA $GNRMC,121258.000,A,0000.0000,N,00000.0000,E,0.93,241.92,080626,,,A*7F (pico_gnss pico-gnss-rs/src/main.rs:453)
209.401086 [INFO ] SYNC pps_local_us=133281035 unix_s=1780920778 drift_us=2 err_ns=3 holdover_ms=1000 (pico_gnss pico-gnss-rs/src/main.rs:484)
209.456820 [INFO ] NMEA $GPVTG,241.92,T,,M,0.93,N,1.73,K,A*3E (pico_gnss pico-gnss-rs/src/main.rs:453)
209.486153 [INFO ] NMEA $GPZDA,121258.000,08,06,2026,,*53 (pico_gnss pico-gnss-rs/src/main.rs:453)
209.529917 [INFO ] NMEA $GPGST,121258.000,11,47,0.001,25.9,42,20,67*7D (pico_gnss pico-gnss-rs/src/main.rs:453)
209.712716 [INFO ] PPSGEN count=204 interval_ns=1000002064 dev_ns=2064 phase_ns=-1466521 hwphase_ns=6880 (pico_gnss pico-gnss-rs/src/main.rs:296)
209.713974 [INFO ] PPS count=89 interval_us=1000002 interval_ns=1000002512 state=Locked missed=0 (pico_gnss pico-gnss-rs/src/main.rs:192)
209.874518 [INFO ] NMEA $GPGGA,121259.000,0000.0000,N,00000.0000,E,1,4,2.07,26.3,M,39.0,M,,*6D (pico_gnss pico-gnss-rs/src/main.rs:453)
209.932868 [INFO ] NMEA $GNGLL,0000.0000,N,00000.0000,E,121259.000,A,A*4A (pico_gnss pico-gnss-rs/src/main.rs:453)
209.986142 [INFO ] TIME unix_ns=1780920779272063788 ppb=2525 holdover_ms=1272 locked=1 (pico_gnss pico-gnss-rs/src/main.rs:226)
209.991523 [INFO ] NMEA $GNGSA,A,3,32,12,10,15,,,,,,,,,2.27,2.07,0.92*12 (pico_gnss pico-gnss-rs/src/main.rs:453)
210.020771 [INFO ] NMEA $GNGSA,A,3,,,,,,,,,,,,,2.27,2.07,0.92*15 (pico_gnss pico-gnss-rs/src/main.rs:453)
210.108050 [INFO ] NMEA $GPGSV,3,1,12,12,63,081,16,25,61,182,15,10,57,260,16,23,43,199,*78 (pico_gnss pico-gnss-rs/src/main.rs:453)
210.170768 [INFO ] NMEA $GPGSV,3,2,12,32,38,314,19,24,30,063,,28,21,266,,15,15,126,18*78 (pico_gnss pico-gnss-rs/src/main.rs:453)
210.229217 [INFO ] NMEA $GPGSV,3,3,12,19,02,042,16,193,,,,194,,,,195,,,*7B (pico_gnss pico-gnss-rs/src/main.rs:453)
210.287744 [INFO ] NMEA $GLGSV,2,1,06,74,77,007,,72,71,359,,71,45,127,,75,44,223,*6A (pico_gnss pico-gnss-rs/src/main.rs:453)
210.345975 [INFO ] NMEA $GLGSV,2,2,06,73,27,034,19,65,20,327,*6A (pico_gnss pico-gnss-rs/src/main.rs:453)
210.408730 [INFO ] NMEA $GNRMC,121259.000,A,0000.0000,N,00000.0000,E,0.73,3.90,080626,,,A*79 (pico_gnss pico-gnss-rs/src/main.rs:453)
210.411266 [INFO ] SYNC pps_local_us=134281037 unix_s=1780920779 drift_us=2 err_ns=-13 holdover_ms=999 (pico_gnss pico-gnss-rs/src/main.rs:484)
210.438465 [INFO ] NMEA $GPVTG,3.90,T,,M,0.73,N,1.36,K,A*37 (pico_gnss pico-gnss-rs/src/main.rs:453)
210.496358 [INFO ] NMEA $GPZDA,121259.000,08,06,2026,,*52 (pico_gnss pico-gnss-rs/src/main.rs:453)
210.523001 [INFO ] NMEA $GPGST,121259.000,11,47,0.001,26.0,42,20,67*76 (pico_gnss pico-gnss-rs/src/main.rs:453)
210.712718 [INFO ] PPSGEN count=205 interval_ns=1000002080 dev_ns=2080 phase_ns=-1445521 hwphase_ns=6448 (pico_gnss pico-gnss-rs/src/main.rs:296)
210.713995 [INFO ] PPS count=90 interval_us=1000002 interval_ns=1000002528 state=Locked missed=0 (pico_gnss pico-gnss-rs/src/main.rs:192)
210.886659 [INFO ] NMEA $GPGGA,121300.000,0000.0000,N,00000.0000,E,1,4,2.07,26.3,M,39.0,M,,*6C (pico_gnss pico-gnss-rs/src/main.rs:453)
210.944924 [INFO ] NMEA $GNGLL,0000.0000,N,00000.0000,E,121300.000,A,A*4B (pico_gnss pico-gnss-rs/src/main.rs:453)
210.984838 [INFO ] NMEA $GNGSA,A,3,32,12,10,15,,,,,,,,,2.27,2.07,0.92*12 (pico_gnss pico-gnss-rs/src/main.rs:453)
210.987411 [INFO ] TIME unix_ns=1780920780273370785 ppb=2525 holdover_ms=1273 locked=1 (pico_gnss pico-gnss-rs/src/main.rs:226)
211.043123 [INFO ] NMEA $GNGSA,A,3,,,,,,,,,,,,,2.27,2.07,0.92*15 (pico_gnss pico-gnss-rs/src/main.rs:453)
211.101730 [INFO ] NMEA $GPGSV,3,1,12,12,63,081,16,25,61,182,15,10,57,260,16,23,43,199,*78 (pico_gnss pico-gnss-rs/src/main.rs:453)
211.189087 [INFO ] NMEA $GPGSV,3,2,12,32,38,314,19,24,30,063,,28,21,266,,15,15,126,18*78 (pico_gnss pico-gnss-rs/src/main.rs:453)
211.222811 [INFO ] NMEA $GPGSV,3,3,12,19,02,042,16,193,,,,194,,,,195,,,*7B (pico_gnss pico-gnss-rs/src/main.rs:453)
211.281347 [INFO ] NMEA $GLGSV,2,1,06,74,77,007,,72,71,359,,71,45,127,,75,44,223,*6A (pico_gnss pico-gnss-rs/src/main.rs:453)
211.339601 [INFO ] NMEA $GLGSV,2,2,06,73,27,034,19,65,20,327,*6A (pico_gnss pico-gnss-rs/src/main.rs:453)
211.398273 [INFO ] NMEA $GNRMC,121300.000,A,0000.0000,N,00000.0000,E,0.16,3.90,080626,,,A*7B (pico_gnss pico-gnss-rs/src/main.rs:453)
211.400837 [INFO ] SYNC pps_local_us=135281040 unix_s=1780920780 drift_us=2 err_ns=3 holdover_ms=1000 (pico_gnss pico-gnss-rs/src/main.rs:484)
211.456499 [INFO ] NMEA $GPVTG,3.90,T,,M,0.16,N,0.30,K,A*33 (pico_gnss pico-gnss-rs/src/main.rs:453)
211.489902 [INFO ] NMEA $GPZDA,121300.000,08,06,2026,,*5F (pico_gnss pico-gnss-rs/src/main.rs:453)
211.527463 [INFO ] NMEA $GPGST,121300.000,11,47,0.001,26.0,42,20,67*7B (pico_gnss pico-gnss-rs/src/main.rs:453)
211.712729 [INFO ] PPSGEN count=206 interval_ns=1000002128 dev_ns=2128 phase_ns=-1449521 hwphase_ns=6048 (pico_gnss pico-gnss-rs/src/main.rs:296)
211.714016 [INFO ] PPS count=91 interval_us=1000002 interval_ns=1000002528 state=Locked missed=0 (pico_gnss pico-gnss-rs/src/main.rs:192)
211.894728 [INFO ] NMEA $GPGGA,121301.000,0000.0000,N,00000.0000,E,1,4,2.07,26.4,M,39.0,M,,*66 (pico_gnss pico-gnss-rs/src/main.rs:453)
211.953037 [INFO ] NMEA $GNGLL,0000.0000,N,00000.0000,E,121301.000,A,A*46 (pico_gnss pico-gnss-rs/src/main.rs:453)
211.988680 [INFO ] TIME unix_ns=1780920781274600782 ppb=2525 holdover_ms=1274 locked=1 (pico_gnss pico-gnss-rs/src/main.rs:226)
212.011731 [INFO ] NMEA $GNGSA,A,3,32,12,10,15,,,,,,,,,2.27,2.07,0.92*12 (pico_gnss pico-gnss-rs/src/main.rs:453)
212.039933 [INFO ] NMEA $GNGSA,A,3,,,,,,,,,,,,,2.27,2.07,0.92*15 (pico_gnss pico-gnss-rs/src/main.rs:453)
212.127229 [INFO ] NMEA $GPGSV,3,1,12,12,63,081,16,25,61,182,14,10,57,260,16,23,43,199,*79 (pico_gnss pico-gnss-rs/src/main.rs:453)
212.185837 [INFO ] NMEA $GPGSV,3,2,12,32,38,314,19,24,30,063,,28,21,266,,15,15,126,18*78 (pico_gnss pico-gnss-rs/src/main.rs:453)
212.244246 [INFO ] NMEA $GPGSV,3,3,12,19,02,042,16,193,,,,194,,,,195,,,*7B (pico_gnss pico-gnss-rs/src/main.rs:453)
212.306858 [INFO ] NMEA $GLGSV,2,1,06,74,77,007,,72,71,359,,71,45,127,,75,44,223,*6A (pico_gnss pico-gnss-rs/src/main.rs:453)
212.336382 [INFO ] NMEA $GLGSV,2,2,06,73,27,034,19,65,20,327,*6A (pico_gnss pico-gnss-rs/src/main.rs:453)
212.423792 [INFO ] NMEA $GNRMC,121301.000,A,0000.0000,N,00000.0000,E,1.07,136.18,080626,,,A*70 (pico_gnss pico-gnss-rs/src/main.rs:453)
212.426397 [INFO ] SYNC pps_local_us=136281042 unix_s=1780920781 drift_us=2 err_ns=3 holdover_ms=1000 (pico_gnss pico-gnss-rs/src/main.rs:484)
212.453551 [INFO ] NMEA $GPVTG,136.18,T,,M,1.07,N,1.97,K,A*39 (pico_gnss pico-gnss-rs/src/main.rs:453)
212.511387 [INFO ] NMEA $GPZDA,121301.000,08,06,2026,,*5E (pico_gnss pico-gnss-rs/src/main.rs:453)
212.540102 [INFO ] NMEA $GPGST,121301.000,11,47,0.001,26.0,42,21,67*7B (pico_gnss pico-gnss-rs/src/main.rs:453)
212.712743 [INFO ] PPSGEN count=207 interval_ns=1000002144 dev_ns=2144 phase_ns=-1448521 hwphase_ns=5664 (pico_gnss pico-gnss-rs/src/main.rs:296)
212.714011 [INFO ] PPS count=92 interval_us=1000002 interval_ns=1000002528 state=Locked missed=0 (pico_gnss pico-gnss-rs/src/main.rs:192)
212.894053 [INFO ] NMEA $GPGGA,121302.000,0000.0000,N,00000.0000,E,1,4,2.07,26.4,M,39.0,M,,*6B (pico_gnss pico-gnss-rs/src/main.rs:453)
212.952437 [INFO ] NMEA $GNGLL,0000.0000,N,00000.0000,E,121302.000,A,A*4B (pico_gnss pico-gnss-rs/src/main.rs:453)
212.982041 [INFO ] NMEA $GNGSA,A,3,32,12,10,15,,,,,,,,,2.27,2.07,0.92*12 (pico_gnss pico-gnss-rs/src/main.rs:453)
212.989951 [INFO ] TIME unix_ns=1780920782275897778 ppb=2525 holdover_ms=1275 locked=1 (pico_gnss pico-gnss-rs/src/main.rs:226)
213.040305 [INFO ] NMEA $GNGSA,A,3,,,,,,,,,,,,,2.27,2.07,0.92*15 (pico_gnss pico-gnss-rs/src/main.rs:453)
213.103056 [INFO ] NMEA $GPGSV,3,1,12,12,63,081,16,25,61,182,14,10,57,260,16,23,43,199,*79 (pico_gnss pico-gnss-rs/src/main.rs:453)
213.161638 [INFO ] NMEA $GPGSV,3,2,12,32,38,314,19,24,30,063,,28,21,266,,15,15,126,18*78 (pico_gnss pico-gnss-rs/src/main.rs:453)
213.220064 [INFO ] NMEA $GPGSV,3,3,12,19,02,042,17,193,,,,194,,,,195,,,*7A (pico_gnss pico-gnss-rs/src/main.rs:453)
213.307368 [INFO ] NMEA $GLGSV,2,1,06,74,77,007,,72,71,359,,71,45,127,,75,44,223,*6A (pico_gnss pico-gnss-rs/src/main.rs:453)
213.336910 [INFO ] NMEA $GLGSV,2,2,06,73,27,034,19,65,20,327,*6A (pico_gnss pico-gnss-rs/src/main.rs:453)
213.399629 [INFO ] NMEA $GNRMC,121302.000,A,0000.0000,N,00000.0000,E,0.31,136.18,080626,,,A*79 (pico_gnss pico-gnss-rs/src/main.rs:453)
213.402183 [INFO ] SYNC pps_local_us=137281045 unix_s=1780920782 drift_us=2 err_ns=3 holdover_ms=1000 (pico_gnss pico-gnss-rs/src/main.rs:484)
213.457925 [INFO ] NMEA $GPVTG,136.18,T,,M,0.31,N,0.57,K,A*30 (pico_gnss pico-gnss-rs/src/main.rs:453)
213.487303 [INFO ] NMEA $GPZDA,121302.000,08,06,2026,,*5D (pico_gnss pico-gnss-rs/src/main.rs:453)
213.531032 [INFO ] NMEA $GPGST,121302.000,11,47,0.001,26.0,43,21,66*78 (pico_gnss pico-gnss-rs/src/main.rs:453)
213.712735 [INFO ] PPSGEN count=208 interval_ns=1000002160 dev_ns=2160 phase_ns=-1450521 hwphase_ns=5296 (pico_gnss pico-gnss-rs/src/main.rs:296)
213.714017 [INFO ] PPS count=93 interval_us=1000002 interval_ns=1000002512 state=Locked missed=0 (pico_gnss pico-gnss-rs/src/main.rs:192)
213.885639 [INFO ] NMEA $GPGGA,121303.000,0000.0000,N,00000.0000,E,1,4,2.07,26.4,M,39.0,M,,*68 (pico_gnss pico-gnss-rs/src/main.rs:453)
213.936773 [INFO ] NMEA $GNGLL,0000.0000,N,00000.0000,E,121303.000,A,A*48 (pico_gnss pico-gnss-rs/src/main.rs:453)
213.991219 [INFO ] TIME unix_ns=1780920783277132776 ppb=2525 holdover_ms=1277 locked=1 (pico_gnss pico-gnss-rs/src/main.rs:226)
213.995464 [INFO ] NMEA $GNGSA,A,3,32,12,10,15,,,,,,,,,2.26,2.07,0.92*13 (pico_gnss pico-gnss-rs/src/main.rs:453)
214.024694 [INFO ] NMEA $GNGSA,A,3,,,,,,,,,,,,,2.26,2.07,0.92*14 (pico_gnss pico-gnss-rs/src/main.rs:453)
214.111991 [INFO ] NMEA $GPGSV,3,1,12,12,63,081,16,25,61,182,15,10,57,260,16,23,43,199,*78 (pico_gnss pico-gnss-rs/src/main.rs:453)
214.174799 [INFO ] NMEA $GPGSV,3,2,12,32,38,314,19,24,30,063,,28,21,266,,15,15,126,18*78 (pico_gnss pico-gnss-rs/src/main.rs:453)
214.233221 [INFO ] NMEA $GPGSV,3,3,12,19,02,042,16,193,,,,194,,,,195,,,*7B (pico_gnss pico-gnss-rs/src/main.rs:453)
214.291776 [INFO ] NMEA $GLGSV,2,1,06,74,77,007,,72,71,359,,71,45,127,,75,44,223,*6A (pico_gnss pico-gnss-rs/src/main.rs:453)
214.350006 [INFO ] NMEA $GLGSV,2,2,06,73,27,034,18,65,20,327,*6B (pico_gnss pico-gnss-rs/src/main.rs:453)
214.408708 [INFO ] NMEA $GNRMC,121303.000,A,0000.0000,N,00000.0000,E,0.22,136.18,080626,,,A*78 (pico_gnss pico-gnss-rs/src/main.rs:453)
214.411273 [INFO ] SYNC pps_local_us=138281048 unix_s=1780920783 drift_us=2 err_ns=-12 holdover_ms=1000 (pico_gnss pico-gnss-rs/src/main.rs:484)
214.442291 [INFO ] NMEA $GPVTG,136.18,T,,M,0.22,N,0.41,K,A*35 (pico_gnss pico-gnss-rs/src/main.rs:453)
214.500362 [INFO ] NMEA $GPZDA,121303.000,08,06,2026,,*5C (pico_gnss pico-gnss-rs/src/main.rs:453)
214.529062 [INFO ] NMEA $GPGST,121303.000,10,50,2.5,30.5,43,25,67*7F (pico_gnss pico-gnss-rs/src/main.rs:453)
214.712746 [INFO ] PPSGEN count=209 interval_ns=1000002192 dev_ns=2192 phase_ns=-1454521 hwphase_ns=4976 (pico_gnss pico-gnss-rs/src/main.rs:296)
214.714039 [INFO ] PPS count=94 interval_us=1000002 interval_ns=1000002528 state=Locked missed=0 (pico_gnss pico-gnss-rs/src/main.rs:192)
214.893618 [INFO ] NMEA $GPGGA,121304.000,0000.0000,N,00000.0000,E,1,4,2.07,26.5,M,39.0,M,,*67 (pico_gnss pico-gnss-rs/src/main.rs:453)
214.951934 [INFO ] NMEA $GNGLL,0000.0000,N,00000.0000,E,121304.000,A,A*46 (pico_gnss pico-gnss-rs/src/main.rs:453)
214.989725 [INFO ] NMEA $GNGSA,A,3,32,12,10,15,,,,,,,,,2.26,2.07,0.92*13 (pico_gnss pico-gnss-rs/src/main.rs:453)
214.992490 [INFO ] TIME unix_ns=1780920784278415772 ppb=2525 holdover_ms=1278 locked=1 (pico_gnss pico-gnss-rs/src/main.rs:226)
215.048055 [INFO ] NMEA $GNGSA,A,3,,,,,,,,,,,,,2.26,2.07,0.92*14 (pico_gnss pico-gnss-rs/src/main.rs:453)
215.106610 [INFO ] NMEA $GPGSV,3,1,12,12,63,081,16,25,61,182,15,10,57,260,16,23,43,199,*78 (pico_gnss pico-gnss-rs/src/main.rs:453)
215.193997 [INFO ] NMEA $GPGSV,3,2,12,32,38,314,19,24,30,063,,28,21,266,,15,15,126,18*78 (pico_gnss pico-gnss-rs/src/main.rs:453)
215.223672 [INFO ] NMEA $GPGSV,3,3,12,19,02,042,16,193,,,,194,,,,195,,,*7B (pico_gnss pico-gnss-rs/src/main.rs:453)
215.315025 [INFO ] NMEA $GLGSV,2,1,06,74,77,007,,72,71,359,,71,45,127,,75,44,223,*6A (pico_gnss pico-gnss-rs/src/main.rs:453)
215.344600 [INFO ] NMEA $GLGSV,2,2,06,73,27,034,18,65,20,327,*6B (pico_gnss pico-gnss-rs/src/main.rs:453)
215.431983 [INFO ] NMEA $GNRMC,121304.000,A,0000.0000,N,00000.0000,E,0.21,136.18,080626,,,A*75 (pico_gnss pico-gnss-rs/src/main.rs:453)
215.434555 [INFO ] SYNC pps_local_us=139281050 unix_s=1780920784 drift_us=2 err_ns=3 holdover_ms=1000 (pico_gnss pico-gnss-rs/src/main.rs:484)
215.461758 [INFO ] NMEA $GPVTG,136.18,T,,M,0.21,N,0.39,K,A*39 (pico_gnss pico-gnss-rs/src/main.rs:453)
215.490845 [INFO ] NMEA $GPZDA,121304.000,08,06,2026,,*5B (pico_gnss pico-gnss-rs/src/main.rs:453)
215.536578 [INFO ] NMEA $GPGST,121304.000,10,50,3.0,30.5,43,26,67*7F (pico_gnss pico-gnss-rs/src/main.rs:453)
215.712763 [INFO ] PPSGEN count=210 interval_ns=1000002224 dev_ns=2224 phase_ns=-1467521 hwphase_ns=4672 (pico_gnss pico-gnss-rs/src/main.rs:296)
215.714039 [INFO ] PPS count=95 interval_us=1000002 interval_ns=1000002528 state=Locked missed=0 (pico_gnss pico-gnss-rs/src/main.rs:192)
215.888654 [INFO ] NMEA $GPGGA,121305.000,0000.0000,N,00000.0000,E,1,4,2.07,26.5,M,39.0,M,,*61 (pico_gnss pico-gnss-rs/src/main.rs:453)
215.946971 [INFO ] NMEA $GNGLL,0000.0000,N,00000.0000,E,121305.000,A,A*40 (pico_gnss pico-gnss-rs/src/main.rs:453)
215.993765 [INFO ] TIME unix_ns=1780920785279656769 ppb=2525 holdover_ms=1279 locked=1 (pico_gnss pico-gnss-rs/src/main.rs:226)
216.005660 [INFO ] NMEA $GNGSA,A,3,32,12,10,15,,,,,,,,,2.26,2.07,0.92*13 (pico_gnss pico-gnss-rs/src/main.rs:453)
216.034877 [INFO ] NMEA $GNGSA,A,3,,,,,,,,,,,,,2.26,2.07,0.92*14 (pico_gnss pico-gnss-rs/src/main.rs:453)
216.117008 [INFO ] NMEA $GPGSV,3,1,12,12,63,081,16,25,61,182,15,10,57,260,16,23,43,199,*78 (pico_gnss pico-gnss-rs/src/main.rs:453)
216.175636 [INFO ] NMEA $GPGSV,3,2,12,32,38,314,19,24,30,063,,28,21,266,,15,15,126,18*78 (pico_gnss pico-gnss-rs/src/main.rs:453)
216.234019 [INFO ] NMEA $GPGSV,3,3,12,19,02,042,16,193,,,,194,,,,195,,,*7B (pico_gnss pico-gnss-rs/src/main.rs:453)
216.292597 [INFO ] NMEA $GLGSV,2,1,06,74,77,007,,72,71,359,,71,45,127,,75,44,223,*6A (pico_gnss pico-gnss-rs/src/main.rs:453)
216.354904 [INFO ] NMEA $GLGSV,2,2,06,73,27,034,17,65,20,327,*64 (pico_gnss pico-gnss-rs/src/main.rs:453)
216.413634 [INFO ] NMEA $GNRMC,121305.000,A,0000.0000,N,00000.0000,E,1.36,138.39,080626,,,A*79 (pico_gnss pico-gnss-rs/src/main.rs:453)
216.416217 [INFO ] SYNC pps_local_us=140281053 unix_s=1780920785 drift_us=2 err_ns=3 holdover_ms=1000 (pico_gnss pico-gnss-rs/src/main.rs:484)
216.443395 [INFO ] NMEA $GPVTG,138.39,T,,M,1.36,N,2.52,K,A*3C (pico_gnss pico-gnss-rs/src/main.rs:453)
216.501177 [INFO ] NMEA $GPZDA,121305.000,08,06,2026,,*5A (pico_gnss pico-gnss-rs/src/main.rs:453)
216.531995 [INFO ] NMEA $GPGST,121305.000,10,50,3.5,30.4,43,26,67*7A (pico_gnss pico-gnss-rs/src/main.rs:453)
216.712734 [INFO ] PPSGEN count=211 interval_ns=1000002240 dev_ns=2240 phase_ns=-1480521 hwphase_ns=4384 (pico_gnss pico-gnss-rs/src/main.rs:296)
216.714008 [INFO ] PPS count=96 interval_us=1000002 interval_ns=1000002512 state=Locked missed=0 (pico_gnss pico-gnss-rs/src/main.rs:192)
216.893760 [INFO ] NMEA $GPGGA,121306.000,0000.0000,N,00000.0000,E,1,4,2.07,26.6,M,39.0,M,,*6C (pico_gnss pico-gnss-rs/src/main.rs:453)
216.952108 [INFO ] NMEA $GNGLL,0000.0000,N,00000.0000,E,121306.000,A,A*4E (pico_gnss pico-gnss-rs/src/main.rs:453)
216.981724 [INFO ] NMEA $GNGSA,A,3,32,12,10,15,,,,,,,,,2.26,2.07,0.92*13 (pico_gnss pico-gnss-rs/src/main.rs:453)
216.995033 [INFO ] TIME unix_ns=1780920786280939767 ppb=2525 holdover_ms=1280 locked=1 (pico_gnss pico-gnss-rs/src/main.rs:226)
217.039973 [INFO ] NMEA $GNGSA,A,3,,,,,,,,,,,,,2.26,2.07,0.92*14 (pico_gnss pico-gnss-rs/src/main.rs:453)
217.098533 [INFO ] NMEA $GPGSV,3,1,12,12,63,081,16,25,61,182,15,10,57,260,16,23,43,199,*78 (pico_gnss pico-gnss-rs/src/main.rs:453)
217.190039 [INFO ] NMEA $GPGSV,3,2,12,32,38,314,19,24,30,063,,28,21,266,,15,15,126,18*78 (pico_gnss pico-gnss-rs/src/main.rs:453)
217.219751 [INFO ] NMEA $GPGSV,3,3,12,19,02,042,16,193,,,,194,,,,195,,,*7B (pico_gnss pico-gnss-rs/src/main.rs:453)
217.306986 [INFO ] NMEA $GLGSV,2,1,06,74,77,007,,72,71,359,,71,45,127,,75,44,223,*6A (pico_gnss pico-gnss-rs/src/main.rs:453)
217.336484 [INFO ] NMEA $GLGSV,2,2,06,73,27,034,,65,20,327,*62 (pico_gnss pico-gnss-rs/src/main.rs:453)
217.399199 [INFO ] NMEA $GNRMC,121306.000,A,0000.0000,N,00000.0000,E,1.61,126.16,080626,,,A*77 (pico_gnss pico-gnss-rs/src/main.rs:453)
217.401780 [INFO ] SYNC pps_local_us=141281055 unix_s=1780920786 drift_us=2 err_ns=-12 holdover_ms=999 (pico_gnss pico-gnss-rs/src/main.rs:484)
217.457515 [INFO ] NMEA $GPVTG,126.16,T,,M,1.61,N,2.98,K,A*3A (pico_gnss pico-gnss-rs/src/main.rs:453)
217.486859 [INFO ] NMEA $GPZDA,121306.000,08,06,2026,,*59 (pico_gnss pico-gnss-rs/src/main.rs:453)
217.528492 [INFO ] NMEA $GPGST,121306.000,10,50,4.3,30.4,43,26,67*78 (pico_gnss pico-gnss-rs/src/main.rs:453)
217.712770 [INFO ] PPSGEN count=212 interval_ns=1000002256 dev_ns=2256 phase_ns=-1446521 hwphase_ns=4128 (pico_gnss pico-gnss-rs/src/main.rs:296)
217.714054 [INFO ] PPS count=97 interval_us=1000002 interval_ns=1000002512 state=Locked missed=0 (pico_gnss pico-gnss-rs/src/main.rs:192)
217.885692 [INFO ] NMEA $GPGGA,121307.000,0000.0000,N,00000.0000,E,1,4,2.07,26.6,M,39.0,M,,*65 (pico_gnss pico-gnss-rs/src/main.rs:453)
217.938916 [INFO ] NMEA $GNGLL,0000.0000,N,00000.0000,E,121307.000,A,A*47 (pico_gnss pico-gnss-rs/src/main.rs:453)
217.996321 [INFO ] TIME unix_ns=1780920787282218764 ppb=2524 holdover_ms=1282 locked=1 (pico_gnss pico-gnss-rs/src/main.rs:226)
217.998065 [INFO ] NMEA $GNGSA,A,3,32,12,10,15,,,,,,,,,2.26,2.07,0.92*13 (pico_gnss pico-gnss-rs/src/main.rs:453)
218.026829 [INFO ] NMEA $GNGSA,A,3,,,,,,,,,,,,,2.26,2.07,0.92*14 (pico_gnss pico-gnss-rs/src/main.rs:453)
218.114055 [INFO ] NMEA $GPGSV,3,1,12,12,63,081,16,25,61,182,15,10,57,260,16,23,43,199,*78 (pico_gnss pico-gnss-rs/src/main.rs:453)
218.172781 [INFO ] NMEA $GPGSV,3,2,12,32,38,314,19,24,30,063,,28,21,266,,15,15,126,18*78 (pico_gnss pico-gnss-rs/src/main.rs:453)
218.235265 [INFO ] NMEA $GPGSV,3,3,12,19,02,042,16,193,,,,194,,,,195,,,*7B (pico_gnss pico-gnss-rs/src/main.rs:453)
218.293817 [INFO ] NMEA $GLGSV,2,1,06,74,77,007,,72,71,359,,71,45,127,,75,44,223,*6A (pico_gnss pico-gnss-rs/src/main.rs:453)
218.323318 [INFO ] NMEA $GLGSV,2,2,06,73,27,034,,65,20,327,*62 (pico_gnss pico-gnss-rs/src/main.rs:453)
218.410716 [INFO ] NMEA $GNRMC,121307.000,A,0000.0000,N,00000.0000,E,1.60,118.63,080626,,,A*70 (pico_gnss pico-gnss-rs/src/main.rs:453)
218.413296 [INFO ] SYNC pps_local_us=142281058 unix_s=1780920787 drift_us=2 err_ns=-12 holdover_ms=1000 (pico_gnss pico-gnss-rs/src/main.rs:484)
218.440478 [INFO ] NMEA $GPVTG,118.63,T,,M,1.60,N,2.97,K,A*3B (pico_gnss pico-gnss-rs/src/main.rs:453)
218.502357 [INFO ] NMEA $GPZDA,121307.000,08,06,2026,,*58 (pico_gnss pico-gnss-rs/src/main.rs:453)
218.526932 [INFO ] NMEA $GPGST,121307.000,10,51,5.0,30.3,44,26,67*7A (pico_gnss pico-gnss-rs/src/main.rs:453)
218.712764 [INFO ] PPSGEN count=213 interval_ns=1000002272 dev_ns=2272 phase_ns=-1477520 hwphase_ns=3888 (pico_gnss pico-gnss-rs/src/main.rs:296)
218.714046 [INFO ] PPS count=98 interval_us=1000002 interval_ns=1000002528 state=Locked missed=0 (pico_gnss pico-gnss-rs/src/main.rs:192)
218.884616 [INFO ] NMEA $GPGGA,121308.000,0000.0000,N,00000.0000,E,1,4,2.07,26.6,M,39.0,M,,*68 (pico_gnss pico-gnss-rs/src/main.rs:453)
218.942939 [INFO ] NMEA $GNGLL,0000.0000,N,00000.0000,E,121308.000,A,A*4A (pico_gnss pico-gnss-rs/src/main.rs:453)
218.997942 [INFO ] TIME unix_ns=1780920788283808760 ppb=2524 holdover_ms=1283 locked=1 (pico_gnss pico-gnss-rs/src/main.rs:226)
219.001573 [INFO ] NMEA $GNGSA,A,3,32,12,10,15,,,,,,,,,2.26,2.07,0.92*13 (pico_gnss pico-gnss-rs/src/main.rs:453)
219.043079 [INFO ] NMEA $GNGSA,A,3,,,,,,,,,,,,,2.26,2.07,0.92*14 (pico_gnss pico-gnss-rs/src/main.rs:453)
219.101723 [INFO ] NMEA $GPGSV,3,1,12,12,63,081,16,25,61,182,15,10,57,260,15,23,43,199,*7B (pico_gnss pico-gnss-rs/src/main.rs:453)
219.189123 [INFO ] NMEA $GPGSV,3,2,12,32,38,314,19,24,30,063,17,28,21,266,,15,15,126,18*7E (pico_gnss pico-gnss-rs/src/main.rs:453)
219.218810 [INFO ] NMEA $GPGSV,3,3,12,19,02,042,16,193,,,,194,,,,195,,,*7B (pico_gnss pico-gnss-rs/src/main.rs:453)
219.281377 [INFO ] NMEA $GLGSV,2,1,06,74,77,007,,72,71,359,,71,45,127,,75,44,223,*6A (pico_gnss pico-gnss-rs/src/main.rs:453)
219.339629 [INFO ] NMEA $GLGSV,2,2,06,73,27,034,,65,20,327,*62 (pico_gnss pico-gnss-rs/src/main.rs:453)
219.398262 [INFO ] NMEA $GNRMC,121308.000,A,0000.0000,N,00000.0000,E,1.84,71.11,080626,,,A*4C (pico_gnss pico-gnss-rs/src/main.rs:453)
219.400810 [INFO ] SYNC pps_local_us=143281060 unix_s=1780920788 drift_us=2 err_ns=4 holdover_ms=999 (pico_gnss pico-gnss-rs/src/main.rs:484)
219.456553 [INFO ] NMEA $GPVTG,71.11,T,,M,1.84,N,3.42,K,A*03 (pico_gnss pico-gnss-rs/src/main.rs:453)
219.485939 [INFO ] NMEA $GPZDA,121308.000,08,06,2026,,*57 (pico_gnss pico-gnss-rs/src/main.rs:453)
219.525652 [INFO ] NMEA $GPGST,121308.000,10,51,5.0,30.3,44,26,67*75 (pico_gnss pico-gnss-rs/src/main.rs:453)
219.712771 [INFO ] PPSGEN count=214 interval_ns=1000002288 dev_ns=2288 phase_ns=-1486520 hwphase_ns=3648 (pico_gnss pico-gnss-rs/src/main.rs:296)
219.714070 [INFO ] PPS count=99 interval_us=1000002 interval_ns=1000002528 state=Locked missed=0 (pico_gnss pico-gnss-rs/src/main.rs:192)
219.882708 [INFO ] NMEA $GPGGA,121309.000,0000.0000,N,00000.0000,E,1,4,2.07,26.7,M,39.0,M,,*68 (pico_gnss pico-gnss-rs/src/main.rs:453)
219.941030 [INFO ] NMEA $GNGLL,0000.0000,N,00000.0000,E,121309.000,A,A*4B (pico_gnss pico-gnss-rs/src/main.rs:453)
219.999517 [INFO ] TIME unix_ns=1780920789285098756 ppb=2525 holdover_ms=1285 locked=1 (pico_gnss pico-gnss-rs/src/main.rs:226)
220.000894 [INFO ] NMEA $GNGSA,A,3,32,12,10,15,,,,,,,,,2.26,2.07,0.92*13 (pico_gnss pico-gnss-rs/src/main.rs:453)
220.029097 [INFO ] NMEA $GNGSA,A,3,,,,,,,,,,,,,2.26,2.07,0.92*14 (pico_gnss pico-gnss-rs/src/main.rs:453)
220.117312 [INFO ] NMEA $GPGSV,3,1,12,12,63,081,16,25,61,182,15,10,57,259,14,23,43,199,*70 (pico_gnss pico-gnss-rs/src/main.rs:453)
220.175990 [INFO ] NMEA $GPGSV,3,2,12,32,38,314,19,24,30,063,17,28,21,266,,15,15,126,18*7E (pico_gnss pico-gnss-rs/src/main.rs:453)
220.234398 [INFO ] NMEA $GPGSV,3,3,12,19,02,042,16,193,,,,194,,,,195,,,*7B (pico_gnss pico-gnss-rs/src/main.rs:453)
220.292909 [INFO ] NMEA $GLGSV,2,1,06,74,77,007,,72,71,359,,71,45,127,,75,44,223,*6A (pico_gnss pico-gnss-rs/src/main.rs:453)
220.322408 [INFO ] NMEA $GLGSV,2,2,06,73,27,034,,65,20,327,*62 (pico_gnss pico-gnss-rs/src/main.rs:453)
220.413942 [INFO ] NMEA $GNRMC,121309.000,A,0000.0000,N,00000.0000,E,2.18,56.88,080626,,,A*4E (pico_gnss pico-gnss-rs/src/main.rs:453)
220.416515 [INFO ] SYNC pps_local_us=144281063 unix_s=1780920789 drift_us=2 err_ns=4 holdover_ms=1000 (pico_gnss pico-gnss-rs/src/main.rs:484)
220.443646 [INFO ] NMEA $GPVTG,56.88,T,,M,2.18,N,4.04,K,A*05 (pico_gnss pico-gnss-rs/src/main.rs:453)
220.472775 [INFO ] NMEA $GPZDA,121309.000,08,06,2026,,*56 (pico_gnss pico-gnss-rs/src/main.rs:453)
220.523831 [INFO ] NMEA $GPGST,121309.000,10,51,4.9,30.4,44,26,67*7B (pico_gnss pico-gnss-rs/src/main.rs:453)
220.712778 [INFO ] PPSGEN count=215 interval_ns=1000002304 dev_ns=2304 phase_ns=-1475520 hwphase_ns=3424 (pico_gnss pico-gnss-rs/src/main.rs:296)
220.714022 [INFO ] PPS count=100 interval_us=1000002 interval_ns=1000002512 state=Locked missed=0 (pico_gnss pico-gnss-rs/src/main.rs:192)
220.905067 [INFO ] NMEA $GPGGA,121310.000,0000.0000,N,00000.0000,E,1,4,2.07,26.9,M,39.0,M,,*65 (pico_gnss pico-gnss-rs/src/main.rs:453)
220.934685 [INFO ] NMEA $GNGLL,0000.0000,N,00000.0000,E,121310.000,A,A*48 (pico_gnss pico-gnss-rs/src/main.rs:453)
220.992959 [INFO ] NMEA $GNGSA,A,3,32,12,10,15,,,,,,,,,2.26,2.07,0.92*13 (pico_gnss pico-gnss-rs/src/main.rs:453)
221.000781 [INFO ] TIME unix_ns=1780920790286670753 ppb=2524 holdover_ms=1286 locked=1 (pico_gnss pico-gnss-rs/src/main.rs:226)
221.051233 [INFO ] NMEA $GNGSA,A,3,,,,,,,,,,,,,2.26,2.07,0.92*14 (pico_gnss pico-gnss-rs/src/main.rs:453)
221.109845 [INFO ] NMEA $GPGSV,3,1,12,12,63,081,16,25,61,182,15,10,57,259,14,23,43,199,*70 (pico_gnss pico-gnss-rs/src/main.rs:453)
221.172575 [INFO ] NMEA $GPGSV,3,2,12,32,38,314,19,24,30,063,16,28,21,266,,15,15,126,18*7F (pico_gnss pico-gnss-rs/src/main.rs:453)
221.230958 [INFO ] NMEA $GPGSV,3,3,12,19,02,042,16,193,,,,194,,,,195,,,*7B (pico_gnss pico-gnss-rs/src/main.rs:453)
221.289542 [INFO ] NMEA $GLGSV,2,1,06,74,77,007,,72,71,359,,71,45,127,,75,44,223,*6A (pico_gnss pico-gnss-rs/src/main.rs:453)
221.347725 [INFO ] NMEA $GLGSV,2,2,06,73,27,034,,65,20,327,*62 (pico_gnss pico-gnss-rs/src/main.rs:453)
221.406427 [INFO ] NMEA $GNRMC,121310.000,A,0000.0000,N,00000.0000,E,1.46,54.43,080626,,,A*40 (pico_gnss pico-gnss-rs/src/main.rs:453)
221.408996 [INFO ] SYNC pps_local_us=145281065 unix_s=1780920790 drift_us=2 err_ns=-12 holdover_ms=999 (pico_gnss pico-gnss-rs/src/main.rs:484)
221.468701 [INFO ] NMEA $GPVTG,54.43,T,,M,1.46,N,2.70,K,A*0D (pico_gnss pico-gnss-rs/src/main.rs:453)
221.498126 [INFO ] NMEA $GPZDA,121310.000,08,06,2026,,*5E (pico_gnss pico-gnss-rs/src/main.rs:453)
221.527635 [INFO ] NMEA $GPGST,121310.000,10,48,4.6,30.3,41,25,61*73 (pico_gnss pico-gnss-rs/src/main.rs:453)
221.712786 [INFO ] PPSGEN count=216 interval_ns=1000002320 dev_ns=2320 phase_ns=-1451520 hwphase_ns=3232 (pico_gnss pico-gnss-rs/src/main.rs:296)
221.714043 [INFO ] PPS count=101 interval_us=1000002 interval_ns=1000002528 state=Locked missed=0 (pico_gnss pico-gnss-rs/src/main.rs:192)
221.885833 [INFO ] NMEA $GPGGA,121311.000,0000.0000,N,00000.0000,E,1,5,1.45,26.9,M,39.0,M,,*6E (pico_gnss pico-gnss-rs/src/main.rs:453)
221.944137 [INFO ] NMEA $GNGLL,0000.0000,N,00000.0000,E,121311.000,A,A*47 (pico_gnss pico-gnss-rs/src/main.rs:453)
222.002055 [INFO ] TIME unix_ns=1780920791287949749 ppb=2524 holdover_ms=1287 locked=1 (pico_gnss pico-gnss-rs/src/main.rs:226)
222.005937 [INFO ] NMEA $GNGSA,A,3,32,12,10,24,15,,,,,,,,1.72,1.45,0.92*12 (pico_gnss pico-gnss-rs/src/main.rs:453)
222.035195 [INFO ] NMEA $GNGSA,A,3,,,,,,,,,,,,,1.72,1.45,0.92*13 (pico_gnss pico-gnss-rs/src/main.rs:453)
222.122512 [INFO ] NMEA $GPGSV,3,1,12,12,63,079,16,25,61,182,15,10,57,259,14,23,43,199,*77 (pico_gnss pico-gnss-rs/src/main.rs:453)
222.181160 [INFO ] NMEA $GPGSV,3,2,12,32,38,314,19,24,30,063,16,28,21,266,,15,15,126,18*7F (pico_gnss pico-gnss-rs/src/main.rs:453)
222.243659 [INFO ] NMEA $GPGSV,3,3,12,19,02,042,16,193,,,,194,,,,195,,,*7B (pico_gnss pico-gnss-rs/src/main.rs:453)
222.302257 [INFO ] NMEA $GLGSV,2,1,06,74,77,007,,72,71,359,,71,45,127,,75,44,223,*6A (pico_gnss pico-gnss-rs/src/main.rs:453)
222.331697 [INFO ] NMEA $GLGSV,2,2,06,73,27,034,,65,20,327,*62 (pico_gnss pico-gnss-rs/src/main.rs:453)
222.419124 [INFO ] NMEA $GNRMC,121311.000,A,0000.0000,N,00000.0000,E,0.81,64.18,080626,,,A*48 (pico_gnss pico-gnss-rs/src/main.rs:453)
222.421692 [INFO ] SYNC pps_local_us=146281068 unix_s=1780920791 drift_us=2 err_ns=4 holdover_ms=1000 (pico_gnss pico-gnss-rs/src/main.rs:484)
222.448827 [INFO ] NMEA $GPVTG,64.18,T,,M,0.81,N,1.50,K,A*0B (pico_gnss pico-gnss-rs/src/main.rs:453)
222.477964 [INFO ] NMEA $GPZDA,121311.000,08,06,2026,,*5F (pico_gnss pico-gnss-rs/src/main.rs:453)
222.527859 [INFO ] NMEA $GPGST,121311.000,10,31,16,32.6,27,22,36*55 (pico_gnss pico-gnss-rs/src/main.rs:453)
222.712763 [INFO ] PPSGEN count=217 interval_ns=1000002336 dev_ns=2336 phase_ns=-1481520 hwphase_ns=3040 (pico_gnss pico-gnss-rs/src/main.rs:296)
222.714035 [INFO ] PPS count=102 interval_us=1000002 interval_ns=1000002528 state=Locked missed=0 (pico_gnss pico-gnss-rs/src/main.rs:192)
222.888652 [INFO ] NMEA $GPGGA,121312.000,0000.0000,N,00000.0000,E,1,5,1.45,26.9,M,39.0,M,,*69 (pico_gnss pico-gnss-rs/src/main.rs:453)
222.946967 [INFO ] NMEA $GNGLL,0000.0000,N,00000.0000,E,121312.000,A,A*40 (pico_gnss pico-gnss-rs/src/main.rs:453)
223.003331 [INFO ] TIME unix_ns=1780920792289209746 ppb=2524 holdover_ms=1289 locked=1 (pico_gnss pico-gnss-rs/src/main.rs:226)
223.005711 [INFO ] NMEA $GNGSA,A,3,32,12,10,24,15,,,,,,,,1.72,1.45,0.92*12 (pico_gnss pico-gnss-rs/src/main.rs:453)
223.054357 [INFO ] NMEA $GNGSA,A,3,,,,,,,,,,,,,1.72,1.45,0.92*13 (pico_gnss pico-gnss-rs/src/main.rs:453)
223.112967 [INFO ] NMEA $GPGSV,3,1,12,12,63,079,16,25,61,182,16,10,57,259,15,23,43,199,*75 (pico_gnss pico-gnss-rs/src/main.rs:453)
223.171618 [INFO ] NMEA $GPGSV,3,2,12,32,38,314,19,24,30,063,16,28,21,266,,15,15,126,18*7F (pico_gnss pico-gnss-rs/src/main.rs:453)
223.229977 [INFO ] NMEA $GPGSV,3,3,12,19,02,042,15,193,,,,194,,,,195,,,*78 (pico_gnss pico-gnss-rs/src/main.rs:453)
223.288560 [INFO ] NMEA $GLGSV,2,1,06,74,77,007,,72,71,359,,71,45,127,,75,44,223,*6A (pico_gnss pico-gnss-rs/src/main.rs:453)
223.350828 [INFO ] NMEA $GLGSV,2,2,06,73,27,034,,65,20,327,*62 (pico_gnss pico-gnss-rs/src/main.rs:453)
223.409562 [INFO ] NMEA $GNRMC,121312.000,A,0000.0000,N,00000.0000,E,0.74,43.86,080626,,,A*47 (pico_gnss pico-gnss-rs/src/main.rs:453)
223.412124 [INFO ] SYNC pps_local_us=147281070 unix_s=1780920792 drift_us=2 err_ns=4 holdover_ms=999 (pico_gnss pico-gnss-rs/src/main.rs:484)
223.467798 [INFO ] NMEA $GPVTG,43.86,T,,M,0.74,N,1.37,K,A*02 (pico_gnss pico-gnss-rs/src/main.rs:453)
223.497163 [INFO ] NMEA $GPZDA,121312.000,08,06,2026,,*5C (pico_gnss pico-gnss-rs/src/main.rs:453)
223.526658 [INFO ] NMEA $GPGST,121312.000,10,30,16,32.1,27,21,36*53 (pico_gnss pico-gnss-rs/src/main.rs:453)
223.712763 [INFO ] PPSGEN count=218 interval_ns=1000002336 dev_ns=2336 phase_ns=-1476520 hwphase_ns=2848 (pico_gnss pico-gnss-rs/src/main.rs:296)
223.714038 [INFO ] PPS count=103 interval_us=1000002 interval_ns=1000002528 state=Locked missed=0 (pico_gnss pico-gnss-rs/src/main.rs:192)
223.891621 [INFO ] NMEA $GPGGA,121313.000,0000.0000,N,00000.0000,E,1,5,1.45,27.0,M,39.0,M,,*68 (pico_gnss pico-gnss-rs/src/main.rs:453)
223.949934 [INFO ] NMEA $GNGLL,0000.0000,N,00000.0000,E,121313.000,A,A*49 (pico_gnss pico-gnss-rs/src/main.rs:453)
224.004630 [INFO ] TIME unix_ns=1780920793290515743 ppb=2524 holdover_ms=1290 locked=1 (pico_gnss pico-gnss-rs/src/main.rs:226)
224.008662 [INFO ] NMEA $GNGSA,A,3,32,12,10,24,15,,,,,,,,1.72,1.45,0.92*12 (pico_gnss pico-gnss-rs/src/main.rs:453)
224.037959 [INFO ] NMEA $GNGSA,A,3,,,,,,,,,,,,,1.72,1.45,0.92*13 (pico_gnss pico-gnss-rs/src/main.rs:453)
224.125127 [INFO ] NMEA $GPGSV,3,1,12,12,63,079,16,25,61,182,16,10,57,259,15,23,43,199,*75 (pico_gnss pico-gnss-rs/src/main.rs:453)
224.187983 [INFO ] NMEA $GPGSV,3,2,12,32,38,314,19,24,30,063,16,28,21,266,,15,15,126,18*7F (pico_gnss pico-gnss-rs/src/main.rs:453)
224.246355 [INFO ] NMEA $GPGSV,3,3,12,19,02,042,15,193,,,,194,,,,195,,,*78 (pico_gnss pico-gnss-rs/src/main.rs:453)
224.304929 [INFO ] NMEA $GLGSV,2,1,06,74,77,007,,72,71,359,,71,45,127,,75,44,223,*6A (pico_gnss pico-gnss-rs/src/main.rs:453)
224.334399 [INFO ] NMEA $GLGSV,2,2,06,73,27,034,,65,20,327,*62 (pico_gnss pico-gnss-rs/src/main.rs:453)
224.426011 [INFO ] NMEA $GNRMC,121313.000,A,0000.0000,N,00000.0000,E,1.35,32.32,080626,,,A*43 (pico_gnss pico-gnss-rs/src/main.rs:453)
224.428573 [INFO ] SYNC pps_local_us=148281073 unix_s=1780920793 drift_us=2 err_ns=4 holdover_ms=1000 (pico_gnss pico-gnss-rs/src/main.rs:484)
224.455762 [INFO ] NMEA $GPVTG,32.32,T,,M,1.35,N,2.50,K,A*0D (pico_gnss pico-gnss-rs/src/main.rs:453)
224.484863 [INFO ] NMEA $GPZDA,121313.000,08,06,2026,,*5D (pico_gnss pico-gnss-rs/src/main.rs:453)
224.530663 [INFO ] NMEA $GPGST,121313.000,10,29,17,31.5,26,21,37*5C (pico_gnss pico-gnss-rs/src/main.rs:453)
224.712791 [INFO ] PPSGEN count=219 interval_ns=1000002368 dev_ns=2368 phase_ns=-1440520 hwphase_ns=2688 (pico_gnss pico-gnss-rs/src/main.rs:296)
224.714061 [INFO ] PPS count=104 interval_us=1000002 interval_ns=1000002528 state=Locked missed=0 (pico_gnss pico-gnss-rs/src/main.rs:192)
224.882769 [INFO ] NMEA $GPGGA,121314.000,0000.0000,N,00000.0000,E,1,5,1.45,27.0,M,39.0,M,,*68 (pico_gnss pico-gnss-rs/src/main.rs:453)
224.931834 [INFO ] NMEA $GNGLL,0000.0000,N,00000.0000,E,121314.000,A,A*49 (pico_gnss pico-gnss-rs/src/main.rs:453)
224.990191 [INFO ] NMEA $GNGSA,A,3,32,12,10,24,15,,,,,,,,1.72,1.45,0.92*12 (pico_gnss pico-gnss-rs/src/main.rs:453)
225.005889 [INFO ] TIME unix_ns=1780920794291796739 ppb=2525 holdover_ms=1291 locked=1 (pico_gnss pico-gnss-rs/src/main.rs:226)
225.048556 [INFO ] NMEA $GNGSA,A,3,,,,,,,,,,,,,1.72,1.45,0.92*13 (pico_gnss pico-gnss-rs/src/main.rs:453)
225.107134 [INFO ] NMEA $GPGSV,3,1,12,12,63,079,16,25,61,182,16,10,57,259,15,23,43,199,*75 (pico_gnss pico-gnss-rs/src/main.rs:453)
225.165799 [INFO ] NMEA $GPGSV,3,2,12,32,38,314,19,24,30,063,16,28,21,266,,15,14,126,17*71 (pico_gnss pico-gnss-rs/src/main.rs:453)
225.228231 [INFO ] NMEA $GPGSV,3,3,12,19,02,042,15,193,,,,194,,,,195,,,*78 (pico_gnss pico-gnss-rs/src/main.rs:453)
225.286821 [INFO ] NMEA $GLGSV,2,1,06,74,77,007,,72,71,359,,71,45,127,,75,44,223,*6A (pico_gnss pico-gnss-rs/src/main.rs:453)
225.344979 [INFO ] NMEA $GLGSV,2,2,06,73,27,034,,65,20,327,*62 (pico_gnss pico-gnss-rs/src/main.rs:453)
225.403707 [INFO ] NMEA $GNRMC,121314.000,A,0000.0000,N,00000.0000,E,0.73,86.07,080626,,,A*49 (pico_gnss pico-gnss-rs/src/main.rs:453)
225.406281 [INFO ] SYNC pps_local_us=149281075 unix_s=1780920794 drift_us=2 err_ns=4 holdover_ms=1000 (pico_gnss pico-gnss-rs/src/main.rs:484)
225.461845 [INFO ] NMEA $GPVTG,86.07,T,,M,0.73,N,1.36,K,A*04 (pico_gnss pico-gnss-rs/src/main.rs:453)
225.495328 [INFO ] NMEA $GPZDA,121314.000,08,06,2026,,*5A (pico_gnss pico-gnss-rs/src/main.rs:453)
225.525060 [INFO ] NMEA $GPGST,121314.000,10,29,17,31.0,26,21,38*51 (pico_gnss pico-gnss-rs/src/main.rs:453)
225.712797 [INFO ] PPSGEN count=220 interval_ns=1000002368 dev_ns=2368 phase_ns=-1472520 hwphase_ns=2528 (pico_gnss pico-gnss-rs/src/main.rs:296)
225.714060 [INFO ] PPS count=105 interval_us=1000002 interval_ns=1000002512 state=Locked missed=0 (pico_gnss pico-gnss-rs/src/main.rs:192)
225.891804 [INFO ] NMEA $GPGGA,121315.000,0000.0000,N,00000.0000,E,1,5,1.45,27.1,M,39.0,M,,*6C (pico_gnss pico-gnss-rs/src/main.rs:453)
225.950112 [INFO ] NMEA $GNGLL,0000.0000,N,00000.0000,E,121315.000,A,A*4C (pico_gnss pico-gnss-rs/src/main.rs:453)
226.007159 [INFO ] TIME unix_ns=1780920795293009737 ppb=2524 holdover_ms=1293 locked=1 (pico_gnss pico-gnss-rs/src/main.rs:226)
226.008822 [INFO ] NMEA $GNGSA,A,3,32,12,10,24,15,,,,,,,,1.72,1.45,0.92*12 (pico_gnss pico-gnss-rs/src/main.rs:453)
226.045167 [INFO ] NMEA $GNGSA,A,3,,,,,,,,,,,,,1.72,1.45,0.92*13 (pico_gnss pico-gnss-rs/src/main.rs:453)
226.103753 [INFO ] NMEA $GPGSV,3,1,12,12,63,079,16,25,61,182,16,10,57,259,15,23,43,199,*75 (pico_gnss pico-gnss-rs/src/main.rs:453)
226.191196 [INFO ] NMEA $GPGSV,3,2,12,32,38,314,19,24,30,063,16,28,21,266,,15,14,126,16*70 (pico_gnss pico-gnss-rs/src/main.rs:453)
226.249590 [INFO ] NMEA $GPGSV,3,3,12,19,02,042,15,193,,,,194,,,,195,,,*78 (pico_gnss pico-gnss-rs/src/main.rs:453)
226.312242 [INFO ] NMEA $GLGSV,2,1,06,74,77,007,,72,71,359,,71,45,127,,75,44,223,*6A (pico_gnss pico-gnss-rs/src/main.rs:453)
226.341730 [INFO ] NMEA $GLGSV,2,2,06,73,27,034,,65,20,327,*62 (pico_gnss pico-gnss-rs/src/main.rs:453)
226.429128 [INFO ] NMEA $GNRMC,121315.000,A,0000.0000,N,00000.0000,E,0.76,43.61,080626,,,A*40 (pico_gnss pico-gnss-rs/src/main.rs:453)
226.431683 [INFO ] SYNC pps_local_us=150281078 unix_s=1780920795 drift_us=2 err_ns=-12 holdover_ms=999 (pico_gnss pico-gnss-rs/src/main.rs:484)
226.458959 [INFO ] NMEA $GPVTG,43.61,T,,M,0.76,N,1.42,K,A*0B (pico_gnss pico-gnss-rs/src/main.rs:453)
226.488046 [INFO ] NMEA $GPZDA,121315.000,08,06,2026,,*5B (pico_gnss pico-gnss-rs/src/main.rs:453)
226.534075 [INFO ] NMEA $GPGST,121315.000,10,28,17,30.4,26,20,39*54 (pico_gnss pico-gnss-rs/src/main.rs:453)
226.712782 [INFO ] PPSGEN count=221 interval_ns=1000002368 dev_ns=2368 phase_ns=-1482520 hwphase_ns=2384 (pico_gnss pico-gnss-rs/src/main.rs:296)
226.714042 [INFO ] PPS count=106 interval_us=1000002 interval_ns=1000002528 state=Locked missed=0 (pico_gnss pico-gnss-rs/src/main.rs:192)
226.886570 [INFO ] NMEA $GPGGA,121316.000,0000.0000,N,00000.0000,E,1,5,1.45,27.1,M,39.0,M,,*63 (pico_gnss pico-gnss-rs/src/main.rs:453)
226.944876 [INFO ] NMEA $GNGLL,0000.0000,N,00000.0000,E,121316.000,A,A*43 (pico_gnss pico-gnss-rs/src/main.rs:453)
227.003280 [INFO ] NMEA $GNGSA,A,3,32,12,10,24,15,,,,,,,,1.72,1.45,0.92*12 (pico_gnss pico-gnss-rs/src/main.rs:453)
227.008442 [INFO ] TIME unix_ns=1780920796294316733 ppb=2524 holdover_ms=1294 locked=1 (pico_gnss pico-gnss-rs/src/main.rs:226)
227.033062 [INFO ] NMEA $GNGSA,A,3,,,,,,,,,,,,,1.72,1.45,0.92*13 (pico_gnss pico-gnss-rs/src/main.rs:453)
227.114954 [INFO ] NMEA $GPGSV,3,1,12,12,63,079,16,25,61,182,16,10,57,259,15,23,43,199,*75 (pico_gnss pico-gnss-rs/src/main.rs:453)
227.173636 [INFO ] NMEA $GPGSV,3,2,12,32,38,314,19,24,30,063,16,28,21,266,,15,14,126,16*70 (pico_gnss pico-gnss-rs/src/main.rs:453)
227.232010 [INFO ] NMEA $GPGSV,3,3,12,19,02,042,15,193,,,,194,,,,195,,,*78 (pico_gnss pico-gnss-rs/src/main.rs:453)
227.290573 [INFO ] NMEA $GLGSV,2,1,06,74,77,007,,72,71,359,,71,45,127,,75,44,223,*6A (pico_gnss pico-gnss-rs/src/main.rs:453)
227.352897 [INFO ] NMEA $GLGSV,2,2,06,73,27,034,,65,20,327,*62 (pico_gnss pico-gnss-rs/src/main.rs:453)
227.411576 [INFO ] NMEA $GNRMC,121316.000,A,0000.0000,N,00000.0000,E,0.42,43.61,080626,,,A*48 (pico_gnss pico-gnss-rs/src/main.rs:453)
227.414145 [INFO ] SYNC pps_local_us=151281080 unix_s=1780920796 drift_us=2 err_ns=4 holdover_ms=999 (pico_gnss pico-gnss-rs/src/main.rs:484)
227.441314 [INFO ] NMEA $GPVTG,43.61,T,,M,0.42,N,0.78,K,A*04 (pico_gnss pico-gnss-rs/src/main.rs:453)
227.499092 [INFO ] NMEA $GPZDA,121316.000,08,06,2026,,*58 (pico_gnss pico-gnss-rs/src/main.rs:453)
227.528859 [INFO ] NMEA $GPGST,121316.000,10,28,17,29.5,26,20,39*5E (pico_gnss pico-gnss-rs/src/main.rs:453)
227.712796 [INFO ] PPSGEN count=222 interval_ns=1000002400 dev_ns=2400 phase_ns=-1447520 hwphase_ns=2256 (pico_gnss pico-gnss-rs/src/main.rs:296)
227.714075 [INFO ] PPS count=107 interval_us=1000002 interval_ns=1000002528 state=Locked missed=0 (pico_gnss pico-gnss-rs/src/main.rs:192)
227.893085 [INFO ] NMEA $GPGGA,121317.000,0000.0000,N,00000.0000,E,1,5,1.45,27.2,M,39.0,M,,*64 (pico_gnss pico-gnss-rs/src/main.rs:453)
227.951449 [INFO ] NMEA $GNGLL,0000.0000,N,00000.0000,E,121317.000,A,A*47 (pico_gnss pico-gnss-rs/src/main.rs:453)
227.981083 [INFO ] NMEA $GNGSA,A,3,32,12,10,24,15,,,,,,,,1.72,1.45,0.92*12 (pico_gnss pico-gnss-rs/src/main.rs:453)
228.010031 [INFO ] TIME unix_ns=1780920797295597730 ppb=2524 holdover_ms=1295 locked=1 (pico_gnss pico-gnss-rs/src/main.rs:226)
228.039411 [INFO ] NMEA $GNGSA,A,3,,,,,,,,,,,,,1.72,1.45,0.92*13 (pico_gnss pico-gnss-rs/src/main.rs:453)
228.097992 [INFO ] NMEA $GPGSV,3,1,12,12,63,079,16,25,61,182,16,10,57,259,15,23,43,199,*75 (pico_gnss pico-gnss-rs/src/main.rs:453)
228.189505 [INFO ] NMEA $GPGSV,3,2,12,32,38,314,19,24,30,063,16,28,21,266,,15,14,126,16*70 (pico_gnss pico-gnss-rs/src/main.rs:453)
228.247874 [INFO ] NMEA $GPGSV,3,3,12,19,02,042,15,193,,,,194,,,,195,,,*78 (pico_gnss pico-gnss-rs/src/main.rs:453)
228.306479 [INFO ] NMEA $GLGSV,2,1,06,74,77,007,,72,71,359,,71,45,127,,75,44,223,*6A (pico_gnss pico-gnss-rs/src/main.rs:453)
228.335969 [INFO ] NMEA $GLGSV,2,2,06,73,27,034,,65,20,327,*62 (pico_gnss pico-gnss-rs/src/main.rs:453)
228.427438 [INFO ] NMEA $GNRMC,121317.000,A,0000.0000,N,00000.0000,E,1.10,22.98,080626,,,A*4B (pico_gnss pico-gnss-rs/src/main.rs:453)
228.430005 [INFO ] SYNC pps_local_us=152281083 unix_s=1780920797 drift_us=2 err_ns=4 holdover_ms=1000 (pico_gnss pico-gnss-rs/src/main.rs:484)
228.457181 [INFO ] NMEA $GPVTG,22.98,T,,M,1.10,N,2.04,K,A*0A (pico_gnss pico-gnss-rs/src/main.rs:453)
228.486310 [INFO ] NMEA $GPZDA,121317.000,08,06,2026,,*59 (pico_gnss pico-gnss-rs/src/main.rs:453)
228.527911 [INFO ] NMEA $GPGST,121317.000,10,27,18,28.3,26,20,40*56 (pico_gnss pico-gnss-rs/src/main.rs:453)
228.712808 [INFO ] PPSGEN count=223 interval_ns=1000002400 dev_ns=2400 phase_ns=-1470520 hwphase_ns=2128 (pico_gnss pico-gnss-rs/src/main.rs:296)
228.714075 [INFO ] PPS count=108 interval_us=1000002 interval_ns=1000002512 state=Locked missed=0 (pico_gnss pico-gnss-rs/src/main.rs:192)
228.885775 [INFO ] NMEA $GPGGA,121318.000,0000.0000,N,00000.0000,E,1,5,1.45,27.2,M,39.0,M,,*66 (pico_gnss pico-gnss-rs/src/main.rs:453)
228.944076 [INFO ] NMEA $GNGLL,0000.0000,N,00000.0000,E,121318.000,A,A*45 (pico_gnss pico-gnss-rs/src/main.rs:453)
228.997304 [INFO ] NMEA $GNGSA,A,3,32,12,10,24,15,,,,,,,,1.72,1.45,0.92*12 (pico_gnss pico-gnss-rs/src/main.rs:453)
229.011302 [INFO ] TIME unix_ns=1780920798297182726 ppb=2524 holdover_ms=1297 locked=1 (pico_gnss pico-gnss-rs/src/main.rs:226)
229.027131 [INFO ] NMEA $GNGSA,A,3,,,,,,,,,,,,,1.72,1.45,0.92*13 (pico_gnss pico-gnss-rs/src/main.rs:453)
229.114189 [INFO ] NMEA $GPGSV,3,1,12,12,63,079,16,25,61,182,16,10,57,259,14,23,43,199,*74 (pico_gnss pico-gnss-rs/src/main.rs:453)
229.172877 [INFO ] NMEA $GPGSV,3,2,12,32,38,314,19,24,30,063,16,28,21,266,,15,14,126,16*70 (pico_gnss pico-gnss-rs/src/main.rs:453)
229.235372 [INFO ] NMEA $GPGSV,3,3,12,19,02,041,16,193,,,,194,,,,195,,,*78 (pico_gnss pico-gnss-rs/src/main.rs:453)
229.293918 [INFO ] NMEA $GLGSV,2,1,06,74,77,007,,72,71,359,,71,45,127,,75,44,223,*6A (pico_gnss pico-gnss-rs/src/main.rs:453)
229.352144 [INFO ] NMEA $GLGSV,2,2,06,73,27,034,,65,20,327,*62 (pico_gnss pico-gnss-rs/src/main.rs:453)
229.410814 [INFO ] NMEA $GNRMC,121318.000,A,0000.0000,N,00000.0000,E,2.74,20.98,080626,,,A*4A (pico_gnss pico-gnss-rs/src/main.rs:453)
229.413365 [INFO ] SYNC pps_local_us=153281085 unix_s=1780920798 drift_us=2 err_ns=-12 holdover_ms=1000 (pico_gnss pico-gnss-rs/src/main.rs:484)
229.440523 [INFO ] NMEA $GPVTG,20.98,T,,M,2.74,N,5.08,K,A*02 (pico_gnss pico-gnss-rs/src/main.rs:453)
229.502447 [INFO ] NMEA $GPZDA,121318.000,08,06,2026,,*56 (pico_gnss pico-gnss-rs/src/main.rs:453)
229.528004 [INFO ] NMEA $GPGST,121318.000,10,27,18,28.2,25,20,40*5B (pico_gnss pico-gnss-rs/src/main.rs:453)
229.712778 [INFO ] PPSGEN count=224 interval_ns=1000002400 dev_ns=2400 phase_ns=-1503520 hwphase_ns=2016 (pico_gnss pico-gnss-rs/src/main.rs:296)
229.714048 [INFO ] PPS count=109 interval_us=1000002 interval_ns=1000002528 state=Locked missed=0 (pico_gnss pico-gnss-rs/src/main.rs:192)
229.889913 [INFO ] NMEA $GPGGA,121319.000,0000.0000,N,00000.0000,E,1,5,1.45,27.3,M,39.0,M,,*69 (pico_gnss pico-gnss-rs/src/main.rs:453)
229.948218 [INFO ] NMEA $GNGLL,0000.0000,N,00000.0000,E,121319.000,A,A*4B (pico_gnss pico-gnss-rs/src/main.rs:453)
230.006627 [INFO ] NMEA $GNGSA,A,3,32,12,10,24,15,,,,,,,,1.72,1.45,0.92*12 (pico_gnss pico-gnss-rs/src/main.rs:453)
230.012569 [INFO ] TIME unix_ns=1780920799298422723 ppb=2524 holdover_ms=1298 locked=1 (pico_gnss pico-gnss-rs/src/main.rs:226)
230.047424 [INFO ] NMEA $GNGSA,A,3,,,,,,,,,,,,,1.72,1.45,0.92*13 (pico_gnss pico-gnss-rs/src/main.rs:453)
230.106039 [INFO ] NMEA $GPGSV,3,1,12,12,63,079,16,25,61,182,16,10,57,259,14,23,43,199,*74 (pico_gnss pico-gnss-rs/src/main.rs:453)
230.193420 [INFO ] NMEA $GPGSV,3,2,12,32,38,314,19,24,30,063,16,28,21,266,,15,14,126,16*70 (pico_gnss pico-gnss-rs/src/main.rs:453)
230.251782 [INFO ] NMEA $GPGSV,3,3,12,19,02,041,16,193,,,,194,,,,195,,,*78 (pico_gnss pico-gnss-rs/src/main.rs:453)
230.314461 [INFO ] NMEA $GLGSV,2,1,06,74,77,007,,72,71,359,,71,45,127,,75,44,223,*6A (pico_gnss pico-gnss-rs/src/main.rs:453)
230.343961 [INFO ] NMEA $GLGSV,2,2,06,73,27,034,,65,20,327,*62 (pico_gnss pico-gnss-rs/src/main.rs:453)
230.431346 [INFO ] NMEA $GNRMC,121319.000,A,0000.0000,N,00000.0000,E,1.69,61.95,080626,,,A*43 (pico_gnss pico-gnss-rs/src/main.rs:453)
230.433900 [INFO ] SYNC pps_local_us=154281088 unix_s=1780920799 drift_us=2 err_ns=4 holdover_ms=999 (pico_gnss pico-gnss-rs/src/main.rs:484)
230.461094 [INFO ] NMEA $GPVTG,61.95,T,,M,1.69,N,3.13,K,A*09 (pico_gnss pico-gnss-rs/src/main.rs:453)
230.490258 [INFO ] NMEA $GPZDA,121319.000,08,06,2026,,*57 (pico_gnss pico-gnss-rs/src/main.rs:453)
230.531821 [INFO ] NMEA $GPGST,121319.000,10,23,17,29.1,22,19,31*58 (pico_gnss pico-gnss-rs/src/main.rs:453)
230.712811 [INFO ] PPSGEN count=225 interval_ns=1000002416 dev_ns=2416 phase_ns=-1440520 hwphase_ns=1904 (pico_gnss pico-gnss-rs/src/main.rs:296)
230.714094 [INFO ] PPS count=110 interval_us=1000002 interval_ns=1000002528 state=Locked missed=0 (pico_gnss pico-gnss-rs/src/main.rs:192)
230.879702 [INFO ] NMEA $GPGGA,121320.000,0000.0000,N,00000.0000,E,1,5,1.45,27.3,M,39.0,M,,*64 (pico_gnss pico-gnss-rs/src/main.rs:453)
230.938087 [INFO ] NMEA $GNGLL,0000.0000,N,00000.0000,E,121320.000,A,A*46 (pico_gnss pico-gnss-rs/src/main.rs:453)
230.996447 [INFO ] NMEA $GNGSA,A,3,32,12,10,24,15,,,,,,,,1.72,1.45,0.92*12 (pico_gnss pico-gnss-rs/src/main.rs:453)
231.013839 [INFO ] TIME unix_ns=1780920800299742720 ppb=2524 holdover_ms=1299 locked=1 (pico_gnss pico-gnss-rs/src/main.rs:226)
231.026262 [INFO ] NMEA $GNGSA,A,3,,,,,,,,,,,,,1.72,1.45,0.92*13 (pico_gnss pico-gnss-rs/src/main.rs:453)
231.117461 [INFO ] NMEA $GPGSV,3,1,12,12,63,079,16,25,61,182,16,10,57,259,14,23,43,199,*74 (pico_gnss pico-gnss-rs/src/main.rs:453)
231.176091 [INFO ] NMEA $GPGSV,3,2,12,32,38,314,19,24,30,063,16,28,21,266,,15,14,126,16*70 (pico_gnss pico-gnss-rs/src/main.rs:453)
231.234487 [INFO ] NMEA $GPGSV,3,3,12,19,02,041,17,193,,,,194,,,,195,,,*79 (pico_gnss pico-gnss-rs/src/main.rs:453)
231.293025 [INFO ] NMEA $GLGSV,2,1,06,74,77,007,,72,71,359,,71,45,127,,75,44,223,*6A (pico_gnss pico-gnss-rs/src/main.rs:453)
231.351248 [INFO ] NMEA $GLGSV,2,2,06,73,27,034,,65,20,327,*62 (pico_gnss pico-gnss-rs/src/main.rs:453)
231.414009 [INFO ] NMEA $GNRMC,121320.000,A,0000.0000,N,00000.0000,E,0.71,10.83,080626,,,A*47 (pico_gnss pico-gnss-rs/src/main.rs:453)
231.416598 [INFO ] SYNC pps_local_us=155281090 unix_s=1780920800 drift_us=2 err_ns=4 holdover_ms=1000 (pico_gnss pico-gnss-rs/src/main.rs:484)
231.443771 [INFO ] NMEA $GPVTG,10.83,T,,M,0.71,N,1.32,K,A*01 (pico_gnss pico-gnss-rs/src/main.rs:453)
231.501588 [INFO ] NMEA $GPZDA,121320.000,08,06,2026,,*5D (pico_gnss pico-gnss-rs/src/main.rs:453)
231.528205 [INFO ] NMEA $GPGST,121320.000,9.8,23,17,28.4,22,19,32*7B (pico_gnss pico-gnss-rs/src/main.rs:453)
231.712806 [INFO ] PPSGEN count=226 interval_ns=1000002432 dev_ns=2432 phase_ns=-1480520 hwphase_ns=1808 (pico_gnss pico-gnss-rs/src/main.rs:296)
231.714089 [INFO ] PPS count=111 interval_us=1000002 interval_ns=1000002512 state=Locked missed=0 (pico_gnss pico-gnss-rs/src/main.rs:192)
231.883831 [INFO ] NMEA $GPGGA,121321.000,0000.0000,N,00000.0000,E,1,5,1.45,27.3,M,39.0,M,,*68 (pico_gnss pico-gnss-rs/src/main.rs:453)
231.923650 [INFO ] NMEA $GNGLL,0000.0000,N,00000.0000,E,121321.000,A,A*4A (pico_gnss pico-gnss-rs/src/main.rs:453)
231.982029 [INFO ] NMEA $GNGSA,A,3,32,12,10,24,15,,,,,,,,1.72,1.45,0.92*12 (pico_gnss pico-gnss-rs/src/main.rs:453)
232.015102 [INFO ] TIME unix_ns=1780920801300939717 ppb=2524 holdover_ms=1300 locked=1 (pico_gnss pico-gnss-rs/src/main.rs:226)
232.040603 [INFO ] NMEA $GNGSA,A,3,,,,,,,,,,,,,1.72,1.45,0.92*13 (pico_gnss pico-gnss-rs/src/main.rs:453)
232.098927 [INFO ] NMEA $GPGSV,3,1,12,12,63,079,16,25,61,182,16,10,57,259,14,23,43,199,*74 (pico_gnss pico-gnss-rs/src/main.rs:453)
232.190416 [INFO ] NMEA $GPGSV,3,2,12,32,38,314,19,24,30,063,16,28,21,266,,15,14,126,16*70 (pico_gnss pico-gnss-rs/src/main.rs:453)
232.220101 [INFO ] NMEA $GPGSV,3,3,12,19,02,041,17,193,,,,194,,,,195,,,*79 (pico_gnss pico-gnss-rs/src/main.rs:453)
232.307347 [INFO ] NMEA $GLGSV,2,1,06,74,77,007,,72,71,359,,71,45,127,,75,44,223,*6A (pico_gnss pico-gnss-rs/src/main.rs:453)
232.336858 [INFO ] NMEA $GLGSV,2,2,06,73,27,034,,65,20,327,*62 (pico_gnss pico-gnss-rs/src/main.rs:453)
232.424264 [INFO ] NMEA $GNRMC,121321.000,A,0000.0000,N,00000.0000,E,1.30,344.94,080626,,,A*7B (pico_gnss pico-gnss-rs/src/main.rs:453)
232.426824 [INFO ] SYNC pps_local_us=156281093 unix_s=1780920801 drift_us=2 err_ns=-11 holdover_ms=1000 (pico_gnss pico-gnss-rs/src/main.rs:484)
232.457893 [INFO ] NMEA $GPVTG,344.94,T,,M,1.30,N,2.40,K,A*37 (pico_gnss pico-gnss-rs/src/main.rs:453)
232.487252 [INFO ] NMEA $GPZDA,121321.000,08,06,2026,,*5C (pico_gnss pico-gnss-rs/src/main.rs:453)
232.528874 [INFO ] NMEA $GPGST,121321.000,9.7,23,17,27.5,22,19,33*7A (pico_gnss pico-gnss-rs/src/main.rs:453)
232.712805 [INFO ] PPSGEN count=227 interval_ns=1000002432 dev_ns=2432 phase_ns=-1484520 hwphase_ns=1728 (pico_gnss pico-gnss-rs/src/main.rs:296)
232.714060 [INFO ] PPS count=112 interval_us=1000002 interval_ns=1000002512 state=Locked missed=0 (pico_gnss pico-gnss-rs/src/main.rs:192)
232.885761 [INFO ] NMEA $GPGGA,121322.000,0000.0000,N,00000.0000,E,1,5,1.45,27.3,M,39.0,M,,*65 (pico_gnss pico-gnss-rs/src/main.rs:453)
232.944070 [INFO ] NMEA $GNGLL,0000.0000,N,00000.0000,E,121322.000,A,A*47 (pico_gnss pico-gnss-rs/src/main.rs:453)
232.997306 [INFO ] NMEA $GNGSA,A,3,32,12,10,24,15,,,,,,,,1.72,1.45,0.92*12 (pico_gnss pico-gnss-rs/src/main.rs:453)
233.016372 [INFO ] TIME unix_ns=1780920802302226714 ppb=2524 holdover_ms=1302 locked=1 (pico_gnss pico-gnss-rs/src/main.rs:226)
233.027107 [INFO ] NMEA $GNGSA,A,3,,,,,,,,,,,,,1.72,1.45,0.92*13 (pico_gnss pico-gnss-rs/src/main.rs:453)
233.114162 [INFO ] NMEA $GPGSV,3,1,12,12,63,079,16,25,61,182,16,10,57,259,14,23,42,199,*75 (pico_gnss pico-gnss-rs/src/main.rs:453)
233.172882 [INFO ] NMEA $GPGSV,3,2,12,32,38,314,19,24,30,063,16,28,21,266,,15,14,126,16*70 (pico_gnss pico-gnss-rs/src/main.rs:453)
233.231245 [INFO ] NMEA $GPGSV,3,3,12,19,02,041,17,193,,,,194,,,,195,,,*79 (pico_gnss pico-gnss-rs/src/main.rs:453)
233.293915 [INFO ] NMEA $GLGSV,2,1,06,74,77,007,,72,71,359,,71,45,127,,75,44,223,*6A (pico_gnss pico-gnss-rs/src/main.rs:453)
233.352152 [INFO ] NMEA $GLGSV,2,2,06,73,27,034,,65,20,327,*62 (pico_gnss pico-gnss-rs/src/main.rs:453)
233.410835 [INFO ] NMEA $GNRMC,121322.000,A,0000.0000,N,00000.0000,E,0.98,25.42,080626,,,A*4A (pico_gnss pico-gnss-rs/src/main.rs:453)
233.413392 [INFO ] SYNC pps_local_us=157281095 unix_s=1780920802 drift_us=2 err_ns=-11 holdover_ms=999 (pico_gnss pico-gnss-rs/src/main.rs:484)
233.440542 [INFO ] NMEA $GPVTG,25.42,T,,M,0.98,N,1.82,K,A*06 (pico_gnss pico-gnss-rs/src/main.rs:453)
233.498330 [INFO ] NMEA $GPZDA,121322.000,08,06,2026,,*5F (pico_gnss pico-gnss-rs/src/main.rs:453)
233.529381 [INFO ] NMEA $GPGST,121322.000,9.7,23,17,27.0,22,19,34*7B (pico_gnss pico-gnss-rs/src/main.rs:453)
233.712788 [INFO ] PPSGEN count=228 interval_ns=1000002432 dev_ns=2432 phase_ns=-1466519 hwphase_ns=1648 (pico_gnss pico-gnss-rs/src/main.rs:296)
233.714062 [INFO ] PPS count=113 interval_us=1000002 interval_ns=1000002528 state=Locked missed=0 (pico_gnss pico-gnss-rs/src/main.rs:192)
233.885877 [INFO ] NMEA $GPGGA,121323.000,0000.0000,N,00000.0000,E,1,5,1.45,27.3,M,39.0,M,,*65 (pico_gnss pico-gnss-rs/src/main.rs:453)
233.944199 [INFO ] NMEA $GNGLL,0000.0000,N,00000.0000,E,121323.000,A,A*47 (pico_gnss pico-gnss-rs/src/main.rs:453)
234.002614 [INFO ] NMEA $GNGSA,A,3,32,12,10,24,15,,,,,,,,1.72,1.45,0.92*12 (pico_gnss pico-gnss-rs/src/main.rs:453)
234.017629 [INFO ] TIME unix_ns=1780920803303510711 ppb=2524 holdover_ms=1303 locked=1 (pico_gnss pico-gnss-rs/src/main.rs:226)
234.032396 [INFO ] NMEA $GNGSA,A,3,,,,,,,,,,,,,1.72,1.45,0.92*13 (pico_gnss pico-gnss-rs/src/main.rs:453)
234.100968 [INFO ] NMEA $GPGSV,3,1,12,12,63,079,16,25,61,182,16,10,57,259,14,23,42,199,*75 (pico_gnss pico-gnss-rs/src/main.rs:453)
234.188402 [INFO ] NMEA $GPGSV,3,2,12,32,38,314,19,24,30,063,16,28,21,266,,15,14,126,17*71 (pico_gnss pico-gnss-rs/src/main.rs:453)
234.246789 [INFO ] NMEA $GPGSV,3,3,12,19,02,041,16,193,,,,194,,,,195,,,*78 (pico_gnss pico-gnss-rs/src/main.rs:453)
234.305365 [INFO ] NMEA $GLGSV,2,1,06,74,77,007,,72,71,359,,71,45,127,,75,44,223,*6A (pico_gnss pico-gnss-rs/src/main.rs:453)
234.338879 [INFO ] NMEA $GLGSV,2,2,06,73,27,034,,65,20,327,*62 (pico_gnss pico-gnss-rs/src/main.rs:453)
234.426359 [INFO ] NMEA $GNRMC,121323.000,A,0000.0000,N,00000.0000,E,0.85,134.54,080626,,,A*70 (pico_gnss pico-gnss-rs/src/main.rs:453)
234.428937 [INFO ] SYNC pps_local_us=158281098 unix_s=1780920803 drift_us=2 err_ns=5 holdover_ms=1000 (pico_gnss pico-gnss-rs/src/main.rs:484)
234.456079 [INFO ] NMEA $GPVTG,134.54,T,,M,0.85,N,1.57,K,A*34 (pico_gnss pico-gnss-rs/src/main.rs:453)
234.485226 [INFO ] NMEA $GPZDA,121323.000,08,06,2026,,*5E (pico_gnss pico-gnss-rs/src/main.rs:453)
234.531044 [INFO ] NMEA $GPGST,121323.000,9.6,24,17,26.8,23,19,35*75 (pico_gnss pico-gnss-rs/src/main.rs:453)
234.712800 [INFO ] PPSGEN count=229 interval_ns=1000002432 dev_ns=2432 phase_ns=-1455519 hwphase_ns=1552 (pico_gnss pico-gnss-rs/src/main.rs:296)
234.714063 [INFO ] PPS count=114 interval_us=1000002 interval_ns=1000002512 state=Locked missed=0 (pico_gnss pico-gnss-rs/src/main.rs:192)
234.878414 [INFO ] NMEA $GPGGA,121324.000,0000.0000,N,00000.0000,E,1,5,1.45,27.3,M,39.0,M,,*66 (pico_gnss pico-gnss-rs/src/main.rs:453)
234.936742 [INFO ] NMEA $GNGLL,0000.0000,N,00000.0000,E,121324.000,A,A*44 (pico_gnss pico-gnss-rs/src/main.rs:453)
234.995121 [INFO ] NMEA $GNGSA,A,3,32,12,10,24,15,,,,,,,,1.72,1.45,0.92*12 (pico_gnss pico-gnss-rs/src/main.rs:453)
235.018891 [INFO ] TIME unix_ns=1780920804304762708 ppb=2523 holdover_ms=1304 locked=1 (pico_gnss pico-gnss-rs/src/main.rs:226)
235.053383 [INFO ] NMEA $GNGSA,A,3,,,,,,,,,,,,,1.72,1.45,0.92*13 (pico_gnss pico-gnss-rs/src/main.rs:453)
235.111991 [INFO ] NMEA $GPGSV,3,1,12,12,63,079,16,25,62,181,16,10,57,259,14,23,42,199,*75 (pico_gnss pico-gnss-rs/src/main.rs:453)
235.174726 [INFO ] NMEA $GPGSV,3,2,12,32,38,314,19,24,30,063,16,28,21,266,,15,14,126,17*71 (pico_gnss pico-gnss-rs/src/main.rs:453)
235.233118 [INFO ] NMEA $GPGSV,3,3,12,19,02,041,16,193,,,,194,,,,195,,,*78 (pico_gnss pico-gnss-rs/src/main.rs:453)
235.291688 [INFO ] NMEA $GLGSV,2,1,06,74,77,007,,72,71,359,,71,45,127,,75,44,223,*6A (pico_gnss pico-gnss-rs/src/main.rs:453)
235.349870 [INFO ] NMEA $GLGSV,2,2,06,73,27,034,,65,20,327,*62 (pico_gnss pico-gnss-rs/src/main.rs:453)
235.412677 [INFO ] NMEA $GNRMC,121324.000,A,0000.0000,N,00000.0000,E,0.84,315.41,080626,,,A*77 (pico_gnss pico-gnss-rs/src/main.rs:453)
235.415245 [INFO ] SYNC pps_local_us=159281100 unix_s=1780920804 drift_us=2 err_ns=-11 holdover_ms=1000 (pico_gnss pico-gnss-rs/src/main.rs:484)
235.470974 [INFO ] NMEA $GPVTG,315.41,T,,M,0.84,N,1.55,K,A*32 (pico_gnss pico-gnss-rs/src/main.rs:453)
235.500327 [INFO ] NMEA $GPZDA,121324.000,08,06,2026,,*59 (pico_gnss pico-gnss-rs/src/main.rs:453)
235.529825 [INFO ] NMEA $GPGST,121324.000,9.5,24,18,25.9,23,19,37*7E (pico_gnss pico-gnss-rs/src/main.rs:453)
235.712805 [INFO ] PPSGEN count=230 interval_ns=1000002448 dev_ns=2448 phase_ns=-1448519 hwphase_ns=1488 (pico_gnss pico-gnss-rs/src/main.rs:296)
235.714075 [INFO ] PPS count=115 interval_us=1000002 interval_ns=1000002528 state=Locked missed=0 (pico_gnss pico-gnss-rs/src/main.rs:192)
235.885564 [INFO ] NMEA $GPGGA,121325.000,0000.0000,N,00000.0000,E,1,5,1.45,27.3,M,39.0,M,,*69 (pico_gnss pico-gnss-rs/src/main.rs:453)
235.947966 [INFO ] NMEA $GNGLL,0000.0000,N,00000.0000,E,121325.000,A,A*4B (pico_gnss pico-gnss-rs/src/main.rs:453)
236.006367 [INFO ] NMEA $GNGSA,A,3,32,12,10,24,15,,,,,,,,1.72,1.45,0.92*12 (pico_gnss pico-gnss-rs/src/main.rs:453)
236.020150 [INFO ] TIME unix_ns=1780920805306029705 ppb=2523 holdover_ms=1306 locked=1 (pico_gnss pico-gnss-rs/src/main.rs:226)
236.036191 [INFO ] NMEA $GNGSA,A,3,,,,,,,,,,,,,1.72,1.45,0.92*13 (pico_gnss pico-gnss-rs/src/main.rs:453)
236.094477 [INFO ] NMEA $GPGSV,3,1,12,12,63,079,16,25,62,181,16,10,57,259,15,23,42,199,*74 (pico_gnss pico-gnss-rs/src/main.rs:453)
236.181846 [INFO ] NMEA $GPGSV,3,2,12,32,38,314,19,24,30,063,16,28,21,266,,15,14,126,17*71 (pico_gnss pico-gnss-rs/src/main.rs:453)
236.244383 [INFO ] NMEA $GPGSV,3,3,12,19,02,041,16,193,,,,194,,,,195,,,*78 (pico_gnss pico-gnss-rs/src/main.rs:453)
236.302993 [INFO ] NMEA $GLGSV,2,1,06,74,77,007,,72,71,359,,71,45,127,,75,44,223,*6A (pico_gnss pico-gnss-rs/src/main.rs:453)
236.332438 [INFO ] NMEA $GLGSV,2,2,06,73,27,034,,65,20,327,*62 (pico_gnss pico-gnss-rs/src/main.rs:453)
236.419902 [INFO ] NMEA $GNRMC,121325.000,A,0000.0000,N,00000.0000,E,1.22,323.40,080626,,,A*71 (pico_gnss pico-gnss-rs/src/main.rs:453)
236.422484 [INFO ] SYNC pps_local_us=160281103 unix_s=1780920805 drift_us=2 err_ns=5 holdover_ms=1000 (pico_gnss pico-gnss-rs/src/main.rs:484)
236.449616 [INFO ] NMEA $GPVTG,323.40,T,,M,1.22,N,2.26,K,A*3C (pico_gnss pico-gnss-rs/src/main.rs:453)
236.482743 [INFO ] NMEA $GPZDA,121325.000,08,06,2026,,*58 (pico_gnss pico-gnss-rs/src/main.rs:453)
236.530750 [INFO ] NMEA $GPGST,121325.000,9.4,25,18,25.6,24,19,38*78 (pico_gnss pico-gnss-rs/src/main.rs:453)
236.712828 [INFO ] PPSGEN count=231 interval_ns=1000002448 dev_ns=2448 phase_ns=-1463519 hwphase_ns=1408 (pico_gnss pico-gnss-rs/src/main.rs:296)
236.714079 [INFO ] PPS count=116 interval_us=1000002 interval_ns=1000002512 state=Locked missed=0 (pico_gnss pico-gnss-rs/src/main.rs:192)
236.890112 [INFO ] NMEA $GPGGA,121326.000,0000.0000,N,00000.0000,E,1,5,1.45,27.3,M,39.0,M,,*62 (pico_gnss pico-gnss-rs/src/main.rs:453)
236.948415 [INFO ] NMEA $GNGLL,0000.0000,N,00000.0000,E,121326.000,A,A*40 (pico_gnss pico-gnss-rs/src/main.rs:453)
237.006791 [INFO ] NMEA $GNGSA,A,3,32,12,10,24,15,,,,,,,,1.72,1.45,0.92*12 (pico_gnss pico-gnss-rs/src/main.rs:453)
237.021414 [INFO ] TIME unix_ns=1780920806307266702 ppb=2523 holdover_ms=1307 locked=1 (pico_gnss pico-gnss-rs/src/main.rs:226)
237.053798 [INFO ] NMEA $GNGSA,A,3,,,,,,,,,,,,,1.72,1.45,0.92*13 (pico_gnss pico-gnss-rs/src/main.rs:453)
237.112363 [INFO ] NMEA $GPGSV,3,1,12,12,63,079,15,25,62,181,16,10,57,259,15,23,42,199,*77 (pico_gnss pico-gnss-rs/src/main.rs:453)
237.171024 [INFO ] NMEA $GPGSV,3,2,12,32,38,314,19,24,30,063,16,28,21,266,,15,14,126,17*71 (pico_gnss pico-gnss-rs/src/main.rs:453)
237.229382 [INFO ] NMEA $GPGSV,3,3,12,19,02,041,16,193,,,,194,,,,195,,,*78 (pico_gnss pico-gnss-rs/src/main.rs:453)
237.292039 [INFO ] NMEA $GLGSV,2,1,06,74,77,007,,72,71,359,,71,45,127,,75,44,223,*6A (pico_gnss pico-gnss-rs/src/main.rs:453)
237.350239 [INFO ] NMEA $GLGSV,2,2,06,73,27,034,,65,20,327,*62 (pico_gnss pico-gnss-rs/src/main.rs:453)
237.408965 [INFO ] NMEA $GNRMC,121326.000,A,0000.0000,N,00000.0000,E,0.59,306.38,080626,,,A*7F (pico_gnss pico-gnss-rs/src/main.rs:453)
237.411537 [INFO ] SYNC pps_local_us=161281106 unix_s=1780920806 drift_us=2 err_ns=-11 holdover_ms=999 (pico_gnss pico-gnss-rs/src/main.rs:484)
237.467214 [INFO ] NMEA $GPVTG,306.38,T,,M,0.59,N,1.10,K,A*3F (pico_gnss pico-gnss-rs/src/main.rs:453)
237.496599 [INFO ] NMEA $GPZDA,121326.000,08,06,2026,,*5B (pico_gnss pico-gnss-rs/src/main.rs:453)
237.535284 [INFO ] NMEA $GPGST,121326.000,9.3,26,18,25.5,25,20,40*78 (pico_gnss pico-gnss-rs/src/main.rs:453)
237.712843 [INFO ] PPSGEN count=232 interval_ns=1000002464 dev_ns=2464 phase_ns=-1457519 hwphase_ns=1360 (pico_gnss pico-gnss-rs/src/main.rs:296)
237.714091 [INFO ] PPS count=117 interval_us=1000002 interval_ns=1000002512 state=Locked missed=0 (pico_gnss pico-gnss-rs/src/main.rs:192)
237.887864 [INFO ] NMEA $GPGGA,121327.000,0000.0000,N,00000.0000,E,1,4,1.48,27.4,M,39.0,M,,*61 (pico_gnss pico-gnss-rs/src/main.rs:453)
237.946154 [INFO ] NMEA $GNGLL,0000.0000,N,00000.0000,E,121327.000,A,A*48 (pico_gnss pico-gnss-rs/src/main.rs:453)
238.004551 [INFO ] NMEA $GNGSA,A,3,32,10,24,15,,,,,,,,,1.77,1.48,0.98*13 (pico_gnss pico-gnss-rs/src/main.rs:453)
238.022664 [INFO ] TIME unix_ns=1780920807308529699 ppb=2523 holdover_ms=1308 locked=1 (pico_gnss pico-gnss-rs/src/main.rs:226)
238.034316 [INFO ] NMEA $GNGSA,A,3,,,,,,,,,,,,,1.77,1.48,0.98*11 (pico_gnss pico-gnss-rs/src/main.rs:453)
238.094675 [INFO ] NMEA $GPGSV,3,1,12,12,63,079,13,25,62,181,16,10,57,259,16,23,42,199,*72 (pico_gnss pico-gnss-rs/src/main.rs:453)
238.182074 [INFO ] NMEA $GPGSV,3,2,12,32,38,314,19,24,30,063,16,28,21,266,,15,14,126,17*71 (pico_gnss pico-gnss-rs/src/main.rs:453)
238.240486 [INFO ] NMEA $GPGSV,3,3,12,19,02,041,16,193,,,,194,,,,195,,,*78 (pico_gnss pico-gnss-rs/src/main.rs:453)
238.299038 [INFO ] NMEA $GLGSV,2,1,06,74,77,007,,72,71,359,,71,45,127,,75,44,223,*6A (pico_gnss pico-gnss-rs/src/main.rs:453)
238.328497 [INFO ] NMEA $GLGSV,2,2,06,73,27,034,,65,20,327,*62 (pico_gnss pico-gnss-rs/src/main.rs:453)
238.420068 [INFO ] NMEA $GNRMC,121327.000,A,0000.0000,N,00000.0000,E,0.42,306.38,080626,,,A*7D (pico_gnss pico-gnss-rs/src/main.rs:453)
238.422630 [INFO ] SYNC pps_local_us=162281108 unix_s=1780920807 drift_us=2 err_ns=-10 holdover_ms=1000 (pico_gnss pico-gnss-rs/src/main.rs:484)
238.449803 [INFO ] NMEA $GPVTG,306.38,T,,M,0.42,N,0.77,K,A*35 (pico_gnss pico-gnss-rs/src/main.rs:453)
238.478931 [INFO ] NMEA $GPZDA,121327.000,08,06,2026,,*5A (pico_gnss pico-gnss-rs/src/main.rs:453)
238.531001 [INFO ] NMEA $GPGST,121327.000,9.3,25,18,25.3,24,19,39*79 (pico_gnss pico-gnss-rs/src/main.rs:453)
238.712814 [INFO ] PPSGEN count=233 interval_ns=1000002448 dev_ns=2448 phase_ns=-1498518 hwphase_ns=1296 (pico_gnss pico-gnss-rs/src/main.rs:296)
238.714087 [INFO ] PPS count=118 interval_us=1000002 interval_ns=1000002528 state=Locked missed=0 (pico_gnss pico-gnss-rs/src/main.rs:192)
238.901382 [INFO ] NMEA $GPGGA,121328.000,0000.0000,N,00000.0000,E,1,4,1.48,27.4,M,39.0,M,,*63 (pico_gnss pico-gnss-rs/src/main.rs:453)
238.931019 [INFO ] NMEA $GNGLL,0000.0000,N,00000.0000,E,121328.000,A,A*4A (pico_gnss pico-gnss-rs/src/main.rs:453)
238.989300 [INFO ] NMEA $GNGSA,A,3,32,10,24,15,,,,,,,,,1.77,1.48,0.98*13 (pico_gnss pico-gnss-rs/src/main.rs:453)
239.023945 [INFO ] TIME unix_ns=1780920808309759696 ppb=2523 holdover_ms=1309 locked=1 (pico_gnss pico-gnss-rs/src/main.rs:226)
239.047838 [INFO ] NMEA $GNGSA,A,3,,,,,,,,,,,,,1.77,1.48,0.98*11 (pico_gnss pico-gnss-rs/src/main.rs:453)
239.106193 [INFO ] NMEA $GPGSV,4,1,13,12,63,079,14,25,62,181,16,10,57,259,16,23,42,199,*73 (pico_gnss pico-gnss-rs/src/main.rs:453)
239.168926 [INFO ] NMEA $GPGSV,4,2,13,32,38,314,19,24,30,063,16,28,21,266,,15,14,126,17*77 (pico_gnss pico-gnss-rs/src/main.rs:453)
239.227379 [INFO ] NMEA $GPGSV,4,3,13,19,02,041,16,29,01,160,,193,,,,194,,,*7E (pico_gnss pico-gnss-rs/src/main.rs:453)
239.256619 [INFO ] NMEA $GPGSV,4,4,13,195,,,*46 (pico_gnss pico-gnss-rs/src/main.rs:453)
239.315095 [INFO ] NMEA $GLGSV,2,1,06,74,77,007,,72,71,359,,71,45,127,,75,44,223,*6A (pico_gnss pico-gnss-rs/src/main.rs:453)
239.373319 [INFO ] NMEA $GLGSV,2,2,06,73,27,034,,65,20,327,*62 (pico_gnss pico-gnss-rs/src/main.rs:453)
239.436114 [INFO ] NMEA $GNRMC,121328.000,A,0000.0000,N,00000.0000,E,1.15,29.76,080626,,,A*48 (pico_gnss pico-gnss-rs/src/main.rs:453)
239.438694 [INFO ] SYNC pps_local_us=163281111 unix_s=1780920808 drift_us=2 err_ns=6 holdover_ms=999 (pico_gnss pico-gnss-rs/src/main.rs:484)
239.494345 [INFO ] NMEA $GPVTG,29.76,T,,M,1.15,N,2.14,K,A*05 (pico_gnss pico-gnss-rs/src/main.rs:453)
239.523736 [INFO ] NMEA $GPZDA,121328.000,08,06,2026,,*55 (pico_gnss pico-gnss-rs/src/main.rs:453)
239.559077 [INFO ] NMEA $GPGST,121328.000,9.2,25,18,25.4,24,19,39*70 (pico_gnss pico-gnss-rs/src/main.rs:453)
239.712799 [INFO ] PPSGEN count=234 interval_ns=1000002464 dev_ns=2464 phase_ns=-1464519 hwphase_ns=1232 (pico_gnss pico-gnss-rs/src/main.rs:296)
239.714060 [INFO ] PPS count=119 interval_us=1000002 interval_ns=1000002512 state=Locked missed=0 (pico_gnss pico-gnss-rs/src/main.rs:192)
239.896814 [INFO ] NMEA $GPGGA,121329.000,0000.0000,N,00000.0000,E,1,4,1.48,27.4,M,39.0,M,,*67 (pico_gnss pico-gnss-rs/src/main.rs:453)
239.956129 [INFO ] NMEA $GNGLL,0000.0000,N,00000.0000,E,121329.000,A,A*4E (pico_gnss pico-gnss-rs/src/main.rs:453)
240.014500 [INFO ] NMEA $GNGSA,A,3,32,10,24,15,,,,,,,,,1.77,1.48,0.98*13 (pico_gnss pico-gnss-rs/src/main.rs:453)
240.025207 [INFO ] TIME unix_ns=1780920809311071693 ppb=2523 holdover_ms=1311 locked=1 (pico_gnss pico-gnss-rs/src/main.rs:226)
240.044320 [INFO ] NMEA $GNGSA,A,3,,,,,,,,,,,,,1.77,1.48,0.98*11 (pico_gnss pico-gnss-rs/src/main.rs:453)
240.131342 [INFO ] NMEA $GPGSV,4,1,13,12,63,079,16,25,62,181,16,10,57,259,16,23,42,199,*71 (pico_gnss pico-gnss-rs/src/main.rs:453)
240.190000 [INFO ] NMEA $GPGSV,4,2,13,32,38,314,19,24,30,063,16,28,21,266,,15,14,126,17*77 (pico_gnss pico-gnss-rs/src/main.rs:453)
240.252570 [INFO ] NMEA $GPGSV,4,3,13,19,02,041,16,29,01,160,,193,,,,194,,,*7E (pico_gnss pico-gnss-rs/src/main.rs:453)
240.281827 [INFO ] NMEA $GPGSV,4,4,13,195,,,*46 (pico_gnss pico-gnss-rs/src/main.rs:453)
240.340286 [INFO ] NMEA $GLGSV,2,1,06,74,77,007,,72,71,359,,71,45,127,,75,44,223,*6A (pico_gnss pico-gnss-rs/src/main.rs:453)
240.369795 [INFO ] NMEA $GLGSV,2,2,06,73,27,034,,65,20,327,*62 (pico_gnss pico-gnss-rs/src/main.rs:453)
240.457196 [INFO ] NMEA $GNRMC,121329.000,A,0000.0000,N,00000.0000,E,0.70,313.51,080626,,,A*71 (pico_gnss pico-gnss-rs/src/main.rs:453)
240.459774 [INFO ] SYNC pps_local_us=164281113 unix_s=1780920809 drift_us=2 err_ns=-10 holdover_ms=999 (pico_gnss pico-gnss-rs/src/main.rs:484)
240.490793 [INFO ] NMEA $GPVTG,313.51,T,,M,0.70,N,1.29,K,A*35 (pico_gnss pico-gnss-rs/src/main.rs:453)
240.520172 [INFO ] NMEA $GPZDA,121329.000,08,06,2026,,*54 (pico_gnss pico-gnss-rs/src/main.rs:453)
240.570176 [INFO ] NMEA $GPGST,121329.000,9.2,25,18,25.4,24,19,39*71 (pico_gnss pico-gnss-rs/src/main.rs:453)
240.712826 [INFO ] PPSGEN count=235 interval_ns=1000002464 dev_ns=2464 phase_ns=-1448518 hwphase_ns=1184 (pico_gnss pico-gnss-rs/src/main.rs:296)
240.714091 [INFO ] PPS count=120 interval_us=1000002 interval_ns=1000002528 state=Locked missed=0 (pico_gnss pico-gnss-rs/src/main.rs:192)
240.887948 [INFO ] NMEA $GPGGA,121330.000,0000.0000,N,00000.0000,E,1,5,1.45,27.3,M,39.0,M,,*68 (pico_gnss pico-gnss-rs/src/main.rs:453)
240.946234 [INFO ] NMEA $GNGLL,0000.0000,N,00000.0000,E,121330.000,A,A*4A (pico_gnss pico-gnss-rs/src/main.rs:453)
240.991274 [INFO ] NMEA $GNGSA,A,3,32,12,10,24,15,,,,,,,,1.72,1.45,0.92*12 (pico_gnss pico-gnss-rs/src/main.rs:453)
241.026484 [INFO ] TIME unix_ns=1780920810312338690 ppb=2523 holdover_ms=1312 locked=1 (pico_gnss pico-gnss-rs/src/main.rs:226)
241.049811 [INFO ] NMEA $GNGSA,A,3,,,,,,,,,,,,,1.72,1.45,0.92*13 (pico_gnss pico-gnss-rs/src/main.rs:453)
241.108138 [INFO ] NMEA $GPGSV,4,1,13,12,63,079,16,25,62,181,16,10,57,259,16,23,42,199,*71 (pico_gnss pico-gnss-rs/src/main.rs:453)
241.195504 [INFO ] NMEA $GPGSV,4,2,13,32,38,314,19,24,30,063,16,28,21,266,,15,14,126,17*77 (pico_gnss pico-gnss-rs/src/main.rs:453)
241.253928 [INFO ] NMEA $GPGSV,4,3,13,19,02,041,16,29,01,160,,193,,,,194,,,*7E (pico_gnss pico-gnss-rs/src/main.rs:453)
241.258589 [INFO ] NMEA $GPGSV,4,4,13,195,,,*46 (pico_gnss pico-gnss-rs/src/main.rs:453)
241.317034 [INFO ] NMEA $GLGSV,2,1,06,74,77,007,,72,71,359,,71,45,127,,75,44,223,*6A (pico_gnss pico-gnss-rs/src/main.rs:453)
241.375259 [INFO ] NMEA $GLGSV,2,2,06,73,27,034,,65,20,327,*62 (pico_gnss pico-gnss-rs/src/main.rs:453)
241.433950 [INFO ] NMEA $GNRMC,121330.000,A,0000.0000,N,00000.0000,E,1.52,350.29,080626,,,A*7C (pico_gnss pico-gnss-rs/src/main.rs:453)
241.436513 [INFO ] SYNC pps_local_us=165281116 unix_s=1780920810 drift_us=2 err_ns=6 holdover_ms=1000 (pico_gnss pico-gnss-rs/src/main.rs:484)
241.492250 [INFO ] NMEA $GPVTG,350.29,T,,M,1.52,N,2.82,K,A*3E (pico_gnss pico-gnss-rs/src/main.rs:453)
241.525633 [INFO ] NMEA $GPZDA,121330.000,08,06,2026,,*5C (pico_gnss pico-gnss-rs/src/main.rs:453)
241.563169 [INFO ] NMEA $GPGST,121330.000,9.1,25,18,24.7,24,20,42*7E (pico_gnss pico-gnss-rs/src/main.rs:453)
241.712824 [INFO ] PPSGEN count=236 interval_ns=1000002480 dev_ns=2480 phase_ns=-1472519 hwphase_ns=1136 (pico_gnss pico-gnss-rs/src/main.rs:296)
241.714115 [INFO ] PPS count=121 interval_us=1000002 interval_ns=1000002512 state=Locked missed=0 (pico_gnss pico-gnss-rs/src/main.rs:192)
241.836045 [INFO ] NMEA $GPGGA,121331.000,0000.0000,N,00000.0000,E,1,5,1.45,27.3,M,39.0,M,,*61 (pico_gnss pico-gnss-rs/src/main.rs:453)
241.894342 [INFO ] NMEA $GNGLL,0000.0000,N,00000.0000,E,121331.000,A,A*43 (pico_gnss pico-gnss-rs/src/main.rs:453)
241.952762 [INFO ] NMEA $GNGSA,A,3,32,12,10,24,15,,,,,,,,1.72,1.45,0.92*12 (pico_gnss pico-gnss-rs/src/main.rs:453)
241.981209 [INFO ] NMEA $GNGSA,A,3,,,,,,,,,,,,,1.72,1.45,0.92*13 (pico_gnss pico-gnss-rs/src/main.rs:453)
242.027765 [INFO ] TIME unix_ns=1780920811313595687 ppb=2522 holdover_ms=1313 locked=1 (pico_gnss pico-gnss-rs/src/main.rs:226)
242.068654 [INFO ] NMEA $GPGSV,4,1,13,12,63,079,17,25,62,181,16,10,57,259,15,23,42,199,*73 (pico_gnss pico-gnss-rs/src/main.rs:453)
242.127221 [INFO ] NMEA $GPGSV,4,2,13,32,39,315,19,24,30,063,16,28,21,266,,15,14,126,16*76 (pico_gnss pico-gnss-rs/src/main.rs:453)
242.185700 [INFO ] NMEA $GPGSV,4,3,13,19,02,041,16,29,01,160,,193,,,,194,,,*7E (pico_gnss pico-gnss-rs/src/main.rs:453)
242.214901 [INFO ] NMEA $GPGSV,4,4,13,195,,,*46 (pico_gnss pico-gnss-rs/src/main.rs:453)
242.277507 [INFO ] NMEA $GLGSV,2,1,06,74,77,007,,72,71,359,,71,45,127,,75,44,223,*6A (pico_gnss pico-gnss-rs/src/main.rs:453)
242.307001 [INFO ] NMEA $GLGSV,2,2,06,73,27,034,,65,20,327,*62 (pico_gnss pico-gnss-rs/src/main.rs:453)
242.394395 [INFO ] NMEA $GNRMC,121331.000,A,0000.0000,N,00000.0000,E,2.09,29.88,080626,,,A*4E (pico_gnss pico-gnss-rs/src/main.rs:453)
242.396954 [INFO ] SYNC pps_local_us=166281118 unix_s=1780920811 drift_us=2 err_ns=-10 holdover_ms=1000 (pico_gnss pico-gnss-rs/src/main.rs:484)
242.424140 [INFO ] NMEA $GPVTG,29.88,T,,M,2.09,N,3.87,K,A*01 (pico_gnss pico-gnss-rs/src/main.rs:453)
242.481912 [INFO ] NMEA $GPZDA,121331.000,08,06,2026,,*5D (pico_gnss pico-gnss-rs/src/main.rs:453)
242.509857 [INFO ] NMEA $GPGST,121331.000,9.1,25,18,25.0,24,20,42*79 (pico_gnss pico-gnss-rs/src/main.rs:453)
242.712827 [INFO ] PPSGEN count=237 interval_ns=1000002464 dev_ns=2464 phase_ns=-1475518 hwphase_ns=1088 (pico_gnss pico-gnss-rs/src/main.rs:296)
242.714108 [INFO ] PPS count=122 interval_us=1000002 interval_ns=1000002512 state=Locked missed=0 (pico_gnss pico-gnss-rs/src/main.rs:192)
242.889910 [INFO ] NMEA $GPGGA,121332.000,0000.0000,N,00000.0000,E,1,5,1.45,27.2,M,39.0,M,,*62 (pico_gnss pico-gnss-rs/src/main.rs:453)
242.948240 [INFO ] NMEA $GNGLL,0000.0000,N,00000.0000,E,121332.000,A,A*41 (pico_gnss pico-gnss-rs/src/main.rs:453)
243.006627 [INFO ] NMEA $GNGSA,A,3,32,12,10,24,15,,,,,,,,1.72,1.45,0.92*12 (pico_gnss pico-gnss-rs/src/main.rs:453)
243.029040 [INFO ] TIME unix_ns=1780920812314872684 ppb=2522 holdover_ms=1314 locked=1 (pico_gnss pico-gnss-rs/src/main.rs:226)
243.036444 [INFO ] NMEA $GNGSA,A,3,,,,,,,,,,,,,1.72,1.45,0.92*13 (pico_gnss pico-gnss-rs/src/main.rs:453)
243.108069 [INFO ] NMEA $GPGSV,4,1,13,12,63,079,17,25,62,181,16,10,57,259,14,23,42,199,*72 (pico_gnss pico-gnss-rs/src/main.rs:453)
243.195477 [INFO ] NMEA $GPGSV,4,2,13,32,39,315,19,24,30,063,15,28,21,266,,15,14,126,16*75 (pico_gnss pico-gnss-rs/src/main.rs:453)
243.253968 [INFO ] NMEA $GPGSV,4,3,13,19,02,041,16,29,01,160,,193,,,,194,,,*7E (pico_gnss pico-gnss-rs/src/main.rs:453)
243.255343 [INFO ] NMEA $GPGSV,4,4,13,195,,,*46 (pico_gnss pico-gnss-rs/src/main.rs:453)
243.345747 [INFO ] NMEA $GLGSV,2,1,06,74,77,007,,72,71,359,,71,45,127,,75,44,223,*6A (pico_gnss pico-gnss-rs/src/main.rs:453)
243.375278 [INFO ] NMEA $GLGSV,2,2,06,73,27,034,,65,20,327,*62 (pico_gnss pico-gnss-rs/src/main.rs:453)
243.462630 [INFO ] NMEA $GNRMC,121332.000,A,0000.0000,N,00000.0000,E,0.99,25.35,080626,,,A*4D (pico_gnss pico-gnss-rs/src/main.rs:453)
243.465202 [INFO ] SYNC pps_local_us=167281121 unix_s=1780920812 drift_us=2 err_ns=-10 holdover_ms=999 (pico_gnss pico-gnss-rs/src/main.rs:484)
243.492415 [INFO ] NMEA $GPVTG,25.35,T,,M,0.99,N,1.84,K,A*01 (pico_gnss pico-gnss-rs/src/main.rs:453)
243.521574 [INFO ] NMEA $GPZDA,121332.000,08,06,2026,,*5E (pico_gnss pico-gnss-rs/src/main.rs:453)
243.563149 [INFO ] NMEA $GPGST,121332.000,9.1,22,18,27.5,21,19,35*75 (pico_gnss pico-gnss-rs/src/main.rs:453)
243.712824 [INFO ] PPSGEN count=238 interval_ns=1000002480 dev_ns=2480 phase_ns=-1476518 hwphase_ns=1056 (pico_gnss pico-gnss-rs/src/main.rs:296)
243.714102 [INFO ] PPS count=123 interval_us=1000002 interval_ns=1000002528 state=Locked missed=0 (pico_gnss pico-gnss-rs/src/main.rs:192)
243.886861 [INFO ] NMEA $GPGGA,121333.000,0000.0000,N,00000.0000,E,1,5,1.45,27.2,M,39.0,M,,*6A (pico_gnss pico-gnss-rs/src/main.rs:453)
243.945234 [INFO ] NMEA $GNGLL,0000.0000,N,00000.0000,E,121333.000,A,A*49 (pico_gnss pico-gnss-rs/src/main.rs:453)
244.003592 [INFO ] NMEA $GNGSA,A,3,32,12,10,24,15,,,,,,,,1.72,1.45,0.92*12 (pico_gnss pico-gnss-rs/src/main.rs:453)
244.030299 [INFO ] TIME unix_ns=1780920813316148681 ppb=2522 holdover_ms=1316 locked=1 (pico_gnss pico-gnss-rs/src/main.rs:226)
244.033412 [INFO ] NMEA $GNGSA,A,3,,,,,,,,,,,,,1.72,1.45,0.92*13 (pico_gnss pico-gnss-rs/src/main.rs:453)
244.124608 [INFO ] NMEA $GPGSV,4,1,13,12,63,079,17,25,62,181,16,10,57,259,14,23,42,199,*72 (pico_gnss pico-gnss-rs/src/main.rs:453)
244.183228 [INFO ] NMEA $GPGSV,4,2,13,32,39,315,19,24,30,063,15,28,21,266,,15,14,126,16*75 (pico_gnss pico-gnss-rs/src/main.rs:453)
244.241714 [INFO ] NMEA $GPGSV,4,3,13,19,02,041,16,29,01,160,,193,,,,194,,,*7E (pico_gnss pico-gnss-rs/src/main.rs:453)
244.270939 [INFO ] NMEA $GPGSV,4,4,13,195,,,*46 (pico_gnss pico-gnss-rs/src/main.rs:453)
244.329436 [INFO ] NMEA $GLGSV,2,1,06,74,77,007,,72,71,359,,71,45,127,,75,44,223,*6A (pico_gnss pico-gnss-rs/src/main.rs:453)
244.387609 [INFO ] NMEA $GLGSV,2,2,06,73,27,034,,65,20,327,*62 (pico_gnss pico-gnss-rs/src/main.rs:453)
244.450481 [INFO ] NMEA $GNRMC,121333.000,A,0000.0000,N,00000.0000,E,1.00,20.18,080626,,,A*4E (pico_gnss pico-gnss-rs/src/main.rs:453)
244.453051 [INFO ] SYNC pps_local_us=168281123 unix_s=1780920813 drift_us=2 err_ns=6 holdover_ms=1000 (pico_gnss pico-gnss-rs/src/main.rs:484)
244.480216 [INFO ] NMEA $GPVTG,20.18,T,,M,1.00,N,1.85,K,A*0B (pico_gnss pico-gnss-rs/src/main.rs:453)
244.537996 [INFO ] NMEA $GPZDA,121333.000,08,06,2026,,*5F (pico_gnss pico-gnss-rs/src/main.rs:453)
244.565700 [INFO ] NMEA $GPGST,121333.000,9.1,23,18,28.2,22,19,35*7E (pico_gnss pico-gnss-rs/src/main.rs:453)
244.712830 [INFO ] PPSGEN count=239 interval_ns=1000002480 dev_ns=2480 phase_ns=-1464518 hwphase_ns=1008 (pico_gnss pico-gnss-rs/src/main.rs:296)
244.714101 [INFO ] PPS count=124 interval_us=1000002 interval_ns=1000002512 state=Locked missed=0 (pico_gnss pico-gnss-rs/src/main.rs:192)
244.843183 [INFO ] NMEA $GPGGA,121334.000,0000.0000,N,00000.0000,E,1,5,1.45,27.3,M,39.0,M,,*6F (pico_gnss pico-gnss-rs/src/main.rs:453)
244.901507 [INFO ] NMEA $GNGLL,0000.0000,N,00000.0000,E,121334.000,A,A*4D (pico_gnss pico-gnss-rs/src/main.rs:453)
244.931226 [INFO ] NMEA $GNGSA,A,3,32,12,10,24,15,,,,,,,,1.72,1.45,0.92*12 (pico_gnss pico-gnss-rs/src/main.rs:453)
244.989351 [INFO ] NMEA $GNGSA,A,3,,,,,,,,,,,,,1.72,1.45,0.92*13 (pico_gnss pico-gnss-rs/src/main.rs:453)
245.031575 [INFO ] TIME unix_ns=1780920814317391678 ppb=2522 holdover_ms=1317 locked=1 (pico_gnss pico-gnss-rs/src/main.rs:226)
245.048314 [INFO ] NMEA $GPGSV,4,1,13,12,63,079,16,25,62,181,16,10,57,259,14,23,42,199,*73 (pico_gnss pico-gnss-rs/src/main.rs:453)
245.139525 [INFO ] NMEA $GPGSV,4,2,13,32,39,315,19,24,30,063,15,28,21,266,,15,14,126,16*75 (pico_gnss pico-gnss-rs/src/main.rs:453)
245.198000 [INFO ] NMEA $GPGSV,4,3,13,19,02,041,16,29,01,160,,193,,,,194,,,*7E (pico_gnss pico-gnss-rs/src/main.rs:453)
245.199367 [INFO ] NMEA $GPGSV,4,4,13,195,,,*46 (pico_gnss pico-gnss-rs/src/main.rs:453)
245.285716 [INFO ] NMEA $GLGSV,2,1,06,74,77,007,,72,71,359,,71,45,127,,75,44,223,*6A (pico_gnss pico-gnss-rs/src/main.rs:453)
245.315215 [INFO ] NMEA $GLGSV,2,2,06,73,27,034,,65,20,327,*62 (pico_gnss pico-gnss-rs/src/main.rs:453)
245.377887 [INFO ] NMEA $GNRMC,121334.000,A,0000.0000,N,00000.0000,E,1.24,4.45,080626,,,A*72 (pico_gnss pico-gnss-rs/src/main.rs:453)
245.380438 [INFO ] SYNC pps_local_us=169281126 unix_s=1780920814 drift_us=2 err_ns=-9 holdover_ms=1000 (pico_gnss pico-gnss-rs/src/main.rs:484)
245.436164 [INFO ] NMEA $GPVTG,4.45,T,,M,1.24,N,2.29,K,A*36 (pico_gnss pico-gnss-rs/src/main.rs:453)
245.465523 [INFO ] NMEA $GPZDA,121334.000,08,06,2026,,*58 (pico_gnss pico-gnss-rs/src/main.rs:453)
245.505045 [INFO ] NMEA $GPGST,121334.000,9.1,23,18,29.4,22,19,35*7E (pico_gnss pico-gnss-rs/src/main.rs:453)
245.712833 [INFO ] PPSGEN count=240 interval_ns=1000002480 dev_ns=2480 phase_ns=-1474518 hwphase_ns=976 (pico_gnss pico-gnss-rs/src/main.rs:296)
245.714103 [INFO ] PPS count=125 interval_us=1000002 interval_ns=1000002528 state=Locked missed=0 (pico_gnss pico-gnss-rs/src/main.rs:192)
245.887819 [INFO ] NMEA $GPGGA,121335.000,0000.0000,N,00000.0000,E,1,5,1.45,27.3,M,39.0,M,,*6D (pico_gnss pico-gnss-rs/src/main.rs:453)
245.943034 [INFO ] NMEA $GNGLL,0000.0000,N,00000.0000,E,121335.000,A,A*4F (pico_gnss pico-gnss-rs/src/main.rs:453)
246.001438 [INFO ] NMEA $GNGSA,A,3,32,12,10,24,15,,,,,,,,1.72,1.45,0.92*12 (pico_gnss pico-gnss-rs/src/main.rs:453)
246.030905 [INFO ] NMEA $GNGSA,A,3,,,,,,,,,,,,,1.72,1.45,0.92*13 (pico_gnss pico-gnss-rs/src/main.rs:453)
246.032831 [INFO ] TIME unix_ns=1780920815318672675 ppb=2522 holdover_ms=1318 locked=1 (pico_gnss pico-gnss-rs/src/main.rs:226)
246.118334 [INFO ] NMEA $GPGSV,4,1,13,12,63,079,16,25,62,181,16,10,57,259,14,23,42,199,*73 (pico_gnss pico-gnss-rs/src/main.rs:453)
246.176951 [INFO ] NMEA $GPGSV,4,2,13,32,39,315,19,24,30,063,15,28,21,266,,15,14,126,16*75 (pico_gnss pico-gnss-rs/src/main.rs:453)
246.239491 [INFO ] NMEA $GPGSV,4,3,13,19,02,041,16,29,01,160,,193,,,,194,,,*7E (pico_gnss pico-gnss-rs/src/main.rs:453)
246.268764 [INFO ] NMEA $GPGSV,4,4,13,195,,,*46 (pico_gnss pico-gnss-rs/src/main.rs:453)
246.327241 [INFO ] NMEA $GLGSV,2,1,06,74,77,007,,72,71,359,,71,45,127,,75,44,223,*6A (pico_gnss pico-gnss-rs/src/main.rs:453)
246.385434 [INFO ] NMEA $GLGSV,2,2,06,73,27,034,,65,20,327,*62 (pico_gnss pico-gnss-rs/src/main.rs:453)
246.444108 [INFO ] NMEA $GNRMC,121335.000,A,0000.0000,N,00000.0000,E,1.70,20.11,080626,,,A*46 (pico_gnss pico-gnss-rs/src/main.rs:453)
246.446677 [INFO ] SYNC pps_local_us=170281128 unix_s=1780920815 drift_us=2 err_ns=6 holdover_ms=1000 (pico_gnss pico-gnss-rs/src/main.rs:484)
246.477681 [INFO ] NMEA $GPVTG,20.11,T,,M,1.70,N,3.15,K,A*0E (pico_gnss pico-gnss-rs/src/main.rs:453)
246.535761 [INFO ] NMEA $GPZDA,121335.000,08,06,2026,,*59 (pico_gnss pico-gnss-rs/src/main.rs:453)
246.561335 [INFO ] NMEA $GPGST,121335.000,9.1,25,18,31.1,23,20,35*7E (pico_gnss pico-gnss-rs/src/main.rs:453)
246.712846 [INFO ] PPSGEN count=241 interval_ns=1000002496 dev_ns=2496 phase_ns=-1457518 hwphase_ns=944 (pico_gnss pico-gnss-rs/src/main.rs:296)
246.714124 [INFO ] PPS count=126 interval_us=1000002 interval_ns=1000002512 state=Locked missed=0 (pico_gnss pico-gnss-rs/src/main.rs:192)
246.887649 [INFO ] NMEA $GPGGA,121336.000,0000.0000,N,00000.0000,E,1,5,1.45,27.3,M,39.0,M,,*60 (pico_gnss pico-gnss-rs/src/main.rs:453)
246.945970 [INFO ] NMEA $GNGLL,0000.0000,N,00000.0000,E,121336.000,A,A*42 (pico_gnss pico-gnss-rs/src/main.rs:453)
246.986895 [INFO ] NMEA $GNGSA,A,3,32,12,10,24,15,,,,,,,,1.72,1.45,0.92*12 (pico_gnss pico-gnss-rs/src/main.rs:453)
247.034114 [INFO ] TIME unix_ns=1780920816319926672 ppb=2522 holdover_ms=1319 locked=1 (pico_gnss pico-gnss-rs/src/main.rs:226)
247.045424 [INFO ] NMEA $GNGSA,A,3,,,,,,,,,,,,,1.72,1.45,0.92*13 (pico_gnss pico-gnss-rs/src/main.rs:453)
247.103770 [INFO ] NMEA $GPGSV,4,1,13,12,63,079,16,25,62,181,16,10,57,259,14,23,42,199,*73 (pico_gnss pico-gnss-rs/src/main.rs:453)
247.191172 [INFO ] NMEA $GPGSV,4,2,13,32,39,315,19,24,30,063,17,28,21,266,,15,14,126,16*77 (pico_gnss pico-gnss-rs/src/main.rs:453)
247.253701 [INFO ] NMEA $GPGSV,4,3,13,19,02,041,16,29,01,160,,193,,,,194,,,*7E (pico_gnss pico-gnss-rs/src/main.rs:453)
247.255082 [INFO ] NMEA $GPGSV,4,4,13,195,,,*46 (pico_gnss pico-gnss-rs/src/main.rs:453)
247.341445 [INFO ] NMEA $GLGSV,2,1,06,74,77,007,,72,71,359,,71,45,127,,75,44,223,*6A (pico_gnss pico-gnss-rs/src/main.rs:453)
247.370950 [INFO ] NMEA $GLGSV,2,2,06,73,27,034,,65,20,327,*62 (pico_gnss pico-gnss-rs/src/main.rs:453)
247.458324 [INFO ] NMEA $GNRMC,121336.000,A,0000.0000,N,00000.0000,E,2.21,51.74,080626,,,A*49 (pico_gnss pico-gnss-rs/src/main.rs:453)
247.460878 [INFO ] SYNC pps_local_us=171281131 unix_s=1780920816 drift_us=2 err_ns=-9 holdover_ms=1000 (pico_gnss pico-gnss-rs/src/main.rs:484)
247.488078 [INFO ] NMEA $GPVTG,51.74,T,,M,2.21,N,4.10,K,A*0E (pico_gnss pico-gnss-rs/src/main.rs:453)
247.521234 [INFO ] NMEA $GPZDA,121336.000,08,06,2026,,*5A (pico_gnss pico-gnss-rs/src/main.rs:453)
247.560844 [INFO ] NMEA $GPGST,121336.000,9.2,27,18,32.4,24,21,36*7F (pico_gnss pico-gnss-rs/src/main.rs:453)
247.712827 [INFO ] PPSGEN count=242 interval_ns=1000002480 dev_ns=2480 phase_ns=-1490518 hwphase_ns=912 (pico_gnss pico-gnss-rs/src/main.rs:296)
247.714091 [INFO ] PPS count=127 interval_us=1000002 interval_ns=1000002512 state=Locked missed=0 (pico_gnss pico-gnss-rs/src/main.rs:192)
247.888888 [INFO ] NMEA $GPGGA,121337.000,0000.0000,N,00000.0000,E,1,5,1.45,27.4,M,39.0,M,,*64 (pico_gnss pico-gnss-rs/src/main.rs:453)
247.947187 [INFO ] NMEA $GNGLL,0000.0000,N,00000.0000,E,121337.000,A,A*41 (pico_gnss pico-gnss-rs/src/main.rs:453)
248.005600 [INFO ] NMEA $GNGSA,A,3,32,12,10,24,15,,,,,,,,1.72,1.45,0.92*12 (pico_gnss pico-gnss-rs/src/main.rs:453)
248.031995 [INFO ] NMEA $GNGSA,A,3,,,,,,,,,,,,,1.72,1.45,0.92*13 (pico_gnss pico-gnss-rs/src/main.rs:453)
248.035370 [INFO ] TIME unix_ns=1780920817321196669 ppb=2521 holdover_ms=1321 locked=1 (pico_gnss pico-gnss-rs/src/main.rs:226)
248.119394 [INFO ] NMEA $GPGSV,4,1,13,12,63,079,16,25,62,181,16,10,57,259,14,23,42,199,*73 (pico_gnss pico-gnss-rs/src/main.rs:453)
248.178017 [INFO ] NMEA $GPGSV,4,2,13,32,39,315,19,24,30,063,17,28,21,266,,15,14,126,15*74 (pico_gnss pico-gnss-rs/src/main.rs:453)
248.236484 [INFO ] NMEA $GPGSV,4,3,13,19,02,041,16,29,01,160,,193,,,,194,,,*7E (pico_gnss pico-gnss-rs/src/main.rs:453)
248.265690 [INFO ] NMEA $GPGSV,4,4,13,195,,,*46 (pico_gnss pico-gnss-rs/src/main.rs:453)
248.328339 [INFO ] NMEA $GLGSV,2,1,06,74,77,007,,72,71,359,,71,45,127,,75,44,223,*6A (pico_gnss pico-gnss-rs/src/main.rs:453)
248.386581 [INFO ] NMEA $GLGSV,2,2,06,73,27,034,,65,20,327,*62 (pico_gnss pico-gnss-rs/src/main.rs:453)
248.445277 [INFO ] NMEA $GNRMC,121337.000,A,0000.0000,N,00000.0000,E,1.74,113.54,080626,,,A*7C (pico_gnss pico-gnss-rs/src/main.rs:453)
248.447837 [INFO ] SYNC pps_local_us=172281133 unix_s=1780920817 drift_us=2 err_ns=-9 holdover_ms=999 (pico_gnss pico-gnss-rs/src/main.rs:484)
248.503526 [INFO ] NMEA $GPVTG,113.54,T,,M,1.74,N,3.23,K,A*3F (pico_gnss pico-gnss-rs/src/main.rs:453)
248.532897 [INFO ] NMEA $GPZDA,121337.000,08,06,2026,,*5B (pico_gnss pico-gnss-rs/src/main.rs:453)
248.564911 [INFO ] NMEA $GPGST,121337.000,9.2,27,17,33.8,24,21,33*79 (pico_gnss pico-gnss-rs/src/main.rs:453)
248.712859 [INFO ] PPSGEN count=243 interval_ns=1000002496 dev_ns=2496 phase_ns=-1436517 hwphase_ns=896 (pico_gnss pico-gnss-rs/src/main.rs:296)
248.714133 [INFO ] PPS count=128 interval_us=1000002 interval_ns=1000002528 state=Locked missed=0 (pico_gnss pico-gnss-rs/src/main.rs:192)
248.875945 [INFO ] NMEA $GPGGA,121338.000,0000.0000,N,00000.0000,E,1,4,1.89,27.4,M,39.0,M,,*66 (pico_gnss pico-gnss-rs/src/main.rs:453)
248.934245 [INFO ] NMEA $GNGLL,0000.0000,N,00000.0000,E,121338.000,A,A*42 (pico_gnss pico-gnss-rs/src/main.rs:453)
248.992608 [INFO ] NMEA $GNGSA,A,3,32,12,24,15,,,,,,,,,2.11,1.89,0.93*14 (pico_gnss pico-gnss-rs/src/main.rs:453)
249.022108 [INFO ] NMEA $GNGSA,A,3,,,,,,,,,,,,,2.11,1.89,0.93*14 (pico_gnss pico-gnss-rs/src/main.rs:453)
249.036637 [INFO ] TIME unix_ns=1780920818322485666 ppb=2522 holdover_ms=1322 locked=1 (pico_gnss pico-gnss-rs/src/main.rs:226)
249.089981 [INFO ] NMEA $GPGSV,4,1,13,12,63,079,16,25,62,181,16,10,57,259,,23,42,199,15*72 (pico_gnss pico-gnss-rs/src/main.rs:453)
249.177397 [INFO ] NMEA $GPGSV,4,2,13,32,39,315,19,24,30,063,16,28,21,266,,15,14,126,16*76 (pico_gnss pico-gnss-rs/src/main.rs:453)
249.235839 [INFO ] NMEA $GPGSV,4,3,13,19,02,041,16,29,01,160,,193,,,,194,,,*7E (pico_gnss pico-gnss-rs/src/main.rs:453)
249.265090 [INFO ] NMEA $GPGSV,4,4,13,195,,,*46 (pico_gnss pico-gnss-rs/src/main.rs:453)
249.327685 [INFO ] NMEA $GLGSV,2,1,06,74,77,007,,72,71,359,,71,45,127,,75,44,223,*6A (pico_gnss pico-gnss-rs/src/main.rs:453)
249.357184 [INFO ] NMEA $GLGSV,2,2,06,73,27,034,,65,20,327,*62 (pico_gnss pico-gnss-rs/src/main.rs:453)
249.444588 [INFO ] NMEA $GNRMC,121338.000,A,0000.0000,N,00000.0000,E,1.33,157.71,080626,,,A*7B (pico_gnss pico-gnss-rs/src/main.rs:453)
249.447168 [INFO ] SYNC pps_local_us=173281136 unix_s=1780920818 drift_us=2 err_ns=7 holdover_ms=1000 (pico_gnss pico-gnss-rs/src/main.rs:484)
249.474339 [INFO ] NMEA $GPVTG,157.71,T,,M,1.33,N,2.46,K,A*39 (pico_gnss pico-gnss-rs/src/main.rs:453)
249.503447 [INFO ] NMEA $GPZDA,121338.000,08,06,2026,,*54 (pico_gnss pico-gnss-rs/src/main.rs:453)
249.549268 [INFO ] NMEA $GPGST,121338.000,9.2,28,17,33.7,25,21,34*70 (pico_gnss pico-gnss-rs/src/main.rs:453)
249.712850 [INFO ] PPSGEN count=244 interval_ns=1000002480 dev_ns=2480 phase_ns=-1462518 hwphase_ns=848 (pico_gnss pico-gnss-rs/src/main.rs:296)
249.714125 [INFO ] PPS count=129 interval_us=1000002 interval_ns=1000002512 state=Locked missed=0 (pico_gnss pico-gnss-rs/src/main.rs:192)
249.864477 [INFO ] NMEA $GPGGA,121339.000,0000.0000,N,00000.0000,E,1,4,1.89,27.4,M,39.0,M,,*68 (pico_gnss pico-gnss-rs/src/main.rs:453)
249.922854 [INFO ] NMEA $GNGLL,0000.0000,N,00000.0000,E,121339.000,A,A*4C (pico_gnss pico-gnss-rs/src/main.rs:453)
249.981160 [INFO ] NMEA $GNGSA,A,3,32,12,24,15,,,,,,,,,2.11,1.89,0.93*14 (pico_gnss pico-gnss-rs/src/main.rs:453)
250.010662 [INFO ] NMEA $GNGSA,A,3,,,,,,,,,,,,,2.11,1.89,0.93*14 (pico_gnss pico-gnss-rs/src/main.rs:453)
250.037883 [INFO ] TIME unix_ns=1780920819323708663 ppb=2521 holdover_ms=1323 locked=1 (pico_gnss pico-gnss-rs/src/main.rs:226)
250.102145 [INFO ] NMEA $GPGSV,4,1,13,12,63,079,16,25,62,181,16,10,57,259,,23,42,199,15*72 (pico_gnss pico-gnss-rs/src/main.rs:453)
250.160799 [INFO ] NMEA $GPGSV,4,2,13,32,39,315,19,24,30,063,16,28,21,266,,15,14,126,15*75 (pico_gnss pico-gnss-rs/src/main.rs:453)
250.219221 [INFO ] NMEA $GPGSV,4,3,13,19,02,041,16,29,01,160,,193,,,,194,,,*7E (pico_gnss pico-gnss-rs/src/main.rs:453)
250.248490 [INFO ] NMEA $GPGSV,4,4,13,195,,,*46 (pico_gnss pico-gnss-rs/src/main.rs:453)
250.307004 [INFO ] NMEA $GLGSV,2,1,06,74,77,007,,72,71,359,,71,45,127,,75,44,223,*6A (pico_gnss pico-gnss-rs/src/main.rs:453)
250.369258 [INFO ] NMEA $GLGSV,2,2,06,73,27,034,,65,20,327,*62 (pico_gnss pico-gnss-rs/src/main.rs:453)
250.428006 [INFO ] NMEA $GNRMC,121339.000,A,0000.0000,N,00000.0000,E,1.84,130.61,080626,,,A*79 (pico_gnss pico-gnss-rs/src/main.rs:453)
250.430576 [INFO ] SYNC pps_local_us=174281138 unix_s=1780920819 drift_us=2 err_ns=-9 holdover_ms=999 (pico_gnss pico-gnss-rs/src/main.rs:484)
250.486212 [INFO ] NMEA $GPVTG,130.61,T,,M,1.84,N,3.41,K,A*33 (pico_gnss pico-gnss-rs/src/main.rs:453)
250.515624 [INFO ] NMEA $GPZDA,121339.000,08,06,2026,,*55 (pico_gnss pico-gnss-rs/src/main.rs:453)
250.547403 [INFO ] NMEA $GPGST,121339.000,9.2,28,17,33.3,25,21,34*75 (pico_gnss pico-gnss-rs/src/main.rs:453)
250.712851 [INFO ] PPSGEN count=245 interval_ns=1000002496 dev_ns=2496 phase_ns=-1465517 hwphase_ns=832 (pico_gnss pico-gnss-rs/src/main.rs:296)
250.714119 [INFO ] PPS count=130 interval_us=1000002 interval_ns=1000002528 state=Locked missed=0 (pico_gnss pico-gnss-rs/src/main.rs:192)
250.880089 [INFO ] NMEA $GPGGA,121340.000,0000.0000,N,00000.0000,E,1,4,1.89,27.4,M,39.0,M,,*67 (pico_gnss pico-gnss-rs/src/main.rs:453)
250.938449 [INFO ] NMEA $GNGLL,0000.0000,N,00000.0000,E,121340.000,A,A*43 (pico_gnss pico-gnss-rs/src/main.rs:453)
250.968050 [INFO ] NMEA $GNGSA,A,3,32,12,24,15,,,,,,,,,2.11,1.89,0.93*14 (pico_gnss pico-gnss-rs/src/main.rs:453)
251.026248 [INFO ] NMEA $GNGSA,A,3,,,,,,,,,,,,,2.11,1.89,0.93*14 (pico_gnss pico-gnss-rs/src/main.rs:453)
251.039132 [INFO ] TIME unix_ns=1780920820324962659 ppb=2522 holdover_ms=1324 locked=1 (pico_gnss pico-gnss-rs/src/main.rs:226)
251.084946 [INFO ] NMEA $GPGSV,4,1,13,12,63,079,16,25,62,181,16,10,57,259,,23,42,199,17*70 (pico_gnss pico-gnss-rs/src/main.rs:453)
251.176423 [INFO ] NMEA $GPGSV,4,2,13,32,39,315,19,24,30,063,16,28,21,266,,15,14,126,15*75 (pico_gnss pico-gnss-rs/src/main.rs:453)
251.234868 [INFO ] NMEA $GPGSV,4,3,13,19,02,041,16,29,01,160,,193,,,,194,,,*7E (pico_gnss pico-gnss-rs/src/main.rs:453)
251.264127 [INFO ] NMEA $GPGSV,4,4,13,195,,,*46 (pico_gnss pico-gnss-rs/src/main.rs:453)
251.322636 [INFO ] NMEA $GLGSV,2,1,06,74,77,007,,72,71,359,,71,45,127,,75,44,223,*6A (pico_gnss pico-gnss-rs/src/main.rs:453)
251.352066 [INFO ] NMEA $GLGSV,2,2,06,73,27,034,,65,20,327,*62 (pico_gnss pico-gnss-rs/src/main.rs:453)
251.443612 [INFO ] NMEA $GNRMC,121340.000,A,0000.0000,N,00000.0000,E,2.06,136.56,080626,,,A*7D (pico_gnss pico-gnss-rs/src/main.rs:453)
251.446183 [INFO ] SYNC pps_local_us=175281141 unix_s=1780920820 drift_us=2 err_ns=7 holdover_ms=1000 (pico_gnss pico-gnss-rs/src/main.rs:484)
251.473375 [INFO ] NMEA $GPVTG,136.56,T,,M,2.06,N,3.82,K,A*37 (pico_gnss pico-gnss-rs/src/main.rs:453)
251.502481 [INFO ] NMEA $GPZDA,121340.000,08,06,2026,,*5B (pico_gnss pico-gnss-rs/src/main.rs:453)
251.548292 [INFO ] NMEA $GPGST,121340.000,9.2,28,18,32.4,25,21,35*73 (pico_gnss pico-gnss-rs/src/main.rs:453)
251.712855 [INFO ] PPSGEN count=246 interval_ns=1000002496 dev_ns=2496 phase_ns=-1472517 hwphase_ns=800 (pico_gnss pico-gnss-rs/src/main.rs:296)
251.714127 [INFO ] PPS count=131 interval_us=1000002 interval_ns=1000002512 state=Locked missed=0 (pico_gnss pico-gnss-rs/src/main.rs:192)
251.888850 [INFO ] NMEA $GPGGA,121341.000,0000.0000,N,00000.0000,E,1,5,1.23,27.4,M,39.0,M,,*6E (pico_gnss pico-gnss-rs/src/main.rs:453)
251.937951 [INFO ] NMEA $GNGLL,0000.0000,N,00000.0000,E,121341.000,A,A*4B (pico_gnss pico-gnss-rs/src/main.rs:453)
251.996297 [INFO ] NMEA $GNGSA,A,3,23,32,12,24,15,,,,,,,,1.54,1.23,0.92*16 (pico_gnss pico-gnss-rs/src/main.rs:453)
252.040421 [INFO ] TIME unix_ns=1780920821326211657 ppb=2521 holdover_ms=1326 locked=1 (pico_gnss pico-gnss-rs/src/main.rs:226)
252.054825 [INFO ] NMEA $GNGSA,A,3,,,,,,,,,,,,,1.54,1.23,0.92*17 (pico_gnss pico-gnss-rs/src/main.rs:453)
252.113173 [INFO ] NMEA $GPGSV,4,1,13,12,63,079,16,25,62,181,16,10,57,259,,23,42,199,17*70 (pico_gnss pico-gnss-rs/src/main.rs:453)
252.171833 [INFO ] NMEA $GPGSV,4,2,13,32,39,315,19,24,30,063,16,28,21,266,,15,14,126,13*73 (pico_gnss pico-gnss-rs/src/main.rs:453)
252.234358 [INFO ] NMEA $GPGSV,4,3,13,19,02,041,16,29,01,160,,193,,,,194,,,*7E (pico_gnss pico-gnss-rs/src/main.rs:453)
252.263621 [INFO ] NMEA $GPGSV,4,4,13,195,,,*46 (pico_gnss pico-gnss-rs/src/main.rs:453)
252.322210 [INFO ] NMEA $GLGSV,2,1,06,74,77,007,,72,71,359,,71,45,127,,75,44,223,*6A (pico_gnss pico-gnss-rs/src/main.rs:453)
252.380402 [INFO ] NMEA $GLGSV,2,2,06,73,27,034,,65,20,327,*62 (pico_gnss pico-gnss-rs/src/main.rs:453)
252.439113 [INFO ] NMEA $GNRMC,121341.000,A,0000.0000,N,00000.0000,E,2.32,95.52,080626,,,A*4E (pico_gnss pico-gnss-rs/src/main.rs:453)
252.441659 [INFO ] SYNC pps_local_us=176281143 unix_s=1780920821 drift_us=2 err_ns=-9 holdover_ms=999 (pico_gnss pico-gnss-rs/src/main.rs:484)
252.501368 [INFO ] NMEA $GPVTG,95.52,T,,M,2.32,N,4.30,K,A*02 (pico_gnss pico-gnss-rs/src/main.rs:453)
252.530789 [INFO ] NMEA $GPZDA,121341.000,08,06,2026,,*5A (pico_gnss pico-gnss-rs/src/main.rs:453)
252.562592 [INFO ] NMEA $GPGST,121341.000,9.2,23,18,27.5,22,19,31*74 (pico_gnss pico-gnss-rs/src/main.rs:453)
252.712859 [INFO ] PPSGEN count=247 interval_ns=1000002496 dev_ns=2496 phase_ns=-1459517 hwphase_ns=784 (pico_gnss pico-gnss-rs/src/main.rs:296)
252.714131 [INFO ] PPS count=132 interval_us=1000002 interval_ns=1000002512 state=Locked missed=0 (pico_gnss pico-gnss-rs/src/main.rs:192)
252.896013 [INFO ] NMEA $GPGGA,121342.000,0000.0000,N,00000.0000,E,1,5,1.23,27.4,M,39.0,M,,*65 (pico_gnss pico-gnss-rs/src/main.rs:453)
252.954318 [INFO ] NMEA $GNGLL,0000.0000,N,00000.0000,E,121342.000,A,A*40 (pico_gnss pico-gnss-rs/src/main.rs:453)
253.017791 [INFO ] NMEA $GNGSA,A,3,23,32,12,24,15,,,,,,,,1.54,1.23,0.92*16 (pico_gnss pico-gnss-rs/src/main.rs:453)
253.041699 [INFO ] TIME unix_ns=1780920822327518654 ppb=2521 holdover_ms=1327 locked=1 (pico_gnss pico-gnss-rs/src/main.rs:226)
253.047649 [INFO ] NMEA $GNGSA,A,3,,,,,,,,,,,,,1.54,1.23,0.92*17 (pico_gnss pico-gnss-rs/src/main.rs:453)
253.105981 [INFO ] NMEA $GPGSV,4,1,13,12,63,079,16,25,62,181,16,10,57,259,,23,42,199,16*71 (pico_gnss pico-gnss-rs/src/main.rs:453)
253.193420 [INFO ] NMEA $GPGSV,4,2,13,32,39,315,19,24,30,063,16,28,21,266,,15,14,126,13*73 (pico_gnss pico-gnss-rs/src/main.rs:453)
253.255967 [INFO ] NMEA $GPGSV,4,3,13,19,02,041,16,29,01,160,,193,,,,194,,,*7E (pico_gnss pico-gnss-rs/src/main.rs:453)
253.285233 [INFO ] NMEA $GPGSV,4,4,13,195,,,*46 (pico_gnss pico-gnss-rs/src/main.rs:453)
253.343747 [INFO ] NMEA $GLGSV,2,1,06,74,77,007,,72,71,359,,71,45,127,,75,44,223,*6A (pico_gnss pico-gnss-rs/src/main.rs:453)
253.373199 [INFO ] NMEA $GLGSV,2,2,06,73,27,034,,65,20,327,*62 (pico_gnss pico-gnss-rs/src/main.rs:453)
253.460629 [INFO ] NMEA $GNRMC,121342.000,A,0000.0000,N,00000.0000,E,1.92,39.51,080626,,,A*49 (pico_gnss pico-gnss-rs/src/main.rs:453)
253.463204 [INFO ] SYNC pps_local_us=177281146 unix_s=1780920822 drift_us=2 err_ns=-9 holdover_ms=1000 (pico_gnss pico-gnss-rs/src/main.rs:484)
253.490322 [INFO ] NMEA $GPVTG,39.51,T,,M,1.92,N,3.55,K,A*0A (pico_gnss pico-gnss-rs/src/main.rs:453)
253.523430 [INFO ] NMEA $GPZDA,121342.000,08,06,2026,,*59 (pico_gnss pico-gnss-rs/src/main.rs:453)
253.569372 [INFO ] NMEA $GPGST,121342.000,9.1,20,18,24.8,20,18,31*7A (pico_gnss pico-gnss-rs/src/main.rs:453)
253.712851 [INFO ] PPSGEN count=248 interval_ns=1000002496 dev_ns=2496 phase_ns=-1471517 hwphase_ns=768 (pico_gnss pico-gnss-rs/src/main.rs:296)
253.714110 [INFO ] PPS count=133 interval_us=1000002 interval_ns=1000002512 state=Locked missed=0 (pico_gnss pico-gnss-rs/src/main.rs:192)
253.885094 [INFO ] NMEA $GPGGA,121343.000,0000.0000,N,00000.0000,E,1,5,1.23,27.4,M,39.0,M,,*6E (pico_gnss pico-gnss-rs/src/main.rs:453)
253.943417 [INFO ] NMEA $GNGLL,0000.0000,N,00000.0000,E,121343.000,A,A*4B (pico_gnss pico-gnss-rs/src/main.rs:453)
254.001793 [INFO ] NMEA $GNGSA,A,3,23,32,12,24,15,,,,,,,,1.54,1.23,0.92*16 (pico_gnss pico-gnss-rs/src/main.rs:453)
254.042978 [INFO ] TIME unix_ns=1780920823328770651 ppb=2521 holdover_ms=1328 locked=1 (pico_gnss pico-gnss-rs/src/main.rs:226)
254.051037 [INFO ] NMEA $GNGSA,A,3,,,,,,,,,,,,,1.54,1.23,0.92*17 (pico_gnss pico-gnss-rs/src/main.rs:453)
254.109419 [INFO ] NMEA $GPGSV,4,1,13,12,63,079,16,25,62,181,16,10,57,259,,23,42,199,16*71 (pico_gnss pico-gnss-rs/src/main.rs:453)
254.168069 [INFO ] NMEA $GPGSV,4,2,13,32,39,315,19,24,30,063,16,28,21,266,,15,14,126,15*75 (pico_gnss pico-gnss-rs/src/main.rs:453)
254.226503 [INFO ] NMEA $GPGSV,4,3,13,19,02,041,16,29,01,160,,193,,,,194,,,*7E (pico_gnss pico-gnss-rs/src/main.rs:453)
254.255753 [INFO ] NMEA $GPGSV,4,4,13,195,,,*46 (pico_gnss pico-gnss-rs/src/main.rs:453)
254.318349 [INFO ] NMEA $GLGSV,2,1,06,74,77,007,,72,71,359,,71,45,127,,75,44,223,*6A (pico_gnss pico-gnss-rs/src/main.rs:453)
254.376544 [INFO ] NMEA $GLGSV,2,2,06,73,27,034,,65,20,327,*62 (pico_gnss pico-gnss-rs/src/main.rs:453)
254.435253 [INFO ] NMEA $GNRMC,121343.000,A,0000.0000,N,00000.0000,E,1.69,57.64,080626,,,A*48 (pico_gnss pico-gnss-rs/src/main.rs:453)
254.437815 [INFO ] SYNC pps_local_us=178281148 unix_s=1780920823 drift_us=2 err_ns=-8 holdover_ms=999 (pico_gnss pico-gnss-rs/src/main.rs:484)
254.493466 [INFO ] NMEA $GPVTG,57.64,T,,M,1.69,N,3.13,K,A*02 (pico_gnss pico-gnss-rs/src/main.rs:453)
254.522891 [INFO ] NMEA $GPZDA,121343.000,08,06,2026,,*58 (pico_gnss pico-gnss-rs/src/main.rs:453)
254.558718 [INFO ] NMEA $GPGST,121343.000,9.0,20,18,20.5,20,18,32*70 (pico_gnss pico-gnss-rs/src/main.rs:453)
254.712844 [INFO ] PPSGEN count=249 interval_ns=1000002496 dev_ns=2496 phase_ns=-1446517 hwphase_ns=752 (pico_gnss pico-gnss-rs/src/main.rs:296)
254.714117 [INFO ] PPS count=134 interval_us=1000002 interval_ns=1000002512 state=Locked missed=0 (pico_gnss pico-gnss-rs/src/main.rs:192)
254.831027 [INFO ] NMEA $GPGGA,121344.000,0000.0000,N,00000.0000,E,1,5,1.23,27.3,M,39.0,M,,*6E (pico_gnss pico-gnss-rs/src/main.rs:453)
254.889352 [INFO ] NMEA $GNGLL,0000.0000,N,00000.0000,E,121344.000,A,A*4C (pico_gnss pico-gnss-rs/src/main.rs:453)
254.947749 [INFO ] NMEA $GNGSA,A,3,23,32,12,24,15,,,,,,,,1.54,1.23,0.92*16 (pico_gnss pico-gnss-rs/src/main.rs:453)
254.977231 [INFO ] NMEA $GNGSA,A,3,,,,,,,,,,,,,1.54,1.23,0.92*17 (pico_gnss pico-gnss-rs/src/main.rs:453)
255.040920 [INFO ] NMEA $GPGSV,4,1,13,12,63,079,16,25,62,181,16,10,57,259,,23,42,199,16*71 (pico_gnss pico-gnss-rs/src/main.rs:453)
255.044241 [INFO ] TIME unix_ns=1780920824330078648 ppb=2520 holdover_ms=1330 locked=1 (pico_gnss pico-gnss-rs/src/main.rs:226)
255.128412 [INFO ] NMEA $GPGSV,4,2,13,32,39,315,19,24,30,063,16,28,21,266,,15,14,126,13*73 (pico_gnss pico-gnss-rs/src/main.rs:453)
255.186841 [INFO ] NMEA $GPGSV,4,3,13,19,02,041,16,29,01,160,,193,,,,194,,,*7E (pico_gnss pico-gnss-rs/src/main.rs:453)
255.216094 [INFO ] NMEA $GPGSV,4,4,13,195,,,*46 (pico_gnss pico-gnss-rs/src/main.rs:453)
255.278701 [INFO ] NMEA $GLGSV,2,1,06,74,77,007,,72,71,359,,71,45,127,,75,44,223,*6A (pico_gnss pico-gnss-rs/src/main.rs:453)
255.308154 [INFO ] NMEA $GLGSV,2,2,06,73,27,034,,65,20,327,*62 (pico_gnss pico-gnss-rs/src/main.rs:453)
255.395600 [INFO ] NMEA $GNRMC,121344.000,A,0000.0000,N,00000.0000,E,0.80,39.56,080626,,,A*40 (pico_gnss pico-gnss-rs/src/main.rs:453)
255.398164 [INFO ] SYNC pps_local_us=179281151 unix_s=1780920824 drift_us=2 err_ns=-8 holdover_ms=1000 (pico_gnss pico-gnss-rs/src/main.rs:484)
255.425287 [INFO ] NMEA $GPVTG,39.56,T,,M,0.80,N,1.49,K,A*00 (pico_gnss pico-gnss-rs/src/main.rs:453)
255.454448 [INFO ] NMEA $GPZDA,121344.000,08,06,2026,,*5F (pico_gnss pico-gnss-rs/src/main.rs:453)
255.504442 [INFO ] NMEA $GPGST,121344.000,8.9,20,18,15.0,20,18,33*7D (pico_gnss pico-gnss-rs/src/main.rs:453)
255.712842 [INFO ] PPSGEN count=250 interval_ns=1000002496 dev_ns=2496 phase_ns=-1456516 hwphase_ns=736 (pico_gnss pico-gnss-rs/src/main.rs:296)
255.714115 [INFO ] PPS count=135 interval_us=1000002 interval_ns=1000002512 state=Locked missed=0 (pico_gnss pico-gnss-rs/src/main.rs:192)
255.819626 [INFO ] NMEA $GPGGA,121345.000,0000.0000,N,00000.0000,E,1,4,1.42,27.3,M,39.0,M,,*69 (pico_gnss pico-gnss-rs/src/main.rs:453)
255.878027 [INFO ] NMEA $GNGLL,0000.0000,N,00000.0000,E,121345.000,A,A*4D (pico_gnss pico-gnss-rs/src/main.rs:453)
255.936389 [INFO ] NMEA $GNGSA,A,3,23,32,12,24,,,,,,,,,1.72,1.42,0.96*15 (pico_gnss pico-gnss-rs/src/main.rs:453)
255.994594 [INFO ] NMEA $GNGSA,A,3,,,,,,,,,,,,,1.72,1.42,0.96*10 (pico_gnss pico-gnss-rs/src/main.rs:453)
256.045527 [INFO ] TIME unix_ns=1780920825331327645 ppb=2520 holdover_ms=1331 locked=1 (pico_gnss pico-gnss-rs/src/main.rs:226)
256.057453 [INFO ] NMEA $GPGSV,4,1,13,12,63,079,16,25,62,181,16,10,57,259,,23,42,199,16*71 (pico_gnss pico-gnss-rs/src/main.rs:453)
256.116043 [INFO ] NMEA $GPGSV,4,2,13,32,39,315,19,24,30,063,15,28,21,266,,15,14,126,12*71 (pico_gnss pico-gnss-rs/src/main.rs:453)
256.174458 [INFO ] NMEA $GPGSV,4,3,13,19,02,041,16,29,01,160,,193,,,,194,,,*7E (pico_gnss pico-gnss-rs/src/main.rs:453)
256.203713 [INFO ] NMEA $GPGSV,4,4,13,195,,,*46 (pico_gnss pico-gnss-rs/src/main.rs:453)
256.262194 [INFO ] NMEA $GLGSV,2,1,06,74,77,007,,72,71,359,,71,45,127,,75,44,223,*6A (pico_gnss pico-gnss-rs/src/main.rs:453)
256.324495 [INFO ] NMEA $GLGSV,2,2,06,73,27,034,,65,20,327,*62 (pico_gnss pico-gnss-rs/src/main.rs:453)
256.383229 [INFO ] NMEA $GNRMC,121345.000,A,0000.0000,N,00000.0000,E,0.53,39.56,080626,,,A*4F (pico_gnss pico-gnss-rs/src/main.rs:453)
256.385787 [INFO ] SYNC pps_local_us=180281153 unix_s=1780920825 drift_us=2 err_ns=-8 holdover_ms=1000 (pico_gnss pico-gnss-rs/src/main.rs:484)
256.441434 [INFO ] NMEA $GPVTG,39.56,T,,M,0.53,N,0.99,K,A*02 (pico_gnss pico-gnss-rs/src/main.rs:453)
256.470833 [INFO ] NMEA $GPZDA,121345.000,08,06,2026,,*5E (pico_gnss pico-gnss-rs/src/main.rs:453)
256.500302 [INFO ] NMEA $GPGST,121345.000,8.8,20,19,13.0,20,19,34*7C (pico_gnss pico-gnss-rs/src/main.rs:453)
256.712871 [INFO ] PPSGEN count=251 interval_ns=1000002496 dev_ns=2496 phase_ns=-1466516 hwphase_ns=720 (pico_gnss pico-gnss-rs/src/main.rs:296)
256.714135 [INFO ] PPS count=136 interval_us=1000002 interval_ns=1000002512 state=Locked missed=0 (pico_gnss pico-gnss-rs/src/main.rs:192)
256.845853 [INFO ] NMEA $GPGGA,121346.000,0000.0000,N,00000.0000,E,1,4,1.42,27.3,M,39.0,M,,*64 (pico_gnss pico-gnss-rs/src/main.rs:453)
256.904172 [INFO ] NMEA $GNGLL,0000.0000,N,00000.0000,E,121346.000,A,A*40 (pico_gnss pico-gnss-rs/src/main.rs:453)
256.962618 [INFO ] NMEA $GNGSA,A,3,23,32,12,24,,,,,,,,,1.72,1.42,0.96*15 (pico_gnss pico-gnss-rs/src/main.rs:453)
256.992154 [INFO ] NMEA $GNGSA,A,3,,,,,,,,,,,,,1.72,1.42,0.96*10 (pico_gnss pico-gnss-rs/src/main.rs:453)
257.046822 [INFO ] TIME unix_ns=1780920826332626642 ppb=2520 holdover_ms=1332 locked=1 (pico_gnss pico-gnss-rs/src/main.rs:226)
257.051036 [INFO ] NMEA $GPGSV,4,1,13,12,63,079,16,25,62,181,16,10,57,259,,23,42,199,16*71 (pico_gnss pico-gnss-rs/src/main.rs:453)
257.142266 [INFO ] NMEA $GPGSV,4,2,13,32,39,315,20,24,30,063,14,28,21,266,,15,14,126,14*7C (pico_gnss pico-gnss-rs/src/main.rs:453)
257.200717 [INFO ] NMEA $GPGSV,4,3,13,19,02,041,16,29,01,160,,193,,,,194,,,*7E (pico_gnss pico-gnss-rs/src/main.rs:453)
257.229971 [INFO ] NMEA $GPGSV,4,4,13,195,,,*46 (pico_gnss pico-gnss-rs/src/main.rs:453)
257.288419 [INFO ] NMEA $GLGSV,2,1,06,74,77,007,,72,71,359,,71,45,127,,75,44,223,*6A (pico_gnss pico-gnss-rs/src/main.rs:453)
257.317929 [INFO ] NMEA $GLGSV,2,2,06,73,27,034,,65,20,327,*62 (pico_gnss pico-gnss-rs/src/main.rs:453)
257.409437 [INFO ] NMEA $GNRMC,121346.000,A,0000.0000,N,00000.0000,E,1.22,45.69,080626,,,A*42 (pico_gnss pico-gnss-rs/src/main.rs:453)
257.412003 [INFO ] SYNC pps_local_us=181281156 unix_s=1780920826 drift_us=2 err_ns=-7 holdover_ms=1000 (pico_gnss pico-gnss-rs/src/main.rs:484)
257.439172 [INFO ] NMEA $GPVTG,45.69,T,,M,1.22,N,2.26,K,A*04 (pico_gnss pico-gnss-rs/src/main.rs:453)
257.468284 [INFO ] NMEA $GPZDA,121346.000,08,06,2026,,*5D (pico_gnss pico-gnss-rs/src/main.rs:453)
257.514110 [INFO ] NMEA $GPGST,121346.000,8.8,21,19,11.5,20,19,36*7B (pico_gnss pico-gnss-rs/src/main.rs:453)
257.712869 [INFO ] PPSGEN count=252 interval_ns=1000002512 dev_ns=2512 phase_ns=-1468516 hwphase_ns=720 (pico_gnss pico-gnss-rs/src/main.rs:296)
257.714141 [INFO ] PPS count=137 interval_us=1000002 interval_ns=1000002512 state=Locked missed=0 (pico_gnss pico-gnss-rs/src/main.rs:192)
257.833066 [INFO ] NMEA $GPGGA,121347.000,0000.0000,N,00000.0000,E,1,4,1.42,27.3,M,39.0,M,,*6C (pico_gnss pico-gnss-rs/src/main.rs:453)
257.882178 [INFO ] NMEA $GNGLL,0000.0000,N,00000.0000,E,121347.000,A,A*48 (pico_gnss pico-gnss-rs/src/main.rs:453)
257.940479 [INFO ] NMEA $GNGSA,A,3,23,32,12,24,,,,,,,,,1.72,1.42,0.96*15 (pico_gnss pico-gnss-rs/src/main.rs:453)
257.970015 [INFO ] NMEA $GNGSA,A,3,,,,,,,,,,,,,1.72,1.42,0.96*10 (pico_gnss pico-gnss-rs/src/main.rs:453)
258.048120 [INFO ] TIME unix_ns=1780920827333890640 ppb=2520 holdover_ms=1333 locked=1 (pico_gnss pico-gnss-rs/src/main.rs:226)
258.057699 [INFO ] NMEA $GPGSV,4,1,13,12,63,079,16,25,62,181,16,10,57,259,,23,42,199,16*71 (pico_gnss pico-gnss-rs/src/main.rs:453)
258.116042 [INFO ] NMEA $GPGSV,4,2,13,32,39,315,20,24,30,063,16,28,21,266,,15,14,126,16*7C (pico_gnss pico-gnss-rs/src/main.rs:453)
258.178544 [INFO ] NMEA $GPGSV,4,3,13,19,02,041,16,29,01,160,,193,,,,194,,,*7E (pico_gnss pico-gnss-rs/src/main.rs:453)
258.207813 [INFO ] NMEA $GPGSV,4,4,13,195,,,*46 (pico_gnss pico-gnss-rs/src/main.rs:453)
258.266326 [INFO ] NMEA $GLGSV,2,1,06,74,77,007,,72,71,359,,71,45,127,,75,44,223,*6A (pico_gnss pico-gnss-rs/src/main.rs:453)
258.324529 [INFO ] NMEA $GLGSV,2,2,06,73,27,034,,65,20,327,*62 (pico_gnss pico-gnss-rs/src/main.rs:453)
258.383203 [INFO ] NMEA $GNRMC,121347.000,A,0000.0000,N,00000.0000,E,1.97,6.82,080626,,,A*76 (pico_gnss pico-gnss-rs/src/main.rs:453)
258.385763 [INFO ] SYNC pps_local_us=182281158 unix_s=1780920827 drift_us=2 err_ns=-7 holdover_ms=999 (pico_gnss pico-gnss-rs/src/main.rs:484)
258.416767 [INFO ] NMEA $GPVTG,6.82,T,,M,1.97,N,3.65,K,A*3E (pico_gnss pico-gnss-rs/src/main.rs:453)
258.474801 [INFO ] NMEA $GPZDA,121347.000,08,06,2026,,*5C (pico_gnss pico-gnss-rs/src/main.rs:453)
258.502507 [INFO ] NMEA $GPGST,121347.000,8.7,21,19,09.7,21,19,37*7E (pico_gnss pico-gnss-rs/src/main.rs:453)
258.712865 [INFO ] PPSGEN count=253 interval_ns=1000002496 dev_ns=2496 phase_ns=-1463516 hwphase_ns=704 (pico_gnss pico-gnss-rs/src/main.rs:296)
258.714134 [INFO ] PPS count=138 interval_us=1000002 interval_ns=1000002512 state=Locked missed=0 (pico_gnss pico-gnss-rs/src/main.rs:192)
258.885809 [INFO ] NMEA $GPGGA,121348.000,0000.0000,N,00000.0000,E,1,5,1.23,27.0,M,39.0,M,,*65 (pico_gnss pico-gnss-rs/src/main.rs:453)
258.944144 [INFO ] NMEA $GNGLL,0000.0000,N,00000.0000,E,121348.000,A,A*44 (pico_gnss pico-gnss-rs/src/main.rs:453)
258.983022 [INFO ] NMEA $GNGSA,A,3,23,32,12,24,15,,,,,,,,1.54,1.23,0.92*16 (pico_gnss pico-gnss-rs/src/main.rs:453)
259.041214 [INFO ] NMEA $GNGSA,A,3,,,,,,,,,,,,,1.54,1.23,0.92*17 (pico_gnss pico-gnss-rs/src/main.rs:453)
259.049385 [INFO ] TIME unix_ns=1780920828335192637 ppb=2519 holdover_ms=1335 locked=1 (pico_gnss pico-gnss-rs/src/main.rs:226)
259.099945 [INFO ] NMEA $GPGSV,4,1,13,12,63,079,16,25,62,181,16,10,57,259,,23,42,199,16*71 (pico_gnss pico-gnss-rs/src/main.rs:453)
259.187337 [INFO ] NMEA $GPGSV,4,2,13,32,39,315,20,24,30,063,14,28,21,266,,15,14,126,16*7E (pico_gnss pico-gnss-rs/src/main.rs:453)
259.249929 [INFO ] NMEA $GPGSV,4,3,13,19,02,041,16,29,01,160,,193,,,,194,,,*7E (pico_gnss pico-gnss-rs/src/main.rs:453)
259.251314 [INFO ] NMEA $GPGSV,4,4,13,195,,,*46 (pico_gnss pico-gnss-rs/src/main.rs:453)
259.337639 [INFO ] NMEA $GLGSV,2,1,06,74,77,007,,72,71,359,,71,45,127,,75,44,223,*6A (pico_gnss pico-gnss-rs/src/main.rs:453)
259.367144 [INFO ] NMEA $GLGSV,2,2,06,73,27,034,,65,20,327,*62 (pico_gnss pico-gnss-rs/src/main.rs:453)
259.454508 [INFO ] NMEA $GNRMC,121348.000,A,0000.0000,N,00000.0000,E,1.46,18.93,080626,,,A*49 (pico_gnss pico-gnss-rs/src/main.rs:453)
259.457094 [INFO ] SYNC pps_local_us=183281161 unix_s=1780920828 drift_us=2 err_ns=-7 holdover_ms=999 (pico_gnss pico-gnss-rs/src/main.rs:484)
259.484287 [INFO ] NMEA $GPVTG,18.93,T,,M,1.46,N,2.71,K,A*09 (pico_gnss pico-gnss-rs/src/main.rs:453)
259.517414 [INFO ] NMEA $GPZDA,121348.000,08,06,2026,,*53 (pico_gnss pico-gnss-rs/src/main.rs:453)
259.559107 [INFO ] NMEA $GPGST,121348.000,8.7,20,18,13.9,20,19,35*77 (pico_gnss pico-gnss-rs/src/main.rs:453)
259.712884 [INFO ] PPSGEN count=254 interval_ns=1000002512 dev_ns=2512 phase_ns=-1448515 hwphase_ns=704 (pico_gnss pico-gnss-rs/src/main.rs:296)
259.714147 [INFO ] PPS count=139 interval_us=1000002 interval_ns=1000002512 state=Locked missed=0 (pico_gnss pico-gnss-rs/src/main.rs:192)
259.886002 [INFO ] NMEA $GPGGA,121349.000,0000.0000,N,00000.0000,E,1,5,1.23,26.8,M,39.0,M,,*6F (pico_gnss pico-gnss-rs/src/main.rs:453)
259.944308 [INFO ] NMEA $GNGLL,0000.0000,N,00000.0000,E,121349.000,A,A*47 (pico_gnss pico-gnss-rs/src/main.rs:453)
260.002690 [INFO ] NMEA $GNGSA,A,3,23,32,12,24,15,,,,,,,,1.54,1.23,0.92*16 (pico_gnss pico-gnss-rs/src/main.rs:453)
260.027065 [INFO ] NMEA $GNGSA,A,3,,,,,,,,,,,,,1.54,1.23,0.92*17 (pico_gnss pico-gnss-rs/src/main.rs:453)
260.050649 [INFO ] TIME unix_ns=1780920829336457634 ppb=2519 holdover_ms=1336 locked=1 (pico_gnss pico-gnss-rs/src/main.rs:226)
260.114512 [INFO ] NMEA $GPGSV,4,1,13,12,63,079,16,25,62,181,16,10,57,259,,23,42,199,16*71 (pico_gnss pico-gnss-rs/src/main.rs:453)
260.173176 [INFO ] NMEA $GPGSV,4,2,13,32,39,315,19,24,30,063,15,28,21,266,,15,14,126,15*76 (pico_gnss pico-gnss-rs/src/main.rs:453)
260.231598 [INFO ] NMEA $GPGSV,4,3,13,19,02,041,16,29,01,160,,193,,,,194,,,*7E (pico_gnss pico-gnss-rs/src/main.rs:453)
260.260850 [INFO ] NMEA $GPGSV,4,4,13,195,,,*46 (pico_gnss pico-gnss-rs/src/main.rs:453)
260.323437 [INFO ] NMEA $GLGSV,2,1,06,74,77,007,,72,71,359,,71,45,127,,75,44,223,*6A (pico_gnss pico-gnss-rs/src/main.rs:453)
260.381644 [INFO ] NMEA $GLGSV,2,2,06,73,27,034,,65,20,327,*62 (pico_gnss pico-gnss-rs/src/main.rs:453)
260.440350 [INFO ] NMEA $GNRMC,121349.000,A,0000.0000,N,00000.0000,E,1.00,32.68,080626,,,A*44 (pico_gnss pico-gnss-rs/src/main.rs:453)
260.442898 [INFO ] SYNC pps_local_us=184281163 unix_s=1780920829 drift_us=2 err_ns=-7 holdover_ms=1000 (pico_gnss pico-gnss-rs/src/main.rs:484)
260.498535 [INFO ] NMEA $GPVTG,32.68,T,,M,1.00,N,1.85,K,A*0F (pico_gnss pico-gnss-rs/src/main.rs:453)
260.527944 [INFO ] NMEA $GPZDA,121349.000,08,06,2026,,*52 (pico_gnss pico-gnss-rs/src/main.rs:453)
260.559952 [INFO ] NMEA $GPGST,121349.000,8.7,20,19,14.6,20,19,36*7C (pico_gnss pico-gnss-rs/src/main.rs:453)
260.712870 [INFO ] PPSGEN count=255 interval_ns=1000002496 dev_ns=2496 phase_ns=-1472515 hwphase_ns=688 (pico_gnss pico-gnss-rs/src/main.rs:296)
260.714135 [INFO ] PPS count=140 interval_us=1000002 interval_ns=1000002512 state=Locked missed=0 (pico_gnss pico-gnss-rs/src/main.rs:192)
260.885932 [INFO ] NMEA $GPGGA,121350.000,0000.0000,N,00000.0000,E,1,5,1.23,26.6,M,39.0,M,,*6C (pico_gnss pico-gnss-rs/src/main.rs:453)
260.944258 [INFO ] NMEA $GNGLL,0000.0000,N,00000.0000,E,121350.000,A,A*4A (pico_gnss pico-gnss-rs/src/main.rs:453)
261.002668 [INFO ] NMEA $GNGSA,A,3,23,32,12,24,15,,,,,,,,1.54,1.23,0.92*16 (pico_gnss pico-gnss-rs/src/main.rs:453)
261.032143 [INFO ] NMEA $GNGSA,A,3,,,,,,,,,,,,,1.54,1.23,0.92*17 (pico_gnss pico-gnss-rs/src/main.rs:453)
261.051900 [INFO ] TIME unix_ns=1780920830337707631 ppb=2519 holdover_ms=1337 locked=1 (pico_gnss pico-gnss-rs/src/main.rs:226)
261.100017 [INFO ] NMEA $GPGSV,4,1,13,12,63,079,16,25,62,181,16,10,57,259,,23,42,199,15*72 (pico_gnss pico-gnss-rs/src/main.rs:453)
261.187447 [INFO ] NMEA $GPGSV,4,2,13,32,39,315,19,24,30,063,14,28,21,266,,15,14,126,15*77 (pico_gnss pico-gnss-rs/src/main.rs:453)
261.245901 [INFO ] NMEA $GPGSV,4,3,13,19,02,041,16,29,01,160,,193,,,,194,,,*7E (pico_gnss pico-gnss-rs/src/main.rs:453)
261.275150 [INFO ] NMEA $GPGSV,4,4,13,195,,,*46 (pico_gnss pico-gnss-rs/src/main.rs:453)
261.337740 [INFO ] NMEA $GLGSV,2,1,06,74,77,007,,72,71,359,,71,45,127,,75,44,223,*6A (pico_gnss pico-gnss-rs/src/main.rs:453)
261.367239 [INFO ] NMEA $GLGSV,2,2,06,73,27,034,,65,20,327,*62 (pico_gnss pico-gnss-rs/src/main.rs:453)
261.454639 [INFO ] NMEA $GNRMC,121350.000,A,0000.0000,N,00000.0000,E,1.07,354.16,080626,,,A*74 (pico_gnss pico-gnss-rs/src/main.rs:453)
261.457224 [INFO ] SYNC pps_local_us=185281166 unix_s=1780920830 drift_us=2 err_ns=-6 holdover_ms=999 (pico_gnss pico-gnss-rs/src/main.rs:484)
261.484413 [INFO ] NMEA $GPVTG,354.16,T,,M,1.07,N,1.98,K,A*3E (pico_gnss pico-gnss-rs/src/main.rs:453)
261.513509 [INFO ] NMEA $GPZDA,121350.000,08,06,2026,,*5A (pico_gnss pico-gnss-rs/src/main.rs:453)
261.561431 [INFO ] NMEA $GPGST,121350.000,8.7,21,19,18.8,20,19,37*76 (pico_gnss pico-gnss-rs/src/main.rs:453)
261.712881 [INFO ] PPSGEN count=256 interval_ns=1000002496 dev_ns=2496 phase_ns=-1454515 hwphase_ns=672 (pico_gnss pico-gnss-rs/src/main.rs:296)
261.714163 [INFO ] PPS count=141 interval_us=1000002 interval_ns=1000002512 state=Locked missed=0 (pico_gnss pico-gnss-rs/src/main.rs:192)
261.884619 [INFO ] NMEA $GPGGA,121351.000,0000.0000,N,00000.0000,E,1,5,1.23,26.4,M,39.0,M,,*6B (pico_gnss pico-gnss-rs/src/main.rs:453)
261.942991 [INFO ] NMEA $GNGLL,0000.0000,N,00000.0000,E,121351.000,A,A*4F (pico_gnss pico-gnss-rs/src/main.rs:453)
262.001334 [INFO ] NMEA $GNGSA,A,3,23,32,12,24,15,,,,,,,,1.54,1.23,0.92*16 (pico_gnss pico-gnss-rs/src/main.rs:453)
262.053180 [INFO ] TIME unix_ns=1780920831338969628 ppb=2519 holdover_ms=1338 locked=1 (pico_gnss pico-gnss-rs/src/main.rs:226)
262.059925 [INFO ] NMEA $GNGSA,A,3,,,,,,,,,,,,,1.54,1.23,0.92*17 (pico_gnss pico-gnss-rs/src/main.rs:453)
262.122321 [INFO ] NMEA $GPGSV,4,1,13,12,63,079,16,25,62,181,16,10,57,259,,23,42,199,15*72 (pico_gnss pico-gnss-rs/src/main.rs:453)
262.181020 [INFO ] NMEA $GPGSV,4,2,13,32,39,315,19,24,30,063,14,28,21,266,,15,14,126,16*74 (pico_gnss pico-gnss-rs/src/main.rs:453)
262.239456 [INFO ] NMEA $GPGSV,4,3,13,19,02,041,16,29,01,160,,193,,,,194,,,*7E (pico_gnss pico-gnss-rs/src/main.rs:453)
262.268713 [INFO ] NMEA $GPGSV,4,4,13,195,,,*46 (pico_gnss pico-gnss-rs/src/main.rs:453)
262.327196 [INFO ] NMEA $GLGSV,2,1,06,74,77,007,,72,71,359,,71,45,127,,75,44,223,*6A (pico_gnss pico-gnss-rs/src/main.rs:453)
262.389482 [INFO ] NMEA $GLGSV,2,2,06,73,27,034,,65,20,327,*62 (pico_gnss pico-gnss-rs/src/main.rs:453)
262.448215 [INFO ] NMEA $GNRMC,121351.000,A,0000.0000,N,00000.0000,E,1.06,308.11,080626,,,A*7E (pico_gnss pico-gnss-rs/src/main.rs:453)
262.450777 [INFO ] SYNC pps_local_us=186281168 unix_s=1780920831 drift_us=2 err_ns=-6 holdover_ms=1000 (pico_gnss pico-gnss-rs/src/main.rs:484)
262.506447 [INFO ] NMEA $GPVTG,308.11,T,,M,1.06,N,1.96,K,A*3F (pico_gnss pico-gnss-rs/src/main.rs:453)
262.535806 [INFO ] NMEA $GPZDA,121351.000,08,06,2026,,*5B (pico_gnss pico-gnss-rs/src/main.rs:453)
262.571191 [INFO ] NMEA $GPGST,121351.000,8.7,21,19,19.3,21,19,38*73 (pico_gnss pico-gnss-rs/src/main.rs:453)
262.712876 [INFO ] PPSGEN count=257 interval_ns=1000002496 dev_ns=2496 phase_ns=-1475515 hwphase_ns=656 (pico_gnss pico-gnss-rs/src/main.rs:296)
262.714153 [INFO ] PPS count=142 interval_us=1000002 interval_ns=1000002512 state=Locked missed=0 (pico_gnss pico-gnss-rs/src/main.rs:192)
262.887913 [INFO ] NMEA $GPGGA,121352.000,0000.0000,N,00000.0000,E,1,4,1.52,26.2,M,39.0,M,,*64 (pico_gnss pico-gnss-rs/src/main.rs:453)
262.946235 [INFO ] NMEA $GNGLL,0000.0000,N,00000.0000,E,121352.000,A,A*41 (pico_gnss pico-gnss-rs/src/main.rs:453)
263.004614 [INFO ] NMEA $GNGSA,A,3,23,32,12,15,,,,,,,,,1.78,1.52,0.92*18 (pico_gnss pico-gnss-rs/src/main.rs:453)
263.034133 [INFO ] NMEA $GNGSA,A,3,,,,,,,,,,,,,1.78,1.52,0.92*1F (pico_gnss pico-gnss-rs/src/main.rs:453)
263.054455 [INFO ] TIME unix_ns=1780920832340241625 ppb=2519 holdover_ms=1340 locked=1 (pico_gnss pico-gnss-rs/src/main.rs:226)
263.121480 [INFO ] NMEA $GPGSV,4,1,13,12,63,079,16,25,62,181,16,10,57,259,,23,42,199,15*72 (pico_gnss pico-gnss-rs/src/main.rs:453)
263.184232 [INFO ] NMEA $GPGSV,4,2,13,32,39,315,19,24,30,063,15,28,21,266,,15,14,126,16*75 (pico_gnss pico-gnss-rs/src/main.rs:453)
263.242681 [INFO ] NMEA $GPGSV,4,3,13,19,02,041,16,29,01,160,,193,,,,194,,,*7E (pico_gnss pico-gnss-rs/src/main.rs:453)
263.271933 [INFO ] NMEA $GPGSV,4,4,13,195,,,*46 (pico_gnss pico-gnss-rs/src/main.rs:453)
263.330393 [INFO ] NMEA $GLGSV,2,1,06,74,77,007,,72,71,359,,71,45,127,,75,44,223,*6A (pico_gnss pico-gnss-rs/src/main.rs:453)
263.359907 [INFO ] NMEA $GLGSV,2,2,06,73,27,034,,65,20,327,*62 (pico_gnss pico-gnss-rs/src/main.rs:453)
263.451442 [INFO ] NMEA $GNRMC,121352.000,A,0000.0000,N,00000.0000,E,0.52,308.11,080626,,,A*70 (pico_gnss pico-gnss-rs/src/main.rs:453)
263.454015 [INFO ] SYNC pps_local_us=187281171 unix_s=1780920832 drift_us=2 err_ns=-6 holdover_ms=999 (pico_gnss pico-gnss-rs/src/main.rs:484)
263.481160 [INFO ] NMEA $GPVTG,308.11,T,,M,0.52,N,0.96,K,A*3E (pico_gnss pico-gnss-rs/src/main.rs:453)
263.510278 [INFO ] NMEA $GPZDA,121352.000,08,06,2026,,*58 (pico_gnss pico-gnss-rs/src/main.rs:453)
263.560295 [INFO ] NMEA $GPGST,121352.000,8.7,21,19,22.0,21,19,39*7A (pico_gnss pico-gnss-rs/src/main.rs:453)
263.712883 [INFO ] PPSGEN count=258 interval_ns=1000002496 dev_ns=2496 phase_ns=-1472514 hwphase_ns=640 (pico_gnss pico-gnss-rs/src/main.rs:296)
263.714175 [INFO ] PPS count=143 interval_us=1000002 interval_ns=1000002496 state=Locked missed=0 (pico_gnss pico-gnss-rs/src/main.rs:192)
263.887973 [INFO ] NMEA $GPGGA,121353.000,0000.0000,N,00000.0000,E,1,4,1.53,26.0,M,39.0,M,,*61 (pico_gnss pico-gnss-rs/src/main.rs:453)
263.932905 [INFO ] NMEA $GNGLL,0000.0000,N,00000.0000,E,121353.000,A,A*47 (pico_gnss pico-gnss-rs/src/main.rs:453)
263.991245 [INFO ] NMEA $GNGSA,A,3,23,32,12,15,,,,,,,,,1.78,1.53,0.92*19 (pico_gnss pico-gnss-rs/src/main.rs:453)
264.049457 [INFO ] NMEA $GNGSA,A,3,,,,,,,,,,,,,1.78,1.53,0.92*1E (pico_gnss pico-gnss-rs/src/main.rs:453)
264.055724 [INFO ] TIME unix_ns=1780920833341516623 ppb=2518 holdover_ms=1341 locked=1 (pico_gnss pico-gnss-rs/src/main.rs:226)
264.108226 [INFO ] NMEA $GPGSV,4,1,13,12,63,079,16,25,62,181,16,10,57,259,,23,42,199,16*71 (pico_gnss pico-gnss-rs/src/main.rs:453)
264.166776 [INFO ] NMEA $GPGSV,4,2,13,32,39,315,19,24,30,063,12,28,21,266,,15,14,126,16*72 (pico_gnss pico-gnss-rs/src/main.rs:453)
264.229308 [INFO ] NMEA $GPGSV,4,3,13,19,02,041,16,29,01,160,,193,,,,194,,,*7E (pico_gnss pico-gnss-rs/src/main.rs:453)
264.258588 [INFO ] NMEA $GPGSV,4,4,13,195,,,*46 (pico_gnss pico-gnss-rs/src/main.rs:453)
264.317042 [INFO ] NMEA $GLGSV,2,1,06,74,77,007,,72,71,359,,71,45,127,,75,44,223,*6A (pico_gnss pico-gnss-rs/src/main.rs:453)
264.375282 [INFO ] NMEA $GLGSV,2,2,06,73,27,034,,65,20,327,*62 (pico_gnss pico-gnss-rs/src/main.rs:453)
264.433946 [INFO ] NMEA $GNRMC,121353.000,A,0000.0000,N,00000.0000,E,0.96,44.71,080626,,,A*43 (pico_gnss pico-gnss-rs/src/main.rs:453)
264.436503 [INFO ] SYNC pps_local_us=188281173 unix_s=1780920833 drift_us=2 err_ns=-21 holdover_ms=1000 (pico_gnss pico-gnss-rs/src/main.rs:484)
264.496278 [INFO ] NMEA $GPVTG,44.71,T,,M,0.96,N,1.78,K,A*0A (pico_gnss pico-gnss-rs/src/main.rs:453)
264.525687 [INFO ] NMEA $GPZDA,121353.000,08,06,2026,,*59 (pico_gnss pico-gnss-rs/src/main.rs:453)
264.555182 [INFO ] NMEA $GPGST,121353.000,8.7,21,19,24.5,21,19,39*78 (pico_gnss pico-gnss-rs/src/main.rs:453)
264.712877 [INFO ] PPSGEN count=259 interval_ns=1000002496 dev_ns=2496 phase_ns=-1506514 hwphase_ns=640 (pico_gnss pico-gnss-rs/src/main.rs:296)
264.714163 [INFO ] PPS count=144 interval_us=1000002 interval_ns=1000002528 state=Locked missed=0 (pico_gnss pico-gnss-rs/src/main.rs:192)
264.888963 [INFO ] NMEA $GPGGA,121354.000,0000.0000,N,00000.0000,E,1,4,1.52,26.1,M,39.0,M,,*69 (pico_gnss pico-gnss-rs/src/main.rs:453)
264.947296 [INFO ] NMEA $GNGLL,0000.0000,N,00000.0000,E,121354.000,A,A*4F (pico_gnss pico-gnss-rs/src/main.rs:453)
265.008674 [INFO ] NMEA $GNGSA,A,3,23,32,12,15,,,,,,,,,1.78,1.52,0.92*18 (pico_gnss pico-gnss-rs/src/main.rs:453)
265.038242 [INFO ] NMEA $GNGSA,A,3,,,,,,,,,,,,,1.78,1.52,0.92*1F (pico_gnss pico-gnss-rs/src/main.rs:453)
265.056985 [INFO ] TIME unix_ns=1780920834342760619 ppb=2518 holdover_ms=1342 locked=1 (pico_gnss pico-gnss-rs/src/main.rs:226)
265.096881 [INFO ] NMEA $GPGSV,4,1,13,12,63,079,16,25,62,181,16,10,57,259,,23,42,199,16*71 (pico_gnss pico-gnss-rs/src/main.rs:453)
265.184224 [INFO ] NMEA $GPGSV,4,2,13,32,39,315,19,24,30,063,11,28,21,266,,15,14,126,16*71 (pico_gnss pico-gnss-rs/src/main.rs:453)
265.246772 [INFO ] NMEA $GPGSV,4,3,13,19,02,041,16,29,01,160,,193,,,,194,,,*7E (pico_gnss pico-gnss-rs/src/main.rs:453)
265.276043 [INFO ] NMEA $GPGSV,4,4,13,195,,,*46 (pico_gnss pico-gnss-rs/src/main.rs:453)
265.334536 [INFO ] NMEA $GLGSV,2,1,06,74,77,007,,72,71,359,,71,45,127,,75,44,223,*6A (pico_gnss pico-gnss-rs/src/main.rs:453)
265.364027 [INFO ] NMEA $GLGSV,2,2,06,73,27,034,,65,20,327,*62 (pico_gnss pico-gnss-rs/src/main.rs:453)
265.451417 [INFO ] NMEA $GNRMC,121354.000,A,0000.0000,N,00000.0000,E,0.39,44.71,080626,,,A*4E (pico_gnss pico-gnss-rs/src/main.rs:453)
265.453993 [INFO ] SYNC pps_local_us=189281176 unix_s=1780920834 drift_us=2 err_ns=10 holdover_ms=999 (pico_gnss pico-gnss-rs/src/main.rs:484)
265.481138 [INFO ] NMEA $GPVTG,44.71,T,,M,0.39,N,0.72,K,A*04 (pico_gnss pico-gnss-rs/src/main.rs:453)
265.514295 [INFO ] NMEA $GPZDA,121354.000,08,06,2026,,*5E (pico_gnss pico-gnss-rs/src/main.rs:453)
265.560213 [INFO ] NMEA $GPGST,121354.000,8.6,22,19,27.7,21,20,40*78 (pico_gnss pico-gnss-rs/src/main.rs:453)
265.712891 [INFO ] PPSGEN count=260 interval_ns=1000002496 dev_ns=2496 phase_ns=-1469514 hwphase_ns=608 (pico_gnss pico-gnss-rs/src/main.rs:296)
265.714171 [INFO ] PPS count=145 interval_us=1000002 interval_ns=1000002512 state=Locked missed=0 (pico_gnss pico-gnss-rs/src/main.rs:192)
265.886058 [INFO ] NMEA $GPGGA,121355.000,0000.0000,N,00000.0000,E,1,4,1.52,26.0,M,39.0,M,,*6F (pico_gnss pico-gnss-rs/src/main.rs:453)
265.944381 [INFO ] NMEA $GNGLL,0000.0000,N,00000.0000,E,121355.000,A,A*48 (pico_gnss pico-gnss-rs/src/main.rs:453)
266.002707 [INFO ] NMEA $GNGSA,A,3,23,32,12,15,,,,,,,,,1.78,1.52,0.92*18 (pico_gnss pico-gnss-rs/src/main.rs:453)
266.022996 [INFO ] NMEA $GNGSA,A,3,,,,,,,,,,,,,1.78,1.52,0.92*1F (pico_gnss pico-gnss-rs/src/main.rs:453)
266.058262 [INFO ] TIME unix_ns=1780920835344025616 ppb=2518 holdover_ms=1344 locked=1 (pico_gnss pico-gnss-rs/src/main.rs:226)
266.110452 [INFO ] NMEA $GPGSV,4,1,13,12,63,079,17,25,62,181,16,10,57,259,,23,42,199,15*73 (pico_gnss pico-gnss-rs/src/main.rs:453)
266.169060 [INFO ] NMEA $GPGSV,4,2,13,32,39,315,19,24,30,063,12,28,21,266,,15,14,126,16*72 (pico_gnss pico-gnss-rs/src/main.rs:453)
266.227487 [INFO ] NMEA $GPGSV,4,3,13,19,02,041,16,29,01,160,,193,,,,194,,,*7E (pico_gnss pico-gnss-rs/src/main.rs:453)
266.256717 [INFO ] NMEA $GPGSV,4,4,13,195,,,*46 (pico_gnss pico-gnss-rs/src/main.rs:453)
266.319317 [INFO ] NMEA $GLGSV,2,1,06,74,77,007,,72,71,359,,71,45,127,,75,44,223,*6A (pico_gnss pico-gnss-rs/src/main.rs:453)
266.377512 [INFO ] NMEA $GLGSV,2,2,06,73,27,034,,65,20,327,*62 (pico_gnss pico-gnss-rs/src/main.rs:453)
266.436229 [INFO ] NMEA $GNRMC,121355.000,A,0000.0000,N,00000.0000,E,0.39,44.71,080626,,,A*49 (pico_gnss pico-gnss-rs/src/main.rs:453)
266.438770 [INFO ] SYNC pps_local_us=190281178 unix_s=1780920835 drift_us=2 err_ns=-5 holdover_ms=1000 (pico_gnss pico-gnss-rs/src/main.rs:484)
266.494448 [INFO ] NMEA $GPVTG,44.71,T,,M,0.39,N,0.71,K,A*07 (pico_gnss pico-gnss-rs/src/main.rs:453)
266.523838 [INFO ] NMEA $GPZDA,121355.000,08,06,2026,,*5F (pico_gnss pico-gnss-rs/src/main.rs:453)
266.557556 [INFO ] NMEA $GPGST,121355.000,8.6,22,19,31.6,22,20,39*72 (pico_gnss pico-gnss-rs/src/main.rs:453)
266.712900 [INFO ] PPSGEN count=261 interval_ns=1000002496 dev_ns=2496 phase_ns=-1478514 hwphase_ns=592 (pico_gnss pico-gnss-rs/src/main.rs:296)
266.714192 [INFO ] PPS count=146 interval_us=1000002 interval_ns=1000002496 state=Locked missed=0 (pico_gnss pico-gnss-rs/src/main.rs:192)
266.887028 [INFO ] NMEA $GPGGA,121356.000,0000.0000,N,00000.0000,E,1,4,1.52,26.0,M,39.0,M,,*6A (pico_gnss pico-gnss-rs/src/main.rs:453)
266.945356 [INFO ] NMEA $GNGLL,0000.0000,N,00000.0000,E,121356.000,A,A*4D (pico_gnss pico-gnss-rs/src/main.rs:453)
267.003713 [INFO ] NMEA $GNGSA,A,3,23,32,12,15,,,,,,,,,1.78,1.52,0.92*18 (pico_gnss pico-gnss-rs/src/main.rs:453)
267.033203 [INFO ] NMEA $GNGSA,A,3,,,,,,,,,,,,,1.78,1.52,0.92*1F (pico_gnss pico-gnss-rs/src/main.rs:453)
267.059532 [INFO ] TIME unix_ns=1780920836345296614 ppb=2517 holdover_ms=1345 locked=1 (pico_gnss pico-gnss-rs/src/main.rs:226)
267.098971 [INFO ] NMEA $GPGSV,4,1,13,12,63,079,17,25,62,181,16,10,57,259,,23,42,199,15*73 (pico_gnss pico-gnss-rs/src/main.rs:453)
267.186409 [INFO ] NMEA $GPGSV,4,2,13,32,39,315,19,24,30,063,13,28,21,266,,15,14,126,16*73 (pico_gnss pico-gnss-rs/src/main.rs:453)
267.244858 [INFO ] NMEA $GPGSV,4,3,13,19,02,041,15,29,01,160,,193,,,,194,,,*7D (pico_gnss pico-gnss-rs/src/main.rs:453)
267.274109 [INFO ] NMEA $GPGSV,4,4,13,195,,,*46 (pico_gnss pico-gnss-rs/src/main.rs:453)
267.336689 [INFO ] NMEA $GLGSV,2,1,06,74,77,007,,72,71,359,,71,45,127,,75,44,223,*6A (pico_gnss pico-gnss-rs/src/main.rs:453)
267.366170 [INFO ] NMEA $GLGSV,2,2,06,73,27,034,,65,20,327,*62 (pico_gnss pico-gnss-rs/src/main.rs:453)
267.453615 [INFO ] NMEA $GNRMC,121356.000,A,0000.0000,N,00000.0000,E,0.59,320.56,080626,,,A*7E (pico_gnss pico-gnss-rs/src/main.rs:453)
267.456203 [INFO ] SYNC pps_local_us=191281181 unix_s=1780920836 drift_us=2 err_ns=-21 holdover_ms=1000 (pico_gnss pico-gnss-rs/src/main.rs:484)
267.483322 [INFO ] NMEA $GPVTG,320.56,T,,M,0.59,N,1.09,K,A*3B (pico_gnss pico-gnss-rs/src/main.rs:453)
267.512472 [INFO ] NMEA $GPZDA,121356.000,08,06,2026,,*5C (pico_gnss pico-gnss-rs/src/main.rs:453)
267.560402 [INFO ] NMEA $GPGST,121356.000,8.6,23,19,33.8,22,20,39*7C (pico_gnss pico-gnss-rs/src/main.rs:453)
267.712882 [INFO ] PPSGEN count=262 interval_ns=1000002512 dev_ns=2512 phase_ns=-1497513 hwphase_ns=608 (pico_gnss pico-gnss-rs/src/main.rs:296)
267.714159 [INFO ] PPS count=147 interval_us=1000002 interval_ns=1000002528 state=Locked missed=0 (pico_gnss pico-gnss-rs/src/main.rs:192)
267.876494 [INFO ] NMEA $GPGGA,121357.000,0000.0000,N,00000.0000,E,1,4,1.52,26.0,M,39.0,M,,*6F (pico_gnss pico-gnss-rs/src/main.rs:453)
267.934823 [INFO ] NMEA $GNGLL,0000.0000,N,00000.0000,E,121357.000,A,A*48 (pico_gnss pico-gnss-rs/src/main.rs:453)
267.993141 [INFO ] NMEA $GNGSA,A,3,23,32,12,15,,,,,,,,,1.78,1.52,0.92*18 (pico_gnss pico-gnss-rs/src/main.rs:453)
268.051384 [INFO ] NMEA $GNGSA,A,3,,,,,,,,,,,,,1.78,1.52,0.92*1F (pico_gnss pico-gnss-rs/src/main.rs:453)
268.060793 [INFO ] TIME unix_ns=1780920837346552610 ppb=2518 holdover_ms=1346 locked=1 (pico_gnss pico-gnss-rs/src/main.rs:226)
268.114164 [INFO ] NMEA $GPGSV,4,1,13,12,63,079,17,25,62,181,16,10,57,259,,23,42,199,15*73 (pico_gnss pico-gnss-rs/src/main.rs:453)
268.172806 [INFO ] NMEA $GPGSV,4,2,13,32,39,315,19,24,30,063,13,28,21,266,,15,14,126,15*70 (pico_gnss pico-gnss-rs/src/main.rs:453)
268.231245 [INFO ] NMEA $GPGSV,4,3,13,19,02,041,14,29,01,160,,193,,,,194,,,*7C (pico_gnss pico-gnss-rs/src/main.rs:453)
268.260491 [INFO ] NMEA $GPGSV,4,4,13,195,,,*46 (pico_gnss pico-gnss-rs/src/main.rs:453)
268.319001 [INFO ] NMEA $GLGSV,2,1,06,74,77,007,,72,71,359,,71,45,127,,75,44,223,*6A (pico_gnss pico-gnss-rs/src/main.rs:453)
268.381256 [INFO ] NMEA $GLGSV,2,2,06,73,27,034,,65,20,327,*62 (pico_gnss pico-gnss-rs/src/main.rs:453)
268.439995 [INFO ] NMEA $GNRMC,121357.000,A,0000.0000,N,00000.0000,E,1.25,281.27,080626,,,A*7D (pico_gnss pico-gnss-rs/src/main.rs:453)
268.442576 [INFO ] SYNC pps_local_us=192281184 unix_s=1780920837 drift_us=2 err_ns=11 holdover_ms=999 (pico_gnss pico-gnss-rs/src/main.rs:484)
268.498244 [INFO ] NMEA $GPVTG,281.27,T,,M,1.25,N,2.31,K,A*35 (pico_gnss pico-gnss-rs/src/main.rs:453)
268.527613 [INFO ] NMEA $GPZDA,121357.000,08,06,2026,,*5D (pico_gnss pico-gnss-rs/src/main.rs:453)
268.557116 [INFO ] NMEA $GPGST,121357.000,8.5,23,19,35.5,22,21,39*74 (pico_gnss pico-gnss-rs/src/main.rs:453)
268.712880 [INFO ] PPSGEN count=263 interval_ns=1000002496 dev_ns=2496 phase_ns=-1490513 hwphase_ns=576 (pico_gnss pico-gnss-rs/src/main.rs:296)
268.714155 [INFO ] PPS count=148 interval_us=1000002 interval_ns=1000002496 state=Locked missed=0 (pico_gnss pico-gnss-rs/src/main.rs:192)
268.888931 [INFO ] NMEA $GPGGA,121358.000,0000.0000,N,00000.0000,E,1,4,1.52,26.2,M,39.0,M,,*62 (pico_gnss pico-gnss-rs/src/main.rs:453)
268.947267 [INFO ] NMEA $GNGLL,0000.0000,N,00000.0000,E,121358.000,A,A*47 (pico_gnss pico-gnss-rs/src/main.rs:453)
269.005590 [INFO ] NMEA $GNGSA,A,3,23,32,12,15,,,,,,,,,1.78,1.52,0.92*18 (pico_gnss pico-gnss-rs/src/main.rs:453)
269.035131 [INFO ] NMEA $GNGSA,A,3,,,,,,,,,,,,,1.78,1.52,0.92*1F (pico_gnss pico-gnss-rs/src/main.rs:453)
269.062065 [INFO ] TIME unix_ns=1780920838347851608 ppb=2517 holdover_ms=1347 locked=1 (pico_gnss pico-gnss-rs/src/main.rs:226)
269.093757 [INFO ] NMEA $GPGSV,4,1,13,12,63,079,17,25,62,181,16,10,57,259,,23,42,199,16*70 (pico_gnss pico-gnss-rs/src/main.rs:453)
269.185279 [INFO ] NMEA $GPGSV,4,2,13,32,39,315,19,24,30,063,13,28,21,266,,15,14,126,16*73 (pico_gnss pico-gnss-rs/src/main.rs:453)
269.243734 [INFO ] NMEA $GPGSV,4,3,13,19,02,041,14,29,01,160,,193,,,,194,,,*7C (pico_gnss pico-gnss-rs/src/main.rs:453)
269.272992 [INFO ] NMEA $GPGSV,4,4,13,195,,,*46 (pico_gnss pico-gnss-rs/src/main.rs:453)
269.331437 [INFO ] NMEA $GLGSV,2,1,06,74,77,007,,72,71,359,,71,45,127,,75,44,223,*6A (pico_gnss pico-gnss-rs/src/main.rs:453)
269.360946 [INFO ] NMEA $GLGSV,2,2,06,73,27,034,,65,20,327,*62 (pico_gnss pico-gnss-rs/src/main.rs:453)
269.452465 [INFO ] NMEA $GNRMC,121358.000,A,0000.0000,N,00000.0000,E,0.40,281.27,080626,,,A*70 (pico_gnss pico-gnss-rs/src/main.rs:453)
269.455037 [INFO ] SYNC pps_local_us=193281186 unix_s=1780920838 drift_us=2 err_ns=-20 holdover_ms=999 (pico_gnss pico-gnss-rs/src/main.rs:484)
269.482222 [INFO ] NMEA $GPVTG,281.27,T,,M,0.40,N,0.74,K,A*34 (pico_gnss pico-gnss-rs/src/main.rs:453)
269.511362 [INFO ] NMEA $GPZDA,121358.000,08,06,2026,,*52 (pico_gnss pico-gnss-rs/src/main.rs:453)
269.559278 [INFO ] NMEA $GPGST,121358.000,8.4,23,19,36.3,22,21,39*7F (pico_gnss pico-gnss-rs/src/main.rs:453)
269.712928 [INFO ] PPSGEN count=264 interval_ns=1000002512 dev_ns=2512 phase_ns=-1426513 hwphase_ns=592 (pico_gnss pico-gnss-rs/src/main.rs:296)
269.714206 [INFO ] PPS count=149 interval_us=1000002 interval_ns=1000002512 state=Locked missed=0 (pico_gnss pico-gnss-rs/src/main.rs:192)
269.886197 [INFO ] NMEA $GPGGA,121359.000,0000.0000,N,00000.0000,E,1,4,1.52,26.2,M,39.0,M,,*65 (pico_gnss pico-gnss-rs/src/main.rs:453)
269.933223 [INFO ] NMEA $GNGLL,0000.0000,N,00000.0000,E,121359.000,A,A*40 (pico_gnss pico-gnss-rs/src/main.rs:453)
269.991561 [INFO ] NMEA $GNGSA,A,3,23,32,12,15,,,,,,,,,1.78,1.52,0.92*18 (pico_gnss pico-gnss-rs/src/main.rs:453)
270.049801 [INFO ] NMEA $GNGSA,A,3,,,,,,,,,,,,,1.78,1.52,0.92*1F (pico_gnss pico-gnss-rs/src/main.rs:453)
270.063335 [INFO ] TIME unix_ns=1780920839349124605 ppb=2517 holdover_ms=1349 locked=1 (pico_gnss pico-gnss-rs/src/main.rs:226)
270.108532 [INFO ] NMEA $GPGSV,4,1,13,12,63,079,17,25,62,181,16,10,57,259,,23,42,199,16*70 (pico_gnss pico-gnss-rs/src/main.rs:453)
270.167107 [INFO ] NMEA $GPGSV,4,2,13,32,39,315,19,24,30,063,11,28,21,266,,15,14,126,16*71 (pico_gnss pico-gnss-rs/src/main.rs:453)
270.229623 [INFO ] NMEA $GPGSV,4,3,13,19,02,041,14,29,01,160,,193,,,,194,,,*7C (pico_gnss pico-gnss-rs/src/main.rs:453)
270.258889 [INFO ] NMEA $GPGSV,4,4,13,195,,,*46 (pico_gnss pico-gnss-rs/src/main.rs:453)
270.317425 [INFO ] NMEA $GLGSV,2,1,06,74,77,007,,72,71,359,,71,45,127,,75,44,223,*6A (pico_gnss pico-gnss-rs/src/main.rs:453)
270.375594 [INFO ] NMEA $GLGSV,2,2,06,73,27,034,,65,20,327,*62 (pico_gnss pico-gnss-rs/src/main.rs:453)
270.434300 [INFO ] NMEA $GNRMC,121359.000,A,0000.0000,N,00000.0000,E,0.32,281.27,080626,,,A*72 (pico_gnss pico-gnss-rs/src/main.rs:453)
270.436901 [INFO ] SYNC pps_local_us=194281189 unix_s=1780920839 drift_us=2 err_ns=-4 holdover_ms=1000 (pico_gnss pico-gnss-rs/src/main.rs:484)
270.496604 [INFO ] NMEA $GPVTG,281.27,T,,M,0.32,N,0.59,K,A*3E (pico_gnss pico-gnss-rs/src/main.rs:453)
270.526012 [INFO ] NMEA $GPZDA,121359.000,08,06,2026,,*53 (pico_gnss pico-gnss-rs/src/main.rs:453)
270.555499 [INFO ] NMEA $GPGST,121359.000,8.4,24,19,37.0,22,21,39*7B (pico_gnss pico-gnss-rs/src/main.rs:453)
270.712892 [INFO ] PPSGEN count=265 interval_ns=1000002496 dev_ns=2496 phase_ns=-1523512 hwphase_ns=576 (pico_gnss pico-gnss-rs/src/main.rs:296)
270.714183 [INFO ] PPS count=150 interval_us=1000002 interval_ns=1000002528 state=Locked missed=0 (pico_gnss pico-gnss-rs/src/main.rs:192)
270.886088 [INFO ] NMEA $GPGGA,121400.000,0000.0000,N,00000.0000,E,1,4,1.52,26.3,M,39.0,M,,*61 (pico_gnss pico-gnss-rs/src/main.rs:453)
270.944409 [INFO ] NMEA $GNGLL,0000.0000,N,00000.0000,E,121400.000,A,A*45 (pico_gnss pico-gnss-rs/src/main.rs:453)
271.005794 [INFO ] NMEA $GNGSA,A,3,23,32,12,15,,,,,,,,,1.78,1.52,0.92*18 (pico_gnss pico-gnss-rs/src/main.rs:453)
271.035371 [INFO ] NMEA $GNGSA,A,3,,,,,,,,,,,,,1.78,1.52,0.92*1F (pico_gnss pico-gnss-rs/src/main.rs:453)
271.064725 [INFO ] TIME unix_ns=1780920840350442601 ppb=2517 holdover_ms=1350 locked=1 (pico_gnss pico-gnss-rs/src/main.rs:226)
271.094122 [INFO ] NMEA $GPGSV,4,1,13,12,63,079,17,25,62,181,17,10,57,259,,23,42,199,16*71 (pico_gnss pico-gnss-rs/src/main.rs:453)
271.181358 [INFO ] NMEA $GPGSV,4,2,13,32,39,315,19,24,30,063,08,28,21,266,,15,14,126,16*79 (pico_gnss pico-gnss-rs/src/main.rs:453)
271.243933 [INFO ] NMEA $GPGSV,4,3,13,19,02,041,13,29,01,160,,193,,,,194,,,*7B (pico_gnss pico-gnss-rs/src/main.rs:453)
271.273197 [INFO ] NMEA $GPGSV,4,4,13,195,,,*46 (pico_gnss pico-gnss-rs/src/main.rs:453)
271.331665 [INFO ] NMEA $GLGSV,2,1,06,74,77,007,,72,71,359,,71,45,127,,75,44,223,*6A (pico_gnss pico-gnss-rs/src/main.rs:453)
271.361173 [INFO ] NMEA $GLGSV,2,2,06,73,27,034,,65,20,327,*62 (pico_gnss pico-gnss-rs/src/main.rs:453)
271.448556 [INFO ] NMEA $GNRMC,121400.000,A,0000.0000,N,00000.0000,E,1.03,314.91,080626,,,A*74 (pico_gnss pico-gnss-rs/src/main.rs:453)
271.451125 [INFO ] SYNC pps_local_us=195281191 unix_s=1780920840 drift_us=2 err_ns=11 holdover_ms=999 (pico_gnss pico-gnss-rs/src/main.rs:484)
271.478286 [INFO ] NMEA $GPVTG,314.91,T,,M,1.03,N,1.91,K,A*38 (pico_gnss pico-gnss-rs/src/main.rs:453)
271.511438 [INFO ] NMEA $GPZDA,121400.000,08,06,2026,,*58 (pico_gnss pico-gnss-rs/src/main.rs:453)
271.559453 [INFO ] NMEA $GPGST,121400.000,8.4,24,19,37.5,22,21,39*75 (pico_gnss pico-gnss-rs/src/main.rs:453)
271.712903 [INFO ] PPSGEN count=266 interval_ns=1000002512 dev_ns=2512 phase_ns=-1473513 hwphase_ns=560 (pico_gnss pico-gnss-rs/src/main.rs:296)
271.714200 [INFO ] PPS count=151 interval_us=1000002 interval_ns=1000002496 state=Locked missed=0 (pico_gnss pico-gnss-rs/src/main.rs:192)
271.887936 [INFO ] NMEA $GPGGA,121401.000,0000.0000,N,00000.0000,E,1,4,1.52,26.3,M,39.0,M,,*69 (pico_gnss pico-gnss-rs/src/main.rs:453)
271.946253 [INFO ] NMEA $GNGLL,0000.0000,N,00000.0000,E,121401.000,A,A*4D (pico_gnss pico-gnss-rs/src/main.rs:453)
272.004606 [INFO ] NMEA $GNGSA,A,3,23,32,12,15,,,,,,,,,1.78,1.52,0.92*18 (pico_gnss pico-gnss-rs/src/main.rs:453)
272.051527 [INFO ] NMEA $GNGSA,A,3,,,,,,,,,,,,,1.78,1.52,0.92*1F (pico_gnss pico-gnss-rs/src/main.rs:453)
272.065995 [INFO ] TIME unix_ns=1780920841351768599 ppb=2516 holdover_ms=1351 locked=1 (pico_gnss pico-gnss-rs/src/main.rs:226)
272.110245 [INFO ] NMEA $GPGSV,4,1,13,12,63,079,17,25,62,181,17,10,57,259,,23,42,199,15*72 (pico_gnss pico-gnss-rs/src/main.rs:453)
272.168859 [INFO ] NMEA $GPGSV,4,2,13,32,39,315,19,24,30,063,11,28,21,266,,15,14,126,16*71 (pico_gnss pico-gnss-rs/src/main.rs:453)
272.227246 [INFO ] NMEA $GPGSV,4,3,13,19,02,041,,29,01,160,,193,,,,194,,,*79 (pico_gnss pico-gnss-rs/src/main.rs:453)
272.256491 [INFO ] NMEA $GPGSV,4,4,13,195,,,*46 (pico_gnss pico-gnss-rs/src/main.rs:453)
272.319091 [INFO ] NMEA $GLGSV,2,1,06,74,77,007,,72,71,359,,71,45,127,,75,44,223,*6A (pico_gnss pico-gnss-rs/src/main.rs:453)
272.377281 [INFO ] NMEA $GLGSV,2,2,06,73,27,034,,65,20,327,*62 (pico_gnss pico-gnss-rs/src/main.rs:453)
272.435960 [INFO ] NMEA $GNRMC,121401.000,A,0000.0000,N,00000.0000,E,1.00,1.64,080626,,,A*72 (pico_gnss pico-gnss-rs/src/main.rs:453)
272.438506 [INFO ] SYNC pps_local_us=196281194 unix_s=1780920841 drift_us=2 err_ns=-20 holdover_ms=999 (pico_gnss pico-gnss-rs/src/main.rs:484)
272.494179 [INFO ] NMEA $GPVTG,1.64,T,,M,1.00,N,1.85,K,A*33 (pico_gnss pico-gnss-rs/src/main.rs:453)
272.523572 [INFO ] NMEA $GPZDA,121401.000,08,06,2026,,*59 (pico_gnss pico-gnss-rs/src/main.rs:453)
272.555544 [INFO ] NMEA $GPGST,121401.000,8.3,24,19,38.3,22,21,39*7A (pico_gnss pico-gnss-rs/src/main.rs:453)
272.712907 [INFO ] PPSGEN count=267 interval_ns=1000002496 dev_ns=2496 phase_ns=-1464512 hwphase_ns=560 (pico_gnss pico-gnss-rs/src/main.rs:296)
272.714174 [INFO ] PPS count=152 interval_us=1000002 interval_ns=1000002528 state=Locked missed=0 (pico_gnss pico-gnss-rs/src/main.rs:192)
272.886861 [INFO ] NMEA $GPGGA,121402.000,0000.0000,N,00000.0000,E,1,4,1.53,26.4,M,39.0,M,,*65 (pico_gnss pico-gnss-rs/src/main.rs:453)
272.945190 [INFO ] NMEA $GNGLL,0000.0000,N,00000.0000,E,121402.000,A,A*47 (pico_gnss pico-gnss-rs/src/main.rs:453)
273.003548 [INFO ] NMEA $GNGSA,A,3,23,32,12,15,,,,,,,,,1.78,1.53,0.92*19 (pico_gnss pico-gnss-rs/src/main.rs:453)
273.033028 [INFO ] NMEA $GNGSA,A,3,,,,,,,,,,,,,1.78,1.53,0.92*1E (pico_gnss pico-gnss-rs/src/main.rs:453)
273.067285 [INFO ] TIME unix_ns=1780920842353032595 ppb=2517 holdover_ms=1353 locked=1 (pico_gnss pico-gnss-rs/src/main.rs:226)
273.100950 [INFO ] NMEA $GPGSV,4,1,13,12,63,079,17,25,62,181,17,10,57,259,,23,42,199,15*72 (pico_gnss pico-gnss-rs/src/main.rs:453)
273.188259 [INFO ] NMEA $GPGSV,4,2,13,32,39,315,19,24,30,063,,28,21,266,,15,14,126,16*71 (pico_gnss pico-gnss-rs/src/main.rs:453)
273.246641 [INFO ] NMEA $GPGSV,4,3,13,19,02,041,,29,01,160,,193,,,,194,,,*79 (pico_gnss pico-gnss-rs/src/main.rs:453)
273.247987 [INFO ] NMEA $GPGSV,4,4,13,195,,,*46 (pico_gnss pico-gnss-rs/src/main.rs:453)
273.334356 [INFO ] NMEA $GLGSV,2,1,06,74,77,007,,72,71,359,,71,45,127,,75,44,223,*6A (pico_gnss pico-gnss-rs/src/main.rs:453)
273.367966 [INFO ] NMEA $GLGSV,2,2,06,73,27,034,,65,20,327,*62 (pico_gnss pico-gnss-rs/src/main.rs:453)
273.426645 [INFO ] NMEA $GNRMC,121402.000,A,0000.0000,N,00000.0000,E,0.71,86.47,080626,,,A*41 (pico_gnss pico-gnss-rs/src/main.rs:453)
273.429234 [INFO ] SYNC pps_local_us=197281196 unix_s=1780920842 drift_us=2 err_ns=12 holdover_ms=1000 (pico_gnss pico-gnss-rs/src/main.rs:484)
273.484905 [INFO ] NMEA $GPVTG,86.47,T,,M,0.71,N,1.32,K,A*06 (pico_gnss pico-gnss-rs/src/main.rs:453)
273.514252 [INFO ] NMEA $GPZDA,121402.000,08,06,2026,,*5A (pico_gnss pico-gnss-rs/src/main.rs:453)
273.553765 [INFO ] NMEA $GPGST,121402.000,8.3,24,19,38.7,22,21,39*7D (pico_gnss pico-gnss-rs/src/main.rs:453)
273.712900 [INFO ] PPSGEN count=268 interval_ns=1000002512 dev_ns=2512 phase_ns=-1478513 hwphase_ns=544 (pico_gnss pico-gnss-rs/src/main.rs:296)
273.714188 [INFO ] PPS count=153 interval_us=1000002 interval_ns=1000002512 state=Locked missed=0 (pico_gnss pico-gnss-rs/src/main.rs:192)
273.883941 [INFO ] NMEA $GPGGA,121403.000,0000.0000,N,00000.0000,E,1,4,1.52,26.5,M,39.0,M,,*60 (pico_gnss pico-gnss-rs/src/main.rs:453)
273.942243 [INFO ] NMEA $GNGLL,0000.0000,N,00000.0000,E,121403.000,A,A*42 (pico_gnss pico-gnss-rs/src/main.rs:453)
274.000622 [INFO ] NMEA $GNGSA,A,3,23,32,12,15,,,,,,,,,1.78,1.52,0.92*18 (pico_gnss pico-gnss-rs/src/main.rs:453)
274.030105 [INFO ] NMEA $GNGSA,A,3,,,,,,,,,,,,,1.78,1.52,0.92*1F (pico_gnss pico-gnss-rs/src/main.rs:453)
274.068587 [INFO ] TIME unix_ns=1780920843354308592 ppb=2517 holdover_ms=1354 locked=1 (pico_gnss pico-gnss-rs/src/main.rs:226)
274.121608 [INFO ] NMEA $GPGSV,4,1,13,12,63,079,17,25,62,181,17,10,57,259,,23,42,199,15*72 (pico_gnss pico-gnss-rs/src/main.rs:453)
274.180188 [INFO ] NMEA $GPGSV,4,2,13,32,39,315,19,24,30,063,,28,21,266,,15,14,126,16*71 (pico_gnss pico-gnss-rs/src/main.rs:453)
274.238635 [INFO ] NMEA $GPGSV,4,3,13,19,02,041,,29,01,160,,193,,,,194,,,*79 (pico_gnss pico-gnss-rs/src/main.rs:453)
274.267907 [INFO ] NMEA $GPGSV,4,4,13,195,,,*46 (pico_gnss pico-gnss-rs/src/main.rs:453)
274.326355 [INFO ] NMEA $GLGSV,2,1,06,74,77,007,,72,71,359,,71,45,127,,75,44,223,*6A (pico_gnss pico-gnss-rs/src/main.rs:453)
274.355840 [INFO ] NMEA $GLGSV,2,2,06,73,27,034,,65,20,327,*62 (pico_gnss pico-gnss-rs/src/main.rs:453)
274.447325 [INFO ] NMEA $GNRMC,121403.000,A,0000.0000,N,00000.0000,E,0.40,86.47,080626,,,A*46 (pico_gnss pico-gnss-rs/src/main.rs:453)
274.449868 [INFO ] SYNC pps_local_us=198281199 unix_s=1780920843 drift_us=2 err_ns=-4 holdover_ms=1000 (pico_gnss pico-gnss-rs/src/main.rs:484)
274.477096 [INFO ] NMEA $GPVTG,86.47,T,,M,0.40,N,0.73,K,A*00 (pico_gnss pico-gnss-rs/src/main.rs:453)
274.506218 [INFO ] NMEA $GPZDA,121403.000,08,06,2026,,*5B (pico_gnss pico-gnss-rs/src/main.rs:453)
274.554078 [INFO ] NMEA $GPGST,121403.000,8.3,25,19,39.2,22,21,39*79 (pico_gnss pico-gnss-rs/src/main.rs:453)
274.712908 [INFO ] PPSGEN count=269 interval_ns=1000002496 dev_ns=2496 phase_ns=-1487512 hwphase_ns=528 (pico_gnss pico-gnss-rs/src/main.rs:296)
274.714175 [INFO ] PPS count=154 interval_us=1000002 interval_ns=1000002512 state=Locked missed=0 (pico_gnss pico-gnss-rs/src/main.rs:192)
274.885864 [INFO ] NMEA $GPGGA,121404.000,0000.0000,N,00000.0000,E,1,4,1.52,26.5,M,39.0,M,,*68 (pico_gnss pico-gnss-rs/src/main.rs:453)
274.932917 [INFO ] NMEA $GNGLL,0000.0000,N,00000.0000,E,121404.000,A,A*4A (pico_gnss pico-gnss-rs/src/main.rs:453)
274.991243 [INFO ] NMEA $GNGSA,A,3,23,32,12,15,,,,,,,,,1.78,1.52,0.92*18 (pico_gnss pico-gnss-rs/src/main.rs:453)
275.049468 [INFO ] NMEA $GNGSA,A,3,,,,,,,,,,,,,1.78,1.52,0.92*1F (pico_gnss pico-gnss-rs/src/main.rs:453)
275.069854 [INFO ] TIME unix_ns=1780920844355605589 ppb=2517 holdover_ms=1355 locked=1 (pico_gnss pico-gnss-rs/src/main.rs:226)
275.108205 [INFO ] NMEA $GPGSV,4,1,13,12,63,079,17,25,62,181,17,10,57,259,,23,42,199,15*72 (pico_gnss pico-gnss-rs/src/main.rs:453)
275.170886 [INFO ] NMEA $GPGSV,4,2,13,32,39,315,19,24,30,063,,28,21,266,,15,14,126,15*72 (pico_gnss pico-gnss-rs/src/main.rs:453)
275.229290 [INFO ] NMEA $GPGSV,4,3,13,19,02,041,,29,01,160,,193,,,,194,,,*79 (pico_gnss pico-gnss-rs/src/main.rs:453)
275.258540 [INFO ] NMEA $GPGSV,4,4,13,195,,,*46 (pico_gnss pico-gnss-rs/src/main.rs:453)
275.317044 [INFO ] NMEA $GLGSV,2,1,06,74,77,007,,72,71,359,,71,45,127,,75,44,223,*6A (pico_gnss pico-gnss-rs/src/main.rs:453)
275.375229 [INFO ] NMEA $GLGSV,2,2,06,73,27,034,,65,20,327,*62 (pico_gnss pico-gnss-rs/src/main.rs:453)
275.438028 [INFO ] NMEA $GNRMC,121404.000,A,0000.0000,N,00000.0000,E,1.08,247.70,080626,,,A*78 (pico_gnss pico-gnss-rs/src/main.rs:453)
275.440609 [INFO ] SYNC pps_local_us=199281201 unix_s=1780920844 drift_us=2 err_ns=-4 holdover_ms=999 (pico_gnss pico-gnss-rs/src/main.rs:484)
275.467805 [INFO ] NMEA $GPVTG,247.70,T,,M,1.08,N,1.99,K,A*33 (pico_gnss pico-gnss-rs/src/main.rs:453)
275.525607 [INFO ] NMEA $GPZDA,121404.000,08,06,2026,,*5C (pico_gnss pico-gnss-rs/src/main.rs:453)
275.555354 [INFO ] NMEA $GPGST,121404.000,8.3,25,19,39.3,23,22,39*7D (pico_gnss pico-gnss-rs/src/main.rs:453)
275.712909 [INFO ] PPSGEN count=270 interval_ns=1000002496 dev_ns=2496 phase_ns=-1477512 hwphase_ns=512 (pico_gnss pico-gnss-rs/src/main.rs:296)
275.714169 [INFO ] PPS count=155 interval_us=1000002 interval_ns=1000002512 state=Locked missed=0 (pico_gnss pico-gnss-rs/src/main.rs:192)
275.885129 [INFO ] NMEA $GPGGA,121405.000,0000.0000,N,00000.0000,E,1,4,1.52,26.6,M,39.0,M,,*61 (pico_gnss pico-gnss-rs/src/main.rs:453)
275.950638 [INFO ] NMEA $GNGLL,0000.0000,N,00000.0000,E,121405.000,A,A*40 (pico_gnss pico-gnss-rs/src/main.rs:453)
275.980252 [INFO ] NMEA $GNGSA,A,3,23,32,12,15,,,,,,,,,1.78,1.52,0.92*18 (pico_gnss pico-gnss-rs/src/main.rs:453)
276.038427 [INFO ] NMEA $GNGSA,A,3,,,,,,,,,,,,,1.78,1.52,0.92*1F (pico_gnss pico-gnss-rs/src/main.rs:453)
276.071127 [INFO ] TIME unix_ns=1780920845356870586 ppb=2516 holdover_ms=1356 locked=1 (pico_gnss pico-gnss-rs/src/main.rs:226)
276.097377 [INFO ] NMEA $GPGSV,4,1,13,12,63,079,17,25,62,181,17,10,57,259,,23,42,199,15*72 (pico_gnss pico-gnss-rs/src/main.rs:453)
276.184475 [INFO ] NMEA $GPGSV,4,2,13,32,39,315,19,24,30,063,,28,21,266,,15,14,126,15*72 (pico_gnss pico-gnss-rs/src/main.rs:453)
276.218229 [INFO ] NMEA $GPGSV,4,3,13,19,02,041,,29,01,160,,193,,,,194,,,*79 (pico_gnss pico-gnss-rs/src/main.rs:453)
276.247465 [INFO ] NMEA $GPGSV,4,4,13,195,,,*46 (pico_gnss pico-gnss-rs/src/main.rs:453)
276.334727 [INFO ] NMEA $GLGSV,2,1,06,74,77,007,,72,71,359,,71,45,127,,75,44,223,*6A (pico_gnss pico-gnss-rs/src/main.rs:453)
276.364188 [INFO ] NMEA $GLGSV,2,2,06,73,27,034,,65,21,327,*63 (pico_gnss pico-gnss-rs/src/main.rs:453)
276.451638 [INFO ] NMEA $GNRMC,121405.000,A,0000.0000,N,00000.0000,E,1.10,190.52,080626,,,A*72 (pico_gnss pico-gnss-rs/src/main.rs:453)
276.454219 [INFO ] SYNC pps_local_us=200281204 unix_s=1780920845 drift_us=2 err_ns=-4 holdover_ms=999 (pico_gnss pico-gnss-rs/src/main.rs:484)
276.485263 [INFO ] NMEA $GPVTG,190.52,T,,M,1.10,N,2.04,K,A*34 (pico_gnss pico-gnss-rs/src/main.rs:453)
276.514575 [INFO ] NMEA $GPZDA,121405.000,08,06,2026,,*5D (pico_gnss pico-gnss-rs/src/main.rs:453)
276.554232 [INFO ] NMEA $GPGST,121405.000,8.2,25,19,39.5,23,22,39*7B (pico_gnss pico-gnss-rs/src/main.rs:453)
276.712923 [INFO ] PPSGEN count=271 interval_ns=1000002512 dev_ns=2512 phase_ns=-1471512 hwphase_ns=512 (pico_gnss pico-gnss-rs/src/main.rs:296)
276.714186 [INFO ] PPS count=156 interval_us=1000002 interval_ns=1000002528 state=Locked missed=0 (pico_gnss pico-gnss-rs/src/main.rs:192)
276.902966 [INFO ] NMEA $GPGGA,121406.000,0000.0000,N,00000.0000,E,1,4,1.52,26.6,M,39.0,M,,*67 (pico_gnss pico-gnss-rs/src/main.rs:453)
276.961279 [INFO ] NMEA $GNGLL,0000.0000,N,00000.0000,E,121406.000,A,A*46 (pico_gnss pico-gnss-rs/src/main.rs:453)
277.016654 [INFO ] NMEA $GNGSA,A,3,23,32,12,15,,,,,,,,,1.78,1.52,0.92*18 (pico_gnss pico-gnss-rs/src/main.rs:453)
277.046112 [INFO ] NMEA $GNGSA,A,3,,,,,,,,,,,,,1.78,1.52,0.92*1F (pico_gnss pico-gnss-rs/src/main.rs:453)
277.072397 [INFO ] TIME unix_ns=1780920846358156582 ppb=2517 holdover_ms=1358 locked=1 (pico_gnss pico-gnss-rs/src/main.rs:226)
277.133531 [INFO ] NMEA $GPGSV,4,1,13,12,63,079,17,25,62,181,17,10,57,259,,23,42,199,15*72 (pico_gnss pico-gnss-rs/src/main.rs:453)
277.192095 [INFO ] NMEA $GPGSV,4,2,13,32,39,315,19,24,30,063,,28,21,266,,15,14,126,16*71 (pico_gnss pico-gnss-rs/src/main.rs:453)
277.250587 [INFO ] NMEA $GPGSV,4,3,13,19,02,041,,29,01,160,13,193,,,,194,,,*7B (pico_gnss pico-gnss-rs/src/main.rs:453)
277.283878 [INFO ] NMEA $GPGSV,4,4,13,195,,,*46 (pico_gnss pico-gnss-rs/src/main.rs:453)
277.342390 [INFO ] NMEA $GLGSV,2,1,06,74,77,007,,72,71,359,,71,45,127,,75,44,223,*6A (pico_gnss pico-gnss-rs/src/main.rs:453)
277.371890 [INFO ] NMEA $GLGSV,2,2,06,73,27,034,,65,21,327,*63 (pico_gnss pico-gnss-rs/src/main.rs:453)
277.459272 [INFO ] NMEA $GNRMC,121406.000,A,0000.0000,N,00000.0000,E,1.11,79.06,080626,,,A*42 (pico_gnss pico-gnss-rs/src/main.rs:453)
277.461846 [INFO ] SYNC pps_local_us=201281206 unix_s=1780920846 drift_us=2 err_ns=12 holdover_ms=1000 (pico_gnss pico-gnss-rs/src/main.rs:484)
277.489028 [INFO ] NMEA $GPVTG,79.06,T,,M,1.11,N,2.06,K,A*00 (pico_gnss pico-gnss-rs/src/main.rs:453)
277.546723 [INFO ] NMEA $GPZDA,121406.000,08,06,2026,,*5E (pico_gnss pico-gnss-rs/src/main.rs:453)
277.572245 [INFO ] NMEA $GPGST,121406.000,8.2,25,19,39.5,23,22,39*78 (pico_gnss pico-gnss-rs/src/main.rs:453)
277.712857 [INFO ] PPSGEN count=272 interval_ns=1000002496 dev_ns=2496 phase_ns=-1468513 hwphase_ns=480 (pico_gnss pico-gnss-rs/src/main.rs:296)
277.714128 [INFO ] PPS count=157 interval_us=1000002 interval_ns=1000002512 state=Locked missed=0 (pico_gnss pico-gnss-rs/src/main.rs:192)
277.903983 [INFO ] NMEA $GPGGA,121407.000,0000.0000,N,00000.0000,E,1,4,1.52,26.7,M,39.0,M,,*6F (pico_gnss pico-gnss-rs/src/main.rs:453)
277.962307 [INFO ] NMEA $GNGLL,0000.0000,N,00000.0000,E,121407.000,A,A*4F (pico_gnss pico-gnss-rs/src/main.rs:453)
278.020675 [INFO ] NMEA $GNGSA,A,3,23,32,12,15,,,,,,,,,1.78,1.52,0.92*18 (pico_gnss pico-gnss-rs/src/main.rs:453)
278.065503 [INFO ] NMEA $GNGSA,A,3,,,,,,,,,,,,,1.78,1.52,0.92*1F (pico_gnss pico-gnss-rs/src/main.rs:453)
278.073647 [INFO ] TIME unix_ns=1780920847359411579 ppb=2517 holdover_ms=1359 locked=1 (pico_gnss pico-gnss-rs/src/main.rs:226)
278.124249 [INFO ] NMEA $GPGSV,4,1,13,12,63,079,17,25,62,181,17,10,57,259,,23,42,199,15*72 (pico_gnss pico-gnss-rs/src/main.rs:453)
278.182761 [INFO ] NMEA $GPGSV,4,2,13,32,39,315,19,24,30,063,,28,21,266,,15,14,126,16*71 (pico_gnss pico-gnss-rs/src/main.rs:453)
278.241227 [INFO ] NMEA $GPGSV,4,3,13,19,02,041,,29,01,160,15,193,,,,194,,,*7D (pico_gnss pico-gnss-rs/src/main.rs:453)
278.270463 [INFO ] NMEA $GPGSV,4,4,13,195,,,*46 (pico_gnss pico-gnss-rs/src/main.rs:453)
278.333042 [INFO ] NMEA $GLGSV,2,1,06,74,77,007,,72,71,359,,71,45,127,,75,44,223,*6A (pico_gnss pico-gnss-rs/src/main.rs:453)
278.391278 [INFO ] NMEA $GLGSV,2,2,06,73,27,034,,65,21,327,*63 (pico_gnss pico-gnss-rs/src/main.rs:453)
278.449932 [INFO ] NMEA $GNRMC,121407.000,A,0000.0000,N,00000.0000,E,0.20,79.06,080626,,,A*48 (pico_gnss pico-gnss-rs/src/main.rs:453)
278.452499 [INFO ] SYNC pps_local_us=202281209 unix_s=1780920847 drift_us=2 err_ns=-4 holdover_ms=999 (pico_gnss pico-gnss-rs/src/main.rs:484)
278.508197 [INFO ] NMEA $GPVTG,79.06,T,,M,0.20,N,0.37,K,A*03 (pico_gnss pico-gnss-rs/src/main.rs:453)
278.537573 [INFO ] NMEA $GPZDA,121407.000,08,06,2026,,*5F (pico_gnss pico-gnss-rs/src/main.rs:453)
278.572925 [INFO ] NMEA $GPGST,121407.000,8.2,25,19,39.7,23,22,39*7B (pico_gnss pico-gnss-rs/src/main.rs:453)
278.712878 [INFO ] PPSGEN count=273 interval_ns=1000002512 dev_ns=2512 phase_ns=-1401513 hwphase_ns=480 (pico_gnss pico-gnss-rs/src/main.rs:296)
278.714143 [INFO ] PPS count=158 interval_us=1000002 interval_ns=1000002528 state=Locked missed=0 (pico_gnss pico-gnss-rs/src/main.rs:192)
278.904072 [INFO ] NMEA $GPGGA,121408.000,0000.0000,N,00000.0000,E,1,4,1.52,26.7,M,39.0,M,,*66 (pico_gnss pico-gnss-rs/src/main.rs:453)
278.962481 [INFO ] NMEA $GNGLL,0000.0000,N,00000.0000,E,121408.000,A,A*46 (pico_gnss pico-gnss-rs/src/main.rs:453)
279.020842 [INFO ] NMEA $GNGSA,A,3,23,32,12,15,,,,,,,,,1.78,1.52,0.92*18 (pico_gnss pico-gnss-rs/src/main.rs:453)
279.050365 [INFO ] NMEA $GNGSA,A,3,,,,,,,,,,,,,1.78,1.52,0.92*1F (pico_gnss pico-gnss-rs/src/main.rs:453)
279.074914 [INFO ] TIME unix_ns=1780920848360724576 ppb=2517 holdover_ms=1360 locked=1 (pico_gnss pico-gnss-rs/src/main.rs:226)
279.113029 [INFO ] NMEA $GPGSV,4,1,13,12,63,079,17,25,62,181,17,10,57,259,,23,42,199,14*73 (pico_gnss pico-gnss-rs/src/main.rs:453)
279.200449 [INFO ] NMEA $GPGSV,4,2,13,32,39,315,19,24,30,063,,28,21,266,,15,14,126,16*71 (pico_gnss pico-gnss-rs/src/main.rs:453)
279.258887 [INFO ] NMEA $GPGSV,4,3,13,19,02,041,,29,01,160,15,193,,,,194,,,*7D (pico_gnss pico-gnss-rs/src/main.rs:453)
279.288141 [INFO ] NMEA $GPGSV,4,4,13,195,,,*46 (pico_gnss pico-gnss-rs/src/main.rs:453)
279.346607 [INFO ] NMEA $GLGSV,2,1,06,74,77,007,,72,71,359,,71,45,127,,75,44,223,*6A (pico_gnss pico-gnss-rs/src/main.rs:453)
279.380132 [INFO ] NMEA $GLGSV,2,2,06,73,27,034,,65,21,327,*63 (pico_gnss pico-gnss-rs/src/main.rs:453)
279.467618 [INFO ] NMEA $GNRMC,121408.000,A,0000.0000,N,00000.0000,E,1.11,30.02,080626,,,A*4B (pico_gnss pico-gnss-rs/src/main.rs:453)
279.470172 [INFO ] SYNC pps_local_us=203281211 unix_s=1780920848 drift_us=2 err_ns=12 holdover_ms=1000 (pico_gnss pico-gnss-rs/src/main.rs:484)
279.497327 [INFO ] NMEA $GPVTG,30.02,T,,M,1.11,N,2.06,K,A*09 (pico_gnss pico-gnss-rs/src/main.rs:453)
279.526482 [INFO ] NMEA $GPZDA,121408.000,08,06,2026,,*50 (pico_gnss pico-gnss-rs/src/main.rs:453)
279.572293 [INFO ] NMEA $GPGST,121408.000,8.3,25,19,39.8,23,22,39*7A (pico_gnss pico-gnss-rs/src/main.rs:453)
279.712869 [INFO ] PPSGEN count=274 interval_ns=1000002528 dev_ns=2528 phase_ns=-1438513 hwphase_ns=480 (pico_gnss pico-gnss-rs/src/main.rs:296)
279.714159 [INFO ] PPS count=159 interval_us=1000002 interval_ns=1000002512 state=Locked missed=0 (pico_gnss pico-gnss-rs/src/main.rs:192)
279.892672 [INFO ] NMEA $GPGGA,121409.000,0000.0000,N,00000.0000,E,1,4,1.52,26.7,M,39.0,M,,*64 (pico_gnss pico-gnss-rs/src/main.rs:453)
279.951041 [INFO ] NMEA $GNGLL,0000.0000,N,00000.0000,E,121409.000,A,A*44 (pico_gnss pico-gnss-rs/src/main.rs:453)
280.009361 [INFO ] NMEA $GNGSA,A,3,23,32,12,15,,,,,,,,,1.78,1.52,0.92*18 (pico_gnss pico-gnss-rs/src/main.rs:453)
280.038883 [INFO ] NMEA $GNGSA,A,3,,,,,,,,,,,,,1.78,1.52,0.92*1F (pico_gnss pico-gnss-rs/src/main.rs:453)
280.076203 [INFO ] TIME unix_ns=1780920849361952573 ppb=2517 holdover_ms=1361 locked=1 (pico_gnss pico-gnss-rs/src/main.rs:226)
280.126327 [INFO ] NMEA $GPGSV,4,1,13,12,63,079,17,25,62,181,17,10,57,259,,23,42,199,14*73 (pico_gnss pico-gnss-rs/src/main.rs:453)
280.188951 [INFO ] NMEA $GPGSV,4,2,13,32,39,315,19,24,30,063,,28,21,266,,15,14,126,15*72 (pico_gnss pico-gnss-rs/src/main.rs:453)
280.247396 [INFO ] NMEA $GPGSV,4,3,13,19,02,041,,29,01,160,15,193,,,,194,,,*7D (pico_gnss pico-gnss-rs/src/main.rs:453)
280.276665 [INFO ] NMEA $GPGSV,4,4,13,195,,,*46 (pico_gnss pico-gnss-rs/src/main.rs:453)
280.335153 [INFO ] NMEA $GLGSV,2,1,06,74,77,007,,72,71,359,,71,45,127,,75,44,223,*6A (pico_gnss pico-gnss-rs/src/main.rs:453)
280.393346 [INFO ] NMEA $GLGSV,2,2,06,73,27,034,,65,21,327,*63 (pico_gnss pico-gnss-rs/src/main.rs:453)
280.456148 [INFO ] NMEA $GNRMC,121409.000,A,0000.0000,N,00000.0000,E,1.08,36.21,080626,,,A*46 (pico_gnss pico-gnss-rs/src/main.rs:453)
280.458703 [INFO ] SYNC pps_local_us=204281214 unix_s=1780920849 drift_us=2 err_ns=-4 holdover_ms=1000 (pico_gnss pico-gnss-rs/src/main.rs:484)
280.485933 [INFO ] NMEA $GPVTG,36.21,T,,M,1.08,N,1.99,K,A*03 (pico_gnss pico-gnss-rs/src/main.rs:453)
280.543739 [INFO ] NMEA $GPZDA,121409.000,08,06,2026,,*51 (pico_gnss pico-gnss-rs/src/main.rs:453)
280.571416 [INFO ] NMEA $GPGST,121409.000,8.3,25,19,39.9,23,22,39*7A (pico_gnss pico-gnss-rs/src/main.rs:453)
280.712919 [INFO ] PPSGEN count=275 interval_ns=1000002544 dev_ns=2544 phase_ns=-1442513 hwphase_ns=512 (pico_gnss pico-gnss-rs/src/main.rs:296)
280.714193 [INFO ] PPS count=160 interval_us=1000002 interval_ns=1000002528 state=Locked missed=0 (pico_gnss pico-gnss-rs/src/main.rs:192)
280.912996 [INFO ] NMEA $GPGGA,121410.000,0000.0000,N,00000.0000,E,1,4,1.52,26.8,M,39.0,M,,*62 (pico_gnss pico-gnss-rs/src/main.rs:453)
280.980577 [INFO ] NMEA $GNGLL,0000.0000,N,00000.0000,E,121410.000,A,A*4D (pico_gnss pico-gnss-rs/src/main.rs:453)
281.010265 [INFO ] NMEA $GNGSA,A,3,23,32,12,15,,,,,,,,,1.78,1.52,0.92*18 (pico_gnss pico-gnss-rs/src/main.rs:453)
281.068408 [INFO ] NMEA $GNGSA,A,3,,,,,,,,,,,,,1.78,1.52,0.92*1F (pico_gnss pico-gnss-rs/src/main.rs:453)
281.077472 [INFO ] TIME unix_ns=1780920850363253569 ppb=2517 holdover_ms=1363 locked=1 (pico_gnss pico-gnss-rs/src/main.rs:226)
281.127155 [INFO ] NMEA $GPGSV,4,1,13,12,63,079,17,25,62,181,17,10,57,259,,23,42,199,14*73 (pico_gnss pico-gnss-rs/src/main.rs:453)
281.214377 [INFO ] NMEA $GPGSV,4,2,13,32,39,315,18,24,30,063,,28,21,266,,15,14,126,15*73 (pico_gnss pico-gnss-rs/src/main.rs:453)
281.248241 [INFO ] NMEA $GPGSV,4,3,13,19,02,041,,29,01,160,15,193,,,,194,,,*7D (pico_gnss pico-gnss-rs/src/main.rs:453)
281.277522 [INFO ] NMEA $GPGSV,4,4,13,195,,,*46 (pico_gnss pico-gnss-rs/src/main.rs:453)
281.364746 [INFO ] NMEA $GLGSV,2,1,06,74,77,007,,72,71,359,,71,45,127,,75,44,223,*6A (pico_gnss pico-gnss-rs/src/main.rs:453)
281.394266 [INFO ] NMEA $GLGSV,2,2,06,73,27,034,,65,21,327,*63 (pico_gnss pico-gnss-rs/src/main.rs:453)
281.481560 [INFO ] NMEA $GNRMC,121410.000,A,0000.0000,N,00000.0000,E,0.98,354.52,080626,,,A*74 (pico_gnss pico-gnss-rs/src/main.rs:453)
281.484134 [INFO ] SYNC pps_local_us=205281216 unix_s=1780920850 drift_us=2 err_ns=11 holdover_ms=1000 (pico_gnss pico-gnss-rs/src/main.rs:484)
281.515258 [INFO ] NMEA $GPVTG,354.52,T,,M,0.98,N,1.82,K,A*32 (pico_gnss pico-gnss-rs/src/main.rs:453)
281.544622 [INFO ] NMEA $GPZDA,121410.000,08,06,2026,,*59 (pico_gnss pico-gnss-rs/src/main.rs:453)
281.584164 [INFO ] NMEA $GPGST,121410.000,8.3,26,19,39.7,23,22,39*7F (pico_gnss pico-gnss-rs/src/main.rs:453)
281.712937 [INFO ] PPSGEN count=276 interval_ns=1000002528 dev_ns=2528 phase_ns=-1442513 hwphase_ns=512 (pico_gnss pico-gnss-rs/src/main.rs:296)
281.714206 [INFO ] PPS count=161 interval_us=1000002 interval_ns=1000002512 state=Locked missed=0 (pico_gnss pico-gnss-rs/src/main.rs:192)
281.909017 [INFO ] NMEA $GPGGA,121411.000,0000.0000,N,00000.0000,E,1,4,1.52,26.8,M,39.0,M,,*6A (pico_gnss pico-gnss-rs/src/main.rs:453)
281.967320 [INFO ] NMEA $GNGLL,0000.0000,N,00000.0000,E,121411.000,A,A*45 (pico_gnss pico-gnss-rs/src/main.rs:453)
282.022623 [INFO ] NMEA $GNGSA,A,3,23,32,12,15,,,,,,,,,1.78,1.52,0.92*18 (pico_gnss pico-gnss-rs/src/main.rs:453)
282.052107 [INFO ] NMEA $GNGSA,A,3,,,,,,,,,,,,,1.78,1.52,0.92*1F (pico_gnss pico-gnss-rs/src/main.rs:453)
282.078730 [INFO ] TIME unix_ns=1780920851364488566 ppb=2517 holdover_ms=1364 locked=1 (pico_gnss pico-gnss-rs/src/main.rs:226)
282.139499 [INFO ] NMEA $GPGSV,4,1,13,12,63,079,17,25,62,181,17,10,57,259,,23,42,199,13*74 (pico_gnss pico-gnss-rs/src/main.rs:453)
282.198086 [INFO ] NMEA $GPGSV,4,2,13,32,39,315,18,24,30,063,,28,21,266,,15,14,126,14*72 (pico_gnss pico-gnss-rs/src/main.rs:453)
282.260645 [INFO ] NMEA $GPGSV,4,3,13,19,02,041,,29,01,160,16,193,,,,194,,,*7E (pico_gnss pico-gnss-rs/src/main.rs:453)
282.289922 [INFO ] NMEA $GPGSV,4,4,13,195,,,*46 (pico_gnss pico-gnss-rs/src/main.rs:453)
282.348425 [INFO ] NMEA $GLGSV,2,1,06,74,77,007,,72,71,359,,71,44,128,,75,44,223,*64 (pico_gnss pico-gnss-rs/src/main.rs:453)
282.377867 [INFO ] NMEA $GLGSV,2,2,06,73,27,034,,65,21,327,*63 (pico_gnss pico-gnss-rs/src/main.rs:453)
282.465275 [INFO ] NMEA $GNRMC,121411.000,A,0000.0000,N,00000.0000,E,1.12,11.30,080626,,,A*49 (pico_gnss pico-gnss-rs/src/main.rs:453)
282.467849 [INFO ] SYNC pps_local_us=206281219 unix_s=1780920851 drift_us=2 err_ns=-5 holdover_ms=1000 (pico_gnss pico-gnss-rs/src/main.rs:484)
282.495027 [INFO ] NMEA $GPVTG,11.30,T,,M,1.12,N,2.08,K,A*06 (pico_gnss pico-gnss-rs/src/main.rs:453)
282.528129 [INFO ] NMEA $GPZDA,121411.000,08,06,2026,,*58 (pico_gnss pico-gnss-rs/src/main.rs:453)
282.578246 [INFO ] NMEA $GPGST,121411.000,8.3,27,19,40.2,24,23,39*72 (pico_gnss pico-gnss-rs/src/main.rs:453)
282.712921 [INFO ] PPSGEN count=277 interval_ns=1000002512 dev_ns=2512 phase_ns=-1487513 hwphase_ns=512 (pico_gnss pico-gnss-rs/src/main.rs:296)
282.714201 [INFO ] PPS count=162 interval_us=1000002 interval_ns=1000002528 state=Locked missed=0 (pico_gnss pico-gnss-rs/src/main.rs:192)
282.906962 [INFO ] NMEA $GPGGA,121412.000,0000.0000,N,00000.0000,E,1,4,1.52,26.9,M,39.0,M,,*67 (pico_gnss pico-gnss-rs/src/main.rs:453)
282.965268 [INFO ] NMEA $GNGLL,0000.0000,N,00000.0000,E,121412.000,A,A*49 (pico_gnss pico-gnss-rs/src/main.rs:453)
283.023604 [INFO ] NMEA $GNGSA,A,3,23,32,12,15,,,,,,,,,1.78,1.52,0.92*18 (pico_gnss pico-gnss-rs/src/main.rs:453)
283.068493 [INFO ] NMEA $GNGSA,A,3,,,,,,,,,,,,,1.78,1.52,0.92*1F (pico_gnss pico-gnss-rs/src/main.rs:453)
283.080017 [INFO ] TIME unix_ns=1780920852365744562 ppb=2517 holdover_ms=1365 locked=1 (pico_gnss pico-gnss-rs/src/main.rs:226)
283.127206 [INFO ] NMEA $GPGSV,4,1,13,12,63,079,17,25,62,181,17,10,57,259,,23,42,199,13*74 (pico_gnss pico-gnss-rs/src/main.rs:453)
283.185737 [INFO ] NMEA $GPGSV,4,2,13,32,39,315,18,24,30,063,,28,21,266,,15,14,126,15*73 (pico_gnss pico-gnss-rs/src/main.rs:453)
283.244207 [INFO ] NMEA $GPGSV,4,3,13,19,02,041,,29,01,160,15,193,,,,194,,,*7D (pico_gnss pico-gnss-rs/src/main.rs:453)
283.273463 [INFO ] NMEA $GPGSV,4,4,13,195,,,*46 (pico_gnss pico-gnss-rs/src/main.rs:453)
283.336017 [INFO ] NMEA $GLGSV,2,1,06,74,77,007,,72,72,000,,71,44,128,,75,44,223,*68 (pico_gnss pico-gnss-rs/src/main.rs:453)
283.394266 [INFO ] NMEA $GLGSV,2,2,06,73,27,034,,65,21,327,*63 (pico_gnss pico-gnss-rs/src/main.rs:453)
283.452933 [INFO ] NMEA $GNRMC,121412.000,A,0000.0000,N,00000.0000,E,1.44,326.36,080626,,,A*77 (pico_gnss pico-gnss-rs/src/main.rs:453)
283.455504 [INFO ] SYNC pps_local_us=207281221 unix_s=1780920852 drift_us=2 err_ns=11 holdover_ms=999 (pico_gnss pico-gnss-rs/src/main.rs:484)
283.511205 [INFO ] NMEA $GPVTG,326.36,T,,M,1.44,N,2.67,K,A*3D (pico_gnss pico-gnss-rs/src/main.rs:453)
283.540595 [INFO ] NMEA $GPZDA,121412.000,08,06,2026,,*5B (pico_gnss pico-gnss-rs/src/main.rs:453)
283.574123 [INFO ] NMEA $GPGST,121412.000,8.3,27,19,40.4,24,23,39*77 (pico_gnss pico-gnss-rs/src/main.rs:453)
283.712855 [INFO ] PPSGEN count=278 interval_ns=1000002496 dev_ns=2496 phase_ns=-1497513 hwphase_ns=480 (pico_gnss pico-gnss-rs/src/main.rs:296)
283.714133 [INFO ] PPS count=163 interval_us=1000002 interval_ns=1000002528 state=Locked missed=0 (pico_gnss pico-gnss-rs/src/main.rs:192)
283.904899 [INFO ] NMEA $GPGGA,121413.000,0000.0000,N,00000.0000,E,1,4,1.52,26.9,M,39.0,M,,*6E (pico_gnss pico-gnss-rs/src/main.rs:453)
283.963237 [INFO ] NMEA $GNGLL,0000.0000,N,00000.0000,E,121413.000,A,A*40 (pico_gnss pico-gnss-rs/src/main.rs:453)
284.021596 [INFO ] NMEA $GNGSA,A,3,23,32,12,15,,,,,,,,,1.78,1.52,0.92*18 (pico_gnss pico-gnss-rs/src/main.rs:453)
284.051067 [INFO ] NMEA $GNGSA,A,3,,,,,,,,,,,,,1.78,1.52,0.92*1F (pico_gnss pico-gnss-rs/src/main.rs:453)
284.081295 [INFO ] TIME unix_ns=1780920853367019559 ppb=2518 holdover_ms=1367 locked=1 (pico_gnss pico-gnss-rs/src/main.rs:226)
284.112817 [INFO ] NMEA $GPGSV,4,1,13,12,63,079,17,25,62,181,16,10,57,259,,23,42,199,13*75 (pico_gnss pico-gnss-rs/src/main.rs:453)
284.200110 [INFO ] NMEA $GPGSV,4,2,13,32,39,315,18,24,30,063,,28,21,266,,15,14,126,16*70 (pico_gnss pico-gnss-rs/src/main.rs:453)
284.258600 [INFO ] NMEA $GPGSV,4,3,13,19,02,041,,29,01,160,15,193,,,,194,,,*7D (pico_gnss pico-gnss-rs/src/main.rs:453)
284.287848 [INFO ] NMEA $GPGSV,4,4,13,195,,,*46 (pico_gnss pico-gnss-rs/src/main.rs:453)
284.350396 [INFO ] NMEA $GLGSV,2,1,06,74,77,007,,72,72,000,,71,44,128,,75,44,223,*68 (pico_gnss pico-gnss-rs/src/main.rs:453)
284.379891 [INFO ] NMEA $GLGSV,2,2,06,73,26,034,,65,21,327,*62 (pico_gnss pico-gnss-rs/src/main.rs:453)
284.467316 [INFO ] NMEA $GNRMC,121413.000,A,0000.0000,N,00000.0000,E,0.81,358.02,080626,,,A*78 (pico_gnss pico-gnss-rs/src/main.rs:453)
284.469867 [INFO ] SYNC pps_local_us=208281224 unix_s=1780920853 drift_us=2 err_ns=11 holdover_ms=999 (pico_gnss pico-gnss-rs/src/main.rs:484)
284.497070 [INFO ] NMEA $GPVTG,358.02,T,,M,0.81,N,1.50,K,A*3C (pico_gnss pico-gnss-rs/src/main.rs:453)
284.526209 [INFO ] NMEA $GPZDA,121413.000,08,06,2026,,*5A (pico_gnss pico-gnss-rs/src/main.rs:453)
284.576203 [INFO ] NMEA $GPGST,121413.000,8.2,28,20,40.2,25,24,39*72 (pico_gnss pico-gnss-rs/src/main.rs:453)
284.712881 [INFO ] PPSGEN count=279 interval_ns=1000002512 dev_ns=2512 phase_ns=-1402514 hwphase_ns=464 (pico_gnss pico-gnss-rs/src/main.rs:296)
284.714163 [INFO ] PPS count=164 interval_us=1000002 interval_ns=1000002528 state=Locked missed=0 (pico_gnss pico-gnss-rs/src/main.rs:192)
284.892540 [INFO ] NMEA $GPGGA,121414.000,0000.0000,N,00000.0000,E,1,4,1.52,27.0,M,39.0,M,,*67 (pico_gnss pico-gnss-rs/src/main.rs:453)
284.950858 [INFO ] NMEA $GNGLL,0000.0000,N,00000.0000,E,121414.000,A,A*41 (pico_gnss pico-gnss-rs/src/main.rs:453)
285.009238 [INFO ] NMEA $GNGSA,A,3,23,32,12,15,,,,,,,,,1.78,1.52,0.92*18 (pico_gnss pico-gnss-rs/src/main.rs:453)
285.067445 [INFO ] NMEA $GNGSA,A,3,,,,,,,,,,,,,1.78,1.52,0.92*1F (pico_gnss pico-gnss-rs/src/main.rs:453)
285.082559 [INFO ] TIME unix_ns=1780920854368368555 ppb=2518 holdover_ms=1368 locked=1 (pico_gnss pico-gnss-rs/src/main.rs:226)
285.130234 [INFO ] NMEA $GPGSV,4,1,13,12,63,079,17,25,62,181,17,10,57,259,,23,42,199,13*74 (pico_gnss pico-gnss-rs/src/main.rs:453)
285.188878 [INFO ] NMEA $GPGSV,4,2,13,32,39,315,18,24,30,063,,28,21,266,,15,14,126,17*71 (pico_gnss pico-gnss-rs/src/main.rs:453)
285.247325 [INFO ] NMEA $GPGSV,4,3,13,19,02,041,,29,01,160,15,193,,,,194,,,*7D (pico_gnss pico-gnss-rs/src/main.rs:453)
285.276558 [INFO ] NMEA $GPGSV,4,4,13,195,,,*46 (pico_gnss pico-gnss-rs/src/main.rs:453)
285.335031 [INFO ] NMEA $GLGSV,2,1,06,74,76,008,,72,72,000,,71,44,128,,75,44,223,*66 (pico_gnss pico-gnss-rs/src/main.rs:453)
285.397346 [INFO ] NMEA $GLGSV,2,2,06,73,26,034,,65,21,327,*62 (pico_gnss pico-gnss-rs/src/main.rs:453)
285.456072 [INFO ] NMEA $GNRMC,121414.000,A,0000.0000,N,00000.0000,E,0.70,51.26,080626,,,A*4B (pico_gnss pico-gnss-rs/src/main.rs:453)
285.458613 [INFO ] SYNC pps_local_us=209281226 unix_s=1780920854 drift_us=2 err_ns=10 holdover_ms=1000 (pico_gnss pico-gnss-rs/src/main.rs:484)
285.514276 [INFO ] NMEA $GPVTG,51.26,T,,M,0.70,N,1.30,K,A*08 (pico_gnss pico-gnss-rs/src/main.rs:453)
285.543666 [INFO ] NMEA $GPZDA,121414.000,08,06,2026,,*5D (pico_gnss pico-gnss-rs/src/main.rs:453)
285.575471 [INFO ] NMEA $GPGST,121414.000,8.2,29,20,39.8,25,24,39*70 (pico_gnss pico-gnss-rs/src/main.rs:453)
285.712887 [INFO ] PPSGEN count=280 interval_ns=1000002528 dev_ns=2528 phase_ns=-1417514 hwphase_ns=464 (pico_gnss pico-gnss-rs/src/main.rs:296)
285.714147 [INFO ] PPS count=165 interval_us=1000002 interval_ns=1000002512 state=Locked missed=0 (pico_gnss pico-gnss-rs/src/main.rs:192)
285.907029 [INFO ] NMEA $GPGGA,121415.000,0000.0000,N,00000.0000,E,1,4,1.52,27.0,M,39.0,M,,*65 (pico_gnss pico-gnss-rs/src/main.rs:453)
285.965394 [INFO ] NMEA $GNGLL,0000.0000,N,00000.0000,E,121415.000,A,A*43 (pico_gnss pico-gnss-rs/src/main.rs:453)
285.994989 [INFO ] NMEA $GNGSA,A,3,23,32,12,15,,,,,,,,,1.78,1.52,0.92*18 (pico_gnss pico-gnss-rs/src/main.rs:453)
286.053188 [INFO ] NMEA $GNGSA,A,3,,,,,,,,,,,,,1.78,1.52,0.92*1F (pico_gnss pico-gnss-rs/src/main.rs:453)
286.083851 [INFO ] TIME unix_ns=1780920855369599552 ppb=2518 holdover_ms=1369 locked=1 (pico_gnss pico-gnss-rs/src/main.rs:226)
286.112124 [INFO ] NMEA $GPGSV,4,1,13,12,63,079,17,25,62,181,17,10,57,259,,23,42,199,13*74 (pico_gnss pico-gnss-rs/src/main.rs:453)
286.203302 [INFO ] NMEA $GPGSV,4,2,13,32,39,315,18,24,30,063,,28,21,266,,15,14,126,18*7E (pico_gnss pico-gnss-rs/src/main.rs:453)
286.261747 [INFO ] NMEA $GPGSV,4,3,13,19,02,041,,29,01,160,15,193,,,,194,,,*7D (pico_gnss pico-gnss-rs/src/main.rs:453)
286.263122 [INFO ] NMEA $GPGSV,4,4,13,195,,,*46 (pico_gnss pico-gnss-rs/src/main.rs:453)
286.349493 [INFO ] NMEA $GLGSV,2,1,06,74,76,008,,72,72,000,,75,45,224,,71,44,128,*60 (pico_gnss pico-gnss-rs/src/main.rs:453)
286.378965 [INFO ] NMEA $GLGSV,2,2,06,73,26,034,,65,21,327,*62 (pico_gnss pico-gnss-rs/src/main.rs:453)
286.470473 [INFO ] NMEA $GNRMC,121415.000,A,0000.0000,N,00000.0000,E,0.17,51.26,080626,,,A*48 (pico_gnss pico-gnss-rs/src/main.rs:453)
286.473039 [INFO ] SYNC pps_local_us=210281229 unix_s=1780920855 drift_us=2 err_ns=-5 holdover_ms=999 (pico_gnss pico-gnss-rs/src/main.rs:484)
286.500234 [INFO ] NMEA $GPVTG,51.26,T,,M,0.17,N,0.31,K,A*09 (pico_gnss pico-gnss-rs/src/main.rs:453)
286.529353 [INFO ] NMEA $GPZDA,121415.000,08,06,2026,,*5C (pico_gnss pico-gnss-rs/src/main.rs:453)
286.570996 [INFO ] NMEA $GPGST,121415.000,8.2,28,20,40.0,25,24,40*78 (pico_gnss pico-gnss-rs/src/main.rs:453)
286.712890 [INFO ] PPSGEN count=281 interval_ns=1000002544 dev_ns=2544 phase_ns=-1414514 hwphase_ns=496 (pico_gnss pico-gnss-rs/src/main.rs:296)
286.714165 [INFO ] PPS count=166 interval_us=1000002 interval_ns=1000002528 state=Locked missed=0 (pico_gnss pico-gnss-rs/src/main.rs:192)
286.904156 [INFO ] NMEA $GPGGA,121416.000,0000.0000,N,00000.0000,E,1,4,1.52,27.0,M,39.0,M,,*61 (pico_gnss pico-gnss-rs/src/main.rs:453)
286.957343 [INFO ] NMEA $GNGLL,0000.0000,N,00000.0000,E,121416.000,A,A*47 (pico_gnss pico-gnss-rs/src/main.rs:453)
287.015655 [INFO ] NMEA $GNGSA,A,3,23,32,12,15,,,,,,,,,1.78,1.52,0.92*18 (pico_gnss pico-gnss-rs/src/main.rs:453)
287.045171 [INFO ] NMEA $GNGSA,A,3,,,,,,,,,,,,,1.78,1.52,0.92*1F (pico_gnss pico-gnss-rs/src/main.rs:453)
287.085148 [INFO ] TIME unix_ns=1780920856370912548 ppb=2518 holdover_ms=1370 locked=1 (pico_gnss pico-gnss-rs/src/main.rs:226)
287.132608 [INFO ] NMEA $GPGSV,4,1,13,12,63,079,17,25,62,181,17,10,57,259,,23,42,199,13*74 (pico_gnss pico-gnss-rs/src/main.rs:453)
287.191180 [INFO ] NMEA $GPGSV,4,2,13,32,39,315,18,24,30,063,,28,21,266,,15,14,126,17*71 (pico_gnss pico-gnss-rs/src/main.rs:453)
287.253739 [INFO ] NMEA $GPGSV,4,3,13,19,02,041,,29,01,160,15,193,,,,194,,,*7D (pico_gnss pico-gnss-rs/src/main.rs:453)
287.282958 [INFO ] NMEA $GPGSV,4,4,13,195,,,*46 (pico_gnss pico-gnss-rs/src/main.rs:453)
287.341459 [INFO ] NMEA $GLGSV,2,1,06,74,76,008,,72,72,000,,75,45,224,,71,44,128,*60 (pico_gnss pico-gnss-rs/src/main.rs:453)
287.370949 [INFO ] NMEA $GLGSV,2,2,06,73,26,034,,65,21,327,*62 (pico_gnss pico-gnss-rs/src/main.rs:453)
287.458334 [INFO ] NMEA $GNRMC,121416.000,A,0000.0000,N,00000.0000,E,1.10,50.75,080626,,,A*4D (pico_gnss pico-gnss-rs/src/main.rs:453)
287.460875 [INFO ] SYNC pps_local_us=211281231 unix_s=1780920856 drift_us=2 err_ns=10 holdover_ms=1000 (pico_gnss pico-gnss-rs/src/main.rs:484)
287.491912 [INFO ] NMEA $GPVTG,50.75,T,,M,1.10,N,2.05,K,A*0D (pico_gnss pico-gnss-rs/src/main.rs:453)
287.521272 [INFO ] NMEA $GPZDA,121416.000,08,06,2026,,*5F (pico_gnss pico-gnss-rs/src/main.rs:453)
287.573411 [INFO ] NMEA $GPGST,121416.000,8.2,28,21,39.5,25,24,47*76 (pico_gnss pico-gnss-rs/src/main.rs:453)
287.712901 [INFO ] PPSGEN count=282 interval_ns=1000002528 dev_ns=2528 phase_ns=-1414514 hwphase_ns=496 (pico_gnss pico-gnss-rs/src/main.rs:296)
287.714173 [INFO ] PPS count=167 interval_us=1000002 interval_ns=1000002528 state=Locked missed=0 (pico_gnss pico-gnss-rs/src/main.rs:192)
287.905983 [INFO ] NMEA $GPGGA,121417.000,0000.0000,N,00000.0000,E,1,4,1.52,27.0,M,39.0,M,,*6A (pico_gnss pico-gnss-rs/src/main.rs:453)
287.964312 [INFO ] NMEA $GNGLL,0000.0000,N,00000.0000,E,121417.000,A,A*4C (pico_gnss pico-gnss-rs/src/main.rs:453)
288.007244 [INFO ] NMEA $GNGSA,A,3,23,32,12,15,,,,,,,,,1.78,1.52,0.92*18 (pico_gnss pico-gnss-rs/src/main.rs:453)
288.065444 [INFO ] NMEA $GNGSA,A,3,,,,,,,,,,,,,1.78,1.52,0.92*1F (pico_gnss pico-gnss-rs/src/main.rs:453)
288.086418 [INFO ] TIME unix_ns=1780920857372189545 ppb=2518 holdover_ms=1372 locked=1 (pico_gnss pico-gnss-rs/src/main.rs:226)
288.124175 [INFO ] NMEA $GPGSV,4,1,13,12,63,079,17,25,62,181,17,10,57,259,,23,42,199,13*74 (pico_gnss pico-gnss-rs/src/main.rs:453)
288.182791 [INFO ] NMEA $GPGSV,4,2,13,32,39,315,18,24,30,063,,28,21,266,,15,14,126,17*71 (pico_gnss pico-gnss-rs/src/main.rs:453)
288.241267 [INFO ] NMEA $GPGSV,4,3,13,19,02,041,,29,01,160,14,193,,,,194,,,*7C (pico_gnss pico-gnss-rs/src/main.rs:453)
288.274524 [INFO ] NMEA $GPGSV,4,4,13,195,,,*46 (pico_gnss pico-gnss-rs/src/main.rs:453)
288.333073 [INFO ] NMEA $GLGSV,2,1,06,74,76,008,,72,72,000,,75,45,224,,71,44,128,*60 (pico_gnss pico-gnss-rs/src/main.rs:453)
288.391290 [INFO ] NMEA $GLGSV,2,2,06,73,26,034,,65,21,327,*62 (pico_gnss pico-gnss-rs/src/main.rs:453)
288.449958 [INFO ] NMEA $GNRMC,121417.000,A,0000.0000,N,00000.0000,E,2.13,45.27,080626,,,A*45 (pico_gnss pico-gnss-rs/src/main.rs:453)
288.452503 [INFO ] SYNC pps_local_us=212281234 unix_s=1780920857 drift_us=2 err_ns=10 holdover_ms=1000 (pico_gnss pico-gnss-rs/src/main.rs:484)
288.508219 [INFO ] NMEA $GPVTG,45.27,T,,M,2.13,N,3.94,K,A*07 (pico_gnss pico-gnss-rs/src/main.rs:453)
288.541626 [INFO ] NMEA $GPZDA,121417.000,08,06,2026,,*5E (pico_gnss pico-gnss-rs/src/main.rs:453)
288.571199 [INFO ] NMEA $GPGST,121417.000,8.2,28,21,39.3,26,24,46*73 (pico_gnss pico-gnss-rs/src/main.rs:453)
288.712935 [INFO ] PPSGEN count=283 interval_ns=1000002544 dev_ns=2544 phase_ns=-1451514 hwphase_ns=512 (pico_gnss pico-gnss-rs/src/main.rs:296)
288.714193 [INFO ] PPS count=168 interval_us=1000002 interval_ns=1000002512 state=Locked missed=0 (pico_gnss pico-gnss-rs/src/main.rs:192)
288.907900 [INFO ] NMEA $GPGGA,121418.000,0000.0000,N,00000.0000,E,1,4,1.52,27.0,M,39.0,M,,*6D (pico_gnss pico-gnss-rs/src/main.rs:453)
288.966191 [INFO ] NMEA $GNGLL,0000.0000,N,00000.0000,E,121418.000,A,A*4B (pico_gnss pico-gnss-rs/src/main.rs:453)
289.024569 [INFO ] NMEA $GNGSA,A,3,23,32,12,15,,,,,,,,,1.78,1.52,0.92*18 (pico_gnss pico-gnss-rs/src/main.rs:453)
289.057122 [INFO ] NMEA $GNGSA,A,3,,,,,,,,,,,,,1.78,1.52,0.92*1F (pico_gnss pico-gnss-rs/src/main.rs:453)
289.087667 [INFO ] TIME unix_ns=1780920858373429542 ppb=2518 holdover_ms=1373 locked=1 (pico_gnss pico-gnss-rs/src/main.rs:226)
289.116057 [INFO ] NMEA $GPGSV,4,1,13,12,63,079,17,25,62,181,18,10,57,259,,23,42,199,12*7A (pico_gnss pico-gnss-rs/src/main.rs:453)
289.203094 [INFO ] NMEA $GPGSV,4,2,13,32,39,315,18,24,30,063,,28,21,266,,15,14,126,16*70 (pico_gnss pico-gnss-rs/src/main.rs:453)
289.261569 [INFO ] NMEA $GPGSV,4,3,13,19,02,041,,29,01,160,14,193,,,,194,,,*7C (pico_gnss pico-gnss-rs/src/main.rs:453)
289.290846 [INFO ] NMEA $GPGSV,4,4,13,195,,,*46 (pico_gnss pico-gnss-rs/src/main.rs:453)
289.353384 [INFO ] NMEA $GLGSV,2,1,06,74,76,008,,72,72,000,,75,45,224,,71,44,128,*60 (pico_gnss pico-gnss-rs/src/main.rs:453)
289.382890 [INFO ] NMEA $GLGSV,2,2,06,73,26,034,,65,21,327,*62 (pico_gnss pico-gnss-rs/src/main.rs:453)
289.470278 [INFO ] NMEA $GNRMC,121418.000,A,0000.0000,N,00000.0000,E,4.25,34.55,080626,,,A*42 (pico_gnss pico-gnss-rs/src/main.rs:453)
289.472823 [INFO ] SYNC pps_local_us=213281236 unix_s=1780920858 drift_us=2 err_ns=-6 holdover_ms=1000 (pico_gnss pico-gnss-rs/src/main.rs:484)
289.500042 [INFO ] NMEA $GPVTG,34.55,T,,M,4.25,N,7.87,K,A*01 (pico_gnss pico-gnss-rs/src/main.rs:453)
289.529158 [INFO ] NMEA $GPZDA,121418.000,08,06,2026,,*51 (pico_gnss pico-gnss-rs/src/main.rs:453)
289.577288 [INFO ] NMEA $GPGST,121418.000,8.2,28,20,39.1,25,23,39*73 (pico_gnss pico-gnss-rs/src/main.rs:453)
289.712959 [INFO ] PPSGEN count=284 interval_ns=1000002528 dev_ns=2528 phase_ns=-1450514 hwphase_ns=528 (pico_gnss pico-gnss-rs/src/main.rs:296)
289.714238 [INFO ] PPS count=169 interval_us=1000002 interval_ns=1000002528 state=Locked missed=0 (pico_gnss pico-gnss-rs/src/main.rs:192)
289.890205 [INFO ] NMEA $GPGGA,121419.000,0000.0000,N,00000.0000,E,1,4,2.06,27.4,M,39.0,M,,*60 (pico_gnss pico-gnss-rs/src/main.rs:453)
289.948500 [INFO ] NMEA $GNGLL,0000.0000,N,00000.0000,E,121419.000,A,A*40 (pico_gnss pico-gnss-rs/src/main.rs:453)
290.006868 [INFO ] NMEA $GNGSA,A,3,32,12,15,29,,,,,,,,,2.28,2.06,0.98*1C (pico_gnss pico-gnss-rs/src/main.rs:453)
290.036347 [INFO ] NMEA $GNGSA,A,3,,,,,,,,,,,,,2.28,2.06,0.98*11 (pico_gnss pico-gnss-rs/src/main.rs:453)
290.088968 [INFO ] TIME unix_ns=1780920859374676538 ppb=2519 holdover_ms=1374 locked=1 (pico_gnss pico-gnss-rs/src/main.rs:226)
290.116809 [INFO ] NMEA $GPGSV,4,1,13,12,63,079,17,25,62,181,18,10,57,259,,23,42,199,*79 (pico_gnss pico-gnss-rs/src/main.rs:453)
290.175134 [INFO ] NMEA $GPGSV,4,2,13,32,39,315,18,24,30,063,,28,21,266,,15,14,126,17*71 (pico_gnss pico-gnss-rs/src/main.rs:453)
290.233529 [INFO ] NMEA $GPGSV,4,3,13,19,02,041,,29,01,160,14,193,,,,194,,,*7C (pico_gnss pico-gnss-rs/src/main.rs:453)
290.262807 [INFO ] NMEA $GPGSV,4,4,13,195,,,*46 (pico_gnss pico-gnss-rs/src/main.rs:453)
290.321320 [INFO ] NMEA $GLGSV,2,1,06,74,76,008,,72,72,000,,75,45,224,,71,44,128,*60 (pico_gnss pico-gnss-rs/src/main.rs:453)
290.354826 [INFO ] NMEA $GLGSV,2,2,06,73,26,034,,65,21,327,*62 (pico_gnss pico-gnss-rs/src/main.rs:453)
290.442287 [INFO ] NMEA $GNRMC,121419.000,A,0000.0000,N,00000.0000,E,3.16,35.43,080626,,,A*48 (pico_gnss pico-gnss-rs/src/main.rs:453)
290.444859 [INFO ] SYNC pps_local_us=214281239 unix_s=1780920859 drift_us=2 err_ns=10 holdover_ms=1000 (pico_gnss pico-gnss-rs/src/main.rs:484)
290.472031 [INFO ] NMEA $GPVTG,35.43,T,,M,3.16,N,5.85,K,A*00 (pico_gnss pico-gnss-rs/src/main.rs:453)
290.529809 [INFO ] NMEA $GPZDA,121419.000,08,06,2026,,*50 (pico_gnss pico-gnss-rs/src/main.rs:453)
290.557463 [INFO ] NMEA $GPGST,121419.000,8.3,27,19,39.9,24,23,38*7E (pico_gnss pico-gnss-rs/src/main.rs:453)
290.712951 [INFO ] PPSGEN count=285 interval_ns=1000002512 dev_ns=2512 phase_ns=-1479514 hwphase_ns=512 (pico_gnss pico-gnss-rs/src/main.rs:296)
290.714218 [INFO ] PPS count=170 interval_us=1000002 interval_ns=1000002512 state=Locked missed=0 (pico_gnss pico-gnss-rs/src/main.rs:192)
290.893111 [INFO ] NMEA $GPGGA,121420.000,0000.0000,N,00000.0000,E,1,4,2.06,27.4,M,39.0,M,,*6C (pico_gnss pico-gnss-rs/src/main.rs:453)
290.951469 [INFO ] NMEA $GNGLL,0000.0000,N,00000.0000,E,121420.000,A,A*4C (pico_gnss pico-gnss-rs/src/main.rs:453)
290.981136 [INFO ] NMEA $GNGSA,A,3,32,12,15,29,,,,,,,,,2.28,2.06,0.98*1C (pico_gnss pico-gnss-rs/src/main.rs:453)
291.039266 [INFO ] NMEA $GNGSA,A,3,,,,,,,,,,,,,2.28,2.06,0.98*11 (pico_gnss pico-gnss-rs/src/main.rs:453)
291.090261 [INFO ] TIME unix_ns=1780920860375936535 ppb=2518 holdover_ms=1375 locked=1 (pico_gnss pico-gnss-rs/src/main.rs:226)
291.098239 [INFO ] NMEA $GPGSV,4,1,13,12,63,079,17,25,62,181,18,10,57,259,,23,42,199,*79 (pico_gnss pico-gnss-rs/src/main.rs:453)
291.160574 [INFO ] NMEA $GPGSV,4,2,13,32,39,315,18,24,30,063,,28,21,266,,15,14,126,17*71 (pico_gnss pico-gnss-rs/src/main.rs:453)
291.219068 [INFO ] NMEA $GPGSV,4,3,13,19,02,041,,29,01,160,14,193,,,,194,,,*7C (pico_gnss pico-gnss-rs/src/main.rs:453)
291.248325 [INFO ] NMEA $GPGSV,4,4,13,195,,,*46 (pico_gnss pico-gnss-rs/src/main.rs:453)
291.306786 [INFO ] NMEA $GLGSV,2,1,06,74,76,008,,72,72,000,,75,45,224,,71,44,128,*60 (pico_gnss pico-gnss-rs/src/main.rs:453)
291.365007 [INFO ] NMEA $GLGSV,2,2,06,73,26,034,,65,21,327,*62 (pico_gnss pico-gnss-rs/src/main.rs:453)
291.427748 [INFO ] NMEA $GNRMC,121420.000,A,0000.0000,N,00000.0000,E,3.94,39.87,080626,,,A*4A (pico_gnss pico-gnss-rs/src/main.rs:453)
291.430294 [INFO ] SYNC pps_local_us=215281241 unix_s=1780920860 drift_us=2 err_ns=-6 holdover_ms=999 (pico_gnss pico-gnss-rs/src/main.rs:484)
291.486046 [INFO ] NMEA $GPVTG,39.87,T,,M,3.94,N,7.30,K,A*02 (pico_gnss pico-gnss-rs/src/main.rs:453)
291.515405 [INFO ] NMEA $GPZDA,121420.000,08,06,2026,,*5A (pico_gnss pico-gnss-rs/src/main.rs:453)
291.550738 [INFO ] NMEA $GPGST,121420.000,8.3,26,18,40.5,23,22,37*7F (pico_gnss pico-gnss-rs/src/main.rs:453)
291.712892 [INFO ] PPSGEN count=286 interval_ns=1000002496 dev_ns=2496 phase_ns=-1468514 hwphase_ns=496 (pico_gnss pico-gnss-rs/src/main.rs:296)
291.714161 [INFO ] PPS count=171 interval_us=1000002 interval_ns=1000002528 state=Locked missed=0 (pico_gnss pico-gnss-rs/src/main.rs:192)
291.886113 [INFO ] NMEA $GPGGA,121421.000,0000.0000,N,00000.0000,E,1,4,2.06,27.5,M,39.0,M,,*69 (pico_gnss pico-gnss-rs/src/main.rs:453)
291.945403 [INFO ] NMEA $GNGLL,0000.0000,N,00000.0000,E,121421.000,A,A*48 (pico_gnss pico-gnss-rs/src/main.rs:453)
292.003782 [INFO ] NMEA $GNGSA,A,3,32,12,15,29,,,,,,,,,2.28,2.06,0.98*1C (pico_gnss pico-gnss-rs/src/main.rs:453)
292.033321 [INFO ] NMEA $GNGSA,A,3,,,,,,,,,,,,,2.28,2.06,0.98*11 (pico_gnss pico-gnss-rs/src/main.rs:453)
292.091755 [INFO ] TIME unix_ns=1780920861377443531 ppb=2519 holdover_ms=1377 locked=1 (pico_gnss pico-gnss-rs/src/main.rs:226)
292.093469 [INFO ] NMEA $GPGSV,4,1,13,12,63,079,17,25,62,181,18,10,57,259,,23,42,199,*79 (pico_gnss pico-gnss-rs/src/main.rs:453)
292.183451 [INFO ] NMEA $GPGSV,4,2,13,32,39,315,18,24,30,063,,28,21,266,,15,14,126,17*71 (pico_gnss pico-gnss-rs/src/main.rs:453)
292.241892 [INFO ] NMEA $GPGSV,4,3,13,19,02,041,,29,01,160,14,193,,,,194,,,*7C (pico_gnss pico-gnss-rs/src/main.rs:453)
292.271124 [INFO ] NMEA $GPGSV,4,4,13,195,,,*46 (pico_gnss pico-gnss-rs/src/main.rs:453)
292.329628 [INFO ] NMEA $GLGSV,2,1,06,74,76,008,19,72,72,000,,75,45,224,,71,44,128,*68 (pico_gnss pico-gnss-rs/src/main.rs:453)
292.359131 [INFO ] NMEA $GLGSV,2,2,06,73,26,034,,65,21,327,*62 (pico_gnss pico-gnss-rs/src/main.rs:453)
292.450635 [INFO ] NMEA $GNRMC,121421.000,A,0000.0000,N,00000.0000,E,5.26,45.98,080626,,,A*44 (pico_gnss pico-gnss-rs/src/main.rs:453)
292.453200 [INFO ] SYNC pps_local_us=216281244 unix_s=1780920861 drift_us=2 err_ns=10 holdover_ms=999 (pico_gnss pico-gnss-rs/src/main.rs:484)
292.480358 [INFO ] NMEA $GPVTG,45.98,T,,M,5.26,N,9.74,K,A*06 (pico_gnss pico-gnss-rs/src/main.rs:453)
292.509502 [INFO ] NMEA $GPZDA,121421.000,08,06,2026,,*5B (pico_gnss pico-gnss-rs/src/main.rs:453)
292.555333 [INFO ] NMEA $GPGST,121421.000,8.5,26,18,41.2,23,22,37*7E (pico_gnss pico-gnss-rs/src/main.rs:453)
292.712882 [INFO ] PPSGEN count=287 interval_ns=1000002512 dev_ns=2512 phase_ns=-1430515 hwphase_ns=480 (pico_gnss pico-gnss-rs/src/main.rs:296)
292.714155 [INFO ] PPS count=172 interval_us=1000002 interval_ns=1000002528 state=Locked missed=0 (pico_gnss pico-gnss-rs/src/main.rs:192)
292.885999 [INFO ] NMEA $GPGGA,121422.000,0000.0000,N,00000.0000,E,1,4,2.06,27.7,M,39.0,M,,*6A (pico_gnss pico-gnss-rs/src/main.rs:453)
292.944287 [INFO ] NMEA $GNGLL,0000.0000,N,00000.0000,E,121422.000,A,A*49 (pico_gnss pico-gnss-rs/src/main.rs:453)
292.993390 [INFO ] NMEA $GNGSA,A,3,32,12,15,29,,,,,,,,,2.28,2.06,0.98*1C (pico_gnss pico-gnss-rs/src/main.rs:453)
293.022916 [INFO ] NMEA $GNGSA,A,3,,,,,,,,,,,,,2.28,2.06,0.98*11 (pico_gnss pico-gnss-rs/src/main.rs:453)
293.093050 [INFO ] TIME unix_ns=1780920862378791527 ppb=2519 holdover_ms=1378 locked=1 (pico_gnss pico-gnss-rs/src/main.rs:226)
293.110565 [INFO ] NMEA $GPGSV,4,1,13,12,63,079,17,25,62,181,18,10,57,259,,23,42,199,*79 (pico_gnss pico-gnss-rs/src/main.rs:453)
293.168970 [INFO ] NMEA $GPGSV,4,2,13,32,39,315,18,24,30,063,,28,21,266,,15,14,126,18*7E (pico_gnss pico-gnss-rs/src/main.rs:453)
293.231478 [INFO ] NMEA $GPGSV,4,3,13,19,02,041,,29,01,160,15,193,,,,194,,,*7D (pico_gnss pico-gnss-rs/src/main.rs:453)
293.260749 [INFO ] NMEA $GPGSV,4,4,13,195,,,*46 (pico_gnss pico-gnss-rs/src/main.rs:453)
293.319250 [INFO ] NMEA $GLGSV,2,1,06,74,76,008,,72,72,000,,75,45,224,,71,44,128,*60 (pico_gnss pico-gnss-rs/src/main.rs:453)
293.377414 [INFO ] NMEA $GLGSV,2,2,06,73,26,034,,65,21,327,*62 (pico_gnss pico-gnss-rs/src/main.rs:453)
293.436132 [INFO ] NMEA $GNRMC,121422.000,A,0000.0000,N,00000.0000,E,5.70,40.22,080626,,,A*42 (pico_gnss pico-gnss-rs/src/main.rs:453)
293.438701 [INFO ] SYNC pps_local_us=217281246 unix_s=1780920862 drift_us=2 err_ns=10 holdover_ms=999 (pico_gnss pico-gnss-rs/src/main.rs:484)
293.465847 [INFO ] NMEA $GPVTG,40.22,T,,M,5.70,N,10.56,K,A*39 (pico_gnss pico-gnss-rs/src/main.rs:453)
293.527748 [INFO ] NMEA $GPZDA,121422.000,08,06,2026,,*58 (pico_gnss pico-gnss-rs/src/main.rs:453)
293.554423 [INFO ] NMEA $GPGST,121422.000,8.5,25,17,41.7,22,21,37*76 (pico_gnss pico-gnss-rs/src/main.rs:453)
293.712905 [INFO ] PPSGEN count=288 interval_ns=1000002528 dev_ns=2528 phase_ns=-1395515 hwphase_ns=480 (pico_gnss pico-gnss-rs/src/main.rs:296)
293.714188 [INFO ] PPS count=173 interval_us=1000002 interval_ns=1000002512 state=Locked missed=0 (pico_gnss pico-gnss-rs/src/main.rs:192)
293.893281 [INFO ] NMEA $GPGGA,121423.000,0000.0000,N,00000.0000,E,1,4,2.06,27.8,M,39.0,M,,*68 (pico_gnss pico-gnss-rs/src/main.rs:453)
293.951601 [INFO ] NMEA $GNGLL,0000.0000,N,00000.0000,E,121423.000,A,A*44 (pico_gnss pico-gnss-rs/src/main.rs:453)
294.009917 [INFO ] NMEA $GNGSA,A,3,32,12,15,29,,,,,,,,,2.28,2.06,0.98*1C (pico_gnss pico-gnss-rs/src/main.rs:453)
294.049690 [INFO ] NMEA $GNGSA,A,3,,,,,,,,,,,,,2.28,2.06,0.98*11 (pico_gnss pico-gnss-rs/src/main.rs:453)
294.094343 [INFO ] TIME unix_ns=1780920863380108524 ppb=2519 holdover_ms=1380 locked=1 (pico_gnss pico-gnss-rs/src/main.rs:226)
294.108615 [INFO ] NMEA $GPGSV,4,1,13,12,63,079,17,25,62,181,18,10,57,259,,23,42,199,*79 (pico_gnss pico-gnss-rs/src/main.rs:453)
294.166917 [INFO ] NMEA $GPGSV,4,2,13,32,39,315,18,24,30,063,,28,21,266,,15,14,126,18*7E (pico_gnss pico-gnss-rs/src/main.rs:453)
294.225361 [INFO ] NMEA $GPGSV,4,3,13,19,02,041,,29,01,160,15,193,,,,194,,,*7D (pico_gnss pico-gnss-rs/src/main.rs:453)
294.254611 [INFO ] NMEA $GPGSV,4,4,13,195,,,*46 (pico_gnss pico-gnss-rs/src/main.rs:453)
294.317182 [INFO ] NMEA $GLGSV,2,1,06,74,76,008,,72,72,000,,75,45,224,,71,44,128,*60 (pico_gnss pico-gnss-rs/src/main.rs:453)
294.375428 [INFO ] NMEA $GLGSV,2,2,06,73,26,034,,65,21,327,*62 (pico_gnss pico-gnss-rs/src/main.rs:453)
294.434084 [INFO ] NMEA $GNRMC,121423.000,A,0000.0000,N,00000.0000,E,4.87,37.32,080626,,,A*47 (pico_gnss pico-gnss-rs/src/main.rs:453)
294.436642 [INFO ] SYNC pps_local_us=218281249 unix_s=1780920863 drift_us=2 err_ns=-6 holdover_ms=1000 (pico_gnss pico-gnss-rs/src/main.rs:484)
294.492367 [INFO ] NMEA $GPVTG,37.32,T,,M,4.87,N,9.02,K,A*08 (pico_gnss pico-gnss-rs/src/main.rs:453)
294.521688 [INFO ] NMEA $GPZDA,121423.000,08,06,2026,,*59 (pico_gnss pico-gnss-rs/src/main.rs:453)
294.560067 [INFO ] NMEA $GPGST,121423.000,8.6,25,17,41.8,22,21,37*7B (pico_gnss pico-gnss-rs/src/main.rs:453)
294.712951 [INFO ] PPSGEN count=289 interval_ns=1000002544 dev_ns=2544 phase_ns=-1434515 hwphase_ns=512 (pico_gnss pico-gnss-rs/src/main.rs:296)
294.714208 [INFO ] PPS count=174 interval_us=1000002 interval_ns=1000002528 state=Locked missed=0 (pico_gnss pico-gnss-rs/src/main.rs:192)
294.885956 [INFO ] NMEA $GPGGA,121424.000,0000.0000,N,00000.0000,E,1,4,4.16,27.7,M,39.0,M,,*64 (pico_gnss pico-gnss-rs/src/main.rs:453)
294.944271 [INFO ] NMEA $GNGLL,0000.0000,N,00000.0000,E,121424.000,A,A*40 (pico_gnss pico-gnss-rs/src/main.rs:453)
295.002646 [INFO ] NMEA $GNGSA,A,3,32,12,15,29,,,,,,,,,6.08,4.16,4.44*18 (pico_gnss pico-gnss-rs/src/main.rs:453)
295.032146 [INFO ] NMEA $GNGSA,A,3,,,,,,,,,,,,,6.08,4.16,4.44*15 (pico_gnss pico-gnss-rs/src/main.rs:453)
295.092714 [INFO ] NMEA $GPGSV,4,1,13,12,63,079,17,25,62,181,18,10,57,259,,23,42,199,*79 (pico_gnss pico-gnss-rs/src/main.rs:453)
295.095626 [INFO ] TIME unix_ns=1780920864381372521 ppb=2519 holdover_ms=1381 locked=1 (pico_gnss pico-gnss-rs/src/main.rs:226)
295.180135 [INFO ] NMEA $GPGSV,4,2,13,32,39,315,18,24,30,063,,28,21,266,,15,14,126,19*7F (pico_gnss pico-gnss-rs/src/main.rs:453)
295.238629 [INFO ] NMEA $GPGSV,4,3,13,19,02,041,,29,01,160,15,193,,,,194,,,*7D (pico_gnss pico-gnss-rs/src/main.rs:453)
295.267869 [INFO ] NMEA $GPGSV,4,4,13,195,,,*46 (pico_gnss pico-gnss-rs/src/main.rs:453)
295.330408 [INFO ] NMEA $GLGSV,2,1,06,74,76,008,,72,72,000,,75,45,224,,71,44,128,*60 (pico_gnss pico-gnss-rs/src/main.rs:453)
295.359922 [INFO ] NMEA $GLGSV,2,2,06,73,26,034,,65,21,327,*62 (pico_gnss pico-gnss-rs/src/main.rs:453)
295.447316 [INFO ] NMEA $GNRMC,121424.000,A,0000.0000,N,00000.0000,E,3.86,48.96,080626,,,A*43 (pico_gnss pico-gnss-rs/src/main.rs:453)
295.449883 [INFO ] SYNC pps_local_us=219281252 unix_s=1780920864 drift_us=2 err_ns=9 holdover_ms=1000 (pico_gnss pico-gnss-rs/src/main.rs:484)
295.477062 [INFO ] NMEA $GPVTG,48.96,T,,M,3.86,N,7.15,K,A*00 (pico_gnss pico-gnss-rs/src/main.rs:453)
295.506190 [INFO ] NMEA $GPZDA,121424.000,08,06,2026,,*5E (pico_gnss pico-gnss-rs/src/main.rs:453)
295.553005 [INFO ] NMEA $GPGST,121424.000,8.6,25,17,41.8,22,21,37*7C (pico_gnss pico-gnss-rs/src/main.rs:453)
295.712965 [INFO ] PPSGEN count=290 interval_ns=1000002528 dev_ns=2528 phase_ns=-1447515 hwphase_ns=512 (pico_gnss pico-gnss-rs/src/main.rs:296)
295.714243 [INFO ] PPS count=175 interval_us=1000002 interval_ns=1000002528 state=Locked missed=0 (pico_gnss pico-gnss-rs/src/main.rs:192)
295.876709 [INFO ] NMEA $GPGGA,121425.000,0000.0000,N,00000.0000,E,1,4,2.06,27.3,M,39.0,M,,*65 (pico_gnss pico-gnss-rs/src/main.rs:453)
295.935065 [INFO ] NMEA $GNGLL,0000.0000,N,00000.0000,E,121425.000,A,A*42 (pico_gnss pico-gnss-rs/src/main.rs:453)
295.993383 [INFO ] NMEA $GNGSA,A,3,32,12,15,29,,,,,,,,,2.28,2.06,0.98*1C (pico_gnss pico-gnss-rs/src/main.rs:453)
296.022930 [INFO ] NMEA $GNGSA,A,3,,,,,,,,,,,,,2.28,2.06,0.98*11 (pico_gnss pico-gnss-rs/src/main.rs:453)
296.096906 [INFO ] TIME unix_ns=1780920865382604517 ppb=2519 holdover_ms=1382 locked=1 (pico_gnss pico-gnss-rs/src/main.rs:226)
296.114414 [INFO ] NMEA $GPGSV,4,1,13,12,63,079,17,25,62,181,18,10,57,259,,23,42,199,*79 (pico_gnss pico-gnss-rs/src/main.rs:453)
296.172973 [INFO ] NMEA $GPGSV,4,2,13,32,39,315,18,24,30,063,,28,21,266,,15,14,126,19*7F (pico_gnss pico-gnss-rs/src/main.rs:453)
296.231401 [INFO ] NMEA $GPGSV,4,3,13,19,02,041,,29,01,160,16,193,,,,194,,,*7E (pico_gnss pico-gnss-rs/src/main.rs:453)
296.260660 [INFO ] NMEA $GPGSV,4,4,13,195,,,*46 (pico_gnss pico-gnss-rs/src/main.rs:453)
296.319157 [INFO ] NMEA $GLGSV,2,1,06,74,76,008,,72,72,000,,75,45,224,,71,44,128,*60 (pico_gnss pico-gnss-rs/src/main.rs:453)
296.377281 [INFO ] NMEA $GLGSV,2,2,06,73,26,034,,65,21,327,*62 (pico_gnss pico-gnss-rs/src/main.rs:453)
296.440136 [INFO ] NMEA $GNRMC,121425.000,A,0000.0000,N,00000.0000,E,2.36,61.31,080626,,,A*4D (pico_gnss pico-gnss-rs/src/main.rs:453)
296.442697 [INFO ] SYNC pps_local_us=220281254 unix_s=1780920865 drift_us=2 err_ns=9 holdover_ms=1000 (pico_gnss pico-gnss-rs/src/main.rs:484)
296.469883 [INFO ] NMEA $GPVTG,61.31,T,,M,2.36,N,4.37,K,A*0F (pico_gnss pico-gnss-rs/src/main.rs:453)
296.527669 [INFO ] NMEA $GPZDA,121425.000,08,06,2026,,*5F (pico_gnss pico-gnss-rs/src/main.rs:453)
296.554271 [INFO ] NMEA $GPGST,121425.000,8.6,24,16,41.5,21,20,37*72 (pico_gnss pico-gnss-rs/src/main.rs:453)
296.712917 [INFO ] PPSGEN count=291 interval_ns=1000002512 dev_ns=2512 phase_ns=-1472515 hwphase_ns=496 (pico_gnss pico-gnss-rs/src/main.rs:296)
296.714185 [INFO ] PPS count=176 interval_us=1000002 interval_ns=1000002528 state=Locked missed=0 (pico_gnss pico-gnss-rs/src/main.rs:192)
296.896065 [INFO ] NMEA $GPGGA,121426.000,0000.0000,N,00000.0000,E,1,4,2.06,27.0,M,39.0,M,,*67 (pico_gnss pico-gnss-rs/src/main.rs:453)
296.925736 [INFO ] NMEA $GNGLL,0000.0000,N,00000.0000,E,121426.000,A,A*43 (pico_gnss pico-gnss-rs/src/main.rs:453)
296.984019 [INFO ] NMEA $GNGSA,A,3,32,12,15,29,,,,,,,,,2.28,2.06,0.98*1C (pico_gnss pico-gnss-rs/src/main.rs:453)
297.042210 [INFO ] NMEA $GNGSA,A,3,,,,,,,,,,,,,2.28,2.06,0.98*11 (pico_gnss pico-gnss-rs/src/main.rs:453)
297.098182 [INFO ] TIME unix_ns=1780920866383869514 ppb=2520 holdover_ms=1383 locked=1 (pico_gnss pico-gnss-rs/src/main.rs:226)
297.101181 [INFO ] NMEA $GPGSV,4,1,13,12,63,079,17,25,62,181,18,10,57,259,,23,42,199,*79 (pico_gnss pico-gnss-rs/src/main.rs:453)
297.163529 [INFO ] NMEA $GPGSV,4,2,13,32,39,315,18,24,30,063,,28,21,266,,15,14,126,19*7F (pico_gnss pico-gnss-rs/src/main.rs:453)
297.222068 [INFO ] NMEA $GPGSV,4,3,13,19,02,041,,29,01,160,17,193,,,,194,,,*7F (pico_gnss pico-gnss-rs/src/main.rs:453)
297.251322 [INFO ] NMEA $GPGSV,4,4,13,195,,,*46 (pico_gnss pico-gnss-rs/src/main.rs:453)
297.309788 [INFO ] NMEA $GLGSV,2,1,06,74,76,008,,72,72,000,,75,45,224,,71,44,128,*60 (pico_gnss pico-gnss-rs/src/main.rs:453)
297.368017 [INFO ] NMEA $GLGSV,2,2,06,73,26,034,,65,21,327,*62 (pico_gnss pico-gnss-rs/src/main.rs:453)
297.430764 [INFO ] NMEA $GNRMC,121426.000,A,0000.0000,N,00000.0000,E,2.41,30.23,080626,,,A*4B (pico_gnss pico-gnss-rs/src/main.rs:453)
297.433338 [INFO ] SYNC pps_local_us=221281257 unix_s=1780920866 drift_us=2 err_ns=9 holdover_ms=999 (pico_gnss pico-gnss-rs/src/main.rs:484)
297.489036 [INFO ] NMEA $GPVTG,30.23,T,,M,2.41,N,4.46,K,A*0E (pico_gnss pico-gnss-rs/src/main.rs:453)
297.518412 [INFO ] NMEA $GPZDA,121426.000,08,06,2026,,*5C (pico_gnss pico-gnss-rs/src/main.rs:453)
297.552669 [INFO ] NMEA $GPGST,121426.000,8.7,24,16,41.8,21,20,37*7D (pico_gnss pico-gnss-rs/src/main.rs:453)
297.712903 [INFO ] PPSGEN count=292 interval_ns=1000002496 dev_ns=2496 phase_ns=-1431515 hwphase_ns=464 (pico_gnss pico-gnss-rs/src/main.rs:296)
297.714189 [INFO ] PPS count=177 interval_us=1000002 interval_ns=1000002512 state=Locked missed=0 (pico_gnss pico-gnss-rs/src/main.rs:192)
297.886039 [INFO ] NMEA $GPGGA,121427.000,0000.0000,N,00000.0000,E,1,4,2.06,26.4,M,39.0,M,,*6B (pico_gnss pico-gnss-rs/src/main.rs:453)
297.946388 [INFO ] NMEA $GNGLL,0000.0000,N,00000.0000,E,121427.000,A,A*4A (pico_gnss pico-gnss-rs/src/main.rs:453)
298.004757 [INFO ] NMEA $GNGSA,A,3,32,12,15,29,,,,,,,,,2.28,2.06,0.98*1C (pico_gnss pico-gnss-rs/src/main.rs:453)
298.034282 [INFO ] NMEA $GNGSA,A,3,,,,,,,,,,,,,2.28,2.06,0.98*11 (pico_gnss pico-gnss-rs/src/main.rs:453)
298.092796 [INFO ] NMEA $GPGSV,4,1,13,12,63,079,17,25,62,181,18,10,57,259,,23,42,199,*79 (pico_gnss pico-gnss-rs/src/main.rs:453)
298.099444 [INFO ] TIME unix_ns=1780920867385190511 ppb=2519 holdover_ms=1385 locked=1 (pico_gnss pico-gnss-rs/src/main.rs:226)
298.180257 [INFO ] NMEA $GPGSV,4,2,13,32,39,315,18,24,30,063,,28,21,266,,15,14,126,19*7F (pico_gnss pico-gnss-rs/src/main.rs:453)
298.242806 [INFO ] NMEA $GPGSV,4,3,13,19,02,041,,29,01,160,17,193,,,,194,,,*7F (pico_gnss pico-gnss-rs/src/main.rs:453)
298.272058 [INFO ] NMEA $GPGSV,4,4,13,195,,,*46 (pico_gnss pico-gnss-rs/src/main.rs:453)
298.330560 [INFO ] NMEA $GLGSV,2,1,06,74,76,008,18,72,72,000,,75,45,224,,71,44,128,*69 (pico_gnss pico-gnss-rs/src/main.rs:453)
298.360053 [INFO ] NMEA $GLGSV,2,2,06,73,26,034,,65,21,327,*62 (pico_gnss pico-gnss-rs/src/main.rs:453)
298.447433 [INFO ] NMEA $GNRMC,121427.000,A,0000.0000,N,00000.0000,E,2.63,40.38,080626,,,A*4F (pico_gnss pico-gnss-rs/src/main.rs:453)
298.450010 [INFO ] SYNC pps_local_us=222281259 unix_s=1780920867 drift_us=2 err_ns=-7 holdover_ms=999 (pico_gnss pico-gnss-rs/src/main.rs:484)
298.481054 [INFO ] NMEA $GPVTG,40.38,T,,M,2.63,N,4.86,K,A*0F (pico_gnss pico-gnss-rs/src/main.rs:453)
298.510400 [INFO ] NMEA $GPZDA,121427.000,08,06,2026,,*5D (pico_gnss pico-gnss-rs/src/main.rs:453)
298.555210 [INFO ] NMEA $GPGST,121427.000,8.7,23,16,41.5,20,20,37*77 (pico_gnss pico-gnss-rs/src/main.rs:453)
298.712923 [INFO ] PPSGEN count=293 interval_ns=1000002544 dev_ns=2544 phase_ns=-1416515 hwphase_ns=496 (pico_gnss pico-gnss-rs/src/main.rs:296)
298.714199 [INFO ] PPS count=178 interval_us=1000002 interval_ns=1000002528 state=Locked missed=0 (pico_gnss pico-gnss-rs/src/main.rs:192)
298.886110 [INFO ] NMEA $GPGGA,121428.000,0000.0000,N,00000.0000,E,1,4,2.06,26.0,M,39.0,M,,*69 (pico_gnss pico-gnss-rs/src/main.rs:453)
298.944448 [INFO ] NMEA $GNGLL,0000.0000,N,00000.0000,E,121428.000,A,A*4C (pico_gnss pico-gnss-rs/src/main.rs:453)
298.994567 [INFO ] NMEA $GNGSA,A,3,32,12,15,29,,,,,,,,,2.28,2.06,0.98*1C (pico_gnss pico-gnss-rs/src/main.rs:453)
299.024088 [INFO ] NMEA $GNGSA,A,3,,,,,,,,,,,,,2.28,2.06,0.98*11 (pico_gnss pico-gnss-rs/src/main.rs:453)
299.100724 [INFO ] TIME unix_ns=1780920868386456507 ppb=2520 holdover_ms=1386 locked=1 (pico_gnss pico-gnss-rs/src/main.rs:226)
299.111788 [INFO ] NMEA $GPGSV,4,1,13,12,63,079,17,25,62,181,18,10,57,259,,23,42,199,*79 (pico_gnss pico-gnss-rs/src/main.rs:453)
299.170130 [INFO ] NMEA $GPGSV,4,2,13,32,39,315,18,24,30,063,,28,21,266,,15,14,126,19*7F (pico_gnss pico-gnss-rs/src/main.rs:453)
299.228526 [INFO ] NMEA $GPGSV,4,3,13,19,02,041,,29,01,160,17,193,,,,194,,,*7F (pico_gnss pico-gnss-rs/src/main.rs:453)
299.261811 [INFO ] NMEA $GPGSV,4,4,13,195,,,*46 (pico_gnss pico-gnss-rs/src/main.rs:453)
299.320410 [INFO ] NMEA $GLGSV,2,1,06,74,76,008,,72,72,000,,75,45,224,,71,44,128,*60 (pico_gnss pico-gnss-rs/src/main.rs:453)
299.378548 [INFO ] NMEA $GLGSV,2,2,06,73,26,034,,65,21,327,*62 (pico_gnss pico-gnss-rs/src/main.rs:453)
299.437283 [INFO ] NMEA $GNRMC,121428.000,A,0000.0000,N,00000.0000,E,1.45,36.17,080626,,,A*42 (pico_gnss pico-gnss-rs/src/main.rs:453)
299.439868 [INFO ] SYNC pps_local_us=223281262 unix_s=1780920868 drift_us=2 err_ns=9 holdover_ms=1000 (pico_gnss pico-gnss-rs/src/main.rs:484)
299.466966 [INFO ] NMEA $GPVTG,36.17,T,,M,1.45,N,2.69,K,A*03 (pico_gnss pico-gnss-rs/src/main.rs:453)
299.528848 [INFO ] NMEA $GPZDA,121428.000,08,06,2026,,*52 (pico_gnss pico-gnss-rs/src/main.rs:453)
299.553411 [INFO ] NMEA $GPGST,121428.000,8.7,23,16,41.5,20,19,38*7D (pico_gnss pico-gnss-rs/src/main.rs:453)
299.712974 [INFO ] PPSGEN count=294 interval_ns=1000002544 dev_ns=2544 phase_ns=-1427515 hwphase_ns=512 (pico_gnss pico-gnss-rs/src/main.rs:296)
299.714242 [INFO ] PPS count=179 interval_us=1000002 interval_ns=1000002528 state=Locked missed=0 (pico_gnss pico-gnss-rs/src/main.rs:192)
299.885109 [INFO ] NMEA $GPGGA,121429.000,0000.0000,N,00000.0000,E,1,4,2.06,25.9,M,39.0,M,,*64 (pico_gnss pico-gnss-rs/src/main.rs:453)
299.943412 [INFO ] NMEA $GNGLL,0000.0000,N,00000.0000,E,121429.000,A,A*4B (pico_gnss pico-gnss-rs/src/main.rs:453)
300.001761 [INFO ] NMEA $GNGSA,A,3,32,12,15,29,,,,,,,,,2.28,2.06,0.98*1C (pico_gnss pico-gnss-rs/src/main.rs:453)
300.043525 [INFO ] NMEA $GNGSA,A,3,,,,,,,,,,,,,2.28,2.06,0.98*11 (pico_gnss pico-gnss-rs/src/main.rs:453)
300.102227 [INFO ] NMEA $GPGSV,4,1,13,12,63,079,17,25,62,181,18,10,57,259,,23,42,199,*79 (pico_gnss pico-gnss-rs/src/main.rs:453)
300.104210 [INFO ] TIME unix_ns=1780920869389956498 ppb=2520 holdover_ms=1389 locked=1 (pico_gnss pico-gnss-rs/src/main.rs:226)
300.160820 [INFO ] NMEA $GPGSV,4,2,13,32,39,315,18,24,30,063,,28,21,266,,15,14,126,18*7E (pico_gnss pico-gnss-rs/src/main.rs:453)
300.219249 [INFO ] NMEA $GPGSV,4,3,13,19,02,041,,29,01,160,17,193,,,,194,,,*7F (pico_gnss pico-gnss-rs/src/main.rs:453)
300.248445 [INFO ] NMEA $GPGSV,4,4,13,195,,,*46 (pico_gnss pico-gnss-rs/src/main.rs:453)
300.311035 [INFO ] NMEA $GLGSV,2,1,06,74,76,008,,72,72,000,,75,45,224,,71,44,128,*60 (pico_gnss pico-gnss-rs/src/main.rs:453)
300.369269 [INFO ] NMEA $GLGSV,2,2,06,73,26,034,,65,21,327,*62 (pico_gnss pico-gnss-rs/src/main.rs:453)
300.427943 [INFO ] NMEA $GNRMC,121429.000,A,0000.0000,N,00000.0000,E,1.38,22.31,080626,,,A*4E (pico_gnss pico-gnss-rs/src/main.rs:453)
300.430507 [INFO ] SYNC pps_local_us=224281264 unix_s=1780920869 drift_us=2 err_ns=9 holdover_ms=1000 (pico_gnss pico-gnss-rs/src/main.rs:484)
300.486198 [INFO ] NMEA $GPVTG,22.31,T,,M,1.38,N,2.56,K,A*04 (pico_gnss pico-gnss-rs/src/main.rs:453)
300.515547 [INFO ] NMEA $GPZDA,121429.000,08,06,2026,,*53 (pico_gnss pico-gnss-rs/src/main.rs:453)
300.551975 [INFO ] NMEA $GPGST,121429.000,8.7,23,16,30.7,21,18,39*79 (pico_gnss pico-gnss-rs/src/main.rs:453)
300.712962 [INFO ] PPSGEN count=295 interval_ns=1000002528 dev_ns=2528 phase_ns=-1471516 hwphase_ns=512 (pico_gnss pico-gnss-rs/src/main.rs:296)
300.714257 [INFO ] PPS count=180 interval_us=1000002 interval_ns=1000002528 state=Locked missed=0 (pico_gnss pico-gnss-rs/src/main.rs:192)
300.887803 [INFO ] NMEA $GPGGA,121430.000,0000.0000,N,00000.0000,E,1,4,2.06,25.8,M,39.0,M,,*63 (pico_gnss pico-gnss-rs/src/main.rs:453)
300.946127 [INFO ] NMEA $GNGLL,0000.0000,N,00000.0000,E,121430.000,A,A*4D (pico_gnss pico-gnss-rs/src/main.rs:453)
301.004497 [INFO ] NMEA $GNGSA,A,3,32,12,15,29,,,,,,,,,2.28,2.06,0.98*1C (pico_gnss pico-gnss-rs/src/main.rs:453)
301.033976 [INFO ] NMEA $GNGSA,A,3,,,,,,,,,,,,,2.28,2.06,0.98*11 (pico_gnss pico-gnss-rs/src/main.rs:453)
301.096630 [INFO ] NMEA $GPGSV,4,1,13,12,63,079,17,25,62,181,18,10,57,259,,23,42,199,*79 (pico_gnss pico-gnss-rs/src/main.rs:453)
301.105482 [INFO ] TIME unix_ns=1780920870391177495 ppb=2520 holdover_ms=1391 locked=1 (pico_gnss pico-gnss-rs/src/main.rs:226)
301.184043 [INFO ] NMEA $GPGSV,4,2,13,32,39,315,18,24,30,063,,28,21,266,,15,14,126,18*7E (pico_gnss pico-gnss-rs/src/main.rs:453)
301.242513 [INFO ] NMEA $GPGSV,4,3,13,19,02,041,,29,01,160,17,193,,,,194,,,*7F (pico_gnss pico-gnss-rs/src/main.rs:453)
301.271779 [INFO ] NMEA $GPGSV,4,4,13,195,,,*46 (pico_gnss pico-gnss-rs/src/main.rs:453)
301.330229 [INFO ] NMEA $GLGSV,2,1,06,74,76,008,,72,72,000,,75,45,224,,71,44,128,*60 (pico_gnss pico-gnss-rs/src/main.rs:453)
301.363764 [INFO ] NMEA $GLGSV,2,2,06,73,26,034,,65,21,327,*62 (pico_gnss pico-gnss-rs/src/main.rs:453)
301.451206 [INFO ] NMEA $GNRMC,121430.000,A,0000.0000,N,00000.0000,E,1.61,61.44,080626,,,A*41 (pico_gnss pico-gnss-rs/src/main.rs:453)
301.453772 [INFO ] SYNC pps_local_us=225281267 unix_s=1780920870 drift_us=2 err_ns=8 holdover_ms=1000 (pico_gnss pico-gnss-rs/src/main.rs:484)
301.480950 [INFO ] NMEA $GPVTG,61.44,T,,M,1.61,N,2.98,K,A*0F (pico_gnss pico-gnss-rs/src/main.rs:453)
301.510091 [INFO ] NMEA $GPZDA,121430.000,08,06,2026,,*5B (pico_gnss pico-gnss-rs/src/main.rs:453)
301.554811 [INFO ] NMEA $GPGST,121430.000,8.7,24,16,32.0,22,18,40*7E (pico_gnss pico-gnss-rs/src/main.rs:453)
301.712917 [INFO ] PPSGEN count=296 interval_ns=1000002512 dev_ns=2512 phase_ns=-1475516 hwphase_ns=496 (pico_gnss pico-gnss-rs/src/main.rs:296)
301.714194 [INFO ] PPS count=181 interval_us=1000002 interval_ns=1000002512 state=Locked missed=0 (pico_gnss pico-gnss-rs/src/main.rs:192)
301.877798 [INFO ] NMEA $GPGGA,121431.000,0000.0000,N,00000.0000,E,1,4,2.06,25.7,M,39.0,M,,*6E (pico_gnss pico-gnss-rs/src/main.rs:453)
301.936171 [INFO ] NMEA $GNGLL,0000.0000,N,00000.0000,E,121431.000,A,A*4F (pico_gnss pico-gnss-rs/src/main.rs:453)
301.994484 [INFO ] NMEA $GNGSA,A,3,32,12,15,29,,,,,,,,,2.28,2.06,0.98*1C (pico_gnss pico-gnss-rs/src/main.rs:453)
302.024019 [INFO ] NMEA $GNGSA,A,3,,,,,,,,,,,,,2.28,2.06,0.98*11 (pico_gnss pico-gnss-rs/src/main.rs:453)
302.106762 [INFO ] TIME unix_ns=1780920871392428492 ppb=2520 holdover_ms=1392 locked=1 (pico_gnss pico-gnss-rs/src/main.rs:226)
302.111659 [INFO ] NMEA $GPGSV,4,1,13,12,63,079,17,25,62,181,18,10,57,259,,23,42,199,*79 (pico_gnss pico-gnss-rs/src/main.rs:453)
302.174109 [INFO ] NMEA $GPGSV,4,2,13,32,39,315,18,24,30,063,,28,21,266,,15,14,126,18*7E (pico_gnss pico-gnss-rs/src/main.rs:453)
302.232541 [INFO ] NMEA $GPGSV,4,3,13,19,02,041,,29,01,160,16,193,,,,194,,,*7E (pico_gnss pico-gnss-rs/src/main.rs:453)
302.261796 [INFO ] NMEA $GPGSV,4,4,13,195,,,*46 (pico_gnss pico-gnss-rs/src/main.rs:453)
302.320302 [INFO ] NMEA $GLGSV,2,1,06,74,76,008,,72,72,000,,75,45,224,,71,44,128,*60 (pico_gnss pico-gnss-rs/src/main.rs:453)
302.378458 [INFO ] NMEA $GLGSV,2,2,06,73,26,034,,65,21,327,*62 (pico_gnss pico-gnss-rs/src/main.rs:453)
302.441276 [INFO ] NMEA $GNRMC,121431.000,A,0000.0000,N,00000.0000,E,2.21,47.01,080626,,,A*41 (pico_gnss pico-gnss-rs/src/main.rs:453)
302.443829 [INFO ] SYNC pps_local_us=226281269 unix_s=1780920871 drift_us=2 err_ns=-7 holdover_ms=999 (pico_gnss pico-gnss-rs/src/main.rs:484)
302.471026 [INFO ] NMEA $GPVTG,47.01,T,,M,2.21,N,4.10,K,A*0B (pico_gnss pico-gnss-rs/src/main.rs:453)
302.528788 [INFO ] NMEA $GPZDA,121431.000,08,06,2026,,*5A (pico_gnss pico-gnss-rs/src/main.rs:453)
302.553319 [INFO ] NMEA $GPGST,121431.000,8.7,25,16,33.1,22,19,41*7E (pico_gnss pico-gnss-rs/src/main.rs:453)
302.712917 [INFO ] PPSGEN count=297 interval_ns=1000002512 dev_ns=2512 phase_ns=-1428516 hwphase_ns=496 (pico_gnss pico-gnss-rs/src/main.rs:296)
302.714210 [INFO ] PPS count=182 interval_us=1000002 interval_ns=1000002528 state=Locked missed=0 (pico_gnss pico-gnss-rs/src/main.rs:192)
302.894302 [INFO ] NMEA $GPGGA,121432.000,0000.0000,N,00000.0000,E,1,4,2.06,25.5,M,39.0,M,,*62 (pico_gnss pico-gnss-rs/src/main.rs:453)
302.936178 [INFO ] NMEA $GNGLL,0000.0000,N,00000.0000,E,121432.000,A,A*41 (pico_gnss pico-gnss-rs/src/main.rs:453)
302.994548 [INFO ] NMEA $GNGSA,A,3,32,12,15,29,,,,,,,,,2.28,2.06,0.98*1C (pico_gnss pico-gnss-rs/src/main.rs:453)
303.052731 [INFO ] NMEA $GNGSA,A,3,,,,,,,,,,,,,2.28,2.06,0.98*11 (pico_gnss pico-gnss-rs/src/main.rs:453)
303.108053 [INFO ] TIME unix_ns=1780920872393772488 ppb=2520 holdover_ms=1393 locked=1 (pico_gnss pico-gnss-rs/src/main.rs:226)
303.111714 [INFO ] NMEA $GPGSV,4,1,13,12,63,079,17,25,62,181,18,10,57,259,,23,42,199,*79 (pico_gnss pico-gnss-rs/src/main.rs:453)
303.169985 [INFO ] NMEA $GPGSV,4,2,13,32,39,315,18,24,30,063,,28,21,266,,15,14,126,18*7E (pico_gnss pico-gnss-rs/src/main.rs:453)
303.232536 [INFO ] NMEA $GPGSV,4,3,13,19,02,041,,29,01,160,16,193,,,,194,,,*7E (pico_gnss pico-gnss-rs/src/main.rs:453)
303.261789 [INFO ] NMEA $GPGSV,4,4,13,195,,,*46 (pico_gnss pico-gnss-rs/src/main.rs:453)
303.320275 [INFO ] NMEA $GLGSV,2,1,06,74,76,008,,72,72,000,,75,45,224,,71,44,128,*60 (pico_gnss pico-gnss-rs/src/main.rs:453)
303.378489 [INFO ] NMEA $GLGSV,2,2,06,73,26,034,,65,21,327,*62 (pico_gnss pico-gnss-rs/src/main.rs:453)
303.437166 [INFO ] NMEA $GNRMC,121432.000,A,0000.0000,N,00000.0000,E,1.15,62.29,080626,,,A*46 (pico_gnss pico-gnss-rs/src/main.rs:453)
303.439706 [INFO ] SYNC pps_local_us=227281272 unix_s=1780920872 drift_us=2 err_ns=8 holdover_ms=1000 (pico_gnss pico-gnss-rs/src/main.rs:484)
303.499468 [INFO ] NMEA $GPVTG,62.29,T,,M,1.15,N,2.12,K,A*06 (pico_gnss pico-gnss-rs/src/main.rs:453)
303.528890 [INFO ] NMEA $GPZDA,121432.000,08,06,2026,,*59 (pico_gnss pico-gnss-rs/src/main.rs:453)
303.558343 [INFO ] NMEA $GPGST,121432.000,8.6,24,16,32.1,22,19,38*72 (pico_gnss pico-gnss-rs/src/main.rs:453)
303.712970 [INFO ] PPSGEN count=298 interval_ns=1000002544 dev_ns=2544 phase_ns=-1412516 hwphase_ns=512 (pico_gnss pico-gnss-rs/src/main.rs:296)
303.714256 [INFO ] PPS count=183 interval_us=1000002 interval_ns=1000002512 state=Locked missed=0 (pico_gnss pico-gnss-rs/src/main.rs:192)
303.889301 [INFO ] NMEA $GPGGA,121433.000,0000.0000,N,00000.0000,E,1,4,2.06,25.5,M,39.0,M,,*6A (pico_gnss pico-gnss-rs/src/main.rs:453)
303.947647 [INFO ] NMEA $GNGLL,0000.0000,N,00000.0000,E,121433.000,A,A*49 (pico_gnss pico-gnss-rs/src/main.rs:453)
303.981290 [INFO ] NMEA $GNGSA,A,3,32,12,15,29,,,,,,,,,2.28,2.06,0.98*1C (pico_gnss pico-gnss-rs/src/main.rs:453)
304.039544 [INFO ] NMEA $GNGSA,A,3,,,,,,,,,,,,,2.28,2.06,0.98*11 (pico_gnss pico-gnss-rs/src/main.rs:453)
304.098125 [INFO ] NMEA $GPGSV,4,1,13,12,63,079,17,25,62,181,18,10,57,259,,23,42,199,*79 (pico_gnss pico-gnss-rs/src/main.rs:453)
304.109318 [INFO ] TIME unix_ns=1780920873395069485 ppb=2520 holdover_ms=1395 locked=1 (pico_gnss pico-gnss-rs/src/main.rs:226)
304.185632 [INFO ] NMEA $GPGSV,4,2,13,32,39,315,18,24,30,063,,28,21,266,,15,14,126,18*7E (pico_gnss pico-gnss-rs/src/main.rs:453)
304.248180 [INFO ] NMEA $GPGSV,4,3,13,19,02,041,,29,01,160,15,193,,,,194,,,*7D (pico_gnss pico-gnss-rs/src/main.rs:453)
304.249571 [INFO ] NMEA $GPGSV,4,4,13,195,,,*46 (pico_gnss pico-gnss-rs/src/main.rs:453)
304.335886 [INFO ] NMEA $GLGSV,2,1,06,74,76,008,,72,72,000,,75,45,224,,71,44,128,*60 (pico_gnss pico-gnss-rs/src/main.rs:453)
304.365405 [INFO ] NMEA $GLGSV,2,2,06,73,26,034,,65,21,327,*62 (pico_gnss pico-gnss-rs/src/main.rs:453)
304.452781 [INFO ] NMEA $GNRMC,121433.000,A,0000.0000,N,00000.0000,E,1.78,72.25,080626,,,A*48 (pico_gnss pico-gnss-rs/src/main.rs:453)
304.455338 [INFO ] SYNC pps_local_us=228281274 unix_s=1780920873 drift_us=2 err_ns=-7 holdover_ms=1000 (pico_gnss pico-gnss-rs/src/main.rs:484)
304.482518 [INFO ] NMEA $GPVTG,72.25,T,,M,1.78,N,3.30,K,A*01 (pico_gnss pico-gnss-rs/src/main.rs:453)
304.515658 [INFO ] NMEA $GPZDA,121433.000,08,06,2026,,*58 (pico_gnss pico-gnss-rs/src/main.rs:453)
304.556329 [INFO ] NMEA $GPGST,121433.000,8.6,25,16,33.0,22,19,39*73 (pico_gnss pico-gnss-rs/src/main.rs:453)
304.712986 [INFO ] PPSGEN count=299 interval_ns=1000002544 dev_ns=2544 phase_ns=-1468516 hwphase_ns=544 (pico_gnss pico-gnss-rs/src/main.rs:296)
304.714263 [INFO ] PPS count=184 interval_us=1000002 interval_ns=1000002528 state=Locked missed=0 (pico_gnss pico-gnss-rs/src/main.rs:192)
304.887798 [INFO ] NMEA $GPGGA,121434.000,0000.0000,N,00000.0000,E,1,4,2.06,25.4,M,39.0,M,,*6B (pico_gnss pico-gnss-rs/src/main.rs:453)
304.946117 [INFO ] NMEA $GNGLL,0000.0000,N,00000.0000,E,121434.000,A,A*49 (pico_gnss pico-gnss-rs/src/main.rs:453)
305.004472 [INFO ] NMEA $GNGSA,A,3,32,12,15,29,,,,,,,,,2.28,2.06,0.98*1C (pico_gnss pico-gnss-rs/src/main.rs:453)
305.029879 [INFO ] NMEA $GNGSA,A,3,,,,,,,,,,,,,2.28,2.06,0.98*11 (pico_gnss pico-gnss-rs/src/main.rs:453)
305.110589 [INFO ] TIME unix_ns=1780920874396253482 ppb=2520 holdover_ms=1396 locked=1 (pico_gnss pico-gnss-rs/src/main.rs:226)
305.117515 [INFO ] NMEA $GPGSV,4,1,13,12,63,079,17,25,62,181,18,10,57,259,,23,42,199,*79 (pico_gnss pico-gnss-rs/src/main.rs:453)
305.175827 [INFO ] NMEA $GPGSV,4,2,13,32,39,315,18,24,30,063,,28,21,266,,15,14,126,18*7E (pico_gnss pico-gnss-rs/src/main.rs:453)
305.234245 [INFO ] NMEA $GPGSV,4,3,13,19,02,041,,29,01,160,16,193,,,,194,,,*7E (pico_gnss pico-gnss-rs/src/main.rs:453)
305.263514 [INFO ] NMEA $GPGSV,4,4,13,195,,,*46 (pico_gnss pico-gnss-rs/src/main.rs:453)
305.326102 [INFO ] NMEA $GLGSV,2,1,06,74,76,008,,72,72,000,,75,45,224,,71,44,128,*60 (pico_gnss pico-gnss-rs/src/main.rs:453)
305.355594 [INFO ] NMEA $GLGSV,2,2,06,73,26,034,,65,21,327,*62 (pico_gnss pico-gnss-rs/src/main.rs:453)
305.442979 [INFO ] NMEA $GNRMC,121434.000,A,0000.0000,N,00000.0000,E,2.51,69.82,080626,,,A*47 (pico_gnss pico-gnss-rs/src/main.rs:453)
305.445537 [INFO ] SYNC pps_local_us=229281277 unix_s=1780920874 drift_us=2 err_ns=8 holdover_ms=1000 (pico_gnss pico-gnss-rs/src/main.rs:484)
305.472744 [INFO ] NMEA $GPVTG,69.82,T,,M,2.51,N,4.65,K,A*09 (pico_gnss pico-gnss-rs/src/main.rs:453)
305.530494 [INFO ] NMEA $GPZDA,121434.000,08,06,2026,,*5F (pico_gnss pico-gnss-rs/src/main.rs:453)
305.555248 [INFO ] NMEA $GPGST,121434.000,8.5,26,16,34.0,23,20,39*78 (pico_gnss pico-gnss-rs/src/main.rs:453)
305.712988 [INFO ] PPSGEN count=300 interval_ns=1000002512 dev_ns=2512 phase_ns=-1476516 hwphase_ns=528 (pico_gnss pico-gnss-rs/src/main.rs:296)
305.714277 [INFO ] PPS count=185 interval_us=1000002 interval_ns=1000002528 state=Locked missed=0 (pico_gnss pico-gnss-rs/src/main.rs:192)
305.885120 [INFO ] NMEA $GPGGA,121435.000,0000.0000,N,00000.0000,E,1,4,2.06,25.2,M,39.0,M,,*6B (pico_gnss pico-gnss-rs/src/main.rs:453)
305.943436 [INFO ] NMEA $GNGLL,0000.0000,N,00000.0000,E,121435.000,A,A*4F (pico_gnss pico-gnss-rs/src/main.rs:453)
306.001799 [INFO ] NMEA $GNGSA,A,3,32,12,15,29,,,,,,,,,2.28,2.06,0.98*1C (pico_gnss pico-gnss-rs/src/main.rs:453)
306.031284 [INFO ] NMEA $GNGSA,A,3,,,,,,,,,,,,,2.28,2.06,0.98*11 (pico_gnss pico-gnss-rs/src/main.rs:453)
306.106272 [INFO ] NMEA $GPGSV,4,1,13,12,63,079,17,25,62,181,18,10,57,259,,23,42,199,*79 (pico_gnss pico-gnss-rs/src/main.rs:453)
306.111857 [INFO ] TIME unix_ns=1780920875397537478 ppb=2520 holdover_ms=1397 locked=1 (pico_gnss pico-gnss-rs/src/main.rs:226)
306.164949 [INFO ] NMEA $GPGSV,4,2,13,32,39,315,18,24,30,063,,28,21,266,,15,14,126,18*7E (pico_gnss pico-gnss-rs/src/main.rs:453)
306.223375 [INFO ] NMEA $GPGSV,4,3,13,19,02,041,,29,01,160,16,193,,,,194,,,*7E (pico_gnss pico-gnss-rs/src/main.rs:453)
306.252638 [INFO ] NMEA $GPGSV,4,4,13,195,,,*46 (pico_gnss pico-gnss-rs/src/main.rs:453)
306.311084 [INFO ] NMEA $GLGSV,2,1,06,74,76,008,,72,72,000,,75,45,224,,71,44,128,*60 (pico_gnss pico-gnss-rs/src/main.rs:453)
306.373388 [INFO ] NMEA $GLGSV,2,2,06,73,26,034,,65,21,327,*62 (pico_gnss pico-gnss-rs/src/main.rs:453)
306.432079 [INFO ] NMEA $GNRMC,121435.000,A,0000.0000,N,00000.0000,E,3.12,45.43,080626,,,A*44 (pico_gnss pico-gnss-rs/src/main.rs:453)
306.434653 [INFO ] SYNC pps_local_us=230281279 unix_s=1780920875 drift_us=2 err_ns=8 holdover_ms=1000 (pico_gnss pico-gnss-rs/src/main.rs:484)
306.490324 [INFO ] NMEA $GPVTG,45.43,T,,M,3.12,N,5.77,K,A*0E (pico_gnss pico-gnss-rs/src/main.rs:453)
306.519701 [INFO ] NMEA $GPZDA,121435.000,08,06,2026,,*5E (pico_gnss pico-gnss-rs/src/main.rs:453)
306.549158 [INFO ] NMEA $GPGST,121435.000,8.5,25,16,33.4,23,19,39*73 (pico_gnss pico-gnss-rs/src/main.rs:453)
306.712977 [INFO ] PPSGEN count=301 interval_ns=1000002512 dev_ns=2512 phase_ns=-1498516 hwphase_ns=512 (pico_gnss pico-gnss-rs/src/main.rs:296)
306.714230 [INFO ] PPS count=186 interval_us=1000002 interval_ns=1000002512 state=Locked missed=0 (pico_gnss pico-gnss-rs/src/main.rs:192)
306.892078 [INFO ] NMEA $GPGGA,121436.000,0000.0000,N,00000.0000,E,1,4,2.06,24.9,M,39.0,M,,*69 (pico_gnss pico-gnss-rs/src/main.rs:453)
306.950415 [INFO ] NMEA $GNGLL,0000.0000,N,00000.0000,E,121436.000,A,A*47 (pico_gnss pico-gnss-rs/src/main.rs:453)
306.980048 [INFO ] NMEA $GNGSA,A,3,32,12,15,29,,,,,,,,,2.28,2.06,0.98*1C (pico_gnss pico-gnss-rs/src/main.rs:453)
307.038216 [INFO ] NMEA $GNGSA,A,3,,,,,,,,,,,,,2.28,2.06,0.98*11 (pico_gnss pico-gnss-rs/src/main.rs:453)
307.096809 [INFO ] NMEA $GPGSV,4,1,13,12,63,079,17,25,62,181,18,10,57,259,,23,42,199,*79 (pico_gnss pico-gnss-rs/src/main.rs:453)
307.113124 [INFO ] TIME unix_ns=1780920876398789475 ppb=2520 holdover_ms=1398 locked=1 (pico_gnss pico-gnss-rs/src/main.rs:226)
307.188349 [INFO ] NMEA $GPGSV,4,2,13,32,39,315,19,24,30,063,,28,21,266,,15,14,126,18*7F (pico_gnss pico-gnss-rs/src/main.rs:453)
307.246789 [INFO ] NMEA $GPGSV,4,3,13,19,02,041,,29,01,160,17,193,,,,194,,,*7F (pico_gnss pico-gnss-rs/src/main.rs:453)
307.248157 [INFO ] NMEA $GPGSV,4,4,13,195,,,*46 (pico_gnss pico-gnss-rs/src/main.rs:453)
307.334491 [INFO ] NMEA $GLGSV,2,1,06,74,76,008,,72,72,000,,75,45,224,,71,44,128,*60 (pico_gnss pico-gnss-rs/src/main.rs:453)
307.364002 [INFO ] NMEA $GLGSV,2,2,06,73,26,034,,65,21,327,*62 (pico_gnss pico-gnss-rs/src/main.rs:453)
307.426720 [INFO ] NMEA $GNRMC,121436.000,A,0000.0000,N,00000.0000,E,2.67,37.92,080626,,,A*46 (pico_gnss pico-gnss-rs/src/main.rs:453)
307.429272 [INFO ] SYNC pps_local_us=231281282 unix_s=1780920876 drift_us=2 err_ns=-8 holdover_ms=999 (pico_gnss pico-gnss-rs/src/main.rs:484)
307.484976 [INFO ] NMEA $GPVTG,37.92,T,,M,2.67,N,4.95,K,A*09 (pico_gnss pico-gnss-rs/src/main.rs:453)
307.514327 [INFO ] NMEA $GPZDA,121436.000,08,06,2026,,*5D (pico_gnss pico-gnss-rs/src/main.rs:453)
307.554926 [INFO ] NMEA $GPGST,121436.000,8.5,24,16,32.4,22,19,38*70 (pico_gnss pico-gnss-rs/src/main.rs:453)
307.712994 [INFO ] PPSGEN count=302 interval_ns=1000002512 dev_ns=2512 phase_ns=-1445516 hwphase_ns=512 (pico_gnss pico-gnss-rs/src/main.rs:296)
307.714272 [INFO ] PPS count=187 interval_us=1000002 interval_ns=1000002528 state=Locked missed=0 (pico_gnss pico-gnss-rs/src/main.rs:192)
307.887082 [INFO ] NMEA $GPGGA,121437.000,0000.0000,N,00000.0000,E,1,4,2.06,24.7,M,39.0,M,,*60 (pico_gnss pico-gnss-rs/src/main.rs:453)
307.941321 [INFO ] NMEA $GNGLL,0000.0000,N,00000.0000,E,121437.000,A,A*40 (pico_gnss pico-gnss-rs/src/main.rs:453)
307.999657 [INFO ] NMEA $GNGSA,A,3,32,12,15,29,,,,,,,,,2.28,2.06,0.98*1C (pico_gnss pico-gnss-rs/src/main.rs:453)
308.029149 [INFO ] NMEA $GNGSA,A,3,,,,,,,,,,,,,2.28,2.06,0.98*11 (pico_gnss pico-gnss-rs/src/main.rs:453)
308.114415 [INFO ] TIME unix_ns=1780920877400087472 ppb=2520 holdover_ms=1400 locked=1 (pico_gnss pico-gnss-rs/src/main.rs:226)
308.116796 [INFO ] NMEA $GPGSV,4,1,13,12,63,079,17,25,62,181,18,10,57,259,,23,42,199,*79 (pico_gnss pico-gnss-rs/src/main.rs:453)
308.179195 [INFO ] NMEA $GPGSV,4,2,13,32,39,315,19,24,30,063,,28,21,266,,15,14,126,18*7F (pico_gnss pico-gnss-rs/src/main.rs:453)
308.237698 [INFO ] NMEA $GPGSV,4,3,13,19,02,041,,29,01,160,17,193,,,,194,,,*7F (pico_gnss pico-gnss-rs/src/main.rs:453)
308.266904 [INFO ] NMEA $GPGSV,4,4,13,195,,,*46 (pico_gnss pico-gnss-rs/src/main.rs:453)
308.325427 [INFO ] NMEA $GLGSV,2,1,06,74,76,008,,72,72,000,,75,45,224,,71,44,128,*60 (pico_gnss pico-gnss-rs/src/main.rs:453)
308.354924 [INFO ] NMEA $GLGSV,2,2,06,73,26,034,,65,21,327,*62 (pico_gnss pico-gnss-rs/src/main.rs:453)
308.446378 [INFO ] NMEA $GNRMC,121437.000,A,0000.0000,N,00000.0000,E,1.63,48.54,080626,,,A*44 (pico_gnss pico-gnss-rs/src/main.rs:453)
308.448940 [INFO ] SYNC pps_local_us=232281284 unix_s=1780920877 drift_us=2 err_ns=8 holdover_ms=1000 (pico_gnss pico-gnss-rs/src/main.rs:484)
308.476152 [INFO ] NMEA $GPVTG,48.54,T,,M,1.63,N,3.01,K,A*06 (pico_gnss pico-gnss-rs/src/main.rs:453)
308.505293 [INFO ] NMEA $GPZDA,121437.000,08,06,2026,,*5C (pico_gnss pico-gnss-rs/src/main.rs:453)
308.554193 [INFO ] NMEA $GPGST,121437.000,8.5,24,16,32.2,22,18,39*77 (pico_gnss pico-gnss-rs/src/main.rs:453)
308.712950 [INFO ] PPSGEN count=303 interval_ns=1000002512 dev_ns=2512 phase_ns=-1461516 hwphase_ns=496 (pico_gnss pico-gnss-rs/src/main.rs:296)
308.714233 [INFO ] PPS count=188 interval_us=1000002 interval_ns=1000002512 state=Locked missed=0 (pico_gnss pico-gnss-rs/src/main.rs:192)
308.883963 [INFO ] NMEA $GPGGA,121438.000,0000.0000,N,00000.0000,E,1,4,2.06,24.6,M,39.0,M,,*66 (pico_gnss pico-gnss-rs/src/main.rs:453)
308.942246 [INFO ] NMEA $GNGLL,0000.0000,N,00000.0000,E,121438.000,A,A*47 (pico_gnss pico-gnss-rs/src/main.rs:453)
308.988301 [INFO ] NMEA $GNGSA,A,3,32,12,15,29,,,,,,,,,2.28,2.06,0.98*1C (pico_gnss pico-gnss-rs/src/main.rs:453)
309.046498 [INFO ] NMEA $GNGSA,A,3,,,,,,,,,,,,,2.28,2.06,0.98*11 (pico_gnss pico-gnss-rs/src/main.rs:453)
309.105142 [INFO ] NMEA $GPGSV,4,1,13,12,63,079,17,25,62,181,18,10,57,259,,23,42,199,*79 (pico_gnss pico-gnss-rs/src/main.rs:453)
309.115683 [INFO ] TIME unix_ns=1780920878401364469 ppb=2520 holdover_ms=1401 locked=1 (pico_gnss pico-gnss-rs/src/main.rs:226)
309.163776 [INFO ] NMEA $GPGSV,4,2,13,32,39,315,19,24,30,063,,28,21,266,,15,14,126,18*7F (pico_gnss pico-gnss-rs/src/main.rs:453)
309.226291 [INFO ] NMEA $GPGSV,4,3,13,19,02,041,,29,01,160,17,193,,,,194,,,*7F (pico_gnss pico-gnss-rs/src/main.rs:453)
309.255562 [INFO ] NMEA $GPGSV,4,4,13,195,,,*46 (pico_gnss pico-gnss-rs/src/main.rs:453)
309.314017 [INFO ] NMEA $GLGSV,2,1,06,74,76,008,,72,72,000,,75,45,224,,71,44,128,*60 (pico_gnss pico-gnss-rs/src/main.rs:453)
309.372256 [INFO ] NMEA $GLGSV,2,2,06,73,26,034,,65,21,327,*62 (pico_gnss pico-gnss-rs/src/main.rs:453)
309.430916 [INFO ] NMEA $GNRMC,121438.000,A,0000.0000,N,00000.0000,E,1.67,56.76,080626,,,A*48 (pico_gnss pico-gnss-rs/src/main.rs:453)
309.433479 [INFO ] SYNC pps_local_us=233281287 unix_s=1780920878 drift_us=2 err_ns=-8 holdover_ms=999 (pico_gnss pico-gnss-rs/src/main.rs:484)
309.489110 [INFO ] NMEA $GPVTG,56.76,T,,M,1.67,N,3.09,K,A*05 (pico_gnss pico-gnss-rs/src/main.rs:453)
309.522561 [INFO ] NMEA $GPZDA,121438.000,08,06,2026,,*53 (pico_gnss pico-gnss-rs/src/main.rs:453)
309.551280 [INFO ] NMEA $GPGST,121438.000,8.5,24,16,33.3,22,19,40*77 (pico_gnss pico-gnss-rs/src/main.rs:453)
309.712939 [INFO ] PPSGEN count=304 interval_ns=1000002512 dev_ns=2512 phase_ns=-1437516 hwphase_ns=496 (pico_gnss pico-gnss-rs/src/main.rs:296)
309.714219 [INFO ] PPS count=189 interval_us=1000002 interval_ns=1000002528 state=Locked missed=0 (pico_gnss pico-gnss-rs/src/main.rs:192)
309.888006 [INFO ] NMEA $GPGGA,121439.000,0000.0000,N,00000.0000,E,1,4,2.06,24.5,M,39.0,M,,*61 (pico_gnss pico-gnss-rs/src/main.rs:453)
309.946305 [INFO ] NMEA $GNGLL,0000.0000,N,00000.0000,E,121439.000,A,A*43 (pico_gnss pico-gnss-rs/src/main.rs:453)
310.004615 [INFO ] NMEA $GNGSA,A,3,32,12,15,29,,,,,,,,,2.28,2.06,0.98*1C (pico_gnss pico-gnss-rs/src/main.rs:453)
310.042328 [INFO ] NMEA $GNGSA,A,3,,,,,,,,,,,,,2.28,2.06,0.98*11 (pico_gnss pico-gnss-rs/src/main.rs:453)
310.100925 [INFO ] NMEA $GPGSV,4,1,13,12,63,079,17,25,62,181,18,10,57,259,,23,42,199,*79 (pico_gnss pico-gnss-rs/src/main.rs:453)
310.116944 [INFO ] TIME unix_ns=1780920879402656465 ppb=2520 holdover_ms=1402 locked=1 (pico_gnss pico-gnss-rs/src/main.rs:226)
310.188376 [INFO ] NMEA $GPGSV,4,2,13,32,39,315,19,24,30,063,,28,21,266,,15,14,126,18*7F (pico_gnss pico-gnss-rs/src/main.rs:453)
310.246800 [INFO ] NMEA $GPGSV,4,3,13,19,02,041,,29,01,160,17,193,,,,194,,,*7F (pico_gnss pico-gnss-rs/src/main.rs:453)
310.248178 [INFO ] NMEA $GPGSV,4,4,13,195,,,*46 (pico_gnss pico-gnss-rs/src/main.rs:453)
310.338602 [INFO ] NMEA $GLGSV,2,1,06,74,76,008,,72,72,000,,75,45,224,,71,44,128,*60 (pico_gnss pico-gnss-rs/src/main.rs:453)
310.368108 [INFO ] NMEA $GLGSV,2,2,06,73,26,034,,65,21,327,*62 (pico_gnss pico-gnss-rs/src/main.rs:453)
310.426755 [INFO ] NMEA $GNRMC,121439.000,A,0000.0000,N,00000.0000,E,1.42,77.33,080626,,,A*49 (pico_gnss pico-gnss-rs/src/main.rs:453)
310.429301 [INFO ] SYNC pps_local_us=234281289 unix_s=1780920879 drift_us=2 err_ns=8 holdover_ms=999 (pico_gnss pico-gnss-rs/src/main.rs:484)
310.484973 [INFO ] NMEA $GPVTG,77.33,T,,M,1.42,N,2.63,K,A*0D (pico_gnss pico-gnss-rs/src/main.rs:453)
310.514343 [INFO ] NMEA $GPZDA,121439.000,08,06,2026,,*52 (pico_gnss pico-gnss-rs/src/main.rs:453)
310.554837 [INFO ] NMEA $GPGST,121439.000,8.5,25,16,34.2,22,19,41*70 (pico_gnss pico-gnss-rs/src/main.rs:453)
310.712987 [INFO ] PPSGEN count=305 interval_ns=1000002544 dev_ns=2544 phase_ns=-1420516 hwphase_ns=512 (pico_gnss pico-gnss-rs/src/main.rs:296)
310.714266 [INFO ] PPS count=190 interval_us=1000002 interval_ns=1000002512 state=Locked missed=0 (pico_gnss pico-gnss-rs/src/main.rs:192)
310.890144 [INFO ] NMEA $GPGGA,121440.000,0000.0000,N,00000.0000,E,1,4,2.06,24.4,M,39.0,M,,*64 (pico_gnss pico-gnss-rs/src/main.rs:453)
310.948452 [INFO ] NMEA $GNGLL,0000.0000,N,00000.0000,E,121440.000,A,A*47 (pico_gnss pico-gnss-rs/src/main.rs:453)
311.006818 [INFO ] NMEA $GNGSA,A,3,32,12,15,29,,,,,,,,,2.28,2.06,0.98*1C (pico_gnss pico-gnss-rs/src/main.rs:453)
311.036297 [INFO ] NMEA $GNGSA,A,3,,,,,,,,,,,,,2.28,2.06,0.98*11 (pico_gnss pico-gnss-rs/src/main.rs:453)
311.094872 [INFO ] NMEA $GPGSV,4,1,13,12,63,079,17,25,62,181,18,10,57,259,,23,42,199,*79 (pico_gnss pico-gnss-rs/src/main.rs:453)
311.118189 [INFO ] TIME unix_ns=1780920880403933462 ppb=2520 holdover_ms=1403 locked=1 (pico_gnss pico-gnss-rs/src/main.rs:226)
311.182257 [INFO ] NMEA $GPGSV,4,2,13,32,39,315,19,24,30,063,,28,21,266,,15,14,126,18*7F (pico_gnss pico-gnss-rs/src/main.rs:453)
311.240750 [INFO ] NMEA $GPGSV,4,3,13,19,02,041,,29,01,160,17,193,,,,194,,,*7F (pico_gnss pico-gnss-rs/src/main.rs:453)
311.269965 [INFO ] NMEA $GPGSV,4,4,13,195,,,*46 (pico_gnss pico-gnss-rs/src/main.rs:453)
311.332534 [INFO ] NMEA $GLGSV,2,1,06,74,76,008,,72,72,000,,75,45,224,,71,44,128,*60 (pico_gnss pico-gnss-rs/src/main.rs:453)
311.362060 [INFO ] NMEA $GLGSV,2,2,06,73,26,034,,65,21,327,*62 (pico_gnss pico-gnss-rs/src/main.rs:453)
311.449429 [INFO ] NMEA $GNRMC,121440.000,A,0000.0000,N,00000.0000,E,2.20,65.19,080626,,,A*41 (pico_gnss pico-gnss-rs/src/main.rs:453)
311.452014 [INFO ] SYNC pps_local_us=235281292 unix_s=1780920880 drift_us=2 err_ns=-8 holdover_ms=1000 (pico_gnss pico-gnss-rs/src/main.rs:484)
311.479161 [INFO ] NMEA $GPVTG,65.19,T,,M,2.20,N,4.08,K,A*0A (pico_gnss pico-gnss-rs/src/main.rs:453)
311.508320 [INFO ] NMEA $GPZDA,121440.000,08,06,2026,,*5C (pico_gnss pico-gnss-rs/src/main.rs:453)
311.557230 [INFO ] NMEA $GPGST,121440.000,8.4,26,16,35.2,23,20,42*75 (pico_gnss pico-gnss-rs/src/main.rs:453)
311.712978 [INFO ] PPSGEN count=306 interval_ns=1000002544 dev_ns=2544 phase_ns=-1484516 hwphase_ns=544 (pico_gnss pico-gnss-rs/src/main.rs:296)
311.714255 [INFO ] PPS count=191 interval_us=1000002 interval_ns=1000002528 state=Locked missed=0 (pico_gnss pico-gnss-rs/src/main.rs:192)
311.873811 [INFO ] NMEA $GPGGA,121441.000,0000.0000,N,00000.0000,E,1,4,2.06,24.2,M,39.0,M,,*66 (pico_gnss pico-gnss-rs/src/main.rs:453)
311.932139 [INFO ] NMEA $GNGLL,0000.0000,N,00000.0000,E,121441.000,A,A*43 (pico_gnss pico-gnss-rs/src/main.rs:453)
311.990483 [INFO ] NMEA $GNGSA,A,3,32,12,15,29,,,,,,,,,2.28,2.06,0.98*1C (pico_gnss pico-gnss-rs/src/main.rs:453)
312.048676 [INFO ] NMEA $GNGSA,A,3,,,,,,,,,,,,,2.28,2.06,0.98*11 (pico_gnss pico-gnss-rs/src/main.rs:453)
312.111494 [INFO ] NMEA $GPGSV,4,1,13,12,63,079,17,25,62,181,18,10,57,259,,23,42,199,*79 (pico_gnss pico-gnss-rs/src/main.rs:453)
312.119432 [INFO ] TIME unix_ns=1780920881405116459 ppb=2520 holdover_ms=1405 locked=1 (pico_gnss pico-gnss-rs/src/main.rs:226)
312.170194 [INFO ] NMEA $GPGSV,4,2,13,32,39,315,19,24,30,063,,28,21,266,,15,14,126,18*7F (pico_gnss pico-gnss-rs/src/main.rs:453)
312.228582 [INFO ] NMEA $GPGSV,4,3,13,19,02,041,,29,01,160,17,193,,,,194,,,*7F (pico_gnss pico-gnss-rs/src/main.rs:453)
312.257832 [INFO ] NMEA $GPGSV,4,4,13,195,,,*46 (pico_gnss pico-gnss-rs/src/main.rs:453)
312.316282 [INFO ] NMEA $GLGSV,2,1,06,74,76,008,,72,72,000,,75,45,224,,71,44,128,*60 (pico_gnss pico-gnss-rs/src/main.rs:453)
312.378568 [INFO ] NMEA $GLGSV,2,2,06,73,26,034,,65,21,327,*62 (pico_gnss pico-gnss-rs/src/main.rs:453)
312.437320 [INFO ] NMEA $GNRMC,121441.000,A,0000.0000,N,00000.0000,E,2.19,43.43,080626,,,A*44 (pico_gnss pico-gnss-rs/src/main.rs:453)
312.439877 [INFO ] SYNC pps_local_us=236281294 unix_s=1780920881 drift_us=2 err_ns=8 holdover_ms=999 (pico_gnss pico-gnss-rs/src/main.rs:484)
312.467003 [INFO ] NMEA $GPVTG,43.43,T,,M,2.19,N,4.05,K,A*06 (pico_gnss pico-gnss-rs/src/main.rs:453)
312.524832 [INFO ] NMEA $GPZDA,121441.000,08,06,2026,,*5D (pico_gnss pico-gnss-rs/src/main.rs:453)
312.553519 [INFO ] NMEA $GPGST,121441.000,8.4,24,16,33.3,22,19,38*77 (pico_gnss pico-gnss-rs/src/main.rs:453)
312.713015 [INFO ] PPSGEN count=307 interval_ns=1000002512 dev_ns=2512 phase_ns=-1451516 hwphase_ns=528 (pico_gnss pico-gnss-rs/src/main.rs:296)
312.714287 [INFO ] PPS count=192 interval_us=1000002 interval_ns=1000002528 state=Locked missed=0 (pico_gnss pico-gnss-rs/src/main.rs:192)
312.896227 [INFO ] NMEA $GPGGA,121442.000,0000.0000,N,00000.0000,E,1,4,2.06,24.1,M,39.0,M,,*60 (pico_gnss pico-gnss-rs/src/main.rs:453)
312.954574 [INFO ] NMEA $GNGLL,0000.0000,N,00000.0000,E,121442.000,A,A*46 (pico_gnss pico-gnss-rs/src/main.rs:453)
312.984178 [INFO ] NMEA $GNGSA,A,3,32,12,15,29,,,,,,,,,2.28,2.06,0.98*1C (pico_gnss pico-gnss-rs/src/main.rs:453)
313.042361 [INFO ] NMEA $GNGSA,A,3,,,,,,,,,,,,,2.28,2.06,0.98*11 (pico_gnss pico-gnss-rs/src/main.rs:453)
313.100952 [INFO ] NMEA $GPGSV,4,1,13,12,63,079,17,25,62,181,18,10,57,259,,23,42,199,*79 (pico_gnss pico-gnss-rs/src/main.rs:453)
313.120691 [INFO ] TIME unix_ns=1780920882406371456 ppb=2521 holdover_ms=1406 locked=1 (pico_gnss pico-gnss-rs/src/main.rs:226)
313.163715 [INFO ] NMEA $GPGSV,4,2,13,32,39,315,19,24,30,063,,28,21,266,,15,14,126,18*7F (pico_gnss pico-gnss-rs/src/main.rs:453)
313.222175 [INFO ] NMEA $GPGSV,4,3,13,19,02,041,,29,01,160,17,193,,,,194,,,*7F (pico_gnss pico-gnss-rs/src/main.rs:453)
313.251396 [INFO ] NMEA $GPGSV,4,4,13,195,,,*46 (pico_gnss pico-gnss-rs/src/main.rs:453)
313.338641 [INFO ] NMEA $GLGSV,2,1,06,74,76,008,,72,72,000,,75,45,224,,71,44,128,*60 (pico_gnss pico-gnss-rs/src/main.rs:453)
313.368130 [INFO ] NMEA $GLGSV,2,2,06,73,26,034,,65,21,327,*62 (pico_gnss pico-gnss-rs/src/main.rs:453)
313.430852 [INFO ] NMEA $GNRMC,121442.000,A,0000.0000,N,00000.0000,E,1.94,56.09,080626,,,A*4D (pico_gnss pico-gnss-rs/src/main.rs:453)
313.433429 [INFO ] SYNC pps_local_us=237281297 unix_s=1780920882 drift_us=2 err_ns=8 holdover_ms=1000 (pico_gnss pico-gnss-rs/src/main.rs:484)
313.489129 [INFO ] NMEA $GPVTG,56.09,T,,M,1.94,N,3.59,K,A*04 (pico_gnss pico-gnss-rs/src/main.rs:453)
313.518478 [INFO ] NMEA $GPZDA,121442.000,08,06,2026,,*5E (pico_gnss pico-gnss-rs/src/main.rs:453)
313.554892 [INFO ] NMEA $GPGST,121442.000,8.3,24,16,32.3,22,18,38*73 (pico_gnss pico-gnss-rs/src/main.rs:453)
313.713008 [INFO ] PPSGEN count=308 interval_ns=1000002512 dev_ns=2512 phase_ns=-1498516 hwphase_ns=512 (pico_gnss pico-gnss-rs/src/main.rs:296)
313.714266 [INFO ] PPS count=193 interval_us=1000002 interval_ns=1000002528 state=Locked missed=0 (pico_gnss pico-gnss-rs/src/main.rs:192)
313.888050 [INFO ] NMEA $GPGGA,121443.000,0000.0000,N,00000.0000,E,1,4,2.06,24.0,M,39.0,M,,*62 (pico_gnss pico-gnss-rs/src/main.rs:453)
313.946372 [INFO ] NMEA $GNGLL,0000.0000,N,00000.0000,E,121443.000,A,A*45 (pico_gnss pico-gnss-rs/src/main.rs:453)
314.004742 [INFO ] NMEA $GNGSA,A,3,32,12,15,29,,,,,,,,,2.28,2.06,0.98*1C (pico_gnss pico-gnss-rs/src/main.rs:453)
314.034218 [INFO ] NMEA $GNGSA,A,3,,,,,,,,,,,,,2.28,2.06,0.98*11 (pico_gnss pico-gnss-rs/src/main.rs:453)
314.092788 [INFO ] NMEA $GPGSV,4,1,13,12,63,079,17,25,62,181,19,10,57,259,,23,42,199,*78 (pico_gnss pico-gnss-rs/src/main.rs:453)
314.122050 [INFO ] TIME unix_ns=1780920883407680452 ppb=2521 holdover_ms=1407 locked=1 (pico_gnss pico-gnss-rs/src/main.rs:226)
314.180210 [INFO ] NMEA $GPGSV,4,2,13,32,39,315,19,24,30,063,,28,21,266,,15,14,126,18*7F (pico_gnss pico-gnss-rs/src/main.rs:453)
314.242748 [INFO ] NMEA $GPGSV,4,3,13,19,02,041,,29,01,160,17,193,,,,194,,,*7F (pico_gnss pico-gnss-rs/src/main.rs:453)
314.272016 [INFO ] NMEA $GPGSV,4,4,13,195,,,*46 (pico_gnss pico-gnss-rs/src/main.rs:453)
314.330472 [INFO ] NMEA $GLGSV,2,1,06,74,76,008,,72,72,000,,75,45,224,,71,44,128,*60 (pico_gnss pico-gnss-rs/src/main.rs:453)
314.359965 [INFO ] NMEA $GLGSV,2,2,06,73,26,034,,65,21,327,*62 (pico_gnss pico-gnss-rs/src/main.rs:453)
314.447342 [INFO ] NMEA $GNRMC,121443.000,A,0000.0000,N,00000.0000,E,1.30,33.46,080626,,,A*48 (pico_gnss pico-gnss-rs/src/main.rs:453)
314.449907 [INFO ] SYNC pps_local_us=238281299 unix_s=1780920883 drift_us=2 err_ns=8 holdover_ms=999 (pico_gnss pico-gnss-rs/src/main.rs:484)
314.480949 [INFO ] NMEA $GPVTG,33.46,T,,M,1.30,N,2.41,K,A*0A (pico_gnss pico-gnss-rs/src/main.rs:453)
314.510298 [INFO ] NMEA $GPZDA,121443.000,08,06,2026,,*5F (pico_gnss pico-gnss-rs/src/main.rs:453)
314.555063 [INFO ] NMEA $GPGST,121443.000,8.2,24,16,33.2,22,19,39*73 (pico_gnss pico-gnss-rs/src/main.rs:453)
314.712950 [INFO ] PPSGEN count=309 interval_ns=1000002512 dev_ns=2512 phase_ns=-1469517 hwphase_ns=496 (pico_gnss pico-gnss-rs/src/main.rs:296)
314.714215 [INFO ] PPS count=194 interval_us=1000002 interval_ns=1000002528 state=Locked missed=0 (pico_gnss pico-gnss-rs/src/main.rs:192)
314.886050 [INFO ] NMEA $GPGGA,121444.000,0000.0000,N,00000.0000,E,1,4,2.06,23.9,M,39.0,M,,*6E (pico_gnss pico-gnss-rs/src/main.rs:453)
314.944363 [INFO ] NMEA $GNGLL,0000.0000,N,00000.0000,E,121444.000,A,A*47 (pico_gnss pico-gnss-rs/src/main.rs:453)
314.994491 [INFO ] NMEA $GNGSA,A,3,32,12,15,29,,,,,,,,,2.28,2.06,0.98*1C (pico_gnss pico-gnss-rs/src/main.rs:453)
315.024023 [INFO ] NMEA $GNGSA,A,3,,,,,,,,,,,,,2.28,2.06,0.98*11 (pico_gnss pico-gnss-rs/src/main.rs:453)
315.111330 [INFO ] NMEA $GPGSV,4,1,13,12,63,079,17,25,62,181,19,10,57,259,,23,42,199,*78 (pico_gnss pico-gnss-rs/src/main.rs:453)
315.123329 [INFO ] TIME unix_ns=1780920884408986448 ppb=2521 holdover_ms=1408 locked=1 (pico_gnss pico-gnss-rs/src/main.rs:226)
315.170087 [INFO ] NMEA $GPGSV,4,2,13,32,39,315,19,24,30,063,,28,21,266,,15,14,126,18*7F (pico_gnss pico-gnss-rs/src/main.rs:453)
315.228470 [INFO ] NMEA $GPGSV,4,3,13,19,02,041,,29,01,160,17,193,,,,194,,,*7F (pico_gnss pico-gnss-rs/src/main.rs:453)
315.261778 [INFO ] NMEA $GPGSV,4,4,13,195,,,*46 (pico_gnss pico-gnss-rs/src/main.rs:453)
315.320328 [INFO ] NMEA $GLGSV,2,1,06,74,76,008,,72,72,000,,75,45,224,,71,44,128,*60 (pico_gnss pico-gnss-rs/src/main.rs:453)
315.378478 [INFO ] NMEA $GLGSV,2,2,06,73,26,034,,65,21,327,*62 (pico_gnss pico-gnss-rs/src/main.rs:453)
315.437238 [INFO ] NMEA $GNRMC,121444.000,A,0000.0000,N,00000.0000,E,0.79,352.77,080626,,,A*70 (pico_gnss pico-gnss-rs/src/main.rs:453)
315.439807 [INFO ] SYNC pps_local_us=239281302 unix_s=1780920884 drift_us=2 err_ns=7 holdover_ms=999 (pico_gnss pico-gnss-rs/src/main.rs:484)
315.466938 [INFO ] NMEA $GPVTG,352.77,T,,M,0.79,N,1.47,K,A*35 (pico_gnss pico-gnss-rs/src/main.rs:453)
315.528852 [INFO ] NMEA $GPZDA,121444.000,08,06,2026,,*58 (pico_gnss pico-gnss-rs/src/main.rs:453)
315.555507 [INFO ] NMEA $GPGST,121444.000,8.3,25,16,33.8,22,19,39*7E (pico_gnss pico-gnss-rs/src/main.rs:453)
315.712947 [INFO ] PPSGEN count=310 interval_ns=1000002512 dev_ns=2512 phase_ns=-1431517 hwphase_ns=480 (pico_gnss pico-gnss-rs/src/main.rs:296)
315.714218 [INFO ] PPS count=195 interval_us=1000002 interval_ns=1000002512 state=Locked missed=0 (pico_gnss pico-gnss-rs/src/main.rs:192)
315.885071 [INFO ] NMEA $GPGGA,121445.000,0000.0000,N,00000.0000,E,1,4,2.06,23.8,M,39.0,M,,*6D (pico_gnss pico-gnss-rs/src/main.rs:453)
315.943379 [INFO ] NMEA $GNGLL,0000.0000,N,00000.0000,E,121445.000,A,A*45 (pico_gnss pico-gnss-rs/src/main.rs:453)
316.001765 [INFO ] NMEA $GNGSA,A,3,32,12,15,29,,,,,,,,,2.28,2.06,0.98*1C (pico_gnss pico-gnss-rs/src/main.rs:453)
316.041469 [INFO ] NMEA $GNGSA,A,3,,,,,,,,,,,,,2.28,2.06,0.98*11 (pico_gnss pico-gnss-rs/src/main.rs:453)
316.100078 [INFO ] NMEA $GPGSV,4,1,13,12,63,079,17,25,62,181,19,10,57,259,,23,42,199,*78 (pico_gnss pico-gnss-rs/src/main.rs:453)
316.124591 [INFO ] TIME unix_ns=1780920885410311445 ppb=2521 holdover_ms=1410 locked=1 (pico_gnss pico-gnss-rs/src/main.rs:226)
316.158756 [INFO ] NMEA $GPGSV,4,2,13,32,39,315,19,24,30,063,,28,21,266,,15,14,126,18*7F (pico_gnss pico-gnss-rs/src/main.rs:453)
316.217165 [INFO ] NMEA $GPGSV,4,3,13,19,02,041,,29,01,160,17,193,,,,194,,,*7F (pico_gnss pico-gnss-rs/src/main.rs:453)
316.246386 [INFO ] NMEA $GPGSV,4,4,13,195,,,*46 (pico_gnss pico-gnss-rs/src/main.rs:453)
316.308951 [INFO ] NMEA $GLGSV,2,1,06,74,76,008,,72,72,000,,75,45,224,,71,44,128,*60 (pico_gnss pico-gnss-rs/src/main.rs:453)
316.367189 [INFO ] NMEA $GLGSV,2,2,06,73,26,034,,65,21,327,*62 (pico_gnss pico-gnss-rs/src/main.rs:453)
316.425863 [INFO ] NMEA $GNRMC,121445.000,A,0000.0000,N,00000.0000,E,0.49,352.77,080626,,,A*71 (pico_gnss pico-gnss-rs/src/main.rs:453)
316.428440 [INFO ] SYNC pps_local_us=240281304 unix_s=1780920885 drift_us=2 err_ns=-8 holdover_ms=999 (pico_gnss pico-gnss-rs/src/main.rs:484)
316.484171 [INFO ] NMEA $GPVTG,352.77,T,,M,0.49,N,0.91,K,A*3C (pico_gnss pico-gnss-rs/src/main.rs:453)
316.513480 [INFO ] NMEA $GPZDA,121445.000,08,06,2026,,*59 (pico_gnss pico-gnss-rs/src/main.rs:453)
316.554318 [INFO ] NMEA $GPGST,121445.000,8.2,26,14,35.8,23,19,38*79 (pico_gnss pico-gnss-rs/src/main.rs:453)
316.713019 [INFO ] PPSGEN count=311 interval_ns=1000002544 dev_ns=2544 phase_ns=-1394517 hwphase_ns=512 (pico_gnss pico-gnss-rs/src/main.rs:296)
316.714283 [INFO ] PPS count=196 interval_us=1000002 interval_ns=1000002528 state=Locked missed=0 (pico_gnss pico-gnss-rs/src/main.rs:192)
316.886194 [INFO ] NMEA $GPGGA,121446.000,0000.0000,N,00000.0000,E,1,4,2.06,23.7,M,39.0,M,,*60 (pico_gnss pico-gnss-rs/src/main.rs:453)
316.944528 [INFO ] NMEA $GNGLL,0000.0000,N,00000.0000,E,121446.000,A,A*47 (pico_gnss pico-gnss-rs/src/main.rs:453)
317.002870 [INFO ] NMEA $GNGSA,A,3,32,12,15,29,,,,,,,,,2.28,2.06,0.98*1C (pico_gnss pico-gnss-rs/src/main.rs:453)
317.032356 [INFO ] NMEA $GNGSA,A,3,,,,,,,,,,,,,2.28,2.06,0.98*11 (pico_gnss pico-gnss-rs/src/main.rs:453)
317.090962 [INFO ] NMEA $GPGSV,4,1,13,12,63,079,17,25,62,181,19,10,57,259,,23,42,199,*78 (pico_gnss pico-gnss-rs/src/main.rs:453)
317.125890 [INFO ] TIME unix_ns=1780920886411588442 ppb=2521 holdover_ms=1411 locked=1 (pico_gnss pico-gnss-rs/src/main.rs:226)
317.178427 [INFO ] NMEA $GPGSV,4,2,13,32,39,315,19,24,30,063,,28,21,266,,15,14,126,18*7F (pico_gnss pico-gnss-rs/src/main.rs:453)
317.236834 [INFO ] NMEA $GPGSV,4,3,13,19,02,041,,29,01,160,17,193,,,,194,,,*7F (pico_gnss pico-gnss-rs/src/main.rs:453)
317.266054 [INFO ] NMEA $GPGSV,4,4,13,195,,,*46 (pico_gnss pico-gnss-rs/src/main.rs:453)
317.324541 [INFO ] NMEA $GLGSV,2,1,06,74,76,008,,72,72,000,,75,45,224,,71,44,128,*60 (pico_gnss pico-gnss-rs/src/main.rs:453)
317.358068 [INFO ] NMEA $GLGSV,2,2,06,73,26,034,,65,21,327,*62 (pico_gnss pico-gnss-rs/src/main.rs:453)
317.445529 [INFO ] NMEA $GNRMC,121446.000,A,0000.0000,N,00000.0000,E,0.77,121.59,080626,,,A*74 (pico_gnss pico-gnss-rs/src/main.rs:453)
317.448094 [INFO ] SYNC pps_local_us=241281307 unix_s=1780920886 drift_us=2 err_ns=8 holdover_ms=1000 (pico_gnss pico-gnss-rs/src/main.rs:484)
317.475304 [INFO ] NMEA $GPVTG,121.59,T,,M,0.77,N,1.43,K,A*35 (pico_gnss pico-gnss-rs/src/main.rs:453)
317.504434 [INFO ] NMEA $GPZDA,121446.000,08,06,2026,,*5A (pico_gnss pico-gnss-rs/src/main.rs:453)
317.555469 [INFO ] NMEA $GPGST,121446.000,8.2,27,14,36.3,23,20,40*76 (pico_gnss pico-gnss-rs/src/main.rs:453)
317.713003 [INFO ] PPSGEN count=312 interval_ns=1000002544 dev_ns=2544 phase_ns=-1466517 hwphase_ns=528 (pico_gnss pico-gnss-rs/src/main.rs:296)
317.714284 [INFO ] PPS count=197 interval_us=1000002 interval_ns=1000002528 state=Locked missed=0 (pico_gnss pico-gnss-rs/src/main.rs:192)
317.903351 [INFO ] NMEA $GPGGA,121447.000,0000.0000,N,00000.0000,E,1,4,2.06,23.7,M,39.0,M,,*60 (pico_gnss pico-gnss-rs/src/main.rs:453)
317.932994 [INFO ] NMEA $GNGLL,0000.0000,N,00000.0000,E,121447.000,A,A*47 (pico_gnss pico-gnss-rs/src/main.rs:453)
317.991263 [INFO ] NMEA $GNGSA,A,3,32,12,15,29,,,,,,,,,2.28,2.06,0.98*1C (pico_gnss pico-gnss-rs/src/main.rs:453)
318.049476 [INFO ] NMEA $GNGSA,A,3,,,,,,,,,,,,,2.28,2.06,0.98*11 (pico_gnss pico-gnss-rs/src/main.rs:453)
318.108094 [INFO ] NMEA $GPGSV,4,1,13,12,63,079,17,25,62,181,19,10,57,259,,23,42,199,*78 (pico_gnss pico-gnss-rs/src/main.rs:453)
318.127147 [INFO ] TIME unix_ns=1780920887412811439 ppb=2521 holdover_ms=1412 locked=1 (pico_gnss pico-gnss-rs/src/main.rs:226)
318.170851 [INFO ] NMEA $GPGSV,4,2,13,32,39,315,19,24,30,063,,28,21,266,,15,14,126,18*7F (pico_gnss pico-gnss-rs/src/main.rs:453)
318.229301 [INFO ] NMEA $GPGSV,4,3,13,19,02,041,,29,01,160,17,193,,,,194,,,*7F (pico_gnss pico-gnss-rs/src/main.rs:453)
318.258539 [INFO ] NMEA $GPGSV,4,4,13,195,,,*46 (pico_gnss pico-gnss-rs/src/main.rs:453)
318.317003 [INFO ] NMEA $GLGSV,2,1,06,74,76,008,,72,72,000,,75,45,224,,71,44,128,*60 (pico_gnss pico-gnss-rs/src/main.rs:453)
318.375248 [INFO ] NMEA $GLGSV,2,2,06,73,26,034,,65,21,327,*62 (pico_gnss pico-gnss-rs/src/main.rs:453)
318.438059 [INFO ] NMEA $GNRMC,121447.000,A,0000.0000,N,00000.0000,E,0.85,224.25,080626,,,A*74 (pico_gnss pico-gnss-rs/src/main.rs:453)
318.440632 [INFO ] SYNC pps_local_us=242281310 unix_s=1780920887 drift_us=2 err_ns=7 holdover_ms=1000 (pico_gnss pico-gnss-rs/src/main.rs:484)
318.496330 [INFO ] NMEA $GPVTG,224.25,T,,M,0.85,N,1.57,K,A*30 (pico_gnss pico-gnss-rs/src/main.rs:453)
318.525690 [INFO ] NMEA $GPZDA,121447.000,08,06,2026,,*5B (pico_gnss pico-gnss-rs/src/main.rs:453)
318.555191 [INFO ] NMEA $GPGST,121447.000,8.1,28,14,36.8,24,20,41*76 (pico_gnss pico-gnss-rs/src/main.rs:453)
318.713022 [INFO ] PPSGEN count=313 interval_ns=1000002512 dev_ns=2512 phase_ns=-1450517 hwphase_ns=512 (pico_gnss pico-gnss-rs/src/main.rs:296)
318.714294 [INFO ] PPS count=198 interval_us=1000002 interval_ns=1000002528 state=Locked missed=0 (pico_gnss pico-gnss-rs/src/main.rs:192)
318.887079 [INFO ] NMEA $GPGGA,121448.000,0000.0000,N,00000.0000,E,1,4,2.06,23.6,M,39.0,M,,*68 (pico_gnss pico-gnss-rs/src/main.rs:453)
318.949473 [INFO ] NMEA $GNGLL,0000.0000,N,00000.0000,E,121448.000,A,A*4E (pico_gnss pico-gnss-rs/src/main.rs:453)
318.979156 [INFO ] NMEA $GNGSA,A,3,32,12,15,29,,,,,,,,,2.28,2.06,0.98*1C (pico_gnss pico-gnss-rs/src/main.rs:453)
319.037315 [INFO ] NMEA $GNGSA,A,3,,,,,,,,,,,,,2.28,2.06,0.98*11 (pico_gnss pico-gnss-rs/src/main.rs:453)
319.095918 [INFO ] NMEA $GPGSV,4,1,13,12,63,079,17,25,62,181,19,10,57,259,,23,42,199,*78 (pico_gnss pico-gnss-rs/src/main.rs:453)
319.128420 [INFO ] TIME unix_ns=1780920888414064435 ppb=2521 holdover_ms=1414 locked=1 (pico_gnss pico-gnss-rs/src/main.rs:226)
319.187449 [INFO ] NMEA $GPGSV,4,2,13,32,39,315,19,24,30,063,,28,21,266,,15,14,126,18*7F (pico_gnss pico-gnss-rs/src/main.rs:453)
319.245873 [INFO ] NMEA $GPGSV,4,3,13,19,02,041,,29,01,160,17,193,,,,194,,,*7F (pico_gnss pico-gnss-rs/src/main.rs:453)
319.247251 [INFO ] NMEA $GPGSV,4,4,13,195,,,*46 (pico_gnss pico-gnss-rs/src/main.rs:453)
319.333565 [INFO ] NMEA $GLGSV,2,1,06,74,76,008,,72,72,000,,75,45,224,,71,44,128,*60 (pico_gnss pico-gnss-rs/src/main.rs:453)
319.363076 [INFO ] NMEA $GLGSV,2,2,06,73,26,034,,65,21,327,*62 (pico_gnss pico-gnss-rs/src/main.rs:453)
319.454601 [INFO ] NMEA $GNRMC,121448.000,A,0000.0000,N,00000.0000,E,0.76,262.25,080626,,,A*73 (pico_gnss pico-gnss-rs/src/main.rs:453)
319.457177 [INFO ] SYNC pps_local_us=243281312 unix_s=1780920888 drift_us=2 err_ns=7 holdover_ms=1000 (pico_gnss pico-gnss-rs/src/main.rs:484)
319.484333 [INFO ] NMEA $GPVTG,262.25,T,,M,0.76,N,1.40,K,A*38 (pico_gnss pico-gnss-rs/src/main.rs:453)
319.513509 [INFO ] NMEA $GPZDA,121448.000,08,06,2026,,*54 (pico_gnss pico-gnss-rs/src/main.rs:453)
319.556163 [INFO ] NMEA $GPGST,121448.000,8.1,28,14,37.2,24,20,42*71 (pico_gnss pico-gnss-rs/src/main.rs:453)
319.712986 [INFO ] PPSGEN count=314 interval_ns=1000002512 dev_ns=2512 phase_ns=-1478517 hwphase_ns=496 (pico_gnss pico-gnss-rs/src/main.rs:296)
319.714248 [INFO ] PPS count=199 interval_us=1000002 interval_ns=1000002528 state=Locked missed=0 (pico_gnss pico-gnss-rs/src/main.rs:192)
319.886205 [INFO ] NMEA $GPGGA,121449.000,0000.0000,N,00000.0000,E,1,4,2.06,23.5,M,39.0,M,,*6A (pico_gnss pico-gnss-rs/src/main.rs:453)
319.944473 [INFO ] NMEA $GNGLL,0000.0000,N,00000.0000,E,121449.000,A,A*4F (pico_gnss pico-gnss-rs/src/main.rs:453)
319.996664 [INFO ] NMEA $GNGSA,A,3,32,12,15,29,,,,,,,,,2.28,2.06,0.98*1C (pico_gnss pico-gnss-rs/src/main.rs:453)
320.026177 [INFO ] NMEA $GNGSA,A,3,,,,,,,,,,,,,2.28,2.06,0.98*11 (pico_gnss pico-gnss-rs/src/main.rs:453)
320.113561 [INFO ] NMEA $GPGSV,4,1,13,12,63,079,18,25,62,181,19,10,57,259,,23,42,199,*77 (pico_gnss pico-gnss-rs/src/main.rs:453)
320.129688 [INFO ] TIME unix_ns=1780920889415327432 ppb=2522 holdover_ms=1415 locked=1 (pico_gnss pico-gnss-rs/src/main.rs:226)
320.172269 [INFO ] NMEA $GPGSV,4,2,13,32,39,315,19,24,30,063,,28,21,266,,15,14,126,18*7F (pico_gnss pico-gnss-rs/src/main.rs:453)
320.234771 [INFO ] NMEA $GPGSV,4,3,13,19,02,041,,29,01,160,17,193,,,,194,,,*7F (pico_gnss pico-gnss-rs/src/main.rs:453)
320.264001 [INFO ] NMEA $GPGSV,4,4,13,195,,,*46 (pico_gnss pico-gnss-rs/src/main.rs:453)
320.322510 [INFO ] NMEA $GLGSV,2,1,06,74,76,008,,72,72,000,,75,45,224,,71,44,128,*60 (pico_gnss pico-gnss-rs/src/main.rs:453)
320.351984 [INFO ] NMEA $GLGSV,2,2,06,73,26,034,,65,21,327,*62 (pico_gnss pico-gnss-rs/src/main.rs:453)
320.439397 [INFO ] NMEA $GNRMC,121449.000,A,0000.0000,N,00000.0000,E,0.13,262.25,080626,,,A*71 (pico_gnss pico-gnss-rs/src/main.rs:453)
320.441976 [INFO ] SYNC pps_local_us=244281315 unix_s=1780920889 drift_us=2 err_ns=7 holdover_ms=999 (pico_gnss pico-gnss-rs/src/main.rs:484)
320.469146 [INFO ] NMEA $GPVTG,262.25,T,,M,0.13,N,0.24,K,A*38 (pico_gnss pico-gnss-rs/src/main.rs:453)
320.530998 [INFO ] NMEA $GPZDA,121449.000,08,06,2026,,*55 (pico_gnss pico-gnss-rs/src/main.rs:453)
320.555584 [INFO ] NMEA $GPGST,121449.000,8.1,28,14,37.3,24,21,42*70 (pico_gnss pico-gnss-rs/src/main.rs:453)
320.712979 [INFO ] PPSGEN count=315 interval_ns=1000002512 dev_ns=2512 phase_ns=-1431517 hwphase_ns=480 (pico_gnss pico-gnss-rs/src/main.rs:296)
320.714243 [INFO ] PPS count=200 interval_us=1000002 interval_ns=1000002512 state=Locked missed=0 (pico_gnss pico-gnss-rs/src/main.rs:192)
320.888139 [INFO ] NMEA $GPGGA,121450.000,0000.0000,N,00000.0000,E,1,4,2.06,23.4,M,39.0,M,,*66 (pico_gnss pico-gnss-rs/src/main.rs:453)
320.946455 [INFO ] NMEA $GNGLL,0000.0000,N,00000.0000,E,121450.000,A,A*42 (pico_gnss pico-gnss-rs/src/main.rs:453)
321.004780 [INFO ] NMEA $GNGSA,A,3,32,12,15,29,,,,,,,,,2.28,2.06,0.98*1C (pico_gnss pico-gnss-rs/src/main.rs:453)
321.046585 [INFO ] NMEA $GNGSA,A,3,,,,,,,,,,,,,2.28,2.06,0.98*11 (pico_gnss pico-gnss-rs/src/main.rs:453)
321.105219 [INFO ] NMEA $GPGSV,4,1,13,12,63,079,18,25,62,181,19,10,57,259,,23,42,199,*77 (pico_gnss pico-gnss-rs/src/main.rs:453)
321.130945 [INFO ] TIME unix_ns=1780920890416630429 ppb=2521 holdover_ms=1416 locked=1 (pico_gnss pico-gnss-rs/src/main.rs:226)
321.163870 [INFO ] NMEA $GPGSV,4,2,13,32,39,315,19,24,30,063,,28,21,266,,15,14,126,18*7F (pico_gnss pico-gnss-rs/src/main.rs:453)
321.222290 [INFO ] NMEA $GPGSV,4,3,13,19,02,041,,29,01,160,17,193,,,,194,,,*7F (pico_gnss pico-gnss-rs/src/main.rs:453)
321.251517 [INFO ] NMEA $GPGSV,4,4,13,195,,,*46 (pico_gnss pico-gnss-rs/src/main.rs:453)
321.314081 [INFO ] NMEA $GLGSV,2,1,06,74,76,008,,72,72,000,,75,45,224,,71,44,128,*60 (pico_gnss pico-gnss-rs/src/main.rs:453)
321.372336 [INFO ] NMEA $GLGSV,2,2,06,73,26,034,,65,21,327,*62 (pico_gnss pico-gnss-rs/src/main.rs:453)
321.431000 [INFO ] NMEA $GNRMC,121450.000,A,0000.0000,N,00000.0000,E,0.75,276.15,080626,,,A*7A (pico_gnss pico-gnss-rs/src/main.rs:453)
321.433555 [INFO ] SYNC pps_local_us=245281317 unix_s=1780920890 drift_us=2 err_ns=-9 holdover_ms=999 (pico_gnss pico-gnss-rs/src/main.rs:484)
321.489288 [INFO ] NMEA $GPVTG,276.15,T,,M,0.75,N,1.38,K,A*32 (pico_gnss pico-gnss-rs/src/main.rs:453)
321.518625 [INFO ] NMEA $GPZDA,121450.000,08,06,2026,,*5D (pico_gnss pico-gnss-rs/src/main.rs:453)
321.557043 [INFO ] NMEA $GPGST,121450.000,8.0,29,14,37.6,24,21,42*7D (pico_gnss pico-gnss-rs/src/main.rs:453)
321.713032 [INFO ] PPSGEN count=316 interval_ns=1000002544 dev_ns=2544 phase_ns=-1431517 hwphase_ns=512 (pico_gnss pico-gnss-rs/src/main.rs:296)
321.714301 [INFO ] PPS count=201 interval_us=1000002 interval_ns=1000002528 state=Locked missed=0 (pico_gnss pico-gnss-rs/src/main.rs:192)
321.898154 [INFO ] NMEA $GPGGA,121451.000,0000.0000,N,00000.0000,E,1,4,2.06,23.4,M,39.0,M,,*62 (pico_gnss pico-gnss-rs/src/main.rs:453)
321.956455 [INFO ] NMEA $GNGLL,0000.0000,N,00000.0000,E,121451.000,A,A*46 (pico_gnss pico-gnss-rs/src/main.rs:453)
322.014818 [INFO ] NMEA $GNGSA,A,3,32,12,15,29,,,,,,,,,2.28,2.06,0.98*1C (pico_gnss pico-gnss-rs/src/main.rs:453)
322.044289 [INFO ] NMEA $GNGSA,A,3,,,,,,,,,,,,,2.28,2.06,0.98*11 (pico_gnss pico-gnss-rs/src/main.rs:453)
322.104889 [INFO ] NMEA $GPGSV,4,1,13,12,63,079,18,25,62,181,19,10,57,259,,23,42,199,*77 (pico_gnss pico-gnss-rs/src/main.rs:453)
322.132194 [INFO ] TIME unix_ns=1780920891417893425 ppb=2521 holdover_ms=1417 locked=1 (pico_gnss pico-gnss-rs/src/main.rs:226)
322.192321 [INFO ] NMEA $GPGSV,4,2,13,32,39,315,19,24,30,063,,28,21,266,,15,14,126,18*7F (pico_gnss pico-gnss-rs/src/main.rs:453)
322.250793 [INFO ] NMEA $GPGSV,4,3,13,19,02,041,,29,01,160,17,193,,,,194,,,*7F (pico_gnss pico-gnss-rs/src/main.rs:453)
322.280044 [INFO ] NMEA $GPGSV,4,4,13,195,,,*46 (pico_gnss pico-gnss-rs/src/main.rs:453)
322.342583 [INFO ] NMEA $GLGSV,2,1,06,74,76,008,,72,72,000,,75,45,224,,71,44,128,*60 (pico_gnss pico-gnss-rs/src/main.rs:453)
322.372087 [INFO ] NMEA $GLGSV,2,2,06,73,26,034,,65,21,327,*62 (pico_gnss pico-gnss-rs/src/main.rs:453)
322.459485 [INFO ] NMEA $GNRMC,121451.000,A,0000.0000,N,00000.0000,E,0.89,298.20,080626,,,A*7B (pico_gnss pico-gnss-rs/src/main.rs:453)
322.462067 [INFO ] SYNC pps_local_us=246281320 unix_s=1780920891 drift_us=2 err_ns=7 holdover_ms=1000 (pico_gnss pico-gnss-rs/src/main.rs:484)
322.489248 [INFO ] NMEA $GPVTG,298.20,T,,M,0.89,N,1.65,K,A*3F (pico_gnss pico-gnss-rs/src/main.rs:453)
322.518371 [INFO ] NMEA $GPZDA,121451.000,08,06,2026,,*5C (pico_gnss pico-gnss-rs/src/main.rs:453)
322.567335 [INFO ] NMEA $GPGST,121451.000,8.0,29,15,37.8,25,21,42*72 (pico_gnss pico-gnss-rs/src/main.rs:453)
322.713031 [INFO ] PPSGEN count=317 interval_ns=1000002544 dev_ns=2544 phase_ns=-1475517 hwphase_ns=528 (pico_gnss pico-gnss-rs/src/main.rs:296)
322.714308 [INFO ] PPS count=202 interval_us=1000002 interval_ns=1000002528 state=Locked missed=0 (pico_gnss pico-gnss-rs/src/main.rs:192)
322.875848 [INFO ] NMEA $GPGGA,121452.000,0000.0000,N,00000.0000,E,1,4,2.06,23.3,M,39.0,M,,*67 (pico_gnss pico-gnss-rs/src/main.rs:453)
322.934153 [INFO ] NMEA $GNGLL,0000.0000,N,00000.0000,E,121452.000,A,A*44 (pico_gnss pico-gnss-rs/src/main.rs:453)
322.992516 [INFO ] NMEA $GNGSA,A,3,32,12,15,29,,,,,,,,,2.28,2.06,0.98*1C (pico_gnss pico-gnss-rs/src/main.rs:453)
323.050721 [INFO ] NMEA $GNGSA,A,3,,,,,,,,,,,,,2.28,2.06,0.98*11 (pico_gnss pico-gnss-rs/src/main.rs:453)
323.113468 [INFO ] NMEA $GPGSV,4,1,13,12,63,079,18,25,62,181,19,10,57,259,,23,42,199,*77 (pico_gnss pico-gnss-rs/src/main.rs:453)
323.133464 [INFO ] TIME unix_ns=1780920892419093422 ppb=2522 holdover_ms=1419 locked=1 (pico_gnss pico-gnss-rs/src/main.rs:226)
323.172168 [INFO ] NMEA $GPGSV,4,2,13,32,39,315,19,24,30,063,,28,21,266,,15,14,126,18*7F (pico_gnss pico-gnss-rs/src/main.rs:453)
323.230541 [INFO ] NMEA $GPGSV,4,3,13,19,02,041,,29,01,160,17,193,,,,194,,,*7F (pico_gnss pico-gnss-rs/src/main.rs:453)
323.259791 [INFO ] NMEA $GPGSV,4,4,13,195,,,*46 (pico_gnss pico-gnss-rs/src/main.rs:453)
323.318248 [INFO ] NMEA $GLGSV,2,1,06,74,76,008,,72,72,000,,75,45,224,,71,44,128,*60 (pico_gnss pico-gnss-rs/src/main.rs:453)
323.380577 [INFO ] NMEA $GLGSV,2,2,06,73,26,034,19,65,21,327,*6A (pico_gnss pico-gnss-rs/src/main.rs:453)
323.439330 [INFO ] NMEA $GNRMC,121452.000,A,0000.0000,N,00000.0000,E,0.38,298.20,080626,,,A*73 (pico_gnss pico-gnss-rs/src/main.rs:453)
323.441899 [INFO ] SYNC pps_local_us=247281322 unix_s=1780920892 drift_us=2 err_ns=7 holdover_ms=1000 (pico_gnss pico-gnss-rs/src/main.rs:484)
323.497563 [INFO ] NMEA $GPVTG,298.20,T,,M,0.38,N,0.71,K,A*31 (pico_gnss pico-gnss-rs/src/main.rs:453)
323.526964 [INFO ] NMEA $GPZDA,121452.000,08,06,2026,,*5F (pico_gnss pico-gnss-rs/src/main.rs:453)
323.556457 [INFO ] NMEA $GPGST,121452.000,7.9,29,15,41.0,24,22,42*7C (pico_gnss pico-gnss-rs/src/main.rs:453)
323.713026 [INFO ] PPSGEN count=318 interval_ns=1000002512 dev_ns=2512 phase_ns=-1483517 hwphase_ns=512 (pico_gnss pico-gnss-rs/src/main.rs:296)
323.714308 [INFO ] PPS count=203 interval_us=1000002 interval_ns=1000002528 state=Locked missed=0 (pico_gnss pico-gnss-rs/src/main.rs:192)
323.895610 [INFO ] NMEA $GPGGA,121453.000,0000.0000,N,00000.0000,E,1,3,4.43,23.3,M,39.0,M,,*66 (pico_gnss pico-gnss-rs/src/main.rs:453)
323.953941 [INFO ] NMEA $GNGLL,0000.0000,N,00000.0000,E,121453.000,A,A*45 (pico_gnss pico-gnss-rs/src/main.rs:453)
323.983544 [INFO ] NMEA $GNGSA,A,2,32,12,15,,,,,,,,,,4.54,4.43,1.00*1C (pico_gnss pico-gnss-rs/src/main.rs:453)
324.041719 [INFO ] NMEA $GNGSA,A,2,,,,,,,,,,,,,4.54,4.43,1.00*1A (pico_gnss pico-gnss-rs/src/main.rs:453)
324.100354 [INFO ] NMEA $GPGSV,4,1,13,12,63,079,18,25,62,181,19,10,57,259,13,23,42,199,*75 (pico_gnss pico-gnss-rs/src/main.rs:453)
324.134744 [INFO ] TIME unix_ns=1780920893420346419 ppb=2522 holdover_ms=1420 locked=1 (pico_gnss pico-gnss-rs/src/main.rs:226)
324.191898 [INFO ] NMEA $GPGSV,4,2,13,32,39,315,19,24,30,063,,28,21,266,,15,14,126,18*7F (pico_gnss pico-gnss-rs/src/main.rs:453)
324.250313 [INFO ] NMEA $GPGSV,4,3,13,19,02,041,,29,01,160,17,193,,,,194,,,*7F (pico_gnss pico-gnss-rs/src/main.rs:453)
324.251695 [INFO ] NMEA $GPGSV,4,4,13,195,,,*46 (pico_gnss pico-gnss-rs/src/main.rs:453)
324.338030 [INFO ] NMEA $GLGSV,2,1,06,74,76,008,,72,72,000,,75,45,224,,71,44,128,*60 (pico_gnss pico-gnss-rs/src/main.rs:453)
324.367561 [INFO ] NMEA $GLGSV,2,2,06,73,26,034,20,65,21,327,*60 (pico_gnss pico-gnss-rs/src/main.rs:453)
324.459103 [INFO ] NMEA $GNRMC,121453.000,A,0000.0000,N,00000.0000,E,0.41,298.20,080626,,,A*7C (pico_gnss pico-gnss-rs/src/main.rs:453)
324.461694 [INFO ] SYNC pps_local_us=248281325 unix_s=1780920893 drift_us=2 err_ns=7 holdover_ms=999 (pico_gnss pico-gnss-rs/src/main.rs:484)
324.488829 [INFO ] NMEA $GPVTG,298.20,T,,M,0.41,N,0.76,K,A*38 (pico_gnss pico-gnss-rs/src/main.rs:453)
324.517970 [INFO ] NMEA $GPZDA,121453.000,08,06,2026,,*5E (pico_gnss pico-gnss-rs/src/main.rs:453)
324.562747 [INFO ] NMEA $GPGST,121453.000,7.9,30,15,40.8,25,23,41*7F (pico_gnss pico-gnss-rs/src/main.rs:453)
324.712933 [INFO ] PPSGEN count=319 interval_ns=1000002512 dev_ns=2512 phase_ns=-1509518 hwphase_ns=496 (pico_gnss pico-gnss-rs/src/main.rs:296)
324.892468 [INFO ] NMEA $GPGGA,121454.000,0000.0000,N,00000.0000,E,1,3,4.43,23.2,M,39.0,M,,*63 (pico_gnss pico-gnss-rs/src/main.rs:453)
324.942617 [INFO ] NMEA $GNGLL,0000.0000,N,00000.0000,E,121454.000,A,A*41 (pico_gnss pico-gnss-rs/src/main.rs:453)
325.000892 [INFO ] NMEA $GNGSA,A,2,32,12,15,,,,,,,,,,4.54,4.43,1.00*1C (pico_gnss pico-gnss-rs/src/main.rs:453)
325.030411 [INFO ] NMEA $GNGSA,A,2,,,,,,,,,,,,,4.54,4.43,1.00*1A (pico_gnss pico-gnss-rs/src/main.rs:453)
325.117751 [INFO ] NMEA $GPGSV,4,1,13,12,63,079,18,25,62,181,19,10,57,259,12,23,42,199,*74 (pico_gnss pico-gnss-rs/src/main.rs:453)
325.135975 [INFO ] TIME unix_ns=1780920894421632415 ppb=2522 holdover_ms=1421 locked=1 (pico_gnss pico-gnss-rs/src/main.rs:226)
325.176489 [INFO ] NMEA $GPGSV,4,2,13,32,39,315,19,24,30,063,,28,21,266,,15,14,126,19*7E (pico_gnss pico-gnss-rs/src/main.rs:453)
325.238921 [INFO ] NMEA $GPGSV,4,3,13,19,02,041,,29,01,160,18,193,,,,194,,,*70 (pico_gnss pico-gnss-rs/src/main.rs:453)
325.268229 [INFO ] NMEA $GPGSV,4,4,13,195,,,*46 (pico_gnss pico-gnss-rs/src/main.rs:453)
325.326741 [INFO ] NMEA $GLGSV,2,1,06,74,76,008,,72,72,000,,75,45,224,,71,44,128,*60 (pico_gnss pico-gnss-rs/src/main.rs:453)
325.384954 [INFO ] NMEA $GLGSV,2,2,06,73,26,034,20,65,21,327,*60 (pico_gnss pico-gnss-rs/src/main.rs:453)
325.443681 [INFO ] NMEA $GNRMC,121454.000,A,0000.0000,N,00000.0000,E,0.28,298.20,080626,,,A*77 (pico_gnss pico-gnss-rs/src/main.rs:453)
325.477285 [INFO ] NMEA $GPVTG,298.20,T,,M,0.28,N,0.52,K,A*31 (pico_gnss pico-gnss-rs/src/main.rs:453)
325.535322 [INFO ] NMEA $GPZDA,121454.000,08,06,2026,,*59 (pico_gnss pico-gnss-rs/src/main.rs:453)
325.564046 [INFO ] NMEA $GPGST,121454.000,7.9,30,14,40.5,25,22,35*76 (pico_gnss pico-gnss-rs/src/main.rs:453)
325.712910 [INFO ] PPSGEN count=320 interval_ns=1000002512 dev_ns=2512 phase_ns=-1517039 hwphase_ns=3008 (pico_gnss pico-gnss-rs/src/main.rs:296)
325.905198 [INFO ] NMEA $GPGGA,121455.000,0000.0000,N,00000.0000,E,1,4,2.00,24.4,M,39.0,M,,*61 (pico_gnss pico-gnss-rs/src/main.rs:453)
325.963547 [INFO ] NMEA $GNGLL,0000.0000,N,00000.0000,E,121455.000,A,A*44 (pico_gnss pico-gnss-rs/src/main.rs:453)
326.001325 [INFO ] NMEA $GNGSA,A,3,32,10,12,15,,,,,,,,,2.21,2.00,0.92*13 (pico_gnss pico-gnss-rs/src/main.rs:453)
326.059569 [INFO ] NMEA $GNGSA,A,3,,,,,,,,,,,,,2.21,2.00,0.92*14 (pico_gnss pico-gnss-rs/src/main.rs:453)
326.118205 [INFO ] NMEA $GPGSV,4,1,13,12,63,079,18,25,62,181,19,10,57,259,12,23,42,199,*74 (pico_gnss pico-gnss-rs/src/main.rs:453)
326.137204 [INFO ] TIME unix_ns=1780920895422851890 ppb=2522 holdover_ms=2422 locked=1 (pico_gnss pico-gnss-rs/src/main.rs:226)
326.205626 [INFO ] NMEA $GPGSV,4,2,13,32,39,315,19,24,30,063,,28,21,266,,15,14,126,19*7E (pico_gnss pico-gnss-rs/src/main.rs:453)
326.264003 [INFO ] NMEA $GPGSV,4,3,13,19,02,041,,29,01,160,18,193,,,,194,,,*70 (pico_gnss pico-gnss-rs/src/main.rs:453)
326.268642 [INFO ] NMEA $GPGSV,4,4,13,195,,,*46 (pico_gnss pico-gnss-rs/src/main.rs:453)
326.355914 [INFO ] NMEA $GLGSV,2,1,06,74,76,008,,72,72,000,,75,45,224,,71,44,128,*60 (pico_gnss pico-gnss-rs/src/main.rs:453)
326.385392 [INFO ] NMEA $GLGSV,2,2,06,73,26,034,20,65,21,327,*60 (pico_gnss pico-gnss-rs/src/main.rs:453)
326.472839 [INFO ] NMEA $GNRMC,121455.000,A,0000.0000,N,00000.0000,E,1.01,220.10,080626,,,A*78 (pico_gnss pico-gnss-rs/src/main.rs:453)
326.502482 [INFO ] NMEA $GPVTG,220.10,T,,M,1.01,N,1.88,K,A*3D (pico_gnss pico-gnss-rs/src/main.rs:453)
326.535706 [INFO ] NMEA $GPZDA,121455.000,08,06,2026,,*58 (pico_gnss pico-gnss-rs/src/main.rs:453)
326.578588 [INFO ] NMEA $GPGST,121455.000,8.6,29,14,37.9,24,21,35*71 (pico_gnss pico-gnss-rs/src/main.rs:453)
326.712965 [INFO ] PPSGEN count=321 interval_ns=1000002544 dev_ns=2544 phase_ns=-1467562 hwphase_ns=5552 (pico_gnss pico-gnss-rs/src/main.rs:296)
326.714208 [INFO ] PPS count=204 interval_us=3000007 interval_ns=3000007616 state=Irregular missed=2 (pico_gnss pico-gnss-rs/src/main.rs:192)
326.904236 [INFO ] NMEA $GPGGA,121456.000,0000.0000,N,00000.0000,E,1,4,2.00,24.9,M,39.0,M,,*6E (pico_gnss pico-gnss-rs/src/main.rs:453)
326.962553 [INFO ] NMEA $GNGLL,0000.0000,N,00000.0000,E,121456.000,A,A*46 (pico_gnss pico-gnss-rs/src/main.rs:453)
327.020917 [INFO ] NMEA $GNGSA,A,3,32,10,12,15,,,,,,,,,2.21,2.00,0.92*13 (pico_gnss pico-gnss-rs/src/main.rs:453)
327.044274 [INFO ] NMEA $GNGSA,A,3,,,,,,,,,,,,,2.21,2.00,0.92*14 (pico_gnss pico-gnss-rs/src/main.rs:453)
327.131570 [INFO ] NMEA $GPGSV,4,1,13,12,63,079,18,25,62,181,19,10,57,259,12,23,42,199,*74 (pico_gnss pico-gnss-rs/src/main.rs:453)
327.138471 [INFO ] TIME unix_ns=1780920896424099365 ppb=2522 holdover_ms=3424 locked=1 (pico_gnss pico-gnss-rs/src/main.rs:226)
327.190293 [INFO ] NMEA $GPGSV,4,2,13,32,39,315,19,24,30,063,,28,21,266,,15,14,126,19*7E (pico_gnss pico-gnss-rs/src/main.rs:453)
327.248681 [INFO ] NMEA $GPGSV,4,3,13,19,02,041,,29,01,160,18,193,,,,194,,,*70 (pico_gnss pico-gnss-rs/src/main.rs:453)
327.277928 [INFO ] NMEA $GPGSV,4,4,13,195,,,*46 (pico_gnss pico-gnss-rs/src/main.rs:453)
327.340528 [INFO ] NMEA $GLGSV,2,1,06,74,76,008,,72,72,000,,75,45,224,,71,44,128,*60 (pico_gnss pico-gnss-rs/src/main.rs:453)
327.398722 [INFO ] NMEA $GLGSV,2,2,06,73,26,034,20,65,21,327,*60 (pico_gnss pico-gnss-rs/src/main.rs:453)
327.457480 [INFO ] NMEA $GNRMC,121456.000,A,0000.0000,N,00000.0000,E,1.15,247.94,080626,,,A*72 (pico_gnss pico-gnss-rs/src/main.rs:453)
327.460060 [INFO ] SYNC pps_local_us=251281332 unix_s=1780920896 drift_us=2 err_ns=51 holdover_ms=2999 (pico_gnss pico-gnss-rs/src/main.rs:484)
327.515693 [INFO ] NMEA $GPVTG,247.94,T,,M,1.15,N,2.13,K,A*34 (pico_gnss pico-gnss-rs/src/main.rs:453)
327.545083 [INFO ] NMEA $GPZDA,121456.000,08,06,2026,,*5B (pico_gnss pico-gnss-rs/src/main.rs:453)
327.577752 [INFO ] NMEA $GPGST,121456.000,9.4,29,14,37.3,25,21,36*79 (pico_gnss pico-gnss-rs/src/main.rs:453)
327.712986 [INFO ] PPSGEN count=322 interval_ns=1000002544 dev_ns=2544 phase_ns=-1386518 hwphase_ns=480 (pico_gnss pico-gnss-rs/src/main.rs:296)
327.714256 [INFO ] PPS count=205 interval_us=1000002 interval_ns=1000002528 state=Locked missed=0 (pico_gnss pico-gnss-rs/src/main.rs:192)
327.908068 [INFO ] NMEA $GPGGA,121457.000,0000.0000,N,00000.0000,E,1,4,2.00,25.3,M,39.0,M,,*65 (pico_gnss pico-gnss-rs/src/main.rs:453)
327.966377 [INFO ] NMEA $GNGLL,0000.0000,N,00000.0000,E,121457.000,A,A*46 (pico_gnss pico-gnss-rs/src/main.rs:453)
328.024742 [INFO ] NMEA $GNGSA,A,3,32,10,12,15,,,,,,,,,2.21,2.00,0.92*13 (pico_gnss pico-gnss-rs/src/main.rs:453)
328.054223 [INFO ] NMEA $GNGSA,A,3,,,,,,,,,,,,,2.21,2.00,0.92*14 (pico_gnss pico-gnss-rs/src/main.rs:453)
328.121016 [INFO ] NMEA $GPGSV,4,1,13,12,63,079,18,25,62,181,19,10,57,259,12,23,42,199,*74 (pico_gnss pico-gnss-rs/src/main.rs:453)
328.139729 [INFO ] TIME unix_ns=1780920897425435405 ppb=2522 holdover_ms=1425 locked=1 (pico_gnss pico-gnss-rs/src/main.rs:226)
328.208474 [INFO ] NMEA $GPGSV,4,2,13,32,39,315,19,24,30,063,,28,21,266,,15,14,126,19*7E (pico_gnss pico-gnss-rs/src/main.rs:453)
328.266916 [INFO ] NMEA $GPGSV,4,3,13,19,02,041,,29,01,160,18,193,,,,194,,,*70 (pico_gnss pico-gnss-rs/src/main.rs:453)
328.296119 [INFO ] NMEA $GPGSV,4,4,13,195,,,*46 (pico_gnss pico-gnss-rs/src/main.rs:453)
328.358746 [INFO ] NMEA $GLGSV,2,1,06,74,76,008,,72,72,000,,75,45,224,,71,44,128,*60 (pico_gnss pico-gnss-rs/src/main.rs:453)
328.388229 [INFO ] NMEA $GLGSV,2,2,06,73,26,034,20,65,21,327,*60 (pico_gnss pico-gnss-rs/src/main.rs:453)
328.475681 [INFO ] NMEA $GNRMC,121457.000,A,0000.0000,N,00000.0000,E,1.75,238.29,080626,,,A*7A (pico_gnss pico-gnss-rs/src/main.rs:453)
328.478262 [INFO ] SYNC pps_local_us=252281335 unix_s=1780920897 drift_us=2 err_ns=6 holdover_ms=1000 (pico_gnss pico-gnss-rs/src/main.rs:484)
328.505400 [INFO ] NMEA $GPVTG,238.29,T,,M,1.75,N,3.25,K,A*38 (pico_gnss pico-gnss-rs/src/main.rs:453)
328.534534 [INFO ] NMEA $GPZDA,121457.000,08,06,2026,,*5A (pico_gnss pico-gnss-rs/src/main.rs:453)
328.580351 [INFO ] NMEA $GPGST,121457.000,10,30,14,36.6,25,21,37*57 (pico_gnss pico-gnss-rs/src/main.rs:453)
328.712973 [INFO ] PPSGEN count=323 interval_ns=1000002544 dev_ns=2544 phase_ns=-1409518 hwphase_ns=496 (pico_gnss pico-gnss-rs/src/main.rs:296)
328.714259 [INFO ] PPS count=206 interval_us=1000002 interval_ns=1000002512 state=Locked missed=0 (pico_gnss pico-gnss-rs/src/main.rs:192)
328.896849 [INFO ] NMEA $GPGGA,121458.000,0000.0000,N,00000.0000,E,1,4,2.00,25.8,M,39.0,M,,*67 (pico_gnss pico-gnss-rs/src/main.rs:453)
328.955219 [INFO ] NMEA $GNGLL,0000.0000,N,00000.0000,E,121458.000,A,A*4F (pico_gnss pico-gnss-rs/src/main.rs:453)
329.013545 [INFO ] NMEA $GNGSA,A,3,32,10,12,15,,,,,,,,,2.21,2.00,0.92*13 (pico_gnss pico-gnss-rs/src/main.rs:453)
329.043080 [INFO ] NMEA $GNGSA,A,3,,,,,,,,,,,,,2.21,2.00,0.92*14 (pico_gnss pico-gnss-rs/src/main.rs:453)
329.134509 [INFO ] NMEA $GPGSV,4,1,13,12,63,079,18,25,62,181,19,10,57,259,12,23,42,199,*74 (pico_gnss pico-gnss-rs/src/main.rs:453)
329.140983 [INFO ] TIME unix_ns=1780920898426679403 ppb=2522 holdover_ms=1426 locked=1 (pico_gnss pico-gnss-rs/src/main.rs:226)
329.193256 [INFO ] NMEA $GPGSV,4,2,13,32,39,315,19,24,30,063,,28,21,266,,15,14,126,19*7E (pico_gnss pico-gnss-rs/src/main.rs:453)
329.251627 [INFO ] NMEA $GPGSV,4,3,13,19,02,041,,29,01,160,18,193,,,,194,,,*70 (pico_gnss pico-gnss-rs/src/main.rs:453)
329.280866 [INFO ] NMEA $GPGSV,4,4,13,195,,,*46 (pico_gnss pico-gnss-rs/src/main.rs:453)
329.339368 [INFO ] NMEA $GLGSV,2,1,06,74,76,008,,72,72,000,,75,45,224,,71,44,128,*60 (pico_gnss pico-gnss-rs/src/main.rs:453)
329.401663 [INFO ] NMEA $GLGSV,2,2,06,73,26,034,20,65,21,327,*60 (pico_gnss pico-gnss-rs/src/main.rs:453)
329.460421 [INFO ] NMEA $GNRMC,121458.000,A,0000.0000,N,00000.0000,E,1.99,216.61,080626,,,A*71 (pico_gnss pico-gnss-rs/src/main.rs:453)
329.462998 [INFO ] SYNC pps_local_us=253281337 unix_s=1780920898 drift_us=2 err_ns=-9 holdover_ms=1000 (pico_gnss pico-gnss-rs/src/main.rs:484)
329.518641 [INFO ] NMEA $GPVTG,216.61,T,,M,1.99,N,3.68,K,A*33 (pico_gnss pico-gnss-rs/src/main.rs:453)
329.548034 [INFO ] NMEA $GPZDA,121458.000,08,06,2026,,*55 (pico_gnss pico-gnss-rs/src/main.rs:453)
329.578751 [INFO ] NMEA $GPGST,121458.000,11,30,15,36.0,26,21,39*53 (pico_gnss pico-gnss-rs/src/main.rs:453)
329.713023 [INFO ] PPSGEN count=324 interval_ns=1000002544 dev_ns=2544 phase_ns=-1400518 hwphase_ns=528 (pico_gnss pico-gnss-rs/src/main.rs:296)
329.714295 [INFO ] PPS count=207 interval_us=1000002 interval_ns=1000002528 state=Locked missed=0 (pico_gnss pico-gnss-rs/src/main.rs:192)
329.913261 [INFO ] NMEA $GPGGA,121459.000,0000.0000,N,00000.0000,E,1,4,2.00,26.6,M,39.0,M,,*69 (pico_gnss pico-gnss-rs/src/main.rs:453)
329.971622 [INFO ] NMEA $GNGLL,0000.0000,N,00000.0000,E,121459.000,A,A*4C (pico_gnss pico-gnss-rs/src/main.rs:453)
330.001209 [INFO ] NMEA $GNGSA,A,3,32,10,12,15,,,,,,,,,2.20,2.00,0.92*12 (pico_gnss pico-gnss-rs/src/main.rs:453)
330.059400 [INFO ] NMEA $GNGSA,A,3,,,,,,,,,,,,,2.20,2.00,0.92*15 (pico_gnss pico-gnss-rs/src/main.rs:453)
330.118022 [INFO ] NMEA $GPGSV,4,1,13,12,63,079,18,25,62,181,19,10,57,259,12,23,42,199,*74 (pico_gnss pico-gnss-rs/src/main.rs:453)
330.142261 [INFO ] TIME unix_ns=1780920899427941399 ppb=2522 holdover_ms=1427 locked=1 (pico_gnss pico-gnss-rs/src/main.rs:226)
330.209547 [INFO ] NMEA $GPGSV,4,2,13,32,39,315,19,24,30,063,,28,21,266,,15,14,126,19*7E (pico_gnss pico-gnss-rs/src/main.rs:453)
330.267982 [INFO ] NMEA $GPGSV,4,3,13,19,02,041,,29,01,160,18,193,,,,194,,,*70 (pico_gnss pico-gnss-rs/src/main.rs:453)
330.269346 [INFO ] NMEA $GPGSV,4,4,13,195,,,*46 (pico_gnss pico-gnss-rs/src/main.rs:453)
330.355724 [INFO ] NMEA $GLGSV,2,1,06,74,76,008,,72,72,000,,75,45,224,,71,44,128,*60 (pico_gnss pico-gnss-rs/src/main.rs:453)
330.385228 [INFO ] NMEA $GLGSV,2,2,06,73,26,034,20,65,21,327,*60 (pico_gnss pico-gnss-rs/src/main.rs:453)
330.476750 [INFO ] NMEA $GNRMC,121459.000,A,0000.0000,N,00000.0000,E,2.81,208.72,080626,,,A*75 (pico_gnss pico-gnss-rs/src/main.rs:453)
330.479316 [INFO ] SYNC pps_local_us=254281340 unix_s=1780920899 drift_us=2 err_ns=7 holdover_ms=1000 (pico_gnss pico-gnss-rs/src/main.rs:484)
330.506538 [INFO ] NMEA $GPVTG,208.72,T,,M,2.81,N,5.20,K,A*3E (pico_gnss pico-gnss-rs/src/main.rs:453)
330.535644 [INFO ] NMEA $GPZDA,121459.000,08,06,2026,,*54 (pico_gnss pico-gnss-rs/src/main.rs:453)
330.579364 [INFO ] NMEA $GPGST,121459.000,11,29,14,35.1,25,20,35*57 (pico_gnss pico-gnss-rs/src/main.rs:453)
330.713041 [INFO ] PPSGEN count=325 interval_ns=1000002544 dev_ns=2544 phase_ns=-1459518 hwphase_ns=544 (pico_gnss pico-gnss-rs/src/main.rs:296)
330.714317 [INFO ] PPS count=208 interval_us=1000002 interval_ns=1000002528 state=Locked missed=0 (pico_gnss pico-gnss-rs/src/main.rs:192)
330.886052 [INFO ] NMEA $GPGGA,121500.000,0000.0000,N,00000.0000,E,1,4,2.06,26.5,M,39.0,M,,*62 (pico_gnss pico-gnss-rs/src/main.rs:453)
330.937190 [INFO ] NMEA $GNGLL,0000.0000,N,00000.0000,E,121500.000,A,A*42 (pico_gnss pico-gnss-rs/src/main.rs:453)
330.995499 [INFO ] NMEA $GNGSA,A,3,32,12,15,29,,,,,,,,,2.28,2.06,0.98*1C (pico_gnss pico-gnss-rs/src/main.rs:453)
331.025014 [INFO ] NMEA $GNGSA,A,3,,,,,,,,,,,,,2.28,2.06,0.98*11 (pico_gnss pico-gnss-rs/src/main.rs:453)
331.112333 [INFO ] NMEA $GPGSV,4,1,13,12,63,079,18,25,62,181,19,10,57,259,,23,42,199,*77 (pico_gnss pico-gnss-rs/src/main.rs:453)
331.143525 [INFO ] TIME unix_ns=1780920900429143396 ppb=2522 holdover_ms=1429 locked=1 (pico_gnss pico-gnss-rs/src/main.rs:226)
331.171300 [INFO ] NMEA $GPGSV,4,2,13,32,39,315,19,24,30,063,,28,21,266,,15,14,126,19*7E (pico_gnss pico-gnss-rs/src/main.rs:453)
331.233595 [INFO ] NMEA $GPGSV,4,3,13,19,02,041,,29,01,160,18,193,,,,194,,,*70 (pico_gnss pico-gnss-rs/src/main.rs:453)
331.262807 [INFO ] NMEA $GPGSV,4,4,13,195,,,*46 (pico_gnss pico-gnss-rs/src/main.rs:453)
331.321287 [INFO ] NMEA $GLGSV,2,1,06,74,76,008,,72,72,000,,75,45,224,,71,44,128,*60 (pico_gnss pico-gnss-rs/src/main.rs:453)
331.379491 [INFO ] NMEA $GLGSV,2,2,06,73,26,034,20,65,21,327,*60 (pico_gnss pico-gnss-rs/src/main.rs:453)
331.438237 [INFO ] NMEA $GNRMC,121500.000,A,0000.0000,N,00000.0000,E,1.92,197.16,080626,,,A*7D (pico_gnss pico-gnss-rs/src/main.rs:453)
331.440797 [INFO ] SYNC pps_local_us=255281342 unix_s=1780920900 drift_us=2 err_ns=6 holdover_ms=1000 (pico_gnss pico-gnss-rs/src/main.rs:484)
331.471827 [INFO ] NMEA $GPVTG,197.16,T,,M,1.92,N,3.56,K,A*3F (pico_gnss pico-gnss-rs/src/main.rs:453)
331.529879 [INFO ] NMEA $GPZDA,121500.000,08,06,2026,,*59 (pico_gnss pico-gnss-rs/src/main.rs:453)
331.556500 [INFO ] NMEA $GPGST,121500.000,11,27,14,35.5,23,19,36*5F (pico_gnss pico-gnss-rs/src/main.rs:453)
331.713037 [INFO ] PPSGEN count=326 interval_ns=1000002512 dev_ns=2512 phase_ns=-1472518 hwphase_ns=528 (pico_gnss pico-gnss-rs/src/main.rs:296)
331.714333 [INFO ] PPS count=209 interval_us=1000002 interval_ns=1000002512 state=Locked missed=0 (pico_gnss pico-gnss-rs/src/main.rs:192)
331.889179 [INFO ] NMEA $GPGGA,121501.000,0000.0000,N,00000.0000,E,1,4,2.06,26.5,M,39.0,M,,*67 (pico_gnss pico-gnss-rs/src/main.rs:453)
331.947495 [INFO ] NMEA $GNGLL,0000.0000,N,00000.0000,E,121501.000,A,A*47 (pico_gnss pico-gnss-rs/src/main.rs:453)
331.987348 [INFO ] NMEA $GNGSA,A,3,32,12,15,29,,,,,,,,,2.28,2.06,0.98*1C (pico_gnss pico-gnss-rs/src/main.rs:453)
332.045571 [INFO ] NMEA $GNGSA,A,3,,,,,,,,,,,,,2.28,2.06,0.98*11 (pico_gnss pico-gnss-rs/src/main.rs:453)
332.104189 [INFO ] NMEA $GPGSV,4,1,13,12,63,079,18,25,62,181,19,10,57,259,,23,42,199,*77 (pico_gnss pico-gnss-rs/src/main.rs:453)
332.144824 [INFO ] TIME unix_ns=1780920901430417393 ppb=2522 holdover_ms=1430 locked=1 (pico_gnss pico-gnss-rs/src/main.rs:226)
332.163097 [INFO ] NMEA $GPGSV,4,2,13,32,39,315,19,24,30,063,,28,21,266,,15,14,126,19*7E (pico_gnss pico-gnss-rs/src/main.rs:453)
332.221278 [INFO ] NMEA $GPGSV,4,3,13,19,02,041,,29,01,160,18,193,,,,194,,,*70 (pico_gnss pico-gnss-rs/src/main.rs:453)
332.254661 [INFO ] NMEA $GPGSV,4,4,13,195,,,*46 (pico_gnss pico-gnss-rs/src/main.rs:453)
332.313154 [INFO ] NMEA $GLGSV,2,1,06,74,76,008,,72,72,000,,75,45,224,,71,44,128,*60 (pico_gnss pico-gnss-rs/src/main.rs:453)
332.371402 [INFO ] NMEA $GLGSV,2,2,06,73,26,034,20,65,21,327,*60 (pico_gnss pico-gnss-rs/src/main.rs:453)
332.458855 [INFO ] NMEA $GNRMC,121501.000,A,0000.0000,N,00000.0000,E,0.85,245.48,080626,,,A*78 (pico_gnss pico-gnss-rs/src/main.rs:453)
332.461440 [INFO ] SYNC pps_local_us=256281345 unix_s=1780920901 drift_us=2 err_ns=-9 holdover_ms=1000 (pico_gnss pico-gnss-rs/src/main.rs:484)
332.488644 [INFO ] NMEA $GPVTG,245.48,T,,M,0.85,N,1.58,K,A*33 (pico_gnss pico-gnss-rs/src/main.rs:453)
332.521814 [INFO ] NMEA $GPZDA,121501.000,08,06,2026,,*58 (pico_gnss pico-gnss-rs/src/main.rs:453)
332.559305 [INFO ] NMEA $GPGST,121501.000,11,27,14,35.8,23,19,37*52 (pico_gnss pico-gnss-rs/src/main.rs:453)
332.713064 [INFO ] PPSGEN count=327 interval_ns=1000002512 dev_ns=2512 phase_ns=-1473518 hwphase_ns=528 (pico_gnss pico-gnss-rs/src/main.rs:296)
332.714351 [INFO ] PPS count=210 interval_us=1000002 interval_ns=1000002528 state=Locked missed=0 (pico_gnss pico-gnss-rs/src/main.rs:192)
332.896087 [INFO ] NMEA $GPGGA,121502.000,0000.0000,N,00000.0000,E,1,4,2.06,26.5,M,39.0,M,,*61 (pico_gnss pico-gnss-rs/src/main.rs:453)
332.954404 [INFO ] NMEA $GNGLL,0000.0000,N,00000.0000,E,121502.000,A,A*41 (pico_gnss pico-gnss-rs/src/main.rs:453)
333.012792 [INFO ] NMEA $GNGSA,A,3,32,12,15,29,,,,,,,,,2.28,2.06,0.98*1C (pico_gnss pico-gnss-rs/src/main.rs:453)
333.041217 [INFO ] NMEA $GNGSA,A,3,,,,,,,,,,,,,2.28,2.06,0.98*11 (pico_gnss pico-gnss-rs/src/main.rs:453)
333.128639 [INFO ] NMEA $GPGSV,4,1,13,12,63,079,18,25,62,181,18,10,57,259,,23,42,199,*76 (pico_gnss pico-gnss-rs/src/main.rs:453)
333.146113 [INFO ] TIME unix_ns=1780920902431709390 ppb=2522 holdover_ms=1431 locked=1 (pico_gnss pico-gnss-rs/src/main.rs:226)
333.187338 [INFO ] NMEA $GPGSV,4,2,13,32,39,315,19,24,30,063,,28,21,266,,15,14,126,19*7E (pico_gnss pico-gnss-rs/src/main.rs:453)
333.245736 [INFO ] NMEA $GPGSV,4,3,13,19,02,041,,29,01,160,18,193,,,,194,,,*70 (pico_gnss pico-gnss-rs/src/main.rs:453)
333.274946 [INFO ] NMEA $GPGSV,4,4,13,195,,,*46 (pico_gnss pico-gnss-rs/src/main.rs:453)
333.337541 [INFO ] NMEA $GLGSV,2,1,06,74,76,008,,72,72,000,,75,45,224,,71,44,128,*60 (pico_gnss pico-gnss-rs/src/main.rs:453)
333.367088 [INFO ] NMEA $GLGSV,2,2,06,73,26,034,20,65,21,327,*60 (pico_gnss pico-gnss-rs/src/main.rs:453)
333.454476 [INFO ] NMEA $GNRMC,121502.000,A,0000.0000,N,00000.0000,E,0.86,237.55,080626,,,A*74 (pico_gnss pico-gnss-rs/src/main.rs:453)
333.457057 [INFO ] SYNC pps_local_us=257281347 unix_s=1780920902 drift_us=2 err_ns=6 holdover_ms=1000 (pico_gnss pico-gnss-rs/src/main.rs:484)
333.484227 [INFO ] NMEA $GPVTG,237.55,T,,M,0.86,N,1.60,K,A*32 (pico_gnss pico-gnss-rs/src/main.rs:453)
333.542025 [INFO ] NMEA $GPZDA,121502.000,08,06,2026,,*5B (pico_gnss pico-gnss-rs/src/main.rs:453)
333.566798 [INFO ] NMEA $GPGST,121502.000,11,27,14,36.0,23,20,38*5F (pico_gnss pico-gnss-rs/src/main.rs:453)
333.713049 [INFO ] PPSGEN count=328 interval_ns=1000002512 dev_ns=2512 phase_ns=-1495518 hwphase_ns=512 (pico_gnss pico-gnss-rs/src/main.rs:296)
333.714332 [INFO ] PPS count=211 interval_us=1000002 interval_ns=1000002528 state=Locked missed=0 (pico_gnss pico-gnss-rs/src/main.rs:192)
333.888106 [INFO ] NMEA $GPGGA,121503.000,0000.0000,N,00000.0000,E,1,4,2.06,26.5,M,39.0,M,,*67 (pico_gnss pico-gnss-rs/src/main.rs:453)
333.946443 [INFO ] NMEA $GNGLL,0000.0000,N,00000.0000,E,121503.000,A,A*47 (pico_gnss pico-gnss-rs/src/main.rs:453)
334.004780 [INFO ] NMEA $GNGSA,A,3,32,12,15,29,,,,,,,,,2.28,2.06,0.98*1C (pico_gnss pico-gnss-rs/src/main.rs:453)
334.034283 [INFO ] NMEA $GNGSA,A,3,,,,,,,,,,,,,2.28,2.06,0.98*11 (pico_gnss pico-gnss-rs/src/main.rs:453)
334.109280 [INFO ] NMEA $GPGSV,4,1,13,12,63,079,18,25,62,181,18,10,57,259,,23,42,199,*76 (pico_gnss pico-gnss-rs/src/main.rs:453)
334.147411 [INFO ] TIME unix_ns=1780920903432973386 ppb=2522 holdover_ms=1432 locked=1 (pico_gnss pico-gnss-rs/src/main.rs:226)
334.168203 [INFO ] NMEA $GPGSV,4,2,13,32,39,315,19,24,30,063,,28,21,266,,15,14,126,19*7E (pico_gnss pico-gnss-rs/src/main.rs:453)
334.226369 [INFO ] NMEA $GPGSV,4,3,13,19,02,041,,29,01,160,18,193,,,,194,,,*70 (pico_gnss pico-gnss-rs/src/main.rs:453)
334.255610 [INFO ] NMEA $GPGSV,4,4,13,195,,,*46 (pico_gnss pico-gnss-rs/src/main.rs:453)
334.314054 [INFO ] NMEA $GLGSV,2,1,06,74,76,008,,72,72,000,,75,45,224,,71,44,128,*60 (pico_gnss pico-gnss-rs/src/main.rs:453)
334.376416 [INFO ] NMEA $GLGSV,2,2,06,73,26,034,20,65,21,327,*60 (pico_gnss pico-gnss-rs/src/main.rs:453)
334.435098 [INFO ] NMEA $GNRMC,121503.000,A,0000.0000,N,00000.0000,E,1.66,208.97,080626,,,A*7F (pico_gnss pico-gnss-rs/src/main.rs:453)
334.437673 [INFO ] SYNC pps_local_us=258281350 unix_s=1780920903 drift_us=2 err_ns=6 holdover_ms=999 (pico_gnss pico-gnss-rs/src/main.rs:484)
334.493392 [INFO ] NMEA $GPVTG,208.97,T,,M,1.66,N,3.07,K,A*3C (pico_gnss pico-gnss-rs/src/main.rs:453)
334.522774 [INFO ] NMEA $GPZDA,121503.000,08,06,2026,,*5A (pico_gnss pico-gnss-rs/src/main.rs:453)
334.558105 [INFO ] NMEA $GPGST,121503.000,11,27,15,36.4,24,20,39*5D (pico_gnss pico-gnss-rs/src/main.rs:453)
334.713008 [INFO ] PPSGEN count=329 interval_ns=1000002512 dev_ns=2512 phase_ns=-1479518 hwphase_ns=496 (pico_gnss pico-gnss-rs/src/main.rs:296)
334.714293 [INFO ] PPS count=212 interval_us=1000002 interval_ns=1000002528 state=Locked missed=0 (pico_gnss pico-gnss-rs/src/main.rs:192)
334.900252 [INFO ] NMEA $GPGGA,121504.000,0000.0000,N,00000.0000,E,1,4,2.06,26.5,M,39.0,M,,*6C (pico_gnss pico-gnss-rs/src/main.rs:453)
334.958590 [INFO ] NMEA $GNGLL,0000.0000,N,00000.0000,E,121504.000,A,A*4C (pico_gnss pico-gnss-rs/src/main.rs:453)
335.016962 [INFO ] NMEA $GNGSA,A,3,32,12,15,29,,,,,,,,,2.28,2.06,0.98*1C (pico_gnss pico-gnss-rs/src/main.rs:453)
335.046475 [INFO ] NMEA $GNGSA,A,3,,,,,,,,,,,,,2.28,2.06,0.98*11 (pico_gnss pico-gnss-rs/src/main.rs:453)
335.105015 [INFO ] NMEA $GPGSV,4,1,13,12,63,079,18,25,62,181,18,10,57,259,,23,42,199,*76 (pico_gnss pico-gnss-rs/src/main.rs:453)
335.148700 [INFO ] TIME unix_ns=1780920904434282383 ppb=2522 holdover_ms=1434 locked=1 (pico_gnss pico-gnss-rs/src/main.rs:226)
335.196614 [INFO ] NMEA $GPGSV,4,2,13,32,39,315,19,24,30,063,,28,21,266,,15,14,126,19*7E (pico_gnss pico-gnss-rs/src/main.rs:453)
335.255004 [INFO ] NMEA $GPGSV,4,3,13,19,02,041,,29,01,160,18,193,,,,194,,,*70 (pico_gnss pico-gnss-rs/src/main.rs:453)
335.284246 [INFO ] NMEA $GPGSV,4,4,13,195,,,*46 (pico_gnss pico-gnss-rs/src/main.rs:453)
335.342721 [INFO ] NMEA $GLGSV,2,1,06,74,76,008,,72,72,000,,75,45,224,,71,44,128,*60 (pico_gnss pico-gnss-rs/src/main.rs:453)
335.372223 [INFO ] NMEA $GLGSV,2,2,06,73,26,034,20,65,21,327,*60 (pico_gnss pico-gnss-rs/src/main.rs:453)
335.463776 [INFO ] NMEA $GNRMC,121504.000,A,0000.0000,N,00000.0000,E,0.82,243.74,080626,,,A*7D (pico_gnss pico-gnss-rs/src/main.rs:453)
335.466344 [INFO ] SYNC pps_local_us=259281353 unix_s=1780920904 drift_us=2 err_ns=6 holdover_ms=999 (pico_gnss pico-gnss-rs/src/main.rs:484)
335.493492 [INFO ] NMEA $GPVTG,243.74,T,,M,0.82,N,1.52,K,A*37 (pico_gnss pico-gnss-rs/src/main.rs:453)
335.522639 [INFO ] NMEA $GPZDA,121504.000,08,06,2026,,*5D (pico_gnss pico-gnss-rs/src/main.rs:453)
335.569488 [INFO ] NMEA $GPGST,121504.000,11,27,15,36.7,24,20,41*56 (pico_gnss pico-gnss-rs/src/main.rs:453)
335.713015 [INFO ] PPSGEN count=330 interval_ns=1000002512 dev_ns=2512 phase_ns=-1424518 hwphase_ns=480 (pico_gnss pico-gnss-rs/src/main.rs:296)
335.714261 [INFO ] PPS count=213 interval_us=1000002 interval_ns=1000002512 state=Locked missed=0 (pico_gnss pico-gnss-rs/src/main.rs:192)
335.888108 [INFO ] NMEA $GPGGA,121505.000,0000.0000,N,00000.0000,E,1,4,2.06,26.5,M,39.0,M,,*69 (pico_gnss pico-gnss-rs/src/main.rs:453)
335.936176 [INFO ] NMEA $GNGLL,0000.0000,N,00000.0000,E,121505.000,A,A*49 (pico_gnss pico-gnss-rs/src/main.rs:453)
335.994498 [INFO ] NMEA $GNGSA,A,3,32,12,15,29,,,,,,,,,2.28,2.06,0.98*1C (pico_gnss pico-gnss-rs/src/main.rs:453)
336.024037 [INFO ] NMEA $GNGSA,A,3,,,,,,,,,,,,,2.28,2.06,0.98*11 (pico_gnss pico-gnss-rs/src/main.rs:453)
336.111339 [INFO ] NMEA $GPGSV,4,1,13,12,63,079,18,25,62,181,18,10,57,259,,23,42,199,*76 (pico_gnss pico-gnss-rs/src/main.rs:453)
336.150003 [INFO ] TIME unix_ns=1780920905435626380 ppb=2522 holdover_ms=1435 locked=1 (pico_gnss pico-gnss-rs/src/main.rs:226)
336.174182 [INFO ] NMEA $GPGSV,4,2,13,32,39,315,19,24,30,063,,28,21,266,,15,14,126,19*7E (pico_gnss pico-gnss-rs/src/main.rs:453)
336.232534 [INFO ] NMEA $GPGSV,4,3,13,19,02,041,,29,01,160,18,193,,,,194,,,*70 (pico_gnss pico-gnss-rs/src/main.rs:453)
336.261798 [INFO ] NMEA $GPGSV,4,4,13,195,,,*46 (pico_gnss pico-gnss-rs/src/main.rs:453)
336.320285 [INFO ] NMEA $GLGSV,2,1,06,74,76,008,,72,72,000,,75,45,224,,71,44,128,*60 (pico_gnss pico-gnss-rs/src/main.rs:453)
336.378505 [INFO ] NMEA $GLGSV,2,2,06,73,26,034,20,65,21,327,*60 (pico_gnss pico-gnss-rs/src/main.rs:453)
336.441313 [INFO ] NMEA $GNRMC,121505.000,A,0000.0000,N,00000.0000,E,0.19,243.74,080626,,,A*7A (pico_gnss pico-gnss-rs/src/main.rs:453)
336.443895 [INFO ] SYNC pps_local_us=260281355 unix_s=1780920905 drift_us=2 err_ns=-10 holdover_ms=999 (pico_gnss pico-gnss-rs/src/main.rs:484)
336.471081 [INFO ] NMEA $GPVTG,243.74,T,,M,0.19,N,0.35,K,A*35 (pico_gnss pico-gnss-rs/src/main.rs:453)
336.528861 [INFO ] NMEA $GPZDA,121505.000,08,06,2026,,*5C (pico_gnss pico-gnss-rs/src/main.rs:453)
336.558625 [INFO ] NMEA $GPGST,121505.000,10,28,15,36.8,24,21,43*55 (pico_gnss pico-gnss-rs/src/main.rs:453)
336.713060 [INFO ] PPSGEN count=331 interval_ns=1000002544 dev_ns=2544 phase_ns=-1420518 hwphase_ns=512 (pico_gnss pico-gnss-rs/src/main.rs:296)
336.714351 [INFO ] PPS count=214 interval_us=1000002 interval_ns=1000002528 state=Locked missed=0 (pico_gnss pico-gnss-rs/src/main.rs:192)
336.889129 [INFO ] NMEA $GPGGA,121506.000,0000.0000,N,00000.0000,E,1,4,2.06,26.5,M,39.0,M,,*6E (pico_gnss pico-gnss-rs/src/main.rs:453)
336.954650 [INFO ] NMEA $GNGLL,0000.0000,N,00000.0000,E,121506.000,A,A*4E (pico_gnss pico-gnss-rs/src/main.rs:453)
336.984253 [INFO ] NMEA $GNGSA,A,3,32,12,15,29,,,,,,,,,2.28,2.06,0.98*1C (pico_gnss pico-gnss-rs/src/main.rs:453)
337.042452 [INFO ] NMEA $GNGSA,A,3,,,,,,,,,,,,,2.28,2.06,0.98*11 (pico_gnss pico-gnss-rs/src/main.rs:453)
337.101030 [INFO ] NMEA $GPGSV,4,1,13,12,63,079,18,25,62,181,18,10,57,259,,23,42,199,*76 (pico_gnss pico-gnss-rs/src/main.rs:453)
337.151295 [INFO ] TIME unix_ns=1780920906436931376 ppb=2522 holdover_ms=1436 locked=1 (pico_gnss pico-gnss-rs/src/main.rs:226)
337.188536 [INFO ] NMEA $GPGSV,4,2,13,32,39,315,18,24,30,063,,28,21,266,,15,14,126,18*7E (pico_gnss pico-gnss-rs/src/main.rs:453)
337.222245 [INFO ] NMEA $GPGSV,4,3,13,19,02,041,,29,01,160,18,193,,,,194,,,*70 (pico_gnss pico-gnss-rs/src/main.rs:453)
337.251483 [INFO ] NMEA $GPGSV,4,4,13,195,,,*46 (pico_gnss pico-gnss-rs/src/main.rs:453)
337.338789 [INFO ] NMEA $GLGSV,2,1,06,74,76,008,,72,72,000,,75,45,224,,71,44,128,*60 (pico_gnss pico-gnss-rs/src/main.rs:453)
337.368284 [INFO ] NMEA $GLGSV,2,2,06,73,26,034,21,65,21,327,*61 (pico_gnss pico-gnss-rs/src/main.rs:453)
337.455726 [INFO ] NMEA $GNRMC,121506.000,A,0000.0000,N,00000.0000,E,0.43,243.74,080626,,,A*72 (pico_gnss pico-gnss-rs/src/main.rs:453)
337.458283 [INFO ] SYNC pps_local_us=261281358 unix_s=1780920906 drift_us=2 err_ns=6 holdover_ms=1000 (pico_gnss pico-gnss-rs/src/main.rs:484)
337.489324 [INFO ] NMEA $GPVTG,243.74,T,,M,0.43,N,0.79,K,A*32 (pico_gnss pico-gnss-rs/src/main.rs:453)
337.518657 [INFO ] NMEA $GPZDA,121506.000,08,06,2026,,*5F (pico_gnss pico-gnss-rs/src/main.rs:453)
337.559275 [INFO ] NMEA $GPGST,121506.000,10,28,16,36.9,24,21,45*52 (pico_gnss pico-gnss-rs/src/main.rs:453)
337.713043 [INFO ] PPSGEN count=332 interval_ns=1000002544 dev_ns=2544 phase_ns=-1480518 hwphase_ns=528 (pico_gnss pico-gnss-rs/src/main.rs:296)
337.714323 [INFO ] PPS count=215 interval_us=1000002 interval_ns=1000002512 state=Locked missed=0 (pico_gnss pico-gnss-rs/src/main.rs:192)
337.891217 [INFO ] NMEA $GPGGA,121507.000,0000.0000,N,00000.0000,E,1,4,2.06,26.5,M,39.0,M,,*6F (pico_gnss pico-gnss-rs/src/main.rs:453)
337.949525 [INFO ] NMEA $GNGLL,0000.0000,N,00000.0000,E,121507.000,A,A*4F (pico_gnss pico-gnss-rs/src/main.rs:453)
338.003737 [INFO ] NMEA $GNGSA,A,3,32,12,15,29,,,,,,,,,2.28,2.06,0.98*1C (pico_gnss pico-gnss-rs/src/main.rs:453)
338.033277 [INFO ] NMEA $GNGSA,A,3,,,,,,,,,,,,,2.28,2.06,0.98*11 (pico_gnss pico-gnss-rs/src/main.rs:453)
338.120577 [INFO ] NMEA $GPGSV,4,1,13,12,63,079,18,25,62,181,18,10,57,259,,23,42,199,*76 (pico_gnss pico-gnss-rs/src/main.rs:453)
338.152576 [INFO ] TIME unix_ns=1780920907438161374 ppb=2522 holdover_ms=1438 locked=1 (pico_gnss pico-gnss-rs/src/main.rs:226)
338.179561 [INFO ] NMEA $GPGSV,4,2,13,32,39,315,18,24,30,063,,28,21,266,,15,14,126,18*7E (pico_gnss pico-gnss-rs/src/main.rs:453)
338.237692 [INFO ] NMEA $GPGSV,4,3,13,19,02,041,,29,01,160,18,193,,,,194,,,*70 (pico_gnss pico-gnss-rs/src/main.rs:453)
338.270947 [INFO ] NMEA $GPGSV,4,4,13,195,,,*46 (pico_gnss pico-gnss-rs/src/main.rs:453)
338.329537 [INFO ] NMEA $GLGSV,2,1,06,74,76,008,,72,72,000,,75,45,224,,71,44,128,*60 (pico_gnss pico-gnss-rs/src/main.rs:453)
338.359037 [INFO ] NMEA $GLGSV,2,2,06,73,26,034,21,65,21,327,*61 (pico_gnss pico-gnss-rs/src/main.rs:453)
338.446429 [INFO ] NMEA $GNRMC,121507.000,A,0000.0000,N,00000.0000,E,0.94,27.53,080626,,,A*4C (pico_gnss pico-gnss-rs/src/main.rs:453)
338.448990 [INFO ] SYNC pps_local_us=262281360 unix_s=1780920907 drift_us=2 err_ns=-9 holdover_ms=999 (pico_gnss pico-gnss-rs/src/main.rs:484)
338.476188 [INFO ] NMEA $GPVTG,27.53,T,,M,0.94,N,1.74,K,A*01 (pico_gnss pico-gnss-rs/src/main.rs:453)
338.533898 [INFO ] NMEA $GPZDA,121507.000,08,06,2026,,*5E (pico_gnss pico-gnss-rs/src/main.rs:453)
338.559407 [INFO ] NMEA $GPGST,121507.000,10,28,16,37.2,24,21,47*5B (pico_gnss pico-gnss-rs/src/main.rs:453)
338.713082 [INFO ] PPSGEN count=333 interval_ns=1000002512 dev_ns=2512 phase_ns=-1445518 hwphase_ns=528 (pico_gnss pico-gnss-rs/src/main.rs:296)
338.714355 [INFO ] PPS count=216 interval_us=1000002 interval_ns=1000002528 state=Locked missed=0 (pico_gnss pico-gnss-rs/src/main.rs:192)
338.890290 [INFO ] NMEA $GPGGA,121508.000,0000.0000,N,00000.0000,E,1,4,2.06,26.5,M,39.0,M,,*69 (pico_gnss pico-gnss-rs/src/main.rs:453)
338.948606 [INFO ] NMEA $GNGLL,0000.0000,N,00000.0000,E,121508.000,A,A*49 (pico_gnss pico-gnss-rs/src/main.rs:453)
339.006995 [INFO ] NMEA $GNGSA,A,3,32,12,15,29,,,,,,,,,2.28,2.06,0.98*1C (pico_gnss pico-gnss-rs/src/main.rs:453)
339.051825 [INFO ] NMEA $GNGSA,A,3,,,,,,,,,,,,,2.28,2.06,0.98*11 (pico_gnss pico-gnss-rs/src/main.rs:453)
339.110434 [INFO ] NMEA $GPGSV,4,1,13,12,63,079,18,25,62,181,18,10,56,257,,23,42,199,*79 (pico_gnss pico-gnss-rs/src/main.rs:453)
339.153864 [INFO ] TIME unix_ns=1780920908439455370 ppb=2522 holdover_ms=1439 locked=1 (pico_gnss pico-gnss-rs/src/main.rs:226)
339.169367 [INFO ] NMEA $GPGSV,4,2,13,32,39,315,18,24,30,063,,28,21,266,,15,14,126,18*7E (pico_gnss pico-gnss-rs/src/main.rs:453)
339.227524 [INFO ] NMEA $GPGSV,4,3,13,19,02,041,,29,01,160,18,193,,,,194,,,*70 (pico_gnss pico-gnss-rs/src/main.rs:453)
339.256756 [INFO ] NMEA $GPGSV,4,4,13,195,,,*46 (pico_gnss pico-gnss-rs/src/main.rs:453)
339.319310 [INFO ] NMEA $GLGSV,2,1,06,74,76,008,,72,72,000,,75,45,224,,71,44,128,*60 (pico_gnss pico-gnss-rs/src/main.rs:453)
339.377578 [INFO ] NMEA $GLGSV,2,2,06,73,26,034,20,65,21,327,*60 (pico_gnss pico-gnss-rs/src/main.rs:453)
339.436244 [INFO ] NMEA $GNRMC,121508.000,A,0000.0000,N,00000.0000,E,0.72,57.42,080626,,,A*45 (pico_gnss pico-gnss-rs/src/main.rs:453)
339.438819 [INFO ] SYNC pps_local_us=263281363 unix_s=1780920908 drift_us=2 err_ns=6 holdover_ms=1000 (pico_gnss pico-gnss-rs/src/main.rs:484)
339.494513 [INFO ] NMEA $GPVTG,57.42,T,,M,0.72,N,1.34,K,A*0A (pico_gnss pico-gnss-rs/src/main.rs:453)
339.523903 [INFO ] NMEA $GPZDA,121508.000,08,06,2026,,*51 (pico_gnss pico-gnss-rs/src/main.rs:453)
339.558170 [INFO ] NMEA $GPGST,121508.000,10,28,16,38.1,24,22,46*5A (pico_gnss pico-gnss-rs/src/main.rs:453)
339.713064 [INFO ] PPSGEN count=334 interval_ns=1000002512 dev_ns=2512 phase_ns=-1473518 hwphase_ns=512 (pico_gnss pico-gnss-rs/src/main.rs:296)
339.714325 [INFO ] PPS count=217 interval_us=1000002 interval_ns=1000002528 state=Locked missed=0 (pico_gnss pico-gnss-rs/src/main.rs:192)
339.894394 [INFO ] NMEA $GPGGA,121509.000,0000.0000,N,00000.0000,E,1,4,2.06,26.5,M,39.0,M,,*67 (pico_gnss pico-gnss-rs/src/main.rs:453)
339.952734 [INFO ] NMEA $GNGLL,0000.0000,N,00000.0000,E,121509.000,A,A*47 (pico_gnss pico-gnss-rs/src/main.rs:453)
340.011087 [INFO ] NMEA $GNGSA,A,3,32,12,15,29,,,,,,,,,2.28,2.06,0.98*1C (pico_gnss pico-gnss-rs/src/main.rs:453)
340.040629 [INFO ] NMEA $GNGSA,A,3,,,,,,,,,,,,,2.28,2.06,0.98*11 (pico_gnss pico-gnss-rs/src/main.rs:453)
340.103215 [INFO ] NMEA $GPGSV,4,1,13,12,63,079,18,25,62,181,18,10,56,257,,23,42,199,*79 (pico_gnss pico-gnss-rs/src/main.rs:453)
340.155150 [INFO ] TIME unix_ns=1780920909440714367 ppb=2522 holdover_ms=1440 locked=1 (pico_gnss pico-gnss-rs/src/main.rs:226)
340.190760 [INFO ] NMEA $GPGSV,4,2,13,32,39,315,18,24,30,063,,28,21,266,,15,14,126,18*7E (pico_gnss pico-gnss-rs/src/main.rs:453)
340.249111 [INFO ] NMEA $GPGSV,4,3,13,19,02,041,,29,01,160,18,193,,,,194,,,*70 (pico_gnss pico-gnss-rs/src/main.rs:453)
340.278342 [INFO ] NMEA $GPGSV,4,4,13,195,,,*46 (pico_gnss pico-gnss-rs/src/main.rs:453)
340.336809 [INFO ] NMEA $GLGSV,2,1,06,74,76,008,,72,72,000,,75,45,224,,71,44,128,*60 (pico_gnss pico-gnss-rs/src/main.rs:453)
340.370392 [INFO ] NMEA $GLGSV,2,2,06,73,26,034,20,65,21,327,*60 (pico_gnss pico-gnss-rs/src/main.rs:453)
340.457890 [INFO ] NMEA $GNRMC,121509.000,A,0000.0000,N,00000.0000,E,0.80,78.93,080626,,,A*47 (pico_gnss pico-gnss-rs/src/main.rs:453)
340.460464 [INFO ] SYNC pps_local_us=264281365 unix_s=1780920909 drift_us=2 err_ns=6 holdover_ms=999 (pico_gnss pico-gnss-rs/src/main.rs:484)
340.487612 [INFO ] NMEA $GPVTG,78.93,T,,M,0.80,N,1.49,K,A*0C (pico_gnss pico-gnss-rs/src/main.rs:453)
340.516748 [INFO ] NMEA $GPZDA,121509.000,08,06,2026,,*50 (pico_gnss pico-gnss-rs/src/main.rs:453)
340.560454 [INFO ] NMEA $GPGST,121509.000,10,28,16,38.5,24,22,45*5C (pico_gnss pico-gnss-rs/src/main.rs:453)
340.713028 [INFO ] PPSGEN count=335 interval_ns=1000002512 dev_ns=2512 phase_ns=-1448518 hwphase_ns=496 (pico_gnss pico-gnss-rs/src/main.rs:296)
340.714298 [INFO ] PPS count=218 interval_us=1000002 interval_ns=1000002512 state=Locked missed=0 (pico_gnss pico-gnss-rs/src/main.rs:192)
340.880007 [INFO ] NMEA $GPGGA,121510.000,0000.0000,N,00000.0000,E,1,4,2.06,26.5,M,39.0,M,,*6B (pico_gnss pico-gnss-rs/src/main.rs:453)
340.938361 [INFO ] NMEA $GNGLL,0000.0000,N,00000.0000,E,121510.000,A,A*4B (pico_gnss pico-gnss-rs/src/main.rs:453)
340.996702 [INFO ] NMEA $GNGSA,A,3,32,12,15,29,,,,,,,,,2.28,2.06,0.98*1C (pico_gnss pico-gnss-rs/src/main.rs:453)
341.026206 [INFO ] NMEA $GNGSA,A,3,,,,,,,,,,,,,2.28,2.06,0.98*11 (pico_gnss pico-gnss-rs/src/main.rs:453)
341.113500 [INFO ] NMEA $GPGSV,4,1,13,12,62,077,18,25,62,181,18,10,56,257,,23,42,199,*76 (pico_gnss pico-gnss-rs/src/main.rs:453)
341.156438 [INFO ] TIME unix_ns=1780920910442017364 ppb=2522 holdover_ms=1442 locked=1 (pico_gnss pico-gnss-rs/src/main.rs:226)
341.176558 [INFO ] NMEA $GPGSV,4,2,13,32,39,315,18,24,30,063,,28,21,266,,15,14,126,18*7E (pico_gnss pico-gnss-rs/src/main.rs:453)
341.234772 [INFO ] NMEA $GPGSV,4,3,13,19,02,041,,29,01,160,18,193,,,,194,,,*70 (pico_gnss pico-gnss-rs/src/main.rs:453)
341.263957 [INFO ] NMEA $GPGSV,4,4,13,195,,,*46 (pico_gnss pico-gnss-rs/src/main.rs:453)
341.322451 [INFO ] NMEA $GLGSV,2,1,06,74,76,008,,72,72,000,,75,45,224,,71,44,128,*60 (pico_gnss pico-gnss-rs/src/main.rs:453)
341.380656 [INFO ] NMEA $GLGSV,2,2,06,73,26,034,20,65,21,327,*60 (pico_gnss pico-gnss-rs/src/main.rs:453)
341.443472 [INFO ] NMEA $GNRMC,121510.000,A,0000.0000,N,00000.0000,E,0.77,188.76,080626,,,A*76 (pico_gnss pico-gnss-rs/src/main.rs:453)
341.446072 [INFO ] SYNC pps_local_us=265281368 unix_s=1780920910 drift_us=2 err_ns=-9 holdover_ms=999 (pico_gnss pico-gnss-rs/src/main.rs:484)
341.473236 [INFO ] NMEA $GPVTG,188.76,T,,M,0.77,N,1.43,K,A*3B (pico_gnss pico-gnss-rs/src/main.rs:453)
341.531022 [INFO ] NMEA $GPZDA,121510.000,08,06,2026,,*58 (pico_gnss pico-gnss-rs/src/main.rs:453)
341.557638 [INFO ] NMEA $GPGST,121510.000,10,29,16,38.8,25,22,45*59 (pico_gnss pico-gnss-rs/src/main.rs:453)
341.713024 [INFO ] PPSGEN count=336 interval_ns=1000002512 dev_ns=2512 phase_ns=-1411518 hwphase_ns=496 (pico_gnss pico-gnss-rs/src/main.rs:296)
341.714296 [INFO ] PPS count=219 interval_us=1000002 interval_ns=1000002528 state=Locked missed=0 (pico_gnss pico-gnss-rs/src/main.rs:192)
341.887096 [INFO ] NMEA $GPGGA,121511.000,0000.0000,N,00000.0000,E,1,4,2.06,26.5,M,39.0,M,,*61 (pico_gnss pico-gnss-rs/src/main.rs:453)
341.926917 [INFO ] NMEA $GNGLL,0000.0000,N,00000.0000,E,121511.000,A,A*41 (pico_gnss pico-gnss-rs/src/main.rs:453)
341.985295 [INFO ] NMEA $GNGSA,A,3,32,12,15,29,,,,,,,,,2.28,2.06,0.98*1C (pico_gnss pico-gnss-rs/src/main.rs:453)
342.043478 [INFO ] NMEA $GNGSA,A,3,,,,,,,,,,,,,2.28,2.06,0.98*11 (pico_gnss pico-gnss-rs/src/main.rs:453)
342.102125 [INFO ] NMEA $GPGSV,4,1,13,12,62,077,18,25,62,181,18,10,56,257,,23,42,199,*76 (pico_gnss pico-gnss-rs/src/main.rs:453)
342.157716 [INFO ] TIME unix_ns=1780920911443331360 ppb=2522 holdover_ms=1443 locked=1 (pico_gnss pico-gnss-rs/src/main.rs:226)
342.161037 [INFO ] NMEA $GPGSV,4,2,13,32,39,315,18,24,30,063,,28,21,266,,15,14,126,18*7E (pico_gnss pico-gnss-rs/src/main.rs:453)
342.223283 [INFO ] NMEA $GPGSV,4,3,13,19,02,041,,29,01,160,18,193,,,,194,,,*70 (pico_gnss pico-gnss-rs/src/main.rs:453)
342.252541 [INFO ] NMEA $GPGSV,4,4,13,195,,,*46 (pico_gnss pico-gnss-rs/src/main.rs:453)
342.311013 [INFO ] NMEA $GLGSV,2,1,06,74,76,008,,72,72,000,,75,45,224,,71,44,128,*60 (pico_gnss pico-gnss-rs/src/main.rs:453)
342.369268 [INFO ] NMEA $GLGSV,2,2,06,73,26,034,20,65,21,327,*60 (pico_gnss pico-gnss-rs/src/main.rs:453)
342.456634 [INFO ] NMEA $GNRMC,121511.000,A,0000.0000,N,00000.0000,E,0.58,188.76,080626,,,A*71 (pico_gnss pico-gnss-rs/src/main.rs:453)
342.459204 [INFO ] SYNC pps_local_us=266281370 unix_s=1780920911 drift_us=2 err_ns=6 holdover_ms=999 (pico_gnss pico-gnss-rs/src/main.rs:484)
342.490332 [INFO ] NMEA $GPVTG,188.76,T,,M,0.58,N,1.07,K,A*36 (pico_gnss pico-gnss-rs/src/main.rs:453)
342.519719 [INFO ] NMEA $GPZDA,121511.000,08,06,2026,,*59 (pico_gnss pico-gnss-rs/src/main.rs:453)
342.557138 [INFO ] NMEA $GPGST,121511.000,10,29,16,39.3,24,22,45*53 (pico_gnss pico-gnss-rs/src/main.rs:453)
342.713091 [INFO ] PPSGEN count=337 interval_ns=1000002544 dev_ns=2544 phase_ns=-1413518 hwphase_ns=512 (pico_gnss pico-gnss-rs/src/main.rs:296)
342.714374 [INFO ] PPS count=220 interval_us=1000002 interval_ns=1000002512 state=Locked missed=0 (pico_gnss pico-gnss-rs/src/main.rs:192)
342.892270 [INFO ] NMEA $GPGGA,121512.000,0000.0000,N,00000.0000,E,1,4,2.06,26.5,M,39.0,M,,*60 (pico_gnss pico-gnss-rs/src/main.rs:453)
342.950629 [INFO ] NMEA $GNGLL,0000.0000,N,00000.0000,E,121512.000,A,A*40 (pico_gnss pico-gnss-rs/src/main.rs:453)
343.007948 [INFO ] NMEA $GNGSA,A,3,32,12,15,29,,,,,,,,,2.28,2.06,0.98*1C (pico_gnss pico-gnss-rs/src/main.rs:453)
343.037417 [INFO ] NMEA $GNGSA,A,3,,,,,,,,,,,,,2.28,2.06,0.98*11 (pico_gnss pico-gnss-rs/src/main.rs:453)
343.124747 [INFO ] NMEA $GPGSV,4,1,13,12,62,077,18,25,62,181,18,10,56,257,,23,42,199,*76 (pico_gnss pico-gnss-rs/src/main.rs:453)
343.158997 [INFO ] TIME unix_ns=1780920912444622357 ppb=2522 holdover_ms=1444 locked=1 (pico_gnss pico-gnss-rs/src/main.rs:226)
343.183696 [INFO ] NMEA $GPGSV,4,2,13,32,39,315,18,24,30,063,,28,21,266,,15,14,126,18*7E (pico_gnss pico-gnss-rs/src/main.rs:453)
343.245948 [INFO ] NMEA $GPGSV,4,3,13,19,02,041,,29,01,160,18,193,,,,194,,,*70 (pico_gnss pico-gnss-rs/src/main.rs:453)
343.275204 [INFO ] NMEA $GPGSV,4,4,13,195,,,*46 (pico_gnss pico-gnss-rs/src/main.rs:453)
343.333665 [INFO ] NMEA $GLGSV,2,1,06,74,76,008,,72,72,000,,75,45,224,,71,44,128,*60 (pico_gnss pico-gnss-rs/src/main.rs:453)
343.363297 [INFO ] NMEA $GLGSV,2,2,06,73,26,034,20,65,21,327,*60 (pico_gnss pico-gnss-rs/src/main.rs:453)
343.450713 [INFO ] NMEA $GNRMC,121512.000,A,0000.0000,N,00000.0000,E,0.13,188.76,080626,,,A*7F (pico_gnss pico-gnss-rs/src/main.rs:453)
343.453288 [INFO ] SYNC pps_local_us=267281373 unix_s=1780920912 drift_us=2 err_ns=-9 holdover_ms=1000 (pico_gnss pico-gnss-rs/src/main.rs:484)
343.480451 [INFO ] NMEA $GPVTG,188.76,T,,M,0.13,N,0.24,K,A*39 (pico_gnss pico-gnss-rs/src/main.rs:453)
343.513593 [INFO ] NMEA $GPZDA,121512.000,08,06,2026,,*5A (pico_gnss pico-gnss-rs/src/main.rs:453)
343.562634 [INFO ] NMEA $GPGST,121512.000,10,29,16,39.5,25,22,45*57 (pico_gnss pico-gnss-rs/src/main.rs:453)
343.713079 [INFO ] PPSGEN count=338 interval_ns=1000002544 dev_ns=2544 phase_ns=-1479518 hwphase_ns=544 (pico_gnss pico-gnss-rs/src/main.rs:296)
343.714375 [INFO ] PPS count=221 interval_us=1000002 interval_ns=1000002528 state=Locked missed=0 (pico_gnss pico-gnss-rs/src/main.rs:192)
343.899253 [INFO ] NMEA $GPGGA,121513.000,0000.0000,N,00000.0000,E,1,4,2.06,26.4,M,39.0,M,,*61 (pico_gnss pico-gnss-rs/src/main.rs:453)
343.957567 [INFO ] NMEA $GNGLL,0000.0000,N,00000.0000,E,121513.000,A,A*40 (pico_gnss pico-gnss-rs/src/main.rs:453)
344.015891 [INFO ] NMEA $GNGSA,A,3,32,12,15,29,,,,,,,,,2.28,2.06,0.98*1C (pico_gnss pico-gnss-rs/src/main.rs:453)
344.061776 [INFO ] NMEA $GNGSA,A,3,,,,,,,,,,,,,2.28,2.06,0.98*11 (pico_gnss pico-gnss-rs/src/main.rs:453)
344.120431 [INFO ] NMEA $GPGSV,4,1,13,12,62,077,18,25,62,181,18,10,56,257,,23,42,199,*76 (pico_gnss pico-gnss-rs/src/main.rs:453)
344.160280 [INFO ] TIME unix_ns=1780920913445829354 ppb=2522 holdover_ms=1445 locked=1 (pico_gnss pico-gnss-rs/src/main.rs:226)
344.179336 [INFO ] NMEA $GPGSV,4,2,13,32,39,315,18,24,30,063,,28,21,266,,15,13,127,18*78 (pico_gnss pico-gnss-rs/src/main.rs:453)
344.237517 [INFO ] NMEA $GPGSV,4,3,13,19,02,041,,29,01,160,18,193,,,,194,,,*70 (pico_gnss pico-gnss-rs/src/main.rs:453)
344.266804 [INFO ] NMEA $GPGSV,4,4,13,195,,,*46 (pico_gnss pico-gnss-rs/src/main.rs:453)
344.329370 [INFO ] NMEA $GLGSV,2,1,06,74,76,008,20,72,72,000,,75,45,224,,71,44,128,*62 (pico_gnss pico-gnss-rs/src/main.rs:453)
344.387655 [INFO ] NMEA $GLGSV,2,2,06,73,26,034,20,65,21,327,*60 (pico_gnss pico-gnss-rs/src/main.rs:453)
344.446327 [INFO ] NMEA $GNRMC,121513.000,A,0000.0000,N,00000.0000,E,0.33,188.76,080626,,,A*7D (pico_gnss pico-gnss-rs/src/main.rs:453)
344.448880 [INFO ] SYNC pps_local_us=268281375 unix_s=1780920913 drift_us=2 err_ns=6 holdover_ms=999 (pico_gnss pico-gnss-rs/src/main.rs:484)
344.504610 [INFO ] NMEA $GPVTG,188.76,T,,M,0.33,N,0.62,K,A*39 (pico_gnss pico-gnss-rs/src/main.rs:453)
344.533970 [INFO ] NMEA $GPZDA,121513.000,08,06,2026,,*5B (pico_gnss pico-gnss-rs/src/main.rs:453)
344.567495 [INFO ] NMEA $GPGST,121513.000,10,29,17,39.6,25,22,45*54 (pico_gnss pico-gnss-rs/src/main.rs:453)
344.713077 [INFO ] PPSGEN count=339 interval_ns=1000002512 dev_ns=2512 phase_ns=-1483518 hwphase_ns=528 (pico_gnss pico-gnss-rs/src/main.rs:296)
344.714367 [INFO ] PPS count=222 interval_us=1000002 interval_ns=1000002528 state=Locked missed=0 (pico_gnss pico-gnss-rs/src/main.rs:192)
344.888117 [INFO ] NMEA $GPGGA,121514.000,0000.0000,N,00000.0000,E,1,4,2.06,26.4,M,39.0,M,,*6C (pico_gnss pico-gnss-rs/src/main.rs:453)
344.946424 [INFO ] NMEA $GNGLL,0000.0000,N,00000.0000,E,121514.000,A,A*4D (pico_gnss pico-gnss-rs/src/main.rs:453)
345.004785 [INFO ] NMEA $GNGSA,A,3,32,12,15,29,,,,,,,,,2.28,2.06,0.98*1C (pico_gnss pico-gnss-rs/src/main.rs:453)
345.034274 [INFO ] NMEA $GNGSA,A,3,,,,,,,,,,,,,2.28,2.06,0.98*11 (pico_gnss pico-gnss-rs/src/main.rs:453)
345.095881 [INFO ] NMEA $GPGSV,4,1,13,12,62,077,18,25,62,181,18,10,56,257,,23,42,199,*76 (pico_gnss pico-gnss-rs/src/main.rs:453)
345.161578 [INFO ] TIME unix_ns=1780920914447128351 ppb=2522 holdover_ms=1447 locked=1 (pico_gnss pico-gnss-rs/src/main.rs:226)
345.183631 [INFO ] NMEA $GPGSV,4,2,13,32,39,315,18,24,30,063,,28,21,266,,15,13,127,18*78 (pico_gnss pico-gnss-rs/src/main.rs:453)
345.241789 [INFO ] NMEA $GPGSV,4,3,13,19,02,041,,29,01,160,18,193,,,,194,,,*70 (pico_gnss pico-gnss-rs/src/main.rs:453)
345.271015 [INFO ] NMEA $GPGSV,4,4,13,195,,,*46 (pico_gnss pico-gnss-rs/src/main.rs:453)
345.333567 [INFO ] NMEA $GLGSV,2,1,06,74,76,008,,72,72,000,,75,45,224,,71,44,128,*60 (pico_gnss pico-gnss-rs/src/main.rs:453)
345.363099 [INFO ] NMEA $GLGSV,2,2,06,73,26,034,20,65,21,327,*60 (pico_gnss pico-gnss-rs/src/main.rs:453)
345.450511 [INFO ] NMEA $GNRMC,121514.000,A,0000.0000,N,00000.0000,E,0.34,188.76,080626,,,A*77 (pico_gnss pico-gnss-rs/src/main.rs:453)
345.453095 [INFO ] SYNC pps_local_us=269281378 unix_s=1780920914 drift_us=2 err_ns=6 holdover_ms=1000 (pico_gnss pico-gnss-rs/src/main.rs:484)
345.480274 [INFO ] NMEA $GPVTG,188.76,T,,M,0.34,N,0.62,K,A*3E (pico_gnss pico-gnss-rs/src/main.rs:453)
345.509397 [INFO ] NMEA $GPZDA,121514.000,08,06,2026,,*5C (pico_gnss pico-gnss-rs/src/main.rs:453)
345.559393 [INFO ] NMEA $GPGST,121514.000,9.8,29,17,39.7,25,22,45*7C (pico_gnss pico-gnss-rs/src/main.rs:453)
345.713081 [INFO ] PPSGEN count=340 interval_ns=1000002512 dev_ns=2512 phase_ns=-1497518 hwphase_ns=512 (pico_gnss pico-gnss-rs/src/main.rs:296)
345.714357 [INFO ] PPS count=223 interval_us=1000002 interval_ns=1000002512 state=Locked missed=0 (pico_gnss pico-gnss-rs/src/main.rs:192)
345.875898 [INFO ] NMEA $GPGGA,121515.000,0000.0000,N,00000.0000,E,1,4,2.06,26.3,M,39.0,M,,*6A (pico_gnss pico-gnss-rs/src/main.rs:453)
345.934204 [INFO ] NMEA $GNGLL,0000.0000,N,00000.0000,E,121515.000,A,A*4C (pico_gnss pico-gnss-rs/src/main.rs:453)
345.992578 [INFO ] NMEA $GNGSA,A,3,32,12,15,29,,,,,,,,,2.28,2.06,0.98*1C (pico_gnss pico-gnss-rs/src/main.rs:453)
346.050783 [INFO ] NMEA $GNGSA,A,3,,,,,,,,,,,,,2.28,2.06,0.98*11 (pico_gnss pico-gnss-rs/src/main.rs:453)
346.113515 [INFO ] NMEA $GPGSV,4,1,13,12,62,077,18,25,62,181,19,10,56,257,,23,42,199,*77 (pico_gnss pico-gnss-rs/src/main.rs:453)
346.162864 [INFO ] TIME unix_ns=1780920915448408348 ppb=2522 holdover_ms=1448 locked=1 (pico_gnss pico-gnss-rs/src/main.rs:226)
346.172484 [INFO ] NMEA $GPGSV,4,2,13,32,39,315,18,24,30,063,,28,21,266,,15,13,127,18*78 (pico_gnss pico-gnss-rs/src/main.rs:453)
346.230623 [INFO ] NMEA $GPGSV,4,3,13,19,02,041,,29,01,160,18,193,,,,194,,,*70 (pico_gnss pico-gnss-rs/src/main.rs:453)
346.259878 [INFO ] NMEA $GPGSV,4,4,13,195,,,*46 (pico_gnss pico-gnss-rs/src/main.rs:453)
346.318326 [INFO ] NMEA $GLGSV,2,1,06,74,76,008,,72,72,000,,75,45,224,,71,44,128,*60 (pico_gnss pico-gnss-rs/src/main.rs:453)
346.380664 [INFO ] NMEA $GLGSV,2,2,06,73,26,034,19,65,21,327,*6A (pico_gnss pico-gnss-rs/src/main.rs:453)
346.439418 [INFO ] NMEA $GNRMC,121515.000,A,0000.0000,N,00000.0000,E,0.70,117.79,080626,,,A*7F (pico_gnss pico-gnss-rs/src/main.rs:453)
346.441968 [INFO ] SYNC pps_local_us=270281380 unix_s=1780920915 drift_us=2 err_ns=-9 holdover_ms=999 (pico_gnss pico-gnss-rs/src/main.rs:484)
346.497656 [INFO ] NMEA $GPVTG,117.79,T,,M,0.70,N,1.29,K,A*39 (pico_gnss pico-gnss-rs/src/main.rs:453)
346.527040 [INFO ] NMEA $GPZDA,121515.000,08,06,2026,,*5D (pico_gnss pico-gnss-rs/src/main.rs:453)
346.556529 [INFO ] NMEA $GPGST,121515.000,9.8,29,16,40.0,25,23,45*74 (pico_gnss pico-gnss-rs/src/main.rs:453)
346.713088 [INFO ] PPSGEN count=341 interval_ns=1000002512 dev_ns=2512 phase_ns=-1471518 hwphase_ns=512 (pico_gnss pico-gnss-rs/src/main.rs:296)
346.714347 [INFO ] PPS count=224 interval_us=1000002 interval_ns=1000002528 state=Locked missed=0 (pico_gnss pico-gnss-rs/src/main.rs:192)
346.892342 [INFO ] NMEA $GPGGA,121516.000,0000.0000,N,00000.0000,E,1,4,2.06,26.3,M,39.0,M,,*63 (pico_gnss pico-gnss-rs/src/main.rs:453)
346.950671 [INFO ] NMEA $GNGLL,0000.0000,N,00000.0000,E,121516.000,A,A*45 (pico_gnss pico-gnss-rs/src/main.rs:453)
347.009001 [INFO ] NMEA $GNGSA,A,3,32,12,15,29,,,,,,,,,2.28,2.06,0.98*1C (pico_gnss pico-gnss-rs/src/main.rs:453)
347.038527 [INFO ] NMEA $GNGSA,A,3,,,,,,,,,,,,,2.28,2.06,0.98*11 (pico_gnss pico-gnss-rs/src/main.rs:453)
347.097071 [INFO ] NMEA $GPGSV,4,1,13,12,62,077,18,25,62,181,19,10,56,257,,23,42,199,*77 (pico_gnss pico-gnss-rs/src/main.rs:453)
347.164162 [INFO ] TIME unix_ns=1780920916449723344 ppb=2522 holdover_ms=1449 locked=1 (pico_gnss pico-gnss-rs/src/main.rs:226)
347.188912 [INFO ] NMEA $GPGSV,4,2,13,32,39,315,18,24,30,063,,28,21,266,,15,13,127,18*78 (pico_gnss pico-gnss-rs/src/main.rs:453)
347.247091 [INFO ] NMEA $GPGSV,4,3,13,19,02,041,,29,01,160,18,193,,,,194,,,*70 (pico_gnss pico-gnss-rs/src/main.rs:453)
347.248481 [INFO ] NMEA $GPGSV,4,4,13,195,,,*46 (pico_gnss pico-gnss-rs/src/main.rs:453)
347.334768 [INFO ] NMEA $GLGSV,2,1,06,74,76,008,,72,72,000,,75,45,224,,71,44,128,*60 (pico_gnss pico-gnss-rs/src/main.rs:453)
347.364318 [INFO ] NMEA $GLGSV,2,2,06,73,26,034,19,65,21,327,*6A (pico_gnss pico-gnss-rs/src/main.rs:453)
347.455852 [INFO ] NMEA $GNRMC,121516.000,A,0000.0000,N,00000.0000,E,1.08,174.57,080626,,,A*71 (pico_gnss pico-gnss-rs/src/main.rs:453)
347.458428 [INFO ] SYNC pps_local_us=271281383 unix_s=1780920916 drift_us=2 err_ns=6 holdover_ms=1000 (pico_gnss pico-gnss-rs/src/main.rs:484)
347.485579 [INFO ] NMEA $GPVTG,174.57,T,,M,1.08,N,2.00,K,A*36 (pico_gnss pico-gnss-rs/src/main.rs:453)
347.514699 [INFO ] NMEA $GPZDA,121516.000,08,06,2026,,*5E (pico_gnss pico-gnss-rs/src/main.rs:453)
347.560534 [INFO ] NMEA $GPGST,121516.000,9.8,29,16,40.2,25,23,45*75 (pico_gnss pico-gnss-rs/src/main.rs:453)
347.713030 [INFO ] PPSGEN count=342 interval_ns=1000002512 dev_ns=2512 phase_ns=-1463518 hwphase_ns=496 (pico_gnss pico-gnss-rs/src/main.rs:296)
347.714309 [INFO ] PPS count=225 interval_us=1000002 interval_ns=1000002528 state=Locked missed=0 (pico_gnss pico-gnss-rs/src/main.rs:192)
347.888232 [INFO ] NMEA $GPGGA,121517.000,0000.0000,N,00000.0000,E,1,4,2.06,26.2,M,39.0,M,,*6D (pico_gnss pico-gnss-rs/src/main.rs:453)
347.937294 [INFO ] NMEA $GNGLL,0000.0000,N,00000.0000,E,121517.000,A,A*4A (pico_gnss pico-gnss-rs/src/main.rs:453)
347.995615 [INFO ] NMEA $GNGSA,A,3,32,12,15,29,,,,,,,,,2.28,2.06,0.98*1C (pico_gnss pico-gnss-rs/src/main.rs:453)
348.025126 [INFO ] NMEA $GNGSA,A,3,,,,,,,,,,,,,2.28,2.06,0.98*11 (pico_gnss pico-gnss-rs/src/main.rs:453)
348.112457 [INFO ] NMEA $GPGSV,4,1,13,12,62,077,18,25,62,181,18,10,56,257,,23,42,199,*76 (pico_gnss pico-gnss-rs/src/main.rs:453)
348.165461 [INFO ] TIME unix_ns=1780920917451020341 ppb=2522 holdover_ms=1451 locked=1 (pico_gnss pico-gnss-rs/src/main.rs:226)
348.171418 [INFO ] NMEA $GPGSV,4,2,13,32,39,315,18,24,30,063,,28,21,266,,15,13,127,18*78 (pico_gnss pico-gnss-rs/src/main.rs:453)
348.233634 [INFO ] NMEA $GPGSV,4,3,13,19,02,040,,29,01,160,18,193,,,,194,,,*71 (pico_gnss pico-gnss-rs/src/main.rs:453)
348.262889 [INFO ] NMEA $GPGSV,4,4,13,195,,,*46 (pico_gnss pico-gnss-rs/src/main.rs:453)
348.321399 [INFO ] NMEA $GLGSV,2,1,06,74,76,008,,72,72,000,,75,45,224,,71,44,128,*60 (pico_gnss pico-gnss-rs/src/main.rs:453)
348.379619 [INFO ] NMEA $GLGSV,2,2,06,73,26,034,19,65,21,327,*6A (pico_gnss pico-gnss-rs/src/main.rs:453)
348.438345 [INFO ] NMEA $GNRMC,121517.000,A,0000.0000,N,00000.0000,E,0.87,194.30,080626,,,A*77 (pico_gnss pico-gnss-rs/src/main.rs:453)
348.440933 [INFO ] SYNC pps_local_us=272281385 unix_s=1780920917 drift_us=2 err_ns=6 holdover_ms=999 (pico_gnss pico-gnss-rs/src/main.rs:484)
348.471947 [INFO ] NMEA $GPVTG,194.30,T,,M,0.87,N,1.62,K,A*38 (pico_gnss pico-gnss-rs/src/main.rs:453)
348.529955 [INFO ] NMEA $GPZDA,121517.000,08,06,2026,,*5F (pico_gnss pico-gnss-rs/src/main.rs:453)
348.559744 [INFO ] NMEA $GPGST,121517.000,9.8,29,17,40.5,25,23,45*72 (pico_gnss pico-gnss-rs/src/main.rs:453)
348.713034 [INFO ] PPSGEN count=343 interval_ns=1000002512 dev_ns=2512 phase_ns=-1423518 hwphase_ns=480 (pico_gnss pico-gnss-rs/src/main.rs:296)
348.714313 [INFO ] PPS count=226 interval_us=1000002 interval_ns=1000002512 state=Locked missed=0 (pico_gnss pico-gnss-rs/src/main.rs:192)
348.886305 [INFO ] NMEA $GPGGA,121518.000,0000.0000,N,00000.0000,E,1,4,2.06,26.1,M,39.0,M,,*60 (pico_gnss pico-gnss-rs/src/main.rs:453)
348.944616 [INFO ] NMEA $GNGLL,0000.0000,N,00000.0000,E,121518.000,A,A*44 (pico_gnss pico-gnss-rs/src/main.rs:453)
348.981351 [INFO ] NMEA $GNGSA,A,3,32,12,15,29,,,,,,,,,2.28,2.06,0.98*1C (pico_gnss pico-gnss-rs/src/main.rs:453)
349.039609 [INFO ] NMEA $GNGSA,A,3,,,,,,,,,,,,,2.28,2.06,0.98*11 (pico_gnss pico-gnss-rs/src/main.rs:453)
349.098217 [INFO ] NMEA $GPGSV,4,1,13,12,62,077,18,25,62,181,18,10,56,257,,23,42,199,*76 (pico_gnss pico-gnss-rs/src/main.rs:453)
349.166754 [INFO ] TIME unix_ns=1780920918452348338 ppb=2522 holdover_ms=1452 locked=1 (pico_gnss pico-gnss-rs/src/main.rs:226)
349.185969 [INFO ] NMEA $GPGSV,4,2,13,32,39,315,18,24,30,063,,28,21,266,,15,13,127,18*78 (pico_gnss pico-gnss-rs/src/main.rs:453)
349.244038 [INFO ] NMEA $GPGSV,4,3,13,19,02,040,,29,01,160,18,193,,,,194,,,*71 (pico_gnss pico-gnss-rs/src/main.rs:453)
349.248682 [INFO ] NMEA $GPGSV,4,4,13,195,,,*46 (pico_gnss pico-gnss-rs/src/main.rs:453)
349.335928 [INFO ] NMEA $GLGSV,2,1,06,74,76,008,,72,72,000,,75,45,224,,71,44,128,*60 (pico_gnss pico-gnss-rs/src/main.rs:453)
349.365425 [INFO ] NMEA $GLGSV,2,2,06,73,26,034,19,65,21,327,*6A (pico_gnss pico-gnss-rs/src/main.rs:453)
349.452871 [INFO ] NMEA $GNRMC,121518.000,A,0000.0000,N,00000.0000,E,1.02,224.41,080626,,,A*7B (pico_gnss pico-gnss-rs/src/main.rs:453)
349.455448 [INFO ] SYNC pps_local_us=273281388 unix_s=1780920918 drift_us=2 err_ns=-9 holdover_ms=1000 (pico_gnss pico-gnss-rs/src/main.rs:484)
349.482588 [INFO ] NMEA $GPVTG,224.41,T,,M,1.02,N,1.89,K,A*3F (pico_gnss pico-gnss-rs/src/main.rs:453)
349.515727 [INFO ] NMEA $GPZDA,121518.000,08,06,2026,,*50 (pico_gnss pico-gnss-rs/src/main.rs:453)
349.557476 [INFO ] NMEA $GPGST,121518.000,9.8,29,16,40.6,25,23,44*7E (pico_gnss pico-gnss-rs/src/main.rs:453)
349.713107 [INFO ] PPSGEN count=344 interval_ns=1000002544 dev_ns=2544 phase_ns=-1420518 hwphase_ns=512 (pico_gnss pico-gnss-rs/src/main.rs:296)
349.714378 [INFO ] PPS count=227 interval_us=1000002 interval_ns=1000002512 state=Locked missed=0 (pico_gnss pico-gnss-rs/src/main.rs:192)
349.886336 [INFO ] NMEA $GPGGA,121519.000,0000.0000,N,00000.0000,E,1,4,2.06,26.0,M,39.0,M,,*61 (pico_gnss pico-gnss-rs/src/main.rs:453)
349.944664 [INFO ] NMEA $GNGLL,0000.0000,N,00000.0000,E,121519.000,A,A*44 (pico_gnss pico-gnss-rs/src/main.rs:453)
350.003020 [INFO ] NMEA $GNGSA,A,3,32,12,15,29,,,,,,,,,2.28,2.06,0.98*1C (pico_gnss pico-gnss-rs/src/main.rs:453)
350.027459 [INFO ] NMEA $GNGSA,A,3,,,,,,,,,,,,,2.28,2.06,0.98*11 (pico_gnss pico-gnss-rs/src/main.rs:453)
350.114769 [INFO ] NMEA $GPGSV,4,1,13,12,62,077,18,25,62,181,18,10,56,257,,23,42,199,*76 (pico_gnss pico-gnss-rs/src/main.rs:453)
350.168051 [INFO ] TIME unix_ns=1780920919453647335 ppb=2522 holdover_ms=1453 locked=1 (pico_gnss pico-gnss-rs/src/main.rs:226)
350.173746 [INFO ] NMEA $GPGSV,4,2,13,32,39,315,18,24,30,063,,28,21,266,,15,13,127,18*78 (pico_gnss pico-gnss-rs/src/main.rs:453)
350.231879 [INFO ] NMEA $GPGSV,4,3,13,19,02,040,,29,01,160,18,193,,,,194,,,*71 (pico_gnss pico-gnss-rs/src/main.rs:453)
350.261102 [INFO ] NMEA $GPGSV,4,4,13,195,,,*46 (pico_gnss pico-gnss-rs/src/main.rs:453)
350.323701 [INFO ] NMEA $GLGSV,2,1,06,74,76,008,,72,72,000,,75,45,224,,71,44,128,*60 (pico_gnss pico-gnss-rs/src/main.rs:453)
350.353231 [INFO ] NMEA $GLGSV,2,2,06,73,26,034,18,65,21,327,*6B (pico_gnss pico-gnss-rs/src/main.rs:453)
350.440615 [INFO ] NMEA $GNRMC,121519.000,A,0000.0000,N,00000.0000,E,0.44,224.41,080626,,,A*78 (pico_gnss pico-gnss-rs/src/main.rs:453)
350.443186 [INFO ] SYNC pps_local_us=274281390 unix_s=1780920919 drift_us=2 err_ns=-9 holdover_ms=1000 (pico_gnss pico-gnss-rs/src/main.rs:484)
350.470400 [INFO ] NMEA $GPVTG,224.41,T,,M,0.44,N,0.81,K,A*35 (pico_gnss pico-gnss-rs/src/main.rs:453)
350.528190 [INFO ] NMEA $GPZDA,121519.000,08,06,2026,,*51 (pico_gnss pico-gnss-rs/src/main.rs:453)
350.558195 [INFO ] NMEA $GPGST,121519.000,9.7,30,17,40.8,25,23,44*77 (pico_gnss pico-gnss-rs/src/main.rs:453)
350.713092 [INFO ] PPSGEN count=345 interval_ns=1000002544 dev_ns=2544 phase_ns=-1474517 hwphase_ns=544 (pico_gnss pico-gnss-rs/src/main.rs:296)
350.714371 [INFO ] PPS count=228 interval_us=1000002 interval_ns=1000002528 state=Locked missed=0 (pico_gnss pico-gnss-rs/src/main.rs:192)
350.891210 [INFO ] NMEA $GPGGA,121520.000,0000.0000,N,00000.0000,E,1,4,2.06,26.0,M,39.0,M,,*6A (pico_gnss pico-gnss-rs/src/main.rs:453)
350.949511 [INFO ] NMEA $GNGLL,0000.0000,N,00000.0000,E,121520.000,A,A*4F (pico_gnss pico-gnss-rs/src/main.rs:453)
351.007875 [INFO ] NMEA $GNGSA,A,3,32,12,15,29,,,,,,,,,2.28,2.06,0.98*1C (pico_gnss pico-gnss-rs/src/main.rs:453)
351.037354 [INFO ] NMEA $GNGSA,A,3,,,,,,,,,,,,,2.28,2.06,0.98*11 (pico_gnss pico-gnss-rs/src/main.rs:453)
351.107219 [INFO ] NMEA $GPGSV,4,1,13,12,62,077,18,25,62,181,18,10,56,257,,23,42,199,*76 (pico_gnss pico-gnss-rs/src/main.rs:453)
351.165807 [INFO ] NMEA $GPGSV,4,2,13,32,39,315,18,24,30,063,,28,21,266,,15,13,127,18*78 (pico_gnss pico-gnss-rs/src/main.rs:453)
351.169307 [INFO ] TIME unix_ns=1780920920454882331 ppb=2522 holdover_ms=1454 locked=1 (pico_gnss pico-gnss-rs/src/main.rs:226)
351.224389 [INFO ] NMEA $GPGSV,4,3,13,19,02,040,,29,01,160,18,193,,,,194,,,*71 (pico_gnss pico-gnss-rs/src/main.rs:453)
351.253563 [INFO ] NMEA $GPGSV,4,4,13,195,,,*46 (pico_gnss pico-gnss-rs/src/main.rs:453)
351.340731 [INFO ] NMEA $GLGSV,2,1,06,74,76,008,,72,72,000,,75,45,224,,71,44,128,*60 (pico_gnss pico-gnss-rs/src/main.rs:453)
351.374354 [INFO ] NMEA $GLGSV,2,2,06,73,26,034,18,65,21,327,*6B (pico_gnss pico-gnss-rs/src/main.rs:453)
351.433052 [INFO ] NMEA $GNRMC,121520.000,A,0000.0000,N,00000.0000,E,1.40,136.37,080626,,,A*77 (pico_gnss pico-gnss-rs/src/main.rs:453)
351.435639 [INFO ] SYNC pps_local_us=275281393 unix_s=1780920920 drift_us=2 err_ns=7 holdover_ms=999 (pico_gnss pico-gnss-rs/src/main.rs:484)
351.491335 [INFO ] NMEA $GPVTG,136.37,T,,M,1.40,N,2.60,K,A*3C (pico_gnss pico-gnss-rs/src/main.rs:453)
351.520656 [INFO ] NMEA $GPZDA,121520.000,08,06,2026,,*5B (pico_gnss pico-gnss-rs/src/main.rs:453)
351.562340 [INFO ] NMEA $GPGST,121520.000,9.7,30,17,40.9,25,23,44*7C (pico_gnss pico-gnss-rs/src/main.rs:453)
351.713097 [INFO ] PPSGEN count=346 interval_ns=1000002512 dev_ns=2512 phase_ns=-1463518 hwphase_ns=528 (pico_gnss pico-gnss-rs/src/main.rs:296)
351.714358 [INFO ] PPS count=229 interval_us=1000002 interval_ns=1000002512 state=Locked missed=0 (pico_gnss pico-gnss-rs/src/main.rs:192)
351.882031 [INFO ] NMEA $GPGGA,121521.000,0000.0000,N,00000.0000,E,1,4,2.06,25.9,M,39.0,M,,*62 (pico_gnss pico-gnss-rs/src/main.rs:453)
351.940369 [INFO ] NMEA $GNGLL,0000.0000,N,00000.0000,E,121521.000,A,A*4D (pico_gnss pico-gnss-rs/src/main.rs:453)
351.998708 [INFO ] NMEA $GNGSA,A,3,32,12,15,29,,,,,,,,,2.28,2.06,0.98*1C (pico_gnss pico-gnss-rs/src/main.rs:453)
352.028237 [INFO ] NMEA $GNGSA,A,3,,,,,,,,,,,,,2.28,2.06,0.98*11 (pico_gnss pico-gnss-rs/src/main.rs:453)
352.119659 [INFO ] NMEA $GPGSV,4,1,13,12,62,077,18,25,62,181,18,10,56,257,,23,41,198,*74 (pico_gnss pico-gnss-rs/src/main.rs:453)
352.170592 [INFO ] TIME unix_ns=1780920921456142329 ppb=2522 holdover_ms=1456 locked=1 (pico_gnss pico-gnss-rs/src/main.rs:226)
352.178629 [INFO ] NMEA $GPGSV,4,2,13,32,39,315,18,24,30,063,,28,21,266,,15,13,127,18*78 (pico_gnss pico-gnss-rs/src/main.rs:453)
352.236791 [INFO ] NMEA $GPGSV,4,3,13,19,02,040,,29,01,160,18,193,,,,194,,,*71 (pico_gnss pico-gnss-rs/src/main.rs:453)
352.266000 [INFO ] NMEA $GPGSV,4,4,13,195,,,*46 (pico_gnss pico-gnss-rs/src/main.rs:453)
352.324484 [INFO ] NMEA $GLGSV,2,1,06,74,76,008,,72,72,000,,75,45,224,,71,44,128,*60 (pico_gnss pico-gnss-rs/src/main.rs:453)
352.353984 [INFO ] NMEA $GLGSV,2,2,06,73,26,034,18,65,21,327,*6B (pico_gnss pico-gnss-rs/src/main.rs:453)
352.445513 [INFO ] NMEA $GNRMC,121521.000,A,0000.0000,N,00000.0000,E,0.33,136.37,080626,,,A*70 (pico_gnss pico-gnss-rs/src/main.rs:453)
352.448112 [INFO ] SYNC pps_local_us=276281395 unix_s=1780920921 drift_us=2 err_ns=-9 holdover_ms=999 (pico_gnss pico-gnss-rs/src/main.rs:484)
352.475279 [INFO ] NMEA $GPVTG,136.37,T,,M,0.33,N,0.61,K,A*3A (pico_gnss pico-gnss-rs/src/main.rs:453)
352.533042 [INFO ] NMEA $GPZDA,121521.000,08,06,2026,,*5A (pico_gnss pico-gnss-rs/src/main.rs:453)
352.558634 [INFO ] NMEA $GPGST,121521.000,9.6,30,17,41.0,25,23,44*74 (pico_gnss pico-gnss-rs/src/main.rs:453)
352.713086 [INFO ] PPSGEN count=347 interval_ns=1000002512 dev_ns=2512 phase_ns=-1467517 hwphase_ns=528 (pico_gnss pico-gnss-rs/src/main.rs:296)
352.714359 [INFO ] PPS count=230 interval_us=1000002 interval_ns=1000002528 state=Locked missed=0 (pico_gnss pico-gnss-rs/src/main.rs:192)
352.897653 [INFO ] NMEA $GPGGA,121522.000,0000.0000,N,00000.0000,E,1,4,2.06,25.9,M,39.0,M,,*69 (pico_gnss pico-gnss-rs/src/main.rs:453)
352.927308 [INFO ] NMEA $GNGLL,0000.0000,N,00000.0000,E,121522.000,A,A*46 (pico_gnss pico-gnss-rs/src/main.rs:453)
352.985601 [INFO ] NMEA $GNGSA,A,3,32,12,15,29,,,,,,,,,2.28,2.06,0.98*1C (pico_gnss pico-gnss-rs/src/main.rs:453)
353.043853 [INFO ] NMEA $GNGSA,A,3,,,,,,,,,,,,,2.28,2.06,0.98*11 (pico_gnss pico-gnss-rs/src/main.rs:453)
353.102461 [INFO ] NMEA $GPGSV,4,1,13,12,62,077,18,25,62,181,18,10,56,257,,23,41,198,*74 (pico_gnss pico-gnss-rs/src/main.rs:453)
353.165150 [INFO ] NMEA $GPGSV,4,2,13,32,39,315,18,24,29,064,,28,21,266,,15,13,127,18*77 (pico_gnss pico-gnss-rs/src/main.rs:453)
353.171873 [INFO ] TIME unix_ns=1780920922457445325 ppb=2522 holdover_ms=1457 locked=1 (pico_gnss pico-gnss-rs/src/main.rs:226)
353.223706 [INFO ] NMEA $GPGSV,4,3,13,19,02,040,,29,01,160,18,193,,,,194,,,*71 (pico_gnss pico-gnss-rs/src/main.rs:453)
353.252942 [INFO ] NMEA $GPGSV,4,4,13,195,,,*46 (pico_gnss pico-gnss-rs/src/main.rs:453)
353.311355 [INFO ] NMEA $GLGSV,2,1,06,74,76,008,,72,72,000,,75,45,224,,71,44,128,*60 (pico_gnss pico-gnss-rs/src/main.rs:453)
353.369614 [INFO ] NMEA $GLGSV,2,2,06,73,26,034,18,65,21,327,*6B (pico_gnss pico-gnss-rs/src/main.rs:453)
353.432393 [INFO ] NMEA $GNRMC,121522.000,A,0000.0000,N,00000.0000,E,0.81,143.64,080626,,,A*76 (pico_gnss pico-gnss-rs/src/main.rs:453)
353.434966 [INFO ] SYNC pps_local_us=277281398 unix_s=1780920922 drift_us=2 err_ns=7 holdover_ms=1000 (pico_gnss pico-gnss-rs/src/main.rs:484)
353.490688 [INFO ] NMEA $GPVTG,143.64,T,,M,0.81,N,1.51,K,A*35 (pico_gnss pico-gnss-rs/src/main.rs:453)
353.520080 [INFO ] NMEA $GPZDA,121522.000,08,06,2026,,*59 (pico_gnss pico-gnss-rs/src/main.rs:453)
353.557510 [INFO ] NMEA $GPGST,121522.000,9.5,30,17,41.1,25,23,44*75 (pico_gnss pico-gnss-rs/src/main.rs:453)
353.713098 [INFO ] PPSGEN count=348 interval_ns=1000002512 dev_ns=2512 phase_ns=-1454518 hwphase_ns=512 (pico_gnss pico-gnss-rs/src/main.rs:296)
353.714365 [INFO ] PPS count=231 interval_us=1000002 interval_ns=1000002528 state=Locked missed=0 (pico_gnss pico-gnss-rs/src/main.rs:192)
353.888148 [INFO ] NMEA $GPGGA,121523.000,0000.0000,N,00000.0000,E,1,4,2.06,25.8,M,39.0,M,,*63 (pico_gnss pico-gnss-rs/src/main.rs:453)
353.945427 [INFO ] NMEA $GNGLL,0000.0000,N,00000.0000,E,121523.000,A,A*4D (pico_gnss pico-gnss-rs/src/main.rs:453)
354.003805 [INFO ] NMEA $GNGSA,A,3,32,12,15,29,,,,,,,,,2.28,2.06,0.98*1C (pico_gnss pico-gnss-rs/src/main.rs:453)
354.033284 [INFO ] NMEA $GNGSA,A,3,,,,,,,,,,,,,2.28,2.06,0.98*11 (pico_gnss pico-gnss-rs/src/main.rs:453)
354.120588 [INFO ] NMEA $GPGSV,4,1,13,25,63,181,18,12,62,077,18,10,56,257,,23,41,198,*75 (pico_gnss pico-gnss-rs/src/main.rs:453)
354.173148 [INFO ] TIME unix_ns=1780920923458692322 ppb=2522 holdover_ms=1458 locked=1 (pico_gnss pico-gnss-rs/src/main.rs:226)
354.179575 [INFO ] NMEA $GPGSV,4,2,13,32,39,315,18,24,29,064,,28,21,266,,15,13,127,18*77 (pico_gnss pico-gnss-rs/src/main.rs:453)
354.241793 [INFO ] NMEA $GPGSV,4,3,13,19,02,040,,29,01,160,18,193,,,,194,,,*71 (pico_gnss pico-gnss-rs/src/main.rs:453)
354.271073 [INFO ] NMEA $GPGSV,4,4,13,195,,,*46 (pico_gnss pico-gnss-rs/src/main.rs:453)
354.329543 [INFO ] NMEA $GLGSV,2,1,06,74,76,008,,72,72,000,,75,45,224,,71,44,128,*60 (pico_gnss pico-gnss-rs/src/main.rs:453)
354.359034 [INFO ] NMEA $GLGSV,2,2,06,73,26,034,18,65,21,327,*6B (pico_gnss pico-gnss-rs/src/main.rs:453)
354.446448 [INFO ] NMEA $GNRMC,121523.000,A,0000.0000,N,00000.0000,E,0.77,111.50,080626,,,A*74 (pico_gnss pico-gnss-rs/src/main.rs:453)
354.449042 [INFO ] SYNC pps_local_us=278281400 unix_s=1780920923 drift_us=2 err_ns=7 holdover_ms=999 (pico_gnss pico-gnss-rs/src/main.rs:484)
354.480057 [INFO ] NMEA $GPVTG,111.50,T,,M,0.77,N,1.43,K,A*3F (pico_gnss pico-gnss-rs/src/main.rs:453)
354.509398 [INFO ] NMEA $GPZDA,121523.000,08,06,2026,,*58 (pico_gnss pico-gnss-rs/src/main.rs:453)
354.559435 [INFO ] NMEA $GPGST,121523.000,9.4,30,16,41.1,25,23,44*74 (pico_gnss pico-gnss-rs/src/main.rs:453)
354.713070 [INFO ] PPSGEN count=349 interval_ns=1000002512 dev_ns=2512 phase_ns=-1443518 hwphase_ns=496 (pico_gnss pico-gnss-rs/src/main.rs:296)
354.714343 [INFO ] PPS count=232 interval_us=1000002 interval_ns=1000002528 state=Locked missed=0 (pico_gnss pico-gnss-rs/src/main.rs:192)
354.886988 [INFO ] NMEA $GPGGA,121524.000,0000.0000,N,00000.0000,E,1,4,2.06,25.8,M,39.0,M,,*60 (pico_gnss pico-gnss-rs/src/main.rs:453)
354.945300 [INFO ] NMEA $GNGLL,0000.0000,N,00000.0000,E,121524.000,A,A*4E (pico_gnss pico-gnss-rs/src/main.rs:453)
354.990279 [INFO ] NMEA $GNGSA,A,3,32,12,15,29,,,,,,,,,2.28,2.06,0.98*1C (pico_gnss pico-gnss-rs/src/main.rs:453)
355.048490 [INFO ] NMEA $GNGSA,A,3,,,,,,,,,,,,,2.28,2.06,0.98*11 (pico_gnss pico-gnss-rs/src/main.rs:453)
355.107127 [INFO ] NMEA $GPGSV,4,1,13,25,63,181,18,12,62,077,18,10,56,257,,23,41,198,*75 (pico_gnss pico-gnss-rs/src/main.rs:453)
355.165722 [INFO ] NMEA $GPGSV,4,2,13,32,39,315,18,24,29,064,,28,21,266,,15,13,127,18*77 (pico_gnss pico-gnss-rs/src/main.rs:453)
355.174424 [INFO ] TIME unix_ns=1780920924459998318 ppb=2522 holdover_ms=1460 locked=1 (pico_gnss pico-gnss-rs/src/main.rs:226)
355.224268 [INFO ] NMEA $GPGSV,4,3,13,19,02,040,,29,01,160,18,193,,,,194,,,*71 (pico_gnss pico-gnss-rs/src/main.rs:453)
355.257500 [INFO ] NMEA $GPGSV,4,4,13,195,,,*46 (pico_gnss pico-gnss-rs/src/main.rs:453)
355.315996 [INFO ] NMEA $GLGSV,2,1,06,74,76,008,,72,72,000,,75,45,224,,71,44,128,*60 (pico_gnss pico-gnss-rs/src/main.rs:453)
355.374262 [INFO ] NMEA $GLGSV,2,2,06,73,26,034,17,65,21,327,*64 (pico_gnss pico-gnss-rs/src/main.rs:453)
355.432957 [INFO ] NMEA $GNRMC,121524.000,A,0000.0000,N,00000.0000,E,0.19,111.50,080626,,,A*7F (pico_gnss pico-gnss-rs/src/main.rs:453)
355.435531 [INFO ] SYNC pps_local_us=279281403 unix_s=1780920924 drift_us=2 err_ns=6 holdover_ms=999 (pico_gnss pico-gnss-rs/src/main.rs:484)
355.491225 [INFO ] NMEA $GPVTG,111.50,T,,M,0.19,N,0.35,K,A*37 (pico_gnss pico-gnss-rs/src/main.rs:453)
355.524604 [INFO ] NMEA $GPZDA,121524.000,08,06,2026,,*5F (pico_gnss pico-gnss-rs/src/main.rs:453)
355.554183 [INFO ] NMEA $GPGST,121524.000,9.4,30,17,41.1,25,23,44*72 (pico_gnss pico-gnss-rs/src/main.rs:453)
355.713055 [INFO ] PPSGEN count=350 interval_ns=1000002512 dev_ns=2512 phase_ns=-1445518 hwphase_ns=480 (pico_gnss pico-gnss-rs/src/main.rs:296)
355.714333 [INFO ] PPS count=233 interval_us=1000002 interval_ns=1000002512 state=Locked missed=0 (pico_gnss pico-gnss-rs/src/main.rs:192)
355.889174 [INFO ] NMEA $GPGGA,121525.000,0000.0000,N,00000.0000,E,1,4,2.06,25.7,M,39.0,M,,*6E (pico_gnss pico-gnss-rs/src/main.rs:453)
355.947471 [INFO ] NMEA $GNGLL,0000.0000,N,00000.0000,E,121525.000,A,A*4F (pico_gnss pico-gnss-rs/src/main.rs:453)
356.005864 [INFO ] NMEA $GNGSA,A,3,32,12,15,29,,,,,,,,,2.28,2.06,0.98*1C (pico_gnss pico-gnss-rs/src/main.rs:453)
356.038394 [INFO ] NMEA $GNGSA,A,3,,,,,,,,,,,,,2.28,2.06,0.98*11 (pico_gnss pico-gnss-rs/src/main.rs:453)
356.096987 [INFO ] NMEA $GPGSV,4,1,13,25,63,181,18,12,62,077,18,10,56,257,,23,41,198,*75 (pico_gnss pico-gnss-rs/src/main.rs:453)
356.175707 [INFO ] TIME unix_ns=1780920925461275315 ppb=2522 holdover_ms=1461 locked=1 (pico_gnss pico-gnss-rs/src/main.rs:226)
356.184690 [INFO ] NMEA $GPGSV,4,2,13,32,39,315,18,24,29,064,,28,21,266,,15,13,127,18*77 (pico_gnss pico-gnss-rs/src/main.rs:453)
356.242851 [INFO ] NMEA $GPGSV,4,3,13,19,02,040,,29,01,160,18,193,,,,194,,,*71 (pico_gnss pico-gnss-rs/src/main.rs:453)
356.272099 [INFO ] NMEA $GPGSV,4,4,13,195,,,*46 (pico_gnss pico-gnss-rs/src/main.rs:453)
356.334692 [INFO ] NMEA $GLGSV,2,1,06,74,76,008,,72,72,000,,75,45,224,,71,44,128,*60 (pico_gnss pico-gnss-rs/src/main.rs:453)
356.364238 [INFO ] NMEA $GLGSV,2,2,06,73,26,034,17,65,21,327,*64 (pico_gnss pico-gnss-rs/src/main.rs:453)
356.451605 [INFO ] NMEA $GNRMC,121525.000,A,0000.0000,N,00000.0000,E,0.89,14.05,080626,,,A*43 (pico_gnss pico-gnss-rs/src/main.rs:453)
356.454173 [INFO ] SYNC pps_local_us=280281405 unix_s=1780920925 drift_us=2 err_ns=-9 holdover_ms=1000 (pico_gnss pico-gnss-rs/src/main.rs:484)
356.481370 [INFO ] NMEA $GPVTG,14.05,T,,M,0.89,N,1.64,K,A*0F (pico_gnss pico-gnss-rs/src/main.rs:453)
356.510506 [INFO ] NMEA $GPZDA,121525.000,08,06,2026,,*5E (pico_gnss pico-gnss-rs/src/main.rs:453)
356.558624 [INFO ] NMEA $GPGST,121525.000,9.3,30,17,41.2,25,23,43*70 (pico_gnss pico-gnss-rs/src/main.rs:453)
356.713124 [INFO ] PPSGEN count=351 interval_ns=1000002544 dev_ns=2544 phase_ns=-1434518 hwphase_ns=512 (pico_gnss pico-gnss-rs/src/main.rs:296)
356.714405 [INFO ] PPS count=234 interval_us=1000002 interval_ns=1000002544 state=Locked missed=0 (pico_gnss pico-gnss-rs/src/main.rs:192)
356.890423 [INFO ] NMEA $GPGGA,121526.000,0000.0000,N,00000.0000,E,1,4,2.06,25.7,M,39.0,M,,*6F (pico_gnss pico-gnss-rs/src/main.rs:453)
356.948717 [INFO ] NMEA $GNGLL,0000.0000,N,00000.0000,E,121526.000,A,A*4E (pico_gnss pico-gnss-rs/src/main.rs:453)
357.007089 [INFO ] NMEA $GNGSA,A,3,32,12,15,29,,,,,,,,,2.28,2.06,0.98*1C (pico_gnss pico-gnss-rs/src/main.rs:453)
357.036579 [INFO ] NMEA $GNGSA,A,3,,,,,,,,,,,,,2.28,2.06,0.98*11 (pico_gnss pico-gnss-rs/src/main.rs:453)
357.116698 [INFO ] NMEA $GPGSV,4,1,13,25,63,181,18,12,62,077,18,10,56,257,,23,41,198,*75 (pico_gnss pico-gnss-rs/src/main.rs:453)
357.175353 [INFO ] NMEA $GPGSV,4,2,13,32,39,315,18,24,29,064,,28,22,267,,15,13,127,18*75 (pico_gnss pico-gnss-rs/src/main.rs:453)
357.177572 [INFO ] TIME unix_ns=1780920926463162310 ppb=2523 holdover_ms=1463 locked=1 (pico_gnss pico-gnss-rs/src/main.rs:226)
357.233839 [INFO ] NMEA $GPGSV,4,3,13,19,02,040,,29,01,160,19,193,,,,194,,,*70 (pico_gnss pico-gnss-rs/src/main.rs:453)
357.263077 [INFO ] NMEA $GPGSV,4,4,13,195,,,*46 (pico_gnss pico-gnss-rs/src/main.rs:453)
357.321530 [INFO ] NMEA $GLGSV,2,1,06,74,76,008,,72,72,000,,75,45,224,,71,44,128,*60 (pico_gnss pico-gnss-rs/src/main.rs:453)
357.383828 [INFO ] NMEA $GLGSV,2,2,06,73,26,034,17,65,21,327,*64 (pico_gnss pico-gnss-rs/src/main.rs:453)
357.442573 [INFO ] NMEA $GNRMC,121526.000,A,0000.0000,N,00000.0000,E,1.17,41.04,080626,,,A*45 (pico_gnss pico-gnss-rs/src/main.rs:453)
357.445139 [INFO ] SYNC pps_local_us=281281408 unix_s=1780920926 drift_us=2 err_ns=22 holdover_ms=1000 (pico_gnss pico-gnss-rs/src/main.rs:484)
357.472285 [INFO ] NMEA $GPVTG,41.04,T,,M,1.17,N,2.16,K,A*0E (pico_gnss pico-gnss-rs/src/main.rs:453)
357.530066 [INFO ] NMEA $GPZDA,121526.000,08,06,2026,,*5D (pico_gnss pico-gnss-rs/src/main.rs:453)
357.559843 [INFO ] NMEA $GPGST,121526.000,9.2,30,17,41.3,25,23,43*73 (pico_gnss pico-gnss-rs/src/main.rs:453)
357.713107 [INFO ] PPSGEN count=352 interval_ns=1000002544 dev_ns=2544 phase_ns=-1489518 hwphase_ns=512 (pico_gnss pico-gnss-rs/src/main.rs:296)
357.714382 [INFO ] PPS count=235 interval_us=1000002 interval_ns=1000002512 state=Locked missed=0 (pico_gnss pico-gnss-rs/src/main.rs:192)
357.893335 [INFO ] NMEA $GPGGA,121527.000,0000.0000,N,00000.0000,E,1,4,2.06,25.7,M,39.0,M,,*6E (pico_gnss pico-gnss-rs/src/main.rs:453)
357.951706 [INFO ] NMEA $GNGLL,0000.0000,N,00000.0000,E,121527.000,A,A*4F (pico_gnss pico-gnss-rs/src/main.rs:453)
357.981303 [INFO ] NMEA $GNGSA,A,3,32,12,15,29,,,,,,,,,2.28,2.06,0.98*1C (pico_gnss pico-gnss-rs/src/main.rs:453)
358.039482 [INFO ] NMEA $GNGSA,A,3,,,,,,,,,,,,,2.28,2.06,0.98*11 (pico_gnss pico-gnss-rs/src/main.rs:453)
358.098066 [INFO ] NMEA $GPGSV,4,1,13,25,63,181,18,12,62,077,19,10,56,257,,23,41,198,*74 (pico_gnss pico-gnss-rs/src/main.rs:453)
358.160856 [INFO ] NMEA $GPGSV,4,2,13,32,39,315,18,24,29,064,,28,22,267,,15,13,127,18*75 (pico_gnss pico-gnss-rs/src/main.rs:453)
358.178822 [INFO ] TIME unix_ns=1780920927464375307 ppb=2522 holdover_ms=1464 locked=1 (pico_gnss pico-gnss-rs/src/main.rs:226)
358.219428 [INFO ] NMEA $GPGSV,4,3,13,29,02,159,19,19,02,040,,193,,,,194,,,*79 (pico_gnss pico-gnss-rs/src/main.rs:453)
358.248634 [INFO ] NMEA $GPGSV,4,4,13,195,,,*46 (pico_gnss pico-gnss-rs/src/main.rs:453)
358.335889 [INFO ] NMEA $GLGSV,2,1,06,74,76,008,,72,72,000,,75,45,224,,71,44,128,20*62 (pico_gnss pico-gnss-rs/src/main.rs:453)
358.365402 [INFO ] NMEA $GLGSV,2,2,06,73,26,034,16,65,21,327,*65 (pico_gnss pico-gnss-rs/src/main.rs:453)
358.456888 [INFO ] NMEA $GNRMC,121527.000,A,0000.0000,N,00000.0000,E,0.54,41.04,080626,,,A*42 (pico_gnss pico-gnss-rs/src/main.rs:453)
358.459483 [INFO ] SYNC pps_local_us=282281411 unix_s=1780920927 drift_us=2 err_ns=-10 holdover_ms=999 (pico_gnss pico-gnss-rs/src/main.rs:484)
358.486644 [INFO ] NMEA $GPVTG,41.04,T,,M,0.54,N,1.01,K,A*0D (pico_gnss pico-gnss-rs/src/main.rs:453)
358.515739 [INFO ] NMEA $GPZDA,121527.000,08,06,2026,,*5C (pico_gnss pico-gnss-rs/src/main.rs:453)
358.557389 [INFO ] NMEA $GPGST,121527.000,9.1,30,17,41.5,25,23,43*77 (pico_gnss pico-gnss-rs/src/main.rs:453)
358.713131 [INFO ] PPSGEN count=353 interval_ns=1000002512 dev_ns=2512 phase_ns=-1438518 hwphase_ns=512 (pico_gnss pico-gnss-rs/src/main.rs:296)
358.714394 [INFO ] PPS count=236 interval_us=1000002 interval_ns=1000002528 state=Locked missed=0 (pico_gnss pico-gnss-rs/src/main.rs:192)
358.888221 [INFO ] NMEA $GPGGA,121528.000,0000.0000,N,00000.0000,E,1,4,2.06,25.7,M,39.0,M,,*6C (pico_gnss pico-gnss-rs/src/main.rs:453)
358.941410 [INFO ] NMEA $GNGLL,0000.0000,N,00000.0000,E,121528.000,A,A*4D (pico_gnss pico-gnss-rs/src/main.rs:453)
358.999731 [INFO ] NMEA $GNGSA,A,3,32,12,15,29,,,,,,,,,2.28,2.06,0.98*1C (pico_gnss pico-gnss-rs/src/main.rs:453)
359.029260 [INFO ] NMEA $GNGSA,A,3,,,,,,,,,,,,,2.28,2.06,0.98*11 (pico_gnss pico-gnss-rs/src/main.rs:453)
359.116538 [INFO ] NMEA $GPGSV,4,1,13,25,63,181,18,12,62,077,19,10,56,257,,23,41,198,*74 (pico_gnss pico-gnss-rs/src/main.rs:453)
359.179296 [INFO ] NMEA $GPGSV,4,2,13,32,39,315,19,24,29,064,,28,22,267,,15,13,127,18*74 (pico_gnss pico-gnss-rs/src/main.rs:453)
359.181613 [INFO ] TIME unix_ns=1780920928467180300 ppb=2522 holdover_ms=1467 locked=1 (pico_gnss pico-gnss-rs/src/main.rs:226)
359.237868 [INFO ] NMEA $GPGSV,4,3,13,29,02,159,18,19,02,040,,193,,,,194,,,*78 (pico_gnss pico-gnss-rs/src/main.rs:453)
359.267044 [INFO ] NMEA $GPGSV,4,4,13,195,,,*46 (pico_gnss pico-gnss-rs/src/main.rs:453)
359.325526 [INFO ] NMEA $GLGSV,2,1,06,74,76,008,,72,72,000,,75,45,224,,71,44,128,20*62 (pico_gnss pico-gnss-rs/src/main.rs:453)
359.383729 [INFO ] NMEA $GLGSV,2,2,06,73,26,034,16,65,21,327,*65 (pico_gnss pico-gnss-rs/src/main.rs:453)
359.446542 [INFO ] NMEA $GNRMC,121528.000,A,0000.0000,N,00000.0000,E,1.70,87.24,080626,,,A*4F (pico_gnss pico-gnss-rs/src/main.rs:453)
359.449126 [INFO ] SYNC pps_local_us=283281413 unix_s=1780920928 drift_us=2 err_ns=6 holdover_ms=1000 (pico_gnss pico-gnss-rs/src/main.rs:484)
359.476278 [INFO ] NMEA $GPVTG,87.24,T,,M,1.70,N,3.15,K,A*05 (pico_gnss pico-gnss-rs/src/main.rs:453)
359.534057 [INFO ] NMEA $GPZDA,121528.000,08,06,2026,,*53 (pico_gnss pico-gnss-rs/src/main.rs:453)
359.559661 [INFO ] NMEA $GPGST,121528.000,9.0,30,17,41.7,25,23,43*7B (pico_gnss pico-gnss-rs/src/main.rs:453)
359.713053 [INFO ] PPSGEN count=354 interval_ns=1000002512 dev_ns=2512 phase_ns=-1477518 hwphase_ns=496 (pico_gnss pico-gnss-rs/src/main.rs:296)
359.714322 [INFO ] PPS count=237 interval_us=1000002 interval_ns=1000002528 state=Locked missed=0 (pico_gnss pico-gnss-rs/src/main.rs:192)
359.888036 [INFO ] NMEA $GPGGA,121529.000,0000.0000,N,00000.0000,E,1,4,2.06,25.6,M,39.0,M,,*61 (pico_gnss pico-gnss-rs/src/main.rs:453)
359.946298 [INFO ] NMEA $GNGLL,0000.0000,N,00000.0000,E,121529.000,A,A*41 (pico_gnss pico-gnss-rs/src/main.rs:453)
359.987236 [INFO ] NMEA $GNGSA,A,3,32,12,15,29,,,,,,,,,2.28,2.06,0.98*1C (pico_gnss pico-gnss-rs/src/main.rs:453)
360.045443 [INFO ] NMEA $GNGSA,A,3,,,,,,,,,,,,,2.28,2.06,0.98*11 (pico_gnss pico-gnss-rs/src/main.rs:453)
360.104066 [INFO ] NMEA $GPGSV,4,1,13,25,63,181,18,12,62,077,19,10,56,257,,23,41,198,*74 (pico_gnss pico-gnss-rs/src/main.rs:453)
360.162656 [INFO ] NMEA $GPGSV,4,2,13,32,39,315,19,24,29,064,,28,22,267,,15,13,127,18*74 (pico_gnss pico-gnss-rs/src/main.rs:453)
360.182869 [INFO ] TIME unix_ns=1780920929468409296 ppb=2523 holdover_ms=1468 locked=1 (pico_gnss pico-gnss-rs/src/main.rs:226)
360.225275 [INFO ] NMEA $GPGSV,4,3,13,29,02,159,18,19,02,040,,193,,,,194,,,*78 (pico_gnss pico-gnss-rs/src/main.rs:453)
360.254528 [INFO ] NMEA $GPGSV,4,4,13,195,,,*46 (pico_gnss pico-gnss-rs/src/main.rs:453)
360.312990 [INFO ] NMEA $GLGSV,2,1,06,74,76,008,,72,72,000,,75,45,224,,71,44,128,20*62 (pico_gnss pico-gnss-rs/src/main.rs:453)
360.371252 [INFO ] NMEA $GLGSV,2,2,06,73,26,034,16,65,21,327,*65 (pico_gnss pico-gnss-rs/src/main.rs:453)
360.458680 [INFO ] NMEA $GNRMC,121529.000,A,0000.0000,N,00000.0000,E,1.98,88.81,080626,,,A*45 (pico_gnss pico-gnss-rs/src/main.rs:453)
360.461238 [INFO ] SYNC pps_local_us=284281416 unix_s=1780920929 drift_us=2 err_ns=6 holdover_ms=999 (pico_gnss pico-gnss-rs/src/main.rs:484)
360.492307 [INFO ] NMEA $GPVTG,88.81,T,,M,1.98,N,3.67,K,A*06 (pico_gnss pico-gnss-rs/src/main.rs:453)
360.521659 [INFO ] NMEA $GPZDA,121529.000,08,06,2026,,*52 (pico_gnss pico-gnss-rs/src/main.rs:453)
360.559116 [INFO ] NMEA $GPGST,121529.000,9.1,30,17,41.7,25,23,43*7B (pico_gnss pico-gnss-rs/src/main.rs:453)
360.713067 [INFO ] PPSGEN count=355 interval_ns=1000002512 dev_ns=2512 phase_ns=-1399519 hwphase_ns=480 (pico_gnss pico-gnss-rs/src/main.rs:296)
360.714347 [INFO ] PPS count=238 interval_us=1000002 interval_ns=1000002528 state=Locked missed=0 (pico_gnss pico-gnss-rs/src/main.rs:192)
360.887098 [INFO ] NMEA $GPGGA,121530.000,0000.0000,N,00000.0000,E,1,4,2.06,25.3,M,39.0,M,,*6C (pico_gnss pico-gnss-rs/src/main.rs:453)
360.945409 [INFO ] NMEA $GNGLL,0000.0000,N,00000.0000,E,121530.000,A,A*49 (pico_gnss pico-gnss-rs/src/main.rs:453)
361.002769 [INFO ] NMEA $GNGSA,A,3,32,12,15,29,,,,,,,,,2.28,2.06,0.98*1C (pico_gnss pico-gnss-rs/src/main.rs:453)
361.032214 [INFO ] NMEA $GNGSA,A,3,,,,,,,,,,,,,2.28,2.06,0.98*11 (pico_gnss pico-gnss-rs/src/main.rs:453)
361.119562 [INFO ] NMEA $GPGSV,4,1,13,25,63,181,18,12,62,077,19,10,56,257,,23,41,198,*74 (pico_gnss pico-gnss-rs/src/main.rs:453)
361.178173 [INFO ] NMEA $GPGSV,4,2,13,32,39,315,19,24,29,064,,28,22,267,,15,13,127,17*7B (pico_gnss pico-gnss-rs/src/main.rs:453)
361.184128 [INFO ] TIME unix_ns=1780920930469746293 ppb=2523 holdover_ms=1469 locked=1 (pico_gnss pico-gnss-rs/src/main.rs:226)
361.236735 [INFO ] NMEA $GPGSV,4,3,13,29,02,159,17,19,02,040,,193,,,,194,,,*77 (pico_gnss pico-gnss-rs/src/main.rs:453)
361.269945 [INFO ] NMEA $GPGSV,4,4,13,195,,,*46 (pico_gnss pico-gnss-rs/src/main.rs:453)
361.328539 [INFO ] NMEA $GLGSV,2,1,06,74,76,008,18,72,72,000,,75,45,224,,71,44,128,20*6B (pico_gnss pico-gnss-rs/src/main.rs:453)
361.358071 [INFO ] NMEA $GLGSV,2,2,06,73,26,034,16,65,21,327,*65 (pico_gnss pico-gnss-rs/src/main.rs:453)
361.445470 [INFO ] NMEA $GNRMC,121530.000,A,0000.0000,N,00000.0000,E,1.24,117.32,080626,,,A*75 (pico_gnss pico-gnss-rs/src/main.rs:453)
361.448041 [INFO ] SYNC pps_local_us=285281418 unix_s=1780920930 drift_us=2 err_ns=6 holdover_ms=1000 (pico_gnss pico-gnss-rs/src/main.rs:484)
361.475229 [INFO ] NMEA $GPVTG,117.32,T,,M,1.24,N,2.30,K,A*3D (pico_gnss pico-gnss-rs/src/main.rs:453)
361.537128 [INFO ] NMEA $GPZDA,121530.000,08,06,2026,,*5A (pico_gnss pico-gnss-rs/src/main.rs:453)
361.562701 [INFO ] NMEA $GPGST,121530.000,9.1,28,15,41.7,23,22,35*7E (pico_gnss pico-gnss-rs/src/main.rs:453)
361.713079 [INFO ] PPSGEN count=356 interval_ns=1000002544 dev_ns=2544 phase_ns=-1415519 hwphase_ns=496 (pico_gnss pico-gnss-rs/src/main.rs:296)
361.714355 [INFO ] PPS count=239 interval_us=1000002 interval_ns=1000002544 state=Locked missed=0 (pico_gnss pico-gnss-rs/src/main.rs:192)
361.893326 [INFO ] NMEA $GPGGA,121531.000,0000.0000,N,00000.0000,E,1,4,2.06,25.2,M,39.0,M,,*66 (pico_gnss pico-gnss-rs/src/main.rs:453)
361.951695 [INFO ] NMEA $GNGLL,0000.0000,N,00000.0000,E,121531.000,A,A*42 (pico_gnss pico-gnss-rs/src/main.rs:453)
362.010058 [INFO ] NMEA $GNGSA,A,3,32,12,15,29,,,,,,,,,2.28,2.06,0.98*1C (pico_gnss pico-gnss-rs/src/main.rs:453)
362.050782 [INFO ] NMEA $GNGSA,A,3,,,,,,,,,,,,,2.28,2.06,0.98*11 (pico_gnss pico-gnss-rs/src/main.rs:453)
362.109412 [INFO ] NMEA $GPGSV,4,1,13,25,63,181,18,12,62,077,19,10,56,257,,23,41,198,*74 (pico_gnss pico-gnss-rs/src/main.rs:453)
362.168002 [INFO ] NMEA $GPGSV,4,2,13,32,39,315,19,24,29,064,,28,22,267,,15,13,127,17*7B (pico_gnss pico-gnss-rs/src/main.rs:453)
362.185398 [INFO ] TIME unix_ns=1780920931470993289 ppb=2523 holdover_ms=1470 locked=1 (pico_gnss pico-gnss-rs/src/main.rs:226)
362.226562 [INFO ] NMEA $GPGSV,4,3,13,29,02,159,17,19,02,040,,193,,,,194,,,*77 (pico_gnss pico-gnss-rs/src/main.rs:453)
362.255754 [INFO ] NMEA $GPGSV,4,4,13,195,,,*46 (pico_gnss pico-gnss-rs/src/main.rs:453)
362.318309 [INFO ] NMEA $GLGSV,2,1,06,74,76,008,,72,72,000,,75,45,224,,71,44,128,20*62 (pico_gnss pico-gnss-rs/src/main.rs:453)
362.376580 [INFO ] NMEA $GLGSV,2,2,06,73,26,034,14,65,21,327,*67 (pico_gnss pico-gnss-rs/src/main.rs:453)
362.464017 [INFO ] NMEA $GNRMC,121531.000,A,0000.0000,N,00000.0000,E,1.26,79.08,080626,,,A*4C (pico_gnss pico-gnss-rs/src/main.rs:453)
362.466577 [INFO ] SYNC pps_local_us=286281421 unix_s=1780920931 drift_us=2 err_ns=21 holdover_ms=1000 (pico_gnss pico-gnss-rs/src/main.rs:484)
362.493787 [INFO ] NMEA $GPVTG,79.08,T,,M,1.26,N,2.33,K,A*0C (pico_gnss pico-gnss-rs/src/main.rs:453)
362.522896 [INFO ] NMEA $GPZDA,121531.000,08,06,2026,,*5B (pico_gnss pico-gnss-rs/src/main.rs:453)
362.564740 [INFO ] NMEA $GPGST,121531.000,9.0,28,15,41.6,23,22,35*7F (pico_gnss pico-gnss-rs/src/main.rs:453)
362.713081 [INFO ] PPSGEN count=357 interval_ns=1000002544 dev_ns=2544 phase_ns=-1423519 hwphase_ns=496 (pico_gnss pico-gnss-rs/src/main.rs:296)
362.714360 [INFO ] PPS count=240 interval_us=1000002 interval_ns=1000002512 state=Locked missed=0 (pico_gnss pico-gnss-rs/src/main.rs:192)
362.898257 [INFO ] NMEA $GPGGA,121532.000,0000.0000,N,00000.0000,E,1,4,2.06,25.2,M,39.0,M,,*6B (pico_gnss pico-gnss-rs/src/main.rs:453)
362.956560 [INFO ] NMEA $GNGLL,0000.0000,N,00000.0000,E,121532.000,A,A*4F (pico_gnss pico-gnss-rs/src/main.rs:453)
363.014954 [INFO ] NMEA $GNGSA,A,3,32,12,15,29,,,,,,,,,2.28,2.06,0.98*1C (pico_gnss pico-gnss-rs/src/main.rs:453)
363.044426 [INFO ] NMEA $GNGSA,A,3,,,,,,,,,,,,,2.28,2.06,0.98*11 (pico_gnss pico-gnss-rs/src/main.rs:453)
363.130714 [INFO ] NMEA $GPGSV,4,1,13,25,63,181,18,12,62,077,18,10,56,257,,23,41,198,*75 (pico_gnss pico-gnss-rs/src/main.rs:453)
363.186667 [INFO ] TIME unix_ns=1780920932472227286 ppb=2523 holdover_ms=1472 locked=1 (pico_gnss pico-gnss-rs/src/main.rs:226)
363.189666 [INFO ] NMEA $GPGSV,4,2,13,32,39,315,19,24,29,064,,28,22,267,,15,13,127,17*7B (pico_gnss pico-gnss-rs/src/main.rs:453)
363.247833 [INFO ] NMEA $GPGSV,4,3,13,29,02,159,17,19,02,040,,193,,,,194,,,*77 (pico_gnss pico-gnss-rs/src/main.rs:453)
363.277026 [INFO ] NMEA $GPGSV,4,4,13,195,,,*46 (pico_gnss pico-gnss-rs/src/main.rs:453)
363.335558 [INFO ] NMEA $GLGSV,2,1,06,74,76,008,,72,72,000,,75,45,224,,71,44,128,20*62 (pico_gnss pico-gnss-rs/src/main.rs:453)
363.369131 [INFO ] NMEA $GLGSV,2,2,06,73,26,034,13,65,21,327,*60 (pico_gnss pico-gnss-rs/src/main.rs:453)
363.456574 [INFO ] NMEA $GNRMC,121532.000,A,0000.0000,N,00000.0000,E,0.80,73.12,080626,,,A*4D (pico_gnss pico-gnss-rs/src/main.rs:453)
363.459142 [INFO ] SYNC pps_local_us=287281423 unix_s=1780920932 drift_us=2 err_ns=-11 holdover_ms=1000 (pico_gnss pico-gnss-rs/src/main.rs:484)
363.486309 [INFO ] NMEA $GPVTG,73.12,T,,M,0.80,N,1.48,K,A*0F (pico_gnss pico-gnss-rs/src/main.rs:453)
363.544097 [INFO ] NMEA $GPZDA,121532.000,08,06,2026,,*58 (pico_gnss pico-gnss-rs/src/main.rs:453)
363.569688 [INFO ] NMEA $GPGST,121532.000,9.0,29,15,41.6,24,22,36*79 (pico_gnss pico-gnss-rs/src/main.rs:453)
363.713122 [INFO ] PPSGEN count=358 interval_ns=1000002544 dev_ns=2544 phase_ns=-1428519 hwphase_ns=528 (pico_gnss pico-gnss-rs/src/main.rs:296)
363.714397 [INFO ] PPS count=241 interval_us=1000002 interval_ns=1000002544 state=Locked missed=0 (pico_gnss pico-gnss-rs/src/main.rs:192)
363.905297 [INFO ] NMEA $GPGGA,121533.000,0000.0000,N,00000.0000,E,1,4,2.06,25.2,M,39.0,M,,*62 (pico_gnss pico-gnss-rs/src/main.rs:453)
363.934961 [INFO ] NMEA $GNGLL,0000.0000,N,00000.0000,E,121533.000,A,A*46 (pico_gnss pico-gnss-rs/src/main.rs:453)
363.993244 [INFO ] NMEA $GNGSA,A,3,32,12,15,29,,,,,,,,,2.28,2.06,0.98*1C (pico_gnss pico-gnss-rs/src/main.rs:453)
364.051452 [INFO ] NMEA $GNGSA,A,3,,,,,,,,,,,,,2.28,2.06,0.98*11 (pico_gnss pico-gnss-rs/src/main.rs:453)
364.110074 [INFO ] NMEA $GPGSV,4,1,13,25,63,181,18,12,62,077,18,10,56,257,,23,41,198,*75 (pico_gnss pico-gnss-rs/src/main.rs:453)
364.172759 [INFO ] NMEA $GPGSV,4,2,13,32,39,315,19,24,29,064,,28,22,267,,15,13,127,17*7B (pico_gnss pico-gnss-rs/src/main.rs:453)
364.187924 [INFO ] TIME unix_ns=1780920933473520282 ppb=2524 holdover_ms=1473 locked=1 (pico_gnss pico-gnss-rs/src/main.rs:226)
364.231331 [INFO ] NMEA $GPGSV,4,3,13,29,02,159,17,19,02,040,,193,,,,194,,,*77 (pico_gnss pico-gnss-rs/src/main.rs:453)
364.260557 [INFO ] NMEA $GPGSV,4,4,13,195,,,*46 (pico_gnss pico-gnss-rs/src/main.rs:453)
364.319008 [INFO ] NMEA $GLGSV,2,1,06,74,76,008,,72,72,000,,75,45,224,,71,44,128,20*62 (pico_gnss pico-gnss-rs/src/main.rs:453)
364.377232 [INFO ] NMEA $GLGSV,2,2,06,73,26,034,,65,21,327,*62 (pico_gnss pico-gnss-rs/src/main.rs:453)
364.439964 [INFO ] NMEA $GNRMC,121533.000,A,0000.0000,N,00000.0000,E,0.42,73.12,080626,,,A*4A (pico_gnss pico-gnss-rs/src/main.rs:453)
364.442540 [INFO ] SYNC pps_local_us=288281426 unix_s=1780920933 drift_us=2 err_ns=21 holdover_ms=1000 (pico_gnss pico-gnss-rs/src/main.rs:484)
364.498259 [INFO ] NMEA $GPVTG,73.12,T,,M,0.42,N,0.78,K,A*03 (pico_gnss pico-gnss-rs/src/main.rs:453)
364.527615 [INFO ] NMEA $GPZDA,121533.000,08,06,2026,,*59 (pico_gnss pico-gnss-rs/src/main.rs:453)
364.562975 [INFO ] NMEA $GPGST,121533.000,8.9,29,15,41.5,24,22,37*72 (pico_gnss pico-gnss-rs/src/main.rs:453)
364.713151 [INFO ] PPSGEN count=359 interval_ns=1000002544 dev_ns=2544 phase_ns=-1456519 hwphase_ns=528 (pico_gnss pico-gnss-rs/src/main.rs:296)
364.714436 [INFO ] PPS count=242 interval_us=1000002 interval_ns=1000002544 state=Locked missed=0 (pico_gnss pico-gnss-rs/src/main.rs:192)
364.887127 [INFO ] NMEA $GPGGA,121534.000,0000.0000,N,00000.0000,E,1,4,2.06,25.0,M,39.0,M,,*62 (pico_gnss pico-gnss-rs/src/main.rs:453)
364.946418 [INFO ] NMEA $GNGLL,0000.0000,N,00000.0000,E,121534.000,A,A*44 (pico_gnss pico-gnss-rs/src/main.rs:453)
365.004798 [INFO ] NMEA $GNGSA,A,3,32,12,15,29,,,,,,,,,2.28,2.06,0.98*1C (pico_gnss pico-gnss-rs/src/main.rs:453)
365.034321 [INFO ] NMEA $GNGSA,A,3,,,,,,,,,,,,,2.28,2.06,0.98*11 (pico_gnss pico-gnss-rs/src/main.rs:453)
365.092821 [INFO ] NMEA $GPGSV,4,1,13,25,63,181,18,12,62,077,18,10,56,257,,23,41,198,*75 (pico_gnss pico-gnss-rs/src/main.rs:453)
365.184361 [INFO ] NMEA $GPGSV,4,2,13,32,39,315,19,24,29,064,,28,22,267,,15,13,127,16*7A (pico_gnss pico-gnss-rs/src/main.rs:453)
365.189190 [INFO ] TIME unix_ns=1780920934474739278 ppb=2524 holdover_ms=1474 locked=1 (pico_gnss pico-gnss-rs/src/main.rs:226)
365.242871 [INFO ] NMEA $GPGSV,4,3,13,29,02,159,17,19,02,040,,193,,,,194,,,*77 (pico_gnss pico-gnss-rs/src/main.rs:453)
365.272080 [INFO ] NMEA $GPGSV,4,4,13,195,,,*46 (pico_gnss pico-gnss-rs/src/main.rs:453)
365.330595 [INFO ] NMEA $GLGSV,2,1,06,74,76,008,17,72,72,000,,75,45,224,,71,44,128,20*64 (pico_gnss pico-gnss-rs/src/main.rs:453)
365.360058 [INFO ] NMEA $GLGSV,2,2,06,73,26,034,,65,21,327,*62 (pico_gnss pico-gnss-rs/src/main.rs:453)
365.451618 [INFO ] NMEA $GNRMC,121534.000,A,0000.0000,N,00000.0000,E,0.78,147.74,080626,,,A*77 (pico_gnss pico-gnss-rs/src/main.rs:453)
365.454207 [INFO ] SYNC pps_local_us=289281428 unix_s=1780920934 drift_us=2 err_ns=20 holdover_ms=1000 (pico_gnss pico-gnss-rs/src/main.rs:484)
365.481353 [INFO ] NMEA $GPVTG,147.74,T,,M,0.78,N,1.44,K,A*32 (pico_gnss pico-gnss-rs/src/main.rs:453)
365.510461 [INFO ] NMEA $GPZDA,121534.000,08,06,2026,,*5E (pico_gnss pico-gnss-rs/src/main.rs:453)
365.560484 [INFO ] NMEA $GPGST,121534.000,9.1,29,16,41.5,24,23,39*70 (pico_gnss pico-gnss-rs/src/main.rs:453)
365.713077 [INFO ] PPSGEN count=360 interval_ns=1000002512 dev_ns=2512 phase_ns=-1500520 hwphase_ns=496 (pico_gnss pico-gnss-rs/src/main.rs:296)
365.714364 [INFO ] PPS count=243 interval_us=1000002 interval_ns=1000002528 state=Locked missed=0 (pico_gnss pico-gnss-rs/src/main.rs:192)
365.888239 [INFO ] NMEA $GPGGA,121535.000,0000.0000,N,00000.0000,E,1,4,2.06,24.9,M,39.0,M,,*63 (pico_gnss pico-gnss-rs/src/main.rs:453)
365.946479 [INFO ] NMEA $GNGLL,0000.0000,N,00000.0000,E,121535.000,A,A*4D (pico_gnss pico-gnss-rs/src/main.rs:453)
365.991516 [INFO ] NMEA $GNGSA,A,3,32,12,15,29,,,,,,,,,2.28,2.06,0.98*1C (pico_gnss pico-gnss-rs/src/main.rs:453)
366.049730 [INFO ] NMEA $GNGSA,A,3,,,,,,,,,,,,,2.28,2.06,0.98*11 (pico_gnss pico-gnss-rs/src/main.rs:453)
366.108354 [INFO ] NMEA $GPGSV,4,1,13,25,63,181,18,12,62,077,18,10,56,257,,23,41,198,*75 (pico_gnss pico-gnss-rs/src/main.rs:453)
366.166963 [INFO ] NMEA $GPGSV,4,2,13,32,39,315,19,24,29,064,,28,22,267,,15,13,127,16*7A (pico_gnss pico-gnss-rs/src/main.rs:453)
366.190463 [INFO ] TIME unix_ns=1780920935475964275 ppb=2524 holdover_ms=1475 locked=1 (pico_gnss pico-gnss-rs/src/main.rs:226)
366.229536 [INFO ] NMEA $GPGSV,4,3,13,29,02,159,17,19,02,040,,193,,,,194,,,*77 (pico_gnss pico-gnss-rs/src/main.rs:453)
366.258797 [INFO ] NMEA $GPGSV,4,4,13,195,,,*46 (pico_gnss pico-gnss-rs/src/main.rs:453)
366.317274 [INFO ] NMEA $GLGSV,2,1,06,74,76,008,,72,72,000,,75,45,224,,71,44,128,20*62 (pico_gnss pico-gnss-rs/src/main.rs:453)
366.375536 [INFO ] NMEA $GLGSV,2,2,06,73,26,034,,65,21,327,*62 (pico_gnss pico-gnss-rs/src/main.rs:453)
366.434195 [INFO ] NMEA $GNRMC,121535.000,A,0000.0000,N,00000.0000,E,1.02,138.53,080626,,,A*7F (pico_gnss pico-gnss-rs/src/main.rs:453)
366.436791 [INFO ] SYNC pps_local_us=290281431 unix_s=1780920935 drift_us=2 err_ns=4 holdover_ms=999 (pico_gnss pico-gnss-rs/src/main.rs:484)
366.496528 [INFO ] NMEA $GPVTG,138.53,T,,M,1.02,N,1.89,K,A*32 (pico_gnss pico-gnss-rs/src/main.rs:453)
366.525941 [INFO ] NMEA $GPZDA,121535.000,08,06,2026,,*5F (pico_gnss pico-gnss-rs/src/main.rs:453)
366.555437 [INFO ] NMEA $GPGST,121535.000,9.2,29,16,41.3,24,23,41*7B (pico_gnss pico-gnss-rs/src/main.rs:453)
366.713088 [INFO ] PPSGEN count=361 interval_ns=1000002512 dev_ns=2512 phase_ns=-1439520 hwphase_ns=480 (pico_gnss pico-gnss-rs/src/main.rs:296)
366.714353 [INFO ] PPS count=244 interval_us=1000002 interval_ns=1000002528 state=Locked missed=0 (pico_gnss pico-gnss-rs/src/main.rs:192)
366.833148 [INFO ] NMEA $GPGGA,121536.000,0000.0000,N,00000.0000,E,1,4,2.06,24.9,M,39.0,M,,*66 (pico_gnss pico-gnss-rs/src/main.rs:453)
366.891463 [INFO ] NMEA $GNGLL,0000.0000,N,00000.0000,E,121536.000,A,A*48 (pico_gnss pico-gnss-rs/src/main.rs:453)
366.952896 [INFO ] NMEA $GNGSA,A,3,32,12,15,29,,,,,,,,,2.28,2.06,0.98*1C (pico_gnss pico-gnss-rs/src/main.rs:453)
366.982446 [INFO ] NMEA $GNGSA,A,3,,,,,,,,,,,,,2.28,2.06,0.98*11 (pico_gnss pico-gnss-rs/src/main.rs:453)
367.040959 [INFO ] NMEA $GPGSV,4,1,13,25,63,181,18,12,62,077,18,10,56,257,,23,41,198,*75 (pico_gnss pico-gnss-rs/src/main.rs:453)
367.128335 [INFO ] NMEA $GPGSV,4,2,13,32,39,315,19,24,29,064,,28,22,267,,15,13,127,15*79 (pico_gnss pico-gnss-rs/src/main.rs:453)
367.186831 [INFO ] NMEA $GPGSV,4,3,13,29,02,159,17,19,02,040,,193,,,,194,,,*77 (pico_gnss pico-gnss-rs/src/main.rs:453)
367.191704 [INFO ] TIME unix_ns=1780920936477300271 ppb=2525 holdover_ms=1477 locked=1 (pico_gnss pico-gnss-rs/src/main.rs:226)
367.216322 [INFO ] NMEA $GPGSV,4,4,13,195,,,*46 (pico_gnss pico-gnss-rs/src/main.rs:453)
367.278704 [INFO ] NMEA $GLGSV,2,1,06,74,76,008,,72,72,000,,75,45,224,,71,44,128,20*62 (pico_gnss pico-gnss-rs/src/main.rs:453)
367.308181 [INFO ] NMEA $GLGSV,2,2,06,73,26,034,,65,21,327,*62 (pico_gnss pico-gnss-rs/src/main.rs:453)
367.395585 [INFO ] NMEA $GNRMC,121536.000,A,0000.0000,N,00000.0000,E,0.36,138.53,080626,,,A*7C (pico_gnss pico-gnss-rs/src/main.rs:453)
367.398154 [INFO ] SYNC pps_local_us=291281433 unix_s=1780920936 drift_us=2 err_ns=4 holdover_ms=1000 (pico_gnss pico-gnss-rs/src/main.rs:484)
367.425355 [INFO ] NMEA $GPVTG,138.53,T,,M,0.36,N,0.67,K,A*35 (pico_gnss pico-gnss-rs/src/main.rs:453)
367.454493 [INFO ] NMEA $GPZDA,121536.000,08,06,2026,,*5C (pico_gnss pico-gnss-rs/src/main.rs:453)
367.504387 [INFO ] NMEA $GPGST,121536.000,9.1,29,16,41.4,25,23,43*7F (pico_gnss pico-gnss-rs/src/main.rs:453)
367.713087 [INFO ] PPSGEN count=362 interval_ns=1000002544 dev_ns=2544 phase_ns=-1426520 hwphase_ns=496 (pico_gnss pico-gnss-rs/src/main.rs:296)
367.714362 [INFO ] PPS count=245 interval_us=1000002 interval_ns=1000002528 state=Locked missed=0 (pico_gnss pico-gnss-rs/src/main.rs:192)
367.833115 [INFO ] NMEA $GPGGA,121537.000,0000.0000,N,00000.0000,E,1,4,2.06,24.8,M,39.0,M,,*61 (pico_gnss pico-gnss-rs/src/main.rs:453)
367.891416 [INFO ] NMEA $GNGLL,0000.0000,N,00000.0000,E,121537.000,A,A*4E (pico_gnss pico-gnss-rs/src/main.rs:453)
367.949867 [INFO ] NMEA $GNGSA,A,3,32,12,15,29,,,,,,,,,2.28,2.06,0.98*1C (pico_gnss pico-gnss-rs/src/main.rs:453)
367.979312 [INFO ] NMEA $GNGSA,A,3,,,,,,,,,,,,,2.28,2.06,0.98*11 (pico_gnss pico-gnss-rs/src/main.rs:453)
368.057411 [INFO ] NMEA $GPGSV,4,1,13,25,63,181,18,12,62,077,18,10,56,257,,23,41,198,*75 (pico_gnss pico-gnss-rs/src/main.rs:453)
368.116054 [INFO ] NMEA $GPGSV,4,2,13,32,39,315,19,24,29,064,,28,22,267,,15,13,127,17*7B (pico_gnss pico-gnss-rs/src/main.rs:453)
368.174492 [INFO ] NMEA $GPGSV,4,3,13,29,02,159,17,19,02,040,,193,,,,194,,,*77 (pico_gnss pico-gnss-rs/src/main.rs:453)
368.192975 [INFO ] TIME unix_ns=1780920937478543268 ppb=2525 holdover_ms=1478 locked=1 (pico_gnss pico-gnss-rs/src/main.rs:226)
368.204043 [INFO ] NMEA $GPGSV,4,4,13,195,,,*46 (pico_gnss pico-gnss-rs/src/main.rs:453)
368.266369 [INFO ] NMEA $GLGSV,2,1,06,74,76,008,,72,72,000,,75,45,224,,71,44,128,20*62 (pico_gnss pico-gnss-rs/src/main.rs:453)
368.324563 [INFO ] NMEA $GLGSV,2,2,06,73,26,034,,65,21,327,*62 (pico_gnss pico-gnss-rs/src/main.rs:453)
368.383315 [INFO ] NMEA $GNRMC,121537.000,A,0000.0000,N,00000.0000,E,1.16,334.64,080626,,,A*73 (pico_gnss pico-gnss-rs/src/main.rs:453)
368.385899 [INFO ] SYNC pps_local_us=292281436 unix_s=1780920937 drift_us=2 err_ns=4 holdover_ms=999 (pico_gnss pico-gnss-rs/src/main.rs:484)
368.441523 [INFO ] NMEA $GPVTG,334.64,T,,M,1.16,N,2.14,K,A*3A (pico_gnss pico-gnss-rs/src/main.rs:453)
368.470890 [INFO ] NMEA $GPZDA,121537.000,08,06,2026,,*5D (pico_gnss pico-gnss-rs/src/main.rs:453)
368.500401 [INFO ] NMEA $GPGST,121537.000,9.1,30,17,41.6,25,23,43*75 (pico_gnss pico-gnss-rs/src/main.rs:453)
368.713138 [INFO ] PPSGEN count=363 interval_ns=1000002544 dev_ns=2544 phase_ns=-1433521 hwphase_ns=512 (pico_gnss pico-gnss-rs/src/main.rs:296)
368.714407 [INFO ] PPS count=246 interval_us=1000002 interval_ns=1000002528 state=Locked missed=0 (pico_gnss pico-gnss-rs/src/main.rs:192)
368.836552 [INFO ] NMEA $GPGGA,121538.000,0000.0000,N,00000.0000,E,1,4,2.06,24.8,M,39.0,M,,*67 (pico_gnss pico-gnss-rs/src/main.rs:453)
368.894883 [INFO ] NMEA $GNGLL,0000.0000,N,00000.0000,E,121538.000,A,A*48 (pico_gnss pico-gnss-rs/src/main.rs:453)
368.953212 [INFO ] NMEA $GNGSA,A,3,32,12,15,29,,,,,,,,,2.28,2.06,0.98*1C (pico_gnss pico-gnss-rs/src/main.rs:453)
368.982755 [INFO ] NMEA $GNGSA,A,3,,,,,,,,,,,,,2.28,2.06,0.98*11 (pico_gnss pico-gnss-rs/src/main.rs:453)
369.045371 [INFO ] NMEA $GPGSV,4,1,13,25,63,181,18,12,62,077,18,10,56,257,,23,41,198,*75 (pico_gnss pico-gnss-rs/src/main.rs:453)
369.132798 [INFO ] NMEA $GPGSV,4,2,13,32,39,315,19,24,29,064,,28,22,267,,15,13,127,16*7A (pico_gnss pico-gnss-rs/src/main.rs:453)
369.191237 [INFO ] NMEA $GPGSV,4,3,13,29,02,159,16,19,02,040,,193,,,,194,,,*76 (pico_gnss pico-gnss-rs/src/main.rs:453)
369.192613 [INFO ] NMEA $GPGSV,4,4,13,195,,,*46 (pico_gnss pico-gnss-rs/src/main.rs:453)
369.194218 [INFO ] TIME unix_ns=1780920938479813264 ppb=2525 holdover_ms=1479 locked=1 (pico_gnss pico-gnss-rs/src/main.rs:226)
369.279022 [INFO ] NMEA $GLGSV,2,1,06,74,76,008,19,72,72,000,,75,45,224,,71,44,128,20*6A (pico_gnss pico-gnss-rs/src/main.rs:453)
369.312589 [INFO ] NMEA $GLGSV,2,2,06,73,26,034,,65,21,327,*62 (pico_gnss pico-gnss-rs/src/main.rs:453)
369.400073 [INFO ] NMEA $GNRMC,121538.000,A,0000.0000,N,00000.0000,E,1.28,346.97,080626,,,A*71 (pico_gnss pico-gnss-rs/src/main.rs:453)
369.402649 [INFO ] SYNC pps_local_us=293281438 unix_s=1780920938 drift_us=2 err_ns=4 holdover_ms=1000 (pico_gnss pico-gnss-rs/src/main.rs:484)
369.429812 [INFO ] NMEA $GPVTG,346.97,T,,M,1.28,N,2.37,K,A*3F (pico_gnss pico-gnss-rs/src/main.rs:453)
369.458940 [INFO ] NMEA $GPZDA,121538.000,08,06,2026,,*52 (pico_gnss pico-gnss-rs/src/main.rs:453)
369.506844 [INFO ] NMEA $GPGST,121538.000,9.1,30,17,41.5,25,24,43*7E (pico_gnss pico-gnss-rs/src/main.rs:453)
369.713169 [INFO ] PPSGEN count=364 interval_ns=1000002544 dev_ns=2544 phase_ns=-1461521 hwphase_ns=528 (pico_gnss pico-gnss-rs/src/main.rs:296)
369.714453 [INFO ] PPS count=247 interval_us=1000002 interval_ns=1000002544 state=Locked missed=0 (pico_gnss pico-gnss-rs/src/main.rs:192)
369.876904 [INFO ] NMEA $GPGGA,121539.000,0000.0000,N,00000.0000,E,1,4,2.06,24.7,M,39.0,M,,*6F (pico_gnss pico-gnss-rs/src/main.rs:453)
369.935270 [INFO ] NMEA $GNGLL,0000.0000,N,00000.0000,E,121539.000,A,A*4F (pico_gnss pico-gnss-rs/src/main.rs:453)
369.993609 [INFO ] NMEA $GNGSA,A,3,32,12,15,29,,,,,,,,,2.28,2.06,0.98*1C (pico_gnss pico-gnss-rs/src/main.rs:453)
370.051816 [INFO ] NMEA $GNGSA,A,3,,,,,,,,,,,,,2.28,2.06,0.98*11 (pico_gnss pico-gnss-rs/src/main.rs:453)
370.110455 [INFO ] NMEA $GPGSV,4,1,13,25,63,181,18,12,62,077,18,10,56,257,,23,41,198,*75 (pico_gnss pico-gnss-rs/src/main.rs:453)
370.173161 [INFO ] NMEA $GPGSV,4,2,13,32,39,315,19,24,29,064,,28,22,267,,15,13,127,17*7B (pico_gnss pico-gnss-rs/src/main.rs:453)
370.195490 [INFO ] TIME unix_ns=1780920939481017260 ppb=2525 holdover_ms=1481 locked=1 (pico_gnss pico-gnss-rs/src/main.rs:226)
370.231712 [INFO ] NMEA $GPGSV,4,3,13,29,02,159,16,19,02,040,,193,,,,194,,,*76 (pico_gnss pico-gnss-rs/src/main.rs:453)
370.260908 [INFO ] NMEA $GPGSV,4,4,13,195,,,*46 (pico_gnss pico-gnss-rs/src/main.rs:453)
370.319404 [INFO ] NMEA $GLGSV,2,1,06,74,76,008,,72,72,000,,75,45,224,,71,44,128,19*68 (pico_gnss pico-gnss-rs/src/main.rs:453)
370.377599 [INFO ] NMEA $GLGSV,2,2,06,73,26,034,,65,21,327,*62 (pico_gnss pico-gnss-rs/src/main.rs:453)
370.440371 [INFO ] NMEA $GNRMC,121539.000,A,0000.0000,N,00000.0000,E,1.14,1.77,080626,,,A*77 (pico_gnss pico-gnss-rs/src/main.rs:453)
370.442921 [INFO ] SYNC pps_local_us=294281441 unix_s=1780920939 drift_us=2 err_ns=19 holdover_ms=1000 (pico_gnss pico-gnss-rs/src/main.rs:484)
370.470091 [INFO ] NMEA $GPVTG,1.77,T,,M,1.14,N,2.10,K,A*3B (pico_gnss pico-gnss-rs/src/main.rs:453)
370.527877 [INFO ] NMEA $GPZDA,121539.000,08,06,2026,,*53 (pico_gnss pico-gnss-rs/src/main.rs:453)
370.555534 [INFO ] NMEA $GPGST,121539.000,9.2,30,17,42.9,25,24,43*73 (pico_gnss pico-gnss-rs/src/main.rs:453)
370.713111 [INFO ] PPSGEN count=365 interval_ns=1000002512 dev_ns=2512 phase_ns=-1496521 hwphase_ns=496 (pico_gnss pico-gnss-rs/src/main.rs:296)
370.714380 [INFO ] PPS count=248 interval_us=1000002 interval_ns=1000002528 state=Locked missed=0 (pico_gnss pico-gnss-rs/src/main.rs:192)
370.886419 [INFO ] NMEA $GPGGA,121540.000,0000.0000,N,00000.0000,E,1,4,2.06,24.6,M,39.0,M,,*61 (pico_gnss pico-gnss-rs/src/main.rs:453)
370.953969 [INFO ] NMEA $GNGLL,0000.0000,N,00000.0000,E,121540.000,A,A*40 (pico_gnss pico-gnss-rs/src/main.rs:453)
370.983642 [INFO ] NMEA $GNGSA,A,3,32,12,15,29,,,,,,,,,2.28,2.06,0.98*1C (pico_gnss pico-gnss-rs/src/main.rs:453)
371.041833 [INFO ] NMEA $GNGSA,A,3,,,,,,,,,,,,,2.28,2.06,0.98*11 (pico_gnss pico-gnss-rs/src/main.rs:453)
371.100463 [INFO ] NMEA $GPGSV,4,1,13,25,63,181,18,12,62,077,18,10,56,257,,23,41,198,*75 (pico_gnss pico-gnss-rs/src/main.rs:453)
371.187747 [INFO ] NMEA $GPGSV,4,2,13,32,39,315,19,24,29,064,,28,22,267,,15,13,127,17*7B (pico_gnss pico-gnss-rs/src/main.rs:453)
371.196785 [INFO ] TIME unix_ns=1780920940482246257 ppb=2525 holdover_ms=1482 locked=1 (pico_gnss pico-gnss-rs/src/main.rs:226)
371.221993 [INFO ] NMEA $GPGSV,4,3,13,29,02,159,16,19,02,040,,193,,,,194,,,*76 (pico_gnss pico-gnss-rs/src/main.rs:453)
371.250977 [INFO ] NMEA $GPGSV,4,4,13,195,,,*46 (pico_gnss pico-gnss-rs/src/main.rs:453)
371.338218 [INFO ] NMEA $GLGSV,2,1,06,74,76,008,19,72,72,000,,75,45,224,,71,44,128,19*60 (pico_gnss pico-gnss-rs/src/main.rs:453)
371.367712 [INFO ] NMEA $GLGSV,2,2,06,73,26,034,,65,21,327,*62 (pico_gnss pico-gnss-rs/src/main.rs:453)
371.455040 [INFO ] NMEA $GNRMC,121540.000,A,0000.0000,N,00000.0000,E,1.58,26.33,080626,,,A*45 (pico_gnss pico-gnss-rs/src/main.rs:453)
371.457595 [INFO ] SYNC pps_local_us=295281443 unix_s=1780920940 drift_us=2 err_ns=3 holdover_ms=999 (pico_gnss pico-gnss-rs/src/main.rs:484)
371.488671 [INFO ] NMEA $GPVTG,26.33,T,,M,1.58,N,2.93,K,A*0D (pico_gnss pico-gnss-rs/src/main.rs:453)
371.518055 [INFO ] NMEA $GPZDA,121540.000,08,06,2026,,*5D (pico_gnss pico-gnss-rs/src/main.rs:453)
371.557598 [INFO ] NMEA $GPGST,121540.000,9.3,30,18,42.6,25,24,44*7B (pico_gnss pico-gnss-rs/src/main.rs:453)
371.713114 [INFO ] PPSGEN count=366 interval_ns=1000002512 dev_ns=2512 phase_ns=-1418521 hwphase_ns=480 (pico_gnss pico-gnss-rs/src/main.rs:296)
371.714382 [INFO ] PPS count=249 interval_us=1000002 interval_ns=1000002528 state=Locked missed=0 (pico_gnss pico-gnss-rs/src/main.rs:192)
371.886315 [INFO ] NMEA $GPGGA,121541.000,0000.0000,N,00000.0000,E,1,4,2.06,24.5,M,39.0,M,,*66 (pico_gnss pico-gnss-rs/src/main.rs:453)
371.944611 [INFO ] NMEA $GNGLL,0000.0000,N,00000.0000,E,121541.000,A,A*44 (pico_gnss pico-gnss-rs/src/main.rs:453)
371.999908 [INFO ] NMEA $GNGSA,A,3,32,12,15,29,,,,,,,,,2.28,2.06,0.98*1C (pico_gnss pico-gnss-rs/src/main.rs:453)
372.029359 [INFO ] NMEA $GNGSA,A,3,,,,,,,,,,,,,2.28,2.06,0.98*11 (pico_gnss pico-gnss-rs/src/main.rs:453)
372.116807 [INFO ] NMEA $GPGSV,4,1,13,25,63,181,18,12,62,077,18,10,56,257,,23,41,198,*75 (pico_gnss pico-gnss-rs/src/main.rs:453)
372.175410 [INFO ] NMEA $GPGSV,4,2,13,32,39,315,19,24,29,064,,28,22,267,,15,13,127,17*7B (pico_gnss pico-gnss-rs/src/main.rs:453)
372.198051 [INFO ] TIME unix_ns=1780920941483611254 ppb=2526 holdover_ms=1483 locked=1 (pico_gnss pico-gnss-rs/src/main.rs:226)
372.238005 [INFO ] NMEA $GPGSV,4,3,13,29,02,159,16,19,02,040,,193,,,,194,,,*76 (pico_gnss pico-gnss-rs/src/main.rs:453)
372.267279 [INFO ] NMEA $GPGSV,4,4,13,195,,,*46 (pico_gnss pico-gnss-rs/src/main.rs:453)
372.325737 [INFO ] NMEA $GLGSV,2,1,06,74,76,008,,72,72,000,,75,45,224,,71,44,128,19*68 (pico_gnss pico-gnss-rs/src/main.rs:453)
372.355229 [INFO ] NMEA $GLGSV,2,2,06,73,26,034,,65,21,327,*62 (pico_gnss pico-gnss-rs/src/main.rs:453)
372.442614 [INFO ] NMEA $GNRMC,121541.000,A,0000.0000,N,00000.0000,E,0.95,49.40,080626,,,A*4C (pico_gnss pico-gnss-rs/src/main.rs:453)
372.445189 [INFO ] SYNC pps_local_us=296281446 unix_s=1780920941 drift_us=2 err_ns=3 holdover_ms=1000 (pico_gnss pico-gnss-rs/src/main.rs:484)
372.472385 [INFO ] NMEA $GPVTG,49.40,T,,M,0.95,N,1.76,K,A*08 (pico_gnss pico-gnss-rs/src/main.rs:453)
372.505507 [INFO ] NMEA $GPZDA,121541.000,08,06,2026,,*5C (pico_gnss pico-gnss-rs/src/main.rs:453)
372.555586 [INFO ] NMEA $GPGST,121541.000,9.4,31,17,43.1,25,24,44*75 (pico_gnss pico-gnss-rs/src/main.rs:453)
372.713118 [INFO ] PPSGEN count=367 interval_ns=1000002544 dev_ns=2544 phase_ns=-1416521 hwphase_ns=496 (pico_gnss pico-gnss-rs/src/main.rs:296)
372.714398 [INFO ] PPS count=250 interval_us=1000002 interval_ns=1000002528 state=Locked missed=0 (pico_gnss pico-gnss-rs/src/main.rs:192)
372.885976 [INFO ] NMEA $GPGGA,121542.000,0000.0000,N,00000.0000,E,1,4,2.06,24.4,M,39.0,M,,*63 (pico_gnss pico-gnss-rs/src/main.rs:453)
372.944293 [INFO ] NMEA $GNGLL,0000.0000,N,00000.0000,E,121542.000,A,A*40 (pico_gnss pico-gnss-rs/src/main.rs:453)
373.002629 [INFO ] NMEA $GNGSA,A,3,32,12,15,29,,,,,,,,,2.28,2.06,0.98*1C (pico_gnss pico-gnss-rs/src/main.rs:453)
373.047486 [INFO ] NMEA $GNGSA,A,3,,,,,,,,,,,,,2.28,2.06,0.98*11 (pico_gnss pico-gnss-rs/src/main.rs:453)
373.106126 [INFO ] NMEA $GPGSV,4,1,13,25,63,181,18,12,62,077,18,10,56,257,,23,41,198,*75 (pico_gnss pico-gnss-rs/src/main.rs:453)
373.164699 [INFO ] NMEA $GPGSV,4,2,13,32,39,315,19,24,29,064,,28,22,267,,15,13,127,17*7B (pico_gnss pico-gnss-rs/src/main.rs:453)
373.199326 [INFO ] TIME unix_ns=1780920942484866250 ppb=2526 holdover_ms=1484 locked=1 (pico_gnss pico-gnss-rs/src/main.rs:226)
373.223633 [INFO ] NMEA $GPGSV,4,3,13,29,02,159,16,19,02,040,,193,,,,194,,,*76 (pico_gnss pico-gnss-rs/src/main.rs:453)
373.252625 [INFO ] NMEA $GPGSV,4,4,13,195,,,*46 (pico_gnss pico-gnss-rs/src/main.rs:453)
373.315145 [INFO ] NMEA $GLGSV,2,1,06,74,76,008,,72,72,000,,75,45,224,,71,44,128,19*68 (pico_gnss pico-gnss-rs/src/main.rs:453)
373.373358 [INFO ] NMEA $GLGSV,2,2,06,73,26,034,,65,21,327,*62 (pico_gnss pico-gnss-rs/src/main.rs:453)
373.432041 [INFO ] NMEA $GNRMC,121542.000,A,0000.0000,N,00000.0000,E,0.93,57.31,080626,,,A*47 (pico_gnss pico-gnss-rs/src/main.rs:453)
373.434631 [INFO ] SYNC pps_local_us=297281448 unix_s=1780920942 drift_us=2 err_ns=3 holdover_ms=1000 (pico_gnss pico-gnss-rs/src/main.rs:484)
373.490292 [INFO ] NMEA $GPVTG,57.31,T,,M,0.93,N,1.73,K,A*02 (pico_gnss pico-gnss-rs/src/main.rs:453)
373.519691 [INFO ] NMEA $GPZDA,121542.000,08,06,2026,,*5F (pico_gnss pico-gnss-rs/src/main.rs:453)
373.555493 [INFO ] NMEA $GPGST,121542.000,9.5,31,17,43.1,25,24,43*70 (pico_gnss pico-gnss-rs/src/main.rs:453)
373.713162 [INFO ] PPSGEN count=368 interval_ns=1000002544 dev_ns=2544 phase_ns=-1428521 hwphase_ns=512 (pico_gnss pico-gnss-rs/src/main.rs:296)
373.714442 [INFO ] PPS count=251 interval_us=1000002 interval_ns=1000002528 state=Locked missed=0 (pico_gnss pico-gnss-rs/src/main.rs:192)
373.884083 [INFO ] NMEA $GPGGA,121543.000,0000.0000,N,00000.0000,E,1,4,2.06,24.2,M,39.0,M,,*61 (pico_gnss pico-gnss-rs/src/main.rs:453)
373.942390 [INFO ] NMEA $GNGLL,0000.0000,N,00000.0000,E,121543.000,A,A*44 (pico_gnss pico-gnss-rs/src/main.rs:453)
374.000758 [INFO ] NMEA $GNGSA,A,3,32,12,15,29,,,,,,,,,2.28,2.06,0.98*1C (pico_gnss pico-gnss-rs/src/main.rs:453)
374.030228 [INFO ] NMEA $GNGSA,A,3,,,,,,,,,,,,,2.28,2.06,0.98*11 (pico_gnss pico-gnss-rs/src/main.rs:453)
374.093906 [INFO ] NMEA $GPGSV,4,1,13,25,63,181,18,12,62,077,18,10,56,257,,23,41,198,*75 (pico_gnss pico-gnss-rs/src/main.rs:453)
374.181332 [INFO ] NMEA $GPGSV,4,2,13,32,39,315,19,24,29,064,,28,22,267,,15,13,127,17*7B (pico_gnss pico-gnss-rs/src/main.rs:453)
374.200596 [INFO ] TIME unix_ns=1780920943486146247 ppb=2526 holdover_ms=1486 locked=1 (pico_gnss pico-gnss-rs/src/main.rs:226)
374.239855 [INFO ] NMEA $GPGSV,4,3,13,29,02,159,16,19,02,040,,193,,,,194,,,*76 (pico_gnss pico-gnss-rs/src/main.rs:453)
374.269059 [INFO ] NMEA $GPGSV,4,4,13,195,,,*46 (pico_gnss pico-gnss-rs/src/main.rs:453)
374.331655 [INFO ] NMEA $GLGSV,2,1,06,74,76,008,,72,72,000,,75,45,224,,71,44,128,18*69 (pico_gnss pico-gnss-rs/src/main.rs:453)
374.361111 [INFO ] NMEA $GLGSV,2,2,06,73,26,034,,65,21,327,*62 (pico_gnss pico-gnss-rs/src/main.rs:453)
374.448553 [INFO ] NMEA $GNRMC,121543.000,A,0000.0000,N,00000.0000,E,0.57,57.31,080626,,,A*4B (pico_gnss pico-gnss-rs/src/main.rs:453)
374.451123 [INFO ] SYNC pps_local_us=298281451 unix_s=1780920943 drift_us=2 err_ns=3 holdover_ms=1000 (pico_gnss pico-gnss-rs/src/main.rs:484)
374.478269 [INFO ] NMEA $GPVTG,57.31,T,,M,0.57,N,1.06,K,A*08 (pico_gnss pico-gnss-rs/src/main.rs:453)
374.507391 [INFO ] NMEA $GPZDA,121543.000,08,06,2026,,*5E (pico_gnss pico-gnss-rs/src/main.rs:453)
374.553203 [INFO ] NMEA $GPGST,121543.000,9.5,31,17,43.2,25,24,43*72 (pico_gnss pico-gnss-rs/src/main.rs:453)
374.713154 [INFO ] PPSGEN count=369 interval_ns=1000002544 dev_ns=2544 phase_ns=-1467521 hwphase_ns=528 (pico_gnss pico-gnss-rs/src/main.rs:296)
374.714452 [INFO ] PPS count=252 interval_us=1000002 interval_ns=1000002528 state=Locked missed=0 (pico_gnss pico-gnss-rs/src/main.rs:192)
374.874929 [INFO ] NMEA $GPGGA,121544.000,0000.0000,N,00000.0000,E,1,4,2.06,24.1,M,39.0,M,,*6B (pico_gnss pico-gnss-rs/src/main.rs:453)
374.933293 [INFO ] NMEA $GNGLL,0000.0000,N,00000.0000,E,121544.000,A,A*4D (pico_gnss pico-gnss-rs/src/main.rs:453)
374.991621 [INFO ] NMEA $GNGSA,A,3,32,12,15,29,,,,,,,,,2.28,2.06,0.98*1C (pico_gnss pico-gnss-rs/src/main.rs:453)
375.021140 [INFO ] NMEA $GNGSA,A,3,,,,,,,,,,,,,2.28,2.06,0.98*11 (pico_gnss pico-gnss-rs/src/main.rs:453)
375.112548 [INFO ] NMEA $GPGSV,4,1,13,25,63,181,18,12,62,077,18,10,56,257,,23,41,198,*75 (pico_gnss pico-gnss-rs/src/main.rs:453)
375.171188 [INFO ] NMEA $GPGSV,4,2,13,32,39,315,19,24,29,064,,28,22,267,,15,13,127,17*7B (pico_gnss pico-gnss-rs/src/main.rs:453)
375.201875 [INFO ] TIME unix_ns=1780920944487361244 ppb=2526 holdover_ms=1487 locked=1 (pico_gnss pico-gnss-rs/src/main.rs:226)
375.229980 [INFO ] NMEA $GPGSV,4,3,13,29,02,159,16,19,02,040,,193,,,,194,,,*76 (pico_gnss pico-gnss-rs/src/main.rs:453)
375.258950 [INFO ] NMEA $GPGSV,4,4,13,195,,,*46 (pico_gnss pico-gnss-rs/src/main.rs:453)
375.317413 [INFO ] NMEA $GLGSV,2,1,06,74,76,008,,72,72,000,,75,45,224,,71,44,128,18*69 (pico_gnss pico-gnss-rs/src/main.rs:453)
375.375531 [INFO ] NMEA $GLGSV,2,2,06,73,26,034,,65,21,327,*62 (pico_gnss pico-gnss-rs/src/main.rs:453)
375.438418 [INFO ] NMEA $GNRMC,121544.000,A,0000.0000,N,00000.0000,E,0.27,57.31,080626,,,A*45 (pico_gnss pico-gnss-rs/src/main.rs:453)
375.440989 [INFO ] SYNC pps_local_us=299281454 unix_s=1780920944 drift_us=2 err_ns=3 holdover_ms=1000 (pico_gnss pico-gnss-rs/src/main.rs:484)
375.468131 [INFO ] NMEA $GPVTG,57.31,T,,M,0.27,N,0.50,K,A*0D (pico_gnss pico-gnss-rs/src/main.rs:453)
375.525927 [INFO ] NMEA $GPZDA,121544.000,08,06,2026,,*59 (pico_gnss pico-gnss-rs/src/main.rs:453)
375.553627 [INFO ] NMEA $GPGST,121544.000,9.6,31,17,42.9,25,24,43*7C (pico_gnss pico-gnss-rs/src/main.rs:453)
375.713161 [INFO ] PPSGEN count=370 interval_ns=1000002512 dev_ns=2512 phase_ns=-1473522 hwphase_ns=512 (pico_gnss pico-gnss-rs/src/main.rs:296)
375.714433 [INFO ] PPS count=253 interval_us=1000002 interval_ns=1000002512 state=Locked missed=0 (pico_gnss pico-gnss-rs/src/main.rs:192)
375.905473 [INFO ] NMEA $GPGGA,121545.000,0000.0000,N,00000.0000,E,1,4,2.06,24.0,M,39.0,M,,*62 (pico_gnss pico-gnss-rs/src/main.rs:453)
375.963784 [INFO ] NMEA $GNGLL,0000.0000,N,00000.0000,E,121545.000,A,A*45 (pico_gnss pico-gnss-rs/src/main.rs:453)
375.993474 [INFO ] NMEA $GNGSA,A,3,32,12,15,29,,,,,,,,,2.28,2.06,0.98*1C (pico_gnss pico-gnss-rs/src/main.rs:453)
376.051580 [INFO ] NMEA $GNGSA,A,3,,,,,,,,,,,,,2.28,2.06,0.98*11 (pico_gnss pico-gnss-rs/src/main.rs:453)
376.110223 [INFO ] NMEA $GPGSV,4,1,13,25,63,181,18,12,62,077,18,10,56,257,,23,41,198,*75 (pico_gnss pico-gnss-rs/src/main.rs:453)
376.172963 [INFO ] NMEA $GPGSV,4,2,13,32,39,315,19,24,29,064,,28,22,267,,15,13,127,17*7B (pico_gnss pico-gnss-rs/src/main.rs:453)
376.203167 [INFO ] TIME unix_ns=1780920945488635241 ppb=2525 holdover_ms=1488 locked=1 (pico_gnss pico-gnss-rs/src/main.rs:226)
376.231767 [INFO ] NMEA $GPGSV,4,3,13,29,02,159,16,19,02,040,,193,,,,194,,,*76 (pico_gnss pico-gnss-rs/src/main.rs:453)
376.260781 [INFO ] NMEA $GPGSV,4,4,13,195,,,*46 (pico_gnss pico-gnss-rs/src/main.rs:453)
376.347978 [INFO ] NMEA $GLGSV,2,1,06,74,76,008,,72,72,000,,75,45,224,,71,44,128,18*69 (pico_gnss pico-gnss-rs/src/main.rs:453)
376.377493 [INFO ] NMEA $GLGSV,2,2,06,73,26,034,,65,21,327,*62 (pico_gnss pico-gnss-rs/src/main.rs:453)
376.440185 [INFO ] NMEA $GNRMC,121545.000,A,0000.0000,N,00000.0000,E,1.34,245.50,080626,,,A*78 (pico_gnss pico-gnss-rs/src/main.rs:453)
376.442753 [INFO ] SYNC pps_local_us=300281456 unix_s=1780920945 drift_us=2 err_ns=-13 holdover_ms=999 (pico_gnss pico-gnss-rs/src/main.rs:484)
376.498491 [INFO ] NMEA $GPVTG,245.50,T,,M,1.34,N,2.48,K,A*33 (pico_gnss pico-gnss-rs/src/main.rs:453)
376.527870 [INFO ] NMEA $GPZDA,121545.000,08,06,2026,,*58 (pico_gnss pico-gnss-rs/src/main.rs:453)
376.567408 [INFO ] NMEA $GPGST,121545.000,9.6,31,17,42.9,25,24,43*7D (pico_gnss pico-gnss-rs/src/main.rs:453)
376.713154 [INFO ] PPSGEN count=371 interval_ns=1000002512 dev_ns=2512 phase_ns=-1465521 hwphase_ns=512 (pico_gnss pico-gnss-rs/src/main.rs:296)
376.714418 [INFO ] PPS count=254 interval_us=1000002 interval_ns=1000002544 state=Locked missed=0 (pico_gnss pico-gnss-rs/src/main.rs:192)
376.888230 [INFO ] NMEA $GPGGA,121546.000,0000.0000,N,00000.0000,E,1,4,2.06,23.8,M,39.0,M,,*68 (pico_gnss pico-gnss-rs/src/main.rs:453)
376.943463 [INFO ] NMEA $GNGLL,0000.0000,N,00000.0000,E,121546.000,A,A*40 (pico_gnss pico-gnss-rs/src/main.rs:453)
377.001839 [INFO ] NMEA $GNGSA,A,3,32,12,15,29,,,,,,,,,2.28,2.06,0.98*1C (pico_gnss pico-gnss-rs/src/main.rs:453)
377.031312 [INFO ] NMEA $GNGSA,A,3,,,,,,,,,,,,,2.28,2.06,0.98*11 (pico_gnss pico-gnss-rs/src/main.rs:453)
377.118658 [INFO ] NMEA $GPGSV,4,1,13,25,63,181,18,12,62,077,18,10,56,257,,23,41,198,*75 (pico_gnss pico-gnss-rs/src/main.rs:453)
377.177259 [INFO ] NMEA $GPGSV,4,2,13,32,39,315,18,24,29,064,,28,22,267,,15,13,127,17*7A (pico_gnss pico-gnss-rs/src/main.rs:453)
377.204432 [INFO ] TIME unix_ns=1780920946489950237 ppb=2526 holdover_ms=1489 locked=1 (pico_gnss pico-gnss-rs/src/main.rs:226)
377.239853 [INFO ] NMEA $GPGSV,4,3,13,29,02,159,16,19,02,040,,193,,,,194,,,*76 (pico_gnss pico-gnss-rs/src/main.rs:453)
377.269117 [INFO ] NMEA $GPGSV,4,4,13,195,,,*46 (pico_gnss pico-gnss-rs/src/main.rs:453)
377.327606 [INFO ] NMEA $GLGSV,2,1,06,74,76,008,,72,72,000,,75,45,224,,71,44,128,18*69 (pico_gnss pico-gnss-rs/src/main.rs:453)
377.357089 [INFO ] NMEA $GLGSV,2,2,06,73,26,034,,65,21,327,*62 (pico_gnss pico-gnss-rs/src/main.rs:453)
377.444475 [INFO ] NMEA $GNRMC,121546.000,A,0000.0000,N,00000.0000,E,1.25,262.73,080626,,,A*79 (pico_gnss pico-gnss-rs/src/main.rs:453)
377.447063 [INFO ] SYNC pps_local_us=301281459 unix_s=1780920946 drift_us=2 err_ns=19 holdover_ms=999 (pico_gnss pico-gnss-rs/src/main.rs:484)
377.478105 [INFO ] NMEA $GPVTG,262.73,T,,M,1.25,N,2.32,K,A*3A (pico_gnss pico-gnss-rs/src/main.rs:453)
377.507459 [INFO ] NMEA $GPZDA,121546.000,08,06,2026,,*5B (pico_gnss pico-gnss-rs/src/main.rs:453)
377.559585 [INFO ] NMEA $GPGST,121546.000,9.7,31,17,42.9,25,24,43*7F (pico_gnss pico-gnss-rs/src/main.rs:453)
377.713110 [INFO ] PPSGEN count=372 interval_ns=1000002512 dev_ns=2512 phase_ns=-1455522 hwphase_ns=480 (pico_gnss pico-gnss-rs/src/main.rs:296)
377.714392 [INFO ] PPS count=255 interval_us=1000002 interval_ns=1000002528 state=Locked missed=0 (pico_gnss pico-gnss-rs/src/main.rs:192)
377.888352 [INFO ] NMEA $GPGGA,121547.000,0000.0000,N,00000.0000,E,1,4,2.06,23.7,M,39.0,M,,*6B (pico_gnss pico-gnss-rs/src/main.rs:453)
377.946683 [INFO ] NMEA $GNGLL,0000.0000,N,00000.0000,E,121547.000,A,A*4C (pico_gnss pico-gnss-rs/src/main.rs:453)
377.989616 [INFO ] NMEA $GNGSA,A,3,32,12,15,29,,,,,,,,,2.28,2.06,0.98*1C (pico_gnss pico-gnss-rs/src/main.rs:453)
378.047818 [INFO ] NMEA $GNGSA,A,3,,,,,,,,,,,,,2.28,2.06,0.98*11 (pico_gnss pico-gnss-rs/src/main.rs:453)
378.106428 [INFO ] NMEA $GPGSV,4,1,13,25,63,181,18,12,62,077,18,10,56,257,,23,41,198,*75 (pico_gnss pico-gnss-rs/src/main.rs:453)
378.165051 [INFO ] NMEA $GPGSV,4,2,13,32,39,315,18,24,29,064,,28,22,267,,15,13,127,17*7A (pico_gnss pico-gnss-rs/src/main.rs:453)
378.205701 [INFO ] TIME unix_ns=1780920947491199234 ppb=2526 holdover_ms=1491 locked=1 (pico_gnss pico-gnss-rs/src/main.rs:226)
378.223843 [INFO ] NMEA $GPGSV,4,3,13,29,02,159,16,19,02,040,,193,,,,194,,,*76 (pico_gnss pico-gnss-rs/src/main.rs:453)
378.256827 [INFO ] NMEA $GPGSV,4,4,13,195,,,*46 (pico_gnss pico-gnss-rs/src/main.rs:453)
378.315361 [INFO ] NMEA $GLGSV,2,1,06,74,76,008,,72,72,000,,75,45,224,,71,44,128,18*69 (pico_gnss pico-gnss-rs/src/main.rs:453)
378.373593 [INFO ] NMEA $GLGSV,2,2,06,73,26,034,,65,21,327,*62 (pico_gnss pico-gnss-rs/src/main.rs:453)
378.432289 [INFO ] NMEA $GNRMC,121547.000,A,0000.0000,N,00000.0000,E,0.57,262.73,080626,,,A*71 (pico_gnss pico-gnss-rs/src/main.rs:453)
378.434877 [INFO ] SYNC pps_local_us=302281461 unix_s=1780920947 drift_us=2 err_ns=3 holdover_ms=999 (pico_gnss pico-gnss-rs/src/main.rs:484)
378.490574 [INFO ] NMEA $GPVTG,262.73,T,,M,0.57,N,1.06,K,A*3A (pico_gnss pico-gnss-rs/src/main.rs:453)
378.523950 [INFO ] NMEA $GPZDA,121547.000,08,06,2026,,*5A (pico_gnss pico-gnss-rs/src/main.rs:453)
378.559393 [INFO ] NMEA $GPGST,121547.000,9.7,31,17,42.9,25,24,43*7E (pico_gnss pico-gnss-rs/src/main.rs:453)
378.713137 [INFO ] PPSGEN count=373 interval_ns=1000002512 dev_ns=2512 phase_ns=-1408522 hwphase_ns=464 (pico_gnss pico-gnss-rs/src/main.rs:296)
378.714402 [INFO ] PPS count=256 interval_us=1000002 interval_ns=1000002528 state=Locked missed=0 (pico_gnss pico-gnss-rs/src/main.rs:192)
378.887204 [INFO ] NMEA $GPGGA,121548.000,0000.0000,N,00000.0000,E,1,4,2.06,23.6,M,39.0,M,,*68 (pico_gnss pico-gnss-rs/src/main.rs:453)
378.945519 [INFO ] NMEA $GNGLL,0000.0000,N,00000.0000,E,121548.000,A,A*4E (pico_gnss pico-gnss-rs/src/main.rs:453)
379.003869 [INFO ] NMEA $GNGSA,A,3,32,12,15,29,,,,,,,,,2.28,2.06,0.98*1C (pico_gnss pico-gnss-rs/src/main.rs:453)
379.034337 [INFO ] NMEA $GNGSA,A,3,,,,,,,,,,,,,2.28,2.06,0.98*11 (pico_gnss pico-gnss-rs/src/main.rs:453)
379.092930 [INFO ] NMEA $GPGSV,4,1,13,25,63,181,18,12,62,077,18,10,56,257,,23,41,198,*75 (pico_gnss pico-gnss-rs/src/main.rs:453)
379.180301 [INFO ] NMEA $GPGSV,4,2,13,32,39,315,18,24,29,064,,28,22,267,,15,13,127,17*7A (pico_gnss pico-gnss-rs/src/main.rs:453)
379.206978 [INFO ] TIME unix_ns=1780920948492525230 ppb=2526 holdover_ms=1492 locked=1 (pico_gnss pico-gnss-rs/src/main.rs:226)
379.238861 [INFO ] NMEA $GPGSV,4,3,13,29,02,159,16,19,02,040,,193,,,,194,,,*76 (pico_gnss pico-gnss-rs/src/main.rs:453)
379.268062 [INFO ] NMEA $GPGSV,4,4,13,195,,,*46 (pico_gnss pico-gnss-rs/src/main.rs:453)
379.330626 [INFO ] NMEA $GLGSV,2,1,06,74,76,008,,72,72,000,,75,45,224,,71,44,128,18*69 (pico_gnss pico-gnss-rs/src/main.rs:453)
379.360141 [INFO ] NMEA $GLGSV,2,2,06,73,26,034,,65,21,327,*62 (pico_gnss pico-gnss-rs/src/main.rs:453)
379.447541 [INFO ] NMEA $GNRMC,121548.000,A,0000.0000,N,00000.0000,E,0.20,262.73,080626,,,A*73 (pico_gnss pico-gnss-rs/src/main.rs:453)
379.450121 [INFO ] SYNC pps_local_us=303281464 unix_s=1780920948 drift_us=2 err_ns=2 holdover_ms=1000 (pico_gnss pico-gnss-rs/src/main.rs:484)
379.477305 [INFO ] NMEA $GPVTG,262.73,T,,M,0.20,N,0.37,K,A*39 (pico_gnss pico-gnss-rs/src/main.rs:453)
379.506433 [INFO ] NMEA $GPZDA,121548.000,08,06,2026,,*55 (pico_gnss pico-gnss-rs/src/main.rs:453)
379.558733 [INFO ] NMEA $GPGST,121548.000,9.7,31,17,42.9,25,24,43*71 (pico_gnss pico-gnss-rs/src/main.rs:453)
379.713130 [INFO ] PPSGEN count=374 interval_ns=1000002544 dev_ns=2544 phase_ns=-1421522 hwphase_ns=480 (pico_gnss pico-gnss-rs/src/main.rs:296)
379.714391 [INFO ] PPS count=257 interval_us=1000002 interval_ns=1000002528 state=Locked missed=0 (pico_gnss pico-gnss-rs/src/main.rs:192)
379.888044 [INFO ] NMEA $GPGGA,121549.000,0000.0000,N,00000.0000,E,1,4,2.06,23.5,M,39.0,M,,*6A (pico_gnss pico-gnss-rs/src/main.rs:453)
379.946375 [INFO ] NMEA $GNGLL,0000.0000,N,00000.0000,E,121549.000,A,A*4F (pico_gnss pico-gnss-rs/src/main.rs:453)
380.004737 [INFO ] NMEA $GNGSA,A,3,32,12,15,29,,,,,,,,,2.28,2.06,0.98*1C (pico_gnss pico-gnss-rs/src/main.rs:453)
380.034218 [INFO ] NMEA $GNGSA,A,3,,,,,,,,,,,,,2.28,2.06,0.98*11 (pico_gnss pico-gnss-rs/src/main.rs:453)
380.110246 [INFO ] NMEA $GPGSV,4,1,13,25,63,181,18,12,62,077,18,10,56,257,,23,41,198,*75 (pico_gnss pico-gnss-rs/src/main.rs:453)
380.168892 [INFO ] NMEA $GPGSV,4,2,13,32,39,315,18,24,29,064,,28,22,267,,15,13,127,17*7A (pico_gnss pico-gnss-rs/src/main.rs:453)
380.208261 [INFO ] TIME unix_ns=1780920949493777227 ppb=2526 holdover_ms=1493 locked=1 (pico_gnss pico-gnss-rs/src/main.rs:226)
380.227652 [INFO ] NMEA $GPGSV,4,3,13,29,02,159,16,19,02,040,,193,,,,194,,,*76 (pico_gnss pico-gnss-rs/src/main.rs:453)
380.256649 [INFO ] NMEA $GPGSV,4,4,13,195,,,*46 (pico_gnss pico-gnss-rs/src/main.rs:453)
380.315077 [INFO ] NMEA $GLGSV,2,1,06,74,76,008,,72,72,000,,75,45,224,,71,44,128,18*69 (pico_gnss pico-gnss-rs/src/main.rs:453)
380.377382 [INFO ] NMEA $GLGSV,2,2,06,73,26,034,,65,21,327,*62 (pico_gnss pico-gnss-rs/src/main.rs:453)
380.436118 [INFO ] NMEA $GNRMC,121549.000,A,0000.0000,N,00000.0000,E,0.28,262.73,080626,,,A*7A (pico_gnss pico-gnss-rs/src/main.rs:453)
380.438682 [INFO ] SYNC pps_local_us=304281466 unix_s=1780920949 drift_us=2 err_ns=2 holdover_ms=1000 (pico_gnss pico-gnss-rs/src/main.rs:484)
380.494349 [INFO ] NMEA $GPVTG,262.73,T,,M,0.28,N,0.53,K,A*33 (pico_gnss pico-gnss-rs/src/main.rs:453)
380.523717 [INFO ] NMEA $GPZDA,121549.000,08,06,2026,,*54 (pico_gnss pico-gnss-rs/src/main.rs:453)
380.559072 [INFO ] NMEA $GPGST,121549.000,9.7,31,17,42.7,25,24,43*7E (pico_gnss pico-gnss-rs/src/main.rs:453)
380.713121 [INFO ] PPSGEN count=375 interval_ns=1000002544 dev_ns=2544 phase_ns=-1433522 hwphase_ns=496 (pico_gnss pico-gnss-rs/src/main.rs:296)
380.714403 [INFO ] PPS count=258 interval_us=1000002 interval_ns=1000002528 state=Locked missed=0 (pico_gnss pico-gnss-rs/src/main.rs:192)
380.895155 [INFO ] NMEA $GPGGA,121550.000,0000.0000,N,00000.0000,E,1,4,2.06,23.4,M,39.0,M,,*6E (pico_gnss pico-gnss-rs/src/main.rs:453)
380.953479 [INFO ] NMEA $GNGLL,0000.0000,N,00000.0000,E,121550.000,A,A*4A (pico_gnss pico-gnss-rs/src/main.rs:453)
381.011844 [INFO ] NMEA $GNGSA,A,3,32,12,15,29,,,,,,,,,2.28,2.06,0.98*1C (pico_gnss pico-gnss-rs/src/main.rs:453)
381.041372 [INFO ] NMEA $GNGSA,A,3,,,,,,,,,,,,,2.28,2.06,0.98*11 (pico_gnss pico-gnss-rs/src/main.rs:453)
381.099904 [INFO ] NMEA $GPGSV,4,1,13,25,63,181,18,12,62,077,18,10,56,257,,23,41,198,*75 (pico_gnss pico-gnss-rs/src/main.rs:453)
381.191413 [INFO ] NMEA $GPGSV,4,2,13,32,39,315,18,24,29,064,,28,22,267,,15,13,127,18*75 (pico_gnss pico-gnss-rs/src/main.rs:453)
381.209541 [INFO ] TIME unix_ns=1780920950495076224 ppb=2526 holdover_ms=1495 locked=1 (pico_gnss pico-gnss-rs/src/main.rs:226)
381.249945 [INFO ] NMEA $GPGSV,4,3,13,29,02,159,16,19,02,040,,193,,,,194,,,*76 (pico_gnss pico-gnss-rs/src/main.rs:453)
381.279151 [INFO ] NMEA $GPGSV,4,4,13,195,,,*46 (pico_gnss pico-gnss-rs/src/main.rs:453)
381.337613 [INFO ] NMEA $GLGSV,2,1,06,74,76,008,,72,72,000,,75,45,224,,71,44,128,19*68 (pico_gnss pico-gnss-rs/src/main.rs:453)
381.367083 [INFO ] NMEA $GLGSV,2,2,06,73,26,034,,65,21,327,*62 (pico_gnss pico-gnss-rs/src/main.rs:453)
381.458641 [INFO ] NMEA $GNRMC,121550.000,A,0000.0000,N,00000.0000,E,0.20,262.73,080626,,,A*77 (pico_gnss pico-gnss-rs/src/main.rs:453)
381.461211 [INFO ] SYNC pps_local_us=305281469 unix_s=1780920950 drift_us=2 err_ns=2 holdover_ms=999 (pico_gnss pico-gnss-rs/src/main.rs:484)
381.488377 [INFO ] NMEA $GPVTG,262.73,T,,M,0.20,N,0.37,K,A*39 (pico_gnss pico-gnss-rs/src/main.rs:453)
381.517515 [INFO ] NMEA $GPZDA,121550.000,08,06,2026,,*5C (pico_gnss pico-gnss-rs/src/main.rs:453)
381.565428 [INFO ] NMEA $GPGST,121550.000,9.9,31,17,42.6,25,24,43*79 (pico_gnss pico-gnss-rs/src/main.rs:453)
381.713197 [INFO ] PPSGEN count=376 interval_ns=1000002544 dev_ns=2544 phase_ns=-1410522 hwphase_ns=512 (pico_gnss pico-gnss-rs/src/main.rs:296)
381.714463 [INFO ] PPS count=259 interval_us=1000002 interval_ns=1000002528 state=Locked missed=0 (pico_gnss pico-gnss-rs/src/main.rs:192)
381.886140 [INFO ] NMEA $GPGGA,121551.000,0000.0000,N,00000.0000,E,1,4,2.06,23.2,M,39.0,M,,*62 (pico_gnss pico-gnss-rs/src/main.rs:453)
381.933187 [INFO ] NMEA $GNGLL,0000.0000,N,00000.0000,E,121551.000,A,A*40 (pico_gnss pico-gnss-rs/src/main.rs:453)
381.991505 [INFO ] NMEA $GNGSA,A,3,32,12,15,29,,,,,,,,,2.28,2.06,0.98*1C (pico_gnss pico-gnss-rs/src/main.rs:453)
382.049724 [INFO ] NMEA $GNGSA,A,3,,,,,,,,,,,,,2.28,2.06,0.98*11 (pico_gnss pico-gnss-rs/src/main.rs:453)
382.108345 [INFO ] NMEA $GPGSV,4,1,13,25,63,181,18,12,62,077,18,10,56,257,,23,41,198,*75 (pico_gnss pico-gnss-rs/src/main.rs:453)
382.171119 [INFO ] NMEA $GPGSV,4,2,13,32,39,315,18,24,29,064,,28,22,267,,15,13,127,18*75 (pico_gnss pico-gnss-rs/src/main.rs:453)
382.210826 [INFO ] TIME unix_ns=1780920951496340220 ppb=2526 holdover_ms=1496 locked=1 (pico_gnss pico-gnss-rs/src/main.rs:226)
382.229895 [INFO ] NMEA $GPGSV,4,3,13,29,02,159,17,19,02,040,,193,,,,194,,,*77 (pico_gnss pico-gnss-rs/src/main.rs:453)
382.258924 [INFO ] NMEA $GPGSV,4,4,13,195,,,*46 (pico_gnss pico-gnss-rs/src/main.rs:453)
382.317370 [INFO ] NMEA $GLGSV,2,1,06,74,76,008,,72,72,000,,75,45,224,,71,44,128,19*68 (pico_gnss pico-gnss-rs/src/main.rs:453)
382.375544 [INFO ] NMEA $GLGSV,2,2,06,73,26,034,,65,21,327,*62 (pico_gnss pico-gnss-rs/src/main.rs:453)
382.438343 [INFO ] NMEA $GNRMC,121551.000,A,0000.0000,N,00000.0000,E,0.36,262.73,080626,,,A*7A (pico_gnss pico-gnss-rs/src/main.rs:453)
382.440938 [INFO ] SYNC pps_local_us=306281471 unix_s=1780920951 drift_us=2 err_ns=2 holdover_ms=1000 (pico_gnss pico-gnss-rs/src/main.rs:484)
382.496602 [INFO ] NMEA $GPVTG,262.73,T,,M,0.36,N,0.66,K,A*3A (pico_gnss pico-gnss-rs/src/main.rs:453)
382.525989 [INFO ] NMEA $GPZDA,121551.000,08,06,2026,,*5D (pico_gnss pico-gnss-rs/src/main.rs:453)
382.556691 [INFO ] NMEA $GPGST,121551.000,10,31,17,42.7,25,24,43*56 (pico_gnss pico-gnss-rs/src/main.rs:453)
382.713184 [INFO ] PPSGEN count=377 interval_ns=1000002544 dev_ns=2544 phase_ns=-1494522 hwphase_ns=528 (pico_gnss pico-gnss-rs/src/main.rs:296)
382.714450 [INFO ] PPS count=260 interval_us=1000002 interval_ns=1000002528 state=Locked missed=0 (pico_gnss pico-gnss-rs/src/main.rs:192)
382.885220 [INFO ] NMEA $GPGGA,121552.000,0000.0000,N,00000.0000,E,1,4,2.06,23.1,M,39.0,M,,*6C (pico_gnss pico-gnss-rs/src/main.rs:453)
382.949717 [INFO ] NMEA $GNGLL,0000.0000,N,00000.0000,E,121552.000,A,A*4D (pico_gnss pico-gnss-rs/src/main.rs:453)
382.979300 [INFO ] NMEA $GNGSA,A,3,32,12,15,29,,,,,,,,,2.28,2.06,0.98*1C (pico_gnss pico-gnss-rs/src/main.rs:453)
383.037490 [INFO ] NMEA $GNGSA,A,3,,,,,,,,,,,,,2.28,2.06,0.98*11 (pico_gnss pico-gnss-rs/src/main.rs:453)
383.096100 [INFO ] NMEA $GPGSV,4,1,13,25,63,181,18,12,62,077,18,10,56,257,,23,41,198,*75 (pico_gnss pico-gnss-rs/src/main.rs:453)
383.183494 [INFO ] NMEA $GPGSV,4,2,13,32,39,315,18,24,29,064,,28,22,267,,15,13,127,18*75 (pico_gnss pico-gnss-rs/src/main.rs:453)
383.212117 [INFO ] TIME unix_ns=1780920952497577217 ppb=2526 holdover_ms=1497 locked=1 (pico_gnss pico-gnss-rs/src/main.rs:226)
383.217411 [INFO ] NMEA $GPGSV,4,3,13,29,02,159,17,19,02,040,,193,,,,194,,,*77 (pico_gnss pico-gnss-rs/src/main.rs:453)
383.246547 [INFO ] NMEA $GPGSV,4,4,13,195,,,*46 (pico_gnss pico-gnss-rs/src/main.rs:453)
383.333840 [INFO ] NMEA $GLGSV,2,1,06,74,76,008,,72,72,000,,75,45,224,,71,44,128,19*68 (pico_gnss pico-gnss-rs/src/main.rs:453)
383.363299 [INFO ] NMEA $GLGSV,2,2,06,73,26,034,,65,21,327,*62 (pico_gnss pico-gnss-rs/src/main.rs:453)
383.450717 [INFO ] NMEA $GNRMC,121552.000,A,0000.0000,N,00000.0000,E,1.06,94.98,080626,,,A*4B (pico_gnss pico-gnss-rs/src/main.rs:453)
383.453285 [INFO ] SYNC pps_local_us=307281474 unix_s=1780920952 drift_us=2 err_ns=2 holdover_ms=999 (pico_gnss pico-gnss-rs/src/main.rs:484)
383.484313 [INFO ] NMEA $GPVTG,94.98,T,,M,1.06,N,1.96,K,A*08 (pico_gnss pico-gnss-rs/src/main.rs:453)
383.513636 [INFO ] NMEA $GPZDA,121552.000,08,06,2026,,*5E (pico_gnss pico-gnss-rs/src/main.rs:453)
383.553199 [INFO ] NMEA $GPGST,121552.000,10,31,17,42.7,25,24,43*55 (pico_gnss pico-gnss-rs/src/main.rs:453)
383.713180 [INFO ] PPSGEN count=378 interval_ns=1000002512 dev_ns=2512 phase_ns=-1470522 hwphase_ns=512 (pico_gnss pico-gnss-rs/src/main.rs:296)
383.714448 [INFO ] PPS count=261 interval_us=1000002 interval_ns=1000002528 state=Locked missed=0 (pico_gnss pico-gnss-rs/src/main.rs:192)
383.887291 [INFO ] NMEA $GPGGA,121553.000,0000.0000,N,00000.0000,E,1,4,2.06,22.9,M,39.0,M,,*64 (pico_gnss pico-gnss-rs/src/main.rs:453)
383.945618 [INFO ] NMEA $GNGLL,0000.0000,N,00000.0000,E,121553.000,A,A*4C (pico_gnss pico-gnss-rs/src/main.rs:453)
384.000896 [INFO ] NMEA $GNGSA,A,3,32,12,15,29,,,,,,,,,2.28,2.06,0.98*1C (pico_gnss pico-gnss-rs/src/main.rs:453)
384.030366 [INFO ] NMEA $GNGSA,A,3,,,,,,,,,,,,,2.28,2.06,0.98*11 (pico_gnss pico-gnss-rs/src/main.rs:453)
384.117716 [INFO ] NMEA $GPGSV,4,1,13,25,63,181,18,12,62,077,18,10,56,257,,23,41,198,*75 (pico_gnss pico-gnss-rs/src/main.rs:453)
384.176311 [INFO ] NMEA $GPGSV,4,2,13,32,39,315,18,24,29,064,,28,22,267,,15,13,127,18*75 (pico_gnss pico-gnss-rs/src/main.rs:453)
384.213670 [INFO ] TIME unix_ns=1780920953499148213 ppb=2526 holdover_ms=1499 locked=1 (pico_gnss pico-gnss-rs/src/main.rs:226)
384.235127 [INFO ] NMEA $GPGSV,4,3,13,29,02,159,18,19,02,040,,193,,,,194,,,*78 (pico_gnss pico-gnss-rs/src/main.rs:453)
384.268093 [INFO ] NMEA $GPGSV,4,4,13,195,,,*46 (pico_gnss pico-gnss-rs/src/main.rs:453)
384.326673 [INFO ] NMEA $GLGSV,2,1,06,74,76,008,23,72,72,000,,75,45,224,,71,44,128,19*69 (pico_gnss pico-gnss-rs/src/main.rs:453)
384.356166 [INFO ] NMEA $GLGSV,2,2,06,73,26,034,,65,21,327,*62 (pico_gnss pico-gnss-rs/src/main.rs:453)
384.443569 [INFO ] NMEA $GNRMC,121553.000,A,0000.0000,N,00000.0000,E,1.14,100.13,080626,,,A*76 (pico_gnss pico-gnss-rs/src/main.rs:453)
384.446158 [INFO ] SYNC pps_local_us=308281476 unix_s=1780920953 drift_us=2 err_ns=2 holdover_ms=999 (pico_gnss pico-gnss-rs/src/main.rs:484)
384.473322 [INFO ] NMEA $GPVTG,100.13,T,,M,1.14,N,2.12,K,A*3B (pico_gnss pico-gnss-rs/src/main.rs:453)
384.535227 [INFO ] NMEA $GPZDA,121553.000,08,06,2026,,*5F (pico_gnss pico-gnss-rs/src/main.rs:453)
384.559744 [INFO ] NMEA $GPGST,121553.000,10,31,17,42.7,25,24,43*54 (pico_gnss pico-gnss-rs/src/main.rs:453)
384.713138 [INFO ] PPSGEN count=379 interval_ns=1000002512 dev_ns=2512 phase_ns=-1452522 hwphase_ns=496 (pico_gnss pico-gnss-rs/src/main.rs:296)
384.714408 [INFO ] PPS count=262 interval_us=1000002 interval_ns=1000002544 state=Locked missed=0 (pico_gnss pico-gnss-rs/src/main.rs:192)
384.896243 [INFO ] NMEA $GPGGA,121554.000,0000.0000,N,00000.0000,E,1,4,2.06,22.8,M,39.0,M,,*65 (pico_gnss pico-gnss-rs/src/main.rs:453)
384.954565 [INFO ] NMEA $GNGLL,0000.0000,N,00000.0000,E,121554.000,A,A*4C (pico_gnss pico-gnss-rs/src/main.rs:453)
385.012937 [INFO ] NMEA $GNGSA,A,3,32,12,15,29,,,,,,,,,2.28,2.06,0.98*1C (pico_gnss pico-gnss-rs/src/main.rs:453)
385.054706 [INFO ] NMEA $GNGSA,A,3,,,,,,,,,,,,,2.28,2.06,0.98*11 (pico_gnss pico-gnss-rs/src/main.rs:453)
385.113334 [INFO ] NMEA $GPGSV,4,1,13,25,63,181,18,12,62,077,18,10,56,257,,23,41,198,*75 (pico_gnss pico-gnss-rs/src/main.rs:453)
385.171986 [INFO ] NMEA $GPGSV,4,2,13,32,39,315,18,24,29,064,,28,22,267,,15,13,127,18*75 (pico_gnss pico-gnss-rs/src/main.rs:453)
385.214952 [INFO ] TIME unix_ns=1780920954500429209 ppb=2527 holdover_ms=1500 locked=1 (pico_gnss pico-gnss-rs/src/main.rs:226)
385.230796 [INFO ] NMEA $GPGSV,4,3,13,29,02,159,18,19,02,040,,193,,,,194,,,*78 (pico_gnss pico-gnss-rs/src/main.rs:453)
385.259741 [INFO ] NMEA $GPGSV,4,4,13,195,,,*46 (pico_gnss pico-gnss-rs/src/main.rs:453)
385.322285 [INFO ] NMEA $GLGSV,2,1,06,74,76,008,,72,72,000,,75,45,224,,71,44,128,19*68 (pico_gnss pico-gnss-rs/src/main.rs:453)
385.380532 [INFO ] NMEA $GLGSV,2,2,06,73,26,034,,65,21,327,*62 (pico_gnss pico-gnss-rs/src/main.rs:453)
385.439209 [INFO ] NMEA $GNRMC,121554.000,A,0000.0000,N,00000.0000,E,1.34,125.41,080626,,,A*74 (pico_gnss pico-gnss-rs/src/main.rs:453)
385.441785 [INFO ] SYNC pps_local_us=309281479 unix_s=1780920954 drift_us=2 err_ns=18 holdover_ms=999 (pico_gnss pico-gnss-rs/src/main.rs:484)
385.497512 [INFO ] NMEA $GPVTG,125.41,T,,M,1.34,N,2.48,K,A*36 (pico_gnss pico-gnss-rs/src/main.rs:453)
385.526812 [INFO ] NMEA $GPZDA,121554.000,08,06,2026,,*58 (pico_gnss pico-gnss-rs/src/main.rs:453)
385.566607 [INFO ] NMEA $GPGST,121554.000,10,31,17,42.8,25,24,43*5C (pico_gnss pico-gnss-rs/src/main.rs:453)
385.713154 [INFO ] PPSGEN count=380 interval_ns=1000002512 dev_ns=2512 phase_ns=-1400523 hwphase_ns=464 (pico_gnss pico-gnss-rs/src/main.rs:296)
385.714425 [INFO ] PPS count=263 interval_us=1000002 interval_ns=1000002528 state=Locked missed=0 (pico_gnss pico-gnss-rs/src/main.rs:192)
385.887206 [INFO ] NMEA $GPGGA,121555.000,0000.0000,N,00000.0000,E,1,4,2.06,22.7,M,39.0,M,,*68 (pico_gnss pico-gnss-rs/src/main.rs:453)
385.945522 [INFO ] NMEA $GNGLL,0000.0000,N,00000.0000,E,121555.000,A,A*4E (pico_gnss pico-gnss-rs/src/main.rs:453)
386.003888 [INFO ] NMEA $GNGSA,A,3,32,12,15,29,,,,,,,,,2.28,2.06,0.98*1C (pico_gnss pico-gnss-rs/src/main.rs:453)
386.033355 [INFO ] NMEA $GNGSA,A,3,,,,,,,,,,,,,2.28,2.06,0.98*11 (pico_gnss pico-gnss-rs/src/main.rs:453)
386.092945 [INFO ] NMEA $GPGSV,4,1,13,25,63,181,18,12,62,077,19,10,56,257,,23,41,198,*74 (pico_gnss pico-gnss-rs/src/main.rs:453)
386.180314 [INFO ] NMEA $GPGSV,4,2,13,32,39,315,18,24,29,064,,28,22,267,,15,13,127,18*75 (pico_gnss pico-gnss-rs/src/main.rs:453)
386.216227 [INFO ] TIME unix_ns=1780920955501744206 ppb=2527 holdover_ms=1501 locked=1 (pico_gnss pico-gnss-rs/src/main.rs:226)
386.239147 [INFO ] NMEA $GPGSV,4,3,13,29,02,159,18,19,02,040,,193,,,,194,,,*78 (pico_gnss pico-gnss-rs/src/main.rs:453)
386.268144 [INFO ] NMEA $GPGSV,4,4,13,195,,,*46 (pico_gnss pico-gnss-rs/src/main.rs:453)
386.326562 [INFO ] NMEA $GLGSV,2,1,06,74,76,008,,72,72,000,,75,45,224,,71,44,128,19*68 (pico_gnss pico-gnss-rs/src/main.rs:453)
386.360088 [INFO ] NMEA $GLGSV,2,2,06,73,26,034,,65,21,327,*62 (pico_gnss pico-gnss-rs/src/main.rs:453)
386.447553 [INFO ] NMEA $GNRMC,121555.000,A,0000.0000,N,00000.0000,E,1.11,105.87,080626,,,A*79 (pico_gnss pico-gnss-rs/src/main.rs:453)
386.450135 [INFO ] SYNC pps_local_us=310281481 unix_s=1780920955 drift_us=2 err_ns=2 holdover_ms=1000 (pico_gnss pico-gnss-rs/src/main.rs:484)
386.477321 [INFO ] NMEA $GPVTG,105.87,T,,M,1.11,N,2.06,K,A*33 (pico_gnss pico-gnss-rs/src/main.rs:453)
386.506455 [INFO ] NMEA $GPZDA,121555.000,08,06,2026,,*59 (pico_gnss pico-gnss-rs/src/main.rs:453)
386.557483 [INFO ] NMEA $GPGST,121555.000,10,30,17,43.0,25,24,43*55 (pico_gnss pico-gnss-rs/src/main.rs:453)
386.713144 [INFO ] PPSGEN count=381 interval_ns=1000002544 dev_ns=2544 phase_ns=-1429523 hwphase_ns=480 (pico_gnss pico-gnss-rs/src/main.rs:296)
386.714403 [INFO ] PPS count=264 interval_us=1000002 interval_ns=1000002528 state=Locked missed=0 (pico_gnss pico-gnss-rs/src/main.rs:192)
386.902627 [INFO ] NMEA $GPGGA,121556.000,0000.0000,N,00000.0000,E,1,4,2.06,22.6,M,39.0,M,,*6B (pico_gnss pico-gnss-rs/src/main.rs:453)
386.932251 [INFO ] NMEA $GNGLL,0000.0000,N,00000.0000,E,121556.000,A,A*4C (pico_gnss pico-gnss-rs/src/main.rs:453)
386.990550 [INFO ] NMEA $GNGSA,A,3,32,12,15,29,,,,,,,,,2.28,2.06,0.98*1C (pico_gnss pico-gnss-rs/src/main.rs:453)
387.048748 [INFO ] NMEA $GNGSA,A,3,,,,,,,,,,,,,2.28,2.06,0.98*11 (pico_gnss pico-gnss-rs/src/main.rs:453)
387.107400 [INFO ] NMEA $GPGSV,4,1,13,25,63,181,18,12,62,077,19,10,56,257,,23,41,198,*74 (pico_gnss pico-gnss-rs/src/main.rs:453)
387.170112 [INFO ] NMEA $GPGSV,4,2,13,32,39,315,18,24,29,064,,28,22,267,,15,13,127,18*75 (pico_gnss pico-gnss-rs/src/main.rs:453)
387.217512 [INFO ] TIME unix_ns=1780920956503007203 ppb=2527 holdover_ms=1503 locked=1 (pico_gnss pico-gnss-rs/src/main.rs:226)
387.228914 [INFO ] NMEA $GPGSV,4,3,13,29,02,159,18,19,02,040,,193,,,,194,,,*78 (pico_gnss pico-gnss-rs/src/main.rs:453)
387.257895 [INFO ] NMEA $GPGSV,4,4,13,195,,,*46 (pico_gnss pico-gnss-rs/src/main.rs:453)
387.316320 [INFO ] NMEA $GLGSV,2,1,06,74,76,008,,72,72,000,,75,45,224,,71,44,128,19*68 (pico_gnss pico-gnss-rs/src/main.rs:453)
387.374528 [INFO ] NMEA $GLGSV,2,2,06,73,26,034,,65,21,327,*62 (pico_gnss pico-gnss-rs/src/main.rs:453)
387.437351 [INFO ] NMEA $GNRMC,121556.000,A,0000.0000,N,00000.0000,E,0.08,105.87,080626,,,A*72 (pico_gnss pico-gnss-rs/src/main.rs:453)
387.439912 [INFO ] SYNC pps_local_us=311281484 unix_s=1780920956 drift_us=2 err_ns=2 holdover_ms=999 (pico_gnss pico-gnss-rs/src/main.rs:484)
387.495608 [INFO ] NMEA $GPVTG,105.87,T,,M,0.08,N,0.15,K,A*3A (pico_gnss pico-gnss-rs/src/main.rs:453)
387.524981 [INFO ] NMEA $GPZDA,121556.000,08,06,2026,,*5A (pico_gnss pico-gnss-rs/src/main.rs:453)
387.554442 [INFO ] NMEA $GPGST,121556.000,10,30,17,43.0,25,24,43*56 (pico_gnss pico-gnss-rs/src/main.rs:453)
387.713138 [INFO ] PPSGEN count=382 interval_ns=1000002544 dev_ns=2544 phase_ns=-1439523 hwphase_ns=496 (pico_gnss pico-gnss-rs/src/main.rs:296)
387.714410 [INFO ] PPS count=265 interval_us=1000002 interval_ns=1000002528 state=Locked missed=0 (pico_gnss pico-gnss-rs/src/main.rs:192)
387.888340 [INFO ] NMEA $GPGGA,121557.000,0000.0000,N,00000.0000,E,1,4,2.06,22.5,M,39.0,M,,*60 (pico_gnss pico-gnss-rs/src/main.rs:453)
387.949707 [INFO ] NMEA $GNGLL,0000.0000,N,00000.0000,E,121557.000,A,A*44 (pico_gnss pico-gnss-rs/src/main.rs:453)
388.008070 [INFO ] NMEA $GNGSA,A,3,32,12,15,29,,,,,,,,,2.28,2.06,0.98*1C (pico_gnss pico-gnss-rs/src/main.rs:453)
388.037608 [INFO ] NMEA $GNGSA,A,3,,,,,,,,,,,,,2.28,2.06,0.98*11 (pico_gnss pico-gnss-rs/src/main.rs:453)
388.096127 [INFO ] NMEA $GPGSV,4,1,13,25,63,181,18,12,62,077,19,10,56,257,,23,41,198,*74 (pico_gnss pico-gnss-rs/src/main.rs:453)
388.187644 [INFO ] NMEA $GPGSV,4,2,13,32,39,315,18,24,29,064,,28,22,267,,15,13,127,18*75 (pico_gnss pico-gnss-rs/src/main.rs:453)
388.218791 [INFO ] TIME unix_ns=1780920957504292199 ppb=2527 holdover_ms=1504 locked=1 (pico_gnss pico-gnss-rs/src/main.rs:226)
388.246426 [INFO ] NMEA $GPGSV,4,3,13,29,02,159,18,19,02,040,,193,,,,194,,,*78 (pico_gnss pico-gnss-rs/src/main.rs:453)
388.247832 [INFO ] NMEA $GPGSV,4,4,13,195,,,*46 (pico_gnss pico-gnss-rs/src/main.rs:453)
388.333850 [INFO ] NMEA $GLGSV,2,1,06,74,76,008,,72,72,000,,75,45,224,,71,44,128,18*69 (pico_gnss pico-gnss-rs/src/main.rs:453)
388.363348 [INFO ] NMEA $GLGSV,2,2,06,73,26,034,,65,21,327,*62 (pico_gnss pico-gnss-rs/src/main.rs:453)
388.454871 [INFO ] NMEA $GNRMC,121557.000,A,0000.0000,N,00000.0000,E,0.34,105.87,080626,,,A*75 (pico_gnss pico-gnss-rs/src/main.rs:453)
388.457454 [INFO ] SYNC pps_local_us=312281486 unix_s=1780920957 drift_us=2 err_ns=2 holdover_ms=1000 (pico_gnss pico-gnss-rs/src/main.rs:484)
388.484594 [INFO ] NMEA $GPVTG,105.87,T,,M,0.34,N,0.63,K,A*34 (pico_gnss pico-gnss-rs/src/main.rs:453)
388.513761 [INFO ] NMEA $GPZDA,121557.000,08,06,2026,,*5B (pico_gnss pico-gnss-rs/src/main.rs:453)
388.558513 [INFO ] NMEA $GPGST,121557.000,10,30,17,43.1,25,24,43*56 (pico_gnss pico-gnss-rs/src/main.rs:453)
388.713212 [INFO ] PPSGEN count=383 interval_ns=1000002544 dev_ns=2544 phase_ns=-1410523 hwphase_ns=512 (pico_gnss pico-gnss-rs/src/main.rs:296)
388.714487 [INFO ] PPS count=266 interval_us=1000002 interval_ns=1000002528 state=Locked missed=0 (pico_gnss pico-gnss-rs/src/main.rs:192)
388.890305 [INFO ] NMEA $GPGGA,121558.000,0000.0000,N,00000.0000,E,1,4,2.06,22.4,M,39.0,M,,*6A (pico_gnss pico-gnss-rs/src/main.rs:453)
388.948574 [INFO ] NMEA $GNGLL,0000.0000,N,00000.0000,E,121558.000,A,A*4F (pico_gnss pico-gnss-rs/src/main.rs:453)
388.998732 [INFO ] NMEA $GNGSA,A,3,32,12,15,29,,,,,,,,,2.28,2.06,0.98*1C (pico_gnss pico-gnss-rs/src/main.rs:453)
389.028272 [INFO ] NMEA $GNGSA,A,3,,,,,,,,,,,,,2.28,2.06,0.98*11 (pico_gnss pico-gnss-rs/src/main.rs:453)
389.115557 [INFO ] NMEA $GPGSV,4,1,13,25,63,181,18,12,62,077,19,10,56,257,,23,41,198,*74 (pico_gnss pico-gnss-rs/src/main.rs:453)
389.174217 [INFO ] NMEA $GPGSV,4,2,13,32,39,315,18,24,29,064,,28,22,267,,15,13,127,18*75 (pico_gnss pico-gnss-rs/src/main.rs:453)
389.220067 [INFO ] TIME unix_ns=1780920958505579196 ppb=2527 holdover_ms=1505 locked=1 (pico_gnss pico-gnss-rs/src/main.rs:226)
389.236819 [INFO ] NMEA $GPGSV,4,3,13,29,02,159,18,19,02,040,,193,,,,194,,,*78 (pico_gnss pico-gnss-rs/src/main.rs:453)
389.266042 [INFO ] NMEA $GPGSV,4,4,13,195,,,*46 (pico_gnss pico-gnss-rs/src/main.rs:453)
389.324535 [INFO ] NMEA $GLGSV,2,1,06,74,76,008,,72,72,000,,75,45,224,,71,44,128,18*69 (pico_gnss pico-gnss-rs/src/main.rs:453)
389.382714 [INFO ] NMEA $GLGSV,2,2,06,73,26,034,,65,21,327,*62 (pico_gnss pico-gnss-rs/src/main.rs:453)
389.441415 [INFO ] NMEA $GNRMC,121558.000,A,0000.0000,N,00000.0000,E,0.82,2.41,080626,,,A*7F (pico_gnss pico-gnss-rs/src/main.rs:453)
389.443968 [INFO ] SYNC pps_local_us=313281489 unix_s=1780920958 drift_us=2 err_ns=2 holdover_ms=1000 (pico_gnss pico-gnss-rs/src/main.rs:484)
389.471073 [INFO ] NMEA $GPVTG,2.41,T,,M,0.82,N,1.52,K,A*36 (pico_gnss pico-gnss-rs/src/main.rs:453)
389.532975 [INFO ] NMEA $GPZDA,121558.000,08,06,2026,,*54 (pico_gnss pico-gnss-rs/src/main.rs:453)
389.556465 [INFO ] NMEA $GPGST,121558.000,10,30,17,43.2,25,24,43*5A (pico_gnss pico-gnss-rs/src/main.rs:453)
389.713207 [INFO ] PPSGEN count=384 interval_ns=1000002544 dev_ns=2544 phase_ns=-1480523 hwphase_ns=528 (pico_gnss pico-gnss-rs/src/main.rs:296)
389.714473 [INFO ] PPS count=267 interval_us=1000002 interval_ns=1000002544 state=Locked missed=0 (pico_gnss pico-gnss-rs/src/main.rs:192)
389.889352 [INFO ] NMEA $GPGGA,121559.000,0000.0000,N,00000.0000,E,1,4,2.06,22.3,M,39.0,M,,*66 (pico_gnss pico-gnss-rs/src/main.rs:453)
389.947657 [INFO ] NMEA $GNGLL,0000.0000,N,00000.0000,E,121559.000,A,A*44 (pico_gnss pico-gnss-rs/src/main.rs:453)
390.005988 [INFO ] NMEA $GNGSA,A,3,32,12,15,29,,,,,,,,,2.28,2.06,0.98*1C (pico_gnss pico-gnss-rs/src/main.rs:453)
390.048804 [INFO ] NMEA $GNGSA,A,3,,,,,,,,,,,,,2.28,2.06,0.98*11 (pico_gnss pico-gnss-rs/src/main.rs:453)
390.107436 [INFO ] NMEA $GPGSV,4,1,13,25,63,181,18,12,62,077,19,10,56,257,,23,41,198,*74 (pico_gnss pico-gnss-rs/src/main.rs:453)
390.166016 [INFO ] NMEA $GPGSV,4,2,13,32,39,315,18,24,29,064,,28,22,267,,15,13,127,18*75 (pico_gnss pico-gnss-rs/src/main.rs:453)
390.221352 [INFO ] TIME unix_ns=1780920959506785192 ppb=2528 holdover_ms=1506 locked=1 (pico_gnss pico-gnss-rs/src/main.rs:226)
390.224833 [INFO ] NMEA $GPGSV,4,3,13,29,02,159,18,19,02,040,,193,,,,194,,,*78 (pico_gnss pico-gnss-rs/src/main.rs:453)
390.253920 [INFO ] NMEA $GPGSV,4,4,13,195,,,*46 (pico_gnss pico-gnss-rs/src/main.rs:453)
390.316416 [INFO ] NMEA $GLGSV,2,1,06,74,76,008,,72,72,000,,75,45,224,,71,44,128,17*66 (pico_gnss pico-gnss-rs/src/main.rs:453)
390.374658 [INFO ] NMEA $GLGSV,2,2,06,73,26,034,,65,21,327,*62 (pico_gnss pico-gnss-rs/src/main.rs:453)
390.433318 [INFO ] NMEA $GNRMC,121559.000,A,0000.0000,N,00000.0000,E,1.54,53.17,080626,,,A*49 (pico_gnss pico-gnss-rs/src/main.rs:453)
390.435891 [INFO ] SYNC pps_local_us=314281491 unix_s=1780920959 drift_us=2 err_ns=17 holdover_ms=999 (pico_gnss pico-gnss-rs/src/main.rs:484)
390.491573 [INFO ] NMEA $GPVTG,53.17,T,,M,1.54,N,2.86,K,A*01 (pico_gnss pico-gnss-rs/src/main.rs:453)
390.520959 [INFO ] NMEA $GPZDA,121559.000,08,06,2026,,*55 (pico_gnss pico-gnss-rs/src/main.rs:453)
390.554465 [INFO ] NMEA $GPGST,121559.000,10,30,17,43.3,25,24,43*5A (pico_gnss pico-gnss-rs/src/main.rs:453)
390.713142 [INFO ] PPSGEN count=385 interval_ns=1000002512 dev_ns=2512 phase_ns=-1469523 hwphase_ns=496 (pico_gnss pico-gnss-rs/src/main.rs:296)
390.714420 [INFO ] PPS count=268 interval_us=1000002 interval_ns=1000002528 state=Locked missed=0 (pico_gnss pico-gnss-rs/src/main.rs:192)
390.887247 [INFO ] NMEA $GPGGA,121600.000,0000.0000,N,00000.0000,E,1,4,2.06,22.2,M,39.0,M,,*69 (pico_gnss pico-gnss-rs/src/main.rs:453)
390.945573 [INFO ] NMEA $GNGLL,0000.0000,N,00000.0000,E,121600.000,A,A*4A (pico_gnss pico-gnss-rs/src/main.rs:453)
391.003937 [INFO ] NMEA $GNGSA,A,3,32,12,15,29,,,,,,,,,2.28,2.06,0.98*1C (pico_gnss pico-gnss-rs/src/main.rs:453)
391.033419 [INFO ] NMEA $GNGSA,A,3,,,,,,,,,,,,,2.28,2.06,0.98*11 (pico_gnss pico-gnss-rs/src/main.rs:453)
391.096067 [INFO ] NMEA $GPGSV,4,1,13,25,63,181,18,12,62,077,19,10,56,257,,23,41,198,*74 (pico_gnss pico-gnss-rs/src/main.rs:453)
391.183453 [INFO ] NMEA $GPGSV,4,2,13,32,39,315,18,24,29,064,,28,22,267,,15,13,127,18*75 (pico_gnss pico-gnss-rs/src/main.rs:453)
391.222642 [INFO ] TIME unix_ns=1780920960508087189 ppb=2528 holdover_ms=1508 locked=1 (pico_gnss pico-gnss-rs/src/main.rs:226)
391.242283 [INFO ] NMEA $GPGSV,4,3,13,29,02,159,18,19,02,040,,193,,,,194,,,*78 (pico_gnss pico-gnss-rs/src/main.rs:453)
391.271285 [INFO ] NMEA $GPGSV,4,4,13,195,,,*46 (pico_gnss pico-gnss-rs/src/main.rs:453)
391.333775 [INFO ] NMEA $GLGSV,2,1,06,74,76,008,,72,72,000,,75,45,224,,71,44,128,17*66 (pico_gnss pico-gnss-rs/src/main.rs:453)
391.363287 [INFO ] NMEA $GLGSV,2,2,06,73,26,034,,65,21,327,*62 (pico_gnss pico-gnss-rs/src/main.rs:453)
391.450678 [INFO ] NMEA $GNRMC,121600.000,A,0000.0000,N,00000.0000,E,0.80,89.22,080626,,,A*4E (pico_gnss pico-gnss-rs/src/main.rs:453)
391.453222 [INFO ] SYNC pps_local_us=315281494 unix_s=1780920960 drift_us=2 err_ns=1 holdover_ms=999 (pico_gnss pico-gnss-rs/src/main.rs:484)
391.480427 [INFO ] NMEA $GPVTG,89.22,T,,M,0.80,N,1.49,K,A*08 (pico_gnss pico-gnss-rs/src/main.rs:453)
391.509557 [INFO ] NMEA $GPZDA,121600.000,08,06,2026,,*5A (pico_gnss pico-gnss-rs/src/main.rs:453)
391.555368 [INFO ] NMEA $GPGST,121600.000,10,30,17,43.4,25,24,43*52 (pico_gnss pico-gnss-rs/src/main.rs:453)
391.713152 [INFO ] PPSGEN count=386 interval_ns=1000002512 dev_ns=2512 phase_ns=-1426523 hwphase_ns=480 (pico_gnss pico-gnss-rs/src/main.rs:296)
391.714428 [INFO ] PPS count=269 interval_us=1000002 interval_ns=1000002528 state=Locked missed=0 (pico_gnss pico-gnss-rs/src/main.rs:192)
391.887883 [INFO ] NMEA $GPGGA,121601.000,0000.0000,N,00000.0000,E,1,4,2.06,22.2,M,39.0,M,,*61 (pico_gnss pico-gnss-rs/src/main.rs:453)
391.946242 [INFO ] NMEA $GNGLL,0000.0000,N,00000.0000,E,121601.000,A,A*42 (pico_gnss pico-gnss-rs/src/main.rs:453)
392.004563 [INFO ] NMEA $GNGSA,A,3,32,12,15,29,,,,,,,,,2.28,2.06,0.98*1C (pico_gnss pico-gnss-rs/src/main.rs:453)
392.034074 [INFO ] NMEA $GNGSA,A,3,,,,,,,,,,,,,2.28,2.06,0.98*11 (pico_gnss pico-gnss-rs/src/main.rs:453)
392.125495 [INFO ] NMEA $GPGSV,4,1,13,25,63,181,18,12,62,077,19,10,56,257,,23,41,198,*74 (pico_gnss pico-gnss-rs/src/main.rs:453)
392.184144 [INFO ] NMEA $GPGSV,4,2,13,32,39,315,18,24,29,064,,28,22,267,,15,13,127,18*75 (pico_gnss pico-gnss-rs/src/main.rs:453)
392.223938 [INFO ] TIME unix_ns=1780920961509425185 ppb=2528 holdover_ms=1509 locked=1 (pico_gnss pico-gnss-rs/src/main.rs:226)
392.242910 [INFO ] NMEA $GPGSV,4,3,13,29,02,159,18,19,02,040,,193,,,,194,,,*78 (pico_gnss pico-gnss-rs/src/main.rs:453)
392.271892 [INFO ] NMEA $GPGSV,4,4,13,195,,,*46 (pico_gnss pico-gnss-rs/src/main.rs:453)
392.330383 [INFO ] NMEA $GLGSV,2,1,06,74,76,008,,72,72,000,,75,45,224,,71,44,128,17*66 (pico_gnss pico-gnss-rs/src/main.rs:453)
392.388473 [INFO ] NMEA $GLGSV,2,2,06,73,26,034,,65,21,327,*62 (pico_gnss pico-gnss-rs/src/main.rs:453)
392.451360 [INFO ] NMEA $GNRMC,121601.000,A,0000.0000,N,00000.0000,E,1.17,136.35,080626,,,A*7A (pico_gnss pico-gnss-rs/src/main.rs:453)
392.453933 [INFO ] SYNC pps_local_us=316281497 unix_s=1780920961 drift_us=2 err_ns=1 holdover_ms=1000 (pico_gnss pico-gnss-rs/src/main.rs:484)
392.481116 [INFO ] NMEA $GPVTG,136.35,T,,M,1.17,N,2.16,K,A*3D (pico_gnss pico-gnss-rs/src/main.rs:453)
392.538893 [INFO ] NMEA $GPZDA,121601.000,08,06,2026,,*5B (pico_gnss pico-gnss-rs/src/main.rs:453)
392.568664 [INFO ] NMEA $GPGST,121601.000,9.9,30,17,43.5,25,24,43*7D (pico_gnss pico-gnss-rs/src/main.rs:453)
392.713150 [INFO ] PPSGEN count=387 interval_ns=1000002544 dev_ns=2544 phase_ns=-1418523 hwphase_ns=496 (pico_gnss pico-gnss-rs/src/main.rs:296)
392.714423 [INFO ] PPS count=270 interval_us=1000002 interval_ns=1000002528 state=Locked missed=0 (pico_gnss pico-gnss-rs/src/main.rs:192)
392.891346 [INFO ] NMEA $GPGGA,121602.000,0000.0000,N,00000.0000,E,1,4,2.06,22.1,M,39.0,M,,*69 (pico_gnss pico-gnss-rs/src/main.rs:453)
392.949700 [INFO ] NMEA $GNGLL,0000.0000,N,00000.0000,E,121602.000,A,A*49 (pico_gnss pico-gnss-rs/src/main.rs:453)
392.979281 [INFO ] NMEA $GNGSA,A,3,32,12,15,29,,,,,,,,,2.28,2.06,0.98*1C (pico_gnss pico-gnss-rs/src/main.rs:453)
393.037461 [INFO ] NMEA $GNGSA,A,3,,,,,,,,,,,,,2.28,2.06,0.98*11 (pico_gnss pico-gnss-rs/src/main.rs:453)
393.096075 [INFO ] NMEA $GPGSV,4,1,13,25,63,181,18,12,62,077,19,10,56,257,,23,41,198,*74 (pico_gnss pico-gnss-rs/src/main.rs:453)
393.158783 [INFO ] NMEA $GPGSV,4,2,13,32,39,315,18,24,29,064,,28,22,267,,15,13,127,18*75 (pico_gnss pico-gnss-rs/src/main.rs:453)
393.217286 [INFO ] NMEA $GPGSV,4,3,13,29,02,159,18,19,02,040,,193,,,,194,,,*78 (pico_gnss pico-gnss-rs/src/main.rs:453)
393.225181 [INFO ] TIME unix_ns=1780920962510699182 ppb=2528 holdover_ms=1510 locked=1 (pico_gnss pico-gnss-rs/src/main.rs:226)
393.246797 [INFO ] NMEA $GPGSV,4,4,13,195,,,*46 (pico_gnss pico-gnss-rs/src/main.rs:453)
393.333827 [INFO ] NMEA $GLGSV,2,1,06,74,76,008,,72,72,000,,75,45,224,,71,44,128,17*66 (pico_gnss pico-gnss-rs/src/main.rs:453)
393.363273 [INFO ] NMEA $GLGSV,2,2,06,73,26,034,,65,21,327,*62 (pico_gnss pico-gnss-rs/src/main.rs:453)
393.426022 [INFO ] NMEA $GNRMC,121602.000,A,0000.0000,N,00000.0000,E,0.21,136.35,080626,,,A*75 (pico_gnss pico-gnss-rs/src/main.rs:453)
393.428599 [INFO ] SYNC pps_local_us=317281499 unix_s=1780920962 drift_us=2 err_ns=1 holdover_ms=1000 (pico_gnss pico-gnss-rs/src/main.rs:484)
393.484313 [INFO ] NMEA $GPVTG,136.35,T,,M,0.21,N,0.39,K,A*36 (pico_gnss pico-gnss-rs/src/main.rs:453)
393.513649 [INFO ] NMEA $GPZDA,121602.000,08,06,2026,,*58 (pico_gnss pico-gnss-rs/src/main.rs:453)
393.555325 [INFO ] NMEA $GPGST,121602.000,9.9,30,17,43.6,25,24,43*7D (pico_gnss pico-gnss-rs/src/main.rs:453)
393.713212 [INFO ] PPSGEN count=388 interval_ns=1000002560 dev_ns=2560 phase_ns=-1421523 hwphase_ns=528 (pico_gnss pico-gnss-rs/src/main.rs:296)
393.714483 [INFO ] PPS count=271 interval_us=1000002 interval_ns=1000002528 state=Locked missed=0 (pico_gnss pico-gnss-rs/src/main.rs:192)
393.887225 [INFO ] NMEA $GPGGA,121603.000,0000.0000,N,00000.0000,E,1,4,2.06,22.0,M,39.0,M,,*63 (pico_gnss pico-gnss-rs/src/main.rs:453)
393.940404 [INFO ] NMEA $GNGLL,0000.0000,N,00000.0000,E,121603.000,A,A*42 (pico_gnss pico-gnss-rs/src/main.rs:453)
393.998731 [INFO ] NMEA $GNGSA,A,3,32,12,15,29,,,,,,,,,2.28,2.06,0.98*1C (pico_gnss pico-gnss-rs/src/main.rs:453)
394.028260 [INFO ] NMEA $GNGSA,A,3,,,,,,,,,,,,,2.28,2.06,0.98*11 (pico_gnss pico-gnss-rs/src/main.rs:453)
394.115570 [INFO ] NMEA $GPGSV,4,1,13,25,63,181,18,12,62,077,19,10,56,257,,23,41,198,*74 (pico_gnss pico-gnss-rs/src/main.rs:453)
394.174216 [INFO ] NMEA $GPGSV,4,2,13,32,39,315,18,24,29,064,,28,22,267,,15,13,127,18*75 (pico_gnss pico-gnss-rs/src/main.rs:453)
394.226462 [INFO ] TIME unix_ns=1780920963511939179 ppb=2528 holdover_ms=1511 locked=1 (pico_gnss pico-gnss-rs/src/main.rs:226)
394.237103 [INFO ] NMEA $GPGSV,4,3,13,29,02,159,18,19,02,040,,193,,,,194,,,*78 (pico_gnss pico-gnss-rs/src/main.rs:453)
394.266073 [INFO ] NMEA $GPGSV,4,4,13,195,,,*46 (pico_gnss pico-gnss-rs/src/main.rs:453)
394.324550 [INFO ] NMEA $GLGSV,2,1,06,74,76,008,,72,72,000,,75,45,224,,71,44,128,17*66 (pico_gnss pico-gnss-rs/src/main.rs:453)
394.354027 [INFO ] NMEA $GLGSV,2,2,06,73,26,034,,65,21,327,*62 (pico_gnss pico-gnss-rs/src/main.rs:453)
394.441426 [INFO ] NMEA $GNRMC,121603.000,A,0000.0000,N,00000.0000,E,0.62,63.40,080626,,,A*4A (pico_gnss pico-gnss-rs/src/main.rs:453)
394.443974 [INFO ] SYNC pps_local_us=318281502 unix_s=1780920963 drift_us=2 err_ns=1 holdover_ms=1000 (pico_gnss pico-gnss-rs/src/main.rs:484)
394.475002 [INFO ] NMEA $GPVTG,63.40,T,,M,0.62,N,1.15,K,A*0D (pico_gnss pico-gnss-rs/src/main.rs:453)
394.504385 [INFO ] NMEA $GPZDA,121603.000,08,06,2026,,*59 (pico_gnss pico-gnss-rs/src/main.rs:453)
394.556516 [INFO ] NMEA $GPGST,121603.000,9.8,30,20,51.5,24,27,47*7F (pico_gnss pico-gnss-rs/src/main.rs:453)
394.713202 [INFO ] PPSGEN count=389 interval_ns=1000002544 dev_ns=2544 phase_ns=-1471523 hwphase_ns=544 (pico_gnss pico-gnss-rs/src/main.rs:296)
394.714482 [INFO ] PPS count=272 interval_us=1000002 interval_ns=1000002528 state=Locked missed=0 (pico_gnss pico-gnss-rs/src/main.rs:192)
394.891277 [INFO ] NMEA $GPGGA,121604.000,0000.0000,N,00000.0000,E,1,4,2.06,22.0,M,39.0,M,,*6B (pico_gnss pico-gnss-rs/src/main.rs:453)
394.949589 [INFO ] NMEA $GNGLL,0000.0000,N,00000.0000,E,121604.000,A,A*4A (pico_gnss pico-gnss-rs/src/main.rs:453)
394.992549 [INFO ] NMEA $GNGSA,A,3,32,12,15,29,,,,,,,,,2.28,2.06,0.98*1C (pico_gnss pico-gnss-rs/src/main.rs:453)
395.050747 [INFO ] NMEA $GNGSA,A,3,,,,,,,,,,,,,2.28,2.06,0.98*11 (pico_gnss pico-gnss-rs/src/main.rs:453)
395.109383 [INFO ] NMEA $GPGSV,4,1,13,25,63,181,18,12,62,077,19,10,56,257,,23,41,198,*74 (pico_gnss pico-gnss-rs/src/main.rs:453)
395.167963 [INFO ] NMEA $GPGSV,4,2,13,32,39,315,18,24,29,064,,28,22,267,,15,13,127,18*75 (pico_gnss pico-gnss-rs/src/main.rs:453)
395.226435 [INFO ] NMEA $GPGSV,4,3,13,29,02,159,18,19,02,040,,193,,,,194,,,*78 (pico_gnss pico-gnss-rs/src/main.rs:453)
395.228404 [INFO ] TIME unix_ns=1780920964513874174 ppb=2528 holdover_ms=1513 locked=1 (pico_gnss pico-gnss-rs/src/main.rs:226)
395.259795 [INFO ] NMEA $GPGSV,4,4,13,195,,,*46 (pico_gnss pico-gnss-rs/src/main.rs:453)
395.318308 [INFO ] NMEA $GLGSV,2,1,06,74,76,008,,72,72,000,,75,45,224,,71,44,128,17*66 (pico_gnss pico-gnss-rs/src/main.rs:453)
395.376502 [INFO ] NMEA $GLGSV,2,2,06,73,26,034,,65,22,327,*61 (pico_gnss pico-gnss-rs/src/main.rs:453)
395.435177 [INFO ] NMEA $GNRMC,121604.000,A,0000.0000,N,00000.0000,E,0.62,81.19,080626,,,A*42 (pico_gnss pico-gnss-rs/src/main.rs:453)
395.437745 [INFO ] SYNC pps_local_us=319281504 unix_s=1780920964 drift_us=2 err_ns=1 holdover_ms=1000 (pico_gnss pico-gnss-rs/src/main.rs:484)
395.493457 [INFO ] NMEA $GPVTG,81.19,T,,M,0.62,N,1.15,K,A*0D (pico_gnss pico-gnss-rs/src/main.rs:453)
395.526832 [INFO ] NMEA $GPZDA,121604.000,08,06,2026,,*5E (pico_gnss pico-gnss-rs/src/main.rs:453)
395.556386 [INFO ] NMEA $GPGST,121604.000,9.8,30,20,51.2,25,26,46*7E (pico_gnss pico-gnss-rs/src/main.rs:453)
395.713214 [INFO ] PPSGEN count=390 interval_ns=1000002528 dev_ns=2528 phase_ns=-1494523 hwphase_ns=544 (pico_gnss pico-gnss-rs/src/main.rs:296)
395.714504 [INFO ] PPS count=273 interval_us=1000002 interval_ns=1000002528 state=Locked missed=0 (pico_gnss pico-gnss-rs/src/main.rs:192)
395.886353 [INFO ] NMEA $GPGGA,121605.000,0000.0000,N,00000.0000,E,1,4,2.06,21.9,M,39.0,M,,*65 (pico_gnss pico-gnss-rs/src/main.rs:453)
395.944648 [INFO ] NMEA $GNGLL,0000.0000,N,00000.0000,E,121605.000,A,A*4E (pico_gnss pico-gnss-rs/src/main.rs:453)
396.003026 [INFO ] NMEA $GNGSA,A,3,32,12,15,29,,,,,,,,,2.28,2.06,0.98*1C (pico_gnss pico-gnss-rs/src/main.rs:453)
396.035526 [INFO ] NMEA $GNGSA,A,3,,,,,,,,,,,,,2.28,2.06,0.98*11 (pico_gnss pico-gnss-rs/src/main.rs:453)
396.094123 [INFO ] NMEA $GPGSV,4,1,13,25,63,181,17,12,62,077,19,10,56,257,,23,41,198,*7B (pico_gnss pico-gnss-rs/src/main.rs:453)
396.181507 [INFO ] NMEA $GPGSV,4,2,13,32,39,315,18,24,29,064,,28,22,267,,15,13,127,18*75 (pico_gnss pico-gnss-rs/src/main.rs:453)
396.229694 [INFO ] TIME unix_ns=1780920965515114171 ppb=2528 holdover_ms=1515 locked=1 (pico_gnss pico-gnss-rs/src/main.rs:226)
396.240339 [INFO ] NMEA $GPGSV,4,3,13,29,02,159,17,19,02,040,,193,,,,194,,,*77 (pico_gnss pico-gnss-rs/src/main.rs:453)
396.269337 [INFO ] NMEA $GPGSV,4,4,13,195,,,*46 (pico_gnss pico-gnss-rs/src/main.rs:453)
396.331830 [INFO ] NMEA $GLGSV,2,1,06,74,76,008,,72,72,000,,75,45,224,,71,44,128,17*66 (pico_gnss pico-gnss-rs/src/main.rs:453)
396.361349 [INFO ] NMEA $GLGSV,2,2,06,73,26,034,,65,22,327,*61 (pico_gnss pico-gnss-rs/src/main.rs:453)
396.448742 [INFO ] NMEA $GNRMC,121605.000,A,0000.0000,N,00000.0000,E,0.97,76.21,080626,,,A*4F (pico_gnss pico-gnss-rs/src/main.rs:453)
396.451301 [INFO ] SYNC pps_local_us=320281507 unix_s=1780920965 drift_us=2 err_ns=1 holdover_ms=1000 (pico_gnss pico-gnss-rs/src/main.rs:484)
396.478504 [INFO ] NMEA $GPVTG,76.21,T,,M,0.97,N,1.80,K,A*08 (pico_gnss pico-gnss-rs/src/main.rs:453)
396.507625 [INFO ] NMEA $GPZDA,121605.000,08,06,2026,,*5F (pico_gnss pico-gnss-rs/src/main.rs:453)
396.555756 [INFO ] NMEA $GPGST,121605.000,9.8,30,20,51.2,25,27,46*7E (pico_gnss pico-gnss-rs/src/main.rs:453)
396.713225 [INFO ] PPSGEN count=391 interval_ns=1000002512 dev_ns=2512 phase_ns=-1474523 hwphase_ns=528 (pico_gnss pico-gnss-rs/src/main.rs:296)
396.714527 [INFO ] PPS count=274 interval_us=1000002 interval_ns=1000002544 state=Locked missed=0 (pico_gnss pico-gnss-rs/src/main.rs:192)
396.886361 [INFO ] NMEA $GPGGA,121606.000,0000.0000,N,00000.0000,E,1,4,2.06,21.8,M,39.0,M,,*60 (pico_gnss pico-gnss-rs/src/main.rs:453)
396.944682 [INFO ] NMEA $GNGLL,0000.0000,N,00000.0000,E,121606.000,A,A*4A (pico_gnss pico-gnss-rs/src/main.rs:453)
397.003040 [INFO ] NMEA $GNGSA,A,3,32,12,15,29,,,,,,,,,2.28,2.06,0.98*1C (pico_gnss pico-gnss-rs/src/main.rs:453)
397.032520 [INFO ] NMEA $GNGSA,A,3,,,,,,,,,,,,,2.28,2.06,0.98*11 (pico_gnss pico-gnss-rs/src/main.rs:453)
397.112756 [INFO ] NMEA $GPGSV,4,1,13,25,63,181,17,12,62,077,20,10,56,257,,23,41,198,*71 (pico_gnss pico-gnss-rs/src/main.rs:453)
397.171380 [INFO ] NMEA $GPGSV,4,2,13,32,39,315,18,24,29,064,,28,22,267,,15,13,127,18*75 (pico_gnss pico-gnss-rs/src/main.rs:453)
397.229817 [INFO ] NMEA $GPGSV,4,3,13,29,02,159,17,19,02,040,,193,,,,194,,,*77 (pico_gnss pico-gnss-rs/src/main.rs:453)
397.231920 [INFO ] TIME unix_ns=1780920966517363164 ppb=2528 holdover_ms=1517 locked=1 (pico_gnss pico-gnss-rs/src/main.rs:226)
397.259368 [INFO ] NMEA $GPGSV,4,4,13,195,,,*46 (pico_gnss pico-gnss-rs/src/main.rs:453)
397.317624 [INFO ] NMEA $GLGSV,2,1,06,74,76,008,,72,72,000,,75,45,224,,71,44,128,17*66 (pico_gnss pico-gnss-rs/src/main.rs:453)
397.379878 [INFO ] NMEA $GLGSV,2,2,06,73,26,034,,65,22,327,*61 (pico_gnss pico-gnss-rs/src/main.rs:453)
397.438631 [INFO ] NMEA $GNRMC,121606.000,A,0000.0000,N,00000.0000,E,0.63,108.34,080626,,,A*7C (pico_gnss pico-gnss-rs/src/main.rs:453)
397.441202 [INFO ] SYNC pps_local_us=321281509 unix_s=1780920966 drift_us=2 err_ns=16 holdover_ms=1000 (pico_gnss pico-gnss-rs/src/main.rs:484)
397.496820 [INFO ] NMEA $GPVTG,108.34,T,,M,0.63,N,1.16,K,A*30 (pico_gnss pico-gnss-rs/src/main.rs:453)
397.526224 [INFO ] NMEA $GPZDA,121606.000,08,06,2026,,*5C (pico_gnss pico-gnss-rs/src/main.rs:453)
397.558017 [INFO ] NMEA $GPGST,121606.000,9.8,30,20,50.9,25,26,44*74 (pico_gnss pico-gnss-rs/src/main.rs:453)
397.713239 [INFO ] PPSGEN count=392 interval_ns=1000002528 dev_ns=2528 phase_ns=-1488524 hwphase_ns=512 (pico_gnss pico-gnss-rs/src/main.rs:296)
397.714519 [INFO ] PPS count=275 interval_us=1000002 interval_ns=1000002528 state=Locked missed=0 (pico_gnss pico-gnss-rs/src/main.rs:192)
397.892345 [INFO ] NMEA $GPGGA,121607.000,0000.0000,N,00000.0000,E,1,4,2.06,21.7,M,39.0,M,,*6E (pico_gnss pico-gnss-rs/src/main.rs:453)
397.950720 [INFO ] NMEA $GNGLL,0000.0000,N,00000.0000,E,121607.000,A,A*4B (pico_gnss pico-gnss-rs/src/main.rs:453)
397.980341 [INFO ] NMEA $GNGSA,A,3,32,12,15,29,,,,,,,,,2.28,2.06,0.98*1C (pico_gnss pico-gnss-rs/src/main.rs:453)
398.038520 [INFO ] NMEA $GNGSA,A,3,,,,,,,,,,,,,2.28,2.06,0.98*11 (pico_gnss pico-gnss-rs/src/main.rs:453)
398.097088 [INFO ] NMEA $GPGSV,4,1,13,25,63,181,17,12,62,077,20,10,56,257,,23,41,198,*71 (pico_gnss pico-gnss-rs/src/main.rs:453)
398.188591 [INFO ] NMEA $GPGSV,4,2,13,32,39,315,18,24,29,064,,28,22,267,,15,13,127,18*75 (pico_gnss pico-gnss-rs/src/main.rs:453)
398.233204 [INFO ] TIME unix_ns=1780920967518606161 ppb=2528 holdover_ms=1518 locked=1 (pico_gnss pico-gnss-rs/src/main.rs:226)
398.247349 [INFO ] NMEA $GPGSV,4,3,13,29,02,159,17,19,02,040,,193,,,,194,,,*77 (pico_gnss pico-gnss-rs/src/main.rs:453)
398.248758 [INFO ] NMEA $GPGSV,4,4,13,195,,,*46 (pico_gnss pico-gnss-rs/src/main.rs:453)
398.334883 [INFO ] NMEA $GLGSV,2,1,06,74,76,008,20,72,72,000,,75,45,224,,71,44,128,17*64 (pico_gnss pico-gnss-rs/src/main.rs:453)
398.364329 [INFO ] NMEA $GLGSV,2,2,06,73,26,034,,65,22,327,*61 (pico_gnss pico-gnss-rs/src/main.rs:453)
398.455885 [INFO ] NMEA $GNRMC,121607.000,A,0000.0000,N,00000.0000,E,0.34,108.34,080626,,,A*7F (pico_gnss pico-gnss-rs/src/main.rs:453)
398.458453 [INFO ] SYNC pps_local_us=322281512 unix_s=1780920967 drift_us=2 err_ns=0 holdover_ms=999 (pico_gnss pico-gnss-rs/src/main.rs:484)
398.485648 [INFO ] NMEA $GPVTG,108.34,T,,M,0.34,N,0.63,K,A*31 (pico_gnss pico-gnss-rs/src/main.rs:453)
398.514751 [INFO ] NMEA $GPZDA,121607.000,08,06,2026,,*5D (pico_gnss pico-gnss-rs/src/main.rs:453)
398.560550 [INFO ] NMEA $GPGST,121607.000,9.7,30,20,37.1,27,24,49*7E (pico_gnss pico-gnss-rs/src/main.rs:453)
398.713163 [INFO ] PPSGEN count=393 interval_ns=1000002512 dev_ns=2512 phase_ns=-1491524 hwphase_ns=496 (pico_gnss pico-gnss-rs/src/main.rs:296)
398.714432 [INFO ] PPS count=276 interval_us=1000002 interval_ns=1000002528 state=Locked missed=0 (pico_gnss pico-gnss-rs/src/main.rs:192)
398.886393 [INFO ] NMEA $GPGGA,121608.000,0000.0000,N,00000.0000,E,1,4,2.06,21.6,M,39.0,M,,*69 (pico_gnss pico-gnss-rs/src/main.rs:453)
398.935502 [INFO ] NMEA $GNGLL,0000.0000,N,00000.0000,E,121608.000,A,A*4D (pico_gnss pico-gnss-rs/src/main.rs:453)
398.993813 [INFO ] NMEA $GNGSA,A,3,32,12,15,29,,,,,,,,,2.28,2.06,0.98*1C (pico_gnss pico-gnss-rs/src/main.rs:453)
399.023338 [INFO ] NMEA $GNGSA,A,3,,,,,,,,,,,,,2.28,2.06,0.98*11 (pico_gnss pico-gnss-rs/src/main.rs:453)
399.110681 [INFO ] NMEA $GPGSV,4,1,13,25,63,181,17,12,62,077,20,10,56,257,,23,41,198,*71 (pico_gnss pico-gnss-rs/src/main.rs:453)
399.173432 [INFO ] NMEA $GPGSV,4,2,13,32,39,315,18,24,29,064,,28,22,267,,15,13,127,18*75 (pico_gnss pico-gnss-rs/src/main.rs:453)
399.231876 [INFO ] NMEA $GPGSV,4,3,13,29,02,159,17,19,02,040,,193,,,,194,,,*77 (pico_gnss pico-gnss-rs/src/main.rs:453)
399.234472 [INFO ] TIME unix_ns=1780920968519890158 ppb=2528 holdover_ms=1519 locked=1 (pico_gnss pico-gnss-rs/src/main.rs:226)
399.261419 [INFO ] NMEA $GPGSV,4,4,13,195,,,*46 (pico_gnss pico-gnss-rs/src/main.rs:453)
399.319669 [INFO ] NMEA $GLGSV,2,1,06,74,76,008,,72,72,000,,75,45,224,,71,44,128,17*66 (pico_gnss pico-gnss-rs/src/main.rs:453)
399.377847 [INFO ] NMEA $GLGSV,2,2,06,73,26,034,,65,22,327,*61 (pico_gnss pico-gnss-rs/src/main.rs:453)
399.440674 [INFO ] NMEA $GNRMC,121608.000,A,0000.0000,N,00000.0000,E,1.18,265.63,080626,,,A*7C (pico_gnss pico-gnss-rs/src/main.rs:453)
399.443235 [INFO ] SYNC pps_local_us=323281514 unix_s=1780920968 drift_us=2 err_ns=0 holdover_ms=999 (pico_gnss pico-gnss-rs/src/main.rs:484)
399.470418 [INFO ] NMEA $GPVTG,265.63,T,,M,1.18,N,2.19,K,A*3B (pico_gnss pico-gnss-rs/src/main.rs:453)
399.528212 [INFO ] NMEA $GPZDA,121608.000,08,06,2026,,*52 (pico_gnss pico-gnss-rs/src/main.rs:453)
399.557989 [INFO ] NMEA $GPGST,121608.000,9.7,30,20,36.9,26,24,49*79 (pico_gnss pico-gnss-rs/src/main.rs:453)
399.713176 [INFO ] PPSGEN count=394 interval_ns=1000002528 dev_ns=2528 phase_ns=-1400524 hwphase_ns=496 (pico_gnss pico-gnss-rs/src/main.rs:296)
399.714452 [INFO ] PPS count=277 interval_us=1000002 interval_ns=1000002544 state=Locked missed=0 (pico_gnss pico-gnss-rs/src/main.rs:192)
399.887443 [INFO ] NMEA $GPGGA,121609.000,0000.0000,N,00000.0000,E,1,4,2.06,21.5,M,39.0,M,,*6C (pico_gnss pico-gnss-rs/src/main.rs:453)
399.952958 [INFO ] NMEA $GNGLL,0000.0000,N,00000.0000,E,121609.000,A,A*4B (pico_gnss pico-gnss-rs/src/main.rs:453)
399.982572 [INFO ] NMEA $GNGSA,A,3,32,12,15,29,,,,,,,,,2.28,2.06,0.98*1C (pico_gnss pico-gnss-rs/src/main.rs:453)
400.040746 [INFO ] NMEA $GNGSA,A,3,,,,,,,,,,,,,2.28,2.06,0.98*11 (pico_gnss pico-gnss-rs/src/main.rs:453)
400.099342 [INFO ] NMEA $GPGSV,4,1,13,25,63,181,17,12,62,077,20,10,56,257,,23,41,198,*71 (pico_gnss pico-gnss-rs/src/main.rs:453)
400.186759 [INFO ] NMEA $GPGSV,4,2,13,32,39,315,18,24,29,064,,28,22,267,,15,13,127,18*75 (pico_gnss pico-gnss-rs/src/main.rs:453)
400.220551 [INFO ] NMEA $GPGSV,4,3,13,29,02,159,17,19,02,040,,193,,,,194,,,*77 (pico_gnss pico-gnss-rs/src/main.rs:453)
400.235748 [INFO ] TIME unix_ns=1780920969521253154 ppb=2529 holdover_ms=1521 locked=1 (pico_gnss pico-gnss-rs/src/main.rs:226)
400.250076 [INFO ] NMEA $GPGSV,4,4,13,195,,,*46 (pico_gnss pico-gnss-rs/src/main.rs:453)
400.337110 [INFO ] NMEA $GLGSV,2,1,06,74,76,008,,72,72,000,,75,45,224,,71,44,128,17*66 (pico_gnss pico-gnss-rs/src/main.rs:453)
400.366543 [INFO ] NMEA $GLGSV,2,2,06,73,26,034,,65,22,327,*61 (pico_gnss pico-gnss-rs/src/main.rs:453)
400.453975 [INFO ] NMEA $GNRMC,121609.000,A,0000.0000,N,00000.0000,E,0.58,265.63,080626,,,A*7F (pico_gnss pico-gnss-rs/src/main.rs:453)
400.456546 [INFO ] SYNC pps_local_us=324281517 unix_s=1780920969 drift_us=2 err_ns=16 holdover_ms=1000 (pico_gnss pico-gnss-rs/src/main.rs:484)
400.487589 [INFO ] NMEA $GPVTG,265.63,T,,M,0.58,N,1.07,K,A*32 (pico_gnss pico-gnss-rs/src/main.rs:453)
400.516918 [INFO ] NMEA $GPZDA,121609.000,08,06,2026,,*53 (pico_gnss pico-gnss-rs/src/main.rs:453)
400.558591 [INFO ] NMEA $GPGST,121609.000,9.7,30,20,36.9,26,24,49*78 (pico_gnss pico-gnss-rs/src/main.rs:453)
400.713173 [INFO ] PPSGEN count=395 interval_ns=1000002544 dev_ns=2544 phase_ns=-1435524 hwphase_ns=496 (pico_gnss pico-gnss-rs/src/main.rs:296)
400.714421 [INFO ] PPS count=278 interval_us=1000002 interval_ns=1000002528 state=Locked missed=0 (pico_gnss pico-gnss-rs/src/main.rs:192)
400.887209 [INFO ] NMEA $GPGGA,121610.000,0000.0000,N,00000.0000,E,1,4,2.06,21.4,M,39.0,M,,*66 (pico_gnss pico-gnss-rs/src/main.rs:453)
400.945533 [INFO ] NMEA $GNGLL,0000.0000,N,00000.0000,E,121610.000,A,A*40 (pico_gnss pico-gnss-rs/src/main.rs:453)
400.998725 [INFO ] NMEA $GNGSA,A,3,32,12,15,29,,,,,,,,,2.28,2.06,0.98*1C (pico_gnss pico-gnss-rs/src/main.rs:453)
401.028224 [INFO ] NMEA $GNGSA,A,3,,,,,,,,,,,,,2.28,2.06,0.98*11 (pico_gnss pico-gnss-rs/src/main.rs:453)
401.115537 [INFO ] NMEA $GPGSV,4,1,13,25,63,181,17,12,62,077,20,10,56,257,,23,41,198,*71 (pico_gnss pico-gnss-rs/src/main.rs:453)
401.174160 [INFO ] NMEA $GPGSV,4,2,13,32,39,315,18,24,29,064,,28,22,267,,15,13,127,18*75 (pico_gnss pico-gnss-rs/src/main.rs:453)
401.232635 [INFO ] NMEA $GPGSV,4,3,13,29,02,159,17,19,02,040,,193,,,,194,,,*77 (pico_gnss pico-gnss-rs/src/main.rs:453)
401.237006 [INFO ] TIME unix_ns=1780920970522488151 ppb=2529 holdover_ms=1522 locked=1 (pico_gnss pico-gnss-rs/src/main.rs:226)
401.265996 [INFO ] NMEA $GPGSV,4,4,13,195,,,*46 (pico_gnss pico-gnss-rs/src/main.rs:453)
401.324517 [INFO ] NMEA $GLGSV,2,1,06,74,76,008,,72,72,000,,75,45,224,,71,43,129,17*60 (pico_gnss pico-gnss-rs/src/main.rs:453)
401.354016 [INFO ] NMEA $GLGSV,2,2,06,73,26,034,,65,22,327,*61 (pico_gnss pico-gnss-rs/src/main.rs:453)
401.441414 [INFO ] NMEA $GNRMC,121610.000,A,0000.0000,N,00000.0000,E,0.35,265.63,080626,,,A*7F (pico_gnss pico-gnss-rs/src/main.rs:453)
401.443998 [INFO ] SYNC pps_local_us=325281519 unix_s=1780920970 drift_us=2 err_ns=0 holdover_ms=999 (pico_gnss pico-gnss-rs/src/main.rs:484)
401.471193 [INFO ] NMEA $GPVTG,265.63,T,,M,0.35,N,0.65,K,A*3C (pico_gnss pico-gnss-rs/src/main.rs:453)
401.533032 [INFO ] NMEA $GPZDA,121610.000,08,06,2026,,*5B (pico_gnss pico-gnss-rs/src/main.rs:453)
401.558657 [INFO ] NMEA $GPGST,121610.000,9.7,29,20,36.7,26,24,49*76 (pico_gnss pico-gnss-rs/src/main.rs:453)
401.713235 [INFO ] PPSGEN count=396 interval_ns=1000002560 dev_ns=2560 phase_ns=-1407525 hwphase_ns=528 (pico_gnss pico-gnss-rs/src/main.rs:296)
401.714492 [INFO ] PPS count=279 interval_us=1000002 interval_ns=1000002544 state=Locked missed=0 (pico_gnss pico-gnss-rs/src/main.rs:192)
401.884224 [INFO ] NMEA $GPGGA,121611.000,0000.0000,N,00000.0000,E,1,4,2.06,21.3,M,39.0,M,,*61 (pico_gnss pico-gnss-rs/src/main.rs:453)
401.942536 [INFO ] NMEA $GNGLL,0000.0000,N,00000.0000,E,121611.000,A,A*40 (pico_gnss pico-gnss-rs/src/main.rs:453)
402.000893 [INFO ] NMEA $GNGSA,A,3,32,12,15,29,,,,,,,,,2.28,2.06,0.98*1C (pico_gnss pico-gnss-rs/src/main.rs:453)
402.041628 [INFO ] NMEA $GNGSA,A,3,,,,,,,,,,,,,2.28,2.06,0.98*11 (pico_gnss pico-gnss-rs/src/main.rs:453)
402.100252 [INFO ] NMEA $GPGSV,4,1,13,25,63,181,17,12,62,077,20,10,56,257,,23,41,198,*71 (pico_gnss pico-gnss-rs/src/main.rs:453)
402.158835 [INFO ] NMEA $GPGSV,4,2,13,32,39,315,18,24,29,064,,28,22,267,,15,13,127,18*75 (pico_gnss pico-gnss-rs/src/main.rs:453)
402.217321 [INFO ] NMEA $GPGSV,4,3,13,29,02,159,17,19,02,040,,193,,,,194,,,*77 (pico_gnss pico-gnss-rs/src/main.rs:453)
402.238277 [INFO ] TIME unix_ns=1780920971523776147 ppb=2529 holdover_ms=1523 locked=1 (pico_gnss pico-gnss-rs/src/main.rs:226)
402.246833 [INFO ] NMEA $GPGSV,4,4,13,195,,,*46 (pico_gnss pico-gnss-rs/src/main.rs:453)
402.309151 [INFO ] NMEA $GLGSV,2,1,06,74,76,008,,72,73,002,,75,45,224,,71,43,129,17*63 (pico_gnss pico-gnss-rs/src/main.rs:453)
402.367388 [INFO ] NMEA $GLGSV,2,2,06,73,26,034,,65,22,327,*61 (pico_gnss pico-gnss-rs/src/main.rs:453)
402.426073 [INFO ] NMEA $GNRMC,121611.000,A,0000.0000,N,00000.0000,E,0.75,326.97,080626,,,A*76 (pico_gnss pico-gnss-rs/src/main.rs:453)
402.428654 [INFO ] SYNC pps_local_us=326281522 unix_s=1780920971 drift_us=2 err_ns=15 holdover_ms=1000 (pico_gnss pico-gnss-rs/src/main.rs:484)
402.484358 [INFO ] NMEA $GPVTG,326.97,T,,M,0.75,N,1.39,K,A*3D (pico_gnss pico-gnss-rs/src/main.rs:453)
402.513691 [INFO ] NMEA $GPZDA,121611.000,08,06,2026,,*5A (pico_gnss pico-gnss-rs/src/main.rs:453)
402.555572 [INFO ] NMEA $GPGST,121611.000,9.6,29,20,36.6,26,24,49*77 (pico_gnss pico-gnss-rs/src/main.rs:453)
402.713211 [INFO ] PPSGEN count=397 interval_ns=1000002544 dev_ns=2544 phase_ns=-1472525 hwphase_ns=528 (pico_gnss pico-gnss-rs/src/main.rs:296)
402.714471 [INFO ] PPS count=280 interval_us=1000002 interval_ns=1000002544 state=Locked missed=0 (pico_gnss pico-gnss-rs/src/main.rs:192)
402.888134 [INFO ] NMEA $GPGGA,121612.000,0000.0000,N,00000.0000,E,1,4,2.06,21.2,M,39.0,M,,*62 (pico_gnss pico-gnss-rs/src/main.rs:453)
402.946429 [INFO ] NMEA $GNGLL,0000.0000,N,00000.0000,E,121612.000,A,A*42 (pico_gnss pico-gnss-rs/src/main.rs:453)
403.004804 [INFO ] NMEA $GNGSA,A,3,32,12,15,29,,,,,,,,,2.28,2.06,0.98*1C (pico_gnss pico-gnss-rs/src/main.rs:453)
403.034283 [INFO ] NMEA $GNGSA,A,3,,,,,,,,,,,,,2.28,2.06,0.98*11 (pico_gnss pico-gnss-rs/src/main.rs:453)
403.120559 [INFO ] NMEA $GPGSV,4,1,13,25,63,181,16,12,62,077,20,10,56,257,,23,41,198,*70 (pico_gnss pico-gnss-rs/src/main.rs:453)
403.179184 [INFO ] NMEA $GPGSV,4,2,13,32,39,315,18,24,29,064,,28,22,267,,15,13,127,18*75 (pico_gnss pico-gnss-rs/src/main.rs:453)
403.237671 [INFO ] NMEA $GPGSV,4,3,13,29,02,159,17,19,02,040,,193,,,,194,,,*77 (pico_gnss pico-gnss-rs/src/main.rs:453)
403.239893 [INFO ] TIME unix_ns=1780920972525344142 ppb=2530 holdover_ms=1525 locked=1 (pico_gnss pico-gnss-rs/src/main.rs:226)
403.267189 [INFO ] NMEA $GPGSV,4,4,13,195,,,*46 (pico_gnss pico-gnss-rs/src/main.rs:453)
403.325432 [INFO ] NMEA $GLGSV,2,1,06,74,76,008,,72,73,002,,75,45,224,,71,43,129,17*63 (pico_gnss pico-gnss-rs/src/main.rs:453)
403.358944 [INFO ] NMEA $GLGSV,2,2,06,73,25,034,,65,22,327,*62 (pico_gnss pico-gnss-rs/src/main.rs:453)
403.446414 [INFO ] NMEA $GNRMC,121612.000,A,0000.0000,N,00000.0000,E,0.61,274.59,080626,,,A*75 (pico_gnss pico-gnss-rs/src/main.rs:453)
403.449022 [INFO ] SYNC pps_local_us=327281524 unix_s=1780920972 drift_us=2 err_ns=15 holdover_ms=999 (pico_gnss pico-gnss-rs/src/main.rs:484)
403.476196 [INFO ] NMEA $GPVTG,274.59,T,,M,0.61,N,1.13,K,A*34 (pico_gnss pico-gnss-rs/src/main.rs:453)
403.533942 [INFO ] NMEA $GPZDA,121612.000,08,06,2026,,*59 (pico_gnss pico-gnss-rs/src/main.rs:453)
403.559573 [INFO ] NMEA $GPGST,121612.000,9.6,29,20,36.6,26,24,50*7C (pico_gnss pico-gnss-rs/src/main.rs:453)
403.713231 [INFO ] PPSGEN count=398 interval_ns=1000002528 dev_ns=2528 phase_ns=-1427525 hwphase_ns=512 (pico_gnss pico-gnss-rs/src/main.rs:296)
403.714515 [INFO ] PPS count=281 interval_us=1000002 interval_ns=1000002528 state=Locked missed=0 (pico_gnss pico-gnss-rs/src/main.rs:192)
403.909693 [INFO ] NMEA $GPGGA,121613.000,0000.0000,N,00000.0000,E,1,4,2.06,21.1,M,39.0,M,,*62 (pico_gnss pico-gnss-rs/src/main.rs:453)
403.939359 [INFO ] NMEA $GNGLL,0000.0000,N,00000.0000,E,121613.000,A,A*41 (pico_gnss pico-gnss-rs/src/main.rs:453)
403.997660 [INFO ] NMEA $GNGSA,A,3,32,12,15,29,,,,,,,,,2.28,2.06,0.98*1C (pico_gnss pico-gnss-rs/src/main.rs:453)
404.055846 [INFO ] NMEA $GNGSA,A,3,,,,,,,,,,,,,2.28,2.06,0.98*11 (pico_gnss pico-gnss-rs/src/main.rs:453)
404.114483 [INFO ] NMEA $GPGSV,4,1,13,25,63,181,15,12,62,077,19,10,56,257,,23,41,198,*79 (pico_gnss pico-gnss-rs/src/main.rs:453)
404.177151 [INFO ] NMEA $GPGSV,4,2,13,32,39,315,18,24,29,064,,28,22,267,,15,13,127,18*75 (pico_gnss pico-gnss-rs/src/main.rs:453)
404.235658 [INFO ] NMEA $GPGSV,4,3,13,29,02,159,17,19,02,040,,193,,,,194,,,*77 (pico_gnss pico-gnss-rs/src/main.rs:453)
404.241155 [INFO ] TIME unix_ns=1780920973526625139 ppb=2529 holdover_ms=1526 locked=1 (pico_gnss pico-gnss-rs/src/main.rs:226)
404.265202 [INFO ] NMEA $GPGSV,4,4,13,195,,,*46 (pico_gnss pico-gnss-rs/src/main.rs:453)
404.352221 [INFO ] NMEA $GLGSV,2,1,06,74,75,009,20,72,73,002,,75,45,224,,71,43,129,17*63 (pico_gnss pico-gnss-rs/src/main.rs:453)
404.381736 [INFO ] NMEA $GLGSV,2,2,06,73,25,034,,65,22,327,*62 (pico_gnss pico-gnss-rs/src/main.rs:453)
404.444433 [INFO ] NMEA $GNRMC,121613.000,A,0000.0000,N,00000.0000,E,0.37,274.59,080626,,,A*75 (pico_gnss pico-gnss-rs/src/main.rs:453)
404.447050 [INFO ] SYNC pps_local_us=328281527 unix_s=1780920973 drift_us=2 err_ns=-1 holdover_ms=1000 (pico_gnss pico-gnss-rs/src/main.rs:484)
404.502722 [INFO ] NMEA $GPVTG,274.59,T,,M,0.37,N,0.69,K,A*3B (pico_gnss pico-gnss-rs/src/main.rs:453)
404.532094 [INFO ] NMEA $GPZDA,121613.000,08,06,2026,,*58 (pico_gnss pico-gnss-rs/src/main.rs:453)
404.571637 [INFO ] NMEA $GPGST,121613.000,9.6,29,20,36.8,26,24,50*73 (pico_gnss pico-gnss-rs/src/main.rs:453)
404.713169 [INFO ] PPSGEN count=399 interval_ns=1000002512 dev_ns=2512 phase_ns=-1475525 hwphase_ns=496 (pico_gnss pico-gnss-rs/src/main.rs:296)
404.714442 [INFO ] PPS count=282 interval_us=1000002 interval_ns=1000002544 state=Locked missed=0 (pico_gnss pico-gnss-rs/src/main.rs:192)
404.888245 [INFO ] NMEA $GPGGA,121614.000,0000.0000,N,00000.0000,E,1,4,2.06,21.0,M,39.0,M,,*65 (pico_gnss pico-gnss-rs/src/main.rs:453)
404.943483 [INFO ] NMEA $GNGLL,0000.0000,N,00000.0000,E,121614.000,A,A*47 (pico_gnss pico-gnss-rs/src/main.rs:453)
405.001824 [INFO ] NMEA $GNGSA,A,3,32,12,15,29,,,,,,,,,2.28,2.06,0.98*1C (pico_gnss pico-gnss-rs/src/main.rs:453)
405.031311 [INFO ] NMEA $GNGSA,A,3,,,,,,,,,,,,,2.28,2.06,0.98*11 (pico_gnss pico-gnss-rs/src/main.rs:453)
405.118639 [INFO ] NMEA $GPGSV,4,1,13,25,63,181,15,12,62,077,19,10,56,257,,23,41,198,*79 (pico_gnss pico-gnss-rs/src/main.rs:453)
405.181350 [INFO ] NMEA $GPGSV,4,2,13,32,39,315,18,24,29,064,,28,22,267,,15,13,127,18*75 (pico_gnss pico-gnss-rs/src/main.rs:453)
405.239848 [INFO ] NMEA $GPGSV,4,3,13,29,02,159,17,19,02,040,,193,,,,194,,,*77 (pico_gnss pico-gnss-rs/src/main.rs:453)
405.242411 [INFO ] TIME unix_ns=1780920974527852135 ppb=2530 holdover_ms=1527 locked=1 (pico_gnss pico-gnss-rs/src/main.rs:226)
405.269370 [INFO ] NMEA $GPGSV,4,4,13,195,,,*46 (pico_gnss pico-gnss-rs/src/main.rs:453)
405.327612 [INFO ] NMEA $GLGSV,2,1,06,74,75,009,,72,73,002,,75,45,225,,71,43,129,17*60 (pico_gnss pico-gnss-rs/src/main.rs:453)
405.357088 [INFO ] NMEA $GLGSV,2,2,06,73,25,034,,65,22,327,*62 (pico_gnss pico-gnss-rs/src/main.rs:453)
405.448580 [INFO ] NMEA $GNRMC,121614.000,A,0000.0000,N,00000.0000,E,0.97,194.51,080626,,,A*7C (pico_gnss pico-gnss-rs/src/main.rs:453)
405.451158 [INFO ] SYNC pps_local_us=329281529 unix_s=1780920974 drift_us=2 err_ns=15 holdover_ms=999 (pico_gnss pico-gnss-rs/src/main.rs:484)
405.478346 [INFO ] NMEA $GPVTG,194.51,T,,M,0.97,N,1.81,K,A*33 (pico_gnss pico-gnss-rs/src/main.rs:453)
405.507460 [INFO ] NMEA $GPZDA,121614.000,08,06,2026,,*5F (pico_gnss pico-gnss-rs/src/main.rs:453)
405.559574 [INFO ] NMEA $GPGST,121614.000,9.6,29,20,36.7,26,24,50*7B (pico_gnss pico-gnss-rs/src/main.rs:453)
405.713163 [INFO ] PPSGEN count=400 interval_ns=1000002528 dev_ns=2528 phase_ns=-1414526 hwphase_ns=480 (pico_gnss pico-gnss-rs/src/main.rs:296)
405.714452 [INFO ] PPS count=283 interval_us=1000002 interval_ns=1000002528 state=Locked missed=0 (pico_gnss pico-gnss-rs/src/main.rs:192)
405.888457 [INFO ] NMEA $GPGGA,121615.000,0000.0000,N,00000.0000,E,1,4,2.06,20.9,M,39.0,M,,*63 (pico_gnss pico-gnss-rs/src/main.rs:453)
405.946731 [INFO ] NMEA $GNGLL,0000.0000,N,00000.0000,E,121615.000,A,A*49 (pico_gnss pico-gnss-rs/src/main.rs:453)
405.989695 [INFO ] NMEA $GNGSA,A,3,32,12,15,29,,,,,,,,,2.28,2.06,0.98*1C (pico_gnss pico-gnss-rs/src/main.rs:453)
406.047918 [INFO ] NMEA $GNGSA,A,3,,,,,,,,,,,,,2.28,2.06,0.98*11 (pico_gnss pico-gnss-rs/src/main.rs:453)
406.106542 [INFO ] NMEA $GPGSV,4,1,13,25,63,181,15,12,62,077,19,10,56,257,,23,41,198,*79 (pico_gnss pico-gnss-rs/src/main.rs:453)
406.165137 [INFO ] NMEA $GPGSV,4,2,13,32,39,315,18,24,29,064,,28,22,267,,15,13,127,18*75 (pico_gnss pico-gnss-rs/src/main.rs:453)
406.227701 [INFO ] NMEA $GPGSV,4,3,13,29,02,159,17,19,02,040,,193,,,,194,,,*77 (pico_gnss pico-gnss-rs/src/main.rs:453)
406.243662 [INFO ] TIME unix_ns=1780920975529166132 ppb=2530 holdover_ms=1529 locked=1 (pico_gnss pico-gnss-rs/src/main.rs:226)
406.257227 [INFO ] NMEA $GPGSV,4,4,13,195,,,*46 (pico_gnss pico-gnss-rs/src/main.rs:453)
406.315481 [INFO ] NMEA $GLGSV,2,1,06,74,75,009,,72,73,002,,75,45,225,,71,43,129,17*60 (pico_gnss pico-gnss-rs/src/main.rs:453)
406.373688 [INFO ] NMEA $GLGSV,2,2,06,73,25,034,,65,22,327,*62 (pico_gnss pico-gnss-rs/src/main.rs:453)
406.432377 [INFO ] NMEA $GNRMC,121615.000,A,0000.0000,N,00000.0000,E,0.98,181.49,080626,,,A*70 (pico_gnss pico-gnss-rs/src/main.rs:453)
406.434952 [INFO ] SYNC pps_local_us=330281532 unix_s=1780920975 drift_us=2 err_ns=-1 holdover_ms=1000 (pico_gnss pico-gnss-rs/src/main.rs:484)
406.494719 [INFO ] NMEA $GPVTG,181.49,T,,M,0.98,N,1.82,K,A*32 (pico_gnss pico-gnss-rs/src/main.rs:453)
406.524111 [INFO ] NMEA $GPZDA,121615.000,08,06,2026,,*5E (pico_gnss pico-gnss-rs/src/main.rs:453)
406.559486 [INFO ] NMEA $GPGST,121615.000,9.6,29,20,36.5,26,24,50*78 (pico_gnss pico-gnss-rs/src/main.rs:453)
406.713205 [INFO ] PPSGEN count=401 interval_ns=1000002544 dev_ns=2544 phase_ns=-1388526 hwphase_ns=496 (pico_gnss pico-gnss-rs/src/main.rs:296)
406.714472 [INFO ] PPS count=284 interval_us=1000002 interval_ns=1000002544 state=Locked missed=0 (pico_gnss pico-gnss-rs/src/main.rs:192)
406.885277 [INFO ] NMEA $GPGGA,121616.000,0000.0000,N,00000.0000,E,1,4,2.06,20.7,M,39.0,M,,*68 (pico_gnss pico-gnss-rs/src/main.rs:453)
406.943594 [INFO ] NMEA $GNGLL,0000.0000,N,00000.0000,E,121616.000,A,A*4C (pico_gnss pico-gnss-rs/src/main.rs:453)
407.002966 [INFO ] NMEA $GNGSA,A,3,32,12,15,29,,,,,,,,,2.28,2.06,0.98*1C (pico_gnss pico-gnss-rs/src/main.rs:453)
407.032484 [INFO ] NMEA $GNGSA,A,3,,,,,,,,,,,,,2.28,2.06,0.98*11 (pico_gnss pico-gnss-rs/src/main.rs:453)
407.091043 [INFO ] NMEA $GPGSV,4,1,13,25,63,181,16,12,62,077,19,10,56,257,,23,41,198,*7A (pico_gnss pico-gnss-rs/src/main.rs:453)
407.178406 [INFO ] NMEA $GPGSV,4,2,13,32,39,315,18,24,29,064,,28,22,267,,15,13,127,18*75 (pico_gnss pico-gnss-rs/src/main.rs:453)
407.236909 [INFO ] NMEA $GPGSV,4,3,13,29,02,159,17,19,02,040,,193,,,,194,,,*77 (pico_gnss pico-gnss-rs/src/main.rs:453)
407.244922 [INFO ] TIME unix_ns=1780920976530433128 ppb=2530 holdover_ms=1530 locked=1 (pico_gnss pico-gnss-rs/src/main.rs:226)
407.270256 [INFO ] NMEA $GPGSV,4,4,13,195,,,*46 (pico_gnss pico-gnss-rs/src/main.rs:453)
407.328754 [INFO ] NMEA $GLGSV,2,1,06,74,75,009,,72,73,002,,75,45,225,,71,43,129,17*60 (pico_gnss pico-gnss-rs/src/main.rs:453)
407.358231 [INFO ] NMEA $GLGSV,2,2,06,73,25,034,,65,22,327,*62 (pico_gnss pico-gnss-rs/src/main.rs:453)
407.445646 [INFO ] NMEA $GNRMC,121616.000,A,0000.0000,N,00000.0000,E,0.40,181.49,080626,,,A*70 (pico_gnss pico-gnss-rs/src/main.rs:453)
407.448214 [INFO ] SYNC pps_local_us=331281535 unix_s=1780920976 drift_us=2 err_ns=14 holdover_ms=1000 (pico_gnss pico-gnss-rs/src/main.rs:484)
407.475389 [INFO ] NMEA $GPVTG,181.49,T,,M,0.40,N,0.73,K,A*38 (pico_gnss pico-gnss-rs/src/main.rs:453)
407.504515 [INFO ] NMEA $GPZDA,121616.000,08,06,2026,,*5D (pico_gnss pico-gnss-rs/src/main.rs:453)
407.556532 [INFO ] NMEA $GPGST,121616.000,9.6,29,20,36.5,26,24,50*7B (pico_gnss pico-gnss-rs/src/main.rs:453)
407.713241 [INFO ] PPSGEN count=402 interval_ns=1000002560 dev_ns=2560 phase_ns=-1428526 hwphase_ns=512 (pico_gnss pico-gnss-rs/src/main.rs:296)
407.714501 [INFO ] PPS count=285 interval_us=1000002 interval_ns=1000002544 state=Locked missed=0 (pico_gnss pico-gnss-rs/src/main.rs:192)
407.885326 [INFO ] NMEA $GPGGA,121617.000,0000.0000,N,00000.0000,E,1,4,2.06,20.6,M,39.0,M,,*61 (pico_gnss pico-gnss-rs/src/main.rs:453)
407.943634 [INFO ] NMEA $GNGLL,0000.0000,N,00000.0000,E,121617.000,A,A*44 (pico_gnss pico-gnss-rs/src/main.rs:453)
408.002002 [INFO ] NMEA $GNGSA,A,3,32,12,15,29,,,,,,,,,2.28,2.06,0.98*1C (pico_gnss pico-gnss-rs/src/main.rs:453)
408.048897 [INFO ] NMEA $GNGSA,A,3,,,,,,,,,,,,,2.28,2.06,0.98*11 (pico_gnss pico-gnss-rs/src/main.rs:453)
408.107503 [INFO ] NMEA $GPGSV,4,1,13,25,63,181,16,12,62,077,19,10,56,257,,23,41,198,*7A (pico_gnss pico-gnss-rs/src/main.rs:453)
408.166145 [INFO ] NMEA $GPGSV,4,2,13,32,39,315,18,24,29,064,,28,22,267,,15,13,127,18*75 (pico_gnss pico-gnss-rs/src/main.rs:453)
408.224576 [INFO ] NMEA $GPGSV,4,3,13,29,02,159,17,19,02,040,,193,,,,194,,,*77 (pico_gnss pico-gnss-rs/src/main.rs:453)
408.246189 [INFO ] TIME unix_ns=1780920977531661124 ppb=2531 holdover_ms=1531 locked=1 (pico_gnss pico-gnss-rs/src/main.rs:226)
408.254094 [INFO ] NMEA $GPGSV,4,4,13,195,,,*46 (pico_gnss pico-gnss-rs/src/main.rs:453)
408.316481 [INFO ] NMEA $GLGSV,2,1,06,74,75,009,,72,73,002,,75,45,225,,71,43,129,17*60 (pico_gnss pico-gnss-rs/src/main.rs:453)
408.374657 [INFO ] NMEA $GLGSV,2,2,06,73,25,034,,65,22,327,*62 (pico_gnss pico-gnss-rs/src/main.rs:453)
408.433374 [INFO ] NMEA $GNRMC,121617.000,A,0000.0000,N,00000.0000,E,0.28,181.49,080626,,,A*76 (pico_gnss pico-gnss-rs/src/main.rs:453)
408.435950 [INFO ] SYNC pps_local_us=332281537 unix_s=1780920977 drift_us=2 err_ns=14 holdover_ms=1000 (pico_gnss pico-gnss-rs/src/main.rs:484)
408.491599 [INFO ] NMEA $GPVTG,181.49,T,,M,0.28,N,0.52,K,A*35 (pico_gnss pico-gnss-rs/src/main.rs:453)
408.520983 [INFO ] NMEA $GPZDA,121617.000,08,06,2026,,*5C (pico_gnss pico-gnss-rs/src/main.rs:453)
408.556351 [INFO ] NMEA $GPGST,121617.000,9.6,29,20,36.4,26,24,50*7B (pico_gnss pico-gnss-rs/src/main.rs:453)
408.713262 [INFO ] PPSGEN count=403 interval_ns=1000002544 dev_ns=2544 phase_ns=-1435527 hwphase_ns=512 (pico_gnss pico-gnss-rs/src/main.rs:296)
408.714520 [INFO ] PPS count=286 interval_us=1000002 interval_ns=1000002528 state=Locked missed=0 (pico_gnss pico-gnss-rs/src/main.rs:192)
408.888288 [INFO ] NMEA $GPGGA,121618.000,0000.0000,N,00000.0000,E,1,4,2.06,20.5,M,39.0,M,,*6B (pico_gnss pico-gnss-rs/src/main.rs:453)
408.946612 [INFO ] NMEA $GNGLL,0000.0000,N,00000.0000,E,121618.000,A,A*4D (pico_gnss pico-gnss-rs/src/main.rs:453)
409.004975 [INFO ] NMEA $GNGSA,A,3,32,12,15,29,,,,,,,,,2.28,2.06,0.98*1C (pico_gnss pico-gnss-rs/src/main.rs:453)
409.034492 [INFO ] NMEA $GNGSA,A,3,,,,,,,,,,,,,2.28,2.06,0.98*11 (pico_gnss pico-gnss-rs/src/main.rs:453)
409.097107 [INFO ] NMEA $GPGSV,4,1,13,25,63,181,16,12,62,077,19,10,56,257,,23,41,198,*7A (pico_gnss pico-gnss-rs/src/main.rs:453)
409.184550 [INFO ] NMEA $GPGSV,4,2,13,32,39,315,18,24,29,064,,28,22,267,,15,13,127,18*75 (pico_gnss pico-gnss-rs/src/main.rs:453)
409.242978 [INFO ] NMEA $GPGSV,4,3,13,29,02,159,17,19,02,040,,193,,,,194,,,*77 (pico_gnss pico-gnss-rs/src/main.rs:453)
409.247453 [INFO ] TIME unix_ns=1780920978532902121 ppb=2531 holdover_ms=1532 locked=1 (pico_gnss pico-gnss-rs/src/main.rs:226)
409.272536 [INFO ] NMEA $GPGSV,4,4,13,195,,,*46 (pico_gnss pico-gnss-rs/src/main.rs:453)
409.330759 [INFO ] NMEA $GLGSV,2,1,06,74,75,009,,72,73,002,,75,45,225,,71,43,129,17*60 (pico_gnss pico-gnss-rs/src/main.rs:453)
409.364271 [INFO ] NMEA $GLGSV,2,2,06,73,25,034,,65,22,327,*62 (pico_gnss pico-gnss-rs/src/main.rs:453)
409.451744 [INFO ] NMEA $GNRMC,121618.000,A,0000.0000,N,00000.0000,E,0.61,79.59,080626,,,A*45 (pico_gnss pico-gnss-rs/src/main.rs:453)
409.454289 [INFO ] SYNC pps_local_us=333281540 unix_s=1780920978 drift_us=2 err_ns=-2 holdover_ms=1000 (pico_gnss pico-gnss-rs/src/main.rs:484)
409.481491 [INFO ] NMEA $GPVTG,79.59,T,,M,0.61,N,1.13,K,A*0B (pico_gnss pico-gnss-rs/src/main.rs:453)
409.510592 [INFO ] NMEA $GPZDA,121618.000,08,06,2026,,*53 (pico_gnss pico-gnss-rs/src/main.rs:453)
409.556414 [INFO ] NMEA $GPGST,121618.000,9.6,29,20,36.4,26,24,50*74 (pico_gnss pico-gnss-rs/src/main.rs:453)
409.713259 [INFO ] PPSGEN count=404 interval_ns=1000002528 dev_ns=2528 phase_ns=-1478526 hwphase_ns=512 (pico_gnss pico-gnss-rs/src/main.rs:296)
409.714551 [INFO ] PPS count=287 interval_us=1000002 interval_ns=1000002528 state=Locked missed=0 (pico_gnss pico-gnss-rs/src/main.rs:192)
409.877929 [INFO ] NMEA $GPGGA,121619.000,0000.0000,N,00000.0000,E,1,4,2.06,20.4,M,39.0,M,,*69 (pico_gnss pico-gnss-rs/src/main.rs:453)
409.936279 [INFO ] NMEA $GNGLL,0000.0000,N,00000.0000,E,121619.000,A,A*4E (pico_gnss pico-gnss-rs/src/main.rs:453)
409.994627 [INFO ] NMEA $GNGSA,A,3,32,12,15,29,,,,,,,,,2.28,2.06,0.98*1C (pico_gnss pico-gnss-rs/src/main.rs:453)
410.024133 [INFO ] NMEA $GNGSA,A,3,,,,,,,,,,,,,2.28,2.06,0.98*11 (pico_gnss pico-gnss-rs/src/main.rs:453)
410.111435 [INFO ] NMEA $GPGSV,4,1,13,25,63,181,16,12,62,077,19,10,56,257,,23,41,198,*7A (pico_gnss pico-gnss-rs/src/main.rs:453)
410.174168 [INFO ] NMEA $GPGSV,4,2,13,32,39,315,18,24,29,064,,28,22,267,,15,13,127,19*74 (pico_gnss pico-gnss-rs/src/main.rs:453)
410.232613 [INFO ] NMEA $GPGSV,4,3,13,29,02,159,17,19,02,040,,193,,,,194,,,*77 (pico_gnss pico-gnss-rs/src/main.rs:453)
410.248731 [INFO ] TIME unix_ns=1780920979534131118 ppb=2531 holdover_ms=1534 locked=1 (pico_gnss pico-gnss-rs/src/main.rs:226)
410.262141 [INFO ] NMEA $GPGSV,4,4,13,195,,,*46 (pico_gnss pico-gnss-rs/src/main.rs:453)
410.320425 [INFO ] NMEA $GLGSV,2,1,06,74,75,009,,72,73,002,,75,45,225,,71,43,129,17*60 (pico_gnss pico-gnss-rs/src/main.rs:453)
410.378592 [INFO ] NMEA $GLGSV,2,2,06,73,25,034,,65,22,327,*62 (pico_gnss pico-gnss-rs/src/main.rs:453)
410.441391 [INFO ] NMEA $GNRMC,121619.000,A,0000.0000,N,00000.0000,E,0.91,33.76,080626,,,A*4A (pico_gnss pico-gnss-rs/src/main.rs:453)
410.443951 [INFO ] SYNC pps_local_us=334281542 unix_s=1780920979 drift_us=2 err_ns=-2 holdover_ms=1000 (pico_gnss pico-gnss-rs/src/main.rs:484)
410.471128 [INFO ] NMEA $GPVTG,33.76,T,,M,0.91,N,1.68,K,A*0B (pico_gnss pico-gnss-rs/src/main.rs:453)
410.528923 [INFO ] NMEA $GPZDA,121619.000,08,06,2026,,*52 (pico_gnss pico-gnss-rs/src/main.rs:453)
410.556603 [INFO ] NMEA $GPGST,121619.000,9.5,29,20,36.3,26,24,50*71 (pico_gnss pico-gnss-rs/src/main.rs:453)
410.713194 [INFO ] PPSGEN count=405 interval_ns=1000002512 dev_ns=2512 phase_ns=-1488526 hwphase_ns=496 (pico_gnss pico-gnss-rs/src/main.rs:296)
410.714480 [INFO ] PPS count=288 interval_us=1000002 interval_ns=1000002528 state=Locked missed=0 (pico_gnss pico-gnss-rs/src/main.rs:192)
410.888458 [INFO ] NMEA $GPGGA,121620.000,0000.0000,N,00000.0000,E,1,4,2.06,20.3,M,39.0,M,,*63 (pico_gnss pico-gnss-rs/src/main.rs:453)
410.955994 [INFO ] NMEA $GNGLL,0000.0000,N,00000.0000,E,121620.000,A,A*43 (pico_gnss pico-gnss-rs/src/main.rs:453)
410.985679 [INFO ] NMEA $GNGSA,A,3,32,12,15,29,,,,,,,,,2.28,2.06,0.98*1C (pico_gnss pico-gnss-rs/src/main.rs:453)
411.043830 [INFO ] NMEA $GNGSA,A,3,,,,,,,,,,,,,2.28,2.06,0.98*11 (pico_gnss pico-gnss-rs/src/main.rs:453)
411.102475 [INFO ] NMEA $GPGSV,4,1,13,25,63,181,16,12,62,077,18,10,56,257,,23,41,198,*7B (pico_gnss pico-gnss-rs/src/main.rs:453)
411.189726 [INFO ] NMEA $GPGSV,4,2,13,32,39,315,18,24,29,064,,28,22,267,,15,13,127,19*74 (pico_gnss pico-gnss-rs/src/main.rs:453)
411.223637 [INFO ] NMEA $GPGSV,4,3,13,29,02,159,17,19,02,040,,193,,,,194,,,*77 (pico_gnss pico-gnss-rs/src/main.rs:453)
411.249988 [INFO ] TIME unix_ns=1780920980535394115 ppb=2530 holdover_ms=1535 locked=1 (pico_gnss pico-gnss-rs/src/main.rs:226)
411.253158 [INFO ] NMEA $GPGSV,4,4,13,195,,,*46 (pico_gnss pico-gnss-rs/src/main.rs:453)
411.340167 [INFO ] NMEA $GLGSV,2,1,06,74,75,009,,72,73,002,,75,45,225,,71,43,129,17*60 (pico_gnss pico-gnss-rs/src/main.rs:453)
411.369662 [INFO ] NMEA $GLGSV,2,2,06,73,25,034,,65,22,327,*62 (pico_gnss pico-gnss-rs/src/main.rs:453)
411.457002 [INFO ] NMEA $GNRMC,121620.000,A,0000.0000,N,00000.0000,E,0.72,155.20,080626,,,A*78 (pico_gnss pico-gnss-rs/src/main.rs:453)
411.459567 [INFO ] SYNC pps_local_us=335281545 unix_s=1780920980 drift_us=2 err_ns=-2 holdover_ms=999 (pico_gnss pico-gnss-rs/src/main.rs:484)
411.490661 [INFO ] NMEA $GPVTG,155.20,T,,M,0.72,N,1.34,K,A*3D (pico_gnss pico-gnss-rs/src/main.rs:453)
411.520021 [INFO ] NMEA $GPZDA,121620.000,08,06,2026,,*58 (pico_gnss pico-gnss-rs/src/main.rs:453)
411.559584 [INFO ] NMEA $GPGST,121620.000,9.5,30,20,33.0,28,24,53*78 (pico_gnss pico-gnss-rs/src/main.rs:453)
411.713212 [INFO ] PPSGEN count=406 interval_ns=1000002528 dev_ns=2528 phase_ns=-1411526 hwphase_ns=496 (pico_gnss pico-gnss-rs/src/main.rs:296)
411.714470 [INFO ] PPS count=289 interval_us=1000002 interval_ns=1000002544 state=Locked missed=0 (pico_gnss pico-gnss-rs/src/main.rs:192)
411.887258 [INFO ] NMEA $GPGGA,121621.000,0000.0000,N,00000.0000,E,1,4,2.06,20.2,M,39.0,M,,*65 (pico_gnss pico-gnss-rs/src/main.rs:453)
411.945574 [INFO ] NMEA $GNGLL,0000.0000,N,00000.0000,E,121621.000,A,A*44 (pico_gnss pico-gnss-rs/src/main.rs:453)
412.000859 [INFO ] NMEA $GNGSA,A,3,32,12,15,29,,,,,,,,,2.28,2.06,0.98*1C (pico_gnss pico-gnss-rs/src/main.rs:453)
412.030309 [INFO ] NMEA $GNGSA,A,3,,,,,,,,,,,,,2.28,2.06,0.98*11 (pico_gnss pico-gnss-rs/src/main.rs:453)
412.117644 [INFO ] NMEA $GPGSV,4,1,13,25,63,181,16,12,62,077,18,10,56,257,,23,41,198,*7B (pico_gnss pico-gnss-rs/src/main.rs:453)
412.176290 [INFO ] NMEA $GPGSV,4,2,13,32,39,315,18,24,29,064,,28,22,267,,15,13,127,19*74 (pico_gnss pico-gnss-rs/src/main.rs:453)
412.238833 [INFO ] NMEA $GPGSV,4,3,13,29,02,159,17,19,02,040,,193,,,,194,,,*77 (pico_gnss pico-gnss-rs/src/main.rs:453)
412.251238 [INFO ] TIME unix_ns=1780920981536701111 ppb=2531 holdover_ms=1536 locked=1 (pico_gnss pico-gnss-rs/src/main.rs:226)
412.268380 [INFO ] NMEA $GPGSV,4,4,13,195,,,*46 (pico_gnss pico-gnss-rs/src/main.rs:453)
412.326625 [INFO ] NMEA $GLGSV,2,1,06,74,75,009,,72,73,002,,75,45,225,,71,43,129,17*60 (pico_gnss pico-gnss-rs/src/main.rs:453)
412.356092 [INFO ] NMEA $GLGSV,2,2,06,73,25,034,,65,22,327,*62 (pico_gnss pico-gnss-rs/src/main.rs:453)
412.443492 [INFO ] NMEA $GNRMC,121621.000,A,0000.0000,N,00000.0000,E,0.10,155.20,080626,,,A*7B (pico_gnss pico-gnss-rs/src/main.rs:453)
412.446056 [INFO ] SYNC pps_local_us=336281547 unix_s=1780920981 drift_us=2 err_ns=14 holdover_ms=1000 (pico_gnss pico-gnss-rs/src/main.rs:484)
412.473259 [INFO ] NMEA $GPVTG,155.20,T,,M,0.10,N,0.18,K,A*36 (pico_gnss pico-gnss-rs/src/main.rs:453)
412.506418 [INFO ] NMEA $GPZDA,121621.000,08,06,2026,,*59 (pico_gnss pico-gnss-rs/src/main.rs:453)
412.558580 [INFO ] NMEA $GPGST,121621.000,9.5,30,20,33.0,28,24,53*79 (pico_gnss pico-gnss-rs/src/main.rs:453)
412.713211 [INFO ] PPSGEN count=407 interval_ns=1000002544 dev_ns=2544 phase_ns=-1410527 hwphase_ns=496 (pico_gnss pico-gnss-rs/src/main.rs:296)
412.714469 [INFO ] PPS count=290 interval_us=1000002 interval_ns=1000002544 state=Locked missed=0 (pico_gnss pico-gnss-rs/src/main.rs:192)
412.889382 [INFO ] NMEA $GPGGA,121622.000,0000.0000,N,00000.0000,E,1,4,2.06,20.1,M,39.0,M,,*60 (pico_gnss pico-gnss-rs/src/main.rs:453)
412.947676 [INFO ] NMEA $GNGLL,0000.0000,N,00000.0000,E,121622.000,A,A*42 (pico_gnss pico-gnss-rs/src/main.rs:453)
413.006006 [INFO ] NMEA $GNGSA,A,3,32,12,15,29,,,,,,,,,2.28,2.06,0.98*1C (pico_gnss pico-gnss-rs/src/main.rs:453)
413.048833 [INFO ] NMEA $GNGSA,A,3,,,,,,,,,,,,,2.28,2.06,0.98*11 (pico_gnss pico-gnss-rs/src/main.rs:453)
413.107453 [INFO ] NMEA $GPGSV,4,1,13,25,63,181,16,12,62,077,18,10,56,257,,23,41,198,*7B (pico_gnss pico-gnss-rs/src/main.rs:453)
413.166037 [INFO ] NMEA $GPGSV,4,2,13,32,39,315,18,24,29,064,,28,22,267,,15,13,127,19*74 (pico_gnss pico-gnss-rs/src/main.rs:453)
413.224524 [INFO ] NMEA $GPGSV,4,3,13,29,02,159,17,19,02,040,,193,,,,194,,,*77 (pico_gnss pico-gnss-rs/src/main.rs:453)
413.252507 [INFO ] TIME unix_ns=1780920982537963107 ppb=2531 holdover_ms=1537 locked=1 (pico_gnss pico-gnss-rs/src/main.rs:226)
413.254494 [INFO ] NMEA $GPGSV,4,4,13,195,,,*46 (pico_gnss pico-gnss-rs/src/main.rs:453)
413.316391 [INFO ] NMEA $GLGSV,2,1,06,74,75,009,,72,73,002,,75,45,225,,71,43,129,17*60 (pico_gnss pico-gnss-rs/src/main.rs:453)
413.374623 [INFO ] NMEA $GLGSV,2,2,06,73,25,034,,65,22,327,*62 (pico_gnss pico-gnss-rs/src/main.rs:453)
413.433320 [INFO ] NMEA $GNRMC,121622.000,A,0000.0000,N,00000.0000,E,0.24,155.20,080626,,,A*7A (pico_gnss pico-gnss-rs/src/main.rs:453)
413.435907 [INFO ] SYNC pps_local_us=337281550 unix_s=1780920982 drift_us=2 err_ns=13 holdover_ms=1000 (pico_gnss pico-gnss-rs/src/main.rs:484)
413.491577 [INFO ] NMEA $GPVTG,155.20,T,,M,0.24,N,0.45,K,A*39 (pico_gnss pico-gnss-rs/src/main.rs:453)
413.520972 [INFO ] NMEA $GPZDA,121622.000,08,06,2026,,*5A (pico_gnss pico-gnss-rs/src/main.rs:453)
413.560383 [INFO ] NMEA $GPGST,121622.000,9.5,30,20,33.0,28,24,53*7A (pico_gnss pico-gnss-rs/src/main.rs:453)
413.713203 [INFO ] PPSGEN count=408 interval_ns=1000002544 dev_ns=2544 phase_ns=-1420527 hwphase_ns=496 (pico_gnss pico-gnss-rs/src/main.rs:296)
413.714488 [INFO ] PPS count=291 interval_us=1000002 interval_ns=1000002528 state=Locked missed=0 (pico_gnss pico-gnss-rs/src/main.rs:192)
413.892364 [INFO ] NMEA $GPGGA,121623.000,0000.0000,N,00000.0000,E,1,4,2.06,20.1,M,39.0,M,,*62 (pico_gnss pico-gnss-rs/src/main.rs:453)
413.950660 [INFO ] NMEA $GNGLL,0000.0000,N,00000.0000,E,121623.000,A,A*40 (pico_gnss pico-gnss-rs/src/main.rs:453)
414.009043 [INFO ] NMEA $GNGSA,A,3,32,12,15,29,,,,,,,,,2.28,2.06,0.98*1C (pico_gnss pico-gnss-rs/src/main.rs:453)
414.038528 [INFO ] NMEA $GNGSA,A,3,,,,,,,,,,,,,2.28,2.06,0.98*11 (pico_gnss pico-gnss-rs/src/main.rs:453)
414.098092 [INFO ] NMEA $GPGSV,4,1,13,25,63,181,16,12,62,077,18,10,56,257,,23,41,198,*7B (pico_gnss pico-gnss-rs/src/main.rs:453)
414.185470 [INFO ] NMEA $GPGSV,4,2,13,32,39,315,17,24,29,064,,28,22,267,,15,13,127,19*7B (pico_gnss pico-gnss-rs/src/main.rs:453)
414.243977 [INFO ] NMEA $GPGSV,4,3,13,29,02,159,17,19,02,040,,193,,,,194,,,*77 (pico_gnss pico-gnss-rs/src/main.rs:453)
414.254131 [INFO ] TIME unix_ns=1780920983539578103 ppb=2531 holdover_ms=1539 locked=1 (pico_gnss pico-gnss-rs/src/main.rs:226)
414.273500 [INFO ] NMEA $GPGSV,4,4,13,195,,,*46 (pico_gnss pico-gnss-rs/src/main.rs:453)
414.335824 [INFO ] NMEA $GLGSV,2,1,06,74,75,009,,72,73,002,,75,45,225,,71,43,129,17*60 (pico_gnss pico-gnss-rs/src/main.rs:453)
414.365320 [INFO ] NMEA $GLGSV,2,2,06,73,25,034,,65,22,327,*62 (pico_gnss pico-gnss-rs/src/main.rs:453)
414.452712 [INFO ] NMEA $GNRMC,121623.000,A,0000.0000,N,00000.0000,E,0.43,155.20,080626,,,A*79 (pico_gnss pico-gnss-rs/src/main.rs:453)
414.455288 [INFO ] SYNC pps_local_us=338281552 unix_s=1780920983 drift_us=2 err_ns=-3 holdover_ms=1000 (pico_gnss pico-gnss-rs/src/main.rs:484)
414.482476 [INFO ] NMEA $GPVTG,155.20,T,,M,0.43,N,0.79,K,A*37 (pico_gnss pico-gnss-rs/src/main.rs:453)
414.511628 [INFO ] NMEA $GPZDA,121623.000,08,06,2026,,*5B (pico_gnss pico-gnss-rs/src/main.rs:453)
414.563717 [INFO ] NMEA $GPGST,121623.000,9.4,31,20,33.1,28,24,53*7A (pico_gnss pico-gnss-rs/src/main.rs:453)
414.713256 [INFO ] PPSGEN count=409 interval_ns=1000002560 dev_ns=2560 phase_ns=-1426527 hwphase_ns=528 (pico_gnss pico-gnss-rs/src/main.rs:296)
414.714514 [INFO ] PPS count=292 interval_us=1000002 interval_ns=1000002544 state=Locked missed=0 (pico_gnss pico-gnss-rs/src/main.rs:192)
414.899854 [INFO ] NMEA $GPGGA,121624.000,0000.0000,N,00000.0000,E,1,4,2.06,20.0,M,39.0,M,,*62 (pico_gnss pico-gnss-rs/src/main.rs:453)
414.929472 [INFO ] NMEA $GNGLL,0000.0000,N,00000.0000,E,121624.000,A,A*41 (pico_gnss pico-gnss-rs/src/main.rs:453)
414.987740 [INFO ] NMEA $GNGSA,A,3,32,12,15,29,,,,,,,,,2.28,2.06,0.98*1C (pico_gnss pico-gnss-rs/src/main.rs:453)
415.046075 [INFO ] NMEA $GNGSA,A,3,,,,,,,,,,,,,2.28,2.06,0.98*11 (pico_gnss pico-gnss-rs/src/main.rs:453)
415.108779 [INFO ] NMEA $GPGSV,4,1,13,25,63,181,16,12,62,077,18,10,56,257,,23,41,198,*7B (pico_gnss pico-gnss-rs/src/main.rs:453)
415.167424 [INFO ] NMEA $GPGSV,4,2,13,32,39,315,17,24,29,064,,28,22,267,,15,13,127,19*7B (pico_gnss pico-gnss-rs/src/main.rs:453)
415.225857 [INFO ] NMEA $GPGSV,4,3,13,29,02,159,17,19,02,040,,193,,,,194,,,*77 (pico_gnss pico-gnss-rs/src/main.rs:453)
415.255333 [INFO ] NMEA $GPGSV,4,4,13,195,,,*46 (pico_gnss pico-gnss-rs/src/main.rs:453)
415.256854 [INFO ] TIME unix_ns=1780920984542316096 ppb=2532 holdover_ms=1542 locked=1 (pico_gnss pico-gnss-rs/src/main.rs:226)
415.313686 [INFO ] NMEA $GLGSV,2,1,06,74,75,009,,72,73,002,,75,45,225,,71,43,129,17*60 (pico_gnss pico-gnss-rs/src/main.rs:453)
415.375925 [INFO ] NMEA $GLGSV,2,2,06,73,25,034,,65,22,327,*62 (pico_gnss pico-gnss-rs/src/main.rs:453)
415.434662 [INFO ] NMEA $GNRMC,121624.000,A,0000.0000,N,00000.0000,E,0.89,68.33,080626,,,A*43 (pico_gnss pico-gnss-rs/src/main.rs:453)
415.437213 [INFO ] SYNC pps_local_us=339281555 unix_s=1780920984 drift_us=2 err_ns=13 holdover_ms=1000 (pico_gnss pico-gnss-rs/src/main.rs:484)
415.492880 [INFO ] NMEA $GPVTG,68.33,T,,M,0.89,N,1.64,K,A*01 (pico_gnss pico-gnss-rs/src/main.rs:453)
415.522247 [INFO ] NMEA $GPZDA,121624.000,08,06,2026,,*5C (pico_gnss pico-gnss-rs/src/main.rs:453)
415.551751 [INFO ] NMEA $GPGST,121624.000,9.4,31,20,33.3,28,24,53*7F (pico_gnss pico-gnss-rs/src/main.rs:453)
415.713265 [INFO ] PPSGEN count=410 interval_ns=1000002544 dev_ns=2544 phase_ns=-1465527 hwphase_ns=528 (pico_gnss pico-gnss-rs/src/main.rs:296)
415.714544 [INFO ] PPS count=293 interval_us=1000002 interval_ns=1000002528 state=Locked missed=0 (pico_gnss pico-gnss-rs/src/main.rs:192)
415.890433 [INFO ] NMEA $GPGGA,121625.000,0000.0000,N,00000.0000,E,1,4,2.06,19.9,M,39.0,M,,*65 (pico_gnss pico-gnss-rs/src/main.rs:453)
415.948756 [INFO ] NMEA $GNGLL,0000.0000,N,00000.0000,E,121625.000,A,A*45 (pico_gnss pico-gnss-rs/src/main.rs:453)
416.007100 [INFO ] NMEA $GNGSA,A,3,32,12,15,29,,,,,,,,,2.28,2.06,0.98*1C (pico_gnss pico-gnss-rs/src/main.rs:453)
416.036654 [INFO ] NMEA $GNGSA,A,3,,,,,,,,,,,,,2.28,2.06,0.98*11 (pico_gnss pico-gnss-rs/src/main.rs:453)
416.095161 [INFO ] NMEA $GPGSV,4,1,13,25,63,181,16,12,62,077,18,10,56,257,,23,41,198,*7B (pico_gnss pico-gnss-rs/src/main.rs:453)
416.186688 [INFO ] NMEA $GPGSV,4,2,13,32,39,315,18,24,29,064,,28,22,267,,15,13,127,19*74 (pico_gnss pico-gnss-rs/src/main.rs:453)
416.245140 [INFO ] NMEA $GPGSV,4,3,13,29,02,159,17,19,02,040,,193,,,,194,,,*77 (pico_gnss pico-gnss-rs/src/main.rs:453)
416.246520 [INFO ] NMEA $GPGSV,4,4,13,195,,,*46 (pico_gnss pico-gnss-rs/src/main.rs:453)
416.258113 [INFO ] TIME unix_ns=1780920985543545093 ppb=2532 holdover_ms=1543 locked=1 (pico_gnss pico-gnss-rs/src/main.rs:226)
416.332925 [INFO ] NMEA $GLGSV,2,1,06,74,75,009,,72,73,002,,75,45,225,,71,43,129,17*60 (pico_gnss pico-gnss-rs/src/main.rs:453)
416.362396 [INFO ] NMEA $GLGSV,2,2,06,73,25,034,,65,22,327,*62 (pico_gnss pico-gnss-rs/src/main.rs:453)
416.453907 [INFO ] NMEA $GNRMC,121625.000,A,0000.0000,N,00000.0000,E,1.45,82.53,080626,,,A*44 (pico_gnss pico-gnss-rs/src/main.rs:453)
416.456472 [INFO ] SYNC pps_local_us=340281557 unix_s=1780920985 drift_us=2 err_ns=-3 holdover_ms=1000 (pico_gnss pico-gnss-rs/src/main.rs:484)
416.483622 [INFO ] NMEA $GPVTG,82.53,T,,M,1.45,N,2.68,K,A*0D (pico_gnss pico-gnss-rs/src/main.rs:453)
416.512743 [INFO ] NMEA $GPZDA,121625.000,08,06,2026,,*5D (pico_gnss pico-gnss-rs/src/main.rs:453)
416.556488 [INFO ] NMEA $GPGST,121625.000,9.3,31,20,33.8,28,24,53*72 (pico_gnss pico-gnss-rs/src/main.rs:453)
416.713271 [INFO ] PPSGEN count=411 interval_ns=1000002528 dev_ns=2528 phase_ns=-1484527 hwphase_ns=528 (pico_gnss pico-gnss-rs/src/main.rs:296)
416.714543 [INFO ] PPS count=294 interval_us=1000002 interval_ns=1000002544 state=Locked missed=0 (pico_gnss pico-gnss-rs/src/main.rs:192)
416.898368 [INFO ] NMEA $GPGGA,121626.000,0000.0000,N,00000.0000,E,1,4,2.06,19.8,M,39.0,M,,*67 (pico_gnss pico-gnss-rs/src/main.rs:453)
416.949519 [INFO ] NMEA $GNGLL,0000.0000,N,00000.0000,E,121626.000,A,A*46 (pico_gnss pico-gnss-rs/src/main.rs:453)
417.007822 [INFO ] NMEA $GNGSA,A,3,32,12,15,29,,,,,,,,,2.28,2.06,0.98*1C (pico_gnss pico-gnss-rs/src/main.rs:453)
417.037361 [INFO ] NMEA $GNGSA,A,3,,,,,,,,,,,,,2.28,2.06,0.98*11 (pico_gnss pico-gnss-rs/src/main.rs:453)
417.124654 [INFO ] NMEA $GPGSV,4,1,13,25,63,181,16,12,62,077,18,10,56,257,,23,41,198,*7B (pico_gnss pico-gnss-rs/src/main.rs:453)
417.183308 [INFO ] NMEA $GPGSV,4,2,13,32,39,315,18,24,29,064,,28,22,267,,15,13,127,19*74 (pico_gnss pico-gnss-rs/src/main.rs:453)
417.245859 [INFO ] NMEA $GPGSV,4,3,13,29,02,159,17,19,02,040,,193,,,,194,,,*77 (pico_gnss pico-gnss-rs/src/main.rs:453)
417.259380 [INFO ] TIME unix_ns=1780920986544759089 ppb=2532 holdover_ms=1544 locked=1 (pico_gnss pico-gnss-rs/src/main.rs:226)
417.275405 [INFO ] NMEA $GPGSV,4,4,13,195,,,*46 (pico_gnss pico-gnss-rs/src/main.rs:453)
417.333655 [INFO ] NMEA $GLGSV,2,1,06,74,75,009,,72,73,002,,75,45,225,,71,43,129,17*60 (pico_gnss pico-gnss-rs/src/main.rs:453)
417.391807 [INFO ] NMEA $GLGSV,2,2,06,73,25,034,,65,22,327,*62 (pico_gnss pico-gnss-rs/src/main.rs:453)
417.450529 [INFO ] NMEA $GNRMC,121626.000,A,0000.0000,N,00000.0000,E,2.16,65.92,080626,,,A*46 (pico_gnss pico-gnss-rs/src/main.rs:453)
417.453067 [INFO ] SYNC pps_local_us=341281560 unix_s=1780920986 drift_us=2 err_ns=13 holdover_ms=999 (pico_gnss pico-gnss-rs/src/main.rs:484)
417.484120 [INFO ] NMEA $GPVTG,65.92,T,,M,2.16,N,4.00,K,A*04 (pico_gnss pico-gnss-rs/src/main.rs:453)
417.542134 [INFO ] NMEA $GPZDA,121626.000,08,06,2026,,*5E (pico_gnss pico-gnss-rs/src/main.rs:453)
417.567732 [INFO ] NMEA $GPGST,121626.000,9.3,31,20,34.0,28,24,53*7E (pico_gnss pico-gnss-rs/src/main.rs:453)
417.713213 [INFO ] PPSGEN count=412 interval_ns=1000002512 dev_ns=2512 phase_ns=-1468528 hwphase_ns=496 (pico_gnss pico-gnss-rs/src/main.rs:296)
417.714478 [INFO ] PPS count=295 interval_us=1000002 interval_ns=1000002544 state=Locked missed=0 (pico_gnss pico-gnss-rs/src/main.rs:192)
417.886423 [INFO ] NMEA $GPGGA,121627.000,0000.0000,N,00000.0000,E,1,4,2.06,19.5,M,39.0,M,,*69 (pico_gnss pico-gnss-rs/src/main.rs:453)
417.944740 [INFO ] NMEA $GNGLL,0000.0000,N,00000.0000,E,121627.000,A,A*45 (pico_gnss pico-gnss-rs/src/main.rs:453)
417.985626 [INFO ] NMEA $GNGSA,A,3,32,12,15,29,,,,,,,,,2.28,2.06,0.98*1C (pico_gnss pico-gnss-rs/src/main.rs:453)
418.043842 [INFO ] NMEA $GNGSA,A,3,,,,,,,,,,,,,2.28,2.06,0.98*11 (pico_gnss pico-gnss-rs/src/main.rs:453)
418.102539 [INFO ] NMEA $GPGSV,4,1,13,25,63,181,16,12,62,077,18,10,56,257,,23,41,198,*7B (pico_gnss pico-gnss-rs/src/main.rs:453)
418.161129 [INFO ] NMEA $GPGSV,4,2,13,32,39,315,18,24,29,064,,28,22,267,,15,13,127,19*74 (pico_gnss pico-gnss-rs/src/main.rs:453)
418.219610 [INFO ] NMEA $GPGSV,4,3,13,29,02,159,17,19,02,040,,193,,,,194,,,*77 (pico_gnss pico-gnss-rs/src/main.rs:453)
418.252918 [INFO ] NMEA $GPGSV,4,4,13,195,,,*46 (pico_gnss pico-gnss-rs/src/main.rs:453)
418.260665 [INFO ] TIME unix_ns=1780920987546047085 ppb=2532 holdover_ms=1546 locked=1 (pico_gnss pico-gnss-rs/src/main.rs:226)
418.311523 [INFO ] NMEA $GLGSV,2,1,06,74,75,009,,72,73,002,,75,45,225,,71,43,129,17*60 (pico_gnss pico-gnss-rs/src/main.rs:453)
418.369706 [INFO ] NMEA $GLGSV,2,2,06,73,25,034,,65,22,327,*62 (pico_gnss pico-gnss-rs/src/main.rs:453)
418.428366 [INFO ] NMEA $GNRMC,121627.000,A,0000.0000,N,00000.0000,E,0.94,58.45,080626,,,A*49 (pico_gnss pico-gnss-rs/src/main.rs:453)
418.430924 [INFO ] SYNC pps_local_us=342281562 unix_s=1780920987 drift_us=2 err_ns=12 holdover_ms=999 (pico_gnss pico-gnss-rs/src/main.rs:484)
418.486620 [INFO ] NMEA $GPVTG,58.45,T,,M,0.94,N,1.75,K,A*0F (pico_gnss pico-gnss-rs/src/main.rs:453)
418.520000 [INFO ] NMEA $GPZDA,121627.000,08,06,2026,,*5F (pico_gnss pico-gnss-rs/src/main.rs:453)
418.555457 [INFO ] NMEA $GPGST,121627.000,9.3,29,19,32.1,27,22,46*76 (pico_gnss pico-gnss-rs/src/main.rs:453)
418.713220 [INFO ] PPSGEN count=413 interval_ns=1000002528 dev_ns=2528 phase_ns=-1414528 hwphase_ns=480 (pico_gnss pico-gnss-rs/src/main.rs:296)
418.714505 [INFO ] PPS count=296 interval_us=1000002 interval_ns=1000002528 state=Locked missed=0 (pico_gnss pico-gnss-rs/src/main.rs:192)
