0.003981 [INFO ] pico-gnss: start (NMEA on UART0/GP1 @ 9600 baud, PPS on GP2 via PIO, GPSDO) (pico_gnss pico-gnss-rs/src/main.rs:261)
0.006523 [INFO ] PPS count=1 interval_us=0 interval_ns=0 state=First missed=0 (pico_gnss pico-gnss-rs/src/main.rs:161)
0.295804 [INFO ] NMEA $GPGGA,093833.000,0000.0000,N,00000.0000,E,1,8,2.82,28.8,M,39.0,M,,*67 (pico_gnss pico-gnss-rs/src/main.rs:372)
0.354053 [INFO ] NMEA $GNGLL,0000.0000,N,00000.0000,E,093833.000,A,A*44 (pico_gnss pico-gnss-rs/src/main.rs:372)
0.412445 [INFO ] NMEA $GNGSA,A,3,05,20,22,15,14,,,,,,,,2.96,2.82,0.90*16 (pico_gnss pico-gnss-rs/src/main.rs:372)
0.442019 [INFO ] NMEA $GNGSA,A,3,70,73,80,,,,,,,,,,2.96,2.82,0.90*1B (pico_gnss pico-gnss-rs/src/main.rs:372)
0.533470 [INFO ] NMEA $GPGSV,4,1,14,24,81,251,,15,62,047,27,23,46,317,,20,39,067,17*7F (pico_gnss pico-gnss-rs/src/main.rs:372)
0.592106 [INFO ] NMEA $GPGSV,4,2,14,18,37,249,,05,31,140,20,22,18,054,18,12,15,165,16*7B (pico_gnss pico-gnss-rs/src/main.rs:372)
0.650654 [INFO ] NMEA $GPGSV,4,3,14,10,12,317,,14,09,041,18,21,03,135,17,193,,,*76 (pico_gnss pico-gnss-rs/src/main.rs:372)
0.680043 [INFO ] NMEA $GPGSV,4,4,14,194,,,,195,,,*7D (pico_gnss pico-gnss-rs/src/main.rs:372)
0.771471 [INFO ] NMEA $GLGSV,3,1,10,73,53,148,15,71,46,337,,80,44,052,24,70,40,070,25*64 (pico_gnss pico-gnss-rs/src/main.rs:372)
0.830172 [INFO ] NMEA $GLGSV,3,2,10,86,25,266,,87,20,308,,74,13,183,,72,07,300,*62 (pico_gnss pico-gnss-rs/src/main.rs:372)
0.859603 [INFO ] NMEA $GLGSV,3,3,10,85,03,209,,69,01,099,*6F (pico_gnss pico-gnss-rs/src/main.rs:372)
0.946876 [INFO ] NMEA $GNRMC,093833.000,A,0000.0000,N,00000.0000,E,1.12,290.43,080626,,,A*77 (pico_gnss pico-gnss-rs/src/main.rs:372)
0.949173 [INFO ] SYNC pps_local_us=0 unix_s=1780911513 drift_us=0 err_ns=0 holdover_ms=0 (pico_gnss pico-gnss-rs/src/main.rs:403)
0.974021 [INFO ] PPS count=2 interval_us=967604 interval_ns=967604928 state=Locked missed=0 (pico_gnss pico-gnss-rs/src/main.rs:161)
0.976579 [INFO ] NMEA $GPVTG,290.43,T,,M,1.12,N,2.07,K,A*36 (pico_gnss pico-gnss-rs/src/main.rs:372)
1.009226 [INFO ] PPSGEN count=1 interval_ns=999368416 dev_ns=-631584 phase_ns=2518000 (pico_gnss pico-gnss-rs/src/main.rs:246)
1.012357 [INFO ] TIME unix_ns=1780911514005867000 ppb=0 holdover_ms=1005 locked=0 (pico_gnss pico-gnss-rs/src/main.rs:195)
1.034543 [INFO ] NMEA $GPZDA,093833.000,08,06,2026,,*5C (pico_gnss pico-gnss-rs/src/main.rs:372)
1.059691 [INFO ] NMEA $GPGST,093833.000,6.6,29,13,95.1,13,29,24*70 (pico_gnss pico-gnss-rs/src/main.rs:372)
1.234706 [INFO ] NMEA $GPGGA,093834.000,0000.0000,N,00000.0000,E,1,8,2.82,28.9,M,39.0,M,,*65 (pico_gnss pico-gnss-rs/src/main.rs:372)
1.293069 [INFO ] NMEA $GNGLL,0000.0000,N,00000.0000,E,093834.000,A,A*47 (pico_gnss pico-gnss-rs/src/main.rs:372)
1.351482 [INFO ] NMEA $GNGSA,A,3,05,20,22,15,14,,,,,,,,2.96,2.82,0.90*16 (pico_gnss pico-gnss-rs/src/main.rs:372)
1.396402 [INFO ] NMEA $GNGSA,A,3,70,73,80,,,,,,,,,,2.96,2.82,0.90*1B (pico_gnss pico-gnss-rs/src/main.rs:372)
1.455032 [INFO ] NMEA $GPGSV,4,1,14,24,81,251,,15,62,047,27,23,46,317,,20,39,067,17*7F (pico_gnss pico-gnss-rs/src/main.rs:372)
1.542431 [INFO ] NMEA $GPGSV,4,2,14,18,37,249,,05,31,140,20,22,18,054,18,12,15,165,16*7B (pico_gnss pico-gnss-rs/src/main.rs:372)
1.601015 [INFO ] NMEA $GPGSV,4,3,14,10,12,317,,14,09,041,18,21,03,135,17,193,,,*76 (pico_gnss pico-gnss-rs/src/main.rs:372)
1.630345 [INFO ] NMEA $GPGSV,4,4,14,194,,,,195,,,*7D (pico_gnss pico-gnss-rs/src/main.rs:372)
1.693024 [INFO ] NMEA $GLGSV,3,1,10,73,53,148,15,71,46,337,,80,44,052,24,70,40,070,25*64 (pico_gnss pico-gnss-rs/src/main.rs:372)
1.780359 [INFO ] NMEA $GLGSV,3,2,10,86,25,266,,87,20,308,,74,13,183,,72,07,300,*62 (pico_gnss pico-gnss-rs/src/main.rs:372)
1.809850 [INFO ] NMEA $GLGSV,3,3,10,85,03,209,,69,01,099,*6F (pico_gnss pico-gnss-rs/src/main.rs:372)
1.897209 [INFO ] NMEA $GNRMC,093834.000,A,0000.0000,N,00000.0000,E,0.92,313.26,080626,,,A*74 (pico_gnss pico-gnss-rs/src/main.rs:372)
1.899615 [INFO ] SYNC pps_local_us=967604 unix_s=1780911514 drift_us=0 err_ns=-32395072 holdover_ms=967 (pico_gnss pico-gnss-rs/src/main.rs:403)
1.930744 [INFO ] NMEA $GPVTG,313.26,T,,M,0.92,N,1.70,K,A*35 (pico_gnss pico-gnss-rs/src/main.rs:372)
1.960046 [INFO ] NMEA $GPZDA,093834.000,08,06,2026,,*5B (pico_gnss pico-gnss-rs/src/main.rs:372)
1.973986 [INFO ] PPS count=3 interval_us=1000002 interval_ns=1000002400 state=Locked missed=0 (pico_gnss pico-gnss-rs/src/main.rs:161)
1.998540 [INFO ] NMEA $GPGST,093834.000,6.6,29,13,94.7,13,29,24*70 (pico_gnss pico-gnss-rs/src/main.rs:372)
2.009314 [INFO ] PPSGEN count=2 interval_ns=1000000016 dev_ns=16 phase_ns=35146516 (pico_gnss pico-gnss-rs/src/main.rs:246)
2.013852 [INFO ] TIME unix_ns=1780911515039755505 ppb=2400 holdover_ms=1039 locked=0 (pico_gnss pico-gnss-rs/src/main.rs:195)
2.319789 [INFO ] NMEA $GPGGA,093835.000,0000.0000,N,00000.0000,E,1,8,2.82,29.1,M,39.0,M,,*6B (pico_gnss pico-gnss-rs/src/main.rs:372)
2.378112 [INFO ] NMEA $GNGLL,0000.0000,N,00000.0000,E,093835.000,A,A*40 (pico_gnss pico-gnss-rs/src/main.rs:372)
2.434470 [INFO ] NMEA $GNGSA,A,3,05,20,22,15,14,,,,,,,,2.96,2.82,0.90*16 (pico_gnss pico-gnss-rs/src/main.rs:372)
2.464023 [INFO ] NMEA $GNGSA,A,3,70,73,80,,,,,,,,,,2.96,2.82,0.90*1B (pico_gnss pico-gnss-rs/src/main.rs:372)
2.551448 [INFO ] NMEA $GPGSV,4,1,14,24,81,251,,15,62,047,27,23,46,317,,20,39,067,17*7F (pico_gnss pico-gnss-rs/src/main.rs:372)
2.610079 [INFO ] NMEA $GPGSV,4,2,14,18,37,248,,05,31,140,19,22,18,054,18,12,15,165,16*70 (pico_gnss pico-gnss-rs/src/main.rs:372)
2.683011 [INFO ] NMEA $GPGSV,4,3,14,10,12,317,,14,09,041,18,21,03,135,18,193,,,*79 (pico_gnss pico-gnss-rs/src/main.rs:372)
2.702140 [INFO ] NMEA $GPGSV,4,4,14,194,,,,195,,,*7D (pico_gnss pico-gnss-rs/src/main.rs:372)
2.789442 [INFO ] NMEA $GLGSV,3,1,10,73,53,148,17,71,46,337,,80,44,052,24,70,40,070,25*66 (pico_gnss pico-gnss-rs/src/main.rs:372)
2.847999 [INFO ] NMEA $GLGSV,3,2,10,86,25,266,,87,20,308,,74,13,183,,72,07,300,*62 (pico_gnss pico-gnss-rs/src/main.rs:372)
2.906099 [INFO ] NMEA $GLGSV,3,3,10,85,03,209,,69,01,099,*6F (pico_gnss pico-gnss-rs/src/main.rs:372)
2.968792 [INFO ] NMEA $GNRMC,093835.000,A,0000.0000,N,00000.0000,E,0.53,313.26,080626,,,A*7E (pico_gnss pico-gnss-rs/src/main.rs:372)
2.971383 [INFO ] SYNC pps_local_us=1967607 unix_s=1780911515 drift_us=2 err_ns=0 holdover_ms=999 (pico_gnss pico-gnss-rs/src/main.rs:403)
2.974068 [INFO ] PPS count=4 interval_us=1000002 interval_ns=1000002400 state=Locked missed=0 (pico_gnss pico-gnss-rs/src/main.rs:161)
2.998530 [INFO ] NMEA $GPVTG,313.26,T,,M,0.53,N,0.98,K,A*3F (pico_gnss pico-gnss-rs/src/main.rs:372)
3.009283 [INFO ] PPSGEN count=3 interval_ns=1000000032 dev_ns=32 phase_ns=35202516 (pico_gnss pico-gnss-rs/src/main.rs:246)
3.014994 [INFO ] TIME unix_ns=1780911516041099502 ppb=2400 holdover_ms=1041 locked=0 (pico_gnss pico-gnss-rs/src/main.rs:195)
3.056248 [INFO ] NMEA $GPZDA,093835.000,08,06,2026,,*5A (pico_gnss pico-gnss-rs/src/main.rs:372)
3.085711 [INFO ] NMEA $GPGST,093835.000,6.6,29,13,94.8,13,29,24*7E (pico_gnss pico-gnss-rs/src/main.rs:372)
3.114686 [INFO ] NMEA $PMTK001,313,3*31 (pico_gnss pico-gnss-rs/src/main.rs:372)
3.123035 [INFO ] NMEA $PMTK001,301,3*32 (pico_gnss pico-gnss-rs/src/main.rs:372)
3.255230 [INFO ] NMEA $GPGGA,093836.000,0000.0000,N,00000.0000,E,1,8,2.82,29.1,M,39.0,M,,*66 (pico_gnss pico-gnss-rs/src/main.rs:372)
3.298192 [INFO ] NMEA $GNGLL,0000.0000,N,00000.0000,E,093836.000,A,A*4D (pico_gnss pico-gnss-rs/src/main.rs:372)
3.356602 [INFO ] NMEA $GNGSA,A,3,05,20,22,15,14,,,,,,,,2.96,2.82,0.90*16 (pico_gnss pico-gnss-rs/src/main.rs:372)
3.386171 [INFO ] NMEA $GNGSA,A,3,70,73,80,,,,,,,,,,2.96,2.82,0.90*1B (pico_gnss pico-gnss-rs/src/main.rs:372)
3.473519 [INFO ] NMEA $GPGSV,4,1,14,24,81,251,,15,62,047,27,23,46,317,,20,39,067,17*7F (pico_gnss pico-gnss-rs/src/main.rs:372)
3.536257 [INFO ] NMEA $GPGSV,4,2,14,18,37,248,,05,31,140,19,22,18,054,18,12,15,165,16*70 (pico_gnss pico-gnss-rs/src/main.rs:372)
3.594823 [INFO ] NMEA $GPGSV,4,3,14,10,12,317,,14,09,041,18,21,03,135,18,193,,,*79 (pico_gnss pico-gnss-rs/src/main.rs:372)
3.624182 [INFO ] NMEA $GPGSV,4,4,14,194,,,,195,,,*7D (pico_gnss pico-gnss-rs/src/main.rs:372)
3.711527 [INFO ] NMEA $GLGSV,3,1,10,73,53,148,17,71,46,337,,80,44,052,24,70,40,070,25*66 (pico_gnss pico-gnss-rs/src/main.rs:372)
3.770095 [INFO ] NMEA $GLGSV,3,2,10,86,25,266,,87,20,308,,74,13,183,,72,07,300,*62 (pico_gnss pico-gnss-rs/src/main.rs:372)
3.803593 [INFO ] NMEA $GLGSV,3,3,10,85,03,209,,69,01,099,*6F (pico_gnss pico-gnss-rs/src/main.rs:372)
3.894159 [INFO ] NMEA $GNRMC,093836.000,A,0000.0000,N,00000.0000,E,0.75,294.87,080626,,,A*72 (pico_gnss pico-gnss-rs/src/main.rs:372)
3.896759 [INFO ] SYNC pps_local_us=2967609 unix_s=1780911516 drift_us=2 err_ns=0 holdover_ms=1000 (pico_gnss pico-gnss-rs/src/main.rs:403)
3.923869 [INFO ] NMEA $GPVTG,294.87,T,,M,0.75,N,1.39,K,A*34 (pico_gnss pico-gnss-rs/src/main.rs:372)
3.952886 [INFO ] NMEA $GPZDA,093836.000,08,06,2026,,*59 (pico_gnss pico-gnss-rs/src/main.rs:372)
3.973995 [INFO ] PPS count=5 interval_us=1000002 interval_ns=1000002400 state=Locked missed=0 (pico_gnss pico-gnss-rs/src/main.rs:161)
4.009321 [INFO ] PPSGEN count=4 interval_ns=1000002416 dev_ns=2416 phase_ns=35131516 (pico_gnss pico-gnss-rs/src/main.rs:246)
4.011275 [INFO ] NMEA $GPGST,093836.000,6.6,29,13,95.7,13,29,24*73 (pico_gnss pico-gnss-rs/src/main.rs:372)
4.016194 [INFO ] TIME unix_ns=1780911517042131499 ppb=2400 holdover_ms=1042 locked=0 (pico_gnss pico-gnss-rs/src/main.rs:195)
4.024797 [INFO ] NMEA $PMTK001,286,3*3C (pico_gnss pico-gnss-rs/src/main.rs:372)
4.321506 [INFO ] NMEA $GPGGA,093837.000,0000.0000,N,00000.0000,E,1,8,2.82,29.2,M,39.0,M,,*61 (pico_gnss pico-gnss-rs/src/main.rs:372)
4.379917 [INFO ] NMEA $GNGLL,0000.0000,N,00000.0000,E,093837.000,A,A*49 (pico_gnss pico-gnss-rs/src/main.rs:372)
4.427646 [INFO ] NMEA $GNGSA,A,3,05,20,22,15,14,,,,,,,,2.96,2.82,0.90*16 (pico_gnss pico-gnss-rs/src/main.rs:372)
4.485343 [INFO ] NMEA $GNGSA,A,3,70,73,80,,,,,,,,,,2.96,2.82,0.90*1B (pico_gnss pico-gnss-rs/src/main.rs:372)
4.559288 [INFO ] NMEA $GPGSV,4,1,14,24,81,251,,15,62,047,27,23,46,317,,20,39,068,17*70 (pico_gnss pico-gnss-rs/src/main.rs:372)
4.617975 [INFO ] NMEA $GPGSV,4,2,14,18,37,248,,05,31,140,19,22,18,054,18,12,15,165,16*70 (pico_gnss pico-gnss-rs/src/main.rs:372)
4.705299 [INFO ] NMEA $GPGSV,4,3,14,10,12,317,,14,09,041,18,21,03,135,18,193,,,*79 (pico_gnss pico-gnss-rs/src/main.rs:372)
4.734664 [INFO ] NMEA $GPGSV,4,4,14,194,,,,195,,,*7D (pico_gnss pico-gnss-rs/src/main.rs:372)
4.793217 [INFO ] NMEA $GLGSV,3,1,10,73,53,148,17,71,46,337,,80,44,052,24,70,40,070,25*66 (pico_gnss pico-gnss-rs/src/main.rs:372)
4.855884 [INFO ] NMEA $GLGSV,3,2,10,86,25,266,,87,20,308,,74,13,183,,72,07,300,*62 (pico_gnss pico-gnss-rs/src/main.rs:372)
4.914033 [INFO ] NMEA $GLGSV,3,3,10,85,03,209,,69,01,099,*6F (pico_gnss pico-gnss-rs/src/main.rs:372)
4.972599 [INFO ] NMEA $GNRMC,093837.000,A,0000.0000,N,00000.0000,E,0.56,294.87,080626,,,A*77 (pico_gnss pico-gnss-rs/src/main.rs:372)
4.974339 [INFO ] PPS count=6 interval_us=1000002 interval_ns=1000002400 state=Locked missed=0 (pico_gnss pico-gnss-rs/src/main.rs:161)
4.976550 [INFO ] SYNC pps_local_us=3967612 unix_s=1780911517 drift_us=2 err_ns=0 holdover_ms=999 (pico_gnss pico-gnss-rs/src/main.rs:403)
5.009332 [INFO ] PPSGEN count=5 interval_ns=1000002432 dev_ns=2432 phase_ns=35217516 (pico_gnss pico-gnss-rs/src/main.rs:246)
5.017325 [INFO ] TIME unix_ns=1780911518043431496 ppb=2400 holdover_ms=1043 locked=0 (pico_gnss pico-gnss-rs/src/main.rs:195)
5.031025 [INFO ] NMEA $GPVTG,294.87,T,,M,0.56,N,1.04,K,A*3B (pico_gnss pico-gnss-rs/src/main.rs:372)
5.060081 [INFO ] NMEA $GPZDA,093837.000,08,06,2026,,*58 (pico_gnss pico-gnss-rs/src/main.rs:372)
5.093484 [INFO ] NMEA $GPGST,093837.000,6.6,30,13,95.7,13,30,24*72 (pico_gnss pico-gnss-rs/src/main.rs:372)
5.122556 [INFO ] NMEA $PMTK001,314,3*36 (pico_gnss pico-gnss-rs/src/main.rs:372)
5.180964 [INFO ] NMEA $PMTK705,MT3333_AXN5.1.9_MODULE_STD_F0,0014,Taiyo_9600bps,*12 (pico_gnss pico-gnss-rs/src/main.rs:372)
5.181916 [INFO ] FW $PMTK705,MT3333_AXN5.1.9_MODULE_STD_F0,0014,Taiyo_9600bps,*12 (pico_gnss pico-gnss-rs/src/main.rs:376)
5.268444 [INFO ] NMEA $GPGGA,093838.000,0000.0000,N,00000.0000,E,1,8,2.82,29.2,M,39.0,M,,*69 (pico_gnss pico-gnss-rs/src/main.rs:372)
5.326809 [INFO ] NMEA $GNGLL,0000.0000,N,00000.0000,E,093838.000,A,A*41 (pico_gnss pico-gnss-rs/src/main.rs:372)
5.360565 [INFO ] NMEA $GNGSA,A,3,05,20,22,15,14,,,,,,,,2.96,2.82,0.90*16 (pico_gnss pico-gnss-rs/src/main.rs:372)
5.418879 [INFO ] NMEA $GNGSA,A,3,70,73,80,,,,,,,,,,2.96,2.82,0.90*1B (pico_gnss pico-gnss-rs/src/main.rs:372)
5.477478 [INFO ] NMEA $GPGSV,4,1,14,24,81,251,,15,62,047,27,23,46,317,,20,39,068,17*70 (pico_gnss pico-gnss-rs/src/main.rs:372)
5.564921 [INFO ] NMEA $GPGSV,4,2,14,18,37,248,,05,31,140,18,22,18,054,18,12,15,165,16*71 (pico_gnss pico-gnss-rs/src/main.rs:372)
5.627521 [INFO ] NMEA $GPGSV,4,3,14,10,12,317,,14,09,041,18,21,03,135,18,193,,,*79 (pico_gnss pico-gnss-rs/src/main.rs:372)
5.656913 [INFO ] NMEA $GPGSV,4,4,14,194,,,,195,,,*7D (pico_gnss pico-gnss-rs/src/main.rs:372)
5.744250 [INFO ] NMEA $GLGSV,3,1,10,73,53,148,17,71,46,337,,80,44,052,24,70,40,070,25*66 (pico_gnss pico-gnss-rs/src/main.rs:372)
5.802855 [INFO ] NMEA $GLGSV,3,2,10,86,25,266,,87,20,308,,74,13,183,,72,07,300,*62 (pico_gnss pico-gnss-rs/src/main.rs:372)
5.832330 [INFO ] NMEA $GLGSV,3,3,10,85,03,209,,69,01,099,*6F (pico_gnss pico-gnss-rs/src/main.rs:372)
5.923740 [INFO ] NMEA $GNRMC,093838.000,A,0000.0000,N,00000.0000,E,1.48,305.59,080626,,,A*7B (pico_gnss pico-gnss-rs/src/main.rs:372)
5.926319 [INFO ] SYNC pps_local_us=4967614 unix_s=1780911518 drift_us=2 err_ns=0 holdover_ms=1000 (pico_gnss pico-gnss-rs/src/main.rs:403)
5.953449 [INFO ] NMEA $GPVTG,305.59,T,,M,1.48,N,2.75,K,A*3A (pico_gnss pico-gnss-rs/src/main.rs:372)
5.974019 [INFO ] PPS count=7 interval_us=1000002 interval_ns=1000002400 state=Locked missed=0 (pico_gnss pico-gnss-rs/src/main.rs:161)
5.982653 [INFO ] NMEA $GPZDA,093838.000,08,06,2026,,*57 (pico_gnss pico-gnss-rs/src/main.rs:372)
6.009282 [INFO ] PPSGEN count=6 interval_ns=1000002416 dev_ns=2416 phase_ns=34857517 (pico_gnss pico-gnss-rs/src/main.rs:246)
6.018541 [INFO ] TIME unix_ns=1780911519044183494 ppb=2400 holdover_ms=1044 locked=0 (pico_gnss pico-gnss-rs/src/main.rs:195)
6.028534 [INFO ] NMEA $GPGST,093838.000,6.6,30,13,95.5,13,30,24*7F (pico_gnss pico-gnss-rs/src/main.rs:372)
6.233723 [INFO ] NMEA $GPGGA,093839.000,0000.0000,N,00000.0000,E,1,8,2.82,29.3,M,39.0,M,,*6B (pico_gnss pico-gnss-rs/src/main.rs:372)
6.282846 [INFO ] NMEA $GNGLL,0000.0000,N,00000.0000,E,093839.000,A,A*42 (pico_gnss pico-gnss-rs/src/main.rs:372)
6.341184 [INFO ] NMEA $GNGSA,A,3,05,20,22,15,14,,,,,,,,2.96,2.82,0.90*16 (pico_gnss pico-gnss-rs/src/main.rs:372)
6.399557 [INFO ] NMEA $GNGSA,A,3,70,73,80,,,,,,,,,,2.96,2.82,0.90*1B (pico_gnss pico-gnss-rs/src/main.rs:372)
6.458136 [INFO ] NMEA $GPGSV,4,1,14,24,81,251,,15,62,047,27,23,46,317,,20,39,068,17*70 (pico_gnss pico-gnss-rs/src/main.rs:372)
6.545443 [INFO ] NMEA $GPGSV,4,2,14,18,37,248,,05,31,140,18,22,18,053,18,12,15,165,16*76 (pico_gnss pico-gnss-rs/src/main.rs:372)
6.608224 [INFO ] NMEA $GPGSV,4,3,14,10,12,317,,14,09,041,18,21,03,135,18,193,,,*79 (pico_gnss pico-gnss-rs/src/main.rs:372)
6.637623 [INFO ] NMEA $GPGSV,4,4,14,194,,,,195,,,*7D (pico_gnss pico-gnss-rs/src/main.rs:372)
6.696136 [INFO ] NMEA $GLGSV,3,1,10,73,53,148,17,71,46,337,,80,44,052,24,70,40,070,24*67 (pico_gnss pico-gnss-rs/src/main.rs:372)
6.754730 [INFO ] NMEA $GLGSV,3,2,10,86,25,266,,87,20,308,,74,13,183,,72,07,300,*62 (pico_gnss pico-gnss-rs/src/main.rs:372)
6.817050 [INFO ] NMEA $GLGSV,3,3,10,85,03,209,,69,01,099,*6F (pico_gnss pico-gnss-rs/src/main.rs:372)
6.875742 [INFO ] NMEA $GNRMC,093839.000,A,0000.0000,N,00000.0000,E,3.08,321.97,080626,,,A*7A (pico_gnss pico-gnss-rs/src/main.rs:372)
6.878299 [INFO ] SYNC pps_local_us=5967616 unix_s=1780911519 drift_us=2 err_ns=0 holdover_ms=999 (pico_gnss pico-gnss-rs/src/main.rs:403)
6.933868 [INFO ] NMEA $GPVTG,321.97,T,,M,3.08,N,5.71,K,A*3B (pico_gnss pico-gnss-rs/src/main.rs:372)
6.963175 [INFO ] NMEA $GPZDA,093839.000,08,06,2026,,*56 (pico_gnss pico-gnss-rs/src/main.rs:372)
6.974002 [INFO ] PPS count=8 interval_us=1000002 interval_ns=1000002400 state=Locked missed=0 (pico_gnss pico-gnss-rs/src/main.rs:161)
6.997480 [INFO ] NMEA $GPGST,093839.000,6.6,30,13,95.6,13,30,24*7D (pico_gnss pico-gnss-rs/src/main.rs:372)
7.009329 [INFO ] PPSGEN count=7 interval_ns=1000002432 dev_ns=2432 phase_ns=35189516 (pico_gnss pico-gnss-rs/src/main.rs:246)
7.019674 [INFO ] TIME unix_ns=1780911520045761491 ppb=2400 holdover_ms=1045 locked=0 (pico_gnss pico-gnss-rs/src/main.rs:195)
7.319868 [INFO ] NMEA $GPGGA,093840.000,0000.0000,N,00000.0000,E,1,8,2.82,29.4,M,39.0,M,,*6C (pico_gnss pico-gnss-rs/src/main.rs:372)
7.378187 [INFO ] NMEA $GNGLL,0000.0000,N,00000.0000,E,093840.000,A,A*42 (pico_gnss pico-gnss-rs/src/main.rs:372)
7.436595 [INFO ] NMEA $GNGSA,A,3,05,20,22,15,14,,,,,,,,2.96,2.82,0.90*16 (pico_gnss pico-gnss-rs/src/main.rs:372)
7.466237 [INFO ] NMEA $GNGSA,A,3,70,73,80,,,,,,,,,,2.96,2.82,0.90*1B (pico_gnss pico-gnss-rs/src/main.rs:372)
7.553528 [INFO ] NMEA $GPGSV,4,1,14,24,81,251,,15,62,047,27,23,47,317,,20,39,068,17*71 (pico_gnss pico-gnss-rs/src/main.rs:372)
7.616280 [INFO ] NMEA $GPGSV,4,2,14,18,37,248,,05,31,140,18,22,18,053,18,12,15,165,16*76 (pico_gnss pico-gnss-rs/src/main.rs:372)
7.674820 [INFO ] NMEA $GPGSV,4,3,14,10,12,317,,14,09,041,18,21,03,135,18,193,,,*79 (pico_gnss pico-gnss-rs/src/main.rs:372)
7.704189 [INFO ] NMEA $GPGSV,4,4,14,194,,,,195,,,*7D (pico_gnss pico-gnss-rs/src/main.rs:372)
7.791534 [INFO ] NMEA $GLGSV,3,1,10,73,53,148,16,71,46,337,,80,44,052,24,70,40,070,24*66 (pico_gnss pico-gnss-rs/src/main.rs:372)
7.854224 [INFO ] NMEA $GLGSV,3,2,10,86,25,266,,87,20,308,,74,13,183,,72,07,300,*62 (pico_gnss pico-gnss-rs/src/main.rs:372)
7.883685 [INFO ] NMEA $GLGSV,3,3,10,85,03,209,,69,01,099,*6F (pico_gnss pico-gnss-rs/src/main.rs:372)
7.970898 [INFO ] NMEA $GNRMC,093840.000,A,0000.0000,N,00000.0000,E,2.25,315.12,080626,,,A*7E (pico_gnss pico-gnss-rs/src/main.rs:372)
7.974173 [INFO ] PPS count=9 interval_us=1000002 interval_ns=1000002400 state=Locked missed=0 (pico_gnss pico-gnss-rs/src/main.rs:161)
7.974932 [INFO ] SYNC pps_local_us=6967619 unix_s=1780911520 drift_us=2 err_ns=0 holdover_ms=999 (pico_gnss pico-gnss-rs/src/main.rs:403)
8.000587 [INFO ] NMEA $GPVTG,315.12,T,,M,2.25,N,4.16,K,A*3F (pico_gnss pico-gnss-rs/src/main.rs:372)
8.009292 [INFO ] PPSGEN count=8 interval_ns=1000002416 dev_ns=2416 phase_ns=35220516 (pico_gnss pico-gnss-rs/src/main.rs:246)
8.020785 [INFO ] TIME unix_ns=1780911521046881488 ppb=2400 holdover_ms=1046 locked=0 (pico_gnss pico-gnss-rs/src/main.rs:195)
8.029959 [INFO ] NMEA $GPZDA,093840.000,08,06,2026,,*58 (pico_gnss pico-gnss-rs/src/main.rs:372)
8.081683 [INFO ] NMEA $GPGST,093840.000,6.6,29,12,95.8,13,29,21*79 (pico_gnss pico-gnss-rs/src/main.rs:372)
8.257046 [INFO ] NMEA $GPGGA,093841.000,0000.0000,N,00000.0000,E,1,8,2.82,29.5,M,39.0,M,,*67 (pico_gnss pico-gnss-rs/src/main.rs:372)
8.286690 [INFO ] NMEA $GNGLL,0000.0000,N,00000.0000,E,093841.000,A,A*48 (pico_gnss pico-gnss-rs/src/main.rs:372)
8.345024 [INFO ] NMEA $GNGSA,A,3,05,20,22,15,14,,,,,,,,2.96,2.82,0.90*16 (pico_gnss pico-gnss-rs/src/main.rs:372)
8.403337 [INFO ] NMEA $GNGSA,A,3,70,73,80,,,,,,,,,,2.96,2.82,0.90*1B (pico_gnss pico-gnss-rs/src/main.rs:372)
8.466067 [INFO ] NMEA $GPGSV,4,1,14,24,82,255,,15,62,047,27,23,47,317,,20,39,068,17*76 (pico_gnss pico-gnss-rs/src/main.rs:372)
8.553480 [INFO ] NMEA $GPGSV,4,2,14,18,37,248,,05,31,140,18,22,18,053,18,12,15,165,16*76 (pico_gnss pico-gnss-rs/src/main.rs:372)
8.612073 [INFO ] NMEA $GPGSV,4,3,14,10,12,317,,14,09,041,18,21,03,135,18,193,,,*79 (pico_gnss pico-gnss-rs/src/main.rs:372)
8.641430 [INFO ] NMEA $GPGSV,4,4,14,194,,,,195,,,*7D (pico_gnss pico-gnss-rs/src/main.rs:372)
8.699973 [INFO ] NMEA $GLGSV,3,1,10,73,53,148,16,71,46,337,,80,44,052,24,70,40,070,24*66 (pico_gnss pico-gnss-rs/src/main.rs:372)
8.762646 [INFO ] NMEA $GLGSV,3,2,10,86,25,266,,87,20,308,,74,13,183,,72,07,300,*62 (pico_gnss pico-gnss-rs/src/main.rs:372)
8.820834 [INFO ] NMEA $GLGSV,3,3,10,85,03,209,,69,01,099,*6F (pico_gnss pico-gnss-rs/src/main.rs:372)
8.879527 [INFO ] NMEA $GNRMC,093841.000,A,0000.0000,N,00000.0000,E,1.28,281.56,080626,,,A*76 (pico_gnss pico-gnss-rs/src/main.rs:372)
8.882103 [INFO ] SYNC pps_local_us=7967621 unix_s=1780911521 drift_us=2 err_ns=0 holdover_ms=1000 (pico_gnss pico-gnss-rs/src/main.rs:403)
8.937667 [INFO ] NMEA $GPVTG,281.56,T,,M,1.28,N,2.36,K,A*39 (pico_gnss pico-gnss-rs/src/main.rs:372)
8.966958 [INFO ] NMEA $GPZDA,093841.000,08,06,2026,,*59 (pico_gnss pico-gnss-rs/src/main.rs:372)
8.974017 [INFO ] PPS count=10 interval_us=1000002 interval_ns=1000002384 state=Locked missed=0 (pico_gnss pico-gnss-rs/src/main.rs:161)
8.979931 [INFO ] PPSGEN count=9 interval_ns=970693696 dev_ns=-29306304 phase_ns=5779587 (pico_gnss pico-gnss-rs/src/main.rs:246)
9.007427 [INFO ] NMEA $GPGST,093841.000,6.6,29,12,96.0,12,29,22*71 (pico_gnss pico-gnss-rs/src/main.rs:372)
9.021926 [INFO ] TIME unix_ns=1780911522047855486 ppb=2400 holdover_ms=1047 locked=1 (pico_gnss pico-gnss-rs/src/main.rs:195)
9.326800 [INFO ] NMEA $GPGGA,093842.000,0000.0000,N,00000.0000,E,1,8,2.82,29.6,M,39.0,M,,*67 (pico_gnss pico-gnss-rs/src/main.rs:372)
9.385178 [INFO ] NMEA $GNGLL,0000.0000,N,00000.0000,E,093842.000,A,A*4B (pico_gnss pico-gnss-rs/src/main.rs:372)
9.443572 [INFO ] NMEA $GNGSA,A,3,05,20,22,15,14,,,,,,,,2.96,2.82,0.90*16 (pico_gnss pico-gnss-rs/src/main.rs:372)
9.473156 [INFO ] NMEA $GNGSA,A,3,70,73,80,,,,,,,,,,2.96,2.82,0.90*1B (pico_gnss pico-gnss-rs/src/main.rs:372)
9.560483 [INFO ] NMEA $GPGSV,4,1,14,24,82,255,,15,62,047,26,23,47,317,,20,39,068,17*77 (pico_gnss pico-gnss-rs/src/main.rs:372)
9.619126 [INFO ] NMEA $GPGSV,4,2,14,18,37,248,,05,31,140,18,22,18,053,18,12,15,165,16*76 (pico_gnss pico-gnss-rs/src/main.rs:372)
9.677713 [INFO ] NMEA $GPGSV,4,3,14,10,12,317,,14,09,041,18,21,03,135,18,193,,,*79 (pico_gnss pico-gnss-rs/src/main.rs:372)
9.735744 [INFO ] NMEA $GPGSV,4,4,14,194,,,,195,,,*7D (pico_gnss pico-gnss-rs/src/main.rs:372)
9.798510 [INFO ] NMEA $GLGSV,3,1,10,73,53,148,15,71,46,337,,80,44,052,24,70,40,070,24*65 (pico_gnss pico-gnss-rs/src/main.rs:372)
9.857044 [INFO ] NMEA $GLGSV,3,2,10,86,25,266,,87,20,308,,74,13,183,,72,07,300,*62 (pico_gnss pico-gnss-rs/src/main.rs:372)
9.886510 [INFO ] NMEA $GLGSV,3,3,10,85,03,209,,69,01,099,*6F (pico_gnss pico-gnss-rs/src/main.rs:372)
9.974031 [INFO ] PPS count=11 interval_us=1000002 interval_ns=1000002400 state=Locked missed=0 (pico_gnss pico-gnss-rs/src/main.rs:161)
9.975133 [INFO ] NMEA $GNRMC,093842.000,A,0000.0000,N,00000.0000,E,0.61,288.80,080626,,,A*7B (pico_gnss pico-gnss-rs/src/main.rs:372)
9.977692 [INFO ] SYNC pps_local_us=9967626 unix_s=1780911522 drift_us=2 err_ns=-15 holdover_ms=1999 (pico_gnss pico-gnss-rs/src/main.rs:403)
9.979981 [INFO ] PPSGEN count=10 interval_ns=1000002432 dev_ns=2432 phase_ns=5987986 (pico_gnss pico-gnss-rs/src/main.rs:246)
10.003528 [INFO ] NMEA $GPVTG,288.80,T,,M,0.61,N,1.12,K,A*32 (pico_gnss pico-gnss-rs/src/main.rs:372)
10.023123 [INFO ] TIME unix_ns=1780911522049147883 ppb=2400 holdover_ms=49 locked=1 (pico_gnss pico-gnss-rs/src/main.rs:195)
10.065206 [INFO ] NMEA $GPZDA,093842.000,08,06,2026,,*5A (pico_gnss pico-gnss-rs/src/main.rs:372)
10.090736 [INFO ] NMEA $GPGST,093842.000,6.6,30,12,96.0,12,30,23*73 (pico_gnss pico-gnss-rs/src/main.rs:372)
10.251679 [INFO ] NMEA $GPGGA,093843.000,0000.0000,N,00000.0000,E,1,8,2.82,29.8,M,39.0,M,,*60 (pico_gnss pico-gnss-rs/src/main.rs:372)
10.310065 [INFO ] NMEA $GNGLL,0000.0000,N,00000.0000,E,093843.000,A,A*42 (pico_gnss pico-gnss-rs/src/main.rs:372)
10.368404 [INFO ] NMEA $GNGSA,A,3,05,20,22,15,14,,,,,,,,2.96,2.82,0.90*16 (pico_gnss pico-gnss-rs/src/main.rs:372)
10.409284 [INFO ] NMEA $GNGSA,A,3,70,73,80,,,,,,,,,,2.96,2.82,0.90*1B (pico_gnss pico-gnss-rs/src/main.rs:372)
10.467899 [INFO ] NMEA $GPGSV,4,1,14,24,82,255,,15,62,047,27,23,47,317,,20,39,068,17*76 (pico_gnss pico-gnss-rs/src/main.rs:372)
10.555314 [INFO ] NMEA $GPGSV,4,2,14,18,37,248,,05,31,140,18,22,18,053,18,12,15,165,16*76 (pico_gnss pico-gnss-rs/src/main.rs:372)
10.613878 [INFO ] NMEA $GPGSV,4,3,14,10,12,317,,14,09,041,18,21,03,135,18,193,,,*79 (pico_gnss pico-gnss-rs/src/main.rs:372)
10.647252 [INFO ] NMEA $GPGSV,4,4,14,194,,,,195,,,*7D (pico_gnss pico-gnss-rs/src/main.rs:372)
10.705916 [INFO ] NMEA $GLGSV,3,1,10,73,53,148,15,71,46,337,,80,44,052,24,70,40,070,24*65 (pico_gnss pico-gnss-rs/src/main.rs:372)
10.793234 [INFO ] NMEA $GLGSV,3,2,10,86,25,266,,87,20,308,,74,13,183,,72,07,300,*62 (pico_gnss pico-gnss-rs/src/main.rs:372)
10.822741 [INFO ] NMEA $GLGSV,3,3,10,85,03,209,,69,01,099,*6F (pico_gnss pico-gnss-rs/src/main.rs:372)
10.914367 [INFO ] NMEA $GNRMC,093843.000,A,0000.0000,N,00000.0000,E,1.35,315.66,080626,,,A*7F (pico_gnss pico-gnss-rs/src/main.rs:372)
10.943967 [INFO ] NMEA $GPVTG,315.66,T,,M,1.35,N,2.51,K,A*3B (pico_gnss pico-gnss-rs/src/main.rs:372)
10.973133 [INFO ] NMEA $GPZDA,093843.000,08,06,2026,,*5B (pico_gnss pico-gnss-rs/src/main.rs:372)
10.974482 [INFO ] PPS count=12 interval_us=1000002 interval_ns=1000002400 state=Locked missed=0 (pico_gnss pico-gnss-rs/src/main.rs:161)
10.980029 [INFO ] PPSGEN count=11 interval_ns=1000002416 dev_ns=2416 phase_ns=5909587 (pico_gnss pico-gnss-rs/src/main.rs:246)
11.015805 [INFO ] NMEA $GPGST,093843.000,6.5,30,12,95.8,13,30,24*7C (pico_gnss pico-gnss-rs/src/main.rs:372)
11.024279 [INFO ] TIME unix_ns=1780911523050299480 ppb=2400 holdover_ms=1050 locked=1 (pico_gnss pico-gnss-rs/src/main.rs:195)
11.364713 [INFO ] NMEA $GPGGA,093844.000,0000.0000,N,00000.0000,E,1,8,2.82,29.9,M,39.0,M,,*63 (pico_gnss pico-gnss-rs/src/main.rs:372)
11.423049 [INFO ] NMEA $GNGLL,0000.0000,N,00000.0000,E,093844.000,A,A*40 (pico_gnss pico-gnss-rs/src/main.rs:372)
11.475245 [INFO ] NMEA $GNGSA,A,3,05,20,22,15,14,,,,,,,,2.96,2.82,0.90*16 (pico_gnss pico-gnss-rs/src/main.rs:372)
11.533608 [INFO ] NMEA $GNGSA,A,3,70,73,80,,,,,,,,,,2.96,2.82,0.90*1B (pico_gnss pico-gnss-rs/src/main.rs:372)
11.592206 [INFO ] NMEA $GPGSV,4,1,14,24,82,255,,15,62,047,27,23,47,317,16,20,39,068,17*71 (pico_gnss pico-gnss-rs/src/main.rs:372)
11.650860 [INFO ] NMEA $GPGSV,4,2,14,18,37,248,,05,31,140,18,22,18,053,18,12,15,165,17*77 (pico_gnss pico-gnss-rs/src/main.rs:372)
11.742297 [INFO ] NMEA $GPGSV,4,3,14,10,12,317,,14,09,041,17,21,03,135,18,193,,,*76 (pico_gnss pico-gnss-rs/src/main.rs:372)
11.771694 [INFO ] NMEA $GPGSV,4,4,14,194,,,,195,,,*7D (pico_gnss pico-gnss-rs/src/main.rs:372)
11.830285 [INFO ] NMEA $GLGSV,3,1,10,73,53,148,15,71,46,337,,80,44,052,24,70,40,070,24*65 (pico_gnss pico-gnss-rs/src/main.rs:372)
11.888779 [INFO ] NMEA $GLGSV,3,2,10,86,25,266,,87,20,308,,74,13,183,,72,07,300,*62 (pico_gnss pico-gnss-rs/src/main.rs:372)
11.946846 [INFO ] NMEA $GLGSV,3,3,10,85,03,209,,69,01,099,*6F (pico_gnss pico-gnss-rs/src/main.rs:372)
11.974018 [INFO ] PPS count=13 interval_us=1000002 interval_ns=1000002400 state=Locked missed=0 (pico_gnss pico-gnss-rs/src/main.rs:161)
11.980018 [INFO ] PPSGEN count=12 interval_ns=1000002432 dev_ns=2432 phase_ns=5906187 (pico_gnss pico-gnss-rs/src/main.rs:246)
12.010677 [INFO ] NMEA $GNRMC,093844.000,A,0000.0000,N,00000.0000,E,0.42,315.66,080626,,,A*7C (pico_gnss pico-gnss-rs/src/main.rs:372)
12.013252 [INFO ] SYNC pps_local_us=11967631 unix_s=1780911524 drift_us=2 err_ns=1 holdover_ms=2000 (pico_gnss pico-gnss-rs/src/main.rs:403)
12.025464 [INFO ] TIME unix_ns=1780911524051514877 ppb=2400 holdover_ms=51 locked=1 (pico_gnss pico-gnss-rs/src/main.rs:195)
12.068752 [INFO ] NMEA $GPVTG,315.66,T,,M,0.42,N,0.78,K,A*33 (pico_gnss pico-gnss-rs/src/main.rs:372)
12.098036 [INFO ] NMEA $GPZDA,093844.000,08,06,2026,,*5C (pico_gnss pico-gnss-rs/src/main.rs:372)
12.127438 [INFO ] NMEA $GPGST,093844.000,6.5,31,13,95.8,13,31,25*7B (pico_gnss pico-gnss-rs/src/main.rs:372)
12.397703 [INFO ] NMEA $GPGGA,093845.000,0000.0000,N,00000.0000,E,1,8,2.82,30.0,M,39.0,M,,*67 (pico_gnss pico-gnss-rs/src/main.rs:372)
12.459121 [INFO ] NMEA $GNGLL,0000.0000,N,00000.0000,E,093845.000,A,A*45 (pico_gnss pico-gnss-rs/src/main.rs:372)
12.517550 [INFO ] NMEA $GNGSA,A,3,05,20,22,15,14,,,,,,,,2.96,2.82,0.90*16 (pico_gnss pico-gnss-rs/src/main.rs:372)
12.547158 [INFO ] NMEA $GNGSA,A,3,70,73,80,,,,,,,,,,2.96,2.82,0.90*1B (pico_gnss pico-gnss-rs/src/main.rs:372)
12.634510 [INFO ] NMEA $GPGSV,4,1,14,24,82,255,,15,62,047,27,23,47,317,14,20,39,068,17*73 (pico_gnss pico-gnss-rs/src/main.rs:372)
12.697258 [INFO ] NMEA $GPGSV,4,2,14,18,37,248,,05,31,140,18,22,18,053,18,12,15,165,17*77 (pico_gnss pico-gnss-rs/src/main.rs:372)
12.755818 [INFO ] NMEA $GPGSV,4,3,14,10,12,317,,14,09,041,16,21,03,135,18,193,,,*77 (pico_gnss pico-gnss-rs/src/main.rs:372)
12.785166 [INFO ] NMEA $GPGSV,4,4,14,194,,,,195,,,*7D (pico_gnss pico-gnss-rs/src/main.rs:372)
12.872504 [INFO ] NMEA $GLGSV,3,1,10,73,53,148,15,71,46,337,,80,44,052,25,70,40,070,25*65 (pico_gnss pico-gnss-rs/src/main.rs:372)
12.930944 [INFO ] NMEA $GLGSV,3,2,10,86,25,266,,87,20,308,,74,13,183,,72,07,300,*62 (pico_gnss pico-gnss-rs/src/main.rs:372)
12.964414 [INFO ] NMEA $GLGSV,3,3,10,85,03,209,,69,01,099,*6F (pico_gnss pico-gnss-rs/src/main.rs:372)
12.974043 [INFO ] PPS count=14 interval_us=1000002 interval_ns=1000002400 state=Locked missed=0 (pico_gnss pico-gnss-rs/src/main.rs:161)
12.979953 [INFO ] PPSGEN count=13 interval_ns=1000002416 dev_ns=2416 phase_ns=5873587 (pico_gnss pico-gnss-rs/src/main.rs:246)
13.026647 [INFO ] TIME unix_ns=1780911525052628475 ppb=2400 holdover_ms=1052 locked=1 (pico_gnss pico-gnss-rs/src/main.rs:195)
13.052033 [INFO ] NMEA $GNRMC,093845.000,A,0000.0000,N,00000.0000,E,0.35,315.66,080626,,,A*79 (pico_gnss pico-gnss-rs/src/main.rs:372)
13.054601 [INFO ] SYNC pps_local_us=12967633 unix_s=1780911525 drift_us=2 err_ns=1 holdover_ms=1000 (pico_gnss pico-gnss-rs/src/main.rs:403)
13.081429 [INFO ] NMEA $GPVTG,315.66,T,,M,0.35,N,0.64,K,A*3E (pico_gnss pico-gnss-rs/src/main.rs:372)
13.139069 [INFO ] NMEA $GPZDA,093845.000,08,06,2026,,*5D (pico_gnss pico-gnss-rs/src/main.rs:372)
13.163574 [INFO ] NMEA $GPGST,093845.000,6.4,31,12,96.2,13,31,25*73 (pico_gnss pico-gnss-rs/src/main.rs:372)
13.360054 [INFO ] NMEA $GPGGA,093846.000,0000.0000,N,00000.0000,E,1,8,2.82,30.0,M,39.0,M,,*60 (pico_gnss pico-gnss-rs/src/main.rs:372)
13.389724 [INFO ] NMEA $GNGLL,0000.0000,N,00000.0000,E,093846.000,A,A*42 (pico_gnss pico-gnss-rs/src/main.rs:372)
13.448080 [INFO ] NMEA $GNGSA,A,3,05,20,22,15,14,,,,,,,,2.96,2.82,0.90*16 (pico_gnss pico-gnss-rs/src/main.rs:372)
13.506397 [INFO ] NMEA $GNGSA,A,3,70,73,80,,,,,,,,,,2.96,2.82,0.90*1B (pico_gnss pico-gnss-rs/src/main.rs:372)
13.565057 [INFO ] NMEA $GPGSV,4,1,14,24,82,255,,15,62,047,27,23,47,317,14,20,39,068,17*73 (pico_gnss pico-gnss-rs/src/main.rs:372)
13.656586 [INFO ] NMEA $GPGSV,4,2,14,18,37,248,,05,31,140,18,22,18,053,18,12,15,165,17*77 (pico_gnss pico-gnss-rs/src/main.rs:372)
13.715169 [INFO ] NMEA $GPGSV,4,3,14,10,12,317,,14,09,041,16,21,03,135,18,193,,,*77 (pico_gnss pico-gnss-rs/src/main.rs:372)
13.744484 [INFO ] NMEA $GPGSV,4,4,14,194,,,,195,,,*7D (pico_gnss pico-gnss-rs/src/main.rs:372)
13.803089 [INFO ] NMEA $GLGSV,3,1,10,73,53,148,16,71,46,337,,80,44,052,25,70,40,070,24*67 (pico_gnss pico-gnss-rs/src/main.rs:372)
13.894453 [INFO ] NMEA $GLGSV,3,2,10,86,25,266,,87,20,308,,74,13,183,,72,07,300,*62 (pico_gnss pico-gnss-rs/src/main.rs:372)
13.923893 [INFO ] NMEA $GLGSV,3,3,10,85,03,209,,69,01,099,*6F (pico_gnss pico-gnss-rs/src/main.rs:372)
13.974025 [INFO ] PPS count=15 interval_us=1000002 interval_ns=1000002400 state=Locked missed=0 (pico_gnss pico-gnss-rs/src/main.rs:161)
13.979913 [INFO ] PPSGEN count=14 interval_ns=1000002432 dev_ns=2432 phase_ns=5855587 (pico_gnss pico-gnss-rs/src/main.rs:246)
14.011233 [INFO ] NMEA $GNRMC,093846.000,A,0000.0000,N,00000.0000,E,1.66,306.46,080626,,,A*79 (pico_gnss pico-gnss-rs/src/main.rs:372)
14.013770 [INFO ] SYNC pps_local_us=13967636 unix_s=1780911526 drift_us=2 err_ns=1 holdover_ms=999 (pico_gnss pico-gnss-rs/src/main.rs:403)
14.027888 [INFO ] TIME unix_ns=1780911526053927871 ppb=2400 holdover_ms=53 locked=1 (pico_gnss pico-gnss-rs/src/main.rs:195)
14.040873 [INFO ] NMEA $GPVTG,306.46,T,,M,1.66,N,3.08,K,A*30 (pico_gnss pico-gnss-rs/src/main.rs:372)
14.069901 [INFO ] NMEA $GPZDA,093846.000,08,06,2026,,*5E (pico_gnss pico-gnss-rs/src/main.rs:372)
14.113723 [INFO ] NMEA $GPGST,093846.000,6.4,31,12,96.0,13,31,24*73 (pico_gnss pico-gnss-rs/src/main.rs:372)
14.303745 [INFO ] NMEA $GPGGA,093847.000,0000.0000,N,00000.0000,E,1,9,1.22,30.0,M,39.0,M,,*67 (pico_gnss pico-gnss-rs/src/main.rs:372)
14.362101 [INFO ] NMEA $GNGLL,0000.0000,N,00000.0000,E,093847.000,A,A*4D (pico_gnss pico-gnss-rs/src/main.rs:372)
14.420556 [INFO ] NMEA $GNGSA,A,3,05,23,20,22,15,14,,,,,,,1.50,1.22,0.88*1E (pico_gnss pico-gnss-rs/src/main.rs:372)
14.450141 [INFO ] NMEA $GNGSA,A,3,70,73,80,,,,,,,,,,1.50,1.22,0.88*12 (pico_gnss pico-gnss-rs/src/main.rs:372)
14.534408 [INFO ] NMEA $GPGSV,4,1,14,24,82,255,,15,62,047,27,23,47,317,14,20,39,068,18*7C (pico_gnss pico-gnss-rs/src/main.rs:372)
14.593054 [INFO ] NMEA $GPGSV,4,2,14,18,37,248,,05,31,140,18,22,18,053,18,12,15,165,16*76 (pico_gnss pico-gnss-rs/src/main.rs:372)
14.680366 [INFO ] NMEA $GPGSV,4,3,14,10,12,317,,14,09,041,16,21,03,135,18,193,,,*77 (pico_gnss pico-gnss-rs/src/main.rs:372)
14.709739 [INFO ] NMEA $GPGSV,4,4,14,194,,,,195,,,*7D (pico_gnss pico-gnss-rs/src/main.rs:372)
14.772422 [INFO ] NMEA $GLGSV,3,1,10,73,53,148,16,71,46,337,,80,44,052,25,70,40,070,25*66 (pico_gnss pico-gnss-rs/src/main.rs:372)
14.830976 [INFO ] NMEA $GLGSV,3,2,10,86,25,266,,87,20,308,,74,13,183,,72,07,300,*62 (pico_gnss pico-gnss-rs/src/main.rs:372)
14.889139 [INFO ] NMEA $GLGSV,3,3,10,85,03,209,,69,01,099,*6F (pico_gnss pico-gnss-rs/src/main.rs:372)
14.947719 [INFO ] NMEA $GNRMC,093847.000,A,0000.0000,N,00000.0000,E,1.53,311.82,080626,,,A*7E (pico_gnss pico-gnss-rs/src/main.rs:372)
14.974150 [INFO ] PPS count=16 interval_us=1000002 interval_ns=1000002400 state=Locked missed=0 (pico_gnss pico-gnss-rs/src/main.rs:161)
14.980121 [INFO ] PPSGEN count=15 interval_ns=1000002416 dev_ns=2416 phase_ns=5902587 (pico_gnss pico-gnss-rs/src/main.rs:246)
15.006140 [INFO ] NMEA $GPVTG,311.82,T,,M,1.53,N,2.83,K,A*3A (pico_gnss pico-gnss-rs/src/main.rs:372)
15.029062 [INFO ] TIME unix_ns=1780911527055075469 ppb=2400 holdover_ms=1055 locked=1 (pico_gnss pico-gnss-rs/src/main.rs:195)
15.039223 [INFO ] NMEA $GPZDA,093847.000,08,06,2026,,*5F (pico_gnss pico-gnss-rs/src/main.rs:372)
15.068694 [INFO ] NMEA $GPGST,093847.000,6.3,30,12,96.1,13,30,26*76 (pico_gnss pico-gnss-rs/src/main.rs:372)
15.267777 [INFO ] NMEA $GPGGA,093848.000,0000.0000,N,00000.0000,E,1,9,1.22,30.1,M,39.0,M,,*6A (pico_gnss pico-gnss-rs/src/main.rs:372)
15.326138 [INFO ] NMEA $GNGLL,0000.0000,N,00000.0000,E,093848.000,A,A*41 (pico_gnss pico-gnss-rs/src/main.rs:372)
15.384592 [INFO ] NMEA $GNGSA,A,3,05,23,20,22,15,14,,,,,,,1.50,1.22,0.88*1E (pico_gnss pico-gnss-rs/src/main.rs:372)
15.418269 [INFO ] NMEA $GNGSA,A,3,70,73,80,,,,,,,,,,1.50,1.22,0.88*12 (pico_gnss pico-gnss-rs/src/main.rs:372)
15.505655 [INFO ] NMEA $GPGSV,4,1,14,24,82,255,,15,62,047,27,23,47,317,14,20,39,068,19*7D (pico_gnss pico-gnss-rs/src/main.rs:372)
15.564292 [INFO ] NMEA $GPGSV,4,2,14,18,37,248,,05,31,140,18,22,18,053,18,12,15,165,15*75 (pico_gnss pico-gnss-rs/src/main.rs:372)
15.622860 [INFO ] NMEA $GPGSV,4,3,14,10,12,317,,14,09,041,16,21,03,135,18,193,,,*77 (pico_gnss pico-gnss-rs/src/main.rs:372)
15.680851 [INFO ] NMEA $GPGSV,4,4,14,194,,,,195,,,*7D (pico_gnss pico-gnss-rs/src/main.rs:372)
15.743661 [INFO ] NMEA $GLGSV,3,1,10,73,53,148,16,71,46,337,,80,44,052,25,70,40,070,25*66 (pico_gnss pico-gnss-rs/src/main.rs:372)
15.802245 [INFO ] NMEA $GLGSV,3,2,10,86,25,266,,87,20,308,,74,13,183,,72,07,300,*62 (pico_gnss pico-gnss-rs/src/main.rs:372)
15.831698 [INFO ] NMEA $GLGSV,3,3,10,85,03,209,,69,01,099,*6F (pico_gnss pico-gnss-rs/src/main.rs:372)
15.919035 [INFO ] NMEA $GNRMC,093848.000,A,0000.0000,N,00000.0000,E,1.33,283.63,080626,,,A*71 (pico_gnss pico-gnss-rs/src/main.rs:372)
15.921617 [INFO ] SYNC pps_local_us=14967638 unix_s=1780911528 drift_us=2 err_ns=1 holdover_ms=1000 (pico_gnss pico-gnss-rs/src/main.rs:403)
15.952565 [INFO ] NMEA $GPVTG,283.63,T,,M,1.33,N,2.47,K,A*31 (pico_gnss pico-gnss-rs/src/main.rs:372)
15.974037 [INFO ] PPS count=17 interval_us=1000002 interval_ns=1000002384 state=Locked missed=0 (pico_gnss pico-gnss-rs/src/main.rs:161)
15.979924 [INFO ] PPSGEN count=16 interval_ns=1000002432 dev_ns=2432 phase_ns=5821587 (pico_gnss pico-gnss-rs/src/main.rs:246)
16.010578 [INFO ] NMEA $GPZDA,093848.000,08,06,2026,,*50 (pico_gnss pico-gnss-rs/src/main.rs:372)
16.030262 [INFO ] TIME unix_ns=1780911529056218467 ppb=2399 holdover_ms=1056 locked=1 (pico_gnss pico-gnss-rs/src/main.rs:195)
16.036318 [INFO ] NMEA $GPGST,093848.000,6.3,30,12,96.2,13,30,26*7A (pico_gnss pico-gnss-rs/src/main.rs:372)
16.392787 [INFO ] NMEA $GPGGA,093849.000,0000.0000,N,00000.0000,E,1,9,1.22,30.3,M,39.0,M,,*64 (pico_gnss pico-gnss-rs/src/main.rs:372)
16.451139 [INFO ] NMEA $GNGLL,0000.0000,N,00000.0000,E,093849.000,A,A*4D (pico_gnss pico-gnss-rs/src/main.rs:372)
16.492103 [INFO ] NMEA $GNGSA,A,3,05,23,20,22,15,14,,,,,,,1.50,1.22,0.88*1E (pico_gnss pico-gnss-rs/src/main.rs:372)
16.550414 [INFO ] NMEA $GNGSA,A,3,70,73,80,,,,,,,,,,1.50,1.22,0.88*12 (pico_gnss pico-gnss-rs/src/main.rs:372)
16.637767 [INFO ] NMEA $GPGSV,4,1,14,24,82,255,,15,62,047,27,23,47,317,14,20,39,068,19*7D (pico_gnss pico-gnss-rs/src/main.rs:372)
16.696469 [INFO ] NMEA $GPGSV,4,2,14,18,37,248,,05,31,140,18,22,18,053,18,12,15,165,16*76 (pico_gnss pico-gnss-rs/src/main.rs:372)
16.759172 [INFO ] NMEA $GPGSV,4,3,14,10,12,317,,14,09,041,15,21,03,135,17,193,,,*7B (pico_gnss pico-gnss-rs/src/main.rs:372)
16.788505 [INFO ] NMEA $GPGSV,4,4,14,194,,,,195,,,*7D (pico_gnss pico-gnss-rs/src/main.rs:372)
16.875843 [INFO ] NMEA $GLGSV,3,1,10,73,53,148,16,71,46,337,,80,44,052,25,70,40,070,27*64 (pico_gnss pico-gnss-rs/src/main.rs:372)
16.934297 [INFO ] NMEA $GLGSV,3,2,10,86,25,266,,87,20,308,,74,13,183,,72,07,300,*62 (pico_gnss pico-gnss-rs/src/main.rs:372)
16.963698 [INFO ] NMEA $GLGSV,3,3,10,85,03,209,,69,01,099,*6F (pico_gnss pico-gnss-rs/src/main.rs:372)
16.970816 [INFO ] PPSGEN count=17 interval_ns=990790576 dev_ns=-9209424 phase_ns=-3341790 (pico_gnss pico-gnss-rs/src/main.rs:246)
16.973974 [INFO ] PPS count=18 interval_us=1000002 interval_ns=1000002416 state=Locked missed=0 (pico_gnss pico-gnss-rs/src/main.rs:161)
17.031507 [INFO ] TIME unix_ns=1780911530057395064 ppb=2400 holdover_ms=2057 locked=1 (pico_gnss pico-gnss-rs/src/main.rs:195)
17.055351 [INFO ] NMEA $GNRMC,093849.000,A,0000.0000,N,00000.0000,E,0.92,259.36,080626,,,A*70 (pico_gnss pico-gnss-rs/src/main.rs:372)
17.057915 [INFO ] SYNC pps_local_us=16967643 unix_s=1780911529 drift_us=2 err_ns=1 holdover_ms=1999 (pico_gnss pico-gnss-rs/src/main.rs:403)
17.084768 [INFO ] NMEA $GPVTG,259.36,T,,M,0.92,N,1.71,K,A*3A (pico_gnss pico-gnss-rs/src/main.rs:372)
17.113823 [INFO ] NMEA $GPZDA,093849.000,08,06,2026,,*51 (pico_gnss pico-gnss-rs/src/main.rs:372)
17.160569 [INFO ] NMEA $GPGST,093849.000,6.3,28,13,95.8,13,28,26*73 (pico_gnss pico-gnss-rs/src/main.rs:372)
17.360783 [INFO ] NMEA $GPGGA,093850.000,0000.0000,N,00000.0000,E,1,9,1.22,30.5,M,39.0,M,,*6A (pico_gnss pico-gnss-rs/src/main.rs:372)
17.408916 [INFO ] NMEA $GNGLL,0000.0000,N,00000.0000,E,093850.000,A,A*45 (pico_gnss pico-gnss-rs/src/main.rs:372)
17.467301 [INFO ] NMEA $GNGSA,A,3,05,23,20,22,15,14,,,,,,,1.50,1.22,0.88*1E (pico_gnss pico-gnss-rs/src/main.rs:372)
17.525648 [INFO ] NMEA $GNGSA,A,3,70,73,80,,,,,,,,,,1.50,1.22,0.88*12 (pico_gnss pico-gnss-rs/src/main.rs:372)
17.584261 [INFO ] NMEA $GPGSV,4,1,14,24,82,255,,15,62,047,27,23,47,317,14,20,39,068,19*7D (pico_gnss pico-gnss-rs/src/main.rs:372)
17.675791 [INFO ] NMEA $GPGSV,4,2,14,18,37,248,,05,31,140,18,22,18,053,18,12,15,165,16*76 (pico_gnss pico-gnss-rs/src/main.rs:372)
17.734351 [INFO ] NMEA $GPGSV,4,3,14,10,12,317,,14,09,041,15,21,03,135,17,193,,,*7B (pico_gnss pico-gnss-rs/src/main.rs:372)
17.763705 [INFO ] NMEA $GPGSV,4,4,14,194,,,,195,,,*7D (pico_gnss pico-gnss-rs/src/main.rs:372)
17.822270 [INFO ] NMEA $GLGSV,3,1,10,73,53,148,16,71,46,337,,80,44,052,25,70,40,070,24*67 (pico_gnss pico-gnss-rs/src/main.rs:372)
17.909489 [INFO ] NMEA $GLGSV,3,2,10,86,25,266,,87,20,308,,74,13,183,,72,07,300,*62 (pico_gnss pico-gnss-rs/src/main.rs:372)
17.943006 [INFO ] NMEA $GLGSV,3,3,10,85,03,209,,69,01,099,*6F (pico_gnss pico-gnss-rs/src/main.rs:372)
17.970805 [INFO ] PPSGEN count=18 interval_ns=1000002416 dev_ns=2416 phase_ns=-3275391 (pico_gnss pico-gnss-rs/src/main.rs:246)
17.974049 [INFO ] PPS count=19 interval_us=1000002 interval_ns=1000002384 state=Locked missed=0 (pico_gnss pico-gnss-rs/src/main.rs:161)
18.001837 [INFO ] NMEA $GNRMC,093850.000,A,0000.0000,N,00000.0000,E,1.11,315.26,080626,,,A*7A (pico_gnss pico-gnss-rs/src/main.rs:372)
18.004375 [INFO ] SYNC pps_local_us=17967645 unix_s=1780911530 drift_us=2 err_ns=-15 holdover_ms=1000 (pico_gnss pico-gnss-rs/src/main.rs:403)
18.032772 [INFO ] TIME unix_ns=1780911530058731860 ppb=2399 holdover_ms=58 locked=1 (pico_gnss pico-gnss-rs/src/main.rs:195)
18.059967 [INFO ] NMEA $GPVTG,315.26,T,,M,1.11,N,2.07,K,A*3A (pico_gnss pico-gnss-rs/src/main.rs:372)
18.089050 [INFO ] NMEA $GPZDA,093850.000,08,06,2026,,*59 (pico_gnss pico-gnss-rs/src/main.rs:372)
18.128505 [INFO ] NMEA $GPGST,093850.000,6.4,27,13,95.4,13,27,26*70 (pico_gnss pico-gnss-rs/src/main.rs:372)
18.380570 [INFO ] NMEA $GPGGA,093851.000,0000.0000,N,00000.0000,E,1,9,1.22,30.7,M,39.0,M,,*69 (pico_gnss pico-gnss-rs/src/main.rs:372)
18.438934 [INFO ] NMEA $GNGLL,0000.0000,N,00000.0000,E,093851.000,A,A*44 (pico_gnss pico-gnss-rs/src/main.rs:372)
18.497356 [INFO ] NMEA $GNGSA,A,3,05,23,20,22,15,14,,,,,,,1.50,1.22,0.88*1E (pico_gnss pico-gnss-rs/src/main.rs:372)
18.555672 [INFO ] NMEA $GNGSA,A,3,70,73,80,,,,,,,,,,1.50,1.22,0.88*12 (pico_gnss pico-gnss-rs/src/main.rs:372)
18.614322 [INFO ] NMEA $GPGSV,4,1,14,24,82,255,,15,62,047,27,23,47,317,13,20,39,068,19*7A (pico_gnss pico-gnss-rs/src/main.rs:372)
18.677045 [INFO ] NMEA $GPGSV,4,2,14,18,37,248,,05,31,140,18,22,18,053,18,12,15,165,16*76 (pico_gnss pico-gnss-rs/src/main.rs:372)
18.764409 [INFO ] NMEA $GPGSV,4,3,14,10,12,317,,14,09,041,16,21,03,135,17,193,,,*78 (pico_gnss pico-gnss-rs/src/main.rs:372)
18.793762 [INFO ] NMEA $GPGSV,4,4,14,194,,,,195,,,*7D (pico_gnss pico-gnss-rs/src/main.rs:372)
18.852356 [INFO ] NMEA $GLGSV,3,1,10,73,53,148,15,71,46,337,,80,44,052,25,70,40,070,25*65 (pico_gnss pico-gnss-rs/src/main.rs:372)
18.914910 [INFO ] NMEA $GLGSV,3,2,10,86,25,266,,87,20,308,,74,13,183,,72,07,300,*62 (pico_gnss pico-gnss-rs/src/main.rs:372)
18.970852 [INFO ] PPSGEN count=19 interval_ns=1000002416 dev_ns=2416 phase_ns=-3301391 (pico_gnss pico-gnss-rs/src/main.rs:246)
18.973313 [INFO ] NMEA $GLGSV,3,3,10,85,03,209,,69,01,099,*6F (pico_gnss pico-gnss-rs/src/main.rs:372)
18.974686 [INFO ] PPS count=20 interval_us=1000002 interval_ns=1000002400 state=Locked missed=0 (pico_gnss pico-gnss-rs/src/main.rs:161)
19.031622 [INFO ] NMEA $GNRMC,093851.000,A,0000.0000,N,00000.0000,E,0.73,14.55,080626,,,A*48 (pico_gnss pico-gnss-rs/src/main.rs:372)
19.034411 [INFO ] SYNC pps_local_us=18967648 unix_s=1780911531 drift_us=2 err_ns=1 holdover_ms=1000 (pico_gnss pico-gnss-rs/src/main.rs:403)
19.036005 [INFO ] TIME unix_ns=1780911531061384853 ppb=2399 holdover_ms=61 locked=1 (pico_gnss pico-gnss-rs/src/main.rs:195)
19.061336 [INFO ] NMEA $GPVTG,14.55,T,,M,0.73,N,1.35,K,A*0B (pico_gnss pico-gnss-rs/src/main.rs:372)
19.118921 [INFO ] NMEA $GPZDA,093851.000,08,06,2026,,*58 (pico_gnss pico-gnss-rs/src/main.rs:372)
19.149659 [INFO ] NMEA $GPGST,093851.000,6.4,26,13,95.0,13,26,26*75 (pico_gnss pico-gnss-rs/src/main.rs:372)
19.351863 [INFO ] NMEA $GPGGA,093852.000,0000.0000,N,00000.0000,E,1,8,1.32,30.8,M,39.0,M,,*60 (pico_gnss pico-gnss-rs/src/main.rs:372)
19.410257 [INFO ] NMEA $GNGLL,0000.0000,N,00000.0000,E,093852.000,A,A*42 (pico_gnss pico-gnss-rs/src/main.rs:372)
19.468674 [INFO ] NMEA $GNGSA,A,3,05,23,20,22,15,14,,,,,,,1.59,1.32,0.88*16 (pico_gnss pico-gnss-rs/src/main.rs:372)
19.498261 [INFO ] NMEA $GNGSA,A,3,70,80,,,,,,,,,,,1.59,1.32,0.88*1E (pico_gnss pico-gnss-rs/src/main.rs:372)
19.560926 [INFO ] NMEA $GPGSV,4,1,14,24,82,255,,15,62,047,27,23,47,317,13,20,39,068,19*7A (pico_gnss pico-gnss-rs/src/main.rs:372)
19.648343 [INFO ] NMEA $GPGSV,4,2,14,18,37,248,,05,31,140,18,22,18,053,18,12,15,165,16*76 (pico_gnss pico-gnss-rs/src/main.rs:372)
19.706882 [INFO ] NMEA $GPGSV,4,3,14,10,12,317,,14,09,041,16,21,03,135,17,193,,,*78 (pico_gnss pico-gnss-rs/src/main.rs:372)
19.736242 [INFO ] NMEA $GPGSV,4,4,14,194,,,,195,,,*7D (pico_gnss pico-gnss-rs/src/main.rs:372)
19.827727 [INFO ] NMEA $GLGSV,3,1,10,73,53,148,14,71,46,337,,80,44,052,25,70,40,070,25*64 (pico_gnss pico-gnss-rs/src/main.rs:372)
19.886267 [INFO ] NMEA $GLGSV,3,2,10,86,25,266,,87,20,308,,74,13,183,,72,07,300,*62 (pico_gnss pico-gnss-rs/src/main.rs:372)
19.915680 [INFO ] NMEA $GLGSV,3,3,10,85,03,209,,69,01,099,*6F (pico_gnss pico-gnss-rs/src/main.rs:372)
19.970860 [INFO ] PPSGEN count=20 interval_ns=1000002416 dev_ns=2416 phase_ns=-3967389 (pico_gnss pico-gnss-rs/src/main.rs:246)
19.974089 [INFO ] PPS count=21 interval_us=1000002 interval_ns=1000002400 state=Locked missed=0 (pico_gnss pico-gnss-rs/src/main.rs:161)
20.003067 [INFO ] NMEA $GNRMC,093852.000,A,0000.0000,N,00000.0000,E,0.56,14.55,080626,,,A*49 (pico_gnss pico-gnss-rs/src/main.rs:372)
20.005631 [INFO ] SYNC pps_local_us=19967650 unix_s=1780911532 drift_us=2 err_ns=1 holdover_ms=999 (pico_gnss pico-gnss-rs/src/main.rs:403)
20.032571 [INFO ] NMEA $GPVTG,14.55,T,,M,0.56,N,1.04,K,A*0E (pico_gnss pico-gnss-rs/src/main.rs:372)
20.037182 [INFO ] TIME unix_ns=1780911532063123849 ppb=2399 holdover_ms=63 locked=1 (pico_gnss pico-gnss-rs/src/main.rs:195)
20.061838 [INFO ] NMEA $GPZDA,093852.000,08,06,2026,,*5B (pico_gnss pico-gnss-rs/src/main.rs:372)
20.109355 [INFO ] NMEA $GPGST,093852.000,6.4,26,13,94.7,13,26,26*70 (pico_gnss pico-gnss-rs/src/main.rs:372)
20.304923 [INFO ] NMEA $GPGGA,093853.000,0000.0000,N,00000.0000,E,1,8,1.32,31.1,M,39.0,M,,*6C (pico_gnss pico-gnss-rs/src/main.rs:372)
20.363275 [INFO ] NMEA $GNGLL,0000.0000,N,00000.0000,E,093853.000,A,A*46 (pico_gnss pico-gnss-rs/src/main.rs:372)
20.421731 [INFO ] NMEA $GNGSA,A,3,05,23,20,22,15,14,,,,,,,1.59,1.32,0.88*16 (pico_gnss pico-gnss-rs/src/main.rs:372)
20.472825 [INFO ] NMEA $GNGSA,A,3,70,80,,,,,,,,,,,1.59,1.32,0.88*1E (pico_gnss pico-gnss-rs/src/main.rs:372)
20.531436 [INFO ] NMEA $GPGSV,4,1,14,24,82,255,,15,62,047,26,23,47,317,13,20,39,068,19*7B (pico_gnss pico-gnss-rs/src/main.rs:372)
20.618861 [INFO ] NMEA $GPGSV,4,2,14,18,37,248,,05,31,140,18,22,18,053,18,12,15,165,16*76 (pico_gnss pico-gnss-rs/src/main.rs:372)
20.677419 [INFO ] NMEA $GPGSV,4,3,14,10,12,317,,14,09,041,16,21,03,135,17,193,,,*78 (pico_gnss pico-gnss-rs/src/main.rs:372)
20.706782 [INFO ] NMEA $GPGSV,4,4,14,194,,,,195,,,*7D (pico_gnss pico-gnss-rs/src/main.rs:372)
20.769455 [INFO ] NMEA $GLGSV,3,1,10,73,53,148,13,71,46,337,,80,44,052,25,70,40,070,25*63 (pico_gnss pico-gnss-rs/src/main.rs:372)
20.828008 [INFO ] NMEA $GLGSV,3,2,10,86,25,266,,87,20,308,,74,13,183,,72,07,300,*62 (pico_gnss pico-gnss-rs/src/main.rs:372)
20.886162 [INFO ] NMEA $GLGSV,3,3,10,85,03,209,,69,01,099,*6F (pico_gnss pico-gnss-rs/src/main.rs:372)
20.944720 [INFO ] NMEA $GNRMC,093853.000,A,0000.0000,N,00000.0000,E,0.39,14.55,080626,,,A*44 (pico_gnss pico-gnss-rs/src/main.rs:372)
20.970949 [INFO ] PPSGEN count=21 interval_ns=1000002416 dev_ns=2416 phase_ns=-3307391 (pico_gnss pico-gnss-rs/src/main.rs:246)
20.974039 [INFO ] PPS count=22 interval_us=1000002 interval_ns=1000002400 state=Locked missed=0 (pico_gnss pico-gnss-rs/src/main.rs:161)
21.006951 [INFO ] NMEA $GPVTG,14.55,T,,M,0.39,N,0.73,K,A*06 (pico_gnss pico-gnss-rs/src/main.rs:372)
21.036285 [INFO ] NMEA $GPZDA,093853.000,08,06,2026,,*5A (pico_gnss pico-gnss-rs/src/main.rs:372)
21.038409 [INFO ] TIME unix_ns=1780911533064305447 ppb=2399 holdover_ms=1064 locked=1 (pico_gnss pico-gnss-rs/src/main.rs:195)
21.065928 [INFO ] NMEA $GPGST,093853.000,6.4,25,14,94.9,14,25,26*7F (pico_gnss pico-gnss-rs/src/main.rs:372)
21.274989 [INFO ] NMEA $GPGGA,093854.000,0000.0000,N,00000.0000,E,1,8,1.32,31.4,M,39.0,M,,*6E (pico_gnss pico-gnss-rs/src/main.rs:372)
21.333352 [INFO ] NMEA $GNGLL,0000.0000,N,00000.0000,E,093854.000,A,A*41 (pico_gnss pico-gnss-rs/src/main.rs:372)
21.395873 [INFO ] NMEA $GNGSA,A,3,05,23,20,22,15,14,,,,,,,1.59,1.32,0.88*16 (pico_gnss pico-gnss-rs/src/main.rs:372)
21.425474 [INFO ] NMEA $GNGSA,A,3,70,80,,,,,,,,,,,1.59,1.32,0.88*1E (pico_gnss pico-gnss-rs/src/main.rs:372)
21.512796 [INFO ] NMEA $GPGSV,4,1,14,24,82,255,,15,62,047,26,23,47,317,13,20,39,068,19*7B (pico_gnss pico-gnss-rs/src/main.rs:372)
21.571454 [INFO ] NMEA $GPGSV,4,2,14,18,37,248,,05,31,140,18,22,18,053,18,12,15,165,16*76 (pico_gnss pico-gnss-rs/src/main.rs:372)
21.630026 [INFO ] NMEA $GPGSV,4,3,14,10,12,317,,14,09,041,16,21,03,135,17,193,,,*78 (pico_gnss pico-gnss-rs/src/main.rs:372)
21.663437 [INFO ] NMEA $GPGSV,4,4,14,194,,,,195,,,*7D (pico_gnss pico-gnss-rs/src/main.rs:372)
21.750832 [INFO ] NMEA $GLGSV,3,1,10,73,53,148,10,71,46,337,,80,44,052,25,70,40,070,25*60 (pico_gnss pico-gnss-rs/src/main.rs:372)
21.809410 [INFO ] NMEA $GLGSV,3,2,10,86,25,266,,87,20,308,,74,13,183,,72,07,300,*62 (pico_gnss pico-gnss-rs/src/main.rs:372)
21.838871 [INFO ] NMEA $GLGSV,3,3,10,85,03,209,,69,01,099,*6F (pico_gnss pico-gnss-rs/src/main.rs:372)
21.930255 [INFO ] NMEA $GNRMC,093854.000,A,0000.0000,N,00000.0000,E,0.43,14.55,080626,,,A*4E (pico_gnss pico-gnss-rs/src/main.rs:372)
21.932820 [INFO ] SYNC pps_local_us=20967652 unix_s=1780911534 drift_us=2 err_ns=1 holdover_ms=999 (pico_gnss pico-gnss-rs/src/main.rs:403)
21.959948 [INFO ] NMEA $GPVTG,14.55,T,,M,0.43,N,0.80,K,A*07 (pico_gnss pico-gnss-rs/src/main.rs:372)
21.970800 [INFO ] PPSGEN count=22 interval_ns=1000002416 dev_ns=2416 phase_ns=-3284391 (pico_gnss pico-gnss-rs/src/main.rs:246)
21.973997 [INFO ] PPS count=23 interval_us=1000002 interval_ns=1000002400 state=Locked missed=0 (pico_gnss pico-gnss-rs/src/main.rs:161)
21.989241 [INFO ] NMEA $GPZDA,093854.000,08,06,2026,,*5D (pico_gnss pico-gnss-rs/src/main.rs:372)
22.038902 [INFO ] NMEA $GPGST,093854.000,6.5,25,14,95.7,14,25,26*76 (pico_gnss pico-gnss-rs/src/main.rs:372)
22.040676 [INFO ] TIME unix_ns=1780911535066635441 ppb=2399 holdover_ms=1066 locked=1 (pico_gnss pico-gnss-rs/src/main.rs:195)
22.232935 [INFO ] NMEA $GPGGA,093855.000,0000.0000,N,00000.0000,E,1,8,1.32,31.4,M,39.0,M,,*6E (pico_gnss pico-gnss-rs/src/main.rs:372)
22.291207 [INFO ] NMEA $GNGLL,0000.0000,N,00000.0000,E,093855.000,A,A*41 (pico_gnss pico-gnss-rs/src/main.rs:372)
22.336304 [INFO ] NMEA $GNGSA,A,3,05,23,20,22,15,14,,,,,,,1.59,1.32,0.88*16 (pico_gnss pico-gnss-rs/src/main.rs:372)
22.394594 [INFO ] NMEA $GNGSA,A,3,70,80,,,,,,,,,,,1.59,1.32,0.88*1E (pico_gnss pico-gnss-rs/src/main.rs:372)
22.453226 [INFO ] NMEA $GPGSV,4,1,14,24,82,255,,15,62,047,26,23,47,317,13,20,39,068,19*7B (pico_gnss pico-gnss-rs/src/main.rs:372)
22.540633 [INFO ] NMEA $GPGSV,4,2,14,18,37,248,,05,31,140,18,22,18,053,18,12,15,165,16*76 (pico_gnss pico-gnss-rs/src/main.rs:372)
22.603340 [INFO ] NMEA $GPGSV,4,3,14,10,12,317,,14,09,041,16,21,03,135,17,193,,,*78 (pico_gnss pico-gnss-rs/src/main.rs:372)
22.632729 [INFO ] NMEA $GPGSV,4,4,14,194,,,,195,,,*7D (pico_gnss pico-gnss-rs/src/main.rs:372)
22.691244 [INFO ] NMEA $GLGSV,3,1,10,73,53,148,,71,46,337,,80,44,052,25,70,40,070,25*61 (pico_gnss pico-gnss-rs/src/main.rs:372)
22.778552 [INFO ] NMEA $GLGSV,3,2,10,86,25,266,,87,20,308,,74,13,183,,72,07,300,*62 (pico_gnss pico-gnss-rs/src/main.rs:372)
22.808069 [INFO ] NMEA $GLGSV,3,3,10,85,03,209,,69,01,099,*6F (pico_gnss pico-gnss-rs/src/main.rs:372)
22.870820 [INFO ] NMEA $GNRMC,093855.000,A,0000.0000,N,00000.0000,E,1.60,350.32,080626,,,A*7C (pico_gnss pico-gnss-rs/src/main.rs:372)
22.873404 [INFO ] SYNC pps_local_us=21967655 unix_s=1780911535 drift_us=2 err_ns=1 holdover_ms=999 (pico_gnss pico-gnss-rs/src/main.rs:403)
22.928979 [INFO ] NMEA $GPVTG,350.32,T,,M,1.60,N,2.96,K,A*30 (pico_gnss pico-gnss-rs/src/main.rs:372)
22.958257 [INFO ] NMEA $GPZDA,093855.000,08,06,2026,,*5C (pico_gnss pico-gnss-rs/src/main.rs:372)
22.970876 [INFO ] PPSGEN count=23 interval_ns=1000002416 dev_ns=2416 phase_ns=-3263391 (pico_gnss pico-gnss-rs/src/main.rs:246)
22.973994 [INFO ] PPS count=24 interval_us=1000002 interval_ns=1000002384 state=Locked missed=0 (pico_gnss pico-gnss-rs/src/main.rs:161)
22.996800 [INFO ] NMEA $GPGST,093855.000,6.5,25,14,95.8,14,25,26*78 (pico_gnss pico-gnss-rs/src/main.rs:372)
23.041885 [INFO ] TIME unix_ns=1780911536067875439 ppb=2399 holdover_ms=1067 locked=1 (pico_gnss pico-gnss-rs/src/main.rs:195)
23.343068 [INFO ] NMEA $GPGGA,093856.000,0000.0000,N,00000.0000,E,1,8,1.32,31.3,M,39.0,M,,*6B (pico_gnss pico-gnss-rs/src/main.rs:372)
23.399309 [INFO ] NMEA $GNGLL,0000.0000,N,00000.0000,E,093856.000,A,A*43 (pico_gnss pico-gnss-rs/src/main.rs:372)
23.457760 [INFO ] NMEA $GNGSA,A,3,05,23,20,22,15,14,,,,,,,1.59,1.32,0.88*16 (pico_gnss pico-gnss-rs/src/main.rs:372)
23.487299 [INFO ] NMEA $GNGSA,A,3,70,80,,,,,,,,,,,1.59,1.32,0.88*1E (pico_gnss pico-gnss-rs/src/main.rs:372)
23.574669 [INFO ] NMEA $GPGSV,4,1,14,24,82,255,,15,62,047,26,23,47,317,12,20,39,068,19*7A (pico_gnss pico-gnss-rs/src/main.rs:372)
23.637414 [INFO ] NMEA $GPGSV,4,2,14,18,37,248,,05,31,140,17,22,18,053,18,12,15,165,16*79 (pico_gnss pico-gnss-rs/src/main.rs:372)
23.696002 [INFO ] NMEA $GPGSV,4,3,14,10,12,317,,14,09,041,16,21,03,135,17,193,,,*78 (pico_gnss pico-gnss-rs/src/main.rs:372)
23.754053 [INFO ] NMEA $GPGSV,4,4,14,194,,,,195,,,*7D (pico_gnss pico-gnss-rs/src/main.rs:372)
23.812677 [INFO ] NMEA $GLGSV,3,1,10,73,53,148,,71,46,337,,80,44,052,25,70,40,070,25*61 (pico_gnss pico-gnss-rs/src/main.rs:372)
23.871219 [INFO ] NMEA $GLGSV,3,2,10,86,25,266,,87,20,308,,74,13,183,,72,07,300,*62 (pico_gnss pico-gnss-rs/src/main.rs:372)
23.904668 [INFO ] NMEA $GLGSV,3,3,10,85,03,209,,69,01,099,*6F (pico_gnss pico-gnss-rs/src/main.rs:372)
23.970848 [INFO ] PPSGEN count=24 interval_ns=1000002416 dev_ns=2416 phase_ns=-3294789 (pico_gnss pico-gnss-rs/src/main.rs:246)
23.973995 [INFO ] PPS count=25 interval_us=1000002 interval_ns=1000002416 state=Locked missed=0 (pico_gnss pico-gnss-rs/src/main.rs:161)
23.992367 [INFO ] NMEA $GNRMC,093856.000,A,0000.0000,N,00000.0000,E,1.02,328.06,080626,,,A*72 (pico_gnss pico-gnss-rs/src/main.rs:372)
23.994957 [INFO ] SYNC pps_local_us=23967660 unix_s=1780911536 drift_us=2 err_ns=2 holdover_ms=2000 (pico_gnss pico-gnss-rs/src/main.rs:403)
24.021680 [INFO ] NMEA $GPVTG,328.06,T,,M,1.02,N,1.89,K,A*31 (pico_gnss pico-gnss-rs/src/main.rs:372)
24.043108 [INFO ] TIME unix_ns=1780911536069096835 ppb=2399 holdover_ms=69 locked=1 (pico_gnss pico-gnss-rs/src/main.rs:195)
24.079403 [INFO ] NMEA $GPZDA,093856.000,08,06,2026,,*5F (pico_gnss pico-gnss-rs/src/main.rs:372)
24.106996 [INFO ] NMEA $GPGST,093856.000,6.5,25,15,96.6,15,25,26*76 (pico_gnss pico-gnss-rs/src/main.rs:372)
24.316995 [INFO ] NMEA $GPGGA,093857.000,0000.0000,N,00000.0000,E,1,8,1.32,31.2,M,39.0,M,,*61 (pico_gnss pico-gnss-rs/src/main.rs:372)
24.375384 [INFO ] NMEA $GNGLL,0000.0000,N,00000.0000,E,093857.000,A,A*48 (pico_gnss pico-gnss-rs/src/main.rs:372)
24.405126 [INFO ] NMEA $GNGSA,A,3,05,23,20,22,15,14,,,,,,,1.59,1.32,0.88*16 (pico_gnss pico-gnss-rs/src/main.rs:372)
24.463336 [INFO ] NMEA $GNGSA,A,3,70,80,,,,,,,,,,,1.59,1.32,0.88*1E (pico_gnss pico-gnss-rs/src/main.rs:372)
24.550634 [INFO ] NMEA $GPGSV,4,1,14,24,82,255,,15,62,047,26,23,47,317,12,20,39,068,19*7A (pico_gnss pico-gnss-rs/src/main.rs:372)
24.613493 [INFO ] NMEA $GPGSV,4,2,14,18,37,248,,05,31,140,17,22,18,053,18,12,15,165,16*79 (pico_gnss pico-gnss-rs/src/main.rs:372)
24.672084 [INFO ] NMEA $GPGSV,4,3,14,10,12,317,,14,09,041,16,21,03,135,18,193,,,*77 (pico_gnss pico-gnss-rs/src/main.rs:372)
24.701392 [INFO ] NMEA $GPGSV,4,4,14,194,,,,195,,,*7D (pico_gnss pico-gnss-rs/src/main.rs:372)
24.788721 [INFO ] NMEA $GLGSV,3,1,10,73,53,148,,71,46,337,,80,44,052,25,70,40,070,25*61 (pico_gnss pico-gnss-rs/src/main.rs:372)
24.851385 [INFO ] NMEA $GLGSV,3,2,10,86,25,266,,87,20,308,,74,13,183,,72,07,300,*62 (pico_gnss pico-gnss-rs/src/main.rs:372)
24.880837 [INFO ] NMEA $GLGSV,3,3,10,85,03,209,,69,01,099,*6F (pico_gnss pico-gnss-rs/src/main.rs:372)
24.968075 [INFO ] NMEA $GNRMC,093857.000,A,0000.0000,N,00000.0000,E,0.54,328.06,080626,,,A*7B (pico_gnss pico-gnss-rs/src/main.rs:372)
24.972752 [INFO ] PPSGEN count=25 interval_ns=1001805280 dev_ns=1805280 phase_ns=-1437395 (pico_gnss pico-gnss-rs/src/main.rs:246)
24.974155 [INFO ] PPS count=26 interval_us=1000002 interval_ns=1000002400 state=Locked missed=0 (pico_gnss pico-gnss-rs/src/main.rs:161)
24.997855 [INFO ] NMEA $GPVTG,328.06,T,,M,0.54,N,1.00,K,A*32 (pico_gnss pico-gnss-rs/src/main.rs:372)
25.026844 [INFO ] NMEA $GPZDA,093857.000,08,06,2026,,*5E (pico_gnss pico-gnss-rs/src/main.rs:372)
25.044311 [INFO ] TIME unix_ns=1780911537070276433 ppb=2399 holdover_ms=1070 locked=1 (pico_gnss pico-gnss-rs/src/main.rs:195)
25.071788 [INFO ] NMEA $GPGST,093857.000,6.5,26,15,97.4,16,26,26*77 (pico_gnss pico-gnss-rs/src/main.rs:372)
25.257050 [INFO ] NMEA $GPGGA,093858.000,0000.0000,N,00000.0000,E,1,8,1.32,31.2,M,39.0,M,,*6D (pico_gnss pico-gnss-rs/src/main.rs:372)
25.315388 [INFO ] NMEA $GNGLL,0000.0000,N,00000.0000,E,093858.000,A,A*44 (pico_gnss pico-gnss-rs/src/main.rs:372)
25.373843 [INFO ] NMEA $GNGSA,A,3,05,23,20,22,15,14,,,,,,,1.59,1.32,0.88*16 (pico_gnss pico-gnss-rs/src/main.rs:372)
25.403385 [INFO ] NMEA $GNGSA,A,3,70,80,,,,,,,,,,,1.59,1.32,0.88*1E (pico_gnss pico-gnss-rs/src/main.rs:372)
25.486624 [INFO ] NMEA $GPGSV,4,1,14,24,82,255,,15,62,047,26,23,47,317,12,20,39,068,19*7A (pico_gnss pico-gnss-rs/src/main.rs:372)
25.545315 [INFO ] NMEA $GPGSV,4,2,14,18,37,248,,05,31,140,17,22,18,053,18,12,15,165,16*79 (pico_gnss pico-gnss-rs/src/main.rs:372)
25.632622 [INFO ] NMEA $GPGSV,4,3,14,10,12,317,,14,09,041,16,21,03,135,18,193,,,*77 (pico_gnss pico-gnss-rs/src/main.rs:372)
25.661984 [INFO ] NMEA $GPGSV,4,4,14,194,,,,195,,,*7D (pico_gnss pico-gnss-rs/src/main.rs:372)
25.724648 [INFO ] NMEA $GLGSV,3,1,10,73,53,148,,71,46,337,,80,44,052,25,70,40,070,25*61 (pico_gnss pico-gnss-rs/src/main.rs:372)
25.783193 [INFO ] NMEA $GLGSV,3,2,10,86,25,266,,87,20,308,,74,13,183,,72,07,300,*62 (pico_gnss pico-gnss-rs/src/main.rs:372)
25.841406 [INFO ] NMEA $GLGSV,3,3,10,85,03,209,,69,01,099,*6F (pico_gnss pico-gnss-rs/src/main.rs:372)
25.900019 [INFO ] NMEA $GNRMC,093858.000,A,0000.0000,N,00000.0000,E,0.65,344.51,080626,,,A*7D (pico_gnss pico-gnss-rs/src/main.rs:372)
25.902561 [INFO ] SYNC pps_local_us=24967662 unix_s=1780911538 drift_us=2 err_ns=1 holdover_ms=1000 (pico_gnss pico-gnss-rs/src/main.rs:403)
25.958152 [INFO ] NMEA $GPVTG,344.51,T,,M,0.65,N,1.21,K,A*3B (pico_gnss pico-gnss-rs/src/main.rs:372)
25.972619 [INFO ] PPSGEN count=26 interval_ns=1000002416 dev_ns=2416 phase_ns=-1602395 (pico_gnss pico-gnss-rs/src/main.rs:246)
25.974018 [INFO ] PPS count=27 interval_us=1000002 interval_ns=1000002384 state=Locked missed=0 (pico_gnss pico-gnss-rs/src/main.rs:161)
25.991586 [INFO ] NMEA $GPZDA,093858.000,08,06,2026,,*51 (pico_gnss pico-gnss-rs/src/main.rs:372)
26.021220 [INFO ] NMEA $GPGST,093858.000,6.5,26,16,98.4,16,26,26*74 (pico_gnss pico-gnss-rs/src/main.rs:372)
26.045528 [INFO ] TIME unix_ns=1780911539071363430 ppb=2399 holdover_ms=1071 locked=1 (pico_gnss pico-gnss-rs/src/main.rs:195)
26.362845 [INFO ] NMEA $GPGGA,093859.000,0000.0000,N,00000.0000,E,1,8,1.32,31.2,M,39.0,M,,*66 (pico_gnss pico-gnss-rs/src/main.rs:372)
26.421208 [INFO ] NMEA $GNGLL,0000.0000,N,00000.0000,E,093859.000,A,A*4F (pico_gnss pico-gnss-rs/src/main.rs:372)
26.479633 [INFO ] NMEA $GNGSA,A,3,05,23,20,22,15,14,,,,,,,1.59,1.32,0.88*16 (pico_gnss pico-gnss-rs/src/main.rs:372)
26.516304 [INFO ] NMEA $GNGSA,A,3,70,80,,,,,,,,,,,1.59,1.32,0.88*1E (pico_gnss pico-gnss-rs/src/main.rs:372)
26.603698 [INFO ] NMEA $GPGSV,4,1,14,24,82,255,,15,62,047,25,23,47,317,12,20,39,068,19*79 (pico_gnss pico-gnss-rs/src/main.rs:372)
26.662371 [INFO ] NMEA $GPGSV,4,2,14,18,37,248,,05,31,140,17,22,18,053,18,12,15,165,16*79 (pico_gnss pico-gnss-rs/src/main.rs:372)
26.720913 [INFO ] NMEA $GPGSV,4,3,14,10,12,317,,14,09,041,16,21,03,135,19,193,,,*76 (pico_gnss pico-gnss-rs/src/main.rs:372)
26.750303 [INFO ] NMEA $GPGSV,4,4,14,194,,,,195,,,*7D (pico_gnss pico-gnss-rs/src/main.rs:372)
26.841703 [INFO ] NMEA $GLGSV,3,1,10,73,53,148,,71,46,337,,80,44,052,25,70,40,070,26*62 (pico_gnss pico-gnss-rs/src/main.rs:372)
26.900218 [INFO ] NMEA $GLGSV,3,2,10,86,25,266,,87,20,308,,74,13,183,,72,07,300,*62 (pico_gnss pico-gnss-rs/src/main.rs:372)
26.929654 [INFO ] NMEA $GLGSV,3,3,10,85,03,209,,69,01,099,*6F (pico_gnss pico-gnss-rs/src/main.rs:372)
26.972656 [INFO ] PPSGEN count=27 interval_ns=1000002416 dev_ns=2416 phase_ns=-1627793 (pico_gnss pico-gnss-rs/src/main.rs:246)
26.974052 [INFO ] PPS count=28 interval_us=1000002 interval_ns=1000002400 state=Locked missed=0 (pico_gnss pico-gnss-rs/src/main.rs:161)
27.016965 [INFO ] NMEA $GNRMC,093859.000,A,0000.0000,N,00000.0000,E,1.85,356.07,080626,,,A*79 (pico_gnss pico-gnss-rs/src/main.rs:372)
27.019554 [INFO ] SYNC pps_local_us=26967667 unix_s=1780911539 drift_us=2 err_ns=-13 holdover_ms=1999 (pico_gnss pico-gnss-rs/src/main.rs:403)
27.047103 [INFO ] TIME unix_ns=1780911539073007825 ppb=2399 holdover_ms=73 locked=1 (pico_gnss pico-gnss-rs/src/main.rs:195)
27.050670 [INFO ] NMEA $GPVTG,356.07,T,,M,1.85,N,3.44,K,A*35 (pico_gnss pico-gnss-rs/src/main.rs:372)
27.079733 [INFO ] NMEA $GPZDA,093859.000,08,06,2026,,*50 (pico_gnss pico-gnss-rs/src/main.rs:372)
27.126501 [INFO ] NMEA $GPGST,093859.000,6.6,26,16,97.6,16,26,26*7B (pico_gnss pico-gnss-rs/src/main.rs:372)
27.325629 [INFO ] NMEA $GPGGA,093900.000,0000.0000,N,00000.0000,E,1,8,1.32,31.1,M,39.0,M,,*6F (pico_gnss pico-gnss-rs/src/main.rs:372)
27.383993 [INFO ] NMEA $GNGLL,0000.0000,N,00000.0000,E,093900.000,A,A*45 (pico_gnss pico-gnss-rs/src/main.rs:372)
27.432158 [INFO ] NMEA $GNGSA,A,3,05,23,20,22,15,14,,,,,,,1.59,1.32,0.88*16 (pico_gnss pico-gnss-rs/src/main.rs:372)
27.490442 [INFO ] NMEA $GNGSA,A,3,70,80,,,,,,,,,,,1.59,1.32,0.88*1E (pico_gnss pico-gnss-rs/src/main.rs:372)
27.549092 [INFO ] NMEA $GPGSV,4,1,14,24,82,255,,15,62,047,25,23,47,317,13,20,39,068,19*78 (pico_gnss pico-gnss-rs/src/main.rs:372)
27.636500 [INFO ] NMEA $GPGSV,4,2,14,18,37,248,,05,31,140,16,22,18,053,18,12,15,165,15*7B (pico_gnss pico-gnss-rs/src/main.rs:372)
27.699149 [INFO ] NMEA $GPGSV,4,3,14,10,12,317,,14,09,041,13,21,03,135,19,193,,,*73 (pico_gnss pico-gnss-rs/src/main.rs:372)
27.728536 [INFO ] NMEA $GPGSV,4,4,14,194,,,,195,,,*7D (pico_gnss pico-gnss-rs/src/main.rs:372)
27.787035 [INFO ] NMEA $GLGSV,3,1,10,73,53,148,,71,46,337,,80,44,052,25,70,40,070,26*62 (pico_gnss pico-gnss-rs/src/main.rs:372)
27.845607 [INFO ] NMEA $GLGSV,3,2,10,86,25,266,,87,20,308,,74,13,183,,72,07,300,*62 (pico_gnss pico-gnss-rs/src/main.rs:372)
27.903721 [INFO ] NMEA $GLGSV,3,3,10,85,03,209,,69,01,099,*6F (pico_gnss pico-gnss-rs/src/main.rs:372)
27.966418 [INFO ] NMEA $GNRMC,093900.000,A,0000.0000,N,00000.0000,E,2.44,342.69,080626,,,A*70 (pico_gnss pico-gnss-rs/src/main.rs:372)
27.972756 [INFO ] PPSGEN count=28 interval_ns=1000002416 dev_ns=2416 phase_ns=-1463395 (pico_gnss pico-gnss-rs/src/main.rs:246)
27.974161 [INFO ] PPS count=29 interval_us=1000002 interval_ns=1000002384 state=Locked missed=0 (pico_gnss pico-gnss-rs/src/main.rs:161)
28.024596 [INFO ] NMEA $GPVTG,342.69,T,,M,2.44,N,4.53,K,A*37 (pico_gnss pico-gnss-rs/src/main.rs:372)
28.048304 [INFO ] TIME unix_ns=1780911540074246424 ppb=2398 holdover_ms=1074 locked=1 (pico_gnss pico-gnss-rs/src/main.rs:195)
28.054099 [INFO ] NMEA $GPZDA,093900.000,08,06,2026,,*5D (pico_gnss pico-gnss-rs/src/main.rs:372)
28.089198 [INFO ] NMEA $GPGST,093900.000,6.6,27,16,98.0,16,27,26*7F (pico_gnss pico-gnss-rs/src/main.rs:372)
28.282833 [INFO ] NMEA $GPGGA,093901.000,0000.0000,N,00000.0000,E,1,8,1.32,30.7,M,39.0,M,,*6E (pico_gnss pico-gnss-rs/src/main.rs:372)
28.342168 [INFO ] NMEA $GNGLL,0000.0000,N,00000.0000,E,093901.000,A,A*43 (pico_gnss pico-gnss-rs/src/main.rs:372)
28.400639 [INFO ] NMEA $GNGSA,A,3,05,23,20,22,15,14,,,,,,,1.59,1.32,0.88*16 (pico_gnss pico-gnss-rs/src/main.rs:372)
28.430220 [INFO ] NMEA $GNGSA,A,3,70,80,,,,,,,,,,,1.59,1.32,0.88*1E (pico_gnss pico-gnss-rs/src/main.rs:372)
28.517565 [INFO ] NMEA $GPGSV,4,1,14,24,82,255,,15,62,047,25,23,47,317,12,20,39,068,19*79 (pico_gnss pico-gnss-rs/src/main.rs:372)
28.576185 [INFO ] NMEA $GPGSV,4,2,14,18,37,248,,05,31,140,16,22,18,053,18,12,15,165,14*7A (pico_gnss pico-gnss-rs/src/main.rs:372)
28.638862 [INFO ] NMEA $GPGSV,4,3,14,10,12,317,,14,09,041,14,21,03,135,19,193,,,*74 (pico_gnss pico-gnss-rs/src/main.rs:372)
28.668243 [INFO ] NMEA $GPGSV,4,4,14,194,,,,195,,,*7D (pico_gnss pico-gnss-rs/src/main.rs:372)
28.755575 [INFO ] NMEA $GLGSV,3,1,10,73,53,148,,71,46,337,,80,44,052,25,70,40,070,26*62 (pico_gnss pico-gnss-rs/src/main.rs:372)
28.814134 [INFO ] NMEA $GLGSV,3,2,10,86,25,266,,87,20,308,,74,13,183,,72,07,300,*62 (pico_gnss pico-gnss-rs/src/main.rs:372)
28.843595 [INFO ] NMEA $GLGSV,3,3,10,85,03,209,,69,01,099,*6F (pico_gnss pico-gnss-rs/src/main.rs:372)
28.934994 [INFO ] NMEA $GNRMC,093901.000,A,0000.0000,N,00000.0000,E,3.21,334.73,080626,,,A*7E (pico_gnss pico-gnss-rs/src/main.rs:372)
28.937576 [INFO ] SYNC pps_local_us=27967669 unix_s=1780911541 drift_us=2 err_ns=-14 holdover_ms=1000 (pico_gnss pico-gnss-rs/src/main.rs:403)
28.964703 [INFO ] NMEA $GPVTG,334.73,T,,M,3.21,N,5.94,K,A*35 (pico_gnss pico-gnss-rs/src/main.rs:372)
28.972649 [INFO ] PPSGEN count=29 interval_ns=1000002416 dev_ns=2416 phase_ns=-1585394 (pico_gnss pico-gnss-rs/src/main.rs:246)
28.974015 [INFO ] PPS count=30 interval_us=1000002 interval_ns=1000002400 state=Locked missed=0 (pico_gnss pico-gnss-rs/src/main.rs:161)
29.022447 [INFO ] NMEA $GPZDA,093901.000,08,06,2026,,*5C (pico_gnss pico-gnss-rs/src/main.rs:372)
29.046890 [INFO ] NMEA $GPGST,093901.000,6.6,26,16,97.7,16,26,23*73 (pico_gnss pico-gnss-rs/src/main.rs:372)
29.049530 [INFO ] TIME unix_ns=1780911542075363421 ppb=2398 holdover_ms=1075 locked=1 (pico_gnss pico-gnss-rs/src/main.rs:195)
29.225161 [INFO ] NMEA $GPGGA,093902.000,0000.0000,N,00000.0000,E,1,7,3.19,30.6,M,39.0,M,,*64 (pico_gnss pico-gnss-rs/src/main.rs:372)
29.254827 [INFO ] NMEA $GNGLL,0000.0000,N,00000.0000,E,093902.000,A,A*4C (pico_gnss pico-gnss-rs/src/main.rs:372)
29.313165 [INFO ] NMEA $GNGSA,A,3,05,20,22,15,14,,,,,,,,3.31,3.19,0.90*19 (pico_gnss pico-gnss-rs/src/main.rs:372)
29.371434 [INFO ] NMEA $GNGSA,A,3,70,80,,,,,,,,,,,3.31,3.19,0.90*10 (pico_gnss pico-gnss-rs/src/main.rs:372)
29.430066 [INFO ] NMEA $GPGSV,4,1,14,24,82,255,,15,62,047,25,23,47,317,,20,39,068,19*7A (pico_gnss pico-gnss-rs/src/main.rs:372)
29.521566 [INFO ] NMEA $GPGSV,4,2,14,18,37,248,,05,31,140,15,22,18,053,17,12,15,165,14*76 (pico_gnss pico-gnss-rs/src/main.rs:372)
29.580240 [INFO ] NMEA $GPGSV,4,3,14,10,12,317,,14,09,041,13,21,03,135,19,193,,,*73 (pico_gnss pico-gnss-rs/src/main.rs:372)
29.609570 [INFO ] NMEA $GPGSV,4,4,14,194,,,,195,,,*7D (pico_gnss pico-gnss-rs/src/main.rs:372)
29.668132 [INFO ] NMEA $GLGSV,3,1,10,73,53,148,,71,46,337,,80,44,052,25,70,40,070,26*62 (pico_gnss pico-gnss-rs/src/main.rs:372)
29.726667 [INFO ] NMEA $GLGSV,3,2,10,86,25,266,,87,20,308,,74,13,183,,72,07,300,*62 (pico_gnss pico-gnss-rs/src/main.rs:372)
29.788993 [INFO ] NMEA $GLGSV,3,3,10,85,03,209,,69,01,099,*6F (pico_gnss pico-gnss-rs/src/main.rs:372)
29.847725 [INFO ] NMEA $GNRMC,093902.000,A,0000.0000,N,00000.0000,E,2.55,329.16,080626,,,A*7C (pico_gnss pico-gnss-rs/src/main.rs:372)
29.850301 [INFO ] SYNC pps_local_us=28967672 unix_s=1780911542 drift_us=2 err_ns=2 holdover_ms=999 (pico_gnss pico-gnss-rs/src/main.rs:403)
29.905870 [INFO ] NMEA $GPVTG,329.16,T,,M,2.55,N,4.72,K,A*31 (pico_gnss pico-gnss-rs/src/main.rs:372)
29.935173 [INFO ] NMEA $GPZDA,093902.000,08,06,2026,,*5F (pico_gnss pico-gnss-rs/src/main.rs:372)
29.972640 [INFO ] PPSGEN count=30 interval_ns=1000002416 dev_ns=2416 phase_ns=-1495394 (pico_gnss pico-gnss-rs/src/main.rs:246)
29.974293 [INFO ] PPS count=31 interval_us=1000002 interval_ns=1000002400 state=Locked missed=0 (pico_gnss pico-gnss-rs/src/main.rs:161)
29.975585 [INFO ] NMEA $GPGST,093902.000,6.6,26,16,97.2,16,26,24*72 (pico_gnss pico-gnss-rs/src/main.rs:372)
30.050779 [INFO ] TIME unix_ns=1780911543076751418 ppb=2399 holdover_ms=1076 locked=1 (pico_gnss pico-gnss-rs/src/main.rs:195)
30.264951 [INFO ] NMEA $GPGGA,093903.000,0000.0000,N,00000.0000,E,1,7,3.19,30.4,M,39.0,M,,*6B (pico_gnss pico-gnss-rs/src/main.rs:372)
30.323316 [INFO ] NMEA $GNGLL,0000.0000,N,00000.0000,E,093903.000,A,A*41 (pico_gnss pico-gnss-rs/src/main.rs:372)
30.381717 [INFO ] NMEA $GNGSA,A,3,05,20,22,15,14,,,,,,,,3.31,3.19,0.90*19 (pico_gnss pico-gnss-rs/src/main.rs:372)
30.411243 [INFO ] NMEA $GNGSA,A,3,70,80,,,,,,,,,,,3.31,3.19,0.90*10 (pico_gnss pico-gnss-rs/src/main.rs:372)
30.502695 [INFO ] NMEA $GPGSV,4,1,14,24,82,255,,15,62,047,25,23,47,317,,20,39,068,19*7A (pico_gnss pico-gnss-rs/src/main.rs:372)
30.561350 [INFO ] NMEA $GPGSV,4,2,14,18,37,248,,05,31,140,13,22,18,053,17,12,15,165,14*70 (pico_gnss pico-gnss-rs/src/main.rs:372)
30.619911 [INFO ] NMEA $GPGSV,4,3,14,10,12,317,,14,09,041,14,21,03,135,18,193,,,*75 (pico_gnss pico-gnss-rs/src/main.rs:372)
30.649274 [INFO ] NMEA $GPGSV,4,4,14,194,,,,195,,,*7D (pico_gnss pico-gnss-rs/src/main.rs:372)
30.736652 [INFO ] NMEA $GLGSV,3,1,10,73,53,148,,71,46,337,,80,44,052,25,70,40,070,26*62 (pico_gnss pico-gnss-rs/src/main.rs:372)
30.799325 [INFO ] NMEA $GLGSV,3,2,10,86,25,266,,87,20,308,,74,13,183,,72,07,300,*62 (pico_gnss pico-gnss-rs/src/main.rs:372)
30.828785 [INFO ] NMEA $GLGSV,3,3,10,85,03,209,,69,01,099,*6F (pico_gnss pico-gnss-rs/src/main.rs:372)
30.916120 [INFO ] NMEA $GNRMC,093903.000,A,0000.0000,N,00000.0000,E,3.01,339.26,080626,,,A*73 (pico_gnss pico-gnss-rs/src/main.rs:372)
30.918695 [INFO ] SYNC pps_local_us=29967674 unix_s=1780911543 drift_us=2 err_ns=2 holdover_ms=1000 (pico_gnss pico-gnss-rs/src/main.rs:403)
30.945816 [INFO ] NMEA $GPVTG,339.26,T,,M,3.01,N,5.58,K,A*3A (pico_gnss pico-gnss-rs/src/main.rs:372)
30.972694 [INFO ] PPSGEN count=31 interval_ns=1000002416 dev_ns=2416 phase_ns=-1712394 (pico_gnss pico-gnss-rs/src/main.rs:246)
30.974077 [INFO ] PPS count=32 interval_us=1000002 interval_ns=1000002384 state=Locked missed=0 (pico_gnss pico-gnss-rs/src/main.rs:161)
30.976110 [INFO ] NMEA $GPZDA,093903.000,08,06,2026,,*5E (pico_gnss pico-gnss-rs/src/main.rs:372)
31.026060 [INFO ] NMEA $GPGST,093903.000,6.6,26,16,96.6,16,26,24*76 (pico_gnss pico-gnss-rs/src/main.rs:372)
31.051997 [INFO ] TIME unix_ns=1780911544077719416 ppb=2398 holdover_ms=1077 locked=1 (pico_gnss pico-gnss-rs/src/main.rs:195)
31.340892 [INFO ] NMEA $GPGGA,093904.000,0000.0000,N,00000.0000,E,1,6,3.99,30.3,M,39.0,M,,*6E (pico_gnss pico-gnss-rs/src/main.rs:372)
31.399244 [INFO ] NMEA $GNGLL,0000.0000,N,00000.0000,E,093904.000,A,A*4A (pico_gnss pico-gnss-rs/src/main.rs:372)
31.457606 [INFO ] NMEA $GNGSA,A,3,20,22,15,14,,,,,,,,,4.11,3.99,0.99*18 (pico_gnss pico-gnss-rs/src/main.rs:372)
31.487145 [INFO ] NMEA $GNGSA,A,3,70,80,,,,,,,,,,,4.11,3.99,0.99*14 (pico_gnss pico-gnss-rs/src/main.rs:372)
31.564201 [INFO ] NMEA $GPGSV,4,1,14,24,82,255,,15,62,047,25,23,47,317,,20,39,068,19*7A (pico_gnss pico-gnss-rs/src/main.rs:372)
31.622863 [INFO ] NMEA $GPGSV,4,2,14,18,37,248,,05,31,140,14,22,18,053,17,12,15,165,14*77 (pico_gnss pico-gnss-rs/src/main.rs:372)
31.710191 [INFO ] NMEA $GPGSV,4,3,14,10,12,317,,14,09,041,13,21,03,135,18,193,,,*72 (pico_gnss pico-gnss-rs/src/main.rs:372)
31.739557 [INFO ] NMEA $GPGSV,4,4,14,194,,,,195,,,*7D (pico_gnss pico-gnss-rs/src/main.rs:372)
31.802191 [INFO ] NMEA $GLGSV,3,1,10,73,53,148,,71,46,337,,80,44,052,25,70,40,070,26*62 (pico_gnss pico-gnss-rs/src/main.rs:372)
31.860764 [INFO ] NMEA $GLGSV,3,2,10,86,25,266,,87,20,308,,74,13,183,,72,07,300,*62 (pico_gnss pico-gnss-rs/src/main.rs:372)
31.918844 [INFO ] NMEA $GLGSV,3,3,10,85,03,209,,69,01,099,*6F (pico_gnss pico-gnss-rs/src/main.rs:372)
31.972666 [INFO ] PPSGEN count=32 interval_ns=1000002416 dev_ns=2416 phase_ns=-1739791 (pico_gnss pico-gnss-rs/src/main.rs:246)
31.974043 [INFO ] PPS count=33 interval_us=1000002 interval_ns=1000002400 state=Locked missed=0 (pico_gnss pico-gnss-rs/src/main.rs:161)
31.977805 [INFO ] NMEA $GNRMC,093904.000,A,0000.0000,N,00000.0000,E,2.09,339.28,080626,,,A*7F (pico_gnss pico-gnss-rs/src/main.rs:372)
31.980401 [INFO ] SYNC pps_local_us=31967679 unix_s=1780911544 drift_us=2 err_ns=-12 holdover_ms=1999 (pico_gnss pico-gnss-rs/src/main.rs:403)
32.035591 [INFO ] NMEA $GPVTG,339.28,T,,M,2.09,N,3.87,K,A*39 (pico_gnss pico-gnss-rs/src/main.rs:372)
32.053211 [INFO ] TIME unix_ns=1780911544079160811 ppb=2398 holdover_ms=79 locked=1 (pico_gnss pico-gnss-rs/src/main.rs:195)
32.068937 [INFO ] NMEA $GPZDA,093904.000,08,06,2026,,*59 (pico_gnss pico-gnss-rs/src/main.rs:372)
32.098622 [INFO ] NMEA $GPGST,093904.000,6.6,26,16,96.9,16,26,25*7F (pico_gnss pico-gnss-rs/src/main.rs:372)
32.246860 [INFO ] NMEA $GPGGA,093905.000,0000.0000,N,00000.0000,E,1,6,3.99,30.3,M,39.0,M,,*6D (pico_gnss pico-gnss-rs/src/main.rs:372)
32.305226 [INFO ] NMEA $GNGLL,0000.0000,N,00000.0000,E,093905.000,A,A*49 (pico_gnss pico-gnss-rs/src/main.rs:372)
32.363606 [INFO ] NMEA $GNGSA,A,3,20,22,15,14,,,,,,,,,4.11,3.99,0.99*18 (pico_gnss pico-gnss-rs/src/main.rs:372)
32.400307 [INFO ] NMEA $GNGSA,A,3,70,80,,,,,,,,,,,4.11,3.99,0.99*14 (pico_gnss pico-gnss-rs/src/main.rs:372)
32.458884 [INFO ] NMEA $GPGSV,4,1,14,24,82,255,,15,62,047,25,23,47,317,,20,39,068,19*7A (pico_gnss pico-gnss-rs/src/main.rs:372)
32.546319 [INFO ] NMEA $GPGSV,4,2,14,18,37,248,,05,31,140,14,22,18,053,17,12,15,165,14*77 (pico_gnss pico-gnss-rs/src/main.rs:372)
32.604880 [INFO ] NMEA $GPGSV,4,3,14,10,12,317,,14,09,041,13,21,03,135,18,193,,,*72 (pico_gnss pico-gnss-rs/src/main.rs:372)
32.634227 [INFO ] NMEA $GPGSV,4,4,14,194,,,,195,,,*7D (pico_gnss pico-gnss-rs/src/main.rs:372)
32.696877 [INFO ] NMEA $GLGSV,3,1,10,73,53,148,,71,46,337,,80,44,052,25,70,40,070,26*62 (pico_gnss pico-gnss-rs/src/main.rs:372)
32.784226 [INFO ] NMEA $GLGSV,3,2,10,86,25,266,,87,20,308,,74,13,183,,72,07,300,*62 (pico_gnss pico-gnss-rs/src/main.rs:372)
32.813734 [INFO ] NMEA $GLGSV,3,3,10,85,03,209,,69,01,099,*6F (pico_gnss pico-gnss-rs/src/main.rs:372)
32.901057 [INFO ] NMEA $GNRMC,093905.000,A,0000.0000,N,00000.0000,E,1.52,357.42,080626,,,A*75 (pico_gnss pico-gnss-rs/src/main.rs:372)
32.934612 [INFO ] NMEA $GPVTG,357.42,T,,M,1.52,N,2.82,K,A*34 (pico_gnss pico-gnss-rs/src/main.rs:372)
32.963905 [INFO ] NMEA $GPZDA,093905.000,08,06,2026,,*58 (pico_gnss pico-gnss-rs/src/main.rs:372)
32.974317 [INFO ] PPSGEN count=33 interval_ns=1001666400 dev_ns=1666400 phase_ns=146602 (pico_gnss pico-gnss-rs/src/main.rs:246)
32.975428 [INFO ] PPS count=34 interval_us=1000002 interval_ns=1000002400 state=Locked missed=0 (pico_gnss pico-gnss-rs/src/main.rs:161)
33.004513 [INFO ] NMEA $GPGST,093905.000,6.6,26,17,97.1,17,26,25*77 (pico_gnss pico-gnss-rs/src/main.rs:372)
33.054401 [INFO ] TIME unix_ns=1780911545080346410 ppb=2398 holdover_ms=1080 locked=1 (pico_gnss pico-gnss-rs/src/main.rs:195)
33.320794 [INFO ] NMEA $GPGGA,093906.000,0000.0000,N,00000.0000,E,1,7,3.19,30.3,M,39.0,M,,*62 (pico_gnss pico-gnss-rs/src/main.rs:372)
33.379136 [INFO ] NMEA $GNGLL,0000.0000,N,00000.0000,E,093906.000,A,A*4F (pico_gnss pico-gnss-rs/src/main.rs:372)
33.433407 [INFO ] NMEA $GNGSA,A,3,05,20,22,15,14,,,,,,,,3.31,3.19,0.90*19 (pico_gnss pico-gnss-rs/src/main.rs:372)
33.462986 [INFO ] NMEA $GNGSA,A,3,70,80,,,,,,,,,,,3.31,3.19,0.90*10 (pico_gnss pico-gnss-rs/src/main.rs:372)
33.550296 [INFO ] NMEA $GPGSV,4,1,14,24,82,255,,15,62,047,25,23,47,317,,20,39,068,19*7A (pico_gnss pico-gnss-rs/src/main.rs:372)
33.608981 [INFO ] NMEA $GPGSV,4,2,14,18,37,248,,05,31,140,17,22,18,053,17,12,15,165,15*75 (pico_gnss pico-gnss-rs/src/main.rs:372)
33.667486 [INFO ] NMEA $GPGSV,4,3,14,10,12,317,,14,09,041,15,21,03,135,18,193,,,*74 (pico_gnss pico-gnss-rs/src/main.rs:372)
33.700923 [INFO ] NMEA $GPGSV,4,4,14,194,,,,195,,,*7D (pico_gnss pico-gnss-rs/src/main.rs:372)
33.788316 [INFO ] NMEA $GLGSV,3,1,10,73,53,148,,71,46,337,,80,44,052,25,70,40,070,26*62 (pico_gnss pico-gnss-rs/src/main.rs:372)
33.846868 [INFO ] NMEA $GLGSV,3,2,10,86,25,266,,87,20,308,,74,13,183,,72,07,300,*62 (pico_gnss pico-gnss-rs/src/main.rs:372)
33.876326 [INFO ] NMEA $GLGSV,3,3,10,85,03,209,,69,01,099,*6F (pico_gnss pico-gnss-rs/src/main.rs:372)
33.967627 [INFO ] NMEA $GNRMC,093906.000,A,0000.0000,N,00000.0000,E,1.52,351.04,080626,,,A*77 (pico_gnss pico-gnss-rs/src/main.rs:372)
33.970183 [INFO ] SYNC pps_local_us=32967681 unix_s=1780911546 drift_us=2 err_ns=2 holdover_ms=1001 (pico_gnss pico-gnss-rs/src/main.rs:403)
33.974312 [INFO ] PPSGEN count=34 interval_ns=1000002416 dev_ns=2416 phase_ns=-1174395 (pico_gnss pico-gnss-rs/src/main.rs:246)
33.975441 [INFO ] PPS count=35 interval_us=1000002 interval_ns=1000002400 state=Locked missed=0 (pico_gnss pico-gnss-rs/src/main.rs:161)
33.997444 [INFO ] NMEA $GPVTG,351.04,T,,M,1.52,N,2.82,K,A*30 (pico_gnss pico-gnss-rs/src/main.rs:372)
34.055227 [INFO ] NMEA $GPZDA,093906.000,08,06,2026,,*5B (pico_gnss pico-gnss-rs/src/main.rs:372)
34.057119 [INFO ] TIME unix_ns=1780911547081661406 ppb=2398 holdover_ms=1081 locked=1 (pico_gnss pico-gnss-rs/src/main.rs:195)
34.080823 [INFO ] NMEA $GPGST,093906.000,6.6,27,18,96.4,18,27,27*72 (pico_gnss pico-gnss-rs/src/main.rs:372)
34.233790 [INFO ] NMEA $GPGGA,093907.000,0000.0000,N,00000.0000,E,1,7,3.19,30.3,M,39.0,M,,*68 (pico_gnss pico-gnss-rs/src/main.rs:372)
34.292100 [INFO ] NMEA $GNGLL,0000.0000,N,00000.0000,E,093907.000,A,A*45 (pico_gnss pico-gnss-rs/src/main.rs:372)
34.333089 [INFO ] NMEA $GNGSA,A,3,05,20,22,15,14,,,,,,,,3.31,3.19,0.90*19 (pico_gnss pico-gnss-rs/src/main.rs:372)
34.391384 [INFO ] NMEA $GNGSA,A,3,70,80,,,,,,,,,,,3.31,3.19,0.90*10 (pico_gnss pico-gnss-rs/src/main.rs:372)
34.449976 [INFO ] NMEA $GPGSV,4,1,14,24,82,255,,15,62,047,26,23,47,317,,20,39,068,19*79 (pico_gnss pico-gnss-rs/src/main.rs:372)
34.537393 [INFO ] NMEA $GPGSV,4,2,14,18,37,248,,05,31,140,17,22,18,053,17,12,15,165,15*75 (pico_gnss pico-gnss-rs/src/main.rs:372)
34.600067 [INFO ] NMEA $GPGSV,4,3,14,10,12,317,,14,09,041,14,21,03,135,18,193,,,*75 (pico_gnss pico-gnss-rs/src/main.rs:372)
34.629408 [INFO ] NMEA $GPGSV,4,4,14,194,,,,195,,,*7D (pico_gnss pico-gnss-rs/src/main.rs:372)
34.687952 [INFO ] NMEA $GLGSV,3,1,10,73,53,148,,71,46,337,,80,44,052,25,70,40,070,26*62 (pico_gnss pico-gnss-rs/src/main.rs:372)
34.775272 [INFO ] NMEA $GLGSV,3,2,10,86,25,266,,87,20,308,,74,13,183,,72,07,300,*62 (pico_gnss pico-gnss-rs/src/main.rs:372)
34.804783 [INFO ] NMEA $GLGSV,3,3,10,85,03,209,,69,01,099,*6F (pico_gnss pico-gnss-rs/src/main.rs:372)
34.867537 [INFO ] NMEA $GNRMC,093907.000,A,0000.0000,N,00000.0000,E,1.16,348.73,080626,,,A*75 (pico_gnss pico-gnss-rs/src/main.rs:372)
34.870111 [INFO ] SYNC pps_local_us=33967684 unix_s=1780911547 drift_us=2 err_ns=2 holdover_ms=1000 (pico_gnss pico-gnss-rs/src/main.rs:403)
34.925703 [INFO ] NMEA $GPVTG,348.73,T,,M,1.16,N,2.15,K,A*36 (pico_gnss pico-gnss-rs/src/main.rs:372)
34.954988 [INFO ] NMEA $GPZDA,093907.000,08,06,2026,,*5A (pico_gnss pico-gnss-rs/src/main.rs:372)
34.974278 [INFO ] PPSGEN count=35 interval_ns=1000002416 dev_ns=2416 phase_ns=-1255395 (pico_gnss pico-gnss-rs/src/main.rs:246)
34.975419 [INFO ] PPS count=36 interval_us=1000002 interval_ns=1000002384 state=Locked missed=0 (pico_gnss pico-gnss-rs/src/main.rs:161)
34.993520 [INFO ] NMEA $GPGST,093907.000,6.7,27,18,96.7,18,27,28*7E (pico_gnss pico-gnss-rs/src/main.rs:372)
35.058321 [INFO ] TIME unix_ns=1780911548082855404 ppb=2398 holdover_ms=1082 locked=1 (pico_gnss pico-gnss-rs/src/main.rs:195)
35.308744 [INFO ] NMEA $GPGGA,093908.000,0000.0000,N,00000.0000,E,1,7,3.19,30.3,M,39.0,M,,*60 (pico_gnss pico-gnss-rs/src/main.rs:372)
35.365004 [INFO ] NMEA $GNGLL,0000.0000,N,00000.0000,E,093908.000,A,A*4D (pico_gnss pico-gnss-rs/src/main.rs:372)
35.423411 [INFO ] NMEA $GNGSA,A,3,05,20,22,15,14,,,,,,,,3.31,3.19,0.90*19 (pico_gnss pico-gnss-rs/src/main.rs:372)
35.452955 [INFO ] NMEA $GNGSA,A,3,70,80,,,,,,,,,,,3.31,3.19,0.90*10 (pico_gnss pico-gnss-rs/src/main.rs:372)
35.540291 [INFO ] NMEA $GPGSV,4,1,14,24,82,255,,15,62,047,26,23,47,317,,20,39,068,19*79 (pico_gnss pico-gnss-rs/src/main.rs:372)
35.603034 [INFO ] NMEA $GPGSV,4,2,14,18,37,248,,05,31,140,19,22,18,053,17,12,15,165,15*7B (pico_gnss pico-gnss-rs/src/main.rs:372)
35.661608 [INFO ] NMEA $GPGSV,4,3,14,10,12,317,,14,09,041,12,21,03,135,18,193,,,*73 (pico_gnss pico-gnss-rs/src/main.rs:372)
35.690986 [INFO ] NMEA $GPGSV,4,4,14,194,,,,195,,,*7D (pico_gnss pico-gnss-rs/src/main.rs:372)
35.778284 [INFO ] NMEA $GLGSV,3,1,10,73,53,148,,71,46,337,,80,44,052,25,70,40,070,26*62 (pico_gnss pico-gnss-rs/src/main.rs:372)
35.836826 [INFO ] NMEA $GLGSV,3,2,10,86,25,266,,87,20,308,,74,13,183,,72,07,300,*62 (pico_gnss pico-gnss-rs/src/main.rs:372)
35.870353 [INFO ] NMEA $GLGSV,3,3,10,85,03,209,,69,01,099,*6F (pico_gnss pico-gnss-rs/src/main.rs:372)
35.957655 [INFO ] NMEA $GNRMC,093908.000,A,0000.0000,N,00000.0000,E,0.94,346.58,080626,,,A*71 (pico_gnss pico-gnss-rs/src/main.rs:372)
35.960230 [INFO ] SYNC pps_local_us=34967686 unix_s=1780911548 drift_us=2 err_ns=-13 holdover_ms=999 (pico_gnss pico-gnss-rs/src/main.rs:403)
35.974295 [INFO ] PPSGEN count=36 interval_ns=1000002416 dev_ns=2416 phase_ns=-1172394 (pico_gnss pico-gnss-rs/src/main.rs:246)
35.975411 [INFO ] PPS count=37 interval_us=1000002 interval_ns=1000002400 state=Locked missed=0 (pico_gnss pico-gnss-rs/src/main.rs:161)
35.987447 [INFO ] NMEA $GPVTG,346.58,T,,M,0.94,N,1.74,K,A*3E (pico_gnss pico-gnss-rs/src/main.rs:372)
36.016421 [INFO ] NMEA $GPZDA,093908.000,08,06,2026,,*55 (pico_gnss pico-gnss-rs/src/main.rs:372)
36.059578 [INFO ] TIME unix_ns=1780911549084090401 ppb=2398 holdover_ms=1084 locked=1 (pico_gnss pico-gnss-rs/src/main.rs:195)
36.068690 [INFO ] NMEA $GPGST,093908.000,6.7,28,17,96.7,18,28,30*77 (pico_gnss pico-gnss-rs/src/main.rs:372)
36.298997 [INFO ] NMEA $GPGGA,093909.000,0000.0000,N,00000.0000,E,1,7,3.19,30.3,M,39.0,M,,*6B (pico_gnss pico-gnss-rs/src/main.rs:372)
36.328644 [INFO ] NMEA $GNGLL,0000.0000,N,00000.0000,E,093909.000,A,A*46 (pico_gnss pico-gnss-rs/src/main.rs:372)
36.386996 [INFO ] NMEA $GNGSA,A,3,05,20,22,15,14,,,,,,,,3.31,3.19,0.90*19 (pico_gnss pico-gnss-rs/src/main.rs:372)
36.445272 [INFO ] NMEA $GNGSA,A,3,70,80,,,,,,,,,,,3.31,3.19,0.90*10 (pico_gnss pico-gnss-rs/src/main.rs:372)
36.503897 [INFO ] NMEA $GPGSV,4,1,14,24,82,255,,15,62,047,26,23,47,317,,20,39,068,19*79 (pico_gnss pico-gnss-rs/src/main.rs:372)
36.595391 [INFO ] NMEA $GPGSV,4,2,14,18,37,248,,05,31,140,17,22,18,053,17,12,15,165,15*75 (pico_gnss pico-gnss-rs/src/main.rs:372)
36.653988 [INFO ] NMEA $GPGSV,4,3,14,10,12,317,,14,09,041,13,21,03,135,18,193,,,*72 (pico_gnss pico-gnss-rs/src/main.rs:372)
36.683332 [INFO ] NMEA $GPGSV,4,4,14,194,,,,195,,,*7D (pico_gnss pico-gnss-rs/src/main.rs:372)
36.741867 [INFO ] NMEA $GLGSV,3,1,10,73,53,148,,71,46,337,,80,44,052,25,70,40,070,26*62 (pico_gnss pico-gnss-rs/src/main.rs:372)
36.804540 [INFO ] NMEA $GLGSV,3,2,10,86,25,266,,87,20,308,,74,13,183,,72,07,300,*62 (pico_gnss pico-gnss-rs/src/main.rs:372)
36.862722 [INFO ] NMEA $GLGSV,3,3,10,85,03,209,,69,01,099,*6F (pico_gnss pico-gnss-rs/src/main.rs:372)
36.921326 [INFO ] NMEA $GNRMC,093909.000,A,0000.0000,N,00000.0000,E,1.62,337.52,080626,,,A*7E (pico_gnss pico-gnss-rs/src/main.rs:372)
36.923888 [INFO ] SYNC pps_local_us=35967688 unix_s=1780911549 drift_us=2 err_ns=3 holdover_ms=1000 (pico_gnss pico-gnss-rs/src/main.rs:403)
36.974324 [INFO ] PPSGEN count=37 interval_ns=1000002416 dev_ns=2416 phase_ns=-1238394 (pico_gnss pico-gnss-rs/src/main.rs:246)
36.975493 [INFO ] PPS count=38 interval_us=1000002 interval_ns=1000002416 state=Locked missed=0 (pico_gnss pico-gnss-rs/src/main.rs:161)
36.979784 [INFO ] NMEA $GPVTG,337.52,T,,M,1.62,N,3.01,K,A*3A (pico_gnss pico-gnss-rs/src/main.rs:372)
37.008818 [INFO ] NMEA $GPZDA,093909.000,08,06,2026,,*54 (pico_gnss pico-gnss-rs/src/main.rs:372)
37.045109 [INFO ] NMEA $GPGST,093909.000,6.6,28,17,96.1,18,28,31*70 (pico_gnss pico-gnss-rs/src/main.rs:372)
37.060792 [INFO ] TIME unix_ns=1780911550085338397 ppb=2398 holdover_ms=1085 locked=1 (pico_gnss pico-gnss-rs/src/main.rs:195)
37.214802 [INFO ] NMEA $GPGGA,093910.000,0000.0000,N,00000.0000,E,1,7,3.19,30.3,M,39.0,M,,*6F (pico_gnss pico-gnss-rs/src/main.rs:372)
37.273129 [INFO ] NMEA $GNGLL,0000.0000,N,00000.0000,E,093910.000,A,A*42 (pico_gnss pico-gnss-rs/src/main.rs:372)
37.331535 [INFO ] NMEA $GNGSA,A,3,05,20,22,15,14,,,,,,,,3.31,3.19,0.90*19 (pico_gnss pico-gnss-rs/src/main.rs:372)
37.361102 [INFO ] NMEA $GNGSA,A,3,70,80,,,,,,,,,,,3.31,3.19,0.90*10 (pico_gnss pico-gnss-rs/src/main.rs:372)
37.452554 [INFO ] NMEA $GPGSV,4,1,14,24,82,255,,15,62,047,26,23,47,317,,20,39,068,19*79 (pico_gnss pico-gnss-rs/src/main.rs:372)
37.511166 [INFO ] NMEA $GPGSV,4,2,14,18,37,248,,05,31,140,18,22,18,053,17,12,15,165,15*7A (pico_gnss pico-gnss-rs/src/main.rs:372)
37.569742 [INFO ] NMEA $GPGSV,4,3,14,10,12,317,,14,09,041,14,21,03,135,18,193,,,*75 (pico_gnss pico-gnss-rs/src/main.rs:372)
37.599120 [INFO ] NMEA $GPGSV,4,4,14,194,,,,195,,,*7D (pico_gnss pico-gnss-rs/src/main.rs:372)
37.690505 [INFO ] NMEA $GLGSV,3,1,10,73,53,148,,71,46,337,,80,44,052,25,70,40,070,26*62 (pico_gnss pico-gnss-rs/src/main.rs:372)
37.749108 [INFO ] NMEA $GLGSV,3,2,10,86,25,266,,87,20,308,,74,13,183,,72,07,300,*62 (pico_gnss pico-gnss-rs/src/main.rs:372)
37.778589 [INFO ] NMEA $GLGSV,3,3,10,85,03,209,,69,01,099,*6F (pico_gnss pico-gnss-rs/src/main.rs:372)
37.865995 [INFO ] NMEA $GNRMC,093910.000,A,0000.0000,N,00000.0000,E,0.56,337.52,080626,,,A*7C (pico_gnss pico-gnss-rs/src/main.rs:372)
37.868565 [INFO ] SYNC pps_local_us=36967691 unix_s=1780911550 drift_us=2 err_ns=18 holdover_ms=1000 (pico_gnss pico-gnss-rs/src/main.rs:403)
37.895679 [INFO ] NMEA $GPVTG,337.52,T,,M,0.56,N,1.03,K,A*3C (pico_gnss pico-gnss-rs/src/main.rs:372)
37.924725 [INFO ] NMEA $GPZDA,093910.000,08,06,2026,,*5C (pico_gnss pico-gnss-rs/src/main.rs:372)
37.974295 [INFO ] PPSGEN count=38 interval_ns=1000002416 dev_ns=2416 phase_ns=-1325395 (pico_gnss pico-gnss-rs/src/main.rs:246)
37.975454 [INFO ] PPS count=39 interval_us=1000002 interval_ns=1000002400 state=Locked missed=0 (pico_gnss pico-gnss-rs/src/main.rs:161)
37.977177 [INFO ] NMEA $GPGST,093910.000,6.6,28,17,96.0,17,28,30*77 (pico_gnss pico-gnss-rs/src/main.rs:372)
38.062010 [INFO ] TIME unix_ns=1780911551086496395 ppb=2398 holdover_ms=1086 locked=1 (pico_gnss pico-gnss-rs/src/main.rs:195)
38.288806 [INFO ] NMEA $GPGGA,093911.000,0000.0000,N,00000.0000,E,1,7,3.19,30.2,M,39.0,M,,*68 (pico_gnss pico-gnss-rs/src/main.rs:372)
38.347151 [INFO ] NMEA $GNGLL,0000.0000,N,00000.0000,E,093911.000,A,A*44 (pico_gnss pico-gnss-rs/src/main.rs:372)
38.405543 [INFO ] NMEA $GNGSA,A,3,05,20,22,15,14,,,,,,,,3.31,3.19,0.90*19 (pico_gnss pico-gnss-rs/src/main.rs:372)
38.454582 [INFO ] NMEA $GNGSA,A,3,70,80,,,,,,,,,,,3.31,3.19,0.90*10 (pico_gnss pico-gnss-rs/src/main.rs:372)
38.513164 [INFO ] NMEA $GPGSV,4,1,14,24,82,255,,15,62,047,26,23,47,317,,20,39,068,19*79 (pico_gnss pico-gnss-rs/src/main.rs:372)
38.571823 [INFO ] NMEA $GPGSV,4,2,14,18,37,248,,05,31,140,18,22,18,053,17,12,15,165,15*7A (pico_gnss pico-gnss-rs/src/main.rs:372)
38.659140 [INFO ] NMEA $GPGSV,4,3,14,10,12,317,,14,09,041,14,21,03,135,17,193,,,*7A (pico_gnss pico-gnss-rs/src/main.rs:372)
38.688544 [INFO ] NMEA $GPGSV,4,4,14,194,,,,195,,,*7D (pico_gnss pico-gnss-rs/src/main.rs:372)
38.751140 [INFO ] NMEA $GLGSV,3,1,10,73,53,148,,71,46,337,,80,44,052,25,70,40,070,26*62 (pico_gnss pico-gnss-rs/src/main.rs:372)
38.809708 [INFO ] NMEA $GLGSV,3,2,10,86,25,266,,87,20,308,,74,13,183,,72,07,300,*62 (pico_gnss pico-gnss-rs/src/main.rs:372)
38.867904 [INFO ] NMEA $GLGSV,3,3,10,85,03,209,,69,01,099,*6F (pico_gnss pico-gnss-rs/src/main.rs:372)
38.926481 [INFO ] NMEA $GNRMC,093911.000,A,0000.0000,N,00000.0000,E,0.78,99.81,080626,,,A*4F (pico_gnss pico-gnss-rs/src/main.rs:372)
38.929033 [INFO ] SYNC pps_local_us=37967693 unix_s=1780911551 drift_us=2 err_ns=2 holdover_ms=999 (pico_gnss pico-gnss-rs/src/main.rs:403)
38.974365 [INFO ] PPSGEN count=39 interval_ns=1000002416 dev_ns=2416 phase_ns=-1272395 (pico_gnss pico-gnss-rs/src/main.rs:246)
38.975525 [INFO ] PPS count=40 interval_us=1000002 interval_ns=1000002384 state=Locked missed=0 (pico_gnss pico-gnss-rs/src/main.rs:161)
38.984867 [INFO ] NMEA $GPVTG,99.81,T,,M,0.78,N,1.44,K,A*0A (pico_gnss pico-gnss-rs/src/main.rs:372)
39.017937 [INFO ] NMEA $GPZDA,093911.000,08,06,2026,,*5D (pico_gnss pico-gnss-rs/src/main.rs:372)
39.046576 [INFO ] NMEA $GPGST,093911.000,6.6,29,17,95.7,17,29,31*73 (pico_gnss pico-gnss-rs/src/main.rs:372)
39.063224 [INFO ] TIME unix_ns=1780911552087742392 ppb=2398 holdover_ms=1087 locked=1 (pico_gnss pico-gnss-rs/src/main.rs:195)
39.226782 [INFO ] NMEA $GPGGA,093912.000,0000.0000,N,00000.0000,E,1,7,3.19,30.2,M,39.0,M,,*6E (pico_gnss pico-gnss-rs/src/main.rs:372)
39.285118 [INFO ] NMEA $GNGLL,0000.0000,N,00000.0000,E,093912.000,A,A*42 (pico_gnss pico-gnss-rs/src/main.rs:372)
39.343469 [INFO ] NMEA $GNGSA,A,3,05,20,22,15,14,,,,,,,,3.31,3.19,0.90*19 (pico_gnss pico-gnss-rs/src/main.rs:372)
39.381268 [INFO ] NMEA $GNGSA,A,3,70,80,,,,,,,,,,,3.31,3.19,0.90*10 (pico_gnss pico-gnss-rs/src/main.rs:372)
39.439902 [INFO ] NMEA $GPGSV,4,1,14,24,82,255,,15,62,047,26,23,47,317,16,20,39,068,19*7E (pico_gnss pico-gnss-rs/src/main.rs:372)
39.527339 [INFO ] NMEA $GPGSV,4,2,14,18,37,248,,05,31,140,18,22,18,053,16,12,15,165,15*7B (pico_gnss pico-gnss-rs/src/main.rs:372)
39.585886 [INFO ] NMEA $GPGSV,4,3,14,10,12,317,,14,09,041,14,21,03,135,17,193,,,*7A (pico_gnss pico-gnss-rs/src/main.rs:372)
39.619263 [INFO ] NMEA $GPGSV,4,4,14,194,,,,195,,,*7D (pico_gnss pico-gnss-rs/src/main.rs:372)
39.677904 [INFO ] NMEA $GLGSV,3,1,10,73,53,148,,71,46,337,,80,44,052,25,70,40,070,26*62 (pico_gnss pico-gnss-rs/src/main.rs:372)
39.765219 [INFO ] NMEA $GLGSV,3,2,10,86,25,266,,87,20,308,,74,13,183,,72,07,300,*62 (pico_gnss pico-gnss-rs/src/main.rs:372)
39.794724 [INFO ] NMEA $GLGSV,3,3,10,85,03,209,,69,01,099,*6F (pico_gnss pico-gnss-rs/src/main.rs:372)
39.886178 [INFO ] NMEA $GNRMC,093912.000,A,0000.0000,N,00000.0000,E,0.77,48.77,080626,,,A*43 (pico_gnss pico-gnss-rs/src/main.rs:372)
39.888733 [INFO ] SYNC pps_local_us=38967696 unix_s=1780911552 drift_us=2 err_ns=-14 holdover_ms=1000 (pico_gnss pico-gnss-rs/src/main.rs:403)
39.915861 [INFO ] NMEA $GPVTG,48.77,T,,M,0.77,N,1.42,K,A*06 (pico_gnss pico-gnss-rs/src/main.rs:372)
39.944943 [INFO ] NMEA $GPZDA,093912.000,08,06,2026,,*5E (pico_gnss pico-gnss-rs/src/main.rs:372)
39.974309 [INFO ] PPSGEN count=40 interval_ns=1000002416 dev_ns=2416 phase_ns=-1318394 (pico_gnss pico-gnss-rs/src/main.rs:246)
39.975462 [INFO ] PPS count=41 interval_us=1000002 interval_ns=1000002400 state=Locked missed=0 (pico_gnss pico-gnss-rs/src/main.rs:161)
39.986668 [INFO ] NMEA $GPGST,093912.000,6.6,29,17,95.5,17,29,31*72 (pico_gnss pico-gnss-rs/src/main.rs:372)
40.064429 [INFO ] TIME unix_ns=1780911553088895389 ppb=2398 holdover_ms=1088 locked=1 (pico_gnss pico-gnss-rs/src/main.rs:195)
40.325730 [INFO ] NMEA $GPGGA,093913.000,0000.0000,N,00000.0000,E,1,7,3.19,30.1,M,39.0,M,,*6A (pico_gnss pico-gnss-rs/src/main.rs:372)
40.384057 [INFO ] NMEA $GNGLL,0000.0000,N,00000.0000,E,093913.000,A,A*45 (pico_gnss pico-gnss-rs/src/main.rs:372)
40.437283 [INFO ] NMEA $GNGSA,A,3,05,20,22,15,14,,,,,,,,3.31,3.19,0.90*19 (pico_gnss pico-gnss-rs/src/main.rs:372)
40.495582 [INFO ] NMEA $GNGSA,A,3,70,80,,,,,,,,,,,3.31,3.19,0.90*10 (pico_gnss pico-gnss-rs/src/main.rs:372)
40.554238 [INFO ] NMEA $GPGSV,4,1,14,24,82,255,,15,62,047,26,23,47,317,16,20,39,068,19*7E (pico_gnss pico-gnss-rs/src/main.rs:372)
40.612885 [INFO ] NMEA $GPGSV,4,2,14,18,37,248,,05,31,140,18,22,18,053,16,12,15,165,15*7B (pico_gnss pico-gnss-rs/src/main.rs:372)
40.675552 [INFO ] NMEA $GPGSV,4,3,14,10,12,317,,14,09,041,16,21,03,135,17,193,,,*78 (pico_gnss pico-gnss-rs/src/main.rs:372)
40.733623 [INFO ] NMEA $GPGSV,4,4,14,194,,,,195,,,*7D (pico_gnss pico-gnss-rs/src/main.rs:372)
40.792244 [INFO ] NMEA $GLGSV,3,1,10,73,53,148,,71,46,337,,80,44,052,25,70,40,070,26*62 (pico_gnss pico-gnss-rs/src/main.rs:372)
40.850787 [INFO ] NMEA $GLGSV,3,2,10,86,25,266,,87,20,308,,74,13,183,,72,07,300,*62 (pico_gnss pico-gnss-rs/src/main.rs:372)
40.908906 [INFO ] NMEA $GLGSV,3,3,10,85,03,209,,69,01,099,*6F (pico_gnss pico-gnss-rs/src/main.rs:372)
40.971542 [INFO ] NMEA $GNRMC,093913.000,A,0000.0000,N,00000.0000,E,0.32,48.77,080626,,,A*45 (pico_gnss pico-gnss-rs/src/main.rs:372)
40.974266 [INFO ] PPS count=42 interval_us=1000002 interval_ns=1000002416 state=Locked missed=0 (pico_gnss pico-gnss-rs/src/main.rs:161)
40.975806 [INFO ] PPSGEN count=41 interval_ns=1001253920 dev_ns=1253920 phase_ns=160203 (pico_gnss pico-gnss-rs/src/main.rs:246)
40.976929 [INFO ] SYNC pps_local_us=39967698 unix_s=1780911553 drift_us=2 err_ns=2 holdover_ms=999 (pico_gnss pico-gnss-rs/src/main.rs:403)
41.001240 [INFO ] NMEA $GPVTG,48.77,T,,M,0.32,N,0.59,K,A*0C (pico_gnss pico-gnss-rs/src/main.rs:372)
41.058935 [INFO ] NMEA $GPZDA,093913.000,08,06,2026,,*5F (pico_gnss pico-gnss-rs/src/main.rs:372)
41.065631 [INFO ] TIME unix_ns=1780911554090155386 ppb=2399 holdover_ms=1090 locked=1 (pico_gnss pico-gnss-rs/src/main.rs:195)
41.085742 [INFO ] NMEA $GPGST,093913.000,6.6,29,17,95.2,17,29,31*74 (pico_gnss pico-gnss-rs/src/main.rs:372)
41.288717 [INFO ] NMEA $GPGGA,093914.000,0000.0000,N,00000.0000,E,1,8,1.32,30.1,M,39.0,M,,*6B (pico_gnss pico-gnss-rs/src/main.rs:372)
41.328592 [INFO ] NMEA $GNGLL,0000.0000,N,00000.0000,E,093914.000,A,A*40 (pico_gnss pico-gnss-rs/src/main.rs:372)
41.387030 [INFO ] NMEA $GNGSA,A,3,05,20,22,15,14,23,,,,,,,1.59,1.32,0.88*16 (pico_gnss pico-gnss-rs/src/main.rs:372)
41.445296 [INFO ] NMEA $GNGSA,A,3,70,80,,,,,,,,,,,1.59,1.32,0.88*1E (pico_gnss pico-gnss-rs/src/main.rs:372)
41.503952 [INFO ] NMEA $GPGSV,4,1,14,24,82,255,,15,62,047,26,23,47,317,16,20,39,068,19*7E (pico_gnss pico-gnss-rs/src/main.rs:372)
41.595448 [INFO ] NMEA $GPGSV,4,2,14,18,37,248,,05,31,140,18,22,18,053,16,12,15,165,14*7A (pico_gnss pico-gnss-rs/src/main.rs:372)
41.654041 [INFO ] NMEA $GPGSV,4,3,14,10,12,317,,14,09,041,15,21,03,135,17,193,,,*7B (pico_gnss pico-gnss-rs/src/main.rs:372)
41.683359 [INFO ] NMEA $GPGSV,4,4,14,194,,,,195,,,*7D (pico_gnss pico-gnss-rs/src/main.rs:372)
41.770751 [INFO ] NMEA $GLGSV,3,1,10,73,53,148,15,71,46,337,,80,44,052,25,70,40,070,27*67 (pico_gnss pico-gnss-rs/src/main.rs:372)
41.829291 [INFO ] NMEA $GLGSV,3,2,10,86,25,266,,87,20,308,,74,13,183,,72,07,300,*62 (pico_gnss pico-gnss-rs/src/main.rs:372)
41.862829 [INFO ] NMEA $GLGSV,3,3,10,85,03,209,,69,01,099,*6F (pico_gnss pico-gnss-rs/src/main.rs:372)
41.950125 [INFO ] NMEA $GNRMC,093914.000,A,0000.0000,N,00000.0000,E,0.96,112.93,080626,,,A*7A (pico_gnss pico-gnss-rs/src/main.rs:372)
41.952686 [INFO ] SYNC pps_local_us=40967700 unix_s=1780911554 drift_us=2 err_ns=18 holdover_ms=998 (pico_gnss pico-gnss-rs/src/main.rs:403)
41.974180 [INFO ] PPS count=43 interval_us=1000002 interval_ns=1000002400 state=Locked missed=0 (pico_gnss pico-gnss-rs/src/main.rs:161)
41.975609 [INFO ] PPSGEN count=42 interval_ns=1000002416 dev_ns=2416 phase_ns=1417598 (pico_gnss pico-gnss-rs/src/main.rs:246)
41.979924 [INFO ] NMEA $GPVTG,112.93,T,,M,0.96,N,1.77,K,A*3B (pico_gnss pico-gnss-rs/src/main.rs:372)
42.008886 [INFO ] NMEA $GPZDA,093914.000,08,06,2026,,*58 (pico_gnss pico-gnss-rs/src/main.rs:372)
42.054592 [INFO ] NMEA $GPGST,093914.000,6.6,28,16,94.6,16,28,31*76 (pico_gnss pico-gnss-rs/src/main.rs:372)
42.066835 [INFO ] TIME unix_ns=1780911555092669380 ppb=2399 holdover_ms=1092 locked=1 (pico_gnss pico-gnss-rs/src/main.rs:195)
42.279736 [INFO ] NMEA $GPGGA,093915.000,0000.0000,N,00000.0000,E,1,9,1.22,30.0,M,39.0,M,,*68 (pico_gnss pico-gnss-rs/src/main.rs:372)
42.338116 [INFO ] NMEA $GNGLL,0000.0000,N,00000.0000,E,093915.000,A,A*42 (pico_gnss pico-gnss-rs/src/main.rs:372)
42.396525 [INFO ] NMEA $GNGSA,A,3,05,20,22,15,14,23,,,,,,,1.50,1.22,0.88*1E (pico_gnss pico-gnss-rs/src/main.rs:372)
42.454875 [INFO ] NMEA $GNGSA,A,3,70,73,80,,,,,,,,,,1.50,1.22,0.88*12 (pico_gnss pico-gnss-rs/src/main.rs:372)
42.513488 [INFO ] NMEA $GPGSV,4,1,14,24,82,255,,15,62,047,26,23,47,317,16,20,39,068,19*7E (pico_gnss pico-gnss-rs/src/main.rs:372)
42.605011 [INFO ] NMEA $GPGSV,4,2,14,18,37,248,,05,31,140,19,22,18,053,15,12,15,165,14*78 (pico_gnss pico-gnss-rs/src/main.rs:372)
42.663588 [INFO ] NMEA $GPGSV,4,3,14,10,12,317,,14,09,041,15,21,03,135,17,193,,,*7B (pico_gnss pico-gnss-rs/src/main.rs:372)
42.692944 [INFO ] NMEA $GPGSV,4,4,14,194,,,,195,,,*7D (pico_gnss pico-gnss-rs/src/main.rs:372)
42.751503 [INFO ] NMEA $GLGSV,3,1,10,73,53,148,16,71,46,337,,80,44,052,26,70,40,070,27*67 (pico_gnss pico-gnss-rs/src/main.rs:372)
42.814159 [INFO ] NMEA $GLGSV,3,2,10,86,25,266,,87,20,308,,74,13,183,,72,07,300,*62 (pico_gnss pico-gnss-rs/src/main.rs:372)
42.872363 [INFO ] NMEA $GLGSV,3,3,10,85,03,209,,69,01,099,*6F (pico_gnss pico-gnss-rs/src/main.rs:372)
42.930968 [INFO ] NMEA $GNRMC,093915.000,A,0000.0000,N,00000.0000,E,0.78,103.32,080626,,,A*73 (pico_gnss pico-gnss-rs/src/main.rs:372)
42.933513 [INFO ] SYNC pps_local_us=41967703 unix_s=1780911555 drift_us=2 err_ns=2 holdover_ms=999 (pico_gnss pico-gnss-rs/src/main.rs:403)
42.974130 [INFO ] PPS count=44 interval_us=1000002 interval_ns=1000002384 state=Locked missed=0 (pico_gnss pico-gnss-rs/src/main.rs:161)
42.975618 [INFO ] PPSGEN count=43 interval_ns=1000002416 dev_ns=2416 phase_ns=1412599 (pico_gnss pico-gnss-rs/src/main.rs:246)
42.989404 [INFO ] NMEA $GPVTG,103.32,T,,M,0.78,N,1.44,K,A*30 (pico_gnss pico-gnss-rs/src/main.rs:372)
43.018442 [INFO ] NMEA $GPZDA,093915.000,08,06,2026,,*59 (pico_gnss pico-gnss-rs/src/main.rs:372)
43.057051 [INFO ] NMEA $GPGST,093915.000,6.5,28,16,95.1,16,28,31*72 (pico_gnss pico-gnss-rs/src/main.rs:372)
43.068027 [INFO ] TIME unix_ns=1780911556093875377 ppb=2398 holdover_ms=1093 locked=1 (pico_gnss pico-gnss-rs/src/main.rs:195)
43.243083 [INFO ] NMEA $GPGGA,093916.000,0000.0000,N,00000.0000,E,1,9,1.22,29.9,M,39.0,M,,*6B (pico_gnss pico-gnss-rs/src/main.rs:372)
43.301433 [INFO ] NMEA $GNGLL,0000.0000,N,00000.0000,E,093916.000,A,A*40 (pico_gnss pico-gnss-rs/src/main.rs:372)
43.359884 [INFO ] NMEA $GNGSA,A,3,05,20,22,15,14,23,,,,,,,1.50,1.22,0.88*1E (pico_gnss pico-gnss-rs/src/main.rs:372)
43.389454 [INFO ] NMEA $GNGSA,A,3,70,73,80,,,,,,,,,,1.50,1.22,0.88*12 (pico_gnss pico-gnss-rs/src/main.rs:372)
43.478849 [INFO ] NMEA $GPGSV,4,1,14,24,82,255,,15,62,047,26,23,47,317,15,20,39,068,20*77 (pico_gnss pico-gnss-rs/src/main.rs:372)
43.537529 [INFO ] NMEA $GPGSV,4,2,14,18,37,248,,05,31,140,19,22,18,053,15,12,15,165,13*7F (pico_gnss pico-gnss-rs/src/main.rs:372)
43.596093 [INFO ] NMEA $GPGSV,4,3,14,10,12,317,,14,09,041,17,21,03,135,17,193,,,*79 (pico_gnss pico-gnss-rs/src/main.rs:372)
43.654148 [INFO ] NMEA $GPGSV,4,4,14,194,,,,195,,,*7D (pico_gnss pico-gnss-rs/src/main.rs:372)
43.716900 [INFO ] NMEA $GLGSV,3,1,10,73,53,148,17,71,46,337,,80,44,052,26,70,40,070,27*66 (pico_gnss pico-gnss-rs/src/main.rs:372)
43.775468 [INFO ] NMEA $GLGSV,3,2,10,86,25,266,,87,20,308,,74,13,183,,72,07,300,*62 (pico_gnss pico-gnss-rs/src/main.rs:372)
43.833655 [INFO ] NMEA $GLGSV,3,3,10,85,03,209,,69,01,099,*6F (pico_gnss pico-gnss-rs/src/main.rs:372)
43.892302 [INFO ] NMEA $GNRMC,093916.000,A,0000.0000,N,00000.0000,E,0.85,59.17,080626,,,A*4A (pico_gnss pico-gnss-rs/src/main.rs:372)
43.894855 [INFO ] SYNC pps_local_us=42967705 unix_s=1780911556 drift_us=2 err_ns=-14 holdover_ms=999 (pico_gnss pico-gnss-rs/src/main.rs:403)
43.921952 [INFO ] NMEA $GPVTG,59.17,T,,M,0.85,N,1.57,K,A*09 (pico_gnss pico-gnss-rs/src/main.rs:372)
43.974110 [INFO ] PPS count=45 interval_us=1000002 interval_ns=1000002416 state=Locked missed=0 (pico_gnss pico-gnss-rs/src/main.rs:161)
43.975582 [INFO ] PPSGEN count=44 interval_ns=1000002416 dev_ns=2416 phase_ns=1454598 (pico_gnss pico-gnss-rs/src/main.rs:246)
43.983813 [INFO ] NMEA $GPZDA,093916.000,08,06,2026,,*5A (pico_gnss pico-gnss-rs/src/main.rs:372)
44.009291 [INFO ] NMEA $GPGST,093916.000,6.5,28,16,94.5,16,28,27*73 (pico_gnss pico-gnss-rs/src/main.rs:372)
44.069226 [INFO ] TIME unix_ns=1780911557095151373 ppb=2399 holdover_ms=1095 locked=1 (pico_gnss pico-gnss-rs/src/main.rs:195)
44.350787 [INFO ] NMEA $GPGGA,093917.000,0000.0000,N,00000.0000,E,1,9,1.22,29.8,M,39.0,M,,*69 (pico_gnss pico-gnss-rs/src/main.rs:372)
44.409116 [INFO ] NMEA $GNGLL,0000.0000,N,00000.0000,E,093917.000,A,A*43 (pico_gnss pico-gnss-rs/src/main.rs:372)
44.467565 [INFO ] NMEA $GNGSA,A,3,05,20,22,15,14,23,,,,,,,1.50,1.22,0.88*1E (pico_gnss pico-gnss-rs/src/main.rs:372)
44.508376 [INFO ] NMEA $GNGSA,A,3,70,73,80,,,,,,,,,,1.50,1.22,0.88*12 (pico_gnss pico-gnss-rs/src/main.rs:372)
44.595758 [INFO ] NMEA $GPGSV,4,1,14,24,82,255,,15,62,047,26,23,47,317,14,20,39,068,21*77 (pico_gnss pico-gnss-rs/src/main.rs:372)
44.654469 [INFO ] NMEA $GPGSV,4,2,14,18,37,248,,05,31,140,20,22,18,053,15,12,15,165,13*75 (pico_gnss pico-gnss-rs/src/main.rs:372)
44.713018 [INFO ] NMEA $GPGSV,4,3,14,10,12,317,,14,09,041,14,21,03,135,17,193,,,*7A (pico_gnss pico-gnss-rs/src/main.rs:372)
44.742345 [INFO ] NMEA $GPGSV,4,4,14,194,,,,195,,,*7D (pico_gnss pico-gnss-rs/src/main.rs:372)
44.833838 [INFO ] NMEA $GLGSV,3,1,10,73,53,148,17,71,46,337,,80,44,052,26,70,40,070,27*66 (pico_gnss pico-gnss-rs/src/main.rs:372)
44.892346 [INFO ] NMEA $GLGSV,3,2,10,86,25,266,,87,20,308,,74,13,183,,72,07,300,*62 (pico_gnss pico-gnss-rs/src/main.rs:372)
44.921758 [INFO ] NMEA $GLGSV,3,3,10,85,03,209,,69,01,099,*6F (pico_gnss pico-gnss-rs/src/main.rs:372)
44.974113 [INFO ] PPS count=46 interval_us=1000002 interval_ns=1000002400 state=Locked missed=0 (pico_gnss pico-gnss-rs/src/main.rs:161)
44.975614 [INFO ] PPSGEN count=45 interval_ns=1000002416 dev_ns=2416 phase_ns=1453199 (pico_gnss pico-gnss-rs/src/main.rs:246)
45.009094 [INFO ] NMEA $GNRMC,093917.000,A,0000.0000,N,00000.0000,E,0.63,113.82,080626,,,A*72 (pico_gnss pico-gnss-rs/src/main.rs:372)
45.011670 [INFO ] SYNC pps_local_us=44967710 unix_s=1780911557 drift_us=2 err_ns=19 holdover_ms=1999 (pico_gnss pico-gnss-rs/src/main.rs:403)
45.042555 [INFO ] NMEA $GPVTG,113.82,T,,M,0.63,N,1.16,K,A*37 (pico_gnss pico-gnss-rs/src/main.rs:372)
45.070428 [INFO ] TIME unix_ns=1780911557096361769 ppb=2399 holdover_ms=96 locked=1 (pico_gnss pico-gnss-rs/src/main.rs:195)
45.072403 [INFO ] NMEA $GPZDA,093917.000,08,06,2026,,*5B (pico_gnss pico-gnss-rs/src/main.rs:372)
45.118670 [INFO ] NMEA $GPGST,093917.000,6.5,28,15,94.4,15,28,26*72 (pico_gnss pico-gnss-rs/src/main.rs:372)
45.302931 [INFO ] NMEA $GPGGA,093918.000,0000.0000,N,00000.0000,E,1,9,1.22,29.7,M,39.0,M,,*66 (pico_gnss pico-gnss-rs/src/main.rs:372)
45.361301 [INFO ] NMEA $GNGLL,0000.0000,N,00000.0000,E,093918.000,A,A*43 (pico_gnss pico-gnss-rs/src/main.rs:372)
45.409421 [INFO ] NMEA $GNGSA,A,3,05,20,22,15,14,23,,,,,,,1.50,1.22,0.88*1E (pico_gnss pico-gnss-rs/src/main.rs:372)
45.467771 [INFO ] NMEA $GNGSA,A,3,70,73,80,,,,,,,,,,1.50,1.22,0.88*12 (pico_gnss pico-gnss-rs/src/main.rs:372)
45.526373 [INFO ] NMEA $GPGSV,4,1,14,24,82,255,,15,62,047,26,23,47,317,14,20,39,068,21*77 (pico_gnss pico-gnss-rs/src/main.rs:372)
45.613783 [INFO ] NMEA $GPGSV,4,2,14,18,37,248,,05,31,140,20,22,18,053,14,12,15,165,13*74 (pico_gnss pico-gnss-rs/src/main.rs:372)
45.676517 [INFO ] NMEA $GPGSV,4,3,14,10,12,317,,14,09,041,15,21,03,135,17,193,,,*7B (pico_gnss pico-gnss-rs/src/main.rs:372)
45.705907 [INFO ] NMEA $GPGSV,4,4,14,194,,,,195,,,*7D (pico_gnss pico-gnss-rs/src/main.rs:372)
45.764459 [INFO ] NMEA $GLGSV,3,1,10,73,53,148,17,71,46,337,,80,44,052,26,70,40,070,27*66 (pico_gnss pico-gnss-rs/src/main.rs:372)
45.851808 [INFO ] NMEA $GLGSV,3,2,10,86,25,266,,87,20,308,,74,13,183,,72,07,300,*62 (pico_gnss pico-gnss-rs/src/main.rs:372)
45.881237 [INFO ] NMEA $GLGSV,3,3,10,85,03,209,,69,01,099,*6F (pico_gnss pico-gnss-rs/src/main.rs:372)
45.943846 [INFO ] NMEA $GNRMC,093918.000,A,0000.0000,N,00000.0000,E,0.44,113.82,080626,,,A*77 (pico_gnss pico-gnss-rs/src/main.rs:372)
45.974197 [INFO ] PPS count=47 interval_us=1000002 interval_ns=1000002400 state=Locked missed=0 (pico_gnss pico-gnss-rs/src/main.rs:161)
45.975734 [INFO ] PPSGEN count=46 interval_ns=1000002416 dev_ns=2416 phase_ns=1572598 (pico_gnss pico-gnss-rs/src/main.rs:246)
46.002343 [INFO ] NMEA $GPVTG,113.82,T,,M,0.44,N,0.82,K,A*3E (pico_gnss pico-gnss-rs/src/main.rs:372)
46.031344 [INFO ] NMEA $GPZDA,093918.000,08,06,2026,,*54 (pico_gnss pico-gnss-rs/src/main.rs:372)
46.070805 [INFO ] NMEA $GPGST,093918.000,6.5,28,15,94.5,15,28,27*7D (pico_gnss pico-gnss-rs/src/main.rs:372)
46.072527 [INFO ] TIME unix_ns=1780911558098467365 ppb=2399 holdover_ms=1098 locked=1 (pico_gnss pico-gnss-rs/src/main.rs:195)
46.283795 [INFO ] NMEA $GPGGA,093919.000,0000.0000,N,00000.0000,E,1,9,1.22,29.7,M,39.0,M,,*66 (pico_gnss pico-gnss-rs/src/main.rs:372)
46.339076 [INFO ] NMEA $GNGLL,0000.0000,N,00000.0000,E,093919.000,A,A*43 (pico_gnss pico-gnss-rs/src/main.rs:372)
46.397523 [INFO ] NMEA $GNGSA,A,3,05,20,22,15,14,23,,,,,,,1.50,1.22,0.88*1E (pico_gnss pico-gnss-rs/src/main.rs:372)
46.455824 [INFO ] NMEA $GNGSA,A,3,70,73,80,,,,,,,,,,1.50,1.22,0.88*12 (pico_gnss pico-gnss-rs/src/main.rs:372)
46.514468 [INFO ] NMEA $GPGSV,4,1,14,24,82,255,,15,62,047,26,23,47,317,14,20,39,068,21*77 (pico_gnss pico-gnss-rs/src/main.rs:372)
46.573090 [INFO ] NMEA $GPGSV,4,2,14,18,37,248,,05,31,140,20,22,18,053,14,12,15,165,14*73 (pico_gnss pico-gnss-rs/src/main.rs:372)
46.664531 [INFO ] NMEA $GPGSV,4,3,14,10,12,317,,14,09,041,13,21,03,135,18,193,,,*72 (pico_gnss pico-gnss-rs/src/main.rs:372)
46.693885 [INFO ] NMEA $GPGSV,4,4,14,194,,,,195,,,*7D (pico_gnss pico-gnss-rs/src/main.rs:372)
46.752477 [INFO ] NMEA $GLGSV,3,1,10,73,53,148,17,71,46,337,,80,44,052,25,70,40,070,27*65 (pico_gnss pico-gnss-rs/src/main.rs:372)
46.810998 [INFO ] NMEA $GLGSV,3,2,10,86,25,266,,87,20,308,,74,13,183,,72,07,300,*62 (pico_gnss pico-gnss-rs/src/main.rs:372)
46.873335 [INFO ] NMEA $GLGSV,3,3,10,85,03,209,,69,01,099,*6F (pico_gnss pico-gnss-rs/src/main.rs:372)
46.931926 [INFO ] NMEA $GNRMC,093919.000,A,0000.0000,N,00000.0000,E,0.59,48.78,080626,,,A*41 (pico_gnss pico-gnss-rs/src/main.rs:372)
46.934487 [INFO ] SYNC pps_local_us=45967712 unix_s=1780911559 drift_us=2 err_ns=2 holdover_ms=1000 (pico_gnss pico-gnss-rs/src/main.rs:403)
46.961585 [INFO ] NMEA $GPVTG,48.78,T,,M,0.59,N,1.09,K,A*0A (pico_gnss pico-gnss-rs/src/main.rs:372)
46.974112 [INFO ] PPS count=48 interval_us=1000002 interval_ns=1000002416 state=Locked missed=0 (pico_gnss pico-gnss-rs/src/main.rs:161)
46.975634 [INFO ] PPSGEN count=47 interval_ns=1000002416 dev_ns=2416 phase_ns=1450598 (pico_gnss pico-gnss-rs/src/main.rs:246)
47.019370 [INFO ] NMEA $GPZDA,093919.000,08,06,2026,,*55 (pico_gnss pico-gnss-rs/src/main.rs:372)
47.050036 [INFO ] NMEA $GPGST,093919.000,6.5,28,15,94.6,15,28,28*70 (pico_gnss pico-gnss-rs/src/main.rs:372)
47.073721 [INFO ] TIME unix_ns=1780911560099640362 ppb=2399 holdover_ms=1099 locked=1 (pico_gnss pico-gnss-rs/src/main.rs:195)
47.255884 [INFO ] NMEA $GPGGA,093920.000,0000.0000,N,00000.0000,E,1,9,1.22,29.6,M,39.0,M,,*69 (pico_gnss pico-gnss-rs/src/main.rs:372)
47.314269 [INFO ] NMEA $GNGLL,0000.0000,N,00000.0000,E,093920.000,A,A*4D (pico_gnss pico-gnss-rs/src/main.rs:372)
47.372665 [INFO ] NMEA $GNGSA,A,3,05,20,22,15,14,23,,,,,,,1.50,1.22,0.88*1E (pico_gnss pico-gnss-rs/src/main.rs:372)
47.402281 [INFO ] NMEA $GNGSA,A,3,70,73,80,,,,,,,,,,1.50,1.22,0.88*12 (pico_gnss pico-gnss-rs/src/main.rs:372)
47.489613 [INFO ] NMEA $GPGSV,4,1,14,24,82,255,,15,62,047,26,23,47,317,14,20,39,068,21*77 (pico_gnss pico-gnss-rs/src/main.rs:372)
47.552463 [INFO ] NMEA $GPGSV,4,2,14,18,37,248,,05,31,140,20,22,18,053,15,12,15,165,13*75 (pico_gnss pico-gnss-rs/src/main.rs:372)
47.611011 [INFO ] NMEA $GPGSV,4,3,14,10,12,317,,14,09,041,15,21,03,135,19,193,,,*75 (pico_gnss pico-gnss-rs/src/main.rs:372)
47.640383 [INFO ] NMEA $GPGSV,4,4,14,194,,,,195,,,*7D (pico_gnss pico-gnss-rs/src/main.rs:372)
47.727721 [INFO ] NMEA $GLGSV,3,1,10,73,53,148,17,71,46,337,,80,44,052,25,70,40,070,27*65 (pico_gnss pico-gnss-rs/src/main.rs:372)
47.790370 [INFO ] NMEA $GLGSV,3,2,10,86,25,266,,87,20,308,,74,13,183,,72,07,300,*62 (pico_gnss pico-gnss-rs/src/main.rs:372)
47.819883 [INFO ] NMEA $GLGSV,3,3,10,85,03,209,,69,01,099,*6F (pico_gnss pico-gnss-rs/src/main.rs:372)
47.907203 [INFO ] NMEA $GNRMC,093920.000,A,0000.0000,N,00000.0000,E,0.09,48.78,080626,,,A*4A (pico_gnss pico-gnss-rs/src/main.rs:372)
47.909759 [INFO ] SYNC pps_local_us=46967715 unix_s=1780911560 drift_us=2 err_ns=17 holdover_ms=1000 (pico_gnss pico-gnss-rs/src/main.rs:403)
47.936867 [INFO ] NMEA $GPVTG,48.78,T,,M,0.09,N,0.17,K,A*01 (pico_gnss pico-gnss-rs/src/main.rs:372)
47.965948 [INFO ] NMEA $GPZDA,093920.000,08,06,2026,,*5F (pico_gnss pico-gnss-rs/src/main.rs:372)
47.974116 [INFO ] PPS count=49 interval_us=1000002 interval_ns=1000002400 state=Locked missed=0 (pico_gnss pico-gnss-rs/src/main.rs:161)
47.975598 [INFO ] PPSGEN count=48 interval_ns=1000002416 dev_ns=2416 phase_ns=1446598 (pico_gnss pico-gnss-rs/src/main.rs:246)
48.015955 [INFO ] NMEA $GPGST,093920.000,6.5,28,15,94.7,15,28,27*74 (pico_gnss pico-gnss-rs/src/main.rs:372)
48.074915 [INFO ] TIME unix_ns=1780911561100824359 ppb=2399 holdover_ms=1100 locked=1 (pico_gnss pico-gnss-rs/src/main.rs:195)
48.245468 [INFO ] NMEA $GPGGA,093921.000,0000.0000,N,00000.0000,E,1,9,1.22,29.6,M,39.0,M,,*63 (pico_gnss pico-gnss-rs/src/main.rs:372)
48.303804 [INFO ] NMEA $GNGLL,0000.0000,N,00000.0000,E,093921.000,A,A*47 (pico_gnss pico-gnss-rs/src/main.rs:372)
48.362242 [INFO ] NMEA $GNGSA,A,3,05,20,22,15,14,23,,,,,,,1.50,1.22,0.88*1E (pico_gnss pico-gnss-rs/src/main.rs:372)
48.420543 [INFO ] NMEA $GNGSA,A,3,70,73,80,,,,,,,,,,1.50,1.22,0.88*12 (pico_gnss pico-gnss-rs/src/main.rs:372)
48.483285 [INFO ] NMEA $GPGSV,4,1,14,24,82,255,,15,62,047,26,23,47,317,14,20,39,068,21*77 (pico_gnss pico-gnss-rs/src/main.rs:372)
48.570724 [INFO ] NMEA $GPGSV,4,2,14,18,37,248,,05,31,140,20,22,18,053,15,12,15,165,13*75 (pico_gnss pico-gnss-rs/src/main.rs:372)
48.629307 [INFO ] NMEA $GPGSV,4,3,14,10,12,317,,14,09,041,15,21,03,135,19,193,,,*75 (pico_gnss pico-gnss-rs/src/main.rs:372)
48.658662 [INFO ] NMEA $GPGSV,4,4,14,194,,,,195,,,*7D (pico_gnss pico-gnss-rs/src/main.rs:372)
48.717222 [INFO ] NMEA $GLGSV,3,1,10,73,53,148,17,71,46,337,,80,44,052,25,70,40,070,27*65 (pico_gnss pico-gnss-rs/src/main.rs:372)
48.808658 [INFO ] NMEA $GLGSV,3,2,10,86,25,266,,87,20,308,,74,13,183,,72,07,300,*62 (pico_gnss pico-gnss-rs/src/main.rs:372)
48.838144 [INFO ] NMEA $GLGSV,3,3,10,85,03,209,,69,01,099,*6F (pico_gnss pico-gnss-rs/src/main.rs:372)
48.896767 [INFO ] NMEA $GNRMC,093921.000,A,0000.0000,N,00000.0000,E,0.26,48.78,080626,,,A*4D (pico_gnss pico-gnss-rs/src/main.rs:372)
48.899315 [INFO ] SYNC pps_local_us=47967717 unix_s=1780911561 drift_us=2 err_ns=1 holdover_ms=999 (pico_gnss pico-gnss-rs/src/main.rs:403)
48.954873 [INFO ] NMEA $GPVTG,48.78,T,,M,0.26,N,0.47,K,A*09 (pico_gnss pico-gnss-rs/src/main.rs:372)
48.974131 [INFO ] PPS count=50 interval_us=1000002 interval_ns=1000002400 state=Locked missed=0 (pico_gnss pico-gnss-rs/src/main.rs:161)
48.975606 [INFO ] PPSGEN count=49 interval_ns=998953456 dev_ns=-1046544 phase_ns=1456598 (pico_gnss pico-gnss-rs/src/main.rs:246)
48.984491 [INFO ] NMEA $GPZDA,093921.000,08,06,2026,,*5E (pico_gnss pico-gnss-rs/src/main.rs:372)
49.024609 [INFO ] NMEA $GPGST,093921.000,6.5,28,14,95.0,15,28,28*7D (pico_gnss pico-gnss-rs/src/main.rs:372)
49.076113 [INFO ] TIME unix_ns=1780911562102025356 ppb=2399 holdover_ms=1102 locked=1 (pico_gnss pico-gnss-rs/src/main.rs:195)
49.367867 [INFO ] NMEA $GPGGA,093922.000,0000.0000,N,00000.0000,E,1,9,1.22,29.5,M,39.0,M,,*60 (pico_gnss pico-gnss-rs/src/main.rs:372)
49.426205 [INFO ] NMEA $GNGLL,0000.0000,N,00000.0000,E,093922.000,A,A*47 (pico_gnss pico-gnss-rs/src/main.rs:372)
49.484669 [INFO ] NMEA $GNGSA,A,3,05,20,22,15,14,23,,,,,,,1.50,1.22,0.88*1E (pico_gnss pico-gnss-rs/src/main.rs:372)
49.514223 [INFO ] NMEA $GNGSA,A,3,70,73,80,,,,,,,,,,1.50,1.22,0.88*12 (pico_gnss pico-gnss-rs/src/main.rs:372)
49.601624 [INFO ] NMEA $GPGSV,4,1,14,24,82,255,,15,62,047,26,23,47,317,14,20,39,068,21*77 (pico_gnss pico-gnss-rs/src/main.rs:372)
49.660240 [INFO ] NMEA $GPGSV,4,2,14,18,37,248,,05,31,140,20,22,18,053,16,12,15,165,13*76 (pico_gnss pico-gnss-rs/src/main.rs:372)
49.747564 [INFO ] NMEA $GPGSV,4,3,14,10,12,317,,14,09,041,14,21,03,135,18,193,,,*75 (pico_gnss pico-gnss-rs/src/main.rs:372)
49.776951 [INFO ] NMEA $GPGSV,4,4,14,194,,,,195,,,*7D (pico_gnss pico-gnss-rs/src/main.rs:372)
49.839613 [INFO ] NMEA $GLGSV,3,1,10,73,53,148,17,71,46,337,,80,44,052,25,70,40,070,28*6A (pico_gnss pico-gnss-rs/src/main.rs:372)
49.898129 [INFO ] NMEA $GLGSV,3,2,10,86,25,266,,87,20,308,,74,13,183,,72,07,300,*62 (pico_gnss pico-gnss-rs/src/main.rs:372)
49.956220 [INFO ] NMEA $GLGSV,3,3,10,85,03,209,,69,01,099,*6F (pico_gnss pico-gnss-rs/src/main.rs:372)
49.974116 [INFO ] PPS count=51 interval_us=1000002 interval_ns=1000002400 state=Locked missed=0 (pico_gnss pico-gnss-rs/src/main.rs:161)
49.975597 [INFO ] PPSGEN count=50 interval_ns=1000002416 dev_ns=2416 phase_ns=1418198 (pico_gnss pico-gnss-rs/src/main.rs:246)
50.014880 [INFO ] NMEA $GNRMC,093922.000,A,0000.0000,N,00000.0000,E,0.64,51.29,080626,,,A*47 (pico_gnss pico-gnss-rs/src/main.rs:372)
50.017443 [INFO ] SYNC pps_local_us=49967722 unix_s=1780911562 drift_us=2 err_ns=2 holdover_ms=2000 (pico_gnss pico-gnss-rs/src/main.rs:403)
50.072833 [INFO ] NMEA $GPVTG,51.29,T,,M,0.64,N,1.18,K,A*08 (pico_gnss pico-gnss-rs/src/main.rs:372)
50.077428 [INFO ] TIME unix_ns=1780911562103318753 ppb=2399 holdover_ms=103 locked=1 (pico_gnss pico-gnss-rs/src/main.rs:195)
50.106421 [INFO ] NMEA $GPZDA,093922.000,08,06,2026,,*5D (pico_gnss pico-gnss-rs/src/main.rs:372)
50.133887 [INFO ] NMEA $GPGST,093922.000,6.5,28,14,95.0,14,27,27*7F (pico_gnss pico-gnss-rs/src/main.rs:372)
50.319912 [INFO ] NMEA $GPGGA,093923.000,0000.0000,N,00000.0000,E,1,9,1.22,29.6,M,39.0,M,,*61 (pico_gnss pico-gnss-rs/src/main.rs:372)
50.378275 [INFO ] NMEA $GNGLL,0000.0000,N,00000.0000,E,093923.000,A,A*45 (pico_gnss pico-gnss-rs/src/main.rs:372)
50.436674 [INFO ] NMEA $GNGSA,A,3,05,20,22,15,14,23,,,,,,,1.50,1.22,0.88*1E (pico_gnss pico-gnss-rs/src/main.rs:372)
50.475593 [INFO ] NMEA $GNGSA,A,3,70,73,80,,,,,,,,,,1.50,1.22,0.88*12 (pico_gnss pico-gnss-rs/src/main.rs:372)
50.562985 [INFO ] NMEA $GPGSV,4,1,14,24,82,255,,15,62,047,26,23,47,317,14,20,39,068,22*74 (pico_gnss pico-gnss-rs/src/main.rs:372)
50.621635 [INFO ] NMEA $GPGSV,4,2,14,18,37,248,,05,31,140,20,22,18,053,16,12,15,165,12*77 (pico_gnss pico-gnss-rs/src/main.rs:372)
50.680171 [INFO ] NMEA $GPGSV,4,3,14,10,12,317,,14,09,041,15,21,03,135,18,193,,,*74 (pico_gnss pico-gnss-rs/src/main.rs:372)
50.713581 [INFO ] NMEA $GPGSV,4,4,14,194,,,,195,,,*7D (pico_gnss pico-gnss-rs/src/main.rs:372)
50.801054 [INFO ] NMEA $GLGSV,3,1,10,73,53,148,17,71,46,337,,80,44,052,25,70,40,070,28*6A (pico_gnss pico-gnss-rs/src/main.rs:372)
50.859571 [INFO ] NMEA $GLGSV,3,2,10,86,25,266,,87,20,308,,74,13,183,,72,07,300,*62 (pico_gnss pico-gnss-rs/src/main.rs:372)
50.888995 [INFO ] NMEA $GLGSV,3,3,10,85,03,209,,69,01,099,*6F (pico_gnss pico-gnss-rs/src/main.rs:372)
50.974143 [INFO ] PPS count=52 interval_us=1000002 interval_ns=1000002416 state=Locked missed=0 (pico_gnss pico-gnss-rs/src/main.rs:161)
50.975671 [INFO ] PPSGEN count=51 interval_ns=1000002416 dev_ns=2416 phase_ns=1493597 (pico_gnss pico-gnss-rs/src/main.rs:246)
50.980440 [INFO ] NMEA $GNRMC,093923.000,A,0000.0000,N,00000.0000,E,1.19,137.33,080626,,,A*74 (pico_gnss pico-gnss-rs/src/main.rs:372)
50.983004 [INFO ] SYNC pps_local_us=50967724 unix_s=1780911563 drift_us=2 err_ns=17 holdover_ms=1000 (pico_gnss pico-gnss-rs/src/main.rs:403)
51.010028 [INFO ] NMEA $GPVTG,137.33,T,,M,1.19,N,2.20,K,A*31 (pico_gnss pico-gnss-rs/src/main.rs:372)
51.039094 [INFO ] NMEA $GPZDA,093923.000,08,06,2026,,*5C (pico_gnss pico-gnss-rs/src/main.rs:372)
51.078640 [INFO ] TIME unix_ns=1780911563104522750 ppb=2400 holdover_ms=104 locked=1 (pico_gnss pico-gnss-rs/src/main.rs:195)
51.088238 [INFO ] NMEA $GPGST,093923.000,6.4,27,14,95.0,14,26,27*71 (pico_gnss pico-gnss-rs/src/main.rs:372)
51.272046 [INFO ] NMEA $GPGGA,093924.000,0000.0000,N,00000.0000,E,1,9,1.22,29.6,M,39.0,M,,*65 (pico_gnss pico-gnss-rs/src/main.rs:372)
51.330366 [INFO ] NMEA $GNGLL,0000.0000,N,00000.0000,E,093924.000,A,A*41 (pico_gnss pico-gnss-rs/src/main.rs:372)
51.376508 [INFO ] NMEA $GNGSA,A,3,05,20,22,15,14,23,,,,,,,1.50,1.22,0.88*1E (pico_gnss pico-gnss-rs/src/main.rs:372)
51.434801 [INFO ] NMEA $GNGSA,A,3,70,73,80,,,,,,,,,,1.50,1.22,0.88*12 (pico_gnss pico-gnss-rs/src/main.rs:372)
51.493476 [INFO ] NMEA $GPGSV,4,1,14,24,82,255,,15,62,047,25,23,47,317,13,20,39,068,22*70 (pico_gnss pico-gnss-rs/src/main.rs:372)
51.580842 [INFO ] NMEA $GPGSV,4,2,14,18,37,248,,05,31,140,20,22,18,053,16,12,15,165,*74 (pico_gnss pico-gnss-rs/src/main.rs:372)
51.643507 [INFO ] NMEA $GPGSV,4,3,14,10,12,317,,14,09,041,13,21,03,135,18,193,,,*72 (pico_gnss pico-gnss-rs/src/main.rs:372)
51.672892 [INFO ] NMEA $GPGSV,4,4,14,194,,,,195,,,*7D (pico_gnss pico-gnss-rs/src/main.rs:372)
51.731460 [INFO ] NMEA $GLGSV,3,1,10,73,53,148,17,71,46,337,,80,44,052,25,70,40,070,28*6A (pico_gnss pico-gnss-rs/src/main.rs:372)
51.818759 [INFO ] NMEA $GLGSV,3,2,10,86,25,266,,87,20,308,,74,13,183,,72,07,300,*62 (pico_gnss pico-gnss-rs/src/main.rs:372)
51.848266 [INFO ] NMEA $GLGSV,3,3,10,85,03,209,,69,01,099,*6F (pico_gnss pico-gnss-rs/src/main.rs:372)
51.910926 [INFO ] NMEA $GNRMC,093924.000,A,0000.0000,N,00000.0000,E,1.04,141.29,080626,,,A*76 (pico_gnss pico-gnss-rs/src/main.rs:372)
51.969078 [INFO ] NMEA $GPVTG,141.29,T,,M,1.04,N,1.93,K,A*3C (pico_gnss pico-gnss-rs/src/main.rs:372)
51.974139 [INFO ] PPS count=53 interval_us=1000002 interval_ns=1000002400 state=Locked missed=0 (pico_gnss pico-gnss-rs/src/main.rs:161)
51.975646 [INFO ] PPSGEN count=52 interval_ns=1000002416 dev_ns=2416 phase_ns=1465597 (pico_gnss pico-gnss-rs/src/main.rs:246)
51.998656 [INFO ] NMEA $GPZDA,093924.000,08,06,2026,,*5B (pico_gnss pico-gnss-rs/src/main.rs:372)
52.037863 [INFO ] NMEA $GPGST,093924.000,6.4,26,14,94.9,14,26,27*7F (pico_gnss pico-gnss-rs/src/main.rs:372)
52.079820 [INFO ] TIME unix_ns=1780911564105737347 ppb=2400 holdover_ms=1105 locked=1 (pico_gnss pico-gnss-rs/src/main.rs:195)
52.389873 [INFO ] NMEA $GPGGA,093925.000,0000.0000,N,00000.0000,E,1,9,1.22,29.6,M,39.0,M,,*60 (pico_gnss pico-gnss-rs/src/main.rs:372)
52.445149 [INFO ] NMEA $GNGLL,0000.0000,N,00000.0000,E,093925.000,A,A*44 (pico_gnss pico-gnss-rs/src/main.rs:372)
52.503589 [INFO ] NMEA $GNGSA,A,3,05,20,22,15,14,23,,,,,,,1.50,1.22,0.88*1E (pico_gnss pico-gnss-rs/src/main.rs:372)
52.561881 [INFO ] NMEA $GNGSA,A,3,70,73,80,,,,,,,,,,1.50,1.22,0.88*12 (pico_gnss pico-gnss-rs/src/main.rs:372)
52.620585 [INFO ] NMEA $GPGSV,4,1,14,24,82,255,,15,62,047,25,23,47,317,13,20,39,068,22*70 (pico_gnss pico-gnss-rs/src/main.rs:372)
52.683260 [INFO ] NMEA $GPGSV,4,2,14,18,37,248,,05,31,140,20,22,18,053,16,12,15,165,*74 (pico_gnss pico-gnss-rs/src/main.rs:372)
52.741857 [INFO ] NMEA $GPGSV,4,3,14,10,12,317,,14,09,041,13,21,03,135,18,193,,,*72 (pico_gnss pico-gnss-rs/src/main.rs:372)
52.799926 [INFO ] NMEA $GPGSV,4,4,14,194,,,,195,,,*7D (pico_gnss pico-gnss-rs/src/main.rs:372)
52.858584 [INFO ] NMEA $GLGSV,3,1,10,73,53,148,17,71,46,337,,80,44,052,25,70,40,070,28*6A (pico_gnss pico-gnss-rs/src/main.rs:372)
52.917003 [INFO ] NMEA $GLGSV,3,2,10,86,25,266,,87,20,308,,74,13,183,,72,07,300,*62 (pico_gnss pico-gnss-rs/src/main.rs:372)
52.974134 [INFO ] PPS count=54 interval_us=1000002 interval_ns=1000002416 state=Locked missed=0 (pico_gnss pico-gnss-rs/src/main.rs:161)
52.975654 [INFO ] PPSGEN count=53 interval_ns=1000002432 dev_ns=2432 phase_ns=1470196 (pico_gnss pico-gnss-rs/src/main.rs:246)
52.979511 [INFO ] NMEA $GLGSV,3,3,10,85,03,209,,69,01,099,*6F (pico_gnss pico-gnss-rs/src/main.rs:372)
53.037813 [INFO ] NMEA $GNRMC,093925.000,A,0000.0000,N,00000.0000,E,0.50,141.29,080626,,,A*73 (pico_gnss pico-gnss-rs/src/main.rs:372)
53.040378 [INFO ] SYNC pps_local_us=52967729 unix_s=1780911565 drift_us=2 err_ns=16 holdover_ms=1999 (pico_gnss pico-gnss-rs/src/main.rs:403)
53.067437 [INFO ] NMEA $GPVTG,141.29,T,,M,0.50,N,0.92,K,A*3C (pico_gnss pico-gnss-rs/src/main.rs:372)
53.081025 [INFO ] TIME unix_ns=1780911565106955744 ppb=2400 holdover_ms=106 locked=1 (pico_gnss pico-gnss-rs/src/main.rs:195)
53.125197 [INFO ] NMEA $GPZDA,093925.000,08,06,2026,,*5A (pico_gnss pico-gnss-rs/src/main.rs:372)
53.155910 [INFO ] NMEA $GPGST,093925.000,6.4,25,14,94.9,14,25,28*71 (pico_gnss pico-gnss-rs/src/main.rs:372)
53.347955 [INFO ] NMEA $GPGGA,093926.000,0000.0000,N,00000.0000,E,1,9,1.22,29.7,M,39.0,M,,*6B (pico_gnss pico-gnss-rs/src/main.rs:372)
53.406353 [INFO ] NMEA $GNGLL,0000.0000,N,00000.0000,E,093926.000,A,A*4E (pico_gnss pico-gnss-rs/src/main.rs:372)
53.464771 [INFO ] NMEA $GNGSA,A,3,05,20,22,15,14,23,,,,,,,1.50,1.22,0.88*1E (pico_gnss pico-gnss-rs/src/main.rs:372)
53.494405 [INFO ] NMEA $GNGSA,A,3,70,73,80,,,,,,,,,,1.50,1.22,0.88*12 (pico_gnss pico-gnss-rs/src/main.rs:372)
53.585829 [INFO ] NMEA $GPGSV,4,1,14,24,82,255,,15,62,047,25,23,47,317,13,20,39,068,22*70 (pico_gnss pico-gnss-rs/src/main.rs:372)
53.644473 [INFO ] NMEA $GPGSV,4,2,14,18,37,248,,05,31,140,20,22,18,053,16,12,15,165,*74 (pico_gnss pico-gnss-rs/src/main.rs:372)
53.702997 [INFO ] NMEA $GPGSV,4,3,14,10,12,317,,14,09,041,14,21,03,135,19,193,,,*74 (pico_gnss pico-gnss-rs/src/main.rs:372)
53.732363 [INFO ] NMEA $GPGSV,4,4,14,194,,,,195,,,*7D (pico_gnss pico-gnss-rs/src/main.rs:372)
53.819718 [INFO ] NMEA $GLGSV,3,1,10,73,53,148,17,71,46,337,,80,44,052,25,70,40,070,28*6A (pico_gnss pico-gnss-rs/src/main.rs:372)
53.882356 [INFO ] NMEA $GLGSV,3,2,10,86,25,266,,87,20,308,,74,13,183,,72,07,300,*62 (pico_gnss pico-gnss-rs/src/main.rs:372)
53.911766 [INFO ] NMEA $GLGSV,3,3,10,85,03,209,,69,01,099,*6F (pico_gnss pico-gnss-rs/src/main.rs:372)
53.974140 [INFO ] PPS count=55 interval_us=1000002 interval_ns=1000002400 state=Locked missed=0 (pico_gnss pico-gnss-rs/src/main.rs:161)
53.975661 [INFO ] PPSGEN count=54 interval_ns=1000002416 dev_ns=2416 phase_ns=1488596 (pico_gnss pico-gnss-rs/src/main.rs:246)
53.999406 [INFO ] NMEA $GNRMC,093926.000,A,0000.0000,N,00000.0000,E,0.68,31.95,080626,,,A*43 (pico_gnss pico-gnss-rs/src/main.rs:372)
54.001932 [INFO ] SYNC pps_local_us=53967732 unix_s=1780911566 drift_us=2 err_ns=0 holdover_ms=1000 (pico_gnss pico-gnss-rs/src/main.rs:403)
54.028708 [INFO ] NMEA $GPVTG,31.95,T,,M,0.68,N,1.25,K,A*0B (pico_gnss pico-gnss-rs/src/main.rs:372)
54.057752 [INFO ] NMEA $GPZDA,093926.000,08,06,2026,,*59 (pico_gnss pico-gnss-rs/src/main.rs:372)
54.082216 [INFO ] TIME unix_ns=1780911566108122741 ppb=2400 holdover_ms=108 locked=1 (pico_gnss pico-gnss-rs/src/main.rs:195)
54.105825 [INFO ] NMEA $GPGST,093926.000,6.4,24,14,94.7,14,24,26*72 (pico_gnss pico-gnss-rs/src/main.rs:372)
54.263026 [INFO ] NMEA $GPGGA,093927.000,0000.0000,N,00000.0000,E,1,9,1.22,29.6,M,39.0,M,,*61 (pico_gnss pico-gnss-rs/src/main.rs:372)
54.321392 [INFO ] NMEA $GNGLL,0000.0000,N,00000.0000,E,093927.000,A,A*45 (pico_gnss pico-gnss-rs/src/main.rs:372)
54.379830 [INFO ] NMEA $GNGSA,A,3,05,20,22,15,14,23,,,,,,,1.50,1.22,0.88*1E (pico_gnss pico-gnss-rs/src/main.rs:372)
54.409403 [INFO ] NMEA $GNGSA,A,3,70,73,80,,,,,,,,,,1.50,1.22,0.88*12 (pico_gnss pico-gnss-rs/src/main.rs:372)
54.489553 [INFO ] NMEA $GPGSV,4,1,14,24,82,255,,15,62,047,25,23,47,317,14,20,39,068,22*77 (pico_gnss pico-gnss-rs/src/main.rs:372)
54.577069 [INFO ] NMEA $GPGSV,4,2,14,18,37,248,,05,31,140,20,22,18,053,16,12,15,165,*74 (pico_gnss pico-gnss-rs/src/main.rs:372)
54.635611 [INFO ] NMEA $GPGSV,4,3,14,10,12,317,,14,09,041,16,21,03,135,19,193,,,*76 (pico_gnss pico-gnss-rs/src/main.rs:372)
54.664967 [INFO ] NMEA $GPGSV,4,4,14,194,,,,195,,,*7D (pico_gnss pico-gnss-rs/src/main.rs:372)
54.727657 [INFO ] NMEA $GLGSV,3,1,09,73,53,148,17,71,46,337,,80,44,052,25,70,40,070,28*62 (pico_gnss pico-gnss-rs/src/main.rs:372)
54.786199 [INFO ] NMEA $GLGSV,3,2,09,86,25,266,,87,20,308,,74,13,183,,72,07,300,*6A (pico_gnss pico-gnss-rs/src/main.rs:372)
54.815520 [INFO ] NMEA $GLGSV,3,3,09,85,03,209,*59 (pico_gnss pico-gnss-rs/src/main.rs:372)
54.902838 [INFO ] NMEA $GNRMC,093927.000,A,0000.0000,N,00000.0000,E,0.77,62.95,080626,,,A*40 (pico_gnss pico-gnss-rs/src/main.rs:372)
54.932416 [INFO ] NMEA $GPVTG,62.95,T,,M,0.77,N,1.43,K,A*03 (pico_gnss pico-gnss-rs/src/main.rs:372)
54.974161 [INFO ] PPS count=56 interval_us=1000002 interval_ns=1000002400 state=Locked missed=0 (pico_gnss pico-gnss-rs/src/main.rs:161)
54.975746 [INFO ] PPSGEN count=55 interval_ns=1000002432 dev_ns=2432 phase_ns=1507596 (pico_gnss pico-gnss-rs/src/main.rs:246)
54.990514 [INFO ] NMEA $GPZDA,093927.000,08,06,2026,,*58 (pico_gnss pico-gnss-rs/src/main.rs:372)
55.015615 [INFO ] NMEA $GPGST,093927.000,6.4,24,14,94.7,14,24,26*73 (pico_gnss pico-gnss-rs/src/main.rs:372)
55.083409 [INFO ] TIME unix_ns=1780911567109309338 ppb=2400 holdover_ms=1109 locked=1 (pico_gnss pico-gnss-rs/src/main.rs:195)
55.372915 [INFO ] NMEA $GPGGA,093928.000,0000.0000,N,00000.0000,E,1,9,1.22,29.5,M,39.0,M,,*63 (pico_gnss pico-gnss-rs/src/main.rs:372)
55.431252 [INFO ] NMEA $GNGLL,0000.0000,N,00000.0000,E,093928.000,A,A*44 (pico_gnss pico-gnss-rs/src/main.rs:372)
55.489713 [INFO ] NMEA $GNGSA,A,3,05,20,22,15,14,23,,,,,,,1.50,1.22,0.88*1E (pico_gnss pico-gnss-rs/src/main.rs:372)
55.534612 [INFO ] NMEA $GNGSA,A,3,70,73,80,,,,,,,,,,1.50,1.22,0.88*12 (pico_gnss pico-gnss-rs/src/main.rs:372)
55.593294 [INFO ] NMEA $GPGSV,4,1,14,24,82,255,,15,62,047,25,23,47,317,14,20,39,068,22*77 (pico_gnss pico-gnss-rs/src/main.rs:372)
55.680657 [INFO ] NMEA $GPGSV,4,2,14,18,37,248,,05,31,140,20,22,18,053,16,12,15,165,*74 (pico_gnss pico-gnss-rs/src/main.rs:372)
55.739241 [INFO ] NMEA $GPGSV,4,3,14,10,12,317,,14,09,041,15,21,03,135,19,193,,,*75 (pico_gnss pico-gnss-rs/src/main.rs:372)
55.768570 [INFO ] NMEA $GPGSV,4,4,14,194,,,,195,,,*7D (pico_gnss pico-gnss-rs/src/main.rs:372)
55.831267 [INFO ] NMEA $GLGSV,3,1,09,73,53,148,17,71,46,337,,80,44,052,25,70,40,071,28*63 (pico_gnss pico-gnss-rs/src/main.rs:372)
55.918482 [INFO ] NMEA $GLGSV,3,2,09,86,25,266,,87,20,308,,74,13,183,,72,07,300,*6A (pico_gnss pico-gnss-rs/src/main.rs:372)
55.947727 [INFO ] NMEA $GLGSV,3,3,09,85,03,209,*59 (pico_gnss pico-gnss-rs/src/main.rs:372)
55.974120 [INFO ] PPS count=57 interval_us=1000002 interval_ns=1000002400 state=Locked missed=0 (pico_gnss pico-gnss-rs/src/main.rs:161)
55.975603 [INFO ] PPSGEN count=56 interval_ns=1000002416 dev_ns=2416 phase_ns=1433196 (pico_gnss pico-gnss-rs/src/main.rs:246)
56.006365 [INFO ] NMEA $GNRMC,093928.000,A,0000.0000,N,00000.0000,E,0.82,25.67,080626,,,A*45 (pico_gnss pico-gnss-rs/src/main.rs:372)
56.008924 [INFO ] SYNC pps_local_us=55967736 unix_s=1780911568 drift_us=2 err_ns=0 holdover_ms=2000 (pico_gnss pico-gnss-rs/src/main.rs:403)
56.064305 [INFO ] NMEA $GPVTG,25.67,T,,M,0.82,N,1.51,K,A*04 (pico_gnss pico-gnss-rs/src/main.rs:372)
56.084629 [INFO ] TIME unix_ns=1780911568110511735 ppb=2400 holdover_ms=110 locked=1 (pico_gnss pico-gnss-rs/src/main.rs:195)
56.097973 [INFO ] NMEA $GPZDA,093928.000,08,06,2026,,*57 (pico_gnss pico-gnss-rs/src/main.rs:372)
56.125380 [INFO ] NMEA $GPGST,093928.000,6.4,24,13,94.8,14,24,26*74 (pico_gnss pico-gnss-rs/src/main.rs:372)
56.342993 [INFO ] NMEA $GPGGA,093929.000,0000.0000,N,00000.0000,E,1,9,1.22,29.4,M,39.0,M,,*66 (pico_gnss pico-gnss-rs/src/main.rs:372)
56.401342 [INFO ] NMEA $GNGLL,0000.0000,N,00000.0000,E,093929.000,A,A*40 (pico_gnss pico-gnss-rs/src/main.rs:372)
56.459713 [INFO ] NMEA $GNGSA,A,3,05,20,22,15,14,23,,,,,,,1.50,1.22,0.88*1E (pico_gnss pico-gnss-rs/src/main.rs:372)
56.498565 [INFO ] NMEA $GNGSA,A,3,70,73,80,,,,,,,,,,1.50,1.22,0.88*12 (pico_gnss pico-gnss-rs/src/main.rs:372)
56.585966 [INFO ] NMEA $GPGSV,4,1,14,24,82,255,,15,62,047,25,23,47,317,15,20,39,068,22*76 (pico_gnss pico-gnss-rs/src/main.rs:372)
56.644609 [INFO ] NMEA $GPGSV,4,2,14,18,37,248,,05,31,140,20,22,18,053,16,12,15,165,*74 (pico_gnss pico-gnss-rs/src/main.rs:372)
56.703164 [INFO ] NMEA $GPGSV,4,3,14,10,12,317,,14,09,041,15,21,03,135,19,193,,,*75 (pico_gnss pico-gnss-rs/src/main.rs:372)
56.736564 [INFO ] NMEA $GPGSV,4,4,14,194,,,,195,,,*7D (pico_gnss pico-gnss-rs/src/main.rs:372)
56.824013 [INFO ] NMEA $GLGSV,3,1,09,73,53,148,17,71,47,338,,80,44,052,25,70,40,071,28*6D (pico_gnss pico-gnss-rs/src/main.rs:372)
56.882508 [INFO ] NMEA $GLGSV,3,2,09,86,25,266,,87,20,308,,74,13,183,,72,07,300,*6A (pico_gnss pico-gnss-rs/src/main.rs:372)
56.911759 [INFO ] NMEA $GLGSV,3,3,09,85,03,209,*59 (pico_gnss pico-gnss-rs/src/main.rs:372)
56.970253 [INFO ] NMEA $GNRMC,093929.000,A,0000.0000,N,00000.0000,E,0.70,2.71,080626,,,A*7E (pico_gnss pico-gnss-rs/src/main.rs:372)
56.973286 [INFO ] PPSGEN count=57 interval_ns=998564720 dev_ns=-1435280 phase_ns=-993398 (pico_gnss pico-gnss-rs/src/main.rs:246)
56.974767 [INFO ] PPS count=58 interval_us=1000002 interval_ns=1000002400 state=Locked missed=0 (pico_gnss pico-gnss-rs/src/main.rs:161)
57.032419 [INFO ] NMEA $GPVTG,2.71,T,,M,0.70,N,1.30,K,A*3C (pico_gnss pico-gnss-rs/src/main.rs:372)
57.061747 [INFO ] NMEA $GPZDA,093929.000,08,06,2026,,*56 (pico_gnss pico-gnss-rs/src/main.rs:372)
57.085833 [INFO ] TIME unix_ns=1780911569111721332 ppb=2400 holdover_ms=1111 locked=1 (pico_gnss pico-gnss-rs/src/main.rs:195)
57.093718 [INFO ] NMEA $GPGST,093929.000,6.4,24,13,94.6,13,24,25*7F (pico_gnss pico-gnss-rs/src/main.rs:372)
57.316697 [INFO ] NMEA $GPGGA,093930.000,0000.0000,N,00000.0000,E,1,9,1.22,29.4,M,39.0,M,,*61 (pico_gnss pico-gnss-rs/src/main.rs:372)
57.375044 [INFO ] NMEA $GNGLL,0000.0000,N,00000.0000,E,093930.000,A,A*47 (pico_gnss pico-gnss-rs/src/main.rs:372)
57.438594 [INFO ] NMEA $GNGSA,A,3,05,20,22,15,14,23,,,,,,,1.50,1.22,0.88*1E (pico_gnss pico-gnss-rs/src/main.rs:372)
57.468250 [INFO ] NMEA $GNGSA,A,3,70,73,80,,,,,,,,,,1.50,1.22,0.88*12 (pico_gnss pico-gnss-rs/src/main.rs:372)
57.555591 [INFO ] NMEA $GPGSV,4,1,14,24,82,255,,15,62,047,25,23,47,317,15,20,39,068,22*76 (pico_gnss pico-gnss-rs/src/main.rs:372)
57.614232 [INFO ] NMEA $GPGSV,4,2,14,18,37,248,,05,31,140,20,22,18,053,16,12,15,165,*74 (pico_gnss pico-gnss-rs/src/main.rs:372)
57.676858 [INFO ] NMEA $GPGSV,4,3,14,10,12,317,,14,09,041,15,21,03,135,19,193,,,*75 (pico_gnss pico-gnss-rs/src/main.rs:372)
57.706235 [INFO ] NMEA $GPGSV,4,4,14,194,,,,195,,,*7D (pico_gnss pico-gnss-rs/src/main.rs:372)
57.793584 [INFO ] NMEA $GLGSV,3,1,09,73,53,148,17,71,47,338,,80,44,052,26,70,40,071,28*6E (pico_gnss pico-gnss-rs/src/main.rs:372)
57.852162 [INFO ] NMEA $GLGSV,3,2,09,86,25,266,,87,20,308,,74,13,183,,72,07,300,*6A (pico_gnss pico-gnss-rs/src/main.rs:372)
57.881453 [INFO ] NMEA $GLGSV,3,3,09,85,03,209,*59 (pico_gnss pico-gnss-rs/src/main.rs:372)
57.944049 [INFO ] NMEA $GNRMC,093930.000,A,0000.0000,N,00000.0000,E,1.43,122.51,080626,,,A*79 (pico_gnss pico-gnss-rs/src/main.rs:372)
57.946629 [INFO ] SYNC pps_local_us=56967739 unix_s=1780911570 drift_us=2 err_ns=0 holdover_ms=1000 (pico_gnss pico-gnss-rs/src/main.rs:403)
57.973525 [INFO ] PPSGEN count=58 interval_ns=1000002416 dev_ns=2416 phase_ns=-1285397 (pico_gnss pico-gnss-rs/src/main.rs:246)
57.974847 [INFO ] PPS count=59 interval_us=1000002 interval_ns=1000002384 state=Locked missed=0 (pico_gnss pico-gnss-rs/src/main.rs:161)
58.002349 [INFO ] NMEA $GPVTG,122.51,T,,M,1.43,N,2.65,K,A*3F (pico_gnss pico-gnss-rs/src/main.rs:372)
58.031517 [INFO ] NMEA $GPZDA,093930.000,08,06,2026,,*5E (pico_gnss pico-gnss-rs/src/main.rs:372)
58.070993 [INFO ] NMEA $GPGST,093930.000,6.4,24,13,95.0,13,24,25*70 (pico_gnss pico-gnss-rs/src/main.rs:372)
58.087057 [INFO ] TIME unix_ns=1780911571112281331 ppb=2400 holdover_ms=1112 locked=1 (pico_gnss pico-gnss-rs/src/main.rs:195)
58.269972 [INFO ] NMEA $GPGGA,093931.000,0000.0000,N,00000.0000,E,1,9,1.22,29.3,M,39.0,M,,*6E (pico_gnss pico-gnss-rs/src/main.rs:372)
58.325250 [INFO ] NMEA $GNGLL,0000.0000,N,00000.0000,E,093931.000,A,A*4F (pico_gnss pico-gnss-rs/src/main.rs:372)
58.383684 [INFO ] NMEA $GNGSA,A,3,05,20,22,15,14,23,,,,,,,1.50,1.22,0.88*1E (pico_gnss pico-gnss-rs/src/main.rs:372)
58.442057 [INFO ] NMEA $GNGSA,A,3,70,73,80,,,,,,,,,,1.50,1.22,0.88*12 (pico_gnss pico-gnss-rs/src/main.rs:372)
58.500716 [INFO ] NMEA $GPGSV,4,1,14,24,82,255,,15,62,047,25,23,47,317,15,20,39,068,22*76 (pico_gnss pico-gnss-rs/src/main.rs:372)
58.559299 [INFO ] NMEA $GPGSV,4,2,14,18,37,248,,05,31,140,20,22,18,053,16,12,15,165,*74 (pico_gnss pico-gnss-rs/src/main.rs:372)
58.621960 [INFO ] NMEA $GPGSV,4,3,14,10,12,317,,14,09,041,15,21,03,135,19,193,,,*75 (pico_gnss pico-gnss-rs/src/main.rs:372)
58.680029 [INFO ] NMEA $GPGSV,4,4,14,194,,,,195,,,*7D (pico_gnss pico-gnss-rs/src/main.rs:372)
58.738694 [INFO ] NMEA $GLGSV,3,1,09,73,54,147,17,71,47,338,,80,44,052,26,70,40,071,28*66 (pico_gnss pico-gnss-rs/src/main.rs:372)
58.797214 [INFO ] NMEA $GLGSV,3,2,09,86,25,266,,87,20,308,,74,13,183,,72,07,300,*6A (pico_gnss pico-gnss-rs/src/main.rs:372)
58.826530 [INFO ] NMEA $GLGSV,3,3,09,85,03,209,*59 (pico_gnss pico-gnss-rs/src/main.rs:372)
58.917938 [INFO ] NMEA $GNRMC,093931.000,A,0000.0000,N,00000.0000,E,1.72,136.92,080626,,,A*79 (pico_gnss pico-gnss-rs/src/main.rs:372)
58.920532 [INFO ] SYNC pps_local_us=57967741 unix_s=1780911571 drift_us=2 err_ns=-15 holdover_ms=1000 (pico_gnss pico-gnss-rs/src/main.rs:403)
58.947630 [INFO ] NMEA $GPVTG,136.92,T,,M,1.72,N,3.18,K,A*3C (pico_gnss pico-gnss-rs/src/main.rs:372)
58.973130 [INFO ] PPSGEN count=59 interval_ns=1000002432 dev_ns=2432 phase_ns=-1815395 (pico_gnss pico-gnss-rs/src/main.rs:246)
58.974504 [INFO ] PPS count=60 interval_us=1000002 interval_ns=1000002416 state=Locked missed=0 (pico_gnss pico-gnss-rs/src/main.rs:161)
58.976956 [INFO ] NMEA $GPZDA,093931.000,08,06,2026,,*5F (pico_gnss pico-gnss-rs/src/main.rs:372)
59.024512 [INFO ] NMEA $GPGST,093931.000,6.5,24,13,95.0,13,24,26*73 (pico_gnss pico-gnss-rs/src/main.rs:372)
59.088262 [INFO ] TIME unix_ns=1780911572113381328 ppb=2400 holdover_ms=1113 locked=1 (pico_gnss pico-gnss-rs/src/main.rs:195)
59.382993 [INFO ] NMEA $GPGGA,093932.000,0000.0000,N,00000.0000,E,1,9,1.22,29.3,M,39.0,M,,*6A (pico_gnss pico-gnss-rs/src/main.rs:372)
59.430045 [INFO ] NMEA $GNGLL,0000.0000,N,00000.0000,E,093932.000,A,A*4B (pico_gnss pico-gnss-rs/src/main.rs:372)
59.488460 [INFO ] NMEA $GNGSA,A,3,05,20,22,15,14,23,,,,,,,1.50,1.22,0.88*1E (pico_gnss pico-gnss-rs/src/main.rs:372)
59.546814 [INFO ] NMEA $GNGSA,A,3,70,73,80,,,,,,,,,,1.50,1.22,0.88*12 (pico_gnss pico-gnss-rs/src/main.rs:372)
59.605414 [INFO ] NMEA $GPGSV,4,1,14,24,82,255,,15,62,047,25,23,47,317,14,20,39,068,22*77 (pico_gnss pico-gnss-rs/src/main.rs:372)
59.696960 [INFO ] NMEA $GPGSV,4,2,14,18,37,248,,05,31,140,20,22,18,053,16,12,15,165,*74 (pico_gnss pico-gnss-rs/src/main.rs:372)
59.755519 [INFO ] NMEA $GPGSV,4,3,14,10,12,317,,14,09,041,16,21,03,135,19,193,,,*76 (pico_gnss pico-gnss-rs/src/main.rs:372)
59.784895 [INFO ] NMEA $GPGSV,4,4,14,194,,,,195,,,*7D (pico_gnss pico-gnss-rs/src/main.rs:372)
59.843430 [INFO ] NMEA $GLGSV,3,1,09,73,54,147,17,71,47,338,,80,44,052,27,70,40,071,28*67 (pico_gnss pico-gnss-rs/src/main.rs:372)
59.930563 [INFO ] NMEA $GLGSV,3,2,09,86,25,266,,87,20,308,,74,14,183,,72,07,300,*6D (pico_gnss pico-gnss-rs/src/main.rs:372)
59.935280 [INFO ] NMEA $GLGSV,3,3,09,85,03,209,*59 (pico_gnss pico-gnss-rs/src/main.rs:372)
59.973163 [INFO ] PPSGEN count=60 interval_ns=1000002416 dev_ns=2416 phase_ns=-1845796 (pico_gnss pico-gnss-rs/src/main.rs:246)
59.974526 [INFO ] PPS count=61 interval_us=1000002 interval_ns=1000002384 state=Locked missed=0 (pico_gnss pico-gnss-rs/src/main.rs:161)
60.022619 [INFO ] NMEA $GNRMC,093932.000,A,0000.0000,N,00000.0000,E,1.16,115.49,080626,,,A*78 (pico_gnss pico-gnss-rs/src/main.rs:372)
60.025206 [INFO ] SYNC pps_local_us=59967746 unix_s=1780911572 drift_us=2 err_ns=1 holdover_ms=1999 (pico_gnss pico-gnss-rs/src/main.rs:403)
60.052245 [INFO ] NMEA $GPVTG,115.49,T,,M,1.16,N,2.15,K,A*35 (pico_gnss pico-gnss-rs/src/main.rs:372)
60.089484 [INFO ] TIME unix_ns=1780911572114924725 ppb=2400 holdover_ms=114 locked=1 (pico_gnss pico-gnss-rs/src/main.rs:195)
60.110167 [INFO ] NMEA $GPZDA,093932.000,08,06,2026,,*5C (pico_gnss pico-gnss-rs/src/main.rs:372)
60.137583 [INFO ] NMEA $GPGST,093932.000,6.5,23,13,94.8,13,23,25*7A (pico_gnss pico-gnss-rs/src/main.rs:372)
60.310258 [INFO ] NMEA $GPGGA,093933.000,0000.0000,N,00000.0000,E,1,9,1.22,29.3,M,39.0,M,,*62 (pico_gnss pico-gnss-rs/src/main.rs:372)
60.368628 [INFO ] NMEA $GNGLL,0000.0000,N,00000.0000,E,093933.000,A,A*43 (pico_gnss pico-gnss-rs/src/main.rs:372)
60.398352 [INFO ] NMEA $GNGSA,A,3,05,20,22,15,14,23,,,,,,,1.50,1.22,0.88*1E (pico_gnss pico-gnss-rs/src/main.rs:372)
60.456622 [INFO ] NMEA $GNGSA,A,3,70,73,80,,,,,,,,,,1.50,1.22,0.88*12 (pico_gnss pico-gnss-rs/src/main.rs:372)
60.543932 [INFO ] NMEA $GPGSV,4,1,14,24,82,255,,15,62,047,25,23,47,317,14,20,39,068,22*77 (pico_gnss pico-gnss-rs/src/main.rs:372)
60.606694 [INFO ] NMEA $GPGSV,4,2,14,18,37,248,,05,31,140,21,22,18,053,16,12,15,165,*75 (pico_gnss pico-gnss-rs/src/main.rs:372)
60.665308 [INFO ] NMEA $GPGSV,4,3,14,10,12,317,,14,09,041,16,21,03,135,19,193,,,*76 (pico_gnss pico-gnss-rs/src/main.rs:372)
60.694668 [INFO ] NMEA $GPGSV,4,4,14,194,,,,195,,,*7D (pico_gnss pico-gnss-rs/src/main.rs:372)
60.782013 [INFO ] NMEA $GLGSV,3,1,09,73,54,147,17,71,47,338,,80,44,052,26,70,40,071,28*66 (pico_gnss pico-gnss-rs/src/main.rs:372)
60.844648 [INFO ] NMEA $GLGSV,3,2,09,86,25,266,,87,20,308,,74,14,183,,72,07,300,*6D (pico_gnss pico-gnss-rs/src/main.rs:372)
60.873984 [INFO ] NMEA $GLGSV,3,3,09,85,03,209,*59 (pico_gnss pico-gnss-rs/src/main.rs:372)
60.932511 [INFO ] NMEA $GNRMC,093933.000,A,0000.0000,N,00000.0000,E,1.52,63.56,080626,,,A*4E (pico_gnss pico-gnss-rs/src/main.rs:372)
60.973250 [INFO ] PPSGEN count=61 interval_ns=1000002432 dev_ns=2432 phase_ns=-1496396 (pico_gnss pico-gnss-rs/src/main.rs:246)
60.974656 [INFO ] PPS count=62 interval_us=1000002 interval_ns=1000002416 state=Locked missed=0 (pico_gnss pico-gnss-rs/src/main.rs:161)
60.990934 [INFO ] NMEA $GPVTG,63.56,T,,M,1.52,N,2.81,K,A*06 (pico_gnss pico-gnss-rs/src/main.rs:372)
61.019960 [INFO ] NMEA $GPZDA,093933.000,08,06,2026,,*5D (pico_gnss pico-gnss-rs/src/main.rs:372)
61.049344 [INFO ] NMEA $GPGST,093933.000,6.5,23,13,94.6,13,23,25*75 (pico_gnss pico-gnss-rs/src/main.rs:372)
61.090704 [INFO ] TIME unix_ns=1780911573116129321 ppb=2400 holdover_ms=1116 locked=1 (pico_gnss pico-gnss-rs/src/main.rs:195)
61.254936 [INFO ] NMEA $GPGGA,093934.000,0000.0000,N,00000.0000,E,1,9,1.22,29.3,M,39.0,M,,*67 (pico_gnss pico-gnss-rs/src/main.rs:372)
61.313290 [INFO ] NMEA $GNGLL,0000.0000,N,00000.0000,E,093934.000,A,A*46 (pico_gnss pico-gnss-rs/src/main.rs:372)
61.371741 [INFO ] NMEA $GNGSA,A,3,05,20,22,15,14,23,,,,,,,1.50,1.22,0.88*1E (pico_gnss pico-gnss-rs/src/main.rs:372)
61.401348 [INFO ] NMEA $GNGSA,A,3,70,73,80,,,,,,,,,,1.50,1.22,0.88*12 (pico_gnss pico-gnss-rs/src/main.rs:372)
61.492794 [INFO ] NMEA $GPGSV,4,1,14,24,82,255,,15,62,047,25,23,47,317,14,20,39,068,22*77 (pico_gnss pico-gnss-rs/src/main.rs:372)
61.551441 [INFO ] NMEA $GPGSV,4,2,14,18,37,248,,05,31,140,22,22,18,053,16,12,15,165,*76 (pico_gnss pico-gnss-rs/src/main.rs:372)
61.609963 [INFO ] NMEA $GPGSV,4,3,14,10,12,317,,14,09,041,16,21,03,135,19,193,,,*76 (pico_gnss pico-gnss-rs/src/main.rs:372)
61.639343 [INFO ] NMEA $GPGSV,4,4,14,194,,,,195,,,*7D (pico_gnss pico-gnss-rs/src/main.rs:372)
61.730769 [INFO ] NMEA $GLGSV,3,1,09,73,54,147,17,71,47,338,,80,44,052,26,70,40,071,28*66 (pico_gnss pico-gnss-rs/src/main.rs:372)
61.789356 [INFO ] NMEA $GLGSV,3,2,09,86,25,266,,87,20,308,,74,14,183,,72,07,300,*6D (pico_gnss pico-gnss-rs/src/main.rs:372)
61.818674 [INFO ] NMEA $GLGSV,3,3,09,85,03,209,*59 (pico_gnss pico-gnss-rs/src/main.rs:372)
61.877305 [INFO ] NMEA $GNRMC,093934.000,A,0000.0000,N,00000.0000,E,1.07,17.49,080626,,,A*46 (pico_gnss pico-gnss-rs/src/main.rs:372)
61.879860 [INFO ] SYNC pps_local_us=60967748 unix_s=1780911574 drift_us=2 err_ns=16 holdover_ms=1000 (pico_gnss pico-gnss-rs/src/main.rs:403)
61.935437 [INFO ] NMEA $GPVTG,17.49,T,,M,1.07,N,1.99,K,A*01 (pico_gnss pico-gnss-rs/src/main.rs:372)
61.964715 [INFO ] NMEA $GPZDA,093934.000,08,06,2026,,*5A (pico_gnss pico-gnss-rs/src/main.rs:372)
61.973131 [INFO ] PPSGEN count=62 interval_ns=1000002416 dev_ns=2416 phase_ns=-1580396 (pico_gnss pico-gnss-rs/src/main.rs:246)
61.974477 [INFO ] PPS count=63 interval_us=1000002 interval_ns=1000002400 state=Locked missed=0 (pico_gnss pico-gnss-rs/src/main.rs:161)
62.004167 [INFO ] NMEA $GPGST,093934.000,6.6,22,13,94.4,13,22,25*73 (pico_gnss pico-gnss-rs/src/main.rs:372)
62.091921 [INFO ] TIME unix_ns=1780911575117264319 ppb=2400 holdover_ms=1117 locked=1 (pico_gnss pico-gnss-rs/src/main.rs:195)
62.374961 [INFO ] NMEA $GPGGA,093935.000,0000.0000,N,00000.0000,E,1,9,1.22,29.4,M,39.0,M,,*6F (pico_gnss pico-gnss-rs/src/main.rs:372)
62.433293 [INFO ] NMEA $GNGLL,0000.0000,N,00000.0000,E,093935.000,A,A*49 (pico_gnss pico-gnss-rs/src/main.rs:372)
62.491748 [INFO ] NMEA $GNGSA,A,3,05,20,22,15,14,23,,,,,,,1.50,1.22,0.88*1E (pico_gnss pico-gnss-rs/src/main.rs:372)
62.521325 [INFO ] NMEA $GNGSA,A,3,70,73,80,,,,,,,,,,1.50,1.22,0.88*12 (pico_gnss pico-gnss-rs/src/main.rs:372)
62.609717 [INFO ] NMEA $GPGSV,4,1,14,24,82,255,,15,62,047,25,23,47,317,14,20,39,068,21*74 (pico_gnss pico-gnss-rs/src/main.rs:372)
62.668289 [INFO ] NMEA $GPGSV,4,2,14,18,37,248,,05,31,140,22,22,18,053,15,12,15,165,*75 (pico_gnss pico-gnss-rs/src/main.rs:372)
62.726869 [INFO ] NMEA $GPGSV,4,3,14,10,12,317,,14,09,041,16,21,03,135,19,193,,,*76 (pico_gnss pico-gnss-rs/src/main.rs:372)
62.784936 [INFO ] NMEA $GPGSV,4,4,14,194,,,,195,,,*7D (pico_gnss pico-gnss-rs/src/main.rs:372)
62.847698 [INFO ] NMEA $GLGSV,3,1,09,73,54,147,17,71,47,338,,80,44,052,26,70,40,071,28*66 (pico_gnss pico-gnss-rs/src/main.rs:372)
62.906183 [INFO ] NMEA $GLGSV,3,2,09,86,25,266,,87,20,308,,74,14,183,,72,07,300,*6D (pico_gnss pico-gnss-rs/src/main.rs:372)
62.935401 [INFO ] NMEA $GLGSV,3,3,09,85,03,209,*59 (pico_gnss pico-gnss-rs/src/main.rs:372)
62.973234 [INFO ] PPSGEN count=63 interval_ns=1000002432 dev_ns=2432 phase_ns=-1613796 (pico_gnss pico-gnss-rs/src/main.rs:246)
62.974632 [INFO ] PPS count=64 interval_us=1000002 interval_ns=1000002384 state=Locked missed=0 (pico_gnss pico-gnss-rs/src/main.rs:161)
63.022762 [INFO ] NMEA $GNRMC,093935.000,A,0000.0000,N,00000.0000,E,1.00,104.31,080626,,,A*72 (pico_gnss pico-gnss-rs/src/main.rs:372)
63.025371 [INFO ] SYNC pps_local_us=62967753 unix_s=1780911575 drift_us=2 err_ns=-15 holdover_ms=1999 (pico_gnss pico-gnss-rs/src/main.rs:403)
63.052350 [INFO ] NMEA $GPVTG,104.31,T,,M,1.00,N,1.85,K,A*37 (pico_gnss pico-gnss-rs/src/main.rs:372)
63.085410 [INFO ] NMEA $GPZDA,093935.000,08,06,2026,,*5B (pico_gnss pico-gnss-rs/src/main.rs:372)
63.093127 [INFO ] TIME unix_ns=1780911575118496716 ppb=2400 holdover_ms=118 locked=1 (pico_gnss pico-gnss-rs/src/main.rs:195)
63.129206 [INFO ] NMEA $GPGST,093935.000,6.6,22,13,94.2,13,22,25*74 (pico_gnss pico-gnss-rs/src/main.rs:372)
63.339740 [INFO ] NMEA $GPGGA,093936.000,0000.0000,N,00000.0000,E,1,9,1.22,29.5,M,39.0,M,,*6D (pico_gnss pico-gnss-rs/src/main.rs:372)
63.398101 [INFO ] NMEA $GNGLL,0000.0000,N,00000.0000,E,093936.000,A,A*4A (pico_gnss pico-gnss-rs/src/main.rs:372)
63.456535 [INFO ] NMEA $GNGSA,A,3,05,20,22,15,14,23,,,,,,,1.50,1.22,0.88*1E (pico_gnss pico-gnss-rs/src/main.rs:372)
63.507657 [INFO ] NMEA $GNGSA,A,3,70,73,80,,,,,,,,,,1.50,1.22,0.88*12 (pico_gnss pico-gnss-rs/src/main.rs:372)
63.566267 [INFO ] NMEA $GPGSV,4,1,14,24,82,255,,15,62,047,25,23,47,317,13,20,39,068,21*73 (pico_gnss pico-gnss-rs/src/main.rs:372)
63.653783 [INFO ] NMEA $GPGSV,4,2,14,18,37,248,,05,31,140,22,22,18,053,15,12,15,165,*75 (pico_gnss pico-gnss-rs/src/main.rs:372)
63.712344 [INFO ] NMEA $GPGSV,4,3,14,10,12,317,,14,09,041,15,21,03,135,19,193,,,*75 (pico_gnss pico-gnss-rs/src/main.rs:372)
63.745736 [INFO ] NMEA $GPGSV,4,4,14,194,,,,195,,,*7D (pico_gnss pico-gnss-rs/src/main.rs:372)
63.804402 [INFO ] NMEA $GLGSV,3,1,09,73,54,147,17,71,47,338,,80,44,052,26,70,40,071,28*66 (pico_gnss pico-gnss-rs/src/main.rs:372)
63.862926 [INFO ] NMEA $GLGSV,3,2,09,86,25,266,,87,20,308,,74,14,183,,72,07,300,*6D (pico_gnss pico-gnss-rs/src/main.rs:372)
63.892176 [INFO ] NMEA $GLGSV,3,3,09,85,03,209,*59 (pico_gnss pico-gnss-rs/src/main.rs:372)
63.973183 [INFO ] PPSGEN count=64 interval_ns=1000002416 dev_ns=2416 phase_ns=-1586396 (pico_gnss pico-gnss-rs/src/main.rs:246)
63.974590 [INFO ] PPS count=65 interval_us=1000002 interval_ns=1000002400 state=Locked missed=0 (pico_gnss pico-gnss-rs/src/main.rs:161)
63.979795 [INFO ] NMEA $GNRMC,093936.000,A,0000.0000,N,00000.0000,E,1.36,101.32,080626,,,A*72 (pico_gnss pico-gnss-rs/src/main.rs:372)
63.982361 [INFO ] SYNC pps_local_us=63967756 unix_s=1780911576 drift_us=2 err_ns=1 holdover_ms=999 (pico_gnss pico-gnss-rs/src/main.rs:403)
64.012962 [INFO ] NMEA $GPVTG,101.32,T,,M,1.36,N,2.52,K,A*3D (pico_gnss pico-gnss-rs/src/main.rs:372)
64.042256 [INFO ] NMEA $GPZDA,093936.000,08,06,2026,,*58 (pico_gnss pico-gnss-rs/src/main.rs:372)
64.094373 [INFO ] TIME unix_ns=1780911576119758713 ppb=2400 holdover_ms=119 locked=1 (pico_gnss pico-gnss-rs/src/main.rs:195)
64.095863 [INFO ] NMEA $GPGST,093936.000,6.6,22,13,94.2,13,22,25*77 (pico_gnss pico-gnss-rs/src/main.rs:372)
64.287862 [INFO ] NMEA $GPGGA,093937.000,0000.0000,N,00000.0000,E,1,9,1.22,29.6,M,39.0,M,,*6C (pico_gnss pico-gnss-rs/src/main.rs:372)
64.346202 [INFO ] NMEA $GNGLL,0000.0000,N,00000.0000,E,093937.000,A,A*48 (pico_gnss pico-gnss-rs/src/main.rs:372)
64.389218 [INFO ] NMEA $GNGSA,A,3,05,20,22,15,14,23,,,,,,,1.50,1.22,0.88*1E (pico_gnss pico-gnss-rs/src/main.rs:372)
64.447511 [INFO ] NMEA $GNGSA,A,3,70,73,80,,,,,,,,,,1.50,1.22,0.88*12 (pico_gnss pico-gnss-rs/src/main.rs:372)
64.506180 [INFO ] NMEA $GPGSV,4,1,14,24,82,255,,15,62,047,25,23,47,317,13,20,39,068,21*73 (pico_gnss pico-gnss-rs/src/main.rs:372)
64.593552 [INFO ] NMEA $GPGSV,4,2,14,18,37,248,,05,31,140,22,22,18,053,15,12,15,165,*75 (pico_gnss pico-gnss-rs/src/main.rs:372)
64.656230 [INFO ] NMEA $GPGSV,4,3,14,10,12,317,,14,09,041,15,21,03,135,19,193,,,*75 (pico_gnss pico-gnss-rs/src/main.rs:372)
64.685606 [INFO ] NMEA $GPGSV,4,4,14,194,,,,195,,,*7D (pico_gnss pico-gnss-rs/src/main.rs:372)
64.744170 [INFO ] NMEA $GLGSV,3,1,09,73,54,147,17,71,47,338,,80,44,052,26,70,40,071,28*66 (pico_gnss pico-gnss-rs/src/main.rs:372)
64.831472 [INFO ] NMEA $GLGSV,3,2,09,86,25,266,,87,20,308,,74,14,183,,72,07,300,*6D (pico_gnss pico-gnss-rs/src/main.rs:372)
64.860801 [INFO ] NMEA $GLGSV,3,3,09,85,03,209,*59 (pico_gnss pico-gnss-rs/src/main.rs:372)
64.923431 [INFO ] NMEA $GNRMC,093937.000,A,0000.0000,N,00000.0000,E,0.52,101.32,080626,,,A*73 (pico_gnss pico-gnss-rs/src/main.rs:372)
64.974485 [INFO ] PPSGEN count=65 interval_ns=1001179600 dev_ns=1179600 phase_ns=-307399 (pico_gnss pico-gnss-rs/src/main.rs:246)
64.975691 [INFO ] PPS count=66 interval_us=1000002 interval_ns=1000002400 state=Locked missed=0 (pico_gnss pico-gnss-rs/src/main.rs:161)
64.981863 [INFO ] NMEA $GPVTG,101.32,T,,M,0.52,N,0.96,K,A*34 (pico_gnss pico-gnss-rs/src/main.rs:372)
65.010908 [INFO ] NMEA $GPZDA,093937.000,08,06,2026,,*59 (pico_gnss pico-gnss-rs/src/main.rs:372)
65.042588 [INFO ] NMEA $GPGST,093937.000,6.6,22,13,94.1,13,22,25*75 (pico_gnss pico-gnss-rs/src/main.rs:372)
65.095565 [INFO ] TIME unix_ns=1780911577120964310 ppb=2400 holdover_ms=1120 locked=1 (pico_gnss pico-gnss-rs/src/main.rs:195)
65.243199 [INFO ] NMEA $GPGGA,093938.000,0000.0000,N,00000.0000,E,1,9,1.22,29.8,M,39.0,M,,*68 (pico_gnss pico-gnss-rs/src/main.rs:372)
65.306699 [INFO ] NMEA $GNGLL,0000.0000,N,00000.0000,E,093938.000,A,A*42 (pico_gnss pico-gnss-rs/src/main.rs:372)
65.365110 [INFO ] NMEA $GNGSA,A,3,05,20,22,15,14,23,,,,,,,1.50,1.22,0.88*1E (pico_gnss pico-gnss-rs/src/main.rs:372)
65.394708 [INFO ] NMEA $GNGSA,A,3,70,73,80,,,,,,,,,,1.50,1.22,0.88*12 (pico_gnss pico-gnss-rs/src/main.rs:372)
65.482111 [INFO ] NMEA $GPGSV,4,1,14,24,82,255,,15,62,047,25,23,47,317,13,20,39,068,21*73 (pico_gnss pico-gnss-rs/src/main.rs:372)
65.540767 [INFO ] NMEA $GPGSV,4,2,14,18,37,248,,05,31,140,22,22,18,053,15,12,15,165,*75 (pico_gnss pico-gnss-rs/src/main.rs:372)
65.603370 [INFO ] NMEA $GPGSV,4,3,14,10,12,317,,14,09,041,15,21,03,135,18,193,,,*74 (pico_gnss pico-gnss-rs/src/main.rs:372)
65.632763 [INFO ] NMEA $GPGSV,4,4,14,194,,,,195,,,*7D (pico_gnss pico-gnss-rs/src/main.rs:372)
65.720094 [INFO ] NMEA $GLGSV,3,1,09,73,54,147,17,71,47,338,,80,43,051,26,70,40,071,28*62 (pico_gnss pico-gnss-rs/src/main.rs:372)
65.778666 [INFO ] NMEA $GLGSV,3,2,09,86,25,266,,87,20,308,,74,14,183,,72,07,300,*6D (pico_gnss pico-gnss-rs/src/main.rs:372)
65.808002 [INFO ] NMEA $GLGSV,3,3,09,85,03,209,*59 (pico_gnss pico-gnss-rs/src/main.rs:372)
65.870704 [INFO ] NMEA $GNRMC,093938.000,A,0000.0000,N,00000.0000,E,0.03,101.32,080626,,,A*7D (pico_gnss pico-gnss-rs/src/main.rs:372)
65.873298 [INFO ] SYNC pps_local_us=64967758 unix_s=1780911578 drift_us=2 err_ns=1 holdover_ms=1001 (pico_gnss pico-gnss-rs/src/main.rs:403)
65.928890 [INFO ] NMEA $GPVTG,101.32,T,,M,0.03,N,0.05,K,A*3A (pico_gnss pico-gnss-rs/src/main.rs:372)
65.958156 [INFO ] NMEA $GPZDA,093938.000,08,06,2026,,*56 (pico_gnss pico-gnss-rs/src/main.rs:372)
65.974343 [INFO ] PPSGEN count=66 interval_ns=1000002416 dev_ns=2416 phase_ns=-1432396 (pico_gnss pico-gnss-rs/src/main.rs:246)
65.975481 [INFO ] PPS count=67 interval_us=1000002 interval_ns=1000002400 state=Locked missed=0 (pico_gnss pico-gnss-rs/src/main.rs:161)
65.997757 [INFO ] NMEA $GPGST,093938.000,6.6,21,13,93.9,13,21,26*76 (pico_gnss pico-gnss-rs/src/main.rs:372)
66.096774 [INFO ] TIME unix_ns=1780911579121058310 ppb=2400 holdover_ms=1121 locked=1 (pico_gnss pico-gnss-rs/src/main.rs:195)
66.259818 [INFO ] NMEA $GPGGA,093939.000,0000.0000,N,00000.0000,E,1,9,1.22,30.0,M,39.0,M,,*60 (pico_gnss pico-gnss-rs/src/main.rs:372)
66.315049 [INFO ] NMEA $GNGLL,0000.0000,N,00000.0000,E,093939.000,A,A*4A (pico_gnss pico-gnss-rs/src/main.rs:372)
66.373505 [INFO ] NMEA $GNGSA,A,3,05,20,22,15,14,23,,,,,,,1.50,1.22,0.88*1E (pico_gnss pico-gnss-rs/src/main.rs:372)
66.431783 [INFO ] NMEA $GNGSA,A,3,70,73,80,,,,,,,,,,1.50,1.22,0.88*12 (pico_gnss pico-gnss-rs/src/main.rs:372)
66.490452 [INFO ] NMEA $GPGSV,4,1,14,24,82,255,,15,62,047,25,23,47,317,14,20,39,068,20*75 (pico_gnss pico-gnss-rs/src/main.rs:372)
66.553210 [INFO ] NMEA $GPGSV,4,2,14,18,37,248,,05,31,140,22,22,18,053,15,12,15,165,*75 (pico_gnss pico-gnss-rs/src/main.rs:372)
66.611804 [INFO ] NMEA $GPGSV,4,3,14,10,12,317,,14,09,041,16,21,03,135,18,193,,,*77 (pico_gnss pico-gnss-rs/src/main.rs:372)
66.669870 [INFO ] NMEA $GPGSV,4,4,14,194,,,,195,,,*7D (pico_gnss pico-gnss-rs/src/main.rs:372)
66.728516 [INFO ] NMEA $GLGSV,3,1,09,73,54,147,17,71,47,338,,80,43,051,26,70,40,071,27*6D (pico_gnss pico-gnss-rs/src/main.rs:372)
66.787046 [INFO ] NMEA $GLGSV,3,2,09,86,25,266,,87,20,308,,74,14,183,,72,07,300,*6D (pico_gnss pico-gnss-rs/src/main.rs:372)
66.820390 [INFO ] NMEA $GLGSV,3,3,09,85,03,209,*59 (pico_gnss pico-gnss-rs/src/main.rs:372)
66.907786 [INFO ] NMEA $GNRMC,093939.000,A,0000.0000,N,00000.0000,E,0.49,101.32,080626,,,A*7B (pico_gnss pico-gnss-rs/src/main.rs:372)
66.910376 [INFO ] SYNC pps_local_us=65967760 unix_s=1780911579 drift_us=2 err_ns=1 holdover_ms=999 (pico_gnss pico-gnss-rs/src/main.rs:403)
66.937456 [INFO ] NMEA $GPVTG,101.32,T,,M,0.49,N,0.90,K,A*38 (pico_gnss pico-gnss-rs/src/main.rs:372)
66.966550 [INFO ] NMEA $GPZDA,093939.000,08,06,2026,,*57 (pico_gnss pico-gnss-rs/src/main.rs:372)
66.974352 [INFO ] PPSGEN count=67 interval_ns=1000002432 dev_ns=2432 phase_ns=-1219396 (pico_gnss pico-gnss-rs/src/main.rs:246)
66.975509 [INFO ] PPS count=68 interval_us=1000002 interval_ns=1000002400 state=Locked missed=0 (pico_gnss pico-gnss-rs/src/main.rs:161)
67.014452 [INFO ] NMEA $GPGST,093939.000,6.7,21,12,93.4,12,21,25*78 (pico_gnss pico-gnss-rs/src/main.rs:372)
67.097976 [INFO ] TIME unix_ns=1780911580122471307 ppb=2400 holdover_ms=1122 locked=1 (pico_gnss pico-gnss-rs/src/main.rs:195)
67.362624 [INFO ] NMEA $GPGGA,093940.000,0000.0000,N,00000.0000,E,1,9,1.22,30.1,M,39.0,M,,*6A (pico_gnss pico-gnss-rs/src/main.rs:372)
67.421012 [INFO ] NMEA $GNGLL,0000.0000,N,00000.0000,E,093940.000,A,A*41 (pico_gnss pico-gnss-rs/src/main.rs:372)
67.479387 [INFO ] NMEA $GNGSA,A,3,05,20,22,15,14,23,,,,,,,1.50,1.22,0.88*1E (pico_gnss pico-gnss-rs/src/main.rs:372)
67.537734 [INFO ] NMEA $GNGSA,A,3,70,73,80,,,,,,,,,,1.50,1.22,0.88*12 (pico_gnss pico-gnss-rs/src/main.rs:372)
67.596366 [INFO ] NMEA $GPGSV,4,1,14,24,82,255,,15,62,047,25,23,47,317,14,20,39,068,20*75 (pico_gnss pico-gnss-rs/src/main.rs:372)
67.687833 [INFO ] NMEA $GPGSV,4,2,14,18,37,248,,05,31,140,22,22,18,053,16,12,15,165,*76 (pico_gnss pico-gnss-rs/src/main.rs:372)
67.746407 [INFO ] NMEA $GPGSV,4,3,14,10,12,317,,14,09,041,15,21,03,135,18,193,,,*74 (pico_gnss pico-gnss-rs/src/main.rs:372)
67.775778 [INFO ] NMEA $GPGSV,4,4,14,194,,,,195,,,*7D (pico_gnss pico-gnss-rs/src/main.rs:372)
67.834332 [INFO ] NMEA $GLGSV,3,1,09,73,54,147,17,71,47,338,,80,43,051,26,70,40,071,27*6D (pico_gnss pico-gnss-rs/src/main.rs:372)
67.896918 [INFO ] NMEA $GLGSV,3,2,09,86,25,266,,87,20,308,,74,14,183,,72,07,300,*6D (pico_gnss pico-gnss-rs/src/main.rs:372)
67.926178 [INFO ] NMEA $GLGSV,3,3,09,85,03,209,*59 (pico_gnss pico-gnss-rs/src/main.rs:372)
67.974387 [INFO ] PPSGEN count=68 interval_ns=1000002416 dev_ns=2416 phase_ns=-1252796 (pico_gnss pico-gnss-rs/src/main.rs:246)
67.975529 [INFO ] PPS count=69 interval_us=1000002 interval_ns=1000002400 state=Locked missed=0 (pico_gnss pico-gnss-rs/src/main.rs:161)
68.013484 [INFO ] NMEA $GNRMC,093940.000,A,0000.0000,N,00000.0000,E,1.32,3.08,080626,,,A*77 (pico_gnss pico-gnss-rs/src/main.rs:372)
68.016053 [INFO ] SYNC pps_local_us=67967765 unix_s=1780911580 drift_us=2 err_ns=1 holdover_ms=2000 (pico_gnss pico-gnss-rs/src/main.rs:403)
68.043052 [INFO ] NMEA $GPVTG,3.08,T,,M,1.32,N,2.44,K,A*34 (pico_gnss pico-gnss-rs/src/main.rs:372)
68.072093 [INFO ] NMEA $GPZDA,093940.000,08,06,2026,,*59 (pico_gnss pico-gnss-rs/src/main.rs:372)
68.099179 [INFO ] TIME unix_ns=1780911580123628704 ppb=2400 holdover_ms=123 locked=1 (pico_gnss pico-gnss-rs/src/main.rs:195)
68.124177 [INFO ] NMEA $GPGST,093940.000,6.7,21,12,93.5,12,21,25*77 (pico_gnss pico-gnss-rs/src/main.rs:372)
68.356471 [INFO ] NMEA $GPGGA,093941.000,0000.0000,N,00000.0000,E,1,9,1.22,30.2,M,39.0,M,,*66 (pico_gnss pico-gnss-rs/src/main.rs:372)
68.386114 [INFO ] NMEA $GNGLL,0000.0000,N,00000.0000,E,093941.000,A,A*4E (pico_gnss pico-gnss-rs/src/main.rs:372)
68.444480 [INFO ] NMEA $GNGSA,A,3,05,20,22,15,14,23,,,,,,,1.50,1.22,0.88*1E (pico_gnss pico-gnss-rs/src/main.rs:372)
68.502766 [INFO ] NMEA $GNGSA,A,3,70,73,80,,,,,,,,,,1.50,1.22,0.88*12 (pico_gnss pico-gnss-rs/src/main.rs:372)
68.565555 [INFO ] NMEA $GPGSV,4,1,14,24,82,255,,15,62,047,25,23,47,317,14,20,39,068,20*75 (pico_gnss pico-gnss-rs/src/main.rs:372)
68.652965 [INFO ] NMEA $GPGSV,4,2,14,18,37,248,,05,31,140,22,22,18,053,15,12,15,165,*75 (pico_gnss pico-gnss-rs/src/main.rs:372)
68.711544 [INFO ] NMEA $GPGSV,4,3,14,10,12,317,,14,09,041,14,21,03,135,18,193,,,*75 (pico_gnss pico-gnss-rs/src/main.rs:372)
68.729414 [INFO ] PPSGEN count=69 interval_ns=755062720 dev_ns=-244937280 phase_ns=-246238808 (pico_gnss pico-gnss-rs/src/main.rs:246)
68.741171 [INFO ] NMEA $GPGSV,4,4,14,194,,,,195,,,*7D (pico_gnss pico-gnss-rs/src/main.rs:372)
68.799476 [INFO ] NMEA $GLGSV,3,1,09,73,54,147,17,71,47,338,,80,43,051,26,70,40,071,27*6D (pico_gnss pico-gnss-rs/src/main.rs:372)
68.890837 [INFO ] NMEA $GLGSV,3,2,09,86,25,266,,87,20,308,,74,14,183,,72,07,300,*6D (pico_gnss pico-gnss-rs/src/main.rs:372)
68.920114 [INFO ] NMEA $GLGSV,3,3,09,85,03,209,*59 (pico_gnss pico-gnss-rs/src/main.rs:372)
68.974311 [INFO ] PPSGEN count=70 interval_ns=244939696 dev_ns=-755060304 phase_ns=-1316396 (pico_gnss pico-gnss-rs/src/main.rs:246)
68.975532 [INFO ] PPS count=70 interval_us=1000002 interval_ns=1000002400 state=Locked missed=0 (pico_gnss pico-gnss-rs/src/main.rs:161)
68.979007 [INFO ] NMEA $GNRMC,093941.000,A,0000.0000,N,00000.0000,E,1.21,21.25,080626,,,A*45 (pico_gnss pico-gnss-rs/src/main.rs:372)
68.981545 [INFO ] SYNC pps_local_us=68967768 unix_s=1780911581 drift_us=2 err_ns=1 holdover_ms=999 (pico_gnss pico-gnss-rs/src/main.rs:403)
69.008311 [INFO ] NMEA $GPVTG,21.25,T,,M,1.21,N,2.25,K,A*0E (pico_gnss pico-gnss-rs/src/main.rs:372)
69.065975 [INFO ] NMEA $GPZDA,093941.000,08,06,2026,,*58 (pico_gnss pico-gnss-rs/src/main.rs:372)
69.095920 [INFO ] NMEA $GPGST,093941.000,6.8,21,12,93.3,12,21,25*7F (pico_gnss pico-gnss-rs/src/main.rs:372)
69.100369 [INFO ] TIME unix_ns=1780911581124829701 ppb=2400 holdover_ms=124 locked=1 (pico_gnss pico-gnss-rs/src/main.rs:195)
69.305824 [INFO ] NMEA $GPGGA,093942.000,0000.0000,N,00000.0000,E,1,9,1.22,30.4,M,39.0,M,,*64 (pico_gnss pico-gnss-rs/src/main.rs:372)
69.364163 [INFO ] NMEA $GNGLL,0000.0000,N,00000.0000,E,093942.000,A,A*4A (pico_gnss pico-gnss-rs/src/main.rs:372)
69.422602 [INFO ] NMEA $GNGSA,A,3,05,20,22,15,14,23,,,,,,,1.50,1.22,0.88*1E (pico_gnss pico-gnss-rs/src/main.rs:372)
69.452179 [INFO ] NMEA $GNGSA,A,3,70,73,80,,,,,,,,,,1.50,1.22,0.88*12 (pico_gnss pico-gnss-rs/src/main.rs:372)
69.550793 [INFO ] NMEA $GPGSV,4,1,14,24,82,255,,15,62,047,25,23,47,317,14,20,39,068,20*75 (pico_gnss pico-gnss-rs/src/main.rs:372)
69.609458 [INFO ] NMEA $GPGSV,4,2,14,18,37,248,,05,31,140,22,22,18,053,16,12,15,165,*76 (pico_gnss pico-gnss-rs/src/main.rs:372)
69.667988 [INFO ] NMEA $GPGSV,4,3,14,10,12,317,,14,09,041,14,21,03,135,18,193,,,*75 (pico_gnss pico-gnss-rs/src/main.rs:372)
69.697344 [INFO ] NMEA $GPGSV,4,4,14,194,,,,195,,,*7D (pico_gnss pico-gnss-rs/src/main.rs:372)
69.788834 [INFO ] NMEA $GLGSV,3,1,09,73,54,147,17,71,47,338,,80,43,051,26,70,40,071,28*62 (pico_gnss pico-gnss-rs/src/main.rs:372)
69.847383 [INFO ] NMEA $GLGSV,3,2,09,86,25,266,,87,20,308,,74,14,183,,72,07,300,*6D (pico_gnss pico-gnss-rs/src/main.rs:372)
69.876708 [INFO ] NMEA $GLGSV,3,3,09,85,03,209,*59 (pico_gnss pico-gnss-rs/src/main.rs:372)
69.935236 [INFO ] NMEA $GNRMC,093942.000,A,0000.0000,N,00000.0000,E,1.39,80.62,080626,,,A*40 (pico_gnss pico-gnss-rs/src/main.rs:372)
69.974558 [INFO ] PPSGEN count=71 interval_ns=1000002416 dev_ns=2416 phase_ns=-1252396 (pico_gnss pico-gnss-rs/src/main.rs:246)
69.975750 [INFO ] PPS count=71 interval_us=1000002 interval_ns=1000002400 state=Locked missed=0 (pico_gnss pico-gnss-rs/src/main.rs:161)
69.993693 [INFO ] NMEA $GPVTG,80.62,T,,M,1.39,N,2.58,K,A*05 (pico_gnss pico-gnss-rs/src/main.rs:372)
70.026674 [INFO ] NMEA $GPZDA,093942.000,08,06,2026,,*5B (pico_gnss pico-gnss-rs/src/main.rs:372)
70.058476 [INFO ] NMEA $GPGST,093942.000,6.8,20,12,93.2,12,20,26*7E (pico_gnss pico-gnss-rs/src/main.rs:372)
70.101558 [INFO ] TIME unix_ns=1780911582126012298 ppb=2400 holdover_ms=1126 locked=1 (pico_gnss pico-gnss-rs/src/main.rs:195)
70.266858 [INFO ] NMEA $GPGGA,093943.000,0000.0000,N,00000.0000,E,1,9,1.22,30.4,M,39.0,M,,*6B (pico_gnss pico-gnss-rs/src/main.rs:372)
70.325209 [INFO ] NMEA $GNGLL,0000.0000,N,00000.0000,E,093943.000,A,A*45 (pico_gnss pico-gnss-rs/src/main.rs:372)
70.383675 [INFO ] NMEA $GNGSA,A,3,05,20,22,15,14,23,,,,,,,1.50,1.22,0.88*1E (pico_gnss pico-gnss-rs/src/main.rs:372)
70.418340 [INFO ] NMEA $GNGSA,A,3,70,73,80,,,,,,,,,,1.50,1.22,0.88*12 (pico_gnss pico-gnss-rs/src/main.rs:372)
70.505743 [INFO ] NMEA $GPGSV,4,1,14,24,82,255,,15,62,047,25,23,47,317,14,20,39,068,20*75 (pico_gnss pico-gnss-rs/src/main.rs:372)
70.564394 [INFO ] NMEA $GPGSV,4,2,14,18,37,248,,05,31,140,22,22,18,053,16,12,15,165,*76 (pico_gnss pico-gnss-rs/src/main.rs:372)
70.622933 [INFO ] NMEA $GPGSV,4,3,14,10,12,317,,14,09,041,14,21,03,135,18,193,,,*75 (pico_gnss pico-gnss-rs/src/main.rs:372)
70.652278 [INFO ] NMEA $GPGSV,4,4,14,194,,,,195,,,*7D (pico_gnss pico-gnss-rs/src/main.rs:372)
70.743715 [INFO ] NMEA $GLGSV,3,1,09,73,54,147,16,71,47,338,,80,43,051,26,70,40,071,28*63 (pico_gnss pico-gnss-rs/src/main.rs:372)
70.802303 [INFO ] NMEA $GLGSV,3,2,09,86,25,266,,87,20,308,,74,14,183,,72,07,300,*6D (pico_gnss pico-gnss-rs/src/main.rs:372)
70.831611 [INFO ] NMEA $GLGSV,3,3,09,85,02,208,*59 (pico_gnss pico-gnss-rs/src/main.rs:372)
70.918896 [INFO ] NMEA $GNRMC,093943.000,A,0000.0000,N,00000.0000,E,0.99,76.80,080626,,,A*41 (pico_gnss pico-gnss-rs/src/main.rs:372)
70.921474 [INFO ] SYNC pps_local_us=69967770 unix_s=1780911583 drift_us=2 err_ns=1 holdover_ms=1000 (pico_gnss pico-gnss-rs/src/main.rs:403)
70.952442 [INFO ] NMEA $GPVTG,76.80,T,,M,0.99,N,1.84,K,A*09 (pico_gnss pico-gnss-rs/src/main.rs:372)
70.974366 [INFO ] PPSGEN count=72 interval_ns=1000002432 dev_ns=2432 phase_ns=-1470396 (pico_gnss pico-gnss-rs/src/main.rs:246)
70.975505 [INFO ] PPS count=72 interval_us=1000002 interval_ns=1000002416 state=Locked missed=0 (pico_gnss pico-gnss-rs/src/main.rs:161)
70.982037 [INFO ] NMEA $GPZDA,093943.000,08,06,2026,,*5A (pico_gnss pico-gnss-rs/src/main.rs:372)
71.019125 [INFO ] NMEA $GPGST,093943.000,6.9,20,12,93.0,12,20,26*7C (pico_gnss pico-gnss-rs/src/main.rs:372)
71.102760 [INFO ] TIME unix_ns=1780911584126998295 ppb=2400 holdover_ms=1127 locked=1 (pico_gnss pico-gnss-rs/src/main.rs:195)
71.377997 [INFO ] NMEA $GPGGA,093944.000,0000.0000,N,00000.0000,E,1,9,1.22,30.5,M,39.0,M,,*66 (pico_gnss pico-gnss-rs/src/main.rs:372)
71.436347 [INFO ] NMEA $GNGLL,0000.0000,N,00000.0000,E,093944.000,A,A*49 (pico_gnss pico-gnss-rs/src/main.rs:372)
71.493751 [INFO ] NMEA $GNGSA,A,3,05,20,22,15,14,23,,,,,,,1.50,1.22,0.88*1E (pico_gnss pico-gnss-rs/src/main.rs:372)
71.552025 [INFO ] NMEA $GNGSA,A,3,70,73,80,,,,,,,,,,1.50,1.22,0.88*12 (pico_gnss pico-gnss-rs/src/main.rs:372)
71.610699 [INFO ] NMEA $GPGSV,4,1,14,24,82,255,,15,62,047,25,23,47,317,14,20,39,068,20*75 (pico_gnss pico-gnss-rs/src/main.rs:372)
71.669290 [INFO ] NMEA $GPGSV,4,2,14,18,37,248,,05,31,140,22,22,18,053,16,12,15,165,*76 (pico_gnss pico-gnss-rs/src/main.rs:372)
71.756525 [INFO ] NMEA $GPGSV,4,3,14,10,12,317,,14,09,041,15,21,03,135,18,193,,,*74 (pico_gnss pico-gnss-rs/src/main.rs:372)
71.790023 [INFO ] NMEA $GPGSV,4,4,14,194,,,,195,,,*7D (pico_gnss pico-gnss-rs/src/main.rs:372)
71.848712 [INFO ] NMEA $GLGSV,3,1,09,73,54,147,16,71,47,338,,80,43,051,26,70,40,071,28*63 (pico_gnss pico-gnss-rs/src/main.rs:372)
71.907166 [INFO ] NMEA $GLGSV,3,2,09,86,24,265,,87,20,308,,74,14,183,,72,07,300,*6F (pico_gnss pico-gnss-rs/src/main.rs:372)
71.936412 [INFO ] NMEA $GLGSV,3,3,09,85,02,208,*59 (pico_gnss pico-gnss-rs/src/main.rs:372)
71.974405 [INFO ] PPSGEN count=73 interval_ns=1000002416 dev_ns=2416 phase_ns=-1485797 (pico_gnss pico-gnss-rs/src/main.rs:246)
71.975564 [INFO ] PPS count=73 interval_us=1000002 interval_ns=1000002400 state=Locked missed=0 (pico_gnss pico-gnss-rs/src/main.rs:161)
72.027782 [INFO ] NMEA $GNRMC,093944.000,A,0000.0000,N,00000.0000,E,0.92,105.89,080626,,,A*7A (pico_gnss pico-gnss-rs/src/main.rs:372)
72.030363 [INFO ] SYNC pps_local_us=71967775 unix_s=1780911584 drift_us=2 err_ns=16 holdover_ms=1999 (pico_gnss pico-gnss-rs/src/main.rs:403)
72.057411 [INFO ] NMEA $GPVTG,105.89,T,,M,0.92,N,1.70,K,A*35 (pico_gnss pico-gnss-rs/src/main.rs:372)
72.086500 [INFO ] NMEA $GPZDA,093944.000,08,06,2026,,*5D (pico_gnss pico-gnss-rs/src/main.rs:372)
72.103964 [INFO ] TIME unix_ns=1780911584128388692 ppb=2400 holdover_ms=128 locked=1 (pico_gnss pico-gnss-rs/src/main.rs:195)
72.132266 [INFO ] NMEA $GPGST,093944.000,6.9,20,12,93.2,12,20,27*78 (pico_gnss pico-gnss-rs/src/main.rs:372)
72.393799 [INFO ] NMEA $GPGGA,093945.000,0000.0000,N,00000.0000,E,1,9,1.22,30.7,M,39.0,M,,*67 (pico_gnss pico-gnss-rs/src/main.rs:372)
72.452143 [INFO ] NMEA $GNGLL,0000.0000,N,00000.0000,E,093945.000,A,A*4A (pico_gnss pico-gnss-rs/src/main.rs:372)
72.501331 [INFO ] NMEA $GNGSA,A,3,05,20,22,15,14,23,,,,,,,1.50,1.22,0.88*1E (pico_gnss pico-gnss-rs/src/main.rs:372)
72.559661 [INFO ] NMEA $GNGSA,A,3,70,73,80,,,,,,,,,,1.50,1.22,0.88*12 (pico_gnss pico-gnss-rs/src/main.rs:372)
72.618302 [INFO ] NMEA $GPGSV,4,1,14,24,82,255,,15,62,047,25,23,47,317,13,20,39,068,20*72 (pico_gnss pico-gnss-rs/src/main.rs:372)
72.705660 [INFO ] NMEA $GPGSV,4,2,14,18,37,248,,05,31,140,22,22,18,053,15,12,15,165,*75 (pico_gnss pico-gnss-rs/src/main.rs:372)
72.768329 [INFO ] NMEA $GPGSV,4,3,14,10,12,317,,14,09,041,14,21,03,135,18,193,,,*75 (pico_gnss pico-gnss-rs/src/main.rs:372)
72.797716 [INFO ] NMEA $GPGSV,4,4,14,194,,,,195,,,*7D (pico_gnss pico-gnss-rs/src/main.rs:372)
72.856252 [INFO ] NMEA $GLGSV,3,1,09,73,54,147,16,71,47,338,,80,43,051,26,70,40,071,28*63 (pico_gnss pico-gnss-rs/src/main.rs:372)
72.914723 [INFO ] NMEA $GLGSV,3,2,09,86,24,265,,87,21,307,,74,14,183,,72,07,300,*61 (pico_gnss pico-gnss-rs/src/main.rs:372)
72.944010 [INFO ] NMEA $GLGSV,3,3,09,85,02,208,*59 (pico_gnss pico-gnss-rs/src/main.rs:372)
72.974175 [INFO ] PPS count=74 interval_us=1000002 interval_ns=1000002416 state=Locked missed=0 (pico_gnss pico-gnss-rs/src/main.rs:161)
73.010063 [INFO ] PPSGEN count=74 interval_ns=1035687712 dev_ns=35687712 phase_ns=34329517 (pico_gnss pico-gnss-rs/src/main.rs:246)
73.035638 [INFO ] NMEA $GNRMC,093945.000,A,0000.0000,N,00000.0000,E,0.73,66.12,080626,,,A*40 (pico_gnss pico-gnss-rs/src/main.rs:372)
73.038188 [INFO ] SYNC pps_local_us=72967777 unix_s=1780911585 drift_us=2 err_ns=16 holdover_ms=998 (pico_gnss pico-gnss-rs/src/main.rs:403)
73.064977 [INFO ] NMEA $GPVTG,66.12,T,,M,0.73,N,1.35,K,A*0D (pico_gnss pico-gnss-rs/src/main.rs:372)
73.094057 [INFO ] NMEA $GPZDA,093945.000,08,06,2026,,*5C (pico_gnss pico-gnss-rs/src/main.rs:372)
73.105145 [INFO ] TIME unix_ns=1780911585131024686 ppb=2401 holdover_ms=131 locked=1 (pico_gnss pico-gnss-rs/src/main.rs:195)
73.146106 [INFO ] NMEA $GPGST,093945.000,7.0,20,12,93.2,12,20,27*71 (pico_gnss pico-gnss-rs/src/main.rs:372)
73.357925 [INFO ] NMEA $GPGGA,093946.000,0000.0000,N,00000.0000,E,1,9,1.22,30.9,M,39.0,M,,*65 (pico_gnss pico-gnss-rs/src/main.rs:372)
73.400858 [INFO ] NMEA $GNGLL,0000.0000,N,00000.0000,E,093946.000,A,A*46 (pico_gnss pico-gnss-rs/src/main.rs:372)
73.459286 [INFO ] NMEA $GNGSA,A,3,05,20,22,15,14,23,,,,,,,1.50,1.22,0.88*1E (pico_gnss pico-gnss-rs/src/main.rs:372)
73.517609 [INFO ] NMEA $GNGSA,A,3,70,73,80,,,,,,,,,,1.50,1.22,0.88*12 (pico_gnss pico-gnss-rs/src/main.rs:372)
73.576278 [INFO ] NMEA $GPGSV,4,1,14,24,82,255,,15,62,047,25,23,47,317,13,20,39,068,20*72 (pico_gnss pico-gnss-rs/src/main.rs:372)
73.667745 [INFO ] NMEA $GPGSV,4,2,14,18,37,248,,05,31,140,21,22,18,053,15,12,15,165,*76 (pico_gnss pico-gnss-rs/src/main.rs:372)
73.726340 [INFO ] NMEA $GPGSV,4,3,14,10,12,317,,14,09,041,16,21,03,135,18,193,,,*77 (pico_gnss pico-gnss-rs/src/main.rs:372)
73.755700 [INFO ] NMEA $GPGSV,4,4,14,194,,,,195,,,*7D (pico_gnss pico-gnss-rs/src/main.rs:372)
73.814249 [INFO ] NMEA $GLGSV,3,1,09,73,54,147,16,71,47,338,,80,43,051,26,70,40,071,28*63 (pico_gnss pico-gnss-rs/src/main.rs:372)
73.901501 [INFO ] NMEA $GLGSV,3,2,09,86,24,265,,87,21,307,,74,14,183,,72,07,300,*61 (pico_gnss pico-gnss-rs/src/main.rs:372)
73.934777 [INFO ] NMEA $GLGSV,3,3,09,85,02,208,*59 (pico_gnss pico-gnss-rs/src/main.rs:372)
73.974198 [INFO ] PPS count=75 interval_us=1000002 interval_ns=1000002416 state=Locked missed=0 (pico_gnss pico-gnss-rs/src/main.rs:161)
73.993590 [INFO ] NMEA $GNRMC,093946.000,A,0000.0000,N,00000.0000,E,0.89,59.32,080626,,,A*47 (pico_gnss pico-gnss-rs/src/main.rs:372)
73.996150 [INFO ] SYNC pps_local_us=73967780 unix_s=1780911586 drift_us=2 err_ns=15 holdover_ms=1000 (pico_gnss pico-gnss-rs/src/main.rs:403)
74.010034 [INFO ] PPSGEN count=75 interval_ns=1000002432 dev_ns=2432 phase_ns=35866914 (pico_gnss pico-gnss-rs/src/main.rs:246)
74.023101 [INFO ] NMEA $GPVTG,59.32,T,,M,0.89,N,1.65,K,A*03 (pico_gnss pico-gnss-rs/src/main.rs:372)
74.080714 [INFO ] NMEA $GPZDA,093946.000,08,06,2026,,*5F (pico_gnss pico-gnss-rs/src/main.rs:372)
74.106331 [INFO ] TIME unix_ns=1780911586132189683 ppb=2401 holdover_ms=132 locked=1 (pico_gnss pico-gnss-rs/src/main.rs:195)
74.110663 [INFO ] NMEA $GPGST,093946.000,7.1,20,12,93.4,12,20,28*7A (pico_gnss pico-gnss-rs/src/main.rs:372)
74.318046 [INFO ] NMEA $GPGGA,093947.000,0000.0000,N,00000.0000,E,1,9,1.22,31.2,M,39.0,M,,*6D (pico_gnss pico-gnss-rs/src/main.rs:372)
74.376433 [INFO ] NMEA $GNGLL,0000.0000,N,00000.0000,E,093947.000,A,A*44 (pico_gnss pico-gnss-rs/src/main.rs:372)
74.434815 [INFO ] NMEA $GNGSA,A,3,05,20,22,15,14,23,,,,,,,1.50,1.22,0.88*1E (pico_gnss pico-gnss-rs/src/main.rs:372)
74.464455 [INFO ] NMEA $GNGSA,A,3,70,73,80,,,,,,,,,,1.50,1.22,0.88*12 (pico_gnss pico-gnss-rs/src/main.rs:372)
74.551798 [INFO ] NMEA $GPGSV,4,1,14,24,82,255,,15,62,047,25,23,47,317,14,20,39,068,20*75 (pico_gnss pico-gnss-rs/src/main.rs:372)
74.614518 [INFO ] NMEA $GPGSV,4,2,14,18,37,248,,05,31,140,21,22,18,053,15,12,15,165,*76 (pico_gnss pico-gnss-rs/src/main.rs:372)
74.673080 [INFO ] NMEA $GPGSV,4,3,14,10,12,317,,14,09,041,16,21,03,135,18,193,,,*77 (pico_gnss pico-gnss-rs/src/main.rs:372)
74.702416 [INFO ] NMEA $GPGSV,4,4,14,194,,,,195,,,*7D (pico_gnss pico-gnss-rs/src/main.rs:372)
74.789758 [INFO ] NMEA $GLGSV,3,1,09,73,54,147,16,71,47,338,,80,43,051,26,70,40,071,28*63 (pico_gnss pico-gnss-rs/src/main.rs:372)
74.852447 [INFO ] NMEA $GLGSV,3,2,09,86,24,265,,87,21,307,,74,14,183,,72,07,300,*61 (pico_gnss pico-gnss-rs/src/main.rs:372)
74.881727 [INFO ] NMEA $GLGSV,3,3,09,85,02,208,*59 (pico_gnss pico-gnss-rs/src/main.rs:372)
74.940260 [INFO ] NMEA $GNRMC,093947.000,A,0000.0000,N,00000.0000,E,0.90,104.62,080626,,,A*71 (pico_gnss pico-gnss-rs/src/main.rs:372)
74.974253 [INFO ] PPS count=76 interval_us=1000002 interval_ns=1000002432 state=Locked missed=0 (pico_gnss pico-gnss-rs/src/main.rs:161)
74.998625 [INFO ] NMEA $GPVTG,104.62,T,,M,0.90,N,1.67,K,A*35 (pico_gnss pico-gnss-rs/src/main.rs:372)
75.010072 [INFO ] PPSGEN count=76 interval_ns=1000002416 dev_ns=2416 phase_ns=35804512 (pico_gnss pico-gnss-rs/src/main.rs:246)
75.027970 [INFO ] NMEA $GPZDA,093947.000,08,06,2026,,*5E (pico_gnss pico-gnss-rs/src/main.rs:372)
75.065123 [INFO ] NMEA $GPGST,093947.000,7.2,20,12,92.9,12,20,27*7B (pico_gnss pico-gnss-rs/src/main.rs:372)
75.107503 [INFO ] TIME unix_ns=1780911587133363278 ppb=2402 holdover_ms=1133 locked=1 (pico_gnss pico-gnss-rs/src/main.rs:195)
75.257964 [INFO ] NMEA $GPGGA,093948.000,0000.0000,N,00000.0000,E,1,9,1.22,31.5,M,39.0,M,,*60 (pico_gnss pico-gnss-rs/src/main.rs:372)
75.316318 [INFO ] NMEA $GNGLL,0000.0000,N,00000.0000,E,093948.000,A,A*4E (pico_gnss pico-gnss-rs/src/main.rs:372)
75.374753 [INFO ] NMEA $GNGSA,A,3,05,20,22,15,14,23,,,,,,,1.50,1.22,0.88*1E (pico_gnss pico-gnss-rs/src/main.rs:372)
75.433040 [INFO ] NMEA $GNGSA,A,3,70,73,80,,,,,,,,,,1.50,1.22,0.88*12 (pico_gnss pico-gnss-rs/src/main.rs:372)
75.495839 [INFO ] NMEA $GPGSV,4,1,14,24,82,255,,15,62,047,25,23,47,317,14,20,39,068,20*75 (pico_gnss pico-gnss-rs/src/main.rs:372)
75.554433 [INFO ] NMEA $GPGSV,4,2,14,18,37,248,,05,31,140,21,22,18,053,16,12,15,165,*75 (pico_gnss pico-gnss-rs/src/main.rs:372)
75.613002 [INFO ] NMEA $GPGSV,4,3,14,10,12,317,,14,09,041,16,21,03,135,18,193,,,*77 (pico_gnss pico-gnss-rs/src/main.rs:372)
75.671039 [INFO ] NMEA $GPGSV,4,4,14,194,,,,195,,,*7D (pico_gnss pico-gnss-rs/src/main.rs:372)
75.729704 [INFO ] NMEA $GLGSV,3,1,09,73,54,147,16,71,47,338,,80,43,051,26,70,40,071,28*63 (pico_gnss pico-gnss-rs/src/main.rs:372)
75.792356 [INFO ] NMEA $GLGSV,3,2,09,86,24,265,,87,21,307,,74,14,183,,72,07,300,*61 (pico_gnss pico-gnss-rs/src/main.rs:372)
75.821642 [INFO ] NMEA $GLGSV,3,3,09,85,02,208,*59 (pico_gnss pico-gnss-rs/src/main.rs:372)
75.908975 [INFO ] NMEA $GNRMC,093948.000,A,0000.0000,N,00000.0000,E,0.90,17.44,080626,,,A*4C (pico_gnss pico-gnss-rs/src/main.rs:372)
75.911515 [INFO ] SYNC pps_local_us=74967782 unix_s=1780911588 drift_us=2 err_ns=30 holdover_ms=1000 (pico_gnss pico-gnss-rs/src/main.rs:403)
75.938635 [INFO ] NMEA $GPVTG,17.44,T,,M,0.90,N,1.66,K,A*03 (pico_gnss pico-gnss-rs/src/main.rs:372)
75.967730 [INFO ] NMEA $GPZDA,093948.000,08,06,2026,,*51 (pico_gnss pico-gnss-rs/src/main.rs:372)
75.974171 [INFO ] PPS count=77 interval_us=1000002 interval_ns=1000002400 state=Locked missed=0 (pico_gnss pico-gnss-rs/src/main.rs:161)
76.010049 [INFO ] PPSGEN count=77 interval_ns=1000002432 dev_ns=2432 phase_ns=35784512 (pico_gnss pico-gnss-rs/src/main.rs:246)
76.011917 [INFO ] NMEA $GPGST,093948.000,7.3,20,12,92.9,12,20,28*7A (pico_gnss pico-gnss-rs/src/main.rs:372)
76.108702 [INFO ] TIME unix_ns=1780911589134575275 ppb=2402 holdover_ms=1134 locked=1 (pico_gnss pico-gnss-rs/src/main.rs:195)
76.373881 [INFO ] NMEA $GPGGA,093949.000,0000.0000,N,00000.0000,E,1,9,1.22,31.7,M,39.0,M,,*6E (pico_gnss pico-gnss-rs/src/main.rs:372)
76.432219 [INFO ] NMEA $GNGLL,0000.0000,N,00000.0000,E,093949.000,A,A*42 (pico_gnss pico-gnss-rs/src/main.rs:372)
76.490671 [INFO ] NMEA $GNGSA,A,3,05,20,22,15,14,23,,,,,,,1.50,1.22,0.88*1E (pico_gnss pico-gnss-rs/src/main.rs:372)
76.520231 [INFO ] NMEA $GNGSA,A,3,70,73,80,,,,,,,,,,1.50,1.22,0.88*12 (pico_gnss pico-gnss-rs/src/main.rs:372)
76.604518 [INFO ] NMEA $GPGSV,4,1,14,24,82,255,,15,62,047,25,23,47,317,15,20,39,068,20*74 (pico_gnss pico-gnss-rs/src/main.rs:372)
76.663116 [INFO ] NMEA $GPGSV,4,2,14,18,37,248,,05,31,140,21,22,18,053,16,12,15,165,*75 (pico_gnss pico-gnss-rs/src/main.rs:372)
76.750436 [INFO ] NMEA $GPGSV,4,3,14,10,12,317,,14,09,041,16,21,03,135,19,193,,,*76 (pico_gnss pico-gnss-rs/src/main.rs:372)
76.779812 [INFO ] NMEA $GPGSV,4,4,14,194,,,,195,,,*7D (pico_gnss pico-gnss-rs/src/main.rs:372)
76.842500 [INFO ] NMEA $GLGSV,3,1,09,73,54,147,16,71,47,338,,80,43,051,26,70,40,071,28*63 (pico_gnss pico-gnss-rs/src/main.rs:372)
76.900986 [INFO ] NMEA $GLGSV,3,2,09,86,24,265,,87,21,307,,74,14,183,,72,07,300,*61 (pico_gnss pico-gnss-rs/src/main.rs:372)
76.930228 [INFO ] NMEA $GLGSV,3,3,09,85,02,208,*59 (pico_gnss pico-gnss-rs/src/main.rs:372)
76.974187 [INFO ] PPS count=78 interval_us=1000002 interval_ns=1000002416 state=Locked missed=0 (pico_gnss pico-gnss-rs/src/main.rs:161)
77.010042 [INFO ] PPSGEN count=78 interval_ns=1000002416 dev_ns=2416 phase_ns=35760109 (pico_gnss pico-gnss-rs/src/main.rs:246)
77.017767 [INFO ] NMEA $GNRMC,093949.000,A,0000.0000,N,00000.0000,E,0.80,90.78,080626,,,A*41 (pico_gnss pico-gnss-rs/src/main.rs:372)
77.020307 [INFO ] SYNC pps_local_us=76967787 unix_s=1780911589 drift_us=2 err_ns=11 holdover_ms=1999 (pico_gnss pico-gnss-rs/src/main.rs:403)
77.047142 [INFO ] NMEA $GPVTG,90.78,T,,M,0.80,N,1.48,K,A*0E (pico_gnss pico-gnss-rs/src/main.rs:372)
77.076182 [INFO ] NMEA $GPZDA,093949.000,08,06,2026,,*50 (pico_gnss pico-gnss-rs/src/main.rs:372)
77.110242 [INFO ] TIME unix_ns=1780911589136068674 ppb=2403 holdover_ms=136 locked=1 (pico_gnss pico-gnss-rs/src/main.rs:195)
77.126290 [INFO ] NMEA $GPGST,093949.000,7.3,20,12,92.1,12,20,26*7D (pico_gnss pico-gnss-rs/src/main.rs:372)
77.356865 [INFO ] NMEA $GPGGA,093950.000,0000.0000,N,00000.0000,E,1,9,1.22,31.9,M,39.0,M,,*65 (pico_gnss pico-gnss-rs/src/main.rs:372)
77.415225 [INFO ] NMEA $GNGLL,0000.0000,N,00000.0000,E,093950.000,A,A*47 (pico_gnss pico-gnss-rs/src/main.rs:372)
77.473678 [INFO ] NMEA $GNGSA,A,3,05,20,22,15,14,23,,,,,,,1.50,1.22,0.88*1E (pico_gnss pico-gnss-rs/src/main.rs:372)
77.522769 [INFO ] NMEA $GNGSA,A,3,70,73,80,,,,,,,,,,1.50,1.22,0.88*12 (pico_gnss pico-gnss-rs/src/main.rs:372)
77.581381 [INFO ] NMEA $GPGSV,4,1,14,24,82,255,,15,62,047,25,23,47,317,15,20,39,068,20*74 (pico_gnss pico-gnss-rs/src/main.rs:372)
77.668749 [INFO ] NMEA $GPGSV,4,2,14,18,37,248,,05,31,140,21,22,18,053,17,12,15,165,*74 (pico_gnss pico-gnss-rs/src/main.rs:372)
77.727347 [INFO ] NMEA $GPGSV,4,3,14,10,12,317,,14,09,041,15,21,03,135,19,193,,,*75 (pico_gnss pico-gnss-rs/src/main.rs:372)
77.756698 [INFO ] NMEA $GPGSV,4,4,14,194,,,,195,,,*7D (pico_gnss pico-gnss-rs/src/main.rs:372)
77.819351 [INFO ] NMEA $GLGSV,3,1,09,73,54,147,16,71,47,338,,80,43,051,26,70,40,071,28*63 (pico_gnss pico-gnss-rs/src/main.rs:372)
77.877881 [INFO ] NMEA $GLGSV,3,2,09,86,24,265,,87,21,307,,74,14,183,,72,07,300,*61 (pico_gnss pico-gnss-rs/src/main.rs:372)
77.907160 [INFO ] NMEA $GLGSV,3,3,09,85,02,208,*59 (pico_gnss pico-gnss-rs/src/main.rs:372)
77.974203 [INFO ] PPS count=79 interval_us=1000002 interval_ns=1000002416 state=Locked missed=0 (pico_gnss pico-gnss-rs/src/main.rs:161)
77.994593 [INFO ] NMEA $GNRMC,093950.000,A,0000.0000,N,00000.0000,E,0.70,91.37,080626,,,A*41 (pico_gnss pico-gnss-rs/src/main.rs:372)
77.997159 [INFO ] SYNC pps_local_us=77967789 unix_s=1780911590 drift_us=2 err_ns=13 holdover_ms=1000 (pico_gnss pico-gnss-rs/src/main.rs:403)
78.010092 [INFO ] PPSGEN count=79 interval_ns=1000002432 dev_ns=2432 phase_ns=35868914 (pico_gnss pico-gnss-rs/src/main.rs:246)
78.024111 [INFO ] NMEA $GPVTG,91.37,T,,M,0.70,N,1.29,K,A*0C (pico_gnss pico-gnss-rs/src/main.rs:372)
78.057103 [INFO ] NMEA $GPZDA,093950.000,08,06,2026,,*58 (pico_gnss pico-gnss-rs/src/main.rs:372)
78.109217 [INFO ] NMEA $GPGST,093950.000,7.3,20,12,92.4,12,20,26*70 (pico_gnss pico-gnss-rs/src/main.rs:372)
78.111437 [INFO ] TIME unix_ns=1780911590137301671 ppb=2403 holdover_ms=137 locked=1 (pico_gnss pico-gnss-rs/src/main.rs:195)
78.372031 [INFO ] NMEA $GPGGA,093951.000,0000.0000,N,00000.0000,E,1,9,1.22,32.0,M,39.0,M,,*6D (pico_gnss pico-gnss-rs/src/main.rs:372)
78.430366 [INFO ] NMEA $GNGLL,0000.0000,N,00000.0000,E,093951.000,A,A*45 (pico_gnss pico-gnss-rs/src/main.rs:372)
78.488763 [INFO ] NMEA $GNGSA,A,3,05,20,22,15,14,23,,,,,,,1.50,1.22,0.88*1E (pico_gnss pico-gnss-rs/src/main.rs:372)
78.531665 [INFO ] NMEA $GNGSA,A,3,70,73,80,,,,,,,,,,1.50,1.22,0.88*12 (pico_gnss pico-gnss-rs/src/main.rs:372)
78.590321 [INFO ] NMEA $GPGSV,4,1,14,24,82,255,,15,62,047,25,23,47,317,15,20,39,068,20*74 (pico_gnss pico-gnss-rs/src/main.rs:372)
78.677697 [INFO ] NMEA $GPGSV,4,2,14,18,37,248,,05,31,140,22,22,18,053,16,12,15,165,*76 (pico_gnss pico-gnss-rs/src/main.rs:372)
78.736283 [INFO ] NMEA $GPGSV,4,3,14,10,12,317,,14,09,041,15,21,03,135,19,193,,,*75 (pico_gnss pico-gnss-rs/src/main.rs:372)
78.769704 [INFO ] NMEA $GPGSV,4,4,14,194,,,,195,,,*7D (pico_gnss pico-gnss-rs/src/main.rs:372)
78.828335 [INFO ] NMEA $GLGSV,3,1,09,73,54,147,16,71,47,338,,80,43,051,26,70,40,071,28*63 (pico_gnss pico-gnss-rs/src/main.rs:372)
78.915550 [INFO ] NMEA $GLGSV,3,2,09,86,24,265,,87,21,307,,74,14,183,,72,07,300,*61 (pico_gnss pico-gnss-rs/src/main.rs:372)
78.944810 [INFO ] NMEA $GLGSV,3,3,09,85,02,208,*59 (pico_gnss pico-gnss-rs/src/main.rs:372)
78.974227 [INFO ] PPS count=80 interval_us=1000002 interval_ns=1000002400 state=Locked missed=0 (pico_gnss pico-gnss-rs/src/main.rs:161)
79.003429 [INFO ] NMEA $GNRMC,093951.000,A,0000.0000,N,00000.0000,E,1.03,67.78,080626,,,A*44 (pico_gnss pico-gnss-rs/src/main.rs:372)
79.006018 [INFO ] SYNC pps_local_us=78967792 unix_s=1780911591 drift_us=2 err_ns=-2 holdover_ms=1000 (pico_gnss pico-gnss-rs/src/main.rs:403)
79.010045 [INFO ] PPSGEN count=80 interval_ns=1000002416 dev_ns=2416 phase_ns=35836914 (pico_gnss pico-gnss-rs/src/main.rs:246)
79.036827 [INFO ] NMEA $GPVTG,67.78,T,,M,1.03,N,1.91,K,A*08 (pico_gnss pico-gnss-rs/src/main.rs:372)
79.094744 [INFO ] NMEA $GPZDA,093951.000,08,06,2026,,*59 (pico_gnss pico-gnss-rs/src/main.rs:372)
79.112613 [INFO ] TIME unix_ns=1780911591138442668 ppb=2403 holdover_ms=138 locked=1 (pico_gnss pico-gnss-rs/src/main.rs:195)
79.124693 [INFO ] NMEA $GPGST,093951.000,7.4,20,12,92.2,12,20,26*70 (pico_gnss pico-gnss-rs/src/main.rs:372)
79.323936 [INFO ] NMEA $GPGGA,093952.000,0000.0000,N,00000.0000,E,1,9,1.22,32.2,M,39.0,M,,*6F (pico_gnss pico-gnss-rs/src/main.rs:372)
79.382284 [INFO ] NMEA $GNGLL,0000.0000,N,00000.0000,E,093952.000,A,A*45 (pico_gnss pico-gnss-rs/src/main.rs:372)
79.447884 [INFO ] NMEA $GNGSA,A,3,05,20,22,15,14,23,,,,,,,1.50,1.22,0.88*1E (pico_gnss pico-gnss-rs/src/main.rs:372)
79.477521 [INFO ] NMEA $GNGSA,A,3,70,73,80,,,,,,,,,,1.50,1.22,0.88*12 (pico_gnss pico-gnss-rs/src/main.rs:372)
79.564854 [INFO ] NMEA $GPGSV,4,1,14,24,82,255,,15,62,047,25,23,47,317,15,20,39,068,20*74 (pico_gnss pico-gnss-rs/src/main.rs:372)
79.623510 [INFO ] NMEA $GPGSV,4,2,14,18,37,248,,05,31,140,22,22,18,053,16,12,15,165,*76 (pico_gnss pico-gnss-rs/src/main.rs:372)
79.686103 [INFO ] NMEA $GPGSV,4,3,14,10,12,317,,14,09,041,15,21,03,135,19,193,,,*75 (pico_gnss pico-gnss-rs/src/main.rs:372)
79.715514 [INFO ] NMEA $GPGSV,4,4,14,194,,,,195,,,*7D (pico_gnss pico-gnss-rs/src/main.rs:372)
79.802837 [INFO ] NMEA $GLGSV,3,1,09,73,54,147,16,71,47,338,,80,43,051,26,70,40,071,28*63 (pico_gnss pico-gnss-rs/src/main.rs:372)
79.861424 [INFO ] NMEA $GLGSV,3,2,09,86,24,265,,87,21,307,,74,14,183,,72,07,300,*61 (pico_gnss pico-gnss-rs/src/main.rs:372)
79.890669 [INFO ] NMEA $GLGSV,3,3,09,85,02,208,*59 (pico_gnss pico-gnss-rs/src/main.rs:372)
79.953250 [INFO ] NMEA $GNRMC,093952.000,A,0000.0000,N,00000.0000,E,0.91,50.11,080626,,,A*45 (pico_gnss pico-gnss-rs/src/main.rs:372)
79.974302 [INFO ] PPS count=81 interval_us=1000002 interval_ns=1000002416 state=Locked missed=0 (pico_gnss pico-gnss-rs/src/main.rs:161)
80.010102 [INFO ] PPSGEN count=81 interval_ns=1000002432 dev_ns=2432 phase_ns=35767511 (pico_gnss pico-gnss-rs/src/main.rs:246)
80.011725 [INFO ] NMEA $GPVTG,50.11,T,,M,0.91,N,1.69,K,A*0E (pico_gnss pico-gnss-rs/src/main.rs:372)
80.040745 [INFO ] NMEA $GPZDA,093952.000,08,06,2026,,*5A (pico_gnss pico-gnss-rs/src/main.rs:372)
80.076012 [INFO ] NMEA $GPGST,093952.000,7.4,20,12,92.3,12,20,26*72 (pico_gnss pico-gnss-rs/src/main.rs:372)
80.113794 [INFO ] TIME unix_ns=1780911592139614262 ppb=2403 holdover_ms=1139 locked=1 (pico_gnss pico-gnss-rs/src/main.rs:195)
80.289840 [INFO ] NMEA $GPGGA,093953.000,0000.0000,N,00000.0000,E,1,9,1.22,32.3,M,39.0,M,,*6A (pico_gnss pico-gnss-rs/src/main.rs:372)
80.349190 [INFO ] NMEA $GNGLL,0000.0000,N,00000.0000,E,093953.000,A,A*41 (pico_gnss pico-gnss-rs/src/main.rs:372)
80.407643 [INFO ] NMEA $GNGSA,A,3,05,20,22,15,14,23,,,,,,,1.50,1.22,0.88*1E (pico_gnss pico-gnss-rs/src/main.rs:372)
80.437259 [INFO ] NMEA $GNGSA,A,3,70,73,80,,,,,,,,,,1.50,1.22,0.88*12 (pico_gnss pico-gnss-rs/src/main.rs:372)
80.524595 [INFO ] NMEA $GPGSV,4,1,14,24,82,255,,15,62,047,25,23,47,317,15,20,39,068,20*74 (pico_gnss pico-gnss-rs/src/main.rs:372)
80.583257 [INFO ] NMEA $GPGSV,4,2,14,18,37,248,,05,31,140,22,22,18,053,16,12,15,165,*76 (pico_gnss pico-gnss-rs/src/main.rs:372)
80.645921 [INFO ] NMEA $GPGSV,4,3,14,10,12,317,,14,09,041,15,21,03,135,19,193,,,*75 (pico_gnss pico-gnss-rs/src/main.rs:372)
80.675302 [INFO ] NMEA $GPGSV,4,4,14,194,,,,195,,,*7D (pico_gnss pico-gnss-rs/src/main.rs:372)
80.762625 [INFO ] NMEA $GLGSV,3,1,09,73,54,147,16,71,47,338,,80,43,051,26,70,40,071,28*63 (pico_gnss pico-gnss-rs/src/main.rs:372)
80.821231 [INFO ] NMEA $GLGSV,3,2,09,86,24,265,,87,21,307,,74,14,183,,72,07,300,*61 (pico_gnss pico-gnss-rs/src/main.rs:372)
80.850496 [INFO ] NMEA $GLGSV,3,3,09,85,02,208,*59 (pico_gnss pico-gnss-rs/src/main.rs:372)
80.941842 [INFO ] NMEA $GNRMC,093953.000,A,0000.0000,N,00000.0000,E,0.72,55.19,080626,,,A*41 (pico_gnss pico-gnss-rs/src/main.rs:372)
80.944422 [INFO ] SYNC pps_local_us=79967794 unix_s=1780911593 drift_us=2 err_ns=13 holdover_ms=1000 (pico_gnss pico-gnss-rs/src/main.rs:403)
80.971521 [INFO ] NMEA $GPVTG,55.19,T,,M,0.72,N,1.34,K,A*06 (pico_gnss pico-gnss-rs/src/main.rs:372)
80.974214 [INFO ] PPS count=82 interval_us=1000002 interval_ns=1000002416 state=Locked missed=0 (pico_gnss pico-gnss-rs/src/main.rs:161)
80.984286 [INFO ] PPSGEN count=82 interval_ns=974335696 dev_ns=-25664304 phase_ns=10047573 (pico_gnss pico-gnss-rs/src/main.rs:246)
81.000904 [INFO ] NMEA $GPZDA,093953.000,08,06,2026,,*5B (pico_gnss pico-gnss-rs/src/main.rs:372)
81.042153 [INFO ] NMEA $GPGST,093953.000,7.4,20,12,92.1,12,20,26*71 (pico_gnss pico-gnss-rs/src/main.rs:372)
81.114983 [INFO ] TIME unix_ns=1780911594140788258 ppb=2404 holdover_ms=1140 locked=1 (pico_gnss pico-gnss-rs/src/main.rs:195)
81.240959 [INFO ] NMEA $GPGGA,093954.000,0000.0000,N,00000.0000,E,1,9,1.22,32.4,M,39.0,M,,*6A (pico_gnss pico-gnss-rs/src/main.rs:372)
81.294186 [INFO ] NMEA $GNGLL,0000.0000,N,00000.0000,E,093954.000,A,A*46 (pico_gnss pico-gnss-rs/src/main.rs:372)
81.352561 [INFO ] NMEA $GNGSA,A,3,05,20,22,15,14,23,,,,,,,1.50,1.22,0.88*1E (pico_gnss pico-gnss-rs/src/main.rs:372)
81.410917 [INFO ] NMEA $GNGSA,A,3,70,73,80,,,,,,,,,,1.50,1.22,0.88*12 (pico_gnss pico-gnss-rs/src/main.rs:372)
81.469547 [INFO ] NMEA $GPGSV,4,1,14,24,82,255,,15,62,047,25,23,47,317,15,20,39,068,20*74 (pico_gnss pico-gnss-rs/src/main.rs:372)
81.532249 [INFO ] NMEA $GPGSV,4,2,14,18,37,248,,05,31,140,22,22,18,053,15,12,15,165,*75 (pico_gnss pico-gnss-rs/src/main.rs:372)
81.619554 [INFO ] NMEA $GPGSV,4,3,14,10,12,317,,14,09,041,16,21,03,135,19,193,,,*76 (pico_gnss pico-gnss-rs/src/main.rs:372)
81.648956 [INFO ] NMEA $GPGSV,4,4,14,194,,,,195,,,*7D (pico_gnss pico-gnss-rs/src/main.rs:372)
81.707545 [INFO ] NMEA $GLGSV,3,1,09,73,54,147,15,71,47,338,,80,43,051,26,70,40,071,28*60 (pico_gnss pico-gnss-rs/src/main.rs:372)
81.766088 [INFO ] NMEA $GLGSV,3,2,09,86,24,265,,87,21,307,,74,14,183,,72,07,300,*61 (pico_gnss pico-gnss-rs/src/main.rs:372)
81.799444 [INFO ] NMEA $GLGSV,3,3,09,85,02,208,*59 (pico_gnss pico-gnss-rs/src/main.rs:372)
81.886867 [INFO ] NMEA $GNRMC,093954.000,A,0000.0000,N,00000.0000,E,1.48,340.49,080626,,,A*7C (pico_gnss pico-gnss-rs/src/main.rs:372)
81.889447 [INFO ] SYNC pps_local_us=80967797 unix_s=1780911594 drift_us=2 err_ns=13 holdover_ms=999 (pico_gnss pico-gnss-rs/src/main.rs:403)
81.916551 [INFO ] NMEA $GPVTG,340.49,T,,M,1.48,N,2.75,K,A*3A (pico_gnss pico-gnss-rs/src/main.rs:372)
81.945631 [INFO ] NMEA $GPZDA,093954.000,08,06,2026,,*5C (pico_gnss pico-gnss-rs/src/main.rs:372)
81.974210 [INFO ] PPS count=83 interval_us=1000002 interval_ns=1000002416 state=Locked missed=0 (pico_gnss pico-gnss-rs/src/main.rs:161)
81.984379 [INFO ] PPSGEN count=83 interval_ns=1000002416 dev_ns=2416 phase_ns=10086572 (pico_gnss pico-gnss-rs/src/main.rs:246)
81.995858 [INFO ] NMEA $GPGST,093954.000,7.4,19,12,91.9,12,19,26*7D (pico_gnss pico-gnss-rs/src/main.rs:372)
82.116195 [INFO ] TIME unix_ns=1780911595142015255 ppb=2404 holdover_ms=1142 locked=1 (pico_gnss pico-gnss-rs/src/main.rs:195)
82.342496 [INFO ] NMEA $GPGGA,093955.000,0000.0000,N,00000.0000,E,1,9,1.22,32.7,M,39.0,M,,*6A (pico_gnss pico-gnss-rs/src/main.rs:372)
82.400859 [INFO ] NMEA $GNGLL,0000.0000,N,00000.0000,E,093955.000,A,A*45 (pico_gnss pico-gnss-rs/src/main.rs:372)
82.459289 [INFO ] NMEA $GNGSA,A,3,05,20,22,15,14,23,,,,,,,1.50,1.22,0.88*1E (pico_gnss pico-gnss-rs/src/main.rs:372)
82.517598 [INFO ] NMEA $GNGSA,A,3,70,73,80,,,,,,,,,,1.50,1.22,0.88*12 (pico_gnss pico-gnss-rs/src/main.rs:372)
82.576267 [INFO ] NMEA $GPGSV,4,1,14,24,82,255,,15,62,047,25,23,47,317,15,20,39,068,20*74 (pico_gnss pico-gnss-rs/src/main.rs:372)
82.667728 [INFO ] NMEA $GPGSV,4,2,14,18,37,248,,05,31,140,22,22,18,053,14,12,15,165,*74 (pico_gnss pico-gnss-rs/src/main.rs:372)
82.726319 [INFO ] NMEA $GPGSV,4,3,14,10,12,317,,14,09,041,16,21,03,135,19,193,,,*76 (pico_gnss pico-gnss-rs/src/main.rs:372)
82.755698 [INFO ] NMEA $GPGSV,4,4,14,194,,,,195,,,*7D (pico_gnss pico-gnss-rs/src/main.rs:372)
82.814249 [INFO ] NMEA $GLGSV,3,1,09,73,54,147,15,71,47,338,,80,43,051,26,70,40,071,27*6F (pico_gnss pico-gnss-rs/src/main.rs:372)
82.876925 [INFO ] NMEA $GLGSV,3,2,09,86,24,265,,87,21,307,,74,14,183,,72,07,300,*61 (pico_gnss pico-gnss-rs/src/main.rs:372)
82.906202 [INFO ] NMEA $GLGSV,3,3,09,85,02,208,*59 (pico_gnss pico-gnss-rs/src/main.rs:372)
82.974202 [INFO ] PPS count=84 interval_us=1000002 interval_ns=1000002416 state=Locked missed=0 (pico_gnss pico-gnss-rs/src/main.rs:161)
82.984307 [INFO ] PPSGEN count=84 interval_ns=1000002432 dev_ns=2432 phase_ns=10044167 (pico_gnss pico-gnss-rs/src/main.rs:246)
82.993800 [INFO ] NMEA $GNRMC,093955.000,A,0000.0000,N,00000.0000,E,1.01,332.06,080626,,,A*7C (pico_gnss pico-gnss-rs/src/main.rs:372)
82.996376 [INFO ] SYNC pps_local_us=82967801 unix_s=1780911595 drift_us=2 err_ns=23 holdover_ms=1999 (pico_gnss pico-gnss-rs/src/main.rs:403)
83.023133 [INFO ] NMEA $GPVTG,332.06,T,,M,1.01,N,1.88,K,A*38 (pico_gnss pico-gnss-rs/src/main.rs:372)
83.080808 [INFO ] NMEA $GPZDA,093955.000,08,06,2026,,*5D (pico_gnss pico-gnss-rs/src/main.rs:372)
83.110515 [INFO ] NMEA $GPGST,093955.000,7.5,19,12,91.8,12,19,27*7D (pico_gnss pico-gnss-rs/src/main.rs:372)
83.117398 [INFO ] TIME unix_ns=1780911595143249656 ppb=2405 holdover_ms=143 locked=1 (pico_gnss pico-gnss-rs/src/main.rs:195)
83.329185 [INFO ] NMEA $GPGGA,093956.000,0000.0000,N,00000.0000,E,1,9,1.22,33.0,M,39.0,M,,*61 (pico_gnss pico-gnss-rs/src/main.rs:372)
83.387599 [INFO ] NMEA $GNGLL,0000.0000,N,00000.0000,E,093956.000,A,A*48 (pico_gnss pico-gnss-rs/src/main.rs:372)
83.445976 [INFO ] NMEA $GNGSA,A,3,05,20,22,15,14,23,,,,,,,1.50,1.22,0.88*1E (pico_gnss pico-gnss-rs/src/main.rs:372)
83.475618 [INFO ] NMEA $GNGSA,A,3,70,73,80,,,,,,,,,,1.50,1.22,0.88*12 (pico_gnss pico-gnss-rs/src/main.rs:372)
83.567033 [INFO ] NMEA $GPGSV,4,1,14,24,82,255,,15,62,047,25,23,47,317,14,20,39,068,20*75 (pico_gnss pico-gnss-rs/src/main.rs:372)
83.625700 [INFO ] NMEA $GPGSV,4,2,14,18,37,248,,05,31,140,22,22,18,053,15,12,15,165,*75 (pico_gnss pico-gnss-rs/src/main.rs:372)
83.684246 [INFO ] NMEA $GPGSV,4,3,14,10,12,317,,14,09,041,16,21,03,135,19,193,,,*76 (pico_gnss pico-gnss-rs/src/main.rs:372)
83.713584 [INFO ] NMEA $GPGSV,4,4,14,194,,,,195,,,*7D (pico_gnss pico-gnss-rs/src/main.rs:372)
83.805057 [INFO ] NMEA $GLGSV,3,1,09,73,54,147,15,71,47,338,,80,43,051,27,70,40,071,27*6E (pico_gnss pico-gnss-rs/src/main.rs:372)
83.863634 [INFO ] NMEA $GLGSV,3,2,09,86,24,265,,87,21,307,,74,14,183,,72,07,300,*61 (pico_gnss pico-gnss-rs/src/main.rs:372)
83.892878 [INFO ] NMEA $GLGSV,3,3,09,85,02,208,*59 (pico_gnss pico-gnss-rs/src/main.rs:372)
83.951381 [INFO ] NMEA $GNRMC,093956.000,A,0000.0000,N,00000.0000,E,0.34,332.06,080626,,,A*76 (pico_gnss pico-gnss-rs/src/main.rs:372)
83.974299 [INFO ] PPS count=85 interval_us=1000002 interval_ns=1000002416 state=Locked missed=0 (pico_gnss pico-gnss-rs/src/main.rs:161)
83.984424 [INFO ] PPSGEN count=85 interval_ns=1000002416 dev_ns=2416 phase_ns=10140571 (pico_gnss pico-gnss-rs/src/main.rs:246)
84.009787 [INFO ] NMEA $GPVTG,332.06,T,,M,0.34,N,0.63,K,A*3B (pico_gnss pico-gnss-rs/src/main.rs:372)
84.038857 [INFO ] NMEA $GPZDA,093956.000,08,06,2026,,*5E (pico_gnss pico-gnss-rs/src/main.rs:372)
84.072269 [INFO ] NMEA $GPGST,093956.000,7.5,19,12,91.8,12,19,27*7E (pico_gnss pico-gnss-rs/src/main.rs:372)
84.118609 [INFO ] TIME unix_ns=1780911596144436248 ppb=2405 holdover_ms=1144 locked=1 (pico_gnss pico-gnss-rs/src/main.rs:195)
84.245899 [INFO ] NMEA $GPGGA,093957.000,0000.0000,N,00000.0000,E,1,9,1.22,33.2,M,39.0,M,,*68 (pico_gnss pico-gnss-rs/src/main.rs:372)
84.304242 [INFO ] NMEA $GNGLL,0000.0000,N,00000.0000,E,093957.000,A,A*43 (pico_gnss pico-gnss-rs/src/main.rs:372)
84.362679 [INFO ] NMEA $GNGSA,A,3,05,20,22,15,14,23,,,,,,,1.50,1.22,0.88*1E (pico_gnss pico-gnss-rs/src/main.rs:372)
84.392230 [INFO ] NMEA $GNGSA,A,3,70,73,80,,,,,,,,,,1.50,1.22,0.88*12 (pico_gnss pico-gnss-rs/src/main.rs:372)
84.482683 [INFO ] NMEA $GPGSV,4,1,14,24,82,255,,15,62,047,26,23,47,317,14,20,39,068,20*76 (pico_gnss pico-gnss-rs/src/main.rs:372)
84.541297 [INFO ] NMEA $GPGSV,4,2,14,18,37,248,,05,31,140,22,22,18,053,15,12,15,165,*75 (pico_gnss pico-gnss-rs/src/main.rs:372)
84.599876 [INFO ] NMEA $GPGSV,4,3,14,10,12,317,,14,09,041,17,21,03,135,19,193,,,*77 (pico_gnss pico-gnss-rs/src/main.rs:372)
84.657913 [INFO ] NMEA $GPGSV,4,4,14,194,,,,195,,,*7D (pico_gnss pico-gnss-rs/src/main.rs:372)
84.720656 [INFO ] NMEA $GLGSV,3,1,09,73,54,147,15,71,47,338,,80,43,051,27,70,40,071,27*6E (pico_gnss pico-gnss-rs/src/main.rs:372)
84.779356 [INFO ] NMEA $GLGSV,3,2,09,86,24,265,,87,21,307,,74,14,183,,72,07,300,*61 (pico_gnss pico-gnss-rs/src/main.rs:372)
84.808630 [INFO ] NMEA $GLGSV,3,3,09,85,02,208,*59 (pico_gnss pico-gnss-rs/src/main.rs:372)
84.896003 [INFO ] NMEA $GNRMC,093957.000,A,0000.0000,N,00000.0000,E,0.60,29.75,080626,,,A*41 (pico_gnss pico-gnss-rs/src/main.rs:372)
84.898582 [INFO ] SYNC pps_local_us=83967804 unix_s=1780911597 drift_us=2 err_ns=12 holdover_ms=1000 (pico_gnss pico-gnss-rs/src/main.rs:403)
84.925650 [INFO ] NMEA $GPVTG,29.75,T,,M,0.60,N,1.11,K,A*03 (pico_gnss pico-gnss-rs/src/main.rs:372)
84.958726 [INFO ] NMEA $GPZDA,093957.000,08,06,2026,,*5F (pico_gnss pico-gnss-rs/src/main.rs:372)
84.974212 [INFO ] PPS count=86 interval_us=1000002 interval_ns=1000002432 state=Locked missed=0 (pico_gnss pico-gnss-rs/src/main.rs:161)
84.984320 [INFO ] PPSGEN count=86 interval_ns=1000002432 dev_ns=2432 phase_ns=10061571 (pico_gnss pico-gnss-rs/src/main.rs:246)
84.998396 [INFO ] NMEA $GPGST,093957.000,7.5,19,12,91.4,12,19,26*72 (pico_gnss pico-gnss-rs/src/main.rs:372)
85.119814 [INFO ] TIME unix_ns=1780911598145620244 ppb=2406 holdover_ms=1145 locked=1 (pico_gnss pico-gnss-rs/src/main.rs:195)
85.353905 [INFO ] NMEA $GPGGA,093958.000,0000.0000,N,00000.0000,E,1,9,1.22,33.5,M,39.0,M,,*63 (pico_gnss pico-gnss-rs/src/main.rs:372)
85.412264 [INFO ] NMEA $GNGLL,0000.0000,N,00000.0000,E,093958.000,A,A*4F (pico_gnss pico-gnss-rs/src/main.rs:372)
85.470701 [INFO ] NMEA $GNGSA,A,3,05,20,22,15,14,23,,,,,,,1.50,1.22,0.88*1E (pico_gnss pico-gnss-rs/src/main.rs:372)
85.525896 [INFO ] NMEA $GNGSA,A,3,70,73,80,,,,,,,,,,1.50,1.22,0.88*12 (pico_gnss pico-gnss-rs/src/main.rs:372)
85.584557 [INFO ] NMEA $GPGSV,4,1,14,24,82,255,,15,62,047,26,23,47,317,15,20,39,068,20*77 (pico_gnss pico-gnss-rs/src/main.rs:372)
85.643157 [INFO ] NMEA $GPGSV,4,2,14,18,37,248,,05,31,140,21,22,18,053,16,12,15,165,*75 (pico_gnss pico-gnss-rs/src/main.rs:372)
85.730468 [INFO ] NMEA $GPGSV,4,3,14,10,12,317,,14,09,041,17,21,03,135,19,193,,,*77 (pico_gnss pico-gnss-rs/src/main.rs:372)
85.763884 [INFO ] NMEA $GPGSV,4,4,14,194,,,,195,,,*7D (pico_gnss pico-gnss-rs/src/main.rs:372)
85.822531 [INFO ] NMEA $GLGSV,3,1,09,73,54,147,14,71,47,338,,80,43,051,27,70,40,071,27*6F (pico_gnss pico-gnss-rs/src/main.rs:372)
85.881044 [INFO ] NMEA $GLGSV,3,2,09,86,24,265,,87,21,307,,74,14,183,,72,07,300,*61 (pico_gnss pico-gnss-rs/src/main.rs:372)
85.910286 [INFO ] NMEA $GLGSV,3,3,09,85,02,208,*59 (pico_gnss pico-gnss-rs/src/main.rs:372)
85.974205 [INFO ] PPS count=87 interval_us=1000002 interval_ns=1000002416 state=Locked missed=0 (pico_gnss pico-gnss-rs/src/main.rs:161)
85.984393 [INFO ] PPSGEN count=87 interval_ns=1000002416 dev_ns=2416 phase_ns=10045164 (pico_gnss pico-gnss-rs/src/main.rs:246)
85.997952 [INFO ] NMEA $GNRMC,093958.000,A,0000.0000,N,00000.0000,E,1.49,349.63,080626,,,A*75 (pico_gnss pico-gnss-rs/src/main.rs:372)
86.000545 [INFO ] SYNC pps_local_us=85967809 unix_s=1780911598 drift_us=2 err_ns=36 holdover_ms=1999 (pico_gnss pico-gnss-rs/src/main.rs:403)
86.031064 [INFO ] NMEA $GPVTG,349.63,T,,M,1.49,N,2.76,K,A*39 (pico_gnss pico-gnss-rs/src/main.rs:372)
86.060345 [INFO ] NMEA $GPZDA,093958.000,08,06,2026,,*50 (pico_gnss pico-gnss-rs/src/main.rs:372)
86.108180 [INFO ] NMEA $GPGST,093958.000,7.6,19,12,91.2,12,19,26*78 (pico_gnss pico-gnss-rs/src/main.rs:372)
86.121023 [INFO ] TIME unix_ns=1780911598146867647 ppb=2406 holdover_ms=146 locked=1 (pico_gnss pico-gnss-rs/src/main.rs:195)
86.321025 [INFO ] NMEA $GPGGA,093959.000,0000.0000,N,00000.0000,E,1,9,1.22,33.6,M,39.0,M,,*6D (pico_gnss pico-gnss-rs/src/main.rs:372)
86.379372 [INFO ] NMEA $GNGLL,0000.0000,N,00000.0000,E,093959.000,A,A*42 (pico_gnss pico-gnss-rs/src/main.rs:372)
86.426483 [INFO ] NMEA $GNGSA,A,3,05,20,22,15,14,23,,,,,,,1.50,1.22,0.88*1E (pico_gnss pico-gnss-rs/src/main.rs:372)
86.484830 [INFO ] NMEA $GNGSA,A,3,70,73,80,,,,,,,,,,1.50,1.22,0.88*12 (pico_gnss pico-gnss-rs/src/main.rs:372)
86.543427 [INFO ] NMEA $GPGSV,4,1,14,24,82,255,,15,62,047,26,23,47,317,15,20,39,068,20*77 (pico_gnss pico-gnss-rs/src/main.rs:372)
86.630818 [INFO ] NMEA $GPGSV,4,2,14,18,37,248,,05,31,140,21,22,18,053,16,12,15,165,*75 (pico_gnss pico-gnss-rs/src/main.rs:372)
86.693490 [INFO ] NMEA $GPGSV,4,3,14,10,12,317,,14,09,041,17,21,03,135,19,193,,,*77 (pico_gnss pico-gnss-rs/src/main.rs:372)
86.722864 [INFO ] NMEA $GPGSV,4,4,14,194,,,,195,,,*7D (pico_gnss pico-gnss-rs/src/main.rs:372)
86.781438 [INFO ] NMEA $GLGSV,3,1,09,73,54,147,16,71,47,338,,80,43,051,27,70,40,071,27*6D (pico_gnss pico-gnss-rs/src/main.rs:372)
86.868735 [INFO ] NMEA $GLGSV,3,2,09,86,24,265,,87,21,307,,74,14,183,,72,07,300,*61 (pico_gnss pico-gnss-rs/src/main.rs:372)
86.897978 [INFO ] NMEA $GLGSV,3,3,09,85,02,208,*59 (pico_gnss pico-gnss-rs/src/main.rs:372)
86.960595 [INFO ] NMEA $GNRMC,093959.000,A,0000.0000,N,00000.0000,E,1.29,38.75,080626,,,A*4C (pico_gnss pico-gnss-rs/src/main.rs:372)
86.974318 [INFO ] PPS count=88 interval_us=1000002 interval_ns=1000002416 state=Locked missed=0 (pico_gnss pico-gnss-rs/src/main.rs:161)
86.984361 [INFO ] PPSGEN count=88 interval_ns=1000002432 dev_ns=2432 phase_ns=10104570 (pico_gnss pico-gnss-rs/src/main.rs:246)
86.990369 [INFO ] NMEA $GPVTG,38.75,T,,M,1.29,N,2.38,K,A*07 (pico_gnss pico-gnss-rs/src/main.rs:372)
87.047972 [INFO ] NMEA $GPZDA,093959.000,08,06,2026,,*51 (pico_gnss pico-gnss-rs/src/main.rs:372)
87.073491 [INFO ] NMEA $GPGST,093959.000,7.6,19,12,91.2,12,19,27*78 (pico_gnss pico-gnss-rs/src/main.rs:372)
87.122194 [INFO ] TIME unix_ns=1780911599148040238 ppb=2406 holdover_ms=1148 locked=1 (pico_gnss pico-gnss-rs/src/main.rs:195)
87.290848 [INFO ] NMEA $GPGGA,094000.000,0000.0000,N,00000.0000,E,1,9,1.22,33.8,M,39.0,M,,*66 (pico_gnss pico-gnss-rs/src/main.rs:372)
87.349164 [INFO ] NMEA $GNGLL,0000.0000,N,00000.0000,E,094000.000,A,A*47 (pico_gnss pico-gnss-rs/src/main.rs:372)
87.390166 [INFO ] NMEA $GNGSA,A,3,05,20,22,15,14,23,,,,,,,1.50,1.22,0.88*1E (pico_gnss pico-gnss-rs/src/main.rs:372)
87.448460 [INFO ] NMEA $GNGSA,A,3,70,73,80,,,,,,,,,,1.50,1.22,0.88*12 (pico_gnss pico-gnss-rs/src/main.rs:372)
87.535849 [INFO ] NMEA $GPGSV,4,1,14,24,82,255,,15,62,047,26,23,47,317,14,20,39,068,20*76 (pico_gnss pico-gnss-rs/src/main.rs:372)
87.594527 [INFO ] NMEA $GPGSV,4,2,14,18,37,248,,05,31,140,21,22,18,053,16,12,15,165,15*71 (pico_gnss pico-gnss-rs/src/main.rs:372)
87.657205 [INFO ] NMEA $GPGSV,4,3,14,10,12,317,,14,09,041,16,21,03,135,19,193,,,*76 (pico_gnss pico-gnss-rs/src/main.rs:372)
87.686533 [INFO ] NMEA $GPGSV,4,4,14,194,,,,195,,,*7D (pico_gnss pico-gnss-rs/src/main.rs:372)
87.773909 [INFO ] NMEA $GLGSV,3,1,09,73,54,147,17,71,47,338,,80,43,051,28,70,40,071,27*63 (pico_gnss pico-gnss-rs/src/main.rs:372)
87.832456 [INFO ] NMEA $GLGSV,3,2,09,86,24,265,,87,21,307,,74,14,183,,72,07,300,*61 (pico_gnss pico-gnss-rs/src/main.rs:372)
87.861783 [INFO ] NMEA $GLGSV,3,3,09,85,02,208,*59 (pico_gnss pico-gnss-rs/src/main.rs:372)
87.924391 [INFO ] NMEA $GNRMC,094000.000,A,0000.0000,N,00000.0000,E,0.79,84.28,080626,,,A*42 (pico_gnss pico-gnss-rs/src/main.rs:372)
87.926964 [INFO ] SYNC pps_local_us=86967811 unix_s=1780911600 drift_us=2 err_ns=10 holdover_ms=1000 (pico_gnss pico-gnss-rs/src/main.rs:403)
87.974243 [INFO ] PPS count=89 interval_us=1000002 interval_ns=1000002416 state=Locked missed=0 (pico_gnss pico-gnss-rs/src/main.rs:161)
87.982723 [INFO ] NMEA $GPVTG,84.28,T,,M,0.79,N,1.47,K,A*07 (pico_gnss pico-gnss-rs/src/main.rs:372)
87.984406 [INFO ] PPSGEN count=89 interval_ns=1000002416 dev_ns=2416 phase_ns=10128569 (pico_gnss pico-gnss-rs/src/main.rs:246)
88.011955 [INFO ] NMEA $GPZDA,094000.000,08,06,2026,,*53 (pico_gnss pico-gnss-rs/src/main.rs:372)
88.041277 [INFO ] NMEA $GPGST,094000.000,7.7,19,12,91.4,12,19,27*7D (pico_gnss pico-gnss-rs/src/main.rs:372)
88.123415 [INFO ] TIME unix_ns=1780911601149182235 ppb=2407 holdover_ms=1149 locked=1 (pico_gnss pico-gnss-rs/src/main.rs:195)
88.238996 [INFO ] NMEA $GPGGA,094001.000,0000.0000,N,00000.0000,E,1,9,1.22,34.1,M,39.0,M,,*6B (pico_gnss pico-gnss-rs/src/main.rs:372)
88.300385 [INFO ] NMEA $GNGLL,0000.0000,N,00000.0000,E,094001.000,A,A*44 (pico_gnss pico-gnss-rs/src/main.rs:372)
88.358838 [INFO ] NMEA $GNGSA,A,3,05,20,22,15,14,23,,,,,,,1.50,1.22,0.88*1E (pico_gnss pico-gnss-rs/src/main.rs:372)
88.388466 [INFO ] NMEA $GNGSA,A,3,70,73,80,,,,,,,,,,1.50,1.22,0.88*12 (pico_gnss pico-gnss-rs/src/main.rs:372)
88.475790 [INFO ] NMEA $GPGSV,4,1,14,24,82,255,,15,62,047,26,23,47,317,14,20,39,068,20*76 (pico_gnss pico-gnss-rs/src/main.rs:372)
88.538552 [INFO ] NMEA $GPGSV,4,2,14,18,37,248,,05,31,140,20,22,18,053,15,12,15,165,17*71 (pico_gnss pico-gnss-rs/src/main.rs:372)
88.597090 [INFO ] NMEA $GPGSV,4,3,14,10,12,317,,14,09,041,16,21,03,135,19,193,,,*76 (pico_gnss pico-gnss-rs/src/main.rs:372)
88.626456 [INFO ] NMEA $GPGSV,4,4,14,194,,,,195,,,*7D (pico_gnss pico-gnss-rs/src/main.rs:372)
88.713790 [INFO ] NMEA $GLGSV,3,1,09,73,54,147,16,71,47,338,,80,43,051,28,70,40,071,27*62 (pico_gnss pico-gnss-rs/src/main.rs:372)
88.772387 [INFO ] NMEA $GLGSV,3,2,09,86,24,265,,87,21,307,,74,14,183,,72,07,300,*61 (pico_gnss pico-gnss-rs/src/main.rs:372)
88.805737 [INFO ] NMEA $GLGSV,3,3,09,85,02,208,*59 (pico_gnss pico-gnss-rs/src/main.rs:372)
88.893127 [INFO ] NMEA $GNRMC,094001.000,A,0000.0000,N,00000.0000,E,0.79,65.36,080626,,,A*41 (pico_gnss pico-gnss-rs/src/main.rs:372)
88.895664 [INFO ] SYNC pps_local_us=87967813 unix_s=1780911601 drift_us=2 err_ns=10 holdover_ms=999 (pico_gnss pico-gnss-rs/src/main.rs:403)
88.922812 [INFO ] NMEA $GPVTG,65.36,T,,M,0.79,N,1.46,K,A*06 (pico_gnss pico-gnss-rs/src/main.rs:372)
88.951860 [INFO ] NMEA $GPZDA,094001.000,08,06,2026,,*52 (pico_gnss pico-gnss-rs/src/main.rs:372)
88.970770 [INFO ] PPSGEN count=90 interval_ns=986368336 dev_ns=-13631664 phase_ns=-3493398 (pico_gnss pico-gnss-rs/src/main.rs:246)
88.974136 [INFO ] PPS count=90 interval_us=1000002 interval_ns=1000002432 state=Locked missed=0 (pico_gnss pico-gnss-rs/src/main.rs:161)
88.993468 [INFO ] NMEA $GPGST,094001.000,7.8,19,12,90.9,12,19,26*7E (pico_gnss pico-gnss-rs/src/main.rs:372)
89.124639 [INFO ] TIME unix_ns=1780911602150441231 ppb=2407 holdover_ms=1150 locked=1 (pico_gnss pico-gnss-rs/src/main.rs:195)
89.344680 [INFO ] NMEA $GPGGA,094002.000,0000.0000,N,00000.0000,E,1,9,1.22,34.5,M,39.0,M,,*63 (pico_gnss pico-gnss-rs/src/main.rs:372)
89.403033 [INFO ] NMEA $GNGLL,0000.0000,N,00000.0000,E,094002.000,A,A*48 (pico_gnss pico-gnss-rs/src/main.rs:372)
89.461447 [INFO ] NMEA $GNGSA,A,3,05,20,22,15,14,23,,,,,,,1.50,1.22,0.88*1E (pico_gnss pico-gnss-rs/src/main.rs:372)
89.519786 [INFO ] NMEA $GNGSA,A,3,70,73,80,,,,,,,,,,1.50,1.22,0.88*12 (pico_gnss pico-gnss-rs/src/main.rs:372)
89.578401 [INFO ] NMEA $GPGSV,4,1,14,24,82,255,,15,62,047,26,23,47,317,14,20,39,068,20*76 (pico_gnss pico-gnss-rs/src/main.rs:372)
89.641240 [INFO ] NMEA $GPGSV,4,2,14,18,37,248,,05,31,140,20,22,18,053,14,12,15,165,17*70 (pico_gnss pico-gnss-rs/src/main.rs:372)
89.728578 [INFO ] NMEA $GPGSV,4,3,14,10,12,317,,14,09,041,16,21,03,135,19,193,,,*76 (pico_gnss pico-gnss-rs/src/main.rs:372)
89.757950 [INFO ] NMEA $GPGSV,4,4,14,194,,,,195,,,*7D (pico_gnss pico-gnss-rs/src/main.rs:372)
89.816555 [INFO ] NMEA $GLGSV,3,1,09,73,54,147,15,71,47,338,,80,43,051,28,70,40,071,27*61 (pico_gnss pico-gnss-rs/src/main.rs:372)
89.879160 [INFO ] NMEA $GLGSV,3,2,09,86,24,265,,87,21,307,,74,14,183,,72,07,300,*61 (pico_gnss pico-gnss-rs/src/main.rs:372)
89.908426 [INFO ] NMEA $GLGSV,3,3,09,85,02,208,*59 (pico_gnss pico-gnss-rs/src/main.rs:372)
89.970803 [INFO ] PPSGEN count=91 interval_ns=1000002432 dev_ns=2432 phase_ns=-3521806 (pico_gnss pico-gnss-rs/src/main.rs:246)
89.974143 [INFO ] PPS count=91 interval_us=1000002 interval_ns=1000002416 state=Locked missed=0 (pico_gnss pico-gnss-rs/src/main.rs:161)
89.996027 [INFO ] NMEA $GNRMC,094002.000,A,0000.0000,N,00000.0000,E,0.96,24.76,080626,,,A*4D (pico_gnss pico-gnss-rs/src/main.rs:372)
89.998604 [INFO ] SYNC pps_local_us=89967818 unix_s=1780911602 drift_us=2 err_ns=33 holdover_ms=1999 (pico_gnss pico-gnss-rs/src/main.rs:403)
90.025345 [INFO ] NMEA $GPVTG,24.76,T,,M,0.96,N,1.79,K,A*0A (pico_gnss pico-gnss-rs/src/main.rs:372)
90.054368 [INFO ] NMEA $GPZDA,094002.000,08,06,2026,,*51 (pico_gnss pico-gnss-rs/src/main.rs:372)
90.104273 [INFO ] NMEA $GPGST,094002.000,8.0,19,12,91.2,12,19,27*71 (pico_gnss pico-gnss-rs/src/main.rs:372)
90.125839 [INFO ] TIME unix_ns=1780911602151681635 ppb=2408 holdover_ms=151 locked=1 (pico_gnss pico-gnss-rs/src/main.rs:195)
90.238545 [INFO ] NMEA $GPGGA,094003.000,0000.0000,N,00000.0000,E,1,9,1.22,34.8,M,39.0,M,,*69 (pico_gnss pico-gnss-rs/src/main.rs:372)
90.296885 [INFO ] NMEA $GNGLL,0000.0000,N,00000.0000,E,094003.000,A,A*4F (pico_gnss pico-gnss-rs/src/main.rs:372)
90.355327 [INFO ] NMEA $GNGSA,A,3,05,20,22,15,14,23,,,,,,,1.50,1.22,0.88*1E (pico_gnss pico-gnss-rs/src/main.rs:372)
90.413613 [INFO ] NMEA $GNGSA,A,3,70,73,80,,,,,,,,,,1.50,1.22,0.88*12 (pico_gnss pico-gnss-rs/src/main.rs:372)
90.476384 [INFO ] NMEA $GPGSV,4,1,14,24,82,255,,15,62,047,26,23,47,317,14,20,39,068,20*76 (pico_gnss pico-gnss-rs/src/main.rs:372)
90.563808 [INFO ] NMEA $GPGSV,4,2,14,18,37,248,,05,31,140,20,22,18,053,15,12,15,165,17*71 (pico_gnss pico-gnss-rs/src/main.rs:372)
90.622362 [INFO ] NMEA $GPGSV,4,3,14,10,12,317,,14,09,041,16,21,03,135,19,193,,,*76 (pico_gnss pico-gnss-rs/src/main.rs:372)
90.651731 [INFO ] NMEA $GPGSV,4,4,14,194,,,,195,,,*7D (pico_gnss pico-gnss-rs/src/main.rs:372)
90.710288 [INFO ] NMEA $GLGSV,3,1,09,73,54,147,15,71,47,338,,80,43,051,28,70,40,071,27*61 (pico_gnss pico-gnss-rs/src/main.rs:372)
90.801744 [INFO ] NMEA $GLGSV,3,2,09,86,24,265,,87,21,307,,74,14,183,,72,07,300,*61 (pico_gnss pico-gnss-rs/src/main.rs:372)
90.831042 [INFO ] NMEA $GLGSV,3,3,09,85,02,208,*59 (pico_gnss pico-gnss-rs/src/main.rs:372)
90.889848 [INFO ] NMEA $GNRMC,094003.000,A,0000.0000,N,00000.0000,E,0.42,24.76,080626,,,A*43 (pico_gnss pico-gnss-rs/src/main.rs:372)
90.919418 [INFO ] NMEA $GPVTG,24.76,T,,M,0.42,N,0.78,K,A*03 (pico_gnss pico-gnss-rs/src/main.rs:372)
90.970849 [INFO ] PPSGEN count=92 interval_ns=1000002416 dev_ns=2416 phase_ns=-3470399 (pico_gnss pico-gnss-rs/src/main.rs:246)
90.974165 [INFO ] PPS count=92 interval_us=1000002 interval_ns=1000002416 state=Locked missed=0 (pico_gnss pico-gnss-rs/src/main.rs:161)
90.977525 [INFO ] NMEA $GPZDA,094003.000,08,06,2026,,*50 (pico_gnss pico-gnss-rs/src/main.rs:372)
91.007173 [INFO ] NMEA $GPGST,094003.000,8.1,19,12,91.1,12,19,27*72 (pico_gnss pico-gnss-rs/src/main.rs:372)
91.127029 [INFO ] TIME unix_ns=1780911603152857224 ppb=2408 holdover_ms=1152 locked=1 (pico_gnss pico-gnss-rs/src/main.rs:195)
91.355760 [INFO ] NMEA $GPGGA,094004.000,0000.0000,N,00000.0000,E,1,8,1.32,35.1,M,39.0,M,,*6B (pico_gnss pico-gnss-rs/src/main.rs:372)
91.414102 [INFO ] NMEA $GNGLL,0000.0000,N,00000.0000,E,094004.000,A,A*45 (pico_gnss pico-gnss-rs/src/main.rs:372)
91.472553 [INFO ] NMEA $GNGSA,A,3,05,20,22,15,14,23,,,,,,,1.58,1.32,0.88*17 (pico_gnss pico-gnss-rs/src/main.rs:372)
91.502116 [INFO ] NMEA $GNGSA,A,3,70,80,,,,,,,,,,,1.58,1.32,0.88*1F (pico_gnss pico-gnss-rs/src/main.rs:372)
91.571990 [INFO ] NMEA $GPGSV,4,1,14,24,82,255,,15,62,047,26,23,47,317,14,20,39,068,19*7C (pico_gnss pico-gnss-rs/src/main.rs:372)
91.659399 [INFO ] NMEA $GPGSV,4,2,14,18,37,248,,05,31,140,20,22,18,053,15,12,15,165,17*71 (pico_gnss pico-gnss-rs/src/main.rs:372)
91.717938 [INFO ] NMEA $GPGSV,4,3,14,10,12,317,,14,09,041,16,21,03,135,19,193,,,*76 (pico_gnss pico-gnss-rs/src/main.rs:372)
91.747329 [INFO ] NMEA $GPGSV,4,4,14,194,,,,195,,,*7D (pico_gnss pico-gnss-rs/src/main.rs:372)
91.838780 [INFO ] NMEA $GLGSV,3,1,09,73,54,147,13,71,47,338,,80,43,051,28,70,40,071,27*67 (pico_gnss pico-gnss-rs/src/main.rs:372)
91.897270 [INFO ] NMEA $GLGSV,3,2,09,86,24,265,,87,21,307,,74,14,183,,72,07,300,*61 (pico_gnss pico-gnss-rs/src/main.rs:372)
91.926490 [INFO ] NMEA $GLGSV,3,3,09,85,02,208,*59 (pico_gnss pico-gnss-rs/src/main.rs:372)
91.970814 [INFO ] PPSGEN count=93 interval_ns=1000002432 dev_ns=2432 phase_ns=-3485807 (pico_gnss pico-gnss-rs/src/main.rs:246)
91.974173 [INFO ] PPS count=93 interval_us=1000002 interval_ns=1000002416 state=Locked missed=0 (pico_gnss pico-gnss-rs/src/main.rs:161)
91.985388 [INFO ] NMEA $GNRMC,094004.000,A,0000.0000,N,00000.0000,E,0.32,24.76,080626,,,A*4E (pico_gnss pico-gnss-rs/src/main.rs:372)
91.987972 [INFO ] SYNC pps_local_us=91967823 unix_s=1780911604 drift_us=2 err_ns=16 holdover_ms=2000 (pico_gnss pico-gnss-rs/src/main.rs:403)
92.043174 [INFO ] NMEA $GPVTG,24.76,T,,M,0.32,N,0.59,K,A*07 (pico_gnss pico-gnss-rs/src/main.rs:372)
92.076485 [INFO ] NMEA $GPZDA,094004.000,08,06,2026,,*57 (pico_gnss pico-gnss-rs/src/main.rs:372)
92.108260 [INFO ] NMEA $GPGST,094004.000,8.2,19,12,90.8,12,19,27*7E (pico_gnss pico-gnss-rs/src/main.rs:372)
92.128239 [INFO ] TIME unix_ns=1780911604154051630 ppb=2408 holdover_ms=154 locked=1 (pico_gnss pico-gnss-rs/src/main.rs:195)
92.315889 [INFO ] NMEA $GPGGA,094005.000,0000.0000,N,00000.0000,E,1,8,1.32,35.2,M,39.0,M,,*6F (pico_gnss pico-gnss-rs/src/main.rs:372)
92.374228 [INFO ] NMEA $GNGLL,0000.0000,N,00000.0000,E,094005.000,A,A*42 (pico_gnss pico-gnss-rs/src/main.rs:372)
92.432665 [INFO ] NMEA $GNGSA,A,3,05,20,22,15,14,23,,,,,,,1.59,1.32,0.88*16 (pico_gnss pico-gnss-rs/src/main.rs:372)
92.467294 [INFO ] NMEA $GNGSA,A,3,70,80,,,,,,,,,,,1.59,1.32,0.88*1E (pico_gnss pico-gnss-rs/src/main.rs:372)
92.554688 [INFO ] NMEA $GPGSV,4,1,14,24,82,255,,15,62,047,26,23,47,317,15,20,39,068,19*7D (pico_gnss pico-gnss-rs/src/main.rs:372)
92.613378 [INFO ] NMEA $GPGSV,4,2,14,18,37,248,,05,31,140,20,22,18,053,15,12,15,165,17*71 (pico_gnss pico-gnss-rs/src/main.rs:372)
92.671906 [INFO ] NMEA $GPGSV,4,3,14,10,12,317,,14,09,041,15,21,03,135,19,193,,,*75 (pico_gnss pico-gnss-rs/src/main.rs:372)
92.701260 [INFO ] NMEA $GPGSV,4,4,14,194,,,,195,,,*7D (pico_gnss pico-gnss-rs/src/main.rs:372)
92.792695 [INFO ] NMEA $GLGSV,3,1,09,73,54,147,13,71,47,338,,80,43,051,27,70,40,071,27*68 (pico_gnss pico-gnss-rs/src/main.rs:372)
92.851291 [INFO ] NMEA $GLGSV,3,2,09,86,24,265,,87,21,307,,74,14,183,,72,07,300,*61 (pico_gnss pico-gnss-rs/src/main.rs:372)
92.880587 [INFO ] NMEA $GLGSV,3,3,09,85,02,208,*59 (pico_gnss pico-gnss-rs/src/main.rs:372)
92.967786 [INFO ] NMEA $GNRMC,094005.000,A,0000.0000,N,00000.0000,E,1.01,31.18,080626,,,A*44 (pico_gnss pico-gnss-rs/src/main.rs:372)
92.970960 [INFO ] PPSGEN count=94 interval_ns=1000002416 dev_ns=2416 phase_ns=-3386400 (pico_gnss pico-gnss-rs/src/main.rs:246)
92.974241 [INFO ] PPS count=94 interval_us=1000002 interval_ns=1000002400 state=Locked missed=0 (pico_gnss pico-gnss-rs/src/main.rs:161)
93.001331 [INFO ] NMEA $GPVTG,31.18,T,,M,1.01,N,1.87,K,A*08 (pico_gnss pico-gnss-rs/src/main.rs:372)
93.030598 [INFO ] NMEA $GPZDA,094005.000,08,06,2026,,*56 (pico_gnss pico-gnss-rs/src/main.rs:372)
93.067993 [INFO ] NMEA $GPGST,094005.000,8.3,19,12,90.4,12,19,28*7D (pico_gnss pico-gnss-rs/src/main.rs:372)
93.129432 [INFO ] TIME unix_ns=1780911605155236219 ppb=2408 holdover_ms=1155 locked=1 (pico_gnss pico-gnss-rs/src/main.rs:195)
93.285996 [INFO ] NMEA $GPGGA,094006.000,0000.0000,N,00000.0000,E,1,8,1.32,35.5,M,39.0,M,,*61 (pico_gnss pico-gnss-rs/src/main.rs:372)
93.344340 [INFO ] NMEA $GNGLL,0000.0000,N,00000.0000,E,094006.000,A,A*4B (pico_gnss pico-gnss-rs/src/main.rs:372)
93.401776 [INFO ] NMEA $GNGSA,A,3,05,20,22,15,14,23,,,,,,,1.58,1.32,0.88*17 (pico_gnss pico-gnss-rs/src/main.rs:372)
93.431308 [INFO ] NMEA $GNGSA,A,3,70,80,,,,,,,,,,,1.58,1.32,0.88*1F (pico_gnss pico-gnss-rs/src/main.rs:372)
93.518673 [INFO ] NMEA $GPGSV,4,1,15,24,82,255,,15,62,047,26,23,47,317,15,20,39,068,19*7C (pico_gnss pico-gnss-rs/src/main.rs:372)
93.577316 [INFO ] NMEA $GPGSV,4,2,15,18,37,248,,05,31,140,20,22,18,053,16,12,15,165,17*73 (pico_gnss pico-gnss-rs/src/main.rs:372)
93.664534 [INFO ] NMEA $GPGSV,4,3,15,10,12,317,,14,09,041,16,21,03,135,19,193,,,*77 (pico_gnss pico-gnss-rs/src/main.rs:372)
93.698135 [INFO ] NMEA $GPGSV,4,4,15,194,,,,195,,,,43,,,*7B (pico_gnss pico-gnss-rs/src/main.rs:372)
93.756802 [INFO ] NMEA $GLGSV,3,1,09,73,54,147,13,71,47,338,,80,43,051,27,70,40,071,27*68 (pico_gnss pico-gnss-rs/src/main.rs:372)
93.815316 [INFO ] NMEA $GLGSV,3,2,09,86,24,265,,87,21,307,,74,14,183,,72,07,300,*61 (pico_gnss pico-gnss-rs/src/main.rs:372)
93.844680 [INFO ] NMEA $GLGSV,3,3,09,85,02,208,20*5B (pico_gnss pico-gnss-rs/src/main.rs:372)
93.936022 [INFO ] NMEA $GNRMC,094006.000,A,0000.0000,N,00000.0000,E,1.52,59.19,080626,,,A*44 (pico_gnss pico-gnss-rs/src/main.rs:372)
93.938580 [INFO ] SYNC pps_local_us=92967826 unix_s=1780911606 drift_us=2 err_ns=-7 holdover_ms=1000 (pico_gnss pico-gnss-rs/src/main.rs:403)
93.965714 [INFO ] NMEA $GPVTG,59.19,T,,M,1.52,N,2.82,K,A*07 (pico_gnss pico-gnss-rs/src/main.rs:372)
93.970840 [INFO ] PPSGEN count=95 interval_ns=1000002432 dev_ns=2432 phase_ns=-3509399 (pico_gnss pico-gnss-rs/src/main.rs:246)
93.974180 [INFO ] PPS count=95 interval_us=1000002 interval_ns=1000002416 state=Locked missed=0 (pico_gnss pico-gnss-rs/src/main.rs:161)
93.995036 [INFO ] NMEA $GPZDA,094006.000,08,06,2026,,*55 (pico_gnss pico-gnss-rs/src/main.rs:372)
94.046803 [INFO ] NMEA $GPGST,094006.000,8.4,19,12,89.9,12,19,27*73 (pico_gnss pico-gnss-rs/src/main.rs:372)
94.130649 [INFO ] TIME unix_ns=1780911607156433216 ppb=2408 holdover_ms=1156 locked=1 (pico_gnss pico-gnss-rs/src/main.rs:195)
94.258019 [INFO ] NMEA $GPGGA,094007.000,0000.0000,N,00000.0000,E,1,8,1.32,35.8,M,39.0,M,,*69 (pico_gnss pico-gnss-rs/src/main.rs:372)
94.316292 [INFO ] NMEA $GNGLL,0000.0000,N,00000.0000,E,094007.000,A,A*4E (pico_gnss pico-gnss-rs/src/main.rs:372)
94.359343 [INFO ] NMEA $GNGSA,A,3,05,20,22,15,14,23,,,,,,,1.58,1.32,0.88*17 (pico_gnss pico-gnss-rs/src/main.rs:372)
94.417615 [INFO ] NMEA $GNGSA,A,3,70,80,,,,,,,,,,,1.58,1.32,0.88*1F (pico_gnss pico-gnss-rs/src/main.rs:372)
94.476321 [INFO ] NMEA $GPGSV,4,1,15,24,82,255,13,15,62,047,26,23,47,317,15,20,39,068,19*7E (pico_gnss pico-gnss-rs/src/main.rs:372)
94.563718 [INFO ] NMEA $GPGSV,4,2,15,18,37,248,,05,31,140,20,22,18,053,16,12,15,165,18*7C (pico_gnss pico-gnss-rs/src/main.rs:372)
94.626388 [INFO ] NMEA $GPGSV,4,3,15,10,12,317,,14,09,041,16,21,03,135,18,193,,,*76 (pico_gnss pico-gnss-rs/src/main.rs:372)
94.655883 [INFO ] NMEA $GPGSV,4,4,15,194,,,,195,,,,43,,,*7B (pico_gnss pico-gnss-rs/src/main.rs:372)
94.743200 [INFO ] NMEA $GLGSV,3,1,09,73,54,147,13,71,47,338,,80,43,051,27,70,40,071,27*68 (pico_gnss pico-gnss-rs/src/main.rs:372)
94.801758 [INFO ] NMEA $GLGSV,3,2,09,86,24,265,,87,21,307,,74,14,183,,72,07,300,*61 (pico_gnss pico-gnss-rs/src/main.rs:372)
94.831055 [INFO ] NMEA $GLGSV,3,3,09,85,02,208,*59 (pico_gnss pico-gnss-rs/src/main.rs:372)
94.893735 [INFO ] NMEA $GNRMC,094007.000,A,0000.0000,N,00000.0000,E,1.17,83.09,080626,,,A*46 (pico_gnss pico-gnss-rs/src/main.rs:372)
94.896324 [INFO ] SYNC pps_local_us=93967828 unix_s=1780911607 drift_us=2 err_ns=8 holdover_ms=999 (pico_gnss pico-gnss-rs/src/main.rs:403)
94.951870 [INFO ] NMEA $GPVTG,83.09,T,,M,1.17,N,2.16,K,A*0D (pico_gnss pico-gnss-rs/src/main.rs:372)
94.970794 [INFO ] PPSGEN count=96 interval_ns=1000002432 dev_ns=2432 phase_ns=-3471399 (pico_gnss pico-gnss-rs/src/main.rs:246)
94.974173 [INFO ] PPS count=96 interval_us=1000002 interval_ns=1000002416 state=Locked missed=0 (pico_gnss pico-gnss-rs/src/main.rs:161)
94.981439 [INFO ] NMEA $GPZDA,094007.000,08,06,2026,,*54 (pico_gnss pico-gnss-rs/src/main.rs:372)
95.018569 [INFO ] NMEA $GPGST,094007.000,8.5,19,12,89.8,12,19,27*72 (pico_gnss pico-gnss-rs/src/main.rs:372)
95.131854 [INFO ] TIME unix_ns=1780911608157671212 ppb=2408 holdover_ms=1157 locked=1 (pico_gnss pico-gnss-rs/src/main.rs:195)
95.367162 [INFO ] NMEA $GPGGA,094008.000,0000.0000,N,00000.0000,E,1,8,1.32,36.2,M,39.0,M,,*65 (pico_gnss pico-gnss-rs/src/main.rs:372)
95.424461 [INFO ] NMEA $GNGLL,0000.0000,N,00000.0000,E,094008.000,A,A*4B (pico_gnss pico-gnss-rs/src/main.rs:372)
95.482918 [INFO ] NMEA $GNGSA,A,3,05,20,22,15,14,23,,,,,,,1.58,1.32,0.88*17 (pico_gnss pico-gnss-rs/src/main.rs:372)
95.512446 [INFO ] NMEA $GNGSA,A,3,70,80,,,,,,,,,,,1.58,1.32,0.88*1F (pico_gnss pico-gnss-rs/src/main.rs:372)
95.599868 [INFO ] NMEA $GPGSV,4,1,15,24,82,255,11,15,62,047,26,23,47,317,15,20,39,068,18*7D (pico_gnss pico-gnss-rs/src/main.rs:372)
95.662569 [INFO ] NMEA $GPGSV,4,2,15,18,37,248,,05,31,140,20,22,18,053,15,12,15,165,18*7F (pico_gnss pico-gnss-rs/src/main.rs:372)
95.721155 [INFO ] NMEA $GPGSV,4,3,15,10,12,317,,14,09,041,16,21,03,135,18,193,,,*76 (pico_gnss pico-gnss-rs/src/main.rs:372)
95.779321 [INFO ] NMEA $GPGSV,4,4,15,194,,,,195,,,,43,,,*7B (pico_gnss pico-gnss-rs/src/main.rs:372)
95.837952 [INFO ] NMEA $GLGSV,3,1,09,73,54,147,15,71,47,338,,80,43,051,27,70,40,071,27*6E (pico_gnss pico-gnss-rs/src/main.rs:372)
95.896465 [INFO ] NMEA $GLGSV,3,2,09,86,24,265,,87,21,307,,74,14,183,,72,07,300,*61 (pico_gnss pico-gnss-rs/src/main.rs:372)
95.929763 [INFO ] NMEA $GLGSV,3,3,09,85,02,208,*59 (pico_gnss pico-gnss-rs/src/main.rs:372)
95.970821 [INFO ] PPSGEN count=97 interval_ns=1000002432 dev_ns=2432 phase_ns=-3493808 (pico_gnss pico-gnss-rs/src/main.rs:246)
95.974176 [INFO ] PPS count=97 interval_us=1000002 interval_ns=1000002416 state=Locked missed=0 (pico_gnss pico-gnss-rs/src/main.rs:161)
96.017141 [INFO ] NMEA $GNRMC,094008.000,A,0000.0000,N,00000.0000,E,1.02,93.53,080626,,,A*49 (pico_gnss pico-gnss-rs/src/main.rs:372)
96.019746 [INFO ] SYNC pps_local_us=95967833 unix_s=1780911608 drift_us=2 err_ns=15 holdover_ms=2000 (pico_gnss pico-gnss-rs/src/main.rs:403)
96.046713 [INFO ] NMEA $GPVTG,93.53,T,,M,1.02,N,1.89,K,A*02 (pico_gnss pico-gnss-rs/src/main.rs:372)
96.075785 [INFO ] NMEA $GPZDA,094008.000,08,06,2026,,*5B (pico_gnss pico-gnss-rs/src/main.rs:372)
96.127786 [INFO ] NMEA $GPGST,094008.000,8.6,19,13,89.6,13,19,28*7F (pico_gnss pico-gnss-rs/src/main.rs:372)
96.133050 [INFO ] TIME unix_ns=1780911608158875618 ppb=2409 holdover_ms=158 locked=1 (pico_gnss pico-gnss-rs/src/main.rs:195)
96.377221 [INFO ] NMEA $GPGGA,094009.000,0000.0000,N,00000.0000,E,1,8,1.32,36.5,M,39.0,M,,*6C (pico_gnss pico-gnss-rs/src/main.rs:372)
96.406852 [INFO ] NMEA $GNGLL,0000.0000,N,00000.0000,E,094009.000,A,A*45 (pico_gnss pico-gnss-rs/src/main.rs:372)
96.465219 [INFO ] NMEA $GNGSA,A,3,05,20,22,15,14,23,,,,,,,1.58,1.32,0.88*17 (pico_gnss pico-gnss-rs/src/main.rs:372)
96.523506 [INFO ] NMEA $GNGSA,A,3,70,80,,,,,,,,,,,1.58,1.32,0.88*1F (pico_gnss pico-gnss-rs/src/main.rs:372)
96.582183 [INFO ] NMEA $GPGSV,4,1,15,24,82,255,13,15,62,047,26,23,47,317,15,20,39,068,18*7F (pico_gnss pico-gnss-rs/src/main.rs:372)
96.673704 [INFO ] NMEA $GPGSV,4,2,15,18,37,248,,05,31,140,20,22,18,053,15,12,15,165,18*7F (pico_gnss pico-gnss-rs/src/main.rs:372)
96.732279 [INFO ] NMEA $GPGSV,4,3,15,10,12,317,,14,09,041,16,21,03,135,18,193,,,*76 (pico_gnss pico-gnss-rs/src/main.rs:372)
96.761752 [INFO ] NMEA $GPGSV,4,4,15,194,,,,195,,,,43,,,*7B (pico_gnss pico-gnss-rs/src/main.rs:372)
96.849083 [INFO ] NMEA $GLGSV,3,1,09,73,54,147,13,71,47,338,,80,43,051,27,70,40,071,27*68 (pico_gnss pico-gnss-rs/src/main.rs:372)
96.911656 [INFO ] NMEA $GLGSV,3,2,09,86,24,265,,87,21,307,,74,14,183,,72,07,300,*61 (pico_gnss pico-gnss-rs/src/main.rs:372)
96.940912 [INFO ] NMEA $GLGSV,3,3,09,85,02,208,*59 (pico_gnss pico-gnss-rs/src/main.rs:372)
96.971507 [INFO ] PPSGEN count=98 interval_ns=1000703952 dev_ns=703952 phase_ns=-2804401 (pico_gnss pico-gnss-rs/src/main.rs:246)
96.974156 [INFO ] PPS count=98 interval_us=1000002 interval_ns=1000002400 state=Locked missed=0 (pico_gnss pico-gnss-rs/src/main.rs:161)
96.999774 [INFO ] NMEA $GNRMC,094009.000,A,0000.0000,N,00000.0000,E,1.05,18.32,080626,,,A*44 (pico_gnss pico-gnss-rs/src/main.rs:372)
97.002323 [INFO ] SYNC pps_local_us=96967835 unix_s=1780911609 drift_us=2 err_ns=-8 holdover_ms=999 (pico_gnss pico-gnss-rs/src/main.rs:403)
97.057558 [INFO ] NMEA $GPVTG,18.32,T,,M,1.05,N,1.95,K,A*0C (pico_gnss pico-gnss-rs/src/main.rs:372)
97.086848 [INFO ] NMEA $GPZDA,094009.000,08,06,2026,,*5A (pico_gnss pico-gnss-rs/src/main.rs:372)
97.124303 [INFO ] NMEA $GPGST,094009.000,8.7,19,13,89.1,13,19,28*78 (pico_gnss pico-gnss-rs/src/main.rs:372)
97.134253 [INFO ] TIME unix_ns=1780911609160072615 ppb=2408 holdover_ms=160 locked=1 (pico_gnss pico-gnss-rs/src/main.rs:195)
97.323857 [INFO ] NMEA $GPGGA,094010.000,0000.0000,N,00000.0000,E,1,8,1.32,36.9,M,39.0,M,,*6B (pico_gnss pico-gnss-rs/src/main.rs:372)
97.382207 [INFO ] NMEA $GNGLL,0000.0000,N,00000.0000,E,094010.000,A,A*4E (pico_gnss pico-gnss-rs/src/main.rs:372)
97.440655 [INFO ] NMEA $GNGSA,A,3,05,20,22,15,14,23,,,,,,,1.58,1.32,0.88*17 (pico_gnss pico-gnss-rs/src/main.rs:372)
97.470196 [INFO ] NMEA $GNGSA,A,3,70,80,,,,,,,,,,,1.58,1.32,0.88*1F (pico_gnss pico-gnss-rs/src/main.rs:372)
97.560666 [INFO ] NMEA $GPGSV,4,1,15,24,82,255,13,15,62,047,26,23,47,317,15,20,39,068,18*7F (pico_gnss pico-gnss-rs/src/main.rs:372)
97.619288 [INFO ] NMEA $GPGSV,4,2,15,18,37,248,,05,31,140,20,22,18,053,15,12,15,165,18*7F (pico_gnss pico-gnss-rs/src/main.rs:372)
97.677860 [INFO ] NMEA $GPGSV,4,3,15,10,12,317,,14,09,041,16,21,03,135,18,193,,,*76 (pico_gnss pico-gnss-rs/src/main.rs:372)
97.736043 [INFO ] NMEA $GPGSV,4,4,15,194,,,,195,,,,43,,,*7B (pico_gnss pico-gnss-rs/src/main.rs:372)
97.798768 [INFO ] NMEA $GLGSV,3,1,09,73,54,147,13,71,47,338,,80,43,051,27,70,40,071,27*68 (pico_gnss pico-gnss-rs/src/main.rs:372)
97.857349 [INFO ] NMEA $GLGSV,3,2,09,86,24,265,,87,21,307,,74,14,183,,72,07,300,*61 (pico_gnss pico-gnss-rs/src/main.rs:372)
97.886603 [INFO ] NMEA $GLGSV,3,3,09,85,02,208,*59 (pico_gnss pico-gnss-rs/src/main.rs:372)
97.971532 [INFO ] PPSGEN count=99 interval_ns=1000002432 dev_ns=2432 phase_ns=-2783401 (pico_gnss pico-gnss-rs/src/main.rs:246)
97.974169 [INFO ] PPS count=99 interval_us=1000002 interval_ns=1000002400 state=Locked missed=0 (pico_gnss pico-gnss-rs/src/main.rs:161)
97.975499 [INFO ] NMEA $GNRMC,094010.000,A,0000.0000,N,00000.0000,E,0.56,18.32,080626,,,A*48 (pico_gnss pico-gnss-rs/src/main.rs:372)
97.978035 [INFO ] SYNC pps_local_us=97967838 unix_s=1780911610 drift_us=2 err_ns=-8 holdover_ms=999 (pico_gnss pico-gnss-rs/src/main.rs:403)
98.003549 [INFO ] NMEA $GPVTG,18.32,T,,M,0.56,N,1.03,K,A*04 (pico_gnss pico-gnss-rs/src/main.rs:372)
98.032566 [INFO ] NMEA $GPZDA,094010.000,08,06,2026,,*52 (pico_gnss pico-gnss-rs/src/main.rs:372)
98.084466 [INFO ] NMEA $GPGST,094010.000,8.8,19,13,88.6,13,19,28*79 (pico_gnss pico-gnss-rs/src/main.rs:372)
98.135451 [INFO ] TIME unix_ns=1780911610161311612 ppb=2408 holdover_ms=161 locked=1 (pico_gnss pico-gnss-rs/src/main.rs:195)
98.287264 [INFO ] NMEA $GPGGA,094011.000,0000.0000,N,00000.0000,E,1,8,1.32,37.2,M,39.0,M,,*66 (pico_gnss pico-gnss-rs/src/main.rs:372)
98.345600 [INFO ] NMEA $GNGLL,0000.0000,N,00000.0000,E,094011.000,A,A*49 (pico_gnss pico-gnss-rs/src/main.rs:372)
98.404052 [INFO ] NMEA $GNGSA,A,3,05,20,22,15,14,23,,,,,,,1.58,1.32,0.88*17 (pico_gnss pico-gnss-rs/src/main.rs:372)
98.451046 [INFO ] NMEA $GNGSA,A,3,70,80,,,,,,,,,,,1.58,1.32,0.88*1F (pico_gnss pico-gnss-rs/src/main.rs:372)
98.509697 [INFO ] NMEA $GPGSV,4,1,15,24,82,255,13,15,62,047,26,23,47,317,15,20,39,068,18*7F (pico_gnss pico-gnss-rs/src/main.rs:372)
98.597081 [INFO ] NMEA $GPGSV,4,2,15,18,37,248,,05,31,140,20,22,18,053,15,12,15,165,18*7F (pico_gnss pico-gnss-rs/src/main.rs:372)
98.655672 [INFO ] NMEA $GPGSV,4,3,15,10,12,317,,14,09,041,16,21,03,135,18,193,,,*76 (pico_gnss pico-gnss-rs/src/main.rs:372)
98.685137 [INFO ] NMEA $GPGSV,4,4,15,194,,,,195,,,,43,,,*7B (pico_gnss pico-gnss-rs/src/main.rs:372)
98.776573 [INFO ] NMEA $GLGSV,3,1,09,73,54,147,12,71,47,338,,80,43,051,27,70,40,071,27*69 (pico_gnss pico-gnss-rs/src/main.rs:372)
98.835177 [INFO ] NMEA $GLGSV,3,2,09,86,24,265,,87,21,307,,74,14,183,,72,07,300,*61 (pico_gnss pico-gnss-rs/src/main.rs:372)
98.864431 [INFO ] NMEA $GLGSV,3,3,09,85,02,208,*59 (pico_gnss pico-gnss-rs/src/main.rs:372)
98.922949 [INFO ] NMEA $GNRMC,094011.000,A,0000.0000,N,00000.0000,E,0.95,124.28,080626,,,A*75 (pico_gnss pico-gnss-rs/src/main.rs:372)
98.971629 [INFO ] PPSGEN count=100 interval_ns=1000002432 dev_ns=2432 phase_ns=-2721401 (pico_gnss pico-gnss-rs/src/main.rs:246)
98.974217 [INFO ] PPS count=100 interval_us=1000002 interval_ns=1000002416 state=Locked missed=0 (pico_gnss pico-gnss-rs/src/main.rs:161)
98.985237 [INFO ] NMEA $GPVTG,124.28,T,,M,0.95,N,1.77,K,A*3D (pico_gnss pico-gnss-rs/src/main.rs:372)
99.014511 [INFO ] NMEA $GPZDA,094011.000,08,06,2026,,*53 (pico_gnss pico-gnss-rs/src/main.rs:372)
99.049808 [INFO ] NMEA $GPGST,094011.000,8.8,19,13,88.4,13,19,28*7A (pico_gnss pico-gnss-rs/src/main.rs:372)
99.136634 [INFO ] TIME unix_ns=1780911611162491201 ppb=2408 holdover_ms=1162 locked=1 (pico_gnss pico-gnss-rs/src/main.rs:195)
99.236222 [INFO ] NMEA $GPGGA,094012.000,0000.0000,N,00000.0000,E,1,9,1.22,37.6,M,39.0,M,,*62 (pico_gnss pico-gnss-rs/src/main.rs:372)
99.294580 [INFO ] NMEA $GNGLL,0000.0000,N,00000.0000,E,094012.000,A,A*49 (pico_gnss pico-gnss-rs/src/main.rs:372)
99.354016 [INFO ] NMEA $GNGSA,A,3,05,20,22,15,14,23,,,,,,,1.50,1.22,0.88*1E (pico_gnss pico-gnss-rs/src/main.rs:372)
99.383631 [INFO ] NMEA $GNGSA,A,3,70,73,80,,,,,,,,,,1.50,1.22,0.88*12 (pico_gnss pico-gnss-rs/src/main.rs:372)
99.470967 [INFO ] NMEA $GPGSV,4,1,15,24,82,255,,15,62,047,26,23,47,317,15,20,39,068,17*72 (pico_gnss pico-gnss-rs/src/main.rs:372)
99.529592 [INFO ] NMEA $GPGSV,4,2,15,18,37,248,,05,31,140,20,22,18,053,15,12,15,165,18*7F (pico_gnss pico-gnss-rs/src/main.rs:372)
99.616871 [INFO ] NMEA $GPGSV,4,3,15,10,12,317,,14,09,041,16,21,03,135,17,193,,,*79 (pico_gnss pico-gnss-rs/src/main.rs:372)
99.650477 [INFO ] NMEA $GPGSV,4,4,15,194,,,,195,,,,43,,,*7B (pico_gnss pico-gnss-rs/src/main.rs:372)
99.709115 [INFO ] NMEA $GLGSV,3,1,09,73,54,147,14,71,47,338,,80,43,051,27,70,40,071,27*6F (pico_gnss pico-gnss-rs/src/main.rs:372)
99.767672 [INFO ] NMEA $GLGSV,3,2,09,86,24,265,,87,21,307,,74,14,183,,72,07,300,*61 (pico_gnss pico-gnss-rs/src/main.rs:372)
99.796956 [INFO ] NMEA $GLGSV,3,3,09,85,02,208,*59 (pico_gnss pico-gnss-rs/src/main.rs:372)
99.888437 [INFO ] NMEA $GNRMC,094012.000,A,0000.0000,N,00000.0000,E,1.48,124.05,080626,,,A*7B (pico_gnss pico-gnss-rs/src/main.rs:372)
99.891019 [INFO ] SYNC pps_local_us=98967840 unix_s=1780911612 drift_us=2 err_ns=8 holdover_ms=1000 (pico_gnss pico-gnss-rs/src/main.rs:403)
99.918098 [INFO ] NMEA $GPVTG,124.05,T,,M,1.48,N,2.74,K,A*33 (pico_gnss pico-gnss-rs/src/main.rs:372)
99.947176 [INFO ] NMEA $GPZDA,094012.000,08,06,2026,,*50 (pico_gnss pico-gnss-rs/src/main.rs:372)
99.971487 [INFO ] PPSGEN count=101 interval_ns=1000002432 dev_ns=2432 phase_ns=-2773401 (pico_gnss pico-gnss-rs/src/main.rs:246)
99.974177 [INFO ] PPS count=101 interval_us=1000002 interval_ns=1000002416 state=Locked missed=0 (pico_gnss pico-gnss-rs/src/main.rs:161)
99.999289 [INFO ] NMEA $GPGST,094012.000,8.9,19,13,86.8,13,19,28*7A (pico_gnss pico-gnss-rs/src/main.rs:372)
100.137853 [INFO ] TIME unix_ns=1780911613163652198 ppb=2409 holdover_ms=1163 locked=1 (pico_gnss pico-gnss-rs/src/main.rs:195)
100.345891 [INFO ] NMEA $GPGGA,094013.000,0000.0000,N,00000.0000,E,1,9,1.22,37.9,M,39.0,M,,*61 (pico_gnss pico-gnss-rs/src/main.rs:372)
100.404167 [INFO ] NMEA $GNGLL,0000.0000,N,00000.0000,E,094013.000,A,A*45 (pico_gnss pico-gnss-rs/src/main.rs:372)
100.447278 [INFO ] NMEA $GNGSA,A,3,05,20,22,15,14,23,,,,,,,1.50,1.22,0.88*1E (pico_gnss pico-gnss-rs/src/main.rs:372)
100.505551 [INFO ] NMEA $GNGSA,A,3,70,73,80,,,,,,,,,,1.50,1.22,0.88*12 (pico_gnss pico-gnss-rs/src/main.rs:372)
100.564208 [INFO ] NMEA $GPGSV,4,1,14,24,82,255,,15,62,047,26,23,47,317,15,20,39,068,17*73 (pico_gnss pico-gnss-rs/src/main.rs:372)
100.651630 [INFO ] NMEA $GPGSV,4,2,14,18,37,248,,05,31,140,20,22,18,053,15,12,15,165,18*7E (pico_gnss pico-gnss-rs/src/main.rs:372)
100.714281 [INFO ] NMEA $GPGSV,4,3,14,10,12,317,,14,09,041,16,21,03,135,17,193,,,*78 (pico_gnss pico-gnss-rs/src/main.rs:372)
100.743678 [INFO ] NMEA $GPGSV,4,4,14,194,,,,195,,,*7D (pico_gnss pico-gnss-rs/src/main.rs:372)
100.830986 [INFO ] NMEA $GLGSV,3,1,09,73,54,147,13,71,47,338,,80,43,051,27,70,40,071,27*68 (pico_gnss pico-gnss-rs/src/main.rs:372)
100.889502 [INFO ] NMEA $GLGSV,3,2,09,86,24,265,,87,21,307,,74,14,183,,72,07,300,*61 (pico_gnss pico-gnss-rs/src/main.rs:372)
100.918753 [INFO ] NMEA $GLGSV,3,3,09,85,02,208,*59 (pico_gnss pico-gnss-rs/src/main.rs:372)
100.971524 [INFO ] PPSGEN count=102 interval_ns=1000002432 dev_ns=2432 phase_ns=-2802810 (pico_gnss pico-gnss-rs/src/main.rs:246)
100.974170 [INFO ] PPS count=102 interval_us=1000002 interval_ns=1000002416 state=Locked missed=0 (pico_gnss pico-gnss-rs/src/main.rs:161)
100.981774 [INFO ] NMEA $GNRMC,094013.000,A,0000.0000,N,00000.0000,E,1.14,123.52,080626,,,A*7B (pico_gnss pico-gnss-rs/src/main.rs:372)
100.984343 [INFO ] SYNC pps_local_us=100967845 unix_s=1780911613 drift_us=2 err_ns=15 holdover_ms=1999 (pico_gnss pico-gnss-rs/src/main.rs:403)
101.039561 [INFO ] NMEA $GPVTG,123.52,T,,M,1.14,N,2.11,K,A*3C (pico_gnss pico-gnss-rs/src/main.rs:372)
101.068826 [INFO ] NMEA $GPZDA,094013.000,08,06,2026,,*51 (pico_gnss pico-gnss-rs/src/main.rs:372)
101.098278 [INFO ] NMEA $GPGST,094013.000,9.0,19,13,86.6,13,19,28*7D (pico_gnss pico-gnss-rs/src/main.rs:372)
101.139073 [INFO ] TIME unix_ns=1780911613164875603 ppb=2409 holdover_ms=164 locked=1 (pico_gnss pico-gnss-rs/src/main.rs:195)
101.305080 [INFO ] NMEA $GPGGA,094014.000,0000.0000,N,00000.0000,E,1,9,1.22,38.2,M,39.0,M,,*68 (pico_gnss pico-gnss-rs/src/main.rs:372)
101.366458 [INFO ] NMEA $GNGLL,0000.0000,N,00000.0000,E,094014.000,A,A*48 (pico_gnss pico-gnss-rs/src/main.rs:372)
101.424925 [INFO ] NMEA $GNGSA,A,3,05,20,22,15,14,23,,,,,,,1.50,1.22,0.88*1E (pico_gnss pico-gnss-rs/src/main.rs:372)
101.454553 [INFO ] NMEA $GNGSA,A,3,70,73,80,,,,,,,,,,1.50,1.22,0.88*12 (pico_gnss pico-gnss-rs/src/main.rs:372)
101.541876 [INFO ] NMEA $GPGSV,4,1,14,24,82,255,,15,62,047,27,23,47,317,16,20,39,068,17*71 (pico_gnss pico-gnss-rs/src/main.rs:372)
101.604631 [INFO ] NMEA $GPGSV,4,2,14,18,37,248,,05,31,140,20,22,18,053,15,12,15,165,18*7E (pico_gnss pico-gnss-rs/src/main.rs:372)
101.663184 [INFO ] NMEA $GPGSV,4,3,14,10,12,317,,14,09,041,16,21,03,135,17,193,,,*78 (pico_gnss pico-gnss-rs/src/main.rs:372)
101.692550 [INFO ] NMEA $GPGSV,4,4,14,194,,,,195,,,*7D (pico_gnss pico-gnss-rs/src/main.rs:372)
101.779883 [INFO ] NMEA $GLGSV,3,1,09,73,54,147,14,71,47,338,,80,43,051,27,70,40,071,27*6F (pico_gnss pico-gnss-rs/src/main.rs:372)
101.838476 [INFO ] NMEA $GLGSV,3,2,09,86,24,265,,87,21,307,,74,14,183,,72,07,300,*61 (pico_gnss pico-gnss-rs/src/main.rs:372)
101.871782 [INFO ] NMEA $GLGSV,3,3,09,85,02,208,*59 (pico_gnss pico-gnss-rs/src/main.rs:372)
101.959041 [INFO ] NMEA $GNRMC,094014.000,A,0000.0000,N,00000.0000,E,0.70,90.54,080626,,,A*4A (pico_gnss pico-gnss-rs/src/main.rs:372)
101.971688 [INFO ] PPSGEN count=103 interval_ns=1000002432 dev_ns=2432 phase_ns=-2722402 (pico_gnss pico-gnss-rs/src/main.rs:246)
101.974226 [INFO ] PPS count=103 interval_us=1000002 interval_ns=1000002416 state=Locked missed=0 (pico_gnss pico-gnss-rs/src/main.rs:161)
101.988848 [INFO ] NMEA $GPVTG,90.54,T,,M,0.70,N,1.30,K,A*00 (pico_gnss pico-gnss-rs/src/main.rs:372)
102.017818 [INFO ] NMEA $GPZDA,094014.000,08,06,2026,,*56 (pico_gnss pico-gnss-rs/src/main.rs:372)
102.059364 [INFO ] NMEA $GPGST,094014.000,9.0,19,13,86.5,13,19,28*79 (pico_gnss pico-gnss-rs/src/main.rs:372)
102.140274 [INFO ] TIME unix_ns=1780911614166081191 ppb=2409 holdover_ms=1166 locked=1 (pico_gnss pico-gnss-rs/src/main.rs:195)
102.307780 [INFO ] NMEA $GPGGA,094015.000,0000.0000,N,00000.0000,E,1,8,1.32,38.6,M,39.0,M,,*6E (pico_gnss pico-gnss-rs/src/main.rs:372)
102.366154 [INFO ] NMEA $GNGLL,0000.0000,N,00000.0000,E,094015.000,A,A*4A (pico_gnss pico-gnss-rs/src/main.rs:372)
102.424549 [INFO ] NMEA $GNGSA,A,3,05,20,22,15,14,23,,,,,,,1.58,1.32,0.88*17 (pico_gnss pico-gnss-rs/src/main.rs:372)
102.482862 [INFO ] NMEA $GNGSA,A,3,70,80,,,,,,,,,,,1.58,1.32,0.88*1F (pico_gnss pico-gnss-rs/src/main.rs:372)
102.541504 [INFO ] NMEA $GPGSV,4,1,14,24,82,255,,15,62,047,27,23,47,317,16,20,39,068,16*70 (pico_gnss pico-gnss-rs/src/main.rs:372)
102.604235 [INFO ] NMEA $GPGSV,4,2,14,18,37,248,,05,31,140,20,22,18,053,14,12,15,165,18*7F (pico_gnss pico-gnss-rs/src/main.rs:372)
102.691546 [INFO ] NMEA $GPGSV,4,3,14,10,12,317,,14,09,041,16,21,03,135,17,193,,,*78 (pico_gnss pico-gnss-rs/src/main.rs:372)
102.720916 [INFO ] NMEA $GPGSV,4,4,14,194,,,,195,,,*7D (pico_gnss pico-gnss-rs/src/main.rs:372)
102.779544 [INFO ] NMEA $GLGSV,3,1,09,73,54,147,11,71,47,338,,80,43,051,27,70,40,071,27*6A (pico_gnss pico-gnss-rs/src/main.rs:372)
102.842166 [INFO ] NMEA $GLGSV,3,2,09,86,24,265,,87,21,307,,74,14,183,,72,07,300,*61 (pico_gnss pico-gnss-rs/src/main.rs:372)
102.871500 [INFO ] NMEA $GLGSV,3,3,09,85,02,208,*59 (pico_gnss pico-gnss-rs/src/main.rs:372)
102.958726 [INFO ] NMEA $GNRMC,094015.000,A,0000.0000,N,00000.0000,E,0.94,65.64,080626,,,A*4B (pico_gnss pico-gnss-rs/src/main.rs:372)
102.961315 [INFO ] SYNC pps_local_us=101967847 unix_s=1780911615 drift_us=2 err_ns=7 holdover_ms=1000 (pico_gnss pico-gnss-rs/src/main.rs:403)
102.971527 [INFO ] PPSGEN count=104 interval_ns=1000002432 dev_ns=2432 phase_ns=-2725402 (pico_gnss pico-gnss-rs/src/main.rs:246)
102.974181 [INFO ] PPS count=104 interval_us=1000002 interval_ns=1000002416 state=Locked missed=0 (pico_gnss pico-gnss-rs/src/main.rs:161)
102.988509 [INFO ] NMEA $GPVTG,65.64,T,,M,0.94,N,1.74,K,A*03 (pico_gnss pico-gnss-rs/src/main.rs:372)
103.017471 [INFO ] NMEA $GPZDA,094015.000,08,06,2026,,*57 (pico_gnss pico-gnss-rs/src/main.rs:372)
103.065265 [INFO ] NMEA $GPGST,094015.000,9.0,19,13,86.1,13,19,28*7C (pico_gnss pico-gnss-rs/src/main.rs:372)
103.141485 [INFO ] TIME unix_ns=1780911616167254188 ppb=2409 holdover_ms=1167 locked=1 (pico_gnss pico-gnss-rs/src/main.rs:195)
103.249693 [INFO ] NMEA $GPGGA,094016.000,0000.0000,N,00000.0000,E,1,8,1.32,38.9,M,39.0,M,,*63 (pico_gnss pico-gnss-rs/src/main.rs:372)
103.308087 [INFO ] NMEA $GNGLL,0000.0000,N,00000.0000,E,094016.000,A,A*48 (pico_gnss pico-gnss-rs/src/main.rs:372)
103.366474 [INFO ] NMEA $GNGSA,A,3,05,20,22,15,14,23,,,,,,,1.58,1.32,0.88*17 (pico_gnss pico-gnss-rs/src/main.rs:372)
103.424768 [INFO ] NMEA $GNGSA,A,3,70,80,,,,,,,,,,,1.58,1.32,0.88*1F (pico_gnss pico-gnss-rs/src/main.rs:372)
103.487503 [INFO ] NMEA $GPGSV,4,1,14,24,82,255,,15,62,047,27,23,47,317,15,20,39,068,16*73 (pico_gnss pico-gnss-rs/src/main.rs:372)
103.574958 [INFO ] NMEA $GPGSV,4,2,14,18,37,248,,05,31,140,20,22,18,053,14,12,15,165,18*7F (pico_gnss pico-gnss-rs/src/main.rs:372)
103.633523 [INFO ] NMEA $GPGSV,4,3,14,10,12,317,,14,09,041,16,21,03,135,17,193,,,*78 (pico_gnss pico-gnss-rs/src/main.rs:372)
103.662879 [INFO ] NMEA $GPGSV,4,4,14,194,,,,195,,,*7D (pico_gnss pico-gnss-rs/src/main.rs:372)
103.721411 [INFO ] NMEA $GLGSV,3,1,09,73,54,147,,71,47,338,,80,43,051,27,70,40,071,27*6A (pico_gnss pico-gnss-rs/src/main.rs:372)
103.784057 [INFO ] NMEA $GLGSV,3,2,09,86,24,265,,87,21,307,,74,14,183,,72,07,300,*61 (pico_gnss pico-gnss-rs/src/main.rs:372)
103.813376 [INFO ] NMEA $GLGSV,3,3,09,85,02,208,*59 (pico_gnss pico-gnss-rs/src/main.rs:372)
103.900709 [INFO ] NMEA $GNRMC,094016.000,A,0000.0000,N,00000.0000,E,0.68,15.66,080626,,,A*4F (pico_gnss pico-gnss-rs/src/main.rs:372)
103.903257 [INFO ] SYNC pps_local_us=102967850 unix_s=1780911616 drift_us=2 err_ns=7 holdover_ms=999 (pico_gnss pico-gnss-rs/src/main.rs:403)
103.930368 [INFO ] NMEA $GPVTG,15.66,T,,M,0.68,N,1.26,K,A*02 (pico_gnss pico-gnss-rs/src/main.rs:372)
103.959434 [INFO ] NMEA $GPZDA,094016.000,08,06,2026,,*54 (pico_gnss pico-gnss-rs/src/main.rs:372)
103.971483 [INFO ] PPSGEN count=105 interval_ns=1000002432 dev_ns=2432 phase_ns=-2769402 (pico_gnss pico-gnss-rs/src/main.rs:246)
103.974186 [INFO ] PPS count=105 interval_us=1000002 interval_ns=1000002416 state=Locked missed=0 (pico_gnss pico-gnss-rs/src/main.rs:161)
104.011760 [INFO ] NMEA $GPGST,094016.000,9.0,19,14,85.8,14,19,29*74 (pico_gnss pico-gnss-rs/src/main.rs:372)
104.142706 [INFO ] TIME unix_ns=1780911617168508185 ppb=2410 holdover_ms=1168 locked=1 (pico_gnss pico-gnss-rs/src/main.rs:195)
104.345920 [INFO ] NMEA $GPGGA,094017.000,0000.0000,N,00000.0000,E,1,8,1.32,39.1,M,39.0,M,,*64 (pico_gnss pico-gnss-rs/src/main.rs:372)
104.404257 [INFO ] NMEA $GNGLL,0000.0000,N,00000.0000,E,094017.000,A,A*46 (pico_gnss pico-gnss-rs/src/main.rs:372)
104.462697 [INFO ] NMEA $GNGSA,A,3,05,20,22,15,14,23,,,,,,,1.58,1.32,0.88*17 (pico_gnss pico-gnss-rs/src/main.rs:372)
104.492246 [INFO ] NMEA $GNGSA,A,3,70,80,,,,,,,,,,,1.58,1.32,0.88*1F (pico_gnss pico-gnss-rs/src/main.rs:372)
104.568287 [INFO ] NMEA $GPGSV,4,1,14,24,82,255,,15,62,047,27,23,47,317,15,20,39,068,16*73 (pico_gnss pico-gnss-rs/src/main.rs:372)
104.655691 [INFO ] NMEA $GPGSV,4,2,14,18,37,248,,05,31,140,19,22,18,053,15,12,15,165,19*75 (pico_gnss pico-gnss-rs/src/main.rs:372)
104.714278 [INFO ] NMEA $GPGSV,4,3,14,10,12,317,,14,09,041,16,21,03,135,17,193,,,*78 (pico_gnss pico-gnss-rs/src/main.rs:372)
104.743652 [INFO ] NMEA $GPGSV,4,4,14,194,,,,195,,,*7D (pico_gnss pico-gnss-rs/src/main.rs:372)
104.806268 [INFO ] NMEA $GLGSV,3,1,09,73,54,147,,71,47,338,,80,43,051,26,70,40,071,26*6A (pico_gnss pico-gnss-rs/src/main.rs:372)
104.864837 [INFO ] NMEA $GLGSV,3,2,09,86,24,265,,87,21,307,,74,14,183,,72,07,300,*61 (pico_gnss pico-gnss-rs/src/main.rs:372)
104.894128 [INFO ] NMEA $GLGSV,3,3,09,85,02,208,*59 (pico_gnss pico-gnss-rs/src/main.rs:372)
104.974159 [INFO ] PPSGEN count=106 interval_ns=1002613664 dev_ns=2613664 phase_ns=-165818 (pico_gnss pico-gnss-rs/src/main.rs:246)
104.975541 [INFO ] PPS count=106 interval_us=1000002 interval_ns=1000002448 state=Locked missed=0 (pico_gnss pico-gnss-rs/src/main.rs:161)
104.981718 [INFO ] NMEA $GNRMC,094017.000,A,0000.0000,N,00000.0000,E,1.04,338.73,080626,,,A*72 (pico_gnss pico-gnss-rs/src/main.rs:372)
104.984284 [INFO ] SYNC pps_local_us=104967855 unix_s=1780911617 drift_us=2 err_ns=43 holdover_ms=2001 (pico_gnss pico-gnss-rs/src/main.rs:403)
105.011030 [INFO ] NMEA $GPVTG,338.73,T,,M,1.04,N,1.93,K,A*3F (pico_gnss pico-gnss-rs/src/main.rs:372)
105.072781 [INFO ] NMEA $GPZDA,094017.000,08,06,2026,,*55 (pico_gnss pico-gnss-rs/src/main.rs:372)
105.098326 [INFO ] NMEA $GPGST,094017.000,9.0,19,14,85.3,14,19,29*7E (pico_gnss pico-gnss-rs/src/main.rs:372)
105.143893 [INFO ] TIME unix_ns=1780911617168345595 ppb=2411 holdover_ms=168 locked=1 (pico_gnss pico-gnss-rs/src/main.rs:195)
105.302923 [INFO ] NMEA $GPGGA,094018.000,0000.0000,N,00000.0000,E,1,8,1.32,39.3,M,39.0,M,,*6C (pico_gnss pico-gnss-rs/src/main.rs:372)
105.361280 [INFO ] NMEA $GNGLL,0000.0000,N,00000.0000,E,094018.000,A,A*4C (pico_gnss pico-gnss-rs/src/main.rs:372)
105.419706 [INFO ] NMEA $GNGSA,A,3,05,20,22,15,14,23,,,,,,,1.58,1.32,0.88*17 (pico_gnss pico-gnss-rs/src/main.rs:372)
105.460509 [INFO ] NMEA $GNGSA,A,3,70,80,,,,,,,,,,,1.58,1.32,0.88*1F (pico_gnss pico-gnss-rs/src/main.rs:372)
105.519171 [INFO ] NMEA $GPGSV,4,1,14,24,82,255,,15,62,047,27,23,47,317,15,20,39,068,16*73 (pico_gnss pico-gnss-rs/src/main.rs:372)
105.606574 [INFO ] NMEA $GPGSV,4,2,14,18,37,248,,05,31,140,19,22,18,053,16,12,15,165,19*76 (pico_gnss pico-gnss-rs/src/main.rs:372)
105.665106 [INFO ] NMEA $GPGSV,4,3,14,10,12,317,,14,09,041,17,21,03,135,17,193,,,*79 (pico_gnss pico-gnss-rs/src/main.rs:372)
105.694470 [INFO ] NMEA $GPGSV,4,4,14,194,,,,195,,,*7D (pico_gnss pico-gnss-rs/src/main.rs:372)
105.757168 [INFO ] NMEA $GLGSV,3,1,09,73,54,147,,71,47,338,,80,43,051,26,70,40,071,26*6A (pico_gnss pico-gnss-rs/src/main.rs:372)
105.844469 [INFO ] NMEA $GLGSV,3,2,09,86,24,265,,87,21,307,,74,14,183,,72,07,300,*61 (pico_gnss pico-gnss-rs/src/main.rs:372)
105.873757 [INFO ] NMEA $GLGSV,3,3,09,85,02,208,*59 (pico_gnss pico-gnss-rs/src/main.rs:372)
105.932271 [INFO ] NMEA $GNRMC,094018.000,A,0000.0000,N,00000.0000,E,0.83,46.39,080626,,,A*42 (pico_gnss pico-gnss-rs/src/main.rs:372)
105.974246 [INFO ] PPSGEN count=107 interval_ns=1000002432 dev_ns=2432 phase_ns=-1504407 (pico_gnss pico-gnss-rs/src/main.rs:246)
105.975653 [INFO ] PPS count=107 interval_us=1000002 interval_ns=1000002416 state=Locked missed=0 (pico_gnss pico-gnss-rs/src/main.rs:161)
105.990647 [INFO ] NMEA $GPVTG,46.39,T,,M,0.83,N,1.54,K,A*0E (pico_gnss pico-gnss-rs/src/main.rs:372)
106.023769 [INFO ] NMEA $GPZDA,094018.000,08,06,2026,,*5A (pico_gnss pico-gnss-rs/src/main.rs:372)
106.053455 [INFO ] NMEA $GPGST,094018.000,9.0,19,14,85.4,14,19,29*76 (pico_gnss pico-gnss-rs/src/main.rs:372)
106.145088 [INFO ] TIME unix_ns=1780911618169526181 ppb=2411 holdover_ms=1169 locked=1 (pico_gnss pico-gnss-rs/src/main.rs:195)
106.243089 [INFO ] NMEA $GPGGA,094019.000,0000.0000,N,00000.0000,E,1,7,2.67,39.5,M,39.0,M,,*6C (pico_gnss pico-gnss-rs/src/main.rs:372)
106.301450 [INFO ] NMEA $GNGLL,0000.0000,N,00000.0000,E,094019.000,A,A*46 (pico_gnss pico-gnss-rs/src/main.rs:372)
106.359785 [INFO ] NMEA $GNGSA,A,3,20,22,15,14,23,,,,,,,,2.85,2.67,0.97*1C (pico_gnss pico-gnss-rs/src/main.rs:372)
106.396535 [INFO ] NMEA $GNGSA,A,3,70,80,,,,,,,,,,,2.85,2.67,0.97*11 (pico_gnss pico-gnss-rs/src/main.rs:372)
106.483921 [INFO ] NMEA $GPGSV,4,1,14,24,82,255,,15,62,047,27,23,47,317,15,20,39,068,16*73 (pico_gnss pico-gnss-rs/src/main.rs:372)
106.542612 [INFO ] NMEA $GPGSV,4,2,14,18,37,248,,05,31,140,19,22,18,053,13,12,15,165,19*73 (pico_gnss pico-gnss-rs/src/main.rs:372)
106.601212 [INFO ] NMEA $GPGSV,4,3,14,10,12,317,,14,09,041,17,21,03,135,17,193,,,*79 (pico_gnss pico-gnss-rs/src/main.rs:372)
106.634622 [INFO ] NMEA $GPGSV,4,4,14,194,,,,195,,,*7D (pico_gnss pico-gnss-rs/src/main.rs:372)
106.721974 [INFO ] NMEA $GLGSV,3,1,09,73,54,147,,71,47,338,,80,43,051,26,70,40,071,26*6A (pico_gnss pico-gnss-rs/src/main.rs:372)
106.780574 [INFO ] NMEA $GLGSV,3,2,09,86,24,265,,87,21,307,,74,14,183,,72,07,300,*61 (pico_gnss pico-gnss-rs/src/main.rs:372)
106.809909 [INFO ] NMEA $GLGSV,3,3,09,85,02,208,*59 (pico_gnss pico-gnss-rs/src/main.rs:372)
106.868490 [INFO ] NMEA $GNRMC,094019.000,A,0000.0000,N,00000.0000,E,1.46,47.56,080626,,,A*48 (pico_gnss pico-gnss-rs/src/main.rs:372)
106.871061 [INFO ] SYNC pps_local_us=105967857 unix_s=1780911619 drift_us=2 err_ns=6 holdover_ms=1000 (pico_gnss pico-gnss-rs/src/main.rs:403)
106.930659 [INFO ] NMEA $GPVTG,47.56,T,,M,1.46,N,2.70,K,A*0B (pico_gnss pico-gnss-rs/src/main.rs:372)
106.960006 [INFO ] NMEA $GPZDA,094019.000,08,06,2026,,*5B (pico_gnss pico-gnss-rs/src/main.rs:372)
106.974120 [INFO ] PPSGEN count=108 interval_ns=1000002432 dev_ns=2432 phase_ns=-1596407 (pico_gnss pico-gnss-rs/src/main.rs:246)
106.975483 [INFO ] PPS count=108 interval_us=1000002 interval_ns=1000002432 state=Locked missed=0 (pico_gnss pico-gnss-rs/src/main.rs:161)
106.992034 [INFO ] NMEA $GPGST,094019.000,8.9,19,14,84.5,14,19,28*7E (pico_gnss pico-gnss-rs/src/main.rs:372)
107.146314 [INFO ] TIME unix_ns=1780911620170672177 ppb=2412 holdover_ms=1170 locked=1 (pico_gnss pico-gnss-rs/src/main.rs:195)
107.334944 [INFO ] NMEA $GPGGA,094020.000,0000.0000,N,00000.0000,E,1,8,1.32,39.6,M,39.0,M,,*63 (pico_gnss pico-gnss-rs/src/main.rs:372)
107.393276 [INFO ] NMEA $GNGLL,0000.0000,N,00000.0000,E,094020.000,A,A*46 (pico_gnss pico-gnss-rs/src/main.rs:372)
107.456856 [INFO ] NMEA $GNGSA,A,3,05,20,22,15,14,23,,,,,,,1.58,1.32,0.88*17 (pico_gnss pico-gnss-rs/src/main.rs:372)
107.486426 [INFO ] NMEA $GNGSA,A,3,70,80,,,,,,,,,,,1.58,1.32,0.88*1F (pico_gnss pico-gnss-rs/src/main.rs:372)
107.573773 [INFO ] NMEA $GPGSV,4,1,14,24,82,255,,15,62,047,27,23,47,317,15,20,39,068,16*73 (pico_gnss pico-gnss-rs/src/main.rs:372)
107.632458 [INFO ] NMEA $GPGSV,4,2,14,18,37,248,,05,31,140,18,22,18,053,16,12,15,165,19*77 (pico_gnss pico-gnss-rs/src/main.rs:372)
107.695054 [INFO ] NMEA $GPGSV,4,3,14,10,12,317,,14,09,041,17,21,03,135,17,193,,,*79 (pico_gnss pico-gnss-rs/src/main.rs:372)
107.724461 [INFO ] NMEA $GPGSV,4,4,14,194,,,,195,,,*7D (pico_gnss pico-gnss-rs/src/main.rs:372)
107.811764 [INFO ] NMEA $GLGSV,3,1,09,73,54,147,,71,47,338,,80,43,051,26,70,40,071,26*6A (pico_gnss pico-gnss-rs/src/main.rs:372)
107.870321 [INFO ] NMEA $GLGSV,3,2,09,86,24,265,,87,21,307,,74,14,183,,72,07,300,*61 (pico_gnss pico-gnss-rs/src/main.rs:372)
107.899576 [INFO ] NMEA $GLGSV,3,3,09,85,02,208,*59 (pico_gnss pico-gnss-rs/src/main.rs:372)
107.962179 [INFO ] NMEA $GNRMC,094020.000,A,0000.0000,N,00000.0000,E,0.78,35.49,080626,,,A*4F (pico_gnss pico-gnss-rs/src/main.rs:372)
107.964752 [INFO ] SYNC pps_local_us=106967859 unix_s=1780911620 drift_us=2 err_ns=21 holdover_ms=999 (pico_gnss pico-gnss-rs/src/main.rs:403)
107.974146 [INFO ] PPSGEN count=109 interval_ns=1000002432 dev_ns=2432 phase_ns=-1381408 (pico_gnss pico-gnss-rs/src/main.rs:246)
107.975471 [INFO ] PPS count=109 interval_us=1000002 interval_ns=1000002432 state=Locked missed=0 (pico_gnss pico-gnss-rs/src/main.rs:161)
108.020373 [INFO ] NMEA $GPVTG,35.49,T,,M,0.78,N,1.44,K,A*08 (pico_gnss pico-gnss-rs/src/main.rs:372)
108.049626 [INFO ] NMEA $GPZDA,094020.000,08,06,2026,,*51 (pico_gnss pico-gnss-rs/src/main.rs:372)
108.084923 [INFO ] NMEA $GPGST,094020.000,8.9,20,16,74.3,16,19,32*7C (pico_gnss pico-gnss-rs/src/main.rs:372)
108.147541 [INFO ] TIME unix_ns=1780911621172030173 ppb=2412 holdover_ms=1172 locked=1 (pico_gnss pico-gnss-rs/src/main.rs:195)
108.338983 [INFO ] NMEA $GPGGA,094021.000,0000.0000,N,00000.0000,E,1,8,1.32,39.7,M,39.0,M,,*61 (pico_gnss pico-gnss-rs/src/main.rs:372)
108.398320 [INFO ] NMEA $GNGLL,0000.0000,N,00000.0000,E,094021.000,A,A*45 (pico_gnss pico-gnss-rs/src/main.rs:372)
108.456772 [INFO ] NMEA $GNGSA,A,3,05,20,22,15,14,23,,,,,,,1.58,1.32,0.88*17 (pico_gnss pico-gnss-rs/src/main.rs:372)
108.486362 [INFO ] NMEA $GNGSA,A,3,70,80,,,,,,,,,,,1.58,1.32,0.88*1F (pico_gnss pico-gnss-rs/src/main.rs:372)
108.573690 [INFO ] NMEA $GPGSV,4,1,14,24,82,255,,15,62,047,27,23,47,317,16,20,39,068,16*70 (pico_gnss pico-gnss-rs/src/main.rs:372)
108.632340 [INFO ] NMEA $GPGSV,4,2,14,18,37,248,,05,30,140,17,22,18,053,14,12,15,165,19*7B (pico_gnss pico-gnss-rs/src/main.rs:372)
108.694991 [INFO ] NMEA $GPGSV,4,3,14,10,12,317,,14,09,041,17,21,03,135,17,193,,,*79 (pico_gnss pico-gnss-rs/src/main.rs:372)
108.724353 [INFO ] NMEA $GPGSV,4,4,14,194,,,,195,,,*7D (pico_gnss pico-gnss-rs/src/main.rs:372)
108.811674 [INFO ] NMEA $GLGSV,3,1,09,73,54,147,,71,47,338,,80,43,051,26,70,40,071,26*6A (pico_gnss pico-gnss-rs/src/main.rs:372)
108.870235 [INFO ] NMEA $GLGSV,3,2,09,86,24,265,,87,21,307,,74,14,183,,72,07,300,*61 (pico_gnss pico-gnss-rs/src/main.rs:372)
108.899470 [INFO ] NMEA $GLGSV,3,3,09,85,02,208,*59 (pico_gnss pico-gnss-rs/src/main.rs:372)
108.962078 [INFO ] NMEA $GNRMC,094021.000,A,0000.0000,N,00000.0000,E,0.38,35.49,080626,,,A*48 (pico_gnss pico-gnss-rs/src/main.rs:372)
108.964652 [INFO ] SYNC pps_local_us=107967862 unix_s=1780911621 drift_us=2 err_ns=20 holdover_ms=999 (pico_gnss pico-gnss-rs/src/main.rs:403)
108.974133 [INFO ] PPSGEN count=110 interval_ns=1000002432 dev_ns=2432 phase_ns=-1377408 (pico_gnss pico-gnss-rs/src/main.rs:246)
108.975453 [INFO ] PPS count=110 interval_us=1000002 interval_ns=1000002432 state=Locked missed=0 (pico_gnss pico-gnss-rs/src/main.rs:161)
109.020240 [INFO ] NMEA $GPVTG,35.49,T,,M,0.38,N,0.71,K,A*0B (pico_gnss pico-gnss-rs/src/main.rs:372)
109.049520 [INFO ] NMEA $GPZDA,094021.000,08,06,2026,,*50 (pico_gnss pico-gnss-rs/src/main.rs:372)
109.088987 [INFO ] NMEA $GPGST,094021.000,8.9,20,16,72.8,16,19,32*70 (pico_gnss pico-gnss-rs/src/main.rs:372)
109.148748 [INFO ] TIME unix_ns=1780911622173248170 ppb=2413 holdover_ms=1173 locked=1 (pico_gnss pico-gnss-rs/src/main.rs:195)
109.288068 [INFO ] NMEA $GPGGA,094022.000,0000.0000,N,00000.0000,E,1,8,1.32,39.8,M,39.0,M,,*63 (pico_gnss pico-gnss-rs/src/main.rs:372)
109.343332 [INFO ] NMEA $GNGLL,0000.0000,N,00000.0000,E,094022.000,A,A*48 (pico_gnss pico-gnss-rs/src/main.rs:372)
109.401775 [INFO ] NMEA $GNGSA,A,3,05,20,22,15,14,23,,,,,,,1.58,1.32,0.88*17 (pico_gnss pico-gnss-rs/src/main.rs:372)
109.460023 [INFO ] NMEA $GNGSA,A,3,70,80,,,,,,,,,,,1.58,1.32,0.88*1F (pico_gnss pico-gnss-rs/src/main.rs:372)
109.518692 [INFO ] NMEA $GPGSV,4,1,14,24,82,255,,15,62,047,28,23,47,317,16,20,39,068,17*7E (pico_gnss pico-gnss-rs/src/main.rs:372)
109.581415 [INFO ] NMEA $GPGSV,4,2,14,18,37,248,,05,30,140,17,22,18,053,14,12,15,165,19*7B (pico_gnss pico-gnss-rs/src/main.rs:372)
109.639988 [INFO ] NMEA $GPGSV,4,3,14,10,12,317,,14,09,041,16,21,03,135,17,193,,,*78 (pico_gnss pico-gnss-rs/src/main.rs:372)
109.698065 [INFO ] NMEA $GPGSV,4,4,14,194,,,,195,,,*7D (pico_gnss pico-gnss-rs/src/main.rs:372)
109.756715 [INFO ] NMEA $GLGSV,3,1,09,73,54,147,16,71,47,338,,80,43,051,26,70,40,071,26*6D (pico_gnss pico-gnss-rs/src/main.rs:372)
109.815239 [INFO ] NMEA $GLGSV,3,2,09,86,24,265,,87,21,307,,74,14,183,,72,07,300,*61 (pico_gnss pico-gnss-rs/src/main.rs:372)
109.848610 [INFO ] NMEA $GLGSV,3,3,09,85,02,208,*59 (pico_gnss pico-gnss-rs/src/main.rs:372)
109.935952 [INFO ] NMEA $GNRMC,094022.000,A,0000.0000,N,00000.0000,E,0.44,35.49,080626,,,A*4E (pico_gnss pico-gnss-rs/src/main.rs:372)
109.938524 [INFO ] SYNC pps_local_us=108967864 unix_s=1780911622 drift_us=2 err_ns=20 holdover_ms=999 (pico_gnss pico-gnss-rs/src/main.rs:403)
109.965599 [INFO ] NMEA $GPVTG,35.49,T,,M,0.44,N,0.81,K,A*0F (pico_gnss pico-gnss-rs/src/main.rs:372)
109.974188 [INFO ] PPSGEN count=111 interval_ns=1000002432 dev_ns=2432 phase_ns=-1424409 (pico_gnss pico-gnss-rs/src/main.rs:246)
109.975554 [INFO ] PPS count=111 interval_us=1000002 interval_ns=1000002416 state=Locked missed=0 (pico_gnss pico-gnss-rs/src/main.rs:161)
109.994968 [INFO ] NMEA $GPZDA,094022.000,08,06,2026,,*53 (pico_gnss pico-gnss-rs/src/main.rs:372)
110.040438 [INFO ] NMEA $GPGST,094022.000,8.8,20,16,70.8,17,19,32*71 (pico_gnss pico-gnss-rs/src/main.rs:372)
110.149953 [INFO ] TIME unix_ns=1780911623174472167 ppb=2413 holdover_ms=1174 locked=1 (pico_gnss pico-gnss-rs/src/main.rs:195)
110.225911 [INFO ] NMEA $GPGGA,094023.000,0000.0000,N,00000.0000,E,1,8,1.32,40.0,M,39.0,M,,*65 (pico_gnss pico-gnss-rs/src/main.rs:372)
110.284294 [INFO ] NMEA $GNGLL,0000.0000,N,00000.0000,E,094023.000,A,A*48 (pico_gnss pico-gnss-rs/src/main.rs:372)
110.342692 [INFO ] NMEA $GNGSA,A,3,05,20,22,15,14,23,,,,,,,1.58,1.32,0.88*17 (pico_gnss pico-gnss-rs/src/main.rs:372)
110.401007 [INFO ] NMEA $GNGSA,A,3,70,80,,,,,,,,,,,1.58,1.32,0.88*1F (pico_gnss pico-gnss-rs/src/main.rs:372)
110.459639 [INFO ] NMEA $GPGSV,4,1,14,24,82,255,,15,62,047,28,23,47,317,16,20,39,068,17*7E (pico_gnss pico-gnss-rs/src/main.rs:372)
110.522390 [INFO ] NMEA $GPGSV,4,2,14,18,37,248,,05,30,140,17,22,18,053,15,12,15,165,19*7A (pico_gnss pico-gnss-rs/src/main.rs:372)
110.609714 [INFO ] NMEA $GPGSV,4,3,14,10,12,317,,14,09,041,16,21,03,135,17,193,,,*78 (pico_gnss pico-gnss-rs/src/main.rs:372)
110.639085 [INFO ] NMEA $GPGSV,4,4,14,194,,,,195,,,*7D (pico_gnss pico-gnss-rs/src/main.rs:372)
110.697643 [INFO ] NMEA $GLGSV,3,1,09,73,54,147,17,71,47,338,,80,43,051,26,70,40,071,26*6C (pico_gnss pico-gnss-rs/src/main.rs:372)
110.760300 [INFO ] NMEA $GLGSV,3,2,09,86,24,265,,87,21,307,,74,14,183,,72,07,300,*61 (pico_gnss pico-gnss-rs/src/main.rs:372)
110.789636 [INFO ] NMEA $GLGSV,3,3,09,85,02,208,*59 (pico_gnss pico-gnss-rs/src/main.rs:372)
110.877158 [INFO ] NMEA $GNRMC,094023.000,A,0000.0000,N,00000.0000,E,0.40,35.49,080626,,,A*4A (pico_gnss pico-gnss-rs/src/main.rs:372)
110.879729 [INFO ] SYNC pps_local_us=109967867 unix_s=1780911623 drift_us=2 err_ns=4 holdover_ms=1000 (pico_gnss pico-gnss-rs/src/main.rs:403)
110.906836 [INFO ] NMEA $GPVTG,35.49,T,,M,0.40,N,0.74,K,A*01 (pico_gnss pico-gnss-rs/src/main.rs:372)
110.935897 [INFO ] NMEA $GPZDA,094023.000,08,06,2026,,*52 (pico_gnss pico-gnss-rs/src/main.rs:372)
110.974137 [INFO ] PPSGEN count=112 interval_ns=1000002432 dev_ns=2432 phase_ns=-1521409 (pico_gnss pico-gnss-rs/src/main.rs:246)
110.975497 [INFO ] PPS count=112 interval_us=1000002 interval_ns=1000002432 state=Locked missed=0 (pico_gnss pico-gnss-rs/src/main.rs:161)
110.988259 [INFO ] NMEA $GPGST,094023.000,8.8,19,15,79.2,16,19,29*71 (pico_gnss pico-gnss-rs/src/main.rs:372)
111.151173 [INFO ] TIME unix_ns=1780911624175605163 ppb=2413 holdover_ms=1175 locked=1 (pico_gnss pico-gnss-rs/src/main.rs:195)
111.358452 [INFO ] NMEA $GPGGA,094024.000,0000.0000,N,00000.0000,E,1,9,1.22,40.0,M,39.0,M,,*62 (pico_gnss pico-gnss-rs/src/main.rs:372)
111.388058 [INFO ] NMEA $GNGLL,0000.0000,N,00000.0000,E,094024.000,A,A*4F (pico_gnss pico-gnss-rs/src/main.rs:372)
111.446423 [INFO ] NMEA $GNGSA,A,3,05,20,22,15,14,23,,,,,,,1.50,1.22,0.88*1E (pico_gnss pico-gnss-rs/src/main.rs:372)
111.504751 [INFO ] NMEA $GNGSA,A,3,70,73,80,,,,,,,,,,1.50,1.22,0.88*12 (pico_gnss pico-gnss-rs/src/main.rs:372)
111.567477 [INFO ] NMEA $GPGSV,4,1,14,24,82,255,,15,62,047,28,23,47,317,16,20,39,068,17*7E (pico_gnss pico-gnss-rs/src/main.rs:372)
111.654917 [INFO ] NMEA $GPGSV,4,2,14,18,37,248,,05,30,140,17,22,18,053,15,12,15,165,19*7A (pico_gnss pico-gnss-rs/src/main.rs:372)
111.713479 [INFO ] NMEA $GPGSV,4,3,14,10,12,317,,14,09,041,16,21,03,135,17,193,,,*78 (pico_gnss pico-gnss-rs/src/main.rs:372)
111.742855 [INFO ] NMEA $GPGSV,4,4,14,194,,,,195,,,*7D (pico_gnss pico-gnss-rs/src/main.rs:372)
111.830103 [INFO ] NMEA $GLGSV,3,1,09,73,54,147,16,71,47,338,,80,43,051,26,70,40,071,27*6C (pico_gnss pico-gnss-rs/src/main.rs:372)
111.892810 [INFO ] NMEA $GLGSV,3,2,09,86,24,265,,87,21,307,,74,14,183,,72,07,300,*61 (pico_gnss pico-gnss-rs/src/main.rs:372)
111.922057 [INFO ] NMEA $GLGSV,3,3,09,85,02,208,*59 (pico_gnss pico-gnss-rs/src/main.rs:372)
111.974157 [INFO ] PPSGEN count=113 interval_ns=1000002432 dev_ns=2432 phase_ns=-1533823 (pico_gnss pico-gnss-rs/src/main.rs:246)
111.975544 [INFO ] PPS count=113 interval_us=1000002 interval_ns=1000002432 state=Locked missed=0 (pico_gnss pico-gnss-rs/src/main.rs:161)
111.980901 [INFO ] NMEA $GNRMC,094024.000,A,0000.0000,N,00000.0000,E,0.20,35.49,080626,,,A*4B (pico_gnss pico-gnss-rs/src/main.rs:372)
111.983473 [INFO ] SYNC pps_local_us=111967872 unix_s=1780911624 drift_us=2 err_ns=36 holdover_ms=1999 (pico_gnss pico-gnss-rs/src/main.rs:403)
112.038682 [INFO ] NMEA $GPVTG,35.49,T,,M,0.20,N,0.36,K,A*01 (pico_gnss pico-gnss-rs/src/main.rs:372)
112.067987 [INFO ] NMEA $GPZDA,094024.000,08,06,2026,,*55 (pico_gnss pico-gnss-rs/src/main.rs:372)
112.099935 [INFO ] NMEA $GPGST,094024.000,8.8,19,15,82.0,15,19,29*73 (pico_gnss pico-gnss-rs/src/main.rs:372)
112.152364 [INFO ] TIME unix_ns=1780911624176821574 ppb=2414 holdover_ms=176 locked=1 (pico_gnss pico-gnss-rs/src/main.rs:195)
112.311127 [INFO ] NMEA $GPGGA,094025.000,0000.0000,N,00000.0000,E,1,9,1.22,40.0,M,39.0,M,,*63 (pico_gnss pico-gnss-rs/src/main.rs:372)
112.369487 [INFO ] NMEA $GNGLL,0000.0000,N,00000.0000,E,094025.000,A,A*4E (pico_gnss pico-gnss-rs/src/main.rs:372)
112.427920 [INFO ] NMEA $GNGSA,A,3,05,20,22,15,14,23,,,,,,,1.50,1.22,0.88*1E (pico_gnss pico-gnss-rs/src/main.rs:372)
112.457506 [INFO ] NMEA $GNGSA,A,3,70,73,80,,,,,,,,,,1.50,1.22,0.88*12 (pico_gnss pico-gnss-rs/src/main.rs:372)
112.554093 [INFO ] NMEA $GPGSV,4,1,14,24,82,255,,15,62,047,28,23,47,317,16,20,39,068,17*7E (pico_gnss pico-gnss-rs/src/main.rs:372)
112.612763 [INFO ] NMEA $GPGSV,4,2,14,18,37,248,,05,30,140,17,22,18,053,16,12,15,165,19*79 (pico_gnss pico-gnss-rs/src/main.rs:372)
112.671304 [INFO ] NMEA $GPGSV,4,3,14,10,12,317,,14,09,041,16,21,03,135,17,193,,,*78 (pico_gnss pico-gnss-rs/src/main.rs:372)
112.700690 [INFO ] NMEA $GPGSV,4,4,14,194,,,,195,,,*7D (pico_gnss pico-gnss-rs/src/main.rs:372)
112.792135 [INFO ] NMEA $GLGSV,3,1,09,73,54,147,16,71,47,338,,80,43,051,26,70,40,071,27*6C (pico_gnss pico-gnss-rs/src/main.rs:372)
112.850686 [INFO ] NMEA $GLGSV,3,2,09,86,24,265,,87,21,307,,74,14,183,,72,07,300,*61 (pico_gnss pico-gnss-rs/src/main.rs:372)
112.879981 [INFO ] NMEA $GLGSV,3,3,09,85,02,208,*59 (pico_gnss pico-gnss-rs/src/main.rs:372)
112.938460 [INFO ] NMEA $GNRMC,094025.000,A,0000.0000,N,00000.0000,E,1.03,22.87,080626,,,A*4E (pico_gnss pico-gnss-rs/src/main.rs:372)
112.974356 [INFO ] PPS count=114 interval_us=1000002 interval_ns=1000002432 state=Locked missed=0 (pico_gnss pico-gnss-rs/src/main.rs:161)
112.975908 [INFO ] PPSGEN count=114 interval_ns=1001583856 dev_ns=1583856 phase_ns=254585 (pico_gnss pico-gnss-rs/src/main.rs:246)
112.996952 [INFO ] NMEA $GPVTG,22.87,T,,M,1.03,N,1.92,K,A*0A (pico_gnss pico-gnss-rs/src/main.rs:372)
113.029962 [INFO ] NMEA $GPZDA,094025.000,08,06,2026,,*54 (pico_gnss pico-gnss-rs/src/main.rs:372)
113.065311 [INFO ] NMEA $GPGST,094025.000,8.8,19,15,83.9,15,19,29*7A (pico_gnss pico-gnss-rs/src/main.rs:372)
113.153538 [INFO ] TIME unix_ns=1780911625177996156 ppb=2415 holdover_ms=1177 locked=1 (pico_gnss pico-gnss-rs/src/main.rs:195)
113.267036 [INFO ] NMEA $GPGGA,094026.000,0000.0000,N,00000.0000,E,1,9,1.22,40.1,M,39.0,M,,*64 (pico_gnss pico-gnss-rs/src/main.rs:372)
113.325450 [INFO ] NMEA $GNGLL,0000.0000,N,00000.0000,E,094026.000,A,A*48 (pico_gnss pico-gnss-rs/src/main.rs:372)
113.383900 [INFO ] NMEA $GNGSA,A,3,05,20,22,15,14,23,,,,,,,1.50,1.22,0.88*1E (pico_gnss pico-gnss-rs/src/main.rs:372)
113.414440 [INFO ] NMEA $GNGSA,A,3,70,73,80,,,,,,,,,,1.50,1.22,0.88*12 (pico_gnss pico-gnss-rs/src/main.rs:372)
113.501855 [INFO ] NMEA $GPGSV,4,1,14,24,82,255,,15,62,047,28,23,47,317,16,20,39,068,18*71 (pico_gnss pico-gnss-rs/src/main.rs:372)
113.560479 [INFO ] NMEA $GPGSV,4,2,14,18,37,248,,05,30,140,17,22,18,053,14,12,15,165,19*7B (pico_gnss pico-gnss-rs/src/main.rs:372)
113.647806 [INFO ] NMEA $GPGSV,4,3,14,10,13,317,,14,09,041,16,21,03,135,17,193,,,*79 (pico_gnss pico-gnss-rs/src/main.rs:372)
113.681242 [INFO ] NMEA $GPGSV,4,4,14,194,,,,195,,,*7D (pico_gnss pico-gnss-rs/src/main.rs:372)
113.739862 [INFO ] NMEA $GLGSV,3,1,09,73,54,147,16,71,47,338,,80,43,051,26,70,40,071,27*6C (pico_gnss pico-gnss-rs/src/main.rs:372)
113.798454 [INFO ] NMEA $GLGSV,3,2,09,86,24,265,,87,21,307,,74,14,183,,72,07,300,*61 (pico_gnss pico-gnss-rs/src/main.rs:372)
113.827715 [INFO ] NMEA $GLGSV,3,3,09,85,02,208,*59 (pico_gnss pico-gnss-rs/src/main.rs:372)
113.915054 [INFO ] NMEA $GNRMC,094026.000,A,0000.0000,N,00000.0000,E,0.96,40.31,080626,,,A*4C (pico_gnss pico-gnss-rs/src/main.rs:372)
113.917614 [INFO ] SYNC pps_local_us=112967874 unix_s=1780911626 drift_us=2 err_ns=18 holdover_ms=998 (pico_gnss pico-gnss-rs/src/main.rs:403)
113.948596 [INFO ] NMEA $GPVTG,40.31,T,,M,0.96,N,1.78,K,A*0A (pico_gnss pico-gnss-rs/src/main.rs:372)
113.974295 [INFO ] PPS count=115 interval_us=1000002 interval_ns=1000002432 state=Locked missed=0 (pico_gnss pico-gnss-rs/src/main.rs:161)
113.975790 [INFO ] PPSGEN count=115 interval_ns=1000002432 dev_ns=2432 phase_ns=1495582 (pico_gnss pico-gnss-rs/src/main.rs:246)
113.978148 [INFO ] NMEA $GPZDA,094026.000,08,06,2026,,*57 (pico_gnss pico-gnss-rs/src/main.rs:372)
114.021531 [INFO ] NMEA $GPGST,094026.000,8.8,19,15,84.8,15,19,29*7F (pico_gnss pico-gnss-rs/src/main.rs:372)
114.154744 [INFO ] TIME unix_ns=1780911627180485149 ppb=2415 holdover_ms=1180 locked=1 (pico_gnss pico-gnss-rs/src/main.rs:195)
114.369090 [INFO ] NMEA $GPGGA,094027.000,0000.0000,N,00000.0000,E,1,9,1.22,40.1,M,39.0,M,,*67 (pico_gnss pico-gnss-rs/src/main.rs:372)
114.427424 [INFO ] NMEA $GNGLL,0000.0000,N,00000.0000,E,094027.000,A,A*4B (pico_gnss pico-gnss-rs/src/main.rs:372)
114.478649 [INFO ] NMEA $GNGSA,A,3,05,20,22,15,14,23,,,,,,,1.50,1.22,0.88*1E (pico_gnss pico-gnss-rs/src/main.rs:372)
114.536978 [INFO ] NMEA $GNGSA,A,3,70,73,80,,,,,,,,,,1.50,1.22,0.88*12 (pico_gnss pico-gnss-rs/src/main.rs:372)
114.595615 [INFO ] NMEA $GPGSV,4,1,14,24,82,255,,15,62,047,28,23,47,317,16,20,39,068,18*71 (pico_gnss pico-gnss-rs/src/main.rs:372)
114.683037 [INFO ] NMEA $GPGSV,4,2,14,18,37,248,,05,30,140,17,22,18,053,13,12,15,165,19*7C (pico_gnss pico-gnss-rs/src/main.rs:372)
114.745692 [INFO ] NMEA $GPGSV,4,3,14,10,13,317,,14,09,041,16,21,03,135,17,193,,,*79 (pico_gnss pico-gnss-rs/src/main.rs:372)
114.775055 [INFO ] NMEA $GPGSV,4,4,14,194,,,,195,,,*7D (pico_gnss pico-gnss-rs/src/main.rs:372)
114.833659 [INFO ] NMEA $GLGSV,3,1,09,73,54,147,16,71,47,338,,80,43,051,26,70,40,071,27*6C (pico_gnss pico-gnss-rs/src/main.rs:372)
114.892180 [INFO ] NMEA $GLGSV,3,2,09,86,24,265,,87,21,307,,74,14,183,,72,07,300,*61 (pico_gnss pico-gnss-rs/src/main.rs:372)
114.921463 [INFO ] NMEA $GLGSV,3,3,09,85,02,208,*59 (pico_gnss pico-gnss-rs/src/main.rs:372)
114.974286 [INFO ] PPS count=116 interval_us=1000002 interval_ns=1000002416 state=Locked missed=0 (pico_gnss pico-gnss-rs/src/main.rs:161)
114.975788 [INFO ] PPSGEN count=116 interval_ns=1000002432 dev_ns=2432 phase_ns=1462167 (pico_gnss pico-gnss-rs/src/main.rs:246)
115.012831 [INFO ] NMEA $GNRMC,094027.000,A,0000.0000,N,00000.0000,E,0.91,351.07,080626,,,A*7E (pico_gnss pico-gnss-rs/src/main.rs:372)
115.015412 [INFO ] SYNC pps_local_us=114967879 unix_s=1780911627 drift_us=2 err_ns=18 holdover_ms=1999 (pico_gnss pico-gnss-rs/src/main.rs:403)
115.042476 [INFO ] NMEA $GPVTG,351.07,T,,M,0.91,N,1.69,K,A*3B (pico_gnss pico-gnss-rs/src/main.rs:372)
115.100185 [INFO ] NMEA $GPZDA,094027.000,08,06,2026,,*56 (pico_gnss pico-gnss-rs/src/main.rs:372)
115.125699 [INFO ] NMEA $GPGST,094027.000,8.8,19,15,85.7,15,19,29*70 (pico_gnss pico-gnss-rs/src/main.rs:372)
115.155934 [INFO ] TIME unix_ns=1780911627181702562 ppb=2415 holdover_ms=181 locked=1 (pico_gnss pico-gnss-rs/src/main.rs:195)
115.316932 [INFO ] NMEA $GPGGA,094028.000,0000.0000,N,00000.0000,E,1,9,1.22,40.0,M,39.0,M,,*6A (pico_gnss pico-gnss-rs/src/main.rs:372)
115.375235 [INFO ] NMEA $GNGLL,0000.0000,N,00000.0000,E,094028.000,A,A*47 (pico_gnss pico-gnss-rs/src/main.rs:372)
115.416311 [INFO ] NMEA $GNGSA,A,3,05,20,22,15,14,23,,,,,,,1.50,1.22,0.88*1E (pico_gnss pico-gnss-rs/src/main.rs:372)
115.474595 [INFO ] NMEA $GNGSA,A,3,70,73,80,,,,,,,,,,1.50,1.22,0.88*12 (pico_gnss pico-gnss-rs/src/main.rs:372)
115.561986 [INFO ] NMEA $GPGSV,4,1,14,24,82,255,,15,62,047,28,23,47,317,15,20,39,068,19*73 (pico_gnss pico-gnss-rs/src/main.rs:372)
115.620697 [INFO ] NMEA $GPGSV,4,2,14,18,37,248,,05,30,140,17,22,18,053,14,12,15,165,19*7B (pico_gnss pico-gnss-rs/src/main.rs:372)
115.683364 [INFO ] NMEA $GPGSV,4,3,14,10,13,317,,14,09,041,16,21,03,135,17,193,,,*79 (pico_gnss pico-gnss-rs/src/main.rs:372)
115.712700 [INFO ] NMEA $GPGSV,4,4,14,194,,,,195,,,*7D (pico_gnss pico-gnss-rs/src/main.rs:372)
115.800059 [INFO ] NMEA $GLGSV,3,1,09,73,54,147,15,71,47,338,,80,43,051,26,70,40,071,27*6F (pico_gnss pico-gnss-rs/src/main.rs:372)
115.858601 [INFO ] NMEA $GLGSV,3,2,09,86,24,265,,87,21,307,,74,14,183,,72,07,300,*61 (pico_gnss pico-gnss-rs/src/main.rs:372)
115.887900 [INFO ] NMEA $GLGSV,3,3,09,85,02,208,*59 (pico_gnss pico-gnss-rs/src/main.rs:372)
115.950485 [INFO ] NMEA $GNRMC,094028.000,A,0000.0000,N,00000.0000,E,0.95,37.49,080626,,,A*4F (pico_gnss pico-gnss-rs/src/main.rs:372)
115.974386 [INFO ] PPS count=117 interval_us=1000002 interval_ns=1000002432 state=Locked missed=0 (pico_gnss pico-gnss-rs/src/main.rs:161)
115.975913 [INFO ] PPSGEN count=117 interval_ns=1000002432 dev_ns=2432 phase_ns=1580581 (pico_gnss pico-gnss-rs/src/main.rs:246)
116.008644 [INFO ] NMEA $GPVTG,37.49,T,,M,0.95,N,1.76,K,A*08 (pico_gnss pico-gnss-rs/src/main.rs:372)
116.037915 [INFO ] NMEA $GPZDA,094028.000,08,06,2026,,*59 (pico_gnss pico-gnss-rs/src/main.rs:372)
116.067348 [INFO ] NMEA $GPGST,094028.000,8.8,20,15,86.3,15,20,29*78 (pico_gnss pico-gnss-rs/src/main.rs:372)
116.157139 [INFO ] TIME unix_ns=1780911628182868143 ppb=2416 holdover_ms=1182 locked=1 (pico_gnss pico-gnss-rs/src/main.rs:195)
116.264879 [INFO ] NMEA $GPGGA,094029.000,0000.0000,N,00000.0000,E,1,8,1.26,40.0,M,39.0,M,,*62 (pico_gnss pico-gnss-rs/src/main.rs:372)
116.326280 [INFO ] NMEA $GNGLL,0000.0000,N,00000.0000,E,094029.000,A,A*4A (pico_gnss pico-gnss-rs/src/main.rs:372)
116.384695 [INFO ] NMEA $GNGSA,A,3,05,20,15,14,23,,,,,,,,1.54,1.26,0.89*1F (pico_gnss pico-gnss-rs/src/main.rs:372)
116.414307 [INFO ] NMEA $GNGSA,A,3,70,73,80,,,,,,,,,,1.54,1.26,0.89*13 (pico_gnss pico-gnss-rs/src/main.rs:372)
116.501661 [INFO ] NMEA $GPGSV,4,1,14,24,82,255,,15,62,047,28,23,47,317,15,20,39,068,19*73 (pico_gnss pico-gnss-rs/src/main.rs:372)
116.564414 [INFO ] NMEA $GPGSV,4,2,14,18,37,248,,05,30,140,17,22,18,053,14,12,15,165,19*7B (pico_gnss pico-gnss-rs/src/main.rs:372)
116.622976 [INFO ] NMEA $GPGSV,4,3,14,10,13,317,,14,09,041,16,21,03,135,17,193,,,*79 (pico_gnss pico-gnss-rs/src/main.rs:372)
116.652345 [INFO ] NMEA $GPGSV,4,4,14,194,,,,195,,,*7D (pico_gnss pico-gnss-rs/src/main.rs:372)
116.739666 [INFO ] NMEA $GLGSV,3,1,09,73,54,147,14,71,47,338,,80,43,051,26,70,40,071,27*6E (pico_gnss pico-gnss-rs/src/main.rs:372)
116.798258 [INFO ] NMEA $GLGSV,3,2,09,86,24,265,,87,21,307,,74,14,183,,72,07,300,*61 (pico_gnss pico-gnss-rs/src/main.rs:372)
116.831613 [INFO ] NMEA $GLGSV,3,3,09,85,02,208,*59 (pico_gnss pico-gnss-rs/src/main.rs:372)
116.890228 [INFO ] NMEA $GNRMC,094029.000,A,0000.0000,N,00000.0000,E,0.75,3.38,080626,,,A*7D (pico_gnss pico-gnss-rs/src/main.rs:372)
116.892798 [INFO ] SYNC pps_local_us=115967881 unix_s=1780911629 drift_us=2 err_ns=17 holdover_ms=1000 (pico_gnss pico-gnss-rs/src/main.rs:403)
116.948349 [INFO ] NMEA $GPVTG,3.38,T,,M,0.75,N,1.39,K,A*3C (pico_gnss pico-gnss-rs/src/main.rs:372)
116.974292 [INFO ] PPS count=118 interval_us=1000002 interval_ns=1000002416 state=Locked missed=0 (pico_gnss pico-gnss-rs/src/main.rs:161)
116.975782 [INFO ] PPSGEN count=118 interval_ns=1000002432 dev_ns=2432 phase_ns=1446581 (pico_gnss pico-gnss-rs/src/main.rs:246)
116.977945 [INFO ] NMEA $GPZDA,094029.000,08,06,2026,,*58 (pico_gnss pico-gnss-rs/src/main.rs:372)
117.015037 [INFO ] NMEA $GPGST,094029.000,8.8,20,15,86.5,15,20,29*7F (pico_gnss pico-gnss-rs/src/main.rs:372)
117.158340 [INFO ] TIME unix_ns=1780911630184062140 ppb=2416 holdover_ms=1184 locked=1 (pico_gnss pico-gnss-rs/src/main.rs:195)
117.355942 [INFO ] NMEA $GPGGA,094030.000,0000.0000,N,00000.0000,E,1,8,1.26,40.0,M,39.0,M,,*60 (pico_gnss pico-gnss-rs/src/main.rs:372)
117.414275 [INFO ] NMEA $GNGLL,0000.0000,N,00000.0000,E,094030.000,A,A*48 (pico_gnss pico-gnss-rs/src/main.rs:372)
117.472734 [INFO ] NMEA $GNGSA,A,3,05,20,15,14,23,,,,,,,,1.54,1.26,0.89*1F (pico_gnss pico-gnss-rs/src/main.rs:372)
117.502283 [INFO ] NMEA $GNGSA,A,3,70,73,80,,,,,,,,,,1.54,1.26,0.89*13 (pico_gnss pico-gnss-rs/src/main.rs:372)
117.589670 [INFO ] NMEA $GPGSV,4,1,14,24,82,255,,15,62,047,28,23,47,317,15,20,39,068,19*73 (pico_gnss pico-gnss-rs/src/main.rs:372)
117.652392 [INFO ] NMEA $GPGSV,4,2,14,18,37,248,,05,30,140,17,22,18,053,16,12,15,165,19*79 (pico_gnss pico-gnss-rs/src/main.rs:372)
117.711000 [INFO ] NMEA $GPGSV,4,3,14,10,13,317,,14,09,040,16,21,03,135,17,193,,,*78 (pico_gnss pico-gnss-rs/src/main.rs:372)
117.769022 [INFO ] NMEA $GPGSV,4,4,14,194,,,,195,,,*7D (pico_gnss pico-gnss-rs/src/main.rs:372)
117.827712 [INFO ] NMEA $GLGSV,3,1,09,73,54,147,14,71,47,338,,80,43,051,26,70,40,071,27*6E (pico_gnss pico-gnss-rs/src/main.rs:372)
117.890328 [INFO ] NMEA $GLGSV,3,2,09,86,24,265,,87,21,307,,74,14,183,,72,07,300,*61 (pico_gnss pico-gnss-rs/src/main.rs:372)
117.919569 [INFO ] NMEA $GLGSV,3,3,09,85,02,208,*59 (pico_gnss pico-gnss-rs/src/main.rs:372)
117.974301 [INFO ] PPS count=119 interval_us=1000002 interval_ns=1000002416 state=Locked missed=0 (pico_gnss pico-gnss-rs/src/main.rs:161)
117.975845 [INFO ] PPSGEN count=119 interval_ns=1000002432 dev_ns=2432 phase_ns=1434166 (pico_gnss pico-gnss-rs/src/main.rs:246)
118.006941 [INFO ] NMEA $GNRMC,094030.000,A,0000.0000,N,00000.0000,E,1.26,350.08,080626,,,A*7E (pico_gnss pico-gnss-rs/src/main.rs:372)
118.009524 [INFO ] SYNC pps_local_us=117967886 unix_s=1780911630 drift_us=2 err_ns=1 holdover_ms=1999 (pico_gnss pico-gnss-rs/src/main.rs:403)
118.036492 [INFO ] NMEA $GPVTG,350.08,T,,M,1.26,N,2.33,K,A*34 (pico_gnss pico-gnss-rs/src/main.rs:372)
118.065545 [INFO ] NMEA $GPZDA,094030.000,08,06,2026,,*50 (pico_gnss pico-gnss-rs/src/main.rs:372)
118.111273 [INFO ] NMEA $GPGST,094030.000,8.8,20,15,87.6,15,20,29*75 (pico_gnss pico-gnss-rs/src/main.rs:372)
118.159513 [INFO ] TIME unix_ns=1780911630185278553 ppb=2416 holdover_ms=185 locked=1 (pico_gnss pico-gnss-rs/src/main.rs:195)
118.315805 [INFO ] NMEA $GPGGA,094031.000,0000.0000,N,00000.0000,E,1,8,1.26,40.1,M,39.0,M,,*69 (pico_gnss pico-gnss-rs/src/main.rs:372)
118.374192 [INFO ] NMEA $GNGLL,0000.0000,N,00000.0000,E,094031.000,A,A*40 (pico_gnss pico-gnss-rs/src/main.rs:372)
118.432551 [INFO ] NMEA $GNGSA,A,3,05,20,15,14,23,,,,,,,,1.54,1.26,0.89*1F (pico_gnss pico-gnss-rs/src/main.rs:372)
118.490904 [INFO ] NMEA $GNGSA,A,3,70,73,80,,,,,,,,,,1.54,1.26,0.89*13 (pico_gnss pico-gnss-rs/src/main.rs:372)
118.553596 [INFO ] NMEA $GPGSV,4,1,14,24,82,255,,15,62,049,28,23,47,317,15,20,39,068,19*7D (pico_gnss pico-gnss-rs/src/main.rs:372)
118.612276 [INFO ] NMEA $GPGSV,4,2,14,18,37,248,,05,30,140,17,22,18,053,14,12,15,165,19*7B (pico_gnss pico-gnss-rs/src/main.rs:372)
118.699594 [INFO ] NMEA $GPGSV,4,3,14,10,13,317,,14,09,040,16,21,03,135,17,193,,,*78 (pico_gnss pico-gnss-rs/src/main.rs:372)
118.728976 [INFO ] NMEA $GPGSV,4,4,14,194,,,,195,,,*7D (pico_gnss pico-gnss-rs/src/main.rs:372)
118.787526 [INFO ] NMEA $GLGSV,3,1,09,73,54,147,13,71,47,338,,80,43,051,26,70,40,071,27*69 (pico_gnss pico-gnss-rs/src/main.rs:372)
118.850193 [INFO ] NMEA $GLGSV,3,2,09,86,24,265,,87,21,307,,74,14,183,,72,07,300,*61 (pico_gnss pico-gnss-rs/src/main.rs:372)
118.879476 [INFO ] NMEA $GLGSV,3,3,09,85,02,208,*59 (pico_gnss pico-gnss-rs/src/main.rs:372)
118.966696 [INFO ] NMEA $GNRMC,094031.000,A,0000.0000,N,00000.0000,E,1.23,19.91,080626,,,A*4D (pico_gnss pico-gnss-rs/src/main.rs:372)
118.974387 [INFO ] PPS count=120 interval_us=1000002 interval_ns=1000002432 state=Locked missed=0 (pico_gnss pico-gnss-rs/src/main.rs:161)
118.975912 [INFO ] PPSGEN count=120 interval_ns=1000002448 dev_ns=2448 phase_ns=1571580 (pico_gnss pico-gnss-rs/src/main.rs:246)
118.996487 [INFO ] NMEA $GPVTG,19.91,T,,M,1.23,N,2.28,K,A*05 (pico_gnss pico-gnss-rs/src/main.rs:372)
119.025461 [INFO ] NMEA $GPZDA,094031.000,08,06,2026,,*51 (pico_gnss pico-gnss-rs/src/main.rs:372)
119.077649 [INFO ] NMEA $GPGST,094031.000,8.8,20,15,87.3,15,20,29*71 (pico_gnss pico-gnss-rs/src/main.rs:372)
119.160696 [INFO ] TIME unix_ns=1780911631186448134 ppb=2416 holdover_ms=1186 locked=1 (pico_gnss pico-gnss-rs/src/main.rs:195)
119.285896 [INFO ] NMEA $GPGGA,094032.000,0000.0000,N,00000.0000,E,1,8,1.32,40.1,M,39.0,M,,*65 (pico_gnss pico-gnss-rs/src/main.rs:372)
119.344238 [INFO ] NMEA $GNGLL,0000.0000,N,00000.0000,E,094032.000,A,A*49 (pico_gnss pico-gnss-rs/src/main.rs:372)
119.402667 [INFO ] NMEA $GNGSA,A,3,05,20,22,15,14,23,,,,,,,1.58,1.32,0.88*17 (pico_gnss pico-gnss-rs/src/main.rs:372)
119.432229 [INFO ] NMEA $GNGSA,A,3,70,80,,,,,,,,,,,1.58,1.32,0.88*1F (pico_gnss pico-gnss-rs/src/main.rs:372)
119.508262 [INFO ] NMEA $GPGSV,4,1,14,24,82,255,,15,62,049,28,23,47,317,15,20,39,068,19*7D (pico_gnss pico-gnss-rs/src/main.rs:372)
119.595683 [INFO ] NMEA $GPGSV,4,2,14,18,37,248,,05,30,140,17,22,18,053,14,12,15,165,19*7B (pico_gnss pico-gnss-rs/src/main.rs:372)
119.654287 [INFO ] NMEA $GPGSV,4,3,14,10,13,317,,14,09,040,16,21,03,135,17,193,,,*78 (pico_gnss pico-gnss-rs/src/main.rs:372)
119.683639 [INFO ] NMEA $GPGSV,4,4,14,194,,,,195,,,*7D (pico_gnss pico-gnss-rs/src/main.rs:372)
119.746277 [INFO ] NMEA $GLGSV,3,1,09,73,54,147,13,71,47,338,,80,43,051,26,70,40,071,27*69 (pico_gnss pico-gnss-rs/src/main.rs:372)
119.833613 [INFO ] NMEA $GLGSV,3,2,09,86,24,265,,87,21,307,,74,14,183,,72,07,300,*61 (pico_gnss pico-gnss-rs/src/main.rs:372)
119.862939 [INFO ] NMEA $GLGSV,3,3,09,85,02,208,*59 (pico_gnss pico-gnss-rs/src/main.rs:372)
119.921441 [INFO ] NMEA $GNRMC,094032.000,A,0000.0000,N,00000.0000,E,0.51,19.91,080626,,,A*40 (pico_gnss pico-gnss-rs/src/main.rs:372)
119.924013 [INFO ] SYNC pps_local_us=118967888 unix_s=1780911632 drift_us=2 err_ns=16 holdover_ms=1000 (pico_gnss pico-gnss-rs/src/main.rs:403)
119.951100 [INFO ] NMEA $GPVTG,19.91,T,,M,0.51,N,0.94,K,A*04 (pico_gnss pico-gnss-rs/src/main.rs:372)
119.974295 [INFO ] PPS count=121 interval_us=1000002 interval_ns=1000002432 state=Locked missed=0 (pico_gnss pico-gnss-rs/src/main.rs:161)
119.975745 [INFO ] PPSGEN count=121 interval_ns=1000002432 dev_ns=2432 phase_ns=1402580 (pico_gnss pico-gnss-rs/src/main.rs:246)
120.012907 [INFO ] NMEA $GPZDA,094032.000,08,06,2026,,*52 (pico_gnss pico-gnss-rs/src/main.rs:372)
120.038449 [INFO ] NMEA $GPGST,094032.000,8.7,20,15,86.8,15,20,28*76 (pico_gnss pico-gnss-rs/src/main.rs:372)
120.161888 [INFO ] TIME unix_ns=1780911633187595130 ppb=2417 holdover_ms=1187 locked=1 (pico_gnss pico-gnss-rs/src/main.rs:195)
120.348030 [INFO ] NMEA $GPGGA,094033.000,0000.0000,N,00000.0000,E,1,8,1.32,40.1,M,39.0,M,,*6A (pico_gnss pico-gnss-rs/src/main.rs:372)
120.406391 [INFO ] NMEA $GNGLL,0000.0000,N,00000.0000,E,094033.000,A,A*46 (pico_gnss pico-gnss-rs/src/main.rs:372)
120.464830 [INFO ] NMEA $GNGSA,A,3,05,20,22,15,14,23,,,,,,,1.58,1.32,0.88*17 (pico_gnss pico-gnss-rs/src/main.rs:372)
120.505600 [INFO ] NMEA $GNGSA,A,3,70,80,,,,,,,,,,,1.58,1.32,0.88*1F (pico_gnss pico-gnss-rs/src/main.rs:372)
120.564265 [INFO ] NMEA $GPGSV,4,1,14,24,82,255,,15,62,049,28,23,47,317,15,20,39,068,19*7D (pico_gnss pico-gnss-rs/src/main.rs:372)
120.651667 [INFO ] NMEA $GPGSV,4,2,14,18,37,248,,05,30,140,17,22,18,053,14,12,15,165,19*7B (pico_gnss pico-gnss-rs/src/main.rs:372)
120.710208 [INFO ] NMEA $GPGSV,4,3,14,10,13,317,,14,09,040,16,21,03,135,17,193,,,*78 (pico_gnss pico-gnss-rs/src/main.rs:372)
120.739567 [INFO ] NMEA $GPGSV,4,4,14,194,,,,195,,,*7D (pico_gnss pico-gnss-rs/src/main.rs:372)
120.831025 [INFO ] NMEA $GLGSV,3,1,09,73,54,147,15,71,47,338,,80,43,051,26,70,40,071,26*6E (pico_gnss pico-gnss-rs/src/main.rs:372)
120.889568 [INFO ] NMEA $GLGSV,3,2,09,86,24,265,,87,21,307,,74,14,183,,72,07,300,*61 (pico_gnss pico-gnss-rs/src/main.rs:372)
120.918823 [INFO ] NMEA $GLGSV,3,3,09,85,02,208,*59 (pico_gnss pico-gnss-rs/src/main.rs:372)
120.974294 [INFO ] PPS count=122 interval_us=1000002 interval_ns=1000002416 state=Locked missed=0 (pico_gnss pico-gnss-rs/src/main.rs:161)
120.975779 [INFO ] PPSGEN count=122 interval_ns=999140128 dev_ns=-859872 phase_ns=1411164 (pico_gnss pico-gnss-rs/src/main.rs:246)
120.977771 [INFO ] NMEA $GNRMC,094033.000,A,0000.0000,N,00000.0000,E,1.26,109.58,080626,,,A*7B (pico_gnss pico-gnss-rs/src/main.rs:372)
120.980336 [INFO ] SYNC pps_local_us=120967893 unix_s=1780911633 drift_us=2 err_ns=15 holdover_ms=1999 (pico_gnss pico-gnss-rs/src/main.rs:403)
121.039547 [INFO ] NMEA $GPVTG,109.58,T,,M,1.26,N,2.34,K,A*38 (pico_gnss pico-gnss-rs/src/main.rs:372)
121.068865 [INFO ] NMEA $GPZDA,094033.000,08,06,2026,,*53 (pico_gnss pico-gnss-rs/src/main.rs:372)
121.098303 [INFO ] NMEA $GPGST,094033.000,8.7,20,15,86.7,15,20,28*78 (pico_gnss pico-gnss-rs/src/main.rs:372)
121.163105 [INFO ] TIME unix_ns=1780911633188840544 ppb=2417 holdover_ms=188 locked=1 (pico_gnss pico-gnss-rs/src/main.rs:195)
121.292675 [INFO ] NMEA $GPGGA,094034.000,0000.0000,N,00000.0000,E,1,9,1.22,40.1,M,39.0,M,,*60 (pico_gnss pico-gnss-rs/src/main.rs:372)
121.351024 [INFO ] NMEA $GNGLL,0000.0000,N,00000.0000,E,094034.000,A,A*4C (pico_gnss pico-gnss-rs/src/main.rs:372)
121.412507 [INFO ] NMEA $GNGSA,A,3,05,20,22,15,14,23,,,,,,,1.50,1.22,0.88*1E (pico_gnss pico-gnss-rs/src/main.rs:372)
121.442133 [INFO ] NMEA $GNGSA,A,3,70,73,80,,,,,,,,,,1.50,1.22,0.88*12 (pico_gnss pico-gnss-rs/src/main.rs:372)
121.529473 [INFO ] NMEA $GPGSV,4,1,14,24,82,255,,15,62,049,28,23,47,317,15,20,39,068,19*7D (pico_gnss pico-gnss-rs/src/main.rs:372)
121.588103 [INFO ] NMEA $GPGSV,4,2,14,18,36,247,,05,30,140,17,22,18,053,16,12,15,165,19*77 (pico_gnss pico-gnss-rs/src/main.rs:372)
121.646695 [INFO ] NMEA $GPGSV,4,3,14,10,13,317,,14,09,040,16,21,03,135,17,193,,,*78 (pico_gnss pico-gnss-rs/src/main.rs:372)
121.680088 [INFO ] NMEA $GPGSV,4,4,14,194,,,,195,,,*7D (pico_gnss pico-gnss-rs/src/main.rs:372)
121.767485 [INFO ] NMEA $GLGSV,3,1,09,73,54,147,16,71,47,338,,80,43,051,26,70,40,071,26*6D (pico_gnss pico-gnss-rs/src/main.rs:372)
121.826060 [INFO ] NMEA $GLGSV,3,2,09,86,24,265,,87,21,307,,74,14,183,,72,07,300,*61 (pico_gnss pico-gnss-rs/src/main.rs:372)
121.855338 [INFO ] NMEA $GLGSV,3,3,09,85,02,208,*59 (pico_gnss pico-gnss-rs/src/main.rs:372)
121.946708 [INFO ] NMEA $GNRMC,094034.000,A,0000.0000,N,00000.0000,E,0.83,23.60,080626,,,A*4D (pico_gnss pico-gnss-rs/src/main.rs:372)
121.974414 [INFO ] PPS count=123 interval_us=1000002 interval_ns=1000002416 state=Locked missed=0 (pico_gnss pico-gnss-rs/src/main.rs:161)
121.975942 [INFO ] PPSGEN count=123 interval_ns=1000002432 dev_ns=2432 phase_ns=1605580 (pico_gnss pico-gnss-rs/src/main.rs:246)
121.977749 [INFO ] NMEA $GPVTG,23.60,T,,M,0.83,N,1.54,K,A*01 (pico_gnss pico-gnss-rs/src/main.rs:372)
122.006546 [INFO ] NMEA $GPZDA,094034.000,08,06,2026,,*54 (pico_gnss pico-gnss-rs/src/main.rs:372)
122.046995 [INFO ] NMEA $GPGST,094034.000,8.6,20,15,85.3,15,20,28*79 (pico_gnss pico-gnss-rs/src/main.rs:372)
122.164297 [INFO ] TIME unix_ns=1780911634190047125 ppb=2417 holdover_ms=1190 locked=1 (pico_gnss pico-gnss-rs/src/main.rs:195)
122.238238 [INFO ] NMEA $GPGGA,094035.000,0000.0000,N,00000.0000,E,1,9,1.22,40.0,M,39.0,M,,*68 (pico_gnss pico-gnss-rs/src/main.rs:372)
122.296578 [INFO ] NMEA $GNGLL,0000.0000,N,00000.0000,E,094035.000,A,A*45 (pico_gnss pico-gnss-rs/src/main.rs:372)
122.349813 [INFO ] NMEA $GNGSA,A,3,05,20,22,15,14,23,,,,,,,1.50,1.22,0.88*1E (pico_gnss pico-gnss-rs/src/main.rs:372)
122.408178 [INFO ] NMEA $GNGSA,A,3,70,73,80,,,,,,,,,,1.50,1.22,0.88*12 (pico_gnss pico-gnss-rs/src/main.rs:372)
122.466790 [INFO ] NMEA $GPGSV,4,1,14,24,82,255,,15,62,049,28,23,47,317,15,20,39,068,19*7D (pico_gnss pico-gnss-rs/src/main.rs:372)
122.554221 [INFO ] NMEA $GPGSV,4,2,14,18,36,247,,05,30,140,17,22,18,053,13,12,15,165,19*72 (pico_gnss pico-gnss-rs/src/main.rs:372)
122.616883 [INFO ] NMEA $GPGSV,4,3,14,10,13,317,,14,09,040,16,21,03,135,17,193,,,*78 (pico_gnss pico-gnss-rs/src/main.rs:372)
122.646254 [INFO ] NMEA $GPGSV,4,4,14,194,,,,195,,,*7D (pico_gnss pico-gnss-rs/src/main.rs:372)
122.704854 [INFO ] NMEA $GLGSV,3,1,09,73,54,147,14,71,47,338,,80,43,051,26,70,40,071,26*6F (pico_gnss pico-gnss-rs/src/main.rs:372)
122.763382 [INFO ] NMEA $GLGSV,3,2,09,86,24,265,,87,21,307,,74,14,183,,72,07,300,*61 (pico_gnss pico-gnss-rs/src/main.rs:372)
122.792709 [INFO ] NMEA $GLGSV,3,3,09,85,02,208,*59 (pico_gnss pico-gnss-rs/src/main.rs:372)
122.884144 [INFO ] NMEA $GNRMC,094035.000,A,0000.0000,N,00000.0000,E,0.84,51.57,080626,,,A*42 (pico_gnss pico-gnss-rs/src/main.rs:372)
122.886716 [INFO ] SYNC pps_local_us=121967896 unix_s=1780911635 drift_us=2 err_ns=0 holdover_ms=1000 (pico_gnss pico-gnss-rs/src/main.rs:403)
122.913825 [INFO ] NMEA $GPVTG,51.57,T,,M,0.84,N,1.56,K,A*05 (pico_gnss pico-gnss-rs/src/main.rs:372)
122.942890 [INFO ] NMEA $GPZDA,094035.000,08,06,2026,,*55 (pico_gnss pico-gnss-rs/src/main.rs:372)
122.974288 [INFO ] PPS count=124 interval_us=1000002 interval_ns=1000002432 state=Locked missed=0 (pico_gnss pico-gnss-rs/src/main.rs:161)
122.975767 [INFO ] PPSGEN count=124 interval_ns=1000002448 dev_ns=2448 phase_ns=1416580 (pico_gnss pico-gnss-rs/src/main.rs:246)
122.993178 [INFO ] NMEA $GPGST,094035.000,8.6,20,15,84.5,15,20,28*7F (pico_gnss pico-gnss-rs/src/main.rs:372)
123.165507 [INFO ] TIME unix_ns=1780911636191206121 ppb=2417 holdover_ms=1191 locked=1 (pico_gnss pico-gnss-rs/src/main.rs:195)
123.345028 [INFO ] NMEA $GPGGA,094036.000,0000.0000,N,00000.0000,E,1,9,1.22,40.0,M,39.0,M,,*6A (pico_gnss pico-gnss-rs/src/main.rs:372)
123.390006 [INFO ] NMEA $GNGLL,0000.0000,N,00000.0000,E,094036.000,A,A*47 (pico_gnss pico-gnss-rs/src/main.rs:372)
123.448410 [INFO ] NMEA $GNGSA,A,3,05,20,22,15,14,23,,,,,,,1.50,1.22,0.88*1E (pico_gnss pico-gnss-rs/src/main.rs:372)
123.506739 [INFO ] NMEA $GNGSA,A,3,70,73,80,,,,,,,,,,1.50,1.22,0.88*12 (pico_gnss pico-gnss-rs/src/main.rs:372)
123.565396 [INFO ] NMEA $GPGSV,4,1,14,24,82,255,,15,62,049,28,23,47,317,15,20,38,069,19*7D (pico_gnss pico-gnss-rs/src/main.rs:372)
123.656883 [INFO ] NMEA $GPGSV,4,2,14,18,36,247,,05,30,140,18,22,18,053,14,12,15,165,18*7B (pico_gnss pico-gnss-rs/src/main.rs:372)
123.715474 [INFO ] NMEA $GPGSV,4,3,14,10,13,317,,14,09,040,16,21,03,135,17,193,,,*78 (pico_gnss pico-gnss-rs/src/main.rs:372)
123.744857 [INFO ] NMEA $GPGSV,4,4,14,194,,,,195,,,*7D (pico_gnss pico-gnss-rs/src/main.rs:372)
123.803410 [INFO ] NMEA $GLGSV,3,1,09,73,54,147,13,71,47,338,,80,43,051,25,70,40,071,27*6A (pico_gnss pico-gnss-rs/src/main.rs:372)
123.890680 [INFO ] NMEA $GLGSV,3,2,09,86,24,265,,87,21,307,,74,14,183,,72,07,300,*61 (pico_gnss pico-gnss-rs/src/main.rs:372)
123.923977 [INFO ] NMEA $GLGSV,3,3,09,85,02,208,*59 (pico_gnss pico-gnss-rs/src/main.rs:372)
123.974299 [INFO ] PPS count=125 interval_us=1000002 interval_ns=1000002432 state=Locked missed=0 (pico_gnss pico-gnss-rs/src/main.rs:161)
123.975820 [INFO ] PPSGEN count=125 interval_ns=1000002432 dev_ns=2432 phase_ns=1424162 (pico_gnss pico-gnss-rs/src/main.rs:246)
123.982927 [INFO ] NMEA $GNRMC,094036.000,A,0000.0000,N,00000.0000,E,0.71,87.62,080626,,,A*47 (pico_gnss pico-gnss-rs/src/main.rs:372)
123.985470 [INFO ] SYNC pps_local_us=123967901 unix_s=1780911636 drift_us=2 err_ns=29 holdover_ms=1999 (pico_gnss pico-gnss-rs/src/main.rs:403)
124.012241 [INFO ] NMEA $GPVTG,87.62,T,,M,0.71,N,1.32,K,A*00 (pico_gnss pico-gnss-rs/src/main.rs:372)
124.069908 [INFO ] NMEA $GPZDA,094036.000,08,06,2026,,*56 (pico_gnss pico-gnss-rs/src/main.rs:372)
124.099579 [INFO ] NMEA $GPGST,094036.000,8.6,20,15,84.8,15,20,28*71 (pico_gnss pico-gnss-rs/src/main.rs:372)
124.166698 [INFO ] TIME unix_ns=1780911636192442535 ppb=2418 holdover_ms=192 locked=1 (pico_gnss pico-gnss-rs/src/main.rs:195)
124.314169 [INFO ] NMEA $GPGGA,094037.000,0000.0000,N,00000.0000,E,1,8,1.26,40.0,M,39.0,M,,*61 (pico_gnss pico-gnss-rs/src/main.rs:372)
124.372531 [INFO ] NMEA $GNGLL,0000.0000,N,00000.0000,E,094037.000,A,A*49 (pico_gnss pico-gnss-rs/src/main.rs:372)
124.402207 [INFO ] NMEA $GNGSA,A,3,05,20,15,14,23,,,,,,,,1.54,1.26,0.89*1F (pico_gnss pico-gnss-rs/src/main.rs:372)
124.460501 [INFO ] NMEA $GNGSA,A,3,70,73,80,,,,,,,,,,1.54,1.26,0.89*13 (pico_gnss pico-gnss-rs/src/main.rs:372)
124.547898 [INFO ] NMEA $GPGSV,4,1,14,24,82,255,,15,62,049,28,23,47,317,16,20,38,069,19*7E (pico_gnss pico-gnss-rs/src/main.rs:372)
124.610662 [INFO ] NMEA $GPGSV,4,2,14,18,36,247,,05,30,140,18,22,18,053,13,12,15,165,18*7C (pico_gnss pico-gnss-rs/src/main.rs:372)
124.669207 [INFO ] NMEA $GPGSV,4,3,14,10,13,317,,14,09,040,16,21,02,136,17,193,,,*7A (pico_gnss pico-gnss-rs/src/main.rs:372)
124.698587 [INFO ] NMEA $GPGSV,4,4,14,194,,,,195,,,*7D (pico_gnss pico-gnss-rs/src/main.rs:372)
124.785905 [INFO ] NMEA $GLGSV,3,1,09,73,54,147,14,71,47,338,,80,43,051,25,70,40,071,27*6D (pico_gnss pico-gnss-rs/src/main.rs:372)
124.848578 [INFO ] NMEA $GLGSV,3,2,09,86,24,265,,87,21,307,,74,14,183,,72,07,300,*61 (pico_gnss pico-gnss-rs/src/main.rs:372)
124.877882 [INFO ] NMEA $GLGSV,3,3,09,85,02,208,*59 (pico_gnss pico-gnss-rs/src/main.rs:372)
124.936376 [INFO ] NMEA $GNRMC,094037.000,A,0000.0000,N,00000.0000,E,0.61,22.06,080626,,,A*45 (pico_gnss pico-gnss-rs/src/main.rs:372)
124.974378 [INFO ] PPS count=126 interval_us=1000002 interval_ns=1000002416 state=Locked missed=0 (pico_gnss pico-gnss-rs/src/main.rs:161)
124.975943 [INFO ] PPSGEN count=126 interval_ns=1000002448 dev_ns=2448 phase_ns=1590579 (pico_gnss pico-gnss-rs/src/main.rs:246)
124.994849 [INFO ] NMEA $GPVTG,22.06,T,,M,0.61,N,1.14,K,A*08 (pico_gnss pico-gnss-rs/src/main.rs:372)
125.023843 [INFO ] NMEA $GPZDA,094037.000,08,06,2026,,*57 (pico_gnss pico-gnss-rs/src/main.rs:372)
125.059113 [INFO ] NMEA $GPGST,094037.000,8.6,20,15,85.5,15,19,28*76 (pico_gnss pico-gnss-rs/src/main.rs:372)
125.167894 [INFO ] TIME unix_ns=1780911637193626115 ppb=2418 holdover_ms=1193 locked=1 (pico_gnss pico-gnss-rs/src/main.rs:195)
125.256984 [INFO ] NMEA $GPGGA,094038.000,0000.0000,N,00000.0000,E,1,8,1.26,39.9,M,39.0,M,,*67 (pico_gnss pico-gnss-rs/src/main.rs:372)
125.315325 [INFO ] NMEA $GNGLL,0000.0000,N,00000.0000,E,094038.000,A,A*48 (pico_gnss pico-gnss-rs/src/main.rs:372)
125.373773 [INFO ] NMEA $GNGSA,A,3,05,20,15,14,23,,,,,,,,1.54,1.26,0.89*1F (pico_gnss pico-gnss-rs/src/main.rs:372)
125.403369 [INFO ] NMEA $GNGSA,A,3,70,73,80,,,,,,,,,,1.54,1.26,0.89*13 (pico_gnss pico-gnss-rs/src/main.rs:372)
125.494804 [INFO ] NMEA $GPGSV,4,1,14,24,82,255,,15,62,049,28,23,47,317,16,20,38,069,19*7E (pico_gnss pico-gnss-rs/src/main.rs:372)
125.553478 [INFO ] NMEA $GPGSV,4,2,14,18,36,247,,05,30,140,18,22,17,052,14,12,15,165,18*75 (pico_gnss pico-gnss-rs/src/main.rs:372)
125.612007 [INFO ] NMEA $GPGSV,4,3,14,10,13,317,,14,09,040,16,21,02,136,17,193,,,*7A (pico_gnss pico-gnss-rs/src/main.rs:372)
125.641364 [INFO ] NMEA $GPGSV,4,4,14,194,,,,195,,,*7D (pico_gnss pico-gnss-rs/src/main.rs:372)
125.728711 [INFO ] NMEA $GLGSV,3,1,09,73,54,147,17,71,47,338,,80,43,051,25,70,40,071,27*6E (pico_gnss pico-gnss-rs/src/main.rs:372)
125.791397 [INFO ] NMEA $GLGSV,3,2,09,86,24,265,,87,21,307,,74,14,183,,72,07,300,*61 (pico_gnss pico-gnss-rs/src/main.rs:372)
125.820726 [INFO ] NMEA $GLGSV,3,3,09,85,02,208,*59 (pico_gnss pico-gnss-rs/src/main.rs:372)
125.908006 [INFO ] NMEA $GNRMC,094038.000,A,0000.0000,N,00000.0000,E,0.49,22.06,080626,,,A*4E (pico_gnss pico-gnss-rs/src/main.rs:372)
125.910590 [INFO ] SYNC pps_local_us=124967903 unix_s=1780911638 drift_us=2 err_ns=-1 holdover_ms=1000 (pico_gnss pico-gnss-rs/src/main.rs:403)
125.937701 [INFO ] NMEA $GPVTG,22.06,T,,M,0.49,N,0.91,K,A*0E (pico_gnss pico-gnss-rs/src/main.rs:372)
125.966764 [INFO ] NMEA $GPZDA,094038.000,08,06,2026,,*58 (pico_gnss pico-gnss-rs/src/main.rs:372)
125.974307 [INFO ] PPS count=127 interval_us=1000002 interval_ns=1000002432 state=Locked missed=0 (pico_gnss pico-gnss-rs/src/main.rs:161)
125.975866 [INFO ] PPSGEN count=127 interval_ns=1000002432 dev_ns=2432 phase_ns=1478579 (pico_gnss pico-gnss-rs/src/main.rs:246)
126.008635 [INFO ] NMEA $GPGST,094038.000,8.6,20,15,85.8,15,20,28*7E (pico_gnss pico-gnss-rs/src/main.rs:372)
126.169090 [INFO ] TIME unix_ns=1780911639194832111 ppb=2418 holdover_ms=1194 locked=1 (pico_gnss pico-gnss-rs/src/main.rs:195)
126.289997 [INFO ] NMEA $GPGGA,094039.000,0000.0000,N,00000.0000,E,1,8,1.26,39.8,M,39.0,M,,*6D (pico_gnss pico-gnss-rs/src/main.rs:372)
126.348348 [INFO ] NMEA $GNGLL,0000.0000,N,00000.0000,E,094039.000,A,A*43 (pico_gnss pico-gnss-rs/src/main.rs:372)
126.406737 [INFO ] NMEA $GNGSA,A,3,05,20,15,14,23,,,,,,,,1.54,1.26,0.89*1F (pico_gnss pico-gnss-rs/src/main.rs:372)
126.436290 [INFO ] NMEA $GNGSA,A,3,70,73,80,,,,,,,,,,1.54,1.26,0.89*13 (pico_gnss pico-gnss-rs/src/main.rs:372)
126.522670 [INFO ] NMEA $GPGSV,4,1,14,24,82,255,,15,62,049,28,23,48,317,16,20,38,069,19*71 (pico_gnss pico-gnss-rs/src/main.rs:372)
126.581318 [INFO ] NMEA $GPGSV,4,2,14,18,36,247,,05,30,140,18,22,17,052,11,12,15,165,18*70 (pico_gnss pico-gnss-rs/src/main.rs:372)
126.668639 [INFO ] NMEA $GPGSV,4,3,14,10,13,317,,14,09,040,16,21,02,136,17,193,,,*7A (pico_gnss pico-gnss-rs/src/main.rs:372)
126.698039 [INFO ] NMEA $GPGSV,4,4,14,194,,,,195,,,*7D (pico_gnss pico-gnss-rs/src/main.rs:372)
126.760700 [INFO ] NMEA $GLGSV,3,1,09,73,54,147,17,71,47,338,,80,43,051,25,70,40,071,27*6E (pico_gnss pico-gnss-rs/src/main.rs:372)
126.819230 [INFO ] NMEA $GLGSV,3,2,09,86,24,265,,87,21,307,,74,14,183,,72,07,300,*61 (pico_gnss pico-gnss-rs/src/main.rs:372)
126.848565 [INFO ] NMEA $GLGSV,3,3,09,85,02,208,*59 (pico_gnss pico-gnss-rs/src/main.rs:372)
126.935807 [INFO ] NMEA $GNRMC,094039.000,A,0000.0000,N,00000.0000,E,0.19,22.06,080626,,,A*40 (pico_gnss pico-gnss-rs/src/main.rs:372)
126.938378 [INFO ] SYNC pps_local_us=125967905 unix_s=1780911639 drift_us=2 err_ns=14 holdover_ms=1000 (pico_gnss pico-gnss-rs/src/main.rs:403)
126.965470 [INFO ] NMEA $GPVTG,22.06,T,,M,0.19,N,0.36,K,A*06 (pico_gnss pico-gnss-rs/src/main.rs:372)
126.974323 [INFO ] PPS count=128 interval_us=1000002 interval_ns=1000002432 state=Locked missed=0 (pico_gnss pico-gnss-rs/src/main.rs:161)
126.975781 [INFO ] PPSGEN count=128 interval_ns=1000002448 dev_ns=2448 phase_ns=1454579 (pico_gnss pico-gnss-rs/src/main.rs:246)
126.994855 [INFO ] NMEA $GPZDA,094039.000,08,06,2026,,*59 (pico_gnss pico-gnss-rs/src/main.rs:372)
127.042315 [INFO ] NMEA $GPGST,094039.000,8.6,19,14,86.3,14,19,28*77 (pico_gnss pico-gnss-rs/src/main.rs:372)
127.170296 [INFO ] TIME unix_ns=1780911640196009108 ppb=2418 holdover_ms=1196 locked=1 (pico_gnss pico-gnss-rs/src/main.rs:195)
127.237095 [INFO ] NMEA $GPGGA,094040.000,0000.0000,N,00000.0000,E,1,8,1.26,39.7,M,39.0,M,,*68 (pico_gnss pico-gnss-rs/src/main.rs:372)
127.295492 [INFO ] NMEA $GNGLL,0000.0000,N,00000.0000,E,094040.000,A,A*49 (pico_gnss pico-gnss-rs/src/main.rs:372)
127.353901 [INFO ] NMEA $GNGSA,A,3,05,20,15,14,23,,,,,,,,1.54,1.26,0.89*1F (pico_gnss pico-gnss-rs/src/main.rs:372)
127.405005 [INFO ] NMEA $GNGSA,A,3,70,73,80,,,,,,,,,,1.54,1.26,0.89*13 (pico_gnss pico-gnss-rs/src/main.rs:372)
127.463613 [INFO ] NMEA $GPGSV,4,1,14,24,82,261,,15,62,049,28,23,48,317,16,20,38,069,19*76 (pico_gnss pico-gnss-rs/src/main.rs:372)
127.551042 [INFO ] NMEA $GPGSV,4,2,14,18,36,247,,05,30,140,18,22,17,052,13,12,15,165,18*72 (pico_gnss pico-gnss-rs/src/main.rs:372)
127.609595 [INFO ] NMEA $GPGSV,4,3,14,10,13,317,,14,09,040,16,21,02,136,18,193,,,*75 (pico_gnss pico-gnss-rs/src/main.rs:372)
127.638980 [INFO ] NMEA $GPGSV,4,4,14,194,,,,195,,,*7D (pico_gnss pico-gnss-rs/src/main.rs:372)
127.701658 [INFO ] NMEA $GLGSV,3,1,09,73,54,147,17,71,47,338,,80,43,051,25,70,40,071,27*6E (pico_gnss pico-gnss-rs/src/main.rs:372)
127.760210 [INFO ] NMEA $GLGSV,3,2,09,86,24,265,,87,21,307,,74,14,183,,72,07,300,*61 (pico_gnss pico-gnss-rs/src/main.rs:372)
127.789518 [INFO ] NMEA $GLGSV,3,3,09,85,02,208,*59 (pico_gnss pico-gnss-rs/src/main.rs:372)
127.876884 [INFO ] NMEA $GNRMC,094040.000,A,0000.0000,N,00000.0000,E,1.33,222.95,080626,,,A*7B (pico_gnss pico-gnss-rs/src/main.rs:372)
127.879465 [INFO ] SYNC pps_local_us=126967908 unix_s=1780911640 drift_us=2 err_ns=14 holdover_ms=1000 (pico_gnss pico-gnss-rs/src/main.rs:403)
127.906578 [INFO ] NMEA $GPVTG,222.95,T,,M,1.33,N,2.46,K,A*32 (pico_gnss pico-gnss-rs/src/main.rs:372)
127.939643 [INFO ] NMEA $GPZDA,094040.000,08,06,2026,,*57 (pico_gnss pico-gnss-rs/src/main.rs:372)
127.974302 [INFO ] PPS count=129 interval_us=1000002 interval_ns=1000002416 state=Locked missed=0 (pico_gnss pico-gnss-rs/src/main.rs:161)
127.975782 [INFO ] PPSGEN count=129 interval_ns=1000002432 dev_ns=2432 phase_ns=1439579 (pico_gnss pico-gnss-rs/src/main.rs:246)
127.992135 [INFO ] NMEA $GPGST,094040.000,8.6,20,14,86.4,14,19,28*74 (pico_gnss pico-gnss-rs/src/main.rs:372)
128.171495 [INFO ] TIME unix_ns=1780911641197207105 ppb=2418 holdover_ms=1197 locked=1 (pico_gnss pico-gnss-rs/src/main.rs:195)
128.357050 [INFO ] NMEA $GPGGA,094041.000,0000.0000,N,00000.0000,E,1,8,1.26,39.7,M,39.0,M,,*63 (pico_gnss pico-gnss-rs/src/main.rs:372)
128.415366 [INFO ] NMEA $GNGLL,0000.0000,N,00000.0000,E,094041.000,A,A*42 (pico_gnss pico-gnss-rs/src/main.rs:372)
128.473742 [INFO ] NMEA $GNGSA,A,3,05,20,15,14,23,,,,,,,,1.54,1.26,0.89*1F (pico_gnss pico-gnss-rs/src/main.rs:372)
128.516686 [INFO ] NMEA $GNGSA,A,3,70,73,80,,,,,,,,,,1.54,1.26,0.89*13 (pico_gnss pico-gnss-rs/src/main.rs:372)
128.575325 [INFO ] NMEA $GPGSV,4,1,14,24,82,261,,15,62,049,28,23,48,317,16,20,38,069,19*76 (pico_gnss pico-gnss-rs/src/main.rs:372)
128.662707 [INFO ] NMEA $GPGSV,4,2,14,18,36,247,,05,30,140,18,22,17,052,,12,15,165,17*7F (pico_gnss pico-gnss-rs/src/main.rs:372)
128.721284 [INFO ] NMEA $GPGSV,4,3,14,10,13,317,,14,09,040,16,21,02,136,18,193,,,*75 (pico_gnss pico-gnss-rs/src/main.rs:372)
128.754685 [INFO ] NMEA $GPGSV,4,4,14,194,,,,195,,,*7D (pico_gnss pico-gnss-rs/src/main.rs:372)
128.813303 [INFO ] NMEA $GLGSV,3,1,09,73,54,147,17,71,47,338,,80,43,051,25,70,40,071,26*6F (pico_gnss pico-gnss-rs/src/main.rs:372)
128.900545 [INFO ] NMEA $GLGSV,3,2,09,86,24,265,,87,21,307,,74,14,183,,72,07,300,*61 (pico_gnss pico-gnss-rs/src/main.rs:372)
128.929800 [INFO ] NMEA $GLGSV,3,3,09,85,02,208,*59 (pico_gnss pico-gnss-rs/src/main.rs:372)
128.973513 [INFO ] PPSGEN count=130 interval_ns=998572992 dev_ns=-1427008 phase_ns=-926834 (pico_gnss pico-gnss-rs/src/main.rs:246)
128.974933 [INFO ] PPS count=130 interval_us=1000002 interval_ns=1000002416 state=Locked missed=0 (pico_gnss pico-gnss-rs/src/main.rs:161)
128.988695 [INFO ] NMEA $GNRMC,094041.000,A,0000.0000,N,00000.0000,E,0.87,220.63,080626,,,A*75 (pico_gnss pico-gnss-rs/src/main.rs:372)
128.991291 [INFO ] SYNC pps_local_us=128967913 unix_s=1780911641 drift_us=2 err_ns=-4 holdover_ms=2000 (pico_gnss pico-gnss-rs/src/main.rs:403)
129.021857 [INFO ] NMEA $GPVTG,220.63,T,,M,0.87,N,1.60,K,A*30 (pico_gnss pico-gnss-rs/src/main.rs:372)
129.079797 [INFO ] NMEA $GPZDA,094041.000,08,06,2026,,*56 (pico_gnss pico-gnss-rs/src/main.rs:372)
129.109489 [INFO ] NMEA $GPGST,094041.000,8.6,20,14,87.0,14,20,28*7A (pico_gnss pico-gnss-rs/src/main.rs:372)
129.172680 [INFO ] TIME unix_ns=1780911641197760522 ppb=2418 holdover_ms=197 locked=1 (pico_gnss pico-gnss-rs/src/main.rs:195)
129.305035 [INFO ] NMEA $GPGGA,094042.000,0000.0000,N,00000.0000,E,1,8,1.26,39.6,M,39.0,M,,*64 (pico_gnss pico-gnss-rs/src/main.rs:372)
129.363364 [INFO ] NMEA $GNGLL,0000.0000,N,00000.0000,E,094042.000,A,A*44 (pico_gnss pico-gnss-rs/src/main.rs:372)
129.400160 [INFO ] NMEA $GNGSA,A,3,05,20,15,14,23,,,,,,,,1.54,1.26,0.89*1F (pico_gnss pico-gnss-rs/src/main.rs:372)
129.458507 [INFO ] NMEA $GNGSA,A,3,70,73,80,,,,,,,,,,1.54,1.26,0.89*13 (pico_gnss pico-gnss-rs/src/main.rs:372)
129.545869 [INFO ] NMEA $GPGSV,4,1,14,24,82,261,,15,62,049,28,23,48,317,16,20,38,069,18*77 (pico_gnss pico-gnss-rs/src/main.rs:372)
129.604529 [INFO ] NMEA $GPGSV,4,2,14,18,36,247,,05,30,140,18,22,17,052,,12,15,165,17*7F (pico_gnss pico-gnss-rs/src/main.rs:372)
129.667165 [INFO ] NMEA $GPGSV,4,3,14,10,13,317,,14,09,040,17,21,02,136,18,193,,,*74 (pico_gnss pico-gnss-rs/src/main.rs:372)
129.696563 [INFO ] NMEA $GPGSV,4,4,14,194,,,,195,,,*7D (pico_gnss pico-gnss-rs/src/main.rs:372)
129.783880 [INFO ] NMEA $GLGSV,3,1,09,73,54,147,18,71,47,338,,80,43,051,25,70,40,071,26*60 (pico_gnss pico-gnss-rs/src/main.rs:372)
129.842452 [INFO ] NMEA $GLGSV,3,2,09,86,24,265,,87,21,307,,74,14,183,,72,07,300,*61 (pico_gnss pico-gnss-rs/src/main.rs:372)
129.871753 [INFO ] NMEA $GLGSV,3,3,09,85,02,208,*59 (pico_gnss pico-gnss-rs/src/main.rs:372)
129.934360 [INFO ] NMEA $GNRMC,094042.000,A,0000.0000,N,00000.0000,E,1.51,158.37,080626,,,A*74 (pico_gnss pico-gnss-rs/src/main.rs:372)
129.973594 [INFO ] PPSGEN count=131 interval_ns=1000002432 dev_ns=2432 phase_ns=-1547414 (pico_gnss pico-gnss-rs/src/main.rs:246)
129.975001 [INFO ] PPS count=131 interval_us=1000002 interval_ns=1000002416 state=Locked missed=0 (pico_gnss pico-gnss-rs/src/main.rs:161)
129.992793 [INFO ] NMEA $GPVTG,158.37,T,,M,1.51,N,2.80,K,A*3A (pico_gnss pico-gnss-rs/src/main.rs:372)
130.021870 [INFO ] NMEA $GPZDA,094042.000,08,06,2026,,*55 (pico_gnss pico-gnss-rs/src/main.rs:372)
130.057103 [INFO ] NMEA $GPGST,094042.000,8.6,20,14,87.5,14,20,28*7C (pico_gnss pico-gnss-rs/src/main.rs:372)
130.173876 [INFO ] TIME unix_ns=1780911642198927101 ppb=2418 holdover_ms=1198 locked=1 (pico_gnss pico-gnss-rs/src/main.rs:195)
130.265017 [INFO ] NMEA $GPGGA,094043.000,0000.0000,N,00000.0000,E,1,8,1.26,39.6,M,39.0,M,,*66 (pico_gnss pico-gnss-rs/src/main.rs:372)
130.324355 [INFO ] NMEA $GNGLL,0000.0000,N,00000.0000,E,094043.000,A,A*46 (pico_gnss pico-gnss-rs/src/main.rs:372)
130.382795 [INFO ] NMEA $GNGSA,A,3,05,20,15,14,23,,,,,,,,1.54,1.26,0.89*1F (pico_gnss pico-gnss-rs/src/main.rs:372)
130.412402 [INFO ] NMEA $GNGSA,A,3,70,73,80,,,,,,,,,,1.54,1.26,0.89*13 (pico_gnss pico-gnss-rs/src/main.rs:372)
130.499734 [INFO ] NMEA $GPGSV,4,1,14,24,82,261,,15,62,049,28,23,48,317,15,20,38,069,18*74 (pico_gnss pico-gnss-rs/src/main.rs:372)
130.558341 [INFO ] NMEA $GPGSV,4,2,14,18,36,247,,05,30,140,18,22,17,052,,12,15,165,17*7F (pico_gnss pico-gnss-rs/src/main.rs:372)
130.620989 [INFO ] NMEA $GPGSV,4,3,14,10,13,317,,14,09,040,17,21,02,136,18,193,,,*74 (pico_gnss pico-gnss-rs/src/main.rs:372)
130.650380 [INFO ] NMEA $GPGSV,4,4,14,194,,,,195,,,*7D (pico_gnss pico-gnss-rs/src/main.rs:372)
130.737709 [INFO ] NMEA $GLGSV,3,1,09,73,54,147,18,71,47,338,,80,43,051,25,70,40,071,26*60 (pico_gnss pico-gnss-rs/src/main.rs:372)
130.796310 [INFO ] NMEA $GLGSV,3,2,09,86,24,265,,87,21,307,,74,14,183,,72,07,300,*61 (pico_gnss pico-gnss-rs/src/main.rs:372)
130.825579 [INFO ] NMEA $GLGSV,3,3,09,85,02,208,*59 (pico_gnss pico-gnss-rs/src/main.rs:372)
130.888287 [INFO ] NMEA $GNRMC,094043.000,A,0000.0000,N,00000.0000,E,0.72,111.92,080626,,,A*74 (pico_gnss pico-gnss-rs/src/main.rs:372)
130.890869 [INFO ] SYNC pps_local_us=129967915 unix_s=1780911643 drift_us=2 err_ns=-2 holdover_ms=1000 (pico_gnss pico-gnss-rs/src/main.rs:403)
130.946480 [INFO ] NMEA $GPVTG,111.92,T,,M,0.72,N,1.34,K,A*34 (pico_gnss pico-gnss-rs/src/main.rs:372)
130.973464 [INFO ] PPSGEN count=132 interval_ns=1000002448 dev_ns=2448 phase_ns=-1614414 (pico_gnss pico-gnss-rs/src/main.rs:246)
130.974823 [INFO ] PPS count=132 interval_us=1000002 interval_ns=1000002432 state=Locked missed=0 (pico_gnss pico-gnss-rs/src/main.rs:161)
130.976696 [INFO ] NMEA $GPZDA,094043.000,08,06,2026,,*54 (pico_gnss pico-gnss-rs/src/main.rs:372)
131.017337 [INFO ] NMEA $GPGST,094043.000,8.7,20,14,87.8,14,20,29*70 (pico_gnss pico-gnss-rs/src/main.rs:372)
131.175093 [INFO ] TIME unix_ns=1780911644200081098 ppb=2419 holdover_ms=1200 locked=1 (pico_gnss pico-gnss-rs/src/main.rs:195)
131.372012 [INFO ] NMEA $GPGGA,094044.000,0000.0000,N,00000.0000,E,1,8,1.26,39.5,M,39.0,M,,*65 (pico_gnss pico-gnss-rs/src/main.rs:372)
131.425206 [INFO ] NMEA $GNGLL,0000.0000,N,00000.0000,E,094044.000,A,A*46 (pico_gnss pico-gnss-rs/src/main.rs:372)
131.483605 [INFO ] NMEA $GNGSA,A,3,05,20,15,14,23,,,,,,,,1.54,1.26,0.89*1F (pico_gnss pico-gnss-rs/src/main.rs:372)
131.541944 [INFO ] NMEA $GNGSA,A,3,70,73,80,,,,,,,,,,1.54,1.26,0.89*13 (pico_gnss pico-gnss-rs/src/main.rs:372)
131.600571 [INFO ] NMEA $GPGSV,4,1,14,24,82,261,,15,62,049,28,23,48,317,16,20,38,069,18*77 (pico_gnss pico-gnss-rs/src/main.rs:372)
131.663274 [INFO ] NMEA $GPGSV,4,2,14,18,36,247,,05,30,140,18,22,17,052,,12,15,165,17*7F (pico_gnss pico-gnss-rs/src/main.rs:372)
131.721880 [INFO ] NMEA $GPGSV,4,3,14,10,13,317,,14,09,040,17,21,02,136,19,193,,,*75 (pico_gnss pico-gnss-rs/src/main.rs:372)
131.779948 [INFO ] NMEA $GPGSV,4,4,14,194,,,,195,,,*7D (pico_gnss pico-gnss-rs/src/main.rs:372)
131.838598 [INFO ] NMEA $GLGSV,3,1,09,73,54,147,18,71,47,338,,80,43,051,25,70,40,071,26*60 (pico_gnss pico-gnss-rs/src/main.rs:372)
131.897084 [INFO ] NMEA $GLGSV,3,2,09,86,24,265,,87,21,307,,74,14,183,,72,07,300,*61 (pico_gnss pico-gnss-rs/src/main.rs:372)
131.930345 [INFO ] NMEA $GLGSV,3,3,09,85,02,208,*59 (pico_gnss pico-gnss-rs/src/main.rs:372)
131.973527 [INFO ] PPSGEN count=133 interval_ns=1000002432 dev_ns=2432 phase_ns=-1616833 (pico_gnss pico-gnss-rs/src/main.rs:246)
131.974912 [INFO ] PPS count=133 interval_us=1000002 interval_ns=1000002416 state=Locked missed=0 (pico_gnss pico-gnss-rs/src/main.rs:161)
132.017729 [INFO ] NMEA $GNRMC,094044.000,A,0000.0000,N,00000.0000,E,0.77,52.51,080626,,,A*48 (pico_gnss pico-gnss-rs/src/main.rs:372)
132.020317 [INFO ] SYNC pps_local_us=131967920 unix_s=1780911644 drift_us=2 err_ns=11 holdover_ms=1999 (pico_gnss pico-gnss-rs/src/main.rs:403)
132.047294 [INFO ] NMEA $GPVTG,52.51,T,,M,0.77,N,1.42,K,A*09 (pico_gnss pico-gnss-rs/src/main.rs:372)
132.076357 [INFO ] NMEA $GPZDA,094044.000,08,06,2026,,*53 (pico_gnss pico-gnss-rs/src/main.rs:372)
132.122076 [INFO ] NMEA $GPGST,094044.000,8.7,19,14,87.4,14,19,28*7A (pico_gnss pico-gnss-rs/src/main.rs:372)
132.176294 [INFO ] TIME unix_ns=1780911644201381513 ppb=2419 holdover_ms=201 locked=1 (pico_gnss pico-gnss-rs/src/main.rs:195)
132.354703 [INFO ] NMEA $GPGGA,094045.000,0000.0000,N,00000.0000,E,1,8,1.26,39.6,M,39.0,M,,*68 (pico_gnss pico-gnss-rs/src/main.rs:372)
132.413052 [INFO ] NMEA $GNGLL,0000.0000,N,00000.0000,E,094045.000,A,A*48 (pico_gnss pico-gnss-rs/src/main.rs:372)
132.471416 [INFO ] NMEA $GNGSA,A,3,05,20,15,14,23,,,,,,,,1.54,1.26,0.89*1F (pico_gnss pico-gnss-rs/src/main.rs:372)
132.529781 [INFO ] NMEA $GNGSA,A,3,70,73,80,,,,,,,,,,1.54,1.26,0.89*13 (pico_gnss pico-gnss-rs/src/main.rs:372)
132.588386 [INFO ] NMEA $GPGSV,4,1,14,24,82,261,,15,62,049,28,23,48,317,16,20,38,069,18*77 (pico_gnss pico-gnss-rs/src/main.rs:372)
132.651105 [INFO ] NMEA $GPGSV,4,2,14,18,36,247,,05,30,140,18,22,17,052,,12,15,165,17*7F (pico_gnss pico-gnss-rs/src/main.rs:372)
132.738424 [INFO ] NMEA $GPGSV,4,3,14,10,13,317,,14,09,040,17,21,02,136,19,193,,,*75 (pico_gnss pico-gnss-rs/src/main.rs:372)
132.767804 [INFO ] NMEA $GPGSV,4,4,14,194,,,,195,,,*7D (pico_gnss pico-gnss-rs/src/main.rs:372)
132.826351 [INFO ] NMEA $GLGSV,3,1,09,73,54,147,18,71,47,338,,80,43,051,25,70,40,071,27*61 (pico_gnss pico-gnss-rs/src/main.rs:372)
132.888996 [INFO ] NMEA $GLGSV,3,2,09,86,24,265,,87,21,307,,74,14,183,,72,07,300,*61 (pico_gnss pico-gnss-rs/src/main.rs:372)
132.918266 [INFO ] NMEA $GLGSV,3,3,09,85,02,208,*59 (pico_gnss pico-gnss-rs/src/main.rs:372)
132.973525 [INFO ] PPSGEN count=134 interval_ns=1000002448 dev_ns=2448 phase_ns=-1534414 (pico_gnss pico-gnss-rs/src/main.rs:246)
132.974903 [INFO ] PPS count=134 interval_us=1000002 interval_ns=1000002416 state=Locked missed=0 (pico_gnss pico-gnss-rs/src/main.rs:161)
133.005611 [INFO ] NMEA $GNRMC,094045.000,A,0000.0000,N,00000.0000,E,0.38,52.51,080626,,,A*4D (pico_gnss pico-gnss-rs/src/main.rs:372)
133.008201 [INFO ] SYNC pps_local_us=132967922 unix_s=1780911645 drift_us=2 err_ns=-2 holdover_ms=999 (pico_gnss pico-gnss-rs/src/main.rs:403)
133.035182 [INFO ] NMEA $GPVTG,52.51,T,,M,0.38,N,0.71,K,A*03 (pico_gnss pico-gnss-rs/src/main.rs:372)
133.064214 [INFO ] NMEA $GPZDA,094045.000,08,06,2026,,*52 (pico_gnss pico-gnss-rs/src/main.rs:372)
133.114121 [INFO ] NMEA $GPGST,094045.000,8.7,19,14,87.3,14,19,28*7C (pico_gnss pico-gnss-rs/src/main.rs:372)
133.177487 [INFO ] TIME unix_ns=1780911645202588511 ppb=2419 holdover_ms=202 locked=1 (pico_gnss pico-gnss-rs/src/main.rs:195)
133.315703 [INFO ] NMEA $GPGGA,094046.000,0000.0000,N,00000.0000,E,1,8,1.26,39.5,M,39.0,M,,*69 (pico_gnss pico-gnss-rs/src/main.rs:372)
133.374025 [INFO ] NMEA $GNGLL,0000.0000,N,00000.0000,E,094046.000,A,A*4A (pico_gnss pico-gnss-rs/src/main.rs:372)
133.432427 [INFO ] NMEA $GNGSA,A,3,05,20,15,14,23,,,,,,,,1.54,1.26,0.89*1F (pico_gnss pico-gnss-rs/src/main.rs:372)
133.490733 [INFO ] NMEA $GNGSA,A,3,70,73,80,,,,,,,,,,1.54,1.26,0.89*13 (pico_gnss pico-gnss-rs/src/main.rs:372)
133.553494 [INFO ] NMEA $GPGSV,4,1,14,24,82,261,,15,62,049,28,23,48,317,16,20,38,069,18*77 (pico_gnss pico-gnss-rs/src/main.rs:372)
133.640875 [INFO ] NMEA $GPGSV,4,2,14,18,36,247,,05,30,140,18,22,17,052,,12,15,165,17*7F (pico_gnss pico-gnss-rs/src/main.rs:372)
133.699472 [INFO ] NMEA $GPGSV,4,3,14,10,13,317,,14,09,040,16,21,02,136,19,193,,,*74 (pico_gnss pico-gnss-rs/src/main.rs:372)
133.728811 [INFO ] NMEA $GPGSV,4,4,14,194,,,,195,,,*7D (pico_gnss pico-gnss-rs/src/main.rs:372)
133.787391 [INFO ] NMEA $GLGSV,3,1,09,73,54,147,18,71,47,338,,80,43,051,25,70,40,071,27*61 (pico_gnss pico-gnss-rs/src/main.rs:372)
133.850044 [INFO ] NMEA $GLGSV,3,2,09,86,24,265,,87,21,307,,74,14,183,,72,07,300,*61 (pico_gnss pico-gnss-rs/src/main.rs:372)
133.879351 [INFO ] NMEA $GLGSV,3,3,09,85,02,208,*59 (pico_gnss pico-gnss-rs/src/main.rs:372)
133.966568 [INFO ] NMEA $GNRMC,094046.000,A,0000.0000,N,00000.0000,E,1.10,142.91,080626,,,A*78 (pico_gnss pico-gnss-rs/src/main.rs:372)
133.973666 [INFO ] PPSGEN count=135 interval_ns=1000002432 dev_ns=2432 phase_ns=-1477414 (pico_gnss pico-gnss-rs/src/main.rs:246)
133.975051 [INFO ] PPS count=135 interval_us=1000002 interval_ns=1000002432 state=Locked missed=0 (pico_gnss pico-gnss-rs/src/main.rs:161)
133.996351 [INFO ] NMEA $GPVTG,142.91,T,,M,1.10,N,2.04,K,A*34 (pico_gnss pico-gnss-rs/src/main.rs:372)
134.053948 [INFO ] NMEA $GPZDA,094046.000,08,06,2026,,*51 (pico_gnss pico-gnss-rs/src/main.rs:372)
134.081785 [INFO ] NMEA $GPGST,094046.000,8.7,19,14,87.2,14,19,29*7F (pico_gnss pico-gnss-rs/src/main.rs:372)
134.178690 [INFO ] TIME unix_ns=1780911646203768089 ppb=2419 holdover_ms=1203 locked=1 (pico_gnss pico-gnss-rs/src/main.rs:195)
134.289173 [INFO ] NMEA $GPGGA,094047.000,0000.0000,N,00000.0000,E,1,8,1.26,39.5,M,39.0,M,,*68 (pico_gnss pico-gnss-rs/src/main.rs:372)
134.347533 [INFO ] NMEA $GNGLL,0000.0000,N,00000.0000,E,094047.000,A,A*4B (pico_gnss pico-gnss-rs/src/main.rs:372)
134.405924 [INFO ] NMEA $GNGSA,A,3,05,20,15,14,23,,,,,,,,1.54,1.26,0.89*1F (pico_gnss pico-gnss-rs/src/main.rs:372)
134.435495 [INFO ] NMEA $GNGSA,A,3,70,73,80,,,,,,,,,,1.54,1.26,0.89*13 (pico_gnss pico-gnss-rs/src/main.rs:372)
134.507444 [INFO ] NMEA $GPGSV,4,1,14,24,82,261,,15,62,049,29,23,48,317,16,20,38,069,18*76 (pico_gnss pico-gnss-rs/src/main.rs:372)
134.594829 [INFO ] NMEA $GPGSV,4,2,14,18,36,247,,05,30,140,18,22,17,052,,12,15,165,17*7F (pico_gnss pico-gnss-rs/src/main.rs:372)
134.653398 [INFO ] NMEA $GPGSV,4,3,14,10,13,317,,14,09,040,16,21,02,136,19,193,,,*74 (pico_gnss pico-gnss-rs/src/main.rs:372)
134.682723 [INFO ] NMEA $GPGSV,4,4,14,194,,,,195,,,*7D (pico_gnss pico-gnss-rs/src/main.rs:372)
134.745422 [INFO ] NMEA $GLGSV,3,1,09,73,54,147,18,71,47,338,,80,43,051,25,70,40,071,27*61 (pico_gnss pico-gnss-rs/src/main.rs:372)
134.832752 [INFO ] NMEA $GLGSV,3,2,09,86,24,265,,87,21,307,,74,14,183,,72,07,300,*61 (pico_gnss pico-gnss-rs/src/main.rs:372)
134.862087 [INFO ] NMEA $GLGSV,3,3,09,85,02,208,*59 (pico_gnss pico-gnss-rs/src/main.rs:372)
134.920597 [INFO ] NMEA $GNRMC,094047.000,A,0000.0000,N,00000.0000,E,0.55,142.91,080626,,,A*79 (pico_gnss pico-gnss-rs/src/main.rs:372)
134.923167 [INFO ] SYNC pps_local_us=133967925 unix_s=1780911647 drift_us=2 err_ns=14 holdover_ms=1000 (pico_gnss pico-gnss-rs/src/main.rs:403)
134.973509 [INFO ] PPSGEN count=136 interval_ns=1000002448 dev_ns=2448 phase_ns=-1669414 (pico_gnss pico-gnss-rs/src/main.rs:246)
134.974861 [INFO ] PPS count=136 interval_us=1000002 interval_ns=1000002416 state=Locked missed=0 (pico_gnss pico-gnss-rs/src/main.rs:161)
134.979069 [INFO ] NMEA $GPVTG,142.91,T,,M,0.55,N,1.01,K,A*32 (pico_gnss pico-gnss-rs/src/main.rs:372)
135.012080 [INFO ] NMEA $GPZDA,094047.000,08,06,2026,,*50 (pico_gnss pico-gnss-rs/src/main.rs:372)
135.041788 [INFO ] NMEA $GPGST,094047.000,8.7,19,14,87.3,14,19,27*71 (pico_gnss pico-gnss-rs/src/main.rs:372)
135.179918 [INFO ] TIME unix_ns=1780911648204815086 ppb=2419 holdover_ms=1204 locked=1 (pico_gnss pico-gnss-rs/src/main.rs:195)
135.236167 [INFO ] NMEA $GPGGA,094048.000,0000.0000,N,00000.0000,E,1,8,1.26,39.4,M,39.0,M,,*67 (pico_gnss pico-gnss-rs/src/main.rs:372)
135.294449 [INFO ] NMEA $GNGLL,0000.0000,N,00000.0000,E,094048.000,A,A*45 (pico_gnss pico-gnss-rs/src/main.rs:372)
135.352848 [INFO ] NMEA $GNGSA,A,3,05,20,15,14,23,,,,,,,,1.54,1.26,0.89*1F (pico_gnss pico-gnss-rs/src/main.rs:372)
135.389589 [INFO ] NMEA $GNGSA,A,3,70,73,80,,,,,,,,,,1.54,1.26,0.89*13 (pico_gnss pico-gnss-rs/src/main.rs:372)
135.476998 [INFO ] NMEA $GPGSV,4,1,14,24,82,261,,15,62,049,29,23,48,317,16,20,38,069,18*76 (pico_gnss pico-gnss-rs/src/main.rs:372)
135.535619 [INFO ] NMEA $GPGSV,4,2,14,18,36,247,,05,30,140,18,22,17,052,,12,15,165,17*7F (pico_gnss pico-gnss-rs/src/main.rs:372)
135.594171 [INFO ] NMEA $GPGSV,4,3,14,10,13,317,,14,09,040,16,21,02,136,19,193,,,*74 (pico_gnss pico-gnss-rs/src/main.rs:372)
135.623537 [INFO ] NMEA $GPGSV,4,4,14,194,,,,195,,,*7D (pico_gnss pico-gnss-rs/src/main.rs:372)
135.714958 [INFO ] NMEA $GLGSV,3,1,09,73,54,147,18,71,47,338,,80,43,051,25,70,40,071,27*61 (pico_gnss pico-gnss-rs/src/main.rs:372)
135.773560 [INFO ] NMEA $GLGSV,3,2,09,86,24,265,,87,21,307,,74,14,183,,72,07,300,*61 (pico_gnss pico-gnss-rs/src/main.rs:372)
135.802876 [INFO ] NMEA $GLGSV,3,3,09,85,02,208,*59 (pico_gnss pico-gnss-rs/src/main.rs:372)
135.861473 [INFO ] NMEA $GNRMC,094048.000,A,0000.0000,N,00000.0000,E,0.10,142.91,080626,,,A*76 (pico_gnss pico-gnss-rs/src/main.rs:372)
135.864015 [INFO ] SYNC pps_local_us=134967927 unix_s=1780911648 drift_us=2 err_ns=-2 holdover_ms=999 (pico_gnss pico-gnss-rs/src/main.rs:403)
135.923705 [INFO ] NMEA $GPVTG,142.91,T,,M,0.10,N,0.18,K,A*3A (pico_gnss pico-gnss-rs/src/main.rs:372)
135.953049 [INFO ] NMEA $GPZDA,094048.000,08,06,2026,,*5F (pico_gnss pico-gnss-rs/src/main.rs:372)
135.973467 [INFO ] PPSGEN count=137 interval_ns=1000002432 dev_ns=2432 phase_ns=-1487415 (pico_gnss pico-gnss-rs/src/main.rs:246)
135.974820 [INFO ] PPS count=137 interval_us=1000002 interval_ns=1000002416 state=Locked missed=0 (pico_gnss pico-gnss-rs/src/main.rs:161)
135.988420 [INFO ] NMEA $GPGST,094048.000,8.6,19,13,87.4,13,19,28*77 (pico_gnss pico-gnss-rs/src/main.rs:372)
136.181134 [INFO ] TIME unix_ns=1780911649206247083 ppb=2419 holdover_ms=1206 locked=1 (pico_gnss pico-gnss-rs/src/main.rs:195)
136.343074 [INFO ] NMEA $GPGGA,094049.000,0000.0000,N,00000.0000,E,1,8,1.26,39.2,M,39.0,M,,*67 (pico_gnss pico-gnss-rs/src/main.rs:372)
136.401433 [INFO ] NMEA $GNGLL,0000.0000,N,00000.0000,E,094049.000,A,A*43 (pico_gnss pico-gnss-rs/src/main.rs:372)
136.460819 [INFO ] NMEA $GNGSA,A,3,05,20,15,14,23,,,,,,,,1.54,1.26,0.89*1F (pico_gnss pico-gnss-rs/src/main.rs:372)
136.490453 [INFO ] NMEA $GNGSA,A,3,70,73,80,,,,,,,,,,1.54,1.26,0.89*13 (pico_gnss pico-gnss-rs/src/main.rs:372)
136.577806 [INFO ] NMEA $GPGSV,4,1,14,24,82,261,,15,62,049,29,23,48,317,16,20,38,069,18*76 (pico_gnss pico-gnss-rs/src/main.rs:372)
136.636391 [INFO ] NMEA $GPGSV,4,2,14,18,36,247,,05,30,140,19,22,17,052,,12,15,165,17*7E (pico_gnss pico-gnss-rs/src/main.rs:372)
136.694965 [INFO ] NMEA $GPGSV,4,3,14,10,13,317,,14,09,040,16,21,02,136,19,193,,,*74 (pico_gnss pico-gnss-rs/src/main.rs:372)
136.728422 [INFO ] NMEA $GPGSV,4,4,14,194,,,,195,,,*7D (pico_gnss pico-gnss-rs/src/main.rs:372)
136.815848 [INFO ] NMEA $GLGSV,3,1,09,73,54,147,18,71,47,338,,80,43,051,25,70,40,071,27*61 (pico_gnss pico-gnss-rs/src/main.rs:372)
136.874383 [INFO ] NMEA $GLGSV,3,2,09,86,24,265,,87,21,307,,74,14,183,,72,07,300,*61 (pico_gnss pico-gnss-rs/src/main.rs:372)
136.903621 [INFO ] NMEA $GLGSV,3,3,09,85,02,208,*59 (pico_gnss pico-gnss-rs/src/main.rs:372)
136.974522 [INFO ] PPSGEN count=138 interval_ns=1000978816 dev_ns=978816 phase_ns=-496836 (pico_gnss pico-gnss-rs/src/main.rs:246)
136.975665 [INFO ] PPS count=138 interval_us=1000002 interval_ns=1000002416 state=Locked missed=0 (pico_gnss pico-gnss-rs/src/main.rs:161)
136.991177 [INFO ] NMEA $GNRMC,094049.000,A,0000.0000,N,00000.0000,E,0.76,282.63,080626,,,A*72 (pico_gnss pico-gnss-rs/src/main.rs:372)
136.993752 [INFO ] SYNC pps_local_us=136967932 unix_s=1780911649 drift_us=2 err_ns=-5 holdover_ms=2000 (pico_gnss pico-gnss-rs/src/main.rs:403)
137.024406 [INFO ] NMEA $GPVTG,282.63,T,,M,0.76,N,1.42,K,A*36 (pico_gnss pico-gnss-rs/src/main.rs:372)
137.053713 [INFO ] NMEA $GPZDA,094049.000,08,06,2026,,*5E (pico_gnss pico-gnss-rs/src/main.rs:372)
137.095252 [INFO ] NMEA $GPGST,094049.000,8.6,19,13,87.4,13,19,28*76 (pico_gnss pico-gnss-rs/src/main.rs:372)
137.182323 [INFO ] TIME unix_ns=1780911649206638501 ppb=2419 holdover_ms=206 locked=1 (pico_gnss pico-gnss-rs/src/main.rs:195)
137.305962 [INFO ] NMEA $GPGGA,094050.000,0000.0000,N,00000.0000,E,1,8,1.26,39.2,M,39.0,M,,*64 (pico_gnss pico-gnss-rs/src/main.rs:372)
137.364298 [INFO ] NMEA $GNGLL,0000.0000,N,00000.0000,E,094050.000,A,A*40 (pico_gnss pico-gnss-rs/src/main.rs:372)
137.417551 [INFO ] NMEA $GNGSA,A,3,05,20,15,14,23,,,,,,,,1.54,1.26,0.89*1F (pico_gnss pico-gnss-rs/src/main.rs:372)
137.448905 [INFO ] PPSGEN count=139 interval_ns=474408464 dev_ns=-525591536 phase_ns=473071856 (pico_gnss pico-gnss-rs/src/main.rs:246)
137.476218 [INFO ] NMEA $GNGSA,A,3,70,73,80,,,,,,,,,,1.54,1.26,0.89*13 (pico_gnss pico-gnss-rs/src/main.rs:372)
137.534533 [INFO ] NMEA $GPGSV,4,1,14,24,82,261,,15,62,049,29,23,48,317,16,20,38,069,18*76 (pico_gnss pico-gnss-rs/src/main.rs:372)
137.593143 [INFO ] NMEA $GPGSV,4,2,14,18,36,247,,05,30,140,19,22,17,052,,12,15,165,17*7E (pico_gnss pico-gnss-rs/src/main.rs:372)
137.655796 [INFO ] NMEA $GPGSV,4,3,14,10,13,317,,14,09,040,16,21,02,136,19,193,,,*74 (pico_gnss pico-gnss-rs/src/main.rs:372)
137.713875 [INFO ] NMEA $GPGSV,4,4,14,194,,,,195,,,*7D (pico_gnss pico-gnss-rs/src/main.rs:372)
137.772523 [INFO ] NMEA $GLGSV,3,1,09,73,54,147,18,71,47,338,,80,43,051,25,70,40,071,26*60 (pico_gnss pico-gnss-rs/src/main.rs:372)
137.831061 [INFO ] NMEA $GLGSV,3,2,09,86,24,265,,87,21,307,,74,14,183,,72,07,300,*61 (pico_gnss pico-gnss-rs/src/main.rs:372)
137.860388 [INFO ] NMEA $GLGSV,3,3,09,85,02,208,*59 (pico_gnss pico-gnss-rs/src/main.rs:372)
137.951713 [INFO ] NMEA $GNRMC,094050.000,A,0000.0000,N,00000.0000,E,1.10,192.95,080626,,,A*7B (pico_gnss pico-gnss-rs/src/main.rs:372)
137.974569 [INFO ] PPSGEN count=140 interval_ns=525593968 dev_ns=-474406032 phase_ns=-1253415 (pico_gnss pico-gnss-rs/src/main.rs:246)
137.975778 [INFO ] PPS count=139 interval_us=1000002 interval_ns=1000002416 state=Locked missed=0 (pico_gnss pico-gnss-rs/src/main.rs:161)
137.981519 [INFO ] NMEA $GPVTG,192.95,T,,M,1.10,N,2.03,K,A*3A (pico_gnss pico-gnss-rs/src/main.rs:372)
138.010494 [INFO ] NMEA $GPZDA,094050.000,08,06,2026,,*56 (pico_gnss pico-gnss-rs/src/main.rs:372)
138.058290 [INFO ] NMEA $GPGST,094050.000,8.6,19,13,87.2,13,19,28*78 (pico_gnss pico-gnss-rs/src/main.rs:372)
138.183520 [INFO ] TIME unix_ns=1780911650207809079 ppb=2419 holdover_ms=1207 locked=1 (pico_gnss pico-gnss-rs/src/main.rs:195)
138.337991 [INFO ] NMEA $GPGGA,094051.000,0000.0000,N,00000.0000,E,1,8,1.26,39.2,M,39.0,M,,*6E (pico_gnss pico-gnss-rs/src/main.rs:372)
138.385063 [INFO ] NMEA $GNGLL,0000.0000,N,00000.0000,E,094051.000,A,A*4A (pico_gnss pico-gnss-rs/src/main.rs:372)
138.443409 [INFO ] NMEA $GNGSA,A,3,05,20,15,14,23,,,,,,,,1.54,1.26,0.89*1F (pico_gnss pico-gnss-rs/src/main.rs:372)
138.501773 [INFO ] NMEA $GNGSA,A,3,70,73,80,,,,,,,,,,1.54,1.26,0.89*13 (pico_gnss pico-gnss-rs/src/main.rs:372)
138.560378 [INFO ] NMEA $GPGSV,4,1,14,24,82,261,,15,62,049,29,23,48,317,15,20,38,069,18*75 (pico_gnss pico-gnss-rs/src/main.rs:372)
138.647703 [INFO ] NMEA $GPGSV,4,2,14,18,36,247,,05,30,140,19,22,17,052,,12,15,165,17*7E (pico_gnss pico-gnss-rs/src/main.rs:372)
138.710425 [INFO ] NMEA $GPGSV,4,3,14,10,13,317,,14,09,040,16,21,02,136,19,193,,,*74 (pico_gnss pico-gnss-rs/src/main.rs:372)
138.739814 [INFO ] NMEA $GPGSV,4,4,14,194,,,,195,,,*7D (pico_gnss pico-gnss-rs/src/main.rs:372)
138.798362 [INFO ] NMEA $GLGSV,3,1,09,73,54,147,18,71,47,338,,80,43,051,25,70,40,071,26*60 (pico_gnss pico-gnss-rs/src/main.rs:372)
138.856931 [INFO ] NMEA $GLGSV,3,2,09,86,24,265,,87,21,307,,74,14,183,,72,07,300,*61 (pico_gnss pico-gnss-rs/src/main.rs:372)
138.886201 [INFO ] NMEA $GLGSV,3,3,09,85,02,208,*59 (pico_gnss pico-gnss-rs/src/main.rs:372)
138.974522 [INFO ] PPSGEN count=141 interval_ns=1000002432 dev_ns=2432 phase_ns=-1290834 (pico_gnss pico-gnss-rs/src/main.rs:246)
138.975690 [INFO ] PPS count=140 interval_us=1000002 interval_ns=1000002416 state=Locked missed=0 (pico_gnss pico-gnss-rs/src/main.rs:161)
138.977925 [INFO ] NMEA $GNRMC,094051.000,A,0000.0000,N,00000.0000,E,0.58,192.95,080626,,,A*7C (pico_gnss pico-gnss-rs/src/main.rs:372)
138.980507 [INFO ] SYNC pps_local_us=138967937 unix_s=1780911651 drift_us=2 err_ns=-5 holdover_ms=2000 (pico_gnss pico-gnss-rs/src/main.rs:403)
139.007217 [INFO ] NMEA $GPVTG,192.95,T,,M,0.58,N,1.08,K,A*3F (pico_gnss pico-gnss-rs/src/main.rs:372)
139.064892 [INFO ] NMEA $GPZDA,094051.000,08,06,2026,,*57 (pico_gnss pico-gnss-rs/src/main.rs:372)
139.090407 [INFO ] NMEA $GPGST,094051.000,8.6,19,13,86.8,13,19,28*72 (pico_gnss pico-gnss-rs/src/main.rs:372)
139.184718 [INFO ] TIME unix_ns=1780911651209018495 ppb=2418 holdover_ms=209 locked=1 (pico_gnss pico-gnss-rs/src/main.rs:195)
139.299320 [INFO ] NMEA $GPGGA,094052.000,0000.0000,N,00000.0000,E,1,8,1.26,39.1,M,39.0,M,,*6B (pico_gnss pico-gnss-rs/src/main.rs:372)
139.328973 [INFO ] NMEA $GNGLL,0000.0000,N,00000.0000,E,094052.000,A,A*4C (pico_gnss pico-gnss-rs/src/main.rs:372)
139.387308 [INFO ] NMEA $GNGSA,A,3,05,20,15,14,23,,,,,,,,1.54,1.26,0.89*1F (pico_gnss pico-gnss-rs/src/main.rs:372)
139.445614 [INFO ] NMEA $GNGSA,A,3,70,73,80,,,,,,,,,,1.54,1.26,0.89*13 (pico_gnss pico-gnss-rs/src/main.rs:372)
139.504273 [INFO ] NMEA $GPGSV,4,1,14,24,82,261,,15,62,049,29,23,48,317,15,20,38,069,18*75 (pico_gnss pico-gnss-rs/src/main.rs:372)
139.595732 [INFO ] NMEA $GPGSV,4,2,14,18,36,247,,05,30,140,19,22,17,052,,12,15,165,17*7E (pico_gnss pico-gnss-rs/src/main.rs:372)
139.654328 [INFO ] NMEA $GPGSV,4,3,14,10,13,317,,14,09,040,16,21,02,136,19,193,,,*74 (pico_gnss pico-gnss-rs/src/main.rs:372)
139.683650 [INFO ] NMEA $GPGSV,4,4,14,194,,,,195,,,*7D (pico_gnss pico-gnss-rs/src/main.rs:372)
139.742240 [INFO ] NMEA $GLGSV,3,1,09,73,54,147,17,71,47,338,,80,43,051,25,70,40,071,26*6F (pico_gnss pico-gnss-rs/src/main.rs:372)
139.833658 [INFO ] NMEA $GLGSV,3,2,09,86,24,265,,87,21,307,,74,14,183,,72,07,300,*61 (pico_gnss pico-gnss-rs/src/main.rs:372)
139.862986 [INFO ] NMEA $GLGSV,3,3,09,85,02,208,*59 (pico_gnss pico-gnss-rs/src/main.rs:372)
139.921520 [INFO ] NMEA $GNRMC,094052.000,A,0000.0000,N,00000.0000,E,0.98,281.73,080626,,,A*7F (pico_gnss pico-gnss-rs/src/main.rs:372)
139.974626 [INFO ] PPSGEN count=142 interval_ns=1000002448 dev_ns=2448 phase_ns=-1284415 (pico_gnss pico-gnss-rs/src/main.rs:246)
139.975816 [INFO ] PPS count=141 interval_us=1000002 interval_ns=1000002416 state=Locked missed=0 (pico_gnss pico-gnss-rs/src/main.rs:161)
139.980000 [INFO ] NMEA $GPVTG,281.73,T,,M,0.98,N,1.81,K,A*3B (pico_gnss pico-gnss-rs/src/main.rs:372)
140.009019 [INFO ] NMEA $GPZDA,094052.000,08,06,2026,,*54 (pico_gnss pico-gnss-rs/src/main.rs:372)
140.040701 [INFO ] NMEA $GPGST,094052.000,8.6,19,13,86.7,13,19,28*7E (pico_gnss pico-gnss-rs/src/main.rs:372)
140.185930 [INFO ] TIME unix_ns=1780911652210183074 ppb=2418 holdover_ms=1210 locked=1 (pico_gnss pico-gnss-rs/src/main.rs:195)
140.240105 [INFO ] NMEA $GPGGA,094053.000,0000.0000,N,00000.0000,E,1,8,1.26,39.1,M,39.0,M,,*69 (pico_gnss pico-gnss-rs/src/main.rs:372)
140.298489 [INFO ] NMEA $GNGLL,0000.0000,N,00000.0000,E,094053.000,A,A*4E (pico_gnss pico-gnss-rs/src/main.rs:372)
140.356846 [INFO ] NMEA $GNGSA,A,3,05,20,15,14,23,,,,,,,,1.54,1.26,0.89*1F (pico_gnss pico-gnss-rs/src/main.rs:372)
140.386469 [INFO ] NMEA $GNGSA,A,3,70,73,80,,,,,,,,,,1.54,1.26,0.89*13 (pico_gnss pico-gnss-rs/src/main.rs:372)
140.477898 [INFO ] NMEA $GPGSV,4,1,14,24,82,261,,15,62,049,29,23,48,317,15,20,38,069,18*75 (pico_gnss pico-gnss-rs/src/main.rs:372)
140.536544 [INFO ] NMEA $GPGSV,4,2,14,18,36,247,,05,30,140,19,22,17,052,,12,15,165,17*7E (pico_gnss pico-gnss-rs/src/main.rs:372)
140.595099 [INFO ] NMEA $GPGSV,4,3,14,10,13,317,,14,09,040,16,21,02,136,19,193,,,*74 (pico_gnss pico-gnss-rs/src/main.rs:372)
140.624457 [INFO ] NMEA $GPGSV,4,4,14,194,,,,195,,,*7D (pico_gnss pico-gnss-rs/src/main.rs:372)
140.711788 [INFO ] NMEA $GLGSV,3,1,09,73,54,147,16,71,47,338,,80,43,051,25,70,40,071,26*6E (pico_gnss pico-gnss-rs/src/main.rs:372)
140.774468 [INFO ] NMEA $GLGSV,3,2,09,86,24,265,,87,21,307,,74,14,183,,72,07,300,*61 (pico_gnss pico-gnss-rs/src/main.rs:372)
140.803784 [INFO ] NMEA $GLGSV,3,3,09,85,02,208,*59 (pico_gnss pico-gnss-rs/src/main.rs:372)
140.862410 [INFO ] NMEA $GNRMC,094053.000,A,0000.0000,N,00000.0000,E,1.36,282.37,080626,,,A*7B (pico_gnss pico-gnss-rs/src/main.rs:372)
140.864973 [INFO ] SYNC pps_local_us=139967939 unix_s=1780911653 drift_us=2 err_ns=-2 holdover_ms=1000 (pico_gnss pico-gnss-rs/src/main.rs:403)
140.920588 [INFO ] NMEA $GPVTG,282.37,T,,M,1.36,N,2.53,K,A*31 (pico_gnss pico-gnss-rs/src/main.rs:372)
140.949894 [INFO ] NMEA $GPZDA,094053.000,08,06,2026,,*55 (pico_gnss pico-gnss-rs/src/main.rs:372)
140.974552 [INFO ] PPSGEN count=143 interval_ns=1000002432 dev_ns=2432 phase_ns=-1409415 (pico_gnss pico-gnss-rs/src/main.rs:246)
140.975700 [INFO ] PPS count=142 interval_us=1000002 interval_ns=1000002416 state=Locked missed=0 (pico_gnss pico-gnss-rs/src/main.rs:161)
140.987450 [INFO ] NMEA $GPGST,094053.000,8.6,19,13,86.7,13,19,28*7F (pico_gnss pico-gnss-rs/src/main.rs:372)
141.187170 [INFO ] TIME unix_ns=1780911654211334071 ppb=2418 holdover_ms=1211 locked=1 (pico_gnss pico-gnss-rs/src/main.rs:195)
141.341229 [INFO ] NMEA $GPGGA,094054.000,0000.0000,N,00000.0000,E,1,8,1.26,39.1,M,39.0,M,,*63 (pico_gnss pico-gnss-rs/src/main.rs:372)
141.399567 [INFO ] NMEA $GNGLL,0000.0000,N,00000.0000,E,094054.000,A,A*44 (pico_gnss pico-gnss-rs/src/main.rs:372)
141.457983 [INFO ] NMEA $GNGSA,A,3,05,20,15,14,23,,,,,,,,1.54,1.26,0.89*1F (pico_gnss pico-gnss-rs/src/main.rs:372)
141.487572 [INFO ] NMEA $GNGSA,A,3,70,73,80,,,,,,,,,,1.54,1.26,0.89*13 (pico_gnss pico-gnss-rs/src/main.rs:372)
141.577992 [INFO ] NMEA $GPGSV,4,1,14,24,82,261,,15,62,049,29,23,48,317,15,20,38,069,18*75 (pico_gnss pico-gnss-rs/src/main.rs:372)
141.636596 [INFO ] NMEA $GPGSV,4,2,14,18,36,247,,05,30,140,19,22,17,052,,12,15,165,16*7F (pico_gnss pico-gnss-rs/src/main.rs:372)
141.695173 [INFO ] NMEA $GPGSV,4,3,14,10,13,317,,14,09,040,17,21,02,136,19,193,,,*75 (pico_gnss pico-gnss-rs/src/main.rs:372)
141.724544 [INFO ] NMEA $GPGSV,4,4,14,194,,,,195,,,*7D (pico_gnss pico-gnss-rs/src/main.rs:372)
141.815981 [INFO ] NMEA $GLGSV,3,1,09,73,54,147,16,71,47,338,,80,43,051,25,70,40,071,26*6E (pico_gnss pico-gnss-rs/src/main.rs:372)
141.874525 [INFO ] NMEA $GLGSV,3,2,09,86,24,265,,87,21,307,,74,14,183,,72,07,300,*61 (pico_gnss pico-gnss-rs/src/main.rs:372)
141.903762 [INFO ] NMEA $GLGSV,3,3,09,85,02,208,*59 (pico_gnss pico-gnss-rs/src/main.rs:372)
141.974533 [INFO ] PPSGEN count=144 interval_ns=1000002448 dev_ns=2448 phase_ns=-1426833 (pico_gnss pico-gnss-rs/src/main.rs:246)
141.975709 [INFO ] PPS count=143 interval_us=1000002 interval_ns=1000002416 state=Locked missed=0 (pico_gnss pico-gnss-rs/src/main.rs:161)
141.991420 [INFO ] NMEA $GNRMC,094054.000,A,0000.0000,N,00000.0000,E,1.28,280.61,080626,,,A*7F (pico_gnss pico-gnss-rs/src/main.rs:372)
141.994026 [INFO ] SYNC pps_local_us=141967944 unix_s=1780911654 drift_us=2 err_ns=-4 holdover_ms=1999 (pico_gnss pico-gnss-rs/src/main.rs:403)
142.020712 [INFO ] NMEA $GPVTG,280.61,T,,M,1.28,N,2.37,K,A*3D (pico_gnss pico-gnss-rs/src/main.rs:372)
142.049773 [INFO ] NMEA $GPZDA,094054.000,08,06,2026,,*52 (pico_gnss pico-gnss-rs/src/main.rs:372)
142.093314 [INFO ] NMEA $GPGST,094054.000,8.6,20,13,87.0,14,20,28*79 (pico_gnss pico-gnss-rs/src/main.rs:372)
142.188360 [INFO ] TIME unix_ns=1780911654212645486 ppb=2418 holdover_ms=212 locked=1 (pico_gnss pico-gnss-rs/src/main.rs:195)
142.287015 [INFO ] NMEA $GPGGA,094055.000,0000.0000,N,00000.0000,E,1,8,1.26,39.0,M,39.0,M,,*6C (pico_gnss pico-gnss-rs/src/main.rs:372)
142.345372 [INFO ] NMEA $GNGLL,0000.0000,N,00000.0000,E,094055.000,A,A*4A (pico_gnss pico-gnss-rs/src/main.rs:372)
142.403815 [INFO ] NMEA $GNGSA,A,3,05,20,15,14,23,,,,,,,,1.54,1.26,0.89*1F (pico_gnss pico-gnss-rs/src/main.rs:372)
142.459029 [INFO ] NMEA $GNGSA,A,3,70,73,80,,,,,,,,,,1.54,1.26,0.89*13 (pico_gnss pico-gnss-rs/src/main.rs:372)
142.517704 [INFO ] NMEA $GPGSV,4,1,14,24,82,261,,15,62,049,29,23,48,317,15,20,38,069,18*75 (pico_gnss pico-gnss-rs/src/main.rs:372)
142.576302 [INFO ] NMEA $GPGSV,4,2,14,18,36,247,,05,30,140,19,22,17,052,,12,15,165,16*7F (pico_gnss pico-gnss-rs/src/main.rs:372)
142.663589 [INFO ] NMEA $GPGSV,4,3,14,10,13,317,,14,09,040,16,21,02,136,19,193,,,*74 (pico_gnss pico-gnss-rs/src/main.rs:372)
142.692990 [INFO ] NMEA $GPGSV,4,4,14,194,,,,195,,,*7D (pico_gnss pico-gnss-rs/src/main.rs:372)
142.755656 [INFO ] NMEA $GLGSV,3,1,09,73,54,147,16,71,47,338,,80,43,051,26,70,40,071,26*6D (pico_gnss pico-gnss-rs/src/main.rs:372)
142.814204 [INFO ] NMEA $GLGSV,3,2,09,86,24,265,,87,21,307,,74,14,183,,72,07,300,*61 (pico_gnss pico-gnss-rs/src/main.rs:372)
142.843526 [INFO ] NMEA $GLGSV,3,3,09,85,02,208,*59 (pico_gnss pico-gnss-rs/src/main.rs:372)
142.930793 [INFO ] NMEA $GNRMC,094055.000,A,0000.0000,N,00000.0000,E,1.11,273.16,080626,,,A*77 (pico_gnss pico-gnss-rs/src/main.rs:372)
142.960388 [INFO ] NMEA $GPVTG,273.16,T,,M,1.11,N,2.06,K,A*39 (pico_gnss pico-gnss-rs/src/main.rs:372)
142.974563 [INFO ] PPSGEN count=145 interval_ns=1000002432 dev_ns=2432 phase_ns=-1285415 (pico_gnss pico-gnss-rs/src/main.rs:246)
142.975718 [INFO ] PPS count=144 interval_us=1000002 interval_ns=1000002416 state=Locked missed=0 (pico_gnss pico-gnss-rs/src/main.rs:161)
142.993636 [INFO ] NMEA $GPZDA,094055.000,08,06,2026,,*53 (pico_gnss pico-gnss-rs/src/main.rs:372)
143.039387 [INFO ] NMEA $GPGST,094055.000,8.6,20,14,87.5,14,20,28*7A (pico_gnss pico-gnss-rs/src/main.rs:372)
143.189578 [INFO ] TIME unix_ns=1780911655213818065 ppb=2418 holdover_ms=1213 locked=1 (pico_gnss pico-gnss-rs/src/main.rs:195)
143.237038 [INFO ] NMEA $GPGGA,094056.000,0000.0000,N,00000.0000,E,1,8,1.26,38.9,M,39.0,M,,*68 (pico_gnss pico-gnss-rs/src/main.rs:372)
143.295335 [INFO ] NMEA $GNGLL,0000.0000,N,00000.0000,E,094056.000,A,A*46 (pico_gnss pico-gnss-rs/src/main.rs:372)
143.353830 [INFO ] NMEA $GNGSA,A,3,05,20,15,14,23,,,,,,,,1.54,1.26,0.89*1F (pico_gnss pico-gnss-rs/src/main.rs:372)
143.402886 [INFO ] NMEA $GNGSA,A,3,70,73,80,,,,,,,,,,1.54,1.26,0.89*13 (pico_gnss pico-gnss-rs/src/main.rs:372)
143.461516 [INFO ] NMEA $GPGSV,4,1,14,24,82,261,,15,62,049,29,23,48,317,15,20,38,069,18*75 (pico_gnss pico-gnss-rs/src/main.rs:372)
143.548917 [INFO ] NMEA $GPGSV,4,2,14,18,36,247,,05,30,140,19,22,17,052,18,12,15,165,16*76 (pico_gnss pico-gnss-rs/src/main.rs:372)
143.607499 [INFO ] NMEA $GPGSV,4,3,14,10,13,317,,14,09,040,16,21,02,136,19,193,,,*74 (pico_gnss pico-gnss-rs/src/main.rs:372)
143.640899 [INFO ] NMEA $GPGSV,4,4,14,194,,,,195,,,*7D (pico_gnss pico-gnss-rs/src/main.rs:372)
143.699525 [INFO ] NMEA $GLGSV,3,1,09,73,54,147,16,71,47,338,,80,43,051,26,70,40,071,26*6D (pico_gnss pico-gnss-rs/src/main.rs:372)
143.758100 [INFO ] NMEA $GLGSV,3,2,09,86,24,265,,87,21,307,,74,14,183,,72,07,300,*61 (pico_gnss pico-gnss-rs/src/main.rs:372)
143.787434 [INFO ] NMEA $GLGSV,3,3,09,85,02,208,*59 (pico_gnss pico-gnss-rs/src/main.rs:372)
143.874774 [INFO ] NMEA $GNRMC,094056.000,A,0000.0000,N,00000.0000,E,0.06,273.16,080626,,,A*7C (pico_gnss pico-gnss-rs/src/main.rs:372)
143.877339 [INFO ] SYNC pps_local_us=142967947 unix_s=1780911656 drift_us=2 err_ns=-2 holdover_ms=1000 (pico_gnss pico-gnss-rs/src/main.rs:403)
143.908309 [INFO ] NMEA $GPVTG,273.16,T,,M,0.06,N,0.12,K,A*39 (pico_gnss pico-gnss-rs/src/main.rs:372)
143.966256 [INFO ] NMEA $GPZDA,094056.000,08,06,2026,,*50 (pico_gnss pico-gnss-rs/src/main.rs:372)
143.974505 [INFO ] PPSGEN count=146 interval_ns=1000002448 dev_ns=2448 phase_ns=-1301415 (pico_gnss pico-gnss-rs/src/main.rs:246)
143.975652 [INFO ] PPS count=145 interval_us=1000002 interval_ns=1000002416 state=Locked missed=0 (pico_gnss pico-gnss-rs/src/main.rs:161)
143.992099 [INFO ] NMEA $GPGST,094056.000,8.5,20,14,87.2,14,20,28*7D (pico_gnss pico-gnss-rs/src/main.rs:372)
144.190795 [INFO ] TIME unix_ns=1780911657215065062 ppb=2418 holdover_ms=1215 locked=1 (pico_gnss pico-gnss-rs/src/main.rs:195)
144.278311 [INFO ] NMEA $GPGGA,094057.000,0000.0000,N,00000.0000,E,1,8,1.26,38.9,M,39.0,M,,*60 (pico_gnss pico-gnss-rs/src/main.rs:372)
144.336658 [INFO ] NMEA $GNGLL,0000.0000,N,00000.0000,E,094057.000,A,A*4E (pico_gnss pico-gnss-rs/src/main.rs:372)
144.377581 [INFO ] NMEA $GNGSA,A,3,05,20,15,14,23,,,,,,,,1.54,1.26,0.89*1F (pico_gnss pico-gnss-rs/src/main.rs:372)
144.435901 [INFO ] NMEA $GNGSA,A,3,70,73,80,,,,,,,,,,1.54,1.26,0.89*13 (pico_gnss pico-gnss-rs/src/main.rs:372)
144.494541 [INFO ] NMEA $GPGSV,4,1,14,24,82,261,,15,62,049,29,23,48,317,16,20,38,069,18*76 (pico_gnss pico-gnss-rs/src/main.rs:372)
144.581959 [INFO ] NMEA $GPGSV,4,2,14,18,36,247,,05,30,140,19,22,17,052,17,12,15,165,16*79 (pico_gnss pico-gnss-rs/src/main.rs:372)
144.644599 [INFO ] NMEA $GPGSV,4,3,14,10,13,317,,14,09,040,16,21,02,136,19,193,,,*74 (pico_gnss pico-gnss-rs/src/main.rs:372)
144.673974 [INFO ] NMEA $GPGSV,4,4,14,194,,,,195,,,*7D (pico_gnss pico-gnss-rs/src/main.rs:372)
144.761319 [INFO ] NMEA $GLGSV,3,1,09,73,54,147,16,71,47,338,,80,43,051,26,70,40,071,26*6D (pico_gnss pico-gnss-rs/src/main.rs:372)
144.819878 [INFO ] NMEA $GLGSV,3,2,09,86,24,265,,87,21,307,,74,14,183,,72,07,300,*61 (pico_gnss pico-gnss-rs/src/main.rs:372)
144.849192 [INFO ] NMEA $GLGSV,3,3,09,85,02,208,*59 (pico_gnss pico-gnss-rs/src/main.rs:372)
144.911833 [INFO ] NMEA $GNRMC,094057.000,A,0000.0000,N,00000.0000,E,0.52,273.16,080626,,,A*75 (pico_gnss pico-gnss-rs/src/main.rs:372)
144.914394 [INFO ] SYNC pps_local_us=143967949 unix_s=1780911657 drift_us=2 err_ns=-2 holdover_ms=999 (pico_gnss pico-gnss-rs/src/main.rs:403)
144.938231 [INFO ] PPSGEN count=147 interval_ns=963737728 dev_ns=-36262272 phase_ns=-37474327 (pico_gnss pico-gnss-rs/src/main.rs:246)
144.970024 [INFO ] NMEA $GPVTG,273.16,T,,M,0.52,N,0.97,K,A*35 (pico_gnss pico-gnss-rs/src/main.rs:372)
144.974338 [INFO ] PPS count=146 interval_us=1000002 interval_ns=1000002416 state=Locked missed=0 (pico_gnss pico-gnss-rs/src/main.rs:161)
144.999460 [INFO ] NMEA $GPZDA,094057.000,08,06,2026,,*51 (pico_gnss pico-gnss-rs/src/main.rs:372)
145.028764 [INFO ] NMEA $GPGST,094057.000,8.5,20,14,87.4,14,20,28*7A (pico_gnss pico-gnss-rs/src/main.rs:372)
145.192024 [INFO ] TIME unix_ns=1780911658216303059 ppb=2418 holdover_ms=1216 locked=1 (pico_gnss pico-gnss-rs/src/main.rs:195)
145.391941 [INFO ] NMEA $GPGGA,094058.000,0000.0000,N,00000.0000,E,1,9,1.22,39.0,M,39.0,M,,*60 (pico_gnss pico-gnss-rs/src/main.rs:372)
145.453312 [INFO ] NMEA $GNGLL,0000.0000,N,00000.0000,E,094058.000,A,A*43 (pico_gnss pico-gnss-rs/src/main.rs:372)
145.511779 [INFO ] NMEA $GNGSA,A,3,05,20,22,15,14,23,,,,,,,1.50,1.22,0.88*1E (pico_gnss pico-gnss-rs/src/main.rs:372)
145.541393 [INFO ] NMEA $GNGSA,A,3,70,73,80,,,,,,,,,,1.50,1.22,0.88*12 (pico_gnss pico-gnss-rs/src/main.rs:372)
145.628715 [INFO ] NMEA $GPGSV,4,1,14,24,82,261,,15,62,049,29,23,48,317,15,20,38,069,19*74 (pico_gnss pico-gnss-rs/src/main.rs:372)
145.687352 [INFO ] NMEA $GPGSV,4,2,14,18,36,247,,05,30,140,19,22,17,052,17,12,15,165,16*79 (pico_gnss pico-gnss-rs/src/main.rs:372)
145.750028 [INFO ] NMEA $GPGSV,4,3,14,10,13,317,,14,09,040,17,21,02,136,18,193,,,*74 (pico_gnss pico-gnss-rs/src/main.rs:372)
145.779407 [INFO ] NMEA $GPGSV,4,4,14,194,,,,195,,,*7D (pico_gnss pico-gnss-rs/src/main.rs:372)
145.866744 [INFO ] NMEA $GLGSV,3,1,09,73,54,147,16,71,47,338,,80,43,051,26,70,40,071,26*6D (pico_gnss pico-gnss-rs/src/main.rs:372)
145.925197 [INFO ] NMEA $GLGSV,3,2,09,86,24,265,,87,21,307,,74,14,183,,72,07,300,*61 (pico_gnss pico-gnss-rs/src/main.rs:372)
145.938241 [INFO ] PPSGEN count=148 interval_ns=1000002448 dev_ns=2448 phase_ns=-37544745 (pico_gnss pico-gnss-rs/src/main.rs:246)
145.954708 [INFO ] NMEA $GLGSV,3,3,09,85,02,208,*59 (pico_gnss pico-gnss-rs/src/main.rs:372)
145.974365 [INFO ] PPS count=147 interval_us=1000002 interval_ns=1000002416 state=Locked missed=0 (pico_gnss pico-gnss-rs/src/main.rs:161)
146.045796 [INFO ] NMEA $GNRMC,094058.000,A,0000.0000,N,00000.0000,E,0.46,273.16,080626,,,A*7D (pico_gnss pico-gnss-rs/src/main.rs:372)
146.048381 [INFO ] SYNC pps_local_us=145967954 unix_s=1780911658 drift_us=2 err_ns=-4 holdover_ms=1998 (pico_gnss pico-gnss-rs/src/main.rs:403)
146.075465 [INFO ] NMEA $GPVTG,273.16,T,,M,0.46,N,0.85,K,A*33 (pico_gnss pico-gnss-rs/src/main.rs:372)
146.104506 [INFO ] NMEA $GPZDA,094058.000,08,06,2026,,*5E (pico_gnss pico-gnss-rs/src/main.rs:372)
146.148163 [INFO ] NMEA $GPGST,094058.000,8.5,20,14,87.8,14,20,28*79 (pico_gnss pico-gnss-rs/src/main.rs:372)
146.193239 [INFO ] TIME unix_ns=1780911658218915471 ppb=2418 holdover_ms=218 locked=1 (pico_gnss pico-gnss-rs/src/main.rs:195)
146.339160 [INFO ] NMEA $GPGGA,094059.000,0000.0000,N,00000.0000,E,1,9,1.22,39.0,M,39.0,M,,*6D (pico_gnss pico-gnss-rs/src/main.rs:372)
146.390328 [INFO ] NMEA $GNGLL,0000.0000,N,00000.0000,E,094059.000,A,A*4E (pico_gnss pico-gnss-rs/src/main.rs:372)
146.448747 [INFO ] NMEA $GNGSA,A,3,05,20,22,15,14,23,,,,,,,1.50,1.22,0.88*1E (pico_gnss pico-gnss-rs/src/main.rs:372)
146.507091 [INFO ] NMEA $GNGSA,A,3,70,73,80,,,,,,,,,,1.50,1.22,0.88*12 (pico_gnss pico-gnss-rs/src/main.rs:372)
146.565696 [INFO ] NMEA $GPGSV,4,1,14,24,82,261,,15,62,049,29,23,48,317,15,20,38,069,19*74 (pico_gnss pico-gnss-rs/src/main.rs:372)
146.628446 [INFO ] NMEA $GPGSV,4,2,14,18,36,247,,05,30,140,19,22,17,052,17,12,15,165,16*79 (pico_gnss pico-gnss-rs/src/main.rs:372)
146.715775 [INFO ] NMEA $GPGSV,4,3,14,10,13,317,,14,09,040,17,21,02,136,18,193,,,*74 (pico_gnss pico-gnss-rs/src/main.rs:372)
146.745153 [INFO ] NMEA $GPGSV,4,4,14,194,,,,195,,,*7D (pico_gnss pico-gnss-rs/src/main.rs:372)
146.803739 [INFO ] NMEA $GLGSV,3,1,09,73,54,147,16,71,47,338,,80,43,051,26,70,40,071,26*6D (pico_gnss pico-gnss-rs/src/main.rs:372)
146.862269 [INFO ] NMEA $GLGSV,3,2,09,86,24,265,,87,21,307,,74,14,183,,72,07,300,*61 (pico_gnss pico-gnss-rs/src/main.rs:372)
146.895579 [INFO ] NMEA $GLGSV,3,3,09,85,02,208,*59 (pico_gnss pico-gnss-rs/src/main.rs:372)
146.938258 [INFO ] PPSGEN count=149 interval_ns=1000002432 dev_ns=2432 phase_ns=-36207330 (pico_gnss pico-gnss-rs/src/main.rs:246)
146.974343 [INFO ] PPS count=148 interval_us=1000002 interval_ns=1000002432 state=Locked missed=0 (pico_gnss pico-gnss-rs/src/main.rs:161)
146.983140 [INFO ] NMEA $GNRMC,094059.000,A,0000.0000,N,00000.0000,E,0.82,290.72,080626,,,A*77 (pico_gnss pico-gnss-rs/src/main.rs:372)
146.985701 [INFO ] SYNC pps_local_us=146967956 unix_s=1780911659 drift_us=2 err_ns=14 holdover_ms=999 (pico_gnss pico-gnss-rs/src/main.rs:403)
147.012581 [INFO ] NMEA $GPVTG,290.72,T,,M,0.82,N,1.52,K,A*3F (pico_gnss pico-gnss-rs/src/main.rs:372)
147.070254 [INFO ] NMEA $GPZDA,094059.000,08,06,2026,,*5F (pico_gnss pico-gnss-rs/src/main.rs:372)
147.095777 [INFO ] NMEA $GPGST,094059.000,8.5,20,14,88.7,14,20,28*78 (pico_gnss pico-gnss-rs/src/main.rs:372)
147.194412 [INFO ] TIME unix_ns=1780911659220124468 ppb=2418 holdover_ms=220 locked=1 (pico_gnss pico-gnss-rs/src/main.rs:195)
147.299265 [INFO ] NMEA $GPGGA,094100.000,0000.0000,N,00000.0000,E,1,9,1.22,39.1,M,39.0,M,,*6E (pico_gnss pico-gnss-rs/src/main.rs:372)
147.328918 [INFO ] NMEA $GNGLL,0000.0000,N,00000.0000,E,094100.000,A,A*4C (pico_gnss pico-gnss-rs/src/main.rs:372)
147.387324 [INFO ] NMEA $GNGSA,A,3,05,20,22,15,14,23,,,,,,,1.50,1.22,0.88*1E (pico_gnss pico-gnss-rs/src/main.rs:372)
147.445618 [INFO ] NMEA $GNGSA,A,3,70,73,80,,,,,,,,,,1.50,1.22,0.88*12 (pico_gnss pico-gnss-rs/src/main.rs:372)
147.532923 [INFO ] NMEA $GPGSV,4,1,14,24,82,261,,15,62,049,29,23,48,317,15,20,38,069,19*74 (pico_gnss pico-gnss-rs/src/main.rs:372)
147.595789 [INFO ] NMEA $GPGSV,4,2,14,18,36,247,,05,30,140,19,22,17,052,17,12,15,165,16*79 (pico_gnss pico-gnss-rs/src/main.rs:372)
147.654375 [INFO ] NMEA $GPGSV,4,3,14,10,13,317,,14,09,040,17,21,02,136,18,193,,,*74 (pico_gnss pico-gnss-rs/src/main.rs:372)
147.683688 [INFO ] NMEA $GPGSV,4,4,14,194,,,,195,,,*7D (pico_gnss pico-gnss-rs/src/main.rs:372)
147.771071 [INFO ] NMEA $GLGSV,3,1,09,73,54,147,16,71,47,338,,80,43,051,26,70,40,071,25*6E (pico_gnss pico-gnss-rs/src/main.rs:372)
147.833706 [INFO ] NMEA $GLGSV,3,2,09,86,24,265,,87,21,307,,74,14,183,,72,07,300,*61 (pico_gnss pico-gnss-rs/src/main.rs:372)
147.863045 [INFO ] NMEA $GLGSV,3,3,09,85,02,208,*59 (pico_gnss pico-gnss-rs/src/main.rs:372)
147.921561 [INFO ] NMEA $GNRMC,094100.000,A,0000.0000,N,00000.0000,E,0.49,290.72,080626,,,A*72 (pico_gnss pico-gnss-rs/src/main.rs:372)
147.938355 [INFO ] PPSGEN count=150 interval_ns=1000002448 dev_ns=2448 phase_ns=-36116331 (pico_gnss pico-gnss-rs/src/main.rs:246)
147.974368 [INFO ] PPS count=149 interval_us=1000002 interval_ns=1000002416 state=Locked missed=0 (pico_gnss pico-gnss-rs/src/main.rs:161)
147.979903 [INFO ] NMEA $GPVTG,290.72,T,,M,0.49,N,0.90,K,A*37 (pico_gnss pico-gnss-rs/src/main.rs:372)
148.009004 [INFO ] NMEA $GPZDA,094100.000,08,06,2026,,*52 (pico_gnss pico-gnss-rs/src/main.rs:372)
148.044283 [INFO ] NMEA $GPGST,094100.000,8.5,20,13,89.0,13,20,27*7C (pico_gnss pico-gnss-rs/src/main.rs:372)
148.195642 [INFO ] TIME unix_ns=1780911660221286047 ppb=2418 holdover_ms=1221 locked=1 (pico_gnss pico-gnss-rs/src/main.rs:195)
148.251161 [INFO ] NMEA $GPGGA,094101.000,0000.0000,N,00000.0000,E,1,9,1.22,39.2,M,39.0,M,,*63 (pico_gnss pico-gnss-rs/src/main.rs:372)
148.309489 [INFO ] NMEA $GNGLL,0000.0000,N,00000.0000,E,094101.000,A,A*42 (pico_gnss pico-gnss-rs/src/main.rs:372)
148.367931 [INFO ] NMEA $GNGSA,A,3,05,20,22,15,14,23,,,,,,,1.50,1.22,0.88*1E (pico_gnss pico-gnss-rs/src/main.rs:372)
148.397539 [INFO ] NMEA $GNGSA,A,3,70,73,80,,,,,,,,,,1.50,1.22,0.88*12 (pico_gnss pico-gnss-rs/src/main.rs:372)
148.489025 [INFO ] NMEA $GPGSV,4,1,14,24,82,261,,15,62,049,28,23,48,317,14,20,38,069,19*74 (pico_gnss pico-gnss-rs/src/main.rs:372)
148.547701 [INFO ] NMEA $GPGSV,4,2,14,18,36,247,,05,30,140,19,22,17,052,17,12,15,165,17*78 (pico_gnss pico-gnss-rs/src/main.rs:372)
148.606226 [INFO ] NMEA $GPGSV,4,3,14,10,13,317,,14,09,040,17,21,02,136,18,193,,,*74 (pico_gnss pico-gnss-rs/src/main.rs:372)
148.664300 [INFO ] NMEA $GPGSV,4,4,14,194,,,,195,,,*7D (pico_gnss pico-gnss-rs/src/main.rs:372)
148.727046 [INFO ] NMEA $GLGSV,3,1,09,73,54,147,16,71,47,338,,80,43,051,26,70,40,071,25*6E (pico_gnss pico-gnss-rs/src/main.rs:372)
148.785616 [INFO ] NMEA $GLGSV,3,2,09,86,24,265,,87,21,307,,74,14,183,,72,07,300,*61 (pico_gnss pico-gnss-rs/src/main.rs:372)
148.814941 [INFO ] NMEA $GLGSV,3,3,09,85,02,208,*59 (pico_gnss pico-gnss-rs/src/main.rs:372)
148.902283 [INFO ] NMEA $GNRMC,094101.000,A,0000.0000,N,00000.0000,E,1.18,313.33,080626,,,A*76 (pico_gnss pico-gnss-rs/src/main.rs:372)
148.904861 [INFO ] SYNC pps_local_us=147967959 unix_s=1780911661 drift_us=2 err_ns=-2 holdover_ms=1000 (pico_gnss pico-gnss-rs/src/main.rs:403)
148.931957 [INFO ] NMEA $GPVTG,313.33,T,,M,1.18,N,2.18,K,A*3F (pico_gnss pico-gnss-rs/src/main.rs:372)
148.938299 [INFO ] PPSGEN count=151 interval_ns=1000002432 dev_ns=2432 phase_ns=-36162330 (pico_gnss pico-gnss-rs/src/main.rs:246)
148.961249 [INFO ] NMEA $GPZDA,094101.000,08,06,2026,,*53 (pico_gnss pico-gnss-rs/src/main.rs:372)
148.974352 [INFO ] PPS count=150 interval_us=1000002 interval_ns=1000002416 state=Locked missed=0 (pico_gnss pico-gnss-rs/src/main.rs:161)
149.006676 [INFO ] NMEA $GPGST,094101.000,8.5,20,13,89.3,13,20,27*7E (pico_gnss pico-gnss-rs/src/main.rs:372)
149.196865 [INFO ] TIME unix_ns=1780911662222539044 ppb=2418 holdover_ms=1222 locked=1 (pico_gnss pico-gnss-rs/src/main.rs:195)
149.371131 [INFO ] NMEA $GPGGA,094102.000,0000.0000,N,00000.0000,E,1,9,1.22,39.4,M,39.0,M,,*67 (pico_gnss pico-gnss-rs/src/main.rs:372)
149.429462 [INFO ] NMEA $GNGLL,0000.0000,N,00000.0000,E,094102.000,A,A*40 (pico_gnss pico-gnss-rs/src/main.rs:372)
149.487904 [INFO ] NMEA $GNGSA,A,3,05,20,22,15,14,23,,,,,,,1.50,1.22,0.88*1E (pico_gnss pico-gnss-rs/src/main.rs:372)
149.541086 [INFO ] NMEA $GNGSA,A,3,70,73,80,,,,,,,,,,1.50,1.22,0.88*12 (pico_gnss pico-gnss-rs/src/main.rs:372)
149.599699 [INFO ] NMEA $GPGSV,4,1,14,24,82,261,,15,62,049,28,23,48,317,14,20,38,069,19*74 (pico_gnss pico-gnss-rs/src/main.rs:372)
149.687130 [INFO ] NMEA $GPGSV,4,2,14,18,36,247,,05,30,140,19,22,17,052,17,12,15,165,17*78 (pico_gnss pico-gnss-rs/src/main.rs:372)
149.745673 [INFO ] NMEA $GPGSV,4,3,14,10,13,317,,14,09,040,17,21,02,136,18,193,,,*74 (pico_gnss pico-gnss-rs/src/main.rs:372)
149.775074 [INFO ] NMEA $GPGSV,4,4,14,194,,,,195,,,*7D (pico_gnss pico-gnss-rs/src/main.rs:372)
149.837739 [INFO ] NMEA $GLGSV,3,1,09,73,54,147,17,71,47,338,,80,43,051,26,70,40,071,25*6F (pico_gnss pico-gnss-rs/src/main.rs:372)
149.896239 [INFO ] NMEA $GLGSV,3,2,09,86,24,265,,87,21,307,,74,14,183,,72,07,300,*61 (pico_gnss pico-gnss-rs/src/main.rs:372)
149.925466 [INFO ] NMEA $GLGSV,3,3,09,85,02,208,*59 (pico_gnss pico-gnss-rs/src/main.rs:372)
149.938252 [INFO ] PPSGEN count=152 interval_ns=1000002448 dev_ns=2448 phase_ns=-36178749 (pico_gnss pico-gnss-rs/src/main.rs:246)
149.974361 [INFO ] PPS count=151 interval_us=1000002 interval_ns=1000002416 state=Locked missed=0 (pico_gnss pico-gnss-rs/src/main.rs:161)
150.012752 [INFO ] NMEA $GNRMC,094102.000,A,0000.0000,N,00000.0000,E,1.63,306.65,080626,,,A*7F (pico_gnss pico-gnss-rs/src/main.rs:372)
150.015376 [INFO ] SYNC pps_local_us=149967964 unix_s=1780911662 drift_us=2 err_ns=-4 holdover_ms=1999 (pico_gnss pico-gnss-rs/src/main.rs:403)
150.042374 [INFO ] NMEA $GPVTG,306.65,T,,M,1.63,N,3.02,K,A*3E (pico_gnss pico-gnss-rs/src/main.rs:372)
150.075451 [INFO ] NMEA $GPZDA,094102.000,08,06,2026,,*50 (pico_gnss pico-gnss-rs/src/main.rs:372)
150.127546 [INFO ] NMEA $GPGST,094102.000,8.5,20,13,89.9,13,20,27*77 (pico_gnss pico-gnss-rs/src/main.rs:372)
150.198048 [INFO ] TIME unix_ns=1780911662223748459 ppb=2418 holdover_ms=223 locked=1 (pico_gnss pico-gnss-rs/src/main.rs:195)
150.292997 [INFO ] NMEA $GPGGA,094103.000,0000.0000,N,00000.0000,E,1,9,1.22,39.4,M,39.0,M,,*61 (pico_gnss pico-gnss-rs/src/main.rs:372)
150.351327 [INFO ] NMEA $GNGLL,0000.0000,N,00000.0000,E,094103.000,A,A*46 (pico_gnss pico-gnss-rs/src/main.rs:372)
150.409704 [INFO ] NMEA $GNGSA,A,3,05,20,22,15,14,23,,,,,,,1.50,1.22,0.88*1E (pico_gnss pico-gnss-rs/src/main.rs:372)
150.452645 [INFO ] NMEA $GNGSA,A,3,70,73,80,,,,,,,,,,1.50,1.22,0.88*12 (pico_gnss pico-gnss-rs/src/main.rs:372)
150.511284 [INFO ] NMEA $GPGSV,4,1,14,24,82,261,,15,62,049,28,23,48,317,13,20,38,069,19*73 (pico_gnss pico-gnss-rs/src/main.rs:372)
150.598688 [INFO ] NMEA $GPGSV,4,2,14,18,36,247,,05,30,140,19,22,17,052,17,12,15,165,16*79 (pico_gnss pico-gnss-rs/src/main.rs:372)
150.657286 [INFO ] NMEA $GPGSV,4,3,14,10,13,317,,14,09,040,17,21,02,136,18,193,,,*74 (pico_gnss pico-gnss-rs/src/main.rs:372)
150.690691 [INFO ] NMEA $GPGSV,4,4,14,194,,,,195,,,*7D (pico_gnss pico-gnss-rs/src/main.rs:372)
150.778171 [INFO ] NMEA $GLGSV,3,1,09,73,54,147,17,71,47,338,,80,43,051,26,70,40,071,25*6F (pico_gnss pico-gnss-rs/src/main.rs:372)
150.836744 [INFO ] NMEA $GLGSV,3,2,09,86,24,265,,87,21,307,,74,14,183,,72,07,300,*61 (pico_gnss pico-gnss-rs/src/main.rs:372)
150.866048 [INFO ] NMEA $GLGSV,3,3,09,85,02,208,*59 (pico_gnss pico-gnss-rs/src/main.rs:372)
150.924575 [INFO ] NMEA $GNRMC,094103.000,A,0000.0000,N,00000.0000,E,0.44,306.65,080626,,,A*7D (pico_gnss pico-gnss-rs/src/main.rs:372)
150.938377 [INFO ] PPSGEN count=153 interval_ns=1000002432 dev_ns=2432 phase_ns=-36118330 (pico_gnss pico-gnss-rs/src/main.rs:246)
150.974392 [INFO ] PPS count=152 interval_us=1000002 interval_ns=1000002416 state=Locked missed=0 (pico_gnss pico-gnss-rs/src/main.rs:161)
150.987006 [INFO ] NMEA $GPVTG,306.65,T,,M,0.44,N,0.82,K,A*31 (pico_gnss pico-gnss-rs/src/main.rs:372)
151.016130 [INFO ] NMEA $GPZDA,094103.000,08,06,2026,,*51 (pico_gnss pico-gnss-rs/src/main.rs:372)
151.045538 [INFO ] NMEA $GPGST,094103.000,8.5,20,13,90.7,13,20,27*70 (pico_gnss pico-gnss-rs/src/main.rs:372)
151.199261 [INFO ] TIME unix_ns=1780911663224897039 ppb=2418 holdover_ms=1224 locked=1 (pico_gnss pico-gnss-rs/src/main.rs:195)
151.238988 [INFO ] NMEA $GPGGA,094104.000,0000.0000,N,00000.0000,E,1,9,1.22,39.5,M,39.0,M,,*62 (pico_gnss pico-gnss-rs/src/main.rs:372)
151.297296 [INFO ] NMEA $GNGLL,0000.0000,N,00000.0000,E,094104.000,A,A*44 (pico_gnss pico-gnss-rs/src/main.rs:372)
151.358785 [INFO ] NMEA $GNGSA,A,3,05,20,22,15,14,23,,,,,,,1.50,1.22,0.88*1E (pico_gnss pico-gnss-rs/src/main.rs:372)
151.388428 [INFO ] NMEA $GNGSA,A,3,70,73,80,,,,,,,,,,1.50,1.22,0.88*12 (pico_gnss pico-gnss-rs/src/main.rs:372)
151.475735 [INFO ] NMEA $GPGSV,4,1,14,24,82,261,,15,62,049,28,23,48,317,14,20,38,069,20*7E (pico_gnss pico-gnss-rs/src/main.rs:372)
151.534387 [INFO ] NMEA $GPGSV,4,2,14,18,36,247,,05,30,140,19,22,17,052,17,12,15,165,15*7A (pico_gnss pico-gnss-rs/src/main.rs:372)
151.597059 [INFO ] NMEA $GPGSV,4,3,14,10,13,317,,14,09,040,17,21,02,136,18,193,,,*74 (pico_gnss pico-gnss-rs/src/main.rs:372)
151.626411 [INFO ] NMEA $GPGSV,4,4,14,194,,,,195,,,*7D (pico_gnss pico-gnss-rs/src/main.rs:372)
151.713748 [INFO ] NMEA $GLGSV,3,1,09,73,54,147,17,71,47,338,,80,43,051,26,70,40,071,25*6F (pico_gnss pico-gnss-rs/src/main.rs:372)
151.772339 [INFO ] NMEA $GLGSV,3,2,09,86,24,265,,87,21,307,,74,14,183,,72,07,300,*61 (pico_gnss pico-gnss-rs/src/main.rs:372)
151.801598 [INFO ] NMEA $GLGSV,3,3,09,85,02,208,*59 (pico_gnss pico-gnss-rs/src/main.rs:372)
151.893097 [INFO ] NMEA $GNRMC,094104.000,A,0000.0000,N,00000.0000,E,0.10,306.65,080626,,,A*7E (pico_gnss pico-gnss-rs/src/main.rs:372)
151.895686 [INFO ] SYNC pps_local_us=150967966 unix_s=1780911664 drift_us=2 err_ns=-2 holdover_ms=1000 (pico_gnss pico-gnss-rs/src/main.rs:403)
151.922809 [INFO ] NMEA $GPVTG,306.65,T,,M,0.10,N,0.18,K,A*33 (pico_gnss pico-gnss-rs/src/main.rs:372)
151.938232 [INFO ] PPSGEN count=154 interval_ns=1000002448 dev_ns=2448 phase_ns=-36157330 (pico_gnss pico-gnss-rs/src/main.rs:246)
151.952061 [INFO ] NMEA $GPZDA,094104.000,08,06,2026,,*56 (pico_gnss pico-gnss-rs/src/main.rs:372)
151.974367 [INFO ] PPS count=153 interval_us=1000002 interval_ns=1000002416 state=Locked missed=0 (pico_gnss pico-gnss-rs/src/main.rs:161)
151.995554 [INFO ] NMEA $GPGST,094104.000,8.5,20,13,90.9,13,20,27*79 (pico_gnss pico-gnss-rs/src/main.rs:372)
152.200497 [INFO ] TIME unix_ns=1780911665226161036 ppb=2418 holdover_ms=1226 locked=1 (pico_gnss pico-gnss-rs/src/main.rs:195)
152.349066 [INFO ] NMEA $GPGGA,094105.000,0000.0000,N,00000.0000,E,1,9,1.22,39.5,M,39.0,M,,*63 (pico_gnss pico-gnss-rs/src/main.rs:372)
152.400205 [INFO ] NMEA $GNGLL,0000.0000,N,00000.0000,E,094105.000,A,A*45 (pico_gnss pico-gnss-rs/src/main.rs:372)
152.458610 [INFO ] NMEA $GNGSA,A,3,05,20,22,15,14,23,,,,,,,1.50,1.22,0.88*1E (pico_gnss pico-gnss-rs/src/main.rs:372)
152.516971 [INFO ] NMEA $GNGSA,A,3,70,73,80,,,,,,,,,,1.50,1.22,0.88*12 (pico_gnss pico-gnss-rs/src/main.rs:372)
152.575577 [INFO ] NMEA $GPGSV,4,1,14,24,82,261,,15,62,049,28,23,48,317,14,20,38,069,21*7F (pico_gnss pico-gnss-rs/src/main.rs:372)
152.662940 [INFO ] NMEA $GPGSV,4,2,14,18,36,247,,05,30,140,19,22,17,052,17,12,15,165,15*7A (pico_gnss pico-gnss-rs/src/main.rs:372)
152.725674 [INFO ] NMEA $GPGSV,4,3,14,10,13,317,,14,09,040,16,21,02,136,18,193,,,*75 (pico_gnss pico-gnss-rs/src/main.rs:372)
152.755044 [INFO ] NMEA $GPGSV,4,4,14,194,,,,195,,,*7D (pico_gnss pico-gnss-rs/src/main.rs:372)
152.813639 [INFO ] NMEA $GLGSV,3,1,09,73,54,147,17,71,47,338,,80,43,051,27,70,40,071,24*6F (pico_gnss pico-gnss-rs/src/main.rs:372)
152.872164 [INFO ] NMEA $GLGSV,3,2,09,86,24,265,,87,21,307,,74,14,183,,72,07,300,*61 (pico_gnss pico-gnss-rs/src/main.rs:372)
152.901444 [INFO ] NMEA $GLGSV,3,3,09,85,02,208,*59 (pico_gnss pico-gnss-rs/src/main.rs:372)
152.962655 [INFO ] PPSGEN count=155 interval_ns=1024382000 dev_ns=24382000 phase_ns=-11813807 (pico_gnss pico-gnss-rs/src/main.rs:246)
152.974366 [INFO ] PPS count=154 interval_us=1000002 interval_ns=1000002432 state=Locked missed=0 (pico_gnss pico-gnss-rs/src/main.rs:161)
152.993015 [INFO ] NMEA $GNRMC,094105.000,A,0000.0000,N,00000.0000,E,0.40,306.65,080626,,,A*7A (pico_gnss pico-gnss-rs/src/main.rs:372)
152.995602 [INFO ] SYNC pps_local_us=152967971 unix_s=1780911665 drift_us=2 err_ns=11 holdover_ms=2000 (pico_gnss pico-gnss-rs/src/main.rs:403)
153.022443 [INFO ] NMEA $GPVTG,306.65,T,,M,0.40,N,0.75,K,A*3D (pico_gnss pico-gnss-rs/src/main.rs:372)
153.080109 [INFO ] NMEA $GPZDA,094105.000,08,06,2026,,*57 (pico_gnss pico-gnss-rs/src/main.rs:372)
153.105644 [INFO ] NMEA $GPGST,094105.000,8.6,20,13,91.2,13,20,28*7E (pico_gnss pico-gnss-rs/src/main.rs:372)
153.201694 [INFO ] TIME unix_ns=1780911665227379451 ppb=2419 holdover_ms=227 locked=1 (pico_gnss pico-gnss-rs/src/main.rs:195)
153.314387 [INFO ] NMEA $GPGGA,094106.000,0000.0000,N,00000.0000,E,1,9,1.22,39.4,M,39.0,M,,*6E (pico_gnss pico-gnss-rs/src/main.rs:372)
153.344057 [INFO ] NMEA $GNGLL,0000.0000,N,00000.0000,E,094106.000,A,A*49 (pico_gnss pico-gnss-rs/src/main.rs:372)
153.402428 [INFO ] NMEA $GNGSA,A,3,05,20,22,15,14,23,,,,,,,1.50,1.22,0.88*1E (pico_gnss pico-gnss-rs/src/main.rs:372)
153.460713 [INFO ] NMEA $GNGSA,A,3,70,73,80,,,,,,,,,,1.50,1.22,0.88*12 (pico_gnss pico-gnss-rs/src/main.rs:372)
153.548101 [INFO ] NMEA $GPGSV,4,1,14,24,82,261,,15,62,049,29,23,48,317,14,20,38,069,21*7E (pico_gnss pico-gnss-rs/src/main.rs:372)
153.610872 [INFO ] NMEA $GPGSV,4,2,14,18,36,247,,05,30,140,20,22,17,052,17,12,15,165,15*70 (pico_gnss pico-gnss-rs/src/main.rs:372)
153.669523 [INFO ] NMEA $GPGSV,4,3,14,10,13,317,,14,09,040,16,21,02,136,18,193,,,*75 (pico_gnss pico-gnss-rs/src/main.rs:372)
153.698846 [INFO ] NMEA $GPGSV,4,4,14,194,,,,195,,,*7D (pico_gnss pico-gnss-rs/src/main.rs:372)
153.786228 [INFO ] NMEA $GLGSV,3,1,09,73,54,147,17,71,47,338,,80,43,051,27,70,40,071,24*6F (pico_gnss pico-gnss-rs/src/main.rs:372)
153.848856 [INFO ] NMEA $GLGSV,3,2,09,86,24,265,,87,21,307,,74,14,183,,72,07,300,*61 (pico_gnss pico-gnss-rs/src/main.rs:372)
153.878180 [INFO ] NMEA $GLGSV,3,3,09,85,02,208,*59 (pico_gnss pico-gnss-rs/src/main.rs:372)
153.936699 [INFO ] NMEA $GNRMC,094106.000,A,0000.0000,N,00000.0000,E,0.35,306.65,080626,,,A*74 (pico_gnss pico-gnss-rs/src/main.rs:372)
153.962776 [INFO ] PPSGEN count=156 interval_ns=1000002448 dev_ns=2448 phase_ns=-11743390 (pico_gnss pico-gnss-rs/src/main.rs:246)
153.974403 [INFO ] PPS count=155 interval_us=1000002 interval_ns=1000002416 state=Locked missed=0 (pico_gnss pico-gnss-rs/src/main.rs:161)
153.995036 [INFO ] NMEA $GPVTG,306.65,T,,M,0.35,N,0.65,K,A*3E (pico_gnss pico-gnss-rs/src/main.rs:372)
154.024160 [INFO ] NMEA $GPZDA,094106.000,08,06,2026,,*54 (pico_gnss pico-gnss-rs/src/main.rs:372)
154.059431 [INFO ] NMEA $GPGST,094106.000,8.6,20,13,91.1,13,20,26*70 (pico_gnss pico-gnss-rs/src/main.rs:372)
154.202888 [INFO ] TIME unix_ns=1780911666228535029 ppb=2418 holdover_ms=1228 locked=1 (pico_gnss pico-gnss-rs/src/main.rs:195)
154.276980 [INFO ] NMEA $GPGGA,094107.000,0000.0000,N,00000.0000,E,1,9,1.22,39.4,M,39.0,M,,*61 (pico_gnss pico-gnss-rs/src/main.rs:372)
154.335345 [INFO ] NMEA $GNGLL,0000.0000,N,00000.0000,E,094107.000,A,A*46 (pico_gnss pico-gnss-rs/src/main.rs:372)
154.393771 [INFO ] NMEA $GNGSA,A,3,05,20,22,15,14,23,,,,,,,1.50,1.22,0.88*1E (pico_gnss pico-gnss-rs/src/main.rs:372)
154.423394 [INFO ] NMEA $GNGSA,A,3,70,73,80,,,,,,,,,,1.50,1.22,0.88*12 (pico_gnss pico-gnss-rs/src/main.rs:372)
154.514838 [INFO ] NMEA $GPGSV,4,1,14,24,82,261,,15,62,049,29,23,48,317,13,20,38,069,21*79 (pico_gnss pico-gnss-rs/src/main.rs:372)
154.573502 [INFO ] NMEA $GPGSV,4,2,14,18,36,247,,05,30,140,20,22,17,052,17,12,15,165,15*70 (pico_gnss pico-gnss-rs/src/main.rs:372)
154.632053 [INFO ] NMEA $GPGSV,4,3,14,10,13,317,,14,09,040,16,21,02,136,18,193,,,*75 (pico_gnss pico-gnss-rs/src/main.rs:372)
154.690115 [INFO ] NMEA $GPGSV,4,4,14,194,,,,195,,,*7D (pico_gnss pico-gnss-rs/src/main.rs:372)
154.748770 [INFO ] NMEA $GLGSV,3,1,09,73,54,147,16,71,47,338,,80,43,051,27,70,40,071,23*69 (pico_gnss pico-gnss-rs/src/main.rs:372)
154.811408 [INFO ] NMEA $GLGSV,3,2,09,86,24,265,,87,21,307,,74,14,183,,72,07,300,*61 (pico_gnss pico-gnss-rs/src/main.rs:372)
154.840746 [INFO ] NMEA $GLGSV,3,3,09,85,02,208,*59 (pico_gnss pico-gnss-rs/src/main.rs:372)
154.928116 [INFO ] NMEA $GNRMC,094107.000,A,0000.0000,N,00000.0000,E,0.32,306.65,080626,,,A*7C (pico_gnss pico-gnss-rs/src/main.rs:372)
154.930695 [INFO ] SYNC pps_local_us=153967973 unix_s=1780911667 drift_us=2 err_ns=-2 holdover_ms=1000 (pico_gnss pico-gnss-rs/src/main.rs:403)
154.957804 [INFO ] NMEA $GPVTG,306.65,T,,M,0.32,N,0.60,K,A*3C (pico_gnss pico-gnss-rs/src/main.rs:372)
154.962628 [INFO ] PPSGEN count=157 interval_ns=1000002432 dev_ns=2432 phase_ns=-11800389 (pico_gnss pico-gnss-rs/src/main.rs:246)
154.974330 [INFO ] PPS count=156 interval_us=1000002 interval_ns=1000002416 state=Locked missed=0 (pico_gnss pico-gnss-rs/src/main.rs:161)
154.987103 [INFO ] NMEA $GPZDA,094107.000,08,06,2026,,*55 (pico_gnss pico-gnss-rs/src/main.rs:372)
155.032833 [INFO ] NMEA $GPGST,094107.000,8.6,20,13,91.0,13,20,27*71 (pico_gnss pico-gnss-rs/src/main.rs:372)
155.204137 [INFO ] TIME unix_ns=1780911668229749027 ppb=2418 holdover_ms=1229 locked=1 (pico_gnss pico-gnss-rs/src/main.rs:195)
155.240150 [INFO ] NMEA $GPGGA,094108.000,0000.0000,N,00000.0000,E,1,9,1.22,39.4,M,39.0,M,,*6A (pico_gnss pico-gnss-rs/src/main.rs:372)
155.298467 [INFO ] NMEA $GNGLL,0000.0000,N,00000.0000,E,094108.000,A,A*4D (pico_gnss pico-gnss-rs/src/main.rs:372)
155.356868 [INFO ] NMEA $GNGSA,A,3,05,20,22,15,14,23,,,,,,,1.50,1.22,0.88*1E (pico_gnss pico-gnss-rs/src/main.rs:372)
155.386442 [INFO ] NMEA $GNGSA,A,3,70,73,80,,,,,,,,,,1.50,1.22,0.88*12 (pico_gnss pico-gnss-rs/src/main.rs:372)
155.468650 [INFO ] NMEA $GPGSV,4,1,14,24,82,261,,15,62,049,29,23,48,317,13,20,38,069,21*79 (pico_gnss pico-gnss-rs/src/main.rs:372)
155.556099 [INFO ] NMEA $GPGSV,4,2,14,18,36,247,,05,30,140,20,22,17,052,17,12,15,165,15*70 (pico_gnss pico-gnss-rs/src/main.rs:372)
155.614664 [INFO ] NMEA $GPGSV,4,3,14,10,13,317,,14,09,040,16,21,02,136,18,193,,,*75 (pico_gnss pico-gnss-rs/src/main.rs:372)
155.644014 [INFO ] NMEA $GPGSV,4,4,14,194,,,,195,,,*7D (pico_gnss pico-gnss-rs/src/main.rs:372)
155.706718 [INFO ] NMEA $GLGSV,3,1,09,73,54,147,16,71,47,338,,80,43,051,27,70,40,071,23*69 (pico_gnss pico-gnss-rs/src/main.rs:372)
155.765265 [INFO ] NMEA $GLGSV,3,2,09,86,24,265,,87,21,307,,74,14,183,,72,07,300,*61 (pico_gnss pico-gnss-rs/src/main.rs:372)
155.794572 [INFO ] NMEA $GLGSV,3,3,09,85,02,208,*59 (pico_gnss pico-gnss-rs/src/main.rs:372)
155.881943 [INFO ] NMEA $GNRMC,094108.000,A,0000.0000,N,00000.0000,E,1.04,275.96,080626,,,A*7A (pico_gnss pico-gnss-rs/src/main.rs:372)
155.884519 [INFO ] SYNC pps_local_us=154967976 unix_s=1780911668 drift_us=2 err_ns=-2 holdover_ms=999 (pico_gnss pico-gnss-rs/src/main.rs:403)
155.911632 [INFO ] NMEA $GPVTG,275.96,T,,M,1.04,N,1.93,K,A*3C (pico_gnss pico-gnss-rs/src/main.rs:372)
155.962629 [INFO ] PPSGEN count=158 interval_ns=1000002448 dev_ns=2448 phase_ns=-11798389 (pico_gnss pico-gnss-rs/src/main.rs:246)
155.969528 [INFO ] NMEA $GPZDA,094108.000,08,06,2026,,*5A (pico_gnss pico-gnss-rs/src/main.rs:372)
155.974373 [INFO ] PPS count=157 interval_us=1000002 interval_ns=1000002416 state=Locked missed=0 (pico_gnss pico-gnss-rs/src/main.rs:161)
155.996916 [INFO ] NMEA $GPGST,094108.000,8.6,20,13,91.2,13,20,26*7D (pico_gnss pico-gnss-rs/src/main.rs:372)
156.205388 [INFO ] TIME unix_ns=1780911669231010024 ppb=2418 holdover_ms=1231 locked=1 (pico_gnss pico-gnss-rs/src/main.rs:195)
156.259263 [INFO ] NMEA $GPGGA,094109.000,0000.0000,N,00000.0000,E,1,9,1.22,39.5,M,39.0,M,,*63 (pico_gnss pico-gnss-rs/src/main.rs:372)
156.317562 [INFO ] NMEA $GNGLL,0000.0000,N,00000.0000,E,094109.000,A,A*45 (pico_gnss pico-gnss-rs/src/main.rs:372)
156.375983 [INFO ] NMEA $GNGSA,A,3,05,20,22,15,14,23,,,,,,,1.50,1.22,0.88*1E (pico_gnss pico-gnss-rs/src/main.rs:372)
156.418853 [INFO ] NMEA $GNGSA,A,3,70,73,80,,,,,,,,,,1.50,1.22,0.88*12 (pico_gnss pico-gnss-rs/src/main.rs:372)
156.477506 [INFO ] NMEA $GPGSV,4,1,14,24,82,261,,15,62,049,29,23,48,317,14,20,38,069,21*7E (pico_gnss pico-gnss-rs/src/main.rs:372)
156.564910 [INFO ] NMEA $GPGSV,4,2,14,18,36,247,,05,30,140,20,22,17,052,17,12,15,165,16*73 (pico_gnss pico-gnss-rs/src/main.rs:372)
156.623518 [INFO ] NMEA $GPGSV,4,3,14,10,13,317,,14,09,040,16,21,02,136,18,193,,,*75 (pico_gnss pico-gnss-rs/src/main.rs:372)
156.652826 [INFO ] NMEA $GPGSV,4,4,14,194,,,,195,,,*7D (pico_gnss pico-gnss-rs/src/main.rs:372)
156.744299 [INFO ] NMEA $GLGSV,3,1,09,73,54,147,13,71,47,338,,80,43,051,27,70,40,071,22*6D (pico_gnss pico-gnss-rs/src/main.rs:372)
156.802849 [INFO ] NMEA $GLGSV,3,2,09,86,24,265,,87,21,307,,74,14,183,,72,07,300,*61 (pico_gnss pico-gnss-rs/src/main.rs:372)
156.832156 [INFO ] NMEA $GLGSV,3,3,09,85,02,208,*59 (pico_gnss pico-gnss-rs/src/main.rs:372)
156.890767 [INFO ] NMEA $GNRMC,094109.000,A,0000.0000,N,00000.0000,E,0.97,288.61,080626,,,A*73 (pico_gnss pico-gnss-rs/src/main.rs:372)
156.893345 [INFO ] SYNC pps_local_us=155967978 unix_s=1780911669 drift_us=2 err_ns=-2 holdover_ms=1000 (pico_gnss pico-gnss-rs/src/main.rs:403)
156.952978 [INFO ] NMEA $GPVTG,288.61,T,,M,0.97,N,1.80,K,A*3F (pico_gnss pico-gnss-rs/src/main.rs:372)
156.962710 [INFO ] PPSGEN count=159 interval_ns=1000002432 dev_ns=2432 phase_ns=-11791389 (pico_gnss pico-gnss-rs/src/main.rs:246)
156.974350 [INFO ] PPS count=158 interval_us=1000002 interval_ns=1000002416 state=Locked missed=0 (pico_gnss pico-gnss-rs/src/main.rs:161)
156.982593 [INFO ] NMEA $GPZDA,094109.000,08,06,2026,,*5B (pico_gnss pico-gnss-rs/src/main.rs:372)
157.011813 [INFO ] NMEA $GPGST,094109.000,8.6,20,13,91.1,13,20,27*7E (pico_gnss pico-gnss-rs/src/main.rs:372)
157.206642 [INFO ] TIME unix_ns=1780911670232250021 ppb=2418 holdover_ms=1232 locked=1 (pico_gnss pico-gnss-rs/src/main.rs:195)
157.366057 [INFO ] NMEA $GPGGA,094110.000,0000.0000,N,00000.0000,E,1,9,1.22,39.4,M,39.0,M,,*6A (pico_gnss pico-gnss-rs/src/main.rs:372)
157.424388 [INFO ] NMEA $GNGLL,0000.0000,N,00000.0000,E,094110.000,A,A*4D (pico_gnss pico-gnss-rs/src/main.rs:372)
157.485872 [INFO ] NMEA $GNGSA,A,3,05,20,22,15,14,23,,,,,,,1.50,1.22,0.88*1E (pico_gnss pico-gnss-rs/src/main.rs:372)
157.515496 [INFO ] NMEA $GNGSA,A,3,70,73,80,,,,,,,,,,1.50,1.22,0.88*12 (pico_gnss pico-gnss-rs/src/main.rs:372)
157.602832 [INFO ] NMEA $GPGSV,4,1,14,24,82,261,,15,62,049,29,23,48,317,14,20,38,069,21*7E (pico_gnss pico-gnss-rs/src/main.rs:372)
157.661473 [INFO ] NMEA $GPGSV,4,2,14,18,36,247,,05,30,140,21,22,17,052,17,12,15,165,16*72 (pico_gnss pico-gnss-rs/src/main.rs:372)
157.720046 [INFO ] NMEA $GPGSV,4,3,14,10,13,317,,14,09,040,16,21,02,136,18,193,,,*75 (pico_gnss pico-gnss-rs/src/main.rs:372)
157.753457 [INFO ] NMEA $GPGSV,4,4,14,194,,,,195,,,*7D (pico_gnss pico-gnss-rs/src/main.rs:372)
157.840849 [INFO ] NMEA $GLGSV,3,1,09,73,54,147,15,71,47,338,,80,43,051,27,70,40,071,22*6B (pico_gnss pico-gnss-rs/src/main.rs:372)
157.899371 [INFO ] NMEA $GLGSV,3,2,09,86,24,265,,87,21,307,,74,14,183,,72,07,300,*61 (pico_gnss pico-gnss-rs/src/main.rs:372)
157.928598 [INFO ] NMEA $GLGSV,3,3,09,85,02,208,*59 (pico_gnss pico-gnss-rs/src/main.rs:372)
157.962658 [INFO ] PPSGEN count=160 interval_ns=1000002448 dev_ns=2448 phase_ns=-11821807 (pico_gnss pico-gnss-rs/src/main.rs:246)
157.974332 [INFO ] PPS count=159 interval_us=1000002 interval_ns=1000002416 state=Locked missed=0 (pico_gnss pico-gnss-rs/src/main.rs:161)
158.019981 [INFO ] NMEA $GNRMC,094110.000,A,0000.0000,N,00000.0000,E,0.50,288.61,080626,,,A*70 (pico_gnss pico-gnss-rs/src/main.rs:372)
158.022598 [INFO ] SYNC pps_local_us=157967983 unix_s=1780911670 drift_us=2 err_ns=-4 holdover_ms=1999 (pico_gnss pico-gnss-rs/src/main.rs:403)
158.049638 [INFO ] NMEA $GPVTG,288.61,T,,M,0.50,N,0.92,K,A*36 (pico_gnss pico-gnss-rs/src/main.rs:372)
158.078680 [INFO ] NMEA $GPZDA,094110.000,08,06,2026,,*53 (pico_gnss pico-gnss-rs/src/main.rs:372)
158.122323 [INFO ] NMEA $GPGST,094110.000,8.6,20,13,91.1,13,20,27*76 (pico_gnss pico-gnss-rs/src/main.rs:372)
158.207862 [INFO ] TIME unix_ns=1780911670233525436 ppb=2418 holdover_ms=233 locked=1 (pico_gnss pico-gnss-rs/src/main.rs:195)
158.326952 [INFO ] NMEA $GPGGA,094111.000,0000.0000,N,00000.0000,E,1,9,1.22,39.3,M,39.0,M,,*68 (pico_gnss pico-gnss-rs/src/main.rs:372)
158.385272 [INFO ] NMEA $GNGLL,0000.0000,N,00000.0000,E,094111.000,A,A*48 (pico_gnss pico-gnss-rs/src/main.rs:372)
158.436502 [INFO ] NMEA $GNGSA,A,3,05,20,22,15,14,23,,,,,,,1.50,1.22,0.88*1E (pico_gnss pico-gnss-rs/src/main.rs:372)
158.494920 [INFO ] NMEA $GNGSA,A,3,70,73,80,,,,,,,,,,1.50,1.22,0.88*12 (pico_gnss pico-gnss-rs/src/main.rs:372)
158.553517 [INFO ] NMEA $GPGSV,4,1,14,24,82,261,,15,62,049,29,23,48,317,14,20,38,069,21*7E (pico_gnss pico-gnss-rs/src/main.rs:372)
158.640976 [INFO ] NMEA $GPGSV,4,2,14,18,36,247,,05,30,140,21,22,17,052,17,12,15,165,16*72 (pico_gnss pico-gnss-rs/src/main.rs:372)
158.703602 [INFO ] NMEA $GPGSV,4,3,14,10,13,317,,14,09,040,15,21,02,136,18,193,,,*76 (pico_gnss pico-gnss-rs/src/main.rs:372)
158.732974 [INFO ] NMEA $GPGSV,4,4,14,194,,,,195,,,*7D (pico_gnss pico-gnss-rs/src/main.rs:372)
158.791564 [INFO ] NMEA $GLGSV,3,1,09,73,54,147,15,71,47,338,,80,43,051,28,70,40,071,22*64 (pico_gnss pico-gnss-rs/src/main.rs:372)
158.850112 [INFO ] NMEA $GLGSV,3,2,09,86,24,265,,87,21,307,,74,14,183,,72,07,300,*61 (pico_gnss pico-gnss-rs/src/main.rs:372)
158.879411 [INFO ] NMEA $GLGSV,3,3,09,85,02,208,*59 (pico_gnss pico-gnss-rs/src/main.rs:372)
158.962687 [INFO ] PPSGEN count=161 interval_ns=1000002432 dev_ns=2432 phase_ns=-11797389 (pico_gnss pico-gnss-rs/src/main.rs:246)
158.971049 [INFO ] NMEA $GNRMC,094111.000,A,0000.0000,N,00000.0000,E,1.27,355.58,080626,,,A*7F (pico_gnss pico-gnss-rs/src/main.rs:372)
158.974499 [INFO ] PPS count=160 interval_us=1000002 interval_ns=1000002416 state=Locked missed=0 (pico_gnss pico-gnss-rs/src/main.rs:161)
159.000442 [INFO ] NMEA $GPVTG,355.58,T,,M,1.27,N,2.35,K,A*33 (pico_gnss pico-gnss-rs/src/main.rs:372)
159.058105 [INFO ] NMEA $GPZDA,094111.000,08,06,2026,,*52 (pico_gnss pico-gnss-rs/src/main.rs:372)
159.083618 [INFO ] NMEA $GPGST,094111.000,8.5,20,13,90.9,13,20,26*7C (pico_gnss pico-gnss-rs/src/main.rs:372)
159.209050 [INFO ] TIME unix_ns=1780911671234697015 ppb=2418 holdover_ms=1234 locked=1 (pico_gnss pico-gnss-rs/src/main.rs:195)
159.295935 [INFO ] NMEA $GPGGA,094112.000,0000.0000,N,00000.0000,E,1,9,1.22,39.1,M,39.0,M,,*64 (pico_gnss pico-gnss-rs/src/main.rs:372)
159.336789 [INFO ] NMEA $GNGLL,0000.0000,N,00000.0000,E,094112.000,A,A*46 (pico_gnss pico-gnss-rs/src/main.rs:372)
159.395251 [INFO ] NMEA $GNGSA,A,3,05,20,22,15,14,23,,,,,,,1.50,1.22,0.88*1E (pico_gnss pico-gnss-rs/src/main.rs:372)
159.453522 [INFO ] NMEA $GNGSA,A,3,70,73,80,,,,,,,,,,1.50,1.22,0.88*12 (pico_gnss pico-gnss-rs/src/main.rs:372)
159.540934 [INFO ] NMEA $GPGSV,4,1,14,24,82,261,,15,62,049,30,23,48,317,14,20,38,069,21*76 (pico_gnss pico-gnss-rs/src/main.rs:372)
159.603713 [INFO ] NMEA $GPGSV,4,2,14,18,36,247,,05,30,140,21,22,17,052,16,12,15,165,16*73 (pico_gnss pico-gnss-rs/src/main.rs:372)
159.662297 [INFO ] NMEA $GPGSV,4,3,14,10,13,317,,14,09,040,15,21,02,136,19,193,,,*77 (pico_gnss pico-gnss-rs/src/main.rs:372)
159.691596 [INFO ] NMEA $GPGSV,4,4,14,194,,,,195,,,*7D (pico_gnss pico-gnss-rs/src/main.rs:372)
159.779005 [INFO ] NMEA $GLGSV,3,1,09,73,54,147,15,71,47,338,,80,43,051,28,70,40,071,22*64 (pico_gnss pico-gnss-rs/src/main.rs:372)
159.837561 [INFO ] NMEA $GLGSV,3,2,09,86,24,265,,87,21,307,,74,14,183,,72,07,300,*61 (pico_gnss pico-gnss-rs/src/main.rs:372)
159.870896 [INFO ] NMEA $GLGSV,3,3,09,85,02,208,*59 (pico_gnss pico-gnss-rs/src/main.rs:372)
159.929478 [INFO ] NMEA $GNRMC,094112.000,A,0000.0000,N,00000.0000,E,1.43,338.29,080626,,,A*7E (pico_gnss pico-gnss-rs/src/main.rs:372)
159.932033 [INFO ] SYNC pps_local_us=158967985 unix_s=1780911672 drift_us=2 err_ns=-2 holdover_ms=1000 (pico_gnss pico-gnss-rs/src/main.rs:403)
159.962661 [INFO ] PPSGEN count=162 interval_ns=1000002448 dev_ns=2448 phase_ns=-11833389 (pico_gnss pico-gnss-rs/src/main.rs:246)
159.974330 [INFO ] PPS count=161 interval_us=1000002 interval_ns=1000002416 state=Locked missed=0 (pico_gnss pico-gnss-rs/src/main.rs:161)
159.987940 [INFO ] NMEA $GPVTG,338.29,T,,M,1.43,N,2.65,K,A*39 (pico_gnss pico-gnss-rs/src/main.rs:372)
160.016971 [INFO ] NMEA $GPZDA,094112.000,08,06,2026,,*51 (pico_gnss pico-gnss-rs/src/main.rs:372)
160.052231 [INFO ] NMEA $GPGST,094112.000,8.5,20,13,91.0,13,20,26*77 (pico_gnss pico-gnss-rs/src/main.rs:372)
160.210292 [INFO ] TIME unix_ns=1780911673235869012 ppb=2418 holdover_ms=1235 locked=1 (pico_gnss pico-gnss-rs/src/main.rs:195)
160.262318 [INFO ] NMEA $GPGGA,094113.000,0000.0000,N,00000.0000,E,1,9,1.22,38.9,M,39.0,M,,*67 (pico_gnss pico-gnss-rs/src/main.rs:372)
160.320649 [INFO ] NMEA $GNGLL,0000.0000,N,00000.0000,E,094113.000,A,A*4C (pico_gnss pico-gnss-rs/src/main.rs:372)
160.379103 [INFO ] NMEA $GNGSA,A,3,05,20,22,15,14,23,,,,,,,1.50,1.22,0.88*1E (pico_gnss pico-gnss-rs/src/main.rs:372)
160.408707 [INFO ] NMEA $GNGSA,A,3,70,73,80,,,,,,,,,,1.50,1.22,0.88*12 (pico_gnss pico-gnss-rs/src/main.rs:372)
160.496048 [INFO ] NMEA $GPGSV,4,1,14,24,82,261,,15,62,049,30,23,48,317,14,20,38,069,21*76 (pico_gnss pico-gnss-rs/src/main.rs:372)
160.558815 [INFO ] NMEA $GPGSV,4,2,14,18,36,247,,05,30,140,21,22,17,052,16,12,15,165,16*73 (pico_gnss pico-gnss-rs/src/main.rs:372)
160.617358 [INFO ] NMEA $GPGSV,4,3,14,10,13,317,,14,09,040,15,21,02,136,19,193,,,*77 (pico_gnss pico-gnss-rs/src/main.rs:372)
160.675438 [INFO ] NMEA $GPGSV,4,4,14,194,,,,195,,,*7D (pico_gnss pico-gnss-rs/src/main.rs:372)
160.734071 [INFO ] NMEA $GLGSV,3,1,09,73,54,147,15,71,47,338,,80,43,051,28,70,40,071,22*64 (pico_gnss pico-gnss-rs/src/main.rs:372)
160.796742 [INFO ] NMEA $GLGSV,3,2,09,86,24,265,,87,21,307,,74,14,183,,72,07,300,*61 (pico_gnss pico-gnss-rs/src/main.rs:372)
160.826067 [INFO ] NMEA $GLGSV,3,3,09,85,02,208,*59 (pico_gnss pico-gnss-rs/src/main.rs:372)
160.913364 [INFO ] NMEA $GNRMC,094113.000,A,0000.0000,N,00000.0000,E,1.51,298.20,080626,,,A*75 (pico_gnss pico-gnss-rs/src/main.rs:372)
160.915924 [INFO ] SYNC pps_local_us=159967988 unix_s=1780911673 drift_us=2 err_ns=-2 holdover_ms=999 (pico_gnss pico-gnss-rs/src/main.rs:403)
160.943070 [INFO ] NMEA $GPVTG,298.20,T,,M,1.51,N,2.80,K,A*33 (pico_gnss pico-gnss-rs/src/main.rs:372)
160.972122 [INFO ] NMEA $GPZDA,094113.000,08,06,2026,,*50 (pico_gnss pico-gnss-rs/src/main.rs:372)
160.974395 [INFO ] PPS count=162 interval_us=1000002 interval_ns=1000002432 state=Locked missed=0 (pico_gnss pico-gnss-rs/src/main.rs:161)
160.978940 [INFO ] PPSGEN count=163 interval_ns=1016395136 dev_ns=16395136 phase_ns=4555571 (pico_gnss pico-gnss-rs/src/main.rs:246)
161.017935 [INFO ] NMEA $GPGST,094113.000,8.4,20,12,91.0,13,20,26*76 (pico_gnss pico-gnss-rs/src/main.rs:372)
161.211493 [INFO ] TIME unix_ns=1780911674237158008 ppb=2418 holdover_ms=1237 locked=1 (pico_gnss pico-gnss-rs/src/main.rs:195)
161.366846 [INFO ] NMEA $GPGGA,094114.000,0000.0000,N,00000.0000,E,1,9,1.22,38.8,M,39.0,M,,*67 (pico_gnss pico-gnss-rs/src/main.rs:372)
161.425242 [INFO ] NMEA $GNGLL,0000.0000,N,00000.0000,E,094114.000,A,A*4D (pico_gnss pico-gnss-rs/src/main.rs:372)
161.483641 [INFO ] NMEA $GNGSA,A,3,05,20,22,15,14,23,,,,,,,1.50,1.22,0.88*1E (pico_gnss pico-gnss-rs/src/main.rs:372)
161.541975 [INFO ] NMEA $GNGSA,A,3,70,73,80,,,,,,,,,,1.50,1.22,0.88*12 (pico_gnss pico-gnss-rs/src/main.rs:372)
161.604681 [INFO ] NMEA $GPGSV,4,1,14,24,82,261,,15,62,049,30,23,48,317,14,20,38,069,21*76 (pico_gnss pico-gnss-rs/src/main.rs:372)
161.692130 [INFO ] NMEA $GPGSV,4,2,14,18,36,247,,05,30,140,21,22,17,052,15,12,15,165,16*70 (pico_gnss pico-gnss-rs/src/main.rs:372)
161.750691 [INFO ] NMEA $GPGSV,4,3,14,10,13,317,,14,09,040,15,21,02,136,19,193,,,*77 (pico_gnss pico-gnss-rs/src/main.rs:372)
161.780050 [INFO ] NMEA $GPGSV,4,4,14,194,,,,195,,,*7D (pico_gnss pico-gnss-rs/src/main.rs:372)
161.838607 [INFO ] NMEA $GLGSV,3,1,09,73,54,147,16,71,47,338,,80,43,051,28,70,40,071,23*66 (pico_gnss pico-gnss-rs/src/main.rs:372)
161.901194 [INFO ] NMEA $GLGSV,3,2,09,86,24,265,,87,21,307,,74,14,183,,72,07,300,*61 (pico_gnss pico-gnss-rs/src/main.rs:372)
161.930451 [INFO ] NMEA $GLGSV,3,3,09,85,02,208,*59 (pico_gnss pico-gnss-rs/src/main.rs:372)
161.974389 [INFO ] PPS count=163 interval_us=1000002 interval_ns=1000002416 state=Locked missed=0 (pico_gnss pico-gnss-rs/src/main.rs:161)
161.978981 [INFO ] PPSGEN count=164 interval_ns=1000002448 dev_ns=2448 phase_ns=4551153 (pico_gnss pico-gnss-rs/src/main.rs:246)
162.017797 [INFO ] NMEA $GNRMC,094114.000,A,0000.0000,N,00000.0000,E,1.23,305.77,080626,,,A*76 (pico_gnss pico-gnss-rs/src/main.rs:372)
162.020381 [INFO ] SYNC pps_local_us=161967993 unix_s=1780911674 drift_us=2 err_ns=12 holdover_ms=2000 (pico_gnss pico-gnss-rs/src/main.rs:403)
162.047371 [INFO ] NMEA $GPVTG,305.77,T,,M,1.23,N,2.29,K,A*32 (pico_gnss pico-gnss-rs/src/main.rs:372)
162.105056 [INFO ] NMEA $GPZDA,094114.000,08,06,2026,,*57 (pico_gnss pico-gnss-rs/src/main.rs:372)
162.132913 [INFO ] NMEA $GPGST,094114.000,8.4,20,12,91.2,12,20,26*72 (pico_gnss pico-gnss-rs/src/main.rs:372)
162.212701 [INFO ] TIME unix_ns=1780911674238348424 ppb=2418 holdover_ms=238 locked=1 (pico_gnss pico-gnss-rs/src/main.rs:195)
162.386140 [INFO ] NMEA $GPGGA,094115.000,0000.0000,N,00000.0000,E,1,9,1.22,38.7,M,39.0,M,,*69 (pico_gnss pico-gnss-rs/src/main.rs:372)
162.444480 [INFO ] NMEA $GNGLL,0000.0000,N,00000.0000,E,094115.000,A,A*4C (pico_gnss pico-gnss-rs/src/main.rs:372)
162.502933 [INFO ] NMEA $GNGSA,A,3,05,20,22,15,14,23,,,,,,,1.50,1.22,0.88*1E (pico_gnss pico-gnss-rs/src/main.rs:372)
162.532512 [INFO ] NMEA $GNGSA,A,3,70,73,80,,,,,,,,,,1.50,1.22,0.88*12 (pico_gnss pico-gnss-rs/src/main.rs:372)
162.604428 [INFO ] NMEA $GPGSV,4,1,14,24,82,261,,15,62,049,30,23,48,317,14,20,38,069,20*77 (pico_gnss pico-gnss-rs/src/main.rs:372)
162.691850 [INFO ] NMEA $GPGSV,4,2,14,18,36,247,,05,30,140,21,22,17,052,15,12,15,165,16*70 (pico_gnss pico-gnss-rs/src/main.rs:372)
162.750450 [INFO ] NMEA $GPGSV,4,3,14,10,13,317,,14,09,040,16,21,02,136,19,193,,,*74 (pico_gnss pico-gnss-rs/src/main.rs:372)
162.779760 [INFO ] NMEA $GPGSV,4,4,14,194,,,,195,,,*7D (pico_gnss pico-gnss-rs/src/main.rs:372)
162.871195 [INFO ] NMEA $GLGSV,3,1,09,73,54,147,16,71,47,338,,80,43,051,28,70,40,071,23*66 (pico_gnss pico-gnss-rs/src/main.rs:372)
162.929659 [INFO ] NMEA $GLGSV,3,2,09,86,24,265,,87,21,307,,74,14,183,,72,07,300,*61 (pico_gnss pico-gnss-rs/src/main.rs:372)
162.958882 [INFO ] NMEA $GLGSV,3,3,09,85,02,208,*59 (pico_gnss pico-gnss-rs/src/main.rs:372)
162.974407 [INFO ] PPS count=164 interval_us=1000002 interval_ns=1000002416 state=Locked missed=0 (pico_gnss pico-gnss-rs/src/main.rs:161)
162.979000 [INFO ] PPSGEN count=165 interval_ns=1000002432 dev_ns=2432 phase_ns=4550571 (pico_gnss pico-gnss-rs/src/main.rs:246)
163.017520 [INFO ] NMEA $GNRMC,094115.000,A,0000.0000,N,00000.0000,E,0.64,312.66,080626,,,A*73 (pico_gnss pico-gnss-rs/src/main.rs:372)
163.020087 [INFO ] SYNC pps_local_us=162967995 unix_s=1780911675 drift_us=2 err_ns=-2 holdover_ms=1000 (pico_gnss pico-gnss-rs/src/main.rs:403)
163.075569 [INFO ] NMEA $GPVTG,312.66,T,,M,0.64,N,1.18,K,A*37 (pico_gnss pico-gnss-rs/src/main.rs:372)
163.108882 [INFO ] NMEA $GPZDA,094115.000,08,06,2026,,*56 (pico_gnss pico-gnss-rs/src/main.rs:372)
163.138356 [INFO ] NMEA $GPGST,094115.000,8.3,20,12,91.3,12,20,26*75 (pico_gnss pico-gnss-rs/src/main.rs:372)
163.213911 [INFO ] TIME unix_ns=1780911675239525421 ppb=2418 holdover_ms=239 locked=1 (pico_gnss pico-gnss-rs/src/main.rs:195)
163.342228 [INFO ] NMEA $GPGGA,094116.000,0000.0000,N,00000.0000,E,1,9,1.22,38.5,M,39.0,M,,*6A (pico_gnss pico-gnss-rs/src/main.rs:372)
163.400564 [INFO ] NMEA $GNGLL,0000.0000,N,00000.0000,E,094116.000,A,A*4D (pico_gnss pico-gnss-rs/src/main.rs:372)
163.459008 [INFO ] NMEA $GNGSA,A,3,05,20,22,15,14,23,,,,,,,1.50,1.22,0.88*1E (pico_gnss pico-gnss-rs/src/main.rs:372)
163.491631 [INFO ] NMEA $GNGSA,A,3,70,73,80,,,,,,,,,,1.50,1.22,0.88*12 (pico_gnss pico-gnss-rs/src/main.rs:372)
163.579032 [INFO ] NMEA $GPGSV,4,1,14,24,82,261,,15,62,049,30,23,48,317,14,20,38,069,20*77 (pico_gnss pico-gnss-rs/src/main.rs:372)
163.637654 [INFO ] NMEA $GPGSV,4,2,14,18,36,247,,05,30,140,21,22,17,052,15,12,15,165,16*70 (pico_gnss pico-gnss-rs/src/main.rs:372)
163.696232 [INFO ] NMEA $GPGSV,4,3,14,10,13,317,,14,09,040,16,21,02,136,19,193,,,*74 (pico_gnss pico-gnss-rs/src/main.rs:372)
163.754228 [INFO ] NMEA $GPGSV,4,4,14,194,,,,195,,,*7D (pico_gnss pico-gnss-rs/src/main.rs:372)
163.817049 [INFO ] NMEA $GLGSV,3,1,09,73,54,147,16,71,47,338,,80,43,051,28,70,40,071,23*66 (pico_gnss pico-gnss-rs/src/main.rs:372)
163.875574 [INFO ] NMEA $GLGSV,3,2,09,86,24,265,,87,21,307,,74,14,183,,72,07,300,*61 (pico_gnss pico-gnss-rs/src/main.rs:372)
163.904839 [INFO ] NMEA $GLGSV,3,3,09,85,02,208,*59 (pico_gnss pico-gnss-rs/src/main.rs:372)
163.974399 [INFO ] PPS count=165 interval_us=1000002 interval_ns=1000002416 state=Locked missed=0 (pico_gnss pico-gnss-rs/src/main.rs:161)
163.978985 [INFO ] PPSGEN count=166 interval_ns=1000002448 dev_ns=2448 phase_ns=4519571 (pico_gnss pico-gnss-rs/src/main.rs:246)
163.992466 [INFO ] NMEA $GNRMC,094116.000,A,0000.0000,N,00000.0000,E,0.04,312.66,080626,,,A*74 (pico_gnss pico-gnss-rs/src/main.rs:372)
163.995006 [INFO ] SYNC pps_local_us=163967997 unix_s=1780911676 drift_us=2 err_ns=-2 holdover_ms=999 (pico_gnss pico-gnss-rs/src/main.rs:403)
164.025618 [INFO ] NMEA $GPVTG,312.66,T,,M,0.04,N,0.08,K,A*31 (pico_gnss pico-gnss-rs/src/main.rs:372)
164.054896 [INFO ] NMEA $GPZDA,094116.000,08,06,2026,,*55 (pico_gnss pico-gnss-rs/src/main.rs:372)
164.098570 [INFO ] NMEA $GPGST,094116.000,8.2,20,12,91.2,12,20,26*76 (pico_gnss pico-gnss-rs/src/main.rs:372)
164.215113 [INFO ] TIME unix_ns=1780911676240752418 ppb=2418 holdover_ms=240 locked=1 (pico_gnss pico-gnss-rs/src/main.rs:195)
164.290102 [INFO ] NMEA $GPGGA,094117.000,0000.0000,N,00000.0000,E,1,9,1.22,38.3,M,39.0,M,,*62 (pico_gnss pico-gnss-rs/src/main.rs:372)
164.348459 [INFO ] NMEA $GNGLL,0000.0000,N,00000.0000,E,094117.000,A,A*43 (pico_gnss pico-gnss-rs/src/main.rs:372)
164.399682 [INFO ] NMEA $GNGSA,A,3,05,20,22,15,14,23,,,,,,,1.50,1.22,0.88*1E (pico_gnss pico-gnss-rs/src/main.rs:372)
164.458013 [INFO ] NMEA $GNGSA,A,3,70,73,80,,,,,,,,,,1.50,1.22,0.88*12 (pico_gnss pico-gnss-rs/src/main.rs:372)
164.516611 [INFO ] NMEA $GPGSV,4,1,14,24,82,261,,15,62,049,30,23,48,317,13,20,38,069,19*7A (pico_gnss pico-gnss-rs/src/main.rs:372)
164.604066 [INFO ] NMEA $GPGSV,4,2,14,18,36,247,,05,30,140,21,22,17,052,15,12,15,165,16*70 (pico_gnss pico-gnss-rs/src/main.rs:372)
164.666713 [INFO ] NMEA $GPGSV,4,3,14,10,13,317,,14,09,040,17,21,02,136,19,193,,,*75 (pico_gnss pico-gnss-rs/src/main.rs:372)
164.696109 [INFO ] NMEA $GPGSV,4,4,14,194,,,,195,,,*7D (pico_gnss pico-gnss-rs/src/main.rs:372)
164.754690 [INFO ] NMEA $GLGSV,3,1,09,73,54,147,16,71,47,338,,80,43,051,28,70,40,071,23*66 (pico_gnss pico-gnss-rs/src/main.rs:372)
164.813229 [INFO ] NMEA $GLGSV,3,2,09,86,24,265,,87,21,307,,74,14,183,,72,07,300,*61 (pico_gnss pico-gnss-rs/src/main.rs:372)
164.842565 [INFO ] NMEA $GLGSV,3,3,09,85,02,208,*59 (pico_gnss pico-gnss-rs/src/main.rs:372)
164.933906 [INFO ] NMEA $GNRMC,094117.000,A,0000.0000,N,00000.0000,E,0.54,312.66,080626,,,A*7F (pico_gnss pico-gnss-rs/src/main.rs:372)
164.963510 [INFO ] NMEA $GPVTG,312.66,T,,M,0.54,N,0.99,K,A*3C (pico_gnss pico-gnss-rs/src/main.rs:372)
164.974443 [INFO ] PPS count=166 interval_us=1000002 interval_ns=1000002416 state=Locked missed=0 (pico_gnss pico-gnss-rs/src/main.rs:161)
164.979073 [INFO ] PPSGEN count=167 interval_ns=1000002432 dev_ns=2432 phase_ns=4558571 (pico_gnss pico-gnss-rs/src/main.rs:246)
165.021366 [INFO ] NMEA $GPZDA,094117.000,08,06,2026,,*54 (pico_gnss pico-gnss-rs/src/main.rs:372)
165.046837 [INFO ] NMEA $GPGST,094117.000,8.2,22,12,92.8,12,21,27*7C (pico_gnss pico-gnss-rs/src/main.rs:372)
165.216326 [INFO ] TIME unix_ns=1780911677241938997 ppb=2418 holdover_ms=1241 locked=1 (pico_gnss pico-gnss-rs/src/main.rs:195)
165.235579 [INFO ] NMEA $GPGGA,094118.000,0000.0000,N,00000.0000,E,1,9,1.22,38.1,M,39.0,M,,*68 (pico_gnss pico-gnss-rs/src/main.rs:372)
165.293580 [INFO ] NMEA $GNGLL,0000.0000,N,00000.0000,E,094118.000,A,A*4B (pico_gnss pico-gnss-rs/src/main.rs:372)
165.334580 [INFO ] NMEA $GNGSA,A,3,05,20,22,15,14,23,,,,,,,1.50,1.22,0.88*1E (pico_gnss pico-gnss-rs/src/main.rs:372)
165.392894 [INFO ] NMEA $GNGSA,A,3,70,73,80,,,,,,,,,,1.50,1.22,0.88*12 (pico_gnss pico-gnss-rs/src/main.rs:372)
165.480276 [INFO ] NMEA $GPGSV,4,1,14,24,82,261,,15,62,049,30,23,48,317,13,20,38,069,19*7A (pico_gnss pico-gnss-rs/src/main.rs:372)
165.538960 [INFO ] NMEA $GPGSV,4,2,14,18,36,247,,05,30,140,21,22,17,052,14,12,15,165,16*71 (pico_gnss pico-gnss-rs/src/main.rs:372)
165.601646 [INFO ] NMEA $GPGSV,4,3,14,10,13,317,,14,09,040,16,21,02,136,19,193,,,*74 (pico_gnss pico-gnss-rs/src/main.rs:372)
165.630963 [INFO ] NMEA $GPGSV,4,4,14,194,,,,195,,,*7D (pico_gnss pico-gnss-rs/src/main.rs:372)
165.718333 [INFO ] NMEA $GLGSV,3,1,09,73,54,147,16,71,47,338,,80,43,051,28,70,40,071,23*66 (pico_gnss pico-gnss-rs/src/main.rs:372)
165.776872 [INFO ] NMEA $GLGSV,3,2,09,86,24,265,,87,21,307,,74,14,183,,72,07,300,*61 (pico_gnss pico-gnss-rs/src/main.rs:372)
165.806200 [INFO ] NMEA $GLGSV,3,3,09,85,02,208,*59 (pico_gnss pico-gnss-rs/src/main.rs:372)
165.869095 [INFO ] NMEA $GNRMC,094118.000,A,0000.0000,N,00000.0000,E,0.43,312.66,080626,,,A*71 (pico_gnss pico-gnss-rs/src/main.rs:372)
165.871680 [INFO ] SYNC pps_local_us=164968000 unix_s=1780911678 drift_us=2 err_ns=-2 holdover_ms=1000 (pico_gnss pico-gnss-rs/src/main.rs:403)
165.927230 [INFO ] NMEA $GPVTG,312.66,T,,M,0.43,N,0.80,K,A*32 (pico_gnss pico-gnss-rs/src/main.rs:372)
165.956526 [INFO ] NMEA $GPZDA,094118.000,08,06,2026,,*5B (pico_gnss pico-gnss-rs/src/main.rs:372)
165.974393 [INFO ] PPS count=167 interval_us=1000002 interval_ns=1000002416 state=Locked missed=0 (pico_gnss pico-gnss-rs/src/main.rs:161)
165.978980 [INFO ] PPSGEN count=168 interval_ns=1000002448 dev_ns=2448 phase_ns=4520571 (pico_gnss pico-gnss-rs/src/main.rs:246)
165.991907 [INFO ] NMEA $GPGST,094118.000,8.1,22,12,92.9,12,22,28*7D (pico_gnss pico-gnss-rs/src/main.rs:372)
166.217528 [INFO ] TIME unix_ns=1780911679243129995 ppb=2418 holdover_ms=1243 locked=1 (pico_gnss pico-gnss-rs/src/main.rs:195)
166.345285 [INFO ] NMEA $GPGGA,094119.000,0000.0000,N,00000.0000,E,1,9,1.22,37.9,M,39.0,M,,*6C (pico_gnss pico-gnss-rs/src/main.rs:372)
166.404605 [INFO ] NMEA $GNGLL,0000.0000,N,00000.0000,E,094119.000,A,A*48 (pico_gnss pico-gnss-rs/src/main.rs:372)
166.463071 [INFO ] NMEA $GNGSA,A,3,05,20,22,15,14,23,,,,,,,1.50,1.22,0.88*1E (pico_gnss pico-gnss-rs/src/main.rs:372)
166.492696 [INFO ] NMEA $GNGSA,A,3,70,73,80,,,,,,,,,,1.50,1.22,0.88*12 (pico_gnss pico-gnss-rs/src/main.rs:372)
166.580025 [INFO ] NMEA $GPGSV,4,1,14,24,82,261,,15,62,049,30,23,48,317,13,20,38,069,19*7A (pico_gnss pico-gnss-rs/src/main.rs:372)
166.642798 [INFO ] NMEA $GPGSV,4,2,14,18,36,247,,05,30,140,21,22,17,052,14,12,15,165,16*71 (pico_gnss pico-gnss-rs/src/main.rs:372)
166.701333 [INFO ] NMEA $GPGSV,4,3,14,10,13,317,,14,09,040,16,21,02,136,19,193,,,*74 (pico_gnss pico-gnss-rs/src/main.rs:372)
166.759420 [INFO ] NMEA $GPGSV,4,4,14,194,,,,195,,,*7D (pico_gnss pico-gnss-rs/src/main.rs:372)
166.818057 [INFO ] NMEA $GLGSV,3,1,09,73,54,147,16,71,47,338,,80,43,051,28,70,40,071,23*66 (pico_gnss pico-gnss-rs/src/main.rs:372)
166.876606 [INFO ] NMEA $GLGSV,3,2,09,86,24,265,,87,21,307,,74,14,183,,72,07,300,*61 (pico_gnss pico-gnss-rs/src/main.rs:372)
166.909872 [INFO ] NMEA $GLGSV,3,3,09,85,02,208,*59 (pico_gnss pico-gnss-rs/src/main.rs:372)
166.974418 [INFO ] PPS count=168 interval_us=1000002 interval_ns=1000002416 state=Locked missed=0 (pico_gnss pico-gnss-rs/src/main.rs:161)
166.978983 [INFO ] PPSGEN count=169 interval_ns=1000002432 dev_ns=2432 phase_ns=4503154 (pico_gnss pico-gnss-rs/src/main.rs:246)
166.997553 [INFO ] NMEA $GNRMC,094119.000,A,0000.0000,N,00000.0000,E,0.81,346.00,080626,,,A*7D (pico_gnss pico-gnss-rs/src/main.rs:372)
167.000110 [INFO ] SYNC pps_local_us=166968005 unix_s=1780911679 drift_us=2 err_ns=-4 holdover_ms=1999 (pico_gnss pico-gnss-rs/src/main.rs:403)
167.026875 [INFO ] NMEA $GPVTG,346.00,T,,M,0.81,N,1.51,K,A*30 (pico_gnss pico-gnss-rs/src/main.rs:372)
167.055899 [INFO ] NMEA $GPZDA,094119.000,08,06,2026,,*5A (pico_gnss pico-gnss-rs/src/main.rs:372)
167.101628 [INFO ] NMEA $GPGST,094119.000,8.1,22,12,93.1,12,22,29*74 (pico_gnss pico-gnss-rs/src/main.rs:372)
167.218721 [INFO ] TIME unix_ns=1780911679244362410 ppb=2418 holdover_ms=244 locked=1 (pico_gnss pico-gnss-rs/src/main.rs:195)
167.298933 [INFO ] NMEA $GPGGA,094120.000,0000.0000,N,00000.0000,E,1,9,1.22,37.7,M,39.0,M,,*64 (pico_gnss pico-gnss-rs/src/main.rs:372)
167.357296 [INFO ] NMEA $GNGLL,0000.0000,N,00000.0000,E,094120.000,A,A*4E (pico_gnss pico-gnss-rs/src/main.rs:372)
167.415699 [INFO ] NMEA $GNGSA,A,3,05,20,22,15,14,23,,,,,,,1.50,1.22,0.88*1E (pico_gnss pico-gnss-rs/src/main.rs:372)
167.474043 [INFO ] NMEA $GNGSA,A,3,70,73,80,,,,,,,,,,1.50,1.22,0.88*12 (pico_gnss pico-gnss-rs/src/main.rs:372)
167.532687 [INFO ] NMEA $GPGSV,4,1,14,24,82,261,,15,62,049,30,23,48,317,14,20,38,069,18*7C (pico_gnss pico-gnss-rs/src/main.rs:372)
167.624205 [INFO ] NMEA $GPGSV,4,2,14,18,36,247,,05,30,140,22,22,17,052,13,12,15,165,16*75 (pico_gnss pico-gnss-rs/src/main.rs:372)
167.682747 [INFO ] NMEA $GPGSV,4,3,14,10,13,317,,14,09,040,16,21,02,136,19,193,,,*74 (pico_gnss pico-gnss-rs/src/main.rs:372)
167.712123 [INFO ] NMEA $GPGSV,4,4,14,194,,,,195,,,*7D (pico_gnss pico-gnss-rs/src/main.rs:372)
167.770669 [INFO ] NMEA $GLGSV,3,1,09,73,54,147,16,71,47,338,,80,43,051,28,70,40,071,24*61 (pico_gnss pico-gnss-rs/src/main.rs:372)
167.833335 [INFO ] NMEA $GLGSV,3,2,09,86,24,265,,87,21,307,,74,14,183,,72,07,300,*61 (pico_gnss pico-gnss-rs/src/main.rs:372)
167.862675 [INFO ] NMEA $GLGSV,3,3,09,85,02,208,*59 (pico_gnss pico-gnss-rs/src/main.rs:372)
167.949921 [INFO ] NMEA $GNRMC,094120.000,A,0000.0000,N,00000.0000,E,0.41,346.00,080626,,,A*77 (pico_gnss pico-gnss-rs/src/main.rs:372)
167.974521 [INFO ] PPS count=169 interval_us=1000002 interval_ns=1000002400 state=Locked missed=0 (pico_gnss pico-gnss-rs/src/main.rs:161)
167.979416 [INFO ] PPSGEN count=170 interval_ns=1000002448 dev_ns=2448 phase_ns=4928571 (pico_gnss pico-gnss-rs/src/main.rs:246)
167.981030 [INFO ] NMEA $GPVTG,346.00,T,,M,0.41,N,0.76,K,A*38 (pico_gnss pico-gnss-rs/src/main.rs:372)
168.037283 [INFO ] NMEA $GPZDA,094120.000,08,06,2026,,*50 (pico_gnss pico-gnss-rs/src/main.rs:372)
168.064929 [INFO ] NMEA $GPGST,094120.000,8.0,21,12,92.4,12,21,27*75 (pico_gnss pico-gnss-rs/src/main.rs:372)
168.219914 [INFO ] TIME unix_ns=1780911680245540989 ppb=2417 holdover_ms=1245 locked=1 (pico_gnss pico-gnss-rs/src/main.rs:195)
168.314342 [INFO ] NMEA $GPGGA,094121.000,0000.0000,N,00000.0000,E,1,9,1.22,37.6,M,39.0,M,,*62 (pico_gnss pico-gnss-rs/src/main.rs:372)
168.372707 [INFO ] NMEA $GNGLL,0000.0000,N,00000.0000,E,094121.000,A,A*49 (pico_gnss pico-gnss-rs/src/main.rs:372)
168.402462 [INFO ] NMEA $GNGSA,A,3,05,20,22,15,14,23,,,,,,,1.50,1.22,0.88*1E (pico_gnss pico-gnss-rs/src/main.rs:372)
168.460687 [INFO ] NMEA $GNGSA,A,3,70,73,80,,,,,,,,,,1.50,1.22,0.88*12 (pico_gnss pico-gnss-rs/src/main.rs:372)
168.523432 [INFO ] NMEA $GPGSV,4,1,14,24,82,261,,15,62,049,30,23,48,317,14,20,38,069,18*7C (pico_gnss pico-gnss-rs/src/main.rs:372)
168.610842 [INFO ] NMEA $GPGSV,4,2,14,18,36,247,,05,30,140,22,22,17,052,13,12,15,165,16*75 (pico_gnss pico-gnss-rs/src/main.rs:372)
168.669443 [INFO ] NMEA $GPGSV,4,3,14,10,13,317,,14,09,040,16,21,02,136,19,193,,,*74 (pico_gnss pico-gnss-rs/src/main.rs:372)
168.698765 [INFO ] NMEA $GPGSV,4,4,14,194,,,,195,,,*7D (pico_gnss pico-gnss-rs/src/main.rs:372)
168.790220 [INFO ] NMEA $GLGSV,3,1,09,73,54,147,16,71,47,338,,80,43,051,27,70,40,071,24*6E (pico_gnss pico-gnss-rs/src/main.rs:372)
168.848780 [INFO ] NMEA $GLGSV,3,2,09,86,24,265,,87,21,307,,74,14,183,,72,07,300,*61 (pico_gnss pico-gnss-rs/src/main.rs:372)
168.878064 [INFO ] NMEA $GLGSV,3,3,09,85,02,208,*59 (pico_gnss pico-gnss-rs/src/main.rs:372)
168.936596 [INFO ] NMEA $GNRMC,094121.000,A,0000.0000,N,00000.0000,E,0.15,346.00,080626,,,A*71 (pico_gnss pico-gnss-rs/src/main.rs:372)
168.939160 [INFO ] SYNC pps_local_us=167968007 unix_s=1780911681 drift_us=2 err_ns=-17 holdover_ms=1000 (pico_gnss pico-gnss-rs/src/main.rs:403)
168.974438 [INFO ] PPS count=170 interval_us=1000002 interval_ns=1000002432 state=Locked missed=0 (pico_gnss pico-gnss-rs/src/main.rs:161)
168.978774 [INFO ] PPSGEN count=171 interval_ns=999797680 dev_ns=-202320 phase_ns=4304572 (pico_gnss pico-gnss-rs/src/main.rs:246)
168.995048 [INFO ] NMEA $GPVTG,346.00,T,,M,0.15,N,0.28,K,A*32 (pico_gnss pico-gnss-rs/src/main.rs:372)
169.024086 [INFO ] NMEA $GPZDA,094121.000,08,06,2026,,*51 (pico_gnss pico-gnss-rs/src/main.rs:372)
169.057514 [INFO ] NMEA $GPGST,094121.000,8.0,21,12,92.2,12,21,27*72 (pico_gnss pico-gnss-rs/src/main.rs:372)
169.221147 [INFO ] TIME unix_ns=1780911682246691986 ppb=2418 holdover_ms=1246 locked=1 (pico_gnss pico-gnss-rs/src/main.rs:195)
169.277253 [INFO ] NMEA $GPGGA,094122.000,0000.0000,N,00000.0000,E,1,9,1.22,37.4,M,39.0,M,,*61 (pico_gnss pico-gnss-rs/src/main.rs:372)
169.335598 [INFO ] NMEA $GNGLL,0000.0000,N,00000.0000,E,094122.000,A,A*48 (pico_gnss pico-gnss-rs/src/main.rs:372)
169.394032 [INFO ] NMEA $GNGSA,A,3,05,20,22,15,14,23,,,,,,,1.50,1.22,0.88*1E (pico_gnss pico-gnss-rs/src/main.rs:372)
169.423613 [INFO ] NMEA $GNGSA,A,3,70,73,80,,,,,,,,,,1.50,1.22,0.88*12 (pico_gnss pico-gnss-rs/src/main.rs:372)
169.514041 [INFO ] NMEA $GPGSV,4,1,14,24,82,261,,15,62,049,30,23,48,317,13,20,38,069,18*7B (pico_gnss pico-gnss-rs/src/main.rs:372)
169.572672 [INFO ] NMEA $GPGSV,4,2,14,18,36,247,,05,30,140,22,22,17,052,12,12,15,165,15*77 (pico_gnss pico-gnss-rs/src/main.rs:372)
169.631242 [INFO ] NMEA $GPGSV,4,3,14,10,13,317,,14,09,040,16,21,02,136,18,193,,,*75 (pico_gnss pico-gnss-rs/src/main.rs:372)
169.689306 [INFO ] NMEA $GPGSV,4,4,14,194,,,,195,,,*7D (pico_gnss pico-gnss-rs/src/main.rs:372)
169.752050 [INFO ] NMEA $GLGSV,3,1,09,73,54,147,16,71,47,338,,80,43,051,27,70,40,071,24*6E (pico_gnss pico-gnss-rs/src/main.rs:372)
169.810648 [INFO ] NMEA $GLGSV,3,2,09,86,24,265,,87,21,307,,74,14,183,,72,07,300,*61 (pico_gnss pico-gnss-rs/src/main.rs:372)
169.839918 [INFO ] NMEA $GLGSV,3,3,09,85,02,208,*59 (pico_gnss pico-gnss-rs/src/main.rs:372)
169.927222 [INFO ] NMEA $GNRMC,094122.000,A,0000.0000,N,00000.0000,E,0.54,346.00,080626,,,A*75 (pico_gnss pico-gnss-rs/src/main.rs:372)
169.929785 [INFO ] SYNC pps_local_us=168968009 unix_s=1780911682 drift_us=2 err_ns=15 holdover_ms=999 (pico_gnss pico-gnss-rs/src/main.rs:403)
169.956905 [INFO ] NMEA $GPVTG,346.00,T,,M,0.54,N,0.99,K,A*3D (pico_gnss pico-gnss-rs/src/main.rs:372)
169.974421 [INFO ] PPS count=171 interval_us=1000002 interval_ns=1000002416 state=Locked missed=0 (pico_gnss pico-gnss-rs/src/main.rs:161)
169.978772 [INFO ] PPSGEN count=172 interval_ns=1000002432 dev_ns=2432 phase_ns=4333572 (pico_gnss pico-gnss-rs/src/main.rs:246)
169.990052 [INFO ] NMEA $GPZDA,094122.000,08,06,2026,,*52 (pico_gnss pico-gnss-rs/src/main.rs:372)
170.033711 [INFO ] NMEA $GPGST,094122.000,7.9,22,12,92.2,12,22,27*77 (pico_gnss pico-gnss-rs/src/main.rs:372)
170.222361 [INFO ] TIME unix_ns=1780911683247964983 ppb=2418 holdover_ms=1247 locked=1 (pico_gnss pico-gnss-rs/src/main.rs:195)
170.383161 [INFO ] NMEA $GPGGA,094123.000,0000.0000,N,00000.0000,E,1,8,1.26,37.2,M,39.0,M,,*6F (pico_gnss pico-gnss-rs/src/main.rs:372)
170.441504 [INFO ] NMEA $GNGLL,0000.0000,N,00000.0000,E,094123.000,A,A*45 (pico_gnss pico-gnss-rs/src/main.rs:372)
170.499897 [INFO ] NMEA $GNGSA,A,3,05,20,15,14,23,,,,,,,,1.54,1.26,0.88*1E (pico_gnss pico-gnss-rs/src/main.rs:372)
170.551036 [INFO ] NMEA $GNGSA,A,3,70,73,80,,,,,,,,,,1.54,1.26,0.88*12 (pico_gnss pico-gnss-rs/src/main.rs:372)
170.609653 [INFO ] NMEA $GPGSV,4,1,14,24,82,261,,15,62,049,30,23,48,317,13,20,38,069,18*7B (pico_gnss pico-gnss-rs/src/main.rs:372)
170.697090 [INFO ] NMEA $GPGSV,4,2,14,18,36,247,,05,30,140,22,22,17,052,15,12,15,165,15*70 (pico_gnss pico-gnss-rs/src/main.rs:372)
170.755688 [INFO ] NMEA $GPGSV,4,3,14,10,13,317,,14,09,040,16,21,02,136,18,193,,,*75 (pico_gnss pico-gnss-rs/src/main.rs:372)
170.789087 [INFO ] NMEA $GPGSV,4,4,14,194,,,,195,,,*7D (pico_gnss pico-gnss-rs/src/main.rs:372)
170.847747 [INFO ] NMEA $GLGSV,3,1,09,73,54,147,16,71,47,338,,80,43,051,27,70,40,071,25*6F (pico_gnss pico-gnss-rs/src/main.rs:372)
170.906230 [INFO ] NMEA $GLGSV,3,2,09,86,24,265,,87,21,307,,74,14,183,,72,07,300,*61 (pico_gnss pico-gnss-rs/src/main.rs:372)
170.935465 [INFO ] NMEA $GLGSV,3,3,09,85,02,208,*59 (pico_gnss pico-gnss-rs/src/main.rs:372)
170.974415 [INFO ] PPS count=172 interval_us=1000002 interval_ns=1000002416 state=Locked missed=0 (pico_gnss pico-gnss-rs/src/main.rs:161)
170.978806 [INFO ] PPSGEN count=173 interval_ns=1000002448 dev_ns=2448 phase_ns=4325154 (pico_gnss pico-gnss-rs/src/main.rs:246)
171.022800 [INFO ] NMEA $GNRMC,094123.000,A,0000.0000,N,00000.0000,E,0.36,346.00,080626,,,A*7C (pico_gnss pico-gnss-rs/src/main.rs:372)
171.025353 [INFO ] SYNC pps_local_us=170968014 unix_s=1780911683 drift_us=2 err_ns=-3 holdover_ms=1999 (pico_gnss pico-gnss-rs/src/main.rs:403)
171.056250 [INFO ] NMEA $GPVTG,346.00,T,,M,0.36,N,0.67,K,A*38 (pico_gnss pico-gnss-rs/src/main.rs:372)
171.085546 [INFO ] NMEA $GPZDA,094123.000,08,06,2026,,*53 (pico_gnss pico-gnss-rs/src/main.rs:372)
171.137559 [INFO ] NMEA $GPGST,094123.000,7.9,22,12,92.1,12,22,27*75 (pico_gnss pico-gnss-rs/src/main.rs:372)
171.223555 [INFO ] TIME unix_ns=1780911683249195398 ppb=2418 holdover_ms=249 locked=1 (pico_gnss pico-gnss-rs/src/main.rs:195)
171.346072 [INFO ] NMEA $GPGGA,094124.000,0000.0000,N,00000.0000,E,1,8,1.26,37.2,M,39.0,M,,*66 (pico_gnss pico-gnss-rs/src/main.rs:372)
171.404425 [INFO ] NMEA $GNGLL,0000.0000,N,00000.0000,E,094124.000,A,A*4C (pico_gnss pico-gnss-rs/src/main.rs:372)
171.447376 [INFO ] NMEA $GNGSA,A,3,05,20,15,14,23,,,,,,,,1.54,1.26,0.88*1E (pico_gnss pico-gnss-rs/src/main.rs:372)
171.505690 [INFO ] NMEA $GNGSA,A,3,70,73,80,,,,,,,,,,1.54,1.26,0.88*12 (pico_gnss pico-gnss-rs/src/main.rs:372)
171.564347 [INFO ] NMEA $GPGSV,4,1,14,24,82,261,,15,62,049,30,23,48,317,13,20,38,069,17*74 (pico_gnss pico-gnss-rs/src/main.rs:372)
171.651747 [INFO ] NMEA $GPGSV,4,2,14,18,36,247,,05,30,140,20,22,17,052,13,12,15,165,15*74 (pico_gnss pico-gnss-rs/src/main.rs:372)
171.714444 [INFO ] NMEA $GPGSV,4,3,14,10,13,317,,14,09,040,16,21,02,136,18,193,,,*75 (pico_gnss pico-gnss-rs/src/main.rs:372)
171.743821 [INFO ] NMEA $GPGSV,4,4,14,194,,,,195,,,*7D (pico_gnss pico-gnss-rs/src/main.rs:372)
171.802373 [INFO ] NMEA $GLGSV,3,1,09,73,54,147,16,71,47,338,,80,43,051,26,70,40,071,25*6E (pico_gnss pico-gnss-rs/src/main.rs:372)
171.889644 [INFO ] NMEA $GLGSV,3,2,09,86,24,265,,87,21,307,,74,14,183,,72,07,300,*61 (pico_gnss pico-gnss-rs/src/main.rs:372)
171.918915 [INFO ] NMEA $GLGSV,3,3,09,85,02,208,*59 (pico_gnss pico-gnss-rs/src/main.rs:372)
171.974422 [INFO ] PPS count=173 interval_us=1000002 interval_ns=1000002432 state=Locked missed=0 (pico_gnss pico-gnss-rs/src/main.rs:161)
171.978893 [INFO ] PPSGEN count=174 interval_ns=1000002432 dev_ns=2432 phase_ns=4373572 (pico_gnss pico-gnss-rs/src/main.rs:246)
171.981876 [INFO ] NMEA $GNRMC,094124.000,A,0000.0000,N,00000.0000,E,0.54,346.00,080626,,,A*71 (pico_gnss pico-gnss-rs/src/main.rs:372)
171.984417 [INFO ] SYNC pps_local_us=171968017 unix_s=1780911684 drift_us=2 err_ns=14 holdover_ms=999 (pico_gnss pico-gnss-rs/src/main.rs:403)
172.039672 [INFO ] NMEA $GPVTG,346.00,T,,M,0.54,N,1.00,K,A*3C (pico_gnss pico-gnss-rs/src/main.rs:372)
172.068976 [INFO ] NMEA $GPZDA,094124.000,08,06,2026,,*54 (pico_gnss pico-gnss-rs/src/main.rs:372)
172.100692 [INFO ] NMEA $GPGST,094124.000,7.8,22,12,91.7,12,22,27*76 (pico_gnss pico-gnss-rs/src/main.rs:372)
172.224741 [INFO ] TIME unix_ns=1780911684250365395 ppb=2418 holdover_ms=250 locked=1 (pico_gnss pico-gnss-rs/src/main.rs:195)
172.306068 [INFO ] NMEA $GPGGA,094125.000,0000.0000,N,00000.0000,E,1,8,1.26,37.1,M,39.0,M,,*61 (pico_gnss pico-gnss-rs/src/main.rs:372)
172.369551 [INFO ] NMEA $GNGLL,0000.0000,N,00000.0000,E,094125.000,A,A*48 (pico_gnss pico-gnss-rs/src/main.rs:372)
172.427916 [INFO ] NMEA $GNGSA,A,3,05,20,15,14,23,,,,,,,,1.54,1.26,0.88*1E (pico_gnss pico-gnss-rs/src/main.rs:372)
172.457557 [INFO ] NMEA $GNGSA,A,3,70,73,80,,,,,,,,,,1.54,1.26,0.88*12 (pico_gnss pico-gnss-rs/src/main.rs:372)
172.544876 [INFO ] NMEA $GPGSV,4,1,14,24,82,261,,15,62,049,30,23,48,317,13,20,38,069,16*75 (pico_gnss pico-gnss-rs/src/main.rs:372)
172.603545 [INFO ] NMEA $GPGSV,4,2,14,18,36,247,,05,30,140,20,22,17,052,13,12,15,165,15*74 (pico_gnss pico-gnss-rs/src/main.rs:372)
172.666166 [INFO ] NMEA $GPGSV,4,3,14,10,13,317,,14,09,040,16,21,02,136,17,193,,,*7A (pico_gnss pico-gnss-rs/src/main.rs:372)
172.695543 [INFO ] NMEA $GPGSV,4,4,14,194,,,,195,,,*7D (pico_gnss pico-gnss-rs/src/main.rs:372)
172.782884 [INFO ] NMEA $GLGSV,3,1,09,73,54,147,16,71,47,338,,80,43,051,26,70,40,071,25*6E (pico_gnss pico-gnss-rs/src/main.rs:372)
172.841472 [INFO ] NMEA $GLGSV,3,2,09,86,24,265,,87,21,307,,74,14,183,,72,07,300,*61 (pico_gnss pico-gnss-rs/src/main.rs:372)
172.870746 [INFO ] NMEA $GLGSV,3,3,09,85,02,208,*59 (pico_gnss pico-gnss-rs/src/main.rs:372)
172.933362 [INFO ] NMEA $GNRMC,094125.000,A,0000.0000,N,00000.0000,E,0.67,223.29,080626,,,A*7C (pico_gnss pico-gnss-rs/src/main.rs:372)
172.974518 [INFO ] PPS count=174 interval_us=1000002 interval_ns=1000002416 state=Locked missed=0 (pico_gnss pico-gnss-rs/src/main.rs:161)
172.978888 [INFO ] PPSGEN count=175 interval_ns=1000002448 dev_ns=2448 phase_ns=4356572 (pico_gnss pico-gnss-rs/src/main.rs:246)
172.991898 [INFO ] NMEA $GPVTG,223.29,T,,M,0.67,N,1.25,K,A*32 (pico_gnss pico-gnss-rs/src/main.rs:372)
173.020884 [INFO ] NMEA $GPZDA,094125.000,08,06,2026,,*55 (pico_gnss pico-gnss-rs/src/main.rs:372)
173.060294 [INFO ] NMEA $GPGST,094125.000,7.8,22,12,91.5,12,22,27*75 (pico_gnss pico-gnss-rs/src/main.rs:372)
173.225969 [INFO ] TIME unix_ns=1780911685251555974 ppb=2418 holdover_ms=1251 locked=1 (pico_gnss pico-gnss-rs/src/main.rs:195)
173.267271 [INFO ] NMEA $GPGGA,094126.000,0000.0000,N,00000.0000,E,1,9,1.22,36.9,M,39.0,M,,*65 (pico_gnss pico-gnss-rs/src/main.rs:372)
173.322480 [INFO ] NMEA $GNGLL,0000.0000,N,00000.0000,E,094126.000,A,A*40 (pico_gnss pico-gnss-rs/src/main.rs:372)
173.380952 [INFO ] NMEA $GNGSA,A,3,05,20,22,15,14,23,,,,,,,1.50,1.22,0.88*1E (pico_gnss pico-gnss-rs/src/main.rs:372)
173.439258 [INFO ] NMEA $GNGSA,A,3,70,73,80,,,,,,,,,,1.50,1.22,0.88*12 (pico_gnss pico-gnss-rs/src/main.rs:372)
173.497923 [INFO ] NMEA $GPGSV,4,1,14,24,82,261,,15,62,049,30,23,48,317,13,20,38,069,16*75 (pico_gnss pico-gnss-rs/src/main.rs:372)
173.560639 [INFO ] NMEA $GPGSV,4,2,14,18,36,247,,05,30,140,20,22,17,052,12,12,15,165,14*74 (pico_gnss pico-gnss-rs/src/main.rs:372)
173.647970 [INFO ] NMEA $GPGSV,4,3,14,10,13,317,,14,09,040,16,21,02,136,17,193,,,*7A (pico_gnss pico-gnss-rs/src/main.rs:372)
173.677316 [INFO ] NMEA $GPGSV,4,4,14,194,,,,195,,,*7D (pico_gnss pico-gnss-rs/src/main.rs:372)
173.735939 [INFO ] NMEA $GLGSV,3,1,09,73,54,147,16,71,47,338,,80,43,051,26,70,40,071,25*6E (pico_gnss pico-gnss-rs/src/main.rs:372)
173.794461 [INFO ] NMEA $GLGSV,3,2,09,86,24,265,,87,21,307,,74,14,183,,72,07,300,*61 (pico_gnss pico-gnss-rs/src/main.rs:372)
173.827804 [INFO ] NMEA $GLGSV,3,3,09,85,02,208,*59 (pico_gnss pico-gnss-rs/src/main.rs:372)
173.915201 [INFO ] NMEA $GNRMC,094126.000,A,0000.0000,N,00000.0000,E,1.27,338.37,080626,,,A*75 (pico_gnss pico-gnss-rs/src/main.rs:372)
173.917776 [INFO ] SYNC pps_local_us=172968019 unix_s=1780911686 drift_us=2 err_ns=-2 holdover_ms=1000 (pico_gnss pico-gnss-rs/src/main.rs:403)
173.944888 [INFO ] NMEA $GPVTG,338.37,T,,M,1.27,N,2.36,K,A*32 (pico_gnss pico-gnss-rs/src/main.rs:372)
173.974462 [INFO ] PPS count=175 interval_us=1000002 interval_ns=1000002416 state=Locked missed=0 (pico_gnss pico-gnss-rs/src/main.rs:161)
173.975449 [INFO ] NMEA $GPZDA,094126.000,08,06,2026,,*56 (pico_gnss pico-gnss-rs/src/main.rs:372)
173.978857 [INFO ] PPSGEN count=176 interval_ns=1000002432 dev_ns=2432 phase_ns=4383572 (pico_gnss pico-gnss-rs/src/main.rs:246)
174.023940 [INFO ] NMEA $GPGST,094126.000,7.7,22,12,91.5,12,22,28*76 (pico_gnss pico-gnss-rs/src/main.rs:372)
174.227183 [INFO ] TIME unix_ns=1780911687252797971 ppb=2418 holdover_ms=1252 locked=1 (pico_gnss pico-gnss-rs/src/main.rs:195)
174.352673 [INFO ] NMEA $GPGGA,094127.000,0000.0000,N,00000.0000,E,1,9,1.22,36.7,M,39.0,M,,*60 (pico_gnss pico-gnss-rs/src/main.rs:372)
174.411034 [INFO ] NMEA $GNGLL,0000.0000,N,00000.0000,E,094127.000,A,A*4B (pico_gnss pico-gnss-rs/src/main.rs:372)
174.469467 [INFO ] NMEA $GNGSA,A,3,05,20,22,15,14,23,,,,,,,1.50,1.22,0.88*1E (pico_gnss pico-gnss-rs/src/main.rs:372)
174.527778 [INFO ] NMEA $GNGSA,A,3,70,73,80,,,,,,,,,,1.50,1.22,0.88*12 (pico_gnss pico-gnss-rs/src/main.rs:372)
174.586438 [INFO ] NMEA $GPGSV,4,1,14,24,82,261,,15,62,049,30,23,48,317,14,20,38,069,16*72 (pico_gnss pico-gnss-rs/src/main.rs:372)
174.677930 [INFO ] NMEA $GPGSV,4,2,14,18,36,247,,05,30,140,20,22,17,052,13,12,15,165,14*75 (pico_gnss pico-gnss-rs/src/main.rs:372)
174.736542 [INFO ] NMEA $GPGSV,4,3,14,10,13,317,,14,09,040,16,21,02,136,17,193,,,*7A (pico_gnss pico-gnss-rs/src/main.rs:372)
174.765886 [INFO ] NMEA $GPGSV,4,4,14,194,,,,195,,,*7D (pico_gnss pico-gnss-rs/src/main.rs:372)
174.824443 [INFO ] NMEA $GLGSV,3,1,09,73,54,147,16,71,47,338,,80,43,051,26,70,40,072,25*6D (pico_gnss pico-gnss-rs/src/main.rs:372)
174.915790 [INFO ] NMEA $GLGSV,3,2,09,86,24,265,,87,21,307,,74,14,183,,72,07,300,*61 (pico_gnss pico-gnss-rs/src/main.rs:372)
174.945053 [INFO ] NMEA $GLGSV,3,3,09,85,02,208,*59 (pico_gnss pico-gnss-rs/src/main.rs:372)
174.974549 [INFO ] PPS count=176 interval_us=1000002 interval_ns=1000002432 state=Locked missed=0 (pico_gnss pico-gnss-rs/src/main.rs:161)
174.978873 [INFO ] PPSGEN count=177 interval_ns=1000002448 dev_ns=2448 phase_ns=4358153 (pico_gnss pico-gnss-rs/src/main.rs:246)
175.003941 [INFO ] NMEA $GNRMC,094127.000,A,0000.0000,N,00000.0000,E,1.01,355.28,080626,,,A*7F (pico_gnss pico-gnss-rs/src/main.rs:372)
175.006481 [INFO ] SYNC pps_local_us=174968024 unix_s=1780911687 drift_us=2 err_ns=11 holdover_ms=2000 (pico_gnss pico-gnss-rs/src/main.rs:403)
175.061706 [INFO ] NMEA $GPVTG,355.28,T,,M,1.01,N,1.88,K,A*35 (pico_gnss pico-gnss-rs/src/main.rs:372)
175.091036 [INFO ] NMEA $GPZDA,094127.000,08,06,2026,,*57 (pico_gnss pico-gnss-rs/src/main.rs:372)
175.122753 [INFO ] NMEA $GPGST,094127.000,7.7,22,12,91.6,12,22,28*74 (pico_gnss pico-gnss-rs/src/main.rs:372)
175.228379 [INFO ] TIME unix_ns=1780911687253863387 ppb=2419 holdover_ms=253 locked=1 (pico_gnss pico-gnss-rs/src/main.rs:195)
175.338212 [INFO ] NMEA $GPGGA,094128.000,0000.0000,N,00000.0000,E,1,8,1.26,36.5,M,39.0,M,,*6A (pico_gnss pico-gnss-rs/src/main.rs:372)
175.396586 [INFO ] NMEA $GNGLL,0000.0000,N,00000.0000,E,094128.000,A,A*46 (pico_gnss pico-gnss-rs/src/main.rs:372)
175.454937 [INFO ] NMEA $GNGSA,A,3,05,20,15,14,23,,,,,,,,1.54,1.26,0.88*1E (pico_gnss pico-gnss-rs/src/main.rs:372)
175.484573 [INFO ] NMEA $GNGSA,A,3,70,73,80,,,,,,,,,,1.54,1.26,0.88*12 (pico_gnss pico-gnss-rs/src/main.rs:372)
175.576012 [INFO ] NMEA $GPGSV,4,1,14,24,82,261,,15,62,049,30,23,48,317,14,20,38,069,16*72 (pico_gnss pico-gnss-rs/src/main.rs:372)
175.634711 [INFO ] NMEA $GPGSV,4,2,14,18,36,247,,05,30,140,20,22,17,052,14,12,15,165,15*73 (pico_gnss pico-gnss-rs/src/main.rs:372)
175.693251 [INFO ] NMEA $GPGSV,4,3,14,10,13,317,,14,09,040,15,21,02,136,17,193,,,*79 (pico_gnss pico-gnss-rs/src/main.rs:372)
175.722596 [INFO ] NMEA $GPGSV,4,4,14,194,,,,195,,,*7D (pico_gnss pico-gnss-rs/src/main.rs:372)
175.814113 [INFO ] NMEA $GLGSV,3,1,09,73,54,147,16,71,47,340,,80,43,051,26,70,40,072,25*62 (pico_gnss pico-gnss-rs/src/main.rs:372)
175.872661 [INFO ] NMEA $GLGSV,3,2,09,86,24,265,,87,21,307,,74,14,183,,72,07,300,*61 (pico_gnss pico-gnss-rs/src/main.rs:372)
175.901926 [INFO ] NMEA $GLGSV,3,3,09,85,02,208,*59 (pico_gnss pico-gnss-rs/src/main.rs:372)
175.960423 [INFO ] NMEA $GNRMC,094128.000,A,0000.0000,N,00000.0000,E,0.28,355.28,080626,,,A*78 (pico_gnss pico-gnss-rs/src/main.rs:372)
175.974548 [INFO ] PPS count=177 interval_us=1000002 interval_ns=1000002416 state=Locked missed=0 (pico_gnss pico-gnss-rs/src/main.rs:161)
175.978830 [INFO ] PPSGEN count=178 interval_ns=1000002432 dev_ns=2432 phase_ns=4224572 (pico_gnss pico-gnss-rs/src/main.rs:246)
176.018597 [INFO ] NMEA $GPVTG,355.28,T,,M,0.28,N,0.52,K,A*39 (pico_gnss pico-gnss-rs/src/main.rs:372)
176.047865 [INFO ] NMEA $GPZDA,094128.000,08,06,2026,,*58 (pico_gnss pico-gnss-rs/src/main.rs:372)
176.087259 [INFO ] NMEA $GPGST,094128.000,7.7,22,12,91.8,12,22,28*75 (pico_gnss pico-gnss-rs/src/main.rs:372)
176.229601 [INFO ] TIME unix_ns=1780911688255047965 ppb=2418 holdover_ms=1255 locked=1 (pico_gnss pico-gnss-rs/src/main.rs:195)
176.273240 [INFO ] NMEA $GPGGA,094129.000,0000.0000,N,00000.0000,E,1,8,1.26,36.5,M,39.0,M,,*65 (pico_gnss pico-gnss-rs/src/main.rs:372)
176.331534 [INFO ] NMEA $GNGLL,0000.0000,N,00000.0000,E,094129.000,A,A*49 (pico_gnss pico-gnss-rs/src/main.rs:372)
176.389930 [INFO ] NMEA $GNGSA,A,3,05,20,15,14,23,,,,,,,,1.54,1.26,0.88*1E (pico_gnss pico-gnss-rs/src/main.rs:372)
176.419508 [INFO ] NMEA $GNGSA,A,3,70,73,80,,,,,,,,,,1.54,1.26,0.88*12 (pico_gnss pico-gnss-rs/src/main.rs:372)
176.507884 [INFO ] NMEA $GPGSV,4,1,14,24,82,261,,15,62,049,30,23,48,317,14,20,38,069,16*72 (pico_gnss pico-gnss-rs/src/main.rs:372)
176.566519 [INFO ] NMEA $GPGSV,4,2,14,18,36,247,,05,30,140,20,22,17,052,13,12,15,165,15*74 (pico_gnss pico-gnss-rs/src/main.rs:372)
176.625091 [INFO ] NMEA $GPGSV,4,3,14,10,13,317,,14,09,040,15,21,02,136,17,193,,,*79 (pico_gnss pico-gnss-rs/src/main.rs:372)
176.683229 [INFO ] NMEA $GPGSV,4,4,14,194,,,,195,,,*7D (pico_gnss pico-gnss-rs/src/main.rs:372)
176.745974 [INFO ] NMEA $GLGSV,3,1,09,73,54,147,15,71,47,340,,80,43,051,26,70,40,072,26*62 (pico_gnss pico-gnss-rs/src/main.rs:372)
176.804567 [INFO ] NMEA $GLGSV,3,2,09,86,24,265,,87,21,307,,74,14,183,,72,08,301,*6F (pico_gnss pico-gnss-rs/src/main.rs:372)
176.833824 [INFO ] NMEA $GLGSV,3,3,09,85,02,208,*59 (pico_gnss pico-gnss-rs/src/main.rs:372)
176.921140 [INFO ] NMEA $GNRMC,094129.000,A,0000.0000,N,00000.0000,E,0.42,355.28,080626,,,A*7B (pico_gnss pico-gnss-rs/src/main.rs:372)
176.923695 [INFO ] SYNC pps_local_us=175968026 unix_s=1780911689 drift_us=2 err_ns=-2 holdover_ms=999 (pico_gnss pico-gnss-rs/src/main.rs:403)
176.950837 [INFO ] NMEA $GPVTG,355.28,T,,M,0.42,N,0.77,K,A*32 (pico_gnss pico-gnss-rs/src/main.rs:372)
176.974449 [INFO ] PPS count=178 interval_us=1000002 interval_ns=1000002432 state=Locked missed=0 (pico_gnss pico-gnss-rs/src/main.rs:161)
176.975929 [INFO ] PPSGEN count=179 interval_ns=996023360 dev_ns=-3976640 phase_ns=1448578 (pico_gnss pico-gnss-rs/src/main.rs:246)
176.983970 [INFO ] NMEA $GPZDA,094129.000,08,06,2026,,*59 (pico_gnss pico-gnss-rs/src/main.rs:372)
177.027644 [INFO ] NMEA $GPGST,094129.000,7.7,22,12,91.9,12,22,28*75 (pico_gnss pico-gnss-rs/src/main.rs:372)
177.230858 [INFO ] TIME unix_ns=1780911690256387961 ppb=2419 holdover_ms=1256 locked=1 (pico_gnss pico-gnss-rs/src/main.rs:195)
177.233433 [INFO ] NMEA $GPGGA,094130.000,0000.0000,N,00000.0000,E,1,8,1.26,36.5,M,39.0,M,,*6B (pico_gnss pico-gnss-rs/src/main.rs:372)
177.291496 [INFO ] NMEA $GNGLL,0000.0000,N,00000.0000,E,094130.000,A,A*47 (pico_gnss pico-gnss-rs/src/main.rs:372)
177.349907 [INFO ] NMEA $GNGSA,A,3,05,20,15,14,23,,,,,,,,1.54,1.26,0.88*1E (pico_gnss pico-gnss-rs/src/main.rs:372)
177.401046 [INFO ] NMEA $GNGSA,A,3,70,73,80,,,,,,,,,,1.54,1.26,0.88*12 (pico_gnss pico-gnss-rs/src/main.rs:372)
177.459660 [INFO ] NMEA $GPGSV,4,1,14,24,82,261,,15,62,049,30,23,48,317,13,20,38,069,16*75 (pico_gnss pico-gnss-rs/src/main.rs:372)
177.547077 [INFO ] NMEA $GPGSV,4,2,14,18,36,247,,05,30,140,20,22,17,052,14,12,15,165,15*73 (pico_gnss pico-gnss-rs/src/main.rs:372)
177.605727 [INFO ] NMEA $GPGSV,4,3,14,10,13,317,,14,09,040,15,21,02,136,16,193,,,*78 (pico_gnss pico-gnss-rs/src/main.rs:372)
177.639120 [INFO ] NMEA $GPGSV,4,4,14,194,,,,195,,,*7D (pico_gnss pico-gnss-rs/src/main.rs:372)
177.697776 [INFO ] NMEA $GLGSV,3,1,09,73,55,146,14,71,47,340,,80,43,051,26,70,40,072,26*63 (pico_gnss pico-gnss-rs/src/main.rs:372)
177.756311 [INFO ] NMEA $GLGSV,3,2,09,86,24,265,,87,21,307,,74,14,183,,72,08,301,*6F (pico_gnss pico-gnss-rs/src/main.rs:372)
177.785626 [INFO ] NMEA $GLGSV,3,3,09,85,02,208,*59 (pico_gnss pico-gnss-rs/src/main.rs:372)
177.873028 [INFO ] NMEA $GNRMC,094130.000,A,0000.0000,N,00000.0000,E,1.67,149.54,080626,,,A*77 (pico_gnss pico-gnss-rs/src/main.rs:372)
177.875593 [INFO ] SYNC pps_local_us=176968029 unix_s=1780911690 drift_us=2 err_ns=14 holdover_ms=999 (pico_gnss pico-gnss-rs/src/main.rs:403)
177.906585 [INFO ] NMEA $GPVTG,149.54,T,,M,1.67,N,3.10,K,A*32 (pico_gnss pico-gnss-rs/src/main.rs:372)
177.935856 [INFO ] NMEA $GPZDA,094130.000,08,06,2026,,*51 (pico_gnss pico-gnss-rs/src/main.rs:372)
177.974443 [INFO ] PPS count=179 interval_us=1000002 interval_ns=1000002416 state=Locked missed=0 (pico_gnss pico-gnss-rs/src/main.rs:161)
177.975956 [INFO ] PPSGEN count=180 interval_ns=1000002448 dev_ns=2448 phase_ns=1463578 (pico_gnss pico-gnss-rs/src/main.rs:246)
177.988264 [INFO ] NMEA $GPGST,094130.000,7.8,22,12,91.8,12,22,28*73 (pico_gnss pico-gnss-rs/src/main.rs:372)
178.232072 [INFO ] TIME unix_ns=1780911691257667958 ppb=2419 holdover_ms=1257 locked=1 (pico_gnss pico-gnss-rs/src/main.rs:195)
178.345296 [INFO ] NMEA $GPGGA,094131.000,0000.0000,N,00000.0000,E,1,8,1.26,36.6,M,39.0,M,,*6E (pico_gnss pico-gnss-rs/src/main.rs:372)
178.403622 [INFO ] NMEA $GNGLL,0000.0000,N,00000.0000,E,094131.000,A,A*41 (pico_gnss pico-gnss-rs/src/main.rs:372)
178.446587 [INFO ] NMEA $GNGSA,A,3,05,20,15,14,23,,,,,,,,1.54,1.26,0.88*1E (pico_gnss pico-gnss-rs/src/main.rs:372)
178.504908 [INFO ] NMEA $GNGSA,A,3,70,73,80,,,,,,,,,,1.54,1.26,0.88*12 (pico_gnss pico-gnss-rs/src/main.rs:372)
178.563548 [INFO ] NMEA $GPGSV,4,1,14,24,82,261,,15,62,049,30,23,48,317,13,20,38,069,15*76 (pico_gnss pico-gnss-rs/src/main.rs:372)
178.650968 [INFO ] NMEA $GPGSV,4,2,14,18,36,247,,05,30,140,20,22,17,052,15,12,15,165,15*72 (pico_gnss pico-gnss-rs/src/main.rs:372)
178.713639 [INFO ] NMEA $GPGSV,4,3,14,10,13,317,,14,09,040,15,21,02,136,16,193,,,*78 (pico_gnss pico-gnss-rs/src/main.rs:372)
178.743025 [INFO ] NMEA $GPGSV,4,4,14,194,,,,195,,,*7D (pico_gnss pico-gnss-rs/src/main.rs:372)
178.801561 [INFO ] NMEA $GLGSV,3,1,09,73,55,146,13,71,47,340,,80,43,051,26,70,40,072,26*64 (pico_gnss pico-gnss-rs/src/main.rs:372)
178.888845 [INFO ] NMEA $GLGSV,3,2,09,86,24,265,,87,21,307,,74,15,183,,72,08,301,*6E (pico_gnss pico-gnss-rs/src/main.rs:372)
178.918100 [INFO ] NMEA $GLGSV,3,3,09,85,02,208,*59 (pico_gnss pico-gnss-rs/src/main.rs:372)
178.974423 [INFO ] PPS count=180 interval_us=1000002 interval_ns=1000002416 state=Locked missed=0 (pico_gnss pico-gnss-rs/src/main.rs:161)
178.975918 [INFO ] PPSGEN count=181 interval_ns=1000002432 dev_ns=2432 phase_ns=1413160 (pico_gnss pico-gnss-rs/src/main.rs:246)
178.980833 [INFO ] NMEA $GNRMC,094131.000,A,0000.0000,N,00000.0000,E,1.79,137.00,080626,,,A*76 (pico_gnss pico-gnss-rs/src/main.rs:372)
178.983418 [INFO ] SYNC pps_local_us=178968034 unix_s=1780911691 drift_us=2 err_ns=-5 holdover_ms=1999 (pico_gnss pico-gnss-rs/src/main.rs:403)
179.038878 [INFO ] NMEA $GPVTG,137.00,T,,M,1.79,N,3.32,K,A*35 (pico_gnss pico-gnss-rs/src/main.rs:372)
179.068172 [INFO ] NMEA $GPZDA,094131.000,08,06,2026,,*50 (pico_gnss pico-gnss-rs/src/main.rs:372)
179.099901 [INFO ] NMEA $GPGST,094131.000,8.0,22,12,91.7,13,22,29*7A (pico_gnss pico-gnss-rs/src/main.rs:372)
179.233275 [INFO ] TIME unix_ns=1780911691258890374 ppb=2419 holdover_ms=258 locked=1 (pico_gnss pico-gnss-rs/src/main.rs:195)
179.297091 [INFO ] NMEA $GPGGA,094132.000,0000.0000,N,00000.0000,E,1,7,1.37,36.5,M,39.0,M,,*6C (pico_gnss pico-gnss-rs/src/main.rs:372)
179.360580 [INFO ] NMEA $GNGLL,0000.0000,N,00000.0000,E,094132.000,A,A*4F (pico_gnss pico-gnss-rs/src/main.rs:372)
179.419037 [INFO ] NMEA $GNGSA,A,3,05,20,15,14,23,,,,,,,,1.63,1.37,0.89*1B (pico_gnss pico-gnss-rs/src/main.rs:372)
179.448637 [INFO ] NMEA $GNGSA,A,3,70,80,,,,,,,,,,,1.63,1.37,0.89*13 (pico_gnss pico-gnss-rs/src/main.rs:372)
179.535970 [INFO ] NMEA $GPGSV,4,1,14,24,82,261,,15,62,049,30,23,48,317,13,20,38,069,16*75 (pico_gnss pico-gnss-rs/src/main.rs:372)
179.594668 [INFO ] NMEA $GPGSV,4,2,14,18,36,247,,05,30,140,20,22,17,052,15,12,15,165,15*72 (pico_gnss pico-gnss-rs/src/main.rs:372)
179.657273 [INFO ] NMEA $GPGSV,4,3,14,10,13,317,,14,09,040,15,21,02,136,16,193,,,*78 (pico_gnss pico-gnss-rs/src/main.rs:372)
179.686658 [INFO ] NMEA $GPGSV,4,4,14,194,,,,195,,,*7D (pico_gnss pico-gnss-rs/src/main.rs:372)
179.773955 [INFO ] NMEA $GLGSV,3,1,09,73,55,146,,71,47,340,,80,43,051,26,70,40,072,26*66 (pico_gnss pico-gnss-rs/src/main.rs:372)
179.832533 [INFO ] NMEA $GLGSV,3,2,09,86,24,265,,87,21,307,,74,15,183,,72,08,301,*6E (pico_gnss pico-gnss-rs/src/main.rs:372)
179.861841 [INFO ] NMEA $GLGSV,3,3,09,85,02,208,*59 (pico_gnss pico-gnss-rs/src/main.rs:372)
179.924476 [INFO ] NMEA $GNRMC,094132.000,A,0000.0000,N,00000.0000,E,2.48,145.06,080626,,,A*7A (pico_gnss pico-gnss-rs/src/main.rs:372)
179.974507 [INFO ] PPS count=181 interval_us=1000002 interval_ns=1000002432 state=Locked missed=0 (pico_gnss pico-gnss-rs/src/main.rs:161)
179.976046 [INFO ] PPSGEN count=182 interval_ns=1000002448 dev_ns=2448 phase_ns=1559578 (pico_gnss pico-gnss-rs/src/main.rs:246)
179.982948 [INFO ] NMEA $GPVTG,145.06,T,,M,2.48,N,4.60,K,A*37 (pico_gnss pico-gnss-rs/src/main.rs:372)
180.011946 [INFO ] NMEA $GPZDA,094132.000,08,06,2026,,*53 (pico_gnss pico-gnss-rs/src/main.rs:372)
180.047215 [INFO ] NMEA $GPGST,094132.000,8.0,23,13,91.3,13,23,28*7D (pico_gnss pico-gnss-rs/src/main.rs:372)
180.234458 [INFO ] TIME unix_ns=1780911692260070952 ppb=2419 holdover_ms=1260 locked=1 (pico_gnss pico-gnss-rs/src/main.rs:195)
180.374209 [INFO ] NMEA $GPGGA,094133.000,0000.0000,N,00000.0000,E,1,8,1.31,36.4,M,39.0,M,,*65 (pico_gnss pico-gnss-rs/src/main.rs:372)
180.433526 [INFO ] NMEA $GNGLL,0000.0000,N,00000.0000,E,094133.000,A,A*4E (pico_gnss pico-gnss-rs/src/main.rs:372)
180.492003 [INFO ] NMEA $GNGSA,A,3,05,20,22,15,14,23,,,,,,,1.58,1.31,0.88*14 (pico_gnss pico-gnss-rs/src/main.rs:372)
180.521579 [INFO ] NMEA $GNGSA,A,3,70,80,,,,,,,,,,,1.58,1.31,0.88*1C (pico_gnss pico-gnss-rs/src/main.rs:372)
180.608906 [INFO ] NMEA $GPGSV,4,1,14,24,82,261,,15,62,049,29,23,48,317,13,20,38,069,16*7D (pico_gnss pico-gnss-rs/src/main.rs:372)
180.671690 [INFO ] NMEA $GPGSV,4,2,14,18,36,247,,05,30,140,20,22,17,052,14,12,15,165,15*73 (pico_gnss pico-gnss-rs/src/main.rs:372)
180.730238 [INFO ] NMEA $GPGSV,4,3,14,10,13,317,,14,09,040,15,21,02,136,16,193,,,*78 (pico_gnss pico-gnss-rs/src/main.rs:372)
180.759607 [INFO ] NMEA $GPGSV,4,4,14,194,,,,195,,,*7D (pico_gnss pico-gnss-rs/src/main.rs:372)
180.846891 [INFO ] NMEA $GLGSV,3,1,09,73,55,146,,71,47,340,,80,43,051,26,70,40,072,26*66 (pico_gnss pico-gnss-rs/src/main.rs:372)
180.905372 [INFO ] NMEA $GLGSV,3,2,09,86,24,265,,87,21,307,,74,15,183,,72,08,301,*6E (pico_gnss pico-gnss-rs/src/main.rs:372)
180.938665 [INFO ] NMEA $GLGSV,3,3,09,85,02,208,*59 (pico_gnss pico-gnss-rs/src/main.rs:372)
180.974456 [INFO ] PPS count=182 interval_us=1000002 interval_ns=1000002432 state=Locked missed=0 (pico_gnss pico-gnss-rs/src/main.rs:161)
180.976007 [INFO ] PPSGEN count=183 interval_ns=1000002432 dev_ns=2432 phase_ns=1482158 (pico_gnss pico-gnss-rs/src/main.rs:246)
180.997634 [INFO ] NMEA $GNRMC,094133.000,A,0000.0000,N,00000.0000,E,2.22,129.59,080626,,,A*77 (pico_gnss pico-gnss-rs/src/main.rs:372)
181.000194 [INFO ] SYNC pps_local_us=180968039 unix_s=1780911693 drift_us=2 err_ns=25 holdover_ms=2000 (pico_gnss pico-gnss-rs/src/main.rs:403)
181.055404 [INFO ] NMEA $GPVTG,129.59,T,,M,2.22,N,4.11,K,A*3D (pico_gnss pico-gnss-rs/src/main.rs:372)
181.084676 [INFO ] NMEA $GPZDA,094133.000,08,06,2026,,*52 (pico_gnss pico-gnss-rs/src/main.rs:372)
181.126243 [INFO ] NMEA $GPGST,094133.000,8.0,22,12,91.6,12,22,24*75 (pico_gnss pico-gnss-rs/src/main.rs:372)
181.235660 [INFO ] TIME unix_ns=1780911693261266368 ppb=2420 holdover_ms=261 locked=1 (pico_gnss pico-gnss-rs/src/main.rs:195)
181.325910 [INFO ] NMEA $GPGGA,094134.000,0000.0000,N,00000.0000,E,1,8,1.31,36.3,M,39.0,M,,*62 (pico_gnss pico-gnss-rs/src/main.rs:372)
181.384273 [INFO ] NMEA $GNGLL,0000.0000,N,00000.0000,E,094134.000,A,A*4E (pico_gnss pico-gnss-rs/src/main.rs:372)
181.442664 [INFO ] NMEA $GNGSA,A,3,05,20,22,15,14,23,,,,,,,1.58,1.31,0.88*14 (pico_gnss pico-gnss-rs/src/main.rs:372)
181.501002 [INFO ] NMEA $GNGSA,A,3,70,80,,,,,,,,,,,1.58,1.31,0.88*1C (pico_gnss pico-gnss-rs/src/main.rs:372)
181.559601 [INFO ] NMEA $GPGSV,4,1,14,24,82,261,,15,62,049,29,23,48,317,12,20,38,069,16*7C (pico_gnss pico-gnss-rs/src/main.rs:372)
181.622353 [INFO ] NMEA $GPGSV,4,2,14,18,36,247,,05,30,140,20,22,17,052,16,12,15,165,15*71 (pico_gnss pico-gnss-rs/src/main.rs:372)
181.709664 [INFO ] NMEA $GPGSV,4,3,14,10,13,317,,14,09,040,16,21,02,136,16,193,,,*7B (pico_gnss pico-gnss-rs/src/main.rs:372)
181.739054 [INFO ] NMEA $GPGSV,4,4,14,194,,,,195,,,*7D (pico_gnss pico-gnss-rs/src/main.rs:372)
181.797613 [INFO ] NMEA $GLGSV,3,1,09,73,55,146,,71,47,340,,80,43,051,26,70,40,072,26*66 (pico_gnss pico-gnss-rs/src/main.rs:372)
181.860246 [INFO ] NMEA $GLGSV,3,2,09,86,24,265,,87,21,307,,74,15,183,,72,08,301,*6E (pico_gnss pico-gnss-rs/src/main.rs:372)
181.889546 [INFO ] NMEA $GLGSV,3,3,09,85,02,208,*59 (pico_gnss pico-gnss-rs/src/main.rs:372)
181.974452 [INFO ] PPS count=183 interval_us=1000002 interval_ns=1000002416 state=Locked missed=0 (pico_gnss pico-gnss-rs/src/main.rs:161)
181.975954 [INFO ] PPSGEN count=184 interval_ns=1000002448 dev_ns=2448 phase_ns=1476578 (pico_gnss pico-gnss-rs/src/main.rs:246)
181.977609 [INFO ] NMEA $GNRMC,094134.000,A,0000.0000,N,00000.0000,E,1.55,122.13,080626,,,A*71 (pico_gnss pico-gnss-rs/src/main.rs:372)
181.980159 [INFO ] SYNC pps_local_us=181968041 unix_s=1780911694 drift_us=2 err_ns=-3 holdover_ms=1000 (pico_gnss pico-gnss-rs/src/main.rs:403)
182.006490 [INFO ] NMEA $GPVTG,122.13,T,,M,1.55,N,2.87,K,A*32 (pico_gnss pico-gnss-rs/src/main.rs:372)
182.035533 [INFO ] NMEA $GPZDA,094134.000,08,06,2026,,*55 (pico_gnss pico-gnss-rs/src/main.rs:372)
182.083356 [INFO ] NMEA $GPGST,094134.000,8.1,22,12,91.9,12,22,24*7C (pico_gnss pico-gnss-rs/src/main.rs:372)
182.230670 [INFO ] NMEA $GPGGA,094135.000,0000.0000,N,00000.0000,E,1,7,3.22,36.3,M,39.0,M,,*65 (pico_gnss pico-gnss-rs/src/main.rs:372)
182.236854 [INFO ] TIME unix_ns=1780911694262451366 ppb=2419 holdover_ms=262 locked=1 (pico_gnss pico-gnss-rs/src/main.rs:195)
182.289129 [INFO ] NMEA $GNGLL,0000.0000,N,00000.0000,E,094135.000,A,A*46 (pico_gnss pico-gnss-rs/src/main.rs:372)
182.347447 [INFO ] NMEA $GNGSA,A,3,05,20,22,15,14,,,,,,,,3.34,3.22,0.89*1C (pico_gnss pico-gnss-rs/src/main.rs:372)
182.405772 [INFO ] NMEA $GNGSA,A,3,70,80,,,,,,,,,,,3.34,3.22,0.89*15 (pico_gnss pico-gnss-rs/src/main.rs:372)
182.468448 [INFO ] NMEA $GPGSV,4,1,14,24,82,261,,15,62,049,29,23,48,317,,20,38,069,16*7F (pico_gnss pico-gnss-rs/src/main.rs:372)
182.527131 [INFO ] NMEA $GPGSV,4,2,14,18,36,247,,05,30,140,20,22,17,052,16,12,15,165,15*71 (pico_gnss pico-gnss-rs/src/main.rs:372)
182.614436 [INFO ] NMEA $GPGSV,4,3,14,10,13,317,,14,09,040,16,21,02,136,16,193,,,*7B (pico_gnss pico-gnss-rs/src/main.rs:372)
182.643815 [INFO ] NMEA $GPGSV,4,4,14,194,,,,195,,,*7D (pico_gnss pico-gnss-rs/src/main.rs:372)
182.702315 [INFO ] NMEA $GLGSV,3,1,09,73,55,146,,71,47,340,,80,43,051,26,70,40,072,26*66 (pico_gnss pico-gnss-rs/src/main.rs:372)
182.764994 [INFO ] NMEA $GLGSV,3,2,09,86,24,265,,87,21,307,,74,15,183,,72,08,301,*6E (pico_gnss pico-gnss-rs/src/main.rs:372)
182.794320 [INFO ] NMEA $GLGSV,3,3,09,85,02,208,*59 (pico_gnss pico-gnss-rs/src/main.rs:372)
182.881689 [INFO ] NMEA $GNRMC,094135.000,A,0000.0000,N,00000.0000,E,2.44,135.00,080626,,,A*7E (pico_gnss pico-gnss-rs/src/main.rs:372)
182.911289 [INFO ] NMEA $GPVTG,135.00,T,,M,2.44,N,4.52,K,A*3B (pico_gnss pico-gnss-rs/src/main.rs:372)
182.940437 [INFO ] NMEA $GPZDA,094135.000,08,06,2026,,*54 (pico_gnss pico-gnss-rs/src/main.rs:372)
182.974469 [INFO ] PPS count=184 interval_us=1000002 interval_ns=1000002416 state=Locked missed=0 (pico_gnss pico-gnss-rs/src/main.rs:161)
182.975981 [INFO ] PPSGEN count=185 interval_ns=1000002432 dev_ns=2432 phase_ns=1493578 (pico_gnss pico-gnss-rs/src/main.rs:246)
182.991004 [INFO ] NMEA $GPGST,094135.000,8.0,23,12,92.0,12,23,26*74 (pico_gnss pico-gnss-rs/src/main.rs:372)
183.238043 [INFO ] TIME unix_ns=1780911695263654943 ppb=2419 holdover_ms=1263 locked=1 (pico_gnss pico-gnss-rs/src/main.rs:195)
183.305200 [INFO ] NMEA $GPGGA,094136.000,0000.0000,N,00000.0000,E,1,7,3.22,36.1,M,39.0,M,,*6D (pico_gnss pico-gnss-rs/src/main.rs:372)
183.363541 [INFO ] NMEA $GNGLL,0000.0000,N,00000.0000,E,094136.000,A,A*4C (pico_gnss pico-gnss-rs/src/main.rs:372)
183.421936 [INFO ] NMEA $GNGSA,A,3,05,20,22,15,14,,,,,,,,3.34,3.22,0.89*1C (pico_gnss pico-gnss-rs/src/main.rs:372)
183.451496 [INFO ] NMEA $GNGSA,A,3,70,80,,,,,,,,,,,3.34,3.22,0.89*15 (pico_gnss pico-gnss-rs/src/main.rs:372)
183.529545 [INFO ] NMEA $GPGSV,4,1,14,24,82,261,,15,62,049,29,23,48,317,,20,38,069,16*7F (pico_gnss pico-gnss-rs/src/main.rs:372)
183.588214 [INFO ] NMEA $GPGSV,4,2,14,18,36,247,,05,30,140,20,22,17,052,16,12,15,165,15*71 (pico_gnss pico-gnss-rs/src/main.rs:372)
183.675526 [INFO ] NMEA $GPGSV,4,3,14,10,13,317,,14,09,040,16,21,02,136,16,193,,,*7B (pico_gnss pico-gnss-rs/src/main.rs:372)
183.704911 [INFO ] NMEA $GPGSV,4,4,14,194,,,,195,,,*7D (pico_gnss pico-gnss-rs/src/main.rs:372)
183.767521 [INFO ] NMEA $GLGSV,3,1,09,73,55,146,,71,47,340,,80,43,051,27,70,40,072,25*64 (pico_gnss pico-gnss-rs/src/main.rs:372)
183.826118 [INFO ] NMEA $GLGSV,3,2,09,86,24,265,,87,21,307,,74,15,183,,72,08,301,*6E (pico_gnss pico-gnss-rs/src/main.rs:372)
183.855418 [INFO ] NMEA $GLGSV,3,3,09,85,02,208,*59 (pico_gnss pico-gnss-rs/src/main.rs:372)
183.942661 [INFO ] NMEA $GNRMC,094136.000,A,0000.0000,N,00000.0000,E,2.11,131.57,080626,,,A*72 (pico_gnss pico-gnss-rs/src/main.rs:372)
183.945228 [INFO ] SYNC pps_local_us=182968043 unix_s=1780911696 drift_us=2 err_ns=-3 holdover_ms=1000 (pico_gnss pico-gnss-rs/src/main.rs:403)
183.972358 [INFO ] NMEA $GPVTG,131.57,T,,M,2.11,N,3.92,K,A*36 (pico_gnss pico-gnss-rs/src/main.rs:372)
183.974437 [INFO ] PPS count=185 interval_us=1000002 interval_ns=1000002432 state=Locked missed=0 (pico_gnss pico-gnss-rs/src/main.rs:161)
183.975914 [INFO ] PPSGEN count=186 interval_ns=1000002448 dev_ns=2448 phase_ns=1445577 (pico_gnss pico-gnss-rs/src/main.rs:246)
184.001696 [INFO ] NMEA $GPZDA,094136.000,08,06,2026,,*57 (pico_gnss pico-gnss-rs/src/main.rs:372)
184.053325 [INFO ] NMEA $GPGST,094136.000,8.0,23,12,91.8,12,23,23*79 (pico_gnss pico-gnss-rs/src/main.rs:372)
184.234101 [INFO ] NMEA $GPGGA,094137.000,0000.0000,N,00000.0000,E,1,7,3.22,36.0,M,39.0,M,,*6D (pico_gnss pico-gnss-rs/src/main.rs:372)
184.239245 [INFO ] TIME unix_ns=1780911697264830940 ppb=2420 holdover_ms=1264 locked=1 (pico_gnss pico-gnss-rs/src/main.rs:195)
184.292500 [INFO ] NMEA $GNGLL,0000.0000,N,00000.0000,E,094137.000,A,A*4D (pico_gnss pico-gnss-rs/src/main.rs:372)
184.350865 [INFO ] NMEA $GNGSA,A,3,05,20,22,15,14,,,,,,,,3.34,3.22,0.89*1C (pico_gnss pico-gnss-rs/src/main.rs:372)
184.397872 [INFO ] NMEA $GNGSA,A,3,70,80,,,,,,,,,,,3.34,3.22,0.89*15 (pico_gnss pico-gnss-rs/src/main.rs:372)
184.456428 [INFO ] NMEA $GPGSV,4,1,14,24,82,261,,15,62,049,29,23,48,317,,20,38,069,17*7E (pico_gnss pico-gnss-rs/src/main.rs:372)
184.543820 [INFO ] NMEA $GPGSV,4,2,14,18,36,247,,05,30,140,20,22,17,052,14,12,15,165,15*73 (pico_gnss pico-gnss-rs/src/main.rs:372)
184.602419 [INFO ] NMEA $GPGSV,4,3,14,10,13,317,,14,09,040,16,21,02,136,16,193,,,*7B (pico_gnss pico-gnss-rs/src/main.rs:372)
184.631795 [INFO ] NMEA $GPGSV,4,4,14,194,,,,195,,,*7D (pico_gnss pico-gnss-rs/src/main.rs:372)
184.694386 [INFO ] NMEA $GLGSV,3,1,09,73,55,146,,71,47,340,,80,43,050,27,70,40,072,25*65 (pico_gnss pico-gnss-rs/src/main.rs:372)
184.753006 [INFO ] NMEA $GLGSV,3,2,09,86,24,265,,87,21,307,,74,15,183,,72,08,301,*6E (pico_gnss pico-gnss-rs/src/main.rs:372)
184.782305 [INFO ] NMEA $GLGSV,3,3,09,85,02,208,*59 (pico_gnss pico-gnss-rs/src/main.rs:372)
184.869712 [INFO ] NMEA $GNRMC,094137.000,A,0000.0000,N,00000.0000,E,1.20,135.78,080626,,,A*7B (pico_gnss pico-gnss-rs/src/main.rs:372)
184.872276 [INFO ] SYNC pps_local_us=183968046 unix_s=1780911697 drift_us=2 err_ns=13 holdover_ms=1000 (pico_gnss pico-gnss-rs/src/main.rs:403)
184.899387 [INFO ] NMEA $GPVTG,135.78,T,,M,1.20,N,2.22,K,A*34 (pico_gnss pico-gnss-rs/src/main.rs:372)
184.932463 [INFO ] NMEA $GPZDA,094137.000,08,06,2026,,*56 (pico_gnss pico-gnss-rs/src/main.rs:372)
184.972789 [INFO ] PPSGEN count=187 interval_ns=997882624 dev_ns=-2117376 phase_ns=-1723415 (pico_gnss pico-gnss-rs/src/main.rs:246)
184.974375 [INFO ] PPS count=186 interval_us=1000002 interval_ns=1000002416 state=Locked missed=0 (pico_gnss pico-gnss-rs/src/main.rs:161)
184.982809 [INFO ] NMEA $GPGST,094137.000,8.0,23,11,92.0,11,23,23*73 (pico_gnss pico-gnss-rs/src/main.rs:372)
185.240461 [INFO ] TIME unix_ns=1780911698266030937 ppb=2420 holdover_ms=1266 locked=1 (pico_gnss pico-gnss-rs/src/main.rs:195)
185.301346 [INFO ] NMEA $GPGGA,094138.000,0000.0000,N,00000.0000,E,1,7,3.22,35.9,M,39.0,M,,*67 (pico_gnss pico-gnss-rs/src/main.rs:372)
185.359697 [INFO ] NMEA $GNGLL,0000.0000,N,00000.0000,E,094138.000,A,A*4D (pico_gnss pico-gnss-rs/src/main.rs:372)
185.418059 [INFO ] NMEA $GNGSA,A,3,05,20,22,15,14,,,,,,,,3.35,3.22,0.89*1D (pico_gnss pico-gnss-rs/src/main.rs:372)
185.462972 [INFO ] NMEA $GNGSA,A,3,70,80,,,,,,,,,,,3.35,3.22,0.89*14 (pico_gnss pico-gnss-rs/src/main.rs:372)
185.521616 [INFO ] NMEA $GPGSV,4,1,14,24,82,261,,15,62,049,29,23,48,317,,20,38,069,17*7E (pico_gnss pico-gnss-rs/src/main.rs:372)
185.609011 [INFO ] NMEA $GPGSV,4,2,14,18,36,247,,05,30,140,21,22,17,052,15,12,15,165,15*73 (pico_gnss pico-gnss-rs/src/main.rs:372)
185.667598 [INFO ] NMEA $GPGSV,4,3,14,10,13,317,,14,09,040,16,21,02,136,16,193,,,*7B (pico_gnss pico-gnss-rs/src/main.rs:372)
185.701009 [INFO ] NMEA $GPGSV,4,4,14,194,,,,195,,,*7D (pico_gnss pico-gnss-rs/src/main.rs:372)
185.759592 [INFO ] NMEA $GLGSV,3,1,09,73,55,146,,71,47,340,,80,43,050,27,70,40,072,25*65 (pico_gnss pico-gnss-rs/src/main.rs:372)
185.818162 [INFO ] NMEA $GLGSV,3,2,09,86,24,265,,87,21,307,,74,15,183,,72,08,301,*6E (pico_gnss pico-gnss-rs/src/main.rs:372)
185.847433 [INFO ] NMEA $GLGSV,3,3,09,85,02,208,*59 (pico_gnss pico-gnss-rs/src/main.rs:372)
185.934745 [INFO ] NMEA $GNRMC,094138.000,A,0000.0000,N,00000.0000,E,0.43,135.78,080626,,,A*7F (pico_gnss pico-gnss-rs/src/main.rs:372)
185.937313 [INFO ] SYNC pps_local_us=184968048 unix_s=1780911698 drift_us=2 err_ns=-3 holdover_ms=999 (pico_gnss pico-gnss-rs/src/main.rs:403)
185.968295 [INFO ] NMEA $GPVTG,135.78,T,,M,0.43,N,0.79,K,A*3C (pico_gnss pico-gnss-rs/src/main.rs:372)
185.972793 [INFO ] PPSGEN count=188 interval_ns=1000002432 dev_ns=2432 phase_ns=-1666415 (pico_gnss pico-gnss-rs/src/main.rs:246)
185.974406 [INFO ] PPS count=187 interval_us=1000002 interval_ns=1000002416 state=Locked missed=0 (pico_gnss pico-gnss-rs/src/main.rs:161)
185.997880 [INFO ] NMEA $GPZDA,094138.000,08,06,2026,,*59 (pico_gnss pico-gnss-rs/src/main.rs:372)
186.049612 [INFO ] NMEA $GPGST,094138.000,7.9,23,12,92.2,12,23,25*7E (pico_gnss pico-gnss-rs/src/main.rs:372)
186.241707 [INFO ] TIME unix_ns=1780911699267287934 ppb=2419 holdover_ms=1267 locked=1 (pico_gnss pico-gnss-rs/src/main.rs:195)
186.285127 [INFO ] NMEA $GPGGA,094139.000,0000.0000,N,00000.0000,E,1,7,3.22,35.9,M,39.0,M,,*64 (pico_gnss pico-gnss-rs/src/main.rs:372)
186.343442 [INFO ] NMEA $GNGLL,0000.0000,N,00000.0000,E,094139.000,A,A*4E (pico_gnss pico-gnss-rs/src/main.rs:372)
186.386394 [INFO ] NMEA $GNGSA,A,3,05,20,22,15,14,,,,,,,,3.34,3.22,0.89*1C (pico_gnss pico-gnss-rs/src/main.rs:372)
186.444690 [INFO ] NMEA $GNGSA,A,3,70,80,,,,,,,,,,,3.34,3.22,0.89*15 (pico_gnss pico-gnss-rs/src/main.rs:372)
186.503303 [INFO ] NMEA $GPGSV,4,1,14,24,82,261,,15,62,049,28,23,48,317,,20,38,069,18*70 (pico_gnss pico-gnss-rs/src/main.rs:372)
186.590709 [INFO ] NMEA $GPGSV,4,2,14,18,36,247,,05,30,140,20,22,17,052,15,12,15,165,15*72 (pico_gnss pico-gnss-rs/src/main.rs:372)
186.653384 [INFO ] NMEA $GPGSV,4,3,14,10,13,317,,14,09,040,16,21,02,136,17,193,,,*7A (pico_gnss pico-gnss-rs/src/main.rs:372)
186.682763 [INFO ] NMEA $GPGSV,4,4,14,194,,,,195,,,*7D (pico_gnss pico-gnss-rs/src/main.rs:372)
186.741286 [INFO ] NMEA $GLGSV,3,1,09,73,55,146,,71,47,340,,80,43,050,27,70,40,072,25*65 (pico_gnss pico-gnss-rs/src/main.rs:372)
186.799850 [INFO ] NMEA $GLGSV,3,2,09,86,24,265,,87,21,307,,74,15,183,,72,08,301,*6E (pico_gnss pico-gnss-rs/src/main.rs:372)
186.829153 [INFO ] NMEA $GLGSV,3,3,09,85,02,208,*59 (pico_gnss pico-gnss-rs/src/main.rs:372)
186.920585 [INFO ] NMEA $GNRMC,094139.000,A,0000.0000,N,00000.0000,E,0.47,135.78,080626,,,A*78 (pico_gnss pico-gnss-rs/src/main.rs:372)
186.923159 [INFO ] SYNC pps_local_us=185968051 unix_s=1780911699 drift_us=2 err_ns=-3 holdover_ms=1000 (pico_gnss pico-gnss-rs/src/main.rs:403)
186.950268 [INFO ] NMEA $GPVTG,135.78,T,,M,0.47,N,0.87,K,A*39 (pico_gnss pico-gnss-rs/src/main.rs:372)
186.972797 [INFO ] PPSGEN count=189 interval_ns=1000002448 dev_ns=2448 phase_ns=-1669415 (pico_gnss pico-gnss-rs/src/main.rs:246)
186.974394 [INFO ] PPS count=188 interval_us=1000002 interval_ns=1000002400 state=Locked missed=0 (pico_gnss pico-gnss-rs/src/main.rs:161)
187.008021 [INFO ] NMEA $GPZDA,094139.000,08,06,2026,,*58 (pico_gnss pico-gnss-rs/src/main.rs:372)
187.033507 [INFO ] NMEA $GPGST,094139.000,7.9,24,12,92.4,12,24,26*7A (pico_gnss pico-gnss-rs/src/main.rs:372)
187.214172 [INFO ] NMEA $GPGGA,094140.000,0000.0000,N,00000.0000,E,1,7,3.22,35.9,M,39.0,M,,*6B (pico_gnss pico-gnss-rs/src/main.rs:372)
187.243278 [INFO ] TIME unix_ns=1780911700268513932 ppb=2419 holdover_ms=1268 locked=1 (pico_gnss pico-gnss-rs/src/main.rs:195)
187.272595 [INFO ] NMEA $GNGLL,0000.0000,N,00000.0000,E,094140.000,A,A*41 (pico_gnss pico-gnss-rs/src/main.rs:372)
187.313466 [INFO ] NMEA $GNGSA,A,3,05,20,22,15,14,,,,,,,,3.34,3.22,0.89*1C (pico_gnss pico-gnss-rs/src/main.rs:372)
187.371703 [INFO ] NMEA $GNGSA,A,3,70,80,,,,,,,,,,,3.34,3.22,0.89*15 (pico_gnss pico-gnss-rs/src/main.rs:372)
187.430335 [INFO ] NMEA $GPGSV,4,1,14,24,82,261,,15,62,049,28,23,48,317,,20,38,069,18*70 (pico_gnss pico-gnss-rs/src/main.rs:372)
187.517750 [INFO ] NMEA $GPGSV,4,2,14,18,36,247,,05,30,140,20,22,17,052,16,12,15,165,15*71 (pico_gnss pico-gnss-rs/src/main.rs:372)
187.580449 [INFO ] NMEA $GPGSV,4,3,14,10,13,317,,14,09,040,16,21,02,136,17,193,,,*7A (pico_gnss pico-gnss-rs/src/main.rs:372)
187.609771 [INFO ] NMEA $GPGSV,4,4,14,194,,,,195,,,*7D (pico_gnss pico-gnss-rs/src/main.rs:372)
187.668331 [INFO ] NMEA $GLGSV,3,1,09,73,55,146,,71,47,340,,80,43,050,27,70,40,072,25*65 (pico_gnss pico-gnss-rs/src/main.rs:372)
187.755620 [INFO ] NMEA $GLGSV,3,2,09,86,24,265,,87,21,307,,74,15,183,,72,08,301,*6E (pico_gnss pico-gnss-rs/src/main.rs:372)
187.784978 [INFO ] NMEA $GLGSV,3,3,09,85,02,208,*59 (pico_gnss pico-gnss-rs/src/main.rs:372)
187.847706 [INFO ] NMEA $GNRMC,094140.000,A,0000.0000,N,00000.0000,E,0.71,92.70,080626,,,A*46 (pico_gnss pico-gnss-rs/src/main.rs:372)
187.850275 [INFO ] SYNC pps_local_us=186968053 unix_s=1780911700 drift_us=2 err_ns=-18 holdover_ms=1000 (pico_gnss pico-gnss-rs/src/main.rs:403)
187.877406 [INFO ] NMEA $GPVTG,92.70,T,,M,0.71,N,1.31,K,A*04 (pico_gnss pico-gnss-rs/src/main.rs:372)
187.935077 [INFO ] NMEA $GPZDA,094140.000,08,06,2026,,*56 (pico_gnss pico-gnss-rs/src/main.rs:372)
187.960603 [INFO ] NMEA $GPGST,094140.000,7.9,24,12,92.2,12,24,26*72 (pico_gnss pico-gnss-rs/src/main.rs:372)
187.972798 [INFO ] PPSGEN count=190 interval_ns=1000002432 dev_ns=2432 phase_ns=-1687414 (pico_gnss pico-gnss-rs/src/main.rs:246)
187.974404 [INFO ] PPS count=189 interval_us=1000002 interval_ns=1000002416 state=Locked missed=0 (pico_gnss pico-gnss-rs/src/main.rs:161)
188.245086 [INFO ] TIME unix_ns=1780911701270625927 ppb=2419 holdover_ms=1270 locked=1 (pico_gnss pico-gnss-rs/src/main.rs:195)
188.273494 [INFO ] NMEA $GPGGA,094141.000,0000.0000,N,00000.0000,E,1,7,3.22,35.9,M,39.0,M,,*6B (pico_gnss pico-gnss-rs/src/main.rs:372)
188.314056 [INFO ] NMEA $GNGLL,0000.0000,N,00000.0000,E,094141.000,A,A*41 (pico_gnss pico-gnss-rs/src/main.rs:372)
188.372437 [INFO ] NMEA $GNGSA,A,3,05,20,22,15,14,,,,,,,,3.34,3.22,0.89*1C (pico_gnss pico-gnss-rs/src/main.rs:372)
188.430714 [INFO ] NMEA $GNGSA,A,3,70,80,,,,,,,,,,,3.34,3.22,0.89*15 (pico_gnss pico-gnss-rs/src/main.rs:372)
188.489350 [INFO ] NMEA $GPGSV,4,1,14,24,82,261,,15,62,049,28,23,48,317,,20,38,069,18*70 (pico_gnss pico-gnss-rs/src/main.rs:372)
188.580838 [INFO ] NMEA $GPGSV,4,2,14,18,36,247,,05,30,140,20,22,17,052,16,12,15,165,15*71 (pico_gnss pico-gnss-rs/src/main.rs:372)
188.639526 [INFO ] NMEA $GPGSV,4,3,14,10,13,317,,14,09,040,16,21,02,136,17,193,,,*7A (pico_gnss pico-gnss-rs/src/main.rs:372)
188.668830 [INFO ] NMEA $GPGSV,4,4,14,194,,,,195,,,*7D (pico_gnss pico-gnss-rs/src/main.rs:372)
188.727407 [INFO ] NMEA $GLGSV,3,1,09,73,55,146,,71,47,340,,80,43,050,27,70,40,072,25*65 (pico_gnss pico-gnss-rs/src/main.rs:372)
188.814720 [INFO ] NMEA $GLGSV,3,2,09,86,24,265,,87,21,307,,74,15,183,,72,08,301,*6E (pico_gnss pico-gnss-rs/src/main.rs:372)
188.843972 [INFO ] NMEA $GLGSV,3,3,09,85,02,208,*59 (pico_gnss pico-gnss-rs/src/main.rs:372)
188.906711 [INFO ] NMEA $GNRMC,094141.000,A,0000.0000,N,00000.0000,E,1.14,322.56,080626,,,A*78 (pico_gnss pico-gnss-rs/src/main.rs:372)
188.909281 [INFO ] SYNC pps_local_us=187968055 unix_s=1780911701 drift_us=2 err_ns=-2 holdover_ms=1000 (pico_gnss pico-gnss-rs/src/main.rs:403)
188.936377 [INFO ] NMEA $GPVTG,322.56,T,,M,1.14,N,2.10,K,A*3A (pico_gnss pico-gnss-rs/src/main.rs:372)
188.972889 [INFO ] PPSGEN count=191 interval_ns=1000002448 dev_ns=2448 phase_ns=-1694414 (pico_gnss pico-gnss-rs/src/main.rs:246)
188.974406 [INFO ] PPS count=190 interval_us=1000002 interval_ns=1000002416 state=Locked missed=0 (pico_gnss pico-gnss-rs/src/main.rs:161)
188.994428 [INFO ] NMEA $GPZDA,094141.000,08,06,2026,,*57 (pico_gnss pico-gnss-rs/src/main.rs:372)
189.021743 [INFO ] NMEA $GPGST,094141.000,7.9,25,12,92.3,12,25,28*7C (pico_gnss pico-gnss-rs/src/main.rs:372)
189.246322 [INFO ] TIME unix_ns=1780911702271911924 ppb=2419 holdover_ms=1271 locked=1 (pico_gnss pico-gnss-rs/src/main.rs:195)
189.346334 [INFO ] NMEA $GPGGA,094142.000,0000.0000,N,00000.0000,E,1,7,3.22,35.9,M,39.0,M,,*61 (pico_gnss pico-gnss-rs/src/main.rs:372)
189.404730 [INFO ] NMEA $GNGLL,0000.0000,N,00000.0000,E,094142.000,A,A*4B (pico_gnss pico-gnss-rs/src/main.rs:372)
189.434466 [INFO ] NMEA $GNGSA,A,3,05,20,22,15,14,,,,,,,,3.34,3.22,0.89*1C (pico_gnss pico-gnss-rs/src/main.rs:372)
189.492677 [INFO ] NMEA $GNGSA,A,3,70,80,,,,,,,,,,,3.34,3.22,0.89*15 (pico_gnss pico-gnss-rs/src/main.rs:372)
189.551311 [INFO ] NMEA $GPGSV,4,1,14,24,82,261,,15,62,049,28,23,48,317,,20,38,069,19*71 (pico_gnss pico-gnss-rs/src/main.rs:372)
189.642821 [INFO ] NMEA $GPGSV,4,2,14,18,36,247,,05,30,140,20,22,17,052,16,12,15,165,15*71 (pico_gnss pico-gnss-rs/src/main.rs:372)
189.701399 [INFO ] NMEA $GPGSV,4,3,14,10,13,317,,14,09,040,16,21,02,136,17,193,,,*7A (pico_gnss pico-gnss-rs/src/main.rs:372)
189.730739 [INFO ] NMEA $GPGSV,4,4,14,194,,,,195,,,*7D (pico_gnss pico-gnss-rs/src/main.rs:372)
189.789296 [INFO ] NMEA $GLGSV,3,1,09,73,55,146,,71,47,340,,80,43,050,27,70,40,072,25*65 (pico_gnss pico-gnss-rs/src/main.rs:372)
189.876502 [INFO ] NMEA $GLGSV,3,2,09,86,24,265,,87,21,307,,74,15,183,,72,08,301,*6E (pico_gnss pico-gnss-rs/src/main.rs:372)
189.881207 [INFO ] NMEA $GLGSV,3,3,09,85,01,207,*55 (pico_gnss pico-gnss-rs/src/main.rs:372)
189.968440 [INFO ] NMEA $GNRMC,094142.000,A,0000.0000,N,00000.0000,E,1.49,303.08,080626,,,A*72 (pico_gnss pico-gnss-rs/src/main.rs:372)
189.971036 [INFO ] SYNC pps_local_us=188968058 unix_s=1780911702 drift_us=2 err_ns=-2 holdover_ms=1000 (pico_gnss pico-gnss-rs/src/main.rs:403)
189.972837 [INFO ] PPSGEN count=192 interval_ns=1000002432 dev_ns=2432 phase_ns=-1583414 (pico_gnss pico-gnss-rs/src/main.rs:246)
189.974495 [INFO ] PPS count=191 interval_us=1000002 interval_ns=1000002400 state=Locked missed=0 (pico_gnss pico-gnss-rs/src/main.rs:161)
189.998168 [INFO ] NMEA $GPVTG,303.08,T,,M,1.49,N,2.76,K,A*3A (pico_gnss pico-gnss-rs/src/main.rs:372)
190.055829 [INFO ] NMEA $GPZDA,094142.000,08,06,2026,,*54 (pico_gnss pico-gnss-rs/src/main.rs:372)
190.085524 [INFO ] NMEA $GPGST,094142.000,7.8,25,12,92.4,12,25,27*76 (pico_gnss pico-gnss-rs/src/main.rs:372)
190.247581 [INFO ] TIME unix_ns=1780911703273110922 ppb=2418 holdover_ms=1273 locked=1 (pico_gnss pico-gnss-rs/src/main.rs:195)
190.262579 [INFO ] NMEA $GPGGA,094143.000,0000.0000,N,00000.0000,E,1,7,3.22,35.9,M,39.0,M,,*66 (pico_gnss pico-gnss-rs/src/main.rs:372)
190.320664 [INFO ] NMEA $GNGLL,0000.0000,N,00000.0000,E,094143.000,A,A*4C (pico_gnss pico-gnss-rs/src/main.rs:372)
190.350302 [INFO ] NMEA $GNGSA,A,3,05,20,22,15,14,,,,,,,,3.34,3.22,0.89*1C (pico_gnss pico-gnss-rs/src/main.rs:372)
190.408549 [INFO ] NMEA $GNGSA,A,3,70,80,,,,,,,,,,,3.34,3.22,0.89*15 (pico_gnss pico-gnss-rs/src/main.rs:372)
190.467128 [INFO ] NMEA $GPGSV,4,1,14,24,82,261,,15,62,049,28,23,48,317,,20,38,069,19*71 (pico_gnss pico-gnss-rs/src/main.rs:372)
190.558684 [INFO ] NMEA $GPGSV,4,2,14,18,36,247,,05,30,140,20,22,17,052,16,12,15,165,15*71 (pico_gnss pico-gnss-rs/src/main.rs:372)
190.617222 [INFO ] NMEA $GPGSV,4,3,14,10,13,317,,14,09,040,16,21,02,136,17,193,,,*7A (pico_gnss pico-gnss-rs/src/main.rs:372)
190.646588 [INFO ] NMEA $GPGSV,4,4,14,194,,,,195,,,*7D (pico_gnss pico-gnss-rs/src/main.rs:372)
190.705150 [INFO ] NMEA $GLGSV,3,1,09,73,55,146,,71,47,340,,80,43,050,27,70,40,072,25*65 (pico_gnss pico-gnss-rs/src/main.rs:372)
190.796543 [INFO ] NMEA $GLGSV,3,2,09,86,24,264,,87,21,307,,74,15,183,,72,08,301,*6F (pico_gnss pico-gnss-rs/src/main.rs:372)
190.825894 [INFO ] NMEA $GLGSV,3,3,09,85,01,207,*55 (pico_gnss pico-gnss-rs/src/main.rs:372)
190.884495 [INFO ] NMEA $GNRMC,094143.000,A,0000.0000,N,00000.0000,E,1.19,329.77,080626,,,A*70 (pico_gnss pico-gnss-rs/src/main.rs:372)
190.887053 [INFO ] SYNC pps_local_us=189968060 unix_s=1780911703 drift_us=2 err_ns=-18 holdover_ms=1000 (pico_gnss pico-gnss-rs/src/main.rs:403)
190.942628 [INFO ] NMEA $GPVTG,329.77,T,,M,1.19,N,2.20,K,A*3C (pico_gnss pico-gnss-rs/src/main.rs:372)
190.971926 [INFO ] NMEA $GPZDA,094143.000,08,06,2026,,*55 (pico_gnss pico-gnss-rs/src/main.rs:372)
190.973381 [INFO ] PPSGEN count=193 interval_ns=1000002448 dev_ns=2448 phase_ns=-1139415 (pico_gnss pico-gnss-rs/src/main.rs:246)
190.974728 [INFO ] PPS count=192 interval_us=1000002 interval_ns=1000002416 state=Locked missed=0 (pico_gnss pico-gnss-rs/src/main.rs:161)
191.003853 [INFO ] NMEA $GPGST,094143.000,7.8,26,12,92.5,12,26,27*76 (pico_gnss pico-gnss-rs/src/main.rs:372)
191.248795 [INFO ] TIME unix_ns=1780911704274323919 ppb=2418 holdover_ms=1274 locked=1 (pico_gnss pico-gnss-rs/src/main.rs:195)
191.320242 [INFO ] NMEA $GPGGA,094144.000,0000.0000,N,00000.0000,E,1,7,3.22,35.9,M,39.0,M,,*65 (pico_gnss pico-gnss-rs/src/main.rs:372)
191.378641 [INFO ] NMEA $GNGLL,0000.0000,N,00000.0000,E,094144.000,A,A*4F (pico_gnss pico-gnss-rs/src/main.rs:372)
191.437004 [INFO ] NMEA $GNGSA,A,3,05,20,22,15,14,,,,,,,,3.34,3.22,0.89*1C (pico_gnss pico-gnss-rs/src/main.rs:372)
191.466601 [INFO ] NMEA $GNGSA,A,3,70,80,,,,,,,,,,,3.34,3.22,0.89*15 (pico_gnss pico-gnss-rs/src/main.rs:372)
191.529245 [INFO ] NMEA $GPGSV,4,1,14,24,82,261,,15,62,049,28,23,48,317,,20,38,069,19*71 (pico_gnss pico-gnss-rs/src/main.rs:372)
191.616679 [INFO ] NMEA $GPGSV,4,2,14,18,36,247,,05,30,140,20,22,17,052,16,12,15,165,15*71 (pico_gnss pico-gnss-rs/src/main.rs:372)
191.675217 [INFO ] NMEA $GPGSV,4,3,14,10,13,317,,14,09,040,16,21,02,136,17,193,,,*7A (pico_gnss pico-gnss-rs/src/main.rs:372)
191.704589 [INFO ] NMEA $GPGSV,4,4,14,194,,,,195,,,*7D (pico_gnss pico-gnss-rs/src/main.rs:372)
191.791800 [INFO ] NMEA $GLGSV,3,1,09,73,55,146,,71,47,340,,80,43,050,27,70,40,072,25*65 (pico_gnss pico-gnss-rs/src/main.rs:372)
191.854556 [INFO ] NMEA $GLGSV,3,2,09,86,24,264,,87,21,306,,74,15,183,,72,08,301,*6E (pico_gnss pico-gnss-rs/src/main.rs:372)
191.883866 [INFO ] NMEA $GLGSV,3,3,09,85,01,207,*55 (pico_gnss pico-gnss-rs/src/main.rs:372)
191.942365 [INFO ] NMEA $GNRMC,094144.000,A,0000.0000,N,00000.0000,E,0.37,329.77,080626,,,A*7E (pico_gnss pico-gnss-rs/src/main.rs:372)
191.944946 [INFO ] SYNC pps_local_us=190968063 unix_s=1780911704 drift_us=2 err_ns=-2 holdover_ms=1000 (pico_gnss pico-gnss-rs/src/main.rs:403)
191.972878 [INFO ] PPSGEN count=194 interval_ns=1000002432 dev_ns=2432 phase_ns=-1985413 (pico_gnss pico-gnss-rs/src/main.rs:246)
191.974434 [INFO ] PPS count=193 interval_us=1000002 interval_ns=1000002400 state=Locked missed=0 (pico_gnss pico-gnss-rs/src/main.rs:161)
192.000835 [INFO ] NMEA $GPVTG,329.77,T,,M,0.37,N,0.68,K,A*3F (pico_gnss pico-gnss-rs/src/main.rs:372)
192.029846 [INFO ] NMEA $GPZDA,094144.000,08,06,2026,,*52 (pico_gnss pico-gnss-rs/src/main.rs:372)
192.063484 [INFO ] NMEA $GPGST,094144.000,7.8,26,12,92.6,12,26,27*72 (pico_gnss pico-gnss-rs/src/main.rs:372)
192.250036 [INFO ] TIME unix_ns=1780911705275238918 ppb=2417 holdover_ms=1275 locked=1 (pico_gnss pico-gnss-rs/src/main.rs:195)
192.297168 [INFO ] NMEA $GPGGA,094145.000,0000.0000,N,00000.0000,E,1,7,3.22,36.0,M,39.0,M,,*61 (pico_gnss pico-gnss-rs/src/main.rs:372)
192.355466 [INFO ] NMEA $GNGLL,0000.0000,N,00000.0000,E,094145.000,A,A*41 (pico_gnss pico-gnss-rs/src/main.rs:372)
192.413973 [INFO ] NMEA $GNGSA,A,3,05,20,22,15,14,,,,,,,,3.35,3.22,0.89*1D (pico_gnss pico-gnss-rs/src/main.rs:372)
192.443504 [INFO ] NMEA $GNGSA,A,3,70,80,,,,,,,,,,,3.35,3.22,0.89*14 (pico_gnss pico-gnss-rs/src/main.rs:372)
192.509222 [INFO ] NMEA $GPGSV,4,1,14,24,82,261,,15,62,049,28,23,48,317,,20,38,069,19*71 (pico_gnss pico-gnss-rs/src/main.rs:372)
192.596674 [INFO ] NMEA $GPGSV,4,2,14,18,36,247,,05,30,140,20,22,17,052,16,12,15,165,15*71 (pico_gnss pico-gnss-rs/src/main.rs:372)
192.655230 [INFO ] NMEA $GPGSV,4,3,14,10,13,317,,14,09,040,16,21,02,136,17,193,,,*7A (pico_gnss pico-gnss-rs/src/main.rs:372)
192.684591 [INFO ] NMEA $GPGSV,4,4,14,194,,,,195,,,*7D (pico_gnss pico-gnss-rs/src/main.rs:372)
192.747228 [INFO ] NMEA $GLGSV,3,1,09,73,55,146,,71,47,340,,80,43,050,27,70,40,072,25*65 (pico_gnss pico-gnss-rs/src/main.rs:372)
192.834573 [INFO ] NMEA $GLGSV,3,2,09,86,24,264,,87,21,306,,74,15,183,,72,08,301,*6E (pico_gnss pico-gnss-rs/src/main.rs:372)
192.863905 [INFO ] NMEA $GLGSV,3,3,09,85,01,207,*55 (pico_gnss pico-gnss-rs/src/main.rs:372)
192.922422 [INFO ] NMEA $GNRMC,094145.000,A,0000.0000,N,00000.0000,E,1.08,313.70,080626,,,A*73 (pico_gnss pico-gnss-rs/src/main.rs:372)
192.924991 [INFO ] SYNC pps_local_us=191968065 unix_s=1780911705 drift_us=2 err_ns=-17 holdover_ms=999 (pico_gnss pico-gnss-rs/src/main.rs:403)
192.973694 [INFO ] PPSGEN count=195 interval_ns=1000875568 dev_ns=875568 phase_ns=-832415 (pico_gnss pico-gnss-rs/src/main.rs:246)
192.975074 [INFO ] PPS count=194 interval_us=1000002 interval_ns=1000002400 state=Locked missed=0 (pico_gnss pico-gnss-rs/src/main.rs:161)
192.980863 [INFO ] NMEA $GPVTG,313.70,T,,M,1.08,N,2.00,K,A*30 (pico_gnss pico-gnss-rs/src/main.rs:372)
193.013888 [INFO ] NMEA $GPZDA,094145.000,08,06,2026,,*53 (pico_gnss pico-gnss-rs/src/main.rs:372)
193.045673 [INFO ] NMEA $GPGST,094145.000,7.8,26,13,92.7,13,26,27*72 (pico_gnss pico-gnss-rs/src/main.rs:372)
193.213050 [INFO ] NMEA $GPGGA,094146.000,0000.0000,N,00000.0000,E,1,7,3.22,36.1,M,39.0,M,,*6D (pico_gnss pico-gnss-rs/src/main.rs:372)
193.251294 [INFO ] TIME unix_ns=1780911706276820915 ppb=2417 holdover_ms=1276 locked=1 (pico_gnss pico-gnss-rs/src/main.rs:195)
193.271707 [INFO ] NMEA $GNGLL,0000.0000,N,00000.0000,E,094146.000,A,A*4C (pico_gnss pico-gnss-rs/src/main.rs:372)
193.329816 [INFO ] NMEA $GNGSA,A,3,05,20,22,15,14,,,,,,,,3.34,3.22,0.89*1C (pico_gnss pico-gnss-rs/src/main.rs:372)
193.364461 [INFO ] NMEA $GNGSA,A,3,70,80,,,,,,,,,,,3.34,3.22,0.89*15 (pico_gnss pico-gnss-rs/src/main.rs:372)
193.451813 [INFO ] NMEA $GPGSV,4,1,14,24,82,261,,15,62,049,28,23,48,317,,20,38,069,19*71 (pico_gnss pico-gnss-rs/src/main.rs:372)
193.510496 [INFO ] NMEA $GPGSV,4,2,14,18,36,247,,05,30,140,20,22,17,052,16,12,15,165,16*72 (pico_gnss pico-gnss-rs/src/main.rs:372)
193.569019 [INFO ] NMEA $GPGSV,4,3,14,10,13,317,,14,09,040,16,21,02,136,17,193,,,*7A (pico_gnss pico-gnss-rs/src/main.rs:372)
193.598408 [INFO ] NMEA $GPGSV,4,4,14,194,,,,195,,,*7D (pico_gnss pico-gnss-rs/src/main.rs:372)
193.689786 [INFO ] NMEA $GLGSV,3,1,09,73,55,146,,71,47,340,,80,43,050,27,70,40,072,25*65 (pico_gnss pico-gnss-rs/src/main.rs:372)
193.748393 [INFO ] NMEA $GLGSV,3,2,09,86,24,264,,87,21,306,,74,15,183,,72,08,301,*6E (pico_gnss pico-gnss-rs/src/main.rs:372)
193.777697 [INFO ] NMEA $GLGSV,3,3,09,85,01,207,*55 (pico_gnss pico-gnss-rs/src/main.rs:372)
193.836340 [INFO ] NMEA $GNRMC,094146.000,A,0000.0000,N,00000.0000,E,0.42,313.70,080626,,,A*71 (pico_gnss pico-gnss-rs/src/main.rs:372)
193.838919 [INFO ] SYNC pps_local_us=192968067 unix_s=1780911706 drift_us=2 err_ns=-16 holdover_ms=1000 (pico_gnss pico-gnss-rs/src/main.rs:403)
193.898624 [INFO ] NMEA $GPVTG,313.70,T,,M,0.42,N,0.77,K,A*3D (pico_gnss pico-gnss-rs/src/main.rs:372)
193.927937 [INFO ] NMEA $GPZDA,094146.000,08,06,2026,,*50 (pico_gnss pico-gnss-rs/src/main.rs:372)
193.957378 [INFO ] NMEA $GPGST,094146.000,7.8,27,13,92.8,13,27,27*7E (pico_gnss pico-gnss-rs/src/main.rs:372)
193.973684 [INFO ] PPSGEN count=196 interval_ns=1000002432 dev_ns=2432 phase_ns=-1474413 (pico_gnss pico-gnss-rs/src/main.rs:246)
193.975056 [INFO ] PPS count=195 interval_us=1000002 interval_ns=1000002400 state=Locked missed=0 (pico_gnss pico-gnss-rs/src/main.rs:161)
194.252567 [INFO ] TIME unix_ns=1780911707277430914 ppb=2416 holdover_ms=1277 locked=1 (pico_gnss pico-gnss-rs/src/main.rs:195)
194.274540 [INFO ] NMEA $GPGGA,094147.000,0000.0000,N,00000.0000,E,1,7,3.23,36.2,M,39.0,M,,*65 (pico_gnss pico-gnss-rs/src/main.rs:372)
194.332599 [INFO ] NMEA $GNGLL,0000.0000,N,00000.0000,E,094147.000,A,A*46 (pico_gnss pico-gnss-rs/src/main.rs:372)
194.394032 [INFO ] NMEA $GNGSA,A,3,05,20,22,15,14,,,,,,,,3.35,3.23,0.89*1C (pico_gnss pico-gnss-rs/src/main.rs:372)
194.423646 [INFO ] NMEA $GNGSA,A,3,70,80,,,,,,,,,,,3.35,3.23,0.89*15 (pico_gnss pico-gnss-rs/src/main.rs:372)
194.510925 [INFO ] NMEA $GPGSV,4,1,14,24,82,261,,15,62,049,28,23,48,317,,20,38,069,19*71 (pico_gnss pico-gnss-rs/src/main.rs:372)
194.569561 [INFO ] NMEA $GPGSV,4,2,14,18,36,247,,05,30,140,20,22,17,052,16,12,15,165,16*72 (pico_gnss pico-gnss-rs/src/main.rs:372)
194.628161 [INFO ] NMEA $GPGSV,4,3,14,10,13,317,,14,09,040,16,21,02,136,17,193,,,*7A (pico_gnss pico-gnss-rs/src/main.rs:372)
194.661546 [INFO ] NMEA $GPGSV,4,4,14,194,,,,195,,,*7D (pico_gnss pico-gnss-rs/src/main.rs:372)
194.748922 [INFO ] NMEA $GLGSV,3,1,09,73,55,146,,71,47,340,,80,43,050,27,70,40,072,24*64 (pico_gnss pico-gnss-rs/src/main.rs:372)
194.807513 [INFO ] NMEA $GLGSV,3,2,09,86,24,264,,87,21,306,,74,15,183,,72,08,301,*6E (pico_gnss pico-gnss-rs/src/main.rs:372)
194.836784 [INFO ] NMEA $GLGSV,3,3,09,85,01,207,*55 (pico_gnss pico-gnss-rs/src/main.rs:372)
194.895402 [INFO ] NMEA $GNRMC,094147.000,A,0000.0000,N,00000.0000,E,1.12,315.19,080626,,,A*76 (pico_gnss pico-gnss-rs/src/main.rs:372)
194.897988 [INFO ] SYNC pps_local_us=193968070 unix_s=1780911707 drift_us=2 err_ns=-16 holdover_ms=999 (pico_gnss pico-gnss-rs/src/main.rs:403)
194.957576 [INFO ] NMEA $GPVTG,315.19,T,,M,1.12,N,2.08,K,A*3A (pico_gnss pico-gnss-rs/src/main.rs:372)
194.973701 [INFO ] PPSGEN count=197 interval_ns=1000002448 dev_ns=2448 phase_ns=-1443412 (pico_gnss pico-gnss-rs/src/main.rs:246)
194.975040 [INFO ] PPS count=196 interval_us=1000002 interval_ns=1000002400 state=Locked missed=0 (pico_gnss pico-gnss-rs/src/main.rs:161)
194.987189 [INFO ] NMEA $GPZDA,094147.000,08,06,2026,,*51 (pico_gnss pico-gnss-rs/src/main.rs:372)
195.022220 [INFO ] NMEA $GPGST,094147.000,7.8,27,13,92.8,13,27,27*7F (pico_gnss pico-gnss-rs/src/main.rs:372)
195.211999 [INFO ] NMEA $GPGGA,094148.000,0000.0000,N,00000.0000,E,1,7,3.22,36.2,M,39.0,M,,*6A (pico_gnss pico-gnss-rs/src/main.rs:372)
195.253825 [INFO ] TIME unix_ns=1780911708278724911 ppb=2416 holdover_ms=1278 locked=1 (pico_gnss pico-gnss-rs/src/main.rs:195)
195.270679 [INFO ] NMEA $GNGLL,0000.0000,N,00000.0000,E,094148.000,A,A*48 (pico_gnss pico-gnss-rs/src/main.rs:372)
195.329781 [INFO ] NMEA $GNGSA,A,3,05,20,22,15,14,,,,,,,,3.35,3.22,0.89*1D (pico_gnss pico-gnss-rs/src/main.rs:372)
195.359385 [INFO ] NMEA $GNGSA,A,3,70,80,,,,,,,,,,,3.35,3.22,0.89*14 (pico_gnss pico-gnss-rs/src/main.rs:372)
195.446676 [INFO ] NMEA $GPGSV,4,1,14,24,82,261,,15,62,049,28,23,48,317,,20,38,069,19*71 (pico_gnss pico-gnss-rs/src/main.rs:372)
195.505324 [INFO ] NMEA $GPGSV,4,2,14,18,36,247,,05,30,140,20,22,17,052,16,12,15,165,16*72 (pico_gnss pico-gnss-rs/src/main.rs:372)
195.567975 [INFO ] NMEA $GPGSV,4,3,14,10,13,317,,14,09,040,17,21,02,136,17,193,,,*7B (pico_gnss pico-gnss-rs/src/main.rs:372)
195.597353 [INFO ] NMEA $GPGSV,4,4,14,194,,,,195,,,*7D (pico_gnss pico-gnss-rs/src/main.rs:372)
195.684644 [INFO ] NMEA $GLGSV,3,1,09,73,55,146,,71,47,340,,80,43,050,27,70,40,072,24*64 (pico_gnss pico-gnss-rs/src/main.rs:372)
195.743242 [INFO ] NMEA $GLGSV,3,2,09,86,24,264,,87,21,306,,74,15,183,,72,08,301,*6E (pico_gnss pico-gnss-rs/src/main.rs:372)
195.772512 [INFO ] NMEA $GLGSV,3,3,09,85,01,207,*55 (pico_gnss pico-gnss-rs/src/main.rs:372)
195.835275 [INFO ] NMEA $GNRMC,094148.000,A,0000.0000,N,00000.0000,E,0.29,315.19,080626,,,A*71 (pico_gnss pico-gnss-rs/src/main.rs:372)
195.837853 [INFO ] SYNC pps_local_us=194968072 unix_s=1780911708 drift_us=2 err_ns=-15 holdover_ms=999 (pico_gnss pico-gnss-rs/src/main.rs:403)
195.893523 [INFO ] NMEA $GPVTG,315.19,T,,M,0.29,N,0.54,K,A*38 (pico_gnss pico-gnss-rs/src/main.rs:372)
195.922808 [INFO ] NMEA $GPZDA,094148.000,08,06,2026,,*5E (pico_gnss pico-gnss-rs/src/main.rs:372)
195.960174 [INFO ] NMEA $GPGST,094148.000,7.8,27,13,92.8,13,27,27*70 (pico_gnss pico-gnss-rs/src/main.rs:372)
195.973667 [INFO ] PPSGEN count=198 interval_ns=1000002432 dev_ns=2432 phase_ns=-1448412 (pico_gnss pico-gnss-rs/src/main.rs:246)
195.975027 [INFO ] PPS count=197 interval_us=1000002 interval_ns=1000002416 state=Locked missed=0 (pico_gnss pico-gnss-rs/src/main.rs:161)
196.255088 [INFO ] TIME unix_ns=1780911709279991908 ppb=2416 holdover_ms=1279 locked=1 (pico_gnss pico-gnss-rs/src/main.rs:195)
196.270600 [INFO ] NMEA $GPGGA,094149.000,0000.0000,N,00000.0000,E,1,7,3.23,36.3,M,39.0,M,,*64 (pico_gnss pico-gnss-rs/src/main.rs:372)
196.327622 [INFO ] NMEA $GNGLL,0000.0000,N,00000.0000,E,094149.000,A,A*46 (pico_gnss pico-gnss-rs/src/main.rs:372)
196.385982 [INFO ] NMEA $GNGSA,A,3,05,20,22,15,14,,,,,,,,3.35,3.23,0.89*1C (pico_gnss pico-gnss-rs/src/main.rs:372)
196.415556 [INFO ] NMEA $GNGSA,A,3,70,80,,,,,,,,,,,3.35,3.23,0.89*15 (pico_gnss pico-gnss-rs/src/main.rs:372)
196.502900 [INFO ] NMEA $GPGSV,4,1,14,24,82,261,,15,62,049,28,23,48,317,,20,38,069,20*7B (pico_gnss pico-gnss-rs/src/main.rs:372)
196.561522 [INFO ] NMEA $GPGSV,4,2,14,18,36,247,,05,30,140,20,22,17,052,15,12,15,165,16*71 (pico_gnss pico-gnss-rs/src/main.rs:372)
196.624211 [INFO ] NMEA $GPGSV,4,3,14,10,13,317,,14,09,040,17,21,02,136,17,193,,,*7B (pico_gnss pico-gnss-rs/src/main.rs:372)
196.653584 [INFO ] NMEA $GPGSV,4,4,14,194,,,,195,,,*7D (pico_gnss pico-gnss-rs/src/main.rs:372)
196.740876 [INFO ] NMEA $GLGSV,3,1,09,73,55,146,,71,47,340,,80,43,050,27,70,40,072,24*64 (pico_gnss pico-gnss-rs/src/main.rs:372)
196.799430 [INFO ] NMEA $GLGSV,3,2,09,86,24,264,,87,21,306,,74,15,183,,72,08,301,*6E (pico_gnss pico-gnss-rs/src/main.rs:372)
196.828755 [INFO ] NMEA $GLGSV,3,3,09,85,01,207,*55 (pico_gnss pico-gnss-rs/src/main.rs:372)
196.891428 [INFO ] NMEA $GNRMC,094149.000,A,0000.0000,N,00000.0000,E,0.54,315.19,080626,,,A*75 (pico_gnss pico-gnss-rs/src/main.rs:372)
196.893997 [INFO ] SYNC pps_local_us=195968075 unix_s=1780911709 drift_us=2 err_ns=1 holdover_ms=999 (pico_gnss pico-gnss-rs/src/main.rs:403)
196.949567 [INFO ] NMEA $GPVTG,315.19,T,,M,0.54,N,1.01,K,A*33 (pico_gnss pico-gnss-rs/src/main.rs:372)
196.973750 [INFO ] PPSGEN count=199 interval_ns=1000002448 dev_ns=2448 phase_ns=-1418412 (pico_gnss pico-gnss-rs/src/main.rs:246)
196.975133 [INFO ] PPS count=198 interval_us=1000002 interval_ns=1000002400 state=Locked missed=0 (pico_gnss pico-gnss-rs/src/main.rs:161)
196.979170 [INFO ] NMEA $GPZDA,094149.000,08,06,2026,,*5F (pico_gnss pico-gnss-rs/src/main.rs:372)
197.018387 [INFO ] NMEA $GPGST,094149.000,7.8,28,13,92.8,13,28,27*71 (pico_gnss pico-gnss-rs/src/main.rs:372)
197.256312 [INFO ] TIME unix_ns=1780911710281276906 ppb=2415 holdover_ms=1281 locked=1 (pico_gnss pico-gnss-rs/src/main.rs:195)
197.330104 [INFO ] NMEA $GPGGA,094150.000,0000.0000,N,00000.0000,E,1,7,3.23,36.3,M,39.0,M,,*6E (pico_gnss pico-gnss-rs/src/main.rs:372)
197.385361 [INFO ] NMEA $GNGLL,0000.0000,N,00000.0000,E,094150.000,A,A*4C (pico_gnss pico-gnss-rs/src/main.rs:372)
197.443752 [INFO ] NMEA $GNGSA,A,3,05,20,22,15,14,,,,,,,,3.35,3.23,0.89*1C (pico_gnss pico-gnss-rs/src/main.rs:372)
197.473298 [INFO ] NMEA $GNGSA,A,3,70,80,,,,,,,,,,,3.35,3.23,0.89*15 (pico_gnss pico-gnss-rs/src/main.rs:372)
197.560654 [INFO ] NMEA $GPGSV,4,1,14,24,82,261,,15,62,049,28,23,48,317,,20,38,069,20*7B (pico_gnss pico-gnss-rs/src/main.rs:372)
197.623474 [INFO ] NMEA $GPGSV,4,2,14,18,36,247,,05,30,140,20,22,17,052,14,12,15,165,16*70 (pico_gnss pico-gnss-rs/src/main.rs:372)
197.682049 [INFO ] NMEA $GPGSV,4,3,14,10,13,317,,14,09,040,17,21,02,136,17,193,,,*7B (pico_gnss pico-gnss-rs/src/main.rs:372)
197.711447 [INFO ] NMEA $GPGSV,4,4,14,194,,,,195,,,*7D (pico_gnss pico-gnss-rs/src/main.rs:372)
197.798731 [INFO ] NMEA $GLGSV,3,1,09,73,55,146,,71,47,340,,80,43,050,27,70,40,072,24*64 (pico_gnss pico-gnss-rs/src/main.rs:372)
197.857262 [INFO ] NMEA $GLGSV,3,2,09,86,24,264,,87,21,306,,74,15,183,,72,08,301,*6E (pico_gnss pico-gnss-rs/src/main.rs:372)
197.890591 [INFO ] NMEA $GLGSV,3,3,09,85,01,207,*55 (pico_gnss pico-gnss-rs/src/main.rs:372)
197.949180 [INFO ] NMEA $GNRMC,094150.000,A,0000.0000,N,00000.0000,E,0.69,229.87,080626,,,A*78 (pico_gnss pico-gnss-rs/src/main.rs:372)
197.951732 [INFO ] SYNC pps_local_us=196968077 unix_s=1780911710 drift_us=2 err_ns=-15 holdover_ms=1000 (pico_gnss pico-gnss-rs/src/main.rs:403)
197.973724 [INFO ] PPSGEN count=200 interval_ns=1000002432 dev_ns=2432 phase_ns=-1479411 (pico_gnss pico-gnss-rs/src/main.rs:246)
197.975042 [INFO ] PPS count=199 interval_us=1000002 interval_ns=1000002416 state=Locked missed=0 (pico_gnss pico-gnss-rs/src/main.rs:161)
198.007341 [INFO ] NMEA $GPVTG,229.87,T,,M,0.69,N,1.28,K,A*3F (pico_gnss pico-gnss-rs/src/main.rs:372)
198.036647 [INFO ] NMEA $GPZDA,094150.000,08,06,2026,,*57 (pico_gnss pico-gnss-rs/src/main.rs:372)
198.078188 [INFO ] NMEA $GPGST,094150.000,7.8,28,13,92.8,13,28,27*79 (pico_gnss pico-gnss-rs/src/main.rs:372)
198.257551 [INFO ] TIME unix_ns=1780911711282359903 ppb=2415 holdover_ms=1282 locked=1 (pico_gnss pico-gnss-rs/src/main.rs:195)
198.309085 [INFO ] NMEA $GPGGA,094151.000,0000.0000,N,00000.0000,E,1,7,3.23,36.4,M,39.0,M,,*6E (pico_gnss pico-gnss-rs/src/main.rs:372)
198.367392 [INFO ] NMEA $GNGLL,0000.0000,N,00000.0000,E,094151.000,A,A*4B (pico_gnss pico-gnss-rs/src/main.rs:372)
198.425777 [INFO ] NMEA $GNGSA,A,3,05,20,22,15,14,,,,,,,,3.35,3.23,0.89*1C (pico_gnss pico-gnss-rs/src/main.rs:372)
198.484079 [INFO ] NMEA $GNGSA,A,3,70,80,,,,,,,,,,,3.35,3.23,0.89*15 (pico_gnss pico-gnss-rs/src/main.rs:372)
198.542662 [INFO ] NMEA $GPGSV,4,1,14,24,82,261,,15,62,049,28,23,48,317,,20,38,069,20*7B (pico_gnss pico-gnss-rs/src/main.rs:372)
198.605442 [INFO ] NMEA $GPGSV,4,2,14,18,36,247,,05,30,140,20,22,17,052,15,12,15,165,16*71 (pico_gnss pico-gnss-rs/src/main.rs:372)
198.664022 [INFO ] NMEA $GPGSV,4,3,14,10,13,317,,14,09,040,17,21,02,136,17,193,,,*7B (pico_gnss pico-gnss-rs/src/main.rs:372)
198.722064 [INFO ] NMEA $GPGSV,4,4,14,194,,,,195,,,*7D (pico_gnss pico-gnss-rs/src/main.rs:372)
198.780708 [INFO ] NMEA $GLGSV,3,1,09,73,55,146,,71,47,340,,80,43,050,27,70,40,072,24*64 (pico_gnss pico-gnss-rs/src/main.rs:372)
198.843330 [INFO ] NMEA $GLGSV,3,2,09,86,24,264,,87,21,306,,74,15,183,,72,08,301,*6E (pico_gnss pico-gnss-rs/src/main.rs:372)
198.872636 [INFO ] NMEA $GLGSV,3,3,09,85,01,207,*55 (pico_gnss pico-gnss-rs/src/main.rs:372)
198.959894 [INFO ] NMEA $GNRMC,094151.000,A,0000.0000,N,00000.0000,E,0.18,229.87,080626,,,A*79 (pico_gnss pico-gnss-rs/src/main.rs:372)
198.962458 [INFO ] SYNC pps_local_us=197968080 unix_s=1780911711 drift_us=2 err_ns=1 holdover_ms=999 (pico_gnss pico-gnss-rs/src/main.rs:403)
198.973712 [INFO ] PPSGEN count=201 interval_ns=1000002448 dev_ns=2448 phase_ns=-1385412 (pico_gnss pico-gnss-rs/src/main.rs:246)
198.975043 [INFO ] PPS count=200 interval_us=1000002 interval_ns=1000002400 state=Locked missed=0 (pico_gnss pico-gnss-rs/src/main.rs:161)
198.989681 [INFO ] NMEA $GPVTG,229.87,T,,M,0.18,N,0.34,K,A*35 (pico_gnss pico-gnss-rs/src/main.rs:372)
199.018655 [INFO ] NMEA $GPZDA,094151.000,08,06,2026,,*56 (pico_gnss pico-gnss-rs/src/main.rs:372)
199.062284 [INFO ] NMEA $GPGST,094151.000,7.8,28,13,91.9,13,28,26*7B (pico_gnss pico-gnss-rs/src/main.rs:372)
199.238896 [INFO ] NMEA $GPGGA,094152.000,0000.0000,N,00000.0000,E,1,7,3.23,36.4,M,39.0,M,,*66 (pico_gnss pico-gnss-rs/src/main.rs:372)
199.258782 [INFO ] TIME unix_ns=1780911712283688900 ppb=2415 holdover_ms=1283 locked=1 (pico_gnss pico-gnss-rs/src/main.rs:195)
199.297373 [INFO ] NMEA $GNGLL,0000.0000,N,00000.0000,E,094152.000,A,A*43 (pico_gnss pico-gnss-rs/src/main.rs:372)
199.355675 [INFO ] NMEA $GNGSA,A,3,05,20,22,15,14,,,,,,,,3.35,3.23,0.89*1C (pico_gnss pico-gnss-rs/src/main.rs:372)
199.413992 [INFO ] NMEA $GNGSA,A,3,70,80,,,,,,,,,,,3.35,3.23,0.89*15 (pico_gnss pico-gnss-rs/src/main.rs:372)
199.476698 [INFO ] NMEA $GPGSV,4,1,14,24,82,261,,15,62,049,29,23,48,317,,20,38,069,20*7A (pico_gnss pico-gnss-rs/src/main.rs:372)
199.535328 [INFO ] NMEA $GPGSV,4,2,14,18,36,247,,05,30,140,20,22,17,052,15,12,15,165,16*71 (pico_gnss pico-gnss-rs/src/main.rs:372)
199.593918 [INFO ] NMEA $GPGSV,4,3,14,10,13,317,,14,09,040,17,21,02,136,17,193,,,*7B (pico_gnss pico-gnss-rs/src/main.rs:372)
199.651969 [INFO ] NMEA $GPGSV,4,4,14,194,,,,195,,,*7D (pico_gnss pico-gnss-rs/src/main.rs:372)
199.710575 [INFO ] NMEA $GLGSV,3,1,09,73,55,146,,71,47,340,,80,43,050,27,70,40,072,25*65 (pico_gnss pico-gnss-rs/src/main.rs:372)
199.773214 [INFO ] NMEA $GLGSV,3,2,09,86,24,264,,87,21,306,,74,15,183,,72,08,301,*6E (pico_gnss pico-gnss-rs/src/main.rs:372)
199.802550 [INFO ] NMEA $GLGSV,3,3,09,85,01,207,*55 (pico_gnss pico-gnss-rs/src/main.rs:372)
199.889940 [INFO ] NMEA $GNRMC,094152.000,A,0000.0000,N,00000.0000,E,0.58,229.87,080626,,,A*75 (pico_gnss pico-gnss-rs/src/main.rs:372)
199.892504 [INFO ] SYNC pps_local_us=198968082 unix_s=1780911712 drift_us=2 err_ns=-14 holdover_ms=999 (pico_gnss pico-gnss-rs/src/main.rs:403)
199.919645 [INFO ] NMEA $GPVTG,229.87,T,,M,0.58,N,1.08,K,A*3F (pico_gnss pico-gnss-rs/src/main.rs:372)
199.948700 [INFO ] NMEA $GPZDA,094152.000,08,06,2026,,*55 (pico_gnss pico-gnss-rs/src/main.rs:372)
199.973711 [INFO ] PPSGEN count=202 interval_ns=1000002432 dev_ns=2432 phase_ns=-1435411 (pico_gnss pico-gnss-rs/src/main.rs:246)
199.975076 [INFO ] PPS count=201 interval_us=1000002 interval_ns=1000002400 state=Locked missed=0 (pico_gnss pico-gnss-rs/src/main.rs:161)
199.994732 [INFO ] NMEA $GPGST,094152.000,7.7,28,13,91.7,13,28,26*79 (pico_gnss pico-gnss-rs/src/main.rs:372)
200.259993 [INFO ] TIME unix_ns=1780911713284922898 ppb=2414 holdover_ms=1284 locked=1 (pico_gnss pico-gnss-rs/src/main.rs:195)
200.323290 [INFO ] NMEA $GPGGA,094153.000,0000.0000,N,00000.0000,E,1,7,3.22,36.4,M,39.0,M,,*65 (pico_gnss pico-gnss-rs/src/main.rs:372)
200.381629 [INFO ] NMEA $GNGLL,0000.0000,N,00000.0000,E,094153.000,A,A*41 (pico_gnss pico-gnss-rs/src/main.rs:372)
200.440017 [INFO ] NMEA $GNGSA,A,3,05,20,22,15,14,,,,,,,,3.35,3.22,0.89*1D (pico_gnss pico-gnss-rs/src/main.rs:372)
200.469590 [INFO ] NMEA $GNGSA,A,3,70,80,,,,,,,,,,,3.35,3.22,0.89*14 (pico_gnss pico-gnss-rs/src/main.rs:372)
200.551747 [INFO ] NMEA $GPGSV,4,1,14,24,82,261,,15,62,049,29,23,48,317,,20,38,069,20*7A (pico_gnss pico-gnss-rs/src/main.rs:372)
200.610435 [INFO ] NMEA $GPGSV,4,2,14,18,36,247,,05,30,140,20,22,17,052,15,12,15,165,16*71 (pico_gnss pico-gnss-rs/src/main.rs:372)
200.697747 [INFO ] NMEA $GPGSV,4,3,14,10,13,317,,14,09,040,17,21,02,136,17,193,,,*7B (pico_gnss pico-gnss-rs/src/main.rs:372)
200.727136 [INFO ] NMEA $GPGSV,4,4,14,194,,,,195,,,*7D (pico_gnss pico-gnss-rs/src/main.rs:372)
200.789773 [INFO ] NMEA $GLGSV,3,1,09,73,55,146,,71,47,340,,80,43,050,27,70,40,072,25*65 (pico_gnss pico-gnss-rs/src/main.rs:372)
200.848321 [INFO ] NMEA $GLGSV,3,2,09,86,24,264,,87,21,306,,74,15,183,,72,08,301,*6E (pico_gnss pico-gnss-rs/src/main.rs:372)
200.877606 [INFO ] NMEA $GLGSV,3,3,09,85,01,207,*55 (pico_gnss pico-gnss-rs/src/main.rs:372)
200.964845 [INFO ] NMEA $GNRMC,094153.000,A,0000.0000,N,00000.0000,E,0.86,171.81,080626,,,A*7C (pico_gnss pico-gnss-rs/src/main.rs:372)
200.967416 [INFO ] SYNC pps_local_us=199968084 unix_s=1780911713 drift_us=2 err_ns=-14 holdover_ms=1000 (pico_gnss pico-gnss-rs/src/main.rs:403)
200.974547 [INFO ] PPS count=202 interval_us=1000002 interval_ns=1000002400 state=Locked missed=0 (pico_gnss pico-gnss-rs/src/main.rs:161)
200.975969 [INFO ] PPSGEN count=203 interval_ns=1001361680 dev_ns=1361680 phase_ns=878584 (pico_gnss pico-gnss-rs/src/main.rs:246)
200.994663 [INFO ] NMEA $GPVTG,171.81,T,,M,0.86,N,1.59,K,A*30 (pico_gnss pico-gnss-rs/src/main.rs:372)
201.023642 [INFO ] NMEA $GPZDA,094153.000,08,06,2026,,*54 (pico_gnss pico-gnss-rs/src/main.rs:372)
201.071328 [INFO ] NMEA $GPGST,094153.000,7.7,29,13,91.6,13,29,27*78 (pico_gnss pico-gnss-rs/src/main.rs:372)
201.253196 [INFO ] NMEA $GPGGA,094154.000,0000.0000,N,00000.0000,E,1,7,3.23,36.4,M,39.0,M,,*61 (pico_gnss pico-gnss-rs/src/main.rs:372)
201.261212 [INFO ] TIME unix_ns=1780911714286123896 ppb=2414 holdover_ms=1286 locked=1 (pico_gnss pico-gnss-rs/src/main.rs:195)
201.311631 [INFO ] NMEA $GNGLL,0000.0000,N,00000.0000,E,094154.000,A,A*44 (pico_gnss pico-gnss-rs/src/main.rs:372)
201.369974 [INFO ] NMEA $GNGSA,A,3,05,20,22,15,14,,,,,,,,3.35,3.23,0.89*1C (pico_gnss pico-gnss-rs/src/main.rs:372)
201.421057 [INFO ] NMEA $GNGSA,A,3,70,80,,,,,,,,,,,3.35,3.23,0.89*15 (pico_gnss pico-gnss-rs/src/main.rs:372)
201.479615 [INFO ] NMEA $GPGSV,4,1,14,24,82,261,,15,62,049,29,23,48,317,,20,38,069,20*7A (pico_gnss pico-gnss-rs/src/main.rs:372)
201.538299 [INFO ] NMEA $GPGSV,4,2,14,18,36,247,,05,30,140,20,22,17,052,15,12,15,165,16*71 (pico_gnss pico-gnss-rs/src/main.rs:372)
201.625684 [INFO ] NMEA $GPGSV,4,3,14,10,13,317,,14,09,040,17,21,02,136,17,193,,,*7B (pico_gnss pico-gnss-rs/src/main.rs:372)
201.655076 [INFO ] NMEA $GPGSV,4,4,14,194,,,,195,,,*7D (pico_gnss pico-gnss-rs/src/main.rs:372)
201.717741 [INFO ] NMEA $GLGSV,3,1,09,73,55,146,,71,47,340,,80,43,050,27,70,40,072,25*65 (pico_gnss pico-gnss-rs/src/main.rs:372)
201.776280 [INFO ] NMEA $GLGSV,3,2,09,86,24,264,,87,21,306,,74,15,183,,72,08,301,*6E (pico_gnss pico-gnss-rs/src/main.rs:372)
201.805586 [INFO ] NMEA $GLGSV,3,3,09,85,01,207,*55 (pico_gnss pico-gnss-rs/src/main.rs:372)
201.892926 [INFO ] NMEA $GNRMC,094154.000,A,0000.0000,N,00000.0000,E,0.57,171.81,080626,,,A*75 (pico_gnss pico-gnss-rs/src/main.rs:372)
201.895512 [INFO ] SYNC pps_local_us=200968087 unix_s=1780911714 drift_us=2 err_ns=-14 holdover_ms=999 (pico_gnss pico-gnss-rs/src/main.rs:403)
201.922627 [INFO ] NMEA $GPVTG,171.81,T,,M,0.57,N,1.05,K,A*35 (pico_gnss pico-gnss-rs/src/main.rs:372)
201.955675 [INFO ] NMEA $GPZDA,094154.000,08,06,2026,,*53 (pico_gnss pico-gnss-rs/src/main.rs:372)
201.974502 [INFO ] PPS count=203 interval_us=1000002 interval_ns=1000002400 state=Locked missed=0 (pico_gnss pico-gnss-rs/src/main.rs:161)
201.975971 [INFO ] PPSGEN count=204 interval_ns=1000002432 dev_ns=2432 phase_ns=1384584 (pico_gnss pico-gnss-rs/src/main.rs:246)
202.001602 [INFO ] NMEA $GPGST,094154.000,7.7,30,13,92.5,13,30,27*7F (pico_gnss pico-gnss-rs/src/main.rs:372)
202.262429 [INFO ] TIME unix_ns=1780911715287878892 ppb=2414 holdover_ms=1287 locked=1 (pico_gnss pico-gnss-rs/src/main.rs:195)
202.309172 [INFO ] NMEA $GPGGA,094155.000,0000.0000,N,00000.0000,E,1,7,3.23,36.4,M,39.0,M,,*62 (pico_gnss pico-gnss-rs/src/main.rs:372)
202.367470 [INFO ] NMEA $GNGLL,0000.0000,N,00000.0000,E,094155.000,A,A*47 (pico_gnss pico-gnss-rs/src/main.rs:372)
202.425866 [INFO ] NMEA $GNGSA,A,3,05,20,22,15,14,,,,,,,,3.35,3.23,0.89*1C (pico_gnss pico-gnss-rs/src/main.rs:372)
202.474917 [INFO ] NMEA $GNGSA,A,3,70,80,,,,,,,,,,,3.35,3.23,0.89*15 (pico_gnss pico-gnss-rs/src/main.rs:372)
202.533525 [INFO ] NMEA $GPGSV,4,1,14,24,82,261,,15,62,049,29,23,48,317,,20,38,069,19*70 (pico_gnss pico-gnss-rs/src/main.rs:372)
202.592181 [INFO ] NMEA $GPGSV,4,2,14,18,36,247,,05,30,140,19,22,17,052,14,12,15,165,16*7A (pico_gnss pico-gnss-rs/src/main.rs:372)
202.679489 [INFO ] NMEA $GPGSV,4,3,14,10,13,317,,14,09,040,17,21,02,136,17,193,,,*7B (pico_gnss pico-gnss-rs/src/main.rs:372)
202.712888 [INFO ] NMEA $GPGSV,4,4,14,194,,,,195,,,*7D (pico_gnss pico-gnss-rs/src/main.rs:372)
202.771472 [INFO ] NMEA $GLGSV,3,1,09,73,55,146,,71,47,340,,80,43,050,27,70,40,072,26*66 (pico_gnss pico-gnss-rs/src/main.rs:372)
202.830057 [INFO ] NMEA $GLGSV,3,2,09,86,24,264,,87,21,306,,74,15,183,,72,08,301,*6E (pico_gnss pico-gnss-rs/src/main.rs:372)
202.859361 [INFO ] NMEA $GLGSV,3,3,09,85,01,207,*55 (pico_gnss pico-gnss-rs/src/main.rs:372)
202.946594 [INFO ] NMEA $GNRMC,094155.000,A,0000.0000,N,00000.0000,E,0.61,226.50,080626,,,A*7E (pico_gnss pico-gnss-rs/src/main.rs:372)
202.949180 [INFO ] SYNC pps_local_us=201968089 unix_s=1780911715 drift_us=2 err_ns=-13 holdover_ms=999 (pico_gnss pico-gnss-rs/src/main.rs:403)
202.974570 [INFO ] PPS count=204 interval_us=1000002 interval_ns=1000002400 state=Locked missed=0 (pico_gnss pico-gnss-rs/src/main.rs:161)
202.976315 [INFO ] PPSGEN count=205 interval_ns=1000002432 dev_ns=2432 phase_ns=1790583 (pico_gnss pico-gnss-rs/src/main.rs:246)
202.980270 [INFO ] NMEA $GPVTG,226.50,T,,M,0.61,N,1.12,K,A*3B (pico_gnss pico-gnss-rs/src/main.rs:372)
203.009461 [INFO ] NMEA $GPZDA,094155.000,08,06,2026,,*52 (pico_gnss pico-gnss-rs/src/main.rs:372)
203.057286 [INFO ] NMEA $GPGST,094155.000,7.6,30,13,92.4,13,30,27*7E (pico_gnss pico-gnss-rs/src/main.rs:372)
203.223193 [INFO ] NMEA $GPGGA,094156.000,0000.0000,N,00000.0000,E,1,7,3.23,36.3,M,39.0,M,,*63 (pico_gnss pico-gnss-rs/src/main.rs:372)
203.263666 [INFO ] TIME unix_ns=1780911716289169890 ppb=2413 holdover_ms=1289 locked=1 (pico_gnss pico-gnss-rs/src/main.rs:195)
203.281840 [INFO ] NMEA $GNGLL,0000.0000,N,00000.0000,E,094156.000,A,A*41 (pico_gnss pico-gnss-rs/src/main.rs:372)
203.328640 [INFO ] NMEA $GNGSA,A,3,05,20,22,15,14,,,,,,,,3.35,3.23,0.89*1C (pico_gnss pico-gnss-rs/src/main.rs:372)
203.386945 [INFO ] NMEA $GNGSA,A,3,70,80,,,,,,,,,,,3.35,3.23,0.89*15 (pico_gnss pico-gnss-rs/src/main.rs:372)
203.445524 [INFO ] NMEA $GPGSV,4,1,14,24,82,261,,15,62,049,29,23,48,317,,20,38,069,19*70 (pico_gnss pico-gnss-rs/src/main.rs:372)
203.532897 [INFO ] NMEA $GPGSV,4,2,14,18,36,247,,05,30,140,19,22,17,052,13,12,15,165,15*7E (pico_gnss pico-gnss-rs/src/main.rs:372)
203.595610 [INFO ] NMEA $GPGSV,4,3,14,10,13,317,,14,09,040,16,21,02,136,17,193,,,*7A (pico_gnss pico-gnss-rs/src/main.rs:372)
203.624962 [INFO ] NMEA $GPGSV,4,4,14,194,,,,195,,,*7D (pico_gnss pico-gnss-rs/src/main.rs:372)
203.683506 [INFO ] NMEA $GLGSV,3,1,09,73,55,146,,71,47,340,,80,43,050,27,70,40,072,26*66 (pico_gnss pico-gnss-rs/src/main.rs:372)
203.742091 [INFO ] NMEA $GLGSV,3,2,09,86,24,264,,87,21,306,,74,15,183,,72,08,301,*6E (pico_gnss pico-gnss-rs/src/main.rs:372)
203.771399 [INFO ] NMEA $GLGSV,3,3,09,85,01,207,*55 (pico_gnss pico-gnss-rs/src/main.rs:372)
203.862892 [INFO ] NMEA $GNRMC,094156.000,A,0000.0000,N,00000.0000,E,0.73,196.97,080626,,,A*78 (pico_gnss pico-gnss-rs/src/main.rs:372)
203.865472 [INFO ] SYNC pps_local_us=202968092 unix_s=1780911716 drift_us=2 err_ns=-13 holdover_ms=1000 (pico_gnss pico-gnss-rs/src/main.rs:403)
203.892586 [INFO ] NMEA $GPVTG,196.97,T,,M,0.73,N,1.35,K,A*3E (pico_gnss pico-gnss-rs/src/main.rs:372)
203.921637 [INFO ] NMEA $GPZDA,094156.000,08,06,2026,,*51 (pico_gnss pico-gnss-rs/src/main.rs:372)
203.971555 [INFO ] NMEA $GPGST,094156.000,7.6,30,13,92.2,13,30,27*7B (pico_gnss pico-gnss-rs/src/main.rs:372)
203.974492 [INFO ] PPS count=205 interval_us=1000002 interval_ns=1000002400 state=Locked missed=0 (pico_gnss pico-gnss-rs/src/main.rs:161)
203.975949 [INFO ] PPSGEN count=206 interval_ns=1000002432 dev_ns=2432 phase_ns=1365584 (pico_gnss pico-gnss-rs/src/main.rs:246)
204.264906 [INFO ] TIME unix_ns=1780911717290326887 ppb=2413 holdover_ms=1290 locked=1 (pico_gnss pico-gnss-rs/src/main.rs:195)
204.278632 [INFO ] NMEA $GPGGA,094157.000,0000.0000,N,00000.0000,E,1,7,3.23,36.3,M,39.0,M,,*6A (pico_gnss pico-gnss-rs/src/main.rs:372)
204.336627 [INFO ] NMEA $GNGLL,0000.0000,N,00000.0000,E,094157.000,A,A*48 (pico_gnss pico-gnss-rs/src/main.rs:372)
204.381681 [INFO ] NMEA $GNGSA,A,3,05,20,22,15,14,,,,,,,,3.35,3.23,0.89*1C (pico_gnss pico-gnss-rs/src/main.rs:372)
204.439967 [INFO ] NMEA $GNGSA,A,3,70,80,,,,,,,,,,,3.35,3.23,0.89*15 (pico_gnss pico-gnss-rs/src/main.rs:372)
204.498571 [INFO ] NMEA $GPGSV,4,1,14,24,82,261,,15,62,049,29,23,48,317,,20,38,069,19*70 (pico_gnss pico-gnss-rs/src/main.rs:372)
204.585987 [INFO ] NMEA $GPGSV,4,2,14,18,36,247,,05,30,140,19,22,17,052,14,12,15,165,15*79 (pico_gnss pico-gnss-rs/src/main.rs:372)
204.648676 [INFO ] NMEA $GPGSV,4,3,14,10,13,317,,14,09,040,16,21,02,136,17,193,,,*7A (pico_gnss pico-gnss-rs/src/main.rs:372)
204.678041 [INFO ] NMEA $GPGSV,4,4,14,194,,,,195,,,*7D (pico_gnss pico-gnss-rs/src/main.rs:372)
204.736547 [INFO ] NMEA $GLGSV,3,1,09,73,55,146,,71,47,340,,80,43,050,28,70,40,072,26*69 (pico_gnss pico-gnss-rs/src/main.rs:372)
204.795122 [INFO ] NMEA $GLGSV,3,2,09,86,24,264,,87,21,306,,74,15,183,,72,08,301,*6E (pico_gnss pico-gnss-rs/src/main.rs:372)
204.824420 [INFO ] NMEA $GLGSV,3,3,09,85,01,207,*55 (pico_gnss pico-gnss-rs/src/main.rs:372)
204.915865 [INFO ] NMEA $GNRMC,094157.000,A,0000.0000,N,00000.0000,E,1.24,179.79,080626,,,A*73 (pico_gnss pico-gnss-rs/src/main.rs:372)
204.918436 [INFO ] SYNC pps_local_us=203968094 unix_s=1780911717 drift_us=2 err_ns=-12 holdover_ms=999 (pico_gnss pico-gnss-rs/src/main.rs:403)
204.945543 [INFO ] NMEA $GPVTG,179.79,T,,M,1.24,N,2.30,K,A*3A (pico_gnss pico-gnss-rs/src/main.rs:372)
204.974486 [INFO ] PPS count=206 interval_us=1000002 interval_ns=1000002400 state=Locked missed=0 (pico_gnss pico-gnss-rs/src/main.rs:161)
204.975987 [INFO ] PPSGEN count=207 interval_ns=1000002432 dev_ns=2432 phase_ns=1410585 (pico_gnss pico-gnss-rs/src/main.rs:246)
204.977614 [INFO ] NMEA $GPZDA,094157.000,08,06,2026,,*50 (pico_gnss pico-gnss-rs/src/main.rs:372)
205.026644 [INFO ] NMEA $GPGST,094157.000,7.6,30,14,92.0,14,30,28*77 (pico_gnss pico-gnss-rs/src/main.rs:372)
205.266110 [INFO ] TIME unix_ns=1780911718291653885 ppb=2412 holdover_ms=1291 locked=1 (pico_gnss pico-gnss-rs/src/main.rs:195)
205.334146 [INFO ] NMEA $GPGGA,094158.000,0000.0000,N,00000.0000,E,1,7,3.23,36.4,M,39.0,M,,*69 (pico_gnss pico-gnss-rs/src/main.rs:372)
205.377049 [INFO ] NMEA $GNGLL,0000.0000,N,00000.0000,E,094158.000,A,A*4C (pico_gnss pico-gnss-rs/src/main.rs:372)
205.435459 [INFO ] NMEA $GNGSA,A,3,05,20,22,15,14,,,,,,,,3.35,3.23,0.89*1C (pico_gnss pico-gnss-rs/src/main.rs:372)
205.493729 [INFO ] NMEA $GNGSA,A,3,70,80,,,,,,,,,,,3.35,3.23,0.89*15 (pico_gnss pico-gnss-rs/src/main.rs:372)
205.552361 [INFO ] NMEA $GPGSV,4,1,14,24,82,261,,15,62,049,29,23,48,317,,20,38,069,19*70 (pico_gnss pico-gnss-rs/src/main.rs:372)
205.643863 [INFO ] NMEA $GPGSV,4,2,14,18,36,247,,05,30,140,19,22,17,052,15,12,15,165,16*7B (pico_gnss pico-gnss-rs/src/main.rs:372)
205.702444 [INFO ] NMEA $GPGSV,4,3,14,10,13,317,,14,09,040,17,21,02,136,18,193,,,*74 (pico_gnss pico-gnss-rs/src/main.rs:372)
205.731813 [INFO ] NMEA $GPGSV,4,4,14,194,,,,195,,,*7D (pico_gnss pico-gnss-rs/src/main.rs:372)
205.790340 [INFO ] NMEA $GLGSV,3,1,09,73,55,146,,71,47,340,,80,43,050,28,70,40,072,26*69 (pico_gnss pico-gnss-rs/src/main.rs:372)
205.848916 [INFO ] NMEA $GLGSV,3,2,09,86,24,264,,87,21,306,,74,15,183,,72,08,301,*6E (pico_gnss pico-gnss-rs/src/main.rs:372)
205.878196 [INFO ] NMEA $GLGSV,3,3,09,85,01,207,*55 (pico_gnss pico-gnss-rs/src/main.rs:372)
205.969532 [INFO ] NMEA $GNRMC,094158.000,A,0000.0000,N,00000.0000,E,0.96,170.51,080626,,,A*7C (pico_gnss pico-gnss-rs/src/main.rs:372)
205.972116 [INFO ] SYNC pps_local_us=204968096 unix_s=1780911718 drift_us=2 err_ns=-12 holdover_ms=999 (pico_gnss pico-gnss-rs/src/main.rs:403)
205.974573 [INFO ] PPS count=207 interval_us=1000002 interval_ns=1000002400 state=Locked missed=0 (pico_gnss pico-gnss-rs/src/main.rs:161)
205.976003 [INFO ] PPSGEN count=208 interval_ns=1000002432 dev_ns=2432 phase_ns=1521585 (pico_gnss pico-gnss-rs/src/main.rs:246)
205.999321 [INFO ] NMEA $GPVTG,170.51,T,,M,0.96,N,1.79,K,A*3F (pico_gnss pico-gnss-rs/src/main.rs:372)
206.056902 [INFO ] NMEA $GPZDA,094158.000,08,06,2026,,*5F (pico_gnss pico-gnss-rs/src/main.rs:372)
206.082410 [INFO ] NMEA $GPGST,094158.000,7.6,31,14,92.0,14,31,27*77 (pico_gnss pico-gnss-rs/src/main.rs:372)
206.168291 [INFO ] PPSGEN count=209 interval_ns=193280624 dev_ns=-806719376 phase_ns=193783121 (pico_gnss pico-gnss-rs/src/main.rs:246)
206.267340 [INFO ] TIME unix_ns=1780911719292853882 ppb=2412 holdover_ms=1292 locked=1 (pico_gnss pico-gnss-rs/src/main.rs:195)
206.270779 [INFO ] NMEA $GPGGA,094159.000,0000.0000,N,00000.0000,E,1,7,3.23,36.4,M,39.0,M,,*65 (pico_gnss pico-gnss-rs/src/main.rs:372)
206.300192 [INFO ] NMEA $GNGLL,0000.0000,N,00000.0000,E,094159.000,A,A*40 (pico_gnss pico-gnss-rs/src/main.rs:372)
206.358495 [INFO ] NMEA $GNGSA,A,3,05,20,22,15,14,,,,,,,,3.35,3.23,0.89*1C (pico_gnss pico-gnss-rs/src/main.rs:372)
206.416761 [INFO ] NMEA $GNGSA,A,3,70,80,,,,,,,,,,,3.35,3.23,0.89*15 (pico_gnss pico-gnss-rs/src/main.rs:372)
206.475384 [INFO ] NMEA $GPGSV,4,1,14,24,82,261,,15,62,049,29,23,48,317,,20,38,069,19*70 (pico_gnss pico-gnss-rs/src/main.rs:372)
206.566884 [INFO ] NMEA $GPGSV,4,2,14,18,36,247,,05,30,140,20,22,17,052,13,12,15,165,16*77 (pico_gnss pico-gnss-rs/src/main.rs:372)
206.625462 [INFO ] NMEA $GPGSV,4,3,14,10,13,317,,14,09,040,17,21,02,136,18,193,,,*74 (pico_gnss pico-gnss-rs/src/main.rs:372)
206.654804 [INFO ] NMEA $GPGSV,4,4,14,194,,,,195,,,*7D (pico_gnss pico-gnss-rs/src/main.rs:372)
206.713368 [INFO ] NMEA $GLGSV,3,1,09,73,55,146,,71,47,340,,80,43,050,28,70,40,072,26*69 (pico_gnss pico-gnss-rs/src/main.rs:372)
206.800571 [INFO ] NMEA $GLGSV,3,2,09,86,24,264,,87,21,306,,74,15,183,,72,08,301,*6E (pico_gnss pico-gnss-rs/src/main.rs:372)
206.805320 [INFO ] NMEA $GLGSV,3,3,09,85,01,207,*55 (pico_gnss pico-gnss-rs/src/main.rs:372)
206.892683 [INFO ] NMEA $GNRMC,094159.000,A,0000.0000,N,00000.0000,E,1.34,183.87,080626,,,A*7E (pico_gnss pico-gnss-rs/src/main.rs:372)
206.895244 [INFO ] SYNC pps_local_us=205968099 unix_s=1780911719 drift_us=2 err_ns=-11 holdover_ms=1000 (pico_gnss pico-gnss-rs/src/main.rs:403)
206.922360 [INFO ] NMEA $GPVTG,183.87,T,,M,1.34,N,2.49,K,A*31 (pico_gnss pico-gnss-rs/src/main.rs:372)
206.974501 [INFO ] PPS count=208 interval_us=1000002 interval_ns=1000002400 state=Locked missed=0 (pico_gnss pico-gnss-rs/src/main.rs:161)
206.975983 [INFO ] PPSGEN count=210 interval_ns=806721792 dev_ns=-193278208 phase_ns=1379586 (pico_gnss pico-gnss-rs/src/main.rs:246)
206.980435 [INFO ] NMEA $GPZDA,094159.000,08,06,2026,,*5E (pico_gnss pico-gnss-rs/src/main.rs:372)
207.007739 [INFO ] NMEA $GPGST,094159.000,7.6,31,14,92.1,14,31,27*77 (pico_gnss pico-gnss-rs/src/main.rs:372)
207.268580 [INFO ] TIME unix_ns=1780911720294005880 ppb=2412 holdover_ms=1294 locked=1 (pico_gnss pico-gnss-rs/src/main.rs:195)
207.320325 [INFO ] NMEA $GPGGA,094200.000,0000.0000,N,00000.0000,E,1,7,3.23,36.4,M,39.0,M,,*62 (pico_gnss pico-gnss-rs/src/main.rs:372)
207.378688 [INFO ] NMEA $GNGLL,0000.0000,N,00000.0000,E,094200.000,A,A*47 (pico_gnss pico-gnss-rs/src/main.rs:372)
207.408382 [INFO ] NMEA $GNGSA,A,3,05,20,22,15,14,,,,,,,,3.35,3.23,0.89*1C (pico_gnss pico-gnss-rs/src/main.rs:372)
207.466593 [INFO ] NMEA $GNGSA,A,3,70,80,,,,,,,,,,,3.35,3.23,0.89*15 (pico_gnss pico-gnss-rs/src/main.rs:372)
207.525222 [INFO ] NMEA $GPGSV,4,1,14,24,82,261,,15,62,049,29,23,48,317,,20,38,069,19*70 (pico_gnss pico-gnss-rs/src/main.rs:372)
207.616728 [INFO ] NMEA $GPGSV,4,2,14,18,36,247,,05,30,140,20,22,17,052,12,12,15,165,16*76 (pico_gnss pico-gnss-rs/src/main.rs:372)
207.675325 [INFO ] NMEA $GPGSV,4,3,14,10,13,317,,14,09,040,17,21,02,136,17,193,,,*7B (pico_gnss pico-gnss-rs/src/main.rs:372)
207.704644 [INFO ] NMEA $GPGSV,4,4,14,194,,,,195,,,*7D (pico_gnss pico-gnss-rs/src/main.rs:372)
207.763197 [INFO ] NMEA $GLGSV,3,1,09,73,55,146,,71,47,340,,80,43,050,28,70,40,072,26*69 (pico_gnss pico-gnss-rs/src/main.rs:372)
207.825866 [INFO ] NMEA $GLGSV,3,2,09,86,24,264,,87,21,306,,74,15,183,,72,08,301,*6E (pico_gnss pico-gnss-rs/src/main.rs:372)
207.855169 [INFO ] NMEA $GLGSV,3,3,09,85,01,207,*55 (pico_gnss pico-gnss-rs/src/main.rs:372)
207.942442 [INFO ] NMEA $GNRMC,094200.000,A,0000.0000,N,00000.0000,E,0.48,183.87,080626,,,A*73 (pico_gnss pico-gnss-rs/src/main.rs:372)
207.945014 [INFO ] SYNC pps_local_us=206968101 unix_s=1780911720 drift_us=2 err_ns=-11 holdover_ms=999 (pico_gnss pico-gnss-rs/src/main.rs:403)
207.972100 [INFO ] NMEA $GPVTG,183.87,T,,M,0.48,N,0.89,K,A*35 (pico_gnss pico-gnss-rs/src/main.rs:372)
207.974522 [INFO ] PPS count=209 interval_us=1000002 interval_ns=1000002400 state=Locked missed=0 (pico_gnss pico-gnss-rs/src/main.rs:161)
207.975966 [INFO ] PPSGEN count=211 interval_ns=1000002432 dev_ns=2432 phase_ns=1462586 (pico_gnss pico-gnss-rs/src/main.rs:246)
208.029885 [INFO ] NMEA $GPZDA,094200.000,08,06,2026,,*51 (pico_gnss pico-gnss-rs/src/main.rs:372)
208.059519 [INFO ] NMEA $GPGST,094200.000,7.6,31,14,92.3,14,31,28*75 (pico_gnss pico-gnss-rs/src/main.rs:372)
208.230560 [INFO ] NMEA $GPGGA,094201.000,0000.0000,N,00000.0000,E,1,7,3.23,36.4,M,39.0,M,,*6C (pico_gnss pico-gnss-rs/src/main.rs:372)
208.269816 [INFO ] TIME unix_ns=1780911721295310877 ppb=2411 holdover_ms=1295 locked=1 (pico_gnss pico-gnss-rs/src/main.rs:195)
208.289247 [INFO ] NMEA $GNGLL,0000.0000,N,00000.0000,E,094201.000,A,A*49 (pico_gnss pico-gnss-rs/src/main.rs:372)
208.318662 [INFO ] NMEA $GNGSA,A,3,05,20,22,15,14,,,,,,,,3.35,3.23,0.89*1C (pico_gnss pico-gnss-rs/src/main.rs:372)
208.376887 [INFO ] NMEA $GNGSA,A,3,70,80,,,,,,,,,,,3.35,3.23,0.89*15 (pico_gnss pico-gnss-rs/src/main.rs:372)
208.439577 [INFO ] NMEA $GPGSV,4,1,14,24,82,261,,15,62,049,29,23,48,317,,20,38,069,19*70 (pico_gnss pico-gnss-rs/src/main.rs:372)
208.526964 [INFO ] NMEA $GPGSV,4,2,14,18,36,247,,05,30,140,20,22,17,052,13,12,15,165,16*77 (pico_gnss pico-gnss-rs/src/main.rs:372)
208.585516 [INFO ] NMEA $GPGSV,4,3,14,10,13,317,,14,09,040,17,21,02,136,17,193,,,*7B (pico_gnss pico-gnss-rs/src/main.rs:372)
208.614901 [INFO ] NMEA $GPGSV,4,4,14,194,,,,195,,,*7D (pico_gnss pico-gnss-rs/src/main.rs:372)
208.673479 [INFO ] NMEA $GLGSV,3,1,09,73,55,146,,71,47,340,,80,43,050,28,70,40,072,26*69 (pico_gnss pico-gnss-rs/src/main.rs:372)
208.764881 [INFO ] NMEA $GLGSV,3,2,09,86,24,264,,87,21,306,,74,15,183,,72,08,301,*6E (pico_gnss pico-gnss-rs/src/main.rs:372)
208.794209 [INFO ] NMEA $GLGSV,3,3,09,85,01,207,*55 (pico_gnss pico-gnss-rs/src/main.rs:372)
208.852847 [INFO ] NMEA $GNRMC,094201.000,A,0000.0000,N,00000.0000,E,0.68,220.21,080626,,,A*79 (pico_gnss pico-gnss-rs/src/main.rs:372)
208.855414 [INFO ] SYNC pps_local_us=207968104 unix_s=1780911721 drift_us=2 err_ns=-11 holdover_ms=1000 (pico_gnss pico-gnss-rs/src/main.rs:403)
208.911005 [INFO ] NMEA $GPVTG,220.21,T,,M,0.68,N,1.27,K,A*34 (pico_gnss pico-gnss-rs/src/main.rs:372)
208.940299 [INFO ] NMEA $GPZDA,094201.000,08,06,2026,,*50 (pico_gnss pico-gnss-rs/src/main.rs:372)
208.972265 [INFO ] NMEA $GPGST,094201.000,7.6,31,14,92.0,14,31,27*78 (pico_gnss pico-gnss-rs/src/main.rs:372)
208.974344 [INFO ] PPSGEN count=212 interval_ns=999258672 dev_ns=-741328 phase_ns=-217410 (pico_gnss pico-gnss-rs/src/main.rs:246)
208.975749 [INFO ] PPS count=210 interval_us=1000002 interval_ns=1000002400 state=Locked missed=0 (pico_gnss pico-gnss-rs/src/main.rs:161)
209.271085 [INFO ] TIME unix_ns=1780911722296542875 ppb=2411 holdover_ms=1296 locked=1 (pico_gnss pico-gnss-rs/src/main.rs:195)
209.276564 [INFO ] NMEA $GPGGA,094202.000,0000.0000,N,00000.0000,E,1,7,3.23,36.4,M,39.0,M,,*69 (pico_gnss pico-gnss-rs/src/main.rs:372)
209.334620 [INFO ] NMEA $GNGLL,0000.0000,N,00000.0000,E,094202.000,A,A*4C (pico_gnss pico-gnss-rs/src/main.rs:372)
209.392991 [INFO ] NMEA $GNGSA,A,3,05,20,22,15,14,,,,,,,,3.35,3.23,0.89*1C (pico_gnss pico-gnss-rs/src/main.rs:372)
209.422564 [INFO ] NMEA $GNGSA,A,3,70,80,,,,,,,,,,,3.35,3.23,0.89*15 (pico_gnss pico-gnss-rs/src/main.rs:372)
209.490340 [INFO ] NMEA $GPGSV,4,1,14,24,82,261,,15,62,049,29,23,48,317,,20,38,069,19*70 (pico_gnss pico-gnss-rs/src/main.rs:372)
209.577785 [INFO ] NMEA $GPGSV,4,2,14,18,36,247,,05,30,140,20,22,17,052,13,12,15,165,16*77 (pico_gnss pico-gnss-rs/src/main.rs:372)
209.636307 [INFO ] NMEA $GPGSV,4,3,14,10,13,317,,14,09,040,17,21,02,136,17,193,,,*7B (pico_gnss pico-gnss-rs/src/main.rs:372)
209.665681 [INFO ] NMEA $GPGSV,4,4,14,194,,,,195,,,*7D (pico_gnss pico-gnss-rs/src/main.rs:372)
209.728332 [INFO ] NMEA $GLGSV,3,1,09,73,55,146,,71,47,340,,80,43,050,28,70,40,072,26*69 (pico_gnss pico-gnss-rs/src/main.rs:372)
209.815731 [INFO ] NMEA $GLGSV,3,2,09,86,24,264,,87,21,306,,74,15,183,,72,08,301,*6E (pico_gnss pico-gnss-rs/src/main.rs:372)
209.845042 [INFO ] NMEA $GLGSV,3,3,09,85,01,207,*55 (pico_gnss pico-gnss-rs/src/main.rs:372)
209.903599 [INFO ] NMEA $GNRMC,094202.000,A,0000.0000,N,00000.0000,E,0.46,220.21,080626,,,A*70 (pico_gnss pico-gnss-rs/src/main.rs:372)
209.906178 [INFO ] SYNC pps_local_us=208968106 unix_s=1780911722 drift_us=2 err_ns=-10 holdover_ms=1001 (pico_gnss pico-gnss-rs/src/main.rs:403)
209.961729 [INFO ] NMEA $GPVTG,220.21,T,,M,0.46,N,0.85,K,A*31 (pico_gnss pico-gnss-rs/src/main.rs:372)
209.974353 [INFO ] PPSGEN count=213 interval_ns=1000002432 dev_ns=2432 phase_ns=-1490407 (pico_gnss pico-gnss-rs/src/main.rs:246)
209.975730 [INFO ] PPS count=211 interval_us=1000002 interval_ns=1000002400 state=Locked missed=0 (pico_gnss pico-gnss-rs/src/main.rs:161)
209.995169 [INFO ] NMEA $GPZDA,094202.000,08,06,2026,,*53 (pico_gnss pico-gnss-rs/src/main.rs:372)
210.024782 [INFO ] NMEA $GPGST,094202.000,7.6,32,14,92.0,14,32,28*74 (pico_gnss pico-gnss-rs/src/main.rs:372)
210.272335 [INFO ] TIME unix_ns=1780911723296544875 ppb=2411 holdover_ms=1296 locked=1 (pico_gnss pico-gnss-rs/src/main.rs:195)
210.310226 [INFO ] NMEA $GPGGA,094203.000,0000.0000,N,00000.0000,E,1,6,3.42,36.4,M,39.0,M,,*61 (pico_gnss pico-gnss-rs/src/main.rs:372)
210.368515 [INFO ] NMEA $GNGLL,0000.0000,N,00000.0000,E,094203.000,A,A*42 (pico_gnss pico-gnss-rs/src/main.rs:372)
210.426882 [INFO ] NMEA $GNGSA,A,3,05,20,15,14,,,,,,,,,3.53,3.42,0.90*13 (pico_gnss pico-gnss-rs/src/main.rs:372)
210.463561 [INFO ] NMEA $GNGSA,A,3,70,80,,,,,,,,,,,3.53,3.42,0.90*1A (pico_gnss pico-gnss-rs/src/main.rs:372)
210.522148 [INFO ] NMEA $GPGSV,4,1,14,24,82,261,,15,62,049,29,23,48,317,,20,38,069,19*70 (pico_gnss pico-gnss-rs/src/main.rs:372)
210.609679 [INFO ] NMEA $GPGSV,4,2,14,18,36,247,,05,30,140,20,22,17,052,13,12,15,165,16*77 (pico_gnss pico-gnss-rs/src/main.rs:372)
210.668244 [INFO ] NMEA $GPGSV,4,3,14,10,13,317,,14,09,040,17,21,02,136,17,193,,,*7B (pico_gnss pico-gnss-rs/src/main.rs:372)
210.697588 [INFO ] NMEA $GPGSV,4,4,14,194,,,,195,,,*7D (pico_gnss pico-gnss-rs/src/main.rs:372)
210.760235 [INFO ] NMEA $GLGSV,3,1,09,73,55,146,,71,47,340,,80,43,050,28,70,40,072,26*69 (pico_gnss pico-gnss-rs/src/main.rs:372)
210.847558 [INFO ] NMEA $GLGSV,3,2,09,86,24,264,,87,21,306,,74,15,183,,72,08,301,*6E (pico_gnss pico-gnss-rs/src/main.rs:372)
210.876869 [INFO ] NMEA $GLGSV,3,3,09,85,01,207,*55 (pico_gnss pico-gnss-rs/src/main.rs:372)
210.935393 [INFO ] NMEA $GNRMC,094203.000,A,0000.0000,N,00000.0000,E,0.92,293.14,080626,,,A*79 (pico_gnss pico-gnss-rs/src/main.rs:372)
210.937946 [INFO ] SYNC pps_local_us=209968108 unix_s=1780911723 drift_us=2 err_ns=-10 holdover_ms=999 (pico_gnss pico-gnss-rs/src/main.rs:403)
210.974375 [INFO ] PPSGEN count=214 interval_ns=1000002432 dev_ns=2432 phase_ns=-1476406 (pico_gnss pico-gnss-rs/src/main.rs:246)
210.975761 [INFO ] PPS count=212 interval_us=1000002 interval_ns=1000002400 state=Locked missed=0 (pico_gnss pico-gnss-rs/src/main.rs:161)
210.993747 [INFO ] NMEA $GPVTG,293.14,T,,M,0.92,N,1.71,K,A*3C (pico_gnss pico-gnss-rs/src/main.rs:372)
211.026853 [INFO ] NMEA $GPZDA,094203.000,08,06,2026,,*52 (pico_gnss pico-gnss-rs/src/main.rs:372)
211.056549 [INFO ] NMEA $GPGST,094203.000,7.5,32,14,91.8,14,32,28*7D (pico_gnss pico-gnss-rs/src/main.rs:372)
211.222207 [INFO ] NMEA $GPGGA,094204.000,0000.0000,N,00000.0000,E,1,6,3.42,36.4,M,39.0,M,,*6C (pico_gnss pico-gnss-rs/src/main.rs:372)
211.273591 [INFO ] TIME unix_ns=1780911724297802873 ppb=2410 holdover_ms=1297 locked=1 (pico_gnss pico-gnss-rs/src/main.rs:195)
211.280889 [INFO ] NMEA $GNGLL,0000.0000,N,00000.0000,E,094204.000,A,A*4F (pico_gnss pico-gnss-rs/src/main.rs:372)
211.338870 [INFO ] NMEA $GNGSA,A,3,05,20,15,14,,,,,,,,,3.53,3.42,0.90*13 (pico_gnss pico-gnss-rs/src/main.rs:372)
211.375627 [INFO ] NMEA $GNGSA,A,3,70,80,,,,,,,,,,,3.53,3.42,0.90*1A (pico_gnss pico-gnss-rs/src/main.rs:372)
211.434237 [INFO ] NMEA $GPGSV,4,1,14,24,82,261,,15,62,049,29,23,48,317,,20,38,069,19*70 (pico_gnss pico-gnss-rs/src/main.rs:372)
211.521664 [INFO ] NMEA $GPGSV,4,2,14,18,36,247,,05,30,140,20,22,17,052,10,12,15,165,15*77 (pico_gnss pico-gnss-rs/src/main.rs:372)
211.580203 [INFO ] NMEA $GPGSV,4,3,14,10,13,317,,14,09,040,17,21,02,136,17,193,,,*7B (pico_gnss pico-gnss-rs/src/main.rs:372)
211.613593 [INFO ] NMEA $GPGSV,4,4,14,194,,,,195,,,*7D (pico_gnss pico-gnss-rs/src/main.rs:372)
211.672241 [INFO ] NMEA $GLGSV,3,1,09,73,55,146,,71,47,340,,80,43,050,27,70,40,072,26*66 (pico_gnss pico-gnss-rs/src/main.rs:372)
211.759556 [INFO ] NMEA $GLGSV,3,2,09,86,24,264,,87,21,306,,74,15,183,,72,08,301,*6E (pico_gnss pico-gnss-rs/src/main.rs:372)
211.788887 [INFO ] NMEA $GLGSV,3,3,09,85,01,207,*55 (pico_gnss pico-gnss-rs/src/main.rs:372)
211.847485 [INFO ] NMEA $GNRMC,094204.000,A,0000.0000,N,00000.0000,E,0.69,339.33,080626,,,A*74 (pico_gnss pico-gnss-rs/src/main.rs:372)
211.850067 [INFO ] SYNC pps_local_us=210968111 unix_s=1780911724 drift_us=2 err_ns=-10 holdover_ms=1000 (pico_gnss pico-gnss-rs/src/main.rs:403)
211.881053 [INFO ] NMEA $GPVTG,339.33,T,,M,0.69,N,1.27,K,A*3F (pico_gnss pico-gnss-rs/src/main.rs:372)
211.939014 [INFO ] NMEA $GPZDA,094204.000,08,06,2026,,*55 (pico_gnss pico-gnss-rs/src/main.rs:372)
211.968712 [INFO ] NMEA $GPGST,094204.000,7.5,32,14,91.8,14,32,28*7A (pico_gnss pico-gnss-rs/src/main.rs:372)
211.974385 [INFO ] PPSGEN count=215 interval_ns=1000002432 dev_ns=2432 phase_ns=-1502406 (pico_gnss pico-gnss-rs/src/main.rs:246)
211.975765 [INFO ] PPS count=213 interval_us=1000002 interval_ns=1000002400 state=Locked missed=0 (pico_gnss pico-gnss-rs/src/main.rs:161)
212.274868 [INFO ] TIME unix_ns=1780911725299050870 ppb=2410 holdover_ms=1299 locked=1 (pico_gnss pico-gnss-rs/src/main.rs:195)
212.277392 [INFO ] NMEA $GPGGA,094205.000,0000.0000,N,00000.0000,E,1,6,3.42,36.3,M,39.0,M,,*64 (pico_gnss pico-gnss-rs/src/main.rs:372)
212.335429 [INFO ] NMEA $GNGLL,0000.0000,N,00000.0000,E,094205.000,A,A*40 (pico_gnss pico-gnss-rs/src/main.rs:372)
212.372156 [INFO ] NMEA $GNGSA,A,3,05,20,15,14,,,,,,,,,3.53,3.42,0.90*13 (pico_gnss pico-gnss-rs/src/main.rs:372)
212.430554 [INFO ] NMEA $GNGSA,A,3,70,80,,,,,,,,,,,3.53,3.42,0.90*1A (pico_gnss pico-gnss-rs/src/main.rs:372)
212.489118 [INFO ] NMEA $GPGSV,4,1,14,24,82,261,,15,62,049,29,23,48,317,,20,38,069,19*70 (pico_gnss pico-gnss-rs/src/main.rs:372)
212.576571 [INFO ] NMEA $GPGSV,4,2,14,18,36,247,,05,30,140,20,22,17,052,12,12,15,165,15*75 (pico_gnss pico-gnss-rs/src/main.rs:372)
212.639223 [INFO ] NMEA $GPGSV,4,3,14,10,13,317,,14,09,040,17,21,02,136,17,193,,,*7B (pico_gnss pico-gnss-rs/src/main.rs:372)
212.668604 [INFO ] NMEA $GPGSV,4,4,14,194,,,,195,,,*7D (pico_gnss pico-gnss-rs/src/main.rs:372)
212.727155 [INFO ] NMEA $GLGSV,3,1,09,73,55,146,,71,47,340,,80,43,050,27,70,40,072,26*66 (pico_gnss pico-gnss-rs/src/main.rs:372)
212.814482 [INFO ] NMEA $GLGSV,3,2,09,86,24,264,,87,21,306,,74,15,183,,72,08,301,*6E (pico_gnss pico-gnss-rs/src/main.rs:372)
212.843798 [INFO ] NMEA $GLGSV,3,3,09,85,01,207,*55 (pico_gnss pico-gnss-rs/src/main.rs:372)
212.906450 [INFO ] NMEA $GNRMC,094205.000,A,0000.0000,N,00000.0000,E,0.24,339.33,080626,,,A*72 (pico_gnss pico-gnss-rs/src/main.rs:372)
212.909033 [INFO ] SYNC pps_local_us=211968113 unix_s=1780911725 drift_us=2 err_ns=-9 holdover_ms=1000 (pico_gnss pico-gnss-rs/src/main.rs:403)
212.936114 [INFO ] NMEA $GPVTG,339.33,T,,M,0.24,N,0.44,K,A*32 (pico_gnss pico-gnss-rs/src/main.rs:372)
212.974366 [INFO ] PPSGEN count=216 interval_ns=1000002432 dev_ns=2432 phase_ns=-1506406 (pico_gnss pico-gnss-rs/src/main.rs:246)
212.975750 [INFO ] PPS count=214 interval_us=1000002 interval_ns=1000002400 state=Locked missed=0 (pico_gnss pico-gnss-rs/src/main.rs:161)
212.994182 [INFO ] NMEA $GPZDA,094205.000,08,06,2026,,*54 (pico_gnss pico-gnss-rs/src/main.rs:372)
213.023563 [INFO ] NMEA $GPGST,094205.000,7.5,32,14,91.6,14,32,28*75 (pico_gnss pico-gnss-rs/src/main.rs:372)
213.276122 [INFO ] TIME unix_ns=1780911726300309867 ppb=2410 holdover_ms=1300 locked=1 (pico_gnss pico-gnss-rs/src/main.rs:195)
213.330077 [INFO ] NMEA $GPGGA,094206.000,0000.0000,N,00000.0000,E,1,6,3.42,36.3,M,39.0,M,,*63 (pico_gnss pico-gnss-rs/src/main.rs:372)
213.395540 [INFO ] NMEA $GNGLL,0000.0000,N,00000.0000,E,094206.000,A,A*47 (pico_gnss pico-gnss-rs/src/main.rs:372)
213.425178 [INFO ] NMEA $GNGSA,A,3,05,20,15,14,,,,,,,,,3.53,3.42,0.90*13 (pico_gnss pico-gnss-rs/src/main.rs:372)
213.483426 [INFO ] NMEA $GNGSA,A,3,70,80,,,,,,,,,,,3.53,3.42,0.90*1A (pico_gnss pico-gnss-rs/src/main.rs:372)
213.542003 [INFO ] NMEA $GPGSV,4,1,14,24,82,261,,15,62,049,29,23,48,317,,20,38,069,19*70 (pico_gnss pico-gnss-rs/src/main.rs:372)
213.629467 [INFO ] NMEA $GPGSV,4,2,14,18,36,247,,05,30,140,20,22,17,052,16,12,15,165,16*72 (pico_gnss pico-gnss-rs/src/main.rs:372)
213.692095 [INFO ] NMEA $GPGSV,4,3,14,10,13,317,,14,09,040,17,21,02,136,17,193,,,*7B (pico_gnss pico-gnss-rs/src/main.rs:372)
213.721470 [INFO ] NMEA $GPGSV,4,4,14,194,,,,195,,,*7D (pico_gnss pico-gnss-rs/src/main.rs:372)
213.780044 [INFO ] NMEA $GLGSV,3,1,09,73,55,146,,71,47,340,,80,43,050,27,70,40,072,26*66 (pico_gnss pico-gnss-rs/src/main.rs:372)
213.867358 [INFO ] NMEA $GLGSV,3,2,09,86,24,264,,87,21,306,,74,15,183,,72,08,301,*6E (pico_gnss pico-gnss-rs/src/main.rs:372)
213.896619 [INFO ] NMEA $GLGSV,3,3,09,85,01,207,*55 (pico_gnss pico-gnss-rs/src/main.rs:372)
213.959259 [INFO ] NMEA $GNRMC,094206.000,A,0000.0000,N,00000.0000,E,0.17,339.33,080626,,,A*75 (pico_gnss pico-gnss-rs/src/main.rs:372)
213.961824 [INFO ] SYNC pps_local_us=212968116 unix_s=1780911726 drift_us=2 err_ns=-9 holdover_ms=999 (pico_gnss pico-gnss-rs/src/main.rs:403)
213.974367 [INFO ] PPSGEN count=217 interval_ns=1000002432 dev_ns=2432 phase_ns=-1422406 (pico_gnss pico-gnss-rs/src/main.rs:246)
213.975716 [INFO ] PPS count=215 interval_us=1000002 interval_ns=1000002400 state=Locked missed=0 (pico_gnss pico-gnss-rs/src/main.rs:161)
213.989043 [INFO ] NMEA $GPVTG,339.33,T,,M,0.17,N,0.31,K,A*30 (pico_gnss pico-gnss-rs/src/main.rs:372)
214.046618 [INFO ] NMEA $GPZDA,094206.000,08,06,2026,,*57 (pico_gnss pico-gnss-rs/src/main.rs:372)
214.076316 [INFO ] NMEA $GPGST,094206.000,7.4,33,14,91.7,14,33,28*76 (pico_gnss pico-gnss-rs/src/main.rs:372)
214.241193 [INFO ] NMEA $GPGGA,094207.000,0000.0000,N,00000.0000,E,1,6,3.42,36.3,M,39.0,M,,*66 (pico_gnss pico-gnss-rs/src/main.rs:372)
214.277647 [INFO ] TIME unix_ns=1780911727301844864 ppb=2409 holdover_ms=1301 locked=1 (pico_gnss pico-gnss-rs/src/main.rs:195)
214.306924 [INFO ] NMEA $GNGLL,0000.0000,N,00000.0000,E,094207.000,A,A*42 (pico_gnss pico-gnss-rs/src/main.rs:372)
214.336388 [INFO ] NMEA $GNGSA,A,3,05,20,15,14,,,,,,,,,3.53,3.42,0.90*13 (pico_gnss pico-gnss-rs/src/main.rs:372)
214.394614 [INFO ] NMEA $GNGSA,A,3,70,80,,,,,,,,,,,3.53,3.42,0.90*1A (pico_gnss pico-gnss-rs/src/main.rs:372)
214.453200 [INFO ] NMEA $GPGSV,4,1,14,24,82,261,,15,62,049,29,23,48,317,,20,38,069,19*70 (pico_gnss pico-gnss-rs/src/main.rs:372)
214.544758 [INFO ] NMEA $GPGSV,4,2,14,18,36,247,,05,30,140,20,22,17,052,14,12,15,165,16*70 (pico_gnss pico-gnss-rs/src/main.rs:372)
214.603312 [INFO ] NMEA $GPGSV,4,3,14,10,13,317,,14,09,040,17,21,02,136,17,193,,,*7B (pico_gnss pico-gnss-rs/src/main.rs:372)
214.632663 [INFO ] NMEA $GPGSV,4,4,14,194,,,,195,,,*7D (pico_gnss pico-gnss-rs/src/main.rs:372)
214.691234 [INFO ] NMEA $GLGSV,3,1,09,73,55,146,,71,47,340,,80,43,050,26,70,40,072,25*64 (pico_gnss pico-gnss-rs/src/main.rs:372)
214.778535 [INFO ] NMEA $GLGSV,3,2,09,86,24,264,,87,21,306,,74,15,183,,72,08,301,*6E (pico_gnss pico-gnss-rs/src/main.rs:372)
214.807793 [INFO ] NMEA $GLGSV,3,3,09,85,01,207,*55 (pico_gnss pico-gnss-rs/src/main.rs:372)
214.870590 [INFO ] NMEA $GNRMC,094207.000,A,0000.0000,N,00000.0000,E,0.73,294.05,080626,,,A*71 (pico_gnss pico-gnss-rs/src/main.rs:372)
214.873162 [INFO ] SYNC pps_local_us=213968118 unix_s=1780911727 drift_us=2 err_ns=-9 holdover_ms=999 (pico_gnss pico-gnss-rs/src/main.rs:403)
214.900249 [INFO ] NMEA $GPVTG,294.05,T,,M,0.73,N,1.36,K,A*37 (pico_gnss pico-gnss-rs/src/main.rs:372)
214.957969 [INFO ] NMEA $GPZDA,094207.000,08,06,2026,,*56 (pico_gnss pico-gnss-rs/src/main.rs:372)
214.974342 [INFO ] PPSGEN count=218 interval_ns=1000002432 dev_ns=2432 phase_ns=-1447405 (pico_gnss pico-gnss-rs/src/main.rs:246)
214.975688 [INFO ] PPS count=216 interval_us=1000002 interval_ns=1000002400 state=Locked missed=0 (pico_gnss pico-gnss-rs/src/main.rs:161)
214.987959 [INFO ] NMEA $GPGST,094207.000,7.4,33,14,91.5,14,33,28*75 (pico_gnss pico-gnss-rs/src/main.rs:372)
215.278907 [INFO ] TIME unix_ns=1780911728303142861 ppb=2409 holdover_ms=1303 locked=1 (pico_gnss pico-gnss-rs/src/main.rs:195)
215.301503 [INFO ] NMEA $GPGGA,094208.000,0000.0000,N,00000.0000,E,1,6,3.42,36.2,M,39.0,M,,*69 (pico_gnss pico-gnss-rs/src/main.rs:372)
215.359858 [INFO ] NMEA $GNGLL,0000.0000,N,00000.0000,E,094208.000,A,A*4C (pico_gnss pico-gnss-rs/src/main.rs:372)
215.389435 [INFO ] NMEA $GNGSA,A,3,05,20,15,14,,,,,,,,,3.53,3.42,0.90*13 (pico_gnss pico-gnss-rs/src/main.rs:372)
215.447714 [INFO ] NMEA $GNGSA,A,3,70,80,,,,,,,,,,,3.53,3.42,0.90*1A (pico_gnss pico-gnss-rs/src/main.rs:372)
215.506312 [INFO ] NMEA $GPGSV,4,1,14,24,82,261,,15,62,049,29,23,48,317,,20,38,069,19*70 (pico_gnss pico-gnss-rs/src/main.rs:372)
215.597850 [INFO ] NMEA $GPGSV,4,2,14,18,36,247,,05,30,140,19,22,17,052,12,12,15,165,16*7C (pico_gnss pico-gnss-rs/src/main.rs:372)
215.656403 [INFO ] NMEA $GPGSV,4,3,14,10,13,317,,14,09,040,17,21,02,136,16,193,,,*7A (pico_gnss pico-gnss-rs/src/main.rs:372)
215.685769 [INFO ] NMEA $GPGSV,4,4,14,194,,,,195,,,*7D (pico_gnss pico-gnss-rs/src/main.rs:372)
215.744312 [INFO ] NMEA $GLGSV,3,1,09,73,55,146,,71,47,340,,80,43,050,26,70,40,072,25*64 (pico_gnss pico-gnss-rs/src/main.rs:372)
215.831564 [INFO ] NMEA $GLGSV,3,2,09,86,24,264,,87,21,306,,74,15,183,,72,08,301,*6E (pico_gnss pico-gnss-rs/src/main.rs:372)
215.836297 [INFO ] NMEA $GLGSV,3,3,09,85,01,207,*55 (pico_gnss pico-gnss-rs/src/main.rs:372)
215.923581 [INFO ] NMEA $GNRMC,094208.000,A,0000.0000,N,00000.0000,E,0.24,294.05,080626,,,A*7D (pico_gnss pico-gnss-rs/src/main.rs:372)
215.926147 [INFO ] SYNC pps_local_us=214968120 unix_s=1780911728 drift_us=2 err_ns=-8 holdover_ms=999 (pico_gnss pico-gnss-rs/src/main.rs:403)
215.953262 [INFO ] NMEA $GPVTG,294.05,T,,M,0.24,N,0.45,K,A*30 (pico_gnss pico-gnss-rs/src/main.rs:372)
215.974335 [INFO ] PPSGEN count=219 interval_ns=1000002432 dev_ns=2432 phase_ns=-1425405 (pico_gnss pico-gnss-rs/src/main.rs:246)
215.975691 [INFO ] PPS count=217 interval_us=1000002 interval_ns=1000002400 state=Locked missed=0 (pico_gnss pico-gnss-rs/src/main.rs:161)
216.011050 [INFO ] NMEA $GPZDA,094208.000,08,06,2026,,*59 (pico_gnss pico-gnss-rs/src/main.rs:372)
216.040686 [INFO ] NMEA $GPGST,094208.000,7.4,33,14,91.3,14,33,28*7C (pico_gnss pico-gnss-rs/src/main.rs:372)
216.280185 [INFO ] TIME unix_ns=1780911729304424859 ppb=2409 holdover_ms=1304 locked=1 (pico_gnss pico-gnss-rs/src/main.rs:195)
216.286582 [INFO ] NMEA $GPGGA,094209.000,0000.0000,N,00000.0000,E,1,6,3.42,36.1,M,39.0,M,,*6D (pico_gnss pico-gnss-rs/src/main.rs:372)
216.344713 [INFO ] NMEA $GNGLL,0000.0000,N,00000.0000,E,094209.000,A,A*4B (pico_gnss pico-gnss-rs/src/main.rs:372)
216.374303 [INFO ] NMEA $GNGSA,A,3,05,20,15,14,,,,,,,,,3.53,3.42,0.90*13 (pico_gnss pico-gnss-rs/src/main.rs:372)
216.432564 [INFO ] NMEA $GNGSA,A,3,70,80,,,,,,,,,,,3.53,3.42,0.90*1A (pico_gnss pico-gnss-rs/src/main.rs:372)
216.491142 [INFO ] NMEA $GPGSV,4,1,14,24,82,261,,15,62,049,29,23,48,317,,20,38,069,19*70 (pico_gnss pico-gnss-rs/src/main.rs:372)
216.582699 [INFO ] NMEA $GPGSV,4,2,14,18,36,247,,05,30,140,19,22,17,052,10,12,15,165,15*7D (pico_gnss pico-gnss-rs/src/main.rs:372)
216.641240 [INFO ] NMEA $GPGSV,4,3,14,10,13,317,,14,09,040,17,21,02,136,16,193,,,*7A (pico_gnss pico-gnss-rs/src/main.rs:372)
216.670623 [INFO ] NMEA $GPGSV,4,4,14,194,,,,195,,,*7D (pico_gnss pico-gnss-rs/src/main.rs:372)
216.729167 [INFO ] NMEA $GLGSV,3,1,09,73,55,146,,71,47,340,,80,43,050,26,70,40,072,25*64 (pico_gnss pico-gnss-rs/src/main.rs:372)
216.791774 [INFO ] NMEA $GLGSV,3,2,09,86,24,264,,87,21,306,,74,15,183,,72,08,301,*6E (pico_gnss pico-gnss-rs/src/main.rs:372)
216.821151 [INFO ] NMEA $GLGSV,3,3,09,85,01,207,*55 (pico_gnss pico-gnss-rs/src/main.rs:372)
216.908466 [INFO ] NMEA $GNRMC,094209.000,A,0000.0000,N,00000.0000,E,1.01,154.73,080626,,,A*72 (pico_gnss pico-gnss-rs/src/main.rs:372)
216.911030 [INFO ] SYNC pps_local_us=215968123 unix_s=1780911729 drift_us=2 err_ns=-8 holdover_ms=999 (pico_gnss pico-gnss-rs/src/main.rs:403)
216.938138 [INFO ] NMEA $GPVTG,154.73,T,,M,1.01,N,1.88,K,A*38 (pico_gnss pico-gnss-rs/src/main.rs:372)
216.966269 [INFO ] PPSGEN count=220 interval_ns=991942288 dev_ns=-8057712 phase_ns=-9491385 (pico_gnss pico-gnss-rs/src/main.rs:246)
216.974522 [INFO ] PPS count=218 interval_us=1000002 interval_ns=1000002416 state=Locked missed=0 (pico_gnss pico-gnss-rs/src/main.rs:161)
216.997118 [INFO ] NMEA $GPZDA,094209.000,08,06,2026,,*58 (pico_gnss pico-gnss-rs/src/main.rs:372)
217.025569 [INFO ] NMEA $GPGST,094209.000,7.3,33,14,91.2,14,33,28*7B (pico_gnss pico-gnss-rs/src/main.rs:372)
217.281432 [INFO ] TIME unix_ns=1780911730305692855 ppb=2409 holdover_ms=1305 locked=1 (pico_gnss pico-gnss-rs/src/main.rs:195)
217.342320 [INFO ] NMEA $GPGGA,094210.000,0000.0000,N,00000.0000,E,1,6,3.42,36.0,M,39.0,M,,*63 (pico_gnss pico-gnss-rs/src/main.rs:372)
217.400685 [INFO ] NMEA $GNGLL,0000.0000,N,00000.0000,E,094210.000,A,A*44 (pico_gnss pico-gnss-rs/src/main.rs:372)
217.430299 [INFO ] NMEA $GNGSA,A,3,05,20,15,14,,,,,,,,,3.53,3.42,0.90*13 (pico_gnss pico-gnss-rs/src/main.rs:372)
217.488535 [INFO ] NMEA $GNGSA,A,3,70,80,,,,,,,,,,,3.53,3.42,0.90*1A (pico_gnss pico-gnss-rs/src/main.rs:372)
217.551266 [INFO ] NMEA $GPGSV,4,1,14,24,82,261,,15,62,049,29,23,48,317,,20,38,069,19*70 (pico_gnss pico-gnss-rs/src/main.rs:372)
217.638688 [INFO ] NMEA $GPGSV,4,2,14,18,36,247,,05,30,140,19,22,17,052,12,12,15,165,16*7C (pico_gnss pico-gnss-rs/src/main.rs:372)
217.697225 [INFO ] NMEA $GPGSV,4,3,14,10,13,317,,14,09,040,17,21,02,136,16,193,,,*7A (pico_gnss pico-gnss-rs/src/main.rs:372)
217.726590 [INFO ] NMEA $GPGSV,4,4,14,194,,,,195,,,*7D (pico_gnss pico-gnss-rs/src/main.rs:372)
217.785191 [INFO ] NMEA $GLGSV,3,1,09,73,55,146,17,71,47,340,,80,43,050,26,70,40,072,25*62 (pico_gnss pico-gnss-rs/src/main.rs:372)
217.876593 [INFO ] NMEA $GLGSV,3,2,09,86,24,264,,87,21,306,,74,15,183,,72,08,301,*6E (pico_gnss pico-gnss-rs/src/main.rs:372)
217.905865 [INFO ] NMEA $GLGSV,3,3,09,85,01,207,*55 (pico_gnss pico-gnss-rs/src/main.rs:372)
217.964376 [INFO ] NMEA $GNRMC,094210.000,A,0000.0000,N,00000.0000,E,0.89,214.78,080626,,,A*70 (pico_gnss pico-gnss-rs/src/main.rs:372)
217.966304 [INFO ] PPSGEN count=221 interval_ns=1000002432 dev_ns=2432 phase_ns=-9475795 (pico_gnss pico-gnss-rs/src/main.rs:246)
217.968451 [INFO ] SYNC pps_local_us=216968125 unix_s=1780911730 drift_us=2 err_ns=8 holdover_ms=998 (pico_gnss pico-gnss-rs/src/main.rs:403)
217.974599 [INFO ] PPS count=219 interval_us=1000002 interval_ns=1000002384 state=Locked missed=0 (pico_gnss pico-gnss-rs/src/main.rs:161)
218.022538 [INFO ] NMEA $GPVTG,214.78,T,,M,0.89,N,1.65,K,A*36 (pico_gnss pico-gnss-rs/src/main.rs:372)
218.051815 [INFO ] NMEA $GPZDA,094210.000,08,06,2026,,*50 (pico_gnss pico-gnss-rs/src/main.rs:372)
218.083791 [INFO ] NMEA $GPGST,094210.000,7.3,33,14,91.2,14,33,28*73 (pico_gnss pico-gnss-rs/src/main.rs:372)
218.282706 [INFO ] TIME unix_ns=1780911731308170850 ppb=2408 holdover_ms=1308 locked=1 (pico_gnss pico-gnss-rs/src/main.rs:195)
218.285484 [INFO ] NMEA $GPGGA,094211.000,0000.0000,N,00000.0000,E,1,6,3.42,35.8,M,39.0,M,,*6C (pico_gnss pico-gnss-rs/src/main.rs:372)
218.343560 [INFO ] NMEA $GNGLL,0000.0000,N,00000.0000,E,094211.000,A,A*40 (pico_gnss pico-gnss-rs/src/main.rs:372)
218.401930 [INFO ] NMEA $GNGSA,A,3,05,20,15,14,,,,,,,,,3.53,3.42,0.90*13 (pico_gnss pico-gnss-rs/src/main.rs:372)
218.431457 [INFO ] NMEA $GNGSA,A,3,70,80,,,,,,,,,,,3.53,3.42,0.90*1A (pico_gnss pico-gnss-rs/src/main.rs:372)
218.499314 [INFO ] NMEA $GPGSV,4,1,14,24,82,261,,15,62,049,29,23,48,317,15,20,38,069,19*74 (pico_gnss pico-gnss-rs/src/main.rs:372)
218.586721 [INFO ] NMEA $GPGSV,4,2,14,18,36,247,,05,30,140,19,22,17,052,14,12,15,165,16*7A (pico_gnss pico-gnss-rs/src/main.rs:372)
218.645260 [INFO ] NMEA $GPGSV,4,3,14,10,13,317,,14,09,040,17,21,02,136,17,193,,,*7B (pico_gnss pico-gnss-rs/src/main.rs:372)
218.674621 [INFO ] NMEA $GPGSV,4,4,14,194,,,,195,,,*7D (pico_gnss pico-gnss-rs/src/main.rs:372)
218.737313 [INFO ] NMEA $GLGSV,3,1,09,73,55,146,16,71,47,340,,80,43,050,26,70,40,072,24*62 (pico_gnss pico-gnss-rs/src/main.rs:372)
218.824638 [INFO ] NMEA $GLGSV,3,2,09,86,24,264,,87,21,306,,74,15,183,,72,08,301,*6E (pico_gnss pico-gnss-rs/src/main.rs:372)
218.853971 [INFO ] NMEA $GLGSV,3,3,09,85,01,207,*55 (pico_gnss pico-gnss-rs/src/main.rs:372)
218.912522 [INFO ] NMEA $GNRMC,094211.000,A,0000.0000,N,00000.0000,E,0.60,255.99,080626,,,A*79 (pico_gnss pico-gnss-rs/src/main.rs:372)
218.915079 [INFO ] SYNC pps_local_us=217968128 unix_s=1780911731 drift_us=2 err_ns=-24 holdover_ms=1000 (pico_gnss pico-gnss-rs/src/main.rs:403)
218.966324 [INFO ] PPSGEN count=222 interval_ns=1000002432 dev_ns=2432 phase_ns=-8344388 (pico_gnss pico-gnss-rs/src/main.rs:246)
218.970923 [INFO ] NMEA $GPVTG,255.99,T,,M,0.60,N,1.11,K,A*38 (pico_gnss pico-gnss-rs/src/main.rs:372)
218.974539 [INFO ] PPS count=220 interval_us=1000002 interval_ns=1000002416 state=Locked missed=0 (pico_gnss pico-gnss-rs/src/main.rs:161)
219.004060 [INFO ] NMEA $GPZDA,094211.000,08,06,2026,,*51 (pico_gnss pico-gnss-rs/src/main.rs:372)
219.035807 [INFO ] NMEA $GPGST,094211.000,7.3,34,14,91.1,14,34,28*71 (pico_gnss pico-gnss-rs/src/main.rs:372)
219.241297 [INFO ] NMEA $GPGGA,094212.000,0000.0000,N,00000.0000,E,1,7,2.90,35.7,M,39.0,M,,*63 (pico_gnss pico-gnss-rs/src/main.rs:372)
219.283978 [INFO ] TIME unix_ns=1780911732309356847 ppb=2408 holdover_ms=1309 locked=1 (pico_gnss pico-gnss-rs/src/main.rs:195)
219.299953 [INFO ] NMEA $GNGLL,0000.0000,N,00000.0000,E,094212.000,A,A*4F (pico_gnss pico-gnss-rs/src/main.rs:372)
219.358062 [INFO ] NMEA $GNGSA,A,3,05,20,15,14,,,,,,,,,3.04,2.90,0.90*1F (pico_gnss pico-gnss-rs/src/main.rs:372)
219.392690 [INFO ] NMEA $GNGSA,A,3,70,73,80,,,,,,,,,,3.04,2.90,0.90*12 (pico_gnss pico-gnss-rs/src/main.rs:372)
219.480105 [INFO ] NMEA $GPGSV,4,1,14,24,82,261,,15,62,049,29,23,48,317,14,20,38,069,19*75 (pico_gnss pico-gnss-rs/src/main.rs:372)
219.538776 [INFO ] NMEA $GPGSV,4,2,14,18,36,247,,05,30,140,20,22,17,052,11,12,15,165,16*75 (pico_gnss pico-gnss-rs/src/main.rs:372)
219.597295 [INFO ] NMEA $GPGSV,4,3,14,10,13,317,,14,09,040,17,21,02,136,15,193,,,*79 (pico_gnss pico-gnss-rs/src/main.rs:372)
219.626672 [INFO ] NMEA $GPGSV,4,4,14,194,,,,195,,,*7D (pico_gnss pico-gnss-rs/src/main.rs:372)
219.718113 [INFO ] NMEA $GLGSV,3,1,09,73,55,146,16,71,47,340,,80,43,050,26,70,40,072,24*62 (pico_gnss pico-gnss-rs/src/main.rs:372)
219.776705 [INFO ] NMEA $GLGSV,3,2,09,86,24,264,,87,21,306,,74,15,183,,72,08,301,*6E (pico_gnss pico-gnss-rs/src/main.rs:372)
219.806027 [INFO ] NMEA $GLGSV,3,3,09,85,01,207,*55 (pico_gnss pico-gnss-rs/src/main.rs:372)
219.864621 [INFO ] NMEA $GNRMC,094212.000,A,0000.0000,N,00000.0000,E,0.77,272.39,080626,,,A*7F (pico_gnss pico-gnss-rs/src/main.rs:372)
219.867218 [INFO ] SYNC pps_local_us=218968130 unix_s=1780911732 drift_us=2 err_ns=8 holdover_ms=999 (pico_gnss pico-gnss-rs/src/main.rs:403)
219.926843 [INFO ] NMEA $GPVTG,272.39,T,,M,0.77,N,1.43,K,A*36 (pico_gnss pico-gnss-rs/src/main.rs:372)
219.956174 [INFO ] NMEA $GPZDA,094212.000,08,06,2026,,*52 (pico_gnss pico-gnss-rs/src/main.rs:372)
219.966378 [INFO ] PPSGEN count=223 interval_ns=1000002432 dev_ns=2432 phase_ns=-8282388 (pico_gnss pico-gnss-rs/src/main.rs:246)
219.974508 [INFO ] PPS count=221 interval_us=1000002 interval_ns=1000002400 state=Locked missed=0 (pico_gnss pico-gnss-rs/src/main.rs:161)
219.993633 [INFO ] NMEA $GPGST,094212.000,7.3,34,14,91.1,14,34,28*72 (pico_gnss pico-gnss-rs/src/main.rs:372)
220.285249 [INFO ] TIME unix_ns=1780911733310693844 ppb=2408 holdover_ms=1310 locked=1 (pico_gnss pico-gnss-rs/src/main.rs:195)
220.340250 [INFO ] NMEA $GPGGA,094213.000,0000.0000,N,00000.0000,E,1,7,2.90,35.5,M,39.0,M,,*69 (pico_gnss pico-gnss-rs/src/main.rs:372)
220.398544 [INFO ] NMEA $GNGLL,0000.0000,N,00000.0000,E,094213.000,A,A*47 (pico_gnss pico-gnss-rs/src/main.rs:372)
220.455895 [INFO ] NMEA $GNGSA,A,3,05,20,15,14,,,,,,,,,3.04,2.90,0.90*1F (pico_gnss pico-gnss-rs/src/main.rs:372)
220.485463 [INFO ] NMEA $GNGSA,A,3,70,73,80,,,,,,,,,,3.04,2.90,0.90*12 (pico_gnss pico-gnss-rs/src/main.rs:372)
220.572844 [INFO ] NMEA $GPGSV,4,1,14,24,82,261,,15,62,049,29,23,48,317,15,20,38,069,19*74 (pico_gnss pico-gnss-rs/src/main.rs:372)
220.631508 [INFO ] NMEA $GPGSV,4,2,14,18,36,247,,05,30,140,20,22,17,052,,12,15,165,16*75 (pico_gnss pico-gnss-rs/src/main.rs:372)
220.690084 [INFO ] NMEA $GPGSV,4,3,14,10,13,317,,14,09,040,17,21,02,136,15,193,,,*79 (pico_gnss pico-gnss-rs/src/main.rs:372)
220.723445 [INFO ] NMEA $GPGSV,4,4,14,194,,,,195,,,*7D (pico_gnss pico-gnss-rs/src/main.rs:372)
220.810877 [INFO ] NMEA $GLGSV,3,1,09,73,55,146,16,71,47,340,,80,43,050,27,70,40,072,24*63 (pico_gnss pico-gnss-rs/src/main.rs:372)
220.869419 [INFO ] NMEA $GLGSV,3,2,09,86,24,264,,87,21,306,,74,15,183,,72,08,301,*6E (pico_gnss pico-gnss-rs/src/main.rs:372)
220.898670 [INFO ] NMEA $GLGSV,3,3,09,85,01,207,*55 (pico_gnss pico-gnss-rs/src/main.rs:372)
220.966339 [INFO ] PPSGEN count=224 interval_ns=1000002432 dev_ns=2432 phase_ns=-8297796 (pico_gnss pico-gnss-rs/src/main.rs:246)
220.974482 [INFO ] PPS count=222 interval_us=1000002 interval_ns=1000002416 state=Locked missed=0 (pico_gnss pico-gnss-rs/src/main.rs:161)
220.986206 [INFO ] NMEA $GNRMC,094213.000,A,0000.0000,N,00000.0000,E,0.33,272.39,080626,,,A*77 (pico_gnss pico-gnss-rs/src/main.rs:372)
220.988782 [INFO ] SYNC pps_local_us=220968135 unix_s=1780911733 drift_us=2 err_ns=0 holdover_ms=1999 (pico_gnss pico-gnss-rs/src/main.rs:403)
221.019459 [INFO ] NMEA $GPVTG,272.39,T,,M,0.33,N,0.60,K,A*36 (pico_gnss pico-gnss-rs/src/main.rs:372)
221.048726 [INFO ] NMEA $GPZDA,094213.000,08,06,2026,,*53 (pico_gnss pico-gnss-rs/src/main.rs:372)
221.090314 [INFO ] NMEA $GPGST,094213.000,7.3,34,14,91.3,14,34,28*71 (pico_gnss pico-gnss-rs/src/main.rs:372)
221.286506 [INFO ] TIME unix_ns=1780911733311976249 ppb=2408 holdover_ms=311 locked=1 (pico_gnss pico-gnss-rs/src/main.rs:195)
221.288628 [INFO ] NMEA $GPGGA,094214.000,0000.0000,N,00000.0000,E,1,8,1.26,35.4,M,39.0,M,,*6B (pico_gnss pico-gnss-rs/src/main.rs:372)
221.346694 [INFO ] NMEA $GNGLL,0000.0000,N,00000.0000,E,094214.000,A,A*45 (pico_gnss pico-gnss-rs/src/main.rs:372)
221.399903 [INFO ] NMEA $GNGSA,A,3,05,20,15,14,23,,,,,,,,1.54,1.26,0.88*1E (pico_gnss pico-gnss-rs/src/main.rs:372)
221.458256 [INFO ] NMEA $GNGSA,A,3,70,73,80,,,,,,,,,,1.54,1.26,0.88*12 (pico_gnss pico-gnss-rs/src/main.rs:372)
221.516867 [INFO ] NMEA $GPGSV,4,1,14,24,82,261,,15,62,049,29,23,48,317,15,20,38,069,19*74 (pico_gnss pico-gnss-rs/src/main.rs:372)
221.575504 [INFO ] NMEA $GPGSV,4,2,14,18,36,247,,05,30,140,19,22,17,052,,12,15,165,16*7F (pico_gnss pico-gnss-rs/src/main.rs:372)
221.638171 [INFO ] NMEA $GPGSV,4,3,14,10,13,317,,14,09,040,17,21,02,136,13,193,,,*7F (pico_gnss pico-gnss-rs/src/main.rs:372)
221.696244 [INFO ] NMEA $GPGSV,4,4,14,194,,,,195,,,*7D (pico_gnss pico-gnss-rs/src/main.rs:372)
221.754897 [INFO ] NMEA $GLGSV,3,1,09,73,55,146,16,71,47,340,,80,43,050,27,70,40,072,24*63 (pico_gnss pico-gnss-rs/src/main.rs:372)
221.813420 [INFO ] NMEA $GLGSV,3,2,09,86,24,264,,87,21,306,,74,15,183,,72,08,301,*6E (pico_gnss pico-gnss-rs/src/main.rs:372)
221.842748 [INFO ] NMEA $GLGSV,3,3,09,85,01,207,*55 (pico_gnss pico-gnss-rs/src/main.rs:372)
221.934120 [INFO ] NMEA $GNRMC,094214.000,A,0000.0000,N,00000.0000,E,1.91,155.14,080626,,,A*75 (pico_gnss pico-gnss-rs/src/main.rs:372)
221.963716 [INFO ] NMEA $GPVTG,155.14,T,,M,1.91,N,3.54,K,A*32 (pico_gnss pico-gnss-rs/src/main.rs:372)
221.966375 [INFO ] PPSGEN count=225 interval_ns=1000002432 dev_ns=2432 phase_ns=-8252388 (pico_gnss pico-gnss-rs/src/main.rs:246)
221.974506 [INFO ] PPS count=223 interval_us=1000002 interval_ns=1000002400 state=Locked missed=0 (pico_gnss pico-gnss-rs/src/main.rs:161)
221.993114 [INFO ] NMEA $GPZDA,094214.000,08,06,2026,,*54 (pico_gnss pico-gnss-rs/src/main.rs:372)
222.040678 [INFO ] NMEA $GPGST,094214.000,7.3,32,14,90.9,14,32,27*72 (pico_gnss pico-gnss-rs/src/main.rs:372)
222.287757 [INFO ] TIME unix_ns=1780911734313219838 ppb=2408 holdover_ms=1313 locked=1 (pico_gnss pico-gnss-rs/src/main.rs:195)
222.290617 [INFO ] NMEA $GPGGA,094215.000,0000.0000,N,00000.0000,E,1,8,1.26,35.3,M,39.0,M,,*62 (pico_gnss pico-gnss-rs/src/main.rs:372)
222.337401 [INFO ] NMEA $GNGLL,0000.0000,N,00000.0000,E,094215.000,A,A*4B (pico_gnss pico-gnss-rs/src/main.rs:372)
222.395756 [INFO ] NMEA $GNGSA,A,3,05,20,15,14,23,,,,,,,,1.54,1.26,0.88*1E (pico_gnss pico-gnss-rs/src/main.rs:372)
222.454097 [INFO ] NMEA $GNGSA,A,3,70,73,80,,,,,,,,,,1.54,1.26,0.88*12 (pico_gnss pico-gnss-rs/src/main.rs:372)
222.512758 [INFO ] NMEA $GPGSV,4,1,14,24,82,261,,15,62,049,29,23,48,317,15,20,38,069,19*74 (pico_gnss pico-gnss-rs/src/main.rs:372)
222.600053 [INFO ] NMEA $GPGSV,4,2,14,18,36,247,,05,30,140,19,22,17,052,,12,15,165,16*7F (pico_gnss pico-gnss-rs/src/main.rs:372)
222.662791 [INFO ] NMEA $GPGSV,4,3,14,10,13,317,,14,09,040,16,21,02,136,15,193,,,*78 (pico_gnss pico-gnss-rs/src/main.rs:372)
222.692163 [INFO ] NMEA $GPGSV,4,4,14,194,,,,195,,,*7D (pico_gnss pico-gnss-rs/src/main.rs:372)
222.750721 [INFO ] NMEA $GLGSV,3,1,09,73,55,146,16,71,47,340,,80,43,050,27,70,40,072,24*63 (pico_gnss pico-gnss-rs/src/main.rs:372)
222.809294 [INFO ] NMEA $GLGSV,3,2,09,86,24,264,,87,21,306,,74,15,183,,72,08,301,*6E (pico_gnss pico-gnss-rs/src/main.rs:372)
222.838624 [INFO ] NMEA $GLGSV,3,3,09,85,01,207,*55 (pico_gnss pico-gnss-rs/src/main.rs:372)
222.929997 [INFO ] NMEA $GNRMC,094215.000,A,0000.0000,N,00000.0000,E,1.23,146.82,080626,,,A*7F (pico_gnss pico-gnss-rs/src/main.rs:372)
222.932560 [INFO ] SYNC pps_local_us=221968137 unix_s=1780911735 drift_us=2 err_ns=-8 holdover_ms=1000 (pico_gnss pico-gnss-rs/src/main.rs:403)
222.959695 [INFO ] NMEA $GPVTG,146.82,T,,M,1.23,N,2.28,K,A*3C (pico_gnss pico-gnss-rs/src/main.rs:372)
222.966321 [INFO ] PPSGEN count=226 interval_ns=1000002432 dev_ns=2432 phase_ns=-8262388 (pico_gnss pico-gnss-rs/src/main.rs:246)
222.974488 [INFO ] PPS count=224 interval_us=1000002 interval_ns=1000002416 state=Locked missed=0 (pico_gnss pico-gnss-rs/src/main.rs:161)
223.017445 [INFO ] NMEA $GPZDA,094215.000,08,06,2026,,*55 (pico_gnss pico-gnss-rs/src/main.rs:372)
223.042929 [INFO ] NMEA $GPGST,094215.000,7.3,32,14,91.2,14,32,27*79 (pico_gnss pico-gnss-rs/src/main.rs:372)
223.244550 [INFO ] NMEA $GPGGA,094216.000,0000.0000,N,00000.0000,E,1,8,1.26,35.0,M,39.0,M,,*65 (pico_gnss pico-gnss-rs/src/main.rs:372)
223.274218 [INFO ] NMEA $GNGLL,0000.0000,N,00000.0000,E,094216.000,A,A*4F (pico_gnss pico-gnss-rs/src/main.rs:372)
223.288982 [INFO ] TIME unix_ns=1780911736314474835 ppb=2408 holdover_ms=1314 locked=1 (pico_gnss pico-gnss-rs/src/main.rs:195)
223.332646 [INFO ] NMEA $GNGSA,A,3,05,20,15,14,23,,,,,,,,1.54,1.26,0.88*1E (pico_gnss pico-gnss-rs/src/main.rs:372)
223.390883 [INFO ] NMEA $GNGSA,A,3,70,73,80,,,,,,,,,,1.54,1.26,0.88*12 (pico_gnss pico-gnss-rs/src/main.rs:372)
223.449532 [INFO ] NMEA $GPGSV,4,1,14,24,82,261,,15,62,049,29,23,48,317,15,20,38,069,19*74 (pico_gnss pico-gnss-rs/src/main.rs:372)
223.541010 [INFO ] NMEA $GPGSV,4,2,14,18,36,247,,05,30,140,19,22,17,052,,12,15,165,15*7C (pico_gnss pico-gnss-rs/src/main.rs:372)
223.599647 [INFO ] NMEA $GPGSV,4,3,14,10,13,317,,14,09,040,16,21,02,136,16,193,,,*7B (pico_gnss pico-gnss-rs/src/main.rs:372)
223.628967 [INFO ] NMEA $GPGSV,4,4,14,194,,,,195,,,*7D (pico_gnss pico-gnss-rs/src/main.rs:372)
223.687575 [INFO ] NMEA $GLGSV,3,1,09,73,55,146,15,71,47,340,,80,43,050,27,70,40,072,24*60 (pico_gnss pico-gnss-rs/src/main.rs:372)
223.778971 [INFO ] NMEA $GLGSV,3,2,09,86,24,264,,87,21,306,,74,15,183,,72,08,301,*6E (pico_gnss pico-gnss-rs/src/main.rs:372)
223.808301 [INFO ] NMEA $GLGSV,3,3,09,85,01,207,*55 (pico_gnss pico-gnss-rs/src/main.rs:372)
223.866971 [INFO ] NMEA $GNRMC,094216.000,A,0000.0000,N,00000.0000,E,1.50,159.33,080626,,,A*7B (pico_gnss pico-gnss-rs/src/main.rs:372)
223.869541 [INFO ] SYNC pps_local_us=222968140 unix_s=1780911736 drift_us=2 err_ns=8 holdover_ms=999 (pico_gnss pico-gnss-rs/src/main.rs:403)
223.925093 [INFO ] NMEA $GPVTG,159.33,T,,M,1.50,N,2.77,K,A*36 (pico_gnss pico-gnss-rs/src/main.rs:372)
223.954422 [INFO ] NMEA $GPZDA,094216.000,08,06,2026,,*56 (pico_gnss pico-gnss-rs/src/main.rs:372)
223.966313 [INFO ] PPSGEN count=227 interval_ns=1000002432 dev_ns=2432 phase_ns=-8251388 (pico_gnss pico-gnss-rs/src/main.rs:246)
223.974496 [INFO ] PPS count=225 interval_us=1000002 interval_ns=1000002400 state=Locked missed=0 (pico_gnss pico-gnss-rs/src/main.rs:161)
223.986434 [INFO ] NMEA $GPGST,094216.000,7.3,30,14,90.8,14,30,27*71 (pico_gnss pico-gnss-rs/src/main.rs:372)
224.290224 [INFO ] TIME unix_ns=1780911737315692832 ppb=2408 holdover_ms=1315 locked=1 (pico_gnss pico-gnss-rs/src/main.rs:195)
224.342424 [INFO ] NMEA $GPGGA,094217.000,0000.0000,N,00000.0000,E,1,8,1.26,34.8,M,39.0,M,,*6F (pico_gnss pico-gnss-rs/src/main.rs:372)
224.400882 [INFO ] NMEA $GNGLL,0000.0000,N,00000.0000,E,094217.000,A,A*4C (pico_gnss pico-gnss-rs/src/main.rs:372)
224.459235 [INFO ] NMEA $GNGSA,A,3,05,20,15,14,23,,,,,,,,1.54,1.26,0.88*1E (pico_gnss pico-gnss-rs/src/main.rs:372)
224.488861 [INFO ] NMEA $GNGSA,A,3,70,73,80,,,,,,,,,,1.54,1.26,0.88*12 (pico_gnss pico-gnss-rs/src/main.rs:372)
224.580273 [INFO ] NMEA $GPGSV,4,1,14,24,82,261,,15,62,049,29,23,48,317,15,20,38,069,19*74 (pico_gnss pico-gnss-rs/src/main.rs:372)
224.638956 [INFO ] NMEA $GPGSV,4,2,14,18,36,247,,05,30,140,19,22,17,052,,12,15,165,15*7C (pico_gnss pico-gnss-rs/src/main.rs:372)
224.697469 [INFO ] NMEA $GPGSV,4,3,14,10,13,317,,14,09,040,16,21,02,136,14,193,,,*79 (pico_gnss pico-gnss-rs/src/main.rs:372)
224.726849 [INFO ] NMEA $GPGSV,4,4,14,194,,,,195,,,*7D (pico_gnss pico-gnss-rs/src/main.rs:372)
224.814174 [INFO ] NMEA $GLGSV,3,1,09,73,55,146,16,71,47,340,,80,43,050,28,70,40,072,24*6C (pico_gnss pico-gnss-rs/src/main.rs:372)
224.876821 [INFO ] NMEA $GLGSV,3,2,09,86,24,264,,87,21,306,,74,15,183,,72,08,301,*6E (pico_gnss pico-gnss-rs/src/main.rs:372)
224.906098 [INFO ] NMEA $GLGSV,3,3,09,85,01,207,*55 (pico_gnss pico-gnss-rs/src/main.rs:372)
224.964585 [INFO ] NMEA $GNRMC,094217.000,A,0000.0000,N,00000.0000,E,0.96,179.86,080626,,,A*7F (pico_gnss pico-gnss-rs/src/main.rs:372)
224.967156 [INFO ] SYNC pps_local_us=223968142 unix_s=1780911737 drift_us=2 err_ns=-8 holdover_ms=1000 (pico_gnss pico-gnss-rs/src/main.rs:403)
224.971836 [INFO ] PPSGEN count=228 interval_ns=1005476432 dev_ns=5476432 phase_ns=-2715401 (pico_gnss pico-gnss-rs/src/main.rs:246)
224.974476 [INFO ] PPS count=226 interval_us=1000002 interval_ns=1000002400 state=Locked missed=0 (pico_gnss pico-gnss-rs/src/main.rs:161)
225.022767 [INFO ] NMEA $GPVTG,179.86,T,,M,0.96,N,1.78,K,A*3D (pico_gnss pico-gnss-rs/src/main.rs:372)
225.052070 [INFO ] NMEA $GPZDA,094217.000,08,06,2026,,*57 (pico_gnss pico-gnss-rs/src/main.rs:372)
225.089508 [INFO ] NMEA $GPGST,094217.000,7.3,29,14,90.7,14,29,27*7F (pico_gnss pico-gnss-rs/src/main.rs:372)
225.283467 [INFO ] NMEA $GPGGA,094218.000,0000.0000,N,00000.0000,E,1,8,1.26,34.6,M,39.0,M,,*64 (pico_gnss pico-gnss-rs/src/main.rs:372)
225.291457 [INFO ] TIME unix_ns=1780911738316935830 ppb=2408 holdover_ms=1316 locked=1 (pico_gnss pico-gnss-rs/src/main.rs:195)
225.341885 [INFO ] NMEA $GNGLL,0000.0000,N,00000.0000,E,094218.000,A,A*49 (pico_gnss pico-gnss-rs/src/main.rs:372)
225.400242 [INFO ] NMEA $GNGSA,A,3,05,20,15,14,23,,,,,,,,1.54,1.26,0.88*1E (pico_gnss pico-gnss-rs/src/main.rs:372)
225.429828 [INFO ] NMEA $GNGSA,A,3,70,73,80,,,,,,,,,,1.54,1.26,0.88*12 (pico_gnss pico-gnss-rs/src/main.rs:372)
225.520266 [INFO ] NMEA $GPGSV,4,1,14,24,82,261,,15,62,049,29,23,48,317,15,20,38,069,19*74 (pico_gnss pico-gnss-rs/src/main.rs:372)
225.578952 [INFO ] NMEA $GPGSV,4,2,14,18,36,247,,05,30,140,19,22,17,052,,12,15,165,14*7D (pico_gnss pico-gnss-rs/src/main.rs:372)
225.637519 [INFO ] NMEA $GPGSV,4,3,14,10,13,317,,14,09,040,15,21,02,136,15,193,,,*7B (pico_gnss pico-gnss-rs/src/main.rs:372)
225.666902 [INFO ] NMEA $GPGSV,4,4,14,194,,,,195,,,*7D (pico_gnss pico-gnss-rs/src/main.rs:372)
225.758312 [INFO ] NMEA $GLGSV,3,1,09,73,55,146,16,71,47,340,,80,43,050,28,70,40,072,24*6C (pico_gnss pico-gnss-rs/src/main.rs:372)
225.816919 [INFO ] NMEA $GLGSV,3,2,09,86,24,264,,87,21,306,,74,15,183,,72,08,301,*6E (pico_gnss pico-gnss-rs/src/main.rs:372)
225.846182 [INFO ] NMEA $GLGSV,3,3,09,85,01,207,*55 (pico_gnss pico-gnss-rs/src/main.rs:372)
225.933484 [INFO ] NMEA $GNRMC,094218.000,A,0000.0000,N,00000.0000,E,1.41,242.16,080626,,,A*73 (pico_gnss pico-gnss-rs/src/main.rs:372)
225.936076 [INFO ] SYNC pps_local_us=224968144 unix_s=1780911738 drift_us=2 err_ns=-7 holdover_ms=999 (pico_gnss pico-gnss-rs/src/main.rs:403)
225.963145 [INFO ] NMEA $GPVTG,242.16,T,,M,1.41,N,2.61,K,A*3F (pico_gnss pico-gnss-rs/src/main.rs:372)
225.971798 [INFO ] PPSGEN count=229 interval_ns=1000002432 dev_ns=2432 phase_ns=-2759401 (pico_gnss pico-gnss-rs/src/main.rs:246)
225.974482 [INFO ] PPS count=227 interval_us=1000002 interval_ns=1000002416 state=Locked missed=0 (pico_gnss pico-gnss-rs/src/main.rs:161)
225.992476 [INFO ] NMEA $GPZDA,094218.000,08,06,2026,,*58 (pico_gnss pico-gnss-rs/src/main.rs:372)
226.035809 [INFO ] NMEA $GPGST,094218.000,7.2,28,13,90.6,14,28,27*77 (pico_gnss pico-gnss-rs/src/main.rs:372)
226.257278 [INFO ] NMEA $GPGGA,094219.000,0000.0000,N,00000.0000,E,1,8,1.26,34.5,M,39.0,M,,*64 (pico_gnss pico-gnss-rs/src/main.rs:372)
226.292696 [INFO ] TIME unix_ns=1780911739318181826 ppb=2408 holdover_ms=1318 locked=1 (pico_gnss pico-gnss-rs/src/main.rs:195)
226.316041 [INFO ] NMEA $GNGLL,0000.0000,N,00000.0000,E,094219.000,A,A*4A (pico_gnss pico-gnss-rs/src/main.rs:372)
226.374149 [INFO ] NMEA $GNGSA,A,3,05,20,15,14,23,,,,,,,,1.54,1.26,0.88*1E (pico_gnss pico-gnss-rs/src/main.rs:372)
226.429360 [INFO ] NMEA $GNGSA,A,3,70,73,80,,,,,,,,,,1.54,1.26,0.88*12 (pico_gnss pico-gnss-rs/src/main.rs:372)
226.488016 [INFO ] NMEA $GPGSV,4,1,14,24,82,261,,15,62,049,29,23,48,317,15,20,38,069,20*7E (pico_gnss pico-gnss-rs/src/main.rs:372)
226.546618 [INFO ] NMEA $GPGSV,4,2,14,18,36,247,,05,30,140,19,22,17,052,,12,15,165,15*7C (pico_gnss pico-gnss-rs/src/main.rs:372)
226.633901 [INFO ] NMEA $GPGSV,4,3,14,10,13,317,,14,09,040,15,21,02,136,18,193,,,*76 (pico_gnss pico-gnss-rs/src/main.rs:372)
226.663312 [INFO ] NMEA $GPGSV,4,4,14,194,,,,195,,,*7D (pico_gnss pico-gnss-rs/src/main.rs:372)
226.725989 [INFO ] NMEA $GLGSV,3,1,09,73,55,146,16,71,47,340,,80,43,050,28,70,40,072,24*6C (pico_gnss pico-gnss-rs/src/main.rs:372)
226.784549 [INFO ] NMEA $GLGSV,3,2,09,86,24,264,,87,21,306,,74,15,183,,72,08,301,*6E (pico_gnss pico-gnss-rs/src/main.rs:372)
226.813847 [INFO ] NMEA $GLGSV,3,3,09,85,01,207,*55 (pico_gnss pico-gnss-rs/src/main.rs:372)
226.901173 [INFO ] NMEA $GNRMC,094219.000,A,0000.0000,N,00000.0000,E,1.15,214.13,080626,,,A*77 (pico_gnss pico-gnss-rs/src/main.rs:372)
226.903747 [INFO ] SYNC pps_local_us=225968147 unix_s=1780911739 drift_us=2 err_ns=8 holdover_ms=1000 (pico_gnss pico-gnss-rs/src/main.rs:403)
226.930856 [INFO ] NMEA $GPVTG,214.13,T,,M,1.15,N,2.12,K,A*3C (pico_gnss pico-gnss-rs/src/main.rs:372)
226.963928 [INFO ] NMEA $GPZDA,094219.000,08,06,2026,,*59 (pico_gnss pico-gnss-rs/src/main.rs:372)
226.971792 [INFO ] PPSGEN count=230 interval_ns=1000002432 dev_ns=2432 phase_ns=-2770401 (pico_gnss pico-gnss-rs/src/main.rs:246)
226.974490 [INFO ] PPS count=228 interval_us=1000002 interval_ns=1000002400 state=Locked missed=0 (pico_gnss pico-gnss-rs/src/main.rs:161)
227.009849 [INFO ] NMEA $GPGST,094219.000,7.2,27,13,90.2,13,27,27*75 (pico_gnss pico-gnss-rs/src/main.rs:372)
227.293897 [INFO ] TIME unix_ns=1780911740319404824 ppb=2408 holdover_ms=1319 locked=1 (pico_gnss pico-gnss-rs/src/main.rs:195)
227.366314 [INFO ] NMEA $GPGGA,094220.000,0000.0000,N,00000.0000,E,1,8,1.26,34.4,M,39.0,M,,*6E (pico_gnss pico-gnss-rs/src/main.rs:372)
227.424655 [INFO ] NMEA $GNGLL,0000.0000,N,00000.0000,E,094220.000,A,A*41 (pico_gnss pico-gnss-rs/src/main.rs:372)
227.483050 [INFO ] NMEA $GNGSA,A,3,05,20,15,14,23,,,,,,,,1.54,1.26,0.88*1E (pico_gnss pico-gnss-rs/src/main.rs:372)
227.532149 [INFO ] NMEA $GNGSA,A,3,70,73,80,,,,,,,,,,1.54,1.26,0.88*12 (pico_gnss pico-gnss-rs/src/main.rs:372)
227.590759 [INFO ] NMEA $GPGSV,4,1,14,24,82,261,,15,62,049,29,23,48,317,14,20,38,069,20*7F (pico_gnss pico-gnss-rs/src/main.rs:372)
227.678111 [INFO ] NMEA $GPGSV,4,2,14,18,36,247,,05,29,141,19,22,17,052,,12,15,165,15*75 (pico_gnss pico-gnss-rs/src/main.rs:372)
227.736712 [INFO ] NMEA $GPGSV,4,3,14,10,13,317,,14,09,040,15,21,02,136,17,193,,,*79 (pico_gnss pico-gnss-rs/src/main.rs:372)
227.770114 [INFO ] NMEA $GPGSV,4,4,14,194,,,,195,,,*7D (pico_gnss pico-gnss-rs/src/main.rs:372)
227.828729 [INFO ] NMEA $GLGSV,3,1,09,73,55,146,16,71,47,340,,80,43,050,28,70,40,072,24*6C (pico_gnss pico-gnss-rs/src/main.rs:372)
227.887275 [INFO ] NMEA $GLGSV,3,2,09,86,24,264,,87,21,306,,74,15,183,,72,08,301,*6E (pico_gnss pico-gnss-rs/src/main.rs:372)
227.916507 [INFO ] NMEA $GLGSV,3,3,09,85,01,207,*55 (pico_gnss pico-gnss-rs/src/main.rs:372)
227.971902 [INFO ] PPSGEN count=231 interval_ns=1000002432 dev_ns=2432 phase_ns=-2796808 (pico_gnss pico-gnss-rs/src/main.rs:246)
227.974883 [INFO ] PPS count=229 interval_us=1000002 interval_ns=1000002416 state=Locked missed=0 (pico_gnss pico-gnss-rs/src/main.rs:161)
228.003916 [INFO ] NMEA $GNRMC,094220.000,A,0000.0000,N,00000.0000,E,0.68,255.06,080626,,,A*76 (pico_gnss pico-gnss-rs/src/main.rs:372)
228.006503 [INFO ] SYNC pps_local_us=227968152 unix_s=1780911740 drift_us=2 err_ns=0 holdover_ms=2000 (pico_gnss pico-gnss-rs/src/main.rs:403)
228.037306 [INFO ] NMEA $GPVTG,255.06,T,,M,0.68,N,1.27,K,A*33 (pico_gnss pico-gnss-rs/src/main.rs:372)
228.066601 [INFO ] NMEA $GPZDA,094220.000,08,06,2026,,*53 (pico_gnss pico-gnss-rs/src/main.rs:372)
228.118604 [INFO ] NMEA $GPGST,094220.000,7.2,26,13,90.2,13,26,27*7F (pico_gnss pico-gnss-rs/src/main.rs:372)
228.295097 [INFO ] TIME unix_ns=1780911740320234229 ppb=2408 holdover_ms=320 locked=1 (pico_gnss pico-gnss-rs/src/main.rs:195)
228.371378 [INFO ] NMEA $GPGGA,094221.000,0000.0000,N,00000.0000,E,1,8,1.26,34.4,M,39.0,M,,*64 (pico_gnss pico-gnss-rs/src/main.rs:372)
228.429715 [INFO ] NMEA $GNGLL,0000.0000,N,00000.0000,E,094221.000,A,A*4B (pico_gnss pico-gnss-rs/src/main.rs:372)
228.472684 [INFO ] NMEA $GNGSA,A,3,05,20,15,14,23,,,,,,,,1.54,1.26,0.88*1E (pico_gnss pico-gnss-rs/src/main.rs:372)
228.530983 [INFO ] NMEA $GNGSA,A,3,70,73,80,,,,,,,,,,1.54,1.26,0.88*12 (pico_gnss pico-gnss-rs/src/main.rs:372)
228.589666 [INFO ] NMEA $GPGSV,4,1,14,24,82,261,,15,62,049,29,23,48,317,14,20,38,069,20*7F (pico_gnss pico-gnss-rs/src/main.rs:372)
228.677021 [INFO ] NMEA $GPGSV,4,2,14,18,36,247,,05,29,141,19,22,17,052,,12,15,165,15*75 (pico_gnss pico-gnss-rs/src/main.rs:372)
228.739698 [INFO ] NMEA $GPGSV,4,3,14,10,13,317,,14,09,040,11,21,02,136,17,193,,,*7D (pico_gnss pico-gnss-rs/src/main.rs:372)
228.769083 [INFO ] NMEA $GPGSV,4,4,14,194,,,,195,,,*7D (pico_gnss pico-gnss-rs/src/main.rs:372)
228.827652 [INFO ] NMEA $GLGSV,3,1,09,73,55,146,16,71,47,340,,80,43,050,28,70,40,072,24*6C (pico_gnss pico-gnss-rs/src/main.rs:372)
228.914872 [INFO ] NMEA $GLGSV,3,2,09,86,24,264,,87,21,306,,74,15,183,,72,08,301,*6E (pico_gnss pico-gnss-rs/src/main.rs:372)
228.944118 [INFO ] NMEA $GLGSV,3,3,09,85,01,207,*55 (pico_gnss pico-gnss-rs/src/main.rs:372)
228.971821 [INFO ] PPSGEN count=232 interval_ns=1000002432 dev_ns=2432 phase_ns=-3161400 (pico_gnss pico-gnss-rs/src/main.rs:246)
228.974577 [INFO ] PPS count=230 interval_us=1000002 interval_ns=1000002416 state=Locked missed=0 (pico_gnss pico-gnss-rs/src/main.rs:161)
229.006799 [INFO ] NMEA $GNRMC,094221.000,A,0000.0000,N,00000.0000,E,0.52,255.06,080626,,,A*75 (pico_gnss pico-gnss-rs/src/main.rs:372)
229.009369 [INFO ] SYNC pps_local_us=228968154 unix_s=1780911741 drift_us=2 err_ns=8 holdover_ms=999 (pico_gnss pico-gnss-rs/src/main.rs:403)
229.036418 [INFO ] NMEA $GPVTG,255.06,T,,M,0.52,N,0.97,K,A*30 (pico_gnss pico-gnss-rs/src/main.rs:372)
229.094122 [INFO ] NMEA $GPZDA,094221.000,08,06,2026,,*52 (pico_gnss pico-gnss-rs/src/main.rs:372)
229.123820 [INFO ] NMEA $GPGST,094221.000,7.1,25,13,89.9,13,25,27*7E (pico_gnss pico-gnss-rs/src/main.rs:372)
229.296327 [INFO ] TIME unix_ns=1780911741321758226 ppb=2408 holdover_ms=321 locked=1 (pico_gnss pico-gnss-rs/src/main.rs:195)
229.311600 [INFO ] NMEA $GPGGA,094222.000,0000.0000,N,00000.0000,E,1,8,1.26,34.3,M,39.0,M,,*60 (pico_gnss pico-gnss-rs/src/main.rs:372)
229.376864 [INFO ] NMEA $GNGLL,0000.0000,N,00000.0000,E,094222.000,A,A*48 (pico_gnss pico-gnss-rs/src/main.rs:372)
229.406470 [INFO ] NMEA $GNGSA,A,3,05,20,15,14,23,,,,,,,,1.54,1.26,0.88*1E (pico_gnss pico-gnss-rs/src/main.rs:372)
229.464795 [INFO ] NMEA $GNGSA,A,3,70,73,80,,,,,,,,,,1.54,1.26,0.88*12 (pico_gnss pico-gnss-rs/src/main.rs:372)
229.552175 [INFO ] NMEA $GPGSV,4,1,14,24,82,261,,15,62,049,29,23,48,317,14,20,38,069,20*7F (pico_gnss pico-gnss-rs/src/main.rs:372)
229.610809 [INFO ] NMEA $GPGSV,4,2,14,18,36,247,,05,29,141,19,22,17,052,,12,15,165,15*75 (pico_gnss pico-gnss-rs/src/main.rs:372)
229.673441 [INFO ] NMEA $GPGSV,4,3,14,10,13,317,,14,09,040,15,21,02,136,16,193,,,*78 (pico_gnss pico-gnss-rs/src/main.rs:372)
229.702794 [INFO ] NMEA $GPGSV,4,4,14,194,,,,195,,,*7D (pico_gnss pico-gnss-rs/src/main.rs:372)
229.790134 [INFO ] NMEA $GLGSV,3,1,09,73,55,146,16,71,47,340,,80,43,050,28,70,40,072,24*6C (pico_gnss pico-gnss-rs/src/main.rs:372)
229.848748 [INFO ] NMEA $GLGSV,3,2,09,86,24,264,,87,21,306,,74,15,183,,72,08,301,*6E (pico_gnss pico-gnss-rs/src/main.rs:372)
229.878012 [INFO ] NMEA $GLGSV,3,3,09,85,01,207,*55 (pico_gnss pico-gnss-rs/src/main.rs:372)
229.940624 [INFO ] NMEA $GNRMC,094222.000,A,0000.0000,N,00000.0000,E,0.22,255.06,080626,,,A*71 (pico_gnss pico-gnss-rs/src/main.rs:372)
229.971918 [INFO ] PPSGEN count=233 interval_ns=1000002432 dev_ns=2432 phase_ns=-2816401 (pico_gnss pico-gnss-rs/src/main.rs:246)
229.974512 [INFO ] PPS count=231 interval_us=1000002 interval_ns=1000002400 state=Locked missed=0 (pico_gnss pico-gnss-rs/src/main.rs:161)
229.999100 [INFO ] NMEA $GPVTG,255.06,T,,M,0.22,N,0.41,K,A*3C (pico_gnss pico-gnss-rs/src/main.rs:372)
230.028153 [INFO ] NMEA $GPZDA,094222.000,08,06,2026,,*51 (pico_gnss pico-gnss-rs/src/main.rs:372)
230.063377 [INFO ] NMEA $GPGST,094222.000,7.1,25,14,89.8,14,25,27*7C (pico_gnss pico-gnss-rs/src/main.rs:372)
230.254430 [INFO ] NMEA $GPGGA,094223.000,0000.0000,N,00000.0000,E,1,8,1.26,34.3,M,39.0,M,,*60 (pico_gnss pico-gnss-rs/src/main.rs:372)
230.297582 [INFO ] TIME unix_ns=1780911742322985815 ppb=2408 holdover_ms=1322 locked=1 (pico_gnss pico-gnss-rs/src/main.rs:195)
230.314069 [INFO ] NMEA $GNGLL,0000.0000,N,00000.0000,E,094223.000,A,A*48 (pico_gnss pico-gnss-rs/src/main.rs:372)
230.372206 [INFO ] NMEA $GNGSA,A,3,05,20,15,14,23,,,,,,,,1.54,1.26,0.88*1E (pico_gnss pico-gnss-rs/src/main.rs:372)
230.401807 [INFO ] NMEA $GNGSA,A,3,70,73,80,,,,,,,,,,1.54,1.26,0.88*12 (pico_gnss pico-gnss-rs/src/main.rs:372)
230.489154 [INFO ] NMEA $GPGSV,4,1,14,24,82,261,,15,62,049,29,23,48,317,14,20,38,069,19*75 (pico_gnss pico-gnss-rs/src/main.rs:372)
230.551878 [INFO ] NMEA $GPGSV,4,2,14,18,36,247,,05,29,141,19,22,17,052,,12,15,165,15*75 (pico_gnss pico-gnss-rs/src/main.rs:372)
230.610425 [INFO ] NMEA $GPGSV,4,3,14,10,13,317,,14,09,040,14,21,02,136,16,193,,,*79 (pico_gnss pico-gnss-rs/src/main.rs:372)
230.639802 [INFO ] NMEA $GPGSV,4,4,14,194,,,,195,,,*7D (pico_gnss pico-gnss-rs/src/main.rs:372)
230.727130 [INFO ] NMEA $GLGSV,3,1,09,73,55,146,16,71,47,340,,80,43,050,28,70,40,072,24*6C (pico_gnss pico-gnss-rs/src/main.rs:372)
230.785734 [INFO ] NMEA $GLGSV,3,2,09,86,24,264,,87,21,306,,74,15,183,,72,08,301,*6E (pico_gnss pico-gnss-rs/src/main.rs:372)
230.819088 [INFO ] NMEA $GLGSV,3,3,09,85,01,207,*55 (pico_gnss pico-gnss-rs/src/main.rs:372)
230.877722 [INFO ] NMEA $GNRMC,094223.000,A,0000.0000,N,00000.0000,E,0.30,255.06,080626,,,A*72 (pico_gnss pico-gnss-rs/src/main.rs:372)
230.880300 [INFO ] SYNC pps_local_us=229968156 unix_s=1780911743 drift_us=2 err_ns=-8 holdover_ms=999 (pico_gnss pico-gnss-rs/src/main.rs:403)
230.935870 [INFO ] NMEA $GPVTG,255.06,T,,M,0.30,N,0.55,K,A*3A (pico_gnss pico-gnss-rs/src/main.rs:372)
230.965174 [INFO ] NMEA $GPZDA,094223.000,08,06,2026,,*50 (pico_gnss pico-gnss-rs/src/main.rs:372)
230.971816 [INFO ] PPSGEN count=234 interval_ns=1000002432 dev_ns=2432 phase_ns=-2771401 (pico_gnss pico-gnss-rs/src/main.rs:246)
230.974506 [INFO ] PPS count=232 interval_us=1000002 interval_ns=1000002416 state=Locked missed=0 (pico_gnss pico-gnss-rs/src/main.rs:161)
231.006844 [INFO ] NMEA $GPGST,094223.000,7.1,24,14,89.6,14,24,28*7C (pico_gnss pico-gnss-rs/src/main.rs:372)
231.298835 [INFO ] TIME unix_ns=1780911744324284811 ppb=2408 holdover_ms=1324 locked=1 (pico_gnss pico-gnss-rs/src/main.rs:195)
231.350261 [INFO ] NMEA $GPGGA,094224.000,0000.0000,N,00000.0000,E,1,8,1.26,34.2,M,39.0,M,,*6F (pico_gnss pico-gnss-rs/src/main.rs:372)
231.408578 [INFO ] NMEA $GNGLL,0000.0000,N,00000.0000,E,094224.000,A,A*46 (pico_gnss pico-gnss-rs/src/main.rs:372)
231.466951 [INFO ] NMEA $GNGSA,A,3,05,20,15,14,23,,,,,,,,1.54,1.26,0.88*1E (pico_gnss pico-gnss-rs/src/main.rs:372)
231.525294 [INFO ] NMEA $GNGSA,A,3,70,73,80,,,,,,,,,,1.54,1.26,0.88*12 (pico_gnss pico-gnss-rs/src/main.rs:372)
231.583926 [INFO ] NMEA $GPGSV,4,1,14,24,82,261,,15,62,049,28,23,48,317,15,20,38,069,19*75 (pico_gnss pico-gnss-rs/src/main.rs:372)
231.646634 [INFO ] NMEA $GPGSV,4,2,14,18,36,247,,05,29,141,19,22,17,052,,12,15,165,15*75 (pico_gnss pico-gnss-rs/src/main.rs:372)
231.705233 [INFO ] NMEA $GPGSV,4,3,14,10,13,317,,14,09,040,16,21,02,136,16,193,,,*7B (pico_gnss pico-gnss-rs/src/main.rs:372)
231.763286 [INFO ] NMEA $GPGSV,4,4,14,194,,,,195,,,*7D (pico_gnss pico-gnss-rs/src/main.rs:372)
231.821940 [INFO ] NMEA $GLGSV,3,1,09,73,55,146,16,71,47,340,,80,43,050,28,70,40,072,24*6C (pico_gnss pico-gnss-rs/src/main.rs:372)
231.884531 [INFO ] NMEA $GLGSV,3,2,09,86,24,264,,87,21,306,,74,15,183,,72,08,301,*6E (pico_gnss pico-gnss-rs/src/main.rs:372)
231.913792 [INFO ] NMEA $GLGSV,3,3,09,85,01,207,*55 (pico_gnss pico-gnss-rs/src/main.rs:372)
231.971834 [INFO ] PPSGEN count=235 interval_ns=1000002432 dev_ns=2432 phase_ns=-2799809 (pico_gnss pico-gnss-rs/src/main.rs:246)
231.974581 [INFO ] PPS count=233 interval_us=1000002 interval_ns=1000002416 state=Locked missed=0 (pico_gnss pico-gnss-rs/src/main.rs:161)
232.002382 [INFO ] NMEA $GNRMC,094224.000,A,0000.0000,N,00000.0000,E,0.69,358.85,080626,,,A*77 (pico_gnss pico-gnss-rs/src/main.rs:372)
232.004977 [INFO ] SYNC pps_local_us=231968161 unix_s=1780911744 drift_us=2 err_ns=15 holdover_ms=2000 (pico_gnss pico-gnss-rs/src/main.rs:403)
232.031797 [INFO ] NMEA $GPVTG,358.85,T,,M,0.69,N,1.29,K,A*3B (pico_gnss pico-gnss-rs/src/main.rs:372)
232.060850 [INFO ] NMEA $GPZDA,094224.000,08,06,2026,,*57 (pico_gnss pico-gnss-rs/src/main.rs:372)
232.107585 [INFO ] NMEA $GPGST,094224.000,7.1,24,14,89.7,14,24,28*7A (pico_gnss pico-gnss-rs/src/main.rs:372)
232.300096 [INFO ] TIME unix_ns=1780911744325505216 ppb=2409 holdover_ms=325 locked=1 (pico_gnss pico-gnss-rs/src/main.rs:195)
232.305434 [INFO ] NMEA $GPGGA,094225.000,0000.0000,N,00000.0000,E,1,8,1.26,34.2,M,39.0,M,,*6C (pico_gnss pico-gnss-rs/src/main.rs:372)
232.363531 [INFO ] NMEA $GNGLL,0000.0000,N,00000.0000,E,094225.000,A,A*45 (pico_gnss pico-gnss-rs/src/main.rs:372)
232.421897 [INFO ] NMEA $GNGSA,A,3,05,20,15,14,23,,,,,,,,1.54,1.26,0.88*1E (pico_gnss pico-gnss-rs/src/main.rs:372)
232.480237 [INFO ] NMEA $GNGSA,A,3,70,73,80,,,,,,,,,,1.54,1.26,0.88*12 (pico_gnss pico-gnss-rs/src/main.rs:372)
232.542948 [INFO ] NMEA $GPGSV,4,1,14,24,82,261,,15,62,049,28,23,48,317,15,20,38,069,19*75 (pico_gnss pico-gnss-rs/src/main.rs:372)
232.601584 [INFO ] NMEA $GPGSV,4,2,14,18,36,247,,05,29,141,19,22,17,052,,12,15,165,15*75 (pico_gnss pico-gnss-rs/src/main.rs:372)
232.688924 [INFO ] NMEA $GPGSV,4,3,14,10,13,317,,14,09,040,16,21,02,136,16,193,,,*7B (pico_gnss pico-gnss-rs/src/main.rs:372)
232.718288 [INFO ] NMEA $GPGSV,4,4,14,194,,,,195,,,*7D (pico_gnss pico-gnss-rs/src/main.rs:372)
232.776943 [INFO ] NMEA $GLGSV,3,1,09,73,55,146,16,71,47,340,,80,43,050,27,70,40,072,24*63 (pico_gnss pico-gnss-rs/src/main.rs:372)
232.839607 [INFO ] NMEA $GLGSV,3,2,09,86,24,264,,87,21,306,,74,15,183,,72,08,301,*6E (pico_gnss pico-gnss-rs/src/main.rs:372)
232.868933 [INFO ] NMEA $GLGSV,3,3,09,85,01,207,*55 (pico_gnss pico-gnss-rs/src/main.rs:372)
232.956187 [INFO ] NMEA $GNRMC,094225.000,A,0000.0000,N,00000.0000,E,0.19,358.85,080626,,,A*73 (pico_gnss pico-gnss-rs/src/main.rs:372)
232.974678 [INFO ] PPS count=234 interval_us=1000002 interval_ns=1000002400 state=Locked missed=0 (pico_gnss pico-gnss-rs/src/main.rs:161)
232.976219 [INFO ] PPSGEN count=236 interval_ns=1004230496 dev_ns=4230496 phase_ns=1583588 (pico_gnss pico-gnss-rs/src/main.rs:246)
232.985945 [INFO ] NMEA $GPVTG,358.85,T,,M,0.19,N,0.36,K,A*33 (pico_gnss pico-gnss-rs/src/main.rs:372)
233.043549 [INFO ] NMEA $GPZDA,094225.000,08,06,2026,,*56 (pico_gnss pico-gnss-rs/src/main.rs:372)
233.069294 [INFO ] NMEA $GPGST,094225.000,7.1,23,14,89.6,14,23,29*7B (pico_gnss pico-gnss-rs/src/main.rs:372)
233.280084 [INFO ] NMEA $GPGGA,094226.000,0000.0000,N,00000.0000,E,1,8,1.26,34.1,M,39.0,M,,*6B (pico_gnss pico-gnss-rs/src/main.rs:372)
233.301309 [INFO ] TIME unix_ns=1780911745326753805 ppb=2408 holdover_ms=1326 locked=1 (pico_gnss pico-gnss-rs/src/main.rs:195)
233.338496 [INFO ] NMEA $GNGLL,0000.0000,N,00000.0000,E,094226.000,A,A*41 (pico_gnss pico-gnss-rs/src/main.rs:372)
233.396852 [INFO ] NMEA $GNGSA,A,3,05,20,15,14,23,,,,,,,,1.54,1.26,0.88*1E (pico_gnss pico-gnss-rs/src/main.rs:372)
233.426416 [INFO ] NMEA $GNGSA,A,3,70,73,80,,,,,,,,,,1.54,1.26,0.88*12 (pico_gnss pico-gnss-rs/src/main.rs:372)
233.500414 [INFO ] NMEA $GPGSV,4,1,14,24,82,261,,15,62,049,28,23,48,317,15,20,38,069,19*75 (pico_gnss pico-gnss-rs/src/main.rs:372)
233.587893 [INFO ] NMEA $GPGSV,4,2,14,18,36,247,,05,29,141,19,22,17,052,,12,15,165,15*75 (pico_gnss pico-gnss-rs/src/main.rs:372)
233.646463 [INFO ] NMEA $GPGSV,4,3,14,10,13,317,,14,09,040,16,21,02,136,16,193,,,*7B (pico_gnss pico-gnss-rs/src/main.rs:372)
233.675791 [INFO ] NMEA $GPGSV,4,4,14,194,,,,195,,,*7D (pico_gnss pico-gnss-rs/src/main.rs:372)
233.738498 [INFO ] NMEA $GLGSV,3,1,09,73,55,146,16,71,47,340,,80,43,050,27,70,40,072,25*62 (pico_gnss pico-gnss-rs/src/main.rs:372)
233.825807 [INFO ] NMEA $GLGSV,3,2,09,86,24,264,,87,21,306,,74,15,183,,72,08,301,*6E (pico_gnss pico-gnss-rs/src/main.rs:372)
233.855132 [INFO ] NMEA $GLGSV,3,3,09,85,01,207,*55 (pico_gnss pico-gnss-rs/src/main.rs:372)
233.913702 [INFO ] NMEA $GNRMC,094226.000,A,0000.0000,N,00000.0000,E,0.35,358.85,080626,,,A*79 (pico_gnss pico-gnss-rs/src/main.rs:372)
233.916273 [INFO ] SYNC pps_local_us=232968164 unix_s=1780911746 drift_us=2 err_ns=-8 holdover_ms=1000 (pico_gnss pico-gnss-rs/src/main.rs:403)
233.971822 [INFO ] NMEA $GPVTG,358.85,T,,M,0.35,N,0.65,K,A*3B (pico_gnss pico-gnss-rs/src/main.rs:372)
233.974572 [INFO ] PPS count=235 interval_us=1000002 interval_ns=1000002416 state=Locked missed=0 (pico_gnss pico-gnss-rs/src/main.rs:161)
233.976015 [INFO ] PPSGEN count=237 interval_ns=1000002432 dev_ns=2432 phase_ns=1406589 (pico_gnss pico-gnss-rs/src/main.rs:246)
234.005247 [INFO ] NMEA $GPZDA,094226.000,08,06,2026,,*55 (pico_gnss pico-gnss-rs/src/main.rs:372)
234.032801 [INFO ] NMEA $GPGST,094226.000,7.1,23,14,89.5,14,23,28*7A (pico_gnss pico-gnss-rs/src/main.rs:372)
234.302528 [INFO ] TIME unix_ns=1780911747327943802 ppb=2409 holdover_ms=1327 locked=1 (pico_gnss pico-gnss-rs/src/main.rs:195)
234.354427 [INFO ] NMEA $GPGGA,094227.000,0000.0000,N,00000.0000,E,1,8,1.26,33.9,M,39.0,M,,*63 (pico_gnss pico-gnss-rs/src/main.rs:372)
234.412722 [INFO ] NMEA $GNGLL,0000.0000,N,00000.0000,E,094227.000,A,A*46 (pico_gnss pico-gnss-rs/src/main.rs:372)
234.471135 [INFO ] NMEA $GNGSA,A,3,05,20,15,14,23,,,,,,,,1.54,1.26,0.88*1E (pico_gnss pico-gnss-rs/src/main.rs:372)
234.509902 [INFO ] NMEA $GNGSA,A,3,70,73,80,,,,,,,,,,1.54,1.26,0.88*12 (pico_gnss pico-gnss-rs/src/main.rs:372)
234.597293 [INFO ] NMEA $GPGSV,4,1,14,24,82,261,,15,62,049,28,23,48,317,15,20,38,069,19*75 (pico_gnss pico-gnss-rs/src/main.rs:372)
234.655952 [INFO ] NMEA $GPGSV,4,2,14,18,36,247,,05,29,141,19,22,17,052,,12,16,164,15*77 (pico_gnss pico-gnss-rs/src/main.rs:372)
234.714474 [INFO ] NMEA $GPGSV,4,3,14,10,13,317,,14,09,040,16,21,02,136,16,193,,,*7B (pico_gnss pico-gnss-rs/src/main.rs:372)
234.743849 [INFO ] NMEA $GPGSV,4,4,14,194,,,,195,,,*7D (pico_gnss pico-gnss-rs/src/main.rs:372)
234.835294 [INFO ] NMEA $GLGSV,3,1,09,73,55,146,16,71,47,340,,80,43,050,27,70,40,072,25*62 (pico_gnss pico-gnss-rs/src/main.rs:372)
234.893784 [INFO ] NMEA $GLGSV,3,2,09,86,24,264,,87,21,306,,74,15,183,,72,08,301,*6E (pico_gnss pico-gnss-rs/src/main.rs:372)
234.923042 [INFO ] NMEA $GLGSV,3,3,09,85,01,207,*55 (pico_gnss pico-gnss-rs/src/main.rs:372)
234.974568 [INFO ] PPS count=236 interval_us=1000002 interval_ns=1000002400 state=Locked missed=0 (pico_gnss pico-gnss-rs/src/main.rs:161)
234.976066 [INFO ] PPSGEN count=238 interval_ns=1000002432 dev_ns=2432 phase_ns=1420181 (pico_gnss pico-gnss-rs/src/main.rs:246)
234.981933 [INFO ] NMEA $GNRMC,094227.000,A,0000.0000,N,00000.0000,E,0.48,358.85,080626,,,A*74 (pico_gnss pico-gnss-rs/src/main.rs:372)
234.984480 [INFO ] SYNC pps_local_us=234968168 unix_s=1780911747 drift_us=2 err_ns=0 holdover_ms=1999 (pico_gnss pico-gnss-rs/src/main.rs:403)
235.043795 [INFO ] NMEA $GPVTG,358.85,T,,M,0.48,N,0.89,K,A*33 (pico_gnss pico-gnss-rs/src/main.rs:372)
235.073132 [INFO ] NMEA $GPZDA,094227.000,08,06,2026,,*54 (pico_gnss pico-gnss-rs/src/main.rs:372)
235.102553 [INFO ] NMEA $GPGST,094227.000,7.1,23,14,89.4,14,23,28*7A (pico_gnss pico-gnss-rs/src/main.rs:372)
235.303779 [INFO ] TIME unix_ns=1780911747329209208 ppb=2408 holdover_ms=329 locked=1 (pico_gnss pico-gnss-rs/src/main.rs:195)
235.317473 [INFO ] NMEA $GPGGA,094228.000,0000.0000,N,00000.0000,E,1,8,1.26,33.8,M,39.0,M,,*63 (pico_gnss pico-gnss-rs/src/main.rs:372)
235.375556 [INFO ] NMEA $GNGLL,0000.0000,N,00000.0000,E,094228.000,A,A*47 (pico_gnss pico-gnss-rs/src/main.rs:372)
235.436978 [INFO ] NMEA $GNGSA,A,3,05,20,15,14,23,,,,,,,,1.54,1.26,0.88*1E (pico_gnss pico-gnss-rs/src/main.rs:372)
235.466643 [INFO ] NMEA $GNGSA,A,3,70,73,80,,,,,,,,,,1.54,1.26,0.88*12 (pico_gnss pico-gnss-rs/src/main.rs:372)
235.553959 [INFO ] NMEA $GPGSV,4,1,14,24,82,261,,15,62,049,28,23,48,317,15,20,38,069,19*75 (pico_gnss pico-gnss-rs/src/main.rs:372)
235.612573 [INFO ] NMEA $GPGSV,4,2,14,18,36,247,,05,29,141,19,22,17,052,,12,16,164,14*76 (pico_gnss pico-gnss-rs/src/main.rs:372)
235.671149 [INFO ] NMEA $GPGSV,4,3,14,10,13,317,,14,09,040,16,21,02,136,16,193,,,*7B (pico_gnss pico-gnss-rs/src/main.rs:372)
235.704547 [INFO ] NMEA $GPGSV,4,4,14,194,,,,195,,,*7D (pico_gnss pico-gnss-rs/src/main.rs:372)
235.791950 [INFO ] NMEA $GLGSV,3,1,09,73,55,146,16,71,47,340,,80,43,050,27,70,40,072,25*62 (pico_gnss pico-gnss-rs/src/main.rs:372)
235.850552 [INFO ] NMEA $GLGSV,3,2,09,86,24,264,,87,21,306,,74,15,183,,72,08,301,*6E (pico_gnss pico-gnss-rs/src/main.rs:372)
235.879816 [INFO ] NMEA $GLGSV,3,3,09,85,01,207,*55 (pico_gnss pico-gnss-rs/src/main.rs:372)
235.966989 [INFO ] NMEA $GNRMC,094228.000,A,0000.0000,N,00000.0000,E,0.53,358.85,080626,,,A*7F (pico_gnss pico-gnss-rs/src/main.rs:372)
235.974651 [INFO ] PPS count=237 interval_us=1000002 interval_ns=1000002416 state=Locked missed=0 (pico_gnss pico-gnss-rs/src/main.rs:161)
235.976215 [INFO ] PPSGEN count=239 interval_ns=1000002432 dev_ns=2432 phase_ns=1578588 (pico_gnss pico-gnss-rs/src/main.rs:246)
236.000944 [INFO ] NMEA $GPVTG,358.85,T,,M,0.53,N,0.98,K,A*39 (pico_gnss pico-gnss-rs/src/main.rs:372)
236.029922 [INFO ] NMEA $GPZDA,094228.000,08,06,2026,,*5B (pico_gnss pico-gnss-rs/src/main.rs:372)
236.069378 [INFO ] NMEA $GPGST,094228.000,7.1,22,13,88.7,13,22,26*79 (pico_gnss pico-gnss-rs/src/main.rs:372)
236.275242 [INFO ] NMEA $GPGGA,094229.000,0000.0000,N,00000.0000,E,1,8,1.26,33.7,M,39.0,M,,*67 (pico_gnss pico-gnss-rs/src/main.rs:372)
236.305558 [INFO ] TIME unix_ns=1780911748330988795 ppb=2409 holdover_ms=1330 locked=1 (pico_gnss pico-gnss-rs/src/main.rs:195)
236.333882 [INFO ] NMEA $GNGLL,0000.0000,N,00000.0000,E,094229.000,A,A*4C (pico_gnss pico-gnss-rs/src/main.rs:372)
236.388943 [INFO ] NMEA $GNGSA,A,3,05,20,15,14,23,,,,,,,,1.54,1.26,0.88*1E (pico_gnss pico-gnss-rs/src/main.rs:372)
236.447220 [INFO ] NMEA $GNGSA,A,3,70,73,80,,,,,,,,,,1.54,1.26,0.88*12 (pico_gnss pico-gnss-rs/src/main.rs:372)
236.505881 [INFO ] NMEA $GPGSV,4,1,14,24,82,261,,15,62,049,28,23,48,317,15,20,38,069,19*75 (pico_gnss pico-gnss-rs/src/main.rs:372)
236.564473 [INFO ] NMEA $GPGSV,4,2,14,18,36,247,,05,29,141,18,22,17,052,,12,16,164,14*77 (pico_gnss pico-gnss-rs/src/main.rs:372)
236.627140 [INFO ] NMEA $GPGSV,4,3,14,10,13,317,,14,08,040,16,21,02,136,16,193,,,*7A (pico_gnss pico-gnss-rs/src/main.rs:372)
236.685178 [INFO ] NMEA $GPGSV,4,4,14,194,,,,195,,,*7D (pico_gnss pico-gnss-rs/src/main.rs:372)
236.743861 [INFO ] NMEA $GLGSV,3,1,09,73,55,146,16,71,47,340,,80,43,050,26,70,40,072,25*63 (pico_gnss pico-gnss-rs/src/main.rs:372)
236.802373 [INFO ] NMEA $GLGSV,3,2,09,86,24,264,,87,21,306,,74,15,183,,72,08,301,*6E (pico_gnss pico-gnss-rs/src/main.rs:372)
236.831718 [INFO ] NMEA $GLGSV,3,3,09,85,01,207,*55 (pico_gnss pico-gnss-rs/src/main.rs:372)
236.923107 [INFO ] NMEA $GNRMC,094229.000,A,0000.0000,N,00000.0000,E,0.11,358.85,080626,,,A*72 (pico_gnss pico-gnss-rs/src/main.rs:372)
236.925700 [INFO ] SYNC pps_local_us=235968171 unix_s=1780911749 drift_us=2 err_ns=8 holdover_ms=1000 (pico_gnss pico-gnss-rs/src/main.rs:403)
236.952828 [INFO ] NMEA $GPVTG,358.85,T,,M,0.11,N,0.20,K,A*3C (pico_gnss pico-gnss-rs/src/main.rs:372)
236.974582 [INFO ] PPS count=238 interval_us=1000002 interval_ns=1000002400 state=Locked missed=0 (pico_gnss pico-gnss-rs/src/main.rs:161)
236.976029 [INFO ] PPSGEN count=240 interval_ns=1000002432 dev_ns=2432 phase_ns=1449589 (pico_gnss pico-gnss-rs/src/main.rs:246)
236.982142 [INFO ] NMEA $GPZDA,094229.000,08,06,2026,,*5A (pico_gnss pico-gnss-rs/src/main.rs:372)
237.027605 [INFO ] NMEA $GPGST,094229.000,7.1,22,14,88.6,14,22,27*78 (pico_gnss pico-gnss-rs/src/main.rs:372)
237.238189 [INFO ] NMEA $GPGGA,094230.000,0000.0000,N,00000.0000,E,1,8,1.26,33.6,M,39.0,M,,*65 (pico_gnss pico-gnss-rs/src/main.rs:372)
237.287294 [INFO ] NMEA $GNGLL,0000.0000,N,00000.0000,E,094230.000,A,A*4F (pico_gnss pico-gnss-rs/src/main.rs:372)
237.306769 [INFO ] TIME unix_ns=1780911750332222792 ppb=2408 holdover_ms=1332 locked=1 (pico_gnss pico-gnss-rs/src/main.rs:195)
237.345713 [INFO ] NMEA $GNGSA,A,3,05,20,15,14,23,,,,,,,,1.54,1.26,0.88*1E (pico_gnss pico-gnss-rs/src/main.rs:372)
237.404037 [INFO ] NMEA $GNGSA,A,3,70,73,80,,,,,,,,,,1.54,1.26,0.88*12 (pico_gnss pico-gnss-rs/src/main.rs:372)
237.462634 [INFO ] NMEA $GPGSV,4,1,14,24,82,261,,15,61,051,28,23,48,317,16,20,38,069,19*7C (pico_gnss pico-gnss-rs/src/main.rs:372)
237.549910 [INFO ] NMEA $GPGSV,4,2,14,18,36,247,,05,29,141,18,22,17,052,,12,16,164,15*76 (pico_gnss pico-gnss-rs/src/main.rs:372)
237.612682 [INFO ] NMEA $GPGSV,4,3,14,10,13,317,,14,08,040,16,21,02,136,17,193,,,*7B (pico_gnss pico-gnss-rs/src/main.rs:372)
237.642068 [INFO ] NMEA $GPGSV,4,4,14,194,,,,195,,,*7D (pico_gnss pico-gnss-rs/src/main.rs:372)
237.700616 [INFO ] NMEA $GLGSV,3,1,09,73,55,146,16,71,47,340,,80,43,050,26,70,40,072,25*63 (pico_gnss pico-gnss-rs/src/main.rs:372)
237.759196 [INFO ] NMEA $GLGSV,3,2,09,86,24,264,,87,21,306,,74,15,183,,72,08,301,*6E (pico_gnss pico-gnss-rs/src/main.rs:372)
237.788489 [INFO ] NMEA $GLGSV,3,3,09,85,01,207,*55 (pico_gnss pico-gnss-rs/src/main.rs:372)
237.879985 [INFO ] NMEA $GNRMC,094230.000,A,0000.0000,N,00000.0000,E,0.67,313.82,080626,,,A*78 (pico_gnss pico-gnss-rs/src/main.rs:372)
237.882564 [INFO ] SYNC pps_local_us=236968173 unix_s=1780911750 drift_us=2 err_ns=-8 holdover_ms=1000 (pico_gnss pico-gnss-rs/src/main.rs:403)
237.909650 [INFO ] NMEA $GPVTG,313.82,T,,M,0.67,N,1.24,K,A*30 (pico_gnss pico-gnss-rs/src/main.rs:372)
237.938722 [INFO ] NMEA $GPZDA,094230.000,08,06,2026,,*52 (pico_gnss pico-gnss-rs/src/main.rs:372)
237.974562 [INFO ] PPS count=239 interval_us=1000002 interval_ns=1000002416 state=Locked missed=0 (pico_gnss pico-gnss-rs/src/main.rs:161)
237.976030 [INFO ] PPSGEN count=241 interval_ns=1000002432 dev_ns=2432 phase_ns=1416589 (pico_gnss pico-gnss-rs/src/main.rs:246)
237.991105 [INFO ] NMEA $GPGST,094230.000,7.1,22,14,88.8,14,22,27*7E (pico_gnss pico-gnss-rs/src/main.rs:372)
238.307994 [INFO ] TIME unix_ns=1780911751333413789 ppb=2408 holdover_ms=1333 locked=1 (pico_gnss pico-gnss-rs/src/main.rs:195)
238.364600 [INFO ] NMEA $GPGGA,094231.000,0000.0000,N,00000.0000,E,1,9,1.22,33.6,M,39.0,M,,*69 (pico_gnss pico-gnss-rs/src/main.rs:372)
238.394208 [INFO ] NMEA $GNGLL,0000.0000,N,00000.0000,E,094231.000,A,A*46 (pico_gnss pico-gnss-rs/src/main.rs:372)
238.452569 [INFO ] NMEA $GNGSA,A,3,05,20,22,15,14,23,,,,,,,1.50,1.22,0.87*11 (pico_gnss pico-gnss-rs/src/main.rs:372)
238.510878 [INFO ] NMEA $GNGSA,A,3,70,73,80,,,,,,,,,,1.50,1.22,0.87*1D (pico_gnss pico-gnss-rs/src/main.rs:372)
238.569536 [INFO ] NMEA $GPGSV,4,1,14,24,82,261,,15,61,051,28,23,48,317,16,20,38,069,18*7D (pico_gnss pico-gnss-rs/src/main.rs:372)
238.661041 [INFO ] NMEA $GPGSV,4,2,14,18,36,247,,05,29,141,18,22,17,052,17,12,16,164,14*71 (pico_gnss pico-gnss-rs/src/main.rs:372)
238.719634 [INFO ] NMEA $GPGSV,4,3,14,10,13,317,,14,08,040,16,21,02,136,17,193,,,*7B (pico_gnss pico-gnss-rs/src/main.rs:372)
238.749001 [INFO ] NMEA $GPGSV,4,4,14,194,,,,195,,,*7D (pico_gnss pico-gnss-rs/src/main.rs:372)
238.836312 [INFO ] NMEA $GLGSV,3,1,09,73,55,146,16,71,47,340,,80,43,050,25,70,40,072,24*61 (pico_gnss pico-gnss-rs/src/main.rs:372)
238.898946 [INFO ] NMEA $GLGSV,3,2,09,86,24,264,,87,21,306,,74,15,183,,72,08,301,*6E (pico_gnss pico-gnss-rs/src/main.rs:372)
238.928208 [INFO ] NMEA $GLGSV,3,3,09,85,01,207,*55 (pico_gnss pico-gnss-rs/src/main.rs:372)
238.974580 [INFO ] PPS count=240 interval_us=1000002 interval_ns=1000002416 state=Locked missed=0 (pico_gnss pico-gnss-rs/src/main.rs:161)
238.976085 [INFO ] PPSGEN count=242 interval_ns=1000002432 dev_ns=2432 phase_ns=1441180 (pico_gnss pico-gnss-rs/src/main.rs:246)
238.987115 [INFO ] NMEA $GNRMC,094231.000,A,0000.0000,N,00000.0000,E,1.30,306.03,080626,,,A*7F (pico_gnss pico-gnss-rs/src/main.rs:372)
238.989664 [INFO ] SYNC pps_local_us=238968178 unix_s=1780911751 drift_us=2 err_ns=15 holdover_ms=1999 (pico_gnss pico-gnss-rs/src/main.rs:403)
239.044890 [INFO ] NMEA $GPVTG,306.03,T,,M,1.30,N,2.41,K,A*3E (pico_gnss pico-gnss-rs/src/main.rs:372)
239.074189 [INFO ] NMEA $GPZDA,094231.000,08,06,2026,,*53 (pico_gnss pico-gnss-rs/src/main.rs:372)
239.103619 [INFO ] NMEA $GPGST,094231.000,7.1,22,13,89.0,13,22,27*76 (pico_gnss pico-gnss-rs/src/main.rs:372)
239.304362 [INFO ] NMEA $GPGGA,094232.000,0000.0000,N,00000.0000,E,1,9,1.22,33.6,M,39.0,M,,*67 (pico_gnss pico-gnss-rs/src/main.rs:372)
239.309221 [INFO ] TIME unix_ns=1780911751334676194 ppb=2409 holdover_ms=334 locked=1 (pico_gnss pico-gnss-rs/src/main.rs:195)
239.362784 [INFO ] NMEA $GNGLL,0000.0000,N,00000.0000,E,094232.000,A,A*48 (pico_gnss pico-gnss-rs/src/main.rs:372)
239.421168 [INFO ] NMEA $GNGSA,A,3,05,20,22,15,14,23,,,,,,,1.50,1.22,0.87*11 (pico_gnss pico-gnss-rs/src/main.rs:372)
239.450799 [INFO ] NMEA $GNGSA,A,3,70,73,80,,,,,,,,,,1.50,1.22,0.87*1D (pico_gnss pico-gnss-rs/src/main.rs:372)
239.542226 [INFO ] NMEA $GPGSV,4,1,15,24,82,261,,15,61,051,28,23,48,317,16,20,38,069,18*7C (pico_gnss pico-gnss-rs/src/main.rs:372)
239.600912 [INFO ] NMEA $GPGSV,4,2,15,18,36,247,,05,29,141,18,22,17,052,17,12,16,164,14*70 (pico_gnss pico-gnss-rs/src/main.rs:372)
239.659448 [INFO ] NMEA $GPGSV,4,3,15,10,13,317,,14,08,040,16,21,02,136,17,193,,,*7A (pico_gnss pico-gnss-rs/src/main.rs:372)
239.717634 [INFO ] NMEA $GPGSV,4,4,15,194,,,,195,,,,45,,,*7D (pico_gnss pico-gnss-rs/src/main.rs:372)
239.776243 [INFO ] NMEA $GLGSV,3,1,09,73,55,146,16,71,47,340,,80,43,050,25,70,40,072,23*66 (pico_gnss pico-gnss-rs/src/main.rs:372)
239.838904 [INFO ] NMEA $GLGSV,3,2,09,86,24,264,,87,21,306,,74,15,183,,72,08,301,*6E (pico_gnss pico-gnss-rs/src/main.rs:372)
239.868282 [INFO ] NMEA $GLGSV,3,3,09,85,01,207,20*57 (pico_gnss pico-gnss-rs/src/main.rs:372)
239.955491 [INFO ] NMEA $GNRMC,094232.000,A,0000.0000,N,00000.0000,E,1.19,313.45,080626,,,A*7C (pico_gnss pico-gnss-rs/src/main.rs:372)
239.974700 [INFO ] PPS count=241 interval_us=1000002 interval_ns=1000002400 state=Locked missed=0 (pico_gnss pico-gnss-rs/src/main.rs:161)
239.976226 [INFO ] PPSGEN count=243 interval_ns=1000002432 dev_ns=2432 phase_ns=1601588 (pico_gnss pico-gnss-rs/src/main.rs:246)
239.985306 [INFO ] NMEA $GPVTG,313.45,T,,M,1.19,N,2.20,K,A*34 (pico_gnss pico-gnss-rs/src/main.rs:372)
240.014260 [INFO ] NMEA $GPZDA,094232.000,08,06,2026,,*50 (pico_gnss pico-gnss-rs/src/main.rs:372)
240.066450 [INFO ] NMEA $GPGST,094232.000,7.1,22,13,89.0,13,22,27*75 (pico_gnss pico-gnss-rs/src/main.rs:372)
240.310439 [INFO ] TIME unix_ns=1780911752335862783 ppb=2408 holdover_ms=1335 locked=1 (pico_gnss pico-gnss-rs/src/main.rs:195)
240.367386 [INFO ] NMEA $GPGGA,094233.000,0000.0000,N,00000.0000,E,1,9,1.22,33.5,M,39.0,M,,*6E (pico_gnss pico-gnss-rs/src/main.rs:372)
240.425657 [INFO ] NMEA $GNGLL,0000.0000,N,00000.0000,E,094233.000,A,A*42 (pico_gnss pico-gnss-rs/src/main.rs:372)
240.484112 [INFO ] NMEA $GNGSA,A,3,05,20,22,15,14,23,,,,,,,1.50,1.22,0.87*11 (pico_gnss pico-gnss-rs/src/main.rs:372)
240.513705 [INFO ] NMEA $GNGSA,A,3,70,73,80,,,,,,,,,,1.50,1.22,0.87*1D (pico_gnss pico-gnss-rs/src/main.rs:372)
240.589712 [INFO ] NMEA $GPGSV,4,1,15,24,82,261,,15,61,051,28,23,48,317,16,20,38,069,18*7C (pico_gnss pico-gnss-rs/src/main.rs:372)
240.677155 [INFO ] NMEA $GPGSV,4,2,15,18,36,246,,05,29,141,18,22,17,052,17,12,16,164,14*71 (pico_gnss pico-gnss-rs/src/main.rs:372)
240.735716 [INFO ] NMEA $GPGSV,4,3,15,10,13,317,,14,08,040,16,21,02,136,17,193,,,*7A (pico_gnss pico-gnss-rs/src/main.rs:372)
240.765184 [INFO ] NMEA $GPGSV,4,4,15,194,,,,195,,,,45,,,*7D (pico_gnss pico-gnss-rs/src/main.rs:372)
240.856640 [INFO ] NMEA $GLGSV,3,1,09,73,55,146,16,71,47,340,,80,43,050,26,70,40,072,23*65 (pico_gnss pico-gnss-rs/src/main.rs:372)
240.915114 [INFO ] NMEA $GLGSV,3,2,09,86,24,264,,87,21,306,,74,15,183,,72,08,301,*6E (pico_gnss pico-gnss-rs/src/main.rs:372)
240.944344 [INFO ] NMEA $GLGSV,3,3,09,85,01,207,*55 (pico_gnss pico-gnss-rs/src/main.rs:372)
240.974601 [INFO ] PPS count=242 interval_us=1000002 interval_ns=1000002400 state=Locked missed=0 (pico_gnss pico-gnss-rs/src/main.rs:161)
240.976113 [INFO ] PPSGEN count=244 interval_ns=1000002432 dev_ns=2432 phase_ns=1499181 (pico_gnss pico-gnss-rs/src/main.rs:246)
241.003258 [INFO ] NMEA $GNRMC,094233.000,A,0000.0000,N,00000.0000,E,1.24,309.24,080626,,,A*74 (pico_gnss pico-gnss-rs/src/main.rs:372)
241.005802 [INFO ] SYNC pps_local_us=240968183 unix_s=1780911753 drift_us=2 err_ns=-16 holdover_ms=2000 (pico_gnss pico-gnss-rs/src/main.rs:403)
241.061020 [INFO ] NMEA $GPVTG,309.24,T,,M,1.24,N,2.29,K,A*3F (pico_gnss pico-gnss-rs/src/main.rs:372)
241.094309 [INFO ] NMEA $GPZDA,094233.000,08,06,2026,,*51 (pico_gnss pico-gnss-rs/src/main.rs:372)
241.129710 [INFO ] NMEA $GPGST,094233.000,7.2,22,13,89.5,13,22,26*73 (pico_gnss pico-gnss-rs/src/main.rs:372)
241.311693 [INFO ] TIME unix_ns=1780911753337094189 ppb=2408 holdover_ms=337 locked=1 (pico_gnss pico-gnss-rs/src/main.rs:195)
241.338720 [INFO ] NMEA $GPGGA,094234.000,0000.0000,N,00000.0000,E,1,9,1.22,33.4,M,39.0,M,,*61 (pico_gnss pico-gnss-rs/src/main.rs:372)
241.396758 [INFO ] NMEA $GNGLL,0000.0000,N,00000.0000,E,094234.000,A,A*4C (pico_gnss pico-gnss-rs/src/main.rs:372)
241.455193 [INFO ] NMEA $GNGSA,A,3,05,20,22,15,14,23,,,,,,,1.50,1.22,0.87*11 (pico_gnss pico-gnss-rs/src/main.rs:372)
241.485750 [INFO ] NMEA $GNGSA,A,3,70,73,80,,,,,,,,,,1.50,1.22,0.87*1D (pico_gnss pico-gnss-rs/src/main.rs:372)
241.573161 [INFO ] NMEA $GPGSV,4,1,15,24,82,261,,15,61,051,28,23,48,317,16,20,38,069,18*7C (pico_gnss pico-gnss-rs/src/main.rs:372)
241.631794 [INFO ] NMEA $GPGSV,4,2,15,18,36,246,,05,29,141,18,22,17,052,17,12,16,164,13*76 (pico_gnss pico-gnss-rs/src/main.rs:372)
241.719134 [INFO ] NMEA $GPGSV,4,3,15,10,13,317,,14,08,040,16,21,02,136,16,193,,,*7B (pico_gnss pico-gnss-rs/src/main.rs:372)
241.752655 [INFO ] NMEA $GPGSV,4,4,15,194,,,,195,,,,45,,,*7D (pico_gnss pico-gnss-rs/src/main.rs:372)
241.811277 [INFO ] NMEA $GLGSV,3,1,09,73,55,146,16,71,47,340,,80,43,050,27,70,40,072,23*64 (pico_gnss pico-gnss-rs/src/main.rs:372)
241.869825 [INFO ] NMEA $GLGSV,3,2,09,86,24,264,,87,21,306,,74,15,183,,72,08,301,*6E (pico_gnss pico-gnss-rs/src/main.rs:372)
241.899066 [INFO ] NMEA $GLGSV,3,3,09,85,01,207,*55 (pico_gnss pico-gnss-rs/src/main.rs:372)
241.974616 [INFO ] PPS count=243 interval_us=1000002 interval_ns=1000002400 state=Locked missed=0 (pico_gnss pico-gnss-rs/src/main.rs:161)
241.976115 [INFO ] PPSGEN count=245 interval_ns=1000002432 dev_ns=2432 phase_ns=1480589 (pico_gnss pico-gnss-rs/src/main.rs:246)
241.986692 [INFO ] NMEA $GNRMC,094234.000,A,0000.0000,N,00000.0000,E,0.84,101.90,080626,,,A*74 (pico_gnss pico-gnss-rs/src/main.rs:372)
241.989261 [INFO ] SYNC pps_local_us=241968185 unix_s=1780911754 drift_us=2 err_ns=-7 holdover_ms=1000 (pico_gnss pico-gnss-rs/src/main.rs:403)
242.019863 [INFO ] NMEA $GPVTG,101.90,T,,M,0.84,N,1.55,K,A*39 (pico_gnss pico-gnss-rs/src/main.rs:372)
242.049151 [INFO ] NMEA $GPZDA,094234.000,08,06,2026,,*56 (pico_gnss pico-gnss-rs/src/main.rs:372)
242.101173 [INFO ] NMEA $GPGST,094234.000,7.2,22,13,89.7,13,22,26*76 (pico_gnss pico-gnss-rs/src/main.rs:372)
242.288453 [INFO ] NMEA $GPGGA,094235.000,0000.0000,N,00000.0000,E,1,9,1.22,33.4,M,39.0,M,,*6D (pico_gnss pico-gnss-rs/src/main.rs:372)
242.312918 [INFO ] TIME unix_ns=1780911754338353186 ppb=2408 holdover_ms=338 locked=1 (pico_gnss pico-gnss-rs/src/main.rs:195)
242.346881 [INFO ] NMEA $GNGLL,0000.0000,N,00000.0000,E,094235.000,A,A*40 (pico_gnss pico-gnss-rs/src/main.rs:372)
242.389814 [INFO ] NMEA $GNGSA,A,3,05,20,22,15,14,23,,,,,,,1.50,1.22,0.87*11 (pico_gnss pico-gnss-rs/src/main.rs:372)
242.448111 [INFO ] NMEA $GNGSA,A,3,70,73,80,,,,,,,,,,1.50,1.22,0.87*1D (pico_gnss pico-gnss-rs/src/main.rs:372)
242.506778 [INFO ] NMEA $GPGSV,4,1,15,24,82,261,,15,61,051,28,23,48,317,16,20,38,070,18*74 (pico_gnss pico-gnss-rs/src/main.rs:372)
242.594178 [INFO ] NMEA $GPGSV,4,2,15,18,36,246,,05,29,141,18,22,17,052,17,12,16,164,13*76 (pico_gnss pico-gnss-rs/src/main.rs:372)
242.656867 [INFO ] NMEA $GPGSV,4,3,15,10,13,317,,14,08,040,16,21,02,136,16,193,,,*7B (pico_gnss pico-gnss-rs/src/main.rs:372)
242.686336 [INFO ] NMEA $GPGSV,4,4,15,194,,,,195,,,,45,,,*7D (pico_gnss pico-gnss-rs/src/main.rs:372)
242.773675 [INFO ] NMEA $GLGSV,3,1,09,73,55,146,16,71,47,340,,80,43,050,27,70,40,072,23*64 (pico_gnss pico-gnss-rs/src/main.rs:372)
242.832210 [INFO ] NMEA $GLGSV,3,2,09,86,24,264,,87,21,306,,74,15,183,,72,08,301,*6E (pico_gnss pico-gnss-rs/src/main.rs:372)
242.861549 [INFO ] NMEA $GLGSV,3,3,09,85,01,207,*55 (pico_gnss pico-gnss-rs/src/main.rs:372)
242.924133 [INFO ] NMEA $GNRMC,094235.000,A,0000.0000,N,00000.0000,E,1.98,120.44,080626,,,A*7E (pico_gnss pico-gnss-rs/src/main.rs:372)
242.974674 [INFO ] PPS count=244 interval_us=1000002 interval_ns=1000002416 state=Locked missed=0 (pico_gnss pico-gnss-rs/src/main.rs:161)
242.976234 [INFO ] PPSGEN count=246 interval_ns=1000002432 dev_ns=2432 phase_ns=1569589 (pico_gnss pico-gnss-rs/src/main.rs:246)
242.982646 [INFO ] NMEA $GPVTG,120.44,T,,M,1.98,N,3.67,K,A*3C (pico_gnss pico-gnss-rs/src/main.rs:372)
243.011639 [INFO ] NMEA $GPZDA,094235.000,08,06,2026,,*57 (pico_gnss pico-gnss-rs/src/main.rs:372)
243.051084 [INFO ] NMEA $GPGST,094235.000,7.2,21,13,89.6,13,21,26*76 (pico_gnss pico-gnss-rs/src/main.rs:372)
243.243503 [INFO ] NMEA $GPGGA,094236.000,0000.0000,N,00000.0000,E,1,9,1.22,33.3,M,39.0,M,,*6C (pico_gnss pico-gnss-rs/src/main.rs:372)
243.298790 [INFO ] NMEA $GNGLL,0000.0000,N,00000.0000,E,094236.000,A,A*46 (pico_gnss pico-gnss-rs/src/main.rs:372)
243.314114 [INFO ] TIME unix_ns=1780911755339544775 ppb=2408 holdover_ms=1339 locked=1 (pico_gnss pico-gnss-rs/src/main.rs:195)
243.357293 [INFO ] NMEA $GNGSA,A,3,05,20,22,15,14,23,,,,,,,1.50,1.22,0.87*11 (pico_gnss pico-gnss-rs/src/main.rs:372)
243.415551 [INFO ] NMEA $GNGSA,A,3,70,73,80,,,,,,,,,,1.50,1.22,0.87*1D (pico_gnss pico-gnss-rs/src/main.rs:372)
243.474206 [INFO ] NMEA $GPGSV,4,1,15,24,82,261,,15,61,051,28,23,48,317,16,20,38,070,18*74 (pico_gnss pico-gnss-rs/src/main.rs:372)
243.532932 [INFO ] NMEA $GPGSV,4,2,15,18,36,246,,05,29,141,18,22,17,052,17,12,16,164,13*76 (pico_gnss pico-gnss-rs/src/main.rs:372)
243.624341 [INFO ] NMEA $GPGSV,4,3,15,10,13,317,,14,08,040,15,21,01,136,16,193,,,*7B (pico_gnss pico-gnss-rs/src/main.rs:372)
243.653791 [INFO ] NMEA $GPGSV,4,4,15,194,,,,195,,,,45,,,*7D (pico_gnss pico-gnss-rs/src/main.rs:372)
243.712402 [INFO ] NMEA $GLGSV,3,1,09,73,55,146,16,71,47,340,,80,43,050,27,70,40,072,22*65 (pico_gnss pico-gnss-rs/src/main.rs:372)
243.799695 [INFO ] NMEA $GLGSV,3,2,09,86,24,264,,87,21,306,,74,15,183,,72,08,301,*6E (pico_gnss pico-gnss-rs/src/main.rs:372)
243.828954 [INFO ] NMEA $GLGSV,3,3,09,85,01,207,*55 (pico_gnss pico-gnss-rs/src/main.rs:372)
243.891718 [INFO ] NMEA $GNRMC,094236.000,A,0000.0000,N,00000.0000,E,0.48,120.44,080626,,,A*74 (pico_gnss pico-gnss-rs/src/main.rs:372)
243.894275 [INFO ] SYNC pps_local_us=242968188 unix_s=1780911756 drift_us=2 err_ns=8 holdover_ms=1000 (pico_gnss pico-gnss-rs/src/main.rs:403)
243.921397 [INFO ] NMEA $GPVTG,120.44,T,,M,0.48,N,0.89,K,A*33 (pico_gnss pico-gnss-rs/src/main.rs:372)
243.974612 [INFO ] PPS count=245 interval_us=1000002 interval_ns=1000002400 state=Locked missed=0 (pico_gnss pico-gnss-rs/src/main.rs:161)
243.976161 [INFO ] PPSGEN count=247 interval_ns=1000002432 dev_ns=2432 phase_ns=1482589 (pico_gnss pico-gnss-rs/src/main.rs:246)
243.979482 [INFO ] NMEA $GPZDA,094236.000,08,06,2026,,*54 (pico_gnss pico-gnss-rs/src/main.rs:372)
244.006760 [INFO ] NMEA $GPGST,094236.000,7.2,20,12,92.3,12,20,23*7F (pico_gnss pico-gnss-rs/src/main.rs:372)
244.315351 [INFO ] TIME unix_ns=1780911757340752772 ppb=2408 holdover_ms=1340 locked=1 (pico_gnss pico-gnss-rs/src/main.rs:195)
244.367696 [INFO ] NMEA $GPGGA,094237.000,0000.0000,N,00000.0000,E,1,9,1.22,33.3,M,39.0,M,,*67 (pico_gnss pico-gnss-rs/src/main.rs:372)
244.426087 [INFO ] NMEA $GNGLL,0000.0000,N,00000.0000,E,094237.000,A,A*4D (pico_gnss pico-gnss-rs/src/main.rs:372)
244.455804 [INFO ] NMEA $GNGSA,A,3,05,20,22,15,14,23,,,,,,,1.50,1.22,0.87*11 (pico_gnss pico-gnss-rs/src/main.rs:372)
244.514047 [INFO ] NMEA $GNGSA,A,3,70,73,80,,,,,,,,,,1.50,1.22,0.87*1D (pico_gnss pico-gnss-rs/src/main.rs:372)
244.601443 [INFO ] NMEA $GPGSV,4,1,15,24,82,261,,15,61,051,28,23,48,317,16,20,38,070,18*74 (pico_gnss pico-gnss-rs/src/main.rs:372)
244.664204 [INFO ] NMEA $GPGSV,4,2,15,18,36,246,,05,29,141,18,22,17,051,16,12,16,164,13*74 (pico_gnss pico-gnss-rs/src/main.rs:372)
244.722807 [INFO ] NMEA $GPGSV,4,3,15,10,13,317,,14,08,040,16,21,01,136,16,193,,,*78 (pico_gnss pico-gnss-rs/src/main.rs:372)
244.752218 [INFO ] NMEA $GPGSV,4,4,15,194,,,,195,,,,45,,,*7D (pico_gnss pico-gnss-rs/src/main.rs:372)
244.839592 [INFO ] NMEA $GLGSV,3,1,09,73,55,146,17,71,47,340,,80,43,050,27,70,40,072,22*64 (pico_gnss pico-gnss-rs/src/main.rs:372)
244.902166 [INFO ] NMEA $GLGSV,3,2,09,86,24,264,,87,21,306,,74,15,183,,72,08,301,*6E (pico_gnss pico-gnss-rs/src/main.rs:372)
244.931437 [INFO ] NMEA $GLGSV,3,3,09,85,01,207,*55 (pico_gnss pico-gnss-rs/src/main.rs:372)
244.974598 [INFO ] PPS count=246 interval_us=1000002 interval_ns=1000002416 state=Locked missed=0 (pico_gnss pico-gnss-rs/src/main.rs:161)
244.976110 [INFO ] PPSGEN count=248 interval_ns=1000002432 dev_ns=2432 phase_ns=1471181 (pico_gnss pico-gnss-rs/src/main.rs:246)
245.018756 [INFO ] NMEA $GNRMC,094237.000,A,0000.0000,N,00000.0000,E,0.09,120.44,080626,,,A*7A (pico_gnss pico-gnss-rs/src/main.rs:372)
245.021356 [INFO ] SYNC pps_local_us=244968193 unix_s=1780911757 drift_us=2 err_ns=0 holdover_ms=1999 (pico_gnss pico-gnss-rs/src/main.rs:403)
245.048338 [INFO ] NMEA $GPVTG,120.44,T,,M,0.09,N,0.17,K,A*31 (pico_gnss pico-gnss-rs/src/main.rs:372)
245.077407 [INFO ] NMEA $GPZDA,094237.000,08,06,2026,,*55 (pico_gnss pico-gnss-rs/src/main.rs:372)
245.121028 [INFO ] NMEA $GPGST,094237.000,7.2,20,12,92.3,12,20,24*79 (pico_gnss pico-gnss-rs/src/main.rs:372)
245.303072 [INFO ] NMEA $GPGGA,094238.000,0000.0000,N,00000.0000,E,1,9,1.22,33.2,M,39.0,M,,*6B (pico_gnss pico-gnss-rs/src/main.rs:372)
245.316555 [INFO ] TIME unix_ns=1780911757341995177 ppb=2408 holdover_ms=341 locked=1 (pico_gnss pico-gnss-rs/src/main.rs:195)
245.361541 [INFO ] NMEA $GNGLL,0000.0000,N,00000.0000,E,094238.000,A,A*40 (pico_gnss pico-gnss-rs/src/main.rs:372)
245.419899 [INFO ] NMEA $GNGSA,A,3,05,20,22,15,14,23,,,,,,,1.50,1.22,0.87*11 (pico_gnss pico-gnss-rs/src/main.rs:372)
245.478236 [INFO ] NMEA $GNGSA,A,3,70,73,80,,,,,,,,,,1.50,1.22,0.87*1D (pico_gnss pico-gnss-rs/src/main.rs:372)
245.541062 [INFO ] NMEA $GPGSV,4,1,14,24,82,261,,15,61,051,28,23,48,317,16,20,38,070,18*75 (pico_gnss pico-gnss-rs/src/main.rs:372)
245.599702 [INFO ] NMEA $GPGSV,4,2,14,18,36,246,,05,29,141,18,22,17,051,16,12,16,164,13*75 (pico_gnss pico-gnss-rs/src/main.rs:372)
245.687011 [INFO ] NMEA $GPGSV,4,3,14,10,13,317,,14,08,040,16,21,01,136,16,193,,,*79 (pico_gnss pico-gnss-rs/src/main.rs:372)
245.716380 [INFO ] NMEA $GPGSV,4,4,14,194,,,,195,,,*7D (pico_gnss pico-gnss-rs/src/main.rs:372)
245.774983 [INFO ] NMEA $GLGSV,3,1,09,73,55,146,17,71,47,340,,80,43,050,27,70,40,072,22*64 (pico_gnss pico-gnss-rs/src/main.rs:372)
245.837624 [INFO ] NMEA $GLGSV,3,2,09,86,24,264,,87,21,306,,74,15,183,,72,08,301,*6E (pico_gnss pico-gnss-rs/src/main.rs:372)
245.866960 [INFO ] NMEA $GLGSV,3,3,09,85,01,207,*55 (pico_gnss pico-gnss-rs/src/main.rs:372)
245.954182 [INFO ] NMEA $GNRMC,094238.000,A,0000.0000,N,00000.0000,E,0.07,120.44,080626,,,A*79 (pico_gnss pico-gnss-rs/src/main.rs:372)
245.974711 [INFO ] PPS count=247 interval_us=1000002 interval_ns=1000002416 state=Locked missed=0 (pico_gnss pico-gnss-rs/src/main.rs:161)
245.976224 [INFO ] PPSGEN count=249 interval_ns=1000002432 dev_ns=2432 phase_ns=1582588 (pico_gnss pico-gnss-rs/src/main.rs:246)
245.983978 [INFO ] NMEA $GPVTG,120.44,T,,M,0.07,N,0.12,K,A*3A (pico_gnss pico-gnss-rs/src/main.rs:372)
246.041542 [INFO ] NMEA $GPZDA,094238.000,08,06,2026,,*5A (pico_gnss pico-gnss-rs/src/main.rs:372)
246.067331 [INFO ] NMEA $GPGST,094238.000,7.3,20,12,92.5,12,20,25*70 (pico_gnss pico-gnss-rs/src/main.rs:372)
246.317784 [INFO ] TIME unix_ns=1780911758343193766 ppb=2408 holdover_ms=1343 locked=1 (pico_gnss pico-gnss-rs/src/main.rs:195)
246.330683 [INFO ] NMEA $GPGGA,094239.000,0000.0000,N,00000.0000,E,1,9,1.22,33.2,M,39.0,M,,*6C (pico_gnss pico-gnss-rs/src/main.rs:372)
246.388748 [INFO ] NMEA $GNGLL,0000.0000,N,00000.0000,E,094239.000,A,A*47 (pico_gnss pico-gnss-rs/src/main.rs:372)
246.447182 [INFO ] NMEA $GNGSA,A,3,05,20,22,15,14,23,,,,,,,1.50,1.22,0.87*11 (pico_gnss pico-gnss-rs/src/main.rs:372)
246.476758 [INFO ] NMEA $GNGSA,A,3,70,73,80,,,,,,,,,,1.50,1.22,0.87*1D (pico_gnss pico-gnss-rs/src/main.rs:372)
246.550796 [INFO ] NMEA $GPGSV,4,1,14,24,83,267,,15,61,051,28,23,48,317,16,20,38,070,18*72 (pico_gnss pico-gnss-rs/src/main.rs:372)
246.638199 [INFO ] NMEA $GPGSV,4,2,14,18,36,246,,05,29,141,18,22,17,051,16,12,16,164,14*72 (pico_gnss pico-gnss-rs/src/main.rs:372)
246.696784 [INFO ] NMEA $GPGSV,4,3,14,10,13,317,,14,08,040,16,21,01,136,15,193,,,*7A (pico_gnss pico-gnss-rs/src/main.rs:372)
246.726110 [INFO ] NMEA $GPGSV,4,4,14,194,,,,195,,,*7D (pico_gnss pico-gnss-rs/src/main.rs:372)
246.788780 [INFO ] NMEA $GLGSV,3,1,09,73,55,146,17,71,47,340,,80,43,050,27,70,40,072,22*64 (pico_gnss pico-gnss-rs/src/main.rs:372)
246.876119 [INFO ] NMEA $GLGSV,3,2,09,86,24,264,,87,21,306,,74,15,183,,72,08,301,*6E (pico_gnss pico-gnss-rs/src/main.rs:372)
246.905354 [INFO ] NMEA $GLGSV,3,3,09,85,01,207,*55 (pico_gnss pico-gnss-rs/src/main.rs:372)
246.963905 [INFO ] NMEA $GNRMC,094239.000,A,0000.0000,N,00000.0000,E,0.78,127.79,080626,,,A*7F (pico_gnss pico-gnss-rs/src/main.rs:372)
246.966499 [INFO ] SYNC pps_local_us=245968195 unix_s=1780911759 drift_us=2 err_ns=8 holdover_ms=1000 (pico_gnss pico-gnss-rs/src/main.rs:403)
246.974661 [INFO ] PPS count=248 interval_us=1000002 interval_ns=1000002400 state=Locked missed=0 (pico_gnss pico-gnss-rs/src/main.rs:161)
246.976079 [INFO ] PPSGEN count=250 interval_ns=1000002432 dev_ns=2432 phase_ns=1453589 (pico_gnss pico-gnss-rs/src/main.rs:246)
247.022059 [INFO ] NMEA $GPVTG,127.79,T,,M,0.78,N,1.44,K,A*39 (pico_gnss pico-gnss-rs/src/main.rs:372)
247.055368 [INFO ] NMEA $GPZDA,094239.000,08,06,2026,,*5B (pico_gnss pico-gnss-rs/src/main.rs:372)
247.087158 [INFO ] NMEA $GPGST,094239.000,7.3,20,12,92.1,13,20,25*74 (pico_gnss pico-gnss-rs/src/main.rs:372)
247.281331 [INFO ] NMEA $GPGGA,094240.000,0000.0000,N,00000.0000,E,1,9,1.22,33.1,M,39.0,M,,*65 (pico_gnss pico-gnss-rs/src/main.rs:372)
247.319035 [INFO ] TIME unix_ns=1780911760344390763 ppb=2408 holdover_ms=1344 locked=1 (pico_gnss pico-gnss-rs/src/main.rs:195)
247.340000 [INFO ] NMEA $GNGLL,0000.0000,N,00000.0000,E,094240.000,A,A*4D (pico_gnss pico-gnss-rs/src/main.rs:372)
247.398168 [INFO ] NMEA $GNGSA,A,3,05,20,22,15,14,23,,,,,,,1.50,1.22,0.87*11 (pico_gnss pico-gnss-rs/src/main.rs:372)
247.432826 [INFO ] NMEA $GNGSA,A,3,70,73,80,,,,,,,,,,1.50,1.22,0.87*1D (pico_gnss pico-gnss-rs/src/main.rs:372)
247.520205 [INFO ] NMEA $GPGSV,4,1,14,24,83,267,,15,61,051,28,23,48,317,16,20,38,070,18*72 (pico_gnss pico-gnss-rs/src/main.rs:372)
247.578882 [INFO ] NMEA $GPGSV,4,2,14,18,36,246,,05,29,141,18,22,17,051,16,12,16,164,15*73 (pico_gnss pico-gnss-rs/src/main.rs:372)
247.637410 [INFO ] NMEA $GPGSV,4,3,14,10,13,317,,14,08,040,16,21,01,136,14,193,,,*7B (pico_gnss pico-gnss-rs/src/main.rs:372)
247.695444 [INFO ] NMEA $GPGSV,4,4,14,194,,,,195,,,*7D (pico_gnss pico-gnss-rs/src/main.rs:372)
247.758246 [INFO ] NMEA $GLGSV,3,1,09,73,55,146,17,71,47,340,,80,43,050,27,70,40,072,22*64 (pico_gnss pico-gnss-rs/src/main.rs:372)
247.816809 [INFO ] NMEA $GLGSV,3,2,09,86,24,264,,87,21,306,,74,15,183,,72,08,301,*6E (pico_gnss pico-gnss-rs/src/main.rs:372)
247.846137 [INFO ] NMEA $GLGSV,3,3,09,85,01,207,*55 (pico_gnss pico-gnss-rs/src/main.rs:372)
247.933377 [INFO ] NMEA $GNRMC,094240.000,A,0000.0000,N,00000.0000,E,1.44,60.13,080626,,,A*45 (pico_gnss pico-gnss-rs/src/main.rs:372)
247.935938 [INFO ] SYNC pps_local_us=246968197 unix_s=1780911760 drift_us=2 err_ns=-8 holdover_ms=1000 (pico_gnss pico-gnss-rs/src/main.rs:403)
247.966889 [INFO ] NMEA $GPVTG,60.13,T,,M,1.44,N,2.66,K,A*0A (pico_gnss pico-gnss-rs/src/main.rs:372)
247.974615 [INFO ] PPS count=249 interval_us=1000002 interval_ns=1000002400 state=Locked missed=0 (pico_gnss pico-gnss-rs/src/main.rs:161)
247.976077 [INFO ] PPSGEN count=251 interval_ns=1000002432 dev_ns=2432 phase_ns=1392589 (pico_gnss pico-gnss-rs/src/main.rs:246)
247.996505 [INFO ] NMEA $GPZDA,094240.000,08,06,2026,,*55 (pico_gnss pico-gnss-rs/src/main.rs:372)
248.035679 [INFO ] NMEA $GPGST,094240.000,7.3,20,13,91.8,13,20,26*72 (pico_gnss pico-gnss-rs/src/main.rs:372)
248.320245 [INFO ] TIME unix_ns=1780911761345610760 ppb=2408 holdover_ms=1345 locked=1 (pico_gnss pico-gnss-rs/src/main.rs:195)
248.389224 [INFO ] NMEA $GPGGA,094241.000,0000.0000,N,00000.0000,E,1,9,1.22,33.1,M,39.0,M,,*6E (pico_gnss pico-gnss-rs/src/main.rs:372)
248.447545 [INFO ] NMEA $GNGLL,0000.0000,N,00000.0000,E,094241.000,A,A*46 (pico_gnss pico-gnss-rs/src/main.rs:372)
248.502930 [INFO ] NMEA $GNGSA,A,3,05,20,22,15,14,23,,,,,,,1.50,1.22,0.87*11 (pico_gnss pico-gnss-rs/src/main.rs:372)
248.561221 [INFO ] NMEA $GNGSA,A,3,70,73,80,,,,,,,,,,1.50,1.22,0.87*1D (pico_gnss pico-gnss-rs/src/main.rs:372)
248.619875 [INFO ] NMEA $GPGSV,4,1,14,24,83,267,,15,61,051,28,23,48,317,16,20,38,070,18*72 (pico_gnss pico-gnss-rs/src/main.rs:372)
248.678484 [INFO ] NMEA $GPGSV,4,2,14,18,36,246,,05,29,141,18,22,17,051,16,12,16,164,15*73 (pico_gnss pico-gnss-rs/src/main.rs:372)
248.769928 [INFO ] NMEA $GPGSV,4,3,14,10,13,317,,14,08,040,17,21,01,136,16,193,,,*78 (pico_gnss pico-gnss-rs/src/main.rs:372)
248.799272 [INFO ] NMEA $GPGSV,4,4,14,194,,,,195,,,*7D (pico_gnss pico-gnss-rs/src/main.rs:372)
248.857868 [INFO ] NMEA $GLGSV,3,1,09,73,55,146,17,71,47,340,,80,43,050,27,70,40,072,22*64 (pico_gnss pico-gnss-rs/src/main.rs:372)
248.916287 [INFO ] NMEA $GLGSV,3,2,09,86,24,264,,87,21,306,,74,15,183,,72,08,301,*6E (pico_gnss pico-gnss-rs/src/main.rs:372)
248.945564 [INFO ] NMEA $GLGSV,3,3,09,85,01,207,*55 (pico_gnss pico-gnss-rs/src/main.rs:372)
248.974887 [INFO ] PPSGEN count=252 interval_ns=998649008 dev_ns=-1350992 phase_ns=120184 (pico_gnss pico-gnss-rs/src/main.rs:246)
248.976042 [INFO ] PPS count=250 interval_us=1000002 interval_ns=1000002400 state=Locked missed=0 (pico_gnss pico-gnss-rs/src/main.rs:161)
249.036948 [INFO ] NMEA $GNRMC,094241.000,A,0000.0000,N,00000.0000,E,1.18,120.00,080626,,,A*70 (pico_gnss pico-gnss-rs/src/main.rs:372)
249.039541 [INFO ] SYNC pps_local_us=248968202 unix_s=1780911761 drift_us=2 err_ns=-15 holdover_ms=2001 (pico_gnss pico-gnss-rs/src/main.rs:403)
249.066618 [INFO ] NMEA $GPVTG,120.00,T,,M,1.18,N,2.19,K,A*3C (pico_gnss pico-gnss-rs/src/main.rs:372)
249.095666 [INFO ] NMEA $GPZDA,094241.000,08,06,2026,,*54 (pico_gnss pico-gnss-rs/src/main.rs:372)
249.145571 [INFO ] NMEA $GPGST,094241.000,7.3,21,13,91.1,13,21,26*7A (pico_gnss pico-gnss-rs/src/main.rs:372)
249.321481 [INFO ] TIME unix_ns=1780911761345374169 ppb=2408 holdover_ms=345 locked=1 (pico_gnss pico-gnss-rs/src/main.rs:195)
249.338793 [INFO ] NMEA $GPGGA,094242.000,0000.0000,N,00000.0000,E,1,9,1.22,33.1,M,39.0,M,,*6A (pico_gnss pico-gnss-rs/src/main.rs:372)
249.396800 [INFO ] NMEA $GNGLL,0000.0000,N,00000.0000,E,094242.000,A,A*42 (pico_gnss pico-gnss-rs/src/main.rs:372)
249.441888 [INFO ] NMEA $GNGSA,A,3,05,20,22,15,14,23,,,,,,,1.50,1.22,0.87*11 (pico_gnss pico-gnss-rs/src/main.rs:372)
249.500181 [INFO ] NMEA $GNGSA,A,3,70,73,80,,,,,,,,,,1.50,1.22,0.87*1D (pico_gnss pico-gnss-rs/src/main.rs:372)
249.558862 [INFO ] NMEA $GPGSV,4,1,14,24,83,267,,15,61,051,28,23,48,317,16,20,38,070,18*72 (pico_gnss pico-gnss-rs/src/main.rs:372)
249.646260 [INFO ] NMEA $GPGSV,4,2,14,18,36,246,,05,29,141,19,22,17,051,16,12,16,164,15*72 (pico_gnss pico-gnss-rs/src/main.rs:372)
249.708925 [INFO ] NMEA $GPGSV,4,3,14,10,13,317,,14,08,040,17,21,01,136,16,193,,,*78 (pico_gnss pico-gnss-rs/src/main.rs:372)
249.738316 [INFO ] NMEA $GPGSV,4,4,14,194,,,,195,,,*7D (pico_gnss pico-gnss-rs/src/main.rs:372)
249.796864 [INFO ] NMEA $GLGSV,3,1,09,73,55,146,17,71,47,340,,80,43,050,27,70,40,072,23*65 (pico_gnss pico-gnss-rs/src/main.rs:372)
249.884161 [INFO ] NMEA $GLGSV,3,2,09,86,24,264,,87,21,306,,74,15,183,,72,08,301,*6E (pico_gnss pico-gnss-rs/src/main.rs:372)
249.913400 [INFO ] NMEA $GLGSV,3,3,09,85,01,207,*55 (pico_gnss pico-gnss-rs/src/main.rs:372)
249.974649 [INFO ] PPS count=251 interval_us=1000002 interval_ns=1000002416 state=Locked missed=0 (pico_gnss pico-gnss-rs/src/main.rs:161)
249.975987 [INFO ] PPSGEN count=253 interval_ns=1000002432 dev_ns=2432 phase_ns=-158407 (pico_gnss pico-gnss-rs/src/main.rs:246)
249.977873 [INFO ] NMEA $GNRMC,094242.000,A,0000.0000,N,00000.0000,E,2.35,130.57,080626,,,A*7B (pico_gnss pico-gnss-rs/src/main.rs:372)
249.980405 [INFO ] SYNC pps_local_us=249968205 unix_s=1780911762 drift_us=2 err_ns=9 holdover_ms=998 (pico_gnss pico-gnss-rs/src/main.rs:403)
250.006753 [INFO ] NMEA $GPVTG,130.57,T,,M,2.35,N,4.35,K,A*3B (pico_gnss pico-gnss-rs/src/main.rs:372)
250.064472 [INFO ] NMEA $GPZDA,094242.000,08,06,2026,,*57 (pico_gnss pico-gnss-rs/src/main.rs:372)
250.095209 [INFO ] NMEA $GPGST,094242.000,7.3,20,13,90.9,13,20,26*70 (pico_gnss pico-gnss-rs/src/main.rs:372)
250.290348 [INFO ] NMEA $GPGGA,094243.000,0000.0000,N,00000.0000,E,1,9,1.22,33.1,M,39.0,M,,*67 (pico_gnss pico-gnss-rs/src/main.rs:372)
250.322724 [INFO ] TIME unix_ns=1780911762348091162 ppb=2408 holdover_ms=348 locked=1 (pico_gnss pico-gnss-rs/src/main.rs:195)
250.353931 [INFO ] NMEA $GNGLL,0000.0000,N,00000.0000,E,094243.000,A,A*4F (pico_gnss pico-gnss-rs/src/main.rs:372)
250.412274 [INFO ] NMEA $GNGSA,A,3,05,20,22,15,14,23,,,,,,,1.50,1.22,0.87*11 (pico_gnss pico-gnss-rs/src/main.rs:372)
250.441893 [INFO ] NMEA $GNGSA,A,3,70,73,80,,,,,,,,,,1.50,1.22,0.87*1D (pico_gnss pico-gnss-rs/src/main.rs:372)
250.529297 [INFO ] NMEA $GPGSV,4,1,14,24,83,267,,15,61,051,28,23,48,317,16,20,38,070,19*73 (pico_gnss pico-gnss-rs/src/main.rs:372)
250.592049 [INFO ] NMEA $GPGSV,4,2,14,18,36,246,,05,29,141,18,22,17,051,16,12,16,164,15*73 (pico_gnss pico-gnss-rs/src/main.rs:372)
250.650583 [INFO ] NMEA $GPGSV,4,3,14,10,13,317,,14,08,040,17,21,01,136,16,193,,,*78 (pico_gnss pico-gnss-rs/src/main.rs:372)
250.679955 [INFO ] NMEA $GPGSV,4,4,14,194,,,,195,,,*7D (pico_gnss pico-gnss-rs/src/main.rs:372)
250.767292 [INFO ] NMEA $GLGSV,3,1,09,73,55,146,17,71,47,340,,80,43,050,26,70,40,072,23*64 (pico_gnss pico-gnss-rs/src/main.rs:372)
250.825872 [INFO ] NMEA $GLGSV,3,2,09,86,24,264,,87,21,306,,74,15,183,,72,08,301,*6E (pico_gnss pico-gnss-rs/src/main.rs:372)
250.859258 [INFO ] NMEA $GLGSV,3,3,09,85,01,207,*55 (pico_gnss pico-gnss-rs/src/main.rs:372)
250.917831 [INFO ] NMEA $GNRMC,094243.000,A,0000.0000,N,00000.0000,E,1.31,118.20,080626,,,A*7B (pico_gnss pico-gnss-rs/src/main.rs:372)
250.974722 [INFO ] PPS count=252 interval_us=1000002 interval_ns=1000002400 state=Locked missed=0 (pico_gnss pico-gnss-rs/src/main.rs:161)
250.976096 [INFO ] PPSGEN count=254 interval_ns=1000002432 dev_ns=2432 phase_ns=1393589 (pico_gnss pico-gnss-rs/src/main.rs:246)
250.977851 [INFO ] NMEA $GPVTG,118.20,T,,M,1.31,N,2.42,K,A*30 (pico_gnss pico-gnss-rs/src/main.rs:372)
251.006378 [INFO ] NMEA $GPZDA,094243.000,08,06,2026,,*56 (pico_gnss pico-gnss-rs/src/main.rs:372)
251.046846 [INFO ] NMEA $GPGST,094243.000,7.3,19,12,93.1,12,19,22*7E (pico_gnss pico-gnss-rs/src/main.rs:372)
251.243191 [INFO ] NMEA $GPGGA,094244.000,0000.0000,N,00000.0000,E,1,9,1.22,33.1,M,39.0,M,,*62 (pico_gnss pico-gnss-rs/src/main.rs:372)
251.301567 [INFO ] NMEA $GNGLL,0000.0000,N,00000.0000,E,094244.000,A,A*4A (pico_gnss pico-gnss-rs/src/main.rs:372)
251.323920 [INFO ] TIME unix_ns=1780911763349313752 ppb=2408 holdover_ms=1349 locked=1 (pico_gnss pico-gnss-rs/src/main.rs:195)
251.360049 [INFO ] NMEA $GNGSA,A,3,05,20,22,15,14,23,,,,,,,1.50,1.22,0.87*11 (pico_gnss pico-gnss-rs/src/main.rs:372)
251.418340 [INFO ] NMEA $GNGSA,A,3,70,73,80,,,,,,,,,,1.50,1.22,0.87*1D (pico_gnss pico-gnss-rs/src/main.rs:372)
251.476951 [INFO ] NMEA $GPGSV,4,1,14,24,83,267,,15,61,051,28,23,48,317,15,20,38,070,18*71 (pico_gnss pico-gnss-rs/src/main.rs:372)
251.539736 [INFO ] NMEA $GPGSV,4,2,14,18,36,246,,05,29,141,18,22,17,051,16,12,16,164,15*73 (pico_gnss pico-gnss-rs/src/main.rs:372)
251.627066 [INFO ] NMEA $GPGSV,4,3,14,10,13,317,,14,08,040,17,21,01,136,13,193,,,*7D (pico_gnss pico-gnss-rs/src/main.rs:372)
251.656443 [INFO ] NMEA $GPGSV,4,4,14,194,,,,195,,,*7D (pico_gnss pico-gnss-rs/src/main.rs:372)
251.715026 [INFO ] NMEA $GLGSV,3,1,09,73,55,146,17,71,47,340,,80,43,050,26,70,40,072,23*64 (pico_gnss pico-gnss-rs/src/main.rs:372)
251.777639 [INFO ] NMEA $GLGSV,3,2,09,86,24,264,,87,21,306,,74,15,183,,72,08,301,*6E (pico_gnss pico-gnss-rs/src/main.rs:372)
251.806968 [INFO ] NMEA $GLGSV,3,3,09,85,01,207,*55 (pico_gnss pico-gnss-rs/src/main.rs:372)
251.894321 [INFO ] NMEA $GNRMC,094244.000,A,0000.0000,N,00000.0000,E,0.64,94.08,080626,,,A*40 (pico_gnss pico-gnss-rs/src/main.rs:372)
251.896882 [INFO ] SYNC pps_local_us=250968207 unix_s=1780911764 drift_us=2 err_ns=-7 holdover_ms=999 (pico_gnss pico-gnss-rs/src/main.rs:403)
251.924025 [INFO ] NMEA $GPVTG,94.08,T,,M,0.64,N,1.18,K,A*02 (pico_gnss pico-gnss-rs/src/main.rs:372)
251.953077 [INFO ] NMEA $GPZDA,094244.000,08,06,2026,,*51 (pico_gnss pico-gnss-rs/src/main.rs:372)
251.974638 [INFO ] PPS count=253 interval_us=1000002 interval_ns=1000002400 state=Locked missed=0 (pico_gnss pico-gnss-rs/src/main.rs:161)
251.975987 [INFO ] PPSGEN count=255 interval_ns=1000002432 dev_ns=2432 phase_ns=1274590 (pico_gnss pico-gnss-rs/src/main.rs:246)
252.003091 [INFO ] NMEA $GPGST,094244.000,7.3,19,12,93.4,12,19,23*7D (pico_gnss pico-gnss-rs/src/main.rs:372)
252.252020 [INFO ] NMEA $GPGGA,094245.000,0000.0000,N,00000.0000,E,1,9,1.22,33.1,M,39.0,M,,*66 (pico_gnss pico-gnss-rs/src/main.rs:372)
252.310383 [INFO ] NMEA $GNGLL,0000.0000,N,00000.0000,E,094245.000,A,A*4E (pico_gnss pico-gnss-rs/src/main.rs:372)
252.325107 [INFO ] TIME unix_ns=1780911765350503749 ppb=2407 holdover_ms=1350 locked=1 (pico_gnss pico-gnss-rs/src/main.rs:195)
252.368892 [INFO ] NMEA $GNGSA,A,3,05,20,22,15,14,23,,,,,,,1.50,1.22,0.87*11 (pico_gnss pico-gnss-rs/src/main.rs:372)
252.427141 [INFO ] NMEA $GNGSA,A,3,70,73,80,,,,,,,,,,1.50,1.22,0.87*1D (pico_gnss pico-gnss-rs/src/main.rs:372)
252.489881 [INFO ] NMEA $GPGSV,4,1,14,24,83,267,,15,61,051,28,23,48,317,15,20,38,070,18*71 (pico_gnss pico-gnss-rs/src/main.rs:372)
252.577298 [INFO ] NMEA $GPGSV,4,2,14,18,36,246,,05,29,141,18,22,17,051,15,12,16,164,16*73 (pico_gnss pico-gnss-rs/src/main.rs:372)
252.635900 [INFO ] NMEA $GPGSV,4,3,14,10,13,317,,14,08,040,17,21,01,136,15,193,,,*7B (pico_gnss pico-gnss-rs/src/main.rs:372)
252.665257 [INFO ] NMEA $GPGSV,4,4,14,194,,,,195,,,*7D (pico_gnss pico-gnss-rs/src/main.rs:372)
252.723804 [INFO ] NMEA $GLGSV,3,1,09,73,55,146,17,71,47,340,,80,43,050,26,70,40,072,23*64 (pico_gnss pico-gnss-rs/src/main.rs:372)
252.815234 [INFO ] NMEA $GLGSV,3,2,09,86,24,264,,87,21,306,,74,15,183,,72,08,301,*6E (pico_gnss pico-gnss-rs/src/main.rs:372)
252.844545 [INFO ] NMEA $GLGSV,3,3,09,85,01,207,*55 (pico_gnss pico-gnss-rs/src/main.rs:372)
252.903146 [INFO ] NMEA $GNRMC,094245.000,A,0000.0000,N,00000.0000,E,0.65,273.69,080626,,,A*79 (pico_gnss pico-gnss-rs/src/main.rs:372)
252.905721 [INFO ] SYNC pps_local_us=251968209 unix_s=1780911765 drift_us=2 err_ns=-7 holdover_ms=1000 (pico_gnss pico-gnss-rs/src/main.rs:403)
252.961248 [INFO ] NMEA $GPVTG,273.69,T,,M,0.65,N,1.20,K,A*34 (pico_gnss pico-gnss-rs/src/main.rs:372)
252.974665 [INFO ] PPS count=254 interval_us=1000002 interval_ns=1000002416 state=Locked missed=0 (pico_gnss pico-gnss-rs/src/main.rs:161)
252.975952 [INFO ] PPSGEN count=256 interval_ns=1000002432 dev_ns=2432 phase_ns=1299590 (pico_gnss pico-gnss-rs/src/main.rs:246)
252.990885 [INFO ] NMEA $GPZDA,094245.000,08,06,2026,,*50 (pico_gnss pico-gnss-rs/src/main.rs:372)
253.022610 [INFO ] NMEA $GPGST,094245.000,7.3,20,12,93.5,12,20,24*7A (pico_gnss pico-gnss-rs/src/main.rs:372)
253.326313 [INFO ] TIME unix_ns=1780911766351680746 ppb=2408 holdover_ms=1351 locked=1 (pico_gnss pico-gnss-rs/src/main.rs:195)
253.379568 [INFO ] NMEA $GPGGA,094246.000,0000.0000,N,00000.0000,E,1,9,1.22,33.1,M,39.0,M,,*66 (pico_gnss pico-gnss-rs/src/main.rs:372)
253.437856 [INFO ] NMEA $GNGLL,0000.0000,N,00000.0000,E,094246.000,A,A*4E (pico_gnss pico-gnss-rs/src/main.rs:372)
253.496302 [INFO ] NMEA $GNGSA,A,3,05,20,22,15,14,23,,,,,,,1.50,1.22,0.87*11 (pico_gnss pico-gnss-rs/src/main.rs:372)
253.525877 [INFO ] NMEA $GNGSA,A,3,70,73,80,,,,,,,,,,1.50,1.22,0.87*1D (pico_gnss pico-gnss-rs/src/main.rs:372)
253.622478 [INFO ] NMEA $GPGSV,4,1,14,24,83,267,,15,61,051,28,23,48,317,16,20,38,070,18*72 (pico_gnss pico-gnss-rs/src/main.rs:372)
253.681154 [INFO ] NMEA $GPGSV,4,2,14,18,36,246,,05,29,141,18,22,17,051,15,12,16,164,16*73 (pico_gnss pico-gnss-rs/src/main.rs:372)
253.739686 [INFO ] NMEA $GPGSV,4,3,14,10,13,317,,14,08,040,17,21,01,136,15,193,,,*7B (pico_gnss pico-gnss-rs/src/main.rs:372)
253.769054 [INFO ] NMEA $GPGSV,4,4,14,194,,,,195,,,*7D (pico_gnss pico-gnss-rs/src/main.rs:372)
253.860509 [INFO ] NMEA $GLGSV,3,1,09,73,55,146,17,71,47,340,,80,43,050,26,70,40,072,23*64 (pico_gnss pico-gnss-rs/src/main.rs:372)
253.918950 [INFO ] NMEA $GLGSV,3,2,09,86,24,264,,87,21,306,,74,15,183,,72,08,301,*6E (pico_gnss pico-gnss-rs/src/main.rs:372)
253.948218 [INFO ] NMEA $GLGSV,3,3,09,85,01,207,*55 (pico_gnss pico-gnss-rs/src/main.rs:372)
253.974636 [INFO ] PPS count=255 interval_us=1000002 interval_ns=1000002400 state=Locked missed=0 (pico_gnss pico-gnss-rs/src/main.rs:161)
253.975936 [INFO ] PPSGEN count=257 interval_ns=1000002432 dev_ns=2432 phase_ns=1255183 (pico_gnss pico-gnss-rs/src/main.rs:246)
254.006824 [INFO ] NMEA $GNRMC,094246.000,A,0000.0000,N,00000.0000,E,0.64,139.93,080626,,,A*70 (pico_gnss pico-gnss-rs/src/main.rs:372)
254.009383 [INFO ] SYNC pps_local_us=253968214 unix_s=1780911766 drift_us=2 err_ns=2 holdover_ms=1999 (pico_gnss pico-gnss-rs/src/main.rs:403)
254.064881 [INFO ] NMEA $GPVTG,139.93,T,,M,0.64,N,1.19,K,A*37 (pico_gnss pico-gnss-rs/src/main.rs:372)
254.098214 [INFO ] NMEA $GPZDA,094246.000,08,06,2026,,*53 (pico_gnss pico-gnss-rs/src/main.rs:372)
254.135680 [INFO ] NMEA $GPGST,094246.000,7.3,20,12,93.2,12,20,25*7F (pico_gnss pico-gnss-rs/src/main.rs:372)
254.327554 [INFO ] TIME unix_ns=1780911766352900151 ppb=2407 holdover_ms=352 locked=1 (pico_gnss pico-gnss-rs/src/main.rs:195)
254.329692 [INFO ] NMEA $GPGGA,094247.000,0000.0000,N,00000.0000,E,1,9,1.22,33.2,M,39.0,M,,*65 (pico_gnss pico-gnss-rs/src/main.rs:372)
254.387781 [INFO ] NMEA $GNGLL,0000.0000,N,00000.0000,E,094247.000,A,A*4E (pico_gnss pico-gnss-rs/src/main.rs:372)
254.446229 [INFO ] NMEA $GNGSA,A,3,05,20,22,15,14,23,,,,,,,1.50,1.22,0.87*11 (pico_gnss pico-gnss-rs/src/main.rs:372)
254.503454 [INFO ] NMEA $GNGSA,A,3,70,73,80,,,,,,,,,,1.50,1.22,0.87*1D (pico_gnss pico-gnss-rs/src/main.rs:372)
254.562130 [INFO ] NMEA $GPGSV,4,1,14,24,83,267,,15,61,051,28,23,48,317,16,20,38,070,18*72 (pico_gnss pico-gnss-rs/src/main.rs:372)
254.620739 [INFO ] NMEA $GPGSV,4,2,14,18,36,246,,05,29,141,18,22,17,051,15,12,16,164,16*73 (pico_gnss pico-gnss-rs/src/main.rs:372)
254.708060 [INFO ] NMEA $GPGSV,4,3,14,10,13,317,,14,08,040,17,21,01,136,15,193,,,*7B (pico_gnss pico-gnss-rs/src/main.rs:372)
254.741484 [INFO ] NMEA $GPGSV,4,4,14,194,,,,195,,,*7D (pico_gnss pico-gnss-rs/src/main.rs:372)
254.800136 [INFO ] NMEA $GLGSV,3,1,09,73,55,146,17,71,47,340,,80,43,050,26,70,40,072,23*64 (pico_gnss pico-gnss-rs/src/main.rs:372)
254.858691 [INFO ] NMEA $GLGSV,3,2,09,86,24,264,,87,21,306,,74,15,183,,72,08,301,*6E (pico_gnss pico-gnss-rs/src/main.rs:372)
254.887955 [INFO ] NMEA $GLGSV,3,3,09,85,01,207,*55 (pico_gnss pico-gnss-rs/src/main.rs:372)
254.974655 [INFO ] PPS count=256 interval_us=1000002 interval_ns=1000002400 state=Locked missed=0 (pico_gnss pico-gnss-rs/src/main.rs:161)
254.975983 [INFO ] PPSGEN count=258 interval_ns=1000002432 dev_ns=2432 phase_ns=1303590 (pico_gnss pico-gnss-rs/src/main.rs:246)
254.977707 [INFO ] NMEA $GNRMC,094247.000,A,0000.0000,N,00000.0000,E,0.41,139.93,080626,,,A*77 (pico_gnss pico-gnss-rs/src/main.rs:372)
254.980254 [INFO ] SYNC pps_local_us=254968217 unix_s=1780911767 drift_us=2 err_ns=-7 holdover_ms=999 (pico_gnss pico-gnss-rs/src/main.rs:403)
255.008723 [INFO ] NMEA $GPVTG,139.93,T,,M,0.41,N,0.76,K,A*38 (pico_gnss pico-gnss-rs/src/main.rs:372)
255.038015 [INFO ] NMEA $GPZDA,094247.000,08,06,2026,,*52 (pico_gnss pico-gnss-rs/src/main.rs:372)
255.085867 [INFO ] NMEA $GPGST,094247.000,7.3,21,13,92.6,13,21,26*78 (pico_gnss pico-gnss-rs/src/main.rs:372)
255.282240 [INFO ] NMEA $GPGGA,094248.000,0000.0000,N,00000.0000,E,1,9,1.22,33.3,M,39.0,M,,*6C (pico_gnss pico-gnss-rs/src/main.rs:372)
255.328806 [INFO ] TIME unix_ns=1780911767354167148 ppb=2407 holdover_ms=354 locked=1 (pico_gnss pico-gnss-rs/src/main.rs:195)
255.340862 [INFO ] NMEA $GNGLL,0000.0000,N,00000.0000,E,094248.000,A,A*46 (pico_gnss pico-gnss-rs/src/main.rs:372)
255.387715 [INFO ] NMEA $GNGSA,A,3,05,20,22,15,14,23,,,,,,,1.50,1.22,0.87*11 (pico_gnss pico-gnss-rs/src/main.rs:372)
255.446051 [INFO ] NMEA $GNGSA,A,3,70,73,80,,,,,,,,,,1.50,1.22,0.87*1D (pico_gnss pico-gnss-rs/src/main.rs:372)
255.504676 [INFO ] NMEA $GPGSV,4,1,14,24,83,267,,15,61,051,28,23,48,317,16,20,38,070,18*72 (pico_gnss pico-gnss-rs/src/main.rs:372)
255.592071 [INFO ] NMEA $GPGSV,4,2,14,18,36,246,,05,29,141,18,22,17,051,15,12,16,164,15*70 (pico_gnss pico-gnss-rs/src/main.rs:372)
255.654732 [INFO ] NMEA $GPGSV,4,3,14,10,13,317,,14,08,040,17,21,01,136,16,193,,,*78 (pico_gnss pico-gnss-rs/src/main.rs:372)
255.684111 [INFO ] NMEA $GPGSV,4,4,14,194,,,,195,,,*7D (pico_gnss pico-gnss-rs/src/main.rs:372)
255.742680 [INFO ] NMEA $GLGSV,3,1,09,73,55,146,17,71,47,340,,80,43,050,26,70,40,072,23*64 (pico_gnss pico-gnss-rs/src/main.rs:372)
255.830010 [INFO ] NMEA $GLGSV,3,2,09,86,24,264,,87,21,306,,74,15,183,,72,08,301,*6E (pico_gnss pico-gnss-rs/src/main.rs:372)
255.859306 [INFO ] NMEA $GLGSV,3,3,09,85,01,207,*55 (pico_gnss pico-gnss-rs/src/main.rs:372)
255.921957 [INFO ] NMEA $GNRMC,094248.000,A,0000.0000,N,00000.0000,E,0.49,139.93,080626,,,A*77 (pico_gnss pico-gnss-rs/src/main.rs:372)
255.951565 [INFO ] NMEA $GPVTG,139.93,T,,M,0.49,N,0.91,K,A*39 (pico_gnss pico-gnss-rs/src/main.rs:372)
255.974664 [INFO ] PPS count=257 interval_us=1000002 interval_ns=1000002416 state=Locked missed=0 (pico_gnss pico-gnss-rs/src/main.rs:161)
255.976009 [INFO ] PPSGEN count=259 interval_ns=1000002432 dev_ns=2432 phase_ns=1327590 (pico_gnss pico-gnss-rs/src/main.rs:246)
256.009425 [INFO ] NMEA $GPZDA,094248.000,08,06,2026,,*5D (pico_gnss pico-gnss-rs/src/main.rs:372)
256.039056 [INFO ] NMEA $GPGST,094248.000,7.4,21,13,92.7,13,21,27*70 (pico_gnss pico-gnss-rs/src/main.rs:372)
256.330047 [INFO ] TIME unix_ns=1780911768355399737 ppb=2407 holdover_ms=1355 locked=1 (pico_gnss pico-gnss-rs/src/main.rs:195)
256.386466 [INFO ] NMEA $GPGGA,094249.000,0000.0000,N,00000.0000,E,1,9,1.22,33.4,M,39.0,M,,*6B (pico_gnss pico-gnss-rs/src/main.rs:372)
256.451932 [INFO ] NMEA $GNGLL,0000.0000,N,00000.0000,E,094249.000,A,A*46 (pico_gnss pico-gnss-rs/src/main.rs:372)
256.510349 [INFO ] NMEA $GNGSA,A,3,05,20,22,15,14,23,,,,,,,1.50,1.22,0.87*11 (pico_gnss pico-gnss-rs/src/main.rs:372)
256.539980 [INFO ] NMEA $GNGSA,A,3,70,73,80,,,,,,,,,,1.50,1.22,0.87*1D (pico_gnss pico-gnss-rs/src/main.rs:372)
256.627297 [INFO ] NMEA $GPGSV,4,1,14,24,83,267,,15,61,051,28,23,48,317,16,20,38,070,18*72 (pico_gnss pico-gnss-rs/src/main.rs:372)
256.685965 [INFO ] NMEA $GPGSV,4,2,14,18,36,246,,05,29,141,18,22,17,051,15,12,16,164,15*70 (pico_gnss pico-gnss-rs/src/main.rs:372)
256.748613 [INFO ] NMEA $GPGSV,4,3,14,10,13,317,,14,08,040,17,21,01,136,15,193,,,*7B (pico_gnss pico-gnss-rs/src/main.rs:372)
256.777986 [INFO ] NMEA $GPGSV,4,4,14,194,,,,195,,,*7D (pico_gnss pico-gnss-rs/src/main.rs:372)
256.865328 [INFO ] NMEA $GLGSV,3,1,09,73,55,146,16,71,47,340,,80,43,050,26,70,40,072,24*62 (pico_gnss pico-gnss-rs/src/main.rs:372)
256.923769 [INFO ] NMEA $GLGSV,3,2,09,86,24,264,,87,21,306,,74,15,183,,72,08,301,*6E (pico_gnss pico-gnss-rs/src/main.rs:372)
256.953018 [INFO ] NMEA $GLGSV,3,3,09,85,01,207,*55 (pico_gnss pico-gnss-rs/src/main.rs:372)
256.973732 [INFO ] PPSGEN count=260 interval_ns=998980672 dev_ns=-1019328 phase_ns=-982812 (pico_gnss pico-gnss-rs/src/main.rs:246)
256.975147 [INFO ] PPS count=258 interval_us=1000002 interval_ns=1000002416 state=Locked missed=0 (pico_gnss pico-gnss-rs/src/main.rs:161)
257.015648 [INFO ] NMEA $GNRMC,094249.000,A,0000.0000,N,00000.0000,E,0.41,139.93,080626,,,A*7F (pico_gnss pico-gnss-rs/src/main.rs:372)
257.018253 [INFO ] SYNC pps_local_us=256968221 unix_s=1780911769 drift_us=2 err_ns=17 holdover_ms=2000 (pico_gnss pico-gnss-rs/src/main.rs:403)
257.073778 [INFO ] NMEA $GPVTG,139.93,T,,M,0.41,N,0.75,K,A*3B (pico_gnss pico-gnss-rs/src/main.rs:372)
257.103084 [INFO ] NMEA $GPZDA,094249.000,08,06,2026,,*5C (pico_gnss pico-gnss-rs/src/main.rs:372)
257.142554 [INFO ] NMEA $GPGST,094249.000,7.4,21,13,91.6,13,21,26*72 (pico_gnss pico-gnss-rs/src/main.rs:372)
257.331307 [INFO ] TIME unix_ns=1780911769356106143 ppb=2408 holdover_ms=356 locked=1 (pico_gnss pico-gnss-rs/src/main.rs:195)
257.354543 [INFO ] NMEA $GPGGA,094250.000,0000.0000,N,00000.0000,E,1,9,1.22,33.4,M,39.0,M,,*6F (pico_gnss pico-gnss-rs/src/main.rs:372)
257.409538 [INFO ] NMEA $GNGLL,0000.0000,N,00000.0000,E,094250.000,A,A*42 (pico_gnss pico-gnss-rs/src/main.rs:372)
257.467974 [INFO ] NMEA $GNGSA,A,3,05,20,22,15,14,23,,,,,,,1.50,1.22,0.87*11 (pico_gnss pico-gnss-rs/src/main.rs:372)
257.526272 [INFO ] NMEA $GNGSA,A,3,70,73,80,,,,,,,,,,1.50,1.22,0.87*1D (pico_gnss pico-gnss-rs/src/main.rs:372)
257.584950 [INFO ] NMEA $GPGSV,4,1,14,24,83,267,,15,61,051,28,23,48,317,16,20,38,070,18*72 (pico_gnss pico-gnss-rs/src/main.rs:372)
257.647640 [INFO ] NMEA $GPGSV,4,2,14,18,36,246,,05,29,141,18,22,17,051,15,12,16,164,15*70 (pico_gnss pico-gnss-rs/src/main.rs:372)
257.734980 [INFO ] NMEA $GPGSV,4,3,14,10,13,317,,14,08,040,17,21,01,136,14,193,,,*7A (pico_gnss pico-gnss-rs/src/main.rs:372)
257.764340 [INFO ] NMEA $GPGSV,4,4,14,194,,,,195,,,*7D (pico_gnss pico-gnss-rs/src/main.rs:372)
257.822956 [INFO ] NMEA $GLGSV,3,1,09,73,55,146,16,71,47,340,,80,43,050,26,70,40,072,24*62 (pico_gnss pico-gnss-rs/src/main.rs:372)
257.881423 [INFO ] NMEA $GLGSV,3,2,09,86,24,264,,87,21,306,,74,15,183,,72,08,301,*6E (pico_gnss pico-gnss-rs/src/main.rs:372)
257.914739 [INFO ] NMEA $GLGSV,3,3,09,85,01,207,*55 (pico_gnss pico-gnss-rs/src/main.rs:372)
257.973765 [INFO ] PPSGEN count=261 interval_ns=1000002432 dev_ns=2432 phase_ns=-1529404 (pico_gnss pico-gnss-rs/src/main.rs:246)
257.975151 [INFO ] PPS count=259 interval_us=1000002 interval_ns=1000002400 state=Locked missed=0 (pico_gnss pico-gnss-rs/src/main.rs:161)
258.002253 [INFO ] NMEA $GNRMC,094250.000,A,0000.0000,N,00000.0000,E,0.89,50.42,080626,,,A*4D (pico_gnss pico-gnss-rs/src/main.rs:372)
258.004809 [INFO ] SYNC pps_local_us=257968224 unix_s=1780911770 drift_us=2 err_ns=-7 holdover_ms=1000 (pico_gnss pico-gnss-rs/src/main.rs:403)
258.031693 [INFO ] NMEA $GPVTG,50.42,T,,M,0.89,N,1.65,K,A*0D (pico_gnss pico-gnss-rs/src/main.rs:372)
258.060753 [INFO ] NMEA $GPZDA,094250.000,08,06,2026,,*54 (pico_gnss pico-gnss-rs/src/main.rs:372)
258.108573 [INFO ] NMEA $GPGST,094250.000,7.4,20,13,91.4,13,20,27*79 (pico_gnss pico-gnss-rs/src/main.rs:372)
258.332532 [INFO ] TIME unix_ns=1780911770357347140 ppb=2408 holdover_ms=357 locked=1 (pico_gnss pico-gnss-rs/src/main.rs:195)
258.358101 [INFO ] NMEA $GPGGA,094251.000,0000.0000,N,00000.0000,E,1,9,1.22,33.6,M,39.0,M,,*63 (pico_gnss pico-gnss-rs/src/main.rs:372)
258.416435 [INFO ] NMEA $GNGLL,0000.0000,N,00000.0000,E,094251.000,A,A*4C (pico_gnss pico-gnss-rs/src/main.rs:372)
258.474851 [INFO ] NMEA $GNGSA,A,3,05,20,22,15,14,23,,,,,,,1.50,1.22,0.87*11 (pico_gnss pico-gnss-rs/src/main.rs:372)
258.533187 [INFO ] NMEA $GNGSA,A,3,70,73,80,,,,,,,,,,1.50,1.22,0.87*1D (pico_gnss pico-gnss-rs/src/main.rs:372)
258.591802 [INFO ] NMEA $GPGSV,4,1,14,24,83,267,,15,61,051,28,23,48,317,15,20,38,070,18*71 (pico_gnss pico-gnss-rs/src/main.rs:372)
258.683353 [INFO ] NMEA $GPGSV,4,2,14,18,36,246,,05,29,141,18,22,17,051,15,12,16,164,15*70 (pico_gnss pico-gnss-rs/src/main.rs:372)
258.741907 [INFO ] NMEA $GPGSV,4,3,14,10,13,317,,14,08,040,17,21,01,136,14,193,,,*7A (pico_gnss pico-gnss-rs/src/main.rs:372)
258.771267 [INFO ] NMEA $GPGSV,4,4,14,194,,,,195,,,*7D (pico_gnss pico-gnss-rs/src/main.rs:372)
258.829845 [INFO ] NMEA $GLGSV,3,1,09,73,55,146,15,71,47,340,,80,43,050,26,70,40,072,24*61 (pico_gnss pico-gnss-rs/src/main.rs:372)
258.892494 [INFO ] NMEA $GLGSV,3,2,09,86,24,264,,87,21,306,,74,15,183,,72,08,301,*6E (pico_gnss pico-gnss-rs/src/main.rs:372)
258.921761 [INFO ] NMEA $GLGSV,3,3,09,85,01,207,*55 (pico_gnss pico-gnss-rs/src/main.rs:372)
258.973756 [INFO ] PPSGEN count=262 interval_ns=1000002432 dev_ns=2432 phase_ns=-1550403 (pico_gnss pico-gnss-rs/src/main.rs:246)
258.975150 [INFO ] PPS count=260 interval_us=1000002 interval_ns=1000002400 state=Locked missed=0 (pico_gnss pico-gnss-rs/src/main.rs:161)
259.009084 [INFO ] NMEA $GNRMC,094251.000,A,0000.0000,N,00000.0000,E,1.16,124.45,080626,,,A*71 (pico_gnss pico-gnss-rs/src/main.rs:372)
259.011666 [INFO ] SYNC pps_local_us=258968226 unix_s=1780911771 drift_us=2 err_ns=-7 holdover_ms=999 (pico_gnss pico-gnss-rs/src/main.rs:403)
259.038691 [INFO ] NMEA $GPVTG,124.45,T,,M,1.16,N,2.15,K,A*3B (pico_gnss pico-gnss-rs/src/main.rs:372)
259.096367 [INFO ] NMEA $GPZDA,094251.000,08,06,2026,,*55 (pico_gnss pico-gnss-rs/src/main.rs:372)
259.126065 [INFO ] NMEA $GPGST,094251.000,7.4,20,13,90.7,13,20,26*7B (pico_gnss pico-gnss-rs/src/main.rs:372)
259.322523 [INFO ] NMEA $GPGGA,094252.000,0000.0000,N,00000.0000,E,1,8,1.26,33.7,M,39.0,M,,*63 (pico_gnss pico-gnss-rs/src/main.rs:372)
259.333737 [INFO ] TIME unix_ns=1780911771358598137 ppb=2407 holdover_ms=358 locked=1 (pico_gnss pico-gnss-rs/src/main.rs:195)
259.381005 [INFO ] NMEA $GNGLL,0000.0000,N,00000.0000,E,094252.000,A,A*48 (pico_gnss pico-gnss-rs/src/main.rs:372)
259.439322 [INFO ] NMEA $GNGSA,A,3,05,20,22,15,14,23,,,,,,,1.54,1.26,0.88*1E (pico_gnss pico-gnss-rs/src/main.rs:372)
259.468929 [INFO ] NMEA $GNGSA,A,3,73,80,,,,,,,,,,,1.54,1.26,0.88*15 (pico_gnss pico-gnss-rs/src/main.rs:372)
259.531623 [INFO ] NMEA $GPGSV,4,1,14,24,83,267,,15,61,051,28,23,48,317,15,20,38,070,18*71 (pico_gnss pico-gnss-rs/src/main.rs:372)
259.619027 [INFO ] NMEA $GPGSV,4,2,14,18,36,246,,05,29,141,18,22,17,051,15,12,16,164,16*73 (pico_gnss pico-gnss-rs/src/main.rs:372)
259.677569 [INFO ] NMEA $GPGSV,4,3,14,10,13,317,,14,08,040,17,21,01,136,15,193,,,*7B (pico_gnss pico-gnss-rs/src/main.rs:372)
259.706942 [INFO ] NMEA $GPGSV,4,4,14,194,,,,195,,,*7D (pico_gnss pico-gnss-rs/src/main.rs:372)
259.798409 [INFO ] NMEA $GLGSV,3,1,09,73,55,146,13,71,47,340,,80,43,050,26,70,40,072,25*66 (pico_gnss pico-gnss-rs/src/main.rs:372)
259.856962 [INFO ] NMEA $GLGSV,3,2,09,86,24,264,,87,21,306,,74,15,183,,72,08,301,*6E (pico_gnss pico-gnss-rs/src/main.rs:372)
259.886254 [INFO ] NMEA $GLGSV,3,3,09,85,01,207,*55 (pico_gnss pico-gnss-rs/src/main.rs:372)
259.944766 [INFO ] NMEA $GNRMC,094252.000,A,0000.0000,N,00000.0000,E,1.86,142.50,080626,,,A*78 (pico_gnss pico-gnss-rs/src/main.rs:372)
259.974235 [INFO ] PPSGEN count=263 interval_ns=1000002416 dev_ns=2416 phase_ns=-1164404 (pico_gnss pico-gnss-rs/src/main.rs:246)
259.975676 [INFO ] PPS count=261 interval_us=1000002 interval_ns=1000002400 state=Locked missed=0 (pico_gnss pico-gnss-rs/src/main.rs:161)
260.003048 [INFO ] NMEA $GPVTG,142.50,T,,M,1.86,N,3.45,K,A*32 (pico_gnss pico-gnss-rs/src/main.rs:372)
260.032219 [INFO ] NMEA $GPZDA,094252.000,08,06,2026,,*56 (pico_gnss pico-gnss-rs/src/main.rs:372)
260.065680 [INFO ] NMEA $GPGST,094252.000,7.5,21,13,90.5,13,21,27*7A (pico_gnss pico-gnss-rs/src/main.rs:372)
260.295457 [INFO ] NMEA $GPGGA,094253.000,0000.0000,N,00000.0000,E,1,9,1.22,33.9,M,39.0,M,,*6E (pico_gnss pico-gnss-rs/src/main.rs:372)
260.334968 [INFO ] TIME unix_ns=1780911772359772727 ppb=2407 holdover_ms=1359 locked=1 (pico_gnss pico-gnss-rs/src/main.rs:195)
260.354103 [INFO ] NMEA $GNGLL,0000.0000,N,00000.0000,E,094253.000,A,A*4E (pico_gnss pico-gnss-rs/src/main.rs:372)
260.412275 [INFO ] NMEA $GNGSA,A,3,05,20,22,15,14,23,,,,,,,1.50,1.22,0.87*11 (pico_gnss pico-gnss-rs/src/main.rs:372)
260.441843 [INFO ] NMEA $GNGSA,A,3,70,73,80,,,,,,,,,,1.50,1.22,0.87*1D (pico_gnss pico-gnss-rs/src/main.rs:372)
260.532274 [INFO ] NMEA $GPGSV,4,1,14,24,83,267,,15,61,051,28,23,48,317,15,20,38,070,18*71 (pico_gnss pico-gnss-rs/src/main.rs:372)
260.590897 [INFO ] NMEA $GPGSV,4,2,14,18,36,246,,05,29,141,18,22,17,051,16,12,16,164,16*70 (pico_gnss pico-gnss-rs/src/main.rs:372)
260.649487 [INFO ] NMEA $GPGSV,4,3,14,10,13,317,,14,08,040,17,21,01,136,15,193,,,*7B (pico_gnss pico-gnss-rs/src/main.rs:372)
260.707525 [INFO ] NMEA $GPGSV,4,4,14,194,,,,195,,,*7D (pico_gnss pico-gnss-rs/src/main.rs:372)
260.770291 [INFO ] NMEA $GLGSV,3,1,09,73,55,146,14,71,47,340,,80,43,050,26,70,40,072,25*61 (pico_gnss pico-gnss-rs/src/main.rs:372)
260.828862 [INFO ] NMEA $GLGSV,3,2,09,86,24,264,,87,21,306,,74,15,183,,72,08,301,*6E (pico_gnss pico-gnss-rs/src/main.rs:372)
260.858146 [INFO ] NMEA $GLGSV,3,3,09,85,01,207,*55 (pico_gnss pico-gnss-rs/src/main.rs:372)
260.945432 [INFO ] NMEA $GNRMC,094253.000,A,0000.0000,N,00000.0000,E,1.33,104.89,080626,,,A*76 (pico_gnss pico-gnss-rs/src/main.rs:372)
260.948026 [INFO ] SYNC pps_local_us=259968229 unix_s=1780911773 drift_us=2 err_ns=-7 holdover_ms=1000 (pico_gnss pico-gnss-rs/src/main.rs:403)
260.973753 [INFO ] PPSGEN count=264 interval_ns=1000002432 dev_ns=2432 phase_ns=-1942402 (pico_gnss pico-gnss-rs/src/main.rs:246)
260.975515 [INFO ] PPS count=262 interval_us=1000002 interval_ns=1000002400 state=Locked missed=0 (pico_gnss pico-gnss-rs/src/main.rs:161)
260.977047 [INFO ] NMEA $GPVTG,104.89,T,,M,1.33,N,2.47,K,A*39 (pico_gnss pico-gnss-rs/src/main.rs:372)
261.008162 [INFO ] NMEA $GPZDA,094253.000,08,06,2026,,*57 (pico_gnss pico-gnss-rs/src/main.rs:372)
261.051917 [INFO ] NMEA $GPGST,094253.000,7.5,21,13,90.3,13,21,27*7D (pico_gnss pico-gnss-rs/src/main.rs:372)
261.254301 [INFO ] NMEA $GPGGA,094254.000,0000.0000,N,00000.0000,E,1,8,1.31,34.0,M,39.0,M,,*6D (pico_gnss pico-gnss-rs/src/main.rs:372)
261.312653 [INFO ] NMEA $GNGLL,0000.0000,N,00000.0000,E,094254.000,A,A*40 (pico_gnss pico-gnss-rs/src/main.rs:372)
261.336189 [INFO ] TIME unix_ns=1780911774360519726 ppb=2407 holdover_ms=1360 locked=1 (pico_gnss pico-gnss-rs/src/main.rs:195)
261.371150 [INFO ] NMEA $GNGSA,A,3,05,20,22,15,14,23,,,,,,,1.58,1.31,0.88*14 (pico_gnss pico-gnss-rs/src/main.rs:372)
261.422177 [INFO ] NMEA $GNGSA,A,3,70,80,,,,,,,,,,,1.58,1.31,0.88*1C (pico_gnss pico-gnss-rs/src/main.rs:372)
261.480785 [INFO ] NMEA $GPGSV,4,1,14,24,83,267,,15,61,051,28,23,48,317,14,20,38,070,18*70 (pico_gnss pico-gnss-rs/src/main.rs:372)
261.568217 [INFO ] NMEA $GPGSV,4,2,14,18,36,246,,05,29,141,18,22,17,051,16,12,16,164,16*70 (pico_gnss pico-gnss-rs/src/main.rs:372)
261.626776 [INFO ] NMEA $GPGSV,4,3,14,10,13,317,,14,08,040,17,21,01,136,15,193,,,*7B (pico_gnss pico-gnss-rs/src/main.rs:372)
261.660198 [INFO ] NMEA $GPGSV,4,4,14,194,,,,195,,,*7D (pico_gnss pico-gnss-rs/src/main.rs:372)
261.718847 [INFO ] NMEA $GLGSV,3,1,09,73,55,146,12,71,47,340,,80,43,050,26,70,40,072,25*67 (pico_gnss pico-gnss-rs/src/main.rs:372)
261.777380 [INFO ] NMEA $GLGSV,3,2,09,86,24,264,,87,21,306,,74,15,183,,72,08,301,*6E (pico_gnss pico-gnss-rs/src/main.rs:372)
261.806687 [INFO ] NMEA $GLGSV,3,3,09,85,01,207,*55 (pico_gnss pico-gnss-rs/src/main.rs:372)
261.894050 [INFO ] NMEA $GNRMC,094254.000,A,0000.0000,N,00000.0000,E,2.11,128.97,080626,,,A*7A (pico_gnss pico-gnss-rs/src/main.rs:372)
261.896642 [INFO ] SYNC pps_local_us=260968231 unix_s=1780911774 drift_us=2 err_ns=-6 holdover_ms=999 (pico_gnss pico-gnss-rs/src/main.rs:403)
261.927561 [INFO ] NMEA $GPVTG,128.97,T,,M,2.11,N,3.90,K,A*30 (pico_gnss pico-gnss-rs/src/main.rs:372)
261.956871 [INFO ] NMEA $GPZDA,094254.000,08,06,2026,,*50 (pico_gnss pico-gnss-rs/src/main.rs:372)
261.973722 [INFO ] PPSGEN count=265 interval_ns=1000002416 dev_ns=2416 phase_ns=-1836402 (pico_gnss pico-gnss-rs/src/main.rs:246)
261.975093 [INFO ] PPS count=263 interval_us=1000002 interval_ns=1000002400 state=Locked missed=0 (pico_gnss pico-gnss-rs/src/main.rs:161)
262.008968 [INFO ] NMEA $GPGST,094254.000,7.5,21,13,91.1,13,21,27*79 (pico_gnss pico-gnss-rs/src/main.rs:372)
262.337448 [INFO ] TIME unix_ns=1780911775361899723 ppb=2407 holdover_ms=1361 locked=1 (pico_gnss pico-gnss-rs/src/main.rs:195)
262.361771 [INFO ] NMEA $GPGGA,094255.000,0000.0000,N,00000.0000,E,1,8,1.31,34.4,M,39.0,M,,*62 (pico_gnss pico-gnss-rs/src/main.rs:372)
262.419807 [INFO ] NMEA $GNGLL,0000.0000,N,00000.0000,E,094255.000,A,A*4B (pico_gnss pico-gnss-rs/src/main.rs:372)
262.462821 [INFO ] NMEA $GNGSA,A,3,05,20,22,15,14,23,,,,,,,1.58,1.31,0.88*14 (pico_gnss pico-gnss-rs/src/main.rs:372)
262.521074 [INFO ] NMEA $GNGSA,A,3,70,80,,,,,,,,,,,1.58,1.31,0.88*1C (pico_gnss pico-gnss-rs/src/main.rs:372)
262.579753 [INFO ] NMEA $GPGSV,4,1,14,24,83,267,,15,61,051,28,23,48,317,14,20,38,070,18*70 (pico_gnss pico-gnss-rs/src/main.rs:372)
262.667141 [INFO ] NMEA $GPGSV,4,2,14,18,36,246,,05,29,141,18,22,17,051,16,12,16,164,17*71 (pico_gnss pico-gnss-rs/src/main.rs:372)
262.729832 [INFO ] NMEA $GPGSV,4,3,14,10,13,317,,14,08,040,17,21,01,136,15,193,,,*7B (pico_gnss pico-gnss-rs/src/main.rs:372)
262.759170 [INFO ] NMEA $GPGSV,4,4,14,194,,,,195,,,*7D (pico_gnss pico-gnss-rs/src/main.rs:372)
262.817738 [INFO ] NMEA $GLGSV,3,1,09,73,55,146,12,71,47,340,,80,43,050,26,70,40,072,26*64 (pico_gnss pico-gnss-rs/src/main.rs:372)
262.904985 [INFO ] NMEA $GLGSV,3,2,09,86,24,264,,87,21,306,,74,15,183,,72,08,301,*6E (pico_gnss pico-gnss-rs/src/main.rs:372)
262.934234 [INFO ] NMEA $GLGSV,3,3,09,85,01,207,*55 (pico_gnss pico-gnss-rs/src/main.rs:372)
262.973756 [INFO ] PPSGEN count=266 interval_ns=1000002432 dev_ns=2432 phase_ns=-1864808 (pico_gnss pico-gnss-rs/src/main.rs:246)
262.975147 [INFO ] PPS count=264 interval_us=1000002 interval_ns=1000002416 state=Locked missed=0 (pico_gnss pico-gnss-rs/src/main.rs:161)
262.996983 [INFO ] NMEA $GNRMC,094255.000,A,0000.0000,N,00000.0000,E,2.07,122.07,080626,,,A*75 (pico_gnss pico-gnss-rs/src/main.rs:372)
262.999579 [INFO ] SYNC pps_local_us=262968236 unix_s=1780911775 drift_us=2 err_ns=3 holdover_ms=1999 (pico_gnss pico-gnss-rs/src/main.rs:403)
263.055008 [INFO ] NMEA $GPVTG,122.07,T,,M,2.07,N,3.84,K,A*31 (pico_gnss pico-gnss-rs/src/main.rs:372)
263.084342 [INFO ] NMEA $GPZDA,094255.000,08,06,2026,,*51 (pico_gnss pico-gnss-rs/src/main.rs:372)
263.116056 [INFO ] NMEA $GPGST,094255.000,7.6,20,13,92.4,13,20,22*78 (pico_gnss pico-gnss-rs/src/main.rs:372)
263.305370 [INFO ] NMEA $GPGGA,094256.000,0000.0000,N,00000.0000,E,1,8,1.31,34.3,M,39.0,M,,*6A (pico_gnss pico-gnss-rs/src/main.rs:372)
263.338695 [INFO ] TIME unix_ns=1780911775363517126 ppb=2407 holdover_ms=363 locked=1 (pico_gnss pico-gnss-rs/src/main.rs:195)
263.368932 [INFO ] NMEA $GNGLL,0000.0000,N,00000.0000,E,094256.000,A,A*44 (pico_gnss pico-gnss-rs/src/main.rs:372)
263.427292 [INFO ] NMEA $GNGSA,A,3,05,20,22,15,14,23,,,,,,,1.58,1.31,0.88*14 (pico_gnss pico-gnss-rs/src/main.rs:372)
263.456867 [INFO ] NMEA $GNGSA,A,3,70,80,,,,,,,,,,,1.58,1.31,0.88*1C (pico_gnss pico-gnss-rs/src/main.rs:372)
263.544215 [INFO ] NMEA $GPGSV,4,1,14,24,83,267,,15,61,051,28,23,48,317,14,20,38,070,18*70 (pico_gnss pico-gnss-rs/src/main.rs:372)
263.602894 [INFO ] NMEA $GPGSV,4,2,14,18,36,246,,05,29,141,18,22,17,051,16,12,16,164,17*71 (pico_gnss pico-gnss-rs/src/main.rs:372)
263.665523 [INFO ] NMEA $GPGSV,4,3,14,10,13,317,,14,08,040,15,21,01,136,15,193,,,*79 (pico_gnss pico-gnss-rs/src/main.rs:372)
263.694887 [INFO ] NMEA $GPGSV,4,4,14,194,,,,195,,,*7D (pico_gnss pico-gnss-rs/src/main.rs:372)
263.782204 [INFO ] NMEA $GLGSV,3,1,09,73,55,146,,71,47,340,,80,43,050,26,70,40,072,25*64 (pico_gnss pico-gnss-rs/src/main.rs:372)
263.840762 [INFO ] NMEA $GLGSV,3,2,09,86,24,264,,87,21,306,,74,15,183,,72,08,301,*6E (pico_gnss pico-gnss-rs/src/main.rs:372)
263.870087 [INFO ] NMEA $GLGSV,3,3,09,85,01,207,*55 (pico_gnss pico-gnss-rs/src/main.rs:372)
263.932675 [INFO ] NMEA $GNRMC,094256.000,A,0000.0000,N,00000.0000,E,2.01,135.58,080626,,,A*70 (pico_gnss pico-gnss-rs/src/main.rs:372)
263.973854 [INFO ] PPSGEN count=267 interval_ns=1000002432 dev_ns=2432 phase_ns=-1488403 (pico_gnss pico-gnss-rs/src/main.rs:246)
263.975248 [INFO ] PPS count=265 interval_us=1000002 interval_ns=1000002400 state=Locked missed=0 (pico_gnss pico-gnss-rs/src/main.rs:161)
263.991175 [INFO ] NMEA $GPVTG,135.58,T,,M,2.01,N,3.73,K,A*33 (pico_gnss pico-gnss-rs/src/main.rs:372)
264.020165 [INFO ] NMEA $GPZDA,094256.000,08,06,2026,,*52 (pico_gnss pico-gnss-rs/src/main.rs:372)
264.057516 [INFO ] NMEA $GPGST,094256.000,7.6,20,12,92.0,12,20,22*7F (pico_gnss pico-gnss-rs/src/main.rs:372)
264.242407 [INFO ] NMEA $GPGGA,094257.000,0000.0000,N,00000.0000,E,1,8,1.31,34.4,M,39.0,M,,*69 (pico_gnss pico-gnss-rs/src/main.rs:372)
264.299726 [INFO ] NMEA $GNGLL,0000.0000,N,00000.0000,E,094257.000,A,A*40 (pico_gnss pico-gnss-rs/src/main.rs:372)
264.339946 [INFO ] TIME unix_ns=1780911776364745716 ppb=2407 holdover_ms=1364 locked=1 (pico_gnss pico-gnss-rs/src/main.rs:195)
264.358487 [INFO ] NMEA $GNGSA,A,3,05,20,22,15,14,23,,,,,,,1.58,1.31,0.88*14 (pico_gnss pico-gnss-rs/src/main.rs:372)
264.387796 [INFO ] NMEA $GNGSA,A,3,70,80,,,,,,,,,,,1.58,1.31,0.88*1C (pico_gnss pico-gnss-rs/src/main.rs:372)
264.475105 [INFO ] NMEA $GPGSV,4,1,14,24,83,267,,15,61,051,28,23,48,317,14,20,38,070,18*70 (pico_gnss pico-gnss-rs/src/main.rs:372)
264.537827 [INFO ] NMEA $GPGSV,4,2,14,18,36,246,,05,29,141,19,22,17,051,16,12,16,164,17*70 (pico_gnss pico-gnss-rs/src/main.rs:372)
264.596403 [INFO ] NMEA $GPGSV,4,3,14,10,13,317,,14,08,040,15,21,01,136,15,193,,,*79 (pico_gnss pico-gnss-rs/src/main.rs:372)
264.654432 [INFO ] NMEA $GPGSV,4,4,14,194,,,,195,,,*7D (pico_gnss pico-gnss-rs/src/main.rs:372)
264.713075 [INFO ] NMEA $GLGSV,3,1,09,73,55,146,,71,47,340,,80,43,050,26,70,40,072,24*65 (pico_gnss pico-gnss-rs/src/main.rs:372)
264.771620 [INFO ] NMEA $GLGSV,3,2,09,86,24,264,,87,21,306,,74,15,183,,72,08,301,*6E (pico_gnss pico-gnss-rs/src/main.rs:372)
264.804991 [INFO ] NMEA $GLGSV,3,3,09,85,01,207,*55 (pico_gnss pico-gnss-rs/src/main.rs:372)
264.892419 [INFO ] NMEA $GNRMC,094257.000,A,0000.0000,N,00000.0000,E,0.94,142.28,080626,,,A*7D (pico_gnss pico-gnss-rs/src/main.rs:372)
264.894972 [INFO ] SYNC pps_local_us=263968238 unix_s=1780911777 drift_us=2 err_ns=-6 holdover_ms=1000 (pico_gnss pico-gnss-rs/src/main.rs:403)
264.922095 [INFO ] NMEA $GPVTG,142.28,T,,M,0.94,N,1.74,K,A*3F (pico_gnss pico-gnss-rs/src/main.rs:372)
264.951192 [INFO ] NMEA $GPZDA,094257.000,08,06,2026,,*53 (pico_gnss pico-gnss-rs/src/main.rs:372)
264.974258 [INFO ] PPSGEN count=268 interval_ns=1000519088 dev_ns=519088 phase_ns=-1066404 (pico_gnss pico-gnss-rs/src/main.rs:246)
264.975629 [INFO ] PPS count=266 interval_us=1000002 interval_ns=1000002400 state=Locked missed=0 (pico_gnss pico-gnss-rs/src/main.rs:161)
264.994874 [INFO ] NMEA $GPGST,094257.000,7.7,20,12,91.5,12,20,22*79 (pico_gnss pico-gnss-rs/src/main.rs:372)
265.339057 [INFO ] NMEA $GPGGA,094258.000,0000.0000,N,00000.0000,E,1,8,1.31,34.5,M,39.0,M,,*67 (pico_gnss pico-gnss-rs/src/main.rs:372)
265.341242 [INFO ] TIME unix_ns=1780911778365986713 ppb=2406 holdover_ms=1365 locked=1 (pico_gnss pico-gnss-rs/src/main.rs:195)
265.397515 [INFO ] NMEA $GNGLL,0000.0000,N,00000.0000,E,094258.000,A,A*4F (pico_gnss pico-gnss-rs/src/main.rs:372)
265.455853 [INFO ] NMEA $GNGSA,A,3,05,20,22,15,14,23,,,,,,,1.58,1.31,0.88*14 (pico_gnss pico-gnss-rs/src/main.rs:372)
265.514175 [INFO ] NMEA $GNGSA,A,3,70,80,,,,,,,,,,,1.58,1.31,0.88*1C (pico_gnss pico-gnss-rs/src/main.rs:372)
265.572775 [INFO ] NMEA $GPGSV,4,1,14,24,83,267,,15,61,051,28,23,48,317,13,20,38,070,18*77 (pico_gnss pico-gnss-rs/src/main.rs:372)
265.635547 [INFO ] NMEA $GPGSV,4,2,14,18,36,246,,05,29,141,19,22,17,051,16,12,16,164,17*70 (pico_gnss pico-gnss-rs/src/main.rs:372)
265.722868 [INFO ] NMEA $GPGSV,4,3,14,10,13,317,,14,08,040,17,21,01,136,15,193,,,*7B (pico_gnss pico-gnss-rs/src/main.rs:372)
265.752239 [INFO ] NMEA $GPGSV,4,4,14,194,,,,195,,,*7D (pico_gnss pico-gnss-rs/src/main.rs:372)
265.810807 [INFO ] NMEA $GLGSV,3,1,09,73,55,146,,71,47,340,,80,43,050,26,70,40,072,24*65 (pico_gnss pico-gnss-rs/src/main.rs:372)
265.873416 [INFO ] NMEA $GLGSV,3,2,09,86,24,264,,87,21,306,,74,15,183,,72,08,301,*6E (pico_gnss pico-gnss-rs/src/main.rs:372)
265.902694 [INFO ] NMEA $GLGSV,3,3,09,85,01,207,*55 (pico_gnss pico-gnss-rs/src/main.rs:372)
265.974285 [INFO ] PPSGEN count=269 interval_ns=1000002432 dev_ns=2432 phase_ns=-1101810 (pico_gnss pico-gnss-rs/src/main.rs:246)
265.975656 [INFO ] PPS count=267 interval_us=1000002 interval_ns=1000002416 state=Locked missed=0 (pico_gnss pico-gnss-rs/src/main.rs:161)
265.990292 [INFO ] NMEA $GNRMC,094258.000,A,0000.0000,N,00000.0000,E,0.35,142.28,080626,,,A*79 (pico_gnss pico-gnss-rs/src/main.rs:372)
265.992864 [INFO ] SYNC pps_local_us=265968243 unix_s=1780911778 drift_us=2 err_ns=3 holdover_ms=2000 (pico_gnss pico-gnss-rs/src/main.rs:403)
266.019619 [INFO ] NMEA $GPVTG,142.28,T,,M,0.35,N,0.64,K,A*34 (pico_gnss pico-gnss-rs/src/main.rs:372)
266.048692 [INFO ] NMEA $GPZDA,094258.000,08,06,2026,,*5C (pico_gnss pico-gnss-rs/src/main.rs:372)
266.098588 [INFO ] NMEA $GPGST,094258.000,7.8,20,12,91.4,12,20,22*78 (pico_gnss pico-gnss-rs/src/main.rs:372)
266.285950 [INFO ] NMEA $GPGGA,094259.000,0000.0000,N,00000.0000,E,1,8,1.31,34.5,M,39.0,M,,*66 (pico_gnss pico-gnss-rs/src/main.rs:372)
266.342488 [INFO ] TIME unix_ns=1780911778366775118 ppb=2407 holdover_ms=366 locked=1 (pico_gnss pico-gnss-rs/src/main.rs:195)
266.344601 [INFO ] NMEA $GNGLL,0000.0000,N,00000.0000,E,094259.000,A,A*4E (pico_gnss pico-gnss-rs/src/main.rs:372)
266.402755 [INFO ] NMEA $GNGSA,A,3,05,20,22,15,14,23,,,,,,,1.58,1.31,0.88*14 (pico_gnss pico-gnss-rs/src/main.rs:372)
266.461028 [INFO ] NMEA $GNGSA,A,3,70,80,,,,,,,,,,,1.58,1.31,0.88*1C (pico_gnss pico-gnss-rs/src/main.rs:372)
266.523764 [INFO ] NMEA $GPGSV,4,1,14,24,83,267,,15,61,051,28,23,48,317,13,20,38,070,18*77 (pico_gnss pico-gnss-rs/src/main.rs:372)
266.611178 [INFO ] NMEA $GPGSV,4,2,14,18,36,246,,05,29,141,19,22,17,051,16,12,16,164,17*70 (pico_gnss pico-gnss-rs/src/main.rs:372)
266.669766 [INFO ] NMEA $GPGSV,4,3,14,10,13,317,,14,08,040,15,21,01,136,15,193,,,*79 (pico_gnss pico-gnss-rs/src/main.rs:372)
266.699124 [INFO ] NMEA $GPGSV,4,4,14,194,,,,195,,,*7D (pico_gnss pico-gnss-rs/src/main.rs:372)
266.757703 [INFO ] NMEA $GLGSV,3,1,09,73,55,146,14,71,47,340,,80,43,050,26,70,40,072,24*60 (pico_gnss pico-gnss-rs/src/main.rs:372)
266.820344 [INFO ] NMEA $GLGSV,3,2,09,86,24,264,,87,21,306,,74,15,183,,72,08,301,*6E (pico_gnss pico-gnss-rs/src/main.rs:372)
266.849682 [INFO ] NMEA $GLGSV,3,3,09,85,01,207,*55 (pico_gnss pico-gnss-rs/src/main.rs:372)
266.936936 [INFO ] NMEA $GNRMC,094259.000,A,0000.0000,N,00000.0000,E,0.92,190.01,080626,,,A*71 (pico_gnss pico-gnss-rs/src/main.rs:372)
266.966538 [INFO ] NMEA $GPVTG,190.01,T,,M,0.92,N,1.70,K,A*39 (pico_gnss pico-gnss-rs/src/main.rs:372)
266.974308 [INFO ] PPSGEN count=270 interval_ns=1000002416 dev_ns=2416 phase_ns=-1487403 (pico_gnss pico-gnss-rs/src/main.rs:246)
266.975677 [INFO ] PPS count=268 interval_us=1000002 interval_ns=1000002400 state=Locked missed=0 (pico_gnss pico-gnss-rs/src/main.rs:161)
267.024396 [INFO ] NMEA $GPZDA,094259.000,08,06,2026,,*5D (pico_gnss pico-gnss-rs/src/main.rs:372)
267.054266 [INFO ] NMEA $GPGST,094259.000,7.7,20,12,91.3,12,20,24*77 (pico_gnss pico-gnss-rs/src/main.rs:372)
267.252355 [INFO ] NMEA $GPGGA,094300.000,0000.0000,N,00000.0000,E,1,8,1.31,34.6,M,39.0,M,,*6F (pico_gnss pico-gnss-rs/src/main.rs:372)
267.310719 [INFO ] NMEA $GNGLL,0000.0000,N,00000.0000,E,094300.000,A,A*44 (pico_gnss pico-gnss-rs/src/main.rs:372)
267.343745 [INFO ] TIME unix_ns=1780911779368023708 ppb=2407 holdover_ms=1368 locked=1 (pico_gnss pico-gnss-rs/src/main.rs:195)
267.369462 [INFO ] NMEA $GNGSA,A,3,05,20,22,15,14,23,,,,,,,1.58,1.31,0.88*14 (pico_gnss pico-gnss-rs/src/main.rs:372)
267.398771 [INFO ] NMEA $GNGSA,A,3,70,80,,,,,,,,,,,1.58,1.31,0.88*1C (pico_gnss pico-gnss-rs/src/main.rs:372)
267.468621 [INFO ] NMEA $GPGSV,4,1,14,24,83,267,,15,61,051,28,23,48,317,14,20,38,070,18*70 (pico_gnss pico-gnss-rs/src/main.rs:372)
267.556040 [INFO ] NMEA $GPGSV,4,2,14,18,36,246,,05,29,141,19,22,17,051,16,12,16,164,17*70 (pico_gnss pico-gnss-rs/src/main.rs:372)
267.614574 [INFO ] NMEA $GPGSV,4,3,14,10,13,317,,14,08,040,15,21,01,136,15,193,,,*79 (pico_gnss pico-gnss-rs/src/main.rs:372)
267.643931 [INFO ] NMEA $GPGSV,4,4,14,194,,,,195,,,*7D (pico_gnss pico-gnss-rs/src/main.rs:372)
267.735401 [INFO ] NMEA $GLGSV,3,1,09,73,55,146,14,71,47,340,,80,43,050,26,70,40,072,24*60 (pico_gnss pico-gnss-rs/src/main.rs:372)
267.793968 [INFO ] NMEA $GLGSV,3,2,09,86,24,264,,87,21,306,,74,15,183,,72,08,301,*6E (pico_gnss pico-gnss-rs/src/main.rs:372)
267.823274 [INFO ] NMEA $GLGSV,3,3,09,85,01,207,*55 (pico_gnss pico-gnss-rs/src/main.rs:372)
267.882016 [INFO ] NMEA $GNRMC,094300.000,A,0000.0000,N,00000.0000,E,1.21,124.91,080626,,,A*74 (pico_gnss pico-gnss-rs/src/main.rs:372)
267.884594 [INFO ] SYNC pps_local_us=266968245 unix_s=1780911780 drift_us=2 err_ns=-6 holdover_ms=1000 (pico_gnss pico-gnss-rs/src/main.rs:403)
267.940113 [INFO ] NMEA $GPVTG,124.91,T,,M,1.21,N,2.24,K,A*34 (pico_gnss pico-gnss-rs/src/main.rs:372)
267.973464 [INFO ] NMEA $GPZDA,094300.000,08,06,2026,,*50 (pico_gnss pico-gnss-rs/src/main.rs:372)
267.975026 [INFO ] PPSGEN count=271 interval_ns=1000002432 dev_ns=2432 phase_ns=-768404 (pico_gnss pico-gnss-rs/src/main.rs:246)
267.976188 [INFO ] PPS count=269 interval_us=1000002 interval_ns=1000002416 state=Locked missed=0 (pico_gnss pico-gnss-rs/src/main.rs:161)
268.003217 [INFO ] NMEA $GPGST,094300.000,7.8,21,13,91.3,13,21,25*74 (pico_gnss pico-gnss-rs/src/main.rs:372)
268.345006 [INFO ] TIME unix_ns=1780911781369267705 ppb=2407 holdover_ms=1369 locked=1 (pico_gnss pico-gnss-rs/src/main.rs:195)
268.356601 [INFO ] NMEA $GPGGA,094301.000,0000.0000,N,00000.0000,E,1,8,1.31,34.6,M,39.0,M,,*69 (pico_gnss pico-gnss-rs/src/main.rs:372)
268.414637 [INFO ] NMEA $GNGLL,0000.0000,N,00000.0000,E,094301.000,A,A*42 (pico_gnss pico-gnss-rs/src/main.rs:372)
268.473074 [INFO ] NMEA $GNGSA,A,3,05,20,22,15,14,23,,,,,,,1.58,1.31,0.88*14 (pico_gnss pico-gnss-rs/src/main.rs:372)
268.505650 [INFO ] NMEA $GNGSA,A,3,70,80,,,,,,,,,,,1.58,1.31,0.88*1C (pico_gnss pico-gnss-rs/src/main.rs:372)
268.593063 [INFO ] NMEA $GPGSV,4,1,14,24,83,267,,15,61,051,28,23,48,317,14,20,38,070,18*70 (pico_gnss pico-gnss-rs/src/main.rs:372)
268.651685 [INFO ] NMEA $GPGSV,4,2,14,18,36,246,,05,29,141,17,22,17,051,16,12,16,164,17*7E (pico_gnss pico-gnss-rs/src/main.rs:372)
268.710254 [INFO ] NMEA $GPGSV,4,3,14,10,13,317,,14,08,040,16,21,01,136,13,193,,,*7C (pico_gnss pico-gnss-rs/src/main.rs:372)
268.768232 [INFO ] NMEA $GPGSV,4,4,14,194,,,,195,,,*7D (pico_gnss pico-gnss-rs/src/main.rs:372)
268.831046 [INFO ] NMEA $GLGSV,3,1,09,73,55,146,,71,47,340,,80,43,050,26,70,40,072,24*65 (pico_gnss pico-gnss-rs/src/main.rs:372)
268.889570 [INFO ] NMEA $GLGSV,3,2,09,86,24,264,,87,21,306,,74,15,183,,72,08,301,*6E (pico_gnss pico-gnss-rs/src/main.rs:372)
268.918792 [INFO ] NMEA $GLGSV,3,3,09,85,01,207,*55 (pico_gnss pico-gnss-rs/src/main.rs:372)
268.974292 [INFO ] PPSGEN count=272 interval_ns=1000002416 dev_ns=2416 phase_ns=-1525810 (pico_gnss pico-gnss-rs/src/main.rs:246)
268.975693 [INFO ] PPS count=270 interval_us=1000002 interval_ns=1000002400 state=Locked missed=0 (pico_gnss pico-gnss-rs/src/main.rs:161)
269.006153 [INFO ] NMEA $GNRMC,094301.000,A,0000.0000,N,00000.0000,E,1.89,134.66,080626,,,A*79 (pico_gnss pico-gnss-rs/src/main.rs:372)
269.008737 [INFO ] SYNC pps_local_us=268968250 unix_s=1780911781 drift_us=2 err_ns=3 holdover_ms=2000 (pico_gnss pico-gnss-rs/src/main.rs:403)
269.039553 [INFO ] NMEA $GPVTG,134.66,T,,M,1.89,N,3.49,K,A*35 (pico_gnss pico-gnss-rs/src/main.rs:372)
269.068855 [INFO ] NMEA $GPZDA,094301.000,08,06,2026,,*51 (pico_gnss pico-gnss-rs/src/main.rs:372)
269.108346 [INFO ] NMEA $GPGST,094301.000,7.8,22,13,90.9,13,22,26*7D (pico_gnss pico-gnss-rs/src/main.rs:372)
269.317356 [INFO ] NMEA $GPGGA,094302.000,0000.0000,N,00000.0000,E,1,8,1.31,34.7,M,39.0,M,,*6A (pico_gnss pico-gnss-rs/src/main.rs:372)
269.346516 [INFO ] TIME unix_ns=1780911781370791108 ppb=2407 holdover_ms=370 locked=1 (pico_gnss pico-gnss-rs/src/main.rs:195)
269.375887 [INFO ] NMEA $GNGLL,0000.0000,N,00000.0000,E,094302.000,A,A*40 (pico_gnss pico-gnss-rs/src/main.rs:372)
269.431125 [INFO ] NMEA $GNGSA,A,3,05,20,22,15,14,23,,,,,,,1.58,1.31,0.88*14 (pico_gnss pico-gnss-rs/src/main.rs:372)
269.489367 [INFO ] NMEA $GNGSA,A,3,70,80,,,,,,,,,,,1.58,1.31,0.88*1C (pico_gnss pico-gnss-rs/src/main.rs:372)
269.548039 [INFO ] NMEA $GPGSV,4,1,14,24,83,267,,15,61,051,28,23,48,317,14,20,38,070,18*70 (pico_gnss pico-gnss-rs/src/main.rs:372)
269.606655 [INFO ] NMEA $GPGSV,4,2,14,18,36,246,,05,29,141,17,22,17,051,16,12,16,164,17*7E (pico_gnss pico-gnss-rs/src/main.rs:372)
269.693896 [INFO ] NMEA $GPGSV,4,3,14,10,13,317,,14,08,040,16,21,01,136,14,193,,,*7B (pico_gnss pico-gnss-rs/src/main.rs:372)
269.727388 [INFO ] NMEA $GPGSV,4,4,14,194,,,,195,,,*7D (pico_gnss pico-gnss-rs/src/main.rs:372)
269.786007 [INFO ] NMEA $GLGSV,3,1,09,73,55,146,,71,47,340,,80,43,050,26,70,40,072,25*64 (pico_gnss pico-gnss-rs/src/main.rs:372)
269.844532 [INFO ] NMEA $GLGSV,3,2,09,86,24,264,,87,21,306,,74,15,183,,72,08,301,*6E (pico_gnss pico-gnss-rs/src/main.rs:372)
269.873841 [INFO ] NMEA $GLGSV,3,3,09,85,01,207,*55 (pico_gnss pico-gnss-rs/src/main.rs:372)
269.965191 [INFO ] NMEA $GNRMC,094302.000,A,0000.0000,N,00000.0000,E,1.51,147.01,080626,,,A*7B (pico_gnss pico-gnss-rs/src/main.rs:372)
269.974382 [INFO ] PPSGEN count=273 interval_ns=1000002432 dev_ns=2432 phase_ns=-1487403 (pico_gnss pico-gnss-rs/src/main.rs:246)
269.975774 [INFO ] PPS count=271 interval_us=1000002 interval_ns=1000002400 state=Locked missed=0 (pico_gnss pico-gnss-rs/src/main.rs:161)
269.994994 [INFO ] NMEA $GPVTG,147.01,T,,M,1.51,N,2.79,K,A*37 (pico_gnss pico-gnss-rs/src/main.rs:372)
270.023978 [INFO ] NMEA $GPZDA,094302.000,08,06,2026,,*52 (pico_gnss pico-gnss-rs/src/main.rs:372)
270.069680 [INFO ] NMEA $GPGST,094302.000,7.8,22,14,90.8,14,22,28*71 (pico_gnss pico-gnss-rs/src/main.rs:372)
270.347777 [INFO ] TIME unix_ns=1780911782372022699 ppb=2406 holdover_ms=1372 locked=1 (pico_gnss pico-gnss-rs/src/main.rs:195)
270.384259 [INFO ] NMEA $GPGGA,094303.000,0000.0000,N,00000.0000,E,1,8,1.31,35.0,M,39.0,M,,*65 (pico_gnss pico-gnss-rs/src/main.rs:372)
270.442534 [INFO ] NMEA $GNGLL,0000.0000,N,00000.0000,E,094303.000,A,A*49 (pico_gnss pico-gnss-rs/src/main.rs:372)
270.491709 [INFO ] NMEA $GNGSA,A,3,05,20,22,15,14,23,,,,,,,1.58,1.31,0.88*14 (pico_gnss pico-gnss-rs/src/main.rs:372)
270.550003 [INFO ] NMEA $GNGSA,A,3,70,80,,,,,,,,,,,1.58,1.31,0.88*1C (pico_gnss pico-gnss-rs/src/main.rs:372)
270.608612 [INFO ] NMEA $GPGSV,4,1,14,24,83,267,,15,61,051,28,23,48,317,14,20,38,070,18*70 (pico_gnss pico-gnss-rs/src/main.rs:372)
270.696038 [INFO ] NMEA $GPGSV,4,2,14,18,36,246,,05,29,141,17,22,17,051,16,12,16,164,17*7E (pico_gnss pico-gnss-rs/src/main.rs:372)
270.758719 [INFO ] NMEA $GPGSV,4,3,14,10,13,317,,14,08,040,15,21,01,136,17,193,,,*7B (pico_gnss pico-gnss-rs/src/main.rs:372)
270.788083 [INFO ] NMEA $GPGSV,4,4,14,194,,,,195,,,*7D (pico_gnss pico-gnss-rs/src/main.rs:372)
270.846626 [INFO ] NMEA $GLGSV,3,1,09,73,55,146,,71,47,340,,80,43,050,26,70,40,072,25*64 (pico_gnss pico-gnss-rs/src/main.rs:372)
270.905120 [INFO ] NMEA $GLGSV,3,2,09,86,24,264,,87,21,306,,74,15,183,,72,08,301,*6E (pico_gnss pico-gnss-rs/src/main.rs:372)
270.934364 [INFO ] NMEA $GLGSV,3,3,09,85,01,207,*55 (pico_gnss pico-gnss-rs/src/main.rs:372)
270.974304 [INFO ] PPSGEN count=274 interval_ns=1000002416 dev_ns=2416 phase_ns=-1522809 (pico_gnss pico-gnss-rs/src/main.rs:246)
270.975678 [INFO ] PPS count=272 interval_us=1000002 interval_ns=1000002400 state=Locked missed=0 (pico_gnss pico-gnss-rs/src/main.rs:161)
271.025743 [INFO ] NMEA $GNRMC,094303.000,A,0000.0000,N,00000.0000,E,1.92,152.69,080626,,,A*77 (pico_gnss pico-gnss-rs/src/main.rs:372)
271.028344 [INFO ] SYNC pps_local_us=270968255 unix_s=1780911783 drift_us=2 err_ns=-12 holdover_ms=2000 (pico_gnss pico-gnss-rs/src/main.rs:403)
271.055379 [INFO ] NMEA $GPVTG,152.69,T,,M,1.92,N,3.56,K,A*3E (pico_gnss pico-gnss-rs/src/main.rs:372)
271.084436 [INFO ] NMEA $GPZDA,094303.000,08,06,2026,,*53 (pico_gnss pico-gnss-rs/src/main.rs:372)
271.136470 [INFO ] NMEA $GPGST,094303.000,7.9,22,14,91.0,14,22,28*78 (pico_gnss pico-gnss-rs/src/main.rs:372)
271.349354 [INFO ] NMEA $GPGGA,094304.000,0000.0000,N,00000.0000,E,1,8,1.31,35.3,M,39.0,M,,*64 (pico_gnss pico-gnss-rs/src/main.rs:372)
271.351410 [INFO ] TIME unix_ns=1780911783375717096 ppb=2406 holdover_ms=375 locked=1 (pico_gnss pico-gnss-rs/src/main.rs:195)
271.392286 [INFO ] NMEA $GNGLL,0000.0000,N,00000.0000,E,094304.000,A,A*4B (pico_gnss pico-gnss-rs/src/main.rs:372)
271.450665 [INFO ] NMEA $GNGSA,A,3,05,20,22,15,14,23,,,,,,,1.58,1.31,0.88*14 (pico_gnss pico-gnss-rs/src/main.rs:372)
271.508924 [INFO ] NMEA $GNGSA,A,3,70,80,,,,,,,,,,,1.58,1.31,0.88*1C (pico_gnss pico-gnss-rs/src/main.rs:372)
271.567594 [INFO ] NMEA $GPGSV,4,1,14,24,83,267,,15,61,051,28,23,48,317,14,20,38,070,18*70 (pico_gnss pico-gnss-rs/src/main.rs:372)
271.659094 [INFO ] NMEA $GPGSV,4,2,14,18,36,246,,05,29,141,19,22,17,051,15,12,16,164,17*73 (pico_gnss pico-gnss-rs/src/main.rs:372)
271.717685 [INFO ] NMEA $GPGSV,4,3,14,10,13,317,,14,08,040,14,21,01,136,14,193,,,*79 (pico_gnss pico-gnss-rs/src/main.rs:372)
271.747049 [INFO ] NMEA $GPGSV,4,4,14,194,,,,195,,,*7D (pico_gnss pico-gnss-rs/src/main.rs:372)
271.805552 [INFO ] NMEA $GLGSV,3,1,09,73,55,146,,71,47,340,,80,43,050,25,70,40,072,25*67 (pico_gnss pico-gnss-rs/src/main.rs:372)
271.892842 [INFO ] NMEA $GLGSV,3,2,09,86,24,264,,87,21,306,,74,15,183,,72,08,301,*6E (pico_gnss pico-gnss-rs/src/main.rs:372)
271.922049 [INFO ] NMEA $GLGSV,3,3,09,85,01,207,*55 (pico_gnss pico-gnss-rs/src/main.rs:372)
271.974295 [INFO ] PPSGEN count=275 interval_ns=1000002432 dev_ns=2432 phase_ns=-1527402 (pico_gnss pico-gnss-rs/src/main.rs:246)
271.975685 [INFO ] PPS count=273 interval_us=1000002 interval_ns=1000002416 state=Locked missed=0 (pico_gnss pico-gnss-rs/src/main.rs:161)
271.985140 [INFO ] NMEA $GNRMC,094304.000,A,0000.0000,N,00000.0000,E,1.38,124.87,080626,,,A*74 (pico_gnss pico-gnss-rs/src/main.rs:372)
271.987698 [INFO ] SYNC pps_local_us=271968257 unix_s=1780911784 drift_us=2 err_ns=10 holdover_ms=999 (pico_gnss pico-gnss-rs/src/main.rs:403)
272.014437 [INFO ] NMEA $GPVTG,124.87,T,,M,1.38,N,2.55,K,A*3D (pico_gnss pico-gnss-rs/src/main.rs:372)
272.072132 [INFO ] NMEA $GPZDA,094304.000,08,06,2026,,*54 (pico_gnss pico-gnss-rs/src/main.rs:372)
272.101830 [INFO ] NMEA $GPGST,094304.000,7.9,23,14,90.9,14,23,28*77 (pico_gnss pico-gnss-rs/src/main.rs:372)
272.302504 [INFO ] NMEA $GPGGA,094305.000,0000.0000,N,00000.0000,E,1,8,1.31,35.5,M,39.0,M,,*60 (pico_gnss pico-gnss-rs/src/main.rs:372)
272.352655 [INFO ] TIME unix_ns=1780911784376928093 ppb=2407 holdover_ms=376 locked=1 (pico_gnss pico-gnss-rs/src/main.rs:195)
272.361198 [INFO ] NMEA $GNGLL,0000.0000,N,00000.0000,E,094305.000,A,A*49 (pico_gnss pico-gnss-rs/src/main.rs:372)
272.419292 [INFO ] NMEA $GNGSA,A,3,05,20,22,15,14,23,,,,,,,1.58,1.31,0.88*14 (pico_gnss pico-gnss-rs/src/main.rs:372)
272.448874 [INFO ] NMEA $GNGSA,A,3,70,80,,,,,,,,,,,1.58,1.31,0.88*1C (pico_gnss pico-gnss-rs/src/main.rs:372)
272.536228 [INFO ] NMEA $GPGSV,4,1,14,24,83,267,,15,61,051,28,23,48,317,15,20,38,070,18*71 (pico_gnss pico-gnss-rs/src/main.rs:372)
272.598989 [INFO ] NMEA $GPGSV,4,2,14,18,36,246,,05,29,141,19,22,17,051,15,12,16,164,17*73 (pico_gnss pico-gnss-rs/src/main.rs:372)
272.657531 [INFO ] NMEA $GPGSV,4,3,14,10,13,317,,14,08,040,14,21,01,136,17,193,,,*7A (pico_gnss pico-gnss-rs/src/main.rs:372)
272.686896 [INFO ] NMEA $GPGSV,4,4,14,194,,,,195,,,*7D (pico_gnss pico-gnss-rs/src/main.rs:372)
272.774205 [INFO ] NMEA $GLGSV,3,1,09,73,55,146,,71,47,340,,80,43,050,25,70,40,072,25*67 (pico_gnss pico-gnss-rs/src/main.rs:372)
272.836893 [INFO ] NMEA $GLGSV,3,2,09,86,24,264,,87,21,306,,74,15,183,,72,08,301,*6E (pico_gnss pico-gnss-rs/src/main.rs:372)
272.866222 [INFO ] NMEA $GLGSV,3,3,09,85,01,207,*55 (pico_gnss pico-gnss-rs/src/main.rs:372)
272.924735 [INFO ] NMEA $GNRMC,094305.000,A,0000.0000,N,00000.0000,E,1.39,144.18,080626,,,A*77 (pico_gnss pico-gnss-rs/src/main.rs:372)
272.974732 [INFO ] PPS count=274 interval_us=1000002 interval_ns=1000002400 state=Locked missed=0 (pico_gnss pico-gnss-rs/src/main.rs:161)
272.976283 [INFO ] PPSGEN count=276 interval_ns=1001167440 dev_ns=1167440 phase_ns=502593 (pico_gnss pico-gnss-rs/src/main.rs:246)
272.983214 [INFO ] NMEA $GPVTG,144.18,T,,M,1.39,N,2.57,K,A*3E (pico_gnss pico-gnss-rs/src/main.rs:372)
273.012222 [INFO ] NMEA $GPZDA,094305.000,08,06,2026,,*55 (pico_gnss pico-gnss-rs/src/main.rs:372)
273.047468 [INFO ] NMEA $GPGST,094305.000,7.9,23,14,91.0,14,23,28*7E (pico_gnss pico-gnss-rs/src/main.rs:372)
273.247481 [INFO ] NMEA $GPGGA,094306.000,0000.0000,N,00000.0000,E,1,7,1.38,35.9,M,39.0,M,,*68 (pico_gnss pico-gnss-rs/src/main.rs:372)
273.305846 [INFO ] NMEA $GNGLL,0000.0000,N,00000.0000,E,094306.000,A,A*4B (pico_gnss pico-gnss-rs/src/main.rs:372)
273.353882 [INFO ] TIME unix_ns=1780911785378168684 ppb=2406 holdover_ms=1378 locked=1 (pico_gnss pico-gnss-rs/src/main.rs:195)
273.364565 [INFO ] NMEA $GNGSA,A,3,05,20,22,15,23,,,,,,,,1.66,1.38,0.93*1F (pico_gnss pico-gnss-rs/src/main.rs:372)
273.393908 [INFO ] NMEA $GNGSA,A,3,70,80,,,,,,,,,,,1.66,1.38,0.93*12 (pico_gnss pico-gnss-rs/src/main.rs:372)
273.485290 [INFO ] NMEA $GPGSV,4,1,14,24,83,267,,15,61,051,28,23,48,317,15,20,38,070,18*71 (pico_gnss pico-gnss-rs/src/main.rs:372)
273.543961 [INFO ] NMEA $GPGSV,4,2,14,18,36,246,,05,29,141,19,22,17,051,15,12,16,164,19*7D (pico_gnss pico-gnss-rs/src/main.rs:372)
273.602489 [INFO ] NMEA $GPGSV,4,3,14,10,13,317,,14,08,040,11,21,01,136,17,193,,,*7F (pico_gnss pico-gnss-rs/src/main.rs:372)
273.631861 [INFO ] NMEA $GPGSV,4,4,14,194,,,,195,,,*7D (pico_gnss pico-gnss-rs/src/main.rs:372)
273.719160 [INFO ] NMEA $GLGSV,3,1,09,73,55,146,,71,47,340,,80,43,050,25,70,40,072,25*67 (pico_gnss pico-gnss-rs/src/main.rs:372)
273.781921 [INFO ] NMEA $GLGSV,3,2,09,86,24,264,,87,21,306,,74,15,183,,72,08,301,*6E (pico_gnss pico-gnss-rs/src/main.rs:372)
273.811255 [INFO ] NMEA $GLGSV,3,3,09,85,01,207,*55 (pico_gnss pico-gnss-rs/src/main.rs:372)
273.869882 [INFO ] NMEA $GNRMC,094306.000,A,0000.0000,N,00000.0000,E,0.28,144.18,080626,,,A*74 (pico_gnss pico-gnss-rs/src/main.rs:372)
273.872441 [INFO ] SYNC pps_local_us=272968260 unix_s=1780911786 drift_us=2 err_ns=-6 holdover_ms=998 (pico_gnss pico-gnss-rs/src/main.rs:403)
273.928002 [INFO ] NMEA $GPVTG,144.18,T,,M,0.28,N,0.51,K,A*3B (pico_gnss pico-gnss-rs/src/main.rs:372)
273.957294 [INFO ] NMEA $GPZDA,094306.000,08,06,2026,,*56 (pico_gnss pico-gnss-rs/src/main.rs:372)
273.974659 [INFO ] PPS count=275 interval_us=1000002 interval_ns=1000002416 state=Locked missed=0 (pico_gnss pico-gnss-rs/src/main.rs:161)
273.976146 [INFO ] PPSGEN count=277 interval_ns=1000002432 dev_ns=2432 phase_ns=1470590 (pico_gnss pico-gnss-rs/src/main.rs:246)
273.997085 [INFO ] NMEA $GPGST,094306.000,7.9,23,14,90.5,14,23,28*79 (pico_gnss pico-gnss-rs/src/main.rs:372)
274.329286 [INFO ] NMEA $GPGGA,094307.000,0000.0000,N,00000.0000,E,1,7,1.38,36.1,M,39.0,M,,*6B (pico_gnss pico-gnss-rs/src/main.rs:372)
274.355103 [INFO ] TIME unix_ns=1780911787380469678 ppb=2407 holdover_ms=1380 locked=1 (pico_gnss pico-gnss-rs/src/main.rs:195)
274.387724 [INFO ] NMEA $GNGLL,0000.0000,N,00000.0000,E,094307.000,A,A*43 (pico_gnss pico-gnss-rs/src/main.rs:372)
274.446066 [INFO ] NMEA $GNGSA,A,3,05,20,22,15,23,,,,,,,,1.66,1.38,0.93*1F (pico_gnss pico-gnss-rs/src/main.rs:372)
274.475620 [INFO ] NMEA $GNGSA,A,3,70,80,,,,,,,,,,,1.66,1.38,0.93*12 (pico_gnss pico-gnss-rs/src/main.rs:372)
274.563999 [INFO ] NMEA $GPGSV,4,1,14,24,83,267,,15,61,051,28,23,48,317,15,20,38,070,18*71 (pico_gnss pico-gnss-rs/src/main.rs:372)
274.622614 [INFO ] NMEA $GPGSV,4,2,14,18,36,246,,05,29,141,19,22,17,051,15,12,16,164,19*7D (pico_gnss pico-gnss-rs/src/main.rs:372)
274.681214 [INFO ] NMEA $GPGSV,4,3,14,10,13,317,,14,08,040,09,21,01,136,16,193,,,*77 (pico_gnss pico-gnss-rs/src/main.rs:372)
274.739232 [INFO ] NMEA $GPGSV,4,4,14,194,,,,195,,,*7D (pico_gnss pico-gnss-rs/src/main.rs:372)
274.801960 [INFO ] NMEA $GLGSV,3,1,09,73,55,146,,71,47,340,,80,43,050,25,70,40,072,25*67 (pico_gnss pico-gnss-rs/src/main.rs:372)
274.860559 [INFO ] NMEA $GLGSV,3,2,09,86,24,264,,87,21,306,,74,15,183,,72,08,301,*6E (pico_gnss pico-gnss-rs/src/main.rs:372)
274.884273 [INFO ] PPS count=276 interval_us=909644 interval_ns=909644176 state=Irregular missed=0 (pico_gnss pico-gnss-rs/src/main.rs:161)
274.887737 [INFO ] PPSGEN count=278 interval_ns=912387440 dev_ns=-87612560 phase_ns=-86944604 (pico_gnss pico-gnss-rs/src/main.rs:246)
274.890115 [INFO ] NMEA $GLGSV,3,3,09,85,01,207,*55 (pico_gnss pico-gnss-rs/src/main.rs:372)
274.974591 [INFO ] PPS count=277 interval_us=90358 interval_ns=90358224 state=Irregular missed=0 (pico_gnss pico-gnss-rs/src/main.rs:161)
274.976161 [INFO ] PPSGEN count=279 interval_ns=87614960 dev_ns=-912385040 phase_ns=1430184 (pico_gnss pico-gnss-rs/src/main.rs:246)
274.977815 [INFO ] NMEA $GNRMC,094307.000,A,0000.0000,N,00000.0000,E,0.27,144.18,080626,,,A*73 (pico_gnss pico-gnss-rs/src/main.rs:372)
274.980386 [INFO ] SYNC pps_local_us=274968265 unix_s=1780911787 drift_us=2 err_ns=3 holdover_ms=1999 (pico_gnss pico-gnss-rs/src/main.rs:403)
275.006741 [INFO ] NMEA $GPVTG,144.18,T,,M,0.27,N,0.50,K,A*35 (pico_gnss pico-gnss-rs/src/main.rs:372)
275.035772 [INFO ] NMEA $GPZDA,094307.000,08,06,2026,,*57 (pico_gnss pico-gnss-rs/src/main.rs:372)
275.079339 [INFO ] NMEA $GPGST,094307.000,8.0,23,14,90.1,14,23,28*7A (pico_gnss pico-gnss-rs/src/main.rs:372)
275.267604 [INFO ] NMEA $GPGGA,094308.000,0000.0000,N,00000.0000,E,1,7,1.38,36.2,M,39.0,M,,*69 (pico_gnss pico-gnss-rs/src/main.rs:372)
275.325960 [INFO ] NMEA $GNGLL,0000.0000,N,00000.0000,E,094308.000,A,A*42 (pico_gnss pico-gnss-rs/src/main.rs:372)
275.356352 [INFO ] TIME unix_ns=1780911787381713082 ppb=2407 holdover_ms=381 locked=1 (pico_gnss pico-gnss-rs/src/main.rs:195)
275.384680 [INFO ] NMEA $GNGSA,A,3,05,20,22,15,23,,,,,,,,1.66,1.38,0.93*1F (pico_gnss pico-gnss-rs/src/main.rs:372)
275.413979 [INFO ] NMEA $GNGSA,A,3,70,80,,,,,,,,,,,1.66,1.38,0.93*12 (pico_gnss pico-gnss-rs/src/main.rs:372)
275.498198 [INFO ] NMEA $GPGSV,4,1,14,24,83,267,,15,61,051,28,23,48,317,15,20,38,070,18*71 (pico_gnss pico-gnss-rs/src/main.rs:372)
275.556820 [INFO ] NMEA $GPGSV,4,2,14,18,36,246,,05,29,141,19,22,17,051,16,12,16,164,18*7F (pico_gnss pico-gnss-rs/src/main.rs:372)
275.615366 [INFO ] NMEA $GPGSV,4,3,14,10,13,317,,14,08,040,,21,01,136,16,193,,,*7E (pico_gnss pico-gnss-rs/src/main.rs:372)
275.673433 [INFO ] NMEA $GPGSV,4,4,14,194,,,,195,,,*7D (pico_gnss pico-gnss-rs/src/main.rs:372)
275.736151 [INFO ] NMEA $GLGSV,3,1,09,73,55,146,,71,47,340,,80,43,050,25,70,40,072,25*67 (pico_gnss pico-gnss-rs/src/main.rs:372)
275.794690 [INFO ] NMEA $GLGSV,3,2,09,86,24,264,,87,21,306,,74,15,183,,72,08,301,*6E (pico_gnss pico-gnss-rs/src/main.rs:372)
275.824017 [INFO ] NMEA $GLGSV,3,3,09,85,01,207,*55 (pico_gnss pico-gnss-rs/src/main.rs:372)
275.911367 [INFO ] NMEA $GNRMC,094308.000,A,0000.0000,N,00000.0000,E,0.46,144.18,080626,,,A*75 (pico_gnss pico-gnss-rs/src/main.rs:372)
275.940961 [INFO ] NMEA $GPVTG,144.18,T,,M,0.46,N,0.85,K,A*3A (pico_gnss pico-gnss-rs/src/main.rs:372)
275.974715 [INFO ] PPS count=278 interval_us=1000002 interval_ns=1000002400 state=Locked missed=0 (pico_gnss pico-gnss-rs/src/main.rs:161)
275.976247 [INFO ] PPSGEN count=280 interval_ns=1000002432 dev_ns=2432 phase_ns=1544590 (pico_gnss pico-gnss-rs/src/main.rs:246)
275.977032 [INFO ] NMEA $GPZDA,094308.000,08,06,2026,,*58 (pico_gnss pico-gnss-rs/src/main.rs:372)
276.015787 [INFO ] NMEA $GPGST,094308.000,8.1,23,14,89.6,14,23,28*7B (pico_gnss pico-gnss-rs/src/main.rs:372)
276.269163 [INFO ] NMEA $GPGGA,094309.000,0000.0000,N,00000.0000,E,1,7,1.38,36.4,M,39.0,M,,*63 (pico_gnss pico-gnss-rs/src/main.rs:372)
276.327515 [INFO ] NMEA $GNGLL,0000.0000,N,00000.0000,E,094309.000,A,A*4E (pico_gnss pico-gnss-rs/src/main.rs:372)
276.357982 [INFO ] TIME unix_ns=1780911788383338672 ppb=2406 holdover_ms=1383 locked=1 (pico_gnss pico-gnss-rs/src/main.rs:195)
276.386238 [INFO ] NMEA $GNGSA,A,3,05,20,22,15,23,,,,,,,,1.66,1.38,0.93*1F (pico_gnss pico-gnss-rs/src/main.rs:372)
276.439076 [INFO ] NMEA $GNGSA,A,3,70,80,,,,,,,,,,,1.66,1.38,0.93*12 (pico_gnss pico-gnss-rs/src/main.rs:372)
276.497701 [INFO ] NMEA $GPGSV,4,1,14,24,83,267,,15,61,051,28,23,48,317,15,20,38,070,18*71 (pico_gnss pico-gnss-rs/src/main.rs:372)
276.556360 [INFO ] NMEA $GPGSV,4,2,14,18,36,246,,05,29,141,19,22,17,051,16,12,16,164,18*7F (pico_gnss pico-gnss-rs/src/main.rs:372)
276.643624 [INFO ] NMEA $GPGSV,4,3,14,10,13,317,,14,08,040,,21,01,136,14,193,,,*7C (pico_gnss pico-gnss-rs/src/main.rs:372)
276.677039 [INFO ] NMEA $GPGSV,4,4,14,194,,,,195,,,*7D (pico_gnss pico-gnss-rs/src/main.rs:372)
276.735675 [INFO ] NMEA $GLGSV,3,1,09,73,55,146,,71,47,340,,80,43,050,25,70,40,072,25*67 (pico_gnss pico-gnss-rs/src/main.rs:372)
276.794220 [INFO ] NMEA $GLGSV,3,2,09,86,24,264,,87,21,306,,74,15,183,,72,08,301,*6E (pico_gnss pico-gnss-rs/src/main.rs:372)
276.823520 [INFO ] NMEA $GLGSV,3,3,09,85,01,207,*55 (pico_gnss pico-gnss-rs/src/main.rs:372)
276.910842 [INFO ] NMEA $GNRMC,094309.000,A,0000.0000,N,00000.0000,E,0.65,62.70,080626,,,A*43 (pico_gnss pico-gnss-rs/src/main.rs:372)
276.913414 [INFO ] SYNC pps_local_us=275968267 unix_s=1780911789 drift_us=2 err_ns=-6 holdover_ms=1000 (pico_gnss pico-gnss-rs/src/main.rs:403)
276.944373 [INFO ] NMEA $GPVTG,62.70,T,,M,0.65,N,1.21,K,A*0F (pico_gnss pico-gnss-rs/src/main.rs:372)
276.973665 [INFO ] NMEA $GPZDA,094309.000,08,06,2026,,*59 (pico_gnss pico-gnss-rs/src/main.rs:372)
276.975000 [INFO ] PPS count=279 interval_us=1000002 interval_ns=1000002400 state=Locked missed=0 (pico_gnss pico-gnss-rs/src/main.rs:161)
276.976478 [INFO ] PPSGEN count=281 interval_ns=1000002416 dev_ns=2416 phase_ns=1773590 (pico_gnss pico-gnss-rs/src/main.rs:246)
277.015292 [INFO ] NMEA $GPGST,094309.000,8.1,23,14,89.1,14,23,28*7D (pico_gnss pico-gnss-rs/src/main.rs:372)
277.359227 [INFO ] TIME unix_ns=1780911790384536669 ppb=2406 holdover_ms=1384 locked=1 (pico_gnss pico-gnss-rs/src/main.rs:195)
277.361134 [INFO ] NMEA $GPGGA,094310.000,0000.0000,N,00000.0000,E,1,7,1.38,36.6,M,39.0,M,,*63 (pico_gnss pico-gnss-rs/src/main.rs:372)
277.418708 [INFO ] NMEA $GNGLL,0000.0000,N,00000.0000,E,094310.000,A,A*4C (pico_gnss pico-gnss-rs/src/main.rs:372)
277.471934 [INFO ] NMEA $GNGSA,A,3,05,20,22,15,23,,,,,,,,1.66,1.38,0.93*1F (pico_gnss pico-gnss-rs/src/main.rs:372)
277.530224 [INFO ] NMEA $GNGSA,A,3,70,80,,,,,,,,,,,1.66,1.38,0.93*12 (pico_gnss pico-gnss-rs/src/main.rs:372)
277.588863 [INFO ] NMEA $GPGSV,4,1,14,24,83,267,,15,61,051,28,23,48,317,15,20,38,070,18*71 (pico_gnss pico-gnss-rs/src/main.rs:372)
277.647582 [INFO ] NMEA $GPGSV,4,2,14,18,36,246,,05,29,141,19,22,17,051,16,12,16,164,18*7F (pico_gnss pico-gnss-rs/src/main.rs:372)
277.734769 [INFO ] NMEA $GPGSV,4,3,14,10,13,317,,14,08,040,,21,01,136,13,193,,,*7B (pico_gnss pico-gnss-rs/src/main.rs:372)
277.768266 [INFO ] NMEA $GPGSV,4,4,14,194,,,,195,,,*7D (pico_gnss pico-gnss-rs/src/main.rs:372)
277.826903 [INFO ] NMEA $GLGSV,3,1,09,73,55,146,,71,47,340,,80,43,050,25,70,40,072,25*67 (pico_gnss pico-gnss-rs/src/main.rs:372)
277.885402 [INFO ] NMEA $GLGSV,3,2,09,86,24,264,,87,21,306,,74,15,183,,72,08,301,*6E (pico_gnss pico-gnss-rs/src/main.rs:372)
277.914648 [INFO ] NMEA $GLGSV,3,3,09,85,01,207,*55 (pico_gnss pico-gnss-rs/src/main.rs:372)
277.974667 [INFO ] PPS count=280 interval_us=1000002 interval_ns=1000002416 state=Locked missed=0 (pico_gnss pico-gnss-rs/src/main.rs:161)
277.976179 [INFO ] PPSGEN count=282 interval_ns=1000002432 dev_ns=2432 phase_ns=1461184 (pico_gnss pico-gnss-rs/src/main.rs:246)
278.006110 [INFO ] NMEA $GNRMC,094310.000,A,0000.0000,N,00000.0000,E,1.11,100.19,080626,,,A*79 (pico_gnss pico-gnss-rs/src/main.rs:372)
278.008695 [INFO ] SYNC pps_local_us=277968272 unix_s=1780911790 drift_us=2 err_ns=3 holdover_ms=1999 (pico_gnss pico-gnss-rs/src/main.rs:403)
278.035699 [INFO ] NMEA $GPVTG,100.19,T,,M,1.11,N,2.05,K,A*32 (pico_gnss pico-gnss-rs/src/main.rs:372)
278.064768 [INFO ] NMEA $GPZDA,094310.000,08,06,2026,,*51 (pico_gnss pico-gnss-rs/src/main.rs:372)
278.108381 [INFO ] NMEA $GPGST,094310.000,8.1,23,14,88.7,14,23,28*72 (pico_gnss pico-gnss-rs/src/main.rs:372)
278.296268 [INFO ] NMEA $GPGGA,094311.000,0000.0000,N,00000.0000,E,1,7,1.38,36.6,M,39.0,M,,*6C (pico_gnss pico-gnss-rs/src/main.rs:372)
278.354615 [INFO ] NMEA $GNGLL,0000.0000,N,00000.0000,E,094311.000,A,A*43 (pico_gnss pico-gnss-rs/src/main.rs:372)
278.360803 [INFO ] TIME unix_ns=1780911790386177071 ppb=2407 holdover_ms=386 locked=1 (pico_gnss pico-gnss-rs/src/main.rs:195)
278.405880 [INFO ] NMEA $GNGSA,A,3,05,20,22,15,23,,,,,,,,1.66,1.38,0.93*1F (pico_gnss pico-gnss-rs/src/main.rs:372)
278.464146 [INFO ] NMEA $GNGSA,A,3,70,80,,,,,,,,,,,1.66,1.38,0.93*12 (pico_gnss pico-gnss-rs/src/main.rs:372)
278.522745 [INFO ] NMEA $GPGSV,4,1,14,24,83,267,,15,61,051,28,23,48,317,14,20,38,070,18*70 (pico_gnss pico-gnss-rs/src/main.rs:372)
278.581398 [INFO ] NMEA $GPGSV,4,2,14,18,36,246,,05,29,141,19,22,17,051,16,12,16,164,18*7F (pico_gnss pico-gnss-rs/src/main.rs:372)
278.644030 [INFO ] NMEA $GPGSV,4,3,14,10,13,317,,14,08,040,,21,01,136,14,193,,,*7C (pico_gnss pico-gnss-rs/src/main.rs:372)
278.702108 [INFO ] NMEA $GPGSV,4,4,14,194,,,,195,,,*7D (pico_gnss pico-gnss-rs/src/main.rs:372)
278.760754 [INFO ] NMEA $GLGSV,3,1,09,73,55,146,,71,47,340,,80,43,050,25,70,40,072,25*67 (pico_gnss pico-gnss-rs/src/main.rs:372)
278.819249 [INFO ] NMEA $GLGSV,3,2,09,86,24,264,,87,21,306,,74,15,183,,72,08,301,*6E (pico_gnss pico-gnss-rs/src/main.rs:372)
278.848572 [INFO ] NMEA $GLGSV,3,3,09,85,01,207,*55 (pico_gnss pico-gnss-rs/src/main.rs:372)
278.939954 [INFO ] NMEA $GNRMC,094311.000,A,0000.0000,N,00000.0000,E,1.21,115.77,080626,,,A*79 (pico_gnss pico-gnss-rs/src/main.rs:372)
278.969566 [INFO ] NMEA $GPVTG,115.77,T,,M,1.21,N,2.25,K,A*3F (pico_gnss pico-gnss-rs/src/main.rs:372)
278.974688 [INFO ] PPS count=281 interval_us=1000002 interval_ns=1000002400 state=Locked missed=0 (pico_gnss pico-gnss-rs/src/main.rs:161)
278.976208 [INFO ] PPSGEN count=283 interval_ns=1000002416 dev_ns=2416 phase_ns=1491591 (pico_gnss pico-gnss-rs/src/main.rs:246)
278.998993 [INFO ] NMEA $GPZDA,094311.000,08,06,2026,,*50 (pico_gnss pico-gnss-rs/src/main.rs:372)
279.044475 [INFO ] NMEA $GPGST,094311.000,8.1,23,14,88.4,14,23,28*70 (pico_gnss pico-gnss-rs/src/main.rs:372)
279.245380 [INFO ] NMEA $GPGGA,094312.000,0000.0000,N,00000.0000,E,1,7,1.38,36.7,M,39.0,M,,*65 (pico_gnss pico-gnss-rs/src/main.rs:372)
279.294479 [INFO ] NMEA $GNGLL,0000.0000,N,00000.0000,E,094312.000,A,A*4B (pico_gnss pico-gnss-rs/src/main.rs:372)
279.352843 [INFO ] NMEA $GNGSA,A,3,05,20,22,15,23,,,,,,,,1.66,1.38,0.93*1F (pico_gnss pico-gnss-rs/src/main.rs:372)
279.362016 [INFO ] TIME unix_ns=1780911791387371662 ppb=2406 holdover_ms=1387 locked=1 (pico_gnss pico-gnss-rs/src/main.rs:195)
279.411226 [INFO ] NMEA $GNGSA,A,3,70,80,,,,,,,,,,,1.66,1.38,0.93*12 (pico_gnss pico-gnss-rs/src/main.rs:372)
279.469788 [INFO ] NMEA $GPGSV,4,1,14,24,83,267,,15,61,051,28,23,48,317,14,20,38,070,18*70 (pico_gnss pico-gnss-rs/src/main.rs:372)
279.557106 [INFO ] NMEA $GPGSV,4,2,14,18,36,246,,05,29,141,19,22,17,051,16,12,16,164,18*7F (pico_gnss pico-gnss-rs/src/main.rs:372)
279.619824 [INFO ] NMEA $GPGSV,4,3,14,10,13,317,,14,08,040,,21,01,136,14,193,,,*7C (pico_gnss pico-gnss-rs/src/main.rs:372)
279.649220 [INFO ] NMEA $GPGSV,4,4,14,194,,,,195,,,*7D (pico_gnss pico-gnss-rs/src/main.rs:372)
279.707720 [INFO ] NMEA $GLGSV,3,1,09,73,55,146,,71,47,340,,80,43,050,25,70,40,072,24*66 (pico_gnss pico-gnss-rs/src/main.rs:372)
279.766309 [INFO ] NMEA $GLGSV,3,2,09,86,24,264,,87,21,306,,74,15,183,,72,08,301,*6E (pico_gnss pico-gnss-rs/src/main.rs:372)
279.795627 [INFO ] NMEA $GLGSV,3,3,09,85,01,207,*55 (pico_gnss pico-gnss-rs/src/main.rs:372)
279.887096 [INFO ] NMEA $GNRMC,094312.000,A,0000.0000,N,00000.0000,E,1.93,108.29,080626,,,A*7F (pico_gnss pico-gnss-rs/src/main.rs:372)
279.889647 [INFO ] SYNC pps_local_us=278968274 unix_s=1780911792 drift_us=2 err_ns=-6 holdover_ms=1000 (pico_gnss pico-gnss-rs/src/main.rs:403)
279.916761 [INFO ] NMEA $GPVTG,108.29,T,,M,1.93,N,3.58,K,A*3A (pico_gnss pico-gnss-rs/src/main.rs:372)
279.945834 [INFO ] NMEA $GPZDA,094312.000,08,06,2026,,*53 (pico_gnss pico-gnss-rs/src/main.rs:372)
279.974944 [INFO ] PPS count=282 interval_us=1000002 interval_ns=1000002416 state=Locked missed=0 (pico_gnss pico-gnss-rs/src/main.rs:161)
279.991600 [INFO ] PPSGEN count=284 interval_ns=1016132080 dev_ns=16132080 phase_ns=16852553 (pico_gnss pico-gnss-rs/src/main.rs:246)
279.993991 [INFO ] NMEA $GPGST,094312.000,8.2,23,14,88.0,15,23,28*75 (pico_gnss pico-gnss-rs/src/main.rs:372)
280.326377 [INFO ] NMEA $GPGGA,094313.000,0000.0000,N,00000.0000,E,1,7,1.38,36.7,M,39.0,M,,*6C (pico_gnss pico-gnss-rs/src/main.rs:372)
280.363256 [INFO ] TIME unix_ns=1780911793388570659 ppb=2407 holdover_ms=1388 locked=1 (pico_gnss pico-gnss-rs/src/main.rs:195)
280.373763 [INFO ] NMEA $GNGLL,0000.0000,N,00000.0000,E,094313.000,A,A*42 (pico_gnss pico-gnss-rs/src/main.rs:372)
280.431854 [INFO ] NMEA $GNGSA,A,3,05,20,22,15,23,,,,,,,,1.66,1.38,0.93*1F (pico_gnss pico-gnss-rs/src/main.rs:372)
280.490171 [INFO ] NMEA $GNGSA,A,3,70,80,,,,,,,,,,,1.66,1.38,0.93*12 (pico_gnss pico-gnss-rs/src/main.rs:372)
280.548766 [INFO ] NMEA $GPGSV,4,1,14,24,83,267,,15,61,051,28,23,48,317,13,20,38,070,18*77 (pico_gnss pico-gnss-rs/src/main.rs:372)
280.611514 [INFO ] NMEA $GPGSV,4,2,14,18,36,246,,05,29,141,19,22,17,051,16,12,16,164,18*7F (pico_gnss pico-gnss-rs/src/main.rs:372)
280.698787 [INFO ] NMEA $GPGSV,4,3,14,10,13,317,,14,08,040,,21,01,136,15,193,,,*7D (pico_gnss pico-gnss-rs/src/main.rs:372)
280.728188 [INFO ] NMEA $GPGSV,4,4,14,194,,,,195,,,*7D (pico_gnss pico-gnss-rs/src/main.rs:372)
280.786712 [INFO ] NMEA $GLGSV,3,1,09,73,55,146,,71,47,340,,80,43,050,25,70,40,072,25*67 (pico_gnss pico-gnss-rs/src/main.rs:372)
280.845276 [INFO ] NMEA $GLGSV,3,2,09,86,24,264,,87,21,306,,74,15,183,,72,08,301,*6E (pico_gnss pico-gnss-rs/src/main.rs:372)
280.878691 [INFO ] NMEA $GLGSV,3,3,09,85,01,207,*55 (pico_gnss pico-gnss-rs/src/main.rs:372)
280.965970 [INFO ] NMEA $GNRMC,094313.000,A,0000.0000,N,00000.0000,E,1.56,97.99,080626,,,A*43 (pico_gnss pico-gnss-rs/src/main.rs:372)
280.968534 [INFO ] SYNC pps_local_us=279968277 unix_s=1780911793 drift_us=2 err_ns=10 holdover_ms=1000 (pico_gnss pico-gnss-rs/src/main.rs:403)
280.974761 [INFO ] PPS count=283 interval_us=1000002 interval_ns=1000002400 state=Locked missed=0 (pico_gnss pico-gnss-rs/src/main.rs:161)
280.991477 [INFO ] PPSGEN count=285 interval_ns=1000002416 dev_ns=2416 phase_ns=16557554 (pico_gnss pico-gnss-rs/src/main.rs:246)
280.995783 [INFO ] NMEA $GPVTG,97.99,T,,M,1.56,N,2.89,K,A*02 (pico_gnss pico-gnss-rs/src/main.rs:372)
281.024725 [INFO ] NMEA $GPZDA,094313.000,08,06,2026,,*52 (pico_gnss pico-gnss-rs/src/main.rs:372)
281.072519 [INFO ] NMEA $GPGST,094313.000,8.2,23,15,88.0,15,23,28*75 (pico_gnss pico-gnss-rs/src/main.rs:372)
281.265099 [INFO ] NMEA $GPGGA,094314.000,0000.0000,N,00000.0000,E,1,7,1.38,36.7,M,39.0,M,,*61 (pico_gnss pico-gnss-rs/src/main.rs:372)
281.323481 [INFO ] NMEA $GNGLL,0000.0000,N,00000.0000,E,094314.000,A,A*4F (pico_gnss pico-gnss-rs/src/main.rs:372)
281.364478 [INFO ] TIME unix_ns=1780911794389550657 ppb=2406 holdover_ms=1389 locked=1 (pico_gnss pico-gnss-rs/src/main.rs:195)
281.382163 [INFO ] NMEA $GNGSA,A,3,05,20,22,15,23,,,,,,,,1.66,1.38,0.93*1F (pico_gnss pico-gnss-rs/src/main.rs:372)
281.440200 [INFO ] NMEA $GNGSA,A,3,70,80,,,,,,,,,,,1.66,1.38,0.93*12 (pico_gnss pico-gnss-rs/src/main.rs:372)
281.498794 [INFO ] NMEA $GPGSV,4,1,14,24,83,267,,15,61,051,28,23,48,317,12,20,38,070,18*76 (pico_gnss pico-gnss-rs/src/main.rs:372)
281.561550 [INFO ] NMEA $GPGSV,4,2,14,18,36,246,,05,29,141,19,22,17,051,16,12,16,164,18*7F (pico_gnss pico-gnss-rs/src/main.rs:372)
281.648851 [INFO ] NMEA $GPGSV,4,3,14,10,13,317,,14,08,040,,21,01,136,14,193,,,*7C (pico_gnss pico-gnss-rs/src/main.rs:372)
281.678227 [INFO ] NMEA $GPGSV,4,4,14,194,,,,195,,,*7D (pico_gnss pico-gnss-rs/src/main.rs:372)
281.736758 [INFO ] NMEA $GLGSV,3,1,09,73,55,146,,71,47,340,,80,43,050,25,70,40,072,25*67 (pico_gnss pico-gnss-rs/src/main.rs:372)
281.799396 [INFO ] NMEA $GLGSV,3,2,09,86,24,264,,87,21,306,,74,15,183,,72,08,301,*6E (pico_gnss pico-gnss-rs/src/main.rs:372)
281.828782 [INFO ] NMEA $GLGSV,3,3,09,85,01,207,*55 (pico_gnss pico-gnss-rs/src/main.rs:372)
281.916084 [INFO ] NMEA $GNRMC,094314.000,A,0000.0000,N,00000.0000,E,0.89,107.43,080626,,,A*72 (pico_gnss pico-gnss-rs/src/main.rs:372)
281.918653 [INFO ] SYNC pps_local_us=280968279 unix_s=1780911794 drift_us=2 err_ns=-6 holdover_ms=999 (pico_gnss pico-gnss-rs/src/main.rs:403)
281.945771 [INFO ] NMEA $GPVTG,107.43,T,,M,0.89,N,1.64,K,A*3E (pico_gnss pico-gnss-rs/src/main.rs:372)
281.974767 [INFO ] PPS count=284 interval_us=1000002 interval_ns=1000002400 state=Locked missed=0 (pico_gnss pico-gnss-rs/src/main.rs:161)
281.976361 [INFO ] NMEA $GPZDA,094314.000,08,06,2026,,*55 (pico_gnss pico-gnss-rs/src/main.rs:372)
281.991593 [INFO ] PPSGEN count=286 interval_ns=1000002432 dev_ns=2432 phase_ns=16770554 (pico_gnss pico-gnss-rs/src/main.rs:246)
282.024823 [INFO ] NMEA $GPGST,094314.000,8.2,23,15,87.7,15,23,28*7A (pico_gnss pico-gnss-rs/src/main.rs:372)
282.277916 [INFO ] NMEA $GPGGA,094315.000,0000.0000,N,00000.0000,E,1,7,1.38,36.7,M,39.0,M,,*64 (pico_gnss pico-gnss-rs/src/main.rs:372)
282.336259 [INFO ] NMEA $GNGLL,0000.0000,N,00000.0000,E,094315.000,A,A*4A (pico_gnss pico-gnss-rs/src/main.rs:372)
282.366467 [INFO ] TIME unix_ns=1780911795391708652 ppb=2406 holdover_ms=1391 locked=1 (pico_gnss pico-gnss-rs/src/main.rs:195)
282.395000 [INFO ] NMEA $GNGSA,A,3,05,20,22,15,23,,,,,,,,1.66,1.38,0.93*1F (pico_gnss pico-gnss-rs/src/main.rs:372)
282.452974 [INFO ] NMEA $GNGSA,A,3,70,80,,,,,,,,,,,1.66,1.38,0.93*12 (pico_gnss pico-gnss-rs/src/main.rs:372)
282.515701 [INFO ] NMEA $GPGSV,4,1,14,24,83,267,,15,61,051,28,23,48,317,11,20,38,070,18*75 (pico_gnss pico-gnss-rs/src/main.rs:372)
282.603111 [INFO ] NMEA $GPGSV,4,2,14,18,36,246,,05,29,141,19,22,17,051,16,12,16,164,18*7F (pico_gnss pico-gnss-rs/src/main.rs:372)
282.661651 [INFO ] NMEA $GPGSV,4,3,14,10,13,317,,14,08,040,,21,01,136,14,193,,,*7C (pico_gnss pico-gnss-rs/src/main.rs:372)
282.691046 [INFO ] NMEA $GPGSV,4,4,14,194,,,,195,,,*7D (pico_gnss pico-gnss-rs/src/main.rs:372)
282.749555 [INFO ] NMEA $GLGSV,3,1,09,73,55,146,,71,47,340,,80,43,050,25,70,40,072,25*67 (pico_gnss pico-gnss-rs/src/main.rs:372)
282.812229 [INFO ] NMEA $GLGSV,3,2,09,86,24,264,,87,21,306,,74,15,183,,72,08,301,*6E (pico_gnss pico-gnss-rs/src/main.rs:372)
282.841569 [INFO ] NMEA $GLGSV,3,3,09,85,01,207,*55 (pico_gnss pico-gnss-rs/src/main.rs:372)
282.928826 [INFO ] NMEA $GNRMC,094315.000,A,0000.0000,N,00000.0000,E,0.60,356.92,080626,,,A*7A (pico_gnss pico-gnss-rs/src/main.rs:372)
282.931403 [INFO ] SYNC pps_local_us=281968282 unix_s=1780911795 drift_us=2 err_ns=-6 holdover_ms=999 (pico_gnss pico-gnss-rs/src/main.rs:403)
282.958506 [INFO ] NMEA $GPVTG,356.92,T,,M,0.60,N,1.10,K,A*30 (pico_gnss pico-gnss-rs/src/main.rs:372)
282.974694 [INFO ] PPS count=285 interval_us=1000002 interval_ns=1000002400 state=Locked missed=0 (pico_gnss pico-gnss-rs/src/main.rs:161)
282.987731 [INFO ] NMEA $GPZDA,094315.000,08,06,2026,,*54 (pico_gnss pico-gnss-rs/src/main.rs:372)
282.991650 [INFO ] PPSGEN count=287 interval_ns=1000002416 dev_ns=2416 phase_ns=16771554 (pico_gnss pico-gnss-rs/src/main.rs:246)
283.039856 [INFO ] NMEA $GPGST,094315.000,8.3,23,15,87.7,15,23,28*7A (pico_gnss pico-gnss-rs/src/main.rs:372)
283.194310 [INFO ] NMEA $GPGGA,094316.000,0000.0000,N,00000.0000,E,1,6,3.32,36.7,M,39.0,M,,*66 (pico_gnss pico-gnss-rs/src/main.rs:372)
283.252673 [INFO ] NMEA $GNGLL,0000.0000,N,00000.0000,E,094316.000,A,A*41 (pico_gnss pico-gnss-rs/src/main.rs:372)
283.311060 [INFO ] NMEA $GNGSA,A,3,05,20,22,15,,,,,,,,,3.45,3.32,0.95*13 (pico_gnss pico-gnss-rs/src/main.rs:372)
283.340597 [INFO ] NMEA $GNGSA,A,3,70,80,,,,,,,,,,,3.45,3.32,0.95*1F (pico_gnss pico-gnss-rs/src/main.rs:372)
283.367688 [INFO ] TIME unix_ns=1780911796392949649 ppb=2406 holdover_ms=1392 locked=1 (pico_gnss pico-gnss-rs/src/main.rs:195)
283.416637 [INFO ] NMEA $GPGSV,4,1,14,24,83,267,,15,61,051,28,23,48,317,,20,38,070,18*75 (pico_gnss pico-gnss-rs/src/main.rs:372)
283.475290 [INFO ] NMEA $GPGSV,4,2,14,18,36,246,,05,29,141,20,22,17,051,16,12,16,164,18*75 (pico_gnss pico-gnss-rs/src/main.rs:372)
283.562572 [INFO ] NMEA $GPGSV,4,3,14,10,13,317,,14,08,040,,21,01,136,15,193,,,*7D (pico_gnss pico-gnss-rs/src/main.rs:372)
283.591947 [INFO ] NMEA $GPGSV,4,4,14,194,,,,195,,,*7D (pico_gnss pico-gnss-rs/src/main.rs:372)
283.654565 [INFO ] NMEA $GLGSV,3,1,09,73,55,146,,71,47,340,,80,43,050,25,70,40,072,25*67 (pico_gnss pico-gnss-rs/src/main.rs:372)
283.713133 [INFO ] NMEA $GLGSV,3,2,09,86,24,264,,87,21,306,,74,15,183,,72,08,301,*6E (pico_gnss pico-gnss-rs/src/main.rs:372)
283.742476 [INFO ] NMEA $GLGSV,3,3,09,85,01,207,*55 (pico_gnss pico-gnss-rs/src/main.rs:372)
283.829864 [INFO ] NMEA $GNRMC,094316.000,A,0000.0000,N,00000.0000,E,0.55,356.92,080626,,,A*77 (pico_gnss pico-gnss-rs/src/main.rs:372)
283.832442 [INFO ] SYNC pps_local_us=282968284 unix_s=1780911796 drift_us=2 err_ns=-6 holdover_ms=999 (pico_gnss pico-gnss-rs/src/main.rs:403)
283.859612 [INFO ] NMEA $GPVTG,356.92,T,,M,0.55,N,1.02,K,A*35 (pico_gnss pico-gnss-rs/src/main.rs:372)
283.888660 [INFO ] NMEA $GPZDA,094316.000,08,06,2026,,*57 (pico_gnss pico-gnss-rs/src/main.rs:372)
283.938502 [INFO ] NMEA $GPGST,094316.000,8.3,24,14,88.3,14,24,28*72 (pico_gnss pico-gnss-rs/src/main.rs:372)
283.974685 [INFO ] PPS count=286 interval_us=1000002 interval_ns=1000002416 state=Locked missed=0 (pico_gnss pico-gnss-rs/src/main.rs:161)
283.991497 [INFO ] PPSGEN count=288 interval_ns=1000002432 dev_ns=2432 phase_ns=16778554 (pico_gnss pico-gnss-rs/src/main.rs:246)
284.244612 [INFO ] NMEA $GPGGA,094317.000,0000.0000,N,00000.0000,E,1,6,3.32,36.8,M,39.0,M,,*66 (pico_gnss pico-gnss-rs/src/main.rs:372)
284.302931 [INFO ] NMEA $GNGLL,0000.0000,N,00000.0000,E,094317.000,A,A*4E (pico_gnss pico-gnss-rs/src/main.rs:372)
284.361309 [INFO ] NMEA $GNGSA,A,3,05,20,22,15,,,,,,,,,3.45,3.32,0.95*13 (pico_gnss pico-gnss-rs/src/main.rs:372)
284.368900 [INFO ] TIME unix_ns=1780911797394218646 ppb=2406 holdover_ms=1394 locked=1 (pico_gnss pico-gnss-rs/src/main.rs:195)
284.410396 [INFO ] NMEA $GNGSA,A,3,70,80,,,,,,,,,,,3.45,3.32,0.95*1F (pico_gnss pico-gnss-rs/src/main.rs:372)
284.468928 [INFO ] NMEA $GPGSV,4,1,14,24,83,267,,15,61,051,27,23,48,317,,20,38,070,18*7A (pico_gnss pico-gnss-rs/src/main.rs:372)
284.527573 [INFO ] NMEA $GPGSV,4,2,14,18,36,246,,05,29,141,21,22,17,051,16,12,16,164,18*74 (pico_gnss pico-gnss-rs/src/main.rs:372)
284.614830 [INFO ] NMEA $GPGSV,4,3,14,10,13,317,,14,08,040,,21,01,136,13,193,,,*7B (pico_gnss pico-gnss-rs/src/main.rs:372)
284.644221 [INFO ] NMEA $GPGSV,4,4,14,194,,,,195,,,*7D (pico_gnss pico-gnss-rs/src/main.rs:372)
284.706851 [INFO ] NMEA $GLGSV,3,1,09,73,55,146,,71,47,340,,80,43,050,25,70,40,072,25*67 (pico_gnss pico-gnss-rs/src/main.rs:372)
284.765441 [INFO ] NMEA $GLGSV,3,2,09,86,24,264,,87,21,306,,74,15,183,,72,08,301,*6E (pico_gnss pico-gnss-rs/src/main.rs:372)
284.794764 [INFO ] NMEA $GLGSV,3,3,09,85,01,207,*55 (pico_gnss pico-gnss-rs/src/main.rs:372)
284.882129 [INFO ] NMEA $GNRMC,094317.000,A,0000.0000,N,00000.0000,E,0.54,356.92,080626,,,A*79 (pico_gnss pico-gnss-rs/src/main.rs:372)
284.884686 [INFO ] SYNC pps_local_us=283968286 unix_s=1780911797 drift_us=2 err_ns=10 holdover_ms=999 (pico_gnss pico-gnss-rs/src/main.rs:403)
284.911796 [INFO ] NMEA $GPVTG,356.92,T,,M,0.54,N,1.00,K,A*36 (pico_gnss pico-gnss-rs/src/main.rs:372)
284.944866 [INFO ] NMEA $GPZDA,094317.000,08,06,2026,,*56 (pico_gnss pico-gnss-rs/src/main.rs:372)
284.974712 [INFO ] PPS count=287 interval_us=1000002 interval_ns=1000002400 state=Locked missed=0 (pico_gnss pico-gnss-rs/src/main.rs:161)
284.988765 [INFO ] NMEA $GPGST,094317.000,8.4,24,14,88.5,14,24,28*72 (pico_gnss pico-gnss-rs/src/main.rs:372)
284.991589 [INFO ] PPSGEN count=289 interval_ns=1000002416 dev_ns=2416 phase_ns=16842554 (pico_gnss pico-gnss-rs/src/main.rs:246)
285.294462 [INFO ] NMEA $GPGGA,094318.000,0000.0000,N,00000.0000,E,1,6,3.32,36.9,M,39.0,M,,*68 (pico_gnss pico-gnss-rs/src/main.rs:372)
285.352785 [INFO ] NMEA $GNGLL,0000.0000,N,00000.0000,E,094318.000,A,A*41 (pico_gnss pico-gnss-rs/src/main.rs:372)
285.370096 [INFO ] TIME unix_ns=1780911798395440643 ppb=2406 holdover_ms=1395 locked=1 (pico_gnss pico-gnss-rs/src/main.rs:195)
285.411211 [INFO ] NMEA $GNGSA,A,3,05,20,22,15,,,,,,,,,3.45,3.32,0.95*13 (pico_gnss pico-gnss-rs/src/main.rs:372)
285.462248 [INFO ] NMEA $GNGSA,A,3,70,80,,,,,,,,,,,3.45,3.32,0.95*1F (pico_gnss pico-gnss-rs/src/main.rs:372)
285.520831 [INFO ] NMEA $GPGSV,4,1,14,24,83,267,,15,61,051,27,23,48,317,,20,38,070,18*7A (pico_gnss pico-gnss-rs/src/main.rs:372)
285.579494 [INFO ] NMEA $GPGSV,4,2,14,18,36,246,,05,29,141,21,22,17,051,16,12,16,164,18*74 (pico_gnss pico-gnss-rs/src/main.rs:372)
285.638004 [INFO ] NMEA $GPGSV,4,3,14,10,13,317,,14,08,040,,21,01,136,14,193,,,*7C (pico_gnss pico-gnss-rs/src/main.rs:372)
285.696047 [INFO ] NMEA $GPGSV,4,4,14,194,,,,195,,,*7D (pico_gnss pico-gnss-rs/src/main.rs:372)
285.758816 [INFO ] NMEA $GLGSV,3,1,09,73,55,146,,71,47,340,,80,43,050,25,70,40,072,25*67 (pico_gnss pico-gnss-rs/src/main.rs:372)
285.817354 [INFO ] NMEA $GLGSV,3,2,09,86,24,264,,87,21,306,,74,15,183,,72,08,301,*6E (pico_gnss pico-gnss-rs/src/main.rs:372)
285.846660 [INFO ] NMEA $GLGSV,3,3,09,85,01,207,*55 (pico_gnss pico-gnss-rs/src/main.rs:372)
285.933949 [INFO ] NMEA $GNRMC,094318.000,A,0000.0000,N,00000.0000,E,0.37,356.92,080626,,,A*73 (pico_gnss pico-gnss-rs/src/main.rs:372)
285.936531 [INFO ] SYNC pps_local_us=284968289 unix_s=1780911798 drift_us=2 err_ns=-6 holdover_ms=1000 (pico_gnss pico-gnss-rs/src/main.rs:403)
285.967491 [INFO ] NMEA $GPVTG,356.92,T,,M,0.37,N,0.69,K,A*3D (pico_gnss pico-gnss-rs/src/main.rs:372)
285.974697 [INFO ] PPS count=288 interval_us=1000002 interval_ns=1000002416 state=Locked missed=0 (pico_gnss pico-gnss-rs/src/main.rs:161)
285.991514 [INFO ] PPSGEN count=290 interval_ns=1000002432 dev_ns=2432 phase_ns=16796554 (pico_gnss pico-gnss-rs/src/main.rs:246)
285.997101 [INFO ] NMEA $GPZDA,094318.000,08,06,2026,,*59 (pico_gnss pico-gnss-rs/src/main.rs:372)
286.038357 [INFO ] NMEA $GPGST,094318.000,8.4,24,15,88.5,15,24,28*7D (pico_gnss pico-gnss-rs/src/main.rs:372)
286.221555 [INFO ] NMEA $GPGGA,094319.000,0000.0000,N,00000.0000,E,1,6,3.32,37.0,M,39.0,M,,*6E (pico_gnss pico-gnss-rs/src/main.rs:372)
286.279922 [INFO ] NMEA $GNGLL,0000.0000,N,00000.0000,E,094319.000,A,A*4F (pico_gnss pico-gnss-rs/src/main.rs:372)
286.333110 [INFO ] NMEA $GNGSA,A,3,05,20,22,15,,,,,,,,,3.45,3.32,0.95*13 (pico_gnss pico-gnss-rs/src/main.rs:372)
286.362681 [INFO ] NMEA $GNGSA,A,3,70,80,,,,,,,,,,,3.45,3.32,0.95*1F (pico_gnss pico-gnss-rs/src/main.rs:372)
286.371306 [INFO ] TIME unix_ns=1780911799396615640 ppb=2406 holdover_ms=1396 locked=1 (pico_gnss pico-gnss-rs/src/main.rs:195)
286.450029 [INFO ] NMEA $GPGSV,4,1,14,24,83,267,,15,61,051,27,23,48,317,,20,38,070,18*7A (pico_gnss pico-gnss-rs/src/main.rs:372)
286.508693 [INFO ] NMEA $GPGSV,4,2,14,18,36,246,,05,29,141,21,22,17,051,16,12,16,164,18*74 (pico_gnss pico-gnss-rs/src/main.rs:372)
286.567200 [INFO ] NMEA $GPGSV,4,3,14,10,13,317,,14,08,040,17,21,01,136,16,193,,,*78 (pico_gnss pico-gnss-rs/src/main.rs:372)
286.600624 [INFO ] NMEA $GPGSV,4,4,14,194,,,,195,,,*7D (pico_gnss pico-gnss-rs/src/main.rs:372)
286.688025 [INFO ] NMEA $GLGSV,3,1,09,73,55,146,,71,47,340,,80,43,050,25,70,40,072,25*67 (pico_gnss pico-gnss-rs/src/main.rs:372)
286.746577 [INFO ] NMEA $GLGSV,3,2,09,86,24,264,,87,21,306,,74,15,183,,72,08,301,*6E (pico_gnss pico-gnss-rs/src/main.rs:372)
286.775879 [INFO ] NMEA $GLGSV,3,3,09,85,01,207,*55 (pico_gnss pico-gnss-rs/src/main.rs:372)
286.863212 [INFO ] NMEA $GNRMC,094319.000,A,0000.0000,N,00000.0000,E,1.25,317.46,080626,,,A*73 (pico_gnss pico-gnss-rs/src/main.rs:372)
286.865772 [INFO ] SYNC pps_local_us=285968291 unix_s=1780911799 drift_us=2 err_ns=10 holdover_ms=999 (pico_gnss pico-gnss-rs/src/main.rs:403)
286.896815 [INFO ] NMEA $GPVTG,317.46,T,,M,1.25,N,2.31,K,A*3C (pico_gnss pico-gnss-rs/src/main.rs:372)
286.926145 [INFO ] NMEA $GPZDA,094319.000,08,06,2026,,*58 (pico_gnss pico-gnss-rs/src/main.rs:372)
286.967676 [INFO ] NMEA $GPGST,094319.000,8.4,25,15,88.5,15,25,28*7C (pico_gnss pico-gnss-rs/src/main.rs:372)
286.974693 [INFO ] PPS count=289 interval_us=1000002 interval_ns=1000002400 state=Locked missed=0 (pico_gnss pico-gnss-rs/src/main.rs:161)
286.991522 [INFO ] PPSGEN count=291 interval_ns=1000002416 dev_ns=2416 phase_ns=16796554 (pico_gnss pico-gnss-rs/src/main.rs:246)
287.278329 [INFO ] NMEA $GPGGA,094320.000,0000.0000,N,00000.0000,E,1,7,3.24,37.1,M,39.0,M,,*67 (pico_gnss pico-gnss-rs/src/main.rs:372)
287.336641 [INFO ] NMEA $GNGLL,0000.0000,N,00000.0000,E,094320.000,A,A*41 (pico_gnss pico-gnss-rs/src/main.rs:372)
287.372540 [INFO ] TIME unix_ns=1780911800397826637 ppb=2406 holdover_ms=1397 locked=1 (pico_gnss pico-gnss-rs/src/main.rs:195)
287.390184 [INFO ] NMEA $GNGSA,A,3,05,20,14,22,15,,,,,,,,3.36,3.24,0.89*18 (pico_gnss pico-gnss-rs/src/main.rs:372)
287.448207 [INFO ] NMEA $GNGSA,A,3,70,80,,,,,,,,,,,3.36,3.24,0.89*11 (pico_gnss pico-gnss-rs/src/main.rs:372)
287.506817 [INFO ] NMEA $GPGSV,4,1,14,24,83,267,14,15,61,051,27,23,48,317,,20,38,070,18*7F (pico_gnss pico-gnss-rs/src/main.rs:372)
287.565484 [INFO ] NMEA $GPGSV,4,2,14,18,36,246,,05,29,141,21,22,17,051,16,12,16,164,18*74 (pico_gnss pico-gnss-rs/src/main.rs:372)
287.628151 [INFO ] NMEA $GPGSV,4,3,14,10,13,317,,14,08,040,17,21,01,136,15,193,,,*7B (pico_gnss pico-gnss-rs/src/main.rs:372)
287.686230 [INFO ] NMEA $GPGSV,4,4,14,194,,,,195,,,*7D (pico_gnss pico-gnss-rs/src/main.rs:372)
287.744839 [INFO ] NMEA $GLGSV,3,1,09,73,55,146,,71,47,340,,80,43,050,25,70,40,072,25*67 (pico_gnss pico-gnss-rs/src/main.rs:372)
287.803342 [INFO ] NMEA $GLGSV,3,2,09,86,24,264,,87,21,306,,74,15,183,,72,08,301,*6E (pico_gnss pico-gnss-rs/src/main.rs:372)
287.832685 [INFO ] NMEA $GLGSV,3,3,09,85,01,207,*55 (pico_gnss pico-gnss-rs/src/main.rs:372)
287.924079 [INFO ] NMEA $GNRMC,094320.000,A,0000.0000,N,00000.0000,E,0.66,312.38,080626,,,A*77 (pico_gnss pico-gnss-rs/src/main.rs:372)
287.926627 [INFO ] SYNC pps_local_us=286968294 unix_s=1780911800 drift_us=2 err_ns=-6 holdover_ms=999 (pico_gnss pico-gnss-rs/src/main.rs:403)
287.953781 [INFO ] NMEA $GPVTG,312.38,T,,M,0.66,N,1.22,K,A*37 (pico_gnss pico-gnss-rs/src/main.rs:372)
287.974702 [INFO ] PPS count=290 interval_us=1000002 interval_ns=1000002416 state=Locked missed=0 (pico_gnss pico-gnss-rs/src/main.rs:161)
287.981357 [INFO ] PPSGEN count=292 interval_ns=989838896 dev_ns=-10161104 phase_ns=6638578 (pico_gnss pico-gnss-rs/src/main.rs:246)
287.983343 [INFO ] NMEA $GPZDA,094320.000,08,06,2026,,*52 (pico_gnss pico-gnss-rs/src/main.rs:372)
288.028588 [INFO ] NMEA $GPGST,094320.000,8.4,25,14,88.2,14,25,26*7F (pico_gnss pico-gnss-rs/src/main.rs:372)
288.246379 [INFO ] NMEA $GPGGA,094321.000,0000.0000,N,00000.0000,E,1,7,3.24,37.3,M,39.0,M,,*61 (pico_gnss pico-gnss-rs/src/main.rs:372)
288.295502 [INFO ] NMEA $GNGLL,0000.0000,N,00000.0000,E,094321.000,A,A*45 (pico_gnss pico-gnss-rs/src/main.rs:372)
288.353852 [INFO ] NMEA $GNGSA,A,3,05,20,14,22,15,,,,,,,,3.36,3.24,0.89*18 (pico_gnss pico-gnss-rs/src/main.rs:372)
288.373760 [INFO ] TIME unix_ns=1780911801399087634 ppb=2407 holdover_ms=1399 locked=1 (pico_gnss pico-gnss-rs/src/main.rs:195)
288.412251 [INFO ] NMEA $GNGSA,A,3,70,80,,,,,,,,,,,3.36,3.24,0.89*11 (pico_gnss pico-gnss-rs/src/main.rs:372)
288.470807 [INFO ] NMEA $GPGSV,4,1,14,24,83,267,15,15,61,051,27,23,48,317,,20,38,070,19*7F (pico_gnss pico-gnss-rs/src/main.rs:372)
288.558113 [INFO ] NMEA $GPGSV,4,2,14,18,36,246,,05,29,141,21,22,17,051,16,12,16,164,18*74 (pico_gnss pico-gnss-rs/src/main.rs:372)
288.620884 [INFO ] NMEA $GPGSV,4,3,14,10,13,317,,14,08,040,17,21,01,136,13,193,,,*7D (pico_gnss pico-gnss-rs/src/main.rs:372)
288.650253 [INFO ] NMEA $GPGSV,4,4,14,194,,,,195,,,*7D (pico_gnss pico-gnss-rs/src/main.rs:372)
288.708764 [INFO ] NMEA $GLGSV,3,1,09,73,55,146,,71,47,340,,80,43,050,25,70,40,072,25*67 (pico_gnss pico-gnss-rs/src/main.rs:372)
288.767366 [INFO ] NMEA $GLGSV,3,2,09,86,24,264,,87,21,306,,74,15,183,,72,08,301,*6E (pico_gnss pico-gnss-rs/src/main.rs:372)
288.796687 [INFO ] NMEA $GLGSV,3,3,09,85,01,207,*55 (pico_gnss pico-gnss-rs/src/main.rs:372)
288.888152 [INFO ] NMEA $GNRMC,094321.000,A,0000.0000,N,00000.0000,E,0.30,312.38,080626,,,A*70 (pico_gnss pico-gnss-rs/src/main.rs:372)
288.890692 [INFO ] SYNC pps_local_us=287968296 unix_s=1780911801 drift_us=2 err_ns=10 holdover_ms=1000 (pico_gnss pico-gnss-rs/src/main.rs:403)
288.917835 [INFO ] NMEA $GPVTG,312.38,T,,M,0.30,N,0.55,K,A*35 (pico_gnss pico-gnss-rs/src/main.rs:372)
288.946903 [INFO ] NMEA $GPZDA,094321.000,08,06,2026,,*53 (pico_gnss pico-gnss-rs/src/main.rs:372)
288.974700 [INFO ] PPS count=291 interval_us=1000002 interval_ns=1000002384 state=Locked missed=0 (pico_gnss pico-gnss-rs/src/main.rs:161)
288.981449 [INFO ] PPSGEN count=293 interval_ns=1000002416 dev_ns=2416 phase_ns=6672579 (pico_gnss pico-gnss-rs/src/main.rs:246)
288.997122 [INFO ] NMEA $GPGST,094321.000,8.4,26,14,88.6,14,26,26*7A (pico_gnss pico-gnss-rs/src/main.rs:372)
289.302424 [INFO ] NMEA $GPGGA,094322.000,0000.0000,N,00000.0000,E,1,7,3.24,37.2,M,39.0,M,,*64 (pico_gnss pico-gnss-rs/src/main.rs:372)
289.347427 [INFO ] NMEA $GNGLL,0000.0000,N,00000.0000,E,094322.000,A,A*41 (pico_gnss pico-gnss-rs/src/main.rs:372)
289.374959 [INFO ] TIME unix_ns=1780911802400269632 ppb=2406 holdover_ms=1400 locked=1 (pico_gnss pico-gnss-rs/src/main.rs:195)
289.405896 [INFO ] NMEA $GNGSA,A,3,05,20,14,22,15,,,,,,,,3.36,3.24,0.89*18 (pico_gnss pico-gnss-rs/src/main.rs:372)
289.464127 [INFO ] NMEA $GNGSA,A,3,70,80,,,,,,,,,,,3.36,3.24,0.89*11 (pico_gnss pico-gnss-rs/src/main.rs:372)
289.522780 [INFO ] NMEA $GPGSV,4,1,14,24,83,267,15,15,61,051,27,23,48,317,,20,38,070,19*7F (pico_gnss pico-gnss-rs/src/main.rs:372)
289.614261 [INFO ] NMEA $GPGSV,4,2,14,18,36,246,,05,29,141,20,22,17,051,16,12,16,164,18*75 (pico_gnss pico-gnss-rs/src/main.rs:372)
289.672870 [INFO ] NMEA $GPGSV,4,3,14,10,13,317,,14,08,040,17,21,01,136,14,193,,,*7A (pico_gnss pico-gnss-rs/src/main.rs:372)
289.702236 [INFO ] NMEA $GPGSV,4,4,14,194,,,,195,,,*7D (pico_gnss pico-gnss-rs/src/main.rs:372)
289.760746 [INFO ] NMEA $GLGSV,3,1,09,73,55,146,,71,47,340,,80,43,050,25,70,40,072,25*67 (pico_gnss pico-gnss-rs/src/main.rs:372)
289.819329 [INFO ] NMEA $GLGSV,3,2,09,86,24,264,,87,21,306,,74,15,183,,72,08,301,*6E (pico_gnss pico-gnss-rs/src/main.rs:372)
289.852689 [INFO ] NMEA $GLGSV,3,3,09,85,01,207,*55 (pico_gnss pico-gnss-rs/src/main.rs:372)
289.940322 [INFO ] NMEA $GNRMC,094322.000,A,0000.0000,N,00000.0000,E,0.46,312.38,080626,,,A*75 (pico_gnss pico-gnss-rs/src/main.rs:372)
289.942889 [INFO ] SYNC pps_local_us=288968298 unix_s=1780911802 drift_us=2 err_ns=-21 holdover_ms=999 (pico_gnss pico-gnss-rs/src/main.rs:403)
289.969984 [INFO ] NMEA $GPVTG,312.38,T,,M,0.46,N,0.86,K,A*3A (pico_gnss pico-gnss-rs/src/main.rs:372)
289.974707 [INFO ] PPS count=292 interval_us=1000002 interval_ns=1000002416 state=Locked missed=0 (pico_gnss pico-gnss-rs/src/main.rs:161)
289.981334 [INFO ] PPSGEN count=294 interval_ns=1000002432 dev_ns=2432 phase_ns=6619578 (pico_gnss pico-gnss-rs/src/main.rs:246)
290.027752 [INFO ] NMEA $GPZDA,094322.000,08,06,2026,,*50 (pico_gnss pico-gnss-rs/src/main.rs:372)
290.053239 [INFO ] NMEA $GPGST,094322.000,8.4,26,14,88.8,14,26,25*74 (pico_gnss pico-gnss-rs/src/main.rs:372)
290.222713 [INFO ] NMEA $GPGGA,094323.000,0000.0000,N,00000.0000,E,1,7,3.24,37.2,M,39.0,M,,*6D (pico_gnss pico-gnss-rs/src/main.rs:372)
290.252387 [INFO ] NMEA $GNGLL,0000.0000,N,00000.0000,E,094323.000,A,A*48 (pico_gnss pico-gnss-rs/src/main.rs:372)
290.310745 [INFO ] NMEA $GNGSA,A,3,05,20,14,22,15,,,,,,,,3.36,3.24,0.89*18 (pico_gnss pico-gnss-rs/src/main.rs:372)
290.369021 [INFO ] NMEA $GNGSA,A,3,70,80,,,,,,,,,,,3.36,3.24,0.89*11 (pico_gnss pico-gnss-rs/src/main.rs:372)
290.376165 [INFO ] TIME unix_ns=1780911803401483628 ppb=2406 holdover_ms=1401 locked=1 (pico_gnss pico-gnss-rs/src/main.rs:195)
290.427728 [INFO ] NMEA $GPGSV,4,1,14,24,83,267,15,15,61,051,27,23,48,317,,20,38,070,19*7F (pico_gnss pico-gnss-rs/src/main.rs:372)
290.519195 [INFO ] NMEA $GPGSV,4,2,14,18,36,246,,05,29,141,20,22,17,051,16,12,16,164,18*75 (pico_gnss pico-gnss-rs/src/main.rs:372)
290.577780 [INFO ] NMEA $GPGSV,4,3,14,10,13,317,,14,08,040,17,21,01,136,13,193,,,*7D (pico_gnss pico-gnss-rs/src/main.rs:372)
290.607081 [INFO ] NMEA $GPGSV,4,4,14,194,,,,195,,,*7D (pico_gnss pico-gnss-rs/src/main.rs:372)
290.665657 [INFO ] NMEA $GLGSV,3,1,09,73,55,146,,71,47,340,,80,43,050,25,70,40,072,25*67 (pico_gnss pico-gnss-rs/src/main.rs:372)
290.728327 [INFO ] NMEA $GLGSV,3,2,09,86,24,264,,87,21,306,,74,15,183,,72,08,301,*6E (pico_gnss pico-gnss-rs/src/main.rs:372)
290.757615 [INFO ] NMEA $GLGSV,3,3,09,85,01,207,*55 (pico_gnss pico-gnss-rs/src/main.rs:372)
290.845046 [INFO ] NMEA $GNRMC,094323.000,A,0000.0000,N,00000.0000,E,0.50,312.38,080626,,,A*7B (pico_gnss pico-gnss-rs/src/main.rs:372)
290.847617 [INFO ] SYNC pps_local_us=289968301 unix_s=1780911803 drift_us=2 err_ns=10 holdover_ms=1000 (pico_gnss pico-gnss-rs/src/main.rs:403)
290.874750 [INFO ] NMEA $GPVTG,312.38,T,,M,0.50,N,0.92,K,A*38 (pico_gnss pico-gnss-rs/src/main.rs:372)
290.932465 [INFO ] NMEA $GPZDA,094323.000,08,06,2026,,*51 (pico_gnss pico-gnss-rs/src/main.rs:372)
290.962146 [INFO ] NMEA $GPGST,094323.000,8.4,26,14,89.0,14,26,25*7C (pico_gnss pico-gnss-rs/src/main.rs:372)
290.974702 [INFO ] PPS count=293 interval_us=1000002 interval_ns=1000002400 state=Locked missed=0 (pico_gnss pico-gnss-rs/src/main.rs:161)
290.981426 [INFO ] PPSGEN count=295 interval_ns=1000002416 dev_ns=2416 phase_ns=6628579 (pico_gnss pico-gnss-rs/src/main.rs:246)
291.276550 [INFO ] NMEA $GPGGA,094324.000,0000.0000,N,00000.0000,E,1,7,3.24,37.3,M,39.0,M,,*6E (pico_gnss pico-gnss-rs/src/main.rs:372)
291.334948 [INFO ] NMEA $GNGLL,0000.0000,N,00000.0000,E,094324.000,A,A*4A (pico_gnss pico-gnss-rs/src/main.rs:372)
291.364578 [INFO ] NMEA $GNGSA,A,3,05,20,14,22,15,,,,,,,,3.36,3.24,0.89*18 (pico_gnss pico-gnss-rs/src/main.rs:372)
291.377348 [INFO ] TIME unix_ns=1780911804402666626 ppb=2406 holdover_ms=1402 locked=1 (pico_gnss pico-gnss-rs/src/main.rs:195)
291.422895 [INFO ] NMEA $GNGSA,A,3,70,80,,,,,,,,,,,3.36,3.24,0.89*11 (pico_gnss pico-gnss-rs/src/main.rs:372)
291.485581 [INFO ] NMEA $GPGSV,4,1,14,24,83,267,15,15,61,051,27,23,48,317,,20,38,070,19*7F (pico_gnss pico-gnss-rs/src/main.rs:372)
291.572988 [INFO ] NMEA $GPGSV,4,2,14,18,36,246,,05,29,141,20,22,17,051,16,12,16,164,18*75 (pico_gnss pico-gnss-rs/src/main.rs:372)
291.631517 [INFO ] NMEA $GPGSV,4,3,14,10,13,317,,14,08,040,17,21,01,136,13,193,,,*7D (pico_gnss pico-gnss-rs/src/main.rs:372)
291.660883 [INFO ] NMEA $GPGSV,4,4,14,194,,,,195,,,*7D (pico_gnss pico-gnss-rs/src/main.rs:372)
291.748114 [INFO ] NMEA $GLGSV,3,1,09,73,55,146,,71,47,340,,80,43,050,25,70,40,072,25*67 (pico_gnss pico-gnss-rs/src/main.rs:372)
291.810885 [INFO ] NMEA $GLGSV,3,2,09,86,24,264,,87,21,306,,74,15,183,,72,08,301,*6E (pico_gnss pico-gnss-rs/src/main.rs:372)
291.840227 [INFO ] NMEA $GLGSV,3,3,09,85,01,207,*55 (pico_gnss pico-gnss-rs/src/main.rs:372)
291.898905 [INFO ] NMEA $GNRMC,094324.000,A,0000.0000,N,00000.0000,E,0.62,218.65,080626,,,A*7B (pico_gnss pico-gnss-rs/src/main.rs:372)
291.901477 [INFO ] SYNC pps_local_us=290968303 unix_s=1780911804 drift_us=2 err_ns=-5 holdover_ms=999 (pico_gnss pico-gnss-rs/src/main.rs:403)
291.957034 [INFO ] NMEA $GPVTG,218.65,T,,M,0.62,N,1.15,K,A*34 (pico_gnss pico-gnss-rs/src/main.rs:372)
291.974706 [INFO ] PPS count=294 interval_us=1000002 interval_ns=1000002400 state=Locked missed=0 (pico_gnss pico-gnss-rs/src/main.rs:161)
291.981358 [INFO ] PPSGEN count=296 interval_ns=1000002432 dev_ns=2432 phase_ns=6626579 (pico_gnss pico-gnss-rs/src/main.rs:246)
291.986650 [INFO ] NMEA $GPZDA,094324.000,08,06,2026,,*56 (pico_gnss pico-gnss-rs/src/main.rs:372)
292.020019 [INFO ] NMEA $GPGST,094324.000,8.4,27,14,89.2,14,27,25*79 (pico_gnss pico-gnss-rs/src/main.rs:372)
292.335323 [INFO ] NMEA $GPGGA,094325.000,0000.0000,N,00000.0000,E,1,7,3.24,37.3,M,39.0,M,,*64 (pico_gnss pico-gnss-rs/src/main.rs:372)
292.378579 [INFO ] TIME unix_ns=1780911805403851623 ppb=2406 holdover_ms=1403 locked=1 (pico_gnss pico-gnss-rs/src/main.rs:195)
292.394008 [INFO ] NMEA $GNGLL,0000.0000,N,00000.0000,E,094325.000,A,A*40 (pico_gnss pico-gnss-rs/src/main.rs:372)
292.452120 [INFO ] NMEA $GNGSA,A,3,05,20,14,22,15,,,,,,,,3.36,3.24,0.89*18 (pico_gnss pico-gnss-rs/src/main.rs:372)
292.481661 [INFO ] NMEA $GNGSA,A,3,70,80,,,,,,,,,,,3.36,3.24,0.89*11 (pico_gnss pico-gnss-rs/src/main.rs:372)
292.576190 [INFO ] NMEA $GPGSV,4,1,14,24,83,267,15,15,61,051,27,23,48,317,,20,38,070,19*7F (pico_gnss pico-gnss-rs/src/main.rs:372)
292.634867 [INFO ] NMEA $GPGSV,4,2,14,18,36,246,,05,29,141,19,22,17,051,16,12,16,164,18*7F (pico_gnss pico-gnss-rs/src/main.rs:372)
292.693396 [INFO ] NMEA $GPGSV,4,3,14,10,13,317,,14,08,040,17,21,01,136,12,193,,,*7C (pico_gnss pico-gnss-rs/src/main.rs:372)
292.722763 [INFO ] NMEA $GPGSV,4,4,14,194,,,,195,,,*7D (pico_gnss pico-gnss-rs/src/main.rs:372)
292.814150 [INFO ] NMEA $GLGSV,3,1,09,73,55,146,,71,47,340,,80,43,050,25,70,40,072,25*67 (pico_gnss pico-gnss-rs/src/main.rs:372)
292.872750 [INFO ] NMEA $GLGSV,3,2,09,86,24,264,,87,21,306,,74,15,183,,72,08,301,*6E (pico_gnss pico-gnss-rs/src/main.rs:372)
292.902027 [INFO ] NMEA $GLGSV,3,3,09,85,01,207,*55 (pico_gnss pico-gnss-rs/src/main.rs:372)
292.960520 [INFO ] NMEA $GNRMC,094325.000,A,0000.0000,N,00000.0000,E,0.33,218.65,080626,,,A*75 (pico_gnss pico-gnss-rs/src/main.rs:372)
292.963120 [INFO ] SYNC pps_local_us=291968306 unix_s=1780911805 drift_us=2 err_ns=-5 holdover_ms=1000 (pico_gnss pico-gnss-rs/src/main.rs:403)
292.974787 [INFO ] PPS count=295 interval_us=1000002 interval_ns=1000002416 state=Locked missed=0 (pico_gnss pico-gnss-rs/src/main.rs:161)
292.981342 [INFO ] PPSGEN count=297 interval_ns=1000002416 dev_ns=2416 phase_ns=6637578 (pico_gnss pico-gnss-rs/src/main.rs:246)
293.018696 [INFO ] NMEA $GPVTG,218.65,T,,M,0.33,N,0.61,K,A*32 (pico_gnss pico-gnss-rs/src/main.rs:372)
293.052002 [INFO ] NMEA $GPZDA,094325.000,08,06,2026,,*57 (pico_gnss pico-gnss-rs/src/main.rs:372)
293.081524 [INFO ] NMEA $GPGST,094325.000,8.4,27,14,89.6,14,27,25*7C (pico_gnss pico-gnss-rs/src/main.rs:372)
293.263298 [INFO ] NMEA $GPGGA,094326.000,0000.0000,N,00000.0000,E,1,7,3.24,37.4,M,39.0,M,,*6F (pico_gnss pico-gnss-rs/src/main.rs:372)
293.321644 [INFO ] NMEA $GNGLL,0000.0000,N,00000.0000,E,094326.000,A,A*4C (pico_gnss pico-gnss-rs/src/main.rs:372)
293.380097 [INFO ] TIME unix_ns=1780911806405362619 ppb=2406 holdover_ms=1405 locked=1 (pico_gnss pico-gnss-rs/src/main.rs:195)
293.381457 [INFO ] NMEA $GNGSA,A,3,05,20,14,22,15,,,,,,,,3.36,3.24,0.89*18 (pico_gnss pico-gnss-rs/src/main.rs:372)
293.412688 [INFO ] NMEA $GNGSA,A,3,70,80,,,,,,,,,,,3.36,3.24,0.89*11 (pico_gnss pico-gnss-rs/src/main.rs:372)
293.500035 [INFO ] NMEA $GPGSV,4,1,14,24,83,267,14,15,61,051,27,23,48,317,,20,38,070,19*7E (pico_gnss pico-gnss-rs/src/main.rs:372)
293.558672 [INFO ] NMEA $GPGSV,4,2,14,18,36,246,,05,29,141,19,22,17,051,16,12,16,164,18*7F (pico_gnss pico-gnss-rs/src/main.rs:372)
293.617253 [INFO ] NMEA $GPGSV,4,3,14,10,13,317,,14,08,040,17,21,01,136,14,193,,,*7A (pico_gnss pico-gnss-rs/src/main.rs:372)
293.646615 [INFO ] NMEA $GPGSV,4,4,14,194,,,,195,,,*7D (pico_gnss pico-gnss-rs/src/main.rs:372)
293.738041 [INFO ] NMEA $GLGSV,3,1,09,73,55,146,,71,47,340,,80,43,050,25,70,39,073,25*68 (pico_gnss pico-gnss-rs/src/main.rs:372)
293.796634 [INFO ] NMEA $GLGSV,3,2,09,86,24,264,,87,21,306,,74,15,183,,72,08,301,*6E (pico_gnss pico-gnss-rs/src/main.rs:372)
293.825915 [INFO ] NMEA $GLGSV,3,3,09,85,01,207,*55 (pico_gnss pico-gnss-rs/src/main.rs:372)
293.884547 [INFO ] NMEA $GNRMC,094326.000,A,0000.0000,N,00000.0000,E,0.18,218.65,080626,,,A*70 (pico_gnss pico-gnss-rs/src/main.rs:372)
293.887137 [INFO ] SYNC pps_local_us=292968308 unix_s=1780911806 drift_us=2 err_ns=10 holdover_ms=1000 (pico_gnss pico-gnss-rs/src/main.rs:403)
293.946731 [INFO ] NMEA $GPVTG,218.65,T,,M,0.18,N,0.33,K,A*3C (pico_gnss pico-gnss-rs/src/main.rs:372)
293.974722 [INFO ] PPS count=296 interval_us=1000002 interval_ns=1000002400 state=Locked missed=0 (pico_gnss pico-gnss-rs/src/main.rs:161)
293.976456 [INFO ] NMEA $GPZDA,094326.000,08,06,2026,,*54 (pico_gnss pico-gnss-rs/src/main.rs:372)
293.981452 [INFO ] PPSGEN count=298 interval_ns=1000002432 dev_ns=2432 phase_ns=6598579 (pico_gnss pico-gnss-rs/src/main.rs:246)
294.013534 [INFO ] NMEA $GPGST,094326.000,8.4,27,14,90.0,14,27,26*72 (pico_gnss pico-gnss-rs/src/main.rs:372)
294.302438 [INFO ] NMEA $GPGGA,094327.000,0000.0000,N,00000.0000,E,1,7,3.24,37.4,M,39.0,M,,*65 (pico_gnss pico-gnss-rs/src/main.rs:372)
294.360786 [INFO ] NMEA $GNGLL,0000.0000,N,00000.0000,E,094327.000,A,A*46 (pico_gnss pico-gnss-rs/src/main.rs:372)
294.381306 [INFO ] TIME unix_ns=1780911807406548616 ppb=2406 holdover_ms=1406 locked=1 (pico_gnss pico-gnss-rs/src/main.rs:195)
294.418257 [INFO ] NMEA $GNGSA,A,3,05,20,14,22,15,,,,,,,,3.36,3.24,0.89*18 (pico_gnss pico-gnss-rs/src/main.rs:372)
294.447746 [INFO ] NMEA $GNGSA,A,3,70,80,,,,,,,,,,,3.36,3.24,0.89*11 (pico_gnss pico-gnss-rs/src/main.rs:372)
294.535094 [INFO ] NMEA $GPGSV,4,1,14,24,83,267,15,15,61,051,27,23,48,317,,20,38,070,19*7F (pico_gnss pico-gnss-rs/src/main.rs:372)
294.593728 [INFO ] NMEA $GPGSV,4,2,14,18,36,246,,05,29,141,20,22,17,051,16,12,16,164,18*75 (pico_gnss pico-gnss-rs/src/main.rs:372)
294.652296 [INFO ] NMEA $GPGSV,4,3,14,10,13,317,,14,08,040,17,21,01,136,14,193,,,*7A (pico_gnss pico-gnss-rs/src/main.rs:372)
294.685685 [INFO ] NMEA $GPGSV,4,4,14,194,,,,195,,,*7D (pico_gnss pico-gnss-rs/src/main.rs:372)
294.773073 [INFO ] NMEA $GLGSV,3,1,09,73,55,146,,71,48,341,,80,43,050,25,70,39,073,25*66 (pico_gnss pico-gnss-rs/src/main.rs:372)
294.831598 [INFO ] NMEA $GLGSV,3,2,09,86,24,264,,87,21,306,,74,15,183,,72,08,301,*6E (pico_gnss pico-gnss-rs/src/main.rs:372)
294.860920 [INFO ] NMEA $GLGSV,3,3,09,85,01,207,*55 (pico_gnss pico-gnss-rs/src/main.rs:372)
294.948127 [INFO ] NMEA $GNRMC,094327.000,A,0000.0000,N,00000.0000,E,0.39,218.65,080626,,,A*79 (pico_gnss pico-gnss-rs/src/main.rs:372)
294.950702 [INFO ] SYNC pps_local_us=293968310 unix_s=1780911807 drift_us=2 err_ns=-5 holdover_ms=999 (pico_gnss pico-gnss-rs/src/main.rs:403)
294.974753 [INFO ] PPS count=297 interval_us=1000002 interval_ns=1000002400 state=Locked missed=0 (pico_gnss pico-gnss-rs/src/main.rs:161)
294.981375 [INFO ] PPSGEN count=299 interval_ns=1000002416 dev_ns=2416 phase_ns=6639579 (pico_gnss pico-gnss-rs/src/main.rs:246)
294.983097 [INFO ] NMEA $GPVTG,218.65,T,,M,0.39,N,0.72,K,A*3A (pico_gnss pico-gnss-rs/src/main.rs:372)
295.012145 [INFO ] NMEA $GPZDA,094327.000,08,06,2026,,*55 (pico_gnss pico-gnss-rs/src/main.rs:372)
295.052576 [INFO ] NMEA $GPGST,094327.000,8.3,28,14,90.2,14,28,24*74 (pico_gnss pico-gnss-rs/src/main.rs:372)
295.209340 [INFO ] NMEA $GPGGA,094328.000,0000.0000,N,00000.0000,E,1,7,3.24,37.4,M,39.0,M,,*63 (pico_gnss pico-gnss-rs/src/main.rs:372)
295.267707 [INFO ] NMEA $GNGLL,0000.0000,N,00000.0000,E,094328.000,A,A*40 (pico_gnss pico-gnss-rs/src/main.rs:372)
295.320931 [INFO ] NMEA $GNGSA,A,3,05,20,14,22,15,,,,,,,,3.36,3.24,0.89*18 (pico_gnss pico-gnss-rs/src/main.rs:372)
295.379233 [INFO ] NMEA $GNGSA,A,3,70,80,,,,,,,,,,,3.36,3.24,0.89*11 (pico_gnss pico-gnss-rs/src/main.rs:372)
295.382506 [INFO ] TIME unix_ns=1780911808407808614 ppb=2406 holdover_ms=1407 locked=1 (pico_gnss pico-gnss-rs/src/main.rs:195)
295.437935 [INFO ] NMEA $GPGSV,4,1,14,24,83,267,14,15,61,051,27,23,48,317,,20,38,070,19*7E (pico_gnss pico-gnss-rs/src/main.rs:372)
295.496541 [INFO ] NMEA $GPGSV,4,2,14,18,36,246,,05,29,141,20,22,17,051,16,12,16,164,18*75 (pico_gnss pico-gnss-rs/src/main.rs:372)
295.559198 [INFO ] NMEA $GPGSV,4,3,14,10,13,317,,14,08,040,17,21,01,136,14,193,,,*7A (pico_gnss pico-gnss-rs/src/main.rs:372)
295.617269 [INFO ] NMEA $GPGSV,4,4,14,194,,,,195,,,*7D (pico_gnss pico-gnss-rs/src/main.rs:372)
295.675896 [INFO ] NMEA $GLGSV,3,1,09,73,55,146,,71,48,341,,80,43,050,25,70,39,073,26*65 (pico_gnss pico-gnss-rs/src/main.rs:372)
295.734422 [INFO ] NMEA $GLGSV,3,2,09,86,24,264,,87,21,306,,74,15,183,,72,08,302,*6D (pico_gnss pico-gnss-rs/src/main.rs:372)
295.763748 [INFO ] NMEA $GLGSV,3,3,09,85,01,207,*55 (pico_gnss pico-gnss-rs/src/main.rs:372)
295.855251 [INFO ] NMEA $GNRMC,094328.000,A,0000.0000,N,00000.0000,E,0.75,282.64,080626,,,A*75 (pico_gnss pico-gnss-rs/src/main.rs:372)
295.857832 [INFO ] SYNC pps_local_us=294968313 unix_s=1780911808 drift_us=2 err_ns=-5 holdover_ms=999 (pico_gnss pico-gnss-rs/src/main.rs:403)
295.884962 [INFO ] NMEA $GPVTG,282.64,T,,M,0.75,N,1.39,K,A*3E (pico_gnss pico-gnss-rs/src/main.rs:372)
295.914033 [INFO ] NMEA $GPZDA,094328.000,08,06,2026,,*5A (pico_gnss pico-gnss-rs/src/main.rs:372)
295.959747 [INFO ] NMEA $GPGST,094328.000,8.4,28,14,90.3,14,28,25*7C (pico_gnss pico-gnss-rs/src/main.rs:372)
295.972266 [INFO ] PPSGEN count=300 interval_ns=990813696 dev_ns=-9186304 phase_ns=-2501399 (pico_gnss pico-gnss-rs/src/main.rs:246)
295.974663 [INFO ] PPS count=298 interval_us=1000002 interval_ns=1000002416 state=Locked missed=0 (pico_gnss pico-gnss-rs/src/main.rs:161)
296.267579 [INFO ] NMEA $GPGGA,094329.000,0000.0000,N,00000.0000,E,1,7,3.24,37.4,M,39.0,M,,*63 (pico_gnss pico-gnss-rs/src/main.rs:372)
296.316671 [INFO ] NMEA $GNGLL,0000.0000,N,00000.0000,E,094329.000,A,A*40 (pico_gnss pico-gnss-rs/src/main.rs:372)
296.375042 [INFO ] NMEA $GNGSA,A,3,05,20,14,22,15,,,,,,,,3.36,3.24,0.89*18 (pico_gnss pico-gnss-rs/src/main.rs:372)
296.383723 [INFO ] TIME unix_ns=1780911809409013610 ppb=2406 holdover_ms=1409 locked=1 (pico_gnss pico-gnss-rs/src/main.rs:195)
296.433419 [INFO ] NMEA $GNGSA,A,3,70,80,,,,,,,,,,,3.36,3.24,0.89*11 (pico_gnss pico-gnss-rs/src/main.rs:372)
296.491976 [INFO ] NMEA $GPGSV,4,1,14,24,83,267,14,15,61,051,27,23,48,317,,20,38,070,19*7E (pico_gnss pico-gnss-rs/src/main.rs:372)
296.579299 [INFO ] NMEA $GPGSV,4,2,14,18,36,246,,05,29,141,20,22,17,051,16,12,16,164,18*75 (pico_gnss pico-gnss-rs/src/main.rs:372)
296.642039 [INFO ] NMEA $GPGSV,4,3,14,10,13,317,,14,08,040,17,21,01,136,14,193,,,*7A (pico_gnss pico-gnss-rs/src/main.rs:372)
296.671420 [INFO ] NMEA $GPGSV,4,4,14,194,,,,195,,,*7D (pico_gnss pico-gnss-rs/src/main.rs:372)
296.729951 [INFO ] NMEA $GLGSV,3,1,09,73,56,145,,71,48,341,,80,43,050,26,70,39,073,26*66 (pico_gnss pico-gnss-rs/src/main.rs:372)
296.788527 [INFO ] NMEA $GLGSV,3,2,09,86,24,264,,87,21,306,,74,15,183,,72,08,302,*6D (pico_gnss pico-gnss-rs/src/main.rs:372)
296.817839 [INFO ] NMEA $GLGSV,3,3,09,85,01,207,*55 (pico_gnss pico-gnss-rs/src/main.rs:372)
296.909262 [INFO ] NMEA $GNRMC,094329.000,A,0000.0000,N,00000.0000,E,1.34,300.88,080626,,,A*78 (pico_gnss pico-gnss-rs/src/main.rs:372)
296.911831 [INFO ] SYNC pps_local_us=295968315 unix_s=1780911809 drift_us=2 err_ns=10 holdover_ms=999 (pico_gnss pico-gnss-rs/src/main.rs:403)
296.938958 [INFO ] NMEA $GPVTG,300.88,T,,M,1.34,N,2.48,K,A*36 (pico_gnss pico-gnss-rs/src/main.rs:372)
296.968016 [INFO ] NMEA $GPZDA,094329.000,08,06,2026,,*5B (pico_gnss pico-gnss-rs/src/main.rs:372)
296.972275 [INFO ] PPSGEN count=301 interval_ns=1000002416 dev_ns=2416 phase_ns=-2464400 (pico_gnss pico-gnss-rs/src/main.rs:246)
296.974663 [INFO ] PPS count=299 interval_us=1000002 interval_ns=1000002400 state=Locked missed=0 (pico_gnss pico-gnss-rs/src/main.rs:161)
297.018010 [INFO ] NMEA $GPGST,094329.000,8.4,28,14,90.3,14,28,25*7D (pico_gnss pico-gnss-rs/src/main.rs:372)
297.321691 [INFO ] NMEA $GPGGA,094330.000,0000.0000,N,00000.0000,E,1,7,3.24,37.2,M,39.0,M,,*62 (pico_gnss pico-gnss-rs/src/main.rs:372)
297.366711 [INFO ] NMEA $GNGLL,0000.0000,N,00000.0000,E,094330.000,A,A*47 (pico_gnss pico-gnss-rs/src/main.rs:372)
297.384938 [INFO ] TIME unix_ns=1780911810410253608 ppb=2406 holdover_ms=1410 locked=1 (pico_gnss pico-gnss-rs/src/main.rs:195)
297.425193 [INFO ] NMEA $GNGSA,A,3,05,20,14,22,15,,,,,,,,3.36,3.24,0.89*18 (pico_gnss pico-gnss-rs/src/main.rs:372)
297.483421 [INFO ] NMEA $GNGSA,A,3,70,80,,,,,,,,,,,3.36,3.24,0.89*11 (pico_gnss pico-gnss-rs/src/main.rs:372)
297.542070 [INFO ] NMEA $GPGSV,4,1,14,24,83,267,14,15,61,051,27,23,48,317,,20,38,070,19*7E (pico_gnss pico-gnss-rs/src/main.rs:372)
297.633564 [INFO ] NMEA $GPGSV,4,2,14,18,36,246,,05,29,141,20,22,17,051,16,12,16,164,18*75 (pico_gnss pico-gnss-rs/src/main.rs:372)
297.692121 [INFO ] NMEA $GPGSV,4,3,14,10,13,317,,14,08,040,17,21,01,136,,193,,,*7F (pico_gnss pico-gnss-rs/src/main.rs:372)
297.721495 [INFO ] NMEA $GPGSV,4,4,14,194,,,,195,,,*7D (pico_gnss pico-gnss-rs/src/main.rs:372)
297.780016 [INFO ] NMEA $GLGSV,3,1,09,73,56,145,,71,48,341,,80,43,050,26,70,39,073,26*66 (pico_gnss pico-gnss-rs/src/main.rs:372)
297.838593 [INFO ] NMEA $GLGSV,3,2,09,86,24,264,,87,21,306,,74,16,183,,72,08,302,*6E (pico_gnss pico-gnss-rs/src/main.rs:372)
297.871895 [INFO ] NMEA $GLGSV,3,3,09,85,01,207,*55 (pico_gnss pico-gnss-rs/src/main.rs:372)
297.959205 [INFO ] NMEA $GNRMC,094330.000,A,0000.0000,N,00000.0000,E,1.29,315.92,080626,,,A*7C (pico_gnss pico-gnss-rs/src/main.rs:372)
297.961760 [INFO ] SYNC pps_local_us=296968318 unix_s=1780911810 drift_us=2 err_ns=-5 holdover_ms=999 (pico_gnss pico-gnss-rs/src/main.rs:403)
297.972325 [INFO ] PPSGEN count=302 interval_ns=1000002432 dev_ns=2432 phase_ns=-2396400 (pico_gnss pico-gnss-rs/src/main.rs:246)
297.974647 [INFO ] PPS count=300 interval_us=1000002 interval_ns=1000002400 state=Locked missed=0 (pico_gnss pico-gnss-rs/src/main.rs:161)
297.988990 [INFO ] NMEA $GPVTG,315.92,T,,M,1.29,N,2.40,K,A*3D (pico_gnss pico-gnss-rs/src/main.rs:372)
298.017983 [INFO ] NMEA $GPZDA,094330.000,08,06,2026,,*53 (pico_gnss pico-gnss-rs/src/main.rs:372)
298.069954 [INFO ] NMEA $GPGST,094330.000,8.4,29,14,90.3,14,29,26*76 (pico_gnss pico-gnss-rs/src/main.rs:372)
298.253040 [INFO ] NMEA $GPGGA,094331.000,0000.0000,N,00000.0000,E,1,7,3.24,37.1,M,39.0,M,,*64 (pico_gnss pico-gnss-rs/src/main.rs:372)
298.282662 [INFO ] NMEA $GNGLL,0000.0000,N,00000.0000,E,094331.000,A,A*42 (pico_gnss pico-gnss-rs/src/main.rs:372)
298.341024 [INFO ] NMEA $GNGSA,A,3,05,20,14,22,15,,,,,,,,3.36,3.24,0.89*18 (pico_gnss pico-gnss-rs/src/main.rs:372)
298.386174 [INFO ] TIME unix_ns=1780911811411470605 ppb=2406 holdover_ms=1411 locked=1 (pico_gnss pico-gnss-rs/src/main.rs:195)
298.399598 [INFO ] NMEA $GNGSA,A,3,70,80,,,,,,,,,,,3.36,3.24,0.89*11 (pico_gnss pico-gnss-rs/src/main.rs:372)
298.457952 [INFO ] NMEA $GPGSV,4,1,14,24,83,267,14,15,61,051,27,23,48,317,,20,38,070,19*7E (pico_gnss pico-gnss-rs/src/main.rs:372)
298.549469 [INFO ] NMEA $GPGSV,4,2,14,18,36,246,,05,29,141,20,22,17,051,16,12,16,164,18*75 (pico_gnss pico-gnss-rs/src/main.rs:372)
298.608002 [INFO ] NMEA $GPGSV,4,3,14,10,13,317,,14,08,040,17,21,01,136,,193,,,*7F (pico_gnss pico-gnss-rs/src/main.rs:372)
298.637381 [INFO ] NMEA $GPGSV,4,4,14,194,,,,195,,,*7D (pico_gnss pico-gnss-rs/src/main.rs:372)
298.695904 [INFO ] NMEA $GLGSV,3,1,09,73,56,145,,71,48,341,,80,43,050,26,70,39,073,26*66 (pico_gnss pico-gnss-rs/src/main.rs:372)
298.758556 [INFO ] NMEA $GLGSV,3,2,09,86,24,264,,87,21,306,,74,16,183,,72,08,302,*6E (pico_gnss pico-gnss-rs/src/main.rs:372)
298.787881 [INFO ] NMEA $GLGSV,3,3,09,85,01,207,*55 (pico_gnss pico-gnss-rs/src/main.rs:372)
298.875313 [INFO ] NMEA $GNRMC,094331.000,A,0000.0000,N,00000.0000,E,0.99,254.59,080626,,,A*70 (pico_gnss pico-gnss-rs/src/main.rs:372)
298.877887 [INFO ] SYNC pps_local_us=297968320 unix_s=1780911811 drift_us=2 err_ns=-5 holdover_ms=1000 (pico_gnss pico-gnss-rs/src/main.rs:403)
298.904997 [INFO ] NMEA $GPVTG,254.59,T,,M,0.99,N,1.83,K,A*38 (pico_gnss pico-gnss-rs/src/main.rs:372)
298.962669 [INFO ] NMEA $GPZDA,094331.000,08,06,2026,,*52 (pico_gnss pico-gnss-rs/src/main.rs:372)
298.972341 [INFO ] PPSGEN count=303 interval_ns=1000002416 dev_ns=2416 phase_ns=-2460399 (pico_gnss pico-gnss-rs/src/main.rs:246)
298.974683 [INFO ] PPS count=301 interval_us=1000002 interval_ns=1000002416 state=Locked missed=0 (pico_gnss pico-gnss-rs/src/main.rs:161)
298.988508 [INFO ] NMEA $GPGST,094331.000,8.4,29,14,90.4,14,29,25*73 (pico_gnss pico-gnss-rs/src/main.rs:372)
299.312902 [INFO ] NMEA $GPGGA,094332.000,0000.0000,N,00000.0000,E,1,7,3.24,37.1,M,39.0,M,,*67 (pico_gnss pico-gnss-rs/src/main.rs:372)
299.342572 [INFO ] NMEA $GNGLL,0000.0000,N,00000.0000,E,094332.000,A,A*41 (pico_gnss pico-gnss-rs/src/main.rs:372)
299.387431 [INFO ] TIME unix_ns=1780911812412722601 ppb=2406 holdover_ms=1412 locked=1 (pico_gnss pico-gnss-rs/src/main.rs:195)
299.401225 [INFO ] NMEA $GNGSA,A,3,05,20,14,22,15,,,,,,,,3.36,3.24,0.89*18 (pico_gnss pico-gnss-rs/src/main.rs:372)
299.459226 [INFO ] NMEA $GNGSA,A,3,70,80,,,,,,,,,,,3.36,3.24,0.89*11 (pico_gnss pico-gnss-rs/src/main.rs:372)
299.521960 [INFO ] NMEA $GPGSV,4,1,14,24,83,267,14,15,61,051,27,23,48,317,,20,38,070,19*7E (pico_gnss pico-gnss-rs/src/main.rs:372)
299.609374 [INFO ] NMEA $GPGSV,4,2,14,18,36,246,,05,29,141,20,22,17,051,15,12,16,164,18*76 (pico_gnss pico-gnss-rs/src/main.rs:372)
299.667946 [INFO ] NMEA $GPGSV,4,3,14,10,13,317,,14,08,040,17,21,01,136,17,193,,,*79 (pico_gnss pico-gnss-rs/src/main.rs:372)
299.697289 [INFO ] NMEA $GPGSV,4,4,14,194,,,,195,,,*7D (pico_gnss pico-gnss-rs/src/main.rs:372)
299.755845 [INFO ] NMEA $GLGSV,3,1,09,73,56,145,,71,48,341,,80,43,050,26,70,39,073,26*66 (pico_gnss pico-gnss-rs/src/main.rs:372)
299.818500 [INFO ] NMEA $GLGSV,3,2,09,86,24,264,,87,21,306,,74,16,183,,72,08,302,*6E (pico_gnss pico-gnss-rs/src/main.rs:372)
299.847796 [INFO ] NMEA $GLGSV,3,3,09,85,01,207,*55 (pico_gnss pico-gnss-rs/src/main.rs:372)
299.935095 [INFO ] NMEA $GNRMC,094332.000,A,0000.0000,N,00000.0000,E,1.29,289.38,080626,,,A*7E (pico_gnss pico-gnss-rs/src/main.rs:372)
299.937704 [INFO ] SYNC pps_local_us=298968322 unix_s=1780911812 drift_us=2 err_ns=10 holdover_ms=1000 (pico_gnss pico-gnss-rs/src/main.rs:403)
299.964750 [INFO ] NMEA $GPVTG,289.38,T,,M,1.29,N,2.38,K,A*36 (pico_gnss pico-gnss-rs/src/main.rs:372)
299.972265 [INFO ] PPSGEN count=304 interval_ns=1000002432 dev_ns=2432 phase_ns=-2481400 (pico_gnss pico-gnss-rs/src/main.rs:246)
299.974663 [INFO ] PPS count=302 interval_us=1000002 interval_ns=1000002384 state=Locked missed=0 (pico_gnss pico-gnss-rs/src/main.rs:161)
300.022557 [INFO ] NMEA $GPZDA,094332.000,08,06,2026,,*51 (pico_gnss pico-gnss-rs/src/main.rs:372)
300.052471 [INFO ] NMEA $GPGST,094332.000,8.4,29,14,90.5,14,29,25*71 (pico_gnss pico-gnss-rs/src/main.rs:372)
300.318452 [INFO ] NMEA $GPGGA,094333.000,0000.0000,N,00000.0000,E,1,7,3.24,37.1,M,39.0,M,,*67 (pico_gnss pico-gnss-rs/src/main.rs:372)
300.376804 [INFO ] NMEA $GNGLL,0000.0000,N,00000.0000,E,094333.000,A,A*41 (pico_gnss pico-gnss-rs/src/main.rs:372)
300.388645 [INFO ] TIME unix_ns=1780911813413953599 ppb=2405 holdover_ms=1413 locked=1 (pico_gnss pico-gnss-rs/src/main.rs:195)
300.435288 [INFO ] NMEA $GNGSA,A,3,05,20,14,22,15,,,,,,,,3.36,3.24,0.89*18 (pico_gnss pico-gnss-rs/src/main.rs:372)
300.464792 [INFO ] NMEA $GNGSA,A,3,70,80,,,,,,,,,,,3.36,3.24,0.89*11 (pico_gnss pico-gnss-rs/src/main.rs:372)
300.534674 [INFO ] NMEA $GPGSV,4,1,14,24,83,267,14,15,61,051,27,23,48,317,,20,38,070,19*7E (pico_gnss pico-gnss-rs/src/main.rs:372)
300.622067 [INFO ] NMEA $GPGSV,4,2,14,18,36,246,,05,29,141,20,22,17,051,15,12,16,164,18*76 (pico_gnss pico-gnss-rs/src/main.rs:372)
300.680631 [INFO ] NMEA $GPGSV,4,3,14,10,13,317,,14,08,040,17,21,01,136,18,193,,,*76 (pico_gnss pico-gnss-rs/src/main.rs:372)
300.709977 [INFO ] NMEA $GPGSV,4,4,14,194,,,,195,,,*7D (pico_gnss pico-gnss-rs/src/main.rs:372)
300.772644 [INFO ] NMEA $GLGSV,3,1,09,73,56,145,,71,48,341,,80,43,050,26,70,39,073,26*66 (pico_gnss pico-gnss-rs/src/main.rs:372)
300.859961 [INFO ] NMEA $GLGSV,3,2,09,86,24,264,,87,21,306,,74,16,183,,72,08,302,*6E (pico_gnss pico-gnss-rs/src/main.rs:372)
300.889262 [INFO ] NMEA $GLGSV,3,3,09,85,01,207,*55 (pico_gnss pico-gnss-rs/src/main.rs:372)
300.947782 [INFO ] NMEA $GNRMC,094333.000,A,0000.0000,N,00000.0000,E,1.25,316.83,080626,,,A*75 (pico_gnss pico-gnss-rs/src/main.rs:372)
300.950350 [INFO ] SYNC pps_local_us=299968325 unix_s=1780911813 drift_us=2 err_ns=-21 holdover_ms=999 (pico_gnss pico-gnss-rs/src/main.rs:403)
300.972320 [INFO ] PPSGEN count=305 interval_ns=1000002416 dev_ns=2416 phase_ns=-2397399 (pico_gnss pico-gnss-rs/src/main.rs:246)
300.974645 [INFO ] PPS count=303 interval_us=1000002 interval_ns=1000002416 state=Locked missed=0 (pico_gnss pico-gnss-rs/src/main.rs:161)
301.005949 [INFO ] NMEA $GPVTG,316.83,T,,M,1.25,N,2.32,K,A*37 (pico_gnss pico-gnss-rs/src/main.rs:372)
301.039241 [INFO ] NMEA $GPZDA,094333.000,08,06,2026,,*50 (pico_gnss pico-gnss-rs/src/main.rs:372)
301.068939 [INFO ] NMEA $GPGST,094333.000,8.4,29,14,90.4,14,29,25*71 (pico_gnss pico-gnss-rs/src/main.rs:372)
301.217373 [INFO ] NMEA $GPGGA,094334.000,0000.0000,N,00000.0000,E,1,7,3.24,37.1,M,39.0,M,,*69 (pico_gnss pico-gnss-rs/src/main.rs:372)
301.275722 [INFO ] NMEA $GNGLL,0000.0000,N,00000.0000,E,094334.000,A,A*4F (pico_gnss pico-gnss-rs/src/main.rs:372)
301.334229 [INFO ] NMEA $GNGSA,A,3,05,20,14,22,15,,,,,,,,3.36,3.24,0.89*18 (pico_gnss pico-gnss-rs/src/main.rs:372)
301.370915 [INFO ] NMEA $GNGSA,A,3,70,80,,,,,,,,,,,3.36,3.24,0.89*11 (pico_gnss pico-gnss-rs/src/main.rs:372)
301.389863 [INFO ] TIME unix_ns=1780911814415180596 ppb=2406 holdover_ms=1415 locked=1 (pico_gnss pico-gnss-rs/src/main.rs:195)
301.458336 [INFO ] NMEA $GPGSV,4,1,14,24,83,267,14,15,61,051,27,23,48,317,,20,38,070,19*7E (pico_gnss pico-gnss-rs/src/main.rs:372)
301.517018 [INFO ] NMEA $GPGSV,4,2,14,18,36,246,,05,29,141,21,22,17,051,15,12,16,164,18*77 (pico_gnss pico-gnss-rs/src/main.rs:372)
301.575543 [INFO ] NMEA $GPGSV,4,3,14,10,13,317,,14,08,040,16,21,01,136,18,193,,,*77 (pico_gnss pico-gnss-rs/src/main.rs:372)
301.604901 [INFO ] NMEA $GPGSV,4,4,14,194,,,,195,,,*7D (pico_gnss pico-gnss-rs/src/main.rs:372)
301.696275 [INFO ] NMEA $GLGSV,3,1,09,73,56,145,,71,48,341,,80,43,050,26,70,39,073,26*66 (pico_gnss pico-gnss-rs/src/main.rs:372)
301.754884 [INFO ] NMEA $GLGSV,3,2,09,86,24,264,,87,21,306,,74,16,183,,72,08,302,*6E (pico_gnss pico-gnss-rs/src/main.rs:372)
301.784213 [INFO ] NMEA $GLGSV,3,3,09,85,01,207,*55 (pico_gnss pico-gnss-rs/src/main.rs:372)
301.842823 [INFO ] NMEA $GNRMC,094334.000,A,0000.0000,N,00000.0000,E,0.64,296.62,080626,,,A*79 (pico_gnss pico-gnss-rs/src/main.rs:372)
301.845361 [INFO ] SYNC pps_local_us=300968327 unix_s=1780911814 drift_us=2 err_ns=11 holdover_ms=999 (pico_gnss pico-gnss-rs/src/main.rs:403)
301.905112 [INFO ] NMEA $GPVTG,296.62,T,,M,0.64,N,1.19,K,A*3F (pico_gnss pico-gnss-rs/src/main.rs:372)
301.934431 [INFO ] NMEA $GPZDA,094334.000,08,06,2026,,*57 (pico_gnss pico-gnss-rs/src/main.rs:372)
301.969783 [INFO ] NMEA $GPGST,094334.000,8.3,13,5.6,89.3,5.6,13,22*79 (pico_gnss pico-gnss-rs/src/main.rs:372)
301.972277 [INFO ] PPSGEN count=306 interval_ns=1000002432 dev_ns=2432 phase_ns=-2468399 (pico_gnss pico-gnss-rs/src/main.rs:246)
301.974676 [INFO ] PPS count=304 interval_us=1000002 interval_ns=1000002384 state=Locked missed=0 (pico_gnss pico-gnss-rs/src/main.rs:161)
302.274588 [INFO ] NMEA $GPGGA,094335.000,0000.0000,N,00000.0000,E,1,7,3.24,37.1,M,39.0,M,,*69 (pico_gnss pico-gnss-rs/src/main.rs:372)
302.332896 [INFO ] NMEA $GNGLL,0000.0000,N,00000.0000,E,094335.000,A,A*4F (pico_gnss pico-gnss-rs/src/main.rs:372)
302.391289 [INFO ] TIME unix_ns=1780911815416562594 ppb=2405 holdover_ms=1416 locked=1 (pico_gnss pico-gnss-rs/src/main.rs:195)
302.393078 [INFO ] NMEA $GNGSA,A,3,05,20,14,22,15,,,,,,,,3.36,3.24,0.89*18 (pico_gnss pico-gnss-rs/src/main.rs:372)
302.422016 [INFO ] NMEA $GNGSA,A,3,70,80,,,,,,,,,,,3.36,3.24,0.89*11 (pico_gnss pico-gnss-rs/src/main.rs:372)
302.509225 [INFO ] NMEA $GPGSV,4,1,14,24,83,267,14,15,61,051,27,23,48,317,,20,38,070,19*7E (pico_gnss pico-gnss-rs/src/main.rs:372)
302.567871 [INFO ] NMEA $GPGSV,4,2,14,18,36,246,,05,29,141,21,22,17,051,14,12,16,164,18*76 (pico_gnss pico-gnss-rs/src/main.rs:372)
302.626436 [INFO ] NMEA $GPGSV,4,3,14,10,13,317,,14,08,040,16,21,01,136,18,193,,,*77 (pico_gnss pico-gnss-rs/src/main.rs:372)
302.659843 [INFO ] NMEA $GPGSV,4,4,14,194,,,,195,,,*7D (pico_gnss pico-gnss-rs/src/main.rs:372)
302.747214 [INFO ] NMEA $GLGSV,3,1,09,73,56,145,,71,48,341,,80,43,050,26,70,39,073,26*66 (pico_gnss pico-gnss-rs/src/main.rs:372)
302.805815 [INFO ] NMEA $GLGSV,3,2,09,86,24,264,,87,21,306,,74,16,183,,72,08,302,*6E (pico_gnss pico-gnss-rs/src/main.rs:372)
302.835078 [INFO ] NMEA $GLGSV,3,3,09,85,01,207,*55 (pico_gnss pico-gnss-rs/src/main.rs:372)
302.922318 [INFO ] NMEA $GNRMC,094335.000,A,0000.0000,N,00000.0000,E,0.68,179.96,080626,,,A*7C (pico_gnss pico-gnss-rs/src/main.rs:372)
302.924881 [INFO ] SYNC pps_local_us=301968330 unix_s=1780911815 drift_us=2 err_ns=-20 holdover_ms=1000 (pico_gnss pico-gnss-rs/src/main.rs:403)
302.955918 [INFO ] NMEA $GPVTG,179.96,T,,M,0.68,N,1.27,K,A*37 (pico_gnss pico-gnss-rs/src/main.rs:372)
302.972276 [INFO ] PPSGEN count=307 interval_ns=1000002416 dev_ns=2416 phase_ns=-2479399 (pico_gnss pico-gnss-rs/src/main.rs:246)
302.974686 [INFO ] PPS count=305 interval_us=1000002 interval_ns=1000002400 state=Locked missed=0 (pico_gnss pico-gnss-rs/src/main.rs:161)
302.985479 [INFO ] NMEA $GPZDA,094335.000,08,06,2026,,*56 (pico_gnss pico-gnss-rs/src/main.rs:372)
303.026827 [INFO ] NMEA $GPGST,094335.000,8.3,12,5.9,89.3,5.9,12,23*79 (pico_gnss pico-gnss-rs/src/main.rs:372)
303.209401 [INFO ] NMEA $GPGGA,094336.000,0000.0000,N,00000.0000,E,1,7,3.24,37.2,M,39.0,M,,*6C (pico_gnss pico-gnss-rs/src/main.rs:372)
303.267756 [INFO ] NMEA $GNGLL,0000.0000,N,00000.0000,E,094336.000,A,A*49 (pico_gnss pico-gnss-rs/src/main.rs:372)
303.321014 [INFO ] NMEA $GNGSA,A,3,05,20,14,22,15,,,,,,,,3.36,3.24,0.89*18 (pico_gnss pico-gnss-rs/src/main.rs:372)
303.379319 [INFO ] NMEA $GNGSA,A,3,70,80,,,,,,,,,,,3.36,3.24,0.89*11 (pico_gnss pico-gnss-rs/src/main.rs:372)
303.392782 [INFO ] TIME unix_ns=1780911816418088590 ppb=2405 holdover_ms=1418 locked=1 (pico_gnss pico-gnss-rs/src/main.rs:195)
303.437980 [INFO ] NMEA $GPGSV,4,1,14,24,83,267,14,15,61,051,27,23,48,317,,20,38,070,20*74 (pico_gnss pico-gnss-rs/src/main.rs:372)
303.496608 [INFO ] NMEA $GPGSV,4,2,14,18,36,246,,05,29,141,21,22,17,051,14,12,16,164,18*76 (pico_gnss pico-gnss-rs/src/main.rs:372)
303.559264 [INFO ] NMEA $GPGSV,4,3,14,10,13,317,,14,08,040,16,21,01,136,18,193,,,*77 (pico_gnss pico-gnss-rs/src/main.rs:372)
303.617344 [INFO ] NMEA $GPGSV,4,4,14,194,,,,195,,,*7D (pico_gnss pico-gnss-rs/src/main.rs:372)
303.675949 [INFO ] NMEA $GLGSV,3,1,09,73,56,145,,71,48,341,,80,42,048,26,70,39,073,26*6E (pico_gnss pico-gnss-rs/src/main.rs:372)
303.734480 [INFO ] NMEA $GLGSV,3,2,09,86,24,264,,87,21,306,,74,16,183,,72,08,302,*6E (pico_gnss pico-gnss-rs/src/main.rs:372)
303.763814 [INFO ] NMEA $GLGSV,3,3,09,85,01,207,*55 (pico_gnss pico-gnss-rs/src/main.rs:372)
303.855313 [INFO ] NMEA $GNRMC,094336.000,A,0000.0000,N,00000.0000,E,0.34,179.96,080626,,,A*73 (pico_gnss pico-gnss-rs/src/main.rs:372)
303.857876 [INFO ] SYNC pps_local_us=302968332 unix_s=1780911816 drift_us=2 err_ns=-4 holdover_ms=1000 (pico_gnss pico-gnss-rs/src/main.rs:403)
303.885036 [INFO ] NMEA $GPVTG,179.96,T,,M,0.34,N,0.64,K,A*38 (pico_gnss pico-gnss-rs/src/main.rs:372)
303.914087 [INFO ] NMEA $GPZDA,094336.000,08,06,2026,,*55 (pico_gnss pico-gnss-rs/src/main.rs:372)
303.961944 [INFO ] NMEA $GPGST,094336.000,8.3,13,6.4,88.8,6.4,13,22*71 (pico_gnss pico-gnss-rs/src/main.rs:372)
303.971610 [INFO ] PPSGEN count=308 interval_ns=999324176 dev_ns=-675824 phase_ns=-3150397 (pico_gnss pico-gnss-rs/src/main.rs:246)
303.974667 [INFO ] PPS count=306 interval_us=1000002 interval_ns=1000002400 state=Locked missed=0 (pico_gnss pico-gnss-rs/src/main.rs:161)
304.284507 [INFO ] NMEA $GPGGA,094337.000,0000.0000,N,00000.0000,E,1,7,3.24,37.2,M,39.0,M,,*63 (pico_gnss pico-gnss-rs/src/main.rs:372)
304.331536 [INFO ] NMEA $GNGLL,0000.0000,N,00000.0000,E,094337.000,A,A*46 (pico_gnss pico-gnss-rs/src/main.rs:372)
304.389893 [INFO ] NMEA $GNGSA,A,3,05,20,14,22,15,,,,,,,,3.36,3.24,0.89*18 (pico_gnss pico-gnss-rs/src/main.rs:372)
304.394005 [INFO ] TIME unix_ns=1780911817419291588 ppb=2405 holdover_ms=1419 locked=1 (pico_gnss pico-gnss-rs/src/main.rs:195)
304.448267 [INFO ] NMEA $GNGSA,A,3,70,80,,,,,,,,,,,3.36,3.24,0.89*11 (pico_gnss pico-gnss-rs/src/main.rs:372)
304.506827 [INFO ] NMEA $GPGSV,4,1,14,24,83,267,14,15,61,051,27,23,48,317,,20,38,070,20*74 (pico_gnss pico-gnss-rs/src/main.rs:372)
304.594173 [INFO ] NMEA $GPGSV,4,2,14,18,36,246,,05,29,141,21,22,17,051,15,12,16,164,18*77 (pico_gnss pico-gnss-rs/src/main.rs:372)
304.656912 [INFO ] NMEA $GPGSV,4,3,14,10,13,317,,14,08,040,16,21,01,136,17,193,,,*78 (pico_gnss pico-gnss-rs/src/main.rs:372)
304.686298 [INFO ] NMEA $GPGSV,4,4,14,194,,,,195,,,*7D (pico_gnss pico-gnss-rs/src/main.rs:372)
304.744810 [INFO ] NMEA $GLGSV,3,1,09,73,56,145,,71,48,341,,80,42,048,27,70,39,073,26*6F (pico_gnss pico-gnss-rs/src/main.rs:372)
304.803379 [INFO ] NMEA $GLGSV,3,2,09,86,24,264,,87,21,306,,74,16,183,,72,08,302,*6E (pico_gnss pico-gnss-rs/src/main.rs:372)
304.832698 [INFO ] NMEA $GLGSV,3,3,09,85,01,207,*55 (pico_gnss pico-gnss-rs/src/main.rs:372)
304.924114 [INFO ] NMEA $GNRMC,094337.000,A,0000.0000,N,00000.0000,E,0.58,179.96,080626,,,A*76 (pico_gnss pico-gnss-rs/src/main.rs:372)
304.926694 [INFO ] SYNC pps_local_us=303968334 unix_s=1780911817 drift_us=2 err_ns=-4 holdover_ms=999 (pico_gnss pico-gnss-rs/src/main.rs:403)
304.953790 [INFO ] NMEA $GPVTG,179.96,T,,M,0.58,N,1.07,K,A*36 (pico_gnss pico-gnss-rs/src/main.rs:372)
304.971617 [INFO ] PPSGEN count=309 interval_ns=1000002432 dev_ns=2432 phase_ns=-3128397 (pico_gnss pico-gnss-rs/src/main.rs:246)
304.974697 [INFO ] PPS count=307 interval_us=1000002 interval_ns=1000002400 state=Locked missed=0 (pico_gnss pico-gnss-rs/src/main.rs:161)
304.983111 [INFO ] NMEA $GPZDA,094337.000,08,06,2026,,*54 (pico_gnss pico-gnss-rs/src/main.rs:372)
305.036996 [INFO ] NMEA $GPGST,094337.000,8.2,13,6.6,90.7,6.6,13,22*77 (pico_gnss pico-gnss-rs/src/main.rs:372)
305.223575 [INFO ] NMEA $GPGGA,094338.000,0000.0000,N,00000.0000,E,1,7,3.24,37.2,M,39.0,M,,*6D (pico_gnss pico-gnss-rs/src/main.rs:372)
305.253263 [INFO ] NMEA $GNGLL,0000.0000,N,00000.0000,E,094338.000,A,A*48 (pico_gnss pico-gnss-rs/src/main.rs:372)
305.311607 [INFO ] NMEA $GNGSA,A,3,05,20,14,22,15,,,,,,,,3.36,3.24,0.89*18 (pico_gnss pico-gnss-rs/src/main.rs:372)
305.369866 [INFO ] NMEA $GNGSA,A,3,70,80,,,,,,,,,,,3.36,3.24,0.89*11 (pico_gnss pico-gnss-rs/src/main.rs:372)
305.395213 [INFO ] TIME unix_ns=1780911818420520585 ppb=2405 holdover_ms=1420 locked=1 (pico_gnss pico-gnss-rs/src/main.rs:195)
305.428609 [INFO ] NMEA $GPGSV,4,1,14,24,83,267,14,15,61,051,27,23,48,317,,20,38,070,19*7E (pico_gnss pico-gnss-rs/src/main.rs:372)
305.520045 [INFO ] NMEA $GPGSV,4,2,14,18,36,246,,05,29,141,21,22,17,051,17,12,16,164,18*75 (pico_gnss pico-gnss-rs/src/main.rs:372)
305.578623 [INFO ] NMEA $GPGSV,4,3,14,10,13,317,,14,08,040,15,21,01,136,16,193,,,*7A (pico_gnss pico-gnss-rs/src/main.rs:372)
305.607929 [INFO ] NMEA $GPGSV,4,4,14,194,,,,195,,,*7D (pico_gnss pico-gnss-rs/src/main.rs:372)
305.666506 [INFO ] NMEA $GLGSV,3,1,09,73,56,145,,71,48,341,,80,42,048,27,70,39,073,27*6E (pico_gnss pico-gnss-rs/src/main.rs:372)
305.753744 [INFO ] NMEA $GLGSV,3,2,09,86,24,264,,87,21,306,,74,16,183,,72,08,302,*6E (pico_gnss pico-gnss-rs/src/main.rs:372)
305.758485 [INFO ] NMEA $GLGSV,3,3,09,85,01,207,*55 (pico_gnss pico-gnss-rs/src/main.rs:372)
305.845893 [INFO ] NMEA $GNRMC,094338.000,A,0000.0000,N,00000.0000,E,0.60,32.86,080626,,,A*4C (pico_gnss pico-gnss-rs/src/main.rs:372)
305.848474 [INFO ] SYNC pps_local_us=304968337 unix_s=1780911818 drift_us=2 err_ns=-4 holdover_ms=1000 (pico_gnss pico-gnss-rs/src/main.rs:403)
305.875576 [INFO ] NMEA $GPVTG,32.86,T,,M,0.60,N,1.11,K,A*05 (pico_gnss pico-gnss-rs/src/main.rs:372)
305.933295 [INFO ] NMEA $GPZDA,094338.000,08,06,2026,,*5B (pico_gnss pico-gnss-rs/src/main.rs:372)
305.963019 [INFO ] NMEA $GPGST,094338.000,8.2,13,7.1,90.9,7.1,13,22*76 (pico_gnss pico-gnss-rs/src/main.rs:372)
305.971594 [INFO ] PPSGEN count=310 interval_ns=1000002416 dev_ns=2416 phase_ns=-3159396 (pico_gnss pico-gnss-rs/src/main.rs:246)
305.974686 [INFO ] PPS count=308 interval_us=1000002 interval_ns=1000002384 state=Locked missed=0 (pico_gnss pico-gnss-rs/src/main.rs:161)
306.269491 [INFO ] NMEA $GPGGA,094339.000,0000.0000,N,00000.0000,E,1,7,3.24,37.3,M,39.0,M,,*65 (pico_gnss pico-gnss-rs/src/main.rs:372)
306.327890 [INFO ] NMEA $GNGLL,0000.0000,N,00000.0000,E,094339.000,A,A*41 (pico_gnss pico-gnss-rs/src/main.rs:372)
306.357506 [INFO ] NMEA $GNGSA,A,3,05,20,14,22,15,,,,,,,,3.36,3.24,0.89*18 (pico_gnss pico-gnss-rs/src/main.rs:372)
306.396456 [INFO ] TIME unix_ns=1780911819421713583 ppb=2404 holdover_ms=1421 locked=1 (pico_gnss pico-gnss-rs/src/main.rs:195)
306.416054 [INFO ] NMEA $GNGSA,A,3,70,80,,,,,,,,,,,3.36,3.24,0.89*11 (pico_gnss pico-gnss-rs/src/main.rs:372)
306.503089 [INFO ] NMEA $GPGSV,4,1,14,24,83,267,14,15,61,051,27,23,48,317,,20,38,070,19*7E (pico_gnss pico-gnss-rs/src/main.rs:372)
306.565925 [INFO ] NMEA $GPGSV,4,2,14,18,36,246,,05,29,141,21,22,17,051,16,12,16,164,18*74 (pico_gnss pico-gnss-rs/src/main.rs:372)
306.624492 [INFO ] NMEA $GPGSV,4,3,14,10,13,317,,14,08,040,15,21,01,136,14,193,,,*78 (pico_gnss pico-gnss-rs/src/main.rs:372)
306.653847 [INFO ] NMEA $GPGSV,4,4,14,194,,,,195,,,*7D (pico_gnss pico-gnss-rs/src/main.rs:372)
306.741134 [INFO ] NMEA $GLGSV,3,1,09,73,56,145,,71,48,341,,80,42,048,27,70,39,073,27*6E (pico_gnss pico-gnss-rs/src/main.rs:372)
306.803815 [INFO ] NMEA $GLGSV,3,2,09,86,24,264,,87,21,306,,74,16,183,,72,08,302,*6E (pico_gnss pico-gnss-rs/src/main.rs:372)
306.833155 [INFO ] NMEA $GLGSV,3,3,09,85,01,207,*55 (pico_gnss pico-gnss-rs/src/main.rs:372)
306.891711 [INFO ] NMEA $GNRMC,094339.000,A,0000.0000,N,00000.0000,E,0.32,32.86,080626,,,A*42 (pico_gnss pico-gnss-rs/src/main.rs:372)
306.894284 [INFO ] SYNC pps_local_us=305968339 unix_s=1780911819 drift_us=2 err_ns=-19 holdover_ms=999 (pico_gnss pico-gnss-rs/src/main.rs:403)
306.949837 [INFO ] NMEA $GPVTG,32.86,T,,M,0.32,N,0.59,K,A*0F (pico_gnss pico-gnss-rs/src/main.rs:372)
306.971675 [INFO ] PPSGEN count=311 interval_ns=1000002432 dev_ns=2432 phase_ns=-3156396 (pico_gnss pico-gnss-rs/src/main.rs:246)
306.974704 [INFO ] PPS count=309 interval_us=1000002 interval_ns=1000002416 state=Locked missed=0 (pico_gnss pico-gnss-rs/src/main.rs:161)
306.979454 [INFO ] NMEA $GPZDA,094339.000,08,06,2026,,*5A (pico_gnss pico-gnss-rs/src/main.rs:372)
307.008664 [INFO ] NMEA $GPGST,094339.000,8.2,14,7.4,91.6,7.4,14,22*79 (pico_gnss pico-gnss-rs/src/main.rs:372)
307.324690 [INFO ] NMEA $GPGGA,094340.000,0000.0000,N,00000.0000,E,1,7,3.24,37.3,M,39.0,M,,*60 (pico_gnss pico-gnss-rs/src/main.rs:372)
307.383039 [INFO ] NMEA $GNGLL,0000.0000,N,00000.0000,E,094340.000,A,A*44 (pico_gnss pico-gnss-rs/src/main.rs:372)
307.397707 [INFO ] TIME unix_ns=1780911820422984579 ppb=2404 holdover_ms=1422 locked=1 (pico_gnss pico-gnss-rs/src/main.rs:195)
307.441524 [INFO ] NMEA $GNGSA,A,3,05,20,14,22,15,,,,,,,,3.36,3.24,0.89*18 (pico_gnss pico-gnss-rs/src/main.rs:372)
307.471074 [INFO ] NMEA $GNGSA,A,3,70,80,,,,,,,,,,,3.36,3.24,0.89*11 (pico_gnss pico-gnss-rs/src/main.rs:372)
307.562469 [INFO ] NMEA $GPGSV,4,1,14,24,83,267,13,15,61,051,27,23,48,317,,20,38,070,19*79 (pico_gnss pico-gnss-rs/src/main.rs:372)
307.621146 [INFO ] NMEA $GPGSV,4,2,14,18,36,246,,05,29,141,21,22,17,051,16,12,16,164,19*75 (pico_gnss pico-gnss-rs/src/main.rs:372)
307.679683 [INFO ] NMEA $GPGSV,4,3,14,10,13,317,,14,08,040,15,21,01,136,14,193,,,*78 (pico_gnss pico-gnss-rs/src/main.rs:372)
307.709046 [INFO ] NMEA $GPGSV,4,4,14,194,,,,195,,,*7D (pico_gnss pico-gnss-rs/src/main.rs:372)
307.800448 [INFO ] NMEA $GLGSV,3,1,09,73,56,145,,71,48,341,,80,42,048,27,70,39,073,27*6E (pico_gnss pico-gnss-rs/src/main.rs:372)
307.859066 [INFO ] NMEA $GLGSV,3,2,09,86,24,264,,87,21,306,,74,16,183,,72,08,302,*6E (pico_gnss pico-gnss-rs/src/main.rs:372)
307.888312 [INFO ] NMEA $GLGSV,3,3,09,85,01,207,*55 (pico_gnss pico-gnss-rs/src/main.rs:372)
307.946807 [INFO ] NMEA $GNRMC,094340.000,A,0000.0000,N,00000.0000,E,1.35,357.14,080626,,,A*7A (pico_gnss pico-gnss-rs/src/main.rs:372)
307.949374 [INFO ] SYNC pps_local_us=306968342 unix_s=1780911820 drift_us=2 err_ns=12 holdover_ms=1000 (pico_gnss pico-gnss-rs/src/main.rs:403)
307.971644 [INFO ] PPSGEN count=312 interval_ns=1000002416 dev_ns=2416 phase_ns=-3107396 (pico_gnss pico-gnss-rs/src/main.rs:246)
307.974667 [INFO ] PPS count=310 interval_us=1000002 interval_ns=1000002384 state=Locked missed=0 (pico_gnss pico-gnss-rs/src/main.rs:161)
308.004993 [INFO ] NMEA $GPVTG,357.14,T,,M,1.35,N,2.50,K,A*39 (pico_gnss pico-gnss-rs/src/main.rs:372)
308.034262 [INFO ] NMEA $GPZDA,094340.000,08,06,2026,,*54 (pico_gnss pico-gnss-rs/src/main.rs:372)
308.073674 [INFO ] NMEA $GPGST,094340.000,8.2,15,7.9,92.3,8.0,15,22*77 (pico_gnss pico-gnss-rs/src/main.rs:372)
308.263715 [INFO ] NMEA $GPGGA,094341.000,0000.0000,N,00000.0000,E,1,7,3.24,37.2,M,39.0,M,,*60 (pico_gnss pico-gnss-rs/src/main.rs:372)
308.322087 [INFO ] NMEA $GNGLL,0000.0000,N,00000.0000,E,094341.000,A,A*45 (pico_gnss pico-gnss-rs/src/main.rs:372)
308.380492 [INFO ] NMEA $GNGSA,A,3,05,20,14,22,15,,,,,,,,3.36,3.24,0.89*18 (pico_gnss pico-gnss-rs/src/main.rs:372)
308.398947 [INFO ] TIME unix_ns=1780911821424212577 ppb=2404 holdover_ms=1424 locked=1 (pico_gnss pico-gnss-rs/src/main.rs:195)
308.410296 [INFO ] NMEA $GNGSA,A,3,70,80,,,,,,,,,,,3.36,3.24,0.89*11 (pico_gnss pico-gnss-rs/src/main.rs:372)
308.498463 [INFO ] NMEA $GPGSV,4,1,15,24,83,267,13,15,61,051,27,23,48,317,13,20,38,070,18*7B (pico_gnss pico-gnss-rs/src/main.rs:372)
308.557157 [INFO ] NMEA $GPGSV,4,2,15,18,36,246,,05,29,141,21,22,17,051,16,12,16,164,19*74 (pico_gnss pico-gnss-rs/src/main.rs:372)
308.615705 [INFO ] NMEA $GPGSV,4,3,15,10,13,317,,14,08,040,16,21,01,136,11,193,,,*7F (pico_gnss pico-gnss-rs/src/main.rs:372)
308.673901 [INFO ] NMEA $GPGSV,4,4,15,194,,,,195,,,,46,,,*7E (pico_gnss pico-gnss-rs/src/main.rs:372)
308.736596 [INFO ] NMEA $GLGSV,2,1,08,73,56,145,,71,48,341,,80,42,048,27,70,39,073,27*6E (pico_gnss pico-gnss-rs/src/main.rs:372)
308.795154 [INFO ] NMEA $GLGSV,2,2,08,86,24,264,,87,21,306,,74,16,183,,72,08,302,*6E (pico_gnss pico-gnss-rs/src/main.rs:372)
308.882599 [INFO ] NMEA $GNRMC,094341.000,A,0000.0000,N,00000.0000,E,0.61,354.26,080626,,,A*79 (pico_gnss pico-gnss-rs/src/main.rs:372)
308.885183 [INFO ] SYNC pps_local_us=307968344 unix_s=1780911821 drift_us=2 err_ns=-19 holdover_ms=999 (pico_gnss pico-gnss-rs/src/main.rs:403)
308.912284 [INFO ] NMEA $GPVTG,354.26,T,,M,0.61,N,1.14,K,A*38 (pico_gnss pico-gnss-rs/src/main.rs:372)
308.941332 [INFO ] NMEA $GPZDA,094341.000,08,06,2026,,*55 (pico_gnss pico-gnss-rs/src/main.rs:372)
308.971602 [INFO ] PPSGEN count=313 interval_ns=1000002432 dev_ns=2432 phase_ns=-3156396 (pico_gnss pico-gnss-rs/src/main.rs:246)
308.974683 [INFO ] PPS count=311 interval_us=1000002 interval_ns=1000002400 state=Locked missed=0 (pico_gnss pico-gnss-rs/src/main.rs:161)
308.994522 [INFO ] NMEA $GPGST,094341.000,8.2,15,8.4,92.5,8.4,15,23*77 (pico_gnss pico-gnss-rs/src/main.rs:372)
309.326410 [INFO ] NMEA $GPGGA,094342.000,0000.0000,N,00000.0000,E,1,7,3.24,37.2,M,39.0,M,,*6C (pico_gnss pico-gnss-rs/src/main.rs:372)
309.384779 [INFO ] NMEA $GNGLL,0000.0000,N,00000.0000,E,094342.000,A,A*49 (pico_gnss pico-gnss-rs/src/main.rs:372)
309.400163 [INFO ] TIME unix_ns=1780911822425457574 ppb=2404 holdover_ms=1425 locked=1 (pico_gnss pico-gnss-rs/src/main.rs:195)
309.443234 [INFO ] NMEA $GNGSA,A,3,05,20,14,22,15,,,,,,,,3.36,3.24,0.89*18 (pico_gnss pico-gnss-rs/src/main.rs:372)
309.489134 [INFO ] NMEA $GNGSA,A,3,70,80,,,,,,,,,,,3.36,3.24,0.89*11 (pico_gnss pico-gnss-rs/src/main.rs:372)
309.547805 [INFO ] NMEA $GPGSV,4,1,15,24,83,267,13,15,61,051,27,23,48,317,15,20,38,070,18*7D (pico_gnss pico-gnss-rs/src/main.rs:372)
309.635201 [INFO ] NMEA $GPGSV,4,2,15,18,36,246,,05,29,141,21,22,17,051,17,12,16,164,19*75 (pico_gnss pico-gnss-rs/src/main.rs:372)
309.693784 [INFO ] NMEA $GPGSV,4,3,15,10,13,317,,14,08,040,14,21,01,136,12,193,,,*7E (pico_gnss pico-gnss-rs/src/main.rs:372)
309.723201 [INFO ] NMEA $GPGSV,4,4,15,194,,,,195,,,,46,,,*7E (pico_gnss pico-gnss-rs/src/main.rs:372)
309.785863 [INFO ] NMEA $GLGSV,2,1,08,73,56,145,,71,48,341,,80,42,048,26,70,39,073,27*6F (pico_gnss pico-gnss-rs/src/main.rs:372)
309.873195 [INFO ] NMEA $GLGSV,2,2,08,86,23,263,,87,21,306,,74,16,183,,72,08,302,*6E (pico_gnss pico-gnss-rs/src/main.rs:372)
309.931802 [INFO ] NMEA $GNRMC,094342.000,A,0000.0000,N,00000.0000,E,0.77,318.94,080626,,,A*73 (pico_gnss pico-gnss-rs/src/main.rs:372)
309.934372 [INFO ] SYNC pps_local_us=308968346 unix_s=1780911822 drift_us=2 err_ns=-3 holdover_ms=999 (pico_gnss pico-gnss-rs/src/main.rs:403)
309.971659 [INFO ] PPSGEN count=314 interval_ns=1000002416 dev_ns=2416 phase_ns=-3129395 (pico_gnss pico-gnss-rs/src/main.rs:246)
309.974691 [INFO ] PPS count=312 interval_us=1000002 interval_ns=1000002400 state=Locked missed=0 (pico_gnss pico-gnss-rs/src/main.rs:161)
309.990222 [INFO ] NMEA $GPVTG,318.94,T,,M,0.77,N,1.43,K,A*3C (pico_gnss pico-gnss-rs/src/main.rs:372)
310.023253 [INFO ] NMEA $GPZDA,094342.000,08,06,2026,,*56 (pico_gnss pico-gnss-rs/src/main.rs:372)
310.052796 [INFO ] NMEA $GPGST,094342.000,8.2,16,9.0,92.8,9.0,16,24*7E (pico_gnss pico-gnss-rs/src/main.rs:372)
310.273424 [INFO ] NMEA $GPGGA,094343.000,0000.0000,N,00000.0000,E,1,7,3.24,37.1,M,39.0,M,,*6A (pico_gnss pico-gnss-rs/src/main.rs:372)
310.331783 [INFO ] NMEA $GNGLL,0000.0000,N,00000.0000,E,094343.000,A,A*4C (pico_gnss pico-gnss-rs/src/main.rs:372)
310.390223 [INFO ] NMEA $GNGSA,A,3,05,20,14,22,15,,,,,,,,3.36,3.24,0.89*18 (pico_gnss pico-gnss-rs/src/main.rs:372)
310.401386 [INFO ] TIME unix_ns=1780911823426701572 ppb=2403 holdover_ms=1426 locked=1 (pico_gnss pico-gnss-rs/src/main.rs:195)
310.422839 [INFO ] NMEA $GNGSA,A,3,70,80,,,,,,,,,,,3.36,3.24,0.89*11 (pico_gnss pico-gnss-rs/src/main.rs:372)
310.510242 [INFO ] NMEA $GPGSV,4,1,15,24,83,267,13,15,61,051,27,23,48,317,15,20,38,070,18*7D (pico_gnss pico-gnss-rs/src/main.rs:372)
310.568854 [INFO ] NMEA $GPGSV,4,2,15,18,36,246,,05,29,141,21,22,17,051,16,12,16,164,19*74 (pico_gnss pico-gnss-rs/src/main.rs:372)
310.627429 [INFO ] NMEA $GPGSV,4,3,15,10,13,317,,14,08,040,17,21,01,136,13,193,,,*7C (pico_gnss pico-gnss-rs/src/main.rs:372)
310.689736 [INFO ] NMEA $GPGSV,4,4,15,194,,,,195,,,,46,,,*7E (pico_gnss pico-gnss-rs/src/main.rs:372)
310.748320 [INFO ] NMEA $GLGSV,2,1,08,73,56,145,,71,48,341,,80,42,048,26,70,39,073,27*6F (pico_gnss pico-gnss-rs/src/main.rs:372)
310.806900 [INFO ] NMEA $GLGSV,2,2,08,86,23,263,,87,21,305,,74,16,183,,72,08,302,*6D (pico_gnss pico-gnss-rs/src/main.rs:372)
310.894321 [INFO ] NMEA $GNRMC,094343.000,A,0000.0000,N,00000.0000,E,0.65,323.55,080626,,,A*70 (pico_gnss pico-gnss-rs/src/main.rs:372)
310.896882 [INFO ] SYNC pps_local_us=309968349 unix_s=1780911823 drift_us=2 err_ns=-3 holdover_ms=1000 (pico_gnss pico-gnss-rs/src/main.rs:403)
310.923989 [INFO ] NMEA $GPVTG,323.55,T,,M,0.65,N,1.20,K,A*3F (pico_gnss pico-gnss-rs/src/main.rs:372)
310.957077 [INFO ] NMEA $GPZDA,094343.000,08,06,2026,,*57 (pico_gnss pico-gnss-rs/src/main.rs:372)
310.971621 [INFO ] PPSGEN count=315 interval_ns=1000002432 dev_ns=2432 phase_ns=-3152395 (pico_gnss pico-gnss-rs/src/main.rs:246)
310.974701 [INFO ] PPS count=313 interval_us=1000002 interval_ns=1000002384 state=Locked missed=0 (pico_gnss pico-gnss-rs/src/main.rs:161)
311.004061 [INFO ] NMEA $GPGST,094343.000,8.2,16,9.6,92.5,9.6,16,23*75 (pico_gnss pico-gnss-rs/src/main.rs:372)
311.337696 [INFO ] NMEA $GPGGA,094344.000,0000.0000,N,00000.0000,E,1,8,1.31,37.1,M,39.0,M,,*6F (pico_gnss pico-gnss-rs/src/main.rs:372)
311.396042 [INFO ] NMEA $GNGLL,0000.0000,N,00000.0000,E,094344.000,A,A*40 (pico_gnss pico-gnss-rs/src/main.rs:372)
311.402595 [INFO ] TIME unix_ns=1780911824427879570 ppb=2403 holdover_ms=1427 locked=1 (pico_gnss pico-gnss-rs/src/main.rs:195)
311.454547 [INFO ] NMEA $GNGSA,A,3,05,20,14,22,15,23,,,,,,,1.57,1.31,0.88*1B (pico_gnss pico-gnss-rs/src/main.rs:372)
311.502508 [INFO ] NMEA $GNGSA,A,3,70,80,,,,,,,,,,,1.57,1.31,0.88*13 (pico_gnss pico-gnss-rs/src/main.rs:372)
311.561150 [INFO ] NMEA $GPGSV,4,1,15,24,83,267,13,15,61,051,27,23,48,317,15,20,38,070,18*7D (pico_gnss pico-gnss-rs/src/main.rs:372)
311.648535 [INFO ] NMEA $GPGSV,4,2,15,18,36,246,,05,29,141,20,22,17,051,16,12,16,164,19*75 (pico_gnss pico-gnss-rs/src/main.rs:372)
311.707137 [INFO ] NMEA $GPGSV,4,3,15,10,13,317,,14,08,040,17,21,01,136,14,193,,,*7B (pico_gnss pico-gnss-rs/src/main.rs:372)
311.740611 [INFO ] NMEA $GPGSV,4,4,15,194,,,,195,,,,46,,,*7E (pico_gnss pico-gnss-rs/src/main.rs:372)
311.799221 [INFO ] NMEA $GLGSV,2,1,08,73,56,145,,71,48,341,,80,42,048,26,70,39,073,27*6F (pico_gnss pico-gnss-rs/src/main.rs:372)
311.886538 [INFO ] NMEA $GLGSV,2,2,08,86,23,263,,87,21,305,,74,16,183,,72,08,302,*6D (pico_gnss pico-gnss-rs/src/main.rs:372)
311.945121 [INFO ] NMEA $GNRMC,094344.000,A,0000.0000,N,00000.0000,E,0.79,335.13,080626,,,A*74 (pico_gnss pico-gnss-rs/src/main.rs:372)
311.947685 [INFO ] SYNC pps_local_us=310968351 unix_s=1780911824 drift_us=2 err_ns=-18 holdover_ms=999 (pico_gnss pico-gnss-rs/src/main.rs:403)
311.974677 [INFO ] PPSGEN count=316 interval_ns=1002620240 dev_ns=2620240 phase_ns=-104402 (pico_gnss pico-gnss-rs/src/main.rs:246)
311.976070 [INFO ] PPS count=314 interval_us=1000002 interval_ns=1000002400 state=Locked missed=0 (pico_gnss pico-gnss-rs/src/main.rs:161)
312.007326 [INFO ] NMEA $GPVTG,335.13,T,,M,0.79,N,1.46,K,A*37 (pico_gnss pico-gnss-rs/src/main.rs:372)
312.036658 [INFO ] NMEA $GPZDA,094344.000,08,06,2026,,*50 (pico_gnss pico-gnss-rs/src/main.rs:372)
312.066123 [INFO ] NMEA $GPGST,094344.000,8.2,16,9.9,92.3,9.9,16,22*75 (pico_gnss pico-gnss-rs/src/main.rs:372)
312.334518 [INFO ] NMEA $GPGGA,094345.000,0000.0000,N,00000.0000,E,1,8,1.31,36.9,M,39.0,M,,*60 (pico_gnss pico-gnss-rs/src/main.rs:372)
312.392871 [INFO ] NMEA $GNGLL,0000.0000,N,00000.0000,E,094345.000,A,A*46 (pico_gnss pico-gnss-rs/src/main.rs:372)
312.403817 [INFO ] TIME unix_ns=1780911825429108567 ppb=2403 holdover_ms=1429 locked=1 (pico_gnss pico-gnss-rs/src/main.rs:195)
312.454397 [INFO ] NMEA $GNGSA,A,3,05,20,14,22,15,23,,,,,,,1.58,1.31,0.88*14 (pico_gnss pico-gnss-rs/src/main.rs:372)
312.483992 [INFO ] NMEA $GNGSA,A,3,70,80,,,,,,,,,,,1.58,1.31,0.88*1C (pico_gnss pico-gnss-rs/src/main.rs:372)
312.571342 [INFO ] NMEA $GPGSV,4,1,15,24,83,267,12,15,61,051,27,23,48,317,15,20,38,070,18*7C (pico_gnss pico-gnss-rs/src/main.rs:372)
312.629987 [INFO ] NMEA $GPGSV,4,2,15,18,36,246,,05,29,141,20,22,17,051,16,12,16,164,19*75 (pico_gnss pico-gnss-rs/src/main.rs:372)
312.688515 [INFO ] NMEA $GPGSV,4,3,15,10,13,317,,14,08,040,17,21,01,136,,193,,,*7E (pico_gnss pico-gnss-rs/src/main.rs:372)
312.750794 [INFO ] NMEA $GPGSV,4,4,15,194,,,,195,,,,46,,,*7E (pico_gnss pico-gnss-rs/src/main.rs:372)
312.809387 [INFO ] NMEA $GLGSV,2,1,08,73,56,145,,71,48,341,,80,42,048,26,70,39,073,27*6F (pico_gnss pico-gnss-rs/src/main.rs:372)
312.867967 [INFO ] NMEA $GLGSV,2,2,08,86,23,263,,87,21,305,,74,16,183,,72,08,302,*6D (pico_gnss pico-gnss-rs/src/main.rs:372)
312.955261 [INFO ] NMEA $GNRMC,094345.000,A,0000.0000,N,00000.0000,E,0.46,335.13,080626,,,A*7E (pico_gnss pico-gnss-rs/src/main.rs:372)
312.957828 [INFO ] SYNC pps_local_us=311968354 unix_s=1780911825 drift_us=2 err_ns=-2 holdover_ms=1001 (pico_gnss pico-gnss-rs/src/main.rs:403)
312.974279 [INFO ] PPSGEN count=317 interval_ns=1000002432 dev_ns=2432 phase_ns=-1829398 (pico_gnss pico-gnss-rs/src/main.rs:246)
312.975627 [INFO ] PPS count=315 interval_us=1000002 interval_ns=1000002384 state=Locked missed=0 (pico_gnss pico-gnss-rs/src/main.rs:161)
312.988845 [INFO ] NMEA $GPVTG,335.13,T,,M,0.46,N,0.86,K,A*36 (pico_gnss pico-gnss-rs/src/main.rs:372)
313.018092 [INFO ] NMEA $GPZDA,094345.000,08,06,2026,,*51 (pico_gnss pico-gnss-rs/src/main.rs:372)
313.062790 [INFO ] NMEA $GPGST,094345.000,8.2,16,10,91.7,10,16,23*72 (pico_gnss pico-gnss-rs/src/main.rs:372)
313.291449 [INFO ] NMEA $GPGGA,094346.000,0000.0000,N,00000.0000,E,1,8,1.31,36.9,M,39.0,M,,*60 (pico_gnss pico-gnss-rs/src/main.rs:372)
313.349812 [INFO ] NMEA $GNGLL,0000.0000,N,00000.0000,E,094346.000,A,A*46 (pico_gnss pico-gnss-rs/src/main.rs:372)
313.400011 [INFO ] NMEA $GNGSA,A,3,05,20,14,22,15,23,,,,,,,1.58,1.31,0.88*14 (pico_gnss pico-gnss-rs/src/main.rs:372)
313.405035 [INFO ] TIME unix_ns=1780911826428946568 ppb=2402 holdover_ms=1428 locked=1 (pico_gnss pico-gnss-rs/src/main.rs:195)
313.458395 [INFO ] NMEA $GNGSA,A,3,70,80,,,,,,,,,,,1.58,1.31,0.88*1C (pico_gnss pico-gnss-rs/src/main.rs:372)
313.516983 [INFO ] NMEA $GPGSV,4,1,15,24,83,267,13,15,61,051,27,23,48,317,14,20,38,070,18*7C (pico_gnss pico-gnss-rs/src/main.rs:372)
313.604389 [INFO ] NMEA $GPGSV,4,2,15,18,36,246,,05,29,141,20,22,17,051,16,12,16,164,19*75 (pico_gnss pico-gnss-rs/src/main.rs:372)
313.667037 [INFO ] NMEA $GPGSV,4,3,15,10,13,317,,14,08,040,17,21,01,136,,193,,,*7E (pico_gnss pico-gnss-rs/src/main.rs:372)
313.696498 [INFO ] NMEA $GPGSV,4,4,15,194,,,,195,,,,46,,,*7E (pico_gnss pico-gnss-rs/src/main.rs:372)
313.755030 [INFO ] NMEA $GLGSV,2,1,08,73,56,145,,71,48,341,,80,42,048,26,70,39,073,27*6F (pico_gnss pico-gnss-rs/src/main.rs:372)
313.842383 [INFO ] NMEA $GLGSV,2,2,08,86,23,263,,87,21,305,,74,16,183,,72,08,302,*6D (pico_gnss pico-gnss-rs/src/main.rs:372)
313.901014 [INFO ] NMEA $GNRMC,094346.000,A,0000.0000,N,00000.0000,E,0.65,327.22,080626,,,A*7E (pico_gnss pico-gnss-rs/src/main.rs:372)
313.903590 [INFO ] SYNC pps_local_us=312968356 unix_s=1780911826 drift_us=2 err_ns=-18 holdover_ms=999 (pico_gnss pico-gnss-rs/src/main.rs:403)
313.934525 [INFO ] NMEA $GPVTG,327.22,T,,M,0.65,N,1.21,K,A*3A (pico_gnss pico-gnss-rs/src/main.rs:372)
313.974277 [INFO ] PPSGEN count=318 interval_ns=1000002416 dev_ns=2416 phase_ns=-1465398 (pico_gnss pico-gnss-rs/src/main.rs:246)
313.975654 [INFO ] PPS count=316 interval_us=1000002 interval_ns=1000002400 state=Locked missed=0 (pico_gnss pico-gnss-rs/src/main.rs:161)
313.992842 [INFO ] NMEA $GPZDA,094346.000,08,06,2026,,*52 (pico_gnss pico-gnss-rs/src/main.rs:372)
314.020157 [INFO ] NMEA $GPGST,094346.000,8.2,16,11,91.5,11,16,24*74 (pico_gnss pico-gnss-rs/src/main.rs:372)
314.241198 [INFO ] NMEA $GPGGA,094347.000,0000.0000,N,00000.0000,E,1,8,1.31,36.9,M,39.0,M,,*6D (pico_gnss pico-gnss-rs/src/main.rs:372)
314.299557 [INFO ] NMEA $GNGLL,0000.0000,N,00000.0000,E,094347.000,A,A*4B (pico_gnss pico-gnss-rs/src/main.rs:372)
314.338471 [INFO ] NMEA $GNGSA,A,3,05,20,14,22,15,23,,,,,,,1.57,1.31,0.88*1B (pico_gnss pico-gnss-rs/src/main.rs:372)
314.396756 [INFO ] NMEA $GNGSA,A,3,70,80,,,,,,,,,,,1.57,1.31,0.88*13 (pico_gnss pico-gnss-rs/src/main.rs:372)
314.406242 [INFO ] TIME unix_ns=1780911827430594564 ppb=2402 holdover_ms=1430 locked=1 (pico_gnss pico-gnss-rs/src/main.rs:195)
314.484195 [INFO ] NMEA $GPGSV,4,1,15,24,83,267,13,15,61,051,27,23,48,317,14,20,38,070,18*7C (pico_gnss pico-gnss-rs/src/main.rs:372)
314.542857 [INFO ] NMEA $GPGSV,4,2,15,18,36,246,,05,29,141,20,22,17,051,16,12,16,164,19*75 (pico_gnss pico-gnss-rs/src/main.rs:372)
314.605486 [INFO ] NMEA $GPGSV,4,3,15,10,13,317,,14,08,040,17,21,01,136,,193,,,*7E (pico_gnss pico-gnss-rs/src/main.rs:372)
314.634913 [INFO ] NMEA $GPGSV,4,4,15,194,,,,195,,,,46,,,*7E (pico_gnss pico-gnss-rs/src/main.rs:372)
314.722271 [INFO ] NMEA $GLGSV,2,1,08,73,56,145,,71,48,341,,80,42,048,26,70,39,073,27*6F (pico_gnss pico-gnss-rs/src/main.rs:372)
314.780813 [INFO ] NMEA $GLGSV,2,2,08,86,23,263,,87,21,305,,74,16,183,,72,08,302,*6D (pico_gnss pico-gnss-rs/src/main.rs:372)
314.868184 [INFO ] NMEA $GNRMC,094347.000,A,0000.0000,N,00000.0000,E,0.37,327.22,080626,,,A*74 (pico_gnss pico-gnss-rs/src/main.rs:372)
314.870755 [INFO ] SYNC pps_local_us=313968358 unix_s=1780911827 drift_us=2 err_ns=-2 holdover_ms=1000 (pico_gnss pico-gnss-rs/src/main.rs:403)
314.901803 [INFO ] NMEA $GPVTG,327.22,T,,M,0.37,N,0.68,K,A*31 (pico_gnss pico-gnss-rs/src/main.rs:372)
314.931122 [INFO ] NMEA $GPZDA,094347.000,08,06,2026,,*53 (pico_gnss pico-gnss-rs/src/main.rs:372)
314.969520 [INFO ] NMEA $GPGST,094347.000,8.2,17,11,90.3,11,17,24*72 (pico_gnss pico-gnss-rs/src/main.rs:372)
314.974316 [INFO ] PPSGEN count=319 interval_ns=1000002432 dev_ns=2432 phase_ns=-1483398 (pico_gnss pico-gnss-rs/src/main.rs:246)
314.975704 [INFO ] PPS count=317 interval_us=1000002 interval_ns=1000002400 state=Locked missed=0 (pico_gnss pico-gnss-rs/src/main.rs:161)
315.318442 [INFO ] NMEA $GPGGA,094348.000,0000.0000,N,00000.0000,E,1,8,1.31,36.9,M,39.0,M,,*64 (pico_gnss pico-gnss-rs/src/main.rs:372)
315.376764 [INFO ] NMEA $GNGLL,0000.0000,N,00000.0000,E,094348.000,A,A*42 (pico_gnss pico-gnss-rs/src/main.rs:372)
315.407475 [INFO ] TIME unix_ns=1780911828431775561 ppb=2402 holdover_ms=1431 locked=1 (pico_gnss pico-gnss-rs/src/main.rs:195)
315.433421 [INFO ] NMEA $GNGSA,A,3,05,20,14,22,15,23,,,,,,,1.57,1.31,0.88*1B (pico_gnss pico-gnss-rs/src/main.rs:372)
315.462738 [INFO ] NMEA $GNGSA,A,3,70,80,,,,,,,,,,,1.57,1.31,0.88*13 (pico_gnss pico-gnss-rs/src/main.rs:372)
315.550085 [INFO ] NMEA $GPGSV,4,1,14,24,83,267,14,15,61,051,26,23,48,317,15,20,38,070,18*7A (pico_gnss pico-gnss-rs/src/main.rs:372)
315.608712 [INFO ] NMEA $GPGSV,4,2,14,18,36,246,,05,29,141,19,22,17,051,16,12,16,164,19*7E (pico_gnss pico-gnss-rs/src/main.rs:372)
315.671353 [INFO ] NMEA $GPGSV,4,3,14,10,13,317,,14,08,040,17,21,01,136,,193,,,*7F (pico_gnss pico-gnss-rs/src/main.rs:372)
315.729415 [INFO ] NMEA $GPGSV,4,4,14,194,,,,195,,,*7D (pico_gnss pico-gnss-rs/src/main.rs:372)
315.788058 [INFO ] NMEA $GLGSV,2,1,08,73,56,145,,71,48,341,,80,42,048,26,70,39,073,27*6F (pico_gnss pico-gnss-rs/src/main.rs:372)
315.846585 [INFO ] NMEA $GLGSV,2,2,08,86,23,263,,87,21,305,,74,16,183,,72,08,302,*6D (pico_gnss pico-gnss-rs/src/main.rs:372)
315.938028 [INFO ] NMEA $GNRMC,094348.000,A,0000.0000,N,00000.0000,E,0.13,327.22,080626,,,A*7B (pico_gnss pico-gnss-rs/src/main.rs:372)
315.940566 [INFO ] SYNC pps_local_us=314968361 unix_s=1780911828 drift_us=2 err_ns=-1 holdover_ms=1000 (pico_gnss pico-gnss-rs/src/main.rs:403)
315.967720 [INFO ] NMEA $GPVTG,327.22,T,,M,0.13,N,0.24,K,A*3F (pico_gnss pico-gnss-rs/src/main.rs:372)
315.974257 [INFO ] PPSGEN count=320 interval_ns=1000002416 dev_ns=2416 phase_ns=-1518398 (pico_gnss pico-gnss-rs/src/main.rs:246)
315.975615 [INFO ] PPS count=318 interval_us=1000002 interval_ns=1000002400 state=Locked missed=0 (pico_gnss pico-gnss-rs/src/main.rs:161)
315.997033 [INFO ] NMEA $GPZDA,094348.000,08,06,2026,,*5C (pico_gnss pico-gnss-rs/src/main.rs:372)
316.040441 [INFO ] NMEA $GPGST,094348.000,8.3,17,11,89.6,11,17,23*76 (pico_gnss pico-gnss-rs/src/main.rs:372)
316.261293 [INFO ] NMEA $GPGGA,094349.000,0000.0000,N,00000.0000,E,1,8,1.31,36.9,M,39.0,M,,*6F (pico_gnss pico-gnss-rs/src/main.rs:372)
316.319643 [INFO ] NMEA $GNGLL,0000.0000,N,00000.0000,E,094349.000,A,A*49 (pico_gnss pico-gnss-rs/src/main.rs:372)
316.370875 [INFO ] NMEA $GNGSA,A,3,05,20,14,22,15,23,,,,,,,1.57,1.31,0.88*1B (pico_gnss pico-gnss-rs/src/main.rs:372)
316.408710 [INFO ] TIME unix_ns=1780911829432971559 ppb=2402 holdover_ms=1432 locked=1 (pico_gnss pico-gnss-rs/src/main.rs:195)
316.429464 [INFO ] NMEA $GNGSA,A,3,70,80,,,,,,,,,,,1.57,1.31,0.88*13 (pico_gnss pico-gnss-rs/src/main.rs:372)
316.487856 [INFO ] NMEA $GPGSV,4,1,14,24,83,267,15,15,61,051,26,23,48,317,15,20,38,070,18*7B (pico_gnss pico-gnss-rs/src/main.rs:372)
316.575300 [INFO ] NMEA $GPGSV,4,2,14,18,36,246,,05,29,141,19,22,17,051,16,12,16,164,19*7E (pico_gnss pico-gnss-rs/src/main.rs:372)
316.637878 [INFO ] NMEA $GPGSV,4,3,14,10,13,317,,14,08,040,17,21,01,136,,193,,,*7F (pico_gnss pico-gnss-rs/src/main.rs:372)
316.667261 [INFO ] NMEA $GPGSV,4,4,14,194,,,,195,,,*7D (pico_gnss pico-gnss-rs/src/main.rs:372)
316.725810 [INFO ] NMEA $GLGSV,2,1,08,73,56,145,,71,48,341,,80,42,048,26,70,39,073,26*6E (pico_gnss pico-gnss-rs/src/main.rs:372)
316.784350 [INFO ] NMEA $GLGSV,2,2,08,86,23,263,,87,21,305,,74,16,183,,72,08,302,*6D (pico_gnss pico-gnss-rs/src/main.rs:372)
316.875932 [INFO ] NMEA $GNRMC,094349.000,A,0000.0000,N,00000.0000,E,1.15,320.01,080626,,,A*71 (pico_gnss pico-gnss-rs/src/main.rs:372)
316.878521 [INFO ] SYNC pps_local_us=315968363 unix_s=1780911829 drift_us=2 err_ns=-1 holdover_ms=999 (pico_gnss pico-gnss-rs/src/main.rs:403)
316.905620 [INFO ] NMEA $GPVTG,320.01,T,,M,1.15,N,2.14,K,A*3F (pico_gnss pico-gnss-rs/src/main.rs:372)
316.934671 [INFO ] NMEA $GPZDA,094349.000,08,06,2026,,*5D (pico_gnss pico-gnss-rs/src/main.rs:372)
316.974280 [INFO ] PPSGEN count=321 interval_ns=1000002432 dev_ns=2432 phase_ns=-1450398 (pico_gnss pico-gnss-rs/src/main.rs:246)
316.975658 [INFO ] PPS count=319 interval_us=1000002 interval_ns=1000002400 state=Locked missed=0 (pico_gnss pico-gnss-rs/src/main.rs:161)
316.983910 [INFO ] NMEA $GPGST,094349.000,8.4,17,11,89.0,11,17,23*76 (pico_gnss pico-gnss-rs/src/main.rs:372)
317.330290 [INFO ] NMEA $GPGGA,094350.000,0000.0000,N,00000.0000,E,1,8,1.31,36.8,M,39.0,M,,*6B (pico_gnss pico-gnss-rs/src/main.rs:372)
317.388628 [INFO ] NMEA $GNGLL,0000.0000,N,00000.0000,E,094350.000,A,A*4C (pico_gnss pico-gnss-rs/src/main.rs:372)
317.409957 [INFO ] TIME unix_ns=1780911830434291556 ppb=2402 holdover_ms=1434 locked=1 (pico_gnss pico-gnss-rs/src/main.rs:195)
317.435043 [INFO ] NMEA $GNGSA,A,3,05,20,14,22,15,23,,,,,,,1.57,1.31,0.88*1B (pico_gnss pico-gnss-rs/src/main.rs:372)
317.493027 [INFO ] NMEA $GNGSA,A,3,70,80,,,,,,,,,,,1.57,1.31,0.88*13 (pico_gnss pico-gnss-rs/src/main.rs:372)
317.551724 [INFO ] NMEA $GPGSV,4,1,14,24,83,267,15,15,61,051,26,23,48,317,14,20,38,070,18*7A (pico_gnss pico-gnss-rs/src/main.rs:372)
317.639202 [INFO ] NMEA $GPGSV,4,2,14,18,36,246,,05,29,141,19,22,17,051,16,12,16,164,19*7E (pico_gnss pico-gnss-rs/src/main.rs:372)
317.701850 [INFO ] NMEA $GPGSV,4,3,14,10,13,317,,14,08,040,17,21,01,136,,193,,,*7F (pico_gnss pico-gnss-rs/src/main.rs:372)
317.731206 [INFO ] NMEA $GPGSV,4,4,14,194,,,,195,,,*7D (pico_gnss pico-gnss-rs/src/main.rs:372)
317.789748 [INFO ] NMEA $GLGSV,2,1,08,73,56,145,,71,48,341,,80,42,048,26,70,39,073,26*6E (pico_gnss pico-gnss-rs/src/main.rs:372)
317.848326 [INFO ] NMEA $GLGSV,2,2,08,86,23,263,,87,21,305,,74,16,183,,72,08,302,*6D (pico_gnss pico-gnss-rs/src/main.rs:372)
317.939750 [INFO ] NMEA $GNRMC,094350.000,A,0000.0000,N,00000.0000,E,1.38,338.06,080626,,,A*75 (pico_gnss pico-gnss-rs/src/main.rs:372)
317.942302 [INFO ] SYNC pps_local_us=316968366 unix_s=1780911830 drift_us=2 err_ns=-1 holdover_ms=1000 (pico_gnss pico-gnss-rs/src/main.rs:403)
317.969426 [INFO ] NMEA $GPVTG,338.06,T,,M,1.38,N,2.56,K,A*38 (pico_gnss pico-gnss-rs/src/main.rs:372)
317.974253 [INFO ] PPSGEN count=322 interval_ns=1000002416 dev_ns=2416 phase_ns=-1474398 (pico_gnss pico-gnss-rs/src/main.rs:246)
317.975604 [INFO ] PPS count=320 interval_us=1000002 interval_ns=1000002400 state=Locked missed=0 (pico_gnss pico-gnss-rs/src/main.rs:161)
318.027201 [INFO ] NMEA $GPZDA,094350.000,08,06,2026,,*55 (pico_gnss pico-gnss-rs/src/main.rs:372)
318.052661 [INFO ] NMEA $GPGST,094350.000,8.4,17,12,88.6,12,17,23*79 (pico_gnss pico-gnss-rs/src/main.rs:372)
318.349225 [INFO ] NMEA $GPGGA,094351.000,0000.0000,N,00000.0000,E,1,8,1.31,36.8,M,39.0,M,,*6C (pico_gnss pico-gnss-rs/src/main.rs:372)
318.407531 [INFO ] NMEA $GNGLL,0000.0000,N,00000.0000,E,094351.000,A,A*4B (pico_gnss pico-gnss-rs/src/main.rs:372)
318.411160 [INFO ] TIME unix_ns=1780911831435494553 ppb=2402 holdover_ms=1435 locked=1 (pico_gnss pico-gnss-rs/src/main.rs:195)
318.448630 [INFO ] NMEA $GNGSA,A,3,05,20,14,22,15,23,,,,,,,1.57,1.31,0.88*1B (pico_gnss pico-gnss-rs/src/main.rs:372)
318.506818 [INFO ] NMEA $GNGSA,A,3,70,80,,,,,,,,,,,1.57,1.31,0.88*13 (pico_gnss pico-gnss-rs/src/main.rs:372)
318.594243 [INFO ] NMEA $GPGSV,4,1,14,24,83,267,15,15,61,051,26,23,48,317,14,20,38,070,18*7A (pico_gnss pico-gnss-rs/src/main.rs:372)
318.652921 [INFO ] NMEA $GPGSV,4,2,14,18,36,246,,05,29,141,19,22,17,051,16,12,16,164,19*7E (pico_gnss pico-gnss-rs/src/main.rs:372)
318.715556 [INFO ] NMEA $GPGSV,4,3,14,10,13,317,,14,08,040,17,21,01,136,,193,,,*7F (pico_gnss pico-gnss-rs/src/main.rs:372)
318.744893 [INFO ] NMEA $GPGSV,4,4,14,194,,,,195,,,*7D (pico_gnss pico-gnss-rs/src/main.rs:372)
318.803474 [INFO ] NMEA $GLGSV,2,1,08,73,56,145,,71,48,341,,80,42,048,26,70,39,073,25*6D (pico_gnss pico-gnss-rs/src/main.rs:372)
318.890733 [INFO ] NMEA $GLGSV,2,2,08,86,23,263,,87,21,305,,74,16,183,,72,08,302,*6D (pico_gnss pico-gnss-rs/src/main.rs:372)
318.953442 [INFO ] NMEA $GNRMC,094351.000,A,0000.0000,N,00000.0000,E,0.52,338.06,080626,,,A*7F (pico_gnss pico-gnss-rs/src/main.rs:372)
318.956003 [INFO ] SYNC pps_local_us=317968368 unix_s=1780911831 drift_us=2 err_ns=-1 holdover_ms=999 (pico_gnss pico-gnss-rs/src/main.rs:403)
318.974290 [INFO ] PPSGEN count=323 interval_ns=1000002432 dev_ns=2432 phase_ns=-1361398 (pico_gnss pico-gnss-rs/src/main.rs:246)
318.975625 [INFO ] PPS count=321 interval_us=1000002 interval_ns=1000002400 state=Locked missed=0 (pico_gnss pico-gnss-rs/src/main.rs:161)
318.983226 [INFO ] NMEA $GPVTG,338.06,T,,M,0.52,N,0.97,K,A*3A (pico_gnss pico-gnss-rs/src/main.rs:372)
319.040808 [INFO ] NMEA $GPZDA,094351.000,08,06,2026,,*54 (pico_gnss pico-gnss-rs/src/main.rs:372)
319.071550 [INFO ] NMEA $GPGST,094351.000,8.4,18,12,88.2,12,18,23*7C (pico_gnss pico-gnss-rs/src/main.rs:372)
319.288403 [INFO ] NMEA $GPGGA,094352.000,0000.0000,N,00000.0000,E,1,8,1.31,36.7,M,39.0,M,,*6B (pico_gnss pico-gnss-rs/src/main.rs:372)
319.352925 [INFO ] NMEA $GNGLL,0000.0000,N,00000.0000,E,094352.000,A,A*43 (pico_gnss pico-gnss-rs/src/main.rs:372)
319.411334 [INFO ] NMEA $GNGSA,A,3,05,20,14,22,15,23,,,,,,,1.57,1.31,0.88*1B (pico_gnss pico-gnss-rs/src/main.rs:372)
319.413666 [INFO ] TIME unix_ns=1780911832438024547 ppb=2402 holdover_ms=1438 locked=1 (pico_gnss pico-gnss-rs/src/main.rs:195)
319.441196 [INFO ] NMEA $GNGSA,A,3,70,80,,,,,,,,,,,1.57,1.31,0.88*13 (pico_gnss pico-gnss-rs/src/main.rs:372)
319.528300 [INFO ] NMEA $GPGSV,4,1,14,24,83,267,15,15,61,051,26,23,48,317,14,20,38,070,18*7A (pico_gnss pico-gnss-rs/src/main.rs:372)
319.586958 [INFO ] NMEA $GPGSV,4,2,14,18,36,246,,05,29,141,19,22,17,051,16,12,16,164,19*7E (pico_gnss pico-gnss-rs/src/main.rs:372)
319.649545 [INFO ] NMEA $GPGSV,4,3,14,10,13,317,,14,08,040,17,21,01,136,,193,,,*7F (pico_gnss pico-gnss-rs/src/main.rs:372)
319.678932 [INFO ] NMEA $GPGSV,4,4,14,194,,,,195,,,*7D (pico_gnss pico-gnss-rs/src/main.rs:372)
319.766254 [INFO ] NMEA $GLGSV,2,1,08,73,56,145,,71,48,341,,80,42,048,26,70,39,073,25*6D (pico_gnss pico-gnss-rs/src/main.rs:372)
319.824830 [INFO ] NMEA $GLGSV,2,2,08,86,23,263,,87,21,305,,74,16,183,,72,08,302,*6D (pico_gnss pico-gnss-rs/src/main.rs:372)
319.887591 [INFO ] NMEA $GNRMC,094352.000,A,0000.0000,N,00000.0000,E,0.38,338.06,080626,,,A*7B (pico_gnss pico-gnss-rs/src/main.rs:372)
319.890169 [INFO ] SYNC pps_local_us=318968370 unix_s=1780911832 drift_us=2 err_ns=-1 holdover_ms=1000 (pico_gnss pico-gnss-rs/src/main.rs:403)
319.945718 [INFO ] NMEA $GPVTG,338.06,T,,M,0.38,N,0.70,K,A*3F (pico_gnss pico-gnss-rs/src/main.rs:372)
319.975029 [INFO ] PPS count=322 interval_us=1000002 interval_ns=1000002400 state=Locked missed=0 (pico_gnss pico-gnss-rs/src/main.rs:161)
319.976525 [INFO ] PPSGEN count=324 interval_ns=1001857536 dev_ns=1857536 phase_ns=835597 (pico_gnss pico-gnss-rs/src/main.rs:246)
319.977906 [INFO ] NMEA $GPZDA,094352.000,08,06,2026,,*57 (pico_gnss pico-gnss-rs/src/main.rs:372)
320.010360 [INFO ] NMEA $GPGST,094352.000,8.4,18,12,88.4,12,18,22*78 (pico_gnss pico-gnss-rs/src/main.rs:372)
320.229503 [INFO ] NMEA $GPGGA,094353.000,0000.0000,N,00000.0000,E,1,8,1.31,36.8,M,39.0,M,,*64 (pico_gnss pico-gnss-rs/src/main.rs:372)
320.288874 [INFO ] NMEA $GNGLL,0000.0000,N,00000.0000,E,094353.000,A,A*43 (pico_gnss pico-gnss-rs/src/main.rs:372)
320.347312 [INFO ] NMEA $GNGSA,A,3,05,20,14,22,15,23,,,,,,,1.57,1.31,0.88*1B (pico_gnss pico-gnss-rs/src/main.rs:372)
320.376914 [INFO ] NMEA $GNGSA,A,3,70,80,,,,,,,,,,,1.57,1.31,0.88*13 (pico_gnss pico-gnss-rs/src/main.rs:372)
320.414894 [INFO ] TIME unix_ns=1780911833439226544 ppb=2402 holdover_ms=1439 locked=1 (pico_gnss pico-gnss-rs/src/main.rs:195)
320.464350 [INFO ] NMEA $GPGSV,4,1,14,24,83,267,15,15,61,051,26,23,48,317,14,20,38,070,18*7A (pico_gnss pico-gnss-rs/src/main.rs:372)
320.522921 [INFO ] NMEA $GPGSV,4,2,14,18,36,246,,05,29,141,19,22,17,051,16,12,16,164,19*7E (pico_gnss pico-gnss-rs/src/main.rs:372)
320.585535 [INFO ] NMEA $GPGSV,4,3,14,10,13,317,,14,08,040,17,21,01,136,,193,,,*7F (pico_gnss pico-gnss-rs/src/main.rs:372)
320.614914 [INFO ] NMEA $GPGSV,4,4,14,194,,,,195,,,*7D (pico_gnss pico-gnss-rs/src/main.rs:372)
320.702228 [INFO ] NMEA $GLGSV,2,1,08,73,56,145,,71,48,341,,80,42,048,26,70,39,073,25*6D (pico_gnss pico-gnss-rs/src/main.rs:372)
320.760825 [INFO ] NMEA $GLGSV,2,2,08,86,23,263,,87,21,305,,74,16,183,,72,08,302,*6D (pico_gnss pico-gnss-rs/src/main.rs:372)
320.823599 [INFO ] NMEA $GNRMC,094353.000,A,0000.0000,N,00000.0000,E,0.47,338.06,080626,,,A*73 (pico_gnss pico-gnss-rs/src/main.rs:372)
320.826167 [INFO ] SYNC pps_local_us=319968373 unix_s=1780911833 drift_us=2 err_ns=-1 holdover_ms=999 (pico_gnss pico-gnss-rs/src/main.rs:403)
320.881846 [INFO ] NMEA $GPVTG,338.06,T,,M,0.47,N,0.88,K,A*30 (pico_gnss pico-gnss-rs/src/main.rs:372)
320.911161 [INFO ] NMEA $GPZDA,094353.000,08,06,2026,,*56 (pico_gnss pico-gnss-rs/src/main.rs:372)
320.951682 [INFO ] NMEA $GPGST,094353.000,8.4,19,12,88.5,12,19,22*78 (pico_gnss pico-gnss-rs/src/main.rs:372)
320.974773 [INFO ] PPS count=323 interval_us=1000002 interval_ns=1000002384 state=Locked missed=0 (pico_gnss pico-gnss-rs/src/main.rs:161)
320.976240 [INFO ] PPSGEN count=325 interval_ns=1000002416 dev_ns=2416 phase_ns=1202596 (pico_gnss pico-gnss-rs/src/main.rs:246)
321.300453 [INFO ] NMEA $GPGGA,094354.000,0000.0000,N,00000.0000,E,1,8,1.31,36.8,M,39.0,M,,*62 (pico_gnss pico-gnss-rs/src/main.rs:372)
321.354671 [INFO ] NMEA $GNGLL,0000.0000,N,00000.0000,E,094354.000,A,A*45 (pico_gnss pico-gnss-rs/src/main.rs:372)
321.413042 [INFO ] NMEA $GNGSA,A,3,05,20,14,22,15,23,,,,,,,1.57,1.31,0.88*1B (pico_gnss pico-gnss-rs/src/main.rs:372)
321.416107 [INFO ] TIME unix_ns=1780911834441104540 ppb=2401 holdover_ms=1441 locked=1 (pico_gnss pico-gnss-rs/src/main.rs:195)
321.471432 [INFO ] NMEA $GNGSA,A,3,70,80,,,,,,,,,,,1.57,1.31,0.88*13 (pico_gnss pico-gnss-rs/src/main.rs:372)
321.530051 [INFO ] NMEA $GPGSV,4,1,14,24,83,267,16,15,61,051,26,23,48,317,14,20,38,070,19*78 (pico_gnss pico-gnss-rs/src/main.rs:372)
321.588777 [INFO ] NMEA $GPGSV,4,2,14,18,36,246,,05,29,141,19,22,17,051,16,12,16,164,19*7E (pico_gnss pico-gnss-rs/src/main.rs:372)
321.651415 [INFO ] NMEA $GPGSV,4,3,14,10,13,317,,14,08,040,17,21,01,136,,193,,,*7F (pico_gnss pico-gnss-rs/src/main.rs:372)
321.709491 [INFO ] NMEA $GPGSV,4,4,14,194,,,,195,,,*7D (pico_gnss pico-gnss-rs/src/main.rs:372)
321.768118 [INFO ] NMEA $GLGSV,2,1,08,73,56,145,,71,48,341,,80,42,048,26,70,39,073,26*6E (pico_gnss pico-gnss-rs/src/main.rs:372)
321.826648 [INFO ] NMEA $GLGSV,2,2,08,86,23,263,,87,21,305,,74,16,183,,72,08,302,*6D (pico_gnss pico-gnss-rs/src/main.rs:372)
321.918146 [INFO ] NMEA $GNRMC,094354.000,A,0000.0000,N,00000.0000,E,0.47,338.06,080626,,,A*75 (pico_gnss pico-gnss-rs/src/main.rs:372)
321.920701 [INFO ] SYNC pps_local_us=320968375 unix_s=1780911834 drift_us=2 err_ns=-17 holdover_ms=999 (pico_gnss pico-gnss-rs/src/main.rs:403)
321.947808 [INFO ] NMEA $GPVTG,338.06,T,,M,0.47,N,0.87,K,A*3F (pico_gnss pico-gnss-rs/src/main.rs:372)
321.974799 [INFO ] PPS count=324 interval_us=1000002 interval_ns=1000002416 state=Locked missed=0 (pico_gnss pico-gnss-rs/src/main.rs:161)
321.976263 [INFO ] PPSGEN count=326 interval_ns=1000002432 dev_ns=2432 phase_ns=1455595 (pico_gnss pico-gnss-rs/src/main.rs:246)
321.978176 [INFO ] NMEA $GPZDA,094354.000,08,06,2026,,*51 (pico_gnss pico-gnss-rs/src/main.rs:372)
322.022642 [INFO ] NMEA $GPGST,094354.000,8.4,19,12,88.7,12,19,22*7D (pico_gnss pico-gnss-rs/src/main.rs:372)
322.240402 [INFO ] NMEA $GPGGA,094355.000,0000.0000,N,00000.0000,E,1,8,1.31,36.8,M,39.0,M,,*62 (pico_gnss pico-gnss-rs/src/main.rs:372)
322.289536 [INFO ] NMEA $GNGLL,0000.0000,N,00000.0000,E,094355.000,A,A*45 (pico_gnss pico-gnss-rs/src/main.rs:372)
322.347934 [INFO ] NMEA $GNGSA,A,3,05,20,14,22,15,23,,,,,,,1.58,1.31,0.88*14 (pico_gnss pico-gnss-rs/src/main.rs:372)
322.406251 [INFO ] NMEA $GNGSA,A,3,70,80,,,,,,,,,,,1.58,1.31,0.88*1C (pico_gnss pico-gnss-rs/src/main.rs:372)
322.417317 [INFO ] TIME unix_ns=1780911835442549536 ppb=2402 holdover_ms=1442 locked=1 (pico_gnss pico-gnss-rs/src/main.rs:195)
322.464971 [INFO ] NMEA $GPGSV,4,1,14,24,83,267,16,15,61,051,26,23,48,317,14,20,38,070,20*72 (pico_gnss pico-gnss-rs/src/main.rs:372)
322.556520 [INFO ] NMEA $GPGSV,4,2,14,18,36,246,,05,29,141,18,22,17,051,16,12,16,164,19*7F (pico_gnss pico-gnss-rs/src/main.rs:372)
322.615055 [INFO ] NMEA $GPGSV,4,3,14,10,13,317,,14,08,040,17,21,01,136,,193,,,*7F (pico_gnss pico-gnss-rs/src/main.rs:372)
322.644402 [INFO ] NMEA $GPGSV,4,4,14,194,,,,195,,,*7D (pico_gnss pico-gnss-rs/src/main.rs:372)
322.702927 [INFO ] NMEA $GLGSV,2,1,08,73,56,145,,71,48,341,,80,42,048,26,70,39,073,26*6E (pico_gnss pico-gnss-rs/src/main.rs:372)
322.761500 [INFO ] NMEA $GLGSV,2,2,08,86,23,263,,87,21,305,,74,16,183,,72,08,302,*6D (pico_gnss pico-gnss-rs/src/main.rs:372)
322.853088 [INFO ] NMEA $GNRMC,094355.000,A,0000.0000,N,00000.0000,E,0.45,338.06,080626,,,A*77 (pico_gnss pico-gnss-rs/src/main.rs:372)
322.855658 [INFO ] SYNC pps_local_us=321968378 unix_s=1780911835 drift_us=2 err_ns=15 holdover_ms=1000 (pico_gnss pico-gnss-rs/src/main.rs:403)
322.882807 [INFO ] NMEA $GPVTG,338.06,T,,M,0.45,N,0.83,K,A*39 (pico_gnss pico-gnss-rs/src/main.rs:372)
322.911890 [INFO ] NMEA $GPZDA,094355.000,08,06,2026,,*50 (pico_gnss pico-gnss-rs/src/main.rs:372)
322.962823 [INFO ] NMEA $GPGST,094355.000,8.4,19,13,88.7,13,19,22*7C (pico_gnss pico-gnss-rs/src/main.rs:372)
322.974787 [INFO ] PPS count=325 interval_us=1000002 interval_ns=1000002384 state=Locked missed=0 (pico_gnss pico-gnss-rs/src/main.rs:161)
322.976314 [INFO ] PPSGEN count=327 interval_ns=1000002416 dev_ns=2416 phase_ns=1436596 (pico_gnss pico-gnss-rs/src/main.rs:246)
323.325304 [INFO ] NMEA $GPGGA,094356.000,0000.0000,N,00000.0000,E,1,8,1.31,36.8,M,39.0,M,,*6E (pico_gnss pico-gnss-rs/src/main.rs:372)
323.369211 [INFO ] NMEA $GNGLL,0000.0000,N,00000.0000,E,094356.000,A,A*49 (pico_gnss pico-gnss-rs/src/main.rs:372)
323.418532 [INFO ] TIME unix_ns=1780911836443733534 ppb=2401 holdover_ms=1443 locked=1 (pico_gnss pico-gnss-rs/src/main.rs:195)
323.427955 [INFO ] NMEA $GNGSA,A,3,05,20,14,22,15,23,,,,,,,1.57,1.31,0.88*1B (pico_gnss pico-gnss-rs/src/main.rs:372)
323.485932 [INFO ] NMEA $GNGSA,A,3,70,80,,,,,,,,,,,1.57,1.31,0.88*13 (pico_gnss pico-gnss-rs/src/main.rs:372)
323.544613 [INFO ] NMEA $GPGSV,4,1,14,24,83,267,15,15,61,051,26,23,48,317,14,20,38,070,20*71 (pico_gnss pico-gnss-rs/src/main.rs:372)
323.636115 [INFO ] NMEA $GPGSV,4,2,14,18,36,246,,05,29,141,18,22,17,051,16,12,16,164,19*7F (pico_gnss pico-gnss-rs/src/main.rs:372)
323.694668 [INFO ] NMEA $GPGSV,4,3,14,10,13,317,,14,08,040,17,21,01,136,,193,,,*7F (pico_gnss pico-gnss-rs/src/main.rs:372)
323.724036 [INFO ] NMEA $GPGSV,4,4,14,194,,,,195,,,*7D (pico_gnss pico-gnss-rs/src/main.rs:372)
323.782568 [INFO ] NMEA $GLGSV,2,1,08,73,56,145,,71,48,341,,80,42,048,26,70,39,073,26*6E (pico_gnss pico-gnss-rs/src/main.rs:372)
323.869886 [INFO ] NMEA $GLGSV,2,2,08,86,23,263,,87,21,305,,74,16,183,,72,08,302,*6D (pico_gnss pico-gnss-rs/src/main.rs:372)
323.932570 [INFO ] NMEA $GNRMC,094356.000,A,0000.0000,N,00000.0000,E,0.12,338.06,080626,,,A*79 (pico_gnss pico-gnss-rs/src/main.rs:372)
323.935151 [INFO ] SYNC pps_local_us=322968380 unix_s=1780911836 drift_us=2 err_ns=-17 holdover_ms=999 (pico_gnss pico-gnss-rs/src/main.rs:403)
323.962259 [INFO ] NMEA $GPVTG,338.06,T,,M,0.12,N,0.22,K,A*30 (pico_gnss pico-gnss-rs/src/main.rs:372)
323.974781 [INFO ] PPS count=326 interval_us=1000002 interval_ns=1000002384 state=Locked missed=0 (pico_gnss pico-gnss-rs/src/main.rs:161)
323.976253 [INFO ] PPSGEN count=328 interval_ns=1000002432 dev_ns=2432 phase_ns=1451596 (pico_gnss pico-gnss-rs/src/main.rs:246)
324.020018 [INFO ] NMEA $GPZDA,094356.000,08,06,2026,,*53 (pico_gnss pico-gnss-rs/src/main.rs:372)
324.047602 [INFO ] NMEA $GPGST,094356.000,8.3,20,13,88.9,13,20,23*77 (pico_gnss pico-gnss-rs/src/main.rs:372)
324.249342 [INFO ] NMEA $GPGGA,094357.000,0000.0000,N,00000.0000,E,1,8,1.31,36.9,M,39.0,M,,*63 (pico_gnss pico-gnss-rs/src/main.rs:372)
324.316918 [INFO ] NMEA $GNGLL,0000.0000,N,00000.0000,E,094357.000,A,A*45 (pico_gnss pico-gnss-rs/src/main.rs:372)
324.346677 [INFO ] NMEA $GNGSA,A,3,05,20,14,22,15,23,,,,,,,1.57,1.31,0.88*1B (pico_gnss pico-gnss-rs/src/main.rs:372)
324.404901 [INFO ] NMEA $GNGSA,A,3,70,80,,,,,,,,,,,1.57,1.31,0.88*13 (pico_gnss pico-gnss-rs/src/main.rs:372)
324.419757 [INFO ] TIME unix_ns=1780911837444992532 ppb=2401 holdover_ms=1444 locked=1 (pico_gnss pico-gnss-rs/src/main.rs:195)
324.492339 [INFO ] NMEA $GPGSV,4,1,14,24,83,267,15,15,61,051,26,23,48,317,13,20,38,070,20*76 (pico_gnss pico-gnss-rs/src/main.rs:372)
324.555073 [INFO ] NMEA $GPGSV,4,2,14,18,36,246,,05,29,141,18,22,17,051,16,12,16,164,19*7F (pico_gnss pico-gnss-rs/src/main.rs:372)
324.613619 [INFO ] NMEA $GPGSV,4,3,14,10,13,317,,14,08,040,17,21,01,136,,193,,,*7F (pico_gnss pico-gnss-rs/src/main.rs:372)
324.642950 [INFO ] NMEA $GPGSV,4,4,14,194,,,,195,,,*7D (pico_gnss pico-gnss-rs/src/main.rs:372)
324.730284 [INFO ] NMEA $GLGSV,2,1,08,73,56,145,,71,48,341,,80,42,048,26,70,39,073,26*6E (pico_gnss pico-gnss-rs/src/main.rs:372)
324.788823 [INFO ] NMEA $GLGSV,2,2,08,86,23,263,,87,21,305,,74,16,183,,72,08,302,*6D (pico_gnss pico-gnss-rs/src/main.rs:372)
324.851659 [INFO ] NMEA $GNRMC,094357.000,A,0000.0000,N,00000.0000,E,0.58,170.72,080626,,,A*76 (pico_gnss pico-gnss-rs/src/main.rs:372)
324.854231 [INFO ] SYNC pps_local_us=323968382 unix_s=1780911837 drift_us=2 err_ns=-16 holdover_ms=1000 (pico_gnss pico-gnss-rs/src/main.rs:403)
324.909838 [INFO ] NMEA $GPVTG,170.72,T,,M,0.58,N,1.08,K,A*3A (pico_gnss pico-gnss-rs/src/main.rs:372)
324.939127 [INFO ] NMEA $GPZDA,094357.000,08,06,2026,,*52 (pico_gnss pico-gnss-rs/src/main.rs:372)
324.968583 [INFO ] NMEA $GPGST,094357.000,8.3,20,13,89.3,13,20,22*7C (pico_gnss pico-gnss-rs/src/main.rs:372)
324.974784 [INFO ] PPS count=327 interval_us=1000002 interval_ns=1000002416 state=Locked missed=0 (pico_gnss pico-gnss-rs/src/main.rs:161)
324.976260 [INFO ] PPSGEN count=329 interval_ns=1000002416 dev_ns=2416 phase_ns=1441596 (pico_gnss pico-gnss-rs/src/main.rs:246)
325.316742 [INFO ] NMEA $GPGGA,094358.000,0000.0000,N,00000.0000,E,1,8,1.31,37.0,M,39.0,M,,*6D (pico_gnss pico-gnss-rs/src/main.rs:372)
325.379127 [INFO ] NMEA $GNGLL,0000.0000,N,00000.0000,E,094358.000,A,A*43 (pico_gnss pico-gnss-rs/src/main.rs:372)
325.420978 [INFO ] TIME unix_ns=1780911838446196528 ppb=2401 holdover_ms=1446 locked=1 (pico_gnss pico-gnss-rs/src/main.rs:195)
325.437876 [INFO ] NMEA $GNGSA,A,3,05,20,14,22,15,23,,,,,,,1.57,1.31,0.88*1B (pico_gnss pico-gnss-rs/src/main.rs:372)
325.467250 [INFO ] NMEA $GNGSA,A,3,70,80,,,,,,,,,,,1.57,1.31,0.88*13 (pico_gnss pico-gnss-rs/src/main.rs:372)
325.554549 [INFO ] NMEA $GPGSV,4,1,14,24,83,267,15,15,61,051,26,23,48,317,13,20,38,070,20*76 (pico_gnss pico-gnss-rs/src/main.rs:372)
325.617319 [INFO ] NMEA $GPGSV,4,2,14,18,36,246,,05,29,141,18,22,17,051,16,12,16,164,19*7F (pico_gnss pico-gnss-rs/src/main.rs:372)
325.675855 [INFO ] NMEA $GPGSV,4,3,14,10,13,317,,14,08,040,17,21,01,136,,193,,,*7F (pico_gnss pico-gnss-rs/src/main.rs:372)
325.705195 [INFO ] NMEA $GPGSV,4,4,14,194,,,,195,,,*7D (pico_gnss pico-gnss-rs/src/main.rs:372)
325.792593 [INFO ] NMEA $GLGSV,2,1,08,73,56,145,,71,48,341,,80,42,048,26,70,39,073,26*6E (pico_gnss pico-gnss-rs/src/main.rs:372)
325.851183 [INFO ] NMEA $GLGSV,2,2,08,86,23,263,,87,21,305,,74,16,183,,72,08,302,*6D (pico_gnss pico-gnss-rs/src/main.rs:372)
325.913888 [INFO ] NMEA $GNRMC,094358.000,A,0000.0000,N,00000.0000,E,0.49,170.72,080626,,,A*70 (pico_gnss pico-gnss-rs/src/main.rs:372)
325.916445 [INFO ] SYNC pps_local_us=324968385 unix_s=1780911838 drift_us=2 err_ns=15 holdover_ms=999 (pico_gnss pico-gnss-rs/src/main.rs:403)
325.972024 [INFO ] NMEA $GPVTG,170.72,T,,M,0.49,N,0.91,K,A*3B (pico_gnss pico-gnss-rs/src/main.rs:372)
325.974787 [INFO ] PPS count=328 interval_us=1000002 interval_ns=1000002384 state=Locked missed=0 (pico_gnss pico-gnss-rs/src/main.rs:161)
325.976266 [INFO ] PPSGEN count=330 interval_ns=1000002432 dev_ns=2432 phase_ns=1461597 (pico_gnss pico-gnss-rs/src/main.rs:246)
326.001635 [INFO ] NMEA $GPZDA,094358.000,08,06,2026,,*5D (pico_gnss pico-gnss-rs/src/main.rs:372)
326.038748 [INFO ] NMEA $GPGST,094358.000,8.3,20,13,89.2,13,20,22*72 (pico_gnss pico-gnss-rs/src/main.rs:372)
326.275568 [INFO ] NMEA $GPGGA,094359.000,0000.0000,N,00000.0000,E,1,8,1.31,37.0,M,39.0,M,,*6E (pico_gnss pico-gnss-rs/src/main.rs:372)
326.332873 [INFO ] NMEA $GNGLL,0000.0000,N,00000.0000,E,094359.000,A,A*40 (pico_gnss pico-gnss-rs/src/main.rs:372)
326.391352 [INFO ] NMEA $GNGSA,A,3,05,20,14,22,15,23,,,,,,,1.57,1.31,0.88*1B (pico_gnss pico-gnss-rs/src/main.rs:372)
326.420871 [INFO ] NMEA $GNGSA,A,3,70,80,,,,,,,,,,,1.57,1.31,0.88*13 (pico_gnss pico-gnss-rs/src/main.rs:372)
326.422620 [INFO ] TIME unix_ns=1780911839447868525 ppb=2400 holdover_ms=1447 locked=1 (pico_gnss pico-gnss-rs/src/main.rs:195)
326.508320 [INFO ] NMEA $GPGSV,4,1,15,24,83,267,14,15,61,051,26,23,48,317,13,20,38,070,20*76 (pico_gnss pico-gnss-rs/src/main.rs:372)
326.571017 [INFO ] NMEA $GPGSV,4,2,15,18,36,246,,05,29,141,18,22,17,051,16,12,16,164,19*7E (pico_gnss pico-gnss-rs/src/main.rs:372)
326.629563 [INFO ] NMEA $GPGSV,4,3,15,10,13,317,,14,08,040,18,21,01,136,,193,,,*71 (pico_gnss pico-gnss-rs/src/main.rs:372)
326.687716 [INFO ] NMEA $GPGSV,4,4,15,194,,,,195,,,,47,,,*7F (pico_gnss pico-gnss-rs/src/main.rs:372)
326.746360 [INFO ] NMEA $GLGSV,2,1,08,73,56,145,17,71,48,341,,80,42,048,26,70,39,073,26*68 (pico_gnss pico-gnss-rs/src/main.rs:372)
326.804893 [INFO ] NMEA $GLGSV,2,2,08,86,23,263,,87,21,305,,74,16,183,,72,08,302,*6D (pico_gnss pico-gnss-rs/src/main.rs:372)
326.896447 [INFO ] NMEA $GNRMC,094359.000,A,0000.0000,N,00000.0000,E,1.15,347.61,080626,,,A*7F (pico_gnss pico-gnss-rs/src/main.rs:372)
326.899034 [INFO ] SYNC pps_local_us=325968387 unix_s=1780911839 drift_us=2 err_ns=-16 holdover_ms=1000 (pico_gnss pico-gnss-rs/src/main.rs:403)
326.926118 [INFO ] NMEA $GPVTG,347.61,T,,M,1.15,N,2.13,K,A*3F (pico_gnss pico-gnss-rs/src/main.rs:372)
326.955194 [INFO ] NMEA $GPZDA,094359.000,08,06,2026,,*5C (pico_gnss pico-gnss-rs/src/main.rs:372)
326.974792 [INFO ] PPS count=329 interval_us=1000002 interval_ns=1000002400 state=Locked missed=0 (pico_gnss pico-gnss-rs/src/main.rs:161)
326.976260 [INFO ] PPSGEN count=331 interval_ns=1000002416 dev_ns=2416 phase_ns=1457597 (pico_gnss pico-gnss-rs/src/main.rs:246)
327.006237 [INFO ] NMEA $GPGST,094359.000,8.2,21,13,89.2,13,21,23*73 (pico_gnss pico-gnss-rs/src/main.rs:372)
327.246859 [INFO ] NMEA $GPGGA,094400.000,0000.0000,N,00000.0000,E,1,8,1.31,37.0,M,39.0,M,,*6D (pico_gnss pico-gnss-rs/src/main.rs:372)
327.276494 [INFO ] NMEA $GNGLL,0000.0000,N,00000.0000,E,094400.000,A,A*43 (pico_gnss pico-gnss-rs/src/main.rs:372)
327.334873 [INFO ] NMEA $GNGSA,A,3,05,20,14,22,15,23,,,,,,,1.57,1.31,0.88*1B (pico_gnss pico-gnss-rs/src/main.rs:372)
327.393143 [INFO ] NMEA $GNGSA,A,3,70,80,,,,,,,,,,,1.57,1.31,0.88*13 (pico_gnss pico-gnss-rs/src/main.rs:372)
327.423866 [INFO ] TIME unix_ns=1780911840449063522 ppb=2400 holdover_ms=1449 locked=1 (pico_gnss pico-gnss-rs/src/main.rs:195)
327.452147 [INFO ] NMEA $GPGSV,4,1,15,24,83,267,14,15,61,051,26,23,48,317,12,20,38,070,21*76 (pico_gnss pico-gnss-rs/src/main.rs:372)
327.543359 [INFO ] NMEA $GPGSV,4,2,15,18,36,246,,05,29,141,18,22,17,051,16,12,16,164,19*7E (pico_gnss pico-gnss-rs/src/main.rs:372)
327.601905 [INFO ] NMEA $GPGSV,4,3,15,10,13,317,,14,08,040,18,21,01,136,,193,,,*71 (pico_gnss pico-gnss-rs/src/main.rs:372)
327.631384 [INFO ] NMEA $GPGSV,4,4,15,194,,,,195,,,,47,,,*7F (pico_gnss pico-gnss-rs/src/main.rs:372)
327.718710 [INFO ] NMEA $GLGSV,2,1,08,73,56,145,14,71,48,341,,80,42,048,26,70,39,073,26*6B (pico_gnss pico-gnss-rs/src/main.rs:372)
327.781382 [INFO ] NMEA $GLGSV,2,2,08,86,23,263,,87,21,305,,74,16,183,,72,08,302,*6D (pico_gnss pico-gnss-rs/src/main.rs:372)
327.840090 [INFO ] NMEA $GNRMC,094400.000,A,0000.0000,N,00000.0000,E,0.03,347.61,080626,,,A*7A (pico_gnss pico-gnss-rs/src/main.rs:372)
327.842652 [INFO ] SYNC pps_local_us=326968390 unix_s=1780911840 drift_us=2 err_ns=0 holdover_ms=1000 (pico_gnss pico-gnss-rs/src/main.rs:403)
327.898276 [INFO ] NMEA $GPVTG,347.61,T,,M,0.03,N,0.06,K,A*3F (pico_gnss pico-gnss-rs/src/main.rs:372)
327.927572 [INFO ] NMEA $GPZDA,094400.000,08,06,2026,,*57 (pico_gnss pico-gnss-rs/src/main.rs:372)
327.962865 [INFO ] NMEA $GPGST,094400.000,8.2,21,13,89.5,13,21,23*7F (pico_gnss pico-gnss-rs/src/main.rs:372)
327.974793 [INFO ] PPS count=330 interval_us=1000002 interval_ns=1000002400 state=Locked missed=0 (pico_gnss pico-gnss-rs/src/main.rs:161)
327.976259 [INFO ] PPSGEN count=332 interval_ns=999609200 dev_ns=-390800 phase_ns=1433597 (pico_gnss pico-gnss-rs/src/main.rs:246)
328.299422 [INFO ] NMEA $GPGGA,094401.000,0000.0000,N,00000.0000,E,1,8,1.31,37.1,M,39.0,M,,*69 (pico_gnss pico-gnss-rs/src/main.rs:372)
328.357755 [INFO ] NMEA $GNGLL,0000.0000,N,00000.0000,E,094401.000,A,A*46 (pico_gnss pico-gnss-rs/src/main.rs:372)
328.416190 [INFO ] NMEA $GNGSA,A,3,05,20,14,22,15,23,,,,,,,1.57,1.31,0.88*1B (pico_gnss pico-gnss-rs/src/main.rs:372)
328.425096 [INFO ] TIME unix_ns=1780911841450320519 ppb=2400 holdover_ms=1450 locked=1 (pico_gnss pico-gnss-rs/src/main.rs:195)
328.446027 [INFO ] NMEA $GNGSA,A,3,70,80,,,,,,,,,,,1.57,1.31,0.88*13 (pico_gnss pico-gnss-rs/src/main.rs:372)
328.533153 [INFO ] NMEA $GPGSV,4,1,15,24,83,267,14,15,61,051,26,23,48,317,12,20,38,070,21*76 (pico_gnss pico-gnss-rs/src/main.rs:372)
328.595907 [INFO ] NMEA $GPGSV,4,2,15,18,36,246,,05,29,141,18,22,17,051,16,12,16,164,19*7E (pico_gnss pico-gnss-rs/src/main.rs:372)
328.654419 [INFO ] NMEA $GPGSV,4,3,15,10,13,317,,14,08,040,18,21,01,136,,193,,,*71 (pico_gnss pico-gnss-rs/src/main.rs:372)
328.712612 [INFO ] NMEA $GPGSV,4,4,15,194,,,,195,,,,47,,,*7F (pico_gnss pico-gnss-rs/src/main.rs:372)
328.771183 [INFO ] NMEA $GLGSV,2,1,08,73,56,145,,71,48,341,,80,42,048,26,70,39,073,26*6E (pico_gnss pico-gnss-rs/src/main.rs:372)
328.833849 [INFO ] NMEA $GLGSV,2,2,08,86,23,263,,87,21,305,,74,16,183,,72,08,302,*6D (pico_gnss pico-gnss-rs/src/main.rs:372)
328.921235 [INFO ] NMEA $GNRMC,094401.000,A,0000.0000,N,00000.0000,E,1.04,16.81,080626,,,A*40 (pico_gnss pico-gnss-rs/src/main.rs:372)
328.923799 [INFO ] SYNC pps_local_us=327968392 unix_s=1780911841 drift_us=2 err_ns=0 holdover_ms=999 (pico_gnss pico-gnss-rs/src/main.rs:403)
328.950901 [INFO ] NMEA $GPVTG,16.81,T,,M,1.04,N,1.92,K,A*0C (pico_gnss pico-gnss-rs/src/main.rs:372)
328.974805 [INFO ] PPS count=331 interval_us=1000002 interval_ns=1000002400 state=Locked missed=0 (pico_gnss pico-gnss-rs/src/main.rs:161)
328.976269 [INFO ] PPSGEN count=333 interval_ns=1000002432 dev_ns=2432 phase_ns=1438597 (pico_gnss pico-gnss-rs/src/main.rs:246)
328.980253 [INFO ] NMEA $GPZDA,094401.000,08,06,2026,,*56 (pico_gnss pico-gnss-rs/src/main.rs:372)
329.024661 [INFO ] NMEA $GPGST,094401.000,8.2,22,13,89.7,13,22,23*7C (pico_gnss pico-gnss-rs/src/main.rs:372)
329.236321 [INFO ] NMEA $GPGGA,094402.000,0000.0000,N,00000.0000,E,1,8,1.31,37.1,M,39.0,M,,*62 (pico_gnss pico-gnss-rs/src/main.rs:372)
329.294746 [INFO ] NMEA $GNGLL,0000.0000,N,00000.0000,E,094402.000,A,A*4D (pico_gnss pico-gnss-rs/src/main.rs:372)
329.353140 [INFO ] NMEA $GNGSA,A,3,05,20,14,22,15,23,,,,,,,1.57,1.31,0.88*1B (pico_gnss pico-gnss-rs/src/main.rs:372)
329.411454 [INFO ] NMEA $GNGSA,A,3,70,80,,,,,,,,,,,1.57,1.31,0.88*13 (pico_gnss pico-gnss-rs/src/main.rs:372)
329.426302 [INFO ] TIME unix_ns=1780911842451523516 ppb=2400 holdover_ms=1451 locked=1 (pico_gnss pico-gnss-rs/src/main.rs:195)
329.470158 [INFO ] NMEA $GPGSV,4,1,15,24,83,267,14,15,61,051,26,23,48,317,12,20,38,070,21*76 (pico_gnss pico-gnss-rs/src/main.rs:372)
329.532872 [INFO ] NMEA $GPGSV,4,2,15,18,36,246,,05,29,141,18,22,17,051,16,12,16,164,19*7E (pico_gnss pico-gnss-rs/src/main.rs:372)
329.620162 [INFO ] NMEA $GPGSV,4,3,15,10,13,317,,14,08,040,18,21,01,136,,193,,,*71 (pico_gnss pico-gnss-rs/src/main.rs:372)
329.649622 [INFO ] NMEA $GPGSV,4,4,15,194,,,,195,,,,47,,,*7F (pico_gnss pico-gnss-rs/src/main.rs:372)
329.708175 [INFO ] NMEA $GLGSV,2,1,08,73,56,145,16,71,48,341,,80,42,048,26,70,39,073,26*69 (pico_gnss pico-gnss-rs/src/main.rs:372)
329.770829 [INFO ] NMEA $GLGSV,2,2,08,86,23,263,,87,21,305,,74,16,183,,72,08,302,*6D (pico_gnss pico-gnss-rs/src/main.rs:372)
329.858309 [INFO ] NMEA $GNRMC,094402.000,A,0000.0000,N,00000.0000,E,0.75,157.99,080626,,,A*71 (pico_gnss pico-gnss-rs/src/main.rs:372)
329.860885 [INFO ] SYNC pps_local_us=328968394 unix_s=1780911842 drift_us=2 err_ns=0 holdover_ms=1000 (pico_gnss pico-gnss-rs/src/main.rs:403)
329.888034 [INFO ] NMEA $GPVTG,157.99,T,,M,0.75,N,1.40,K,A*39 (pico_gnss pico-gnss-rs/src/main.rs:372)
329.945740 [INFO ] NMEA $GPZDA,094402.000,08,06,2026,,*55 (pico_gnss pico-gnss-rs/src/main.rs:372)
329.974797 [INFO ] PPS count=332 interval_us=1000002 interval_ns=1000002400 state=Locked missed=0 (pico_gnss pico-gnss-rs/src/main.rs:161)
329.976601 [INFO ] PPSGEN count=334 interval_ns=1000002416 dev_ns=2416 phase_ns=1750596 (pico_gnss pico-gnss-rs/src/main.rs:246)
329.978193 [INFO ] NMEA $GPGST,094402.000,8.2,22,13,90.0,13,22,23*70 (pico_gnss pico-gnss-rs/src/main.rs:372)
