0.007953 [INFO ] PPS count=1 interval_us=0 interval_ns=0 state=First missed=0 (pico_gnss pico-gnss-rs/src/main.rs:131)
0.078639 [INFO ] PPS count=2 interval_us=72278 interval_ns=72278656 state=Irregular missed=0 (pico_gnss pico-gnss-rs/src/main.rs:131)
0.673234 [INFO ] NMEA $GPGGA,190153.000,0000.0000,N,00000.0000,E,1,5,3.33,32.3,M,39.0,M,,*63 (pico_gnss pico-gnss-rs/src/main.rs:235)
0.675155 [INFO ] NMEA $GNGLL,0000.0000,N,00000.0000,E,190153.000,A,A*46 (pico_gnss pico-gnss-rs/src/main.rs:235)
0.676934 [INFO ] NMEA $GNGSA,A,3,18,26,31,16,,,,,,,,,3.45,3.33,0.89*14 (pico_gnss pico-gnss-rs/src/main.rs:235)
0.678609 [INFO ] NMEA $GNGSA,A,3,76,,,,,,,,,,,,3.45,3.33,0.89*1D (pico_gnss pico-gnss-rs/src/main.rs:235)
0.680606 [INFO ] NMEA $GPGSV,4,1,15,27,77,334,20,16,61,053,28,08,52,261,15,26,41,095,20*76 (pico_gnss pico-gnss-rs/src/main.rs:235)
0.731465 [INFO ] NMEA $,2,08,67,07,281,,68,05,327,,85,05,027,,88,03,203,*62 (pico_gnss pico-gnss-rs/src/main.rs:235)
0.818903 [INFO ] NMEA $GNRMC,190153.000,A,0000.0000,N,00000.0000,E,1.10,140.76,070626,,,A*70 (pico_gnss pico-gnss-rs/src/main.rs:235)
0.821115 [INFO ] SYNC pps_local_us=78322 unix_s=1780858913 drift_us=0 (pico_gnss pico-gnss-rs/src/main.rs:251)
0.848596 [INFO ] NMEA $GPVTG,140.76,T,,M,1.10,N,2.04,K,A*3F (pico_gnss pico-gnss-rs/src/main.rs:235)
0.906483 [INFO ] NMEA $GPZDA,190153.000,07,06,2026,,*5E (pico_gnss pico-gnss-rs/src/main.rs:235)
0.907460 [INFO ] NMEA $PMTK001,313,3*31 (pico_gnss pico-gnss-rs/src/main.rs:235)
0.935898 [INFO ] NMEA $PMTK001,301,3*32 (pico_gnss pico-gnss-rs/src/main.rs:235)
0.944237 [INFO ] NMEA $PMTK001,286,3*3C (pico_gnss pico-gnss-rs/src/main.rs:235)
1.008069 [INFO ] TIME unix_ns=1780858913929339000 ppb=0 holdover_ms=929 locked=0 (pico_gnss pico-gnss-rs/src/main.rs:149)
1.078751 [INFO ] PPS count=3 interval_us=1000002 interval_ns=1000002624 state=Locked missed=0 (pico_gnss pico-gnss-rs/src/main.rs:131)
1.189051 [INFO ] NMEA $GPGGA,190154.000,0000.0000,N,00000.0000,E,1,5,3.33,32.4,M,39.0,M,,*6C (pico_gnss pico-gnss-rs/src/main.rs:235)
1.247365 [INFO ] NMEA $GNGLL,0000.0000,N,00000.0000,E,190154.000,A,A*4E (pico_gnss pico-gnss-rs/src/main.rs:235)
1.305746 [INFO ] NMEA $GNGSA,A,3,18,26,31,16,,,,,,,,,3.45,3.33,0.89*14 (pico_gnss pico-gnss-rs/src/main.rs:235)
1.335272 [INFO ] NMEA $GNGSA,A,3,76,,,,,,,,,,,,3.45,3.33,0.89*1D (pico_gnss pico-gnss-rs/src/main.rs:235)
1.421651 [INFO ] NMEA $GPGSV,4,1,15,27,77,334,20,16,61,053,28,08,52,261,15,26,41,095,20*76 (pico_gnss pico-gnss-rs/src/main.rs:235)
1.480260 [INFO ] NMEA $GPGSV,4,2,15,31,24,155,23,07,21,317,,02,20,192,16,04,19,242,*7B (pico_gnss pico-gnss-rs/src/main.rs:235)
1.567627 [INFO ] NMEA $GPGSV,4,3,15,18,17,042,23,09,16,276,,23,04,080,16,10,02,111,17*71 (pico_gnss pico-gnss-rs/src/main.rs:235)
1.597161 [INFO ] NMEA $GPGSV,4,4,15,193,,,,194,,,,195,,,*47 (pico_gnss pico-gnss-rs/src/main.rs:235)
1.659762 [INFO ] NMEA $GLGSV,2,1,08,87,64,177,,76,63,064,21,77,43,333,,75,18,115,*6D (pico_gnss pico-gnss-rs/src/main.rs:235)
1.718291 [INFO ] NMEA $GLGSV,2,2,08,67,07,281,,68,05,327,,85,05,027,,88,03,203,*62 (pico_gnss pico-gnss-rs/src/main.rs:235)
1.805809 [INFO ] NMEA $GNRMC,190154.000,A,0000.0000,N,00000.0000,E,1.12,275.06,070626,,,A*78 (pico_gnss pico-gnss-rs/src/main.rs:235)
1.807978 [INFO ] SYNC pps_local_us=1078326 unix_s=1780858914 drift_us=2 (pico_gnss pico-gnss-rs/src/main.rs:251)
1.835450 [INFO ] NMEA $GPVTG,275.06,T,,M,1.12,N,2.07,K,A*3C (pico_gnss pico-gnss-rs/src/main.rs:235)
1.864638 [INFO ] NMEA $GPZDA,190154.000,07,06,2026,,*59 (pico_gnss pico-gnss-rs/src/main.rs:235)
2.009392 [INFO ] TIME unix_ns=1780858914930479559 ppb=2624 holdover_ms=930 locked=0 (pico_gnss pico-gnss-rs/src/main.rs:149)
2.078739 [INFO ] PPS count=4 interval_us=1000002 interval_ns=1000002640 state=Locked missed=0 (pico_gnss pico-gnss-rs/src/main.rs:131)
2.194318 [INFO ] NMEA $GPGGA,190155.000,0000.0000,N,00000.0000,E,1,5,3.33,32.4,M,39.0,M,,*6B (pico_gnss pico-gnss-rs/src/main.rs:235)
2.252626 [INFO ] NMEA $GNGLL,0000.0000,N,00000.0000,E,190155.000,A,A*49 (pico_gnss pico-gnss-rs/src/main.rs:235)
2.311012 [INFO ] NMEA $GNGSA,A,3,18,26,31,16,,,,,,,,,3.45,3.33,0.89*14 (pico_gnss pico-gnss-rs/src/main.rs:235)
2.340582 [INFO ] NMEA $GNGSA,A,3,76,,,,,,,,,,,,3.45,3.33,0.89*1D (pico_gnss pico-gnss-rs/src/main.rs:235)
2.403257 [INFO ] NMEA $GPGSV,4,1,15,27,77,334,20,16,61,055,28,08,52,261,15,26,41,095,20*70 (pico_gnss pico-gnss-rs/src/main.rs:235)
2.490661 [INFO ] NMEA $GPGSV,4,2,15,31,24,155,22,07,21,317,,02,20,192,16,04,19,242,*7A (pico_gnss pico-gnss-rs/src/main.rs:235)
2.549298 [INFO ] NMEA $GPGSV,4,3,15,18,17,042,23,09,16,276,,23,04,080,16,10,02,111,17*71 (pico_gnss pico-gnss-rs/src/main.rs:235)
2.607518 [INFO ] NMEA $GPGSV,4,4,15,193,,,,194,,,,195,,,*47 (pico_gnss pico-gnss-rs/src/main.rs:235)
2.670175 [INFO ] NMEA $GLGSV,2,1,08,87,64,177,,76,63,064,21,77,43,333,,75,18,115,*6D (pico_gnss pico-gnss-rs/src/main.rs:235)
2.728769 [INFO ] NMEA $GLGSV,2,2,08,67,07,281,,68,05,327,,85,05,027,,88,03,203,*62 (pico_gnss pico-gnss-rs/src/main.rs:235)
2.816292 [INFO ] NMEA $GNRMC,190155.000,A,0000.0000,N,00000.0000,E,1.07,279.59,070626,,,A*7D (pico_gnss pico-gnss-rs/src/main.rs:235)
2.818456 [INFO ] SYNC pps_local_us=2078310 unix_s=1780858915 drift_us=2 (pico_gnss pico-gnss-rs/src/main.rs:251)
2.845960 [INFO ] NMEA $GPVTG,279.59,T,,M,1.07,N,1.98,K,A*3B (pico_gnss pico-gnss-rs/src/main.rs:235)
2.871162 [INFO ] NMEA $GPZDA,190155.000,07,06,2026,,*58 (pico_gnss pico-gnss-rs/src/main.rs:235)
3.010724 [INFO ] TIME unix_ns=1780858915931868555 ppb=2625 holdover_ms=931 locked=0 (pico_gnss pico-gnss-rs/src/main.rs:149)
3.078741 [INFO ] PPS count=5 interval_us=1000002 interval_ns=1000002624 state=Locked missed=0 (pico_gnss pico-gnss-rs/src/main.rs:131)
3.201448 [INFO ] NMEA $GPGGA,190156.000,0000.0000,N,00000.0000,E,1,5,3.33,32.5,M,39.0,M,,*63 (pico_gnss pico-gnss-rs/src/main.rs:235)
3.231141 [INFO ] NMEA $GNGLL,0000.0000,N,00000.0000,E,190156.000,A,A*40 (pico_gnss pico-gnss-rs/src/main.rs:235)
3.289404 [INFO ] NMEA $GNGSA,A,3,18,26,31,16,,,,,,,,,3.45,3.33,0.89*14 (pico_gnss pico-gnss-rs/src/main.rs:235)
3.347644 [INFO ] NMEA $GNGSA,A,3,76,,,,,,,,,,,,3.45,3.33,0.89*1D (pico_gnss pico-gnss-rs/src/main.rs:235)
3.406346 [INFO ] NMEA $GPGSV,4,1,15,27,77,334,20,16,61,055,28,08,52,261,15,26,41,095,20*70 (pico_gnss pico-gnss-rs/src/main.rs:235)
3.497798 [INFO ] NMEA $GPGSV,4,2,15,31,24,155,22,07,21,317,,02,20,192,16,04,19,242,*7A (pico_gnss pico-gnss-rs/src/main.rs:235)
3.556508 [INFO ] NMEA $GPGSV,4,3,15,18,17,042,23,09,16,276,,23,04,080,16,10,02,111,17*71 (pico_gnss pico-gnss-rs/src/main.rs:235)
3.585962 [INFO ] NMEA $GPGSV,4,4,15,193,,,,194,,,,195,,,*47 (pico_gnss pico-gnss-rs/src/main.rs:235)
3.673256 [INFO ] NMEA $GLGSV,2,1,08,87,64,177,,76,63,064,21,77,43,333,,75,18,115,*6D (pico_gnss pico-gnss-rs/src/main.rs:235)
3.735893 [INFO ] NMEA $GLGSV,2,2,08,67,07,281,,68,05,327,,85,05,027,,88,03,203,*62 (pico_gnss pico-gnss-rs/src/main.rs:235)
3.794631 [INFO ] NMEA $GNRMC,190156.000,A,0000.0000,N,00000.0000,E,1.06,330.33,070626,,,A*75 (pico_gnss pico-gnss-rs/src/main.rs:235)
3.796775 [INFO ] SYNC pps_local_us=3078310 unix_s=1780858916 drift_us=2 (pico_gnss pico-gnss-rs/src/main.rs:251)
3.852843 [INFO ] NMEA $GPVTG,330.33,T,,M,1.06,N,1.97,K,A*35 (pico_gnss pico-gnss-rs/src/main.rs:235)
3.869843 [INFO ] NMEA $GPZDA,190156.000,07,06,2026,,*5B (pico_gnss pico-gnss-rs/src/main.rs:235)
4.012043 [INFO ] TIME unix_ns=1780858916933197551 ppb=2624 holdover_ms=933 locked=0 (pico_gnss pico-gnss-rs/src/main.rs:149)
4.078748 [INFO ] PPS count=6 interval_us=1000002 interval_ns=1000002624 state=Locked missed=0 (pico_gnss pico-gnss-rs/src/main.rs:131)
4.190259 [INFO ] NMEA $GPGGA,190157.000,0000.0000,N,00000.0000,E,1,5,3.33,32.6,M,39.0,M,,*66 (pico_gnss pico-gnss-rs/src/main.rs:235)
4.239362 [INFO ] NMEA $GNGLL,0000.0000,N,00000.0000,E,190157.000,A,A*46 (pico_gnss pico-gnss-rs/src/main.rs:235)
4.297691 [INFO ] NMEA $GNGSA,A,3,18,26,31,16,,,,,,,,,3.45,3.33,0.89*14 (pico_gnss pico-gnss-rs/src/main.rs:235)
4.355965 [INFO ] NMEA $GNGSA,A,3,76,,,,,,,,,,,,3.45,3.33,0.89*1D (pico_gnss pico-gnss-rs/src/main.rs:235)
4.414643 [INFO ] NMEA $GPGSV,4,1,15,27,77,334,20,16,61,055,28,08,52,261,16,26,41,095,20*73 (pico_gnss pico-gnss-rs/src/main.rs:235)
4.477353 [INFO ] NMEA $GPGSV,4,2,15,31,24,155,22,07,21,317,,02,20,192,16,04,19,242,*7A (pico_gnss pico-gnss-rs/src/main.rs:235)
4.564758 [INFO ] NMEA $GPGSV,4,3,15,18,16,041,23,09,16,276,,23,04,080,16,10,02,111,17*73 (pico_gnss pico-gnss-rs/src/main.rs:235)
4.594262 [INFO ] NMEA $GPGSV,4,4,15,193,,,,194,,,,195,,,*47 (pico_gnss pico-gnss-rs/src/main.rs:235)
4.652753 [INFO ] NMEA $GLGSV,2,1,08,87,64,177,,76,63,064,21,77,43,333,,75,18,115,*6D (pico_gnss pico-gnss-rs/src/main.rs:235)
4.740026 [INFO ] NMEA $GLGSV,2,2,08,67,07,281,,68,05,327,,85,05,027,,88,03,203,*62 (pico_gnss pico-gnss-rs/src/main.rs:235)
4.802896 [INFO ] NMEA $GNRMC,190157.000,A,0000.0000,N,00000.0000,E,0.59,293.08,070626,,,A*78 (pico_gnss pico-gnss-rs/src/main.rs:235)
4.805044 [INFO ] SYNC pps_local_us=4078319 unix_s=1780858917 drift_us=2 (pico_gnss pico-gnss-rs/src/main.rs:251)
4.832582 [INFO ] NMEA $GPVTG,293.08,T,,M,0.59,N,1.09,K,A*39 (pico_gnss pico-gnss-rs/src/main.rs:235)
4.869710 [INFO ] NMEA $GPZDA,190157.000,07,06,2026,,*5A (pico_gnss pico-gnss-rs/src/main.rs:235)
5.013378 [INFO ] TIME unix_ns=1780858917934515548 ppb=2624 holdover_ms=934 locked=0 (pico_gnss pico-gnss-rs/src/main.rs:149)
5.078767 [INFO ] PPS count=7 interval_us=1000002 interval_ns=1000002624 state=Locked missed=0 (pico_gnss pico-gnss-rs/src/main.rs:131)
5.193267 [INFO ] NMEA $GPGGA,190158.000,0000.0000,N,00000.0000,E,1,5,3.33,32.7,M,39.0,M,,*64 (pico_gnss pico-gnss-rs/src/main.rs:235)
5.250541 [INFO ] NMEA $GNGLL,0000.0000,N,00000.0000,E,190158.000,A,A*45 (pico_gnss pico-gnss-rs/src/main.rs:235)
5.308910 [INFO ] NMEA $GNGSA,A,3,18,26,31,16,,,,,,,,,3.45,3.33,0.89*14 (pico_gnss pico-gnss-rs/src/main.rs:235)
5.338436 [INFO ] NMEA $GNGSA,A,3,76,,,,,,,,,,,,3.45,3.33,0.89*1D (pico_gnss pico-gnss-rs/src/main.rs:235)
5.425843 [INFO ] NMEA $GPGSV,4,1,15,27,77,334,20,16,61,055,28,08,52,261,16,26,41,095,19*79 (pico_gnss pico-gnss-rs/src/main.rs:235)
5.484439 [INFO ] NMEA $GPGSV,4,2,15,31,24,155,22,07,21,317,,02,20,192,15,04,19,242,*79 (pico_gnss pico-gnss-rs/src/main.rs:235)
5.547173 [INFO ] NMEA $GPGSV,4,3,15,18,16,041,23,09,16,276,,23,04,080,16,10,02,111,17*73 (pico_gnss pico-gnss-rs/src/main.rs:235)
5.605380 [INFO ] NMEA $GPGSV,4,4,15,193,,,,194,,,,195,,,*47 (pico_gnss pico-gnss-rs/src/main.rs:235)
5.663981 [INFO ] NMEA $GLGSV,2,1,08,87,64,177,,76,63,064,22,77,43,333,,75,18,115,*6E (pico_gnss pico-gnss-rs/src/main.rs:235)
5.722518 [INFO ] NMEA $GLGSV,2,2,08,67,07,281,,68,05,327,,85,05,027,,88,03,203,*62 (pico_gnss pico-gnss-rs/src/main.rs:235)
5.814115 [INFO ] NMEA $GNRMC,190158.000,A,0000.0000,N,00000.0000,E,1.31,233.40,070626,,,A*72 (pico_gnss pico-gnss-rs/src/main.rs:235)
5.816292 [INFO ] SYNC pps_local_us=5078310 unix_s=1780858918 drift_us=2 (pico_gnss pico-gnss-rs/src/main.rs:251)
5.843772 [INFO ] NMEA $GPVTG,233.40,T,,M,1.31,N,2.42,K,A*3C (pico_gnss pico-gnss-rs/src/main.rs:235)
5.873119 [INFO ] NMEA $GPZDA,190158.000,07,06,2026,,*55 (pico_gnss pico-gnss-rs/src/main.rs:235)
6.014711 [INFO ] TIME unix_ns=1780858918935863544 ppb=2624 holdover_ms=935 locked=0 (pico_gnss pico-gnss-rs/src/main.rs:149)
6.078771 [INFO ] PPS count=8 interval_us=1000002 interval_ns=1000002608 state=Locked missed=0 (pico_gnss pico-gnss-rs/src/main.rs:131)
6.190118 [INFO ] NMEA $GPGGA,190159.000,0000.0000,N,00000.0000,E,1,5,3.33,32.7,M,39.0,M,,*6A (pico_gnss pico-gnss-rs/src/main.rs:235)
6.248418 [INFO ] NMEA $GNGLL,0000.0000,N,00000.0000,E,190159.000,A,A*4B (pico_gnss pico-gnss-rs/src/main.rs:235)
6.285217 [INFO ] NMEA $GNGSA,A,3,18,26,31,16,,,,,,,,,3.45,3.33,0.89*14 (pico_gnss pico-gnss-rs/src/main.rs:235)
6.343480 [INFO ] NMEA $GNGSA,A,3,76,,,,,,,,,,,,3.45,3.33,0.89*1D (pico_gnss pico-gnss-rs/src/main.rs:235)
6.402116 [INFO ] NMEA $GPGSV,4,1,15,27,77,334,20,16,61,055,27,08,52,261,16,26,41,095,19*76 (pico_gnss pico-gnss-rs/src/main.rs:235)
6.489547 [INFO ] NMEA $GPGSV,4,2,15,31,24,155,22,07,21,317,,02,20,192,15,04,19,242,*79 (pico_gnss pico-gnss-rs/src/main.rs:235)
6.552273 [INFO ] NMEA $GPGSV,4,3,15,18,16,041,23,09,16,276,,23,04,080,16,10,02,111,17*73 (pico_gnss pico-gnss-rs/src/main.rs:235)
6.581747 [INFO ] NMEA $GPGSV,4,4,15,193,,,,194,,,,195,,,*47 (pico_gnss pico-gnss-rs/src/main.rs:235)
6.669026 [INFO ] NMEA $GLGSV,2,1,08,87,64,177,,76,63,064,21,77,43,333,,75,18,115,*6D (pico_gnss pico-gnss-rs/src/main.rs:235)
6.727623 [INFO ] NMEA $GLGSV,2,2,08,67,07,281,,68,05,327,,85,05,027,,88,03,203,*62 (pico_gnss pico-gnss-rs/src/main.rs:235)
6.815002 [INFO ] NMEA $GNRMC,190159.000,A,0000.0000,N,00000.0000,E,0.84,286.69,070626,,,A*76 (pico_gnss pico-gnss-rs/src/main.rs:235)
6.817177 [INFO ] SYNC pps_local_us=6078314 unix_s=1780858919 drift_us=2 (pico_gnss pico-gnss-rs/src/main.rs:251)
6.848672 [INFO ] NMEA $GPVTG,286.69,T,,M,0.84,N,1.55,K,A*33 (pico_gnss pico-gnss-rs/src/main.rs:235)
6.869861 [INFO ] NMEA $GPZDA,190159.000,07,06,2026,,*54 (pico_gnss pico-gnss-rs/src/main.rs:235)
7.016031 [INFO ] TIME unix_ns=1780858919937169541 ppb=2624 holdover_ms=937 locked=0 (pico_gnss pico-gnss-rs/src/main.rs:149)
7.078777 [INFO ] PPS count=9 interval_us=1000002 interval_ns=1000002624 state=Locked missed=0 (pico_gnss pico-gnss-rs/src/main.rs:131)
7.186420 [INFO ] NMEA $GPGGA,190200.000,0000.0000,N,00000.0000,E,1,5,3.33,32.7,M,39.0,M,,*61 (pico_gnss pico-gnss-rs/src/main.rs:235)
7.244701 [INFO ] NMEA $GNGLL,0000.0000,N,00000.0000,E,190200.000,A,A*40 (pico_gnss pico-gnss-rs/src/main.rs:235)
7.303026 [INFO ] NMEA $GNGSA,A,3,18,26,31,16,,,,,,,,,3.45,3.33,0.89*14 (pico_gnss pico-gnss-rs/src/main.rs:235)
7.347934 [INFO ] NMEA $GNGSA,A,3,76,,,,,,,,,,,,3.45,3.33,0.89*1D (pico_gnss pico-gnss-rs/src/main.rs:235)
7.406629 [INFO ] NMEA $GPGSV,4,1,15,27,77,334,20,16,61,055,27,08,52,261,16,26,41,095,19*76 (pico_gnss pico-gnss-rs/src/main.rs:235)
7.493990 [INFO ] NMEA $GPGSV,4,2,15,31,24,155,22,07,21,317,,02,20,192,15,04,19,242,*79 (pico_gnss pico-gnss-rs/src/main.rs:235)
7.552674 [INFO ] NMEA $GPGSV,4,3,15,18,16,041,22,09,16,276,,23,04,080,16,10,02,111,17*72 (pico_gnss pico-gnss-rs/src/main.rs:235)
7.586195 [INFO ] NMEA $GPGSV,4,4,15,193,,,,194,,,,195,,,*47 (pico_gnss pico-gnss-rs/src/main.rs:235)
7.644742 [INFO ] NMEA $GLGSV,2,1,08,87,64,177,,76,63,064,21,77,43,333,,75,18,115,*6D (pico_gnss pico-gnss-rs/src/main.rs:235)
7.732064 [INFO ] NMEA $GLGSV,2,2,08,67,07,281,,68,05,327,,85,05,027,,88,03,203,*62 (pico_gnss pico-gnss-rs/src/main.rs:235)
7.790838 [INFO ] NMEA $GNRMC,190200.000,A,0000.0000,N,00000.0000,E,0.60,318.60,070626,,,A*78 (pico_gnss pico-gnss-rs/src/main.rs:235)
7.793016 [INFO ] SYNC pps_local_us=7078318 unix_s=1780858920 drift_us=2 (pico_gnss pico-gnss-rs/src/main.rs:251)
7.853113 [INFO ] NMEA $GPVTG,318.60,T,,M,0.60,N,1.11,K,A*36 (pico_gnss pico-gnss-rs/src/main.rs:235)
7.865945 [INFO ] NMEA $GPZDA,190200.000,07,06,2026,,*5B (pico_gnss pico-gnss-rs/src/main.rs:235)
8.017337 [INFO ] TIME unix_ns=1780858920938479538 ppb=2624 holdover_ms=938 locked=0 (pico_gnss pico-gnss-rs/src/main.rs:149)
8.078780 [INFO ] PPS count=10 interval_us=1000002 interval_ns=1000002624 state=Locked missed=0 (pico_gnss pico-gnss-rs/src/main.rs:131)
8.189024 [INFO ] NMEA $GPGGA,190201.000,0000.0000,N,00000.0000,E,1,5,3.33,32.7,M,39.0,M,,*69 (pico_gnss pico-gnss-rs/src/main.rs:235)
8.247334 [INFO ] NMEA $GNGLL,0000.0000,N,00000.0000,E,190201.000,A,A*48 (pico_gnss pico-gnss-rs/src/main.rs:235)
8.305752 [INFO ] NMEA $GNGSA,A,3,18,26,31,16,,,,,,,,,3.45,3.33,0.89*14 (pico_gnss pico-gnss-rs/src/main.rs:235)
8.335266 [INFO ] NMEA $GNGSA,A,3,76,,,,,,,,,,,,3.45,3.33,0.89*1D (pico_gnss pico-gnss-rs/src/main.rs:235)
8.417522 [INFO ] NMEA $GPGSV,4,1,15,27,77,334,20,16,61,055,27,08,52,261,16,26,41,095,18*77 (pico_gnss pico-gnss-rs/src/main.rs:235)
8.476159 [INFO ] NMEA $GPGSV,4,2,15,31,24,155,21,07,21,317,,02,20,192,15,04,19,242,*7A (pico_gnss pico-gnss-rs/src/main.rs:235)
8.563566 [INFO ] NMEA $GPGSV,4,3,15,18,16,041,22,09,16,276,,23,04,080,16,10,02,111,17*72 (pico_gnss pico-gnss-rs/src/main.rs:235)
8.593065 [INFO ] NMEA $GPGSV,4,4,15,193,,,,194,,,,195,,,*47 (pico_gnss pico-gnss-rs/src/main.rs:235)
8.655663 [INFO ] NMEA $GLGSV,2,1,08,87,64,177,,76,63,064,21,77,43,333,,75,18,115,*6D (pico_gnss pico-gnss-rs/src/main.rs:235)
8.714222 [INFO ] NMEA $GLGSV,2,2,08,67,07,281,,68,05,327,,85,05,027,,88,03,203,*62 (pico_gnss pico-gnss-rs/src/main.rs:235)
8.801672 [INFO ] NMEA $GNRMC,190201.000,A,0000.0000,N,00000.0000,E,0.62,31.89,070626,,,A*4D (pico_gnss pico-gnss-rs/src/main.rs:235)
8.803845 [INFO ] SYNC pps_local_us=8078328 unix_s=1780858921 drift_us=2 (pico_gnss pico-gnss-rs/src/main.rs:251)
8.831329 [INFO ] NMEA $GPVTG,31.89,T,,M,0.62,N,1.16,K,A*0C (pico_gnss pico-gnss-rs/src/main.rs:235)
8.866373 [INFO ] NMEA $GPZDA,190201.000,07,06,2026,,*5A (pico_gnss pico-gnss-rs/src/main.rs:235)
9.018655 [INFO ] TIME unix_ns=1780858921939784535 ppb=2624 holdover_ms=939 locked=1 (pico_gnss pico-gnss-rs/src/main.rs:149)
9.078782 [INFO ] PPS count=11 interval_us=1000002 interval_ns=1000002608 state=Locked missed=0 (pico_gnss pico-gnss-rs/src/main.rs:131)
9.190307 [INFO ] NMEA $GPGGA,190202.000,0000.0000,N,00000.0000,E,1,5,3.33,32.8,M,39.0,M,,*6C (pico_gnss pico-gnss-rs/src/main.rs:235)
9.248640 [INFO ] NMEA $GNGLL,0000.0000,N,00000.0000,E,190202.000,A,A*42 (pico_gnss pico-gnss-rs/src/main.rs:235)
9.307009 [INFO ] NMEA $GNGSA,A,3,18,26,31,16,,,,,,,,,3.45,3.33,0.89*14 (pico_gnss pico-gnss-rs/src/main.rs:235)
9.336560 [INFO ] NMEA $GNGSA,A,3,76,,,,,,,,,,,,3.45,3.33,0.89*1D (pico_gnss pico-gnss-rs/src/main.rs:235)
9.428025 [INFO ] NMEA $GPGSV,4,1,15,27,77,334,20,16,61,055,27,08,52,261,15,26,41,095,18*74 (pico_gnss pico-gnss-rs/src/main.rs:235)
9.486652 [INFO ] NMEA $GPGSV,4,2,15,31,24,155,21,07,21,317,,02,20,192,15,04,19,242,*7A (pico_gnss pico-gnss-rs/src/main.rs:235)
9.545291 [INFO ] NMEA $GPGSV,4,3,15,18,16,041,22,09,16,276,,23,05,079,16,10,02,111,17*75 (pico_gnss pico-gnss-rs/src/main.rs:235)
9.603487 [INFO ] NMEA $GPGSV,4,4,15,193,,,,194,,,,195,,,*47 (pico_gnss pico-gnss-rs/src/main.rs:235)
9.666163 [INFO ] NMEA $GLGSV,2,1,08,87,64,177,,76,63,064,20,77,43,333,,75,18,115,*6C (pico_gnss pico-gnss-rs/src/main.rs:235)
9.724742 [INFO ] NMEA $GLGSV,2,2,08,67,07,281,,68,05,327,,85,05,027,,88,03,203,*62 (pico_gnss pico-gnss-rs/src/main.rs:235)
9.812185 [INFO ] NMEA $GNRMC,190202.000,A,0000.0000,N,00000.0000,E,0.07,31.89,070626,,,A*44 (pico_gnss pico-gnss-rs/src/main.rs:235)
9.814359 [INFO ] SYNC pps_local_us=9078333 unix_s=1780858922 drift_us=2 (pico_gnss pico-gnss-rs/src/main.rs:251)
9.841859 [INFO ] NMEA $GPVTG,31.89,T,,M,0.07,N,0.13,K,A*0B (pico_gnss pico-gnss-rs/src/main.rs:235)
9.867041 [INFO ] NMEA $GPZDA,190202.000,07,06,2026,,*59 (pico_gnss pico-gnss-rs/src/main.rs:235)
10.019996 [INFO ] TIME unix_ns=1780858922941117532 ppb=2623 holdover_ms=941 locked=1 (pico_gnss pico-gnss-rs/src/main.rs:149)
10.078779 [INFO ] PPS count=12 interval_us=1000002 interval_ns=1000002608 state=Locked missed=0 (pico_gnss pico-gnss-rs/src/main.rs:131)
10.201480 [INFO ] NMEA $GPGGA,190203.000,0000.0000,N,00000.0000,E,1,5,3.33,32.8,M,39.0,M,,*65 (pico_gnss pico-gnss-rs/src/main.rs:235)
10.231134 [INFO ] NMEA $GNGLL,0000.0000,N,00000.0000,E,190203.000,A,A*4B (pico_gnss pico-gnss-rs/src/main.rs:235)
10.289432 [INFO ] NMEA $GNGSA,A,3,18,26,31,16,,,,,,,,,3.45,3.33,0.89*14 (pico_gnss pico-gnss-rs/src/main.rs:235)
10.347659 [INFO ] NMEA $GNGSA,A,3,76,,,,,,,,,,,,3.45,3.33,0.89*1D (pico_gnss pico-gnss-rs/src/main.rs:235)
10.406349 [INFO ] NMEA $GPGSV,4,1,15,27,77,334,20,16,61,055,27,08,52,261,15,26,41,095,18*74 (pico_gnss pico-gnss-rs/src/main.rs:235)
10.497824 [INFO ] NMEA $GPGSV,4,2,15,31,24,155,21,07,21,317,,02,20,192,15,04,19,242,*7A (pico_gnss pico-gnss-rs/src/main.rs:235)
10.556533 [INFO ] NMEA $GPGSV,4,3,15,18,16,041,22,09,16,276,,23,05,079,16,10,02,111,17*75 (pico_gnss pico-gnss-rs/src/main.rs:235)
10.585967 [INFO ] NMEA $GPGSV,4,4,15,193,,,,194,,,,195,,,*47 (pico_gnss pico-gnss-rs/src/main.rs:235)
10.673280 [INFO ] NMEA $GLGSV,2,1,08,87,64,177,,76,63,064,19,77,43,333,,75,18,115,*66 (pico_gnss pico-gnss-rs/src/main.rs:235)
10.735896 [INFO ] NMEA $GLGSV,2,2,08,67,07,281,,68,05,327,,85,05,027,,88,03,203,*62 (pico_gnss pico-gnss-rs/src/main.rs:235)
10.794635 [INFO ] NMEA $GNRMC,190203.000,A,0000.0000,N,00000.0000,E,1.42,300.00,070626,,,A*7D (pico_gnss pico-gnss-rs/src/main.rs:235)
10.796827 [INFO ] SYNC pps_local_us=10078331 unix_s=1780858923 drift_us=2 (pico_gnss pico-gnss-rs/src/main.rs:251)
10.852857 [INFO ] NMEA $GPVTG,300.00,T,,M,1.42,N,2.62,K,A*3F (pico_gnss pico-gnss-rs/src/main.rs:235)
10.869865 [INFO ] NMEA $GPZDA,190203.000,07,06,2026,,*58 (pico_gnss pico-gnss-rs/src/main.rs:235)
11.021334 [INFO ] TIME unix_ns=1780858923942462528 ppb=2623 holdover_ms=942 locked=1 (pico_gnss pico-gnss-rs/src/main.rs:149)
11.078797 [INFO ] PPS count=13 interval_us=1000002 interval_ns=1000002608 state=Locked missed=0 (pico_gnss pico-gnss-rs/src/main.rs:131)
11.203411 [INFO ] NMEA $GPGGA,190204.000,0000.0000,N,00000.0000,E,1,5,3.33,32.8,M,39.0,M,,*68 (pico_gnss pico-gnss-rs/src/main.rs:235)
11.252513 [INFO ] NMEA $GNGLL,0000.0000,N,00000.0000,E,190204.000,A,A*46 (pico_gnss pico-gnss-rs/src/main.rs:235)
11.310837 [INFO ] NMEA $GNGSA,A,3,18,26,31,16,,,,,,,,,3.45,3.33,0.89*14 (pico_gnss pico-gnss-rs/src/main.rs:235)
11.369120 [INFO ] NMEA $GNGSA,A,3,76,,,,,,,,,,,,3.45,3.33,0.89*1D (pico_gnss pico-gnss-rs/src/main.rs:235)
11.427783 [INFO ] NMEA $GPGSV,4,1,15,27,77,334,20,16,61,055,27,08,52,261,15,26,41,095,18*74 (pico_gnss pico-gnss-rs/src/main.rs:235)
11.490497 [INFO ] NMEA $GPGSV,4,2,15,31,24,155,21,07,21,317,,02,20,192,16,04,19,242,*79 (pico_gnss pico-gnss-rs/src/main.rs:235)
11.577905 [INFO ] NMEA $GPGSV,4,3,15,18,16,041,21,09,16,276,,23,05,079,16,10,02,111,17*76 (pico_gnss pico-gnss-rs/src/main.rs:235)
11.607402 [INFO ] NMEA $GPGSV,4,4,15,193,,,,194,,,,195,,,*47 (pico_gnss pico-gnss-rs/src/main.rs:235)
11.665901 [INFO ] NMEA $GLGSV,2,1,08,87,64,177,,76,63,064,19,77,43,333,,75,18,115,*66 (pico_gnss pico-gnss-rs/src/main.rs:235)
11.753182 [INFO ] NMEA $GLGSV,2,2,08,67,07,281,,68,05,327,,85,05,027,,88,03,203,*62 (pico_gnss pico-gnss-rs/src/main.rs:235)
11.816049 [INFO ] NMEA $GNRMC,190204.000,A,0000.0000,N,00000.0000,E,0.43,300.00,070626,,,A*70 (pico_gnss pico-gnss-rs/src/main.rs:235)
11.818213 [INFO ] SYNC pps_local_us=11078338 unix_s=1780858924 drift_us=2 (pico_gnss pico-gnss-rs/src/main.rs:251)
11.845721 [INFO ] NMEA $GPVTG,300.00,T,,M,0.43,N,0.80,K,A*31 (pico_gnss pico-gnss-rs/src/main.rs:235)
11.882846 [INFO ] NMEA $GPZDA,190204.000,07,06,2026,,*5F (pico_gnss pico-gnss-rs/src/main.rs:235)
12.022657 [INFO ] TIME unix_ns=1780858924943784525 ppb=2622 holdover_ms=943 locked=1 (pico_gnss pico-gnss-rs/src/main.rs:149)
12.078794 [INFO ] PPS count=14 interval_us=1000002 interval_ns=1000002608 state=Locked missed=0 (pico_gnss pico-gnss-rs/src/main.rs:131)
12.196341 [INFO ] NMEA $GPGGA,190205.000,0000.0000,N,00000.0000,E,1,5,3.34,32.8,M,39.0,M,,*6F (pico_gnss pico-gnss-rs/src/main.rs:235)
12.253631 [INFO ] NMEA $GNGLL,0000.0000,N,00000.0000,E,190205.000,A,A*46 (pico_gnss pico-gnss-rs/src/main.rs:235)
12.311977 [INFO ] NMEA $GNGSA,A,3,18,26,31,16,,,,,,,,,3.45,3.34,0.89*13 (pico_gnss pico-gnss-rs/src/main.rs:235)
12.341500 [INFO ] NMEA $GNGSA,A,3,76,,,,,,,,,,,,3.45,3.34,0.89*1A (pico_gnss pico-gnss-rs/src/main.rs:235)
12.428915 [INFO ] NMEA $GPGSV,4,1,15,27,77,334,20,16,61,055,27,08,52,261,17,26,41,096,18*75 (pico_gnss pico-gnss-rs/src/main.rs:235)
12.487508 [INFO ] NMEA $GPGSV,4,2,15,31,24,155,21,07,21,317,,02,20,192,16,04,19,242,*79 (pico_gnss pico-gnss-rs/src/main.rs:235)
12.550267 [INFO ] NMEA $GPGSV,4,3,15,18,16,041,22,09,16,276,,23,05,079,17,10,02,111,17*74 (pico_gnss pico-gnss-rs/src/main.rs:235)
12.608449 [INFO ] NMEA $GPGSV,4,4,15,193,,,,194,,,,195,,,*47 (pico_gnss pico-gnss-rs/src/main.rs:235)
12.667050 [INFO ] NMEA $GLGSV,2,1,08,87,64,177,,76,63,064,19,77,43,333,,75,18,115,*66 (pico_gnss pico-gnss-rs/src/main.rs:235)
12.725586 [INFO ] NMEA $GLGSV,2,2,08,67,07,281,,68,05,327,,85,05,027,,88,03,203,*62 (pico_gnss pico-gnss-rs/src/main.rs:235)
12.817191 [INFO ] NMEA $GNRMC,190205.000,A,0000.0000,N,00000.0000,E,0.83,306.80,070626,,,A*72 (pico_gnss pico-gnss-rs/src/main.rs:235)
12.819368 [INFO ] SYNC pps_local_us=12078331 unix_s=1780858925 drift_us=2 (pico_gnss pico-gnss-rs/src/main.rs:251)
12.846864 [INFO ] NMEA $GPVTG,306.80,T,,M,0.83,N,1.54,K,A*3B (pico_gnss pico-gnss-rs/src/main.rs:235)
12.876235 [INFO ] NMEA $GPZDA,190205.000,07,06,2026,,*5E (pico_gnss pico-gnss-rs/src/main.rs:235)
13.023991 [INFO ] TIME unix_ns=1780858925945115522 ppb=2622 holdover_ms=945 locked=1 (pico_gnss pico-gnss-rs/src/main.rs:149)
13.078822 [INFO ] PPS count=15 interval_us=1000002 interval_ns=1000002608 state=Locked missed=0 (pico_gnss pico-gnss-rs/src/main.rs:131)
13.188241 [INFO ] NMEA $GPGGA,190206.000,0000.0000,N,00000.0000,E,1,5,3.34,32.7,M,39.0,M,,*64 (pico_gnss pico-gnss-rs/src/main.rs:235)
13.246518 [INFO ] NMEA $GNGLL,0000.0000,N,00000.0000,E,190206.000,A,A*42 (pico_gnss pico-gnss-rs/src/main.rs:235)
13.283309 [INFO ] NMEA $GNGSA,A,3,18,26,31,16,,,,,,,,,3.46,3.34,0.89*10 (pico_gnss pico-gnss-rs/src/main.rs:235)
13.341571 [INFO ] NMEA $GNGSA,A,3,76,,,,,,,,,,,,3.46,3.34,0.89*19 (pico_gnss pico-gnss-rs/src/main.rs:235)
13.400217 [INFO ] NMEA $GPGSV,4,1,15,27,76,338,20,16,61,055,27,08,52,261,17,26,41,096,18*78 (pico_gnss pico-gnss-rs/src/main.rs:235)
13.487632 [INFO ] NMEA $GPGSV,4,2,15,31,24,155,21,07,21,317,,02,20,192,16,04,19,242,*79 (pico_gnss pico-gnss-rs/src/main.rs:235)
13.550367 [INFO ] NMEA $GPGSV,4,3,15,18,16,041,22,09,16,276,,23,05,079,17,10,02,111,17*74 (pico_gnss pico-gnss-rs/src/main.rs:235)
13.579833 [INFO ] NMEA $GPGSV,4,4,15,193,,,,194,,,,195,,,*47 (pico_gnss pico-gnss-rs/src/main.rs:235)
13.667127 [INFO ] NMEA $GLGSV,2,1,08,87,64,177,,76,63,064,19,77,43,333,,75,18,115,*66 (pico_gnss pico-gnss-rs/src/main.rs:235)
13.725748 [INFO ] NMEA $GLGSV,2,2,08,67,07,281,,68,05,327,,85,05,027,,88,03,203,*62 (pico_gnss pico-gnss-rs/src/main.rs:235)
13.813144 [INFO ] NMEA $GNRMC,190206.000,A,0000.0000,N,00000.0000,E,0.17,306.80,070626,,,A*7B (pico_gnss pico-gnss-rs/src/main.rs:235)
13.815340 [INFO ] SYNC pps_local_us=13078354 unix_s=1780858926 drift_us=2 (pico_gnss pico-gnss-rs/src/main.rs:251)
13.846818 [INFO ] NMEA $GPVTG,306.80,T,,M,0.17,N,0.31,K,A*34 (pico_gnss pico-gnss-rs/src/main.rs:235)
13.868015 [INFO ] NMEA $GPZDA,190206.000,07,06,2026,,*5D (pico_gnss pico-gnss-rs/src/main.rs:235)
14.025330 [INFO ] TIME unix_ns=1780858926946439519 ppb=2622 holdover_ms=946 locked=1 (pico_gnss pico-gnss-rs/src/main.rs:149)
14.078817 [INFO ] PPS count=16 interval_us=1000002 interval_ns=1000002608 state=Locked missed=0 (pico_gnss pico-gnss-rs/src/main.rs:131)
14.190292 [INFO ] NMEA $GPGGA,190207.000,0000.0000,N,00000.0000,E,1,5,3.33,32.8,M,39.0,M,,*62 (pico_gnss pico-gnss-rs/src/main.rs:235)
14.248591 [INFO ] NMEA $GNGLL,0000.0000,N,00000.0000,E,190207.000,A,A*4C (pico_gnss pico-gnss-rs/src/main.rs:235)
14.306922 [INFO ] NMEA $GNGSA,A,3,18,26,31,16,,,,,,,,,3.45,3.33,0.89*14 (pico_gnss pico-gnss-rs/src/main.rs:235)
14.351834 [INFO ] NMEA $GNGSA,A,3,76,,,,,,,,,,,,3.45,3.33,0.89*1D (pico_gnss pico-gnss-rs/src/main.rs:235)
14.410533 [INFO ] NMEA $GPGSV,4,1,15,27,76,338,20,16,61,055,27,08,52,261,17,26,41,096,18*78 (pico_gnss pico-gnss-rs/src/main.rs:235)
14.497892 [INFO ] NMEA $GPGSV,4,2,15,31,24,155,21,07,21,317,,02,20,192,15,04,19,242,*7A (pico_gnss pico-gnss-rs/src/main.rs:235)
14.556594 [INFO ] NMEA $GPGSV,4,3,15,18,16,041,21,09,16,276,,23,05,079,17,10,02,111,17*77 (pico_gnss pico-gnss-rs/src/main.rs:235)
14.590107 [INFO ] NMEA $GPGSV,4,4,15,193,,,,194,,,,195,,,*47 (pico_gnss pico-gnss-rs/src/main.rs:235)
14.648657 [INFO ] NMEA $GLGSV,2,1,08,87,64,177,,76,63,064,19,77,43,333,,75,18,115,*66 (pico_gnss pico-gnss-rs/src/main.rs:235)
14.735969 [INFO ] NMEA $GLGSV,2,2,08,67,07,281,,68,05,327,,85,05,027,,88,03,203,*62 (pico_gnss pico-gnss-rs/src/main.rs:235)
14.794719 [INFO ] NMEA $GNRMC,190207.000,A,0000.0000,N,00000.0000,E,0.11,306.80,070626,,,A*73 (pico_gnss pico-gnss-rs/src/main.rs:235)
14.796878 [INFO ] SYNC pps_local_us=14078340 unix_s=1780858927 drift_us=2 (pico_gnss pico-gnss-rs/src/main.rs:251)
14.857011 [INFO ] NMEA $GPVTG,306.80,T,,M,0.11,N,0.20,K,A*32 (pico_gnss pico-gnss-rs/src/main.rs:235)
14.869849 [INFO ] NMEA $GPZDA,190207.000,07,06,2026,,*5C (pico_gnss pico-gnss-rs/src/main.rs:235)
15.026660 [INFO ] TIME unix_ns=1780858927947785516 ppb=2621 holdover_ms=947 locked=1 (pico_gnss pico-gnss-rs/src/main.rs:149)
15.078813 [INFO ] PPS count=17 interval_us=1000002 interval_ns=1000002608 state=Locked missed=0 (pico_gnss pico-gnss-rs/src/main.rs:131)
15.191358 [INFO ] NMEA $GPGGA,190208.000,0000.0000,N,00000.0000,E,1,5,3.33,32.8,M,39.0,M,,*6D (pico_gnss pico-gnss-rs/src/main.rs:235)
15.249677 [INFO ] NMEA $GNGLL,0000.0000,N,00000.0000,E,190208.000,A,A*43 (pico_gnss pico-gnss-rs/src/main.rs:235)
15.308051 [INFO ] NMEA $GNGSA,A,3,18,26,31,16,,,,,,,,,3.45,3.33,0.89*14 (pico_gnss pico-gnss-rs/src/main.rs:235)
15.337559 [INFO ] NMEA $GNGSA,A,3,76,,,,,,,,,,,,3.45,3.33,0.89*1D (pico_gnss pico-gnss-rs/src/main.rs:235)
15.419802 [INFO ] NMEA $GPGSV,4,1,15,27,76,338,20,16,61,055,27,08,52,261,16,26,41,096,18*79 (pico_gnss pico-gnss-rs/src/main.rs:235)
15.478441 [INFO ] NMEA $GPGSV,4,2,15,31,24,155,22,07,21,317,,02,20,192,15,04,19,242,*79 (pico_gnss pico-gnss-rs/src/main.rs:235)
15.565856 [INFO ] NMEA $GPGSV,4,3,15,18,16,041,21,09,16,276,,23,05,079,18,10,02,111,17*78 (pico_gnss pico-gnss-rs/src/main.rs:235)
15.595342 [INFO ] NMEA $GPGSV,4,4,15,193,,,,194,,,,195,,,*47 (pico_gnss pico-gnss-rs/src/main.rs:235)
15.657939 [INFO ] NMEA $GLGSV,2,1,08,87,64,177,,76,63,064,19,77,43,333,,75,18,115,*66 (pico_gnss pico-gnss-rs/src/main.rs:235)
15.716496 [INFO ] NMEA $GLGSV,2,2,08,67,07,281,,68,05,327,,85,05,027,,88,03,203,*62 (pico_gnss pico-gnss-rs/src/main.rs:235)
15.803971 [INFO ] NMEA $GNRMC,190208.000,A,0000.0000,N,00000.0000,E,0.60,306.80,070626,,,A*7A (pico_gnss pico-gnss-rs/src/main.rs:235)
15.806154 [INFO ] SYNC pps_local_us=15078341 unix_s=1780858928 drift_us=2 (pico_gnss pico-gnss-rs/src/main.rs:251)
15.833660 [INFO ] NMEA $GPVTG,306.80,T,,M,0.60,N,1.11,K,A*37 (pico_gnss pico-gnss-rs/src/main.rs:235)
15.870877 [INFO ] NMEA $GPZDA,190208.000,07,06,2026,,*53 (pico_gnss pico-gnss-rs/src/main.rs:235)
16.028012 [INFO ] TIME unix_ns=1780858928949121513 ppb=2621 holdover_ms=949 locked=1 (pico_gnss pico-gnss-rs/src/main.rs:149)
16.078796 [INFO ] PPS count=18 interval_us=1000002 interval_ns=1000002608 state=Locked missed=0 (pico_gnss pico-gnss-rs/src/main.rs:131)
16.189325 [INFO ] NMEA $GPGGA,190209.000,0000.0000,N,00000.0000,E,1,5,3.33,32.9,M,39.0,M,,*63 (pico_gnss pico-gnss-rs/src/main.rs:235)
16.247619 [INFO ] NMEA $GNGLL,0000.0000,N,00000.0000,E,190209.000,A,A*4C (pico_gnss pico-gnss-rs/src/main.rs:235)
16.306009 [INFO ] NMEA $GNGSA,A,3,18,26,31,16,,,,,,,,,3.45,3.33,0.89*14 (pico_gnss pico-gnss-rs/src/main.rs:235)
16.335512 [INFO ] NMEA $GNGSA,A,3,76,,,,,,,,,,,,3.45,3.33,0.89*1D (pico_gnss pico-gnss-rs/src/main.rs:235)
16.425994 [INFO ] NMEA $GPGSV,4,1,15,27,76,338,20,16,61,055,27,08,52,261,16,26,41,096,18*79 (pico_gnss pico-gnss-rs/src/main.rs:235)
16.484608 [INFO ] NMEA $GPGSV,4,2,15,31,24,155,22,07,21,317,,02,20,192,15,04,19,242,*79 (pico_gnss pico-gnss-rs/src/main.rs:235)
16.543253 [INFO ] NMEA $GPGSV,4,3,15,18,16,041,21,09,16,276,,23,05,079,18,10,02,111,18*77 (pico_gnss pico-gnss-rs/src/main.rs:235)
16.601431 [INFO ] NMEA $GPGSV,4,4,15,193,,,,194,,,,195,,,*47 (pico_gnss pico-gnss-rs/src/main.rs:235)
16.664138 [INFO ] NMEA $GLGSV,2,1,08,87,64,177,,76,63,064,19,77,43,333,,75,18,115,*66 (pico_gnss pico-gnss-rs/src/main.rs:235)
16.722718 [INFO ] NMEA $GLGSV,2,2,08,67,07,281,,68,05,327,,85,05,027,,88,03,203,*62 (pico_gnss pico-gnss-rs/src/main.rs:235)
16.810165 [INFO ] NMEA $GNRMC,190209.000,A,0000.0000,N,00000.0000,E,0.66,306.80,070626,,,A*73 (pico_gnss pico-gnss-rs/src/main.rs:235)
16.812345 [INFO ] SYNC pps_local_us=16078345 unix_s=1780858929 drift_us=2 (pico_gnss pico-gnss-rs/src/main.rs:251)
16.839869 [INFO ] NMEA $GPVTG,306.80,T,,M,0.66,N,1.23,K,A*30 (pico_gnss pico-gnss-rs/src/main.rs:235)
16.869220 [INFO ] NMEA $GPZDA,190209.000,07,06,2026,,*52 (pico_gnss pico-gnss-rs/src/main.rs:235)
17.029346 [INFO ] TIME unix_ns=1780858929950461510 ppb=2620 holdover_ms=950 locked=1 (pico_gnss pico-gnss-rs/src/main.rs:149)
17.078830 [INFO ] PPS count=19 interval_us=1000002 interval_ns=1000002592 state=Locked missed=0 (pico_gnss pico-gnss-rs/src/main.rs:131)
17.204407 [INFO ] NMEA $GPGGA,190210.000,0000.0000,N,00000.0000,E,1,5,3.34,33.0,M,39.0,M,,*6E (pico_gnss pico-gnss-rs/src/main.rs:235)
17.262777 [INFO ] NMEA $GNGLL,0000.0000,N,00000.0000,E,190210.000,A,A*4E (pico_gnss pico-gnss-rs/src/main.rs:235)
17.292366 [INFO ] NMEA $GNGSA,A,3,18,26,31,16,,,,,,,,,3.45,3.34,0.89*13 (pico_gnss pico-gnss-rs/src/main.rs:235)
17.350587 [INFO ] NMEA $GNGSA,A,3,76,,,,,,,,,,,,3.45,3.34,0.89*1A (pico_gnss pico-gnss-rs/src/main.rs:235)
17.409233 [INFO ] NMEA $GPGSV,4,1,15,27,76,338,20,16,61,055,27,08,52,261,16,26,41,096,18*79 (pico_gnss pico-gnss-rs/src/main.rs:235)
17.500761 [INFO ] NMEA $GPGSV,4,2,15,31,23,155,22,07,21,317,,02,20,192,15,04,19,242,*7E (pico_gnss pico-gnss-rs/src/main.rs:235)
17.559407 [INFO ] NMEA $GPGSV,4,3,15,18,16,041,21,09,16,276,,23,05,079,18,10,02,111,18*77 (pico_gnss pico-gnss-rs/src/main.rs:235)
17.588897 [INFO ] NMEA $GPGSV,4,4,15,193,,,,194,,,,195,,,*47 (pico_gnss pico-gnss-rs/src/main.rs:235)
17.676158 [INFO ] NMEA $GLGSV,2,1,08,87,64,177,,76,63,064,20,77,43,333,,75,18,115,*6C (pico_gnss pico-gnss-rs/src/main.rs:235)
17.738813 [INFO ] NMEA $GLGSV,2,2,08,67,07,281,,68,05,327,,85,05,027,,88,03,203,*62 (pico_gnss pico-gnss-rs/src/main.rs:235)
17.797564 [INFO ] NMEA $GNRMC,190210.000,A,0000.0000,N,00000.0000,E,0.36,306.80,070626,,,A*74 (pico_gnss pico-gnss-rs/src/main.rs:235)
17.799747 [INFO ] SYNC pps_local_us=17078355 unix_s=1780858930 drift_us=2 (pico_gnss pico-gnss-rs/src/main.rs:251)
17.855772 [INFO ] NMEA $GPVTG,306.80,T,,M,0.36,N,0.67,K,A*34 (pico_gnss pico-gnss-rs/src/main.rs:235)
17.876973 [INFO ] NMEA $GPZDA,190210.000,07,06,2026,,*5A (pico_gnss pico-gnss-rs/src/main.rs:235)
18.030693 [INFO ] TIME unix_ns=1780858930951801507 ppb=2619 holdover_ms=951 locked=1 (pico_gnss pico-gnss-rs/src/main.rs:149)
18.078812 [INFO ] PPS count=20 interval_us=1000002 interval_ns=1000002608 state=Locked missed=0 (pico_gnss pico-gnss-rs/src/main.rs:131)
18.195218 [INFO ] NMEA $GPGGA,190211.000,0000.0000,N,00000.0000,E,1,5,3.34,33.0,M,39.0,M,,*6C (pico_gnss pico-gnss-rs/src/main.rs:235)
18.240202 [INFO ] NMEA $GNGLL,0000.0000,N,00000.0000,E,190211.000,A,A*4C (pico_gnss pico-gnss-rs/src/main.rs:235)
18.298555 [INFO ] NMEA $GNGSA,A,3,18,26,31,16,,,,,,,,,3.46,3.34,0.89*10 (pico_gnss pico-gnss-rs/src/main.rs:235)
18.356805 [INFO ] NMEA $GNGSA,A,3,76,,,,,,,,,,,,3.46,3.34,0.89*19 (pico_gnss pico-gnss-rs/src/main.rs:235)
18.415508 [INFO ] NMEA $GPGSV,4,1,15,27,76,338,21,16,61,055,27,08,52,261,16,26,41,096,18*78 (pico_gnss pico-gnss-rs/src/main.rs:235)
18.478224 [INFO ] NMEA $GPGSV,4,2,15,31,23,155,22,07,21,317,,02,20,192,14,04,19,242,*7F (pico_gnss pico-gnss-rs/src/main.rs:235)
18.565672 [INFO ] NMEA $GPGSV,4,3,15,18,16,041,21,09,16,276,,23,05,079,18,10,02,111,18*77 (pico_gnss pico-gnss-rs/src/main.rs:235)
18.595161 [INFO ] NMEA $GPGSV,4,4,15,193,,,,194,,,,195,,,*47 (pico_gnss pico-gnss-rs/src/main.rs:235)
18.653641 [INFO ] NMEA $GLGSV,2,1,08,87,64,177,,76,63,064,20,77,43,333,,75,18,115,*6C (pico_gnss pico-gnss-rs/src/main.rs:235)
18.745125 [INFO ] NMEA $GLGSV,2,2,08,67,07,281,,68,05,327,,85,05,027,,88,03,203,*62 (pico_gnss pico-gnss-rs/src/main.rs:235)
18.803821 [INFO ] NMEA $GNRMC,190211.000,A,0000.0000,N,00000.0000,E,0.72,306.80,070626,,,A*76 (pico_gnss pico-gnss-rs/src/main.rs:235)
18.806006 [INFO ] SYNC pps_local_us=18078357 unix_s=1780858931 drift_us=2 (pico_gnss pico-gnss-rs/src/main.rs:251)
18.862053 [INFO ] NMEA $GPVTG,306.80,T,,M,0.72,N,1.34,K,A*33 (pico_gnss pico-gnss-rs/src/main.rs:235)
18.874879 [INFO ] NMEA $GPZDA,190211.000,07,06,2026,,*5B (pico_gnss pico-gnss-rs/src/main.rs:235)
19.032043 [INFO ] TIME unix_ns=1780858931953147504 ppb=2619 holdover_ms=953 locked=1 (pico_gnss pico-gnss-rs/src/main.rs:149)
19.078802 [INFO ] PPS count=21 interval_us=1000002 interval_ns=1000002592 state=Locked missed=0 (pico_gnss pico-gnss-rs/src/main.rs:131)
19.187487 [INFO ] NMEA $GPGGA,190212.000,0000.0000,N,00000.0000,E,1,5,3.34,33.0,M,39.0,M,,*6B (pico_gnss pico-gnss-rs/src/main.rs:235)
19.240636 [INFO ] NMEA $GNGLL,0000.0000,N,00000.0000,E,190212.000,A,A*4B (pico_gnss pico-gnss-rs/src/main.rs:235)
19.298947 [INFO ] NMEA $GNGSA,A,3,18,26,31,16,,,,,,,,,3.45,3.34,0.89*13 (pico_gnss pico-gnss-rs/src/main.rs:235)
19.328539 [INFO ] NMEA $GNGSA,A,3,76,,,,,,,,,,,,3.45,3.34,0.89*1A (pico_gnss pico-gnss-rs/src/main.rs:235)
19.415885 [INFO ] NMEA $GPGSV,4,1,15,27,76,338,21,16,61,055,27,08,52,261,16,26,41,096,18*78 (pico_gnss pico-gnss-rs/src/main.rs:235)
19.474537 [INFO ] NMEA $GPGSV,4,2,15,31,23,155,22,07,21,317,,02,20,192,14,04,19,242,*7F (pico_gnss pico-gnss-rs/src/main.rs:235)
19.566039 [INFO ] NMEA $GPGSV,4,3,15,18,16,041,21,09,16,276,,23,05,079,18,10,02,111,18*77 (pico_gnss pico-gnss-rs/src/main.rs:235)
19.595549 [INFO ] NMEA $GPGSV,4,4,15,193,,,,194,,,,195,,,*47 (pico_gnss pico-gnss-rs/src/main.rs:235)
19.654095 [INFO ] NMEA $GLGSV,2,1,08,87,64,177,,76,63,064,20,77,43,333,,75,18,115,*6C (pico_gnss pico-gnss-rs/src/main.rs:235)
19.712614 [INFO ] NMEA $GLGSV,2,2,08,67,07,281,,68,05,327,,85,05,027,,88,03,203,*62 (pico_gnss pico-gnss-rs/src/main.rs:235)
19.804216 [INFO ] NMEA $GNRMC,190212.000,A,0000.0000,N,00000.0000,E,0.26,306.80,070626,,,A*70 (pico_gnss pico-gnss-rs/src/main.rs:235)
19.806397 [INFO ] SYNC pps_local_us=19078352 unix_s=1780858932 drift_us=2 (pico_gnss pico-gnss-rs/src/main.rs:251)
19.833872 [INFO ] NMEA $GPVTG,306.80,T,,M,0.26,N,0.48,K,A*38 (pico_gnss pico-gnss-rs/src/main.rs:235)
19.863059 [INFO ] NMEA $GPZDA,190212.000,07,06,2026,,*58 (pico_gnss pico-gnss-rs/src/main.rs:235)
20.033396 [INFO ] TIME unix_ns=1780858932954485501 ppb=2618 holdover_ms=954 locked=1 (pico_gnss pico-gnss-rs/src/main.rs:149)
20.078825 [INFO ] PPS count=22 interval_us=1000002 interval_ns=1000002608 state=Locked missed=0 (pico_gnss pico-gnss-rs/src/main.rs:131)
20.190440 [INFO ] NMEA $GPGGA,190213.000,0000.0000,N,00000.0000,E,1,5,3.34,33.0,M,39.0,M,,*6E (pico_gnss pico-gnss-rs/src/main.rs:235)
20.248748 [INFO ] NMEA $GNGLL,0000.0000,N,00000.0000,E,190213.000,A,A*4E (pico_gnss pico-gnss-rs/src/main.rs:235)
20.310158 [INFO ] NMEA $GNGSA,A,3,18,26,31,16,,,,,,,,,3.45,3.34,0.89*13 (pico_gnss pico-gnss-rs/src/main.rs:235)
20.339766 [INFO ] NMEA $GNGSA,A,3,76,,,,,,,,,,,,3.45,3.34,0.89*1A (pico_gnss pico-gnss-rs/src/main.rs:235)
20.427104 [INFO ] NMEA $GPGSV,4,1,15,27,76,338,21,16,61,055,27,08,52,261,16,26,41,096,18*78 (pico_gnss pico-gnss-rs/src/main.rs:235)
20.485711 [INFO ] NMEA $GPGSV,4,2,15,31,23,155,22,07,21,317,,02,20,192,13,04,19,242,*78 (pico_gnss pico-gnss-rs/src/main.rs:235)
20.548444 [INFO ] NMEA $GPGSV,4,3,15,18,16,041,21,09,16,276,,23,05,079,18,10,02,111,18*77 (pico_gnss pico-gnss-rs/src/main.rs:235)
20.606675 [INFO ] NMEA $GPGSV,4,4,15,193,,,,194,,,,195,,,*47 (pico_gnss pico-gnss-rs/src/main.rs:235)
20.665236 [INFO ] NMEA $GLGSV,2,1,08,87,64,177,,76,63,064,20,77,43,333,,75,18,115,*6C (pico_gnss pico-gnss-rs/src/main.rs:235)
20.723817 [INFO ] NMEA $GLGSV,2,2,08,67,07,281,,68,05,327,,85,05,027,,88,03,203,*62 (pico_gnss pico-gnss-rs/src/main.rs:235)
20.815392 [INFO ] NMEA $GNRMC,190213.000,A,0000.0000,N,00000.0000,E,0.80,306.80,070626,,,A*79 (pico_gnss pico-gnss-rs/src/main.rs:235)
20.817584 [INFO ] SYNC pps_local_us=20078358 unix_s=1780858933 drift_us=2 (pico_gnss pico-gnss-rs/src/main.rs:251)
20.845071 [INFO ] NMEA $GPVTG,306.80,T,,M,0.80,N,1.48,K,A*35 (pico_gnss pico-gnss-rs/src/main.rs:235)
20.870253 [INFO ] NMEA $GPZDA,190213.000,07,06,2026,,*59 (pico_gnss pico-gnss-rs/src/main.rs:235)
21.034763 [INFO ] TIME unix_ns=1780858933955861498 ppb=2618 holdover_ms=955 locked=1 (pico_gnss pico-gnss-rs/src/main.rs:149)
21.078831 [INFO ] PPS count=23 interval_us=1000002 interval_ns=1000002592 state=Locked missed=0 (pico_gnss pico-gnss-rs/src/main.rs:131)
21.193250 [INFO ] NMEA $GPGGA,190214.000,0000.0000,N,00000.0000,E,1,5,3.34,33.0,M,39.0,M,,*6A (pico_gnss pico-gnss-rs/src/main.rs:235)
21.251559 [INFO ] NMEA $GNGLL,0000.0000,N,00000.0000,E,190214.000,A,A*4A (pico_gnss pico-gnss-rs/src/main.rs:235)
21.309880 [INFO ] NMEA $GNGSA,A,3,18,26,31,16,,,,,,,,,3.46,3.34,0.89*10 (pico_gnss pico-gnss-rs/src/main.rs:235)
21.350696 [INFO ] NMEA $GNGSA,A,3,76,,,,,,,,,,,,3.46,3.34,0.89*19 (pico_gnss pico-gnss-rs/src/main.rs:235)
21.409371 [INFO ] NMEA $GPGSV,4,1,15,27,76,338,21,16,61,055,27,08,52,261,16,26,41,096,19*79 (pico_gnss pico-gnss-rs/src/main.rs:235)
21.496729 [INFO ] NMEA $GPGSV,4,2,15,31,23,155,22,07,21,317,,02,20,192,,04,19,242,*7A (pico_gnss pico-gnss-rs/src/main.rs:235)
21.555347 [INFO ] NMEA $GPGSV,4,3,15,18,16,041,21,09,16,276,,23,05,079,18,10,02,111,18*77 (pico_gnss pico-gnss-rs/src/main.rs:235)
21.588877 [INFO ] NMEA $GPGSV,4,4,15,193,,,,194,,,,195,,,*47 (pico_gnss pico-gnss-rs/src/main.rs:235)
21.676274 [INFO ] NMEA $GLGSV,2,1,08,87,64,177,,76,63,064,20,77,43,333,,75,18,115,*6C (pico_gnss pico-gnss-rs/src/main.rs:235)
21.734809 [INFO ] NMEA $GLGSV,2,2,08,67,07,281,,68,05,327,,85,05,027,,88,03,203,*62 (pico_gnss pico-gnss-rs/src/main.rs:235)
21.793536 [INFO ] NMEA $GNRMC,190214.000,A,0000.0000,N,00000.0000,E,0.82,306.80,070626,,,A*7F (pico_gnss pico-gnss-rs/src/main.rs:235)
21.795722 [INFO ] SYNC pps_local_us=21078354 unix_s=1780858934 drift_us=2 (pico_gnss pico-gnss-rs/src/main.rs:251)
21.855817 [INFO ] NMEA $GPVTG,306.80,T,,M,0.82,N,1.52,K,A*3C (pico_gnss pico-gnss-rs/src/main.rs:235)
21.870752 [INFO ] NMEA $GPZDA,190214.000,07,06,2026,,*5E (pico_gnss pico-gnss-rs/src/main.rs:235)
22.036099 [INFO ] TIME unix_ns=1780858934957213495 ppb=2617 holdover_ms=957 locked=1 (pico_gnss pico-gnss-rs/src/main.rs:149)
22.078817 [INFO ] PPS count=24 interval_us=1000002 interval_ns=1000002592 state=Locked missed=0 (pico_gnss pico-gnss-rs/src/main.rs:131)
22.214502 [INFO ] NMEA $GPGGA,190215.000,0000.0000,N,00000.0000,E,1,5,3.34,33.0,M,39.0,M,,*6E (pico_gnss pico-gnss-rs/src/main.rs:235)
22.272810 [INFO ] NMEA $GNGLL,0000.0000,N,00000.0000,E,190215.000,A,A*4E (pico_gnss pico-gnss-rs/src/main.rs:235)
22.331163 [INFO ] NMEA $GNGSA,A,3,18,26,31,16,,,,,,,,,3.46,3.34,0.89*10 (pico_gnss pico-gnss-rs/src/main.rs:235)
22.360659 [INFO ] NMEA $GNGSA,A,3,76,,,,,,,,,,,,3.46,3.34,0.89*19 (pico_gnss pico-gnss-rs/src/main.rs:235)
22.440889 [INFO ] NMEA $GPGSV,4,1,15,27,76,338,21,16,61,055,27,08,52,261,16,26,41,096,19*79 (pico_gnss pico-gnss-rs/src/main.rs:235)
22.499507 [INFO ] NMEA $GPGSV,4,2,15,31,23,155,22,07,21,317,,02,20,192,,04,19,242,*7A (pico_gnss pico-gnss-rs/src/main.rs:235)
22.586905 [INFO ] NMEA $GPGSV,4,3,15,18,16,041,21,09,16,276,,23,05,079,18,10,02,111,18*77 (pico_gnss pico-gnss-rs/src/main.rs:235)
22.616400 [INFO ] NMEA $GPGSV,4,4,15,193,,,,194,,,,195,,,*47 (pico_gnss pico-gnss-rs/src/main.rs:235)
22.679016 [INFO ] NMEA $GLGSV,2,1,08,87,64,177,,76,63,064,20,77,43,333,,75,18,115,*6C (pico_gnss pico-gnss-rs/src/main.rs:235)
22.737544 [INFO ] NMEA $GLGSV,2,2,08,67,07,281,,68,05,327,,85,05,027,,88,03,203,*62 (pico_gnss pico-gnss-rs/src/main.rs:235)
22.825007 [INFO ] NMEA $GNRMC,190215.000,A,0000.0000,N,00000.0000,E,0.81,306.80,070626,,,A*78 (pico_gnss pico-gnss-rs/src/main.rs:235)
22.827183 [INFO ] SYNC pps_local_us=22078355 unix_s=1780858935 drift_us=2 (pico_gnss pico-gnss-rs/src/main.rs:251)
22.854696 [INFO ] NMEA $GPVTG,306.80,T,,M,0.81,N,1.50,K,A*3D (pico_gnss pico-gnss-rs/src/main.rs:235)
22.891910 [INFO ] NMEA $GPZDA,190215.000,07,06,2026,,*5F (pico_gnss pico-gnss-rs/src/main.rs:235)
23.037448 [INFO ] TIME unix_ns=1780858935958550493 ppb=2616 holdover_ms=958 locked=1 (pico_gnss pico-gnss-rs/src/main.rs:149)
23.078834 [INFO ] PPS count=25 interval_us=1000002 interval_ns=1000002592 state=Locked missed=0 (pico_gnss pico-gnss-rs/src/main.rs:131)
23.187126 [INFO ] NMEA $GPGGA,190216.000,0000.0000,N,00000.0000,E,1,5,3.34,33.0,M,39.0,M,,*6A (pico_gnss pico-gnss-rs/src/main.rs:235)
23.245446 [INFO ] NMEA $GNGLL,0000.0000,N,00000.0000,E,190216.000,A,A*4A (pico_gnss pico-gnss-rs/src/main.rs:235)
23.303811 [INFO ] NMEA $GNGSA,A,3,18,26,31,16,,,,,,,,,3.46,3.34,0.89*10 (pico_gnss pico-gnss-rs/src/main.rs:235)
23.333332 [INFO ] NMEA $GNGSA,A,3,76,,,,,,,,,,,,3.46,3.34,0.89*19 (pico_gnss pico-gnss-rs/src/main.rs:235)
23.423805 [INFO ] NMEA $GPGSV,4,1,15,27,76,338,21,16,61,055,26,08,52,261,16,26,41,096,19*78 (pico_gnss pico-gnss-rs/src/main.rs:235)
23.482377 [INFO ] NMEA $GPGSV,4,2,15,31,23,155,22,07,21,317,,02,20,192,,04,19,242,*7A (pico_gnss pico-gnss-rs/src/main.rs:235)
23.541035 [INFO ] NMEA $GPGSV,4,3,15,18,16,041,21,09,16,276,,23,05,079,18,10,02,111,19*76 (pico_gnss pico-gnss-rs/src/main.rs:235)
23.599204 [INFO ] NMEA $GPGSV,4,4,15,193,,,,194,,,,195,,,*47 (pico_gnss pico-gnss-rs/src/main.rs:235)
23.661892 [INFO ] NMEA $GLGSV,2,1,08,87,64,177,,76,63,064,21,77,43,333,,75,18,115,*6D (pico_gnss pico-gnss-rs/src/main.rs:235)
23.720473 [INFO ] NMEA $GLGSV,2,2,08,67,07,281,,68,05,327,,85,05,027,,88,03,203,*62 (pico_gnss pico-gnss-rs/src/main.rs:235)
23.807953 [INFO ] NMEA $GNRMC,190216.000,A,0000.0000,N,00000.0000,E,0.36,306.80,070626,,,A*70 (pico_gnss pico-gnss-rs/src/main.rs:235)
23.810138 [INFO ] SYNC pps_local_us=23078368 unix_s=1780858936 drift_us=2 (pico_gnss pico-gnss-rs/src/main.rs:251)
23.837649 [INFO ] NMEA $GPVTG,306.80,T,,M,0.36,N,0.66,K,A*35 (pico_gnss pico-gnss-rs/src/main.rs:235)
23.864894 [INFO ] NMEA $GPZDA,190216.000,07,06,2026,,*5C (pico_gnss pico-gnss-rs/src/main.rs:235)
24.038798 [INFO ] TIME unix_ns=1780858936959894490 ppb=2616 holdover_ms=959 locked=1 (pico_gnss pico-gnss-rs/src/main.rs:149)
24.078829 [INFO ] PPS count=26 interval_us=1000002 interval_ns=1000002592 state=Locked missed=0 (pico_gnss pico-gnss-rs/src/main.rs:131)
24.204472 [INFO ] NMEA $GPGGA,190217.000,0000.0000,N,00000.0000,E,1,5,3.34,33.0,M,39.0,M,,*6A (pico_gnss pico-gnss-rs/src/main.rs:235)
24.262834 [INFO ] NMEA $GNGLL,0000.0000,N,00000.0000,E,190217.000,A,A*4A (pico_gnss pico-gnss-rs/src/main.rs:235)
24.292500 [INFO ] NMEA $GNGSA,A,3,18,26,31,16,,,,,,,,,3.45,3.34,0.89*13 (pico_gnss pico-gnss-rs/src/main.rs:235)
24.350661 [INFO ] NMEA $GNGSA,A,3,76,,,,,,,,,,,,3.45,3.34,0.89*1A (pico_gnss pico-gnss-rs/src/main.rs:235)
24.409355 [INFO ] NMEA $GPGSV,4,1,15,27,76,338,21,16,61,055,26,08,52,261,16,26,41,096,19*78 (pico_gnss pico-gnss-rs/src/main.rs:235)
24.500796 [INFO ] NMEA $GPGSV,4,2,15,31,23,155,23,07,21,317,,02,20,192,,04,19,242,*7B (pico_gnss pico-gnss-rs/src/main.rs:235)
24.559524 [INFO ] NMEA $GPGSV,4,3,15,18,16,041,21,09,16,276,,23,05,079,18,10,02,111,18*77 (pico_gnss pico-gnss-rs/src/main.rs:235)
24.588974 [INFO ] NMEA $GPGSV,4,4,15,193,,,,194,,,,195,,,*47 (pico_gnss pico-gnss-rs/src/main.rs:235)
24.676276 [INFO ] NMEA $GLGSV,2,1,08,87,64,177,,76,63,064,21,77,43,333,,75,18,115,*6D (pico_gnss pico-gnss-rs/src/main.rs:235)
24.738912 [INFO ] NMEA $GLGSV,2,2,08,67,07,281,,68,05,327,,85,05,027,,88,03,203,*62 (pico_gnss pico-gnss-rs/src/main.rs:235)
24.797652 [INFO ] NMEA $GNRMC,190217.000,A,0000.0000,N,00000.0000,E,0.95,306.80,070626,,,A*79 (pico_gnss pico-gnss-rs/src/main.rs:235)
24.799840 [INFO ] SYNC pps_local_us=24078369 unix_s=1780858937 drift_us=2 (pico_gnss pico-gnss-rs/src/main.rs:251)
24.855866 [INFO ] NMEA $GPVTG,306.80,T,,M,0.95,N,1.76,K,A*3C (pico_gnss pico-gnss-rs/src/main.rs:235)
24.872870 [INFO ] NMEA $GPZDA,190217.000,07,06,2026,,*5D (pico_gnss pico-gnss-rs/src/main.rs:235)
25.040164 [INFO ] TIME unix_ns=1780858937961234487 ppb=2615 holdover_ms=961 locked=1 (pico_gnss pico-gnss-rs/src/main.rs:149)
25.078844 [INFO ] PPS count=27 interval_us=1000002 interval_ns=1000002608 state=Locked missed=0 (pico_gnss pico-gnss-rs/src/main.rs:131)
25.195200 [INFO ] NMEA $GPGGA,190218.000,0000.0000,N,00000.0000,E,1,5,3.34,33.0,M,39.0,M,,*6F (pico_gnss pico-gnss-rs/src/main.rs:235)
25.244302 [INFO ] NMEA $GNGLL,0000.0000,N,00000.0000,E,190218.000,A,A*4F (pico_gnss pico-gnss-rs/src/main.rs:235)
25.302615 [INFO ] NMEA $GNGSA,A,3,18,26,31,16,,,,,,,,,3.45,3.34,0.89*13 (pico_gnss pico-gnss-rs/src/main.rs:235)
25.360899 [INFO ] NMEA $GNGSA,A,3,76,,,,,,,,,,,,3.45,3.34,0.89*1A (pico_gnss pico-gnss-rs/src/main.rs:235)
25.419569 [INFO ] NMEA $GPGSV,4,1,15,27,76,338,21,16,61,055,26,08,52,261,17,26,41,096,19*79 (pico_gnss pico-gnss-rs/src/main.rs:235)
25.482237 [INFO ] NMEA $GPGSV,4,2,15,31,23,155,23,07,21,317,,02,20,192,,04,19,242,*7B (pico_gnss pico-gnss-rs/src/main.rs:235)
25.569757 [INFO ] NMEA $GPGSV,4,3,15,18,16,041,21,09,16,276,,23,05,079,18,10,02,111,18*77 (pico_gnss pico-gnss-rs/src/main.rs:235)
25.599274 [INFO ] NMEA $GPGSV,4,4,15,193,,,,194,,,,195,,,*47 (pico_gnss pico-gnss-rs/src/main.rs:235)
25.657738 [INFO ] NMEA $GLGSV,2,1,08,87,64,177,,76,63,064,21,77,43,333,,75,18,115,*6D (pico_gnss pico-gnss-rs/src/main.rs:235)
25.716310 [INFO ] NMEA $GLGSV,2,2,08,67,07,281,,68,05,327,,85,05,027,,88,03,203,*62 (pico_gnss pico-gnss-rs/src/main.rs:235)
25.807899 [INFO ] NMEA $GNRMC,190218.000,A,0000.0000,N,00000.0000,E,1.25,306.80,070626,,,A*76 (pico_gnss pico-gnss-rs/src/main.rs:235)
25.810076 [INFO ] SYNC pps_local_us=25078371 unix_s=1780858938 drift_us=2 (pico_gnss pico-gnss-rs/src/main.rs:251)
25.837576 [INFO ] NMEA $GPVTG,306.80,T,,M,1.25,N,2.32,K,A*35 (pico_gnss pico-gnss-rs/src/main.rs:235)
25.872611 [INFO ] NMEA $GPZDA,190218.000,07,06,2026,,*52 (pico_gnss pico-gnss-rs/src/main.rs:235)
26.041507 [INFO ] TIME unix_ns=1780858938962598484 ppb=2615 holdover_ms=962 locked=1 (pico_gnss pico-gnss-rs/src/main.rs:149)
26.078832 [INFO ] PPS count=28 interval_us=1000002 interval_ns=1000002576 state=Locked missed=0 (pico_gnss pico-gnss-rs/src/main.rs:131)
26.199162 [INFO ] NMEA $GPGGA,190219.000,0000.0000,N,00000.0000,E,1,5,3.34,33.1,M,39.0,M,,*64 (pico_gnss pico-gnss-rs/src/main.rs:235)
26.258563 [INFO ] NMEA $GNGLL,0000.0000,N,00000.0000,E,190219.000,A,A*45 (pico_gnss pico-gnss-rs/src/main.rs:235)
26.316937 [INFO ] NMEA $GNGSA,A,3,18,26,31,16,,,,,,,,,3.46,3.34,0.89*10 (pico_gnss pico-gnss-rs/src/main.rs:235)
26.346466 [INFO ] NMEA $GNGSA,A,3,76,,,,,,,,,,,,3.46,3.34,0.89*19 (pico_gnss pico-gnss-rs/src/main.rs:235)
26.433856 [INFO ] NMEA $GPGSV,4,1,15,27,76,338,21,16,61,055,26,08,52,261,17,26,41,096,19*79 (pico_gnss pico-gnss-rs/src/main.rs:235)
26.492437 [INFO ] NMEA $GPGSV,4,2,15,31,23,155,23,07,21,317,,02,20,192,,04,19,242,*7B (pico_gnss pico-gnss-rs/src/main.rs:235)
26.555191 [INFO ] NMEA $GPGSV,4,3,15,18,16,041,21,09,16,276,,23,05,079,18,10,02,111,18*77 (pico_gnss pico-gnss-rs/src/main.rs:235)
26.613426 [INFO ] NMEA $GPGSV,4,4,15,193,,,,194,,,,195,,,*47 (pico_gnss pico-gnss-rs/src/main.rs:235)
26.671982 [INFO ] NMEA $GLGSV,2,1,08,87,64,177,,76,63,064,21,77,43,333,,75,18,115,*6D (pico_gnss pico-gnss-rs/src/main.rs:235)
26.730549 [INFO ] NMEA $GLGSV,2,2,08,67,07,281,,68,05,327,,85,05,027,,88,03,203,*62 (pico_gnss pico-gnss-rs/src/main.rs:235)
26.822126 [INFO ] NMEA $GNRMC,190219.000,A,0000.0000,N,00000.0000,E,0.93,306.80,070626,,,A*70 (pico_gnss pico-gnss-rs/src/main.rs:235)
26.824313 [INFO ] SYNC pps_local_us=26078377 unix_s=1780858939 drift_us=2 (pico_gnss pico-gnss-rs/src/main.rs:251)
26.851792 [INFO ] NMEA $GPVTG,306.80,T,,M,0.93,N,1.72,K,A*3E (pico_gnss pico-gnss-rs/src/main.rs:235)
26.876967 [INFO ] NMEA $GPZDA,190219.000,07,06,2026,,*53 (pico_gnss pico-gnss-rs/src/main.rs:235)
27.042854 [INFO ] TIME unix_ns=1780858939963939481 ppb=2613 holdover_ms=963 locked=1 (pico_gnss pico-gnss-rs/src/main.rs:149)
27.078836 [INFO ] PPS count=29 interval_us=1000002 interval_ns=1000002608 state=Locked missed=0 (pico_gnss pico-gnss-rs/src/main.rs:131)
27.191206 [INFO ] NMEA $GPGGA,190220.000,0000.0000,N,00000.0000,E,1,5,3.34,33.1,M,39.0,M,,*61 (pico_gnss pico-gnss-rs/src/main.rs:235)
27.249524 [INFO ] NMEA $GNGLL,0000.0000,N,00000.0000,E,190220.000,A,A*40 (pico_gnss pico-gnss-rs/src/main.rs:235)
27.290415 [INFO ] NMEA $GNGSA,A,3,18,26,31,16,,,,,,,,,3.46,3.34,0.89*10 (pico_gnss pico-gnss-rs/src/main.rs:235)
27.348665 [INFO ] NMEA $GNGSA,A,3,76,,,,,,,,,,,,3.46,3.34,0.89*19 (pico_gnss pico-gnss-rs/src/main.rs:235)
27.407351 [INFO ] NMEA $GPGSV,4,1,15,27,76,338,21,16,61,055,26,08,52,261,15,26,41,096,19*7B (pico_gnss pico-gnss-rs/src/main.rs:235)
27.494707 [INFO ] NMEA $GPGSV,4,2,15,31,23,155,23,07,21,317,,02,20,192,,04,19,242,*7B (pico_gnss pico-gnss-rs/src/main.rs:235)
27.557457 [INFO ] NMEA $GPGSV,4,3,15,18,16,041,21,09,16,276,,23,05,079,18,10,02,111,18*77 (pico_gnss pico-gnss-rs/src/main.rs:235)
27.586911 [INFO ] NMEA $GPGSV,4,4,15,193,,,,194,,,,195,,,*47 (pico_gnss pico-gnss-rs/src/main.rs:235)
27.674233 [INFO ] NMEA $GLGSV,2,1,08,87,64,177,,76,63,064,21,77,43,333,,75,18,115,*6D (pico_gnss pico-gnss-rs/src/main.rs:235)
27.732761 [INFO ] NMEA $GLGSV,2,2,08,67,07,281,,68,05,327,,85,05,027,,88,03,203,*62 (pico_gnss pico-gnss-rs/src/main.rs:235)
27.791493 [INFO ] NMEA $GNRMC,190220.000,A,0000.0000,N,00000.0000,E,0.39,306.80,070626,,,A*75 (pico_gnss pico-gnss-rs/src/main.rs:235)
27.793695 [INFO ] SYNC pps_local_us=27078387 unix_s=1780858940 drift_us=2 (pico_gnss pico-gnss-rs/src/main.rs:251)
27.853777 [INFO ] NMEA $GPVTG,306.80,T,,M,0.39,N,0.72,K,A*3F (pico_gnss pico-gnss-rs/src/main.rs:235)
27.868847 [INFO ] NMEA $GPZDA,190220.000,07,06,2026,,*59 (pico_gnss pico-gnss-rs/src/main.rs:235)
28.044189 [INFO ] TIME unix_ns=1780858940965262478 ppb=2613 holdover_ms=965 locked=1 (pico_gnss pico-gnss-rs/src/main.rs:149)
28.078834 [INFO ] PPS count=30 interval_us=1000002 interval_ns=1000002592 state=Locked missed=0 (pico_gnss pico-gnss-rs/src/main.rs:131)
28.193451 [INFO ] NMEA $GPGGA,190221.000,0000.0000,N,00000.0000,E,1,5,3.34,33.0,M,39.0,M,,*66 (pico_gnss pico-gnss-rs/src/main.rs:235)
28.251740 [INFO ] NMEA $GNGLL,0000.0000,N,00000.0000,E,190221.000,A,A*46 (pico_gnss pico-gnss-rs/src/main.rs:235)
28.310091 [INFO ] NMEA $GNGSA,A,3,18,26,31,16,,,,,,,,,3.46,3.34,0.89*10 (pico_gnss pico-gnss-rs/src/main.rs:235)
28.332456 [INFO ] NMEA $GNGSA,A,3,76,,,,,,,,,,,,3.46,3.34,0.89*19 (pico_gnss pico-gnss-rs/src/main.rs:235)
28.419819 [INFO ] NMEA $GPGSV,4,1,15,27,76,338,21,16,61,055,26,08,52,261,15,26,41,096,19*7B (pico_gnss pico-gnss-rs/src/main.rs:235)
28.478432 [INFO ] NMEA $GPGSV,4,2,15,31,23,155,24,07,21,317,,02,20,192,,04,19,242,*7C (pico_gnss pico-gnss-rs/src/main.rs:235)
28.565839 [INFO ] NMEA $GPGSV,4,3,15,18,16,041,21,09,16,276,,23,05,079,18,10,02,111,18*77 (pico_gnss pico-gnss-rs/src/main.rs:235)
28.599366 [INFO ] NMEA $GPGSV,4,4,15,193,,,,194,,,,195,,,*47 (pico_gnss pico-gnss-rs/src/main.rs:235)
28.657975 [INFO ] NMEA $GLGSV,2,1,08,87,64,177,,76,63,064,20,77,43,333,,75,18,115,*6C (pico_gnss pico-gnss-rs/src/main.rs:235)
28.716505 [INFO ] NMEA $GLGSV,2,2,08,67,07,281,,68,05,327,,85,05,027,,88,03,203,*62 (pico_gnss pico-gnss-rs/src/main.rs:235)
28.803965 [INFO ] NMEA $GNRMC,190221.000,A,0000.0000,N,00000.0000,E,0.72,306.80,070626,,,A*7C (pico_gnss pico-gnss-rs/src/main.rs:235)
28.806160 [INFO ] SYNC pps_local_us=28078372 unix_s=1780858941 drift_us=2 (pico_gnss pico-gnss-rs/src/main.rs:251)
28.833651 [INFO ] NMEA $GPVTG,306.80,T,,M,0.72,N,1.33,K,A*34 (pico_gnss pico-gnss-rs/src/main.rs:235)
28.866832 [INFO ] NMEA $GPZDA,190221.000,07,06,2026,,*58 (pico_gnss pico-gnss-rs/src/main.rs:235)
29.045548 [INFO ] TIME unix_ns=1780858941966607475 ppb=2613 holdover_ms=966 locked=1 (pico_gnss pico-gnss-rs/src/main.rs:149)
29.078837 [INFO ] PPS count=31 interval_us=1000002 interval_ns=1000002592 state=Locked missed=0 (pico_gnss pico-gnss-rs/src/main.rs:131)
29.190379 [INFO ] NMEA $GPGGA,190222.000,0000.0000,N,00000.0000,E,1,5,3.34,33.0,M,39.0,M,,*65 (pico_gnss pico-gnss-rs/src/main.rs:235)
29.248702 [INFO ] NMEA $GNGLL,0000.0000,N,00000.0000,E,190222.000,A,A*45 (pico_gnss pico-gnss-rs/src/main.rs:235)
29.307060 [INFO ] NMEA $GNGSA,A,3,18,26,31,16,,,,,,,,,3.46,3.34,0.89*10 (pico_gnss pico-gnss-rs/src/main.rs:235)
29.336603 [INFO ] NMEA $GNGSA,A,3,76,,,,,,,,,,,,3.46,3.34,0.89*19 (pico_gnss pico-gnss-rs/src/main.rs:235)
29.427065 [INFO ] NMEA $GPGSV,4,1,15,27,76,338,21,16,61,055,26,08,52,261,15,26,41,096,19*7B (pico_gnss pico-gnss-rs/src/main.rs:235)
29.485670 [INFO ] NMEA $GPGSV,4,2,15,31,23,155,24,07,21,317,,02,20,192,,04,19,242,*7C (pico_gnss pico-gnss-rs/src/main.rs:235)
29.544313 [INFO ] NMEA $GPGSV,4,3,15,18,16,041,22,09,16,276,,23,05,079,18,10,02,111,18*74 (pico_gnss pico-gnss-rs/src/main.rs:235)
29.602475 [INFO ] NMEA $GPGSV,4,4,15,193,,,,194,,,,195,,,*47 (pico_gnss pico-gnss-rs/src/main.rs:235)
29.665171 [INFO ] NMEA $GLGSV,2,1,08,87,64,177,,76,63,064,19,77,43,333,,75,18,115,*66 (pico_gnss pico-gnss-rs/src/main.rs:235)
29.723749 [INFO ] NMEA $GLGSV,2,2,08,67,07,281,,68,05,327,,85,05,027,,88,03,203,*62 (pico_gnss pico-gnss-rs/src/main.rs:235)
29.811209 [INFO ] NMEA $GNRMC,190222.000,A,0000.0000,N,00000.0000,E,0.14,306.80,070626,,,A*7F (pico_gnss pico-gnss-rs/src/main.rs:235)
29.813404 [INFO ] SYNC pps_local_us=29078370 unix_s=1780858942 drift_us=2 (pico_gnss pico-gnss-rs/src/main.rs:251)
29.840911 [INFO ] NMEA $GPVTG,306.80,T,,M,0.14,N,0.25,K,A*32 (pico_gnss pico-gnss-rs/src/main.rs:235)
29.868164 [INFO ] NMEA $GPZDA,190222.000,07,06,2026,,*5B (pico_gnss pico-gnss-rs/src/main.rs:235)
30.046903 [INFO ] TIME unix_ns=1780858942967993472 ppb=2612 holdover_ms=967 locked=1 (pico_gnss pico-gnss-rs/src/main.rs:149)
30.078860 [INFO ] PPS count=32 interval_us=1000002 interval_ns=1000002592 state=Locked missed=0 (pico_gnss pico-gnss-rs/src/main.rs:131)
30.198664 [INFO ] NMEA $GPGGA,190223.000,0000.0000,N,00000.0000,E,1,5,3.34,33.0,M,39.0,M,,*6C (pico_gnss pico-gnss-rs/src/main.rs:235)
30.257003 [INFO ] NMEA $GNGLL,0000.0000,N,00000.0000,E,190223.000,A,A*4C (pico_gnss pico-gnss-rs/src/main.rs:235)
30.286683 [INFO ] NMEA $GNGSA,A,3,18,26,31,16,,,,,,,,,3.46,3.34,0.89*10 (pico_gnss pico-gnss-rs/src/main.rs:235)
30.344841 [INFO ] NMEA $GNGSA,A,3,76,,,,,,,,,,,,3.46,3.34,0.89*19 (pico_gnss pico-gnss-rs/src/main.rs:235)
30.407635 [INFO ] NMEA $GPGSV,4,1,15,27,76,338,21,16,61,055,26,08,52,261,15,26,41,096,19*7B (pico_gnss pico-gnss-rs/src/main.rs:235)
30.494971 [INFO ] NMEA $GPGSV,4,2,15,31,23,155,24,07,21,317,,02,20,192,,04,19,242,*7C (pico_gnss pico-gnss-rs/src/main.rs:235)
30.553658 [INFO ] NMEA $GPGSV,4,3,15,18,16,041,22,09,16,276,,23,05,079,18,10,02,111,17*7B (pico_gnss pico-gnss-rs/src/main.rs:235)
30.583089 [INFO ] NMEA $GPGSV,4,4,15,193,,,,194,,,,195,,,*47 (pico_gnss pico-gnss-rs/src/main.rs:235)
30.670332 [INFO ] NMEA $GLGSV,2,1,08,87,64,177,,76,63,064,19,77,43,333,,75,18,115,*66 (pico_gnss pico-gnss-rs/src/main.rs:235)
30.733055 [INFO ] NMEA $GLGSV,2,2,08,67,07,281,,68,05,327,,85,05,027,,88,03,203,*62 (pico_gnss pico-gnss-rs/src/main.rs:235)
30.791801 [INFO ] NMEA $GNRMC,190223.000,A,0000.0000,N,00000.0000,E,0.97,230.34,070626,,,A*76 (pico_gnss pico-gnss-rs/src/main.rs:235)
30.793980 [INFO ] SYNC pps_local_us=30078396 unix_s=1780858943 drift_us=2 (pico_gnss pico-gnss-rs/src/main.rs:251)
30.850014 [INFO ] NMEA $GPVTG,230.34,T,,M,0.97,N,1.80,K,A*3C (pico_gnss pico-gnss-rs/src/main.rs:235)
30.867013 [INFO ] NMEA $GPZDA,190223.000,07,06,2026,,*5A (pico_gnss pico-gnss-rs/src/main.rs:235)
31.048259 [INFO ] TIME unix_ns=1780858943969318469 ppb=2611 holdover_ms=969 locked=1 (pico_gnss pico-gnss-rs/src/main.rs:149)
31.078866 [INFO ] PPS count=33 interval_us=1000002 interval_ns=1000002608 state=Locked missed=0 (pico_gnss pico-gnss-rs/src/main.rs:131)
31.177031 [INFO ] NMEA $GPGGA,190224.000,0000.0000,N,00000.0000,E,1,5,3.34,33.0,M,39.0,M,,*66 (pico_gnss pico-gnss-rs/src/main.rs:235)
31.235386 [INFO ] NMEA $GNGLL,0000.0000,N,00000.0000,E,190224.000,A,A*46 (pico_gnss pico-gnss-rs/src/main.rs:235)
31.293720 [INFO ] NMEA $GNGSA,A,3,18,26,31,16,,,,,,,,,3.46,3.34,0.89*10 (pico_gnss pico-gnss-rs/src/main.rs:235)
31.351976 [INFO ] NMEA $GNGSA,A,3,76,,,,,,,,,,,,3.46,3.34,0.89*19 (pico_gnss pico-gnss-rs/src/main.rs:235)
31.410662 [INFO ] NMEA $GPGSV,4,1,15,27,76,338,21,16,61,055,27,08,52,261,15,26,41,096,19*7A (pico_gnss pico-gnss-rs/src/main.rs:235)
31.473339 [INFO ] NMEA $GPGSV,4,2,15,31,23,155,24,07,21,317,,02,20,192,,04,19,242,*7C (pico_gnss pico-gnss-rs/src/main.rs:235)
31.560786 [INFO ] NMEA $GPGSV,4,3,15,18,16,041,22,09,16,276,,23,05,079,18,10,02,111,17*7B (pico_gnss pico-gnss-rs/src/main.rs:235)
31.590264 [INFO ] NMEA $GPGSV,4,4,15,193,,,,194,,,,195,,,*47 (pico_gnss pico-gnss-rs/src/main.rs:235)
31.648756 [INFO ] NMEA $GLGSV,2,1,08,87,64,177,,76,63,064,19,77,43,333,,75,18,115,*66 (pico_gnss pico-gnss-rs/src/main.rs:235)
31.711410 [INFO ] NMEA $GLGSV,2,2,08,67,07,281,,68,05,327,,85,05,027,,88,03,203,*62 (pico_gnss pico-gnss-rs/src/main.rs:235)
31.798899 [INFO ] NMEA $GNRMC,190224.000,A,0000.0000,N,00000.0000,E,0.90,261.04,070626,,,A*7C (pico_gnss pico-gnss-rs/src/main.rs:235)
31.801085 [INFO ] SYNC pps_local_us=31078397 unix_s=1780858944 drift_us=2 (pico_gnss pico-gnss-rs/src/main.rs:251)
31.828558 [INFO ] NMEA $GPVTG,261.04,T,,M,0.90,N,1.67,K,A*35 (pico_gnss pico-gnss-rs/src/main.rs:235)
31.863602 [INFO ] NMEA $GPZDA,190224.000,07,06,2026,,*5D (pico_gnss pico-gnss-rs/src/main.rs:235)
32.049606 [INFO ] TIME unix_ns=1780858944970668466 ppb=2611 holdover_ms=970 locked=1 (pico_gnss pico-gnss-rs/src/main.rs:149)
32.078878 [INFO ] PPS count=34 interval_us=1000002 interval_ns=1000002592 state=Locked missed=0 (pico_gnss pico-gnss-rs/src/main.rs:131)
32.191190 [INFO ] NMEA $GPGGA,190225.000,0000.0000,N,00000.0000,E,1,5,3.34,33.0,M,39.0,M,,*60 (pico_gnss pico-gnss-rs/src/main.rs:235)
32.250523 [INFO ] NMEA $GNGLL,0000.0000,N,00000.0000,E,190225.000,A,A*40 (pico_gnss pico-gnss-rs/src/main.rs:235)
32.308886 [INFO ] NMEA $GNGSA,A,3,18,26,31,16,,,,,,,,,3.46,3.34,0.89*10 (pico_gnss pico-gnss-rs/src/main.rs:235)
32.338459 [INFO ] NMEA $GNGSA,A,3,76,,,,,,,,,,,,3.46,3.34,0.89*19 (pico_gnss pico-gnss-rs/src/main.rs:235)
32.425832 [INFO ] NMEA $GPGSV,4,1,15,27,76,338,21,16,61,055,27,08,52,261,15,26,41,096,19*7A (pico_gnss pico-gnss-rs/src/main.rs:235)
32.488523 [INFO ] NMEA $GPGSV,4,2,15,31,23,155,24,07,21,317,,02,20,192,,04,19,242,*7C (pico_gnss pico-gnss-rs/src/main.rs:235)
32.547138 [INFO ] NMEA $GPGSV,4,3,15,18,16,041,22,09,16,276,,23,05,079,18,10,02,111,19*75 (pico_gnss pico-gnss-rs/src/main.rs:235)
32.605352 [INFO ] NMEA $GPGSV,4,4,15,193,,,,194,,,,195,,,*47 (pico_gnss pico-gnss-rs/src/main.rs:235)
32.663925 [INFO ] NMEA $GLGSV,2,1,08,87,64,177,,76,63,064,19,77,43,333,,75,18,115,*66 (pico_gnss pico-gnss-rs/src/main.rs:235)
32.722490 [INFO ] NMEA $GLGSV,2,2,08,67,07,281,,68,05,327,,85,05,027,,88,03,203,*62 (pico_gnss pico-gnss-rs/src/main.rs:235)
32.814067 [INFO ] NMEA $GNRMC,190225.000,A,0000.0000,N,00000.0000,E,0.53,261.04,070626,,,A*75 (pico_gnss pico-gnss-rs/src/main.rs:235)
32.816265 [INFO ] SYNC pps_local_us=32078401 unix_s=1780858945 drift_us=2 (pico_gnss pico-gnss-rs/src/main.rs:251)
32.843754 [INFO ] NMEA $GPVTG,261.04,T,,M,0.53,N,0.98,K,A*3B (pico_gnss pico-gnss-rs/src/main.rs:235)
32.868925 [INFO ] NMEA $GPZDA,190225.000,07,06,2026,,*5C (pico_gnss pico-gnss-rs/src/main.rs:235)
33.050938 [INFO ] TIME unix_ns=1780858945972007463 ppb=2611 holdover_ms=972 locked=1 (pico_gnss pico-gnss-rs/src/main.rs:149)
33.078862 [INFO ] PPS count=35 interval_us=1000002 interval_ns=1000002608 state=Locked missed=0 (pico_gnss pico-gnss-rs/src/main.rs:131)
33.204212 [INFO ] NMEA $GPGGA,190226.000,0000.0000,N,00000.0000,E,1,5,3.34,33.0,M,39.0,M,,*67 (pico_gnss pico-gnss-rs/src/main.rs:235)
33.262470 [INFO ] NMEA $GNGLL,0000.0000,N,00000.0000,E,190226.000,A,A*47 (pico_gnss pico-gnss-rs/src/main.rs:235)
33.303415 [INFO ] NMEA $GNGSA,A,3,18,26,31,16,,,,,,,,,3.46,3.34,0.89*10 (pico_gnss pico-gnss-rs/src/main.rs:235)
33.361646 [INFO ] NMEA $GNGSA,A,3,76,,,,,,,,,,,,3.46,3.34,0.89*19 (pico_gnss pico-gnss-rs/src/main.rs:235)
33.420372 [INFO ] NMEA $GPGSV,4,1,15,27,76,338,21,16,61,055,27,08,52,261,15,26,41,096,19*7A (pico_gnss pico-gnss-rs/src/main.rs:235)
33.507712 [INFO ] NMEA $GPGSV,4,2,15,31,23,155,24,07,21,317,,02,20,192,,04,19,242,*7C (pico_gnss pico-gnss-rs/src/main.rs:235)
33.570465 [INFO ] NMEA $GPGSV,4,3,15,18,16,041,22,09,16,276,,23,05,079,18,10,02,111,19*75 (pico_gnss pico-gnss-rs/src/main.rs:235)
33.599951 [INFO ] NMEA $GPGSV,4,4,15,193,,,,194,,,,195,,,*47 (pico_gnss pico-gnss-rs/src/main.rs:235)
33.687228 [INFO ] NMEA $GLGSV,2,1,08,87,64,177,,76,63,064,19,77,43,333,,75,18,115,*66 (pico_gnss pico-gnss-rs/src/main.rs:235)
33.745776 [INFO ] NMEA $GLGSV,2,2,08,67,07,281,,68,05,327,,85,05,027,,88,03,203,*62 (pico_gnss pico-gnss-rs/src/main.rs:235)
33.808599 [INFO ] NMEA $GNRMC,190226.000,A,0000.0000,N,00000.0000,E,0.31,261.04,070626,,,A*76 (pico_gnss pico-gnss-rs/src/main.rs:235)
33.810792 [INFO ] SYNC pps_local_us=33078395 unix_s=1780858946 drift_us=2 (pico_gnss pico-gnss-rs/src/main.rs:251)
33.866809 [INFO ] NMEA $GPVTG,261.04,T,,M,0.31,N,0.57,K,A*3C (pico_gnss pico-gnss-rs/src/main.rs:235)
33.881745 [INFO ] NMEA $GPZDA,190226.000,07,06,2026,,*5F (pico_gnss pico-gnss-rs/src/main.rs:235)
34.052298 [INFO ] TIME unix_ns=1780858946973348460 ppb=2611 holdover_ms=973 locked=1 (pico_gnss pico-gnss-rs/src/main.rs:149)
34.078845 [INFO ] PPS count=36 interval_us=1000002 interval_ns=1000002592 state=Locked missed=0 (pico_gnss pico-gnss-rs/src/main.rs:131)
34.195359 [INFO ] NMEA $GPGGA,190227.000,0000.0000,N,00000.0000,E,1,5,3.34,33.0,M,39.0,M,,*6B (pico_gnss pico-gnss-rs/src/main.rs:235)
34.253649 [INFO ] NMEA $GNGLL,0000.0000,N,00000.0000,E,190227.000,A,A*4B (pico_gnss pico-gnss-rs/src/main.rs:235)
34.304828 [INFO ] NMEA $GNGSA,A,3,18,26,31,16,,,,,,,,,3.46,3.34,0.89*10 (pico_gnss pico-gnss-rs/src/main.rs:235)
34.334387 [INFO ] NMEA $GNGSA,A,3,76,,,,,,,,,,,,3.46,3.34,0.89*19 (pico_gnss pico-gnss-rs/src/main.rs:235)
34.421742 [INFO ] NMEA $GPGSV,4,1,15,27,76,338,21,16,61,055,27,08,52,261,15,26,41,096,19*7A (pico_gnss pico-gnss-rs/src/main.rs:235)
34.480420 [INFO ] NMEA $GPGSV,4,2,15,31,23,155,24,07,21,317,,02,20,192,,04,19,242,*7C (pico_gnss pico-gnss-rs/src/main.rs:235)
34.571923 [INFO ] NMEA $GPGSV,4,3,15,18,16,041,22,09,16,276,,23,05,079,18,10,02,111,19*75 (pico_gnss pico-gnss-rs/src/main.rs:235)
34.601435 [INFO ] NMEA $GPGSV,4,4,15,193,,,,194,,,,195,,,*47 (pico_gnss pico-gnss-rs/src/main.rs:235)
34.659987 [INFO ] NMEA $GLGSV,2,1,08,87,64,177,,76,63,064,19,77,43,333,,75,18,115,*66 (pico_gnss pico-gnss-rs/src/main.rs:235)
34.718485 [INFO ] NMEA $GLGSV,2,2,08,67,07,281,,68,05,327,,85,05,027,,88,03,203,*62 (pico_gnss pico-gnss-rs/src/main.rs:235)
34.805973 [INFO ] NMEA $GNRMC,190227.000,A,0000.0000,N,00000.0000,E,0.61,271.82,070626,,,A*70 (pico_gnss pico-gnss-rs/src/main.rs:235)
34.808155 [INFO ] SYNC pps_local_us=34078389 unix_s=1780858947 drift_us=2 (pico_gnss pico-gnss-rs/src/main.rs:251)
34.839567 [INFO ] NMEA $GPVTG,271.82,T,,M,0.61,N,1.12,K,A*36 (pico_gnss pico-gnss-rs/src/main.rs:235)
34.868935 [INFO ] NMEA $GPZDA,190227.000,07,06,2026,,*5E (pico_gnss pico-gnss-rs/src/main.rs:235)
35.053646 [INFO ] TIME unix_ns=1780858947974691457 ppb=2610 holdover_ms=974 locked=1 (pico_gnss pico-gnss-rs/src/main.rs:149)
35.078853 [INFO ] PPS count=37 interval_us=1000002 interval_ns=1000002608 state=Locked missed=0 (pico_gnss pico-gnss-rs/src/main.rs:131)
35.189112 [INFO ] NMEA $GPGGA,190228.000,0000.0000,N,00000.0000,E,1,5,3.34,32.9,M,39.0,M,,*6C (pico_gnss pico-gnss-rs/src/main.rs:235)
35.247432 [INFO ] NMEA $GNGLL,0000.0000,N,00000.0000,E,190228.000,A,A*44 (pico_gnss pico-gnss-rs/src/main.rs:235)
35.305840 [INFO ] NMEA $GNGSA,A,3,18,26,31,16,,,,,,,,,3.46,3.34,0.89*10 (pico_gnss pico-gnss-rs/src/main.rs:235)
35.338390 [INFO ] NMEA $GNGSA,A,3,76,,,,,,,,,,,,3.46,3.34,0.89*19 (pico_gnss pico-gnss-rs/src/main.rs:235)
35.425829 [INFO ] NMEA $GPGSV,4,1,15,27,76,338,21,16,61,055,27,08,52,261,15,26,41,096,19*7A (pico_gnss pico-gnss-rs/src/main.rs:235)
35.484406 [INFO ] NMEA $GPGSV,4,2,15,31,23,155,24,07,21,317,,02,20,192,,04,19,242,*7C (pico_gnss pico-gnss-rs/src/main.rs:235)
35.543061 [INFO ] NMEA $GPGSV,4,3,15,18,16,041,22,09,16,276,,23,05,079,18,10,02,111,19*75 (pico_gnss pico-gnss-rs/src/main.rs:235)
35.605377 [INFO ] NMEA $GPGSV,4,4,15,193,,,,194,,,,195,,,*47 (pico_gnss pico-gnss-rs/src/main.rs:235)
35.663952 [INFO ] NMEA $GLGSV,2,1,08,87,64,177,,76,63,064,19,77,43,333,,75,18,115,*66 (pico_gnss pico-gnss-rs/src/main.rs:235)
35.722533 [INFO ] NMEA $GLGSV,2,2,08,67,07,281,,68,05,327,,85,05,027,,88,03,203,*62 (pico_gnss pico-gnss-rs/src/main.rs:235)
35.809978 [INFO ] NMEA $GNRMC,190228.000,A,0000.0000,N,00000.0000,E,0.34,271.82,070626,,,A*7F (pico_gnss pico-gnss-rs/src/main.rs:235)
35.812154 [INFO ] SYNC pps_local_us=35078387 unix_s=1780858948 drift_us=2 (pico_gnss pico-gnss-rs/src/main.rs:251)
35.839680 [INFO ] NMEA $GPVTG,271.82,T,,M,0.34,N,0.62,K,A*30 (pico_gnss pico-gnss-rs/src/main.rs:235)
35.867160 [INFO ] NMEA $GPZDA,190228.000,07,06,2026,,*51 (pico_gnss pico-gnss-rs/src/main.rs:235)
36.055006 [INFO ] TIME unix_ns=1780858948976070453 ppb=2610 holdover_ms=976 locked=1 (pico_gnss pico-gnss-rs/src/main.rs:149)
36.078874 [INFO ] PPS count=38 interval_us=1000002 interval_ns=1000002592 state=Locked missed=0 (pico_gnss pico-gnss-rs/src/main.rs:131)
36.190432 [INFO ] NMEA $GPGGA,190229.000,0000.0000,N,00000.0000,E,1,5,3.34,32.9,M,39.0,M,,*60 (pico_gnss pico-gnss-rs/src/main.rs:235)
36.248745 [INFO ] NMEA $GNGLL,0000.0000,N,00000.0000,E,190229.000,A,A*48 (pico_gnss pico-gnss-rs/src/main.rs:235)
36.307118 [INFO ] NMEA $GNGSA,A,3,18,26,31,16,,,,,,,,,3.46,3.34,0.89*10 (pico_gnss pico-gnss-rs/src/main.rs:235)
36.336634 [INFO ] NMEA $GNGSA,A,3,76,,,,,,,,,,,,3.46,3.34,0.89*19 (pico_gnss pico-gnss-rs/src/main.rs:235)
36.408617 [INFO ] NMEA $GPGSV,4,1,15,27,76,338,21,16,61,055,27,08,52,261,15,26,41,096,19*7A (pico_gnss pico-gnss-rs/src/main.rs:235)
36.495962 [INFO ] NMEA $GPGSV,4,2,15,31,23,155,24,07,21,317,,02,20,192,,04,19,242,*7C (pico_gnss pico-gnss-rs/src/main.rs:235)
36.554648 [INFO ] NMEA $GPGSV,4,3,15,18,16,041,22,09,16,276,,23,05,079,18,10,02,111,19*75 (pico_gnss pico-gnss-rs/src/main.rs:235)
36.584098 [INFO ] NMEA $GPGSV,4,4,15,193,,,,194,,,,195,,,*47 (pico_gnss pico-gnss-rs/src/main.rs:235)
36.646700 [INFO ] NMEA $GLGSV,2,1,08,87,64,177,,76,63,064,19,77,43,333,,75,18,115,*66 (pico_gnss pico-gnss-rs/src/main.rs:235)
36.734014 [INFO ] NMEA $GLGSV,2,2,08,67,07,281,,68,05,327,,85,05,027,,88,03,203,*62 (pico_gnss pico-gnss-rs/src/main.rs:235)
36.792764 [INFO ] NMEA $GNRMC,190229.000,A,0000.0000,N,00000.0000,E,0.89,284.52,070626,,,A*72 (pico_gnss pico-gnss-rs/src/main.rs:235)
36.794957 [INFO ] SYNC pps_local_us=36078407 unix_s=1780858949 drift_us=2 (pico_gnss pico-gnss-rs/src/main.rs:251)
36.850978 [INFO ] NMEA $GPVTG,284.52,T,,M,0.89,N,1.65,K,A*37 (pico_gnss pico-gnss-rs/src/main.rs:235)
36.867990 [INFO ] NMEA $GPZDA,190229.000,07,06,2026,,*50 (pico_gnss pico-gnss-rs/src/main.rs:235)
37.056349 [INFO ] TIME unix_ns=1780858949977400450 ppb=2609 holdover_ms=977 locked=1 (pico_gnss pico-gnss-rs/src/main.rs:149)
37.078879 [INFO ] PPS count=39 interval_us=1000002 interval_ns=1000002592 state=Locked missed=0 (pico_gnss pico-gnss-rs/src/main.rs:131)
37.175143 [INFO ] NMEA $GPGGA,190230.000,0000.0000,N,00000.0000,E,1,5,3.34,32.9,M,39.0,M,,*6D (pico_gnss pico-gnss-rs/src/main.rs:235)
37.233495 [INFO ] NMEA $GNGLL,0000.0000,N,00000.0000,E,190230.000,A,A*45 (pico_gnss pico-gnss-rs/src/main.rs:235)
37.291820 [INFO ] NMEA $GNGSA,A,3,18,26,31,16,,,,,,,,,3.46,3.34,0.89*10 (pico_gnss pico-gnss-rs/src/main.rs:235)
37.350092 [INFO ] NMEA $GNGSA,A,3,76,,,,,,,,,,,,3.46,3.34,0.89*19 (pico_gnss pico-gnss-rs/src/main.rs:235)
37.412837 [INFO ] NMEA $GPGSV,4,1,15,27,76,338,21,16,61,055,27,08,52,261,15,26,41,096,19*7A (pico_gnss pico-gnss-rs/src/main.rs:235)
37.471462 [INFO ] NMEA $GPGSV,4,2,15,31,23,155,24,07,21,317,,02,20,192,,04,19,242,*7C (pico_gnss pico-gnss-rs/src/main.rs:235)
37.558843 [INFO ] NMEA $GPGSV,4,3,15,18,16,041,22,09,16,276,,23,05,079,18,10,02,111,19*75 (pico_gnss pico-gnss-rs/src/main.rs:235)
37.588350 [INFO ] NMEA $GPGSV,4,4,15,193,,,,194,,,,195,,,*47 (pico_gnss pico-gnss-rs/src/main.rs:235)
37.646861 [INFO ] NMEA $GLGSV,2,1,08,87,64,177,,76,63,064,19,77,43,333,,75,18,115,*66 (pico_gnss pico-gnss-rs/src/main.rs:235)
37.709522 [INFO ] NMEA $GLGSV,2,2,08,67,07,281,,68,05,327,,85,05,027,,88,03,203,*62 (pico_gnss pico-gnss-rs/src/main.rs:235)
37.797008 [INFO ] NMEA $GNRMC,190230.000,A,0000.0000,N,00000.0000,E,0.87,284.74,070626,,,A*75 (pico_gnss pico-gnss-rs/src/main.rs:235)
37.799201 [INFO ] SYNC pps_local_us=37078414 unix_s=1780858950 drift_us=2 (pico_gnss pico-gnss-rs/src/main.rs:251)
37.826688 [INFO ] NMEA $GPVTG,284.74,T,,M,0.87,N,1.60,K,A*38 (pico_gnss pico-gnss-rs/src/main.rs:235)
37.861716 [INFO ] NMEA $GPZDA,190230.000,07,06,2026,,*58 (pico_gnss pico-gnss-rs/src/main.rs:235)
38.057717 [INFO ] TIME unix_ns=1780858950978755447 ppb=2609 holdover_ms=978 locked=1 (pico_gnss pico-gnss-rs/src/main.rs:149)
38.078877 [INFO ] PPS count=40 interval_us=1000002 interval_ns=1000002592 state=Locked missed=0 (pico_gnss pico-gnss-rs/src/main.rs:131)
38.191319 [INFO ] NMEA $GPGGA,190231.000,0000.0000,N,00000.0000,E,1,5,3.34,32.9,M,39.0,M,,*63 (pico_gnss pico-gnss-rs/src/main.rs:235)
38.249652 [INFO ] NMEA $GNGLL,0000.0000,N,00000.0000,E,190231.000,A,A*4B (pico_gnss pico-gnss-rs/src/main.rs:235)
38.308014 [INFO ] NMEA $GNGSA,A,3,18,26,31,16,,,,,,,,,3.46,3.34,0.89*10 (pico_gnss pico-gnss-rs/src/main.rs:235)
38.337573 [INFO ] NMEA $GNGSA,A,3,76,,,,,,,,,,,,3.46,3.34,0.89*19 (pico_gnss pico-gnss-rs/src/main.rs:235)
38.424947 [INFO ] NMEA $GPGSV,4,1,15,27,76,338,21,16,61,055,27,08,52,261,17,26,41,096,20*72 (pico_gnss pico-gnss-rs/src/main.rs:235)
38.487664 [INFO ] NMEA $GPGSV,4,2,15,31,23,155,24,07,21,317,,02,20,192,,04,19,242,*7C (pico_gnss pico-gnss-rs/src/main.rs:235)
38.546284 [INFO ] NMEA $GPGSV,4,3,15,18,16,041,23,09,16,276,,23,05,079,18,10,02,111,19*74 (pico_gnss pico-gnss-rs/src/main.rs:235)
38.604492 [INFO ] NMEA $GPGSV,4,4,15,193,,,,194,,,,195,,,*47 (pico_gnss pico-gnss-rs/src/main.rs:235)
38.663058 [INFO ] NMEA $GLGSV,2,1,08,87,64,177,,76,63,064,19,77,43,333,,75,18,115,*66 (pico_gnss pico-gnss-rs/src/main.rs:235)
38.725717 [INFO ] NMEA $GLGSV,2,2,08,67,07,281,,68,05,327,,85,05,027,,88,03,203,*62 (pico_gnss pico-gnss-rs/src/main.rs:235)
38.813185 [INFO ] NMEA $GNRMC,190231.000,A,0000.0000,N,00000.0000,E,1.15,297.95,070626,,,A*7C (pico_gnss pico-gnss-rs/src/main.rs:235)
38.815381 [INFO ] SYNC pps_local_us=38078405 unix_s=1780858951 drift_us=2 (pico_gnss pico-gnss-rs/src/main.rs:251)
38.842883 [INFO ] NMEA $GPVTG,297.95,T,,M,1.15,N,2.14,K,A*3F (pico_gnss pico-gnss-rs/src/main.rs:235)
38.868044 [INFO ] NMEA $GPZDA,190231.000,07,06,2026,,*59 (pico_gnss pico-gnss-rs/src/main.rs:235)
39.059065 [INFO ] TIME unix_ns=1780858951980113444 ppb=2608 holdover_ms=980 locked=1 (pico_gnss pico-gnss-rs/src/main.rs:149)
39.078876 [INFO ] PPS count=41 interval_us=1000002 interval_ns=1000002592 state=Locked missed=0 (pico_gnss pico-gnss-rs/src/main.rs:131)
39.191422 [INFO ] NMEA $GPGGA,190232.000,0000.0000,N,00000.0000,E,1,5,3.34,32.9,M,39.0,M,,*6C (pico_gnss pico-gnss-rs/src/main.rs:235)
39.232278 [INFO ] NMEA $GNGLL,0000.0000,N,00000.0000,E,190232.000,A,A*44 (pico_gnss pico-gnss-rs/src/main.rs:235)
39.290648 [INFO ] NMEA $GNGSA,A,3,18,26,31,16,,,,,,,,,3.46,3.34,0.89*10 (pico_gnss pico-gnss-rs/src/main.rs:235)
39.348883 [INFO ] NMEA $GNGSA,A,3,76,,,,,,,,,,,,3.46,3.34,0.89*19 (pico_gnss pico-gnss-rs/src/main.rs:235)
39.407583 [INFO ] NMEA $GPGSV,4,1,15,27,76,338,21,16,61,055,26,08,52,261,17,26,41,096,20*73 (pico_gnss pico-gnss-rs/src/main.rs:235)
39.494842 [INFO ] NMEA $GPGSV,4,2,15,31,23,155,23,07,21,317,,02,20,192,,04,19,242,*7B (pico_gnss pico-gnss-rs/src/main.rs:235)
39.557676 [INFO ] NMEA $GPGSV,4,3,15,18,16,041,23,09,16,276,,23,05,079,18,10,02,111,19*74 (pico_gnss pico-gnss-rs/src/main.rs:235)
39.587154 [INFO ] NMEA $GPGSV,4,4,15,193,,,,194,,,,195,,,*47 (pico_gnss pico-gnss-rs/src/main.rs:235)
39.674440 [INFO ] NMEA $GLGSV,2,1,08,87,64,177,,76,63,064,19,77,43,333,,75,18,115,*66 (pico_gnss pico-gnss-rs/src/main.rs:235)
39.732981 [INFO ] NMEA $GLGSV,2,2,08,67,07,281,,68,05,327,,85,05,027,,88,03,203,*62 (pico_gnss pico-gnss-rs/src/main.rs:235)
39.795812 [INFO ] NMEA $GNRMC,190232.000,A,0000.0000,N,00000.0000,E,0.20,297.95,070626,,,A*74 (pico_gnss pico-gnss-rs/src/main.rs:235)
39.797988 [INFO ] SYNC pps_local_us=39078419 unix_s=1780858952 drift_us=2 (pico_gnss pico-gnss-rs/src/main.rs:251)
39.854045 [INFO ] NMEA $GPVTG,297.95,T,,M,0.20,N,0.37,K,A*3B (pico_gnss pico-gnss-rs/src/main.rs:235)
39.868961 [INFO ] NMEA $GPZDA,190232.000,07,06,2026,,*5A (pico_gnss pico-gnss-rs/src/main.rs:235)
40.060415 [INFO ] TIME unix_ns=1780858952981455441 ppb=2608 holdover_ms=981 locked=1 (pico_gnss pico-gnss-rs/src/main.rs:149)
40.078878 [INFO ] PPS count=42 interval_us=1000002 interval_ns=1000002592 state=Locked missed=0 (pico_gnss pico-gnss-rs/src/main.rs:131)
40.191447 [INFO ] NMEA $GPGGA,190233.000,0000.0000,N,00000.0000,E,1,5,3.34,32.9,M,39.0,M,,*6D (pico_gnss pico-gnss-rs/src/main.rs:235)
40.249742 [INFO ] NMEA $GNGLL,0000.0000,N,00000.0000,E,190233.000,A,A*45 (pico_gnss pico-gnss-rs/src/main.rs:235)
40.300893 [INFO ] NMEA $GNGSA,A,3,18,26,31,16,,,,,,,,,3.46,3.34,0.89*10 (pico_gnss pico-gnss-rs/src/main.rs:235)
40.330473 [INFO ] NMEA $GNGSA,A,3,76,,,,,,,,,,,,3.46,3.34,0.89*19 (pico_gnss pico-gnss-rs/src/main.rs:235)
40.417826 [INFO ] NMEA $GPGSV,4,1,15,27,76,338,21,16,61,055,26,08,52,261,17,26,41,096,20*73 (pico_gnss pico-gnss-rs/src/main.rs:235)
40.476423 [INFO ] NMEA $GPGSV,4,2,15,31,23,155,23,07,21,317,,02,20,192,,04,19,242,*7B (pico_gnss pico-gnss-rs/src/main.rs:235)
40.567930 [INFO ] NMEA $GPGSV,4,3,15,18,16,041,23,09,16,276,,23,05,079,18,10,02,111,20*7E (pico_gnss pico-gnss-rs/src/main.rs:235)
40.597451 [INFO ] NMEA $GPGSV,4,4,15,193,,,,194,,,,195,,,*47 (pico_gnss pico-gnss-rs/src/main.rs:235)
40.655971 [INFO ] NMEA $GLGSV,2,1,08,87,64,177,,76,63,064,18,77,43,333,,75,18,115,*67 (pico_gnss pico-gnss-rs/src/main.rs:235)
40.714505 [INFO ] NMEA $GLGSV,2,2,08,67,07,281,,68,05,327,,85,05,027,,88,03,203,*62 (pico_gnss pico-gnss-rs/src/main.rs:235)
40.806203 [INFO ] NMEA $GNRMC,190233.000,A,0000.0000,N,00000.0000,E,0.21,297.95,070626,,,A*74 (pico_gnss pico-gnss-rs/src/main.rs:235)
40.808407 [INFO ] SYNC pps_local_us=40078418 unix_s=1780858953 drift_us=2 (pico_gnss pico-gnss-rs/src/main.rs:251)
40.835852 [INFO ] NMEA $GPVTG,297.95,T,,M,0.21,N,0.39,K,A*34 (pico_gnss pico-gnss-rs/src/main.rs:235)
40.865025 [INFO ] NMEA $GPZDA,190233.000,07,06,2026,,*5B (pico_gnss pico-gnss-rs/src/main.rs:235)
41.061757 [INFO ] TIME unix_ns=1780858953982786438 ppb=2607 holdover_ms=982 locked=1 (pico_gnss pico-gnss-rs/src/main.rs:149)
41.078885 [INFO ] PPS count=43 interval_us=1000002 interval_ns=1000002592 state=Locked missed=0 (pico_gnss pico-gnss-rs/src/main.rs:131)
41.188302 [INFO ] NMEA $GPGGA,190234.000,0000.0000,N,00000.0000,E,1,5,3.34,32.9,M,39.0,M,,*67 (pico_gnss pico-gnss-rs/src/main.rs:235)
41.246601 [INFO ] NMEA $GNGLL,0000.0000,N,00000.0000,E,190234.000,A,A*4F (pico_gnss pico-gnss-rs/src/main.rs:235)
41.308039 [INFO ] NMEA $GNGSA,A,3,18,26,31,16,,,,,,,,,3.46,3.34,0.89*10 (pico_gnss pico-gnss-rs/src/main.rs:235)
41.337625 [INFO ] NMEA $GNGSA,A,3,76,,,,,,,,,,,,3.46,3.34,0.89*19 (pico_gnss pico-gnss-rs/src/main.rs:235)
41.424979 [INFO ] NMEA $GPGSV,4,1,15,27,76,338,21,16,61,055,26,08,52,261,17,26,41,096,20*73 (pico_gnss pico-gnss-rs/src/main.rs:235)
41.483555 [INFO ] NMEA $GPGSV,4,2,15,31,23,155,23,07,21,317,,02,20,192,,04,19,242,*7B (pico_gnss pico-gnss-rs/src/main.rs:235)
41.542228 [INFO ] NMEA $GPGSV,4,3,15,18,16,041,23,09,16,276,,23,05,079,18,10,02,111,20*7E (pico_gnss pico-gnss-rs/src/main.rs:235)
41.604502 [INFO ] NMEA $GPGSV,4,4,15,193,,,,194,,,,195,,,*47 (pico_gnss pico-gnss-rs/src/main.rs:235)
41.663091 [INFO ] NMEA $GLGSV,2,1,08,87,64,177,,76,63,064,18,77,43,333,,75,18,115,*67 (pico_gnss pico-gnss-rs/src/main.rs:235)
41.721693 [INFO ] NMEA $GLGSV,2,2,08,67,07,281,,68,05,327,,85,05,027,,88,03,203,*62 (pico_gnss pico-gnss-rs/src/main.rs:235)
41.809170 [INFO ] NMEA $GNRMC,190234.000,A,0000.0000,N,00000.0000,E,0.89,213.92,070626,,,A*77 (pico_gnss pico-gnss-rs/src/main.rs:235)
41.811362 [INFO ] SYNC pps_local_us=41078411 unix_s=1780858954 drift_us=2 (pico_gnss pico-gnss-rs/src/main.rs:251)
41.842753 [INFO ] NMEA $GPVTG,213.92,T,,M,0.89,N,1.65,K,A*35 (pico_gnss pico-gnss-rs/src/main.rs:235)
41.866046 [INFO ] NMEA $GPZDA,190234.000,07,06,2026,,*5C (pico_gnss pico-gnss-rs/src/main.rs:235)
42.063094 [INFO ] TIME unix_ns=1780858954984144435 ppb=2607 holdover_ms=984 locked=1 (pico_gnss pico-gnss-rs/src/main.rs:149)
42.078886 [INFO ] PPS count=44 interval_us=1000002 interval_ns=1000002592 state=Locked missed=0 (pico_gnss pico-gnss-rs/src/main.rs:131)
42.189408 [INFO ] NMEA $GPGGA,190235.000,0000.0000,N,00000.0000,E,1,5,3.35,33.0,M,39.0,M,,*6B (pico_gnss pico-gnss-rs/src/main.rs:235)
42.247727 [INFO ] NMEA $GNGLL,0000.0000,N,00000.0000,E,190235.000,A,A*4A (pico_gnss pico-gnss-rs/src/main.rs:235)
42.306072 [INFO ] NMEA $GNGSA,A,3,18,26,31,16,,,,,,,,,3.46,3.35,0.89*11 (pico_gnss pico-gnss-rs/src/main.rs:235)
42.348890 [INFO ] NMEA $GNGSA,A,3,76,,,,,,,,,,,,3.46,3.35,0.89*18 (pico_gnss pico-gnss-rs/src/main.rs:235)
42.407563 [INFO ] NMEA $GPGSV,4,1,15,27,76,338,21,16,61,055,26,08,52,261,16,26,41,096,20*72 (pico_gnss pico-gnss-rs/src/main.rs:235)
42.494898 [INFO ] NMEA $GPGSV,4,2,15,31,23,155,23,07,21,317,,02,20,192,,04,19,242,*7B (pico_gnss pico-gnss-rs/src/main.rs:235)
42.553592 [INFO ] NMEA $GPGSV,4,3,15,18,16,041,23,09,16,276,,23,05,079,18,10,02,111,20*7E (pico_gnss pico-gnss-rs/src/main.rs:235)
42.583032 [INFO ] NMEA $GPGSV,4,4,15,193,,,,194,,,,195,,,*47 (pico_gnss pico-gnss-rs/src/main.rs:235)
42.645654 [INFO ] NMEA $GLGSV,2,1,08,87,64,177,,76,63,064,18,77,43,333,,75,18,115,*67 (pico_gnss pico-gnss-rs/src/main.rs:235)
42.732989 [INFO ] NMEA $GLGSV,2,2,08,67,07,281,,68,05,327,,85,05,027,,88,03,203,*62 (pico_gnss pico-gnss-rs/src/main.rs:235)
42.791728 [INFO ] NMEA $GNRMC,190235.000,A,0000.0000,N,00000.0000,E,0.55,213.92,070626,,,A*73 (pico_gnss pico-gnss-rs/src/main.rs:235)
42.793909 [INFO ] SYNC pps_local_us=42078423 unix_s=1780858955 drift_us=2 (pico_gnss pico-gnss-rs/src/main.rs:251)
42.849936 [INFO ] NMEA $GPVTG,213.92,T,,M,0.55,N,1.01,K,A*36 (pico_gnss pico-gnss-rs/src/main.rs:235)
42.867171 [INFO ] NMEA $GPZDA,190235.000,07,06,2026,,*5D (pico_gnss pico-gnss-rs/src/main.rs:235)
43.064439 [INFO ] TIME unix_ns=1780858955985479432 ppb=2606 holdover_ms=985 locked=1 (pico_gnss pico-gnss-rs/src/main.rs:149)
43.078879 [INFO ] PPS count=45 interval_us=1000002 interval_ns=1000002592 state=Locked missed=0 (pico_gnss pico-gnss-rs/src/main.rs:131)
43.190322 [INFO ] NMEA $GPGGA,190236.000,0000.0000,N,00000.0000,E,1,5,3.35,32.9,M,39.0,M,,*64 (pico_gnss pico-gnss-rs/src/main.rs:235)
43.248624 [INFO ] NMEA $GNGLL,0000.0000,N,00000.0000,E,190236.000,A,A*4D (pico_gnss pico-gnss-rs/src/main.rs:235)
43.306980 [INFO ] NMEA $GNGSA,A,3,18,26,31,16,,,,,,,,,3.46,3.35,0.89*11 (pico_gnss pico-gnss-rs/src/main.rs:235)
43.336510 [INFO ] NMEA $GNGSA,A,3,76,,,,,,,,,,,,3.46,3.35,0.89*18 (pico_gnss pico-gnss-rs/src/main.rs:235)
43.418745 [INFO ] NMEA $GPGSV,4,1,15,27,76,338,21,16,61,055,26,08,52,261,16,26,41,096,20*72 (pico_gnss pico-gnss-rs/src/main.rs:235)
43.477380 [INFO ] NMEA $GPGSV,4,2,15,31,23,155,23,07,21,317,,02,20,192,,04,19,242,*7B (pico_gnss pico-gnss-rs/src/main.rs:235)
43.564754 [INFO ] NMEA $GPGSV,4,3,15,18,16,041,23,09,16,276,,23,05,079,18,10,02,111,18*75 (pico_gnss pico-gnss-rs/src/main.rs:235)
43.594274 [INFO ] NMEA $GPGSV,4,4,15,193,,,,194,,,,195,,,*47 (pico_gnss pico-gnss-rs/src/main.rs:235)
43.656880 [INFO ] NMEA $GLGSV,2,1,08,87,64,177,,76,63,064,18,77,43,333,,75,18,115,*67 (pico_gnss pico-gnss-rs/src/main.rs:235)
43.715403 [INFO ] NMEA $GLGSV,2,2,08,67,07,281,,68,05,327,,85,05,027,,88,03,203,*62 (pico_gnss pico-gnss-rs/src/main.rs:235)
43.802861 [INFO ] NMEA $GNRMC,190236.000,A,0000.0000,N,00000.0000,E,0.47,213.92,070626,,,A*77 (pico_gnss pico-gnss-rs/src/main.rs:235)
43.805063 [INFO ] SYNC pps_local_us=43078418 unix_s=1780858956 drift_us=2 (pico_gnss pico-gnss-rs/src/main.rs:251)
43.832565 [INFO ] NMEA $GPVTG,213.92,T,,M,0.47,N,0.88,K,A*35 (pico_gnss pico-gnss-rs/src/main.rs:235)
43.867606 [INFO ] NMEA $GPZDA,190236.000,07,06,2026,,*5E (pico_gnss pico-gnss-rs/src/main.rs:235)
44.065782 [INFO ] TIME unix_ns=1780858956986823429 ppb=2606 holdover_ms=986 locked=1 (pico_gnss pico-gnss-rs/src/main.rs:149)
44.078888 [INFO ] PPS count=46 interval_us=1000002 interval_ns=1000002592 state=Locked missed=0 (pico_gnss pico-gnss-rs/src/main.rs:131)
44.207423 [INFO ] NMEA $GPGGA,190237.000,0000.0000,N,00000.0000,E,1,5,3.35,33.0,M,39.0,M,,*6A (pico_gnss pico-gnss-rs/src/main.rs:235)
44.265758 [INFO ] NMEA $GNGLL,0000.0000,N,00000.0000,E,190237.000,A,A*4B (pico_gnss pico-gnss-rs/src/main.rs:235)
44.324125 [INFO ] NMEA $GNGSA,A,3,18,26,31,16,,,,,,,,,3.46,3.35,0.89*11 (pico_gnss pico-gnss-rs/src/main.rs:235)
44.353682 [INFO ] NMEA $GNGSA,A,3,76,,,,,,,,,,,,3.46,3.35,0.89*18 (pico_gnss pico-gnss-rs/src/main.rs:235)
44.445133 [INFO ] NMEA $GPGSV,4,1,15,27,76,338,21,16,61,055,26,08,52,261,16,26,41,096,20*72 (pico_gnss pico-gnss-rs/src/main.rs:235)
44.503769 [INFO ] NMEA $GPGSV,4,2,15,31,23,155,23,07,21,317,,02,20,192,,04,19,242,*7B (pico_gnss pico-gnss-rs/src/main.rs:235)
44.562387 [INFO ] NMEA $GPGSV,4,3,15,18,16,041,23,09,16,276,,23,05,079,18,10,02,111,18*75 (pico_gnss pico-gnss-rs/src/main.rs:235)
44.620585 [INFO ] NMEA $GPGSV,4,4,15,193,,,,194,,,,195,,,*47 (pico_gnss pico-gnss-rs/src/main.rs:235)
44.679153 [INFO ] NMEA $GLGSV,2,1,08,87,64,177,,76,63,064,18,77,43,333,,75,18,115,*67 (pico_gnss pico-gnss-rs/src/main.rs:235)
44.741812 [INFO ] NMEA $GLGSV,2,2,08,67,07,281,,68,05,327,,85,05,027,,88,03,203,*62 (pico_gnss pico-gnss-rs/src/main.rs:235)
44.829289 [INFO ] NMEA $GNRMC,190237.000,A,0000.0000,N,00000.0000,E,0.66,213.92,070626,,,A*72 (pico_gnss pico-gnss-rs/src/main.rs:235)
44.831492 [INFO ] SYNC pps_local_us=44078417 unix_s=1780858957 drift_us=2 (pico_gnss pico-gnss-rs/src/main.rs:251)
44.859000 [INFO ] NMEA $GPVTG,213.92,T,,M,0.66,N,1.22,K,A*37 (pico_gnss pico-gnss-rs/src/main.rs:235)
44.884159 [INFO ] NMEA $GPZDA,190237.000,07,06,2026,,*5F (pico_gnss pico-gnss-rs/src/main.rs:235)
45.067144 [INFO ] TIME unix_ns=1780858957988177426 ppb=2605 holdover_ms=988 locked=1 (pico_gnss pico-gnss-rs/src/main.rs:149)
45.078892 [INFO ] PPS count=47 interval_us=1000002 interval_ns=1000002592 state=Locked missed=0 (pico_gnss pico-gnss-rs/src/main.rs:131)
45.203744 [INFO ] NMEA $GPGGA,190238.000,0000.0000,N,00000.0000,E,1,5,3.35,33.0,M,39.0,M,,*61 (pico_gnss pico-gnss-rs/src/main.rs:235)
45.233406 [INFO ] NMEA $GNGLL,0000.0000,N,00000.0000,E,190238.000,A,A*40 (pico_gnss pico-gnss-rs/src/main.rs:235)
45.291668 [INFO ] NMEA $GNGSA,A,3,18,26,31,16,,,,,,,,,3.46,3.35,0.89*11 (pico_gnss pico-gnss-rs/src/main.rs:235)
45.349924 [INFO ] NMEA $GNGSA,A,3,76,,,,,,,,,,,,3.46,3.35,0.89*18 (pico_gnss pico-gnss-rs/src/main.rs:235)
45.408617 [INFO ] NMEA $GPGSV,4,1,15,27,76,338,21,16,61,055,26,08,52,261,16,26,41,096,20*72 (pico_gnss pico-gnss-rs/src/main.rs:235)
45.471295 [INFO ] NMEA $GPGSV,4,2,15,31,23,155,23,07,21,317,,02,20,192,,04,19,242,*7B (pico_gnss pico-gnss-rs/src/main.rs:235)
45.558740 [INFO ] NMEA $GPGSV,4,3,15,18,16,041,23,09,16,276,,23,05,079,18,10,02,111,18*75 (pico_gnss pico-gnss-rs/src/main.rs:235)
45.588196 [INFO ] NMEA $GPGSV,4,4,15,193,,,,194,,,,195,,,*47 (pico_gnss pico-gnss-rs/src/main.rs:235)
45.675501 [INFO ] NMEA $GLGSV,2,1,08,87,64,177,,76,63,064,18,77,43,333,,75,18,115,*67 (pico_gnss pico-gnss-rs/src/main.rs:235)
45.738144 [INFO ] NMEA $GLGSV,2,2,08,67,07,281,,68,05,327,,85,05,027,,88,03,203,*62 (pico_gnss pico-gnss-rs/src/main.rs:235)
45.796867 [INFO ] NMEA $GNRMC,190238.000,A,0000.0000,N,00000.0000,E,1.00,213.92,070626,,,A*78 (pico_gnss pico-gnss-rs/src/main.rs:235)
45.799065 [INFO ] SYNC pps_local_us=45078428 unix_s=1780858958 drift_us=2 (pico_gnss pico-gnss-rs/src/main.rs:251)
45.855105 [INFO ] NMEA $GPVTG,213.92,T,,M,1.00,N,1.86,K,A*38 (pico_gnss pico-gnss-rs/src/main.rs:235)
45.869990 [INFO ] NMEA $GPZDA,190238.000,07,06,2026,,*50 (pico_gnss pico-gnss-rs/src/main.rs:235)
46.068483 [INFO ] TIME unix_ns=1780858958989517423 ppb=2605 holdover_ms=989 locked=1 (pico_gnss pico-gnss-rs/src/main.rs:149)
46.078902 [INFO ] PPS count=48 interval_us=1000002 interval_ns=1000002592 state=Locked missed=0 (pico_gnss pico-gnss-rs/src/main.rs:131)
46.186417 [INFO ] NMEA $GPGGA,190239.000,0000.0000,N,00000.0000,E,1,5,3.35,33.0,M,39.0,M,,*66 (pico_gnss pico-gnss-rs/src/main.rs:235)
46.237569 [INFO ] NMEA $GNGLL,0000.0000,N,00000.0000,E,190239.000,A,A*47 (pico_gnss pico-gnss-rs/src/main.rs:235)
46.295872 [INFO ] NMEA $GNGSA,A,3,18,26,31,16,,,,,,,,,3.46,3.35,0.89*11 (pico_gnss pico-gnss-rs/src/main.rs:235)
46.325442 [INFO ] NMEA $GNGSA,A,3,76,,,,,,,,,,,,3.46,3.35,0.89*18 (pico_gnss pico-gnss-rs/src/main.rs:235)
46.412812 [INFO ] NMEA $GPGSV,4,1,15,27,76,338,21,16,61,055,26,08,52,261,16,26,41,096,20*72 (pico_gnss pico-gnss-rs/src/main.rs:235)
46.471426 [INFO ] NMEA $GPGSV,4,2,15,31,23,155,23,07,21,317,,02,20,192,,04,19,242,*7B (pico_gnss pico-gnss-rs/src/main.rs:235)
46.562896 [INFO ] NMEA $GPGSV,4,3,15,18,16,041,23,09,16,276,,23,05,079,18,10,02,111,18*75 (pico_gnss pico-gnss-rs/src/main.rs:235)
46.592416 [INFO ] NMEA $GPGSV,4,4,15,193,,,,194,,,,195,,,*47 (pico_gnss pico-gnss-rs/src/main.rs:235)
46.650950 [INFO ] NMEA $GLGSV,2,1,08,87,64,177,,76,63,064,18,77,43,333,,75,18,115,*67 (pico_gnss pico-gnss-rs/src/main.rs:235)
46.709474 [INFO ] NMEA $GLGSV,2,2,08,67,07,281,,68,05,327,,85,05,027,,88,03,203,*62 (pico_gnss pico-gnss-rs/src/main.rs:235)
46.801086 [INFO ] NMEA $GNRMC,190239.000,A,0000.0000,N,00000.0000,E,0.01,213.92,070626,,,A*7F (pico_gnss pico-gnss-rs/src/main.rs:235)
46.803284 [INFO ] SYNC pps_local_us=46078443 unix_s=1780858959 drift_us=2 (pico_gnss pico-gnss-rs/src/main.rs:251)
46.830741 [INFO ] NMEA $GPVTG,213.92,T,,M,0.01,N,0.01,K,A*36 (pico_gnss pico-gnss-rs/src/main.rs:235)
46.859932 [INFO ] NMEA $GPZDA,190239.000,07,06,2026,,*51 (pico_gnss pico-gnss-rs/src/main.rs:235)
47.069850 [INFO ] TIME unix_ns=1780858959990832420 ppb=2605 holdover_ms=990 locked=1 (pico_gnss pico-gnss-rs/src/main.rs:149)
47.078897 [INFO ] PPS count=49 interval_us=1000002 interval_ns=1000002592 state=Locked missed=0 (pico_gnss pico-gnss-rs/src/main.rs:131)
47.192372 [INFO ] NMEA $GPGGA,190240.000,0000.0000,N,00000.0000,E,1,5,3.35,32.9,M,39.0,M,,*67 (pico_gnss pico-gnss-rs/src/main.rs:235)
47.250686 [INFO ] NMEA $GNGLL,0000.0000,N,00000.0000,E,190240.000,A,A*4E (pico_gnss pico-gnss-rs/src/main.rs:235)
47.312093 [INFO ] NMEA $GNGSA,A,3,18,26,31,16,,,,,,,,,3.46,3.35,0.89*11 (pico_gnss pico-gnss-rs/src/main.rs:235)
47.341658 [INFO ] NMEA $GNGSA,A,3,76,,,,,,,,,,,,3.46,3.35,0.89*18 (pico_gnss pico-gnss-rs/src/main.rs:235)
47.429076 [INFO ] NMEA $GPGSV,4,1,15,27,76,338,21,16,61,055,26,08,52,261,16,26,41,096,20*72 (pico_gnss pico-gnss-rs/src/main.rs:235)
47.487632 [INFO ] NMEA $GPGSV,4,2,15,31,23,155,23,07,21,317,,02,20,192,,04,19,242,*7B (pico_gnss pico-gnss-rs/src/main.rs:235)
47.550404 [INFO ] NMEA $GPGSV,4,3,15,18,16,041,23,09,16,276,,23,05,079,18,10,02,111,18*75 (pico_gnss pico-gnss-rs/src/main.rs:235)
47.608631 [INFO ] NMEA $GPGSV,4,4,15,193,,,,194,,,,195,,,*47 (pico_gnss pico-gnss-rs/src/main.rs:235)
47.667175 [INFO ] NMEA $GLGSV,2,1,08,87,64,177,,76,63,064,19,77,43,333,,75,18,115,*66 (pico_gnss pico-gnss-rs/src/main.rs:235)
47.725746 [INFO ] NMEA $GLGSV,2,2,08,67,07,281,,68,05,327,,85,05,027,,88,03,203,*62 (pico_gnss pico-gnss-rs/src/main.rs:235)
47.813145 [INFO ] NMEA $GNRMC,190240.000,A,0000.0000,N,00000.0000,E,0.03,213.92,070626,,,A*74 (pico_gnss pico-gnss-rs/src/main.rs:235)
47.815340 [INFO ] SYNC pps_local_us=47078439 unix_s=1780858960 drift_us=2 (pico_gnss pico-gnss-rs/src/main.rs:251)
47.846781 [INFO ] NMEA $GPVTG,213.92,T,,M,0.03,N,0.06,K,A*33 (pico_gnss pico-gnss-rs/src/main.rs:235)
47.870083 [INFO ] NMEA $GPZDA,190240.000,07,06,2026,,*5F (pico_gnss pico-gnss-rs/src/main.rs:235)
48.071188 [INFO ] TIME unix_ns=1780858960992218417 ppb=2604 holdover_ms=992 locked=1 (pico_gnss pico-gnss-rs/src/main.rs:149)
48.078894 [INFO ] PPS count=50 interval_us=1000002 interval_ns=1000002592 state=Locked missed=0 (pico_gnss pico-gnss-rs/src/main.rs:131)
48.191430 [INFO ] NMEA $GPGGA,190241.000,0000.0000,N,00000.0000,E,1,5,3.35,32.9,M,39.0,M,,*65 (pico_gnss pico-gnss-rs/src/main.rs:235)
48.249737 [INFO ] NMEA $GNGLL,0000.0000,N,00000.0000,E,190241.000,A,A*4C (pico_gnss pico-gnss-rs/src/main.rs:235)
48.308051 [INFO ] NMEA $GNGSA,A,3,18,26,31,16,,,,,,,,,3.46,3.35,0.89*11 (pico_gnss pico-gnss-rs/src/main.rs:235)
48.350934 [INFO ] NMEA $GNGSA,A,3,76,,,,,,,,,,,,3.46,3.35,0.89*18 (pico_gnss pico-gnss-rs/src/main.rs:235)
48.409641 [INFO ] NMEA $GPGSV,4,1,15,27,76,338,21,16,61,055,26,08,52,261,16,26,41,096,20*72 (pico_gnss pico-gnss-rs/src/main.rs:235)
48.496959 [INFO ] NMEA $GPGSV,4,2,15,31,23,155,23,07,21,317,,02,20,192,,04,19,242,*7B (pico_gnss pico-gnss-rs/src/main.rs:235)
48.555648 [INFO ] NMEA $GPGSV,4,3,15,18,16,041,23,09,16,276,,23,05,079,18,10,02,111,18*75 (pico_gnss pico-gnss-rs/src/main.rs:235)
48.589182 [INFO ] NMEA $GPGSV,4,4,15,193,,,,194,,,,195,,,*47 (pico_gnss pico-gnss-rs/src/main.rs:235)
48.647712 [INFO ] NMEA $GLGSV,2,1,08,87,64,177,,76,63,064,19,77,43,333,,75,18,115,*66 (pico_gnss pico-gnss-rs/src/main.rs:235)
48.735037 [INFO ] NMEA $GLGSV,2,2,08,67,07,281,,68,05,327,,85,05,027,,88,03,203,*62 (pico_gnss pico-gnss-rs/src/main.rs:235)
48.793775 [INFO ] NMEA $GNRMC,190241.000,A,0000.0000,N,00000.0000,E,0.03,213.92,070626,,,A*76 (pico_gnss pico-gnss-rs/src/main.rs:235)
48.795981 [INFO ] SYNC pps_local_us=48078429 unix_s=1780858961 drift_us=2 (pico_gnss pico-gnss-rs/src/main.rs:251)
48.856127 [INFO ] NMEA $GPVTG,213.92,T,,M,0.03,N,0.06,K,A*33 (pico_gnss pico-gnss-rs/src/main.rs:235)
48.868961 [INFO ] NMEA $GPZDA,190241.000,07,06,2026,,*5E (pico_gnss pico-gnss-rs/src/main.rs:235)
49.072517 [INFO ] TIME unix_ns=1780858961993556413 ppb=2604 holdover_ms=993 locked=1 (pico_gnss pico-gnss-rs/src/main.rs:149)
49.078917 [INFO ] PPS count=51 interval_us=1000002 interval_ns=1000002608 state=Locked missed=0 (pico_gnss pico-gnss-rs/src/main.rs:131)
49.187333 [INFO ] NMEA $GPGGA,190242.000,0000.0000,N,00000.0000,E,1,5,3.35,32.8,M,39.0,M,,*66 (pico_gnss pico-gnss-rs/src/main.rs:235)
49.245653 [INFO ] NMEA $GNGLL,0000.0000,N,00000.0000,E,190242.000,A,A*4E (pico_gnss pico-gnss-rs/src/main.rs:235)
49.304026 [INFO ] NMEA $GNGSA,A,3,18,26,31,16,,,,,,,,,3.46,3.35,0.89*11 (pico_gnss pico-gnss-rs/src/main.rs:235)
49.333540 [INFO ] NMEA $GNGSA,A,3,76,,,,,,,,,,,,3.46,3.35,0.89*18 (pico_gnss pico-gnss-rs/src/main.rs:235)
49.415774 [INFO ] NMEA $GPGSV,4,1,15,27,76,338,21,16,61,055,26,08,52,261,15,26,41,096,20*71 (pico_gnss pico-gnss-rs/src/main.rs:235)
49.474397 [INFO ] NMEA $GPGSV,4,2,15,31,23,155,23,07,21,317,,02,20,192,,04,19,242,*7B (pico_gnss pico-gnss-rs/src/main.rs:235)
49.561776 [INFO ] NMEA $GPGSV,4,3,15,18,16,041,23,09,16,276,,23,05,079,18,10,02,111,18*75 (pico_gnss pico-gnss-rs/src/main.rs:235)
49.591282 [INFO ] NMEA $GPGSV,4,4,15,193,,,,194,,,,195,,,*47 (pico_gnss pico-gnss-rs/src/main.rs:235)
49.653918 [INFO ] NMEA $GLGSV,2,1,08,87,64,177,,76,63,064,19,77,43,333,,75,18,115,*66 (pico_gnss pico-gnss-rs/src/main.rs:235)
49.712459 [INFO ] NMEA $GLGSV,2,2,08,67,07,281,,68,05,327,,85,05,027,,88,03,203,*62 (pico_gnss pico-gnss-rs/src/main.rs:235)
49.799920 [INFO ] NMEA $GNRMC,190242.000,A,0000.0000,N,00000.0000,E,0.06,213.92,070626,,,A*71 (pico_gnss pico-gnss-rs/src/main.rs:235)
49.802093 [INFO ] SYNC pps_local_us=49078439 unix_s=1780858962 drift_us=2 (pico_gnss pico-gnss-rs/src/main.rs:251)
49.829610 [INFO ] NMEA $GPVTG,213.92,T,,M,0.06,N,0.11,K,A*30 (pico_gnss pico-gnss-rs/src/main.rs:235)
49.864638 [INFO ] NMEA $GPZDA,190242.000,07,06,2026,,*5D (pico_gnss pico-gnss-rs/src/main.rs:235)
50.073865 [INFO ] TIME unix_ns=1780858962994878410 ppb=2604 holdover_ms=994 locked=1 (pico_gnss pico-gnss-rs/src/main.rs:149)
50.078901 [INFO ] PPS count=52 interval_us=1000002 interval_ns=1000002592 state=Locked missed=0 (pico_gnss pico-gnss-rs/src/main.rs:131)
50.189557 [INFO ] NMEA $GPGGA,190243.000,0000.0000,N,00000.0000,E,1,5,3.35,32.8,M,39.0,M,,*6F (pico_gnss pico-gnss-rs/src/main.rs:235)
50.247882 [INFO ] NMEA $GNGLL,0000.0000,N,00000.0000,E,190243.000,A,A*47 (pico_gnss pico-gnss-rs/src/main.rs:235)
50.306236 [INFO ] NMEA $GNGSA,A,3,18,26,31,16,,,,,,,,,3.46,3.35,0.89*11 (pico_gnss pico-gnss-rs/src/main.rs:235)
50.335794 [INFO ] NMEA $GNGSA,A,3,76,,,,,,,,,,,,3.46,3.35,0.89*18 (pico_gnss pico-gnss-rs/src/main.rs:235)
50.427253 [INFO ] NMEA $GPGSV,4,1,15,27,76,338,21,16,61,055,26,08,52,261,15,26,41,096,21*70 (pico_gnss pico-gnss-rs/src/main.rs:235)
50.485879 [INFO ] NMEA $GPGSV,4,2,15,31,23,155,23,07,21,317,,02,20,192,,04,19,242,*7B (pico_gnss pico-gnss-rs/src/main.rs:235)
50.544512 [INFO ] NMEA $GPGSV,4,3,15,18,16,041,23,09,16,276,,23,05,079,18,10,02,111,18*75 (pico_gnss pico-gnss-rs/src/main.rs:235)
50.602757 [INFO ] NMEA $GPGSV,4,4,15,193,,,,194,,,,195,,,*47 (pico_gnss pico-gnss-rs/src/main.rs:235)
50.665416 [INFO ] NMEA $GLGSV,2,1,08,87,64,177,,76,63,064,19,77,43,333,,75,18,115,*66 (pico_gnss pico-gnss-rs/src/main.rs:235)
50.723978 [INFO ] NMEA $GLGSV,2,2,08,67,07,281,,68,05,327,,85,05,027,,88,03,203,*62 (pico_gnss pico-gnss-rs/src/main.rs:235)
50.811459 [INFO ] NMEA $GNRMC,190243.000,A,0000.0000,N,00000.0000,E,0.10,213.92,070626,,,A*7F (pico_gnss pico-gnss-rs/src/main.rs:235)
50.813660 [INFO ] SYNC pps_local_us=50078440 unix_s=1780858963 drift_us=2 (pico_gnss pico-gnss-rs/src/main.rs:251)
50.841126 [INFO ] NMEA $GPVTG,213.92,T,,M,0.10,N,0.18,K,A*3E (pico_gnss pico-gnss-rs/src/main.rs:235)
50.866302 [INFO ] NMEA $GPZDA,190243.000,07,06,2026,,*5C (pico_gnss pico-gnss-rs/src/main.rs:235)
51.075225 [INFO ] TIME unix_ns=1780858963996235407 ppb=2604 holdover_ms=996 locked=1 (pico_gnss pico-gnss-rs/src/main.rs:149)
51.078924 [INFO ] PPS count=53 interval_us=1000002 interval_ns=1000002608 state=Locked missed=0 (pico_gnss pico-gnss-rs/src/main.rs:131)
51.200555 [INFO ] NMEA $GPGGA,190244.000,0000.0000,N,00000.0000,E,1,5,3.35,32.8,M,39.0,M,,*6B (pico_gnss pico-gnss-rs/src/main.rs:235)
51.230175 [INFO ] NMEA $GNGLL,0000.0000,N,00000.0000,E,190244.000,A,A*43 (pico_gnss pico-gnss-rs/src/main.rs:235)
51.288500 [INFO ] NMEA $GNGSA,A,3,18,26,31,16,,,,,,,,,3.47,3.35,0.89*10 (pico_gnss pico-gnss-rs/src/main.rs:235)
51.346745 [INFO ] NMEA $GNGSA,A,3,76,,,,,,,,,,,,3.47,3.35,0.89*19 (pico_gnss pico-gnss-rs/src/main.rs:235)
51.405457 [INFO ] NMEA $GPGSV,4,1,15,27,76,338,21,16,61,055,26,08,52,261,15,26,41,096,21*70 (pico_gnss pico-gnss-rs/src/main.rs:235)
51.468078 [INFO ] NMEA $GPGSV,4,2,15,31,23,155,22,07,21,317,,02,20,192,,04,19,242,*7A (pico_gnss pico-gnss-rs/src/main.rs:235)
51.555542 [INFO ] NMEA $GPGSV,4,3,15,18,16,041,23,09,16,276,,23,05,079,19,10,02,111,19*75 (pico_gnss pico-gnss-rs/src/main.rs:235)
51.585006 [INFO ] NMEA $GPGSV,4,4,15,193,,,,194,,,,195,,,*47 (pico_gnss pico-gnss-rs/src/main.rs:235)
51.672321 [INFO ] NMEA $GLGSV,2,1,08,87,64,177,,76,63,064,19,77,43,333,,75,18,115,*66 (pico_gnss pico-gnss-rs/src/main.rs:235)
51.734947 [INFO ] NMEA $GLGSV,2,2,08,67,07,281,,68,05,327,,85,05,027,,88,03,203,*62 (pico_gnss pico-gnss-rs/src/main.rs:235)
51.793707 [INFO ] NMEA $GNRMC,190244.000,A,0000.0000,N,00000.0000,E,0.06,213.92,070626,,,A*7C (pico_gnss pico-gnss-rs/src/main.rs:235)
51.795898 [INFO ] SYNC pps_local_us=51078446 unix_s=1780858964 drift_us=2 (pico_gnss pico-gnss-rs/src/main.rs:251)
51.851917 [INFO ] NMEA $GPVTG,213.92,T,,M,0.06,N,0.11,K,A*30 (pico_gnss pico-gnss-rs/src/main.rs:235)
51.866851 [INFO ] NMEA $GPZDA,190244.000,07,06,2026,,*5B (pico_gnss pico-gnss-rs/src/main.rs:235)
52.076569 [INFO ] TIME unix_ns=1780858964997578403 ppb=2604 holdover_ms=997 locked=1 (pico_gnss pico-gnss-rs/src/main.rs:149)
52.078900 [INFO ] PPS count=54 interval_us=1000002 interval_ns=1000002608 state=Locked missed=0 (pico_gnss pico-gnss-rs/src/main.rs:131)
52.187339 [INFO ] NMEA $GPGGA,190245.000,0000.0000,N,00000.0000,E,1,5,3.35,32.7,M,39.0,M,,*6A (pico_gnss pico-gnss-rs/src/main.rs:235)
52.238468 [INFO ] NMEA $GNGLL,0000.0000,N,00000.0000,E,190245.000,A,A*4D (pico_gnss pico-gnss-rs/src/main.rs:235)
52.296798 [INFO ] NMEA $GNGSA,A,3,18,26,31,16,,,,,,,,,3.47,3.35,0.89*10 (pico_gnss pico-gnss-rs/src/main.rs:235)
52.326346 [INFO ] NMEA $GNGSA,A,3,76,,,,,,,,,,,,3.47,3.35,0.89*19 (pico_gnss pico-gnss-rs/src/main.rs:235)
52.413724 [INFO ] NMEA $GPGSV,4,1,15,27,76,338,21,16,61,055,26,08,52,261,15,26,41,096,21*70 (pico_gnss pico-gnss-rs/src/main.rs:235)
52.476460 [INFO ] NMEA $GPGSV,4,2,15,31,23,155,22,07,21,317,,02,20,192,,04,19,242,*7A (pico_gnss pico-gnss-rs/src/main.rs:235)
52.563835 [INFO ] NMEA $GPGSV,4,3,15,18,16,041,23,09,16,276,,23,05,079,19,10,02,111,19*75 (pico_gnss pico-gnss-rs/src/main.rs:235)
52.593342 [INFO ] NMEA $GPGSV,4,4,15,193,,,,194,,,,195,,,*47 (pico_gnss pico-gnss-rs/src/main.rs:235)
52.651880 [INFO ] NMEA $GLGSV,2,1,08,87,64,177,,76,63,064,19,77,43,333,,75,18,115,*66 (pico_gnss pico-gnss-rs/src/main.rs:235)
52.710406 [INFO ] NMEA $GLGSV,2,2,08,67,07,281,,68,05,327,,85,05,027,,88,03,203,*62 (pico_gnss pico-gnss-rs/src/main.rs:235)
52.802002 [INFO ] NMEA $GNRMC,190245.000,A,0000.0000,N,00000.0000,E,0.08,213.92,070626,,,A*7C (pico_gnss pico-gnss-rs/src/main.rs:235)
52.804202 [INFO ] SYNC pps_local_us=52078443 unix_s=1780858965 drift_us=2 (pico_gnss pico-gnss-rs/src/main.rs:251)
52.831641 [INFO ] NMEA $GPVTG,213.92,T,,M,0.08,N,0.15,K,A*3A (pico_gnss pico-gnss-rs/src/main.rs:235)
52.860835 [INFO ] NMEA $GPZDA,190245.000,07,06,2026,,*5A (pico_gnss pico-gnss-rs/src/main.rs:235)
53.077932 [INFO ] TIME unix_ns=1780858965998926399 ppb=2604 holdover_ms=998 locked=1 (pico_gnss pico-gnss-rs/src/main.rs:149)
53.079447 [INFO ] PPS count=55 interval_us=1000002 interval_ns=1000002592 state=Locked missed=0 (pico_gnss pico-gnss-rs/src/main.rs:131)
53.189396 [INFO ] NMEA $GPGGA,190246.000,0000.0000,N,00000.0000,E,1,5,3.35,32.6,M,39.0,M,,*68 (pico_gnss pico-gnss-rs/src/main.rs:235)
53.250793 [INFO ] NMEA $GNGLL,0000.0000,N,00000.0000,E,190246.000,A,A*4E (pico_gnss pico-gnss-rs/src/main.rs:235)
53.309157 [INFO ] NMEA $GNGSA,A,3,18,26,31,16,,,,,,,,,3.46,3.35,0.89*11 (pico_gnss pico-gnss-rs/src/main.rs:235)
53.338747 [INFO ] NMEA $GNGSA,A,3,76,,,,,,,,,,,,3.46,3.35,0.89*18 (pico_gnss pico-gnss-rs/src/main.rs:235)
53.426102 [INFO ] NMEA $GPGSV,4,1,15,27,76,338,21,16,61,055,26,08,52,261,15,26,41,096,21*70 (pico_gnss pico-gnss-rs/src/main.rs:235)
53.484663 [INFO ] NMEA $GPGSV,4,2,15,31,23,155,22,07,21,317,,02,20,192,,04,19,242,*7A (pico_gnss pico-gnss-rs/src/main.rs:235)
53.547429 [INFO ] NMEA $GPGSV,4,3,15,18,16,041,23,09,16,276,,23,05,079,19,10,02,111,19*75 (pico_gnss pico-gnss-rs/src/main.rs:235)
53.605631 [INFO ] NMEA $GPGSV,4,4,15,193,,,,194,,,,195,,,*47 (pico_gnss pico-gnss-rs/src/main.rs:235)
53.664194 [INFO ] NMEA $GLGSV,2,1,08,87,64,177,,76,63,064,19,77,43,333,,75,18,115,*66 (pico_gnss pico-gnss-rs/src/main.rs:235)
53.722757 [INFO ] NMEA $GLGSV,2,2,08,67,07,281,,68,05,327,,85,05,027,,88,03,203,*62 (pico_gnss pico-gnss-rs/src/main.rs:235)
53.785547 [INFO ] NMEA $GNRMC,190246.000,A,0000.0000,N,00000.0000,E,0.09,213.92,070626,,,A*7E (pico_gnss pico-gnss-rs/src/main.rs:235)
53.787737 [INFO ] SYNC pps_local_us=53078982 unix_s=1780858966 drift_us=2 (pico_gnss pico-gnss-rs/src/main.rs:251)
53.843819 [INFO ] NMEA $GPVTG,213.92,T,,M,0.09,N,0.17,K,A*39 (pico_gnss pico-gnss-rs/src/main.rs:235)
53.867111 [INFO ] NMEA $GPZDA,190246.000,07,06,2026,,*59 (pico_gnss pico-gnss-rs/src/main.rs:235)
54.079087 [INFO ] PPS count=56 interval_us=1000002 interval_ns=1000002592 state=Locked missed=0 (pico_gnss pico-gnss-rs/src/main.rs:131)
54.080351 [INFO ] TIME unix_ns=1780858967000859395 ppb=2603 holdover_ms=1000 locked=1 (pico_gnss pico-gnss-rs/src/main.rs:149)
54.191507 [INFO ] NMEA $GPGGA,190247.000,0000.0000,N,00000.0000,E,1,5,3.35,32.6,M,39.0,M,,*66 (pico_gnss pico-gnss-rs/src/main.rs:235)
54.249824 [INFO ] NMEA $GNGLL,0000.0000,N,00000.0000,E,190247.000,A,A*40 (pico_gnss pico-gnss-rs/src/main.rs:235)
54.292779 [INFO ] NMEA $GNGSA,A,3,18,26,31,16,,,,,,,,,3.47,3.35,0.89*10 (pico_gnss pico-gnss-rs/src/main.rs:235)
54.351010 [INFO ] NMEA $GNGSA,A,3,76,,,,,,,,,,,,3.47,3.35,0.89*19 (pico_gnss pico-gnss-rs/src/main.rs:235)
54.409690 [INFO ] NMEA $GPGSV,4,1,15,27,76,338,21,16,61,055,26,08,52,261,15,26,41,096,21*70 (pico_gnss pico-gnss-rs/src/main.rs:235)
54.497014 [INFO ] NMEA $GPGSV,4,2,15,31,23,155,22,07,21,317,,02,20,192,,04,19,242,*7A (pico_gnss pico-gnss-rs/src/main.rs:235)
54.559814 [INFO ] NMEA $GPGSV,4,3,15,18,16,041,23,09,16,276,,23,05,079,19,10,02,111,19*75 (pico_gnss pico-gnss-rs/src/main.rs:235)
54.589309 [INFO ] NMEA $GPGSV,4,4,15,193,,,,194,,,,195,,,*47 (pico_gnss pico-gnss-rs/src/main.rs:235)
54.647796 [INFO ] NMEA $GLGSV,2,1,08,87,64,177,,76,63,064,19,77,43,333,,75,18,115,*66 (pico_gnss pico-gnss-rs/src/main.rs:235)
54.735099 [INFO ] NMEA $GLGSV,2,2,08,67,06,280,,68,05,327,,85,05,027,,88,03,203,*62 (pico_gnss pico-gnss-rs/src/main.rs:235)
54.793925 [INFO ] NMEA $GNRMC,190247.000,A,0000.0000,N,00000.0000,E,0.08,213.92,070626,,,A*71 (pico_gnss pico-gnss-rs/src/main.rs:235)
54.796121 [INFO ] SYNC pps_local_us=54078437 unix_s=1780858967 drift_us=2 (pico_gnss pico-gnss-rs/src/main.rs:251)
54.856212 [INFO ] NMEA $GPVTG,213.92,T,,M,0.08,N,0.14,K,A*3B (pico_gnss pico-gnss-rs/src/main.rs:235)
54.869072 [INFO ] NMEA $GPZDA,190247.000,07,06,2026,,*58 (pico_gnss pico-gnss-rs/src/main.rs:235)
55.078903 [INFO ] PPS count=57 interval_us=1000002 interval_ns=1000002608 state=Locked missed=0 (pico_gnss pico-gnss-rs/src/main.rs:131)
55.081654 [INFO ] TIME unix_ns=1780858968002695390 ppb=2603 holdover_ms=1002 locked=1 (pico_gnss pico-gnss-rs/src/main.rs:149)
55.201367 [INFO ] NMEA $GPGGA,190248.000,0000.0000,N,00000.0000,E,1,5,3.35,32.5,M,39.0,M,,*67 (pico_gnss pico-gnss-rs/src/main.rs:235)
55.259675 [INFO ] NMEA $GNGLL,0000.0000,N,00000.0000,E,190248.000,A,A*42 (pico_gnss pico-gnss-rs/src/main.rs:235)
55.318045 [INFO ] NMEA $GNGSA,A,3,18,26,31,16,,,,,,,,,3.47,3.35,0.89*10 (pico_gnss pico-gnss-rs/src/main.rs:235)
55.342448 [INFO ] NMEA $GNGSA,A,3,76,,,,,,,,,,,,3.47,3.35,0.89*19 (pico_gnss pico-gnss-rs/src/main.rs:235)
55.429807 [INFO ] NMEA $GPGSV,4,1,15,27,76,338,21,16,61,055,26,08,52,261,14,26,41,096,21*71 (pico_gnss pico-gnss-rs/src/main.rs:235)
55.488426 [INFO ] NMEA $GPGSV,4,2,15,31,23,155,22,07,21,317,,02,20,192,,04,19,242,*7A (pico_gnss pico-gnss-rs/src/main.rs:235)
55.575810 [INFO ] NMEA $GPGSV,4,3,15,18,16,041,23,09,16,276,,23,05,079,19,10,02,111,19*75 (pico_gnss pico-gnss-rs/src/main.rs:235)
55.609344 [INFO ] NMEA $GPGSV,4,4,15,193,,,,194,,,,195,,,*47 (pico_gnss pico-gnss-rs/src/main.rs:235)
55.667929 [INFO ] NMEA $GLGSV,2,1,08,87,64,177,,76,63,064,19,77,43,333,,75,18,115,*66 (pico_gnss pico-gnss-rs/src/main.rs:235)
55.726467 [INFO ] NMEA $GLGSV,2,2,08,67,06,280,,68,05,326,,85,05,027,,88,03,203,*63 (pico_gnss pico-gnss-rs/src/main.rs:235)
55.813936 [INFO ] NMEA $GNRMC,190248.000,A,0000.0000,N,00000.0000,E,0.06,213.92,070626,,,A*7D (pico_gnss pico-gnss-rs/src/main.rs:235)
55.816147 [INFO ] SYNC pps_local_us=55078439 unix_s=1780858968 drift_us=2 (pico_gnss pico-gnss-rs/src/main.rs:251)
55.843627 [INFO ] NMEA $GPVTG,213.92,T,,M,0.06,N,0.10,K,A*31 (pico_gnss pico-gnss-rs/src/main.rs:235)
55.879129 [INFO ] NMEA $GPZDA,190248.000,07,06,2026,,*57 (pico_gnss pico-gnss-rs/src/main.rs:235)
56.078922 [INFO ] PPS count=58 interval_us=1000002 interval_ns=1000002592 state=Locked missed=0 (pico_gnss pico-gnss-rs/src/main.rs:131)
56.082961 [INFO ] TIME unix_ns=1780858969004015387 ppb=2603 holdover_ms=1004 locked=1 (pico_gnss pico-gnss-rs/src/main.rs:149)
56.191406 [INFO ] NMEA $GPGGA,190249.000,0000.0000,N,00000.0000,E,1,5,3.35,32.4,M,39.0,M,,*60 (pico_gnss pico-gnss-rs/src/main.rs:235)
56.249722 [INFO ] NMEA $GNGLL,0000.0000,N,00000.0000,E,190249.000,A,A*44 (pico_gnss pico-gnss-rs/src/main.rs:235)
56.308076 [INFO ] NMEA $GNGSA,A,3,18,26,31,16,,,,,,,,,3.47,3.35,0.89*10 (pico_gnss pico-gnss-rs/src/main.rs:235)
56.337604 [INFO ] NMEA $GNGSA,A,3,76,,,,,,,,,,,,3.47,3.35,0.89*19 (pico_gnss pico-gnss-rs/src/main.rs:235)
56.430102 [INFO ] NMEA $GPGSV,4,1,15,27,76,338,21,16,61,055,26,08,52,261,14,26,41,096,21*71 (pico_gnss pico-gnss-rs/src/main.rs:235)
56.488724 [INFO ] NMEA $GPGSV,4,2,15,31,23,155,22,07,21,317,,02,20,192,,04,19,242,*7A (pico_gnss pico-gnss-rs/src/main.rs:235)
56.547348 [INFO ] NMEA $GPGSV,4,3,15,18,16,041,23,09,16,276,,23,05,079,19,10,02,111,19*75 (pico_gnss pico-gnss-rs/src/main.rs:235)
56.605566 [INFO ] NMEA $GPGSV,4,4,15,193,,,,194,,,,195,,,*47 (pico_gnss pico-gnss-rs/src/main.rs:235)
56.668225 [INFO ] NMEA $GLGSV,2,1,08,87,64,177,,76,63,064,19,77,43,333,,75,18,115,*66 (pico_gnss pico-gnss-rs/src/main.rs:235)
56.726786 [INFO ] NMEA $GLGSV,2,2,08,67,06,280,,68,05,326,,85,05,027,,88,03,203,*63 (pico_gnss pico-gnss-rs/src/main.rs:235)
56.814354 [INFO ] NMEA $GNRMC,190249.000,A,0000.0000,N,00000.0000,E,1.07,213.92,070626,,,A*7B (pico_gnss pico-gnss-rs/src/main.rs:235)
56.816539 [INFO ] SYNC pps_local_us=56078454 unix_s=1780858969 drift_us=2 (pico_gnss pico-gnss-rs/src/main.rs:251)
56.844042 [INFO ] NMEA $GPVTG,213.92,T,,M,1.07,N,1.97,K,A*3F (pico_gnss pico-gnss-rs/src/main.rs:235)
56.869209 [INFO ] NMEA $GPZDA,190249.000,07,06,2026,,*56 (pico_gnss pico-gnss-rs/src/main.rs:235)
57.078909 [INFO ] PPS count=59 interval_us=1000002 interval_ns=1000002608 state=Locked missed=0 (pico_gnss pico-gnss-rs/src/main.rs:131)
57.084255 [INFO ] TIME unix_ns=1780858970005290384 ppb=2603 holdover_ms=1005 locked=1 (pico_gnss pico-gnss-rs/src/main.rs:149)
57.199713 [INFO ] NMEA $GPGGA,190250.000,0000.0000,N,00000.0000,E,1,5,3.35,32.4,M,39.0,M,,*65 (pico_gnss pico-gnss-rs/src/main.rs:235)
57.229353 [INFO ] NMEA $GNGLL,0000.0000,N,00000.0000,E,190250.000,A,A*41 (pico_gnss pico-gnss-rs/src/main.rs:235)
57.287646 [INFO ] NMEA $GNGSA,A,3,18,26,31,16,,,,,,,,,3.47,3.35,0.89*10 (pico_gnss pico-gnss-rs/src/main.rs:235)
57.345872 [INFO ] NMEA $GNGSA,A,3,76,,,,,,,,,,,,3.47,3.35,0.89*19 (pico_gnss pico-gnss-rs/src/main.rs:235)
57.408693 [INFO ] NMEA $GPGSV,4,1,15,27,76,338,21,16,61,055,26,08,52,261,14,26,41,096,21*71 (pico_gnss pico-gnss-rs/src/main.rs:235)
57.467254 [INFO ] NMEA $GPGSV,4,2,15,31,23,155,22,07,21,317,,02,20,192,,04,19,242,*7A (pico_gnss pico-gnss-rs/src/main.rs:235)
57.554688 [INFO ] NMEA $GPGSV,4,3,15,18,16,041,23,09,16,276,,23,05,079,19,10,02,111,19*75 (pico_gnss pico-gnss-rs/src/main.rs:235)
57.584147 [INFO ] NMEA $GPGSV,4,4,15,193,,,,194,,,,195,,,*47 (pico_gnss pico-gnss-rs/src/main.rs:235)
57.671439 [INFO ] NMEA $GLGSV,2,1,08,87,64,177,,76,63,064,19,77,43,333,,75,18,115,*66 (pico_gnss pico-gnss-rs/src/main.rs:235)
57.734137 [INFO ] NMEA $GLGSV,2,2,08,67,06,280,,68,05,326,,85,05,027,,88,03,203,*63 (pico_gnss pico-gnss-rs/src/main.rs:235)
57.792867 [INFO ] NMEA $GNRMC,190250.000,A,0000.0000,N,00000.0000,E,0.87,213.92,070626,,,A*77 (pico_gnss pico-gnss-rs/src/main.rs:235)
57.795065 [INFO ] SYNC pps_local_us=57078457 unix_s=1780858970 drift_us=2 (pico_gnss pico-gnss-rs/src/main.rs:251)
57.851088 [INFO ] NMEA $GPVTG,213.92,T,,M,0.87,N,1.61,K,A*3F (pico_gnss pico-gnss-rs/src/main.rs:235)
57.866009 [INFO ] NMEA $GPZDA,190250.000,07,06,2026,,*5E (pico_gnss pico-gnss-rs/src/main.rs:235)
58.078918 [INFO ] PPS count=60 interval_us=1000002 interval_ns=1000002592 state=Locked missed=0 (pico_gnss pico-gnss-rs/src/main.rs:131)
58.085566 [INFO ] TIME unix_ns=1780858971006580381 ppb=2603 holdover_ms=1006 locked=1 (pico_gnss pico-gnss-rs/src/main.rs:149)
58.186145 [INFO ] NMEA $GPGGA,190251.000,0000.0000,N,00000.0000,E,1,5,3.35,32.3,M,39.0,M,,*68 (pico_gnss pico-gnss-rs/src/main.rs:235)
58.244497 [INFO ] NMEA $GNGLL,0000.0000,N,00000.0000,E,190251.000,A,A*4B (pico_gnss pico-gnss-rs/src/main.rs:235)
58.302826 [INFO ] NMEA $GNGSA,A,3,18,26,31,16,,,,,,,,,3.47,3.35,0.89*10 (pico_gnss pico-gnss-rs/src/main.rs:235)
58.332365 [INFO ] NMEA $GNGSA,A,3,76,,,,,,,,,,,,3.47,3.35,0.89*19 (pico_gnss pico-gnss-rs/src/main.rs:235)
58.419745 [INFO ] NMEA $GPGSV,4,1,15,27,76,338,21,16,61,055,26,08,52,261,14,26,41,096,21*71 (pico_gnss pico-gnss-rs/src/main.rs:235)
58.482438 [INFO ] NMEA $GPGSV,4,2,15,31,23,155,21,07,21,317,,02,20,192,,04,19,242,*79 (pico_gnss pico-gnss-rs/src/main.rs:235)
58.569848 [INFO ] NMEA $GPGSV,4,3,15,18,16,041,23,09,16,276,,23,05,079,19,10,02,111,20*7F (pico_gnss pico-gnss-rs/src/main.rs:235)
58.599365 [INFO ] NMEA $GPGSV,4,4,15,193,,,,194,,,,195,,,*47 (pico_gnss pico-gnss-rs/src/main.rs:235)
58.657898 [INFO ] NMEA $GLGSV,2,1,08,87,64,177,,76,63,064,19,77,43,333,,75,18,115,*66 (pico_gnss pico-gnss-rs/src/main.rs:235)
58.720529 [INFO ] NMEA $GLGSV,2,2,08,67,06,280,,68,05,326,,85,05,027,,88,03,203,*63 (pico_gnss pico-gnss-rs/src/main.rs:235)
58.808045 [INFO ] NMEA $GNRMC,190251.000,A,0000.0000,N,00000.0000,E,0.61,213.92,070626,,,A*75 (pico_gnss pico-gnss-rs/src/main.rs:235)
58.810247 [INFO ] SYNC pps_local_us=58078452 unix_s=1780858971 drift_us=2 (pico_gnss pico-gnss-rs/src/main.rs:251)
58.837664 [INFO ] NMEA $GPVTG,213.92,T,,M,0.61,N,1.14,K,A*35 (pico_gnss pico-gnss-rs/src/main.rs:235)
58.866869 [INFO ] NMEA $GPZDA,190251.000,07,06,2026,,*5F (pico_gnss pico-gnss-rs/src/main.rs:235)
59.078919 [INFO ] PPS count=61 interval_us=1000002 interval_ns=1000002592 state=Locked missed=0 (pico_gnss pico-gnss-rs/src/main.rs:131)
59.086884 [INFO ] TIME unix_ns=1780858972007910378 ppb=2602 holdover_ms=1007 locked=1 (pico_gnss pico-gnss-rs/src/main.rs:149)
59.191629 [INFO ] NMEA $GPGGA,190252.000,0000.0000,N,00000.0000,E,1,5,3.35,32.3,M,39.0,M,,*60 (pico_gnss pico-gnss-rs/src/main.rs:235)
59.252981 [INFO ] NMEA $GNGLL,0000.0000,N,00000.0000,E,190252.000,A,A*43 (pico_gnss pico-gnss-rs/src/main.rs:235)
59.311345 [INFO ] NMEA $GNGSA,A,3,18,26,31,16,,,,,,,,,3.47,3.35,0.89*10 (pico_gnss pico-gnss-rs/src/main.rs:235)
59.340917 [INFO ] NMEA $GNGSA,A,3,76,,,,,,,,,,,,3.47,3.35,0.89*19 (pico_gnss pico-gnss-rs/src/main.rs:235)
59.428283 [INFO ] NMEA $GPGSV,4,1,15,27,76,338,21,16,61,055,26,08,52,261,13,26,41,096,21*76 (pico_gnss pico-gnss-rs/src/main.rs:235)
59.491007 [INFO ] NMEA $GPGSV,4,2,15,31,23,155,21,07,21,317,,02,20,192,,04,19,242,*79 (pico_gnss pico-gnss-rs/src/main.rs:235)
59.549624 [INFO ] NMEA $GPGSV,4,3,15,18,16,041,23,09,16,276,,23,05,079,19,10,02,111,20*7F (pico_gnss pico-gnss-rs/src/main.rs:235)
59.607843 [INFO ] NMEA $GPGSV,4,4,15,193,,,,194,,,,195,,,*47 (pico_gnss pico-gnss-rs/src/main.rs:235)
59.666408 [INFO ] NMEA $GLGSV,2,1,08,87,64,177,,76,63,064,19,77,43,333,,75,18,115,*66 (pico_gnss pico-gnss-rs/src/main.rs:235)
59.725050 [INFO ] NMEA $GLGSV,2,2,08,67,06,280,,68,05,326,,85,05,027,,88,03,203,*63 (pico_gnss pico-gnss-rs/src/main.rs:235)
59.787815 [INFO ] NMEA $GNRMC,190252.000,A,0000.0000,N,00000.0000,E,0.09,213.92,070626,,,A*73 (pico_gnss pico-gnss-rs/src/main.rs:235)
59.790007 [INFO ] SYNC pps_local_us=59078436 unix_s=1780858972 drift_us=2 (pico_gnss pico-gnss-rs/src/main.rs:251)
59.846101 [INFO ] NMEA $GPVTG,213.92,T,,M,0.09,N,0.17,K,A*39 (pico_gnss pico-gnss-rs/src/main.rs:235)
59.869378 [INFO ] NMEA $GPZDA,190252.000,07,06,2026,,*5C (pico_gnss pico-gnss-rs/src/main.rs:235)
60.078922 [INFO ] PPS count=62 interval_us=1000002 interval_ns=1000002608 state=Locked missed=0 (pico_gnss pico-gnss-rs/src/main.rs:131)
60.088200 [INFO ] TIME unix_ns=1780858973009244374 ppb=2603 holdover_ms=1009 locked=1 (pico_gnss pico-gnss-rs/src/main.rs:149)
60.189292 [INFO ] NMEA $GPGGA,190253.000,0000.0000,N,00000.0000,E,1,5,3.35,32.3,M,39.0,M,,*60 (pico_gnss pico-gnss-rs/src/main.rs:235)
60.247611 [INFO ] NMEA $GNGLL,0000.0000,N,00000.0000,E,190253.000,A,A*43 (pico_gnss pico-gnss-rs/src/main.rs:235)
60.290593 [INFO ] NMEA $GNGSA,A,3,18,26,31,16,,,,,,,,,3.47,3.35,0.89*10 (pico_gnss pico-gnss-rs/src/main.rs:235)
60.348845 [INFO ] NMEA $GNGSA,A,3,76,,,,,,,,,,,,3.47,3.35,0.89*19 (pico_gnss pico-gnss-rs/src/main.rs:235)
60.407533 [INFO ] NMEA $GPGSV,4,1,15,27,76,338,21,16,61,055,26,08,52,261,13,26,41,096,21*76 (pico_gnss pico-gnss-rs/src/main.rs:235)
60.494849 [INFO ] NMEA $GPGSV,4,2,15,31,23,155,21,07,21,317,,02,20,192,,04,19,242,*79 (pico_gnss pico-gnss-rs/src/main.rs:235)
60.557627 [INFO ] NMEA $GPGSV,4,3,15,18,16,041,23,09,16,276,,23,05,079,19,10,02,111,19*75 (pico_gnss pico-gnss-rs/src/main.rs:235)
60.587109 [INFO ] NMEA $GPGSV,4,4,15,193,,,,194,,,,195,,,*47 (pico_gnss pico-gnss-rs/src/main.rs:235)
60.645602 [INFO ] NMEA $GLGSV,2,1,08,87,64,177,,76,63,064,19,77,43,333,,75,18,115,*66 (pico_gnss pico-gnss-rs/src/main.rs:235)
60.732902 [INFO ] NMEA $GLGSV,2,2,08,67,06,280,,68,05,326,,85,05,027,,88,03,203,*63 (pico_gnss pico-gnss-rs/src/main.rs:235)
60.795756 [INFO ] NMEA $GNRMC,190253.000,A,0000.0000,N,00000.0000,E,0.36,213.92,070626,,,A*7F (pico_gnss pico-gnss-rs/src/main.rs:235)
60.797958 [INFO ] SYNC pps_local_us=60078462 unix_s=1780858973 drift_us=2 (pico_gnss pico-gnss-rs/src/main.rs:251)
60.854021 [INFO ] NMEA $GPVTG,213.92,T,,M,0.36,N,0.67,K,A*32 (pico_gnss pico-gnss-rs/src/main.rs:235)
60.866836 [INFO ] NMEA $GPZDA,190253.000,07,06,2026,,*5D (pico_gnss pico-gnss-rs/src/main.rs:235)
61.078918 [INFO ] PPS count=63 interval_us=1000002 interval_ns=1000002592 state=Locked missed=0 (pico_gnss pico-gnss-rs/src/main.rs:131)
61.089497 [INFO ] TIME unix_ns=1780858974010514371 ppb=2602 holdover_ms=1010 locked=1 (pico_gnss pico-gnss-rs/src/main.rs:149)
61.192371 [INFO ] NMEA $GPGGA,190254.000,0000.0000,N,00000.0000,E,1,5,3.35,32.2,M,39.0,M,,*69 (pico_gnss pico-gnss-rs/src/main.rs:235)
61.250691 [INFO ] NMEA $GNGLL,0000.0000,N,00000.0000,E,190254.000,A,A*4B (pico_gnss pico-gnss-rs/src/main.rs:235)
61.303908 [INFO ] NMEA $GNGSA,A,3,18,26,31,16,,,,,,,,,3.47,3.35,0.89*10 (pico_gnss pico-gnss-rs/src/main.rs:235)
61.333433 [INFO ] NMEA $GNGSA,A,3,76,,,,,,,,,,,,3.47,3.35,0.89*19 (pico_gnss pico-gnss-rs/src/main.rs:235)
61.420854 [INFO ] NMEA $GPGSV,4,1,15,27,76,338,21,16,61,055,26,08,52,261,13,26,41,096,21*76 (pico_gnss pico-gnss-rs/src/main.rs:235)
61.479465 [INFO ] NMEA $GPGSV,4,2,15,31,23,155,21,07,21,317,,02,20,192,,04,19,242,*79 (pico_gnss pico-gnss-rs/src/main.rs:235)
61.566802 [INFO ] NMEA $GPGSV,4,3,15,18,16,041,23,09,16,276,,23,05,079,19,10,02,111,19*75 (pico_gnss pico-gnss-rs/src/main.rs:235)
61.600414 [INFO ] NMEA $GPGSV,4,4,15,193,,,,194,,,,195,,,*47 (pico_gnss pico-gnss-rs/src/main.rs:235)
61.659025 [INFO ] NMEA $GLGSV,2,1,08,87,64,177,,76,63,064,19,77,43,333,,75,18,115,*66 (pico_gnss pico-gnss-rs/src/main.rs:235)
61.717516 [INFO ] NMEA $GLGSV,2,2,08,67,06,280,,68,05,326,,85,05,027,,88,03,203,*63 (pico_gnss pico-gnss-rs/src/main.rs:235)
61.805011 [INFO ] NMEA $GNRMC,190254.000,A,0000.0000,N,00000.0000,E,0.70,213.92,070626,,,A*75 (pico_gnss pico-gnss-rs/src/main.rs:235)
61.807213 [INFO ] SYNC pps_local_us=61078459 unix_s=1780858974 drift_us=2 (pico_gnss pico-gnss-rs/src/main.rs:251)
61.838591 [INFO ] NMEA $GPVTG,213.92,T,,M,0.70,N,1.29,K,A*3B (pico_gnss pico-gnss-rs/src/main.rs:235)
61.870254 [INFO ] NMEA $GPZDA,190254.000,07,06,2026,,*5A (pico_gnss pico-gnss-rs/src/main.rs:235)
62.078896 [INFO ] PPS count=64 interval_us=1000002 interval_ns=1000002592 state=Locked missed=0 (pico_gnss pico-gnss-rs/src/main.rs:131)
62.090796 [INFO ] TIME unix_ns=1780858975011815368 ppb=2602 holdover_ms=1011 locked=1 (pico_gnss pico-gnss-rs/src/main.rs:149)
62.195415 [INFO ] NMEA $GPGGA,190255.000,0000.0000,N,00000.0000,E,1,5,3.35,32.2,M,39.0,M,,*68 (pico_gnss pico-gnss-rs/src/main.rs:235)
62.253717 [INFO ] NMEA $GNGLL,0000.0000,N,00000.0000,E,190255.000,A,A*4A (pico_gnss pico-gnss-rs/src/main.rs:235)
62.312099 [INFO ] NMEA $GNGSA,A,3,18,26,31,16,,,,,,,,,3.47,3.35,0.89*10 (pico_gnss pico-gnss-rs/src/main.rs:235)
62.346726 [INFO ] NMEA $GNGSA,A,3,76,,,,,,,,,,,,3.47,3.35,0.89*19 (pico_gnss pico-gnss-rs/src/main.rs:235)
62.434136 [INFO ] NMEA $GPGSV,4,1,15,27,76,338,21,16,61,055,26,08,52,261,14,26,41,096,21*71 (pico_gnss pico-gnss-rs/src/main.rs:235)
62.492755 [INFO ] NMEA $GPGSV,4,2,15,31,23,155,21,07,21,317,,02,20,192,,04,19,242,*79 (pico_gnss pico-gnss-rs/src/main.rs:235)
62.551382 [INFO ] NMEA $GPGSV,4,3,15,18,16,041,23,09,16,276,,23,05,079,19,10,02,111,19*75 (pico_gnss pico-gnss-rs/src/main.rs:235)
62.609528 [INFO ] NMEA $GPGSV,4,4,15,193,,,,194,,,,195,,,*47 (pico_gnss pico-gnss-rs/src/main.rs:235)
62.672230 [INFO ] NMEA $GLGSV,2,1,08,87,64,177,,76,63,064,19,77,43,333,,75,17,115,*69 (pico_gnss pico-gnss-rs/src/main.rs:235)
62.730826 [INFO ] NMEA $GLGSV,2,2,08,67,06,280,,68,05,326,,85,05,027,,88,03,203,*63 (pico_gnss pico-gnss-rs/src/main.rs:235)
62.818292 [INFO ] NMEA $GNRMC,190255.000,A,0000.0000,N,00000.0000,E,0.70,213.92,070626,,,A*74 (pico_gnss pico-gnss-rs/src/main.rs:235)
62.820486 [INFO ] SYNC pps_local_us=62078458 unix_s=1780858975 drift_us=2 (pico_gnss pico-gnss-rs/src/main.rs:251)
62.847942 [INFO ] NMEA $GPVTG,213.92,T,,M,0.70,N,1.30,K,A*33 (pico_gnss pico-gnss-rs/src/main.rs:235)
62.873398 [INFO ] NMEA $GPZDA,190255.000,07,06,2026,,*5B (pico_gnss pico-gnss-rs/src/main.rs:235)
63.078937 [INFO ] PPS count=65 interval_us=1000002 interval_ns=1000002608 state=Locked missed=0 (pico_gnss pico-gnss-rs/src/main.rs:131)
63.092118 [INFO ] TIME unix_ns=1780858976013135364 ppb=2602 holdover_ms=1013 locked=1 (pico_gnss pico-gnss-rs/src/main.rs:149)
63.198661 [INFO ] NMEA $GPGGA,190256.000,0000.0000,N,00000.0000,E,1,5,3.35,32.2,M,39.0,M,,*6B (pico_gnss pico-gnss-rs/src/main.rs:235)
63.257002 [INFO ] NMEA $GNGLL,0000.0000,N,00000.0000,E,190256.000,A,A*49 (pico_gnss pico-gnss-rs/src/main.rs:235)
63.315372 [INFO ] NMEA $GNGSA,A,3,18,26,31,16,,,,,,,,,3.47,3.35,0.89*10 (pico_gnss pico-gnss-rs/src/main.rs:235)
63.344876 [INFO ] NMEA $GNGSA,A,3,76,,,,,,,,,,,,3.47,3.35,0.89*19 (pico_gnss pico-gnss-rs/src/main.rs:235)
63.418909 [INFO ] NMEA $GPGSV,4,1,15,27,76,338,21,16,61,055,26,08,52,261,15,26,41,096,21*70 (pico_gnss pico-gnss-rs/src/main.rs:235)
63.477468 [INFO ] NMEA $GPGSV,4,2,15,31,23,155,21,07,21,317,,02,20,192,,04,19,242,*79 (pico_gnss pico-gnss-rs/src/main.rs:235)
63.564968 [INFO ] NMEA $GPGSV,4,3,15,18,16,041,23,09,16,276,,23,05,079,19,10,02,111,19*75 (pico_gnss pico-gnss-rs/src/main.rs:235)
63.594418 [INFO ] NMEA $GPGSV,4,4,15,193,,,,194,,,,195,,,*47 (pico_gnss pico-gnss-rs/src/main.rs:235)
63.657055 [INFO ] NMEA $GLGSV,2,1,08,87,64,177,,76,63,067,19,77,43,333,,75,17,115,*6A (pico_gnss pico-gnss-rs/src/main.rs:235)
63.744366 [INFO ] NMEA $GLGSV,2,2,08,67,06,280,,68,05,326,,85,05,027,,88,03,203,*63 (pico_gnss pico-gnss-rs/src/main.rs:235)
63.803089 [INFO ] NMEA $GNRMC,190256.000,A,0000.0000,N,00000.0000,E,0.73,62.22,070626,,,A*4B (pico_gnss pico-gnss-rs/src/main.rs:235)
63.805266 [INFO ] SYNC pps_local_us=63078470 unix_s=1780858976 drift_us=2 (pico_gnss pico-gnss-rs/src/main.rs:251)
63.861275 [INFO ] NMEA $GPVTG,62.22,T,,M,0.73,N,1.35,K,A*0A (pico_gnss pico-gnss-rs/src/main.rs:235)
63.874117 [INFO ] NMEA $GPZDA,190256.000,07,06,2026,,*58 (pico_gnss pico-gnss-rs/src/main.rs:235)
64.078943 [INFO ] PPS count=66 interval_us=1000002 interval_ns=1000002592 state=Locked missed=0 (pico_gnss pico-gnss-rs/src/main.rs:131)
64.093436 [INFO ] TIME unix_ns=1780858977014437361 ppb=2602 holdover_ms=1014 locked=1 (pico_gnss pico-gnss-rs/src/main.rs:149)
64.184363 [INFO ] NMEA $GPGGA,190257.000,0000.0000,N,00000.0000,E,1,5,3.35,32.1,M,39.0,M,,*62 (pico_gnss pico-gnss-rs/src/main.rs:235)
64.242736 [INFO ] NMEA $GNGLL,0000.0000,N,00000.0000,E,190257.000,A,A*43 (pico_gnss pico-gnss-rs/src/main.rs:235)
64.301051 [INFO ] NMEA $GNGSA,A,3,18,26,31,16,,,,,,,,,3.47,3.35,0.89*10 (pico_gnss pico-gnss-rs/src/main.rs:235)
64.330601 [INFO ] NMEA $GNGSA,A,3,76,,,,,,,,,,,,3.47,3.35,0.89*19 (pico_gnss pico-gnss-rs/src/main.rs:235)
64.422143 [INFO ] NMEA $GPGSV,4,1,15,27,76,338,21,16,61,055,26,08,52,261,15,26,41,096,21*70 (pico_gnss pico-gnss-rs/src/main.rs:235)
64.480695 [INFO ] NMEA $GPGSV,4,2,15,31,23,155,21,07,21,317,,02,20,192,,04,19,242,*79 (pico_gnss pico-gnss-rs/src/main.rs:235)
64.539381 [INFO ] NMEA $GPGSV,4,3,15,18,16,041,23,09,16,276,,23,05,079,19,10,02,111,19*75 (pico_gnss pico-gnss-rs/src/main.rs:235)
64.597535 [INFO ] NMEA $GPGSV,4,4,15,193,,,,194,,,,195,,,*47 (pico_gnss pico-gnss-rs/src/main.rs:235)
64.656153 [INFO ] NMEA $GLGSV,2,1,08,87,64,177,,76,63,067,20,77,44,334,,75,17,115,*60 (pico_gnss pico-gnss-rs/src/main.rs:235)
64.718732 [INFO ] NMEA $GLGSV,2,2,08,67,06,280,,68,05,326,,85,05,027,,88,03,203,*63 (pico_gnss pico-gnss-rs/src/main.rs:235)
64.806251 [INFO ] NMEA $GNRMC,190257.000,A,0000.0000,N,00000.0000,E,0.50,62.22,070626,,,A*40 (pico_gnss pico-gnss-rs/src/main.rs:235)
64.808435 [INFO ] SYNC pps_local_us=64078464 unix_s=1780858977 drift_us=2 (pico_gnss pico-gnss-rs/src/main.rs:251)
64.835881 [INFO ] NMEA $GPVTG,62.22,T,,M,0.50,N,0.92,K,A*07 (pico_gnss pico-gnss-rs/src/main.rs:235)
64.865263 [INFO ] NMEA $GPZDA,190257.000,07,06,2026,,*59 (pico_gnss pico-gnss-rs/src/main.rs:235)
65.078931 [INFO ] PPS count=67 interval_us=1000002 interval_ns=1000002592 state=Locked missed=0 (pico_gnss pico-gnss-rs/src/main.rs:131)
65.094750 [INFO ] TIME unix_ns=1780858978015756358 ppb=2601 holdover_ms=1015 locked=1 (pico_gnss pico-gnss-rs/src/main.rs:149)
65.203469 [INFO ] NMEA $GPGGA,190258.000,0000.0000,N,00000.0000,E,1,5,3.35,32.1,M,39.0,M,,*63 (pico_gnss pico-gnss-rs/src/main.rs:235)
65.261852 [INFO ] NMEA $GNGLL,0000.0000,N,00000.0000,E,190258.000,A,A*42 (pico_gnss pico-gnss-rs/src/main.rs:235)
65.291447 [INFO ] NMEA $GNGSA,A,3,18,26,31,16,,,,,,,,,3.47,3.35,0.89*10 (pico_gnss pico-gnss-rs/src/main.rs:235)
65.349664 [INFO ] NMEA $GNGSA,A,3,76,,,,,,,,,,,,3.47,3.35,0.89*19 (pico_gnss pico-gnss-rs/src/main.rs:235)
65.408329 [INFO ] NMEA $GPGSV,4,1,15,27,76,338,21,16,61,055,26,08,52,261,16,26,41,096,21*73 (pico_gnss pico-gnss-rs/src/main.rs:235)
65.499804 [INFO ] NMEA $GPGSV,4,2,15,31,23,155,21,07,21,317,,02,20,192,,04,19,242,*79 (pico_gnss pico-gnss-rs/src/main.rs:235)
65.558435 [INFO ] NMEA $GPGSV,4,3,15,18,16,041,23,09,16,276,,23,05,079,19,10,02,111,19*75 (pico_gnss pico-gnss-rs/src/main.rs:235)
65.587933 [INFO ] NMEA $GPGSV,4,4,15,193,,,,194,,,,195,,,*47 (pico_gnss pico-gnss-rs/src/main.rs:235)
65.675188 [INFO ] NMEA $GLGSV,2,1,08,87,64,177,,76,63,067,20,77,44,334,,75,17,115,*60 (pico_gnss pico-gnss-rs/src/main.rs:235)
65.737870 [INFO ] NMEA $GLGSV,2,2,08,67,06,280,,68,05,326,,85,05,027,,88,03,203,*63 (pico_gnss pico-gnss-rs/src/main.rs:235)
65.796608 [INFO ] NMEA $GNRMC,190258.000,A,0000.0000,N,00000.0000,E,0.57,310.15,070626,,,A*74 (pico_gnss pico-gnss-rs/src/main.rs:235)
65.798786 [INFO ] SYNC pps_local_us=65078472 unix_s=1780858978 drift_us=2 (pico_gnss pico-gnss-rs/src/main.rs:251)
65.854817 [INFO ] NMEA $GPVTG,310.15,T,,M,0.57,N,1.05,K,A*3D (pico_gnss pico-gnss-rs/src/main.rs:235)
65.873914 [INFO ] NMEA $GPZDA,190258.000,07,06,2026,,*56 (pico_gnss pico-gnss-rs/src/main.rs:235)
66.078936 [INFO ] PPS count=68 interval_us=1000002 interval_ns=1000002592 state=Locked missed=0 (pico_gnss pico-gnss-rs/src/main.rs:131)
66.096054 [INFO ] TIME unix_ns=1780858979017071355 ppb=2601 holdover_ms=1017 locked=1 (pico_gnss pico-gnss-rs/src/main.rs:149)
66.210416 [INFO ] NMEA $GPGGA,190259.000,0000.0000,N,00000.0000,E,1,5,3.35,32.1,M,39.0,M,,*6F (pico_gnss pico-gnss-rs/src/main.rs:235)
66.257439 [INFO ] NMEA $GNGLL,0000.0000,N,00000.0000,E,190259.000,A,A*4E (pico_gnss pico-gnss-rs/src/main.rs:235)
66.315762 [INFO ] NMEA $GNGSA,A,3,18,26,31,16,,,,,,,,,3.47,3.35,0.89*10 (pico_gnss pico-gnss-rs/src/main.rs:235)
66.374060 [INFO ] NMEA $GNGSA,A,3,76,,,,,,,,,,,,3.47,3.35,0.89*19 (pico_gnss pico-gnss-rs/src/main.rs:235)
66.432707 [INFO ] NMEA $GPGSV,4,1,15,27,76,338,21,16,61,055,26,08,52,261,15,26,41,096,22*73 (pico_gnss pico-gnss-rs/src/main.rs:235)
66.491309 [INFO ] NMEA $GPGSV,4,2,15,31,23,155,21,07,21,317,,02,20,192,,04,19,242,*79 (pico_gnss pico-gnss-rs/src/main.rs:235)
66.582818 [INFO ] NMEA $GPGSV,4,3,15,18,16,041,23,09,16,276,,23,05,079,19,10,02,111,19*75 (pico_gnss pico-gnss-rs/src/main.rs:235)
66.612324 [INFO ] NMEA $GPGSV,4,4,15,193,,,,194,,,,195,,,*47 (pico_gnss pico-gnss-rs/src/main.rs:235)
66.670811 [INFO ] NMEA $GLGSV,2,1,08,87,64,177,,76,63,067,20,77,44,334,,75,17,115,*60 (pico_gnss pico-gnss-rs/src/main.rs:235)
66.758170 [INFO ] NMEA $GLGSV,2,2,08,67,06,280,,68,05,326,,85,05,027,,88,03,203,*63 (pico_gnss pico-gnss-rs/src/main.rs:235)
66.820930 [INFO ] NMEA $GNRMC,190259.000,A,0000.0000,N,00000.0000,E,1.15,292.79,070626,,,A*7E (pico_gnss pico-gnss-rs/src/main.rs:235)
66.823118 [INFO ] SYNC pps_local_us=66078468 unix_s=1780858979 drift_us=2 (pico_gnss pico-gnss-rs/src/main.rs:251)
66.850615 [INFO ] NMEA $GPVTG,292.79,T,,M,1.15,N,2.13,K,A*3F (pico_gnss pico-gnss-rs/src/main.rs:235)
66.887749 [INFO ] NMEA $GPZDA,190259.000,07,06,2026,,*57 (pico_gnss pico-gnss-rs/src/main.rs:235)
67.078937 [INFO ] PPS count=69 interval_us=1000002 interval_ns=1000002592 state=Locked missed=0 (pico_gnss pico-gnss-rs/src/main.rs:131)
67.097361 [INFO ] TIME unix_ns=1780858980018371352 ppb=2601 holdover_ms=1018 locked=1 (pico_gnss pico-gnss-rs/src/main.rs:149)
67.199266 [INFO ] NMEA $GPGGA,190300.000,0000.0000,N,00000.0000,E,1,5,3.36,32.2,M,39.0,M,,*68 (pico_gnss pico-gnss-rs/src/main.rs:235)
67.257679 [INFO ] NMEA $GNGLL,0000.0000,N,00000.0000,E,190300.000,A,A*49 (pico_gnss pico-gnss-rs/src/main.rs:235)
67.315012 [INFO ] NMEA $GNGSA,A,3,18,26,31,16,,,,,,,,,3.47,3.36,0.89*13 (pico_gnss pico-gnss-rs/src/main.rs:235)
67.344528 [INFO ] NMEA $GNGSA,A,3,76,,,,,,,,,,,,3.47,3.36,0.89*1A (pico_gnss pico-gnss-rs/src/main.rs:235)
67.431920 [INFO ] NMEA $GPGSV,4,1,15,27,76,338,21,16,61,055,26,08,52,261,15,26,41,096,21*70 (pico_gnss pico-gnss-rs/src/main.rs:235)
67.490507 [INFO ] NMEA $GPGSV,4,2,15,31,23,155,21,07,21,317,,02,20,192,,04,19,242,*79 (pico_gnss pico-gnss-rs/src/main.rs:235)
67.553252 [INFO ] NMEA $GPGSV,4,3,15,18,16,041,23,09,16,276,,23,05,079,19,10,02,111,19*75 (pico_gnss pico-gnss-rs/src/main.rs:235)
67.611423 [INFO ] NMEA $GPGSV,4,4,15,193,,,,194,,,,195,,,*47 (pico_gnss pico-gnss-rs/src/main.rs:235)
67.670007 [INFO ] NMEA $GLGSV,2,1,08,87,64,177,,76,63,067,21,77,44,334,,75,17,115,*61 (pico_gnss pico-gnss-rs/src/main.rs:235)
67.728538 [INFO ] NMEA $GLGSV,2,2,08,67,06,280,,68,05,326,,85,05,027,,88,03,203,*63 (pico_gnss pico-gnss-rs/src/main.rs:235)
67.820177 [INFO ] NMEA $GNRMC,190300.000,A,0000.0000,N,00000.0000,E,1.07,297.69,070626,,,A*7E (pico_gnss pico-gnss-rs/src/main.rs:235)
67.822379 [INFO ] SYNC pps_local_us=67078476 unix_s=1780858980 drift_us=2 (pico_gnss pico-gnss-rs/src/main.rs:251)
67.849862 [INFO ] NMEA $GPVTG,297.69,T,,M,1.07,N,1.99,K,A*39 (pico_gnss pico-gnss-rs/src/main.rs:235)
67.877134 [INFO ] NMEA $GPZDA,190300.000,07,06,2026,,*5A (pico_gnss pico-gnss-rs/src/main.rs:235)
68.078926 [INFO ] PPS count=70 interval_us=1000002 interval_ns=1000002608 state=Locked missed=0 (pico_gnss pico-gnss-rs/src/main.rs:131)
68.098667 [INFO ] TIME unix_ns=1780858981019672348 ppb=2601 holdover_ms=1019 locked=1 (pico_gnss pico-gnss-rs/src/main.rs:149)
68.191537 [INFO ] NMEA $GPGGA,190301.000,0000.0000,N,00000.0000,E,1,5,3.36,32.2,M,39.0,M,,*6B (pico_gnss pico-gnss-rs/src/main.rs:235)
68.249846 [INFO ] NMEA $GNGLL,0000.0000,N,00000.0000,E,190301.000,A,A*4A (pico_gnss pico-gnss-rs/src/main.rs:235)
68.308147 [INFO ] NMEA $GNGSA,A,3,18,26,31,16,,,,,,,,,3.47,3.36,0.89*13 (pico_gnss pico-gnss-rs/src/main.rs:235)
68.346926 [INFO ] NMEA $GNGSA,A,3,76,,,,,,,,,,,,3.47,3.36,0.89*1A (pico_gnss pico-gnss-rs/src/main.rs:235)
68.405629 [INFO ] NMEA $GPGSV,4,1,15,27,76,338,22,16,61,055,26,08,52,261,12,26,41,096,21*74 (pico_gnss pico-gnss-rs/src/main.rs:235)
68.492946 [INFO ] NMEA $GPGSV,4,2,15,31,23,155,21,07,21,317,,02,20,192,,04,19,242,*79 (pico_gnss pico-gnss-rs/src/main.rs:235)
68.551593 [INFO ] NMEA $GPGSV,4,3,15,18,16,041,23,09,16,276,,23,05,079,19,10,02,111,19*75 (pico_gnss pico-gnss-rs/src/main.rs:235)
68.585125 [INFO ] NMEA $GPGSV,4,4,15,193,,,,194,,,,195,,,*47 (pico_gnss pico-gnss-rs/src/main.rs:235)
68.672499 [INFO ] NMEA $GLGSV,2,1,08,87,64,177,,76,63,067,21,77,44,334,,75,17,115,*61 (pico_gnss pico-gnss-rs/src/main.rs:235)
68.731047 [INFO ] NMEA $GLGSV,2,2,08,67,06,280,,68,05,326,,85,05,027,,88,03,203,*63 (pico_gnss pico-gnss-rs/src/main.rs:235)
68.789869 [INFO ] NMEA $GNRMC,190301.000,A,0000.0000,N,00000.0000,E,0.66,285.51,070626,,,A*73 (pico_gnss pico-gnss-rs/src/main.rs:235)
68.792058 [INFO ] SYNC pps_local_us=68078478 unix_s=1780858981 drift_us=2 (pico_gnss pico-gnss-rs/src/main.rs:251)
68.852148 [INFO ] NMEA $GPVTG,285.51,T,,M,0.66,N,1.23,K,A*36 (pico_gnss pico-gnss-rs/src/main.rs:235)
68.869174 [INFO ] NMEA $GPZDA,190301.000,07,06,2026,,*5B (pico_gnss pico-gnss-rs/src/main.rs:235)
69.078933 [INFO ] PPS count=71 interval_us=1000002 interval_ns=1000002608 state=Locked missed=0 (pico_gnss pico-gnss-rs/src/main.rs:131)
69.099976 [INFO ] TIME unix_ns=1780858982020975345 ppb=2601 holdover_ms=1020 locked=1 (pico_gnss pico-gnss-rs/src/main.rs:149)
69.191452 [INFO ] NMEA $GPGGA,190302.000,0000.0000,N,00000.0000,E,1,5,3.36,32.2,M,39.0,M,,*67 (pico_gnss pico-gnss-rs/src/main.rs:235)
69.249730 [INFO ] NMEA $GNGLL,0000.0000,N,00000.0000,E,190302.000,A,A*46 (pico_gnss pico-gnss-rs/src/main.rs:235)
69.308126 [INFO ] NMEA $GNGSA,A,3,18,26,31,16,,,,,,,,,3.47,3.36,0.89*13 (pico_gnss pico-gnss-rs/src/main.rs:235)
69.357134 [INFO ] NMEA $GNGSA,A,3,76,,,,,,,,,,,,3.47,3.36,0.89*1A (pico_gnss pico-gnss-rs/src/main.rs:235)
69.415766 [INFO ] NMEA $GPGSV,4,1,15,27,76,338,22,16,61,055,26,08,52,261,,26,41,096,21*77 (pico_gnss pico-gnss-rs/src/main.rs:235)
69.474356 [INFO ] NMEA $GPGSV,4,2,15,31,23,155,21,07,21,317,,02,20,192,,04,19,242,*79 (pico_gnss pico-gnss-rs/src/main.rs:235)
69.561772 [INFO ] NMEA $GPGSV,4,3,15,18,16,041,23,09,16,276,,23,05,079,19,10,02,111,19*75 (pico_gnss pico-gnss-rs/src/main.rs:235)
69.591239 [INFO ] NMEA $GPGSV,4,4,15,193,,,,194,,,,195,,,*47 (pico_gnss pico-gnss-rs/src/main.rs:235)
69.653833 [INFO ] NMEA $GLGSV,2,1,08,87,64,177,,76,63,067,20,77,44,334,,75,17,115,*60 (pico_gnss pico-gnss-rs/src/main.rs:235)
69.712417 [INFO ] NMEA $GLGSV,2,2,08,67,06,280,,68,05,326,,85,05,027,,88,03,203,*63 (pico_gnss pico-gnss-rs/src/main.rs:235)
69.799867 [INFO ] NMEA $GNRMC,190302.000,A,0000.0000,N,00000.0000,E,1.20,328.95,070626,,,A*72 (pico_gnss pico-gnss-rs/src/main.rs:235)
69.802036 [INFO ] SYNC pps_local_us=69078474 unix_s=1780858982 drift_us=2 (pico_gnss pico-gnss-rs/src/main.rs:251)
69.829654 [INFO ] NMEA $GPVTG,328.95,T,,M,1.20,N,2.22,K,A*39 (pico_gnss pico-gnss-rs/src/main.rs:235)
69.866856 [INFO ] NMEA $GPZDA,190302.000,07,06,2026,,*58 (pico_gnss pico-gnss-rs/src/main.rs:235)
70.078952 [INFO ] PPS count=72 interval_us=1000002 interval_ns=1000002592 state=Locked missed=0 (pico_gnss pico-gnss-rs/src/main.rs:131)
70.101291 [INFO ] TIME unix_ns=1780858983022289341 ppb=2601 holdover_ms=1022 locked=1 (pico_gnss pico-gnss-rs/src/main.rs:149)
70.187389 [INFO ] NMEA $GPGGA,190303.000,0000.0000,N,00000.0000,E,1,5,3.35,32.3,M,39.0,M,,*6C (pico_gnss pico-gnss-rs/src/main.rs:235)
70.245690 [INFO ] NMEA $GNGLL,0000.0000,N,00000.0000,E,190303.000,A,A*4F (pico_gnss pico-gnss-rs/src/main.rs:235)
70.304077 [INFO ] NMEA $GNGSA,A,3,18,26,31,16,,,,,,,,,3.47,3.35,0.89*10 (pico_gnss pico-gnss-rs/src/main.rs:235)
70.333584 [INFO ] NMEA $GNGSA,A,3,76,,,,,,,,,,,,3.47,3.35,0.89*19 (pico_gnss pico-gnss-rs/src/main.rs:235)
70.424007 [INFO ] NMEA $GPGSV,4,1,15,27,76,338,22,16,61,055,26,08,52,261,,26,41,096,21*77 (pico_gnss pico-gnss-rs/src/main.rs:235)
70.482624 [INFO ] NMEA $GPGSV,4,2,15,31,23,155,21,07,21,317,,02,20,192,,04,19,242,*79 (pico_gnss pico-gnss-rs/src/main.rs:235)
70.541267 [INFO ] NMEA $GPGSV,4,3,15,18,16,041,23,09,16,276,,23,05,079,19,10,02,111,19*75 (pico_gnss pico-gnss-rs/src/main.rs:235)
70.599430 [INFO ] NMEA $GPGSV,4,4,15,193,,,,194,,,,195,,,*47 (pico_gnss pico-gnss-rs/src/main.rs:235)
70.662134 [INFO ] NMEA $GLGSV,2,1,08,87,64,177,,76,63,067,19,77,44,334,,75,17,115,*6A (pico_gnss pico-gnss-rs/src/main.rs:235)
70.720708 [INFO ] NMEA $GLGSV,2,2,08,67,06,280,,68,05,326,,85,05,027,,88,03,203,*63 (pico_gnss pico-gnss-rs/src/main.rs:235)
70.808188 [INFO ] NMEA $GNRMC,190303.000,A,0000.0000,N,00000.0000,E,1.24,303.77,070626,,,A*7A (pico_gnss pico-gnss-rs/src/main.rs:235)
70.810390 [INFO ] SYNC pps_local_us=70078482 unix_s=1780858983 drift_us=2 (pico_gnss pico-gnss-rs/src/main.rs:251)
70.837850 [INFO ] NMEA $GPVTG,303.77,T,,M,1.24,N,2.30,K,A*3B (pico_gnss pico-gnss-rs/src/main.rs:235)
70.863036 [INFO ] NMEA $GPZDA,190303.000,07,06,2026,,*59 (pico_gnss pico-gnss-rs/src/main.rs:235)
71.078939 [INFO ] PPS count=73 interval_us=1000002 interval_ns=1000002608 state=Locked missed=0 (pico_gnss pico-gnss-rs/src/main.rs:131)
71.102594 [INFO ] TIME unix_ns=1780858984023595338 ppb=2601 holdover_ms=1023 locked=1 (pico_gnss pico-gnss-rs/src/main.rs:149)
71.198634 [INFO ] NMEA $GPGGA,190304.000,0000.0000,N,00000.0000,E,1,5,3.36,32.3,M,39.0,M,,*6C (pico_gnss pico-gnss-rs/src/main.rs:235)
71.228280 [INFO ] NMEA $GNGLL,0000.0000,N,00000.0000,E,190304.000,A,A*4C (pico_gnss pico-gnss-rs/src/main.rs:235)
71.286566 [INFO ] NMEA $GNGSA,A,3,18,26,31,16,,,,,,,,,3.47,3.36,0.89*13 (pico_gnss pico-gnss-rs/src/main.rs:235)
71.344806 [INFO ] NMEA $GNGSA,A,3,76,,,,,,,,,,,,3.47,3.36,0.89*1A (pico_gnss pico-gnss-rs/src/main.rs:235)
71.403467 [INFO ] NMEA $GPGSV,4,1,15,27,76,338,22,16,61,055,26,08,52,261,,26,41,096,21*77 (pico_gnss pico-gnss-rs/src/main.rs:235)
71.466135 [INFO ] NMEA $GPGSV,4,2,15,31,23,155,21,07,21,317,,02,20,192,,04,19,242,*79 (pico_gnss pico-gnss-rs/src/main.rs:235)
71.553577 [INFO ] NMEA $GPGSV,4,3,15,18,16,041,23,09,16,276,,23,05,079,19,10,02,111,19*75 (pico_gnss pico-gnss-rs/src/main.rs:235)
71.583062 [INFO ] NMEA $GPGSV,4,4,15,193,,,,194,,,,195,,,*47 (pico_gnss pico-gnss-rs/src/main.rs:235)
71.641591 [INFO ] NMEA $GLGSV,2,1,08,87,64,177,,76,63,067,19,77,44,334,,75,17,115,*6A (pico_gnss pico-gnss-rs/src/main.rs:235)
71.732979 [INFO ] NMEA $GLGSV,2,2,08,67,06,280,,68,05,326,,85,05,027,,88,03,203,*63 (pico_gnss pico-gnss-rs/src/main.rs:235)
71.791726 [INFO ] NMEA $GNRMC,190304.000,A,0000.0000,N,00000.0000,E,1.07,303.77,070626,,,A*78 (pico_gnss pico-gnss-rs/src/main.rs:235)
71.793901 [INFO ] SYNC pps_local_us=71078486 unix_s=1780858984 drift_us=2 (pico_gnss pico-gnss-rs/src/main.rs:251)
71.849929 [INFO ] NMEA $GPVTG,303.77,T,,M,1.07,N,1.99,K,A*3A (pico_gnss pico-gnss-rs/src/main.rs:235)
71.862776 [INFO ] NMEA $GPZDA,190304.000,07,06,2026,,*5E (pico_gnss pico-gnss-rs/src/main.rs:235)
72.078948 [INFO ] PPS count=74 interval_us=1000002 interval_ns=1000002592 state=Locked missed=0 (pico_gnss pico-gnss-rs/src/main.rs:131)
72.103918 [INFO ] TIME unix_ns=1780858985024897335 ppb=2601 holdover_ms=1024 locked=1 (pico_gnss pico-gnss-rs/src/main.rs:149)
72.190404 [INFO ] NMEA $GPGGA,190305.000,0000.0000,N,00000.0000,E,1,5,3.35,32.3,M,39.0,M,,*68 (pico_gnss pico-gnss-rs/src/main.rs:235)
72.243575 [INFO ] NMEA $GNGLL,0000.0000,N,00000.0000,E,190305.000,A,A*4B (pico_gnss pico-gnss-rs/src/main.rs:235)
72.301905 [INFO ] NMEA $GNGSA,A,3,18,26,31,16,,,,,,,,,3.47,3.35,0.89*10 (pico_gnss pico-gnss-rs/src/main.rs:235)
72.331471 [INFO ] NMEA $GNGSA,A,3,76,,,,,,,,,,,,3.47,3.35,0.89*19 (pico_gnss pico-gnss-rs/src/main.rs:235)
72.418799 [INFO ] NMEA $GPGSV,4,1,15,27,76,338,22,16,61,055,26,08,52,261,,26,41,096,22*74 (pico_gnss pico-gnss-rs/src/main.rs:235)
72.481504 [INFO ] NMEA $GPGSV,4,2,15,31,23,155,21,07,21,317,,02,20,192,,04,19,242,*79 (pico_gnss pico-gnss-rs/src/main.rs:235)
72.540179 [INFO ] NMEA $GPGSV,4,3,15,18,16,041,23,09,16,276,,23,05,079,19,10,02,111,19*75 (pico_gnss pico-gnss-rs/src/main.rs:235)
72.598336 [INFO ] NMEA $GPGSV,4,4,15,193,,,,194,,,,195,,,*47 (pico_gnss pico-gnss-rs/src/main.rs:235)
72.656947 [INFO ] NMEA $GLGSV,2,1,08,87,64,177,,76,63,067,19,77,44,334,,75,17,115,*6A (pico_gnss pico-gnss-rs/src/main.rs:235)
72.715457 [INFO ] NMEA $GLGSV,2,2,08,67,06,280,,68,05,326,,85,04,027,,88,03,203,*62 (pico_gnss pico-gnss-rs/src/main.rs:235)
72.807094 [INFO ] NMEA $GNRMC,190305.000,A,0000.0000,N,00000.0000,E,1.04,303.77,070626,,,A*7C (pico_gnss pico-gnss-rs/src/main.rs:235)
72.809270 [INFO ] SYNC pps_local_us=72078489 unix_s=1780858985 drift_us=2 (pico_gnss pico-gnss-rs/src/main.rs:251)
72.836759 [INFO ] NMEA $GPVTG,303.77,T,,M,1.04,N,1.92,K,A*32 (pico_gnss pico-gnss-rs/src/main.rs:235)
72.866129 [INFO ] NMEA $GPZDA,190305.000,07,06,2026,,*5F (pico_gnss pico-gnss-rs/src/main.rs:235)
73.078952 [INFO ] PPS count=75 interval_us=1000002 interval_ns=1000002592 state=Locked missed=0 (pico_gnss pico-gnss-rs/src/main.rs:131)
73.105221 [INFO ] TIME unix_ns=1780858986026206332 ppb=2601 holdover_ms=1026 locked=1 (pico_gnss pico-gnss-rs/src/main.rs:149)
73.193439 [INFO ] NMEA $GPGGA,190306.000,0000.0000,N,00000.0000,E,1,5,3.35,32.2,M,39.0,M,,*69 (pico_gnss pico-gnss-rs/src/main.rs:235)
73.258946 [INFO ] NMEA $GNGLL,0000.0000,N,00000.0000,E,190306.000,A,A*4B (pico_gnss pico-gnss-rs/src/main.rs:235)
73.288562 [INFO ] NMEA $GNGSA,A,3,18,26,31,16,,,,,,,,,3.47,3.35,0.89*10 (pico_gnss pico-gnss-rs/src/main.rs:235)
73.346769 [INFO ] NMEA $GNGSA,A,3,76,,,,,,,,,,,,3.47,3.35,0.89*19 (pico_gnss pico-gnss-rs/src/main.rs:235)
73.405396 [INFO ] NMEA $GPGSV,4,1,15,27,76,338,21,16,61,055,26,08,52,261,,26,41,096,22*77 (pico_gnss pico-gnss-rs/src/main.rs:235)
73.492799 [INFO ] NMEA $GPGSV,4,2,15,31,23,155,21,07,21,317,,02,20,192,16,04,19,242,*7E (pico_gnss pico-gnss-rs/src/main.rs:235)
73.555542 [INFO ] NMEA $GPGSV,4,3,15,18,16,041,24,09,16,276,,23,05,079,19,10,02,111,19*72 (pico_gnss pico-gnss-rs/src/main.rs:235)
73.585046 [INFO ] NMEA $GPGSV,4,4,15,193,,,,194,,,,195,,,*47 (pico_gnss pico-gnss-rs/src/main.rs:235)
73.672318 [INFO ] NMEA $GLGSV,2,1,08,87,64,177,,76,63,067,20,77,44,334,,75,17,115,*60 (pico_gnss pico-gnss-rs/src/main.rs:235)
73.730883 [INFO ] NMEA $GLGSV,2,2,08,67,06,280,,68,05,326,,85,04,027,,88,03,203,*62 (pico_gnss pico-gnss-rs/src/main.rs:235)
73.793706 [INFO ] NMEA $GNRMC,190306.000,A,0000.0000,N,00000.0000,E,0.58,303.77,070626,,,A*74 (pico_gnss pico-gnss-rs/src/main.rs:235)
73.795894 [INFO ] SYNC pps_local_us=73078492 unix_s=1780858986 drift_us=2 (pico_gnss pico-gnss-rs/src/main.rs:251)
73.851915 [INFO ] NMEA $GPVTG,303.77,T,,M,0.58,N,1.07,K,A*36 (pico_gnss pico-gnss-rs/src/main.rs:235)
73.871016 [INFO ] NMEA $GPZDA,190306.000,07,06,2026,,*5C (pico_gnss pico-gnss-rs/src/main.rs:235)
74.078942 [INFO ] PPS count=76 interval_us=1000002 interval_ns=1000002608 state=Locked missed=0 (pico_gnss pico-gnss-rs/src/main.rs:131)
74.106535 [INFO ] TIME unix_ns=1780858987027534328 ppb=2601 holdover_ms=1027 locked=1 (pico_gnss pico-gnss-rs/src/main.rs:149)
74.187369 [INFO ] NMEA $GPGGA,190307.000,0000.0000,N,00000.0000,E,1,5,3.36,32.3,M,39.0,M,,*63 (pico_gnss pico-gnss-rs/src/main.rs:235)
74.245688 [INFO ] NMEA $GNGLL,0000.0000,N,00000.0000,E,190307.000,A,A*43 (pico_gnss pico-gnss-rs/src/main.rs:235)
74.292767 [INFO ] NMEA $GNGSA,A,3,18,26,31,16,,,,,,,,,3.47,3.36,0.89*13 (pico_gnss pico-gnss-rs/src/main.rs:235)
74.351034 [INFO ] NMEA $GNGSA,A,3,76,,,,,,,,,,,,3.47,3.36,0.89*1A (pico_gnss pico-gnss-rs/src/main.rs:235)
74.409677 [INFO ] NMEA $GPGSV,4,1,15,27,76,338,21,16,61,055,26,08,52,261,17,26,41,096,22*71 (pico_gnss pico-gnss-rs/src/main.rs:235)
74.468317 [INFO ] NMEA $GPGSV,4,2,15,31,23,155,21,07,21,317,,02,20,192,15,04,19,242,*7D (pico_gnss pico-gnss-rs/src/main.rs:235)
74.559812 [INFO ] NMEA $GPGSV,4,3,15,18,16,041,24,09,16,276,,23,05,079,19,10,02,111,19*72 (pico_gnss pico-gnss-rs/src/main.rs:235)
74.589302 [INFO ] NMEA $GPGSV,4,4,15,193,,,,194,,,,195,,,*47 (pico_gnss pico-gnss-rs/src/main.rs:235)
74.647809 [INFO ] NMEA $GLGSV,2,1,08,87,66,177,,76,63,067,21,77,44,334,,75,17,115,*63 (pico_gnss pico-gnss-rs/src/main.rs:235)
74.735137 [INFO ] NMEA $GLGSV,2,2,08,67,06,280,,68,05,326,,85,04,027,,88,03,203,*62 (pico_gnss pico-gnss-rs/src/main.rs:235)
74.793855 [INFO ] NMEA $GNRMC,190307.000,A,0000.0000,N,00000.0000,E,0.55,303.77,070626,,,A*71 (pico_gnss pico-gnss-rs/src/main.rs:235)
74.796051 [INFO ] SYNC pps_local_us=74078500 unix_s=1780858987 drift_us=2 (pico_gnss pico-gnss-rs/src/main.rs:251)
74.827413 [INFO ] NMEA $GPVTG,303.77,T,,M,0.55,N,1.02,K,A*3E (pico_gnss pico-gnss-rs/src/main.rs:235)
74.866839 [INFO ] NMEA $GPZDA,190307.000,07,06,2026,,*5D (pico_gnss pico-gnss-rs/src/main.rs:235)
75.078942 [INFO ] PPS count=77 interval_us=1000002 interval_ns=1000002592 state=Locked missed=0 (pico_gnss pico-gnss-rs/src/main.rs:131)
75.107856 [INFO ] TIME unix_ns=1780858988028836325 ppb=2601 holdover_ms=1028 locked=1 (pico_gnss pico-gnss-rs/src/main.rs:149)
75.190358 [INFO ] NMEA $GPGGA,190308.000,0000.0000,N,00000.0000,E,1,5,3.36,32.2,M,39.0,M,,*6C (pico_gnss pico-gnss-rs/src/main.rs:235)
75.248665 [INFO ] NMEA $GNGLL,0000.0000,N,00000.0000,E,190308.000,A,A*4D (pico_gnss pico-gnss-rs/src/main.rs:235)
75.307018 [INFO ] NMEA $GNGSA,A,3,18,26,31,16,,,,,,,,,3.47,3.36,0.89*13 (pico_gnss pico-gnss-rs/src/main.rs:235)
75.333474 [INFO ] NMEA $GNGSA,A,3,76,,,,,,,,,,,,3.47,3.36,0.89*1A (pico_gnss pico-gnss-rs/src/main.rs:235)
75.420870 [INFO ] NMEA $GPGSV,4,1,15,27,76,338,21,16,61,055,26,08,52,261,17,26,41,096,22*71 (pico_gnss pico-gnss-rs/src/main.rs:235)
75.479475 [INFO ] NMEA $GPGSV,4,2,15,31,23,155,21,07,21,317,,02,20,192,16,04,19,242,*7E (pico_gnss pico-gnss-rs/src/main.rs:235)
75.566881 [INFO ] NMEA $GPGSV,4,3,15,18,16,041,24,09,16,276,,23,05,079,18,10,02,111,20*79 (pico_gnss pico-gnss-rs/src/main.rs:235)
75.600421 [INFO ] NMEA $GPGSV,4,4,15,193,,,,194,,,,195,,,*47 (pico_gnss pico-gnss-rs/src/main.rs:235)
75.659017 [INFO ] NMEA $GLGSV,2,1,08,87,66,177,,76,63,067,21,77,44,334,,75,17,115,*63 (pico_gnss pico-gnss-rs/src/main.rs:235)
75.717555 [INFO ] NMEA $GLGSV,2,2,08,67,06,280,,68,05,326,,85,04,027,,88,04,203,*65 (pico_gnss pico-gnss-rs/src/main.rs:235)
75.805061 [INFO ] NMEA $GNRMC,190308.000,A,0000.0000,N,00000.0000,E,1.30,303.77,070626,,,A*7D (pico_gnss pico-gnss-rs/src/main.rs:235)
75.807246 [INFO ] SYNC pps_local_us=75078483 unix_s=1780858988 drift_us=2 (pico_gnss pico-gnss-rs/src/main.rs:251)
75.834696 [INFO ] NMEA $GPVTG,303.77,T,,M,1.30,N,2.42,K,A*3B (pico_gnss pico-gnss-rs/src/main.rs:235)
75.870163 [INFO ] NMEA $GPZDA,190308.000,07,06,2026,,*52 (pico_gnss pico-gnss-rs/src/main.rs:235)
76.078951 [INFO ] PPS count=78 interval_us=1000002 interval_ns=1000002592 state=Locked missed=0 (pico_gnss pico-gnss-rs/src/main.rs:131)
76.109180 [INFO ] TIME unix_ns=1780858989030171322 ppb=2600 holdover_ms=1030 locked=1 (pico_gnss pico-gnss-rs/src/main.rs:149)
76.184434 [INFO ] NMEA $GPGGA,190309.000,0000.0000,N,00000.0000,E,1,5,3.36,32.2,M,39.0,M,,*62 (pico_gnss pico-gnss-rs/src/main.rs:235)
76.242727 [INFO ] NMEA $GNGLL,0000.0000,N,00000.0000,E,190309.000,A,A*43 (pico_gnss pico-gnss-rs/src/main.rs:235)
76.301113 [INFO ] NMEA $GNGSA,A,3,18,26,31,16,,,,,,,,,3.47,3.36,0.89*13 (pico_gnss pico-gnss-rs/src/main.rs:235)
76.330622 [INFO ] NMEA $GNGSA,A,3,76,,,,,,,,,,,,3.47,3.36,0.89*1A (pico_gnss pico-gnss-rs/src/main.rs:235)
76.423143 [INFO ] NMEA $GPGSV,4,1,15,27,76,338,21,16,61,055,26,08,52,261,17,26,41,096,22*71 (pico_gnss pico-gnss-rs/src/main.rs:235)
76.481803 [INFO ] NMEA $GPGSV,4,2,15,31,23,155,21,07,21,317,,02,20,192,16,04,19,242,*7E (pico_gnss pico-gnss-rs/src/main.rs:235)
76.540423 [INFO ] NMEA $GPGSV,4,3,15,18,16,041,24,09,16,276,,23,05,079,18,10,02,111,20*79 (pico_gnss pico-gnss-rs/src/main.rs:235)
76.598632 [INFO ] NMEA $GPGSV,4,4,15,193,,,,194,,,,195,,,*47 (pico_gnss pico-gnss-rs/src/main.rs:235)
76.661286 [INFO ] NMEA $GLGSV,2,1,08,87,66,177,,76,63,067,22,77,44,334,,75,17,115,*60 (pico_gnss pico-gnss-rs/src/main.rs:235)
76.719866 [INFO ] NMEA $GLGSV,2,2,08,67,06,280,,68,05,326,,85,04,027,,88,04,203,*65 (pico_gnss pico-gnss-rs/src/main.rs:235)
76.807315 [INFO ] NMEA $GNRMC,190309.000,A,0000.0000,N,00000.0000,E,1.11,303.77,070626,,,A*70 (pico_gnss pico-gnss-rs/src/main.rs:235)
76.809491 [INFO ] SYNC pps_local_us=76078493 unix_s=1780858989 drift_us=2 (pico_gnss pico-gnss-rs/src/main.rs:251)
76.837005 [INFO ] NMEA $GPVTG,303.77,T,,M,1.11,N,2.05,K,A*3B (pico_gnss pico-gnss-rs/src/main.rs:235)
76.864269 [INFO ] NMEA $GPZDA,190309.000,07,06,2026,,*53 (pico_gnss pico-gnss-rs/src/main.rs:235)
77.078965 [INFO ] PPS count=79 interval_us=1000002 interval_ns=1000002608 state=Locked missed=0 (pico_gnss pico-gnss-rs/src/main.rs:131)
77.110485 [INFO ] TIME unix_ns=1780858990031475318 ppb=2601 holdover_ms=1031 locked=1 (pico_gnss pico-gnss-rs/src/main.rs:149)
77.210613 [INFO ] NMEA $GPGGA,190310.000,0000.0000,N,00000.0000,E,1,5,3.36,32.2,M,39.0,M,,*60 (pico_gnss pico-gnss-rs/src/main.rs:235)
77.268965 [INFO ] NMEA $GNGLL,0000.0000,N,00000.0000,E,190310.000,A,A*41 (pico_gnss pico-gnss-rs/src/main.rs:235)
77.298639 [INFO ] NMEA $GNGSA,A,3,18,26,31,16,,,,,,,,,3.47,3.36,0.89*13 (pico_gnss pico-gnss-rs/src/main.rs:235)
77.356798 [INFO ] NMEA $GNGSA,A,3,76,,,,,,,,,,,,3.47,3.36,0.89*1A (pico_gnss pico-gnss-rs/src/main.rs:235)
77.419584 [INFO ] NMEA $GPGSV,4,1,15,27,76,338,21,16,61,055,26,08,52,261,17,26,41,096,22*71 (pico_gnss pico-gnss-rs/src/main.rs:235)
77.506960 [INFO ] NMEA $GPGSV,4,2,15,31,23,155,21,07,21,317,,02,20,192,15,04,19,242,*7D (pico_gnss pico-gnss-rs/src/main.rs:235)
77.565642 [INFO ] NMEA $GPGSV,4,3,15,18,16,041,24,09,16,276,,23,05,079,19,10,02,111,20*78 (pico_gnss pico-gnss-rs/src/main.rs:235)
77.595080 [INFO ] NMEA $GPGSV,4,4,15,193,,,,194,,,,195,,,*47 (pico_gnss pico-gnss-rs/src/main.rs:235)
77.686518 [INFO ] NMEA $GLGSV,2,1,08,87,66,177,,76,63,067,22,77,44,334,,75,17,115,*60 (pico_gnss pico-gnss-rs/src/main.rs:235)
77.745048 [INFO ] NMEA $GLGSV,2,2,08,67,06,280,,68,05,326,,85,04,027,,88,04,203,*65 (pico_gnss pico-gnss-rs/src/main.rs:235)
77.803784 [INFO ] NMEA $GNRMC,190310.000,A,0000.0000,N,00000.0000,E,1.16,303.77,070626,,,A*75 (pico_gnss pico-gnss-rs/src/main.rs:235)
77.805978 [INFO ] SYNC pps_local_us=77078506 unix_s=1780858990 drift_us=2 (pico_gnss pico-gnss-rs/src/main.rs:251)
77.861980 [INFO ] NMEA $GPVTG,303.77,T,,M,1.16,N,2.15,K,A*3D (pico_gnss pico-gnss-rs/src/main.rs:235)
77.881122 [INFO ] NMEA $GPZDA,190310.000,07,06,2026,,*5B (pico_gnss pico-gnss-rs/src/main.rs:235)
78.078964 [INFO ] PPS count=80 interval_us=1000002 interval_ns=1000002592 state=Locked missed=0 (pico_gnss pico-gnss-rs/src/main.rs:131)
78.111801 [INFO ] TIME unix_ns=1780858991032772315 ppb=2600 holdover_ms=1032 locked=1 (pico_gnss pico-gnss-rs/src/main.rs:149)
78.182116 [INFO ] NMEA $GPGGA,190311.000,0000.0000,N,00000.0000,E,1,5,3.36,32.2,M,39.0,M,,*6A (pico_gnss pico-gnss-rs/src/main.rs:235)
78.240488 [INFO ] NMEA $GNGLL,0000.0000,N,00000.0000,E,190311.000,A,A*4B (pico_gnss pico-gnss-rs/src/main.rs:235)
78.298806 [INFO ] NMEA $GNGSA,A,3,18,26,31,16,,,,,,,,,3.47,3.36,0.89*13 (pico_gnss pico-gnss-rs/src/main.rs:235)
78.357096 [INFO ] NMEA $GNGSA,A,3,76,,,,,,,,,,,,3.47,3.36,0.89*1A (pico_gnss pico-gnss-rs/src/main.rs:235)
78.415765 [INFO ] NMEA $GPGSV,4,1,15,27,76,338,21,16,61,055,26,08,52,261,17,26,41,096,22*71 (pico_gnss pico-gnss-rs/src/main.rs:235)
78.478482 [INFO ] NMEA $GPGSV,4,2,15,31,23,155,21,07,21,317,,02,20,192,15,04,19,242,*7D (pico_gnss pico-gnss-rs/src/main.rs:235)
78.565917 [INFO ] NMEA $GPGSV,4,3,15,18,16,041,24,09,16,276,,23,05,079,19,10,02,111,20*78 (pico_gnss pico-gnss-rs/src/main.rs:235)
78.595405 [INFO ] NMEA $GPGSV,4,4,15,193,,,,194,,,,195,,,*47 (pico_gnss pico-gnss-rs/src/main.rs:235)
78.653887 [INFO ] NMEA $GLGSV,2,1,08,87,66,177,,76,63,067,22,77,44,334,,75,17,115,*60 (pico_gnss pico-gnss-rs/src/main.rs:235)
78.716537 [INFO ] NMEA $GLGSV,2,2,08,67,06,280,,68,05,326,,85,04,027,,88,04,203,*65 (pico_gnss pico-gnss-rs/src/main.rs:235)
78.804011 [INFO ] NMEA $GNRMC,190311.000,A,0000.0000,N,00000.0000,E,1.12,317.56,070626,,,A*7D (pico_gnss pico-gnss-rs/src/main.rs:235)
78.806203 [INFO ] SYNC pps_local_us=78078505 unix_s=1780858991 drift_us=2 (pico_gnss pico-gnss-rs/src/main.rs:251)
78.833692 [INFO ] NMEA $GPVTG,317.56,T,,M,1.12,N,2.07,K,A*3C (pico_gnss pico-gnss-rs/src/main.rs:235)
78.872923 [INFO ] NMEA $GPZDA,190311.000,07,06,2026,,*5A (pico_gnss pico-gnss-rs/src/main.rs:235)
79.078962 [INFO ] PPS count=81 interval_us=1000002 interval_ns=1000002608 state=Locked missed=0 (pico_gnss pico-gnss-rs/src/main.rs:131)
79.113114 [INFO ] TIME unix_ns=1780858992034091311 ppb=2601 holdover_ms=1034 locked=1 (pico_gnss pico-gnss-rs/src/main.rs:149)
79.191382 [INFO ] NMEA $GPGGA,190312.000,0000.0000,N,00000.0000,E,1,5,3.36,32.2,M,39.0,M,,*6D (pico_gnss pico-gnss-rs/src/main.rs:235)
79.246595 [INFO ] NMEA $GNGLL,0000.0000,N,00000.0000,E,190312.000,A,A*4C (pico_gnss pico-gnss-rs/src/main.rs:235)
79.304969 [INFO ] NMEA $GNGSA,A,3,18,26,31,16,,,,,,,,,3.47,3.36,0.89*13 (pico_gnss pico-gnss-rs/src/main.rs:235)
79.334499 [INFO ] NMEA $GNGSA,A,3,76,,,,,,,,,,,,3.47,3.36,0.89*1A (pico_gnss pico-gnss-rs/src/main.rs:235)
79.421895 [INFO ] NMEA $GPGSV,4,1,15,27,76,338,21,16,61,055,26,08,52,261,17,26,41,096,22*71 (pico_gnss pico-gnss-rs/src/main.rs:235)
79.484581 [INFO ] NMEA $GPGSV,4,2,15,31,23,155,21,07,21,317,,02,20,192,15,04,19,242,*7D (pico_gnss pico-gnss-rs/src/main.rs:235)
79.543265 [INFO ] NMEA $GPGSV,4,3,15,18,16,041,24,09,16,276,,23,05,079,19,10,02,111,21*79 (pico_gnss pico-gnss-rs/src/main.rs:235)
79.601447 [INFO ] NMEA $GPGSV,4,4,15,193,,,,194,,,,195,,,*47 (pico_gnss pico-gnss-rs/src/main.rs:235)
79.660012 [INFO ] NMEA $GLGSV,2,1,08,87,66,177,,76,63,067,22,77,44,334,,75,17,115,*60 (pico_gnss pico-gnss-rs/src/main.rs:235)
79.718551 [INFO ] NMEA $GLGSV,2,2,08,67,06,280,,68,05,326,,85,04,027,,88,04,203,*65 (pico_gnss pico-gnss-rs/src/main.rs:235)
79.810181 [INFO ] NMEA $GNRMC,190312.000,A,0000.0000,N,00000.0000,E,1.12,310.98,070626,,,A*7F (pico_gnss pico-gnss-rs/src/main.rs:235)
79.812367 [INFO ] SYNC pps_local_us=79078505 unix_s=1780858992 drift_us=2 (pico_gnss pico-gnss-rs/src/main.rs:251)
79.839859 [INFO ] NMEA $GPVTG,310.98,T,,M,1.12,N,2.07,K,A*39 (pico_gnss pico-gnss-rs/src/main.rs:235)
79.871360 [INFO ] NMEA $GPZDA,190312.000,07,06,2026,,*59 (pico_gnss pico-gnss-rs/src/main.rs:235)
80.078967 [INFO ] PPS count=82 interval_us=1000002 interval_ns=1000002576 state=Locked missed=0 (pico_gnss pico-gnss-rs/src/main.rs:131)
80.114438 [INFO ] TIME unix_ns=1780858993035398309 ppb=2600 holdover_ms=1035 locked=1 (pico_gnss pico-gnss-rs/src/main.rs:149)
80.189590 [INFO ] NMEA $GPGGA,190313.000,0000.0000,N,00000.0000,E,1,5,3.36,32.2,M,39.0,M,,*68 (pico_gnss pico-gnss-rs/src/main.rs:235)
80.253069 [INFO ] NMEA $GNGLL,0000.0000,N,00000.0000,E,190313.000,A,A*49 (pico_gnss pico-gnss-rs/src/main.rs:235)
80.282662 [INFO ] NMEA $GNGSA,A,3,18,26,31,16,,,,,,,,,3.48,3.36,0.89*1C (pico_gnss pico-gnss-rs/src/main.rs:235)
80.340896 [INFO ] NMEA $GNGSA,A,3,76,,,,,,,,,,,,3.48,3.36,0.89*15 (pico_gnss pico-gnss-rs/src/main.rs:235)
80.428298 [INFO ] NMEA $GPGSV,4,1,15,27,76,338,21,16,61,055,26,08,52,261,17,26,41,096,22*71 (pico_gnss pico-gnss-rs/src/main.rs:235)
80.486963 [INFO ] NMEA $GPGSV,4,2,15,31,23,155,21,07,21,317,,02,20,192,15,04,19,242,*7D (pico_gnss pico-gnss-rs/src/main.rs:235)
80.549675 [INFO ] NMEA $GPGSV,4,3,15,18,16,041,24,09,16,276,,23,05,079,19,10,02,111,21*79 (pico_gnss pico-gnss-rs/src/main.rs:235)
80.607891 [INFO ] NMEA $GPGSV,4,4,15,193,,,,194,,,,195,,,*47 (pico_gnss pico-gnss-rs/src/main.rs:235)
80.666460 [INFO ] NMEA $GLGSV,2,1,08,87,66,177,,76,63,067,22,77,44,334,,75,17,115,*60 (pico_gnss pico-gnss-rs/src/main.rs:235)
80.725022 [INFO ] NMEA $GLGSV,2,2,08,67,06,280,,68,05,326,,85,04,027,,88,04,203,*65 (pico_gnss pico-gnss-rs/src/main.rs:235)
80.787835 [INFO ] NMEA $GNRMC,190313.000,A,0000.0000,N,00000.0000,E,1.16,306.66,070626,,,A*78 (pico_gnss pico-gnss-rs/src/main.rs:235)
80.790031 [INFO ] SYNC pps_local_us=80078504 unix_s=1780858993 drift_us=2 (pico_gnss pico-gnss-rs/src/main.rs:251)
80.846064 [INFO ] NMEA $GPVTG,306.66,T,,M,1.16,N,2.15,K,A*38 (pico_gnss pico-gnss-rs/src/main.rs:235)
80.869372 [INFO ] NMEA $GPZDA,190313.000,07,06,2026,,*58 (pico_gnss pico-gnss-rs/src/main.rs:235)
81.078973 [INFO ] PPS count=83 interval_us=1000002 interval_ns=1000002608 state=Locked missed=0 (pico_gnss pico-gnss-rs/src/main.rs:131)
81.115748 [INFO ] TIME unix_ns=1780858994036717305 ppb=2600 holdover_ms=1036 locked=1 (pico_gnss pico-gnss-rs/src/main.rs:149)
81.191438 [INFO ] NMEA $GPGGA,190314.000,0000.0000,N,00000.0000,E,1,5,3.36,32.2,M,39.0,M,,*6E (pico_gnss pico-gnss-rs/src/main.rs:235)
81.249763 [INFO ] NMEA $GNGLL,0000.0000,N,00000.0000,E,190314.000,A,A*4F (pico_gnss pico-gnss-rs/src/main.rs:235)
81.292701 [INFO ] NMEA $GNGSA,A,3,18,26,31,16,,,,,,,,,3.48,3.36,0.89*1C (pico_gnss pico-gnss-rs/src/main.rs:235)
81.350953 [INFO ] NMEA $GNGSA,A,3,76,,,,,,,,,,,,3.48,3.36,0.89*15 (pico_gnss pico-gnss-rs/src/main.rs:235)
81.409652 [INFO ] NMEA $GPGSV,4,1,15,27,76,338,21,16,61,055,26,08,52,261,16,26,41,096,22*70 (pico_gnss pico-gnss-rs/src/main.rs:235)
81.497028 [INFO ] NMEA $GPGSV,4,2,15,31,23,155,21,07,21,317,,02,20,192,15,04,19,242,*7D (pico_gnss pico-gnss-rs/src/main.rs:235)
81.559774 [INFO ] NMEA $GPGSV,4,3,15,18,16,041,24,09,16,276,,23,05,079,19,10,02,111,20*78 (pico_gnss pico-gnss-rs/src/main.rs:235)
81.589268 [INFO ] NMEA $GPGSV,4,4,15,193,,,,194,,,,195,,,*47 (pico_gnss pico-gnss-rs/src/main.rs:235)
81.676540 [INFO ] NMEA $GLGSV,2,1,08,87,66,177,,76,63,067,22,77,44,334,,75,17,115,*60 (pico_gnss pico-gnss-rs/src/main.rs:235)
81.735076 [INFO ] NMEA $GLGSV,2,2,08,67,06,280,,68,05,326,,85,04,027,,88,04,203,*65 (pico_gnss pico-gnss-rs/src/main.rs:235)
81.793818 [INFO ] NMEA $GNRMC,190314.000,A,0000.0000,N,00000.0000,E,1.62,315.66,070626,,,A*7F (pico_gnss pico-gnss-rs/src/main.rs:235)
81.795999 [INFO ] SYNC pps_local_us=81078515 unix_s=1780858994 drift_us=2 (pico_gnss pico-gnss-rs/src/main.rs:251)
81.856145 [INFO ] NMEA $GPVTG,315.66,T,,M,1.62,N,2.99,K,A*3D (pico_gnss pico-gnss-rs/src/main.rs:235)
81.871050 [INFO ] NMEA $GPZDA,190314.000,07,06,2026,,*5F (pico_gnss pico-gnss-rs/src/main.rs:235)
82.078960 [INFO ] PPS count=84 interval_us=1000002 interval_ns=1000002592 state=Locked missed=0 (pico_gnss pico-gnss-rs/src/main.rs:131)
82.117084 [INFO ] TIME unix_ns=1780858995038035302 ppb=2600 holdover_ms=1038 locked=1 (pico_gnss pico-gnss-rs/src/main.rs:149)
82.187272 [INFO ] NMEA $GPGGA,190315.000,0000.0000,N,00000.0000,E,1,5,3.36,32.1,M,39.0,M,,*61 (pico_gnss pico-gnss-rs/src/main.rs:235)
82.245582 [INFO ] NMEA $GNGLL,0000.0000,N,00000.0000,E,190315.000,A,A*43 (pico_gnss pico-gnss-rs/src/main.rs:235)
82.303917 [INFO ] NMEA $GNGSA,A,3,18,26,31,16,,,,,,,,,3.48,3.36,0.89*1C (pico_gnss pico-gnss-rs/src/main.rs:235)
82.326260 [INFO ] NMEA $GNGSA,A,3,76,,,,,,,,,,,,3.48,3.36,0.89*15 (pico_gnss pico-gnss-rs/src/main.rs:235)
82.413625 [INFO ] NMEA $GPGSV,4,1,15,27,76,338,21,16,61,055,26,08,52,261,16,26,41,096,21*73 (pico_gnss pico-gnss-rs/src/main.rs:235)
82.472267 [INFO ] NMEA $GPGSV,4,2,15,31,23,155,21,07,21,317,,02,20,192,15,04,19,242,*7D (pico_gnss pico-gnss-rs/src/main.rs:235)
82.559679 [INFO ] NMEA $GPGSV,4,3,15,18,16,041,24,09,16,276,,23,05,079,19,10,02,111,20*78 (pico_gnss pico-gnss-rs/src/main.rs:235)
82.593226 [INFO ] NMEA $GPGSV,4,4,15,193,,,,194,,,,195,,,*47 (pico_gnss pico-gnss-rs/src/main.rs:235)
82.651824 [INFO ] NMEA $GLGSV,2,1,08,87,66,177,,76,63,067,21,77,44,334,,75,17,115,*63 (pico_gnss pico-gnss-rs/src/main.rs:235)
82.710347 [INFO ] NMEA $GLGSV,2,2,08,67,06,280,,68,05,326,,85,04,027,,88,04,203,*65 (pico_gnss pico-gnss-rs/src/main.rs:235)
82.797819 [INFO ] NMEA $GNRMC,190315.000,A,0000.0000,N,00000.0000,E,0.21,315.66,070626,,,A*75 (pico_gnss pico-gnss-rs/src/main.rs:235)
82.800007 [INFO ] SYNC pps_local_us=82078505 unix_s=1780858995 drift_us=2 (pico_gnss pico-gnss-rs/src/main.rs:251)
82.827513 [INFO ] NMEA $GPVTG,315.66,T,,M,0.21,N,0.39,K,A*33 (pico_gnss pico-gnss-rs/src/main.rs:235)
82.866610 [INFO ] NMEA $GPZDA,190315.000,07,06,2026,,*5E (pico_gnss pico-gnss-rs/src/main.rs:235)
83.078971 [INFO ] PPS count=85 interval_us=1000002 interval_ns=1000002608 state=Locked missed=0 (pico_gnss pico-gnss-rs/src/main.rs:131)
83.118397 [INFO ] TIME unix_ns=1780858996039371298 ppb=2600 holdover_ms=1039 locked=1 (pico_gnss pico-gnss-rs/src/main.rs:149)
83.190452 [INFO ] NMEA $GPGGA,190316.000,0000.0000,N,00000.0000,E,1,5,3.36,32.1,M,39.0,M,,*69 (pico_gnss pico-gnss-rs/src/main.rs:235)
83.248745 [INFO ] NMEA $GNGLL,0000.0000,N,00000.0000,E,190316.000,A,A*4B (pico_gnss pico-gnss-rs/src/main.rs:235)
83.307119 [INFO ] NMEA $GNGSA,A,3,18,26,31,16,,,,,,,,,3.48,3.36,0.89*1C (pico_gnss pico-gnss-rs/src/main.rs:235)
83.336638 [INFO ] NMEA $GNGSA,A,3,76,,,,,,,,,,,,3.48,3.36,0.89*15 (pico_gnss pico-gnss-rs/src/main.rs:235)
83.425083 [INFO ] NMEA $GPGSV,4,1,15,27,76,338,20,16,61,055,26,08,52,261,15,26,41,096,21*71 (pico_gnss pico-gnss-rs/src/main.rs:235)
83.483673 [INFO ] NMEA $GPGSV,4,2,15,31,23,155,21,07,21,317,,02,20,192,14,04,19,242,*7C (pico_gnss pico-gnss-rs/src/main.rs:235)
83.542339 [INFO ] NMEA $GPGSV,4,3,15,18,16,041,24,09,16,276,,23,05,079,18,10,02,111,20*79 (pico_gnss pico-gnss-rs/src/main.rs:235)
83.600535 [INFO ] NMEA $GPGSV,4,4,15,193,,,,194,,,,195,,,*47 (pico_gnss pico-gnss-rs/src/main.rs:235)
83.663188 [INFO ] NMEA $GLGSV,2,1,08,87,66,177,,76,63,067,21,77,44,334,,75,17,115,*63 (pico_gnss pico-gnss-rs/src/main.rs:235)
83.721783 [INFO ] NMEA $GLGSV,2,2,08,67,06,280,,68,05,326,,85,04,027,,88,04,203,*65 (pico_gnss pico-gnss-rs/src/main.rs:235)
83.809242 [INFO ] NMEA $GNRMC,190316.000,A,0000.0000,N,00000.0000,E,0.74,273.35,070626,,,A*7A (pico_gnss pico-gnss-rs/src/main.rs:235)
83.811415 [INFO ] SYNC pps_local_us=83078519 unix_s=1780858996 drift_us=2 (pico_gnss pico-gnss-rs/src/main.rs:251)
83.838925 [INFO ] NMEA $GPVTG,273.35,T,,M,0.74,N,1.37,K,A*3B (pico_gnss pico-gnss-rs/src/main.rs:235)
83.870371 [INFO ] NMEA $GPZDA,190316.000,07,06,2026,,*5D (pico_gnss pico-gnss-rs/src/main.rs:235)
84.078984 [INFO ] PPS count=86 interval_us=1000002 interval_ns=1000002576 state=Locked missed=0 (pico_gnss pico-gnss-rs/src/main.rs:131)
84.119710 [INFO ] TIME unix_ns=1780858997040667295 ppb=2599 holdover_ms=1040 locked=1 (pico_gnss pico-gnss-rs/src/main.rs:149)
84.195596 [INFO ] NMEA $GPGGA,190317.000,0000.0000,N,00000.0000,E,1,5,3.36,32.0,M,39.0,M,,*67 (pico_gnss pico-gnss-rs/src/main.rs:235)
84.253968 [INFO ] NMEA $GNGLL,0000.0000,N,00000.0000,E,190317.000,A,A*44 (pico_gnss pico-gnss-rs/src/main.rs:235)
84.283567 [INFO ] NMEA $GNGSA,A,3,18,26,31,16,,,,,,,,,3.48,3.36,0.89*1C (pico_gnss pico-gnss-rs/src/main.rs:235)
84.341768 [INFO ] NMEA $GNGSA,A,3,76,,,,,,,,,,,,3.48,3.36,0.89*15 (pico_gnss pico-gnss-rs/src/main.rs:235)
84.404563 [INFO ] NMEA $GPGSV,4,1,15,27,76,338,20,16,61,055,26,08,52,261,15,26,41,096,21*71 (pico_gnss pico-gnss-rs/src/main.rs:235)
84.491937 [INFO ] NMEA $GPGSV,4,2,15,31,23,155,21,07,21,317,,02,20,192,15,04,19,242,*7D (pico_gnss pico-gnss-rs/src/main.rs:235)
84.550578 [INFO ] NMEA $GPGSV,4,3,15,18,16,041,24,09,16,276,,23,05,079,18,10,02,111,20*79 (pico_gnss pico-gnss-rs/src/main.rs:235)
84.608774 [INFO ] NMEA $GPGSV,4,4,15,193,,,,194,,,,195,,,*47 (pico_gnss pico-gnss-rs/src/main.rs:235)
84.671476 [INFO ] NMEA $GLGSV,2,1,08,87,66,177,,76,63,067,21,77,44,334,,75,17,115,*63 (pico_gnss pico-gnss-rs/src/main.rs:235)
84.730025 [INFO ] NMEA $GLGSV,2,2,08,67,06,280,,68,05,326,,85,04,027,,88,04,203,*65 (pico_gnss pico-gnss-rs/src/main.rs:235)
84.788754 [INFO ] NMEA $GNRMC,190317.000,A,0000.0000,N,00000.0000,E,0.33,273.35,070626,,,A*76 (pico_gnss pico-gnss-rs/src/main.rs:235)
84.790951 [INFO ] SYNC pps_local_us=84078528 unix_s=1780858997 drift_us=2 (pico_gnss pico-gnss-rs/src/main.rs:251)
84.846967 [INFO ] NMEA $GPVTG,273.35,T,,M,0.33,N,0.61,K,A*3A (pico_gnss pico-gnss-rs/src/main.rs:235)
84.870261 [INFO ] NMEA $GPZDA,190317.000,07,06,2026,,*5C (pico_gnss pico-gnss-rs/src/main.rs:235)
85.078978 [INFO ] PPS count=87 interval_us=1000002 interval_ns=1000002608 state=Locked missed=0 (pico_gnss pico-gnss-rs/src/main.rs:131)
85.121008 [INFO ] TIME unix_ns=1780858998041968292 ppb=2600 holdover_ms=1041 locked=1 (pico_gnss pico-gnss-rs/src/main.rs:149)
85.206837 [INFO ] NMEA $GPGGA,190318.000,0000.0000,N,00000.0000,E,1,5,3.36,32.0,M,39.0,M,,*68 (pico_gnss pico-gnss-rs/src/main.rs:235)
85.236439 [INFO ] NMEA $GNGLL,0000.0000,N,00000.0000,E,190318.000,A,A*4B (pico_gnss pico-gnss-rs/src/main.rs:235)
85.294716 [INFO ] NMEA $GNGSA,A,3,18,26,31,16,,,,,,,,,3.48,3.36,0.89*1C (pico_gnss pico-gnss-rs/src/main.rs:235)
85.352986 [INFO ] NMEA $GNGSA,A,3,76,,,,,,,,,,,,3.48,3.36,0.89*15 (pico_gnss pico-gnss-rs/src/main.rs:235)
85.411681 [INFO ] NMEA $GPGSV,4,1,15,27,76,338,20,16,61,055,26,08,52,261,15,26,41,096,22*72 (pico_gnss pico-gnss-rs/src/main.rs:235)
85.474410 [INFO ] NMEA $GPGSV,4,2,15,31,23,155,21,07,21,317,,02,20,192,15,04,19,242,*7D (pico_gnss pico-gnss-rs/src/main.rs:235)
85.561814 [INFO ] NMEA $GPGSV,4,3,15,18,16,041,24,09,16,276,,23,05,079,18,10,02,111,20*79 (pico_gnss pico-gnss-rs/src/main.rs:235)
85.591321 [INFO ] NMEA $GPGSV,4,4,15,193,,,,194,,,,195,,,*47 (pico_gnss pico-gnss-rs/src/main.rs:235)
85.678611 [INFO ] NMEA $GLGSV,2,1,08,87,66,177,,76,63,067,22,77,44,334,,75,17,115,*60 (pico_gnss pico-gnss-rs/src/main.rs:235)
85.741260 [INFO ] NMEA $GLGSV,2,2,08,67,06,280,,68,05,326,,85,04,027,,88,04,203,*65 (pico_gnss pico-gnss-rs/src/main.rs:235)
85.799954 [INFO ] NMEA $GNRMC,190318.000,A,0000.0000,N,00000.0000,E,0.58,273.35,070626,,,A*74 (pico_gnss pico-gnss-rs/src/main.rs:235)
85.802133 [INFO ] SYNC pps_local_us=85078522 unix_s=1780858998 drift_us=2 (pico_gnss pico-gnss-rs/src/main.rs:251)
85.858199 [INFO ] NMEA $GPVTG,273.35,T,,M,0.58,N,1.07,K,A*36 (pico_gnss pico-gnss-rs/src/main.rs:235)
85.873094 [INFO ] NMEA $GPZDA,190318.000,07,06,2026,,*53 (pico_gnss pico-gnss-rs/src/main.rs:235)
86.078974 [INFO ] PPS count=88 interval_us=1000002 interval_ns=1000002592 state=Locked missed=0 (pico_gnss pico-gnss-rs/src/main.rs:131)
86.122311 [INFO ] TIME unix_ns=1780858999043278289 ppb=2599 holdover_ms=1043 locked=1 (pico_gnss pico-gnss-rs/src/main.rs:149)
86.189504 [INFO ] NMEA $GPGGA,190319.000,0000.0000,N,00000.0000,E,1,5,3.36,32.0,M,39.0,M,,*6B (pico_gnss pico-gnss-rs/src/main.rs:235)
86.240644 [INFO ] NMEA $GNGLL,0000.0000,N,00000.0000,E,190319.000,A,A*48 (pico_gnss pico-gnss-rs/src/main.rs:235)
86.298971 [INFO ] NMEA $GNGSA,A,3,18,26,31,16,,,,,,,,,3.48,3.36,0.89*1C (pico_gnss pico-gnss-rs/src/main.rs:235)
86.328504 [INFO ] NMEA $GNGSA,A,3,76,,,,,,,,,,,,3.48,3.36,0.89*15 (pico_gnss pico-gnss-rs/src/main.rs:235)
86.415871 [INFO ] NMEA $GPGSV,4,1,15,27,76,338,20,16,61,055,26,08,52,261,15,26,41,096,22*72 (pico_gnss pico-gnss-rs/src/main.rs:235)
86.478617 [INFO ] NMEA $GPGSV,4,2,15,31,23,155,21,07,21,317,,02,20,192,14,04,19,242,*7C (pico_gnss pico-gnss-rs/src/main.rs:235)
86.566032 [INFO ] NMEA $GPGSV,4,3,15,18,16,041,24,09,16,276,,23,05,079,18,10,02,111,20*79 (pico_gnss pico-gnss-rs/src/main.rs:235)
86.595527 [INFO ] NMEA $GPGSV,4,4,15,193,,,,194,,,,195,,,*47 (pico_gnss pico-gnss-rs/src/main.rs:235)
86.654058 [INFO ] NMEA $GLGSV,2,1,08,87,66,177,,76,63,067,22,77,44,334,,75,17,115,*60 (pico_gnss pico-gnss-rs/src/main.rs:235)
86.712589 [INFO ] NMEA $GLGSV,2,2,08,67,06,280,,68,05,326,,85,04,027,,88,04,203,*65 (pico_gnss pico-gnss-rs/src/main.rs:235)
86.804201 [INFO ] NMEA $GNRMC,190319.000,A,0000.0000,N,00000.0000,E,1.19,286.99,070626,,,A*7F (pico_gnss pico-gnss-rs/src/main.rs:235)
86.806381 [INFO ] SYNC pps_local_us=86078524 unix_s=1780858999 drift_us=2 (pico_gnss pico-gnss-rs/src/main.rs:251)
86.833866 [INFO ] NMEA $GPVTG,286.99,T,,M,1.19,N,2.21,K,A*39 (pico_gnss pico-gnss-rs/src/main.rs:235)
86.868876 [INFO ] NMEA $GPZDA,190319.000,07,06,2026,,*52 (pico_gnss pico-gnss-rs/src/main.rs:235)
87.078986 [INFO ] PPS count=89 interval_us=1000002 interval_ns=1000002608 state=Locked missed=0 (pico_gnss pico-gnss-rs/src/main.rs:131)
87.123625 [INFO ] TIME unix_ns=1780859000044580285 ppb=2600 holdover_ms=1044 locked=1 (pico_gnss pico-gnss-rs/src/main.rs:149)
87.188445 [INFO ] NMEA $GPGGA,190320.000,0000.0000,N,00000.0000,E,1,5,3.36,31.9,M,39.0,M,,*6F (pico_gnss pico-gnss-rs/src/main.rs:235)
87.247764 [INFO ] NMEA $GNGLL,0000.0000,N,00000.0000,E,190320.000,A,A*46 (pico_gnss pico-gnss-rs/src/main.rs:235)
87.306157 [INFO ] NMEA $GNGSA,A,3,18,26,31,16,,,,,,,,,3.48,3.36,0.89*1C (pico_gnss pico-gnss-rs/src/main.rs:235)
87.335703 [INFO ] NMEA $GNGSA,A,3,76,,,,,,,,,,,,3.48,3.36,0.89*15 (pico_gnss pico-gnss-rs/src/main.rs:235)
87.423087 [INFO ] NMEA $GPGSV,4,1,15,27,76,338,20,16,61,055,26,08,52,261,15,26,41,096,22*72 (pico_gnss pico-gnss-rs/src/main.rs:235)
87.481687 [INFO ] NMEA $GPGSV,4,2,15,31,23,155,21,07,21,317,,02,20,192,13,04,19,242,*7B (pico_gnss pico-gnss-rs/src/main.rs:235)
87.544447 [INFO ] NMEA $GPGSV,4,3,15,18,16,041,24,09,16,276,,23,05,079,18,10,02,111,20*79 (pico_gnss pico-gnss-rs/src/main.rs:235)
87.602658 [INFO ] NMEA $GPGSV,4,4,15,193,,,,194,,,,195,,,*47 (pico_gnss pico-gnss-rs/src/main.rs:235)
87.661249 [INFO ] NMEA $GLGSV,2,1,08,87,66,177,,76,63,067,22,77,44,334,,75,17,115,*60 (pico_gnss pico-gnss-rs/src/main.rs:235)
87.719808 [INFO ] NMEA $GLGSV,2,2,08,67,06,280,,68,05,326,,85,04,027,,88,04,203,*65 (pico_gnss pico-gnss-rs/src/main.rs:235)
87.811361 [INFO ] NMEA $GNRMC,190320.000,A,0000.0000,N,00000.0000,E,1.97,286.99,070626,,,A*77 (pico_gnss pico-gnss-rs/src/main.rs:235)
87.813567 [INFO ] SYNC pps_local_us=87078528 unix_s=1780859000 drift_us=2 (pico_gnss pico-gnss-rs/src/main.rs:251)
87.841058 [INFO ] NMEA $GPVTG,286.99,T,,M,1.97,N,3.65,K,A*3E (pico_gnss pico-gnss-rs/src/main.rs:235)
87.868331 [INFO ] NMEA $GPZDA,190320.000,07,06,2026,,*58 (pico_gnss pico-gnss-rs/src/main.rs:235)
88.078975 [INFO ] PPS count=90 interval_us=1000002 interval_ns=1000002592 state=Locked missed=0 (pico_gnss pico-gnss-rs/src/main.rs:131)
88.124930 [INFO ] TIME unix_ns=1780859001045886282 ppb=2599 holdover_ms=1045 locked=1 (pico_gnss pico-gnss-rs/src/main.rs:149)
88.203547 [INFO ] NMEA $GPGGA,190321.000,0000.0000,N,00000.0000,E,1,5,3.36,31.9,M,39.0,M,,*6D (pico_gnss pico-gnss-rs/src/main.rs:235)
88.261842 [INFO ] NMEA $GNGLL,0000.0000,N,00000.0000,E,190321.000,A,A*44 (pico_gnss pico-gnss-rs/src/main.rs:235)
88.300697 [INFO ] NMEA $GNGSA,A,3,18,26,31,16,,,,,,,,,3.48,3.36,0.89*1C (pico_gnss pico-gnss-rs/src/main.rs:235)
88.358939 [INFO ] NMEA $GNGSA,A,3,76,,,,,,,,,,,,3.48,3.36,0.89*15 (pico_gnss pico-gnss-rs/src/main.rs:235)
88.417656 [INFO ] NMEA $GPGSV,4,1,15,27,76,338,20,16,61,055,26,08,52,261,15,26,41,096,22*72 (pico_gnss pico-gnss-rs/src/main.rs:235)
88.505011 [INFO ] NMEA $GPGSV,4,2,15,31,23,155,21,07,21,317,,02,20,192,13,04,19,242,*7B (pico_gnss pico-gnss-rs/src/main.rs:235)
88.567760 [INFO ] NMEA $GPGSV,4,3,15,18,16,041,24,09,16,276,,23,05,079,18,10,02,111,20*79 (pico_gnss pico-gnss-rs/src/main.rs:235)
88.597220 [INFO ] NMEA $GPGSV,4,4,15,193,,,,194,,,,195,,,*47 (pico_gnss pico-gnss-rs/src/main.rs:235)
88.684538 [INFO ] NMEA $GLGSV,2,1,08,87,66,177,,76,63,067,22,77,44,334,,75,17,115,*60 (pico_gnss pico-gnss-rs/src/main.rs:235)
88.743084 [INFO ] NMEA $GLGSV,2,2,08,67,06,280,,68,05,326,,85,04,027,,88,04,203,*65 (pico_gnss pico-gnss-rs/src/main.rs:235)
88.801788 [INFO ] NMEA $GNRMC,190321.000,A,0000.0000,N,00000.0000,E,0.04,286.99,070626,,,A*7E (pico_gnss pico-gnss-rs/src/main.rs:235)
88.803969 [INFO ] SYNC pps_local_us=88078524 unix_s=1780859001 drift_us=2 (pico_gnss pico-gnss-rs/src/main.rs:251)
88.864102 [INFO ] NMEA $GPVTG,286.99,T,,M,0.04,N,0.08,K,A*3D (pico_gnss pico-gnss-rs/src/main.rs:235)
88.883226 [INFO ] NMEA $GPZDA,190321.000,07,06,2026,,*59 (pico_gnss pico-gnss-rs/src/main.rs:235)
89.078995 [INFO ] PPS count=91 interval_us=1000002 interval_ns=1000002592 state=Locked missed=0 (pico_gnss pico-gnss-rs/src/main.rs:131)
89.126252 [INFO ] TIME unix_ns=1780859002047196279 ppb=2599 holdover_ms=1047 locked=1 (pico_gnss pico-gnss-rs/src/main.rs:149)
89.191545 [INFO ] NMEA $GPGGA,190322.000,0000.0000,N,00000.0000,E,1,5,3.36,31.9,M,39.0,M,,*64 (pico_gnss pico-gnss-rs/src/main.rs:235)
89.249824 [INFO ] NMEA $GNGLL,0000.0000,N,00000.0000,E,190322.000,A,A*4D (pico_gnss pico-gnss-rs/src/main.rs:235)
89.308181 [INFO ] NMEA $GNGSA,A,3,18,26,31,16,,,,,,,,,3.48,3.36,0.89*1C (pico_gnss pico-gnss-rs/src/main.rs:235)
89.355156 [INFO ] NMEA $GNGSA,A,3,76,,,,,,,,,,,,3.48,3.36,0.89*15 (pico_gnss pico-gnss-rs/src/main.rs:235)
89.413808 [INFO ] NMEA $GPGSV,4,1,15,27,76,338,20,16,61,055,26,08,52,261,15,26,41,096,22*72 (pico_gnss pico-gnss-rs/src/main.rs:235)
89.472438 [INFO ] NMEA $GPGSV,4,2,15,31,23,155,21,07,21,317,,02,20,192,13,04,19,242,*7B (pico_gnss pico-gnss-rs/src/main.rs:235)
89.559841 [INFO ] NMEA $GPGSV,4,3,15,18,16,041,24,09,16,276,,23,05,079,18,10,02,111,20*79 (pico_gnss pico-gnss-rs/src/main.rs:235)
89.593386 [INFO ] NMEA $GPGSV,4,4,15,193,,,,194,,,,195,,,*47 (pico_gnss pico-gnss-rs/src/main.rs:235)
89.651954 [INFO ] NMEA $GLGSV,2,1,08,87,66,177,,76,63,067,21,77,44,334,,75,17,115,*63 (pico_gnss pico-gnss-rs/src/main.rs:235)
89.739301 [INFO ] NMEA $GLGSV,2,2,08,67,06,280,,68,05,326,,85,04,027,,88,04,203,*65 (pico_gnss pico-gnss-rs/src/main.rs:235)
89.797991 [INFO ] NMEA $GNRMC,190322.000,A,0000.0000,N,00000.0000,E,0.03,286.99,070626,,,A*70 (pico_gnss pico-gnss-rs/src/main.rs:235)
89.800198 [INFO ] SYNC pps_local_us=89078531 unix_s=1780859002 drift_us=2 (pico_gnss pico-gnss-rs/src/main.rs:251)
89.856235 [INFO ] NMEA $GPVTG,286.99,T,,M,0.03,N,0.05,K,A*37 (pico_gnss pico-gnss-rs/src/main.rs:235)
89.871007 [INFO ] NMEA $GPZDA,190322.000,07,06,2026,,*5A (pico_gnss pico-gnss-rs/src/main.rs:235)
90.078993 [INFO ] PPS count=92 interval_us=1000002 interval_ns=1000002592 state=Locked missed=0 (pico_gnss pico-gnss-rs/src/main.rs:131)
90.127544 [INFO ] TIME unix_ns=1780859003048500276 ppb=2599 holdover_ms=1048 locked=1 (pico_gnss pico-gnss-rs/src/main.rs:149)
90.189520 [INFO ] NMEA $GPGGA,190323.000,0000.0000,N,00000.0000,E,1,5,3.36,31.8,M,39.0,M,,*6C (pico_gnss pico-gnss-rs/src/main.rs:235)
90.247828 [INFO ] NMEA $GNGLL,0000.0000,N,00000.0000,E,190323.000,A,A*44 (pico_gnss pico-gnss-rs/src/main.rs:235)
90.306193 [INFO ] NMEA $GNGSA,A,3,18,26,31,16,,,,,,,,,3.48,3.36,0.89*1C (pico_gnss pico-gnss-rs/src/main.rs:235)
90.335724 [INFO ] NMEA $GNGSA,A,3,76,,,,,,,,,,,,3.48,3.36,0.89*15 (pico_gnss pico-gnss-rs/src/main.rs:235)
90.420043 [INFO ] NMEA $GPGSV,4,1,15,27,76,338,20,16,61,055,26,08,52,261,16,26,41,096,23*70 (pico_gnss pico-gnss-rs/src/main.rs:235)
90.478645 [INFO ] NMEA $GPGSV,4,2,15,31,23,155,20,07,21,317,,02,20,192,13,04,19,242,*7A (pico_gnss pico-gnss-rs/src/main.rs:235)
90.566047 [INFO ] NMEA $GPGSV,4,3,15,18,16,041,24,09,16,276,,23,05,079,18,10,02,111,20*79 (pico_gnss pico-gnss-rs/src/main.rs:235)
90.595556 [INFO ] NMEA $GPGSV,4,4,15,193,,,,194,,,,195,,,*47 (pico_gnss pico-gnss-rs/src/main.rs:235)
90.658166 [INFO ] NMEA $GLGSV,2,1,08,87,66,177,,76,63,067,21,77,44,334,,75,17,115,*63 (pico_gnss pico-gnss-rs/src/main.rs:235)
90.716698 [INFO ] NMEA $GLGSV,2,2,08,67,06,280,,68,05,326,,85,04,027,,88,04,203,*65 (pico_gnss pico-gnss-rs/src/main.rs:235)
90.804218 [INFO ] NMEA $GNRMC,190323.000,A,0000.0000,N,00000.0000,E,0.08,286.99,070626,,,A*72 (pico_gnss pico-gnss-rs/src/main.rs:235)
90.806400 [INFO ] SYNC pps_local_us=90078539 unix_s=1780859003 drift_us=2 (pico_gnss pico-gnss-rs/src/main.rs:251)
90.833843 [INFO ] NMEA $GPVTG,286.99,T,,M,0.08,N,0.14,K,A*3C (pico_gnss pico-gnss-rs/src/main.rs:235)
90.868871 [INFO ] NMEA $GPZDA,190323.000,07,06,2026,,*5B (pico_gnss pico-gnss-rs/src/main.rs:235)
91.078995 [INFO ] PPS count=93 interval_us=1000002 interval_ns=1000002592 state=Locked missed=0 (pico_gnss pico-gnss-rs/src/main.rs:131)
91.128845 [INFO ] TIME unix_ns=1780859004049790272 ppb=2599 holdover_ms=1049 locked=1 (pico_gnss pico-gnss-rs/src/main.rs:149)
91.194550 [INFO ] NMEA $GPGGA,190324.000,0000.0000,N,00000.0000,E,1,5,3.36,31.8,M,39.0,M,,*6F (pico_gnss pico-gnss-rs/src/main.rs:235)
91.252876 [INFO ] NMEA $GNGLL,0000.0000,N,00000.0000,E,190324.000,A,A*47 (pico_gnss pico-gnss-rs/src/main.rs:235)
91.311262 [INFO ] NMEA $GNGSA,A,3,18,26,31,16,,,,,,,,,3.48,3.36,0.89*1C (pico_gnss pico-gnss-rs/src/main.rs:235)
91.340819 [INFO ] NMEA $GNGSA,A,3,76,,,,,,,,,,,,3.48,3.36,0.89*15 (pico_gnss pico-gnss-rs/src/main.rs:235)
91.432241 [INFO ] NMEA $GPGSV,4,1,15,27,76,338,20,16,61,055,26,08,52,261,16,26,41,096,23*70 (pico_gnss pico-gnss-rs/src/main.rs:235)
91.490923 [INFO ] NMEA $GPGSV,4,2,15,31,23,155,20,07,21,317,,02,20,192,12,04,19,242,*7B (pico_gnss pico-gnss-rs/src/main.rs:235)
91.549541 [INFO ] NMEA $GPGSV,4,3,15,18,16,041,24,09,16,276,,23,05,079,18,10,02,111,19*73 (pico_gnss pico-gnss-rs/src/main.rs:235)
91.607743 [INFO ] NMEA $GPGSV,4,4,15,193,,,,194,,,,195,,,*47 (pico_gnss pico-gnss-rs/src/main.rs:235)
91.670398 [INFO ] NMEA $GLGSV,2,1,08,87,66,177,,76,63,067,20,77,44,334,,75,17,115,*62 (pico_gnss pico-gnss-rs/src/main.rs:235)
91.728992 [INFO ] NMEA $GLGSV,2,2,08,67,06,280,,68,05,326,,85,04,027,,88,04,203,*65 (pico_gnss pico-gnss-rs/src/main.rs:235)
91.816442 [INFO ] NMEA $GNRMC,190324.000,A,0000.0000,N,00000.0000,E,0.17,286.99,070626,,,A*7F (pico_gnss pico-gnss-rs/src/main.rs:235)
91.818610 [INFO ] SYNC pps_local_us=91078533 unix_s=1780859004 drift_us=2 (pico_gnss pico-gnss-rs/src/main.rs:251)
91.846136 [INFO ] NMEA $GPVTG,286.99,T,,M,0.17,N,0.32,K,A*36 (pico_gnss pico-gnss-rs/src/main.rs:235)
91.873406 [INFO ] NMEA $GPZDA,190324.000,07,06,2026,,*5C (pico_gnss pico-gnss-rs/src/main.rs:235)
92.079004 [INFO ] PPS count=94 interval_us=1000002 interval_ns=1000002608 state=Locked missed=0 (pico_gnss pico-gnss-rs/src/main.rs:131)
92.130146 [INFO ] TIME unix_ns=1780859005051094269 ppb=2599 holdover_ms=1051 locked=1 (pico_gnss pico-gnss-rs/src/main.rs:149)
92.206761 [INFO ] NMEA $GPGGA,190325.000,0000.0000,N,00000.0000,E,1,5,3.36,31.8,M,39.0,M,,*62 (pico_gnss pico-gnss-rs/src/main.rs:235)
92.265118 [INFO ] NMEA $GNGLL,0000.0000,N,00000.0000,E,190325.000,A,A*4A (pico_gnss pico-gnss-rs/src/main.rs:235)
92.294764 [INFO ] NMEA $GNGSA,A,3,18,26,31,16,,,,,,,,,3.48,3.36,0.89*1C (pico_gnss pico-gnss-rs/src/main.rs:235)
92.352926 [INFO ] NMEA $GNGSA,A,3,76,,,,,,,,,,,,3.48,3.36,0.89*15 (pico_gnss pico-gnss-rs/src/main.rs:235)
92.411617 [INFO ] NMEA $GPGSV,4,1,15,27,76,338,20,16,61,055,26,08,52,261,16,26,41,096,23*70 (pico_gnss pico-gnss-rs/src/main.rs:235)
92.503092 [INFO ] NMEA $GPGSV,4,2,15,31,23,155,20,07,21,317,,02,20,192,12,04,19,242,*7B (pico_gnss pico-gnss-rs/src/main.rs:235)
92.561800 [INFO ] NMEA $GPGSV,4,3,15,18,16,041,23,09,16,276,,23,05,079,18,10,02,111,19*74 (pico_gnss pico-gnss-rs/src/main.rs:235)
92.591254 [INFO ] NMEA $GPGSV,4,4,15,193,,,,194,,,,195,,,*47 (pico_gnss pico-gnss-rs/src/main.rs:235)
92.678561 [INFO ] NMEA $GLGSV,2,1,08,87,66,177,,76,63,067,20,77,44,334,,75,17,115,*62 (pico_gnss pico-gnss-rs/src/main.rs:235)
92.741178 [INFO ] NMEA $GLGSV,2,2,08,67,06,280,,68,05,326,,85,04,027,,88,04,203,*65 (pico_gnss pico-gnss-rs/src/main.rs:235)
92.799908 [INFO ] NMEA $GNRMC,190325.000,A,0000.0000,N,00000.0000,E,0.03,286.99,070626,,,A*77 (pico_gnss pico-gnss-rs/src/main.rs:235)
92.802092 [INFO ] SYNC pps_local_us=92078544 unix_s=1780859005 drift_us=2 (pico_gnss pico-gnss-rs/src/main.rs:251)
92.858133 [INFO ] NMEA $GPVTG,286.99,T,,M,0.03,N,0.06,K,A*34 (pico_gnss pico-gnss-rs/src/main.rs:235)
92.877240 [INFO ] NMEA $GPZDA,190325.000,07,06,2026,,*5D (pico_gnss pico-gnss-rs/src/main.rs:235)
93.079004 [INFO ] PPS count=95 interval_us=1000002 interval_ns=1000002592 state=Locked missed=0 (pico_gnss pico-gnss-rs/src/main.rs:131)
93.131533 [INFO ] TIME unix_ns=1780859006052403266 ppb=2599 holdover_ms=1052 locked=1 (pico_gnss pico-gnss-rs/src/main.rs:149)
93.187894 [INFO ] NMEA $GPGGA,190326.000,0000.0000,N,00000.0000,E,1,5,3.36,31.8,M,39.0,M,,*64 (pico_gnss pico-gnss-rs/src/main.rs:235)
93.234900 [INFO ] NMEA $GNGLL,0000.0000,N,00000.0000,E,190326.000,A,A*4C (pico_gnss pico-gnss-rs/src/main.rs:235)
93.293224 [INFO ] NMEA $GNGSA,A,3,18,26,31,16,,,,,,,,,3.48,3.36,0.89*1C (pico_gnss pico-gnss-rs/src/main.rs:235)
93.351524 [INFO ] NMEA $GNGSA,A,3,76,,,,,,,,,,,,3.48,3.36,0.89*15 (pico_gnss pico-gnss-rs/src/main.rs:235)
93.410175 [INFO ] NMEA $GPGSV,4,1,15,27,76,338,20,16,61,055,26,08,52,261,15,26,41,096,23*73 (pico_gnss pico-gnss-rs/src/main.rs:235)
93.472893 [INFO ] NMEA $GPGSV,4,2,15,31,23,155,20,07,21,317,,02,20,192,13,04,19,242,*7A (pico_gnss pico-gnss-rs/src/main.rs:235)
93.560313 [INFO ] NMEA $GPGSV,4,3,15,18,16,041,23,09,16,276,,23,05,079,17,10,02,111,19*7B (pico_gnss pico-gnss-rs/src/main.rs:235)
93.589813 [INFO ] NMEA $GPGSV,4,4,15,193,,,,194,,,,195,,,*47 (pico_gnss pico-gnss-rs/src/main.rs:235)
93.648295 [INFO ] NMEA $GLGSV,2,1,08,87,66,177,,76,63,067,20,77,44,334,,75,17,115,*62 (pico_gnss pico-gnss-rs/src/main.rs:235)
93.735568 [INFO ] NMEA $GLGSV,2,2,08,67,06,280,,68,05,326,,85,04,027,,88,04,203,*65 (pico_gnss pico-gnss-rs/src/main.rs:235)
93.798445 [INFO ] NMEA $GNRMC,190326.000,A,0000.0000,N,00000.0000,E,0.14,286.99,070626,,,A*77 (pico_gnss pico-gnss-rs/src/main.rs:235)
93.800640 [INFO ] SYNC pps_local_us=93078548 unix_s=1780859006 drift_us=2 (pico_gnss pico-gnss-rs/src/main.rs:251)
93.828137 [INFO ] NMEA $GPVTG,286.99,T,,M,0.14,N,0.27,K,A*31 (pico_gnss pico-gnss-rs/src/main.rs:235)
93.867323 [INFO ] NMEA $GPZDA,190326.000,07,06,2026,,*5E (pico_gnss pico-gnss-rs/src/main.rs:235)
94.078997 [INFO ] PPS count=96 interval_us=1000002 interval_ns=1000002592 state=Locked missed=0 (pico_gnss pico-gnss-rs/src/main.rs:131)
94.132917 [INFO ] TIME unix_ns=1780859007053786262 ppb=2599 holdover_ms=1053 locked=1 (pico_gnss pico-gnss-rs/src/main.rs:149)
94.188621 [INFO ] NMEA $GPGGA,190327.000,0000.0000,N,00000.0000,E,1,5,3.36,31.7,M,39.0,M,,*6E (pico_gnss pico-gnss-rs/src/main.rs:235)
94.243790 [INFO ] NMEA $GNGLL,0000.0000,N,00000.0000,E,190327.000,A,A*49 (pico_gnss pico-gnss-rs/src/main.rs:235)
94.302127 [INFO ] NMEA $GNGSA,A,3,18,26,31,16,,,,,,,,,3.48,3.36,0.89*1C (pico_gnss pico-gnss-rs/src/main.rs:235)
94.331658 [INFO ] NMEA $GNGSA,A,3,76,,,,,,,,,,,,3.48,3.36,0.89*15 (pico_gnss pico-gnss-rs/src/main.rs:235)
94.419094 [INFO ] NMEA $GPGSV,4,1,15,27,76,338,21,16,61,055,26,08,52,261,15,26,41,096,23*72 (pico_gnss pico-gnss-rs/src/main.rs:235)
94.477681 [INFO ] NMEA $GPGSV,4,2,15,31,23,155,20,07,21,317,,02,20,192,13,04,19,242,*7A (pico_gnss pico-gnss-rs/src/main.rs:235)
94.540453 [INFO ] NMEA $GPGSV,4,3,15,18,16,041,23,09,16,276,,23,05,079,17,10,02,111,19*7B (pico_gnss pico-gnss-rs/src/main.rs:235)
94.598644 [INFO ] NMEA $GPGSV,4,4,15,193,,,,194,,,,195,,,*47 (pico_gnss pico-gnss-rs/src/main.rs:235)
94.657252 [INFO ] NMEA $GLGSV,2,1,08,87,66,177,,76,63,067,20,77,44,334,,75,17,115,*62 (pico_gnss pico-gnss-rs/src/main.rs:235)
94.715778 [INFO ] NMEA $GLGSV,2,2,08,67,06,280,,68,05,326,,85,04,027,,88,04,203,*65 (pico_gnss pico-gnss-rs/src/main.rs:235)
94.807389 [INFO ] NMEA $GNRMC,190327.000,A,0000.0000,N,00000.0000,E,0.14,286.99,070626,,,A*72 (pico_gnss pico-gnss-rs/src/main.rs:235)
94.809580 [INFO ] SYNC pps_local_us=94078538 unix_s=1780859007 drift_us=2 (pico_gnss pico-gnss-rs/src/main.rs:251)
94.837065 [INFO ] NMEA $GPVTG,286.99,T,,M,0.14,N,0.26,K,A*30 (pico_gnss pico-gnss-rs/src/main.rs:235)
94.868521 [INFO ] NMEA $GPZDA,190327.000,07,06,2026,,*5F (pico_gnss pico-gnss-rs/src/main.rs:235)
95.079001 [INFO ] PPS count=97 interval_us=1000002 interval_ns=1000002592 state=Locked missed=0 (pico_gnss pico-gnss-rs/src/main.rs:131)
95.134298 [INFO ] TIME unix_ns=1780859008055185259 ppb=2598 holdover_ms=1055 locked=1 (pico_gnss pico-gnss-rs/src/main.rs:149)
95.188534 [INFO ] NMEA $GPGGA,190328.000,0000.0000,N,00000.0000,E,1,5,3.37,31.7,M,39.0,M,,*68 (pico_gnss pico-gnss-rs/src/main.rs:235)
95.246793 [INFO ] NMEA $GNGLL,0000.0000,N,00000.0000,E,190328.000,A,A*4E (pico_gnss pico-gnss-rs/src/main.rs:235)
95.281536 [INFO ] NMEA $GNGSA,A,3,18,26,31,16,,,,,,,,,3.48,3.37,0.89*1D (pico_gnss pico-gnss-rs/src/main.rs:235)
95.339795 [INFO ] NMEA $GNGSA,A,3,76,,,,,,,,,,,,3.48,3.37,0.89*14 (pico_gnss pico-gnss-rs/src/main.rs:235)
95.427218 [INFO ] NMEA $GPGSV,4,1,15,27,76,338,21,16,61,055,26,08,52,261,15,26,41,096,23*72 (pico_gnss pico-gnss-rs/src/main.rs:235)
95.485876 [INFO ] NMEA $GPGSV,4,2,15,31,23,155,20,07,21,317,,02,20,192,12,04,19,242,*7B (pico_gnss pico-gnss-rs/src/main.rs:235)
95.548592 [INFO ] NMEA $GPGSV,4,3,15,18,16,041,22,09,16,276,,23,05,079,17,10,02,111,19*7A (pico_gnss pico-gnss-rs/src/main.rs:235)
95.606787 [INFO ] NMEA $GPGSV,4,4,15,193,,,,194,,,,195,,,*47 (pico_gnss pico-gnss-rs/src/main.rs:235)
95.665342 [INFO ] NMEA $GLGSV,2,1,08,87,66,177,,76,63,067,20,77,44,334,,75,17,115,*62 (pico_gnss pico-gnss-rs/src/main.rs:235)
95.723940 [INFO ] NMEA $GLGSV,2,2,08,67,06,280,,68,05,326,,85,04,027,,88,04,203,*65 (pico_gnss pico-gnss-rs/src/main.rs:235)
95.811331 [INFO ] NMEA $GNRMC,190328.000,A,0000.0000,N,00000.0000,E,0.12,286.99,070626,,,A*73 (pico_gnss pico-gnss-rs/src/main.rs:235)
95.813534 [INFO ] SYNC pps_local_us=95078543 unix_s=1780859008 drift_us=2 (pico_gnss pico-gnss-rs/src/main.rs:251)
95.844998 [INFO ] NMEA $GPVTG,286.99,T,,M,0.12,N,0.23,K,A*33 (pico_gnss pico-gnss-rs/src/main.rs:235)
95.868285 [INFO ] NMEA $GPZDA,190328.000,07,06,2026,,*50 (pico_gnss pico-gnss-rs/src/main.rs:235)
96.079002 [INFO ] PPS count=98 interval_us=1000002 interval_ns=1000002592 state=Locked missed=0 (pico_gnss pico-gnss-rs/src/main.rs:131)
96.135690 [INFO ] TIME unix_ns=1780859009056560255 ppb=2598 holdover_ms=1056 locked=1 (pico_gnss pico-gnss-rs/src/main.rs:149)
96.191529 [INFO ] NMEA $GPGGA,190329.000,0000.0000,N,00000.0000,E,1,5,3.36,31.7,M,39.0,M,,*6C (pico_gnss pico-gnss-rs/src/main.rs:235)
96.249783 [INFO ] NMEA $GNGLL,0000.0000,N,00000.0000,E,190329.000,A,A*4B (pico_gnss pico-gnss-rs/src/main.rs:235)
96.308101 [INFO ] NMEA $GNGSA,A,3,18,26,31,16,,,,,,,,,3.48,3.36,0.89*1C (pico_gnss pico-gnss-rs/src/main.rs:235)
96.350946 [INFO ] NMEA $GNGSA,A,3,76,,,,,,,,,,,,3.48,3.36,0.89*15 (pico_gnss pico-gnss-rs/src/main.rs:235)
96.409652 [INFO ] NMEA $GPGSV,4,1,15,27,76,338,21,16,61,055,26,08,52,261,15,26,41,096,23*72 (pico_gnss pico-gnss-rs/src/main.rs:235)
96.496971 [INFO ] NMEA $GPGSV,4,2,15,31,23,155,20,07,21,317,,02,20,192,,04,19,242,*78 (pico_gnss pico-gnss-rs/src/main.rs:235)
96.555651 [INFO ] NMEA $GPGSV,4,3,15,18,16,041,21,09,16,276,,23,05,079,17,10,02,111,18*78 (pico_gnss pico-gnss-rs/src/main.rs:235)
96.589198 [INFO ] NMEA $GPGSV,4,4,15,193,,,,194,,,,195,,,*47 (pico_gnss pico-gnss-rs/src/main.rs:235)
96.647759 [INFO ] NMEA $GLGSV,2,1,08,87,66,177,,76,63,067,20,77,44,334,,75,17,115,*62 (pico_gnss pico-gnss-rs/src/main.rs:235)
96.735056 [INFO ] NMEA $GLGSV,2,2,08,67,06,280,,68,05,326,,85,04,027,,88,04,203,*65 (pico_gnss pico-gnss-rs/src/main.rs:235)
96.793785 [INFO ] NMEA $GNRMC,190329.000,A,0000.0000,N,00000.0000,E,0.04,286.99,070626,,,A*71 (pico_gnss pico-gnss-rs/src/main.rs:235)
96.795964 [INFO ] SYNC pps_local_us=96078548 unix_s=1780859009 drift_us=2 (pico_gnss pico-gnss-rs/src/main.rs:251)
96.856127 [INFO ] NMEA $GPVTG,286.99,T,,M,0.04,N,0.08,K,A*3D (pico_gnss pico-gnss-rs/src/main.rs:235)
96.868998 [INFO ] NMEA $GPZDA,190329.000,07,06,2026,,*51 (pico_gnss pico-gnss-rs/src/main.rs:235)
97.079013 [INFO ] PPS count=99 interval_us=1000002 interval_ns=1000002592 state=Locked missed=0 (pico_gnss pico-gnss-rs/src/main.rs:131)
97.137068 [INFO ] TIME unix_ns=1780859010057950252 ppb=2598 holdover_ms=1057 locked=1 (pico_gnss pico-gnss-rs/src/main.rs:149)
97.186472 [INFO ] NMEA $GPGGA,190330.000,0000.0000,N,00000.0000,E,1,5,3.37,31.7,M,39.0,M,,*62 (pico_gnss pico-gnss-rs/src/main.rs:235)
97.244753 [INFO ] NMEA $GNGLL,0000.0000,N,00000.0000,E,190330.000,A,A*44 (pico_gnss pico-gnss-rs/src/main.rs:235)
97.303112 [INFO ] NMEA $GNGSA,A,3,18,26,31,16,,,,,,,,,3.48,3.37,0.89*1D (pico_gnss pico-gnss-rs/src/main.rs:235)
97.332634 [INFO ] NMEA $GNGSA,A,3,76,,,,,,,,,,,,3.48,3.37,0.89*14 (pico_gnss pico-gnss-rs/src/main.rs:235)
97.414875 [INFO ] NMEA $GPGSV,4,1,15,27,76,338,21,16,61,055,26,08,52,261,15,26,41,096,23*72 (pico_gnss pico-gnss-rs/src/main.rs:235)
97.473499 [INFO ] NMEA $GPGSV,4,2,15,31,23,155,20,07,21,317,,02,20,192,,04,19,242,*78 (pico_gnss pico-gnss-rs/src/main.rs:235)
97.560883 [INFO ] NMEA $GPGSV,4,3,15,18,16,041,22,09,16,276,,23,05,079,17,10,02,111,18*7B (pico_gnss pico-gnss-rs/src/main.rs:235)
97.590371 [INFO ] NMEA $GPGSV,4,4,15,193,,,,194,,,,195,,,*47 (pico_gnss pico-gnss-rs/src/main.rs:235)
97.652985 [INFO ] NMEA $GLGSV,2,1,08,87,66,177,,76,63,067,20,77,44,334,,75,17,115,*62 (pico_gnss pico-gnss-rs/src/main.rs:235)
97.711540 [INFO ] NMEA $GLGSV,2,2,08,67,06,280,,68,05,326,,85,04,027,,88,04,203,*65 (pico_gnss pico-gnss-rs/src/main.rs:235)
97.798989 [INFO ] NMEA $GNRMC,190330.000,A,0000.0000,N,00000.0000,E,0.06,286.99,070626,,,A*7C (pico_gnss pico-gnss-rs/src/main.rs:235)
97.801190 [INFO ] SYNC pps_local_us=97078555 unix_s=1780859010 drift_us=2 (pico_gnss pico-gnss-rs/src/main.rs:251)
97.828680 [INFO ] NMEA $GPVTG,286.99,T,,M,0.06,N,0.11,K,A*37 (pico_gnss pico-gnss-rs/src/main.rs:235)
97.863716 [INFO ] NMEA $GPZDA,190330.000,07,06,2026,,*59 (pico_gnss pico-gnss-rs/src/main.rs:235)
98.079008 [INFO ] PPS count=100 interval_us=1000002 interval_ns=1000002592 state=Locked missed=0 (pico_gnss pico-gnss-rs/src/main.rs:131)
98.138450 [INFO ] TIME unix_ns=1780859011059304249 ppb=2598 holdover_ms=1059 locked=1 (pico_gnss pico-gnss-rs/src/main.rs:149)
98.190422 [INFO ] NMEA $GPGGA,190331.000,0000.0000,N,00000.0000,E,1,5,3.37,31.6,M,39.0,M,,*60 (pico_gnss pico-gnss-rs/src/main.rs:235)
98.248763 [INFO ] NMEA $GNGLL,0000.0000,N,00000.0000,E,190331.000,A,A*47 (pico_gnss pico-gnss-rs/src/main.rs:235)
98.307167 [INFO ] NMEA $GNGSA,A,3,18,26,31,16,,,,,,,,,3.48,3.37,0.89*1D (pico_gnss pico-gnss-rs/src/main.rs:235)
98.336696 [INFO ] NMEA $GNGSA,A,3,76,,,,,,,,,,,,3.48,3.37,0.89*14 (pico_gnss pico-gnss-rs/src/main.rs:235)
98.428138 [INFO ] NMEA $GPGSV,4,1,15,27,76,338,21,16,61,055,26,08,52,261,17,26,41,096,23*70 (pico_gnss pico-gnss-rs/src/main.rs:235)
98.486774 [INFO ] NMEA $GPGSV,4,2,15,31,23,155,21,07,21,317,,02,20,192,,04,19,242,*79 (pico_gnss pico-gnss-rs/src/main.rs:235)
98.545396 [INFO ] NMEA $GPGSV,4,3,15,18,16,041,21,09,16,276,,23,05,079,17,10,02,111,18*78 (pico_gnss pico-gnss-rs/src/main.rs:235)
98.603609 [INFO ] NMEA $GPGSV,4,4,15,193,,,,194,,,,195,,,*47 (pico_gnss pico-gnss-rs/src/main.rs:235)
98.666270 [INFO ] NMEA $GLGSV,2,1,08,87,66,177,,76,63,067,20,77,44,334,,75,17,115,*62 (pico_gnss pico-gnss-rs/src/main.rs:235)
98.724843 [INFO ] NMEA $GLGSV,2,2,08,67,06,280,,68,05,326,,85,04,027,,88,04,203,*65 (pico_gnss pico-gnss-rs/src/main.rs:235)
98.812302 [INFO ] NMEA $GNRMC,190331.000,A,0000.0000,N,00000.0000,E,0.03,286.99,070626,,,A*7A (pico_gnss pico-gnss-rs/src/main.rs:235)
98.814500 [INFO ] SYNC pps_local_us=98078546 unix_s=1780859011 drift_us=2 (pico_gnss pico-gnss-rs/src/main.rs:251)
98.841984 [INFO ] NMEA $GPVTG,286.99,T,,M,0.03,N,0.05,K,A*37 (pico_gnss pico-gnss-rs/src/main.rs:235)
98.867179 [INFO ] NMEA $GPZDA,190331.000,07,06,2026,,*58 (pico_gnss pico-gnss-rs/src/main.rs:235)
99.079022 [INFO ] PPS count=101 interval_us=1000002 interval_ns=1000002592 state=Locked missed=0 (pico_gnss pico-gnss-rs/src/main.rs:131)
99.139783 [INFO ] TIME unix_ns=1780859012060713245 ppb=2598 holdover_ms=1060 locked=1 (pico_gnss pico-gnss-rs/src/main.rs:149)
99.223742 [INFO ] NMEA $GPGGA,190332.000,0000.0000,N,00000.0000,E,1,5,3.36,31.6,M,39.0,M,,*63 (pico_gnss pico-gnss-rs/src/main.rs:235)
99.253395 [INFO ] NMEA $GNGLL,0000.0000,N,00000.0000,E,190332.000,A,A*45 (pico_gnss pico-gnss-rs/src/main.rs:235)
99.311692 [INFO ] NMEA $GNGSA,A,3,18,26,31,16,,,,,,,,,3.48,3.36,0.89*1C (pico_gnss pico-gnss-rs/src/main.rs:235)
99.369924 [INFO ] NMEA $GNGSA,A,3,76,,,,,,,,,,,,3.48,3.36,0.89*15 (pico_gnss pico-gnss-rs/src/main.rs:235)
99.428659 [INFO ] NMEA $GPGSV,4,1,15,27,76,338,21,16,61,055,26,08,52,261,17,26,41,096,23*70 (pico_gnss pico-gnss-rs/src/main.rs:235)
99.491318 [INFO ] NMEA $GPGSV,4,2,15,31,23,155,21,07,21,317,,02,20,192,,04,19,242,*79 (pico_gnss pico-gnss-rs/src/main.rs:235)
99.578781 [INFO ] NMEA $GPGSV,4,3,15,18,16,041,21,09,16,276,,23,05,079,17,10,02,111,19*79 (pico_gnss pico-gnss-rs/src/main.rs:235)
99.608254 [INFO ] NMEA $GPGSV,4,4,15,193,,,,194,,,,195,,,*47 (pico_gnss pico-gnss-rs/src/main.rs:235)
99.695546 [INFO ] NMEA $GLGSV,2,1,08,87,66,177,,76,63,067,19,77,44,334,,75,17,115,*68 (pico_gnss pico-gnss-rs/src/main.rs:235)
99.758184 [INFO ] NMEA $GLGSV,2,2,08,67,06,280,,68,05,326,,85,04,027,,88,04,203,*65 (pico_gnss pico-gnss-rs/src/main.rs:235)
99.816922 [INFO ] NMEA $GNRMC,190332.000,A,0000.0000,N,00000.0000,E,0.09,286.99,070626,,,A*72 (pico_gnss pico-gnss-rs/src/main.rs:235)
99.819110 [INFO ] SYNC pps_local_us=99078569 unix_s=1780859012 drift_us=2 (pico_gnss pico-gnss-rs/src/main.rs:251)
99.875123 [INFO ] NMEA $GPVTG,286.99,T,,M,0.09,N,0.16,K,A*3F (pico_gnss pico-gnss-rs/src/main.rs:235)
99.890040 [INFO ] NMEA $GPZDA,190332.000,07,06,2026,,*5B (pico_gnss pico-gnss-rs/src/main.rs:235)
100.079007 [INFO ] PPS count=102 interval_us=1000002 interval_ns=1000002592 state=Locked missed=0 (pico_gnss pico-gnss-rs/src/main.rs:131)
100.141145 [INFO ] TIME unix_ns=1780859013061995242 ppb=2597 holdover_ms=1061 locked=1 (pico_gnss pico-gnss-rs/src/main.rs:149)
100.191412 [INFO ] NMEA $GPGGA,190333.000,0000.0000,N,00000.0000,E,1,5,3.37,31.6,M,39.0,M,,*60 (pico_gnss pico-gnss-rs/src/main.rs:235)
100.242528 [INFO ] NMEA $GNGLL,0000.0000,N,00000.0000,E,190333.000,A,A*47 (pico_gnss pico-gnss-rs/src/main.rs:235)
100.300853 [INFO ] NMEA $GNGSA,A,3,18,26,31,16,,,,,,,,,3.48,3.37,0.89*1D (pico_gnss pico-gnss-rs/src/main.rs:235)
100.330398 [INFO ] NMEA $GNGSA,A,3,76,,,,,,,,,,,,3.48,3.37,0.89*14 (pico_gnss pico-gnss-rs/src/main.rs:235)
100.417781 [INFO ] NMEA $GPGSV,4,1,15,27,76,338,21,16,61,055,26,08,52,261,17,26,41,096,23*70 (pico_gnss pico-gnss-rs/src/main.rs:235)
100.480480 [INFO ] NMEA $GPGSV,4,2,15,31,23,155,21,07,21,317,,02,20,192,,04,19,242,*79 (pico_gnss pico-gnss-rs/src/main.rs:235)
100.567863 [INFO ] NMEA $GPGSV,4,3,15,18,16,041,21,09,16,276,,23,05,079,17,10,02,111,19*79 (pico_gnss pico-gnss-rs/src/main.rs:235)
100.597391 [INFO ] NMEA $GPGSV,4,4,15,193,,,,194,,,,195,,,*47 (pico_gnss pico-gnss-rs/src/main.rs:235)
100.655912 [INFO ] NMEA $GLGSV,2,1,08,87,66,177,,76,63,067,19,77,44,334,,75,17,115,*68 (pico_gnss pico-gnss-rs/src/main.rs:235)
100.714449 [INFO ] NMEA $GLGSV,2,2,08,67,06,280,,68,05,326,,85,04,027,,88,04,203,*65 (pico_gnss pico-gnss-rs/src/main.rs:235)
100.806064 [INFO ] NMEA $GNRMC,190333.000,A,0000.0000,N,00000.0000,E,0.04,286.99,070626,,,A*7D (pico_gnss pico-gnss-rs/src/main.rs:235)
100.808261 [INFO ] SYNC pps_local_us=100078552 unix_s=1780859013 drift_us=2 (pico_gnss pico-gnss-rs/src/main.rs:251)
100.835721 [INFO ] NMEA $GPVTG,286.99,T,,M,0.04,N,0.08,K,A*3D (pico_gnss pico-gnss-rs/src/main.rs:235)
100.864906 [INFO ] NMEA $GPZDA,190333.000,07,06,2026,,*5A (pico_gnss pico-gnss-rs/src/main.rs:235)
101.079035 [INFO ] PPS count=103 interval_us=1000002 interval_ns=1000002592 state=Locked missed=0 (pico_gnss pico-gnss-rs/src/main.rs:131)
101.142523 [INFO ] TIME unix_ns=1780859014063395239 ppb=2597 holdover_ms=1063 locked=1 (pico_gnss pico-gnss-rs/src/main.rs:149)
101.187834 [INFO ] NMEA $GPGGA,190334.000,0000.0000,N,00000.0000,E,1,5,3.37,31.6,M,39.0,M,,*60 (pico_gnss pico-gnss-rs/src/main.rs:235)
101.249136 [INFO ] NMEA $GNGLL,0000.0000,N,00000.0000,E,190334.000,A,A*47 (pico_gnss pico-gnss-rs/src/main.rs:235)
101.307500 [INFO ] NMEA $GNGSA,A,3,18,26,31,16,,,,,,,,,3.48,3.37,0.89*1D (pico_gnss pico-gnss-rs/src/main.rs:235)
101.337083 [INFO ] NMEA $GNGSA,A,3,76,,,,,,,,,,,,3.48,3.37,0.89*14 (pico_gnss pico-gnss-rs/src/main.rs:235)
101.424462 [INFO ] NMEA $GPGSV,4,1,15,27,76,338,21,16,61,055,26,08,52,261,17,26,41,096,23*70 (pico_gnss pico-gnss-rs/src/main.rs:235)
101.483036 [INFO ] NMEA $GPGSV,4,2,15,31,23,155,21,07,21,317,,02,20,192,,04,19,242,*79 (pico_gnss pico-gnss-rs/src/main.rs:235)
101.545774 [INFO ] NMEA $GPGSV,4,3,15,18,16,041,21,09,16,276,,23,05,079,17,10,02,111,19*79 (pico_gnss pico-gnss-rs/src/main.rs:235)
101.604022 [INFO ] NMEA $GPGSV,4,4,15,193,,,,194,,,,195,,,*47 (pico_gnss pico-gnss-rs/src/main.rs:235)
101.662563 [INFO ] NMEA $GLGSV,2,1,08,87,66,177,,76,63,067,19,77,44,334,,75,17,115,*68 (pico_gnss pico-gnss-rs/src/main.rs:235)
101.721134 [INFO ] NMEA $GLGSV,2,2,08,67,06,280,,68,05,326,,85,04,027,,88,04,203,*65 (pico_gnss pico-gnss-rs/src/main.rs:235)
101.783894 [INFO ] NMEA $GNRMC,190334.000,A,0000.0000,N,00000.0000,E,0.02,286.99,070626,,,A*7B (pico_gnss pico-gnss-rs/src/main.rs:235)
101.786092 [INFO ] SYNC pps_local_us=101078539 unix_s=1780859014 drift_us=2 (pico_gnss pico-gnss-rs/src/main.rs:251)
101.842172 [INFO ] NMEA $GPVTG,286.99,T,,M,0.02,N,0.03,K,A*30 (pico_gnss pico-gnss-rs/src/main.rs:235)
101.865448 [INFO ] NMEA $GPZDA,190334.000,07,06,2026,,*5D (pico_gnss pico-gnss-rs/src/main.rs:235)
102.079012 [INFO ] PPS count=104 interval_us=1000002 interval_ns=1000002592 state=Locked missed=0 (pico_gnss pico-gnss-rs/src/main.rs:131)
102.143901 [INFO ] TIME unix_ns=1780859015064780235 ppb=2597 holdover_ms=1064 locked=1 (pico_gnss pico-gnss-rs/src/main.rs:149)
102.188516 [INFO ] NMEA $GPGGA,190335.000,0000.0000,N,00000.0000,E,1,5,3.37,31.6,M,39.0,M,,*62 (pico_gnss pico-gnss-rs/src/main.rs:235)
102.246778 [INFO ] NMEA $GNGLL,0000.0000,N,00000.0000,E,190335.000,A,A*45 (pico_gnss pico-gnss-rs/src/main.rs:235)
102.289750 [INFO ] NMEA $GNGSA,A,3,18,26,31,16,,,,,,,,,3.48,3.37,0.89*1D (pico_gnss pico-gnss-rs/src/main.rs:235)
102.347990 [INFO ] NMEA $GNGSA,A,3,76,,,,,,,,,,,,3.48,3.37,0.89*14 (pico_gnss pico-gnss-rs/src/main.rs:235)
102.406690 [INFO ] NMEA $GPGSV,4,1,15,27,76,338,22,16,61,055,26,08,52,261,16,26,41,096,23*72 (pico_gnss pico-gnss-rs/src/main.rs:235)
102.494023 [INFO ] NMEA $GPGSV,4,2,15,31,23,155,21,07,21,317,,02,20,192,,04,19,242,*79 (pico_gnss pico-gnss-rs/src/main.rs:235)
102.556791 [INFO ] NMEA $GPGSV,4,3,15,18,16,041,21,09,16,276,,23,05,079,17,10,02,111,19*79 (pico_gnss pico-gnss-rs/src/main.rs:235)
102.586272 [INFO ] NMEA $GPGSV,4,4,15,193,,,,194,,,,195,,,*47 (pico_gnss pico-gnss-rs/src/main.rs:235)
102.644774 [INFO ] NMEA $GLGSV,2,1,08,87,66,177,,76,63,067,19,77,44,334,,75,17,115,*68 (pico_gnss pico-gnss-rs/src/main.rs:235)
102.732110 [INFO ] NMEA $GLGSV,2,2,08,67,06,280,,68,05,326,,85,04,027,,88,04,203,*65 (pico_gnss pico-gnss-rs/src/main.rs:235)
102.790855 [INFO ] NMEA $GNRMC,190335.000,A,0000.0000,N,00000.0000,E,0.06,286.99,070626,,,A*7D (pico_gnss pico-gnss-rs/src/main.rs:235)
102.793046 [INFO ] SYNC pps_local_us=102078560 unix_s=1780859015 drift_us=2 (pico_gnss pico-gnss-rs/src/main.rs:251)
102.853167 [INFO ] NMEA $GPVTG,286.99,T,,M,0.06,N,0.10,K,A*36 (pico_gnss pico-gnss-rs/src/main.rs:235)
102.866016 [INFO ] NMEA $GPZDA,190335.000,07,06,2026,,*5C (pico_gnss pico-gnss-rs/src/main.rs:235)
103.079027 [INFO ] PPS count=105 interval_us=1000002 interval_ns=1000002592 state=Locked missed=0 (pico_gnss pico-gnss-rs/src/main.rs:131)
103.145300 [INFO ] TIME unix_ns=1780859016066156232 ppb=2597 holdover_ms=1066 locked=1 (pico_gnss pico-gnss-rs/src/main.rs:149)
103.190571 [INFO ] NMEA $GPGGA,190336.000,0000.0000,N,00000.0000,E,1,5,3.37,31.6,M,39.0,M,,*6C (pico_gnss pico-gnss-rs/src/main.rs:235)
103.248827 [INFO ] NMEA $GNGLL,0000.0000,N,00000.0000,E,190336.000,A,A*4B (pico_gnss pico-gnss-rs/src/main.rs:235)
103.307166 [INFO ] NMEA $GNGSA,A,3,18,26,31,16,,,,,,,,,3.48,3.37,0.89*1D (pico_gnss pico-gnss-rs/src/main.rs:235)
103.331590 [INFO ] NMEA $GNGSA,A,3,76,,,,,,,,,,,,3.48,3.37,0.89*14 (pico_gnss pico-gnss-rs/src/main.rs:235)
103.418929 [INFO ] NMEA $GPGSV,4,1,15,27,76,338,22,16,61,055,25,08,52,261,17,26,41,096,23*70 (pico_gnss pico-gnss-rs/src/main.rs:235)
103.477551 [INFO ] NMEA $GPGSV,4,2,15,31,23,155,21,07,21,317,,02,20,192,,04,19,242,*79 (pico_gnss pico-gnss-rs/src/main.rs:235)
103.564942 [INFO ] NMEA $GPGSV,4,3,15,18,16,041,20,09,16,276,,23,05,079,17,10,02,111,19*78 (pico_gnss pico-gnss-rs/src/main.rs:235)
103.598519 [INFO ] NMEA $GPGSV,4,4,15,193,,,,194,,,,195,,,*47 (pico_gnss pico-gnss-rs/src/main.rs:235)
103.657090 [INFO ] NMEA $GLGSV,2,1,08,87,66,177,,76,63,067,19,77,44,334,,75,17,115,*68 (pico_gnss pico-gnss-rs/src/main.rs:235)
103.715635 [INFO ] NMEA $GLGSV,2,2,08,67,06,280,,68,05,326,,85,04,027,,88,04,203,*65 (pico_gnss pico-gnss-rs/src/main.rs:235)
103.803097 [INFO ] NMEA $GNRMC,190336.000,A,0000.0000,N,00000.0000,E,0.05,286.99,070626,,,A*70 (pico_gnss pico-gnss-rs/src/main.rs:235)
103.805304 [INFO ] SYNC pps_local_us=103078571 unix_s=1780859016 drift_us=2 (pico_gnss pico-gnss-rs/src/main.rs:251)
103.832757 [INFO ] NMEA $GPVTG,286.99,T,,M,0.05,N,0.10,K,A*35 (pico_gnss pico-gnss-rs/src/main.rs:235)
103.868269 [INFO ] NMEA $GPZDA,190336.000,07,06,2026,,*5F (pico_gnss pico-gnss-rs/src/main.rs:235)
104.079013 [INFO ] PPS count=106 interval_us=1000002 interval_ns=1000002592 state=Locked missed=0 (pico_gnss pico-gnss-rs/src/main.rs:131)
104.146696 [INFO ] TIME unix_ns=1780859017067532228 ppb=2597 holdover_ms=1067 locked=1 (pico_gnss pico-gnss-rs/src/main.rs:149)
104.197340 [INFO ] NMEA $GPGGA,190337.000,0000.0000,N,00000.0000,E,1,5,3.37,31.6,M,39.0,M,,*69 (pico_gnss pico-gnss-rs/src/main.rs:235)
104.255618 [INFO ] NMEA $GNGLL,0000.0000,N,00000.0000,E,190337.000,A,A*4E (pico_gnss pico-gnss-rs/src/main.rs:235)
104.313984 [INFO ] NMEA $GNGSA,A,3,18,26,31,16,,,,,,,,,3.48,3.37,0.89*1D (pico_gnss pico-gnss-rs/src/main.rs:235)
104.343500 [INFO ] NMEA $GNGSA,A,3,76,,,,,,,,,,,,3.48,3.37,0.89*14 (pico_gnss pico-gnss-rs/src/main.rs:235)
104.436024 [INFO ] NMEA $GPGSV,4,1,15,27,76,338,22,16,61,055,25,08,52,261,17,26,41,096,23*70 (pico_gnss pico-gnss-rs/src/main.rs:235)
104.494661 [INFO ] NMEA $GPGSV,4,2,15,31,23,155,21,07,21,317,,02,20,192,,04,19,242,*79 (pico_gnss pico-gnss-rs/src/main.rs:235)
104.553267 [INFO ] NMEA $GPGSV,4,3,15,18,16,041,20,09,16,276,,23,05,079,17,10,02,111,19*78 (pico_gnss pico-gnss-rs/src/main.rs:235)
104.611484 [INFO ] NMEA $GPGSV,4,4,15,193,,,,194,,,,195,,,*47 (pico_gnss pico-gnss-rs/src/main.rs:235)
104.674118 [INFO ] NMEA $GLGSV,2,1,08,87,66,177,,76,63,067,19,77,44,334,,75,17,115,*68 (pico_gnss pico-gnss-rs/src/main.rs:235)
104.732695 [INFO ] NMEA $GLGSV,2,2,08,67,06,280,,68,05,326,,85,04,027,,88,04,203,*65 (pico_gnss pico-gnss-rs/src/main.rs:235)
104.820163 [INFO ] NMEA $GNRMC,190337.000,A,0000.0000,N,00000.0000,E,0.08,286.99,070626,,,A*78 (pico_gnss pico-gnss-rs/src/main.rs:235)
104.822355 [INFO ] SYNC pps_local_us=104078566 unix_s=1780859017 drift_us=2 (pico_gnss pico-gnss-rs/src/main.rs:251)
104.849842 [INFO ] NMEA $GPVTG,286.99,T,,M,0.08,N,0.15,K,A*3D (pico_gnss pico-gnss-rs/src/main.rs:235)
104.875025 [INFO ] NMEA $GPZDA,190337.000,07,06,2026,,*5E (pico_gnss pico-gnss-rs/src/main.rs:235)
105.079034 [INFO ] PPS count=107 interval_us=1000002 interval_ns=1000002592 state=Locked missed=0 (pico_gnss pico-gnss-rs/src/main.rs:131)
105.148091 [INFO ] TIME unix_ns=1780859018068928225 ppb=2597 holdover_ms=1068 locked=1 (pico_gnss pico-gnss-rs/src/main.rs:149)
105.202830 [INFO ] NMEA $GPGGA,190338.000,0000.0000,N,00000.0000,E,1,5,3.37,31.6,M,39.0,M,,*63 (pico_gnss pico-gnss-rs/src/main.rs:235)
105.232434 [INFO ] NMEA $GNGLL,0000.0000,N,00000.0000,E,190338.000,A,A*44 (pico_gnss pico-gnss-rs/src/main.rs:235)
105.290739 [INFO ] NMEA $GNGSA,A,3,18,26,31,16,,,,,,,,,3.48,3.37,0.89*1D (pico_gnss pico-gnss-rs/src/main.rs:235)
105.348971 [INFO ] NMEA $GNGSA,A,3,76,,,,,,,,,,,,3.48,3.37,0.89*14 (pico_gnss pico-gnss-rs/src/main.rs:235)
105.411759 [INFO ] NMEA $GPGSV,4,1,15,27,76,338,22,16,61,055,25,08,52,261,16,26,41,096,23*71 (pico_gnss pico-gnss-rs/src/main.rs:235)
105.470320 [INFO ] NMEA $GPGSV,4,2,15,31,23,155,21,07,21,317,,02,20,192,,04,19,242,*79 (pico_gnss pico-gnss-rs/src/main.rs:235)
105.557764 [INFO ] NMEA $GPGSV,4,3,15,18,16,041,20,09,16,276,,23,05,079,17,10,02,111,19*78 (pico_gnss pico-gnss-rs/src/main.rs:235)
105.587216 [INFO ] NMEA $GPGSV,4,4,15,193,,,,194,,,,195,,,*47 (pico_gnss pico-gnss-rs/src/main.rs:235)
105.674481 [INFO ] NMEA $GLGSV,2,1,08,87,66,177,,76,63,067,19,77,44,334,,75,17,115,*68 (pico_gnss pico-gnss-rs/src/main.rs:235)
105.737181 [INFO ] NMEA $GLGSV,2,2,08,67,06,280,,68,05,326,,85,04,027,,88,04,203,*65 (pico_gnss pico-gnss-rs/src/main.rs:235)
105.795922 [INFO ] NMEA $GNRMC,190338.000,A,0000.0000,N,00000.0000,E,0.07,286.99,070626,,,A*7D (pico_gnss pico-gnss-rs/src/main.rs:235)
105.798112 [INFO ] SYNC pps_local_us=105078576 unix_s=1780859018 drift_us=2 (pico_gnss pico-gnss-rs/src/main.rs:251)
105.854235 [INFO ] NMEA $GPVTG,286.99,T,,M,0.07,N,0.13,K,A*34 (pico_gnss pico-gnss-rs/src/main.rs:235)
105.869141 [INFO ] NMEA $GPZDA,190338.000,07,06,2026,,*51 (pico_gnss pico-gnss-rs/src/main.rs:235)
106.079045 [INFO ] PPS count=108 interval_us=1000002 interval_ns=1000002592 state=Locked missed=0 (pico_gnss pico-gnss-rs/src/main.rs:131)
106.149495 [INFO ] TIME unix_ns=1780859019070337221 ppb=2596 holdover_ms=1070 locked=1 (pico_gnss pico-gnss-rs/src/main.rs:149)
106.189327 [INFO ] NMEA $GPGGA,190339.000,0000.0000,N,00000.0000,E,1,5,3.37,31.6,M,39.0,M,,*6F (pico_gnss pico-gnss-rs/src/main.rs:235)
106.247629 [INFO ] NMEA $GNGLL,0000.0000,N,00000.0000,E,190339.000,A,A*48 (pico_gnss pico-gnss-rs/src/main.rs:235)
106.305966 [INFO ] NMEA $GNGSA,A,3,18,26,31,16,,,,,,,,,3.48,3.37,0.89*1D (pico_gnss pico-gnss-rs/src/main.rs:235)
106.335520 [INFO ] NMEA $GNGSA,A,3,76,,,,,,,,,,,,3.48,3.37,0.89*14 (pico_gnss pico-gnss-rs/src/main.rs:235)
106.422889 [INFO ] NMEA $GPGSV,4,1,15,27,76,338,22,16,61,055,24,08,52,261,16,26,41,096,23*70 (pico_gnss pico-gnss-rs/src/main.rs:235)
106.485588 [INFO ] NMEA $GPGSV,4,2,15,31,23,155,22,07,21,317,,02,20,192,,04,19,242,*7A (pico_gnss pico-gnss-rs/src/main.rs:235)
106.573010 [INFO ] NMEA $GPGSV,4,3,15,18,16,041,20,09,16,276,,23,05,079,17,10,02,111,21*73 (pico_gnss pico-gnss-rs/src/main.rs:235)
106.602516 [INFO ] NMEA $GPGSV,4,4,15,193,,,,194,,,,195,,,*47 (pico_gnss pico-gnss-rs/src/main.rs:235)
106.661048 [INFO ] NMEA $GLGSV,2,1,08,87,66,177,,76,63,067,19,77,44,334,,75,17,115,*68 (pico_gnss pico-gnss-rs/src/main.rs:235)
106.723647 [INFO ] NMEA $GLGSV,2,2,08,67,06,280,,68,05,326,,85,04,027,,88,04,203,*65 (pico_gnss pico-gnss-rs/src/main.rs:235)
106.811174 [INFO ] NMEA $GNRMC,190339.000,A,0000.0000,N,00000.0000,E,0.07,286.99,070626,,,A*71 (pico_gnss pico-gnss-rs/src/main.rs:235)
106.813364 [INFO ] SYNC pps_local_us=106078573 unix_s=1780859019 drift_us=2 (pico_gnss pico-gnss-rs/src/main.rs:251)
106.840803 [INFO ] NMEA $GPVTG,286.99,T,,M,0.07,N,0.14,K,A*33 (pico_gnss pico-gnss-rs/src/main.rs:235)
106.870005 [INFO ] NMEA $GPZDA,190339.000,07,06,2026,,*50 (pico_gnss pico-gnss-rs/src/main.rs:235)
107.079055 [INFO ] PPS count=109 interval_us=1000002 interval_ns=1000002576 state=Locked missed=0 (pico_gnss pico-gnss-rs/src/main.rs:131)
107.150878 [INFO ] TIME unix_ns=1780859020071728218 ppb=2596 holdover_ms=1071 locked=1 (pico_gnss pico-gnss-rs/src/main.rs:149)
107.197660 [INFO ] NMEA $GPGGA,190340.000,0000.0000,N,00000.0000,E,1,5,3.37,31.6,M,39.0,M,,*6E (pico_gnss pico-gnss-rs/src/main.rs:235)
107.258992 [INFO ] NMEA $GNGLL,0000.0000,N,00000.0000,E,190340.000,A,A*49 (pico_gnss pico-gnss-rs/src/main.rs:235)
107.317379 [INFO ] NMEA $GNGSA,A,3,18,26,31,16,,,,,,,,,3.48,3.37,0.89*1D (pico_gnss pico-gnss-rs/src/main.rs:235)
107.346943 [INFO ] NMEA $GNGSA,A,3,76,,,,,,,,,,,,3.48,3.37,0.89*14 (pico_gnss pico-gnss-rs/src/main.rs:235)
107.434315 [INFO ] NMEA $GPGSV,4,1,15,27,76,338,22,16,61,055,24,08,52,261,16,26,41,096,23*70 (pico_gnss pico-gnss-rs/src/main.rs:235)
107.497059 [INFO ] NMEA $GPGSV,4,2,15,31,23,155,22,02,21,192,13,07,21,317,,04,19,242,*79 (pico_gnss pico-gnss-rs/src/main.rs:235)
107.555670 [INFO ] NMEA $GPGSV,4,3,15,18,16,041,20,09,16,276,,23,05,079,17,10,02,111,21*73 (pico_gnss pico-gnss-rs/src/main.rs:235)
107.613878 [INFO ] NMEA $GPGSV,4,4,15,193,,,,194,,,,195,,,*47 (pico_gnss pico-gnss-rs/src/main.rs:235)
107.672429 [INFO ] NMEA $GLGSV,2,1,08,87,66,177,,76,63,067,19,77,44,334,,75,17,115,*68 (pico_gnss pico-gnss-rs/src/main.rs:235)
107.731008 [INFO ] NMEA $GLGSV,2,2,08,67,06,280,,68,05,326,,85,04,027,,88,04,203,*65 (pico_gnss pico-gnss-rs/src/main.rs:235)
107.822603 [INFO ] NMEA $GNRMC,190340.000,A,0000.0000,N,00000.0000,E,0.03,286.99,070626,,,A*74 (pico_gnss pico-gnss-rs/src/main.rs:235)
107.824798 [INFO ] SYNC pps_local_us=107078563 unix_s=1780859020 drift_us=2 (pico_gnss pico-gnss-rs/src/main.rs:251)
107.852274 [INFO ] NMEA $GPVTG,286.99,T,,M,0.03,N,0.06,K,A*34 (pico_gnss pico-gnss-rs/src/main.rs:235)
107.877459 [INFO ] NMEA $GPZDA,190340.000,07,06,2026,,*5E (pico_gnss pico-gnss-rs/src/main.rs:235)
108.079051 [INFO ] PPS count=110 interval_us=1000002 interval_ns=1000002592 state=Locked missed=0 (pico_gnss pico-gnss-rs/src/main.rs:131)
108.152258 [INFO ] TIME unix_ns=1780859021073131215 ppb=2596 holdover_ms=1073 locked=1 (pico_gnss pico-gnss-rs/src/main.rs:149)
108.198663 [INFO ] NMEA $GPGGA,190341.000,0000.0000,N,00000.0000,E,1,5,3.37,31.6,M,39.0,M,,*6C (pico_gnss pico-gnss-rs/src/main.rs:235)
108.256861 [INFO ] NMEA $GNGLL,0000.0000,N,00000.0000,E,190341.000,A,A*4B (pico_gnss pico-gnss-rs/src/main.rs:235)
108.297798 [INFO ] NMEA $GNGSA,A,3,18,26,31,16,,,,,,,,,3.48,3.37,0.89*1D (pico_gnss pico-gnss-rs/src/main.rs:235)
108.356038 [INFO ] NMEA $GNGSA,A,3,76,,,,,,,,,,,,3.48,3.37,0.89*14 (pico_gnss pico-gnss-rs/src/main.rs:235)
108.414733 [INFO ] NMEA $GPGSV,4,1,15,27,76,338,22,16,61,055,24,08,52,261,16,26,41,096,23*70 (pico_gnss pico-gnss-rs/src/main.rs:235)
108.502117 [INFO ] NMEA $GPGSV,4,2,15,31,23,155,22,02,21,192,14,07,21,317,,04,19,242,*7E (pico_gnss pico-gnss-rs/src/main.rs:235)
108.564877 [INFO ] NMEA $GPGSV,4,3,15,18,16,041,20,09,16,276,,23,05,079,17,10,02,111,21*73 (pico_gnss pico-gnss-rs/src/main.rs:235)
108.594320 [INFO ] NMEA $GPGSV,4,4,15,193,,,,194,,,,195,,,*47 (pico_gnss pico-gnss-rs/src/main.rs:235)
108.681674 [INFO ] NMEA $GLGSV,2,1,08,87,66,177,,76,63,067,18,77,44,334,,75,17,115,*69 (pico_gnss pico-gnss-rs/src/main.rs:235)
108.740225 [INFO ] NMEA $GLGSV,2,2,08,67,06,280,,68,05,326,,85,04,027,,88,04,203,*65 (pico_gnss pico-gnss-rs/src/main.rs:235)
108.803034 [INFO ] NMEA $GNRMC,190341.000,A,0000.0000,N,00000.0000,E,0.94,286.99,070626,,,A*78 (pico_gnss pico-gnss-rs/src/main.rs:235)
108.805232 [INFO ] SYNC pps_local_us=108078582 unix_s=1780859021 drift_us=2 (pico_gnss pico-gnss-rs/src/main.rs:251)
108.861282 [INFO ] NMEA $GPVTG,286.99,T,,M,0.94,N,1.74,K,A*3E (pico_gnss pico-gnss-rs/src/main.rs:235)
108.878298 [INFO ] NMEA $GPZDA,190341.000,07,06,2026,,*5F (pico_gnss pico-gnss-rs/src/main.rs:235)
109.079029 [INFO ] PPS count=111 interval_us=1000002 interval_ns=1000002608 state=Locked missed=0 (pico_gnss pico-gnss-rs/src/main.rs:131)
109.153649 [INFO ] TIME unix_ns=1780859022074486211 ppb=2596 holdover_ms=1074 locked=1 (pico_gnss pico-gnss-rs/src/main.rs:149)
109.191442 [INFO ] NMEA $GPGGA,190342.000,0000.0000,N,00000.0000,E,1,5,3.37,31.6,M,39.0,M,,*68 (pico_gnss pico-gnss-rs/src/main.rs:235)
109.249730 [INFO ] NMEA $GNGLL,0000.0000,N,00000.0000,E,190342.000,A,A*4F (pico_gnss pico-gnss-rs/src/main.rs:235)
109.298835 [INFO ] NMEA $GNGSA,A,3,18,26,31,16,,,,,,,,,3.48,3.37,0.89*1D (pico_gnss pico-gnss-rs/src/main.rs:235)
109.357079 [INFO ] NMEA $GNGSA,A,3,76,,,,,,,,,,,,3.48,3.37,0.89*14 (pico_gnss pico-gnss-rs/src/main.rs:235)
109.415775 [INFO ] NMEA $GPGSV,4,1,15,27,76,338,22,16,61,055,24,08,52,261,16,26,41,096,23*70 (pico_gnss pico-gnss-rs/src/main.rs:235)
109.474393 [INFO ] NMEA $GPGSV,4,2,15,31,23,155,22,02,21,192,13,07,21,317,,04,18,242,*78 (pico_gnss pico-gnss-rs/src/main.rs:235)
109.565908 [INFO ] NMEA $GPGSV,4,3,15,18,16,041,20,09,16,276,,23,05,079,17,10,02,111,20*72 (pico_gnss pico-gnss-rs/src/main.rs:235)
109.595399 [INFO ] NMEA $GPGSV,4,4,15,193,,,,194,,,,195,,,*47 (pico_gnss pico-gnss-rs/src/main.rs:235)
109.653880 [INFO ] NMEA $GLGSV,2,1,08,87,66,177,,76,63,067,18,77,44,334,,75,17,115,*69 (pico_gnss pico-gnss-rs/src/main.rs:235)
109.741228 [INFO ] NMEA $GLGSV,2,2,08,67,06,280,,68,05,326,,85,04,027,,88,04,203,*65 (pico_gnss pico-gnss-rs/src/main.rs:235)
109.799931 [INFO ] NMEA $GNRMC,190342.000,A,0000.0000,N,00000.0000,E,1.20,286.99,070626,,,A*72 (pico_gnss pico-gnss-rs/src/main.rs:235)
109.802134 [INFO ] SYNC pps_local_us=109078575 unix_s=1780859022 drift_us=2 (pico_gnss pico-gnss-rs/src/main.rs:251)
109.833509 [INFO ] NMEA $GPVTG,286.99,T,,M,1.20,N,2.22,K,A*30 (pico_gnss pico-gnss-rs/src/main.rs:235)
109.870818 [INFO ] NMEA $GPZDA,190342.000,07,06,2026,,*5C (pico_gnss pico-gnss-rs/src/main.rs:235)
110.079046 [INFO ] PPS count=112 interval_us=1000002 interval_ns=1000002576 state=Locked missed=0 (pico_gnss pico-gnss-rs/src/main.rs:131)
110.155035 [INFO ] TIME unix_ns=1780859023075879208 ppb=2595 holdover_ms=1075 locked=1 (pico_gnss pico-gnss-rs/src/main.rs:149)
110.206673 [INFO ] NMEA $GPGGA,190343.000,0000.0000,N,00000.0000,E,1,5,3.37,31.6,M,39.0,M,,*6E (pico_gnss pico-gnss-rs/src/main.rs:235)
110.264959 [INFO ] NMEA $GNGLL,0000.0000,N,00000.0000,E,190343.000,A,A*49 (pico_gnss pico-gnss-rs/src/main.rs:235)
110.323333 [INFO ] NMEA $GNGSA,A,3,18,26,31,16,,,,,,,,,3.49,3.37,0.89*1C (pico_gnss pico-gnss-rs/src/main.rs:235)
110.351793 [INFO ] NMEA $GNGSA,A,3,76,,,,,,,,,,,,3.49,3.37,0.89*15 (pico_gnss pico-gnss-rs/src/main.rs:235)
110.439221 [INFO ] NMEA $GPGSV,4,1,15,27,76,338,22,16,61,055,24,08,52,261,16,26,41,096,23*70 (pico_gnss pico-gnss-rs/src/main.rs:235)
110.497823 [INFO ] NMEA $GPGSV,4,2,15,31,23,155,22,02,21,192,13,07,21,317,,04,18,242,*78 (pico_gnss pico-gnss-rs/src/main.rs:235)
110.585197 [INFO ] NMEA $GPGSV,4,3,15,18,16,041,20,09,16,276,,23,05,079,17,10,02,111,20*72 (pico_gnss pico-gnss-rs/src/main.rs:235)
110.618778 [INFO ] NMEA $GPGSV,4,4,15,193,,,,194,,,,195,,,*47 (pico_gnss pico-gnss-rs/src/main.rs:235)
110.677362 [INFO ] NMEA $GLGSV,2,1,08,87,66,177,,76,63,067,18,77,44,334,,75,17,115,*69 (pico_gnss pico-gnss-rs/src/main.rs:235)
110.735880 [INFO ] NMEA $GLGSV,2,2,08,67,06,280,,68,05,326,,85,04,027,,88,04,203,*65 (pico_gnss pico-gnss-rs/src/main.rs:235)
110.823412 [INFO ] NMEA $GNRMC,190343.000,A,0000.0000,N,00000.0000,E,0.60,286.99,070626,,,A*71 (pico_gnss pico-gnss-rs/src/main.rs:235)
110.825590 [INFO ] SYNC pps_local_us=110078594 unix_s=1780859023 drift_us=2 (pico_gnss pico-gnss-rs/src/main.rs:251)
110.853050 [INFO ] NMEA $GPVTG,286.99,T,,M,0.60,N,1.11,K,A*36 (pico_gnss pico-gnss-rs/src/main.rs:235)
110.886454 [INFO ] NMEA $GPZDA,190343.000,07,06,2026,,*5D (pico_gnss pico-gnss-rs/src/main.rs:235)
111.079047 [INFO ] PPS count=113 interval_us=1000002 interval_ns=1000002592 state=Locked missed=0 (pico_gnss pico-gnss-rs/src/main.rs:131)
111.156442 [INFO ] TIME unix_ns=1780859024077265205 ppb=2595 holdover_ms=1077 locked=1 (pico_gnss pico-gnss-rs/src/main.rs:149)
111.189596 [INFO ] NMEA $GPGGA,190344.000,0000.0000,N,00000.0000,E,1,5,3.37,31.6,M,39.0,M,,*6A (pico_gnss pico-gnss-rs/src/main.rs:235)
111.247884 [INFO ] NMEA $GNGLL,0000.0000,N,00000.0000,E,190344.000,A,A*4D (pico_gnss pico-gnss-rs/src/main.rs:235)
111.306249 [INFO ] NMEA $GNGSA,A,3,18,26,31,16,,,,,,,,,3.48,3.37,0.89*1D (pico_gnss pico-gnss-rs/src/main.rs:235)
111.335762 [INFO ] NMEA $GNGSA,A,3,76,,,,,,,,,,,,3.48,3.37,0.89*14 (pico_gnss pico-gnss-rs/src/main.rs:235)
111.401555 [INFO ] NMEA $GPGSV,4,1,15,27,76,338,22,16,61,055,24,08,52,261,16,26,41,096,23*70 (pico_gnss pico-gnss-rs/src/main.rs:235)
111.488989 [INFO ] NMEA $GPGSV,4,2,15,31,23,155,22,02,21,192,14,07,21,317,,04,18,242,*7F (pico_gnss pico-gnss-rs/src/main.rs:235)
111.547635 [INFO ] NMEA $GPGSV,4,3,15,18,16,041,20,09,16,276,,23,05,079,18,10,02,111,20*7D (pico_gnss pico-gnss-rs/src/main.rs:235)
111.605839 [INFO ] NMEA $GPGSV,4,4,15,193,,,,194,,,,195,,,*47 (pico_gnss pico-gnss-rs/src/main.rs:235)
111.668501 [INFO ] NMEA $GLGSV,2,1,08,87,66,177,,76,63,067,18,77,44,334,,75,17,115,*69 (pico_gnss pico-gnss-rs/src/main.rs:235)
111.727101 [INFO ] NMEA $GLGSV,2,2,08,67,06,280,,68,05,326,,85,04,027,18,88,04,203,*6C (pico_gnss pico-gnss-rs/src/main.rs:235)
111.814567 [INFO ] NMEA $GNRMC,190344.000,A,0000.0000,N,00000.0000,E,0.65,286.99,070626,,,A*70 (pico_gnss pico-gnss-rs/src/main.rs:235)
111.816748 [INFO ] SYNC pps_local_us=111078583 unix_s=1780859024 drift_us=2 (pico_gnss pico-gnss-rs/src/main.rs:251)
111.844271 [INFO ] NMEA $GPVTG,286.99,T,,M,0.65,N,1.21,K,A*30 (pico_gnss pico-gnss-rs/src/main.rs:235)
111.871537 [INFO ] NMEA $GPZDA,190344.000,07,06,2026,,*5A (pico_gnss pico-gnss-rs/src/main.rs:235)
112.079055 [INFO ] PPS count=114 interval_us=1000002 interval_ns=1000002592 state=Locked missed=0 (pico_gnss pico-gnss-rs/src/main.rs:131)
112.157832 [INFO ] TIME unix_ns=1780859025078662201 ppb=2595 holdover_ms=1078 locked=1 (pico_gnss pico-gnss-rs/src/main.rs:149)
112.198673 [INFO ] NMEA $GPGGA,190345.000,0000.0000,N,00000.0000,E,1,5,3.37,31.6,M,39.0,M,,*6D (pico_gnss pico-gnss-rs/src/main.rs:235)
112.257032 [INFO ] NMEA $GNGLL,0000.0000,N,00000.0000,E,190345.000,A,A*4A (pico_gnss pico-gnss-rs/src/main.rs:235)
112.286696 [INFO ] NMEA $GNGSA,A,3,18,26,31,16,,,,,,,,,3.48,3.37,0.89*1D (pico_gnss pico-gnss-rs/src/main.rs:235)
112.344864 [INFO ] NMEA $GNGSA,A,3,76,,,,,,,,,,,,3.48,3.37,0.89*14 (pico_gnss pico-gnss-rs/src/main.rs:235)
112.407640 [INFO ] NMEA $GPGSV,4,1,15,27,76,338,22,16,61,055,25,08,52,261,16,26,41,096,23*71 (pico_gnss pico-gnss-rs/src/main.rs:235)
112.495024 [INFO ] NMEA $GPGSV,4,2,15,31,23,155,22,02,21,192,14,07,21,316,,04,18,242,*7E (pico_gnss pico-gnss-rs/src/main.rs:235)
112.553718 [INFO ] NMEA $GPGSV,4,3,15,18,16,041,20,09,16,276,,23,05,079,18,10,02,111,20*7D (pico_gnss pico-gnss-rs/src/main.rs:235)
112.583163 [INFO ] NMEA $GPGSV,4,4,15,193,,,,194,,,,195,,,*47 (pico_gnss pico-gnss-rs/src/main.rs:235)
112.674578 [INFO ] NMEA $GLGSV,2,1,08,87,66,177,,76,63,067,18,77,44,334,,75,17,115,*69 (pico_gnss pico-gnss-rs/src/main.rs:235)
112.733146 [INFO ] NMEA $GLGSV,2,2,08,67,06,280,,68,05,326,,85,04,027,17,88,04,203,*63 (pico_gnss pico-gnss-rs/src/main.rs:235)
112.791860 [INFO ] NMEA $GNRMC,190345.000,A,0000.0000,N,00000.0000,E,0.66,286.99,070626,,,A*74 (pico_gnss pico-gnss-rs/src/main.rs:235)
112.794037 [INFO ] SYNC pps_local_us=112078605 unix_s=1780859025 drift_us=2 (pico_gnss pico-gnss-rs/src/main.rs:251)
112.850086 [INFO ] NMEA $GPVTG,286.99,T,,M,0.66,N,1.22,K,A*30 (pico_gnss pico-gnss-rs/src/main.rs:235)
112.871311 [INFO ] NMEA $GPZDA,190345.000,07,06,2026,,*5B (pico_gnss pico-gnss-rs/src/main.rs:235)
113.079055 [INFO ] PPS count=115 interval_us=1000002 interval_ns=1000002592 state=Locked missed=0 (pico_gnss pico-gnss-rs/src/main.rs:131)
113.160064 [INFO ] TIME unix_ns=1780859026080884195 ppb=2595 holdover_ms=1080 locked=1 (pico_gnss pico-gnss-rs/src/main.rs:149)
113.175454 [INFO ] NMEA $GPGGA,190346.000,0000.0000,N,00000.0000,E,1,5,3.37,31.6,M,39.0,M,,*62 (pico_gnss pico-gnss-rs/src/main.rs:235)
113.233519 [INFO ] NMEA $GNGLL,0000.0000,N,00000.0000,E,190346.000,A,A*45 (pico_gnss pico-gnss-rs/src/main.rs:235)
113.291868 [INFO ] NMEA $GNGSA,A,3,18,26,31,16,,,,,,,,,3.49,3.37,0.89*1C (pico_gnss pico-gnss-rs/src/main.rs:235)
113.350120 [INFO ] NMEA $GNGSA,A,3,76,,,,,,,,,,,,3.49,3.37,0.89*15 (pico_gnss pico-gnss-rs/src/main.rs:235)
113.408812 [INFO ] NMEA $GPGSV,4,1,15,27,76,338,22,16,61,055,25,08,52,262,18,26,41,096,23*7C (pico_gnss pico-gnss-rs/src/main.rs:235)
113.471533 [INFO ] NMEA $GPGSV,4,2,15,31,23,155,22,02,21,192,13,07,21,316,,04,18,242,*79 (pico_gnss pico-gnss-rs/src/main.rs:235)
113.558970 [INFO ] NMEA $GPGSV,4,3,15,18,16,041,20,09,16,276,,23,05,079,18,10,02,111,20*7D (pico_gnss pico-gnss-rs/src/main.rs:235)
113.588458 [INFO ] NMEA $GPGSV,4,4,15,193,,,,194,,,,195,,,*47 (pico_gnss pico-gnss-rs/src/main.rs:235)
113.647017 [INFO ] NMEA $GLGSV,2,1,08,87,66,177,,76,63,067,18,77,44,334,,75,17,115,*69 (pico_gnss pico-gnss-rs/src/main.rs:235)
113.738463 [INFO ] NMEA $GLGSV,2,2,08,67,06,280,,68,05,326,,85,04,027,,88,04,203,*65 (pico_gnss pico-gnss-rs/src/main.rs:235)
113.797174 [INFO ] NMEA $GNRMC,190346.000,A,0000.0000,N,00000.0000,E,0.27,286.99,070626,,,A*7E (pico_gnss pico-gnss-rs/src/main.rs:235)
113.799371 [INFO ] SYNC pps_local_us=113078594 unix_s=1780859026 drift_us=2 (pico_gnss pico-gnss-rs/src/main.rs:251)
113.855432 [INFO ] NMEA $GPVTG,286.99,T,,M,0.27,N,0.51,K,A*30 (pico_gnss pico-gnss-rs/src/main.rs:235)
113.868213 [INFO ] NMEA $GPZDA,190346.000,07,06,2026,,*58 (pico_gnss pico-gnss-rs/src/main.rs:235)
114.079068 [INFO ] PPS count=116 interval_us=1000002 interval_ns=1000002592 state=Locked missed=0 (pico_gnss pico-gnss-rs/src/main.rs:131)
114.161473 [INFO ] TIME unix_ns=1780859027082293192 ppb=2595 holdover_ms=1082 locked=1 (pico_gnss pico-gnss-rs/src/main.rs:149)
114.190632 [INFO ] NMEA $GPGGA,190347.000,0000.0000,N,00000.0000,E,1,5,3.37,31.7,M,39.0,M,,*63 (pico_gnss pico-gnss-rs/src/main.rs:235)
114.243670 [INFO ] NMEA $GNGLL,0000.0000,N,00000.0000,E,190347.000,A,A*45 (pico_gnss pico-gnss-rs/src/main.rs:235)
114.302000 [INFO ] NMEA $GNGSA,A,3,18,26,31,16,,,,,,,,,3.49,3.37,0.89*1C (pico_gnss pico-gnss-rs/src/main.rs:235)
114.331559 [INFO ] NMEA $GNGSA,A,3,76,,,,,,,,,,,,3.49,3.37,0.89*15 (pico_gnss pico-gnss-rs/src/main.rs:235)
114.418926 [INFO ] NMEA $GPGSV,4,1,15,27,76,338,22,16,61,055,25,08,52,262,18,26,41,096,23*7C (pico_gnss pico-gnss-rs/src/main.rs:235)
114.481643 [INFO ] NMEA $GPGSV,4,2,15,31,23,155,22,02,21,192,13,07,21,316,,04,18,242,*79 (pico_gnss pico-gnss-rs/src/main.rs:235)
114.569052 [INFO ] NMEA $GPGSV,4,3,15,18,16,041,20,09,16,275,,23,05,079,18,10,02,111,20*7E (pico_gnss pico-gnss-rs/src/main.rs:235)
114.598559 [INFO ] NMEA $GPGSV,4,4,15,193,,,,194,,,,195,,,*47 (pico_gnss pico-gnss-rs/src/main.rs:235)
114.657086 [INFO ] NMEA $GLGSV,2,1,08,87,66,177,,76,63,067,19,77,44,334,,75,17,115,*68 (pico_gnss pico-gnss-rs/src/main.rs:235)
114.715625 [INFO ] NMEA $GLGSV,2,2,08,67,06,280,,68,05,326,,85,04,027,,88,04,203,*65 (pico_gnss pico-gnss-rs/src/main.rs:235)
114.807235 [INFO ] NMEA $GNRMC,190347.000,A,0000.0000,N,00000.0000,E,0.29,286.99,070626,,,A*70 (pico_gnss pico-gnss-rs/src/main.rs:235)
114.809426 [INFO ] SYNC pps_local_us=114078598 unix_s=1780859027 drift_us=2 (pico_gnss pico-gnss-rs/src/main.rs:251)
114.836866 [INFO ] NMEA $GPVTG,286.99,T,,M,0.29,N,0.53,K,A*3C (pico_gnss pico-gnss-rs/src/main.rs:235)
114.866061 [INFO ] NMEA $GPZDA,190347.000,07,06,2026,,*59 (pico_gnss pico-gnss-rs/src/main.rs:235)
115.079057 [INFO ] PPS count=117 interval_us=1000002 interval_ns=1000002576 state=Locked missed=0 (pico_gnss pico-gnss-rs/src/main.rs:131)
115.162851 [INFO ] TIME unix_ns=1780859028083670189 ppb=2594 holdover_ms=1083 locked=1 (pico_gnss pico-gnss-rs/src/main.rs:149)
115.190732 [INFO ] NMEA $GPGGA,190348.000,0000.0000,N,00000.0000,E,1,5,3.37,31.7,M,39.0,M,,*64 (pico_gnss pico-gnss-rs/src/main.rs:235)
115.251783 [INFO ] NMEA $GNGLL,0000.0000,N,00000.0000,E,190348.000,A,A*42 (pico_gnss pico-gnss-rs/src/main.rs:235)
115.310147 [INFO ] NMEA $GNGSA,A,3,18,26,31,16,,,,,,,,,3.49,3.37,0.89*1C (pico_gnss pico-gnss-rs/src/main.rs:235)
115.339739 [INFO ] NMEA $GNGSA,A,3,76,,,,,,,,,,,,3.49,3.37,0.89*15 (pico_gnss pico-gnss-rs/src/main.rs:235)
115.427096 [INFO ] NMEA $GPGSV,4,1,15,27,76,338,22,16,61,055,25,08,52,262,17,26,41,096,23*73 (pico_gnss pico-gnss-rs/src/main.rs:235)
115.485692 [INFO ] NMEA $GPGSV,4,2,15,31,23,155,22,02,21,192,13,07,21,316,,04,18,242,*79 (pico_gnss pico-gnss-rs/src/main.rs:235)
115.548453 [INFO ] NMEA $GPGSV,4,3,15,18,16,041,20,09,16,275,,23,05,079,18,10,02,110,20*7F (pico_gnss pico-gnss-rs/src/main.rs:235)
115.606705 [INFO ] NMEA $GPGSV,4,4,15,193,,,,194,,,,195,,,*47 (pico_gnss pico-gnss-rs/src/main.rs:235)
115.665264 [INFO ] NMEA $GLGSV,2,1,08,87,66,177,,76,63,067,19,77,44,334,,75,17,115,*68 (pico_gnss pico-gnss-rs/src/main.rs:235)
115.723812 [INFO ] NMEA $GLGSV,2,2,08,67,06,280,,68,05,326,,85,04,027,,88,04,203,*65 (pico_gnss pico-gnss-rs/src/main.rs:235)
115.815375 [INFO ] NMEA $GNRMC,190348.000,A,0000.0000,N,00000.0000,E,0.36,286.99,070626,,,A*79 (pico_gnss pico-gnss-rs/src/main.rs:235)
115.817575 [INFO ] SYNC pps_local_us=115078569 unix_s=1780859028 drift_us=2 (pico_gnss pico-gnss-rs/src/main.rs:251)
115.845069 [INFO ] NMEA $GPVTG,286.99,T,,M,0.36,N,0.67,K,A*35 (pico_gnss pico-gnss-rs/src/main.rs:235)
115.870232 [INFO ] NMEA $GPZDA,190348.000,07,06,2026,,*56 (pico_gnss pico-gnss-rs/src/main.rs:235)
116.079064 [INFO ] PPS count=118 interval_us=1000002 interval_ns=1000002592 state=Locked missed=0 (pico_gnss pico-gnss-rs/src/main.rs:131)
116.164240 [INFO ] TIME unix_ns=1780859029085090185 ppb=2594 holdover_ms=1085 locked=1 (pico_gnss pico-gnss-rs/src/main.rs:149)
116.189693 [INFO ] NMEA $GPGGA,190349.000,0000.0000,N,00000.0000,E,1,5,3.37,31.8,M,39.0,M,,*69 (pico_gnss pico-gnss-rs/src/main.rs:235)
116.247790 [INFO ] NMEA $GNGLL,0000.0000,N,00000.0000,E,190349.000,A,A*40 (pico_gnss pico-gnss-rs/src/main.rs:235)
116.288689 [INFO ] NMEA $GNGSA,A,3,18,26,31,16,,,,,,,,,3.49,3.37,0.89*1C (pico_gnss pico-gnss-rs/src/main.rs:235)
116.346936 [INFO ] NMEA $GNGSA,A,3,76,,,,,,,,,,,,3.49,3.37,0.89*15 (pico_gnss pico-gnss-rs/src/main.rs:235)
116.405634 [INFO ] NMEA $GPGSV,4,1,15,27,76,338,22,16,61,055,25,08,52,262,14,26,41,096,23*70 (pico_gnss pico-gnss-rs/src/main.rs:235)
116.492993 [INFO ] NMEA $GPGSV,4,2,15,31,23,155,22,02,21,192,14,07,21,316,,04,18,242,*7E (pico_gnss pico-gnss-rs/src/main.rs:235)
116.555763 [INFO ] NMEA $GPGSV,4,3,15,18,16,041,20,09,16,275,,23,05,079,18,10,02,110,20*7F (pico_gnss pico-gnss-rs/src/main.rs:235)
116.585198 [INFO ] NMEA $GPGSV,4,4,15,193,,,,194,,,,195,,,*47 (pico_gnss pico-gnss-rs/src/main.rs:235)
116.672517 [INFO ] NMEA $GLGSV,2,1,08,87,66,177,,76,63,067,19,77,44,334,,75,17,115,*68 (pico_gnss pico-gnss-rs/src/main.rs:235)
116.731074 [INFO ] NMEA $GLGSV,2,2,08,67,06,280,,68,05,326,,85,04,027,,88,04,203,*65 (pico_gnss pico-gnss-rs/src/main.rs:235)
116.789789 [INFO ] NMEA $GNRMC,190349.000,A,0000.0000,N,00000.0000,E,0.35,286.99,070626,,,A*78 (pico_gnss pico-gnss-rs/src/main.rs:235)
116.791970 [INFO ] SYNC pps_local_us=116078602 unix_s=1780859029 drift_us=2 (pico_gnss pico-gnss-rs/src/main.rs:251)
116.852092 [INFO ] NMEA $GPVTG,286.99,T,,M,0.35,N,0.65,K,A*34 (pico_gnss pico-gnss-rs/src/main.rs:235)
116.869122 [INFO ] NMEA $GPZDA,190349.000,07,06,2026,,*57 (pico_gnss pico-gnss-rs/src/main.rs:235)
117.079087 [INFO ] PPS count=119 interval_us=1000002 interval_ns=1000002592 state=Locked missed=0 (pico_gnss pico-gnss-rs/src/main.rs:131)
117.165642 [INFO ] TIME unix_ns=1780859030086449182 ppb=2594 holdover_ms=1086 locked=1 (pico_gnss pico-gnss-rs/src/main.rs:149)
117.193838 [INFO ] NMEA $GPGGA,190350.000,0000.0000,N,00000.0000,E,1,5,3.37,31.8,M,39.0,M,,*66 (pico_gnss pico-gnss-rs/src/main.rs:235)
117.251860 [INFO ] NMEA $GNGLL,0000.0000,N,00000.0000,E,190350.000,A,A*4F (pico_gnss pico-gnss-rs/src/main.rs:235)
117.310196 [INFO ] NMEA $GNGSA,A,3,18,26,31,16,,,,,,,,,3.49,3.37,0.89*1C (pico_gnss pico-gnss-rs/src/main.rs:235)
117.359213 [INFO ] NMEA $GNGSA,A,3,76,,,,,,,,,,,,3.49,3.37,0.89*15 (pico_gnss pico-gnss-rs/src/main.rs:235)
117.417884 [INFO ] NMEA $GPGSV,4,1,15,27,76,338,22,16,61,055,25,08,52,262,14,26,41,096,23*70 (pico_gnss pico-gnss-rs/src/main.rs:235)
117.476513 [INFO ] NMEA $GPGSV,4,2,15,31,23,155,22,02,21,192,14,07,21,316,,04,18,242,*7E (pico_gnss pico-gnss-rs/src/main.rs:235)
117.563914 [INFO ] NMEA $GPGSV,4,3,15,18,16,041,20,09,16,275,,23,05,079,18,10,02,110,20*7F (pico_gnss pico-gnss-rs/src/main.rs:235)
117.597436 [INFO ] NMEA $GPGSV,4,4,15,193,,,,194,,,,195,,,*47 (pico_gnss pico-gnss-rs/src/main.rs:235)
117.656027 [INFO ] NMEA $GLGSV,2,1,08,87,66,177,,76,63,067,19,77,44,334,,75,17,115,*68 (pico_gnss pico-gnss-rs/src/main.rs:235)
117.743368 [INFO ] NMEA $GLGSV,2,2,08,67,06,280,,68,05,326,,85,04,027,,88,04,203,*65 (pico_gnss pico-gnss-rs/src/main.rs:235)
117.802063 [INFO ] NMEA $GNRMC,190350.000,A,0000.0000,N,00000.0000,E,0.38,286.99,070626,,,A*7A (pico_gnss pico-gnss-rs/src/main.rs:235)
117.804257 [INFO ] SYNC pps_local_us=117078609 unix_s=1780859030 drift_us=2 (pico_gnss pico-gnss-rs/src/main.rs:251)
117.860221 [INFO ] NMEA $GPVTG,286.99,T,,M,0.38,N,0.71,K,A*3C (pico_gnss pico-gnss-rs/src/main.rs:235)
117.872950 [INFO ] NMEA $GPZDA,190350.000,07,06,2026,,*5F (pico_gnss pico-gnss-rs/src/main.rs:235)
118.079057 [INFO ] PPS count=120 interval_us=1000002 interval_ns=1000002592 state=Locked missed=0 (pico_gnss pico-gnss-rs/src/main.rs:131)
118.167022 [INFO ] TIME unix_ns=1780859031087832178 ppb=2594 holdover_ms=1087 locked=1 (pico_gnss pico-gnss-rs/src/main.rs:149)
118.189745 [INFO ] NMEA $GPGGA,190351.000,0000.0000,N,00000.0000,E,1,5,3.37,31.8,M,39.0,M,,*68 (pico_gnss pico-gnss-rs/src/main.rs:235)
118.247818 [INFO ] NMEA $GNGLL,0000.0000,N,00000.0000,E,190351.000,A,A*41 (pico_gnss pico-gnss-rs/src/main.rs:235)
118.306176 [INFO ] NMEA $GNGSA,A,3,18,26,31,16,,,,,,,,,3.49,3.37,0.89*1C (pico_gnss pico-gnss-rs/src/main.rs:235)
118.335704 [INFO ] NMEA $GNGSA,A,3,76,,,,,,,,,,,,3.49,3.37,0.89*15 (pico_gnss pico-gnss-rs/src/main.rs:235)
118.422069 [INFO ] NMEA $GPGSV,4,1,15,27,76,338,22,16,61,055,25,08,52,262,17,26,41,096,23*73 (pico_gnss pico-gnss-rs/src/main.rs:235)
118.480668 [INFO ] NMEA $GPGSV,4,2,15,31,23,155,22,02,21,192,14,07,21,316,,04,18,242,*7E (pico_gnss pico-gnss-rs/src/main.rs:235)
118.568055 [INFO ] NMEA $GPGSV,4,3,15,18,16,041,20,09,16,275,,23,05,079,18,10,02,110,20*7F (pico_gnss pico-gnss-rs/src/main.rs:235)
118.597569 [INFO ] NMEA $GPGSV,4,4,15,193,,,,194,,,,195,,,*47 (pico_gnss pico-gnss-rs/src/main.rs:235)
118.660195 [INFO ] NMEA $GLGSV,2,1,08,87,66,177,,76,63,067,19,77,44,334,,75,17,115,*68 (pico_gnss pico-gnss-rs/src/main.rs:235)
118.718732 [INFO ] NMEA $GLGSV,2,2,08,67,06,280,,68,05,326,,85,04,027,,88,04,203,*65 (pico_gnss pico-gnss-rs/src/main.rs:235)
118.806233 [INFO ] NMEA $GNRMC,190351.000,A,0000.0000,N,00000.0000,E,0.54,286.99,070626,,,A*7E (pico_gnss pico-gnss-rs/src/main.rs:235)
118.808412 [INFO ] SYNC pps_local_us=118078605 unix_s=1780859031 drift_us=2 (pico_gnss pico-gnss-rs/src/main.rs:251)
118.835870 [INFO ] NMEA $GPVTG,286.99,T,,M,0.54,N,1.00,K,A*31 (pico_gnss pico-gnss-rs/src/main.rs:235)
118.865085 [INFO ] NMEA $GPZDA,190351.000,07,06,2026,,*5E (pico_gnss pico-gnss-rs/src/main.rs:235)
119.079060 [INFO ] PPS count=121 interval_us=1000002 interval_ns=1000002592 state=Locked missed=0 (pico_gnss pico-gnss-rs/src/main.rs:131)
119.168418 [INFO ] TIME unix_ns=1780859032089214175 ppb=2594 holdover_ms=1089 locked=1 (pico_gnss pico-gnss-rs/src/main.rs:149)
119.192878 [INFO ] NMEA $GPGGA,190352.000,0000.0000,N,00000.0000,E,1,5,3.37,31.8,M,39.0,M,,*65 (pico_gnss pico-gnss-rs/src/main.rs:235)
119.250889 [INFO ] NMEA $GNGLL,0000.0000,N,00000.0000,E,190352.000,A,A*4C (pico_gnss pico-gnss-rs/src/main.rs:235)
119.309252 [INFO ] NMEA $GNGSA,A,3,18,26,31,16,,,,,,,,,3.49,3.37,0.89*1C (pico_gnss pico-gnss-rs/src/main.rs:235)
119.338810 [INFO ] NMEA $GNGSA,A,3,76,,,,,,,,,,,,3.49,3.37,0.89*15 (pico_gnss pico-gnss-rs/src/main.rs:235)
119.401492 [INFO ] NMEA $GPGSV,4,1,15,27,76,338,22,16,61,055,25,08,52,262,17,26,41,096,23*73 (pico_gnss pico-gnss-rs/src/main.rs:235)
119.488886 [INFO ] NMEA $GPGSV,4,2,15,31,23,155,22,02,21,192,14,07,21,316,,04,18,242,*7E (pico_gnss pico-gnss-rs/src/main.rs:235)
119.547541 [INFO ] NMEA $GPGSV,4,3,15,18,16,041,20,09,16,275,,23,05,079,18,10,02,110,21*7E (pico_gnss pico-gnss-rs/src/main.rs:235)
119.605730 [INFO ] NMEA $GPGSV,4,4,15,193,,,,194,,,,195,,,*47 (pico_gnss pico-gnss-rs/src/main.rs:235)
119.668407 [INFO ] NMEA $GLGSV,2,1,08,87,66,177,,76,63,067,18,77,44,334,,75,17,115,*69 (pico_gnss pico-gnss-rs/src/main.rs:235)
119.726980 [INFO ] NMEA $GLGSV,2,2,08,67,06,280,,68,05,326,,85,04,027,,88,04,203,*65 (pico_gnss pico-gnss-rs/src/main.rs:235)
119.814435 [INFO ] NMEA $GNRMC,190352.000,A,0000.0000,N,00000.0000,E,0.73,286.99,070626,,,A*76 (pico_gnss pico-gnss-rs/src/main.rs:235)
119.816616 [INFO ] SYNC pps_local_us=119078590 unix_s=1780859032 drift_us=2 (pico_gnss pico-gnss-rs/src/main.rs:251)
119.844141 [INFO ] NMEA $GPVTG,286.99,T,,M,0.73,N,1.35,K,A*32 (pico_gnss pico-gnss-rs/src/main.rs:235)
119.869333 [INFO ] NMEA $GPZDA,190352.000,07,06,2026,,*5D (pico_gnss pico-gnss-rs/src/main.rs:235)
120.079076 [INFO ] PPS count=122 interval_us=1000002 interval_ns=1000002592 state=Locked missed=0 (pico_gnss pico-gnss-rs/src/main.rs:131)
120.169804 [INFO ] TIME unix_ns=1780859033090623171 ppb=2594 holdover_ms=1090 locked=1 (pico_gnss pico-gnss-rs/src/main.rs:149)
120.201949 [INFO ] NMEA $GPGGA,190353.000,0000.0000,N,00000.0000,E,1,5,3.37,31.9,M,39.0,M,,*66 (pico_gnss pico-gnss-rs/src/main.rs:235)
120.231563 [INFO ] NMEA $GNGLL,0000.0000,N,00000.0000,E,190353.000,A,A*4E (pico_gnss pico-gnss-rs/src/main.rs:235)
120.289827 [INFO ] NMEA $GNGSA,A,3,18,26,31,16,,,,,,,,,3.49,3.37,0.89*1C (pico_gnss pico-gnss-rs/src/main.rs:235)
120.348089 [INFO ] NMEA $GNGSA,A,3,76,,,,,,,,,,,,3.49,3.37,0.89*15 (pico_gnss pico-gnss-rs/src/main.rs:235)
120.406786 [INFO ] NMEA $GPGSV,4,1,15,27,76,338,22,16,61,055,25,08,52,262,17,26,41,096,23*73 (pico_gnss pico-gnss-rs/src/main.rs:235)
120.498247 [INFO ] NMEA $GPGSV,4,2,15,31,23,155,23,02,21,192,14,07,21,316,,04,18,242,*7F (pico_gnss pico-gnss-rs/src/main.rs:235)
120.556943 [INFO ] NMEA $GPGSV,4,3,15,18,16,041,20,09,16,275,,23,05,079,18,10,02,110,21*7E (pico_gnss pico-gnss-rs/src/main.rs:235)
120.586383 [INFO ] NMEA $GPGSV,4,4,15,193,,,,194,,,,195,,,*47 (pico_gnss pico-gnss-rs/src/main.rs:235)
120.673695 [INFO ] NMEA $GLGSV,2,1,08,87,66,177,,76,63,067,19,77,44,334,,75,17,115,*68 (pico_gnss pico-gnss-rs/src/main.rs:235)
120.736321 [INFO ] NMEA $GLGSV,2,2,08,67,06,280,,68,05,326,,85,04,027,,88,04,203,*65 (pico_gnss pico-gnss-rs/src/main.rs:235)
120.795067 [INFO ] NMEA $GNRMC,190353.000,A,0000.0000,N,00000.0000,E,0.36,286.99,070626,,,A*75 (pico_gnss pico-gnss-rs/src/main.rs:235)
120.797252 [INFO ] SYNC pps_local_us=120078618 unix_s=1780859033 drift_us=2 (pico_gnss pico-gnss-rs/src/main.rs:251)
120.853286 [INFO ] NMEA $GPVTG,286.99,T,,M,0.36,N,0.67,K,A*35 (pico_gnss pico-gnss-rs/src/main.rs:235)
120.870293 [INFO ] NMEA $GPZDA,190353.000,07,06,2026,,*5C (pico_gnss pico-gnss-rs/src/main.rs:235)
121.079074 [INFO ] PPS count=123 interval_us=1000002 interval_ns=1000002576 state=Locked missed=0 (pico_gnss pico-gnss-rs/src/main.rs:131)
121.171189 [INFO ] TIME unix_ns=1780859034092000168 ppb=2594 holdover_ms=1092 locked=1 (pico_gnss pico-gnss-rs/src/main.rs:149)
121.202640 [INFO ] NMEA $GPGGA,190354.000,0000.0000,N,00000.0000,E,1,5,3.37,32.0,M,39.0,M,,*68 (pico_gnss pico-gnss-rs/src/main.rs:235)
121.251693 [INFO ] NMEA $GNGLL,0000.0000,N,00000.0000,E,190354.000,A,A*4A (pico_gnss pico-gnss-rs/src/main.rs:235)
121.310019 [INFO ] NMEA $GNGSA,A,3,18,26,31,16,,,,,,,,,3.49,3.37,0.89*1C (pico_gnss pico-gnss-rs/src/main.rs:235)
121.368359 [INFO ] NMEA $GNGSA,A,3,76,,,,,,,,,,,,3.49,3.37,0.89*15 (pico_gnss pico-gnss-rs/src/main.rs:235)
121.427053 [INFO ] NMEA $GPGSV,4,1,15,27,76,338,23,16,61,057,25,08,52,262,17,26,41,096,23*70 (pico_gnss pico-gnss-rs/src/main.rs:235)
121.489760 [INFO ] NMEA $GPGSV,4,2,15,31,23,155,23,02,21,192,14,07,21,316,,04,18,242,*7F (pico_gnss pico-gnss-rs/src/main.rs:235)
121.577179 [INFO ] NMEA $GPGSV,4,3,15,18,16,041,20,09,16,275,,23,05,079,18,10,02,110,21*7E (pico_gnss pico-gnss-rs/src/main.rs:235)
121.606665 [INFO ] NMEA $GPGSV,4,4,15,193,,,,194,,,,195,,,*47 (pico_gnss pico-gnss-rs/src/main.rs:235)
121.665166 [INFO ] NMEA $GLGSV,2,1,08,87,66,177,,76,63,067,19,77,44,334,,75,17,115,*68 (pico_gnss pico-gnss-rs/src/main.rs:235)
121.752440 [INFO ] NMEA $GLGSV,2,2,08,67,06,280,,68,05,326,,85,04,027,,88,04,203,*65 (pico_gnss pico-gnss-rs/src/main.rs:235)
121.815302 [INFO ] NMEA $GNRMC,190354.000,A,0000.0000,N,00000.0000,E,0.57,286.99,070626,,,A*76 (pico_gnss pico-gnss-rs/src/main.rs:235)
121.817476 [INFO ] SYNC pps_local_us=121078615 unix_s=1780859034 drift_us=2 (pico_gnss pico-gnss-rs/src/main.rs:251)
121.844978 [INFO ] NMEA $GPVTG,286.99,T,,M,0.57,N,1.06,K,A*34 (pico_gnss pico-gnss-rs/src/main.rs:235)
121.882104 [INFO ] NMEA $GPZDA,190354.000,07,06,2026,,*5B (pico_gnss pico-gnss-rs/src/main.rs:235)
122.079078 [INFO ] PPS count=124 interval_us=1000002 interval_ns=1000002592 state=Locked missed=0 (pico_gnss pico-gnss-rs/src/main.rs:131)
122.172585 [INFO ] TIME unix_ns=1780859035093379165 ppb=2593 holdover_ms=1093 locked=1 (pico_gnss pico-gnss-rs/src/main.rs:149)
122.191802 [INFO ] NMEA $GPGGA,190355.000,0000.0000,N,00000.0000,E,1,5,3.37,32.0,M,39.0,M,,*63 (pico_gnss pico-gnss-rs/src/main.rs:235)
122.248790 [INFO ] NMEA $GNGLL,0000.0000,N,00000.0000,E,190355.000,A,A*41 (pico_gnss pico-gnss-rs/src/main.rs:235)
122.307159 [INFO ] NMEA $GNGSA,A,3,18,26,31,16,,,,,,,,,3.49,3.37,0.89*1C (pico_gnss pico-gnss-rs/src/main.rs:235)
122.336662 [INFO ] NMEA $GNGSA,A,3,76,,,,,,,,,,,,3.49,3.37,0.89*15 (pico_gnss pico-gnss-rs/src/main.rs:235)
122.424082 [INFO ] NMEA $GPGSV,4,1,15,27,76,338,22,16,61,057,25,08,52,262,16,26,41,096,23*70 (pico_gnss pico-gnss-rs/src/main.rs:235)
122.482690 [INFO ] NMEA $GPGSV,4,2,15,31,23,155,23,02,21,192,14,07,21,316,,04,18,242,*7F (pico_gnss pico-gnss-rs/src/main.rs:235)
122.545439 [INFO ] NMEA $GPGSV,4,3,15,18,16,041,20,09,16,275,,23,05,079,18,10,02,110,21*7E (pico_gnss pico-gnss-rs/src/main.rs:235)
122.603626 [INFO ] NMEA $GPGSV,4,4,15,193,,,,194,,,,195,,,*47 (pico_gnss pico-gnss-rs/src/main.rs:235)
122.662228 [INFO ] NMEA $GLGSV,2,1,08,87,66,177,,76,63,067,19,77,44,334,,75,17,115,*68 (pico_gnss pico-gnss-rs/src/main.rs:235)
122.720745 [INFO ] NMEA $GLGSV,2,2,08,67,06,280,,68,05,326,,85,04,027,,88,04,203,*65 (pico_gnss pico-gnss-rs/src/main.rs:235)
122.812373 [INFO ] NMEA $GNRMC,190355.000,A,0000.0000,N,00000.0000,E,0.59,286.99,070626,,,A*73 (pico_gnss pico-gnss-rs/src/main.rs:235)
122.814562 [INFO ] SYNC pps_local_us=122078616 unix_s=1780859035 drift_us=2 (pico_gnss pico-gnss-rs/src/main.rs:251)
122.842027 [INFO ] NMEA $GPVTG,286.99,T,,M,0.59,N,1.10,K,A*3D (pico_gnss pico-gnss-rs/src/main.rs:235)
122.871426 [INFO ] NMEA $GPZDA,190355.000,07,06,2026,,*5A (pico_gnss pico-gnss-rs/src/main.rs:235)
123.079084 [INFO ] PPS count=125 interval_us=1000002 interval_ns=1000002592 state=Locked missed=0 (pico_gnss pico-gnss-rs/src/main.rs:131)
123.173990 [INFO ] TIME unix_ns=1780859036094782161 ppb=2593 holdover_ms=1094 locked=1 (pico_gnss pico-gnss-rs/src/main.rs:149)
123.177981 [INFO ] NMEA $GPGGA,190356.000,0000.0000,N,00000.0000,E,1,5,3.37,32.1,M,39.0,M,,*65 (pico_gnss pico-gnss-rs/src/main.rs:235)
123.236016 [INFO ] NMEA $GNGLL,0000.0000,N,00000.0000,E,190356.000,A,A*46 (pico_gnss pico-gnss-rs/src/main.rs:235)
123.272775 [INFO ] NMEA $GNGSA,A,3,18,26,31,16,,,,,,,,,3.49,3.37,0.89*1C (pico_gnss pico-gnss-rs/src/main.rs:235)
123.331059 [INFO ] NMEA $GNGSA,A,3,76,,,,,,,,,,,,3.49,3.37,0.89*15 (pico_gnss pico-gnss-rs/src/main.rs:235)
123.389693 [INFO ] NMEA $GPGSV,4,1,15,27,76,338,22,16,61,057,25,08,52,262,16,26,41,096,23*70 (pico_gnss pico-gnss-rs/src/main.rs:235)
123.477103 [INFO ] NMEA $GPGSV,4,2,15,31,23,155,23,02,21,192,14,07,21,316,,04,18,242,*7F (pico_gnss pico-gnss-rs/src/main.rs:235)
123.539844 [INFO ] NMEA $GPGSV,4,3,15,18,16,041,20,09,16,275,,23,05,079,18,10,02,110,21*7E (pico_gnss pico-gnss-rs/src/main.rs:235)
123.569332 [INFO ] NMEA $GPGSV,4,4,15,193,,,,194,,,,195,,,*47 (pico_gnss pico-gnss-rs/src/main.rs:235)
123.656576 [INFO ] NMEA $GLGSV,2,1,08,87,66,177,,76,63,067,19,77,44,334,,75,17,115,*68 (pico_gnss pico-gnss-rs/src/main.rs:235)
123.715170 [INFO ] NMEA $GLGSV,2,2,08,67,06,280,,68,05,326,,85,04,027,,88,04,203,*65 (pico_gnss pico-gnss-rs/src/main.rs:235)
123.802583 [INFO ] NMEA $GNRMC,190356.000,A,0000.0000,N,00000.0000,E,0.60,286.99,070626,,,A*7E (pico_gnss pico-gnss-rs/src/main.rs:235)
123.804769 [INFO ] SYNC pps_local_us=123078614 unix_s=1780859036 drift_us=2 (pico_gnss pico-gnss-rs/src/main.rs:251)
123.836229 [INFO ] NMEA $GPVTG,286.99,T,,M,0.60,N,1.12,K,A*35 (pico_gnss pico-gnss-rs/src/main.rs:235)
123.857433 [INFO ] NMEA $GPZDA,190356.000,07,06,2026,,*59 (pico_gnss pico-gnss-rs/src/main.rs:235)
124.079101 [INFO ] PPS count=126 interval_us=1000002 interval_ns=1000002592 state=Locked missed=0 (pico_gnss pico-gnss-rs/src/main.rs:131)
124.175386 [INFO ] TIME unix_ns=1780859037096175158 ppb=2593 holdover_ms=1096 locked=1 (pico_gnss pico-gnss-rs/src/main.rs:149)
124.193871 [INFO ] NMEA $GPGGA,190357.000,0000.0000,N,00000.0000,E,1,5,3.37,32.1,M,39.0,M,,*62 (pico_gnss pico-gnss-rs/src/main.rs:235)
124.251895 [INFO ] NMEA $GNGLL,0000.0000,N,00000.0000,E,190357.000,A,A*41 (pico_gnss pico-gnss-rs/src/main.rs:235)
124.310233 [INFO ] NMEA $GNGSA,A,3,18,26,31,16,,,,,,,,,3.49,3.37,0.89*1C (pico_gnss pico-gnss-rs/src/main.rs:235)
124.355131 [INFO ] NMEA $GNGSA,A,3,76,,,,,,,,,,,,3.49,3.37,0.89*15 (pico_gnss pico-gnss-rs/src/main.rs:235)
124.413816 [INFO ] NMEA $GPGSV,4,1,15,27,76,338,23,16,61,057,25,08,52,262,15,26,41,096,23*72 (pico_gnss pico-gnss-rs/src/main.rs:235)
124.501171 [INFO ] NMEA $GPGSV,4,2,15,31,23,155,23,02,21,192,14,07,21,316,,04,18,242,*7F (pico_gnss pico-gnss-rs/src/main.rs:235)
124.559859 [INFO ] NMEA $GPGSV,4,3,15,18,16,041,20,09,16,275,,23,05,079,18,10,02,110,20*7F (pico_gnss pico-gnss-rs/src/main.rs:235)
124.593394 [INFO ] NMEA $GPGSV,4,4,15,193,,,,194,,,,195,,,*47 (pico_gnss pico-gnss-rs/src/main.rs:235)
124.651947 [INFO ] NMEA $GLGSV,2,1,08,87,66,177,,76,63,067,19,77,44,334,,75,17,115,*68 (pico_gnss pico-gnss-rs/src/main.rs:235)
124.739263 [INFO ] NMEA $GLGSV,2,2,08,67,06,280,,68,05,326,,85,04,027,,88,04,203,*65 (pico_gnss pico-gnss-rs/src/main.rs:235)
124.797991 [INFO ] NMEA $GNRMC,190357.000,A,0000.0000,N,00000.0000,E,0.34,286.99,070626,,,A*78 (pico_gnss pico-gnss-rs/src/main.rs:235)
124.800183 [INFO ] SYNC pps_local_us=124078619 unix_s=1780859037 drift_us=2 (pico_gnss pico-gnss-rs/src/main.rs:251)
124.860304 [INFO ] NMEA $GPVTG,286.99,T,,M,0.34,N,0.64,K,A*34 (pico_gnss pico-gnss-rs/src/main.rs:235)
124.873149 [INFO ] NMEA $GPZDA,190357.000,07,06,2026,,*58 (pico_gnss pico-gnss-rs/src/main.rs:235)
125.079084 [INFO ] PPS count=127 interval_us=1000002 interval_ns=1000002592 state=Locked missed=0 (pico_gnss pico-gnss-rs/src/main.rs:131)
125.176775 [INFO ] TIME unix_ns=1780859038097571154 ppb=2593 holdover_ms=1097 locked=1 (pico_gnss pico-gnss-rs/src/main.rs:149)
125.195887 [INFO ] NMEA $GPGGA,190358.000,0000.0000,N,00000.0000,E,1,5,3.37,32.2,M,39.0,M,,*69 (pico_gnss pico-gnss-rs/src/main.rs:235)
125.253902 [INFO ] NMEA $GNGLL,0000.0000,N,00000.0000,E,190358.000,A,A*49 (pico_gnss pico-gnss-rs/src/main.rs:235)
125.312279 [INFO ] NMEA $GNGSA,A,3,18,26,31,16,,,,,,,,,3.49,3.37,0.89*1C (pico_gnss pico-gnss-rs/src/main.rs:235)
125.341774 [INFO ] NMEA $GNGSA,A,3,76,,,,,,,,,,,,3.49,3.37,0.89*15 (pico_gnss pico-gnss-rs/src/main.rs:235)
125.424043 [INFO ] NMEA $GPGSV,4,1,15,27,76,338,23,16,61,057,25,08,52,262,15,26,41,096,23*72 (pico_gnss pico-gnss-rs/src/main.rs:235)
125.482773 [INFO ] NMEA $GPGSV,4,2,15,31,23,155,23,02,21,192,14,07,21,316,,04,18,242,*7F (pico_gnss pico-gnss-rs/src/main.rs:235)
125.570174 [INFO ] NMEA $GPGSV,4,3,15,18,16,041,20,09,16,275,,23,05,079,18,10,02,110,20*7F (pico_gnss pico-gnss-rs/src/main.rs:235)
125.599678 [INFO ] NMEA $GPGSV,4,4,15,193,,,,194,,,,195,,,*47 (pico_gnss pico-gnss-rs/src/main.rs:235)
125.662291 [INFO ] NMEA $GLGSV,2,1,08,87,66,177,,76,63,067,19,77,44,334,,75,17,115,*68 (pico_gnss pico-gnss-rs/src/main.rs:235)
125.720826 [INFO ] NMEA $GLGSV,2,2,08,67,06,280,,68,05,326,,85,04,027,,88,04,203,*65 (pico_gnss pico-gnss-rs/src/main.rs:235)
125.808300 [INFO ] NMEA $GNRMC,190358.000,A,0000.0000,N,00000.0000,E,0.37,286.99,070626,,,A*73 (pico_gnss pico-gnss-rs/src/main.rs:235)
125.810503 [INFO ] SYNC pps_local_us=125078623 unix_s=1780859038 drift_us=2 (pico_gnss pico-gnss-rs/src/main.rs:251)
125.837969 [INFO ] NMEA $GPVTG,286.99,T,,M,0.37,N,0.69,K,A*3A (pico_gnss pico-gnss-rs/src/main.rs:235)
125.875207 [INFO ] NMEA $GPZDA,190358.000,07,06,2026,,*57 (pico_gnss pico-gnss-rs/src/main.rs:235)
126.079111 [INFO ] PPS count=128 interval_us=1000002 interval_ns=1000002592 state=Locked missed=0 (pico_gnss pico-gnss-rs/src/main.rs:131)
126.178163 [INFO ] TIME unix_ns=1780859039098957151 ppb=2593 holdover_ms=1098 locked=1 (pico_gnss pico-gnss-rs/src/main.rs:149)
126.191904 [INFO ] NMEA $GPGGA,190359.000,0000.0000,N,00000.0000,E,1,5,3.38,32.2,M,39.0,M,,*61 (pico_gnss pico-gnss-rs/src/main.rs:235)
126.249921 [INFO ] NMEA $GNGLL,0000.0000,N,00000.0000,E,190359.000,A,A*4E (pico_gnss pico-gnss-rs/src/main.rs:235)
126.308275 [INFO ] NMEA $GNGSA,A,3,18,26,31,16,,,,,,,,,3.49,3.38,0.89*13 (pico_gnss pico-gnss-rs/src/main.rs:235)
126.337790 [INFO ] NMEA $GNGSA,A,3,76,,,,,,,,,,,,3.49,3.38,0.89*1A (pico_gnss pico-gnss-rs/src/main.rs:235)
126.428262 [INFO ] NMEA $GPGSV,4,1,15,27,76,338,23,16,61,057,25,08,52,262,15,26,41,096,23*72 (pico_gnss pico-gnss-rs/src/main.rs:235)
126.486851 [INFO ] NMEA $GPGSV,4,2,15,31,23,155,25,02,21,192,13,07,21,316,,04,18,242,*7E (pico_gnss pico-gnss-rs/src/main.rs:235)
126.545536 [INFO ] NMEA $GPGSV,4,3,15,18,16,041,20,09,16,275,,23,05,079,18,10,02,110,20*7F (pico_gnss pico-gnss-rs/src/main.rs:235)
126.603679 [INFO ] NMEA $GPGSV,4,4,15,193,,,,194,,,,195,,,*47 (pico_gnss pico-gnss-rs/src/main.rs:235)
126.666404 [INFO ] NMEA $GLGSV,2,1,08,87,66,177,,76,63,067,19,77,44,334,,75,17,115,*68 (pico_gnss pico-gnss-rs/src/main.rs:235)
126.724977 [INFO ] NMEA $GLGSV,2,2,08,67,06,280,,68,05,326,,85,04,027,,88,04,203,*65 (pico_gnss pico-gnss-rs/src/main.rs:235)
126.812542 [INFO ] NMEA $GNRMC,190359.000,A,0000.0000,N,00000.0000,E,0.33,286.99,070626,,,A*70 (pico_gnss pico-gnss-rs/src/main.rs:235)
126.814744 [INFO ] SYNC pps_local_us=126078639 unix_s=1780859039 drift_us=2 (pico_gnss pico-gnss-rs/src/main.rs:251)
126.842219 [INFO ] NMEA $GPVTG,286.99,T,,M,0.33,N,0.61,K,A*36 (pico_gnss pico-gnss-rs/src/main.rs:235)
126.871581 [INFO ] NMEA $GPZDA,190359.000,07,06,2026,,*56 (pico_gnss pico-gnss-rs/src/main.rs:235)
127.079089 [INFO ] PPS count=129 interval_us=1000002 interval_ns=1000002592 state=Locked missed=0 (pico_gnss pico-gnss-rs/src/main.rs:131)
127.179534 [INFO ] TIME unix_ns=1780859040100316147 ppb=2593 holdover_ms=1100 locked=1 (pico_gnss pico-gnss-rs/src/main.rs:149)
127.196815 [INFO ] NMEA $GPGGA,190400.000,0000.0000,N,00000.0000,E,1,5,3.38,32.2,M,39.0,M,,*6B (pico_gnss pico-gnss-rs/src/main.rs:235)
127.254900 [INFO ] NMEA $GNGLL,0000.0000,N,00000.0000,E,190400.000,A,A*44 (pico_gnss pico-gnss-rs/src/main.rs:235)
127.284499 [INFO ] NMEA $GNGSA,A,3,18,26,31,16,,,,,,,,,3.49,3.38,0.89*13 (pico_gnss pico-gnss-rs/src/main.rs:235)
127.342757 [INFO ] NMEA $GNGSA,A,3,76,,,,,,,,,,,,3.49,3.38,0.89*1A (pico_gnss pico-gnss-rs/src/main.rs:235)
127.401411 [INFO ] NMEA $GPGSV,4,1,15,27,76,338,23,16,61,057,24,08,52,262,15,26,41,096,23*73 (pico_gnss pico-gnss-rs/src/main.rs:235)
127.492921 [INFO ] NMEA $GPGSV,4,2,15,31,23,155,22,02,21,192,14,07,21,316,,04,18,242,*7E (pico_gnss pico-gnss-rs/src/main.rs:235)
127.551560 [INFO ] NMEA $GPGSV,4,3,15,18,16,041,20,09,16,275,,23,05,079,18,10,02,110,20*7F (pico_gnss pico-gnss-rs/src/main.rs:235)
127.581046 [INFO ] NMEA $GPGSV,4,4,15,193,,,,194,,,,195,,,*47 (pico_gnss pico-gnss-rs/src/main.rs:235)
127.668325 [INFO ] NMEA $GLGSV,2,1,08,87,66,177,,76,63,067,19,77,44,334,,75,17,115,*68 (pico_gnss pico-gnss-rs/src/main.rs:235)
127.730983 [INFO ] NMEA $GLGSV,2,2,08,67,06,280,,68,05,326,,85,04,027,,88,04,203,*65 (pico_gnss pico-gnss-rs/src/main.rs:235)
127.789732 [INFO ] NMEA $GNRMC,190400.000,A,0000.0000,N,00000.0000,E,0.54,286.99,070626,,,A*7B (pico_gnss pico-gnss-rs/src/main.rs:235)
127.791931 [INFO ] SYNC pps_local_us=127078634 unix_s=1780859040 drift_us=2 (pico_gnss pico-gnss-rs/src/main.rs:251)
127.847934 [INFO ] NMEA $GPVTG,286.99,T,,M,0.54,N,0.99,K,A*30 (pico_gnss pico-gnss-rs/src/main.rs:235)
127.869114 [INFO ] NMEA $GPZDA,190400.000,07,06,2026,,*5D (pico_gnss pico-gnss-rs/src/main.rs:235)
128.079094 [INFO ] PPS count=130 interval_us=1000002 interval_ns=1000002592 state=Locked missed=0 (pico_gnss pico-gnss-rs/src/main.rs:131)
128.180918 [INFO ] TIME unix_ns=1780859041101698144 ppb=2593 holdover_ms=1101 locked=1 (pico_gnss pico-gnss-rs/src/main.rs:149)
128.189860 [INFO ] NMEA $GPGGA,190401.000,0000.0000,N,00000.0000,E,1,5,3.37,32.2,M,39.0,M,,*66 (pico_gnss pico-gnss-rs/src/main.rs:235)
128.234573 [INFO ] NMEA $GNGLL,0000.0000,N,00000.0000,E,190401.000,A,A*46 (pico_gnss pico-gnss-rs/src/main.rs:235)
128.292916 [INFO ] NMEA $GNGSA,A,3,18,26,31,16,,,,,,,,,3.49,3.37,0.89*1C (pico_gnss pico-gnss-rs/src/main.rs:235)
128.351172 [INFO ] NMEA $GNGSA,A,3,76,,,,,,,,,,,,3.49,3.37,0.89*15 (pico_gnss pico-gnss-rs/src/main.rs:235)
128.409861 [INFO ] NMEA $GPGSV,4,1,15,27,76,338,23,16,61,057,24,08,52,262,15,26,41,096,23*73 (pico_gnss pico-gnss-rs/src/main.rs:235)
128.472574 [INFO ] NMEA $GPGSV,4,2,15,31,23,155,24,02,21,192,14,07,21,316,,04,18,242,*78 (pico_gnss pico-gnss-rs/src/main.rs:235)
128.559998 [INFO ] NMEA $GPGSV,4,3,15,18,16,041,20,09,16,275,,23,05,079,18,10,02,110,20*7F (pico_gnss pico-gnss-rs/src/main.rs:235)
128.589492 [INFO ] NMEA $GPGSV,4,4,15,193,,,,194,,,,195,,,*47 (pico_gnss pico-gnss-rs/src/main.rs:235)
128.647977 [INFO ] NMEA $GLGSV,2,1,08,87,66,177,,76,63,067,19,77,44,334,,75,17,115,*68 (pico_gnss pico-gnss-rs/src/main.rs:235)
128.739460 [INFO ] NMEA $GLGSV,2,2,08,67,06,280,,68,05,326,,85,04,027,,88,04,203,*65 (pico_gnss pico-gnss-rs/src/main.rs:235)
128.798150 [INFO ] NMEA $GNRMC,190401.000,A,0000.0000,N,00000.0000,E,0.77,220.60,070626,,,A*72 (pico_gnss pico-gnss-rs/src/main.rs:235)
128.800325 [INFO ] SYNC pps_local_us=128078630 unix_s=1780859041 drift_us=2 (pico_gnss pico-gnss-rs/src/main.rs:251)
128.856409 [INFO ] NMEA $GPVTG,220.60,T,,M,0.77,N,1.43,K,A*3D (pico_gnss pico-gnss-rs/src/main.rs:235)
128.869200 [INFO ] NMEA $GPZDA,190401.000,07,06,2026,,*5C (pico_gnss pico-gnss-rs/src/main.rs:235)
129.079096 [INFO ] PPS count=131 interval_us=1000002 interval_ns=1000002592 state=Locked missed=0 (pico_gnss pico-gnss-rs/src/main.rs:131)
129.182315 [INFO ] TIME unix_ns=1780859042103100140 ppb=2593 holdover_ms=1103 locked=1 (pico_gnss pico-gnss-rs/src/main.rs:149)
129.195034 [INFO ] NMEA $GPGGA,190402.000,0000.0000,N,00000.0000,E,1,5,3.38,32.2,M,39.0,M,,*68 (pico_gnss pico-gnss-rs/src/main.rs:235)
129.247920 [INFO ] NMEA $GNGLL,0000.0000,N,00000.0000,E,190402.000,A,A*47 (pico_gnss pico-gnss-rs/src/main.rs:235)
129.306236 [INFO ] NMEA $GNGSA,A,3,18,26,31,16,,,,,,,,,3.49,3.38,0.89*13 (pico_gnss pico-gnss-rs/src/main.rs:235)
129.335788 [INFO ] NMEA $GNGSA,A,3,76,,,,,,,,,,,,3.49,3.38,0.89*1A (pico_gnss pico-gnss-rs/src/main.rs:235)
129.423155 [INFO ] NMEA $GPGSV,4,1,15,27,76,338,23,16,61,057,24,08,52,262,15,26,41,096,23*73 (pico_gnss pico-gnss-rs/src/main.rs:235)
129.481792 [INFO ] NMEA $GPGSV,4,2,15,31,23,155,24,02,21,192,13,07,21,316,,04,18,242,*7F (pico_gnss pico-gnss-rs/src/main.rs:235)
129.573305 [INFO ] NMEA $GPGSV,4,3,15,18,16,041,20,09,16,275,,23,05,079,18,10,02,110,20*7F (pico_gnss pico-gnss-rs/src/main.rs:235)
129.602820 [INFO ] NMEA $GPGSV,4,4,15,193,,,,194,,,,195,,,*47 (pico_gnss pico-gnss-rs/src/main.rs:235)
129.661333 [INFO ] NMEA $GLGSV,2,1,08,87,66,177,,76,63,067,19,77,44,334,,75,17,115,*68 (pico_gnss pico-gnss-rs/src/main.rs:235)
129.719869 [INFO ] NMEA $GLGSV,2,2,08,67,06,280,,68,05,326,,85,04,027,,88,04,203,*65 (pico_gnss pico-gnss-rs/src/main.rs:235)
129.811490 [INFO ] NMEA $GNRMC,190402.000,A,0000.0000,N,00000.0000,E,1.50,215.97,070626,,,A*79 (pico_gnss pico-gnss-rs/src/main.rs:235)
129.813668 [INFO ] SYNC pps_local_us=129078637 unix_s=1780859042 drift_us=2 (pico_gnss pico-gnss-rs/src/main.rs:251)
129.841091 [INFO ] NMEA $GPVTG,215.97,T,,M,1.50,N,2.78,K,A*3C (pico_gnss pico-gnss-rs/src/main.rs:235)
129.870304 [INFO ] NMEA $GPZDA,190402.000,07,06,2026,,*5F (pico_gnss pico-gnss-rs/src/main.rs:235)
130.079100 [INFO ] PPS count=132 interval_us=1000002 interval_ns=1000002592 state=Locked missed=0 (pico_gnss pico-gnss-rs/src/main.rs:131)
130.183703 [INFO ] TIME unix_ns=1780859043104482136 ppb=2593 holdover_ms=1104 locked=1 (pico_gnss pico-gnss-rs/src/main.rs:149)
130.186958 [INFO ] NMEA $GPGGA,190403.000,0000.0000,N,00000.0000,E,1,5,3.38,32.2,M,39.0,M,,*6D (pico_gnss pico-gnss-rs/src/main.rs:235)
130.244989 [INFO ] NMEA $GNGLL,0000.0000,N,00000.0000,E,190403.000,A,A*42 (pico_gnss pico-gnss-rs/src/main.rs:235)
130.306420 [INFO ] NMEA $GNGSA,A,3,18,26,31,16,,,,,,,,,3.49,3.38,0.89*13 (pico_gnss pico-gnss-rs/src/main.rs:235)
130.336010 [INFO ] NMEA $GNGSA,A,3,76,,,,,,,,,,,,3.49,3.38,0.89*1A (pico_gnss pico-gnss-rs/src/main.rs:235)
130.423370 [INFO ] NMEA $GPGSV,4,1,15,27,76,338,23,16,61,057,24,08,52,262,15,26,41,096,22*72 (pico_gnss pico-gnss-rs/src/main.rs:235)
130.481977 [INFO ] NMEA $GPGSV,4,2,15,31,23,155,24,02,21,192,13,07,21,316,,04,18,242,*7F (pico_gnss pico-gnss-rs/src/main.rs:235)
130.544721 [INFO ] NMEA $GPGSV,4,3,15,18,16,041,20,09,16,275,,23,05,079,18,10,02,110,20*7F (pico_gnss pico-gnss-rs/src/main.rs:235)
130.602942 [INFO ] NMEA $GPGSV,4,4,15,193,,,,194,,,,195,,,*47 (pico_gnss pico-gnss-rs/src/main.rs:235)
130.661495 [INFO ] NMEA $GLGSV,2,1,08,87,66,177,,76,63,067,19,77,44,334,,75,17,115,*68 (pico_gnss pico-gnss-rs/src/main.rs:235)
130.720060 [INFO ] NMEA $GLGSV,2,2,08,67,06,280,,68,05,326,,85,04,027,,88,04,203,*65 (pico_gnss pico-gnss-rs/src/main.rs:235)
130.811641 [INFO ] NMEA $GNRMC,190403.000,A,0000.0000,N,00000.0000,E,1.47,272.25,070626,,,A*72 (pico_gnss pico-gnss-rs/src/main.rs:235)
130.813851 [INFO ] SYNC pps_local_us=130078612 unix_s=1780859043 drift_us=2 (pico_gnss pico-gnss-rs/src/main.rs:251)
130.841331 [INFO ] NMEA $GPVTG,272.25,T,,M,1.47,N,2.73,K,A*39 (pico_gnss pico-gnss-rs/src/main.rs:235)
130.866512 [INFO ] NMEA $GPZDA,190403.000,07,06,2026,,*5E (pico_gnss pico-gnss-rs/src/main.rs:235)
131.079110 [INFO ] PPS count=133 interval_us=1000002 interval_ns=1000002592 state=Locked missed=0 (pico_gnss pico-gnss-rs/src/main.rs:131)
131.185110 [INFO ] TIME unix_ns=1780859044105901133 ppb=2593 holdover_ms=1105 locked=1 (pico_gnss pico-gnss-rs/src/main.rs:149)
131.188743 [INFO ] NMEA $GPGGA,190404.000,0000.0000,N,00000.0000,E,1,5,3.38,32.2,M,39.0,M,,*66 (pico_gnss pico-gnss-rs/src/main.rs:235)
131.246748 [INFO ] NMEA $GNGLL,0000.0000,N,00000.0000,E,190404.000,A,A*49 (pico_gnss pico-gnss-rs/src/main.rs:235)
131.305064 [INFO ] NMEA $GNGSA,A,3,18,26,31,16,,,,,,,,,3.49,3.38,0.89*13 (pico_gnss pico-gnss-rs/src/main.rs:235)
131.345864 [INFO ] NMEA $GNGSA,A,3,76,,,,,,,,,,,,3.49,3.38,0.89*1A (pico_gnss pico-gnss-rs/src/main.rs:235)
131.404559 [INFO ] NMEA $GPGSV,4,1,15,27,76,338,23,16,61,057,24,08,52,262,15,26,40,097,21*71 (pico_gnss pico-gnss-rs/src/main.rs:235)
131.491931 [INFO ] NMEA $GPGSV,4,2,15,31,23,155,23,02,21,192,13,07,21,316,,04,18,242,*78 (pico_gnss pico-gnss-rs/src/main.rs:235)
131.550574 [INFO ] NMEA $GPGSV,4,3,15,18,16,041,21,09,16,275,,23,05,079,18,10,02,110,18*75 (pico_gnss pico-gnss-rs/src/main.rs:235)
131.584077 [INFO ] NMEA $GPGSV,4,4,15,193,,,,194,,,,195,,,*47 (pico_gnss pico-gnss-rs/src/main.rs:235)
131.671487 [INFO ] NMEA $GLGSV,2,1,08,87,66,177,,76,63,067,20,77,44,334,,75,17,115,*62 (pico_gnss pico-gnss-rs/src/main.rs:235)
131.730005 [INFO ] NMEA $GLGSV,2,2,08,67,06,280,,68,05,326,,85,04,027,,88,04,203,*65 (pico_gnss pico-gnss-rs/src/main.rs:235)
131.788840 [INFO ] NMEA $GNRMC,190404.000,A,0000.0000,N,00000.0000,E,0.48,272.25,070626,,,A*77 (pico_gnss pico-gnss-rs/src/main.rs:235)
131.791017 [INFO ] SYNC pps_local_us=131078644 unix_s=1780859044 drift_us=2 (pico_gnss pico-gnss-rs/src/main.rs:251)
131.851103 [INFO ] NMEA $GPVTG,272.25,T,,M,0.48,N,0.88,K,A*31 (pico_gnss pico-gnss-rs/src/main.rs:235)
131.868141 [INFO ] NMEA $GPZDA,190404.000,07,06,2026,,*59 (pico_gnss pico-gnss-rs/src/main.rs:235)
132.079116 [INFO ] PPS count=134 interval_us=1000002 interval_ns=1000002592 state=Locked missed=0 (pico_gnss pico-gnss-rs/src/main.rs:131)
132.186486 [INFO ] TIME unix_ns=1780859045107256129 ppb=2593 holdover_ms=1107 locked=1 (pico_gnss pico-gnss-rs/src/main.rs:149)
132.204863 [INFO ] NMEA $GPGGA,190405.000,0000.0000,N,00000.0000,E,1,5,3.38,32.2,M,39.0,M,,*6A (pico_gnss pico-gnss-rs/src/main.rs:235)
132.262914 [INFO ] NMEA $GNGLL,0000.0000,N,00000.0000,E,190405.000,A,A*45 (pico_gnss pico-gnss-rs/src/main.rs:235)
132.321264 [INFO ] NMEA $GNGSA,A,3,18,26,31,16,,,,,,,,,3.49,3.38,0.89*13 (pico_gnss pico-gnss-rs/src/main.rs:235)
132.370274 [INFO ] NMEA $GNGSA,A,3,76,,,,,,,,,,,,3.49,3.38,0.89*1A (pico_gnss pico-gnss-rs/src/main.rs:235)
132.428921 [INFO ] NMEA $GPGSV,4,1,15,27,76,342,22,16,61,057,25,08,52,262,15,26,40,097,21*7C (pico_gnss pico-gnss-rs/src/main.rs:235)
132.487538 [INFO ] NMEA $GPGSV,4,2,15,31,23,155,23,02,21,192,14,07,21,316,,04,18,242,*7F (pico_gnss pico-gnss-rs/src/main.rs:235)
132.574958 [INFO ] NMEA $GPGSV,4,3,15,18,16,041,21,09,16,275,,23,05,079,18,10,02,110,19*74 (pico_gnss pico-gnss-rs/src/main.rs:235)
132.604462 [INFO ] NMEA $GPGSV,4,4,15,193,,,,194,,,,195,,,*47 (pico_gnss pico-gnss-rs/src/main.rs:235)
132.667025 [INFO ] NMEA $GLGSV,2,1,08,87,66,177,,76,63,067,21,77,44,334,,75,17,115,*63 (pico_gnss pico-gnss-rs/src/main.rs:235)
132.754389 [INFO ] NMEA $GLGSV,2,2,08,67,06,280,,68,05,326,,85,04,027,,88,04,203,*65 (pico_gnss pico-gnss-rs/src/main.rs:235)
132.813079 [INFO ] NMEA $GNRMC,190405.000,A,0000.0000,N,00000.0000,E,0.49,272.25,070626,,,A*7A (pico_gnss pico-gnss-rs/src/main.rs:235)
132.815272 [INFO ] SYNC pps_local_us=132078648 unix_s=1780859045 drift_us=2 (pico_gnss pico-gnss-rs/src/main.rs:251)
132.871332 [INFO ] NMEA $GPVTG,272.25,T,,M,0.49,N,0.90,K,A*39 (pico_gnss pico-gnss-rs/src/main.rs:235)
132.884358 [INFO ] NMEA $GPZDA,190405.000,07,06,2026,,*58 (pico_gnss pico-gnss-rs/src/main.rs:235)
133.079102 [INFO ] PPS count=135 interval_us=1000002 interval_ns=1000002592 state=Locked missed=0 (pico_gnss pico-gnss-rs/src/main.rs:131)
133.187883 [INFO ] TIME unix_ns=1780859046108636126 ppb=2593 holdover_ms=1108 locked=1 (pico_gnss pico-gnss-rs/src/main.rs:149)
133.189935 [INFO ] NMEA $GPGGA,190406.000,0000.0000,N,00000.0000,E,1,5,3.38,32.2,M,39.0,M,,*6F (pico_gnss pico-gnss-rs/src/main.rs:235)
133.247950 [INFO ] NMEA $GNGLL,0000.0000,N,00000.0000,E,190406.000,A,A*40 (pico_gnss pico-gnss-rs/src/main.rs:235)
133.306317 [INFO ] NMEA $GNGSA,A,3,18,26,31,16,,,,,,,,,3.49,3.38,0.89*13 (pico_gnss pico-gnss-rs/src/main.rs:235)
133.335837 [INFO ] NMEA $GNGSA,A,3,76,,,,,,,,,,,,3.49,3.38,0.89*1A (pico_gnss pico-gnss-rs/src/main.rs:235)
133.422211 [INFO ] NMEA $GPGSV,4,1,15,27,76,342,22,16,61,057,25,08,52,262,15,26,40,097,21*7C (pico_gnss pico-gnss-rs/src/main.rs:235)
133.480819 [INFO ] NMEA $GPGSV,4,2,15,31,23,155,23,02,21,192,14,07,21,316,,04,18,242,*7F (pico_gnss pico-gnss-rs/src/main.rs:235)
133.568196 [INFO ] NMEA $GPGSV,4,3,15,18,16,041,21,09,16,275,,23,05,079,18,10,02,110,19*74 (pico_gnss pico-gnss-rs/src/main.rs:235)
133.597693 [INFO ] NMEA $GPGSV,4,4,15,193,,,,194,,,,195,,,*47 (pico_gnss pico-gnss-rs/src/main.rs:235)
133.660343 [INFO ] NMEA $GLGSV,2,1,08,87,66,177,,76,63,067,21,77,44,334,,75,17,115,*63 (pico_gnss pico-gnss-rs/src/main.rs:235)
133.718893 [INFO ] NMEA $GLGSV,2,2,08,67,06,280,,68,05,326,,85,04,027,,88,04,203,*65 (pico_gnss pico-gnss-rs/src/main.rs:235)
133.806388 [INFO ] NMEA $GNRMC,190406.000,A,0000.0000,N,00000.0000,E,0.46,272.25,070626,,,A*70 (pico_gnss pico-gnss-rs/src/main.rs:235)
133.808587 [INFO ] SYNC pps_local_us=133078649 unix_s=1780859046 drift_us=2 (pico_gnss pico-gnss-rs/src/main.rs:251)
133.836038 [INFO ] NMEA $GPVTG,272.25,T,,M,0.46,N,0.85,K,A*32 (pico_gnss pico-gnss-rs/src/main.rs:235)
133.865251 [INFO ] NMEA $GPZDA,190406.000,07,06,2026,,*5B (pico_gnss pico-gnss-rs/src/main.rs:235)
134.079123 [INFO ] PPS count=136 interval_us=1000002 interval_ns=1000002592 state=Locked missed=0 (pico_gnss pico-gnss-rs/src/main.rs:131)
134.189258 [INFO ] TIME unix_ns=1780859047110021122 ppb=2593 holdover_ms=1110 locked=1 (pico_gnss pico-gnss-rs/src/main.rs:149)
134.193870 [INFO ] NMEA $GPGGA,190407.000,0000.0000,N,00000.0000,E,1,5,3.38,32.2,M,39.0,M,,*68 (pico_gnss pico-gnss-rs/src/main.rs:235)
134.251904 [INFO ] NMEA $GNGLL,0000.0000,N,00000.0000,E,190407.000,A,A*47 (pico_gnss pico-gnss-rs/src/main.rs:235)
134.310236 [INFO ] NMEA $GNGSA,A,3,18,26,31,16,,,,,,,,,3.49,3.38,0.89*13 (pico_gnss pico-gnss-rs/src/main.rs:235)
134.339824 [INFO ] NMEA $GNGSA,A,3,76,,,,,,,,,,,,3.49,3.38,0.89*1A (pico_gnss pico-gnss-rs/src/main.rs:235)
134.427112 [INFO ] NMEA $GPGSV,4,1,15,27,76,342,22,16,61,057,25,08,52,262,15,26,40,097,21*7C (pico_gnss pico-gnss-rs/src/main.rs:235)
134.489914 [INFO ] NMEA $GPGSV,4,2,15,31,23,155,23,02,21,192,14,07,21,316,,04,18,242,*7F (pico_gnss pico-gnss-rs/src/main.rs:235)
134.548570 [INFO ] NMEA $GPGSV,4,3,15,18,16,041,21,09,16,275,,23,05,079,18,10,02,110,19*74 (pico_gnss pico-gnss-rs/src/main.rs:235)
134.606768 [INFO ] NMEA $GPGSV,4,4,15,193,,,,194,,,,195,,,*47 (pico_gnss pico-gnss-rs/src/main.rs:235)
134.665334 [INFO ] NMEA $GLGSV,2,1,08,87,66,177,,76,63,067,21,77,44,334,,75,17,115,*63 (pico_gnss pico-gnss-rs/src/main.rs:235)
134.727972 [INFO ] NMEA $GLGSV,2,2,08,67,06,280,,68,05,326,,85,04,027,,88,04,203,*65 (pico_gnss pico-gnss-rs/src/main.rs:235)
134.815460 [INFO ] NMEA $GNRMC,190407.000,A,0000.0000,N,00000.0000,E,0.05,272.25,070626,,,A*70 (pico_gnss pico-gnss-rs/src/main.rs:235)
134.817663 [INFO ] SYNC pps_local_us=134078632 unix_s=1780859047 drift_us=2 (pico_gnss pico-gnss-rs/src/main.rs:251)
134.845126 [INFO ] NMEA $GPVTG,272.25,T,,M,0.05,N,0.09,K,A*31 (pico_gnss pico-gnss-rs/src/main.rs:235)
134.870317 [INFO ] NMEA $GPZDA,190407.000,07,06,2026,,*5A (pico_gnss pico-gnss-rs/src/main.rs:235)
135.079102 [INFO ] PPS count=137 interval_us=1000002 interval_ns=1000002592 state=Locked missed=0 (pico_gnss pico-gnss-rs/src/main.rs:131)
135.191076 [INFO ] TIME unix_ns=1780859048111857117 ppb=2593 holdover_ms=1111 locked=1 (pico_gnss pico-gnss-rs/src/main.rs:149)
135.201915 [INFO ] NMEA $GPGGA,190408.000,0000.0000,N,00000.0000,E,1,5,3.38,32.2,M,39.0,M,,*60 (pico_gnss pico-gnss-rs/src/main.rs:235)
135.231305 [INFO ] NMEA $GNGLL,0000.0000,N,00000.0000,E,190408.000,A,A*4F (pico_gnss pico-gnss-rs/src/main.rs:235)
135.289552 [INFO ] NMEA $GNGSA,A,3,18,26,31,16,,,,,,,,,3.49,3.38,0.89*13 (pico_gnss pico-gnss-rs/src/main.rs:235)
135.347783 [INFO ] NMEA $GNGSA,A,3,76,,,,,,,,,,,,3.49,3.38,0.89*1A (pico_gnss pico-gnss-rs/src/main.rs:235)
135.406490 [INFO ] NMEA $GPGSV,4,1,15,27,76,342,22,16,61,057,25,08,52,262,15,26,40,097,21*7C (pico_gnss pico-gnss-rs/src/main.rs:235)
135.497929 [INFO ] NMEA $GPGSV,4,2,15,31,23,155,23,02,21,192,14,07,21,316,,04,18,242,*7F (pico_gnss pico-gnss-rs/src/main.rs:235)
135.556625 [INFO ] NMEA $GPGSV,4,3,15,18,16,041,21,09,16,275,,23,05,079,18,10,02,110,19*74 (pico_gnss pico-gnss-rs/src/main.rs:235)
135.586068 [INFO ] NMEA $GPGSV,4,4,15,193,,,,194,,,,195,,,*47 (pico_gnss pico-gnss-rs/src/main.rs:235)
135.673384 [INFO ] NMEA $GLGSV,2,1,08,87,66,177,,76,63,067,22,77,44,334,,75,17,115,*60 (pico_gnss pico-gnss-rs/src/main.rs:235)
135.736051 [INFO ] NMEA $GLGSV,2,2,08,67,06,280,,68,05,326,,85,04,027,19,88,04,203,*6D (pico_gnss pico-gnss-rs/src/main.rs:235)
135.794801 [INFO ] NMEA $GNRMC,190408.000,A,0000.0000,N,00000.0000,E,0.41,272.25,070626,,,A*78 (pico_gnss pico-gnss-rs/src/main.rs:235)
135.796988 [INFO ] SYNC pps_local_us=135078646 unix_s=1780859048 drift_us=2 (pico_gnss pico-gnss-rs/src/main.rs:251)
135.853009 [INFO ] NMEA $GPVTG,272.25,T,,M,0.41,N,0.76,K,A*39 (pico_gnss pico-gnss-rs/src/main.rs:235)
135.872108 [INFO ] NMEA $GPZDA,190408.000,07,06,2026,,*55 (pico_gnss pico-gnss-rs/src/main.rs:235)
136.079114 [INFO ] PPS count=138 interval_us=1000002 interval_ns=1000002592 state=Locked missed=0 (pico_gnss pico-gnss-rs/src/main.rs:131)
136.192476 [INFO ] TIME unix_ns=1780859049113241114 ppb=2593 holdover_ms=1113 locked=1 (pico_gnss pico-gnss-rs/src/main.rs:149)
136.194457 [INFO ] NMEA $GPGGA,190409.000,0000.0000,N,00000.0000,E,1,5,3.38,32.2,M,39.0,M,,*62 (pico_gnss pico-gnss-rs/src/main.rs:235)
136.240556 [INFO ] NMEA $GNGLL,0000.0000,N,00000.0000,E,190409.000,A,A*4D (pico_gnss pico-gnss-rs/src/main.rs:235)
136.298884 [INFO ] NMEA $GNGSA,A,3,18,26,31,16,,,,,,,,,3.49,3.38,0.89*13 (pico_gnss pico-gnss-rs/src/main.rs:235)
136.357181 [INFO ] NMEA $GNGSA,A,3,76,,,,,,,,,,,,3.49,3.38,0.89*1A (pico_gnss pico-gnss-rs/src/main.rs:235)
136.415815 [INFO ] NMEA $GPGSV,4,1,15,27,76,342,22,16,61,057,25,08,52,262,15,26,40,097,21*7C (pico_gnss pico-gnss-rs/src/main.rs:235)
136.474455 [INFO ] NMEA $GPGSV,4,2,15,31,23,156,23,02,21,192,14,07,21,316,,04,18,242,*7C (pico_gnss pico-gnss-rs/src/main.rs:235)
136.565952 [INFO ] NMEA $GPGSV,4,3,15,18,16,041,21,09,16,275,,23,05,079,18,10,02,110,19*74 (pico_gnss pico-gnss-rs/src/main.rs:235)
136.595459 [INFO ] NMEA $GPGSV,4,4,15,193,,,,194,,,,195,,,*47 (pico_gnss pico-gnss-rs/src/main.rs:235)
136.653946 [INFO ] NMEA $GLGSV,2,1,08,87,66,177,,76,63,067,22,77,44,334,,75,17,115,*60 (pico_gnss pico-gnss-rs/src/main.rs:235)
136.741340 [INFO ] NMEA $GLGSV,2,2,08,67,06,280,,68,05,326,,85,04,027,20,88,04,203,*67 (pico_gnss pico-gnss-rs/src/main.rs:235)
136.804114 [INFO ] NMEA $GNRMC,190409.000,A,0000.0000,N,00000.0000,E,0.96,294.50,070626,,,A*7A (pico_gnss pico-gnss-rs/src/main.rs:235)
136.806283 [INFO ] SYNC pps_local_us=136078655 unix_s=1780859049 drift_us=2 (pico_gnss pico-gnss-rs/src/main.rs:251)
136.862390 [INFO ] NMEA $GPVTG,294.50,T,,M,0.96,N,1.78,K,A*36 (pico_gnss pico-gnss-rs/src/main.rs:235)
136.875178 [INFO ] NMEA $GPZDA,190409.000,07,06,2026,,*54 (pico_gnss pico-gnss-rs/src/main.rs:235)
137.079117 [INFO ] PPS count=139 interval_us=1000002 interval_ns=1000002608 state=Locked missed=0 (pico_gnss pico-gnss-rs/src/main.rs:131)
137.187907 [INFO ] NMEA $GPGGA,190410.000,0000.0000,N,00000.0000,E,1,5,3.38,32.2,M,39.0,M,,*69 (pico_gnss pico-gnss-rs/src/main.rs:235)
137.194216 [INFO ] TIME unix_ns=1780859050115017109 ppb=2593 holdover_ms=1115 locked=1 (pico_gnss pico-gnss-rs/src/main.rs:149)
137.246321 [INFO ] NMEA $GNGLL,0000.0000,N,00000.0000,E,190410.000,A,A*46 (pico_gnss pico-gnss-rs/src/main.rs:235)
137.299450 [INFO ] NMEA $GNGSA,A,3,18,26,31,16,,,,,,,,,3.49,3.38,0.88*12 (pico_gnss pico-gnss-rs/src/main.rs:235)
137.329013 [INFO ] NMEA $GNGSA,A,3,76,,,,,,,,,,,,3.49,3.38,0.88*1B (pico_gnss pico-gnss-rs/src/main.rs:235)
137.416386 [INFO ] NMEA $GPGSV,4,1,15,27,76,342,22,16,61,057,25,08,52,262,15,26,40,097,21*7C (pico_gnss pico-gnss-rs/src/main.rs:235)
137.475011 [INFO ] NMEA $GPGSV,4,2,15,31,23,156,22,02,21,192,13,07,21,316,,04,18,242,*7A (pico_gnss pico-gnss-rs/src/main.rs:235)
137.566503 [INFO ] NMEA $GPGSV,4,3,15,18,16,041,21,09,16,275,,23,05,079,18,10,02,110,19*74 (pico_gnss pico-gnss-rs/src/main.rs:235)
137.596024 [INFO ] NMEA $GPGSV,4,4,15,193,,,,194,,,,195,,,*47 (pico_gnss pico-gnss-rs/src/main.rs:235)
137.654530 [INFO ] NMEA $GLGSV,2,1,08,87,66,177,,76,63,067,21,77,44,334,,75,17,115,*63 (pico_gnss pico-gnss-rs/src/main.rs:235)
137.713102 [INFO ] NMEA $GLGSV,2,2,08,67,06,280,,68,05,326,,85,04,027,20,88,04,203,*67 (pico_gnss pico-gnss-rs/src/main.rs:235)
137.804718 [INFO ] NMEA $GNRMC,190410.000,A,0000.0000,N,00000.0000,E,0.45,294.50,070626,,,A*7F (pico_gnss pico-gnss-rs/src/main.rs:235)
137.806927 [INFO ] SYNC pps_local_us=137078658 unix_s=1780859050 drift_us=2 (pico_gnss pico-gnss-rs/src/main.rs:251)
137.834372 [INFO ] NMEA $GPVTG,294.50,T,,M,0.45,N,0.83,K,A*3D (pico_gnss pico-gnss-rs/src/main.rs:235)
137.869384 [INFO ] NMEA $GPZDA,190410.000,07,06,2026,,*5C (pico_gnss pico-gnss-rs/src/main.rs:235)
138.079119 [INFO ] PPS count=140 interval_us=1000002 interval_ns=1000002576 state=Locked missed=0 (pico_gnss pico-gnss-rs/src/main.rs:131)
138.187737 [INFO ] NMEA $GPGGA,190411.000,0000.0000,N,00000.0000,E,1,5,3.38,32.2,M,39.0,M,,*6D (pico_gnss pico-gnss-rs/src/main.rs:235)
138.195563 [INFO ] TIME unix_ns=1780859051116354106 ppb=2593 holdover_ms=1116 locked=1 (pico_gnss pico-gnss-rs/src/main.rs:149)
138.246153 [INFO ] NMEA $GNGLL,0000.0000,N,00000.0000,E,190411.000,A,A*42 (pico_gnss pico-gnss-rs/src/main.rs:235)
138.305449 [INFO ] NMEA $GNGSA,A,3,18,26,31,16,,,,,,,,,3.49,3.38,0.89*13 (pico_gnss pico-gnss-rs/src/main.rs:235)
138.335021 [INFO ] NMEA $GNGSA,A,3,76,,,,,,,,,,,,3.49,3.38,0.89*1A (pico_gnss pico-gnss-rs/src/main.rs:235)
138.422403 [INFO ] NMEA $GPGSV,4,1,15,27,76,342,22,16,61,057,25,08,52,262,15,26,40,097,21*7C (pico_gnss pico-gnss-rs/src/main.rs:235)
138.481001 [INFO ] NMEA $GPGSV,4,2,15,31,23,156,22,02,21,192,13,07,21,316,,04,18,242,*7A (pico_gnss pico-gnss-rs/src/main.rs:235)
138.539651 [INFO ] NMEA $GPGSV,4,3,15,18,16,041,21,09,16,275,,23,05,079,18,10,02,110,19*74 (pico_gnss pico-gnss-rs/src/main.rs:235)
138.601964 [INFO ] NMEA $GPGSV,4,4,15,193,,,,194,,,,195,,,*47 (pico_gnss pico-gnss-rs/src/main.rs:235)
138.660533 [INFO ] NMEA $GLGSV,2,1,08,87,66,177,,76,63,067,21,77,44,334,,75,17,115,*63 (pico_gnss pico-gnss-rs/src/main.rs:235)
138.719151 [INFO ] NMEA $GLGSV,2,2,08,67,06,280,,68,05,326,,85,04,027,20,88,04,203,*67 (pico_gnss pico-gnss-rs/src/main.rs:235)
138.806611 [INFO ] NMEA $GNRMC,190411.000,A,0000.0000,N,00000.0000,E,1.00,71.07,070626,,,A*40 (pico_gnss pico-gnss-rs/src/main.rs:235)
138.808793 [INFO ] SYNC pps_local_us=138078654 unix_s=1780859051 drift_us=2 (pico_gnss pico-gnss-rs/src/main.rs:251)
138.840147 [INFO ] NMEA $GPVTG,71.07,T,,M,1.00,N,1.86,K,A*02 (pico_gnss pico-gnss-rs/src/main.rs:235)
138.867590 [INFO ] NMEA $GPZDA,190411.000,07,06,2026,,*5D (pico_gnss pico-gnss-rs/src/main.rs:235)
139.079118 [INFO ] PPS count=141 interval_us=1000002 interval_ns=1000002608 state=Locked missed=0 (pico_gnss pico-gnss-rs/src/main.rs:131)
139.187639 [INFO ] NMEA $GPGGA,190412.000,0000.0000,N,00000.0000,E,1,5,3.38,32.2,M,39.0,M,,*6E (pico_gnss pico-gnss-rs/src/main.rs:235)
139.196929 [INFO ] TIME unix_ns=1780859052117724102 ppb=2593 holdover_ms=1117 locked=1 (pico_gnss pico-gnss-rs/src/main.rs:149)
139.246050 [INFO ] NMEA $GNGLL,0000.0000,N,00000.0000,E,190412.000,A,A*41 (pico_gnss pico-gnss-rs/src/main.rs:235)
139.304347 [INFO ] NMEA $GNGSA,A,3,18,26,31,16,,,,,,,,,3.49,3.38,0.88*12 (pico_gnss pico-gnss-rs/src/main.rs:235)
139.343088 [INFO ] NMEA $GNGSA,A,3,76,,,,,,,,,,,,3.49,3.38,0.88*1B (pico_gnss pico-gnss-rs/src/main.rs:235)
139.401764 [INFO ] NMEA $GPGSV,4,1,15,27,76,342,22,16,61,057,25,08,52,262,14,26,40,097,21*7D (pico_gnss pico-gnss-rs/src/main.rs:235)
139.489154 [INFO ] NMEA $GPGSV,4,2,15,31,23,156,21,02,21,192,14,07,21,316,,04,18,242,*7E (pico_gnss pico-gnss-rs/src/main.rs:235)
139.547773 [INFO ] NMEA $GPGSV,4,3,15,18,16,041,22,09,16,275,,23,05,079,18,10,02,110,19*77 (pico_gnss pico-gnss-rs/src/main.rs:235)
139.605898 [INFO ] NMEA $GPGSV,4,4,15,193,,,,194,,,,195,,,*47 (pico_gnss pico-gnss-rs/src/main.rs:235)
139.668658 [INFO ] NMEA $GLGSV,2,1,08,87,66,177,,76,63,067,21,77,44,334,,75,17,115,*63 (pico_gnss pico-gnss-rs/src/main.rs:235)
139.727256 [INFO ] NMEA $GLGSV,2,2,08,67,06,280,,68,05,326,,85,04,027,20,88,04,203,*67 (pico_gnss pico-gnss-rs/src/main.rs:235)
139.814672 [INFO ] NMEA $GNRMC,190412.000,A,0000.0000,N,00000.0000,E,0.56,71.07,070626,,,A*41 (pico_gnss pico-gnss-rs/src/main.rs:235)
139.816837 [INFO ] SYNC pps_local_us=139078660 unix_s=1780859052 drift_us=2 (pico_gnss pico-gnss-rs/src/main.rs:251)
139.844364 [INFO ] NMEA $GPVTG,71.07,T,,M,0.56,N,1.03,K,A*0D (pico_gnss pico-gnss-rs/src/main.rs:235)
139.867726 [INFO ] NMEA $GPZDA,190412.000,07,06,2026,,*5E (pico_gnss pico-gnss-rs/src/main.rs:235)
140.079142 [INFO ] PPS count=142 interval_us=1000002 interval_ns=1000002608 state=Locked missed=0 (pico_gnss pico-gnss-rs/src/main.rs:131)
140.198331 [INFO ] TIME unix_ns=1780859053119069098 ppb=2594 holdover_ms=1119 locked=1 (pico_gnss pico-gnss-rs/src/main.rs:149)
140.200828 [INFO ] NMEA $GPGGA,190413.000,0000.0000,N,00000.0000,E,1,5,3.38,32.2,M,39.0,M,,*6D (pico_gnss pico-gnss-rs/src/main.rs:235)
140.258870 [INFO ] NMEA $GNGLL,0000.0000,N,00000.0000,E,190413.000,A,A*42 (pico_gnss pico-gnss-rs/src/main.rs:235)
140.317224 [INFO ] NMEA $GNGSA,A,3,18,26,31,16,,,,,,,,,3.49,3.38,0.88*12 (pico_gnss pico-gnss-rs/src/main.rs:235)
140.346748 [INFO ] NMEA $GNGSA,A,3,76,,,,,,,,,,,,3.49,3.38,0.88*1B (pico_gnss pico-gnss-rs/src/main.rs:235)
140.422827 [INFO ] NMEA $GPGSV,4,1,15,27,76,342,22,16,61,057,25,08,52,262,15,26,40,097,21*7C (pico_gnss pico-gnss-rs/src/main.rs:235)
140.481442 [INFO ] NMEA $GPGSV,4,2,15,31,23,156,21,02,21,192,15,07,21,316,,04,18,242,*7F (pico_gnss pico-gnss-rs/src/main.rs:235)
140.568886 [INFO ] NMEA $GPGSV,4,3,15,18,16,041,22,09,16,275,,23,05,079,18,10,02,110,19*77 (pico_gnss pico-gnss-rs/src/main.rs:235)
140.598362 [INFO ] NMEA $GPGSV,4,4,15,193,,,,194,,,,195,,,*47 (pico_gnss pico-gnss-rs/src/main.rs:235)
140.660954 [INFO ] NMEA $GLGSV,2,1,08,87,66,177,,76,63,067,21,77,44,334,,75,17,115,*63 (pico_gnss pico-gnss-rs/src/main.rs:235)
140.748338 [INFO ] NMEA $GLGSV,2,2,08,67,06,280,,68,05,326,,85,04,027,20,88,04,203,*67 (pico_gnss pico-gnss-rs/src/main.rs:235)
140.807036 [INFO ] NMEA $GNRMC,190413.000,A,0000.0000,N,00000.0000,E,0.72,71.07,070626,,,A*44 (pico_gnss pico-gnss-rs/src/main.rs:235)
140.809220 [INFO ] SYNC pps_local_us=140078679 unix_s=1780859053 drift_us=2 (pico_gnss pico-gnss-rs/src/main.rs:251)
140.865287 [INFO ] NMEA $GPVTG,71.07,T,,M,0.72,N,1.33,K,A*08 (pico_gnss pico-gnss-rs/src/main.rs:235)
140.880150 [INFO ] NMEA $GPZDA,190413.000,07,06,2026,,*5F (pico_gnss pico-gnss-rs/src/main.rs:235)
141.079129 [INFO ] PPS count=143 interval_us=1000002 interval_ns=1000002592 state=Locked missed=0 (pico_gnss pico-gnss-rs/src/main.rs:131)
141.181353 [INFO ] NMEA $GPGGA,190414.000,0000.0000,N,00000.0000,E,1,5,3.38,32.2,M,39.0,M,,*66 (pico_gnss pico-gnss-rs/src/main.rs:235)
141.199687 [INFO ] TIME unix_ns=1780859054120459094 ppb=2594 holdover_ms=1120 locked=1 (pico_gnss pico-gnss-rs/src/main.rs:149)
141.239783 [INFO ] NMEA $GNGLL,0000.0000,N,00000.0000,E,190414.000,A,A*49 (pico_gnss pico-gnss-rs/src/main.rs:235)
141.298069 [INFO ] NMEA $GNGSA,A,3,18,26,31,16,,,,,,,,,3.49,3.38,0.88*12 (pico_gnss pico-gnss-rs/src/main.rs:235)
141.327630 [INFO ] NMEA $GNGSA,A,3,76,,,,,,,,,,,,3.49,3.38,0.88*1B (pico_gnss pico-gnss-rs/src/main.rs:235)
141.419153 [INFO ] NMEA $GPGSV,4,1,15,27,76,342,22,16,61,057,25,08,52,262,16,26,40,097,22*7C (pico_gnss pico-gnss-rs/src/main.rs:235)
141.477746 [INFO ] NMEA $GPGSV,4,2,15,31,23,156,21,02,21,192,15,07,21,316,,04,18,242,*7F (pico_gnss pico-gnss-rs/src/main.rs:235)
141.565152 [INFO ] NMEA $GPGSV,4,3,15,18,16,041,22,09,16,275,,23,05,079,18,10,02,110,19*77 (pico_gnss pico-gnss-rs/src/main.rs:235)
141.594655 [INFO ] NMEA $GPGSV,4,4,15,193,,,,194,,,,195,,,*47 (pico_gnss pico-gnss-rs/src/main.rs:235)
141.653175 [INFO ] NMEA $GLGSV,2,1,08,87,66,177,,76,63,067,20,77,44,334,,75,17,115,*62 (pico_gnss pico-gnss-rs/src/main.rs:235)
141.715826 [INFO ] NMEA $GLGSV,2,2,08,67,06,280,,68,05,326,,85,04,027,20,88,04,203,*67 (pico_gnss pico-gnss-rs/src/main.rs:235)
141.803327 [INFO ] NMEA $GNRMC,190414.000,A,0000.0000,N,00000.0000,E,1.15,71.07,070626,,,A*4F (pico_gnss pico-gnss-rs/src/main.rs:235)
141.805492 [INFO ] SYNC pps_local_us=141078667 unix_s=1780859054 drift_us=2 (pico_gnss pico-gnss-rs/src/main.rs:251)
141.832971 [INFO ] NMEA $GPVTG,71.07,T,,M,1.15,N,2.13,K,A*09 (pico_gnss pico-gnss-rs/src/main.rs:235)
141.868003 [INFO ] NMEA $GPZDA,190414.000,07,06,2026,,*58 (pico_gnss pico-gnss-rs/src/main.rs:235)
142.079113 [INFO ] PPS count=144 interval_us=1000002 interval_ns=1000002608 state=Locked missed=0 (pico_gnss pico-gnss-rs/src/main.rs:131)
142.189627 [INFO ] NMEA $GPGGA,190415.000,0000.0000,N,00000.0000,E,1,5,3.38,32.3,M,39.0,M,,*64 (pico_gnss pico-gnss-rs/src/main.rs:235)
142.201049 [INFO ] TIME unix_ns=1780859055121834090 ppb=2594 holdover_ms=1121 locked=1 (pico_gnss pico-gnss-rs/src/main.rs:149)
142.248060 [INFO ] NMEA $GNGLL,0000.0000,N,00000.0000,E,190415.000,A,A*4A (pico_gnss pico-gnss-rs/src/main.rs:235)
142.306364 [INFO ] NMEA $GNGSA,A,3,18,26,31,16,,,,,,,,,3.50,3.38,0.89*1B (pico_gnss pico-gnss-rs/src/main.rs:235)
142.335919 [INFO ] NMEA $GNGSA,A,3,76,,,,,,,,,,,,3.50,3.38,0.89*12 (pico_gnss pico-gnss-rs/src/main.rs:235)
142.423292 [INFO ] NMEA $GPGSV,4,1,15,27,76,342,22,16,61,057,25,08,52,262,17,26,40,097,22*7D (pico_gnss pico-gnss-rs/src/main.rs:235)
142.485989 [INFO ] NMEA $GPGSV,4,2,15,31,23,156,21,02,21,192,15,07,21,316,,04,18,242,*7F (pico_gnss pico-gnss-rs/src/main.rs:235)
142.544633 [INFO ] NMEA $GPGSV,4,3,15,18,16,041,22,09,16,275,,23,05,079,18,10,02,110,19*77 (pico_gnss pico-gnss-rs/src/main.rs:235)
142.602857 [INFO ] NMEA $GPGSV,4,4,15,193,,,,194,,,,195,,,*47 (pico_gnss pico-gnss-rs/src/main.rs:235)
142.661485 [INFO ] NMEA $GLGSV,2,1,08,87,66,177,,76,63,067,20,77,44,334,,75,17,115,*62 (pico_gnss pico-gnss-rs/src/main.rs:235)
142.724181 [INFO ] NMEA $GLGSV,2,2,08,67,06,280,,68,05,326,,85,04,027,19,88,04,203,*6D (pico_gnss pico-gnss-rs/src/main.rs:235)
142.811655 [INFO ] NMEA $GNRMC,190415.000,A,0000.0000,N,00000.0000,E,0.71,71.07,070626,,,A*4F (pico_gnss pico-gnss-rs/src/main.rs:235)
142.813837 [INFO ] SYNC pps_local_us=142078663 unix_s=1780859055 drift_us=2 (pico_gnss pico-gnss-rs/src/main.rs:251)
142.841308 [INFO ] NMEA $GPVTG,71.07,T,,M,0.71,N,1.32,K,A*0A (pico_gnss pico-gnss-rs/src/main.rs:235)
142.868584 [INFO ] NMEA $GPZDA,190415.000,07,06,2026,,*59 (pico_gnss pico-gnss-rs/src/main.rs:235)
143.079142 [INFO ] PPS count=145 interval_us=1000002 interval_ns=1000002608 state=Locked missed=0 (pico_gnss pico-gnss-rs/src/main.rs:131)
143.202428 [INFO ] TIME unix_ns=1780859056123176086 ppb=2595 holdover_ms=1123 locked=1 (pico_gnss pico-gnss-rs/src/main.rs:149)
143.206978 [INFO ] NMEA $GPGGA,190416.000,0000.0000,N,00000.0000,E,1,5,3.38,32.3,M,39.0,M,,*68 (pico_gnss pico-gnss-rs/src/main.rs:235)
143.274187 [INFO ] NMEA $GNGLL,0000.0000,N,00000.0000,E,190416.000,A,A*46 (pico_gnss pico-gnss-rs/src/main.rs:235)
143.303848 [INFO ] NMEA $GNGSA,A,3,18,26,31,16,,,,,,,,,3.50,3.38,0.88*1A (pico_gnss pico-gnss-rs/src/main.rs:235)
143.362022 [INFO ] NMEA $GNGSA,A,3,76,,,,,,,,,,,,3.50,3.38,0.88*13 (pico_gnss pico-gnss-rs/src/main.rs:235)
143.420739 [INFO ] NMEA $GPGSV,4,1,15,27,76,342,22,16,61,057,25,08,52,262,17,26,40,097,22*7D (pico_gnss pico-gnss-rs/src/main.rs:235)
143.512201 [INFO ] NMEA $GPGSV,4,2,15,31,23,156,21,02,21,192,16,07,21,316,,04,18,242,*7C (pico_gnss pico-gnss-rs/src/main.rs:235)
143.570885 [INFO ] NMEA $GPGSV,4,3,15,18,16,041,22,09,16,275,,23,05,079,19,10,02,110,19*76 (pico_gnss pico-gnss-rs/src/main.rs:235)
143.600337 [INFO ] NMEA $GPGSV,4,4,15,193,,,,194,,,,195,,,*47 (pico_gnss pico-gnss-rs/src/main.rs:235)
143.687645 [INFO ] NMEA $GLGSV,2,1,08,87,66,177,,76,63,067,20,77,44,334,,75,17,115,*62 (pico_gnss pico-gnss-rs/src/main.rs:235)
143.746218 [INFO ] NMEA $GLGSV,2,2,08,67,06,280,,68,05,326,,85,04,027,19,88,04,203,*6D (pico_gnss pico-gnss-rs/src/main.rs:235)
143.809014 [INFO ] NMEA $GNRMC,190416.000,A,0000.0000,N,00000.0000,E,0.49,71.07,070626,,,A*48 (pico_gnss pico-gnss-rs/src/main.rs:235)
143.811184 [INFO ] SYNC pps_local_us=143078675 unix_s=1780859056 drift_us=2 (pico_gnss pico-gnss-rs/src/main.rs:251)
143.867208 [INFO ] NMEA $GPVTG,71.07,T,,M,0.49,N,0.91,K,A*09 (pico_gnss pico-gnss-rs/src/main.rs:235)
143.886314 [INFO ] NMEA $GPZDA,190416.000,07,06,2026,,*5A (pico_gnss pico-gnss-rs/src/main.rs:235)
144.079140 [INFO ] PPS count=146 interval_us=1000002 interval_ns=1000002608 state=Locked missed=0 (pico_gnss pico-gnss-rs/src/main.rs:131)
144.190558 [INFO ] NMEA $GPGGA,190417.000,0000.0000,N,00000.0000,E,1,5,3.38,32.3,M,39.0,M,,*65 (pico_gnss pico-gnss-rs/src/main.rs:235)
144.203802 [INFO ] TIME unix_ns=1780859057124568082 ppb=2595 holdover_ms=1124 locked=1 (pico_gnss pico-gnss-rs/src/main.rs:149)
144.248936 [INFO ] NMEA $GNGLL,0000.0000,N,00000.0000,E,190417.000,A,A*4B (pico_gnss pico-gnss-rs/src/main.rs:235)
144.295942 [INFO ] NMEA $GNGSA,A,3,18,26,31,16,,,,,,,,,3.50,3.38,0.88*1A (pico_gnss pico-gnss-rs/src/main.rs:235)
144.354214 [INFO ] NMEA $GNGSA,A,3,76,,,,,,,,,,,,3.50,3.38,0.88*13 (pico_gnss pico-gnss-rs/src/main.rs:235)
144.412862 [INFO ] NMEA $GPGSV,4,1,15,27,76,342,22,16,61,057,25,08,52,262,17,26,40,097,22*7D (pico_gnss pico-gnss-rs/src/main.rs:235)
144.471506 [INFO ] NMEA $GPGSV,4,2,15,31,23,156,21,02,21,192,16,07,21,316,,04,18,242,*7C (pico_gnss pico-gnss-rs/src/main.rs:235)
144.563008 [INFO ] NMEA $GPGSV,4,3,15,18,16,041,22,09,16,275,,23,05,079,19,10,02,110,19*76 (pico_gnss pico-gnss-rs/src/main.rs:235)
144.592494 [INFO ] NMEA $GPGSV,4,4,15,193,,,,194,,,,195,,,*47 (pico_gnss pico-gnss-rs/src/main.rs:235)
144.650989 [INFO ] NMEA $GLGSV,2,1,08,87,66,177,,76,63,067,20,77,44,334,,75,17,115,*62 (pico_gnss pico-gnss-rs/src/main.rs:235)
144.738371 [INFO ] NMEA $GLGSV,2,2,08,67,06,280,,68,05,326,,85,04,027,19,88,04,203,*6D (pico_gnss pico-gnss-rs/src/main.rs:235)
144.801170 [INFO ] NMEA $GNRMC,190417.000,A,0000.0000,N,00000.0000,E,0.52,71.07,070626,,,A*4F (pico_gnss pico-gnss-rs/src/main.rs:235)
144.803359 [INFO ] SYNC pps_local_us=144078673 unix_s=1780859057 drift_us=2 (pico_gnss pico-gnss-rs/src/main.rs:251)
144.830818 [INFO ] NMEA $GPVTG,71.07,T,,M,0.52,N,0.97,K,A*05 (pico_gnss pico-gnss-rs/src/main.rs:235)
144.870029 [INFO ] NMEA $GPZDA,190417.000,07,06,2026,,*5B (pico_gnss pico-gnss-rs/src/main.rs:235)
145.079130 [INFO ] PPS count=147 interval_us=1000002 interval_ns=1000002608 state=Locked missed=0 (pico_gnss pico-gnss-rs/src/main.rs:131)
145.196581 [INFO ] NMEA $GPGGA,190418.000,0000.0000,N,00000.0000,E,1,5,3.38,32.3,M,39.0,M,,*6D (pico_gnss pico-gnss-rs/src/main.rs:235)
145.205171 [INFO ] TIME unix_ns=1780859058125946078 ppb=2595 holdover_ms=1125 locked=1 (pico_gnss pico-gnss-rs/src/main.rs:149)
145.254987 [INFO ] NMEA $GNGLL,0000.0000,N,00000.0000,E,190418.000,A,A*43 (pico_gnss pico-gnss-rs/src/main.rs:235)
145.310222 [INFO ] NMEA $GNGSA,A,3,18,26,31,16,,,,,,,,,3.50,3.38,0.88*1A (pico_gnss pico-gnss-rs/src/main.rs:235)
145.339715 [INFO ] NMEA $GNGSA,A,3,76,,,,,,,,,,,,3.50,3.38,0.88*13 (pico_gnss pico-gnss-rs/src/main.rs:235)
145.427140 [INFO ] NMEA $GPGSV,4,1,15,27,76,342,22,16,61,057,25,08,52,262,17,26,40,097,22*7D (pico_gnss pico-gnss-rs/src/main.rs:235)
145.485727 [INFO ] NMEA $GPGSV,4,2,15,31,23,156,21,02,21,192,16,07,21,316,,04,18,242,*7C (pico_gnss pico-gnss-rs/src/main.rs:235)
145.573064 [INFO ] NMEA $GPGSV,4,3,15,18,16,041,22,09,16,275,,23,05,079,19,10,02,110,19*76 (pico_gnss pico-gnss-rs/src/main.rs:235)
145.606687 [INFO ] NMEA $GPGSV,4,4,15,193,,,,194,,,,195,,,*47 (pico_gnss pico-gnss-rs/src/main.rs:235)
145.665273 [INFO ] NMEA $GLGSV,2,1,08,87,66,177,,76,63,067,20,77,44,334,,75,17,115,*62 (pico_gnss pico-gnss-rs/src/main.rs:235)
145.723834 [INFO ] NMEA $GLGSV,2,2,08,67,06,280,,68,05,326,,85,04,027,19,88,04,203,*6D (pico_gnss pico-gnss-rs/src/main.rs:235)
145.811314 [INFO ] NMEA $GNRMC,190418.000,A,0000.0000,N,00000.0000,E,0.46,71.07,070626,,,A*42 (pico_gnss pico-gnss-rs/src/main.rs:235)
145.813508 [INFO ] SYNC pps_local_us=145078674 unix_s=1780859058 drift_us=2 (pico_gnss pico-gnss-rs/src/main.rs:251)
145.844884 [INFO ] NMEA $GPVTG,71.07,T,,M,0.46,N,0.85,K,A*03 (pico_gnss pico-gnss-rs/src/main.rs:235)
145.876513 [INFO ] NMEA $GPZDA,190418.000,07,06,2026,,*54 (pico_gnss pico-gnss-rs/src/main.rs:235)
146.079127 [INFO ] PPS count=148 interval_us=1000002 interval_ns=1000002608 state=Locked missed=0 (pico_gnss pico-gnss-rs/src/main.rs:131)
146.189505 [INFO ] NMEA $GPGGA,190419.000,0000.0000,N,00000.0000,E,1,5,3.38,32.2,M,39.0,M,,*6A (pico_gnss pico-gnss-rs/src/main.rs:235)
146.206535 [INFO ] TIME unix_ns=1780859059127296074 ppb=2596 holdover_ms=1127 locked=1 (pico_gnss pico-gnss-rs/src/main.rs:149)
146.247957 [INFO ] NMEA $GNGLL,0000.0000,N,00000.0000,E,190419.000,A,A*45 (pico_gnss pico-gnss-rs/src/main.rs:235)
146.306264 [INFO ] NMEA $GNGSA,A,3,18,26,31,16,,,,,,,,,3.49,3.38,0.88*12 (pico_gnss pico-gnss-rs/src/main.rs:235)
146.340899 [INFO ] NMEA $GNGSA,A,3,76,,,,,,,,,,,,3.49,3.38,0.88*1B (pico_gnss pico-gnss-rs/src/main.rs:235)
146.428288 [INFO ] NMEA $GPGSV,4,1,15,27,76,342,22,16,61,057,25,08,52,262,17,26,40,097,22*7D (pico_gnss pico-gnss-rs/src/main.rs:235)
146.486958 [INFO ] NMEA $GPGSV,4,2,15,31,23,156,21,02,21,192,15,07,21,316,,04,18,242,*7F (pico_gnss pico-gnss-rs/src/main.rs:235)
146.545580 [INFO ] NMEA $GPGSV,4,3,15,18,16,041,22,09,16,275,,23,05,079,19,10,02,110,19*76 (pico_gnss pico-gnss-rs/src/main.rs:235)
146.607859 [INFO ] NMEA $GPGSV,4,4,15,193,,,,194,,,,195,,,*47 (pico_gnss pico-gnss-rs/src/main.rs:235)
146.666433 [INFO ] NMEA $GLGSV,2,1,08,87,66,177,,76,63,067,20,77,44,334,,75,17,115,*62 (pico_gnss pico-gnss-rs/src/main.rs:235)
146.725025 [INFO ] NMEA $GLGSV,2,2,08,67,06,280,,68,05,326,,85,04,027,19,88,04,203,*6D (pico_gnss pico-gnss-rs/src/main.rs:235)
146.812466 [INFO ] NMEA $GNRMC,190419.000,A,0000.0000,N,00000.0000,E,0.63,71.07,070626,,,A*43 (pico_gnss pico-gnss-rs/src/main.rs:235)
146.814661 [INFO ] SYNC pps_local_us=146078673 unix_s=1780859059 drift_us=2 (pico_gnss pico-gnss-rs/src/main.rs:251)
146.842130 [INFO ] NMEA $GPVTG,71.07,T,,M,0.63,N,1.17,K,A*0E (pico_gnss pico-gnss-rs/src/main.rs:235)
146.869657 [INFO ] NMEA $GPZDA,190419.000,07,06,2026,,*55 (pico_gnss pico-gnss-rs/src/main.rs:235)
147.079152 [INFO ] PPS count=149 interval_us=1000002 interval_ns=1000002608 state=Locked missed=0 (pico_gnss pico-gnss-rs/src/main.rs:131)
147.197525 [INFO ] NMEA $GPGGA,190420.000,0000.0000,N,00000.0000,E,1,5,3.38,32.2,M,39.0,M,,*6D (pico_gnss pico-gnss-rs/src/main.rs:235)
147.207901 [INFO ] TIME unix_ns=1780859060128668070 ppb=2596 holdover_ms=1128 locked=1 (pico_gnss pico-gnss-rs/src/main.rs:149)
147.255955 [INFO ] NMEA $GNGLL,0000.0000,N,00000.0000,E,190420.000,A,A*42 (pico_gnss pico-gnss-rs/src/main.rs:235)
147.314255 [INFO ] NMEA $GNGSA,A,3,18,26,31,16,,,,,,,,,3.50,3.38,0.88*1A (pico_gnss pico-gnss-rs/src/main.rs:235)
147.343757 [INFO ] NMEA $GNGSA,A,3,76,,,,,,,,,,,,3.50,3.38,0.88*13 (pico_gnss pico-gnss-rs/src/main.rs:235)
147.415738 [INFO ] NMEA $GPGSV,4,1,15,27,76,342,22,16,61,057,25,08,52,262,17,26,40,097,22*7D (pico_gnss pico-gnss-rs/src/main.rs:235)
147.503117 [INFO ] NMEA $GPGSV,4,2,15,31,23,156,21,02,21,192,15,07,21,316,,04,18,242,*7F (pico_gnss pico-gnss-rs/src/main.rs:235)
147.561796 [INFO ] NMEA $GPGSV,4,3,15,18,16,041,22,09,16,275,,23,05,079,19,10,02,110,19*76 (pico_gnss pico-gnss-rs/src/main.rs:235)
147.591229 [INFO ] NMEA $GPGSV,4,4,15,193,,,,194,,,,195,,,*47 (pico_gnss pico-gnss-rs/src/main.rs:235)
147.682644 [INFO ] NMEA $GLGSV,2,1,08,87,66,177,,76,63,067,20,77,44,334,,75,17,115,*62 (pico_gnss pico-gnss-rs/src/main.rs:235)
147.741243 [INFO ] NMEA $GLGSV,2,2,08,67,06,280,,68,05,326,,85,04,027,19,88,04,203,*6D (pico_gnss pico-gnss-rs/src/main.rs:235)
147.799951 [INFO ] NMEA $GNRMC,190420.000,A,0000.0000,N,00000.0000,E,0.58,71.07,070626,,,A*4C (pico_gnss pico-gnss-rs/src/main.rs:235)
147.802150 [INFO ] SYNC pps_local_us=147078686 unix_s=1780859060 drift_us=2 (pico_gnss pico-gnss-rs/src/main.rs:251)
147.858129 [INFO ] NMEA $GPVTG,71.07,T,,M,0.58,N,1.08,K,A*08 (pico_gnss pico-gnss-rs/src/main.rs:235)
147.877235 [INFO ] NMEA $GPZDA,190420.000,07,06,2026,,*5F (pico_gnss pico-gnss-rs/src/main.rs:235)
148.079132 [INFO ] PPS count=150 interval_us=1000002 interval_ns=1000002624 state=Locked missed=0 (pico_gnss pico-gnss-rs/src/main.rs:131)
148.186147 [INFO ] NMEA $GPGGA,190421.000,0000.0000,N,00000.0000,E,1,5,3.38,32.2,M,39.0,M,,*61 (pico_gnss pico-gnss-rs/src/main.rs:235)
148.209250 [INFO ] TIME unix_ns=1780859061130020066 ppb=2597 holdover_ms=1130 locked=1 (pico_gnss pico-gnss-rs/src/main.rs:149)
148.244619 [INFO ] NMEA $GNGLL,0000.0000,N,00000.0000,E,190421.000,A,A*4E (pico_gnss pico-gnss-rs/src/main.rs:235)
148.302859 [INFO ] NMEA $GNGSA,A,3,18,26,31,16,,,,,,,,,3.49,3.38,0.88*12 (pico_gnss pico-gnss-rs/src/main.rs:235)
148.361152 [INFO ] NMEA $GNGSA,A,3,76,,,,,,,,,,,,3.49,3.38,0.88*1B (pico_gnss pico-gnss-rs/src/main.rs:235)
148.423926 [INFO ] NMEA $GPGSV,4,1,15,27,76,342,22,16,61,057,25,08,52,262,17,26,40,097,22*7D (pico_gnss pico-gnss-rs/src/main.rs:235)
148.482545 [INFO ] NMEA $GPGSV,4,2,15,31,23,156,21,02,21,192,15,07,21,316,,04,18,242,*7F (pico_gnss pico-gnss-rs/src/main.rs:235)
148.569944 [INFO ] NMEA $GPGSV,4,3,15,18,16,041,23,09,16,275,,23,05,079,19,10,02,110,19*77 (pico_gnss pico-gnss-rs/src/main.rs:235)
148.599453 [INFO ] NMEA $GPGSV,4,4,15,193,,,,194,,,,195,,,*47 (pico_gnss pico-gnss-rs/src/main.rs:235)
148.657932 [INFO ] NMEA $GLGSV,2,1,08,87,66,177,,76,63,067,20,77,44,334,,75,17,115,*62 (pico_gnss pico-gnss-rs/src/main.rs:235)
148.720578 [INFO ] NMEA $GLGSV,2,2,08,67,06,280,,68,05,326,,85,04,027,,88,04,203,*65 (pico_gnss pico-gnss-rs/src/main.rs:235)
148.808050 [INFO ] NMEA $GNRMC,190421.000,A,0000.0000,N,00000.0000,E,0.88,71.07,070626,,,A*4D (pico_gnss pico-gnss-rs/src/main.rs:235)
148.810228 [INFO ] SYNC pps_local_us=148078680 unix_s=1780859061 drift_us=2 (pico_gnss pico-gnss-rs/src/main.rs:251)
148.837710 [INFO ] NMEA $GPVTG,71.07,T,,M,0.88,N,1.62,K,A*09 (pico_gnss pico-gnss-rs/src/main.rs:235)
148.874844 [INFO ] NMEA $GPZDA,190421.000,07,06,2026,,*5E (pico_gnss pico-gnss-rs/src/main.rs:235)
149.079150 [INFO ] PPS count=151 interval_us=1000002 interval_ns=1000002608 state=Locked missed=0 (pico_gnss pico-gnss-rs/src/main.rs:131)
149.197691 [INFO ] NMEA $GPGGA,190422.000,0000.0000,N,00000.0000,E,1,5,3.38,32.2,M,39.0,M,,*66 (pico_gnss pico-gnss-rs/src/main.rs:235)
149.210624 [INFO ] TIME unix_ns=1780859062131381062 ppb=2597 holdover_ms=1131 locked=1 (pico_gnss pico-gnss-rs/src/main.rs:149)
149.256076 [INFO ] NMEA $GNGLL,0000.0000,N,00000.0000,E,190422.000,A,A*49 (pico_gnss pico-gnss-rs/src/main.rs:235)
149.314392 [INFO ] NMEA $GNGSA,A,3,18,26,31,16,,,,,,,,,3.50,3.38,0.88*1A (pico_gnss pico-gnss-rs/src/main.rs:235)
149.343905 [INFO ] NMEA $GNGSA,A,3,76,,,,,,,,,,,,3.50,3.38,0.88*13 (pico_gnss pico-gnss-rs/src/main.rs:235)
149.431315 [INFO ] NMEA $GPGSV,4,1,15,27,76,342,22,16,61,057,25,08,52,262,16,26,40,097,22*7C (pico_gnss pico-gnss-rs/src/main.rs:235)
149.493989 [INFO ] NMEA $GPGSV,4,2,15,31,23,156,21,02,21,192,15,07,21,316,,04,18,242,*7F (pico_gnss pico-gnss-rs/src/main.rs:235)
149.552675 [INFO ] NMEA $GPGSV,4,3,15,18,16,041,23,09,16,275,,23,05,079,19,10,02,110,20*7D (pico_gnss pico-gnss-rs/src/main.rs:235)
149.610839 [INFO ] NMEA $GPGSV,4,4,15,193,,,,194,,,,195,,,*47 (pico_gnss pico-gnss-rs/src/main.rs:235)
149.669469 [INFO ] NMEA $GLGSV,2,1,08,87,66,177,,76,63,067,20,77,44,334,,75,17,115,*62 (pico_gnss pico-gnss-rs/src/main.rs:235)
149.732138 [INFO ] NMEA $GLGSV,2,2,08,67,06,280,,68,05,326,,85,04,027,,88,04,203,*65 (pico_gnss pico-gnss-rs/src/main.rs:235)
149.819594 [INFO ] NMEA $GNRMC,190422.000,A,0000.0000,N,00000.0000,E,0.45,71.07,070626,,,A*4B (pico_gnss pico-gnss-rs/src/main.rs:235)
149.821779 [INFO ] SYNC pps_local_us=149078694 unix_s=1780859062 drift_us=2 (pico_gnss pico-gnss-rs/src/main.rs:251)
149.849269 [INFO ] NMEA $GPVTG,71.07,T,,M,0.45,N,0.83,K,A*06 (pico_gnss pico-gnss-rs/src/main.rs:235)
149.876529 [INFO ] NMEA $GPZDA,190422.000,07,06,2026,,*5D (pico_gnss pico-gnss-rs/src/main.rs:235)
150.079140 [INFO ] PPS count=152 interval_us=1000002 interval_ns=1000002608 state=Locked missed=0 (pico_gnss pico-gnss-rs/src/main.rs:131)
150.190572 [INFO ] NMEA $GPGGA,190423.000,0000.0000,N,00000.0000,E,1,5,3.38,32.2,M,39.0,M,,*6F (pico_gnss pico-gnss-rs/src/main.rs:235)
150.211994 [INFO ] TIME unix_ns=1780859063132730058 ppb=2598 holdover_ms=1132 locked=1 (pico_gnss pico-gnss-rs/src/main.rs:149)
150.258166 [INFO ] NMEA $GNGLL,0000.0000,N,00000.0000,E,190423.000,A,A*40 (pico_gnss pico-gnss-rs/src/main.rs:235)
150.287811 [INFO ] NMEA $GNGSA,A,3,18,26,31,16,,,,,,,,,3.50,3.38,0.88*1A (pico_gnss pico-gnss-rs/src/main.rs:235)
150.345960 [INFO ] NMEA $GNGSA,A,3,76,,,,,,,,,,,,3.50,3.38,0.88*13 (pico_gnss pico-gnss-rs/src/main.rs:235)
150.404675 [INFO ] NMEA $GPGSV,4,1,15,27,76,342,22,16,61,057,25,08,52,262,15,26,40,097,22*7F (pico_gnss pico-gnss-rs/src/main.rs:235)
150.496141 [INFO ] NMEA $GPGSV,4,2,15,31,23,156,20,02,21,192,15,07,21,316,,04,18,242,*7E (pico_gnss pico-gnss-rs/src/main.rs:235)
150.554826 [INFO ] NMEA $GPGSV,4,3,15,18,16,041,23,09,16,275,,23,05,079,19,10,02,110,20*7D (pico_gnss pico-gnss-rs/src/main.rs:235)
150.584287 [INFO ] NMEA $GPGSV,4,4,15,193,,,,194,,,,195,,,*47 (pico_gnss pico-gnss-rs/src/main.rs:235)
150.671574 [INFO ] NMEA $GLGSV,2,1,08,87,66,177,,76,63,067,20,77,44,334,,75,17,115,*62 (pico_gnss pico-gnss-rs/src/main.rs:235)
150.730120 [INFO ] NMEA $GLGSV,2,2,08,67,06,280,,68,05,326,,85,04,027,,88,04,203,*65 (pico_gnss pico-gnss-rs/src/main.rs:235)
150.792919 [INFO ] NMEA $GNRMC,190423.000,A,0000.0000,N,00000.0000,E,1.07,71.07,070626,,,A*45 (pico_gnss pico-gnss-rs/src/main.rs:235)
150.795109 [INFO ] SYNC pps_local_us=150078690 unix_s=1780859063 drift_us=2 (pico_gnss pico-gnss-rs/src/main.rs:251)
150.851140 [INFO ] NMEA $GPVTG,71.07,T,,M,1.07,N,1.97,K,A*05 (pico_gnss pico-gnss-rs/src/main.rs:235)
150.868145 [INFO ] NMEA $GPZDA,190423.000,07,06,2026,,*5C (pico_gnss pico-gnss-rs/src/main.rs:235)
151.079158 [INFO ] PPS count=153 interval_us=1000002 interval_ns=1000002624 state=Locked missed=0 (pico_gnss pico-gnss-rs/src/main.rs:131)
151.187676 [INFO ] NMEA $GPGGA,190424.000,0000.0000,N,00000.0000,E,1,5,3.38,32.2,M,39.0,M,,*6B (pico_gnss pico-gnss-rs/src/main.rs:235)
151.213355 [INFO ] TIME unix_ns=1780859064134113053 ppb=2599 holdover_ms=1134 locked=1 (pico_gnss pico-gnss-rs/src/main.rs:149)
151.246059 [INFO ] NMEA $GNGLL,0000.0000,N,00000.0000,E,190424.000,A,A*44 (pico_gnss pico-gnss-rs/src/main.rs:235)
151.295093 [INFO ] NMEA $GNGSA,A,3,18,26,31,16,,,,,,,,,3.50,3.38,0.88*1A (pico_gnss pico-gnss-rs/src/main.rs:235)
151.353365 [INFO ] NMEA $GNGSA,A,3,76,,,,,,,,,,,,3.50,3.38,0.88*13 (pico_gnss pico-gnss-rs/src/main.rs:235)
151.412041 [INFO ] NMEA $GPGSV,4,1,15,27,76,342,23,16,61,057,26,08,52,262,14,26,40,097,22*7C (pico_gnss pico-gnss-rs/src/main.rs:235)
151.470671 [INFO ] NMEA $GPGSV,4,2,15,31,23,156,20,02,21,192,14,07,21,316,,04,18,242,*7F (pico_gnss pico-gnss-rs/src/main.rs:235)
151.562160 [INFO ] NMEA $GPGSV,4,3,15,18,16,041,23,09,16,275,,23,05,079,19,10,02,110,20*7D (pico_gnss pico-gnss-rs/src/main.rs:235)
151.591665 [INFO ] NMEA $GPGSV,4,4,15,193,,,,194,,,,195,,,*47 (pico_gnss pico-gnss-rs/src/main.rs:235)
151.650142 [INFO ] NMEA $GLGSV,2,1,08,87,66,177,,76,63,067,20,77,44,334,,75,17,115,*62 (pico_gnss pico-gnss-rs/src/main.rs:235)
151.737500 [INFO ] NMEA $GLGSV,2,2,08,67,06,280,,68,05,326,,85,04,027,,88,04,203,*65 (pico_gnss pico-gnss-rs/src/main.rs:235)
151.800285 [INFO ] NMEA $GNRMC,190424.000,A,0000.0000,N,00000.0000,E,0.73,55.05,070626,,,A*47 (pico_gnss pico-gnss-rs/src/main.rs:235)
151.802452 [INFO ] SYNC pps_local_us=151078687 unix_s=1780859064 drift_us=2 (pico_gnss pico-gnss-rs/src/main.rs:251)
151.829954 [INFO ] NMEA $GPVTG,55.05,T,,M,0.73,N,1.36,K,A*08 (pico_gnss pico-gnss-rs/src/main.rs:235)
151.864984 [INFO ] NMEA $GPZDA,190424.000,07,06,2026,,*5B (pico_gnss pico-gnss-rs/src/main.rs:235)
152.079158 [INFO ] PPS count=154 interval_us=1000002 interval_ns=1000002608 state=Locked missed=0 (pico_gnss pico-gnss-rs/src/main.rs:131)
152.190478 [INFO ] NMEA $GPGGA,190425.000,0000.0000,N,00000.0000,E,1,5,3.39,32.3,M,39.0,M,,*66 (pico_gnss pico-gnss-rs/src/main.rs:235)
152.214733 [INFO ] TIME unix_ns=1780859065135483050 ppb=2599 holdover_ms=1135 locked=1 (pico_gnss pico-gnss-rs/src/main.rs:149)
152.248894 [INFO ] NMEA $GNGLL,0000.0000,N,00000.0000,E,190425.000,A,A*49 (pico_gnss pico-gnss-rs/src/main.rs:235)
152.308182 [INFO ] NMEA $GNGSA,A,3,18,26,31,16,,,,,,,,,3.50,3.39,0.88*1B (pico_gnss pico-gnss-rs/src/main.rs:235)
152.337749 [INFO ] NMEA $GNGSA,A,3,76,,,,,,,,,,,,3.50,3.39,0.88*12 (pico_gnss pico-gnss-rs/src/main.rs:235)
152.425092 [INFO ] NMEA $GPGSV,4,1,15,27,76,342,23,16,61,057,26,08,52,262,,26,40,097,22*79 (pico_gnss pico-gnss-rs/src/main.rs:235)
152.483678 [INFO ] NMEA $GPGSV,4,2,15,31,23,156,20,02,21,192,13,07,21,316,,04,18,242,*78 (pico_gnss pico-gnss-rs/src/main.rs:235)
152.542361 [INFO ] NMEA $GPGSV,4,3,15,18,16,041,24,09,16,275,,23,05,079,19,10,02,110,20*7A (pico_gnss pico-gnss-rs/src/main.rs:235)
152.604666 [INFO ] NMEA $GPGSV,4,4,15,193,,,,194,,,,195,,,*47 (pico_gnss pico-gnss-rs/src/main.rs:235)
152.663227 [INFO ] NMEA $GLGSV,2,1,08,87,66,177,,76,63,067,20,77,44,334,,75,17,115,*62 (pico_gnss pico-gnss-rs/src/main.rs:235)
152.721796 [INFO ] NMEA $GLGSV,2,2,08,67,06,280,,68,05,326,,85,04,027,,88,04,203,*65 (pico_gnss pico-gnss-rs/src/main.rs:235)
152.809272 [INFO ] NMEA $GNRMC,190425.000,A,0000.0000,N,00000.0000,E,1.12,352.99,070626,,,A*7D (pico_gnss pico-gnss-rs/src/main.rs:235)
152.811449 [INFO ] SYNC pps_local_us=152078696 unix_s=1780859065 drift_us=2 (pico_gnss pico-gnss-rs/src/main.rs:251)
152.842843 [INFO ] NMEA $GPVTG,352.99,T,,M,1.12,N,2.07,K,A*3E (pico_gnss pico-gnss-rs/src/main.rs:235)
152.868206 [INFO ] NMEA $GPZDA,190425.000,07,06,2026,,*5A (pico_gnss pico-gnss-rs/src/main.rs:235)
153.079155 [INFO ] PPS count=155 interval_us=1000002 interval_ns=1000002624 state=Locked missed=0 (pico_gnss pico-gnss-rs/src/main.rs:131)
153.197593 [INFO ] NMEA $GPGGA,190426.000,0000.0000,N,00000.0000,E,1,5,3.39,32.5,M,39.0,M,,*68 (pico_gnss pico-gnss-rs/src/main.rs:235)
153.216093 [INFO ] TIME unix_ns=1780859066136843045 ppb=2600 holdover_ms=1136 locked=1 (pico_gnss pico-gnss-rs/src/main.rs:149)
153.256004 [INFO ] NMEA $GNGLL,0000.0000,N,00000.0000,E,190426.000,A,A*41 (pico_gnss pico-gnss-rs/src/main.rs:235)
153.314304 [INFO ] NMEA $GNGSA,A,3,18,26,31,16,,,,,,,,,3.50,3.39,0.88*1B (pico_gnss pico-gnss-rs/src/main.rs:235)
153.355067 [INFO ] NMEA $GNGSA,A,3,76,,,,,,,,,,,,3.50,3.39,0.88*12 (pico_gnss pico-gnss-rs/src/main.rs:235)
153.413722 [INFO ] NMEA $GPGSV,4,1,15,27,76,342,23,16,61,057,26,08,52,262,,26,40,097,22*79 (pico_gnss pico-gnss-rs/src/main.rs:235)
153.501091 [INFO ] NMEA $GPGSV,4,2,15,31,23,156,20,02,21,192,13,07,21,316,,04,18,242,*78 (pico_gnss pico-gnss-rs/src/main.rs:235)
153.559731 [INFO ] NMEA $GPGSV,4,3,15,18,16,041,24,09,16,275,,23,05,079,18,10,02,110,20*7B (pico_gnss pico-gnss-rs/src/main.rs:235)
153.589223 [INFO ] NMEA $GPGSV,4,4,15,193,,,,194,,,,195,,,*47 (pico_gnss pico-gnss-rs/src/main.rs:235)
153.680621 [INFO ] NMEA $GLGSV,2,1,08,87,66,177,,76,63,067,20,77,44,334,,75,17,115,*62 (pico_gnss pico-gnss-rs/src/main.rs:235)
153.739181 [INFO ] NMEA $GLGSV,2,2,08,67,06,280,,68,05,326,,85,04,027,,88,04,203,*65 (pico_gnss pico-gnss-rs/src/main.rs:235)
153.797880 [INFO ] NMEA $GNRMC,190426.000,A,0000.0000,N,00000.0000,E,1.11,333.76,070626,,,A*70 (pico_gnss pico-gnss-rs/src/main.rs:235)
153.800076 [INFO ] SYNC pps_local_us=153078703 unix_s=1780859066 drift_us=2 (pico_gnss pico-gnss-rs/src/main.rs:251)
153.856097 [INFO ] NMEA $GPVTG,333.76,T,,M,1.11,N,2.05,K,A*39 (pico_gnss pico-gnss-rs/src/main.rs:235)
153.875458 [INFO ] NMEA $GPZDA,190426.000,07,06,2026,,*59 (pico_gnss pico-gnss-rs/src/main.rs:235)
154.079159 [INFO ] PPS count=156 interval_us=1000002 interval_ns=1000002608 state=Locked missed=0 (pico_gnss pico-gnss-rs/src/main.rs:131)
154.203600 [INFO ] NMEA $GPGGA,190427.000,0000.0000,N,00000.0000,E,1,5,3.38,32.6,M,39.0,M,,*6E (pico_gnss pico-gnss-rs/src/main.rs:235)
154.217432 [INFO ] TIME unix_ns=1780859067138189041 ppb=2600 holdover_ms=1138 locked=1 (pico_gnss pico-gnss-rs/src/main.rs:149)
154.262006 [INFO ] NMEA $GNGLL,0000.0000,N,00000.0000,E,190427.000,A,A*45 (pico_gnss pico-gnss-rs/src/main.rs:235)
154.320323 [INFO ] NMEA $GNGSA,A,3,18,26,31,16,,,,,,,,,3.50,3.38,0.88*1A (pico_gnss pico-gnss-rs/src/main.rs:235)
154.349824 [INFO ] NMEA $GNGSA,A,3,76,,,,,,,,,,,,3.50,3.38,0.88*13 (pico_gnss pico-gnss-rs/src/main.rs:235)
154.429983 [INFO ] NMEA $GPGSV,4,1,15,27,76,342,23,16,61,057,26,08,52,262,,26,40,097,22*79 (pico_gnss pico-gnss-rs/src/main.rs:235)
154.488584 [INFO ] NMEA $GPGSV,4,2,15,31,23,156,20,02,21,192,14,07,21,316,,04,18,242,*7F (pico_gnss pico-gnss-rs/src/main.rs:235)
154.576021 [INFO ] NMEA $GPGSV,4,3,15,18,16,041,25,09,16,275,,23,05,079,18,10,02,110,20*7A (pico_gnss pico-gnss-rs/src/main.rs:235)
154.605491 [INFO ] NMEA $GPGSV,4,4,15,193,,,,194,,,,195,,,*47 (pico_gnss pico-gnss-rs/src/main.rs:235)
154.668164 [INFO ] NMEA $GLGSV,2,1,08,87,66,177,,76,63,067,20,77,44,334,,75,17,115,*62 (pico_gnss pico-gnss-rs/src/main.rs:235)
154.726685 [INFO ] NMEA $GLGSV,2,2,08,67,06,280,,68,05,326,,85,04,027,,88,04,203,*65 (pico_gnss pico-gnss-rs/src/main.rs:235)
154.814147 [INFO ] NMEA $GNRMC,190427.000,A,0000.0000,N,00000.0000,E,0.49,333.76,070626,,,A*78 (pico_gnss pico-gnss-rs/src/main.rs:235)
154.816336 [INFO ] SYNC pps_local_us=154078704 unix_s=1780859067 drift_us=2 (pico_gnss pico-gnss-rs/src/main.rs:251)
154.843840 [INFO ] NMEA $GPVTG,333.76,T,,M,0.49,N,0.90,K,A*3B (pico_gnss pico-gnss-rs/src/main.rs:235)
154.880961 [INFO ] NMEA $GPZDA,190427.000,07,06,2026,,*58 (pico_gnss pico-gnss-rs/src/main.rs:235)
155.079175 [INFO ] PPS count=157 interval_us=1000002 interval_ns=1000002624 state=Locked missed=0 (pico_gnss pico-gnss-rs/src/main.rs:131)
155.186560 [INFO ] NMEA $GPGGA,190428.000,0000.0000,N,00000.0000,E,1,5,3.39,32.6,M,39.0,M,,*63 (pico_gnss pico-gnss-rs/src/main.rs:235)
155.218799 [INFO ] TIME unix_ns=1780859068139521037 ppb=2601 holdover_ms=1139 locked=1 (pico_gnss pico-gnss-rs/src/main.rs:149)
155.245224 [INFO ] NMEA $GNGLL,0000.0000,N,00000.0000,E,190428.000,A,A*49 (pico_gnss pico-gnss-rs/src/main.rs:235)
155.303304 [INFO ] NMEA $GNGSA,A,3,18,26,31,16,,,,,,,,,3.50,3.39,0.88*1B (pico_gnss pico-gnss-rs/src/main.rs:235)
155.332820 [INFO ] NMEA $GNGSA,A,3,76,,,,,,,,,,,,3.50,3.39,0.88*12 (pico_gnss pico-gnss-rs/src/main.rs:235)
155.424276 [INFO ] NMEA $GPGSV,4,1,15,27,76,342,23,16,61,057,26,08,52,262,,26,40,097,22*79 (pico_gnss pico-gnss-rs/src/main.rs:235)
155.482879 [INFO ] NMEA $GPGSV,4,2,15,31,23,156,20,02,21,192,14,07,21,316,,04,18,242,*7F (pico_gnss pico-gnss-rs/src/main.rs:235)
155.541550 [INFO ] NMEA $GPGSV,4,3,15,18,16,041,25,09,16,275,,23,05,079,18,10,02,110,20*7A (pico_gnss pico-gnss-rs/src/main.rs:235)
155.599727 [INFO ] NMEA $GPGSV,4,4,15,193,,,,194,,,,195,,,*47 (pico_gnss pico-gnss-rs/src/main.rs:235)
155.658317 [INFO ] NMEA $GLGSV,2,1,08,87,66,177,,76,63,067,20,77,44,334,,75,17,115,*62 (pico_gnss pico-gnss-rs/src/main.rs:235)
155.720947 [INFO ] NMEA $GLGSV,2,2,08,67,06,280,,68,05,326,,85,04,027,,88,04,203,*65 (pico_gnss pico-gnss-rs/src/main.rs:235)
155.808449 [INFO ] NMEA $GNRMC,190428.000,A,0000.0000,N,00000.0000,E,0.78,291.27,070626,,,A*7B (pico_gnss pico-gnss-rs/src/main.rs:235)
155.810643 [INFO ] SYNC pps_local_us=155078710 unix_s=1780859068 drift_us=2 (pico_gnss pico-gnss-rs/src/main.rs:251)
155.838141 [INFO ] NMEA $GPVTG,291.27,T,,M,0.78,N,1.45,K,A*3D (pico_gnss pico-gnss-rs/src/main.rs:235)
155.865390 [INFO ] NMEA $GPZDA,190428.000,07,06,2026,,*57 (pico_gnss pico-gnss-rs/src/main.rs:235)
156.079171 [INFO ] PPS count=158 interval_us=1000002 interval_ns=1000002624 state=Locked missed=0 (pico_gnss pico-gnss-rs/src/main.rs:131)
156.198906 [INFO ] NMEA $GPGGA,190429.000,0000.0000,N,00000.0000,E,1,5,3.38,32.7,M,39.0,M,,*67 (pico_gnss pico-gnss-rs/src/main.rs:235)
156.220150 [INFO ] TIME unix_ns=1780859069140892033 ppb=2601 holdover_ms=1140 locked=1 (pico_gnss pico-gnss-rs/src/main.rs:149)
156.257342 [INFO ] NMEA $GNGLL,0000.0000,N,00000.0000,E,190429.000,A,A*4D (pico_gnss pico-gnss-rs/src/main.rs:235)
156.286962 [INFO ] NMEA $GNGSA,A,3,18,26,31,16,,,,,,,,,3.50,3.38,0.88*1A (pico_gnss pico-gnss-rs/src/main.rs:235)
156.345094 [INFO ] NMEA $GNGSA,A,3,76,,,,,,,,,,,,3.50,3.38,0.88*13 (pico_gnss pico-gnss-rs/src/main.rs:235)
156.403763 [INFO ] NMEA $GPGSV,4,1,15,27,76,342,23,16,61,057,27,08,52,262,,26,40,097,22*78 (pico_gnss pico-gnss-rs/src/main.rs:235)
156.495212 [INFO ] NMEA $GPGSV,4,2,15,31,23,156,20,02,21,192,14,07,21,316,,04,18,242,*7F (pico_gnss pico-gnss-rs/src/main.rs:235)
156.553907 [INFO ] NMEA $GPGSV,4,3,15,18,16,041,25,09,16,275,,23,05,079,18,10,02,110,20*7A (pico_gnss pico-gnss-rs/src/main.rs:235)
156.583353 [INFO ] NMEA $GPGSV,4,4,15,193,,,,194,,,,195,,,*47 (pico_gnss pico-gnss-rs/src/main.rs:235)
156.670669 [INFO ] NMEA $GLGSV,2,1,08,87,66,177,,76,63,067,19,77,44,334,,75,17,115,*68 (pico_gnss pico-gnss-rs/src/main.rs:235)
156.733296 [INFO ] NMEA $GLGSV,2,2,08,67,06,280,,68,05,326,,85,04,027,,88,04,203,*65 (pico_gnss pico-gnss-rs/src/main.rs:235)
156.792032 [INFO ] NMEA $GNRMC,190429.000,A,0000.0000,N,00000.0000,E,0.92,252.56,070626,,,A*72 (pico_gnss pico-gnss-rs/src/main.rs:235)
156.794214 [INFO ] SYNC pps_local_us=156078712 unix_s=1780859069 drift_us=2 (pico_gnss pico-gnss-rs/src/main.rs:251)
156.850235 [INFO ] NMEA $GPVTG,252.56,T,,M,0.92,N,1.71,K,A*37 (pico_gnss pico-gnss-rs/src/main.rs:235)
156.867253 [INFO ] NMEA $GPZDA,190429.000,07,06,2026,,*56 (pico_gnss pico-gnss-rs/src/main.rs:235)
157.079178 [INFO ] PPS count=159 interval_us=1000002 interval_ns=1000002608 state=Locked missed=0 (pico_gnss pico-gnss-rs/src/main.rs:131)
157.191706 [INFO ] NMEA $GPGGA,190430.000,0000.0000,N,00000.0000,E,1,5,3.39,32.7,M,39.0,M,,*65 (pico_gnss pico-gnss-rs/src/main.rs:235)
157.221931 [INFO ] TIME unix_ns=1780859070142650028 ppb=2602 holdover_ms=1142 locked=1 (pico_gnss pico-gnss-rs/src/main.rs:149)
157.241109 [INFO ] NMEA $GNGLL,0000.0000,N,00000.0000,E,190430.000,A,A*4E (pico_gnss pico-gnss-rs/src/main.rs:235)
157.299115 [INFO ] NMEA $GNGSA,A,3,18,26,31,16,,,,,,,,,3.50,3.39,0.88*1B (pico_gnss pico-gnss-rs/src/main.rs:235)
157.357384 [INFO ] NMEA $GNGSA,A,3,76,,,,,,,,,,,,3.50,3.39,0.88*12 (pico_gnss pico-gnss-rs/src/main.rs:235)
157.416028 [INFO ] NMEA $GPGSV,4,1,15,27,76,342,23,16,61,057,27,08,52,262,,26,40,097,22*78 (pico_gnss pico-gnss-rs/src/main.rs:235)
157.474632 [INFO ] NMEA $GPGSV,4,2,15,31,23,156,20,02,21,192,14,07,21,316,,04,18,242,*7F (pico_gnss pico-gnss-rs/src/main.rs:235)
157.566158 [INFO ] NMEA $GPGSV,4,3,15,18,16,041,25,09,16,275,,23,05,079,18,10,02,110,19*70 (pico_gnss pico-gnss-rs/src/main.rs:235)
157.595684 [INFO ] NMEA $GPGSV,4,4,15,193,,,,194,,,,195,,,*47 (pico_gnss pico-gnss-rs/src/main.rs:235)
157.654182 [INFO ] NMEA $GLGSV,2,1,08,87,66,177,,76,63,067,20,77,44,334,,75,17,115,*62 (pico_gnss pico-gnss-rs/src/main.rs:235)
157.712719 [INFO ] NMEA $GLGSV,2,2,08,67,06,280,,68,05,326,,85,04,027,,88,04,203,*65 (pico_gnss pico-gnss-rs/src/main.rs:235)
157.804280 [INFO ] NMEA $GNRMC,190430.000,A,0000.0000,N,00000.0000,E,0.88,173.46,070626,,,A*7B (pico_gnss pico-gnss-rs/src/main.rs:235)
157.806490 [INFO ] SYNC pps_local_us=157078716 unix_s=1780859070 drift_us=2 (pico_gnss pico-gnss-rs/src/main.rs:251)
157.834006 [INFO ] NMEA $GPVTG,173.46,T,,M,0.88,N,1.62,K,A*3F (pico_gnss pico-gnss-rs/src/main.rs:235)
157.869040 [INFO ] NMEA $GPZDA,190430.000,07,06,2026,,*5E (pico_gnss pico-gnss-rs/src/main.rs:235)
158.079171 [INFO ] PPS count=160 interval_us=1000002 interval_ns=1000002624 state=Locked missed=0 (pico_gnss pico-gnss-rs/src/main.rs:131)
158.196672 [INFO ] NMEA $GPGGA,190431.000,0000.0000,N,00000.0000,E,1,5,3.39,32.8,M,39.0,M,,*63 (pico_gnss pico-gnss-rs/src/main.rs:235)
158.223292 [INFO ] TIME unix_ns=1780859071144033023 ppb=2602 holdover_ms=1144 locked=1 (pico_gnss pico-gnss-rs/src/main.rs:149)
158.255085 [INFO ] NMEA $GNGLL,0000.0000,N,00000.0000,E,190431.000,A,A*47 (pico_gnss pico-gnss-rs/src/main.rs:235)
158.314409 [INFO ] NMEA $GNGSA,A,3,18,26,31,16,,,,,,,,,3.50,3.39,0.88*1B (pico_gnss pico-gnss-rs/src/main.rs:235)
158.343970 [INFO ] NMEA $GNGSA,A,3,76,,,,,,,,,,,,3.50,3.39,0.88*12 (pico_gnss pico-gnss-rs/src/main.rs:235)
158.431297 [INFO ] NMEA $GPGSV,4,1,15,27,76,342,23,16,61,057,27,08,52,262,,26,40,097,21*7B (pico_gnss pico-gnss-rs/src/main.rs:235)
158.489916 [INFO ] NMEA $GPGSV,4,2,15,31,23,156,20,02,21,192,14,07,21,316,,04,18,242,*7F (pico_gnss pico-gnss-rs/src/main.rs:235)
158.552665 [INFO ] NMEA $GPGSV,4,3,15,18,16,041,25,09,16,275,,23,05,079,18,10,02,110,18*71 (pico_gnss pico-gnss-rs/src/main.rs:235)
158.610880 [INFO ] NMEA $GPGSV,4,4,15,193,,,,194,,,,195,,,*47 (pico_gnss pico-gnss-rs/src/main.rs:235)
158.669425 [INFO ] NMEA $GLGSV,2,1,08,87,66,177,,76,63,067,20,77,44,334,,75,17,115,*62 (pico_gnss pico-gnss-rs/src/main.rs:235)
158.727993 [INFO ] NMEA $GLGSV,2,2,08,67,06,280,,68,05,326,,85,04,027,,88,04,203,*65 (pico_gnss pico-gnss-rs/src/main.rs:235)
158.819579 [INFO ] NMEA $GNRMC,190431.000,A,0000.0000,N,00000.0000,E,1.23,151.53,070626,,,A*76 (pico_gnss pico-gnss-rs/src/main.rs:235)
158.821773 [INFO ] SYNC pps_local_us=158078714 unix_s=1780859071 drift_us=2 (pico_gnss pico-gnss-rs/src/main.rs:251)
158.849269 [INFO ] NMEA $GPVTG,151.53,T,,M,1.23,N,2.29,K,A*37 (pico_gnss pico-gnss-rs/src/main.rs:235)
158.874446 [INFO ] NMEA $GPZDA,190431.000,07,06,2026,,*5F (pico_gnss pico-gnss-rs/src/main.rs:235)
159.079193 [INFO ] PPS count=161 interval_us=1000002 interval_ns=1000002608 state=Locked missed=0 (pico_gnss pico-gnss-rs/src/main.rs:131)
159.189403 [INFO ] NMEA $GPGGA,190432.000,0000.0000,N,00000.0000,E,1,5,3.39,32.9,M,39.0,M,,*60 (pico_gnss pico-gnss-rs/src/main.rs:235)
159.224666 [INFO ] TIME unix_ns=1780859072145372020 ppb=2602 holdover_ms=1145 locked=1 (pico_gnss pico-gnss-rs/src/main.rs:149)
159.248072 [INFO ] NMEA $GNGLL,0000.0000,N,00000.0000,E,190432.000,A,A*45 (pico_gnss pico-gnss-rs/src/main.rs:235)
159.306163 [INFO ] NMEA $GNGSA,A,3,18,26,31,16,,,,,,,,,3.50,3.39,0.88*1B (pico_gnss pico-gnss-rs/src/main.rs:235)
159.346943 [INFO ] NMEA $GNGSA,A,3,76,,,,,,,,,,,,3.50,3.39,0.88*12 (pico_gnss pico-gnss-rs/src/main.rs:235)
159.405616 [INFO ] NMEA $GPGSV,4,1,15,27,76,342,23,16,61,057,26,08,52,262,,26,40,097,22*79 (pico_gnss pico-gnss-rs/src/main.rs:235)
159.492979 [INFO ] NMEA $GPGSV,4,2,15,31,23,156,20,02,21,192,13,07,21,316,,04,18,242,*78 (pico_gnss pico-gnss-rs/src/main.rs:235)
159.551606 [INFO ] NMEA $GPGSV,4,3,15,18,16,041,25,09,16,275,,23,05,079,18,10,02,110,19*70 (pico_gnss pico-gnss-rs/src/main.rs:235)
159.585149 [INFO ] NMEA $GPGSV,4,4,15,193,,,,194,,,,195,,,*47 (pico_gnss pico-gnss-rs/src/main.rs:235)
159.672532 [INFO ] NMEA $GLGSV,2,1,08,87,66,177,,76,63,067,20,77,44,334,,75,17,115,*62 (pico_gnss pico-gnss-rs/src/main.rs:235)
159.731072 [INFO ] NMEA $GLGSV,2,2,08,67,06,280,,68,05,326,,85,04,027,,88,04,203,*65 (pico_gnss pico-gnss-rs/src/main.rs:235)
159.789805 [INFO ] NMEA $GNRMC,190432.000,A,0000.0000,N,00000.0000,E,1.23,118.68,070626,,,A*71 (pico_gnss pico-gnss-rs/src/main.rs:235)
159.791993 [INFO ] SYNC pps_local_us=159078724 unix_s=1780859072 drift_us=2 (pico_gnss pico-gnss-rs/src/main.rs:251)
159.852061 [INFO ] NMEA $GPVTG,118.68,T,,M,1.23,N,2.28,K,A*33 (pico_gnss pico-gnss-rs/src/main.rs:235)
159.867014 [INFO ] NMEA $GPZDA,190432.000,07,06,2026,,*5C (pico_gnss pico-gnss-rs/src/main.rs:235)
160.079163 [INFO ] PPS count=162 interval_us=1000002 interval_ns=1000002608 state=Locked missed=0 (pico_gnss pico-gnss-rs/src/main.rs:131)
160.188582 [INFO ] NMEA $GPGGA,190433.000,0000.0000,N,00000.0000,E,1,5,3.39,33.0,M,39.0,M,,*64 (pico_gnss pico-gnss-rs/src/main.rs:235)
160.226044 [INFO ] TIME unix_ns=1780859073146751016 ppb=2603 holdover_ms=1146 locked=1 (pico_gnss pico-gnss-rs/src/main.rs:149)
160.247261 [INFO ] NMEA $GNGLL,0000.0000,N,00000.0000,E,190433.000,A,A*49 (pico_gnss pico-gnss-rs/src/main.rs:235)
160.305310 [INFO ] NMEA $GNGSA,A,3,18,26,31,16,,,,,,,,,3.50,3.39,0.88*1B (pico_gnss pico-gnss-rs/src/main.rs:235)
160.334800 [INFO ] NMEA $GNGSA,A,3,76,,,,,,,,,,,,3.50,3.39,0.88*12 (pico_gnss pico-gnss-rs/src/main.rs:235)
160.414981 [INFO ] NMEA $GPGSV,4,1,15,27,76,342,23,16,61,057,26,08,52,262,,26,40,097,22*79 (pico_gnss pico-gnss-rs/src/main.rs:235)
160.473620 [INFO ] NMEA $GPGSV,4,2,15,31,23,156,20,02,21,192,13,07,21,316,,04,18,242,*78 (pico_gnss pico-gnss-rs/src/main.rs:235)
160.561006 [INFO ] NMEA $GPGSV,4,3,15,18,16,041,25,09,16,275,,23,05,079,19,10,02,110,19*71 (pico_gnss pico-gnss-rs/src/main.rs:235)
160.590517 [INFO ] NMEA $GPGSV,4,4,15,193,,,,194,,,,195,,,*47 (pico_gnss pico-gnss-rs/src/main.rs:235)
160.653123 [INFO ] NMEA $GLGSV,2,1,08,87,66,177,,76,63,067,20,77,44,334,,75,17,115,*62 (pico_gnss pico-gnss-rs/src/main.rs:235)
160.711735 [INFO ] NMEA $GLGSV,2,2,08,67,06,280,,68,05,326,,85,04,027,,88,04,203,*65 (pico_gnss pico-gnss-rs/src/main.rs:235)
160.799190 [INFO ] NMEA $GNRMC,190433.000,A,0000.0000,N,00000.0000,E,0.29,118.68,070626,,,A*76 (pico_gnss pico-gnss-rs/src/main.rs:235)
160.801387 [INFO ] SYNC pps_local_us=160078712 unix_s=1780859073 drift_us=2 (pico_gnss pico-gnss-rs/src/main.rs:251)
160.828876 [INFO ] NMEA $GPVTG,118.68,T,,M,0.29,N,0.54,K,A*31 (pico_gnss pico-gnss-rs/src/main.rs:235)
160.866106 [INFO ] NMEA $GPZDA,190433.000,07,06,2026,,*5D (pico_gnss pico-gnss-rs/src/main.rs:235)
161.079197 [INFO ] PPS count=163 interval_us=1000002 interval_ns=1000002624 state=Locked missed=0 (pico_gnss pico-gnss-rs/src/main.rs:131)
161.189448 [INFO ] NMEA $GPGGA,190434.000,0000.0000,N,00000.0000,E,1,5,3.39,33.0,M,39.0,M,,*6C (pico_gnss pico-gnss-rs/src/main.rs:235)
161.227413 [INFO ] TIME unix_ns=1780859074148134012 ppb=2603 holdover_ms=1148 locked=1 (pico_gnss pico-gnss-rs/src/main.rs:149)
161.248110 [INFO ] NMEA $GNGLL,0000.0000,N,00000.0000,E,190434.000,A,A*41 (pico_gnss pico-gnss-rs/src/main.rs:235)
161.306204 [INFO ] NMEA $GNGSA,A,3,18,26,31,16,,,,,,,,,3.50,3.39,0.88*1B (pico_gnss pico-gnss-rs/src/main.rs:235)
161.335718 [INFO ] NMEA $GNGSA,A,3,76,,,,,,,,,,,,3.50,3.39,0.88*12 (pico_gnss pico-gnss-rs/src/main.rs:235)
161.426140 [INFO ] NMEA $GPGSV,4,1,15,27,76,342,23,16,61,057,26,08,52,262,,26,40,097,22*79 (pico_gnss pico-gnss-rs/src/main.rs:235)
161.484751 [INFO ] NMEA $GPGSV,4,2,15,31,23,156,20,02,21,192,13,07,21,316,,04,18,242,*78 (pico_gnss pico-gnss-rs/src/main.rs:235)
161.543421 [INFO ] NMEA $GPGSV,4,3,15,18,16,041,25,09,16,275,,23,05,079,19,10,02,110,19*71 (pico_gnss pico-gnss-rs/src/main.rs:235)
161.601576 [INFO ] NMEA $GPGSV,4,4,15,193,,,,194,,,,195,,,*47 (pico_gnss pico-gnss-rs/src/main.rs:235)
161.664279 [INFO ] NMEA $GLGSV,2,1,08,87,66,177,,76,63,067,20,77,44,334,,75,17,115,*62 (pico_gnss pico-gnss-rs/src/main.rs:235)
161.722860 [INFO ] NMEA $GLGSV,2,2,08,67,06,280,,68,05,326,,85,04,027,,88,04,203,*65 (pico_gnss pico-gnss-rs/src/main.rs:235)
161.810340 [INFO ] NMEA $GNRMC,190434.000,A,0000.0000,N,00000.0000,E,0.26,118.68,070626,,,A*71 (pico_gnss pico-gnss-rs/src/main.rs:235)
161.812530 [INFO ] SYNC pps_local_us=161078725 unix_s=1780859074 drift_us=2 (pico_gnss pico-gnss-rs/src/main.rs:251)
161.840028 [INFO ] NMEA $GPVTG,118.68,T,,M,0.26,N,0.49,K,A*32 (pico_gnss pico-gnss-rs/src/main.rs:235)
161.867265 [INFO ] NMEA $GPZDA,190434.000,07,06,2026,,*5A (pico_gnss pico-gnss-rs/src/main.rs:235)
162.079197 [INFO ] PPS count=164 interval_us=1000002 interval_ns=1000002608 state=Locked missed=0 (pico_gnss pico-gnss-rs/src/main.rs:131)
162.197849 [INFO ] NMEA $GPGGA,190435.000,0000.0000,N,00000.0000,E,1,5,3.38,33.0,M,39.0,M,,*6F (pico_gnss pico-gnss-rs/src/main.rs:235)
162.228811 [INFO ] TIME unix_ns=1780859075149502008 ppb=2603 holdover_ms=1149 locked=1 (pico_gnss pico-gnss-rs/src/main.rs:149)
162.256536 [INFO ] NMEA $GNGLL,0000.0000,N,00000.0000,E,190435.000,A,A*43 (pico_gnss pico-gnss-rs/src/main.rs:235)
162.285968 [INFO ] NMEA $GNGSA,A,3,18,26,31,16,,,,,,,,,3.50,3.38,0.88*1A (pico_gnss pico-gnss-rs/src/main.rs:235)
162.344062 [INFO ] NMEA $GNGSA,A,3,76,,,,,,,,,,,,3.50,3.38,0.88*13 (pico_gnss pico-gnss-rs/src/main.rs:235)
162.402723 [INFO ] NMEA $GPGSV,4,1,15,27,76,342,23,16,61,057,26,08,52,262,,26,40,097,21*7A (pico_gnss pico-gnss-rs/src/main.rs:235)
162.494193 [INFO ] NMEA $GPGSV,4,2,15,31,23,156,20,02,21,192,13,07,21,316,,04,18,242,*78 (pico_gnss pico-gnss-rs/src/main.rs:235)
162.552899 [INFO ] NMEA $GPGSV,4,3,15,18,16,041,25,09,16,275,,23,05,079,20,10,02,110,19*7B (pico_gnss pico-gnss-rs/src/main.rs:235)
162.582327 [INFO ] NMEA $GPGSV,4,4,15,193,,,,194,,,,195,,,*47 (pico_gnss pico-gnss-rs/src/main.rs:235)
162.669642 [INFO ] NMEA $GLGSV,2,1,08,87,66,177,,76,63,067,20,77,44,334,,75,17,115,*62 (pico_gnss pico-gnss-rs/src/main.rs:235)
162.732279 [INFO ] NMEA $GLGSV,2,2,08,67,06,280,,68,05,326,,85,04,027,,88,04,203,*65 (pico_gnss pico-gnss-rs/src/main.rs:235)
162.791000 [INFO ] NMEA $GNRMC,190435.000,A,0000.0000,N,00000.0000,E,0.22,118.68,070626,,,A*77 (pico_gnss pico-gnss-rs/src/main.rs:235)
162.793187 [INFO ] SYNC pps_local_us=162078734 unix_s=1780859075 drift_us=2 (pico_gnss pico-gnss-rs/src/main.rs:251)
162.849227 [INFO ] NMEA $GPVTG,118.68,T,,M,0.22,N,0.41,K,A*3E (pico_gnss pico-gnss-rs/src/main.rs:235)
162.866224 [INFO ] NMEA $GPZDA,190435.000,07,06,2026,,*5B (pico_gnss pico-gnss-rs/src/main.rs:235)
163.079178 [INFO ] PPS count=165 interval_us=1000002 interval_ns=1000002624 state=Locked missed=0 (pico_gnss pico-gnss-rs/src/main.rs:131)
163.187590 [INFO ] NMEA $GPGGA,190436.000,0000.0000,N,00000.0000,E,1,5,3.39,33.0,M,39.0,M,,*6C (pico_gnss pico-gnss-rs/src/main.rs:235)
163.230187 [INFO ] TIME unix_ns=1780859076150874003 ppb=2604 holdover_ms=1150 locked=1 (pico_gnss pico-gnss-rs/src/main.rs:149)
163.237013 [INFO ] NMEA $GNGLL,0000.0000,N,00000.0000,E,190436.000,A,A*41 (pico_gnss pico-gnss-rs/src/main.rs:235)
163.295050 [INFO ] NMEA $GNGSA,A,3,18,26,31,16,,,,,,,,,3.50,3.39,0.88*1B (pico_gnss pico-gnss-rs/src/main.rs:235)
163.353312 [INFO ] NMEA $GNGSA,A,3,76,,,,,,,,,,,,3.50,3.39,0.88*12 (pico_gnss pico-gnss-rs/src/main.rs:235)
163.411951 [INFO ] NMEA $GPGSV,4,1,15,27,76,342,23,16,61,057,26,08,52,262,,26,40,097,21*7A (pico_gnss pico-gnss-rs/src/main.rs:235)
163.474645 [INFO ] NMEA $GPGSV,4,2,15,31,23,156,20,02,21,192,13,07,21,316,,04,18,242,*78 (pico_gnss pico-gnss-rs/src/main.rs:235)
163.562096 [INFO ] NMEA $GPGSV,4,3,15,18,16,041,25,09,16,275,,23,05,079,20,10,02,110,19*7B (pico_gnss pico-gnss-rs/src/main.rs:235)
163.591574 [INFO ] NMEA $GPGSV,4,4,15,193,,,,194,,,,195,,,*47 (pico_gnss pico-gnss-rs/src/main.rs:235)
163.650063 [INFO ] NMEA $GLGSV,2,1,08,87,66,177,,76,63,067,20,77,44,334,,75,17,115,*62 (pico_gnss pico-gnss-rs/src/main.rs:235)
163.708620 [INFO ] NMEA $GLGSV,2,2,08,67,06,280,,68,05,326,,85,04,027,,88,04,203,*65 (pico_gnss pico-gnss-rs/src/main.rs:235)
163.800201 [INFO ] NMEA $GNRMC,190436.000,A,0000.0000,N,00000.0000,E,0.50,118.68,070626,,,A*70 (pico_gnss pico-gnss-rs/src/main.rs:235)
163.802398 [INFO ] SYNC pps_local_us=163078724 unix_s=1780859076 drift_us=2 (pico_gnss pico-gnss-rs/src/main.rs:251)
163.829893 [INFO ] NMEA $GPVTG,118.68,T,,M,0.50,N,0.94,K,A*33 (pico_gnss pico-gnss-rs/src/main.rs:235)
163.864918 [INFO ] NMEA $GPZDA,190436.000,07,06,2026,,*58 (pico_gnss pico-gnss-rs/src/main.rs:235)
164.079180 [INFO ] PPS count=166 interval_us=1000002 interval_ns=1000002608 state=Locked missed=0 (pico_gnss pico-gnss-rs/src/main.rs:131)
164.190611 [INFO ] NMEA $GPGGA,190437.000,0000.0000,N,00000.0000,E,1,5,3.39,33.0,M,39.0,M,,*6C (pico_gnss pico-gnss-rs/src/main.rs:235)
164.231579 [INFO ] TIME unix_ns=1780859077152272000 ppb=2604 holdover_ms=1152 locked=1 (pico_gnss pico-gnss-rs/src/main.rs:149)
164.250060 [INFO ] NMEA $GNGLL,0000.0000,N,00000.0000,E,190437.000,A,A*41 (pico_gnss pico-gnss-rs/src/main.rs:235)
164.308363 [INFO ] NMEA $GNGSA,A,3,18,26,31,16,,,,,,,,,3.50,3.39,0.88*1B (pico_gnss pico-gnss-rs/src/main.rs:235)
164.337920 [INFO ] NMEA $GNGSA,A,3,76,,,,,,,,,,,,3.50,3.39,0.88*12 (pico_gnss pico-gnss-rs/src/main.rs:235)
164.425242 [INFO ] NMEA $GPGSV,4,1,15,27,76,342,23,16,61,057,26,08,52,262,,26,40,097,21*7A (pico_gnss pico-gnss-rs/src/main.rs:235)
164.483834 [INFO ] NMEA $GPGSV,4,2,15,31,23,156,20,02,21,192,13,07,21,316,,04,18,242,*78 (pico_gnss pico-gnss-rs/src/main.rs:235)
164.546600 [INFO ] NMEA $GPGSV,4,3,15,18,16,041,25,09,16,275,,23,05,079,20,10,02,110,19*7B (pico_gnss pico-gnss-rs/src/main.rs:235)
164.604821 [INFO ] NMEA $GPGSV,4,4,15,193,,,,194,,,,195,,,*47 (pico_gnss pico-gnss-rs/src/main.rs:235)
164.663389 [INFO ] NMEA $GLGSV,2,1,08,87,66,177,,76,63,067,20,77,44,334,,75,17,115,*62 (pico_gnss pico-gnss-rs/src/main.rs:235)
164.721971 [INFO ] NMEA $GLGSV,2,2,08,67,06,280,,68,05,326,,85,04,027,,88,04,203,*65 (pico_gnss pico-gnss-rs/src/main.rs:235)
164.813527 [INFO ] NMEA $GNRMC,190437.000,A,0000.0000,N,00000.0000,E,0.85,158.64,070626,,,A*70 (pico_gnss pico-gnss-rs/src/main.rs:235)
164.815728 [INFO ] SYNC pps_local_us=164078729 unix_s=1780859077 drift_us=2 (pico_gnss pico-gnss-rs/src/main.rs:251)
164.843236 [INFO ] NMEA $GPVTG,158.64,T,,M,0.85,N,1.57,K,A*3D (pico_gnss pico-gnss-rs/src/main.rs:235)
164.868373 [INFO ] NMEA $GPZDA,190437.000,07,06,2026,,*59 (pico_gnss pico-gnss-rs/src/main.rs:235)
165.079203 [INFO ] PPS count=167 interval_us=1000002 interval_ns=1000002624 state=Locked missed=0 (pico_gnss pico-gnss-rs/src/main.rs:131)
165.205536 [INFO ] NMEA $GPGGA,190438.000,0000.0000,N,00000.0000,E,1,5,3.39,33.0,M,39.0,M,,*63 (pico_gnss pico-gnss-rs/src/main.rs:235)
165.232933 [INFO ] TIME unix_ns=1780859078153665995 ppb=2605 holdover_ms=1153 locked=1 (pico_gnss pico-gnss-rs/src/main.rs:149)
165.263938 [INFO ] NMEA $GNGLL,0000.0000,N,00000.0000,E,190438.000,A,A*4E (pico_gnss pico-gnss-rs/src/main.rs:235)
165.304798 [INFO ] NMEA $GNGSA,A,3,18,26,31,16,,,,,,,,,3.50,3.39,0.88*1B (pico_gnss pico-gnss-rs/src/main.rs:235)
165.363012 [INFO ] NMEA $GNGSA,A,3,76,,,,,,,,,,,,3.50,3.39,0.88*12 (pico_gnss pico-gnss-rs/src/main.rs:235)
165.421667 [INFO ] NMEA $GPGSV,4,1,15,27,76,342,23,16,61,057,26,08,52,262,,26,40,097,22*79 (pico_gnss pico-gnss-rs/src/main.rs:235)
165.509038 [INFO ] NMEA $GPGSV,4,2,15,31,23,156,20,02,21,192,13,07,21,316,,04,18,242,*78 (pico_gnss pico-gnss-rs/src/main.rs:235)
165.571814 [INFO ] NMEA $GPGSV,4,3,15,18,16,041,25,09,16,275,,23,05,079,20,10,02,110,19*7B (pico_gnss pico-gnss-rs/src/main.rs:235)
165.601290 [INFO ] NMEA $GPGSV,4,4,15,193,,,,194,,,,195,,,*47 (pico_gnss pico-gnss-rs/src/main.rs:235)
165.688608 [INFO ] NMEA $GLGSV,2,1,08,87,66,177,,76,63,067,20,77,44,334,,75,17,115,*62 (pico_gnss pico-gnss-rs/src/main.rs:235)
165.747129 [INFO ] NMEA $GLGSV,2,2,08,67,06,280,,68,05,326,,85,04,027,,88,04,203,*65 (pico_gnss pico-gnss-rs/src/main.rs:235)
165.805871 [INFO ] NMEA $GNRMC,190438.000,A,0000.0000,N,00000.0000,E,0.59,194.35,070626,,,A*7A (pico_gnss pico-gnss-rs/src/main.rs:235)
165.808058 [INFO ] SYNC pps_local_us=165078733 unix_s=1780859078 drift_us=2 (pico_gnss pico-gnss-rs/src/main.rs:251)
165.868191 [INFO ] NMEA $GPVTG,194.35,T,,M,0.59,N,1.09,K,A*33 (pico_gnss pico-gnss-rs/src/main.rs:235)
165.883128 [INFO ] NMEA $GPZDA,190438.000,07,06,2026,,*56 (pico_gnss pico-gnss-rs/src/main.rs:235)
166.079193 [INFO ] PPS count=168 interval_us=1000002 interval_ns=1000002608 state=Locked missed=0 (pico_gnss pico-gnss-rs/src/main.rs:131)
166.189798 [INFO ] NMEA $GPGGA,190439.000,0000.0000,N,00000.0000,E,1,5,3.39,33.0,M,39.0,M,,*61 (pico_gnss pico-gnss-rs/src/main.rs:235)
166.234307 [INFO ] TIME unix_ns=1780859079154997992 ppb=2605 holdover_ms=1155 locked=1 (pico_gnss pico-gnss-rs/src/main.rs:149)
166.248471 [INFO ] NMEA $GNGLL,0000.0000,N,00000.0000,E,190439.000,A,A*4C (pico_gnss pico-gnss-rs/src/main.rs:235)
166.306520 [INFO ] NMEA $GNGSA,A,3,18,26,31,16,,,,,,,,,3.50,3.39,0.88*1B (pico_gnss pico-gnss-rs/src/main.rs:235)
166.328844 [INFO ] NMEA $GNGSA,A,3,76,,,,,,,,,,,,3.50,3.39,0.88*12 (pico_gnss pico-gnss-rs/src/main.rs:235)
166.416178 [INFO ] NMEA $GPGSV,4,1,15,27,76,342,23,16,61,057,26,08,52,262,,26,40,097,22*79 (pico_gnss pico-gnss-rs/src/main.rs:235)
166.474851 [INFO ] NMEA $GPGSV,4,2,15,31,23,156,20,02,21,192,12,07,21,316,14,04,18,242,*7C (pico_gnss pico-gnss-rs/src/main.rs:235)
166.562251 [INFO ] NMEA $GPGSV,4,3,15,18,16,041,25,09,16,275,,23,05,079,20,10,02,110,21*70 (pico_gnss pico-gnss-rs/src/main.rs:235)
166.595809 [INFO ] NMEA $GPGSV,4,4,15,193,,,,194,,,,195,,,*47 (pico_gnss pico-gnss-rs/src/main.rs:235)
166.654409 [INFO ] NMEA $GLGSV,2,1,08,87,66,177,,76,63,067,20,77,44,334,,75,17,115,*62 (pico_gnss pico-gnss-rs/src/main.rs:235)
166.712914 [INFO ] NMEA $GLGSV,2,2,08,67,06,280,,68,05,326,,85,04,027,,88,04,203,*65 (pico_gnss pico-gnss-rs/src/main.rs:235)
166.800376 [INFO ] NMEA $GNRMC,190439.000,A,0000.0000,N,00000.0000,E,0.59,194.35,070626,,,A*78 (pico_gnss pico-gnss-rs/src/main.rs:235)
166.802578 [INFO ] SYNC pps_local_us=166078731 unix_s=1780859079 drift_us=2 (pico_gnss pico-gnss-rs/src/main.rs:251)
166.830066 [INFO ] NMEA $GPVTG,194.35,T,,M,0.59,N,1.08,K,A*32 (pico_gnss pico-gnss-rs/src/main.rs:235)
166.869184 [INFO ] NMEA $GPZDA,190439.000,07,06,2026,,*57 (pico_gnss pico-gnss-rs/src/main.rs:235)
167.079199 [INFO ] PPS count=169 interval_us=1000002 interval_ns=1000002624 state=Locked missed=0 (pico_gnss pico-gnss-rs/src/main.rs:131)
167.190599 [INFO ] NMEA $GPGGA,190440.000,0000.0000,N,00000.0000,E,1,5,3.39,33.0,M,39.0,M,,*69 (pico_gnss pico-gnss-rs/src/main.rs:235)
167.235698 [INFO ] TIME unix_ns=1780859080156385987 ppb=2606 holdover_ms=1156 locked=1 (pico_gnss pico-gnss-rs/src/main.rs:149)
167.249237 [INFO ] NMEA $GNGLL,0000.0000,N,00000.0000,E,190440.000,A,A*44 (pico_gnss pico-gnss-rs/src/main.rs:235)
167.307341 [INFO ] NMEA $GNGSA,A,3,18,26,31,16,,,,,,,,,3.50,3.39,0.88*1B (pico_gnss pico-gnss-rs/src/main.rs:235)
167.336829 [INFO ] NMEA $GNGSA,A,3,76,,,,,,,,,,,,3.50,3.39,0.88*12 (pico_gnss pico-gnss-rs/src/main.rs:235)
167.425212 [INFO ] NMEA $GPGSV,4,1,15,27,76,342,23,16,61,057,26,08,52,262,,26,40,097,22*79 (pico_gnss pico-gnss-rs/src/main.rs:235)
167.483855 [INFO ] NMEA $GPGSV,4,2,15,31,23,156,20,02,21,192,12,07,21,316,13,04,18,242,*7B (pico_gnss pico-gnss-rs/src/main.rs:235)
167.542529 [INFO ] NMEA $GPGSV,4,3,15,18,16,041,25,09,16,275,,23,05,079,20,10,02,110,20*71 (pico_gnss pico-gnss-rs/src/main.rs:235)
167.600702 [INFO ] NMEA $GPGSV,4,4,15,193,,,,194,,,,195,,,*47 (pico_gnss pico-gnss-rs/src/main.rs:235)
167.663388 [INFO ] NMEA $GLGSV,2,1,08,87,66,177,,76,63,067,20,77,44,334,,75,17,115,*62 (pico_gnss pico-gnss-rs/src/main.rs:235)
167.721953 [INFO ] NMEA $GLGSV,2,2,08,67,06,280,,68,05,326,,85,04,027,,88,04,203,*65 (pico_gnss pico-gnss-rs/src/main.rs:235)
167.809417 [INFO ] NMEA $GNRMC,190440.000,A,0000.0000,N,00000.0000,E,0.37,194.35,070626,,,A*78 (pico_gnss pico-gnss-rs/src/main.rs:235)
167.811620 [INFO ] SYNC pps_local_us=167078728 unix_s=1780859080 drift_us=2 (pico_gnss pico-gnss-rs/src/main.rs:251)
167.839124 [INFO ] NMEA $GPVTG,194.35,T,,M,0.37,N,0.68,K,A*3D (pico_gnss pico-gnss-rs/src/main.rs:235)
167.870544 [INFO ] NMEA $GPZDA,190440.000,07,06,2026,,*59 (pico_gnss pico-gnss-rs/src/main.rs:235)
168.079203 [INFO ] PPS count=170 interval_us=1000002 interval_ns=1000002608 state=Locked missed=0 (pico_gnss pico-gnss-rs/src/main.rs:131)
168.197818 [INFO ] NMEA $GPGGA,190441.000,0000.0000,N,00000.0000,E,1,5,3.39,33.0,M,39.0,M,,*6C (pico_gnss pico-gnss-rs/src/main.rs:235)
168.237077 [INFO ] TIME unix_ns=1780859081157766984 ppb=2606 holdover_ms=1157 locked=1 (pico_gnss pico-gnss-rs/src/main.rs:149)
168.256484 [INFO ] NMEA $GNGLL,0000.0000,N,00000.0000,E,190441.000,A,A*41 (pico_gnss pico-gnss-rs/src/main.rs:235)
168.285853 [INFO ] NMEA $GNGSA,A,3,18,26,31,16,,,,,,,,,3.50,3.39,0.88*1B (pico_gnss pico-gnss-rs/src/main.rs:235)
168.344019 [INFO ] NMEA $GNGSA,A,3,76,,,,,,,,,,,,3.50,3.39,0.88*12 (pico_gnss pico-gnss-rs/src/main.rs:235)
168.406798 [INFO ] NMEA $GPGSV,4,1,15,27,76,342,22,16,61,057,26,08,52,262,15,26,40,097,22*7C (pico_gnss pico-gnss-rs/src/main.rs:235)
168.494143 [INFO ] NMEA $GPGSV,4,2,15,31,23,156,20,02,21,192,,07,21,316,,04,18,242,*7A (pico_gnss pico-gnss-rs/src/main.rs:235)
168.552769 [INFO ] NMEA $GPGSV,4,3,15,18,16,041,25,09,16,275,,23,05,079,20,10,02,110,19*7B (pico_gnss pico-gnss-rs/src/main.rs:235)
168.582244 [INFO ] NMEA $GPGSV,4,4,15,193,,,,194,,,,195,,,*47 (pico_gnss pico-gnss-rs/src/main.rs:235)
168.673694 [INFO ] NMEA $GLGSV,2,1,08,87,66,177,,76,63,067,20,77,44,334,,75,17,115,*62 (pico_gnss pico-gnss-rs/src/main.rs:235)
168.732235 [INFO ] NMEA $GLGSV,2,2,08,67,06,280,,68,05,326,,85,04,027,,88,04,203,*65 (pico_gnss pico-gnss-rs/src/main.rs:235)
168.790949 [INFO ] NMEA $GNRMC,190441.000,A,0000.0000,N,00000.0000,E,0.50,194.35,070626,,,A*7C (pico_gnss pico-gnss-rs/src/main.rs:235)
168.793141 [INFO ] SYNC pps_local_us=168078742 unix_s=1780859081 drift_us=2 (pico_gnss pico-gnss-rs/src/main.rs:251)
168.849189 [INFO ] NMEA $GPVTG,194.35,T,,M,0.50,N,0.94,K,A*3F (pico_gnss pico-gnss-rs/src/main.rs:235)
168.870360 [INFO ] NMEA $GPZDA,190441.000,07,06,2026,,*58 (pico_gnss pico-gnss-rs/src/main.rs:235)
169.079179 [INFO ] PPS count=171 interval_us=1000002 interval_ns=1000002624 state=Locked missed=0 (pico_gnss pico-gnss-rs/src/main.rs:131)
169.177229 [INFO ] NMEA $GPGGA,190442.000,0000.0000,N,00000.0000,E,1,5,3.39,33.0,M,39.0,M,,*6E (pico_gnss pico-gnss-rs/src/main.rs:235)
169.235550 [INFO ] NMEA $GNGLL,0000.0000,N,00000.0000,E,190442.000,A,A*43 (pico_gnss pico-gnss-rs/src/main.rs:235)
169.238450 [INFO ] TIME unix_ns=1780859082159159980 ppb=2606 holdover_ms=1159 locked=1 (pico_gnss pico-gnss-rs/src/main.rs:149)
169.294001 [INFO ] NMEA $GNGSA,A,3,18,26,31,16,,,,,,,,,3.50,3.39,0.88*1B (pico_gnss pico-gnss-rs/src/main.rs:235)
169.352169 [INFO ] NMEA $GNGSA,A,3,76,,,,,,,,,,,,3.50,3.39,0.88*12 (pico_gnss pico-gnss-rs/src/main.rs:235)
169.410865 [INFO ] NMEA $GPGSV,4,1,15,27,76,342,22,16,61,057,26,08,52,262,13,26,40,097,22*7A (pico_gnss pico-gnss-rs/src/main.rs:235)
169.473552 [INFO ] NMEA $GPGSV,4,2,15,31,23,156,20,02,21,192,,07,21,316,,04,18,242,*7A (pico_gnss pico-gnss-rs/src/main.rs:235)
169.560976 [INFO ] NMEA $GPGSV,4,3,15,18,16,041,25,09,16,275,,23,05,079,20,10,02,110,19*7B (pico_gnss pico-gnss-rs/src/main.rs:235)
169.590491 [INFO ] NMEA $GPGSV,4,4,15,193,,,,194,,,,195,,,*47 (pico_gnss pico-gnss-rs/src/main.rs:235)
169.648948 [INFO ] NMEA $GLGSV,2,1,08,87,66,177,,76,63,067,20,77,44,334,,75,17,115,*62 (pico_gnss pico-gnss-rs/src/main.rs:235)
169.711619 [INFO ] NMEA $GLGSV,2,2,08,67,06,280,,68,05,326,,85,04,027,,88,04,203,*65 (pico_gnss pico-gnss-rs/src/main.rs:235)
169.799096 [INFO ] NMEA $GNRMC,190442.000,A,0000.0000,N,00000.0000,E,0.19,194.35,070626,,,A*73 (pico_gnss pico-gnss-rs/src/main.rs:235)
169.801273 [INFO ] SYNC pps_local_us=169078731 unix_s=1780859082 drift_us=2 (pico_gnss pico-gnss-rs/src/main.rs:251)
169.828763 [INFO ] NMEA $GPVTG,194.35,T,,M,0.19,N,0.36,K,A*3A (pico_gnss pico-gnss-rs/src/main.rs:235)
169.867982 [INFO ] NMEA $GPZDA,190442.000,07,06,2026,,*5B (pico_gnss pico-gnss-rs/src/main.rs:235)
170.079213 [INFO ] PPS count=172 interval_us=1000002 interval_ns=1000002608 state=Locked missed=0 (pico_gnss pico-gnss-rs/src/main.rs:131)
170.190750 [INFO ] NMEA $GPGGA,190443.000,0000.0000,N,00000.0000,E,1,5,3.39,33.0,M,39.0,M,,*6A (pico_gnss pico-gnss-rs/src/main.rs:235)
170.239844 [INFO ] TIME unix_ns=1780859083160519976 ppb=2606 holdover_ms=1160 locked=1 (pico_gnss pico-gnss-rs/src/main.rs:149)
170.246345 [INFO ] NMEA $GNGLL,0000.0000,N,00000.0000,E,190443.000,A,A*47 (pico_gnss pico-gnss-rs/src/main.rs:235)
170.304408 [INFO ] NMEA $GNGSA,A,3,18,26,31,16,,,,,,,,,3.50,3.39,0.88*1B (pico_gnss pico-gnss-rs/src/main.rs:235)
170.333906 [INFO ] NMEA $GNGSA,A,3,76,,,,,,,,,,,,3.50,3.39,0.88*12 (pico_gnss pico-gnss-rs/src/main.rs:235)
170.421319 [INFO ] NMEA $GPGSV,4,1,15,27,76,342,22,16,61,057,26,08,52,262,13,26,40,097,22*7A (pico_gnss pico-gnss-rs/src/main.rs:235)
170.483978 [INFO ] NMEA $GPGSV,4,2,15,31,23,156,20,02,21,192,,07,21,316,,04,18,242,*7A (pico_gnss pico-gnss-rs/src/main.rs:235)
170.542638 [INFO ] NMEA $GPGSV,4,3,15,18,16,041,24,09,16,275,,23,05,079,20,10,02,110,19*7A (pico_gnss pico-gnss-rs/src/main.rs:235)
170.600804 [INFO ] NMEA $GPGSV,4,4,15,193,,,,194,,,,195,,,*47 (pico_gnss pico-gnss-rs/src/main.rs:235)
170.659415 [INFO ] NMEA $GLGSV,2,1,08,87,66,177,,76,63,067,20,77,44,334,,75,17,115,*62 (pico_gnss pico-gnss-rs/src/main.rs:235)
170.717946 [INFO ] NMEA $GLGSV,2,2,08,67,06,280,,68,05,326,,85,04,027,,88,04,203,*65 (pico_gnss pico-gnss-rs/src/main.rs:235)
170.809558 [INFO ] NMEA $GNRMC,190443.000,A,0000.0000,N,00000.0000,E,0.43,194.35,070626,,,A*78 (pico_gnss pico-gnss-rs/src/main.rs:235)
170.811754 [INFO ] SYNC pps_local_us=170078751 unix_s=1780859083 drift_us=2 (pico_gnss pico-gnss-rs/src/main.rs:251)
170.839266 [INFO ] NMEA $GPVTG,194.35,T,,M,0.43,N,0.80,K,A*38 (pico_gnss pico-gnss-rs/src/main.rs:235)
170.868598 [INFO ] NMEA $GPZDA,190443.000,07,06,2026,,*5A (pico_gnss pico-gnss-rs/src/main.rs:235)
171.079198 [INFO ] PPS count=173 interval_us=1000002 interval_ns=1000002624 state=Locked missed=0 (pico_gnss pico-gnss-rs/src/main.rs:131)
171.191587 [INFO ] NMEA $GPGGA,190444.000,0000.0000,N,00000.0000,E,1,5,3.39,33.1,M,39.0,M,,*61 (pico_gnss pico-gnss-rs/src/main.rs:235)
171.241219 [INFO ] TIME unix_ns=1780859084161893972 ppb=2607 holdover_ms=1161 locked=1 (pico_gnss pico-gnss-rs/src/main.rs:149)
171.257221 [INFO ] NMEA $GNGLL,0000.0000,N,00000.0000,E,190444.000,A,A*4D (pico_gnss pico-gnss-rs/src/main.rs:235)
171.286761 [INFO ] NMEA $GNGSA,A,3,18,26,31,16,,,,,,,,,3.51,3.39,0.88*1A (pico_gnss pico-gnss-rs/src/main.rs:235)
171.344987 [INFO ] NMEA $GNGSA,A,3,76,,,,,,,,,,,,3.51,3.39,0.88*13 (pico_gnss pico-gnss-rs/src/main.rs:235)
171.403640 [INFO ] NMEA $GPGSV,4,1,15,27,76,342,21,16,61,057,26,08,52,262,14,26,40,097,22*7E (pico_gnss pico-gnss-rs/src/main.rs:235)
171.490997 [INFO ] NMEA $GPGSV,4,2,15,31,23,156,20,02,21,192,,07,21,316,,04,18,242,*7A (pico_gnss pico-gnss-rs/src/main.rs:235)
171.553733 [INFO ] NMEA $GPGSV,4,3,15,18,16,041,24,09,16,275,,23,05,079,20,10,02,110,18*7B (pico_gnss pico-gnss-rs/src/main.rs:235)
171.583229 [INFO ] NMEA $GPGSV,4,4,15,193,,,,194,,,,195,,,*47 (pico_gnss pico-gnss-rs/src/main.rs:235)
171.670496 [INFO ] NMEA $GLGSV,2,1,08,87,66,177,,76,63,067,20,77,44,334,,75,17,115,*62 (pico_gnss pico-gnss-rs/src/main.rs:235)
171.729098 [INFO ] NMEA $GLGSV,2,2,08,67,06,280,,68,05,326,,85,04,027,,88,04,203,*65 (pico_gnss pico-gnss-rs/src/main.rs:235)
171.791899 [INFO ] NMEA $GNRMC,190444.000,A,0000.0000,N,00000.0000,E,0.77,271.53,070626,,,A*7D (pico_gnss pico-gnss-rs/src/main.rs:235)
171.794093 [INFO ] SYNC pps_local_us=171078750 unix_s=1780859084 drift_us=2 (pico_gnss pico-gnss-rs/src/main.rs:251)
171.850114 [INFO ] NMEA $GPVTG,271.53,T,,M,0.77,N,1.42,K,A*38 (pico_gnss pico-gnss-rs/src/main.rs:235)
171.869311 [INFO ] NMEA $GPZDA,190444.000,07,06,2026,,*5D (pico_gnss pico-gnss-rs/src/main.rs:235)
172.079217 [INFO ] PPS count=174 interval_us=1000002 interval_ns=1000002624 state=Locked missed=0 (pico_gnss pico-gnss-rs/src/main.rs:131)
172.190630 [INFO ] NMEA $GPGGA,190445.000,0000.0000,N,00000.0000,E,1,5,3.39,33.0,M,39.0,M,,*62 (pico_gnss pico-gnss-rs/src/main.rs:235)
172.242596 [INFO ] TIME unix_ns=1780859085163271967 ppb=2607 holdover_ms=1163 locked=1 (pico_gnss pico-gnss-rs/src/main.rs:149)
172.249302 [INFO ] NMEA $GNGLL,0000.0000,N,00000.0000,E,190445.000,A,A*4F (pico_gnss pico-gnss-rs/src/main.rs:235)
172.296041 [INFO ] NMEA $GNGSA,A,3,18,26,31,16,,,,,,,,,3.51,3.39,0.88*1A (pico_gnss pico-gnss-rs/src/main.rs:235)
172.354346 [INFO ] NMEA $GNGSA,A,3,76,,,,,,,,,,,,3.51,3.39,0.88*13 (pico_gnss pico-gnss-rs/src/main.rs:235)
172.412985 [INFO ] NMEA $GPGSV,4,1,15,27,76,342,21,16,61,057,26,08,52,262,15,26,40,097,21*7C (pico_gnss pico-gnss-rs/src/main.rs:235)
172.471588 [INFO ] NMEA $GPGSV,4,2,15,31,23,156,20,02,21,192,,07,21,316,,04,18,242,*7A (pico_gnss pico-gnss-rs/src/main.rs:235)
172.563067 [INFO ] NMEA $GPGSV,4,3,15,18,16,041,24,09,16,275,,23,05,079,20,10,02,110,19*7A (pico_gnss pico-gnss-rs/src/main.rs:235)
172.592571 [INFO ] NMEA $GPGSV,4,4,15,193,,,,194,,,,195,,,*47 (pico_gnss pico-gnss-rs/src/main.rs:235)
172.651071 [INFO ] NMEA $GLGSV,2,1,08,87,66,177,,76,63,067,20,77,44,334,,75,17,115,*62 (pico_gnss pico-gnss-rs/src/main.rs:235)
172.738413 [INFO ] NMEA $GLGSV,2,2,08,67,06,280,,68,05,326,,85,04,027,,88,04,203,*65 (pico_gnss pico-gnss-rs/src/main.rs:235)
172.797117 [INFO ] NMEA $GNRMC,190445.000,A,0000.0000,N,00000.0000,E,0.44,271.53,070626,,,A*7F (pico_gnss pico-gnss-rs/src/main.rs:235)
172.799314 [INFO ] SYNC pps_local_us=172078756 unix_s=1780859085 drift_us=2 (pico_gnss pico-gnss-rs/src/main.rs:251)
172.830705 [INFO ] NMEA $GPVTG,271.53,T,,M,0.44,N,0.81,K,A*36 (pico_gnss pico-gnss-rs/src/main.rs:235)
172.868006 [INFO ] NMEA $GPZDA,190445.000,07,06,2026,,*5C (pico_gnss pico-gnss-rs/src/main.rs:235)
173.079205 [INFO ] PPS count=175 interval_us=1000002 interval_ns=1000002608 state=Locked missed=0 (pico_gnss pico-gnss-rs/src/main.rs:131)
173.181796 [INFO ] NMEA $GPGGA,190446.000,0000.0000,N,00000.0000,E,1,5,3.39,33.0,M,39.0,M,,*69 (pico_gnss pico-gnss-rs/src/main.rs:235)
173.240122 [INFO ] NMEA $GNGLL,0000.0000,N,00000.0000,E,190446.000,A,A*44 (pico_gnss pico-gnss-rs/src/main.rs:235)
173.243950 [INFO ] TIME unix_ns=1780859086164644964 ppb=2607 holdover_ms=1164 locked=1 (pico_gnss pico-gnss-rs/src/main.rs:149)
173.298612 [INFO ] NMEA $GNGSA,A,3,18,26,31,16,,,,,,,,,3.50,3.39,0.88*1B (pico_gnss pico-gnss-rs/src/main.rs:235)
173.327021 [INFO ] NMEA $GNGSA,A,3,76,,,,,,,,,,,,3.50,3.39,0.88*12 (pico_gnss pico-gnss-rs/src/main.rs:235)
173.414396 [INFO ] NMEA $GPGSV,4,1,15,27,76,342,21,16,61,057,26,08,52,262,15,26,40,097,21*7C (pico_gnss pico-gnss-rs/src/main.rs:235)
173.472966 [INFO ] NMEA $GPGSV,4,2,15,31,23,156,20,02,21,192,,07,21,316,,04,18,242,*7A (pico_gnss pico-gnss-rs/src/main.rs:235)
173.531626 [INFO ] NMEA $GPGSV,4,3,15,18,16,041,24,09,16,275,,23,05,079,20,10,02,110,19*7A (pico_gnss pico-gnss-rs/src/main.rs:235)
173.593906 [INFO ] NMEA $GPGSV,4,4,15,193,,,,194,,,,195,,,*47 (pico_gnss pico-gnss-rs/src/main.rs:235)
173.652505 [INFO ] NMEA $GLGSV,2,1,08,87,66,177,,76,63,067,20,77,44,334,,75,17,115,*62 (pico_gnss pico-gnss-rs/src/main.rs:235)
173.711036 [INFO ] NMEA $GLGSV,2,2,08,67,06,279,,68,05,326,,85,04,027,,88,04,203,*63 (pico_gnss pico-gnss-rs/src/main.rs:235)
173.798635 [INFO ] NMEA $GNRMC,190446.000,A,0000.0000,N,00000.0000,E,1.21,100.87,070626,,,A*7A (pico_gnss pico-gnss-rs/src/main.rs:235)
173.800820 [INFO ] SYNC pps_local_us=173078746 unix_s=1780859086 drift_us=2 (pico_gnss pico-gnss-rs/src/main.rs:251)
173.828273 [INFO ] NMEA $GPVTG,100.87,T,,M,1.21,N,2.24,K,A*35 (pico_gnss pico-gnss-rs/src/main.rs:235)
173.859980 [INFO ] NMEA $GPZDA,190446.000,07,06,2026,,*5F (pico_gnss pico-gnss-rs/src/main.rs:235)
174.079214 [INFO ] PPS count=176 interval_us=1000002 interval_ns=1000002624 state=Locked missed=0 (pico_gnss pico-gnss-rs/src/main.rs:131)
174.186738 [INFO ] NMEA $GPGGA,190447.000,0000.0000,N,00000.0000,E,1,5,3.39,33.0,M,39.0,M,,*62 (pico_gnss pico-gnss-rs/src/main.rs:235)
174.245402 [INFO ] TIME unix_ns=1780859087166073960 ppb=2608 holdover_ms=1166 locked=1 (pico_gnss pico-gnss-rs/src/main.rs:149)
174.246875 [INFO ] NMEA $GNGLL,0000.0000,N,00000.0000,E,190447.000,A,A*4F (pico_gnss pico-gnss-rs/src/main.rs:235)
174.303463 [INFO ] NMEA $GNGSA,A,3,18,26,31,16,,,,,,,,,3.51,3.39,0.88*1A (pico_gnss pico-gnss-rs/src/main.rs:235)
174.332969 [INFO ] NMEA $GNGSA,A,3,76,,,,,,,,,,,,3.51,3.39,0.88*13 (pico_gnss pico-gnss-rs/src/main.rs:235)
174.400843 [INFO ] NMEA $GPGSV,4,1,15,27,76,342,21,16,61,057,26,08,52,262,14,26,40,097,21*7D (pico_gnss pico-gnss-rs/src/main.rs:235)
174.488201 [INFO ] NMEA $GPGSV,4,2,15,31,23,156,20,02,21,192,,07,21,316,,04,18,242,*7A (pico_gnss pico-gnss-rs/src/main.rs:235)
174.546815 [INFO ] NMEA $GPGSV,4,3,15,18,16,041,24,09,16,275,,23,05,079,20,10,02,110,19*7A (pico_gnss pico-gnss-rs/src/main.rs:235)
174.576331 [INFO ] NMEA $GPGSV,4,4,15,193,,,,194,,,,195,,,*47 (pico_gnss pico-gnss-rs/src/main.rs:235)
174.667751 [INFO ] NMEA $GLGSV,2,1,08,87,66,177,,76,63,067,20,77,44,334,,75,17,115,*62 (pico_gnss pico-gnss-rs/src/main.rs:235)
174.726254 [INFO ] NMEA $GLGSV,2,2,08,67,06,279,,68,05,325,,85,04,027,,88,04,203,*60 (pico_gnss pico-gnss-rs/src/main.rs:235)
174.784981 [INFO ] NMEA $GNRMC,190447.000,A,0000.0000,N,00000.0000,E,0.95,48.06,070626,,,A*4B (pico_gnss pico-gnss-rs/src/main.rs:235)
174.787157 [INFO ] SYNC pps_local_us=174078762 unix_s=1780859087 drift_us=2 (pico_gnss pico-gnss-rs/src/main.rs:251)
174.843179 [INFO ] NMEA $GPVTG,48.06,T,,M,0.95,N,1.76,K,A*0B (pico_gnss pico-gnss-rs/src/main.rs:235)
174.862281 [INFO ] NMEA $GPZDA,190447.000,07,06,2026,,*5E (pico_gnss pico-gnss-rs/src/main.rs:235)
175.079227 [INFO ] PPS count=177 interval_us=1000002 interval_ns=1000002608 state=Locked missed=0 (pico_gnss pico-gnss-rs/src/main.rs:131)
175.176258 [INFO ] NMEA $GPGGA,190448.000,0000.0000,N,00000.0000,E,1,5,3.39,33.0,M,39.0,M,,*6A (pico_gnss pico-gnss-rs/src/main.rs:235)
175.234654 [INFO ] NMEA $GNGLL,0000.0000,N,00000.0000,E,190448.000,A,A*47 (pico_gnss pico-gnss-rs/src/main.rs:235)
175.246762 [INFO ] TIME unix_ns=1780859088167449956 ppb=2608 holdover_ms=1167 locked=1 (pico_gnss pico-gnss-rs/src/main.rs:149)
175.293049 [INFO ] NMEA $GNGSA,A,3,18,26,31,16,,,,,,,,,3.50,3.39,0.88*1B (pico_gnss pico-gnss-rs/src/main.rs:235)
175.351285 [INFO ] NMEA $GNGSA,A,3,76,,,,,,,,,,,,3.50,3.39,0.88*12 (pico_gnss pico-gnss-rs/src/main.rs:235)
175.414007 [INFO ] NMEA $GPGSV,4,1,15,27,76,342,21,16,61,057,26,08,52,262,15,26,40,097,21*7C (pico_gnss pico-gnss-rs/src/main.rs:235)
175.472618 [INFO ] NMEA $GPGSV,4,2,15,31,23,156,21,02,21,192,,07,21,316,,04,18,242,*7B (pico_gnss pico-gnss-rs/src/main.rs:235)
175.560020 [INFO ] NMEA $GPGSV,4,3,15,18,16,041,24,09,16,275,,23,05,079,20,10,02,110,19*7A (pico_gnss pico-gnss-rs/src/main.rs:235)
175.589536 [INFO ] NMEA $GPGSV,4,4,15,193,,,,194,,,,195,,,*47 (pico_gnss pico-gnss-rs/src/main.rs:235)
175.648002 [INFO ] NMEA $GLGSV,2,1,08,87,66,177,,76,63,067,20,77,44,334,,75,17,115,*62 (pico_gnss pico-gnss-rs/src/main.rs:235)
175.710675 [INFO ] NMEA $GLGSV,2,2,08,67,06,279,,68,05,325,,85,04,027,,88,04,203,*60 (pico_gnss pico-gnss-rs/src/main.rs:235)
175.798129 [INFO ] NMEA $GNRMC,190448.000,A,0000.0000,N,00000.0000,E,0.76,34.01,070626,,,A*42 (pico_gnss pico-gnss-rs/src/main.rs:235)
175.800291 [INFO ] SYNC pps_local_us=175078763 unix_s=1780859088 drift_us=2 (pico_gnss pico-gnss-rs/src/main.rs:251)
175.827830 [INFO ] NMEA $GPVTG,34.01,T,,M,0.76,N,1.40,K,A*0F (pico_gnss pico-gnss-rs/src/main.rs:235)
175.862833 [INFO ] NMEA $GPZDA,190448.000,07,06,2026,,*51 (pico_gnss pico-gnss-rs/src/main.rs:235)
176.079225 [INFO ] PPS count=178 interval_us=1000002 interval_ns=1000002624 state=Locked missed=0 (pico_gnss pico-gnss-rs/src/main.rs:131)
176.205532 [INFO ] NMEA $GPGGA,190449.000,0000.0000,N,00000.0000,E,1,5,3.39,33.0,M,39.0,M,,*63 (pico_gnss pico-gnss-rs/src/main.rs:235)
176.248148 [INFO ] TIME unix_ns=1780859089168802952 ppb=2608 holdover_ms=1168 locked=1 (pico_gnss pico-gnss-rs/src/main.rs:149)
176.264180 [INFO ] NMEA $GNGLL,0000.0000,N,00000.0000,E,190449.000,A,A*4E (pico_gnss pico-gnss-rs/src/main.rs:235)
176.322270 [INFO ] NMEA $GNGSA,A,3,18,26,31,16,,,,,,,,,3.50,3.39,0.88*1B (pico_gnss pico-gnss-rs/src/main.rs:235)
176.351825 [INFO ] NMEA $GNGSA,A,3,76,,,,,,,,,,,,3.50,3.39,0.88*12 (pico_gnss pico-gnss-rs/src/main.rs:235)
176.439172 [INFO ] NMEA $GPGSV,4,1,15,27,76,342,21,16,61,057,26,08,52,262,14,26,40,097,21*7D (pico_gnss pico-gnss-rs/src/main.rs:235)
176.501896 [INFO ] NMEA $GPGSV,4,2,15,31,23,156,21,02,21,192,,07,21,316,,04,18,242,*7B (pico_gnss pico-gnss-rs/src/main.rs:235)
176.560523 [INFO ] NMEA $GPGSV,4,3,15,18,16,041,23,09,16,275,,23,05,079,20,10,02,110,19*7D (pico_gnss pico-gnss-rs/src/main.rs:235)
176.618727 [INFO ] NMEA $GPGSV,4,4,15,193,,,,194,,,,195,,,*47 (pico_gnss pico-gnss-rs/src/main.rs:235)
176.677295 [INFO ] NMEA $GLGSV,2,1,08,87,66,177,,76,63,067,19,77,44,334,,75,17,115,*68 (pico_gnss pico-gnss-rs/src/main.rs:235)
176.739952 [INFO ] NMEA $GLGSV,2,2,08,67,06,279,,68,05,325,,85,04,027,,88,04,203,*60 (pico_gnss pico-gnss-rs/src/main.rs:235)
176.827389 [INFO ] NMEA $GNRMC,190449.000,A,0000.0000,N,00000.0000,E,0.37,34.01,070626,,,A*4E (pico_gnss pico-gnss-rs/src/main.rs:235)
176.829576 [INFO ] SYNC pps_local_us=176078750 unix_s=1780859089 drift_us=2 (pico_gnss pico-gnss-rs/src/main.rs:251)
176.857062 [INFO ] NMEA $GPVTG,34.01,T,,M,0.37,N,0.69,K,A*00 (pico_gnss pico-gnss-rs/src/main.rs:235)
176.880148 [INFO ] NMEA $GPZDA,190449.000,07,06,2026,,*50 (pico_gnss pico-gnss-rs/src/main.rs:235)
177.079227 [INFO ] PPS count=179 interval_us=1000002 interval_ns=1000002624 state=Locked missed=0 (pico_gnss pico-gnss-rs/src/main.rs:131)
177.191852 [INFO ] NMEA $GPGGA,190450.000,0000.0000,N,00000.0000,E,1,5,3.39,33.0,M,39.0,M,,*69 (pico_gnss pico-gnss-rs/src/main.rs:235)
177.234772 [INFO ] NMEA $GNGLL,0000.0000,N,00000.0000,E,190450.000,A,A*44 (pico_gnss pico-gnss-rs/src/main.rs:235)
177.249501 [INFO ] TIME unix_ns=1780859090170206948 ppb=2609 holdover_ms=1170 locked=1 (pico_gnss pico-gnss-rs/src/main.rs:149)
177.293212 [INFO ] NMEA $GNGSA,A,3,18,26,31,16,,,,,,,,,3.50,3.39,0.88*1B (pico_gnss pico-gnss-rs/src/main.rs:235)
177.351406 [INFO ] NMEA $GNGSA,A,3,76,,,,,,,,,,,,3.50,3.39,0.88*12 (pico_gnss pico-gnss-rs/src/main.rs:235)
177.410082 [INFO ] NMEA $GPGSV,4,1,15,27,76,342,21,16,61,057,26,08,52,262,14,26,40,097,21*7D (pico_gnss pico-gnss-rs/src/main.rs:235)
177.497328 [INFO ] NMEA $GPGSV,4,2,15,31,23,156,22,02,21,192,,07,21,316,,04,18,242,*78 (pico_gnss pico-gnss-rs/src/main.rs:235)
177.560170 [INFO ] NMEA $GPGSV,4,3,15,18,16,041,23,09,16,275,,23,05,079,20,10,02,110,19*7D (pico_gnss pico-gnss-rs/src/main.rs:235)
177.589671 [INFO ] NMEA $GPGSV,4,4,15,193,,,,194,,,,195,,,*47 (pico_gnss pico-gnss-rs/src/main.rs:235)
177.648158 [INFO ] NMEA $GLGSV,2,1,08,87,66,177,,76,63,067,19,77,44,334,,75,17,115,*68 (pico_gnss pico-gnss-rs/src/main.rs:235)
177.735498 [INFO ] NMEA $GLGSV,2,2,08,67,06,279,,68,05,325,,85,04,027,20,88,04,203,*62 (pico_gnss pico-gnss-rs/src/main.rs:235)
177.798369 [INFO ] NMEA $GNRMC,190450.000,A,0000.0000,N,00000.0000,E,0.58,34.01,070626,,,A*4D (pico_gnss pico-gnss-rs/src/main.rs:235)
177.800528 [INFO ] SYNC pps_local_us=177078767 unix_s=1780859090 drift_us=2 (pico_gnss pico-gnss-rs/src/main.rs:251)
177.856600 [INFO ] NMEA $GPVTG,34.01,T,,M,0.58,N,1.07,K,A*00 (pico_gnss pico-gnss-rs/src/main.rs:235)
177.869406 [INFO ] NMEA $GPZDA,190450.000,07,06,2026,,*58 (pico_gnss pico-gnss-rs/src/main.rs:235)
178.079219 [INFO ] PPS count=180 interval_us=1000002 interval_ns=1000002640 state=Locked missed=0 (pico_gnss pico-gnss-rs/src/main.rs:131)
178.181791 [INFO ] NMEA $GPGGA,190451.000,0000.0000,N,00000.0000,E,1,5,3.39,33.0,M,39.0,M,,*69 (pico_gnss pico-gnss-rs/src/main.rs:235)
178.240117 [INFO ] NMEA $GNGLL,0000.0000,N,00000.0000,E,190451.000,A,A*44 (pico_gnss pico-gnss-rs/src/main.rs:235)
178.250847 [INFO ] TIME unix_ns=1780859091171534943 ppb=2610 holdover_ms=1171 locked=1 (pico_gnss pico-gnss-rs/src/main.rs:149)
178.293400 [INFO ] NMEA $GNGSA,A,3,18,26,31,16,,,,,,,,,3.51,3.39,0.88*1A (pico_gnss pico-gnss-rs/src/main.rs:235)
178.322915 [INFO ] NMEA $GNGSA,A,3,76,,,,,,,,,,,,3.51,3.39,0.88*13 (pico_gnss pico-gnss-rs/src/main.rs:235)
178.410244 [INFO ] NMEA $GPGSV,4,1,15,27,76,342,21,16,61,057,26,08,52,262,14,26,40,097,21*7D (pico_gnss pico-gnss-rs/src/main.rs:235)
178.468844 [INFO ] NMEA $GPGSV,4,2,15,31,23,156,22,02,21,192,,07,21,316,,04,18,242,*78 (pico_gnss pico-gnss-rs/src/main.rs:235)
178.531617 [INFO ] NMEA $GPGSV,4,3,15,18,16,041,23,09,16,275,,23,05,079,19,10,02,110,19*77 (pico_gnss pico-gnss-rs/src/main.rs:235)
178.589800 [INFO ] NMEA $GPGSV,4,4,15,193,,,,194,,,,195,,,*47 (pico_gnss pico-gnss-rs/src/main.rs:235)
178.648394 [INFO ] NMEA $GLGSV,2,1,08,87,66,177,,76,63,067,19,77,44,334,,75,17,115,*68 (pico_gnss pico-gnss-rs/src/main.rs:235)
178.706945 [INFO ] NMEA $GLGSV,2,2,08,67,06,279,,68,05,325,,85,04,027,20,88,04,203,*62 (pico_gnss pico-gnss-rs/src/main.rs:235)
178.798550 [INFO ] NMEA $GNRMC,190451.000,A,0000.0000,N,00000.0000,E,0.31,34.01,070626,,,A*42 (pico_gnss pico-gnss-rs/src/main.rs:235)
178.800723 [INFO ] SYNC pps_local_us=178078763 unix_s=1780859091 drift_us=2 (pico_gnss pico-gnss-rs/src/main.rs:251)
178.828162 [INFO ] NMEA $GPVTG,34.01,T,,M,0.31,N,0.58,K,A*04 (pico_gnss pico-gnss-rs/src/main.rs:235)
178.859667 [INFO ] NMEA $GPZDA,190451.000,07,06,2026,,*59 (pico_gnss pico-gnss-rs/src/main.rs:235)
179.079238 [INFO ] PPS count=181 interval_us=1000002 interval_ns=1000002608 state=Locked missed=0 (pico_gnss pico-gnss-rs/src/main.rs:131)
179.191564 [INFO ] NMEA $GPGGA,190452.000,0000.0000,N,00000.0000,E,1,5,3.40,33.1,M,39.0,M,,*67 (pico_gnss pico-gnss-rs/src/main.rs:235)
179.249895 [INFO ] NMEA $GNGLL,0000.0000,N,00000.0000,E,190452.000,A,A*45 (pico_gnss pico-gnss-rs/src/main.rs:235)
179.252219 [INFO ] TIME unix_ns=1780859092172900939 ppb=2610 holdover_ms=1172 locked=1 (pico_gnss pico-gnss-rs/src/main.rs:149)
179.308253 [INFO ] NMEA $GNGSA,A,3,18,26,31,16,,,,,,,,,3.51,3.40,0.88*14 (pico_gnss pico-gnss-rs/src/main.rs:235)
179.342885 [INFO ] NMEA $GNGSA,A,3,76,,,,,,,,,,,,3.51,3.40,0.88*1D (pico_gnss pico-gnss-rs/src/main.rs:235)
179.430312 [INFO ] NMEA $GPGSV,4,1,15,27,76,342,21,16,61,057,26,08,52,262,15,26,40,097,21*7C (pico_gnss pico-gnss-rs/src/main.rs:235)
179.488921 [INFO ] NMEA $GPGSV,4,2,15,31,23,156,22,02,21,192,,07,21,316,,04,18,242,*78 (pico_gnss pico-gnss-rs/src/main.rs:235)
179.547564 [INFO ] NMEA $GPGSV,4,3,15,18,16,041,23,09,16,275,,23,05,079,18,10,02,110,19*76 (pico_gnss pico-gnss-rs/src/main.rs:235)
179.581052 [INFO ] NMEA $GPGSV,4,4,15,193,,,,194,,,,195,,,*47 (pico_gnss pico-gnss-rs/src/main.rs:235)
179.668417 [INFO ] NMEA $GLGSV,2,1,08,87,66,177,,76,63,067,19,77,44,334,,75,17,115,*68 (pico_gnss pico-gnss-rs/src/main.rs:235)
179.727002 [INFO ] NMEA $GLGSV,2,2,08,67,06,279,,68,05,325,,85,04,027,19,88,04,203,*68 (pico_gnss pico-gnss-rs/src/main.rs:235)
179.814464 [INFO ] NMEA $GNRMC,190452.000,A,0000.0000,N,00000.0000,E,0.51,34.01,070626,,,A*45 (pico_gnss pico-gnss-rs/src/main.rs:235)
179.816644 [INFO ] SYNC pps_local_us=179078780 unix_s=1780859092 drift_us=2 (pico_gnss pico-gnss-rs/src/main.rs:251)
179.848075 [INFO ] NMEA $GPVTG,34.01,T,,M,0.51,N,0.95,K,A*03 (pico_gnss pico-gnss-rs/src/main.rs:235)
179.869238 [INFO ] NMEA $GPZDA,190452.000,07,06,2026,,*5A (pico_gnss pico-gnss-rs/src/main.rs:235)
180.079230 [INFO ] PPS count=182 interval_us=1000002 interval_ns=1000002624 state=Locked missed=0 (pico_gnss pico-gnss-rs/src/main.rs:131)
180.194710 [INFO ] NMEA $GPGGA,190453.000,0000.0000,N,00000.0000,E,1,5,3.39,33.1,M,39.0,M,,*6E (pico_gnss pico-gnss-rs/src/main.rs:235)
180.253290 [INFO ] NMEA $GNGLL,0000.0000,N,00000.0000,E,190453.000,A,A*42 (pico_gnss pico-gnss-rs/src/main.rs:235)
180.255256 [INFO ] TIME unix_ns=1780859093175939931 ppb=2610 holdover_ms=1175 locked=1 (pico_gnss pico-gnss-rs/src/main.rs:149)
180.311494 [INFO ] NMEA $GNGSA,A,3,18,26,31,16,,,,,,,,,3.51,3.39,0.88*1A (pico_gnss pico-gnss-rs/src/main.rs:235)
180.356303 [INFO ] NMEA $GNGSA,A,3,76,,,,,,,,,,,,3.51,3.39,0.88*13 (pico_gnss pico-gnss-rs/src/main.rs:235)
180.414975 [INFO ] NMEA $GPGSV,4,1,15,27,76,342,21,16,61,057,26,08,52,262,15,26,40,097,21*7C (pico_gnss pico-gnss-rs/src/main.rs:235)
180.473531 [INFO ] NMEA $GPGSV,4,2,15,31,23,156,22,02,21,192,,07,21,316,,04,18,242,*78 (pico_gnss pico-gnss-rs/src/main.rs:235)
180.560968 [INFO ] NMEA $GPGSV,4,3,15,18,16,041,23,09,16,275,,23,05,079,18,10,02,110,19*76 (pico_gnss pico-gnss-rs/src/main.rs:235)
180.590428 [INFO ] NMEA $GPGSV,4,4,15,193,,,,194,,,,195,,,*47 (pico_gnss pico-gnss-rs/src/main.rs:235)
180.653056 [INFO ] NMEA $GLGSV,2,1,08,87,66,177,,76,63,067,19,77,44,334,,75,17,115,*68 (pico_gnss pico-gnss-rs/src/main.rs:235)
180.740403 [INFO ] NMEA $GLGSV,2,2,08,67,06,279,,68,05,325,,85,04,027,17,88,04,203,*66 (pico_gnss pico-gnss-rs/src/main.rs:235)
180.799132 [INFO ] NMEA $GNRMC,190453.000,A,0000.0000,N,00000.0000,E,0.34,34.01,070626,,,A*41 (pico_gnss pico-gnss-rs/src/main.rs:235)
180.801313 [INFO ] SYNC pps_local_us=180078777 unix_s=1780859093 drift_us=2 (pico_gnss pico-gnss-rs/src/main.rs:251)
180.857333 [INFO ] NMEA $GPVTG,34.01,T,,M,0.34,N,0.63,K,A*09 (pico_gnss pico-gnss-rs/src/main.rs:235)
180.872477 [INFO ] NMEA $GPZDA,190453.000,07,06,2026,,*5B (pico_gnss pico-gnss-rs/src/main.rs:235)
181.079243 [INFO ] PPS count=183 interval_us=1000002 interval_ns=1000002640 state=Locked missed=0 (pico_gnss pico-gnss-rs/src/main.rs:131)
181.200747 [INFO ] NMEA $GPGGA,190454.000,0000.0000,N,00000.0000,E,1,5,3.39,33.1,M,39.0,M,,*6C (pico_gnss pico-gnss-rs/src/main.rs:235)
181.256649 [INFO ] TIME unix_ns=1780859094177289926 ppb=2611 holdover_ms=1177 locked=1 (pico_gnss pico-gnss-rs/src/main.rs:149)
181.259402 [INFO ] NMEA $GNGLL,0000.0000,N,00000.0000,E,190454.000,A,A*40 (pico_gnss pico-gnss-rs/src/main.rs:235)
181.317479 [INFO ] NMEA $GNGSA,A,3,18,26,31,16,,,,,,,,,3.51,3.39,0.88*1A (pico_gnss pico-gnss-rs/src/main.rs:235)
181.346978 [INFO ] NMEA $GNGSA,A,3,76,,,,,,,,,,,,3.51,3.39,0.88*13 (pico_gnss pico-gnss-rs/src/main.rs:235)
181.431300 [INFO ] NMEA $GPGSV,4,1,15,27,76,342,21,16,61,057,26,08,52,262,15,26,40,097,21*7C (pico_gnss pico-gnss-rs/src/main.rs:235)
181.489860 [INFO ] NMEA $GPGSV,4,2,15,31,23,156,22,02,21,192,,07,21,316,,04,18,242,*78 (pico_gnss pico-gnss-rs/src/main.rs:235)
181.577254 [INFO ] NMEA $GPGSV,4,3,15,18,16,041,23,09,16,275,,23,05,079,17,10,02,110,18*78 (pico_gnss pico-gnss-rs/src/main.rs:235)
181.606770 [INFO ] NMEA $GPGSV,4,4,15,193,,,,194,,,,195,,,*47 (pico_gnss pico-gnss-rs/src/main.rs:235)
181.669380 [INFO ] NMEA $GLGSV,2,1,08,87,66,177,,76,63,067,19,77,44,334,,75,17,116,*6B (pico_gnss pico-gnss-rs/src/main.rs:235)
181.727945 [INFO ] NMEA $GLGSV,2,2,08,67,06,279,,68,05,325,,85,04,027,17,88,04,203,*66 (pico_gnss pico-gnss-rs/src/main.rs:235)
181.815453 [INFO ] NMEA $GNRMC,190454.000,A,0000.0000,N,00000.0000,E,0.35,34.01,070626,,,A*42 (pico_gnss pico-gnss-rs/src/main.rs:235)
181.817636 [INFO ] SYNC pps_local_us=181078778 unix_s=1780859094 drift_us=2 (pico_gnss pico-gnss-rs/src/main.rs:251)
181.845075 [INFO ] NMEA $GPVTG,34.01,T,,M,0.35,N,0.65,K,A*0E (pico_gnss pico-gnss-rs/src/main.rs:235)
181.874271 [INFO ] NMEA $GPZDA,190454.000,07,06,2026,,*5C (pico_gnss pico-gnss-rs/src/main.rs:235)
182.079248 [INFO ] PPS count=184 interval_us=1000002 interval_ns=1000002624 state=Locked missed=0 (pico_gnss pico-gnss-rs/src/main.rs:131)
182.195539 [INFO ] NMEA $GPGGA,190455.000,0000.0000,N,00000.0000,E,1,5,3.39,33.1,M,39.0,M,,*68 (pico_gnss pico-gnss-rs/src/main.rs:235)
182.253881 [INFO ] NMEA $GNGLL,0000.0000,N,00000.0000,E,190455.000,A,A*44 (pico_gnss pico-gnss-rs/src/main.rs:235)
182.258002 [INFO ] TIME unix_ns=1780859095178677922 ppb=2612 holdover_ms=1178 locked=1 (pico_gnss pico-gnss-rs/src/main.rs:149)
182.312333 [INFO ] NMEA $GNGSA,A,3,18,26,31,16,,,,,,,,,3.51,3.39,0.88*1A (pico_gnss pico-gnss-rs/src/main.rs:235)
182.341846 [INFO ] NMEA $GNGSA,A,3,76,,,,,,,,,,,,3.51,3.39,0.88*13 (pico_gnss pico-gnss-rs/src/main.rs:235)
182.429114 [INFO ] NMEA $GPGSV,4,1,15,27,76,342,21,16,61,057,26,08,52,262,15,26,40,097,21*7C (pico_gnss pico-gnss-rs/src/main.rs:235)
182.491940 [INFO ] NMEA $GPGSV,4,2,15,31,23,156,22,02,21,192,,07,21,316,,04,18,242,*78 (pico_gnss pico-gnss-rs/src/main.rs:235)
182.550572 [INFO ] NMEA $GPGSV,4,3,15,18,16,041,23,09,16,275,,23,05,079,18,10,02,110,18*77 (pico_gnss pico-gnss-rs/src/main.rs:235)
182.608780 [INFO ] NMEA $GPGSV,4,4,15,193,,,,194,,,,195,,,*47 (pico_gnss pico-gnss-rs/src/main.rs:235)
182.667352 [INFO ] NMEA $GLGSV,2,1,08,87,66,177,,76,63,069,18,77,44,334,,75,17,116,*64 (pico_gnss pico-gnss-rs/src/main.rs:235)
182.730042 [INFO ] NMEA $GLGSV,2,2,08,67,06,279,,68,05,325,,85,04,027,18,88,04,203,*69 (pico_gnss pico-gnss-rs/src/main.rs:235)
182.817531 [INFO ] NMEA $GNRMC,190455.000,A,0000.0000,N,00000.0000,E,0.62,340.25,070626,,,A*72 (pico_gnss pico-gnss-rs/src/main.rs:235)
182.819711 [INFO ] SYNC pps_local_us=182078760 unix_s=1780859095 drift_us=2 (pico_gnss pico-gnss-rs/src/main.rs:251)
182.847216 [INFO ] NMEA $GPVTG,340.25,T,,M,0.62,N,1.14,K,A*3D (pico_gnss pico-gnss-rs/src/main.rs:235)
182.872389 [INFO ] NMEA $GPZDA,190455.000,07,06,2026,,*5D (pico_gnss pico-gnss-rs/src/main.rs:235)
183.079256 [INFO ] PPS count=185 interval_us=1000002 interval_ns=1000002624 state=Locked missed=0 (pico_gnss pico-gnss-rs/src/main.rs:131)
183.198944 [INFO ] NMEA $GPGGA,190456.000,0000.0000,N,00000.0000,E,1,5,3.40,33.1,M,39.0,M,,*6E (pico_gnss pico-gnss-rs/src/main.rs:235)
183.228607 [INFO ] NMEA $GNGLL,0000.0000,N,00000.0000,E,190456.000,A,A*4C (pico_gnss pico-gnss-rs/src/main.rs:235)
183.259378 [INFO ] TIME unix_ns=1780859096180039918 ppb=2612 holdover_ms=1180 locked=1 (pico_gnss pico-gnss-rs/src/main.rs:149)
183.287216 [INFO ] NMEA $GNGSA,A,3,18,26,31,16,,,,,,,,,3.51,3.40,0.88*14 (pico_gnss pico-gnss-rs/src/main.rs:235)
183.345183 [INFO ] NMEA $GNGSA,A,3,76,,,,,,,,,,,,3.51,3.40,0.88*1D (pico_gnss pico-gnss-rs/src/main.rs:235)
183.403861 [INFO ] NMEA $GPGSV,4,1,15,27,76,342,21,16,61,057,26,08,52,262,15,26,40,097,21*7C (pico_gnss pico-gnss-rs/src/main.rs:235)
183.466520 [INFO ] NMEA $GPGSV,4,2,15,31,23,156,22,02,21,192,,07,21,316,,04,18,242,*78 (pico_gnss pico-gnss-rs/src/main.rs:235)
183.553955 [INFO ] NMEA $GPGSV,4,3,15,18,16,041,23,09,16,275,,23,05,079,18,10,02,110,19*76 (pico_gnss pico-gnss-rs/src/main.rs:235)
183.583431 [INFO ] NMEA $GPGSV,4,4,15,193,,,,194,,,,195,,,*47 (pico_gnss pico-gnss-rs/src/main.rs:235)
183.670734 [INFO ] NMEA $GLGSV,2,1,08,87,66,177,,76,63,069,18,77,45,335,,75,17,116,*64 (pico_gnss pico-gnss-rs/src/main.rs:235)
183.733394 [INFO ] NMEA $GLGSV,2,2,08,67,06,279,,68,05,325,,85,04,027,18,88,04,203,*69 (pico_gnss pico-gnss-rs/src/main.rs:235)
183.792130 [INFO ] NMEA $GNRMC,190456.000,A,0000.0000,N,00000.0000,E,0.92,328.43,070626,,,A*7B (pico_gnss pico-gnss-rs/src/main.rs:235)
183.794313 [INFO ] SYNC pps_local_us=183078789 unix_s=1780859096 drift_us=2 (pico_gnss pico-gnss-rs/src/main.rs:251)
183.850339 [INFO ] NMEA $GPVTG,328.43,T,,M,0.92,N,1.70,K,A*3E (pico_gnss pico-gnss-rs/src/main.rs:235)
183.867342 [INFO ] NMEA $GPZDA,190456.000,07,06,2026,,*5E (pico_gnss pico-gnss-rs/src/main.rs:235)
184.079242 [INFO ] PPS count=186 interval_us=1000002 interval_ns=1000002624 state=Locked missed=0 (pico_gnss pico-gnss-rs/src/main.rs:131)
184.189459 [INFO ] NMEA $GPGGA,190457.000,0000.0000,N,00000.0000,E,1,5,3.39,33.2,M,39.0,M,,*68 (pico_gnss pico-gnss-rs/src/main.rs:235)
184.238559 [INFO ] NMEA $GNGLL,0000.0000,N,00000.0000,E,190457.000,A,A*47 (pico_gnss pico-gnss-rs/src/main.rs:235)
184.260736 [INFO ] TIME unix_ns=1780859097181399914 ppb=2612 holdover_ms=1181 locked=1 (pico_gnss pico-gnss-rs/src/main.rs:149)
184.297063 [INFO ] NMEA $GNGSA,A,3,18,26,31,16,,,,,,,,,3.51,3.39,0.88*1A (pico_gnss pico-gnss-rs/src/main.rs:235)
184.355253 [INFO ] NMEA $GNGSA,A,3,76,,,,,,,,,,,,3.51,3.39,0.88*13 (pico_gnss pico-gnss-rs/src/main.rs:235)
184.413919 [INFO ] NMEA $GPGSV,4,1,15,27,76,342,21,16,61,057,26,08,52,262,16,26,40,097,22*7C (pico_gnss pico-gnss-rs/src/main.rs:235)
184.472518 [INFO ] NMEA $GPGSV,4,2,15,31,23,156,22,02,21,192,,07,21,316,,04,18,242,*78 (pico_gnss pico-gnss-rs/src/main.rs:235)
184.564008 [INFO ] NMEA $GPGSV,4,3,15,18,16,041,23,09,16,275,,23,05,079,18,10,02,110,19*76 (pico_gnss pico-gnss-rs/src/main.rs:235)
184.593520 [INFO ] NMEA $GPGSV,4,4,15,193,,,,194,,,,195,,,*47 (pico_gnss pico-gnss-rs/src/main.rs:235)
184.651993 [INFO ] NMEA $GLGSV,2,1,08,87,66,177,,76,63,069,18,77,45,335,,75,17,116,*64 (pico_gnss pico-gnss-rs/src/main.rs:235)
184.739392 [INFO ] NMEA $GLGSV,2,2,08,67,06,279,,68,05,325,,85,04,027,14,88,04,203,*65 (pico_gnss pico-gnss-rs/src/main.rs:235)
184.802185 [INFO ] NMEA $GNRMC,190457.000,A,0000.0000,N,00000.0000,E,0.53,328.43,070626,,,A*7D (pico_gnss pico-gnss-rs/src/main.rs:235)
184.804365 [INFO ] SYNC pps_local_us=184078784 unix_s=1780859097 drift_us=2 (pico_gnss pico-gnss-rs/src/main.rs:251)
184.831869 [INFO ] NMEA $GPVTG,328.43,T,,M,0.53,N,0.98,K,A*34 (pico_gnss pico-gnss-rs/src/main.rs:235)
184.868981 [INFO ] NMEA $GPZDA,190457.000,07,06,2026,,*5F (pico_gnss pico-gnss-rs/src/main.rs:235)
185.079236 [INFO ] PPS count=187 interval_us=1000002 interval_ns=1000002624 state=Locked missed=0 (pico_gnss pico-gnss-rs/src/main.rs:131)
185.187768 [INFO ] NMEA $GPGGA,190458.000,0000.0000,N,00000.0000,E,1,5,3.39,33.2,M,39.0,M,,*6E (pico_gnss pico-gnss-rs/src/main.rs:235)
185.246077 [INFO ] NMEA $GNGLL,0000.0000,N,00000.0000,E,190458.000,A,A*41 (pico_gnss pico-gnss-rs/src/main.rs:235)
185.262090 [INFO ] TIME unix_ns=1780859098182755910 ppb=2613 holdover_ms=1182 locked=1 (pico_gnss pico-gnss-rs/src/main.rs:149)
185.303496 [INFO ] NMEA $GNGSA,A,3,18,26,31,16,,,,,,,,,3.51,3.39,0.88*1A (pico_gnss pico-gnss-rs/src/main.rs:235)
185.332978 [INFO ] NMEA $GNGSA,A,3,76,,,,,,,,,,,,3.51,3.39,0.88*13 (pico_gnss pico-gnss-rs/src/main.rs:235)
185.420358 [INFO ] NMEA $GPGSV,4,1,15,27,76,342,21,16,61,057,26,08,52,262,16,26,40,097,22*7C (pico_gnss pico-gnss-rs/src/main.rs:235)
185.478923 [INFO ] NMEA $GPGSV,4,2,15,31,23,156,22,02,21,192,,07,21,316,,04,18,242,*78 (pico_gnss pico-gnss-rs/src/main.rs:235)
185.541681 [INFO ] NMEA $GPGSV,4,3,15,18,16,041,22,09,16,275,,23,05,079,18,10,02,110,19*77 (pico_gnss pico-gnss-rs/src/main.rs:235)
185.599877 [INFO ] NMEA $GPGSV,4,4,15,193,,,,194,,,,195,,,*47 (pico_gnss pico-gnss-rs/src/main.rs:235)
185.658468 [INFO ] NMEA $GLGSV,2,1,08,87,66,177,,76,63,069,18,77,45,335,,75,17,116,*64 (pico_gnss pico-gnss-rs/src/main.rs:235)
185.717018 [INFO ] NMEA $GLGSV,2,2,08,67,06,279,,68,05,325,,85,04,027,17,88,04,203,*66 (pico_gnss pico-gnss-rs/src/main.rs:235)
185.808613 [INFO ] NMEA $GNRMC,190458.000,A,0000.0000,N,00000.0000,E,0.99,18.16,070626,,,A*4D (pico_gnss pico-gnss-rs/src/main.rs:235)
185.810777 [INFO ] SYNC pps_local_us=185078780 unix_s=1780859098 drift_us=2 (pico_gnss pico-gnss-rs/src/main.rs:251)
185.838270 [INFO ] NMEA $GPVTG,18.16,T,,M,0.99,N,1.83,K,A*09 (pico_gnss pico-gnss-rs/src/main.rs:235)
185.865545 [INFO ] NMEA $GPZDA,190458.000,07,06,2026,,*50 (pico_gnss pico-gnss-rs/src/main.rs:235)
186.079238 [INFO ] PPS count=188 interval_us=1000002 interval_ns=1000002624 state=Locked missed=0 (pico_gnss pico-gnss-rs/src/main.rs:131)
186.197777 [INFO ] NMEA $GPGGA,190459.000,0000.0000,N,00000.0000,E,1,5,3.39,33.2,M,39.0,M,,*6D (pico_gnss pico-gnss-rs/src/main.rs:235)
186.256134 [INFO ] NMEA $GNGLL,0000.0000,N,00000.0000,E,190459.000,A,A*42 (pico_gnss pico-gnss-rs/src/main.rs:235)
186.263435 [INFO ] TIME unix_ns=1780859099184101906 ppb=2613 holdover_ms=1184 locked=1 (pico_gnss pico-gnss-rs/src/main.rs:149)
186.314499 [INFO ] NMEA $GNGSA,A,3,18,26,31,16,,,,,,,,,3.50,3.39,0.88*1B (pico_gnss pico-gnss-rs/src/main.rs:235)
186.353211 [INFO ] NMEA $GNGSA,A,3,76,,,,,,,,,,,,3.50,3.39,0.88*12 (pico_gnss pico-gnss-rs/src/main.rs:235)
186.411911 [INFO ] NMEA $GPGSV,4,1,15,27,76,342,20,16,61,057,26,08,52,262,15,26,40,097,22*7E (pico_gnss pico-gnss-rs/src/main.rs:235)
186.499232 [INFO ] NMEA $GPGSV,4,2,15,31,23,156,22,02,21,192,,07,21,316,,04,18,242,*78 (pico_gnss pico-gnss-rs/src/main.rs:235)
186.557886 [INFO ] NMEA $GPGSV,4,3,15,18,16,041,22,09,16,275,,23,05,079,18,10,02,110,19*77 (pico_gnss pico-gnss-rs/src/main.rs:235)
186.591390 [INFO ] NMEA $GPGSV,4,4,15,193,,,,194,,,,195,,,*47 (pico_gnss pico-gnss-rs/src/main.rs:235)
186.678767 [INFO ] NMEA $GLGSV,2,1,08,87,66,177,,76,63,069,18,77,45,335,,75,17,116,*64 (pico_gnss pico-gnss-rs/src/main.rs:235)
186.737345 [INFO ] NMEA $GLGSV,2,2,08,67,06,279,,68,05,325,,85,04,027,17,88,04,203,*66 (pico_gnss pico-gnss-rs/src/main.rs:235)
186.796045 [INFO ] NMEA $GNRMC,190459.000,A,0000.0000,N,00000.0000,E,0.37,18.16,070626,,,A*4A (pico_gnss pico-gnss-rs/src/main.rs:235)
186.798213 [INFO ] SYNC pps_local_us=186078785 unix_s=1780859099 drift_us=2 (pico_gnss pico-gnss-rs/src/main.rs:251)
186.858335 [INFO ] NMEA $GPVTG,18.16,T,,M,0.37,N,0.69,K,A*08 (pico_gnss pico-gnss-rs/src/main.rs:235)
186.875362 [INFO ] NMEA $GPZDA,190459.000,07,06,2026,,*51 (pico_gnss pico-gnss-rs/src/main.rs:235)
187.079245 [INFO ] PPS count=189 interval_us=1000002 interval_ns=1000002640 state=Locked missed=0 (pico_gnss pico-gnss-rs/src/main.rs:131)
187.206658 [INFO ] NMEA $GPGGA,190500.000,0000.0000,N,00000.0000,E,1,5,3.40,33.2,M,39.0,M,,*69 (pico_gnss pico-gnss-rs/src/main.rs:235)
187.265054 [INFO ] TIME unix_ns=1780859100185687901 ppb=2614 holdover_ms=1185 locked=1 (pico_gnss pico-gnss-rs/src/main.rs:149)
187.266568 [INFO ] NMEA $GNGLL,0000.0000,N,00000.0000,E,190500.000,A,A*48 (pico_gnss pico-gnss-rs/src/main.rs:235)
187.323387 [INFO ] NMEA $GNGSA,A,3,18,26,31,16,,,,,,,,,3.51,3.40,0.88*14 (pico_gnss pico-gnss-rs/src/main.rs:235)
187.372369 [INFO ] NMEA $GNGSA,A,3,76,,,,,,,,,,,,3.51,3.40,0.88*1D (pico_gnss pico-gnss-rs/src/main.rs:235)
187.431020 [INFO ] NMEA $GPGSV,4,1,15,27,76,342,20,16,61,057,26,08,52,262,15,26,40,097,22*7E (pico_gnss pico-gnss-rs/src/main.rs:235)
187.489615 [INFO ] NMEA $GPGSV,4,2,15,31,23,156,22,02,21,192,,07,21,316,,04,18,242,*78 (pico_gnss pico-gnss-rs/src/main.rs:235)
187.577016 [INFO ] NMEA $GPGSV,4,3,15,18,16,041,22,09,16,275,,23,05,079,18,10,02,110,19*77 (pico_gnss pico-gnss-rs/src/main.rs:235)
187.606529 [INFO ] NMEA $GPGSV,4,4,15,193,,,,194,,,,195,,,*47 (pico_gnss pico-gnss-rs/src/main.rs:235)
187.669102 [INFO ] NMEA $GLGSV,2,1,08,87,66,177,,76,63,069,19,77,45,335,,75,17,116,*65 (pico_gnss pico-gnss-rs/src/main.rs:235)
187.727692 [INFO ] NMEA $GLGSV,2,2,08,67,06,279,,68,05,325,,85,04,027,,88,04,203,*60 (pico_gnss pico-gnss-rs/src/main.rs:235)
187.815121 [INFO ] NMEA $GNRMC,190500.000,A,0000.0000,N,00000.0000,E,0.37,18.16,070626,,,A*40 (pico_gnss pico-gnss-rs/src/main.rs:235)
187.817290 [INFO ] SYNC pps_local_us=187078785 unix_s=1780859100 drift_us=2 (pico_gnss pico-gnss-rs/src/main.rs:251)
187.844798 [INFO ] NMEA $GPVTG,18.16,T,,M,0.37,N,0.69,K,A*08 (pico_gnss pico-gnss-rs/src/main.rs:235)
187.882018 [INFO ] NMEA $GPZDA,190500.000,07,06,2026,,*5C (pico_gnss pico-gnss-rs/src/main.rs:235)
188.079250 [INFO ] PPS count=190 interval_us=1000002 interval_ns=1000002624 state=Locked missed=0 (pico_gnss pico-gnss-rs/src/main.rs:131)
188.199627 [INFO ] NMEA $GPGGA,190501.000,0000.0000,N,00000.0000,E,1,5,3.40,33.2,M,39.0,M,,*6A (pico_gnss pico-gnss-rs/src/main.rs:235)
188.257989 [INFO ] NMEA $GNGLL,0000.0000,N,00000.0000,E,190501.000,A,A*4B (pico_gnss pico-gnss-rs/src/main.rs:235)
188.266415 [INFO ] TIME unix_ns=1780859101187085897 ppb=2614 holdover_ms=1187 locked=1 (pico_gnss pico-gnss-rs/src/main.rs:149)
188.316457 [INFO ] NMEA $GNGSA,A,3,18,26,31,16,,,,,,,,,3.51,3.40,0.88*14 (pico_gnss pico-gnss-rs/src/main.rs:235)
188.345901 [INFO ] NMEA $GNGSA,A,3,76,,,,,,,,,,,,3.51,3.40,0.88*1D (pico_gnss pico-gnss-rs/src/main.rs:235)
188.436367 [INFO ] NMEA $GPGSV,4,1,15,27,76,342,20,16,61,057,26,08,52,262,15,26,40,097,22*7E (pico_gnss pico-gnss-rs/src/main.rs:235)
188.494945 [INFO ] NMEA $GPGSV,4,2,15,31,23,156,22,02,21,192,,07,21,316,,04,18,242,*78 (pico_gnss pico-gnss-rs/src/main.rs:235)
188.553588 [INFO ] NMEA $GPGSV,4,3,15,18,16,041,23,09,16,275,,23,05,079,18,10,02,110,19*76 (pico_gnss pico-gnss-rs/src/main.rs:235)
188.611778 [INFO ] NMEA $GPGSV,4,4,15,193,,,,194,,,,195,,,*47 (pico_gnss pico-gnss-rs/src/main.rs:235)
188.674449 [INFO ] NMEA $GLGSV,2,1,08,87,66,177,,76,63,069,19,77,45,335,,75,17,116,*65 (pico_gnss pico-gnss-rs/src/main.rs:235)
188.733036 [INFO ] NMEA $GLGSV,2,2,08,67,06,279,,68,05,325,,85,04,027,,88,04,203,*60 (pico_gnss pico-gnss-rs/src/main.rs:235)
188.820470 [INFO ] NMEA $GNRMC,190501.000,A,0000.0000,N,00000.0000,E,0.82,47.11,070626,,,A*40 (pico_gnss pico-gnss-rs/src/main.rs:235)
188.822661 [INFO ] SYNC pps_local_us=188078796 unix_s=1780859101 drift_us=2 (pico_gnss pico-gnss-rs/src/main.rs:251)
188.850164 [INFO ] NMEA $GPVTG,47.11,T,,M,0.82,N,1.51,K,A*01 (pico_gnss pico-gnss-rs/src/main.rs:235)
188.875317 [INFO ] NMEA $GPZDA,190501.000,07,06,2026,,*5D (pico_gnss pico-gnss-rs/src/main.rs:235)
189.079252 [INFO ] PPS count=191 interval_us=1000002 interval_ns=1000002640 state=Locked missed=0 (pico_gnss pico-gnss-rs/src/main.rs:131)
189.211021 [INFO ] NMEA $GPGGA,190502.000,0000.0000,N,00000.0000,E,1,5,3.40,33.3,M,39.0,M,,*69 (pico_gnss pico-gnss-rs/src/main.rs:235)
189.240681 [INFO ] NMEA $GNGLL,0000.0000,N,00000.0000,E,190502.000,A,A*49 (pico_gnss pico-gnss-rs/src/main.rs:235)
189.267758 [INFO ] TIME unix_ns=1780859102188422893 ppb=2615 holdover_ms=1188 locked=1 (pico_gnss pico-gnss-rs/src/main.rs:149)
189.299068 [INFO ] NMEA $GNGSA,A,3,18,26,31,16,,,,,,,,,3.51,3.40,0.88*14 (pico_gnss pico-gnss-rs/src/main.rs:235)
189.357249 [INFO ] NMEA $GNGSA,A,3,76,,,,,,,,,,,,3.51,3.40,0.88*1D (pico_gnss pico-gnss-rs/src/main.rs:235)
189.415954 [INFO ] NMEA $GPGSV,4,1,15,27,76,342,20,16,61,057,26,08,52,262,15,26,40,097,22*7E (pico_gnss pico-gnss-rs/src/main.rs:235)
189.478576 [INFO ] NMEA $GPGSV,4,2,15,31,23,156,22,02,21,192,,07,21,316,,04,18,242,*78 (pico_gnss pico-gnss-rs/src/main.rs:235)
189.566032 [INFO ] NMEA $GPGSV,4,3,15,18,16,041,23,09,16,275,,23,05,079,18,10,02,110,19*76 (pico_gnss pico-gnss-rs/src/main.rs:235)
189.595475 [INFO ] NMEA $GPGSV,4,4,15,193,,,,194,,,,195,,,*47 (pico_gnss pico-gnss-rs/src/main.rs:235)
189.682798 [INFO ] NMEA $GLGSV,2,1,08,87,66,177,,76,63,069,19,77,45,335,,75,17,116,*65 (pico_gnss pico-gnss-rs/src/main.rs:235)
189.745451 [INFO ] NMEA $GLGSV,2,2,08,67,06,279,,68,05,325,,85,04,027,,88,04,203,*60 (pico_gnss pico-gnss-rs/src/main.rs:235)
189.804166 [INFO ] NMEA $GNRMC,190502.000,A,0000.0000,N,00000.0000,E,1.14,90.71,070626,,,A*40 (pico_gnss pico-gnss-rs/src/main.rs:235)
189.806361 [INFO ] SYNC pps_local_us=189078794 unix_s=1780859102 drift_us=2 (pico_gnss pico-gnss-rs/src/main.rs:251)
189.862352 [INFO ] NMEA $GPVTG,90.71,T,,M,1.14,N,2.12,K,A*07 (pico_gnss pico-gnss-rs/src/main.rs:235)
189.875199 [INFO ] NMEA $GPZDA,190502.000,07,06,2026,,*5E (pico_gnss pico-gnss-rs/src/main.rs:235)
190.079249 [INFO ] PPS count=192 interval_us=1000002 interval_ns=1000002640 state=Locked missed=0 (pico_gnss pico-gnss-rs/src/main.rs:131)
190.197641 [INFO ] NMEA $GPGGA,190503.000,0000.0000,N,00000.0000,E,1,5,3.40,33.3,M,39.0,M,,*65 (pico_gnss pico-gnss-rs/src/main.rs:235)
190.250856 [INFO ] NMEA $GNGLL,0000.0000,N,00000.0000,E,190503.000,A,A*45 (pico_gnss pico-gnss-rs/src/main.rs:235)
190.269112 [INFO ] TIME unix_ns=1780859103189769888 ppb=2616 holdover_ms=1189 locked=1 (pico_gnss pico-gnss-rs/src/main.rs:149)
190.309266 [INFO ] NMEA $GNGSA,A,3,18,26,31,16,,,,,,,,,3.51,3.40,0.88*14 (pico_gnss pico-gnss-rs/src/main.rs:235)
190.338769 [INFO ] NMEA $GNGSA,A,3,76,,,,,,,,,,,,3.51,3.40,0.88*1D (pico_gnss pico-gnss-rs/src/main.rs:235)
190.426096 [INFO ] NMEA $GPGSV,4,1,15,27,76,342,20,16,61,057,26,08,52,262,15,26,40,097,22*7E (pico_gnss pico-gnss-rs/src/main.rs:235)
190.488824 [INFO ] NMEA $GPGSV,4,2,15,31,23,156,23,02,21,192,,07,21,316,,04,18,242,*79 (pico_gnss pico-gnss-rs/src/main.rs:235)
190.547493 [INFO ] NMEA $GPGSV,4,3,15,18,16,041,23,09,16,275,,23,05,079,18,10,02,110,19*76 (pico_gnss pico-gnss-rs/src/main.rs:235)
190.605658 [INFO ] NMEA $GPGSV,4,4,15,193,,,,194,,,,195,,,*47 (pico_gnss pico-gnss-rs/src/main.rs:235)
190.664275 [INFO ] NMEA $GLGSV,2,1,08,87,66,177,,76,63,069,19,77,45,335,,75,17,116,*65 (pico_gnss pico-gnss-rs/src/main.rs:235)
190.722784 [INFO ] NMEA $GLGSV,2,2,08,67,06,279,,68,05,325,,85,04,027,,88,04,203,*60 (pico_gnss pico-gnss-rs/src/main.rs:235)
190.814380 [INFO ] NMEA $GNRMC,190503.000,A,0000.0000,N,00000.0000,E,0.74,98.78,070626,,,A*4A (pico_gnss pico-gnss-rs/src/main.rs:235)
190.816556 [INFO ] SYNC pps_local_us=190078795 unix_s=1780859103 drift_us=2 (pico_gnss pico-gnss-rs/src/main.rs:251)
190.843989 [INFO ] NMEA $GPVTG,98.78,T,,M,0.74,N,1.37,K,A*05 (pico_gnss pico-gnss-rs/src/main.rs:235)
190.873392 [INFO ] NMEA $GPZDA,190503.000,07,06,2026,,*5F (pico_gnss pico-gnss-rs/src/main.rs:235)
191.079272 [INFO ] PPS count=193 interval_us=1000002 interval_ns=1000002624 state=Locked missed=0 (pico_gnss pico-gnss-rs/src/main.rs:131)
191.189395 [INFO ] NMEA $GPGGA,190504.000,0000.0000,N,00000.0000,E,1,5,3.40,33.3,M,39.0,M,,*6F (pico_gnss pico-gnss-rs/src/main.rs:235)
191.254940 [INFO ] NMEA $GNGLL,0000.0000,N,00000.0000,E,190504.000,A,A*4F (pico_gnss pico-gnss-rs/src/main.rs:235)
191.270488 [INFO ] TIME unix_ns=1780859104191132884 ppb=2616 holdover_ms=1191 locked=1 (pico_gnss pico-gnss-rs/src/main.rs:149)
191.284828 [INFO ] NMEA $GNGSA,A,3,18,26,31,16,,,,,,,,,3.51,3.40,0.88*14 (pico_gnss pico-gnss-rs/src/main.rs:235)
191.342843 [INFO ] NMEA $GNGSA,A,3,76,,,,,,,,,,,,3.51,3.40,0.88*1D (pico_gnss pico-gnss-rs/src/main.rs:235)
191.401489 [INFO ] NMEA $GPGSV,4,1,15,27,76,342,20,16,61,057,26,08,52,262,14,26,40,097,22*7F (pico_gnss pico-gnss-rs/src/main.rs:235)
191.488875 [INFO ] NMEA $GPGSV,4,2,15,31,23,156,23,02,21,192,,07,21,316,,04,18,242,*79 (pico_gnss pico-gnss-rs/src/main.rs:235)
191.551595 [INFO ] NMEA $GPGSV,4,3,15,18,16,041,22,09,16,275,,23,05,079,18,10,02,110,19*77 (pico_gnss pico-gnss-rs/src/main.rs:235)
191.581084 [INFO ] NMEA $GPGSV,4,4,15,193,,,,194,,,,195,,,*47 (pico_gnss pico-gnss-rs/src/main.rs:235)
191.668344 [INFO ] NMEA $GLGSV,2,1,08,87,66,177,,76,63,069,19,77,45,335,,75,17,116,*65 (pico_gnss pico-gnss-rs/src/main.rs:235)
191.726937 [INFO ] NMEA $GLGSV,2,2,08,67,06,279,,68,05,325,,88,04,203,,85,03,027,*67 (pico_gnss pico-gnss-rs/src/main.rs:235)
191.789757 [INFO ] NMEA $GNRMC,190504.000,A,0000.0000,N,00000.0000,E,0.76,12.33,070626,,,A*4F (pico_gnss pico-gnss-rs/src/main.rs:235)
191.791927 [INFO ] SYNC pps_local_us=191078813 unix_s=1780859104 drift_us=2 (pico_gnss pico-gnss-rs/src/main.rs:251)
191.847960 [INFO ] NMEA $GPVTG,12.33,T,,M,0.76,N,1.40,K,A*0A (pico_gnss pico-gnss-rs/src/main.rs:235)
191.864950 [INFO ] NMEA $GPZDA,190504.000,07,06,2026,,*58 (pico_gnss pico-gnss-rs/src/main.rs:235)
192.079268 [INFO ] PPS count=194 interval_us=1000002 interval_ns=1000002640 state=Locked missed=0 (pico_gnss pico-gnss-rs/src/main.rs:131)
192.190500 [INFO ] NMEA $GPGGA,190505.000,0000.0000,N,00000.0000,E,1,5,3.39,33.3,M,39.0,M,,*61 (pico_gnss pico-gnss-rs/src/main.rs:235)
192.248830 [INFO ] NMEA $GNGLL,0000.0000,N,00000.0000,E,190505.000,A,A*4F (pico_gnss pico-gnss-rs/src/main.rs:235)
192.271855 [INFO ] TIME unix_ns=1780859105192479880 ppb=2617 holdover_ms=1192 locked=1 (pico_gnss pico-gnss-rs/src/main.rs:149)
192.298029 [INFO ] NMEA $GNGSA,A,3,18,26,31,16,,,,,,,,,3.51,3.39,0.88*1A (pico_gnss pico-gnss-rs/src/main.rs:235)
192.356211 [INFO ] NMEA $GNGSA,A,3,76,,,,,,,,,,,,3.51,3.39,0.88*13 (pico_gnss pico-gnss-rs/src/main.rs:235)
192.414864 [INFO ] NMEA $GPGSV,4,1,15,27,76,342,20,16,61,057,26,08,52,262,14,26,40,097,22*7F (pico_gnss pico-gnss-rs/src/main.rs:235)
192.473450 [INFO ] NMEA $GPGSV,4,2,15,31,23,156,23,02,21,192,,07,21,316,,04,18,242,*79 (pico_gnss pico-gnss-rs/src/main.rs:235)
192.564990 [INFO ] NMEA $GPGSV,4,3,15,18,16,041,22,09,16,275,,23,05,079,18,10,02,110,20*7D (pico_gnss pico-gnss-rs/src/main.rs:235)
192.594508 [INFO ] NMEA $GPGSV,4,4,15,193,,,,194,,,,195,,,*47 (pico_gnss pico-gnss-rs/src/main.rs:235)
192.652974 [INFO ] NMEA $GLGSV,2,1,08,87,66,177,,76,63,069,19,77,45,335,,75,17,116,*65 (pico_gnss pico-gnss-rs/src/main.rs:235)
192.711539 [INFO ] NMEA $GLGSV,2,2,08,67,06,279,,68,05,325,,88,04,203,,85,03,027,*67 (pico_gnss pico-gnss-rs/src/main.rs:235)
192.799018 [INFO ] NMEA $GNRMC,190505.000,A,0000.0000,N,00000.0000,E,0.60,281.84,070626,,,A*7C (pico_gnss pico-gnss-rs/src/main.rs:235)
192.801228 [INFO ] SYNC pps_local_us=192078806 unix_s=1780859105 drift_us=2 (pico_gnss pico-gnss-rs/src/main.rs:251)
192.832550 [INFO ] NMEA $GPVTG,281.84,T,,M,0.60,N,1.11,K,A*3D (pico_gnss pico-gnss-rs/src/main.rs:235)
192.867826 [INFO ] NMEA $GPZDA,190505.000,07,06,2026,,*59 (pico_gnss pico-gnss-rs/src/main.rs:235)
193.079246 [INFO ] PPS count=195 interval_us=1000002 interval_ns=1000002624 state=Locked missed=0 (pico_gnss pico-gnss-rs/src/main.rs:131)
193.189776 [INFO ] NMEA $GPGGA,190506.000,0000.0000,N,00000.0000,E,1,5,3.40,33.4,M,39.0,M,,*64 (pico_gnss pico-gnss-rs/src/main.rs:235)
193.248105 [INFO ] NMEA $GNGLL,0000.0000,N,00000.0000,E,190506.000,A,A*43 (pico_gnss pico-gnss-rs/src/main.rs:235)
193.273199 [INFO ] TIME unix_ns=1780859106193843876 ppb=2617 holdover_ms=1193 locked=1 (pico_gnss pico-gnss-rs/src/main.rs:149)
193.306546 [INFO ] NMEA $GNGSA,A,3,18,26,31,16,,,,,,,,,3.51,3.40,0.88*14 (pico_gnss pico-gnss-rs/src/main.rs:235)
193.337023 [INFO ] NMEA $GNGSA,A,3,76,,,,,,,,,,,,3.51,3.40,0.88*1D (pico_gnss pico-gnss-rs/src/main.rs:235)
193.424438 [INFO ] NMEA $GPGSV,4,1,15,27,76,342,20,16,61,057,26,08,52,262,14,26,40,097,22*7F (pico_gnss pico-gnss-rs/src/main.rs:235)
193.483017 [INFO ] NMEA $GPGSV,4,2,15,31,23,156,23,02,21,192,,07,21,316,,04,18,242,*79 (pico_gnss pico-gnss-rs/src/main.rs:235)
193.541661 [INFO ] NMEA $GPGSV,4,3,15,18,16,041,21,09,16,275,,23,05,079,18,10,02,110,19*74 (pico_gnss pico-gnss-rs/src/main.rs:235)
193.603964 [INFO ] NMEA $GPGSV,4,4,15,193,,,,194,,,,195,,,*47 (pico_gnss pico-gnss-rs/src/main.rs:235)
193.662526 [INFO ] NMEA $GLGSV,2,1,08,87,67,177,,76,63,069,19,77,45,335,,75,17,116,*64 (pico_gnss pico-gnss-rs/src/main.rs:235)
193.721091 [INFO ] NMEA $GLGSV,2,2,08,67,06,279,,68,05,325,,88,04,203,,85,03,027,*67 (pico_gnss pico-gnss-rs/src/main.rs:235)
193.808566 [INFO ] NMEA $GNRMC,190506.000,A,0000.0000,N,00000.0000,E,0.65,349.75,070626,,,A*7E (pico_gnss pico-gnss-rs/src/main.rs:235)
193.810768 [INFO ] SYNC pps_local_us=193078794 unix_s=1780859106 drift_us=2 (pico_gnss pico-gnss-rs/src/main.rs:251)
193.838243 [INFO ] NMEA $GPVTG,349.75,T,,M,0.65,N,1.20,K,A*31 (pico_gnss pico-gnss-rs/src/main.rs:235)
193.867849 [INFO ] NMEA $GPZDA,190506.000,07,06,2026,,*5A (pico_gnss pico-gnss-rs/src/main.rs:235)
194.079278 [INFO ] PPS count=196 interval_us=1000002 interval_ns=1000002640 state=Locked missed=0 (pico_gnss pico-gnss-rs/src/main.rs:131)
194.188739 [INFO ] NMEA $GPGGA,190507.000,0000.0000,N,00000.0000,E,1,5,3.40,33.3,M,39.0,M,,*65 (pico_gnss pico-gnss-rs/src/main.rs:235)
194.247083 [INFO ] NMEA $GNGLL,0000.0000,N,00000.0000,E,190507.000,A,A*45 (pico_gnss pico-gnss-rs/src/main.rs:235)
194.274549 [INFO ] TIME unix_ns=1780859107195205872 ppb=2618 holdover_ms=1195 locked=1 (pico_gnss pico-gnss-rs/src/main.rs:149)
194.305536 [INFO ] NMEA $GNGSA,A,3,18,26,31,16,,,,,,,,,3.51,3.40,0.88*14 (pico_gnss pico-gnss-rs/src/main.rs:235)
194.335024 [INFO ] NMEA $GNGSA,A,3,76,,,,,,,,,,,,3.51,3.40,0.88*1D (pico_gnss pico-gnss-rs/src/main.rs:235)
194.404892 [INFO ] NMEA $GPGSV,4,1,15,27,76,342,21,16,61,057,26,08,52,262,15,26,40,097,22*7F (pico_gnss pico-gnss-rs/src/main.rs:235)
194.492266 [INFO ] NMEA $GPGSV,4,2,15,31,23,156,23,02,21,192,,07,21,316,,04,18,242,*79 (pico_gnss pico-gnss-rs/src/main.rs:235)
194.550885 [INFO ] NMEA $GPGSV,4,3,15,18,16,041,21,09,16,275,,23,05,079,19,10,02,110,19*75 (pico_gnss pico-gnss-rs/src/main.rs:235)
194.580365 [INFO ] NMEA $GPGSV,4,4,15,193,,,,194,,,,195,,,*47 (pico_gnss pico-gnss-rs/src/main.rs:235)
194.671772 [INFO ] NMEA $GLGSV,2,1,08,87,67,177,,76,63,069,19,77,45,335,,75,17,116,*64 (pico_gnss pico-gnss-rs/src/main.rs:235)
194.730336 [INFO ] NMEA $GLGSV,2,2,08,67,06,279,,68,05,325,,88,05,204,,85,03,027,*61 (pico_gnss pico-gnss-rs/src/main.rs:235)
194.789067 [INFO ] NMEA $GNRMC,190507.000,A,0000.0000,N,00000.0000,E,0.45,349.75,070626,,,A*7A (pico_gnss pico-gnss-rs/src/main.rs:235)
194.791262 [INFO ] SYNC pps_local_us=194078813 unix_s=1780859107 drift_us=2 (pico_gnss pico-gnss-rs/src/main.rs:251)
194.847270 [INFO ] NMEA $GPVTG,349.75,T,,M,0.45,N,0.83,K,A*3B (pico_gnss pico-gnss-rs/src/main.rs:235)
194.866359 [INFO ] NMEA $GPZDA,190507.000,07,06,2026,,*5B (pico_gnss pico-gnss-rs/src/main.rs:235)
195.079246 [INFO ] PPS count=197 interval_us=1000002 interval_ns=1000002640 state=Locked missed=0 (pico_gnss pico-gnss-rs/src/main.rs:131)
195.180496 [INFO ] NMEA $GPGGA,190508.000,0000.0000,N,00000.0000,E,1,5,3.40,33.3,M,39.0,M,,*6A (pico_gnss pico-gnss-rs/src/main.rs:235)
195.238876 [INFO ] NMEA $GNGLL,0000.0000,N,00000.0000,E,190508.000,A,A*4A (pico_gnss pico-gnss-rs/src/main.rs:235)
195.275924 [INFO ] TIME unix_ns=1780859108196542867 ppb=2618 holdover_ms=1196 locked=1 (pico_gnss pico-gnss-rs/src/main.rs:149)
195.297516 [INFO ] NMEA $GNGSA,A,3,18,26,31,16,,,,,,,,,3.51,3.40,0.88*14 (pico_gnss pico-gnss-rs/src/main.rs:235)
195.355505 [INFO ] NMEA $GNGSA,A,3,76,,,,,,,,,,,,3.51,3.40,0.88*1D (pico_gnss pico-gnss-rs/src/main.rs:235)
195.418257 [INFO ] NMEA $GPGSV,4,1,15,27,76,342,21,16,61,057,25,08,52,262,14,26,40,097,22*7D (pico_gnss pico-gnss-rs/src/main.rs:235)
195.476857 [INFO ] NMEA $GPGSV,4,2,15,31,23,156,23,02,21,192,,07,21,316,,04,18,242,*79 (pico_gnss pico-gnss-rs/src/main.rs:235)
195.564279 [INFO ] NMEA $GPGSV,4,3,15,18,16,041,21,09,16,275,,23,05,079,19,10,02,110,19*75 (pico_gnss pico-gnss-rs/src/main.rs:235)
195.593761 [INFO ] NMEA $GPGSV,4,4,15,193,,,,194,,,,195,,,*47 (pico_gnss pico-gnss-rs/src/main.rs:235)
195.652243 [INFO ] NMEA $GLGSV,2,1,08,87,67,177,,76,63,069,19,77,45,335,,75,17,116,*64 (pico_gnss pico-gnss-rs/src/main.rs:235)
195.714893 [INFO ] NMEA $GLGSV,2,2,08,67,06,279,,68,05,325,,88,05,204,,85,03,027,*61 (pico_gnss pico-gnss-rs/src/main.rs:235)
195.802378 [INFO ] NMEA $GNRMC,190508.000,A,0000.0000,N,00000.0000,E,1.49,185.47,070626,,,A*7B (pico_gnss pico-gnss-rs/src/main.rs:235)
195.804586 [INFO ] SYNC pps_local_us=195078798 unix_s=1780859108 drift_us=2 (pico_gnss pico-gnss-rs/src/main.rs:251)
195.832071 [INFO ] NMEA $GPVTG,185.47,T,,M,1.49,N,2.77,K,A*3C (pico_gnss pico-gnss-rs/src/main.rs:235)
195.869205 [INFO ] NMEA $GPZDA,190508.000,07,06,2026,,*54 (pico_gnss pico-gnss-rs/src/main.rs:235)
196.079266 [INFO ] PPS count=198 interval_us=1000002 interval_ns=1000002640 state=Locked missed=0 (pico_gnss pico-gnss-rs/src/main.rs:131)
196.189688 [INFO ] NMEA $GPGGA,190509.000,0000.0000,N,00000.0000,E,1,5,3.40,33.3,M,39.0,M,,*67 (pico_gnss pico-gnss-rs/src/main.rs:235)
196.248033 [INFO ] NMEA $GNGLL,0000.0000,N,00000.0000,E,190509.000,A,A*47 (pico_gnss pico-gnss-rs/src/main.rs:235)
196.278443 [INFO ] TIME unix_ns=1780859109199076860 ppb=2619 holdover_ms=1199 locked=1 (pico_gnss pico-gnss-rs/src/main.rs:149)
196.306701 [INFO ] NMEA $GNGSA,A,3,18,26,31,16,,,,,,,,,3.51,3.40,0.88*14 (pico_gnss pico-gnss-rs/src/main.rs:235)
196.335979 [INFO ] NMEA $GNGSA,A,3,76,,,,,,,,,,,,3.51,3.40,0.88*1D (pico_gnss pico-gnss-rs/src/main.rs:235)
196.423306 [INFO ] NMEA $GPGSV,4,1,15,27,76,342,21,16,61,057,25,08,52,262,14,26,40,097,22*7D (pico_gnss pico-gnss-rs/src/main.rs:235)
196.485965 [INFO ] NMEA $GPGSV,4,2,15,31,23,156,23,02,21,192,,07,21,316,,04,18,242,*79 (pico_gnss pico-gnss-rs/src/main.rs:235)
196.544638 [INFO ] NMEA $GPGSV,4,3,15,18,16,041,21,09,16,275,,23,05,079,19,10,02,110,19*75 (pico_gnss pico-gnss-rs/src/main.rs:235)
196.602805 [INFO ] NMEA $GPGSV,4,4,15,193,,,,194,,,,195,,,*47 (pico_gnss pico-gnss-rs/src/main.rs:235)
196.661411 [INFO ] NMEA $GLGSV,2,1,08,87,67,177,,76,63,069,19,77,45,335,,75,17,116,*64 (pico_gnss pico-gnss-rs/src/main.rs:235)
196.724089 [INFO ] NMEA $GLGSV,2,2,08,67,06,279,,68,05,325,,88,05,204,,85,03,027,*61 (pico_gnss pico-gnss-rs/src/main.rs:235)
196.811564 [INFO ] NMEA $GNRMC,190509.000,A,0000.0000,N,00000.0000,E,0.73,240.13,070626,,,A*75 (pico_gnss pico-gnss-rs/src/main.rs:235)
196.813748 [INFO ] SYNC pps_local_us=196078808 unix_s=1780859109 drift_us=2 (pico_gnss pico-gnss-rs/src/main.rs:251)
196.841249 [INFO ] NMEA $GPVTG,240.13,T,,M,0.73,N,1.36,K,A*39 (pico_gnss pico-gnss-rs/src/main.rs:235)
196.868517 [INFO ] NMEA $GPZDA,190509.000,07,06,2026,,*55 (pico_gnss pico-gnss-rs/src/main.rs:235)
197.079269 [INFO ] PPS count=199 interval_us=1000002 interval_ns=1000002640 state=Locked missed=0 (pico_gnss pico-gnss-rs/src/main.rs:131)
197.189671 [INFO ] NMEA $GPGGA,190510.000,0000.0000,N,00000.0000,E,1,5,3.40,33.3,M,39.0,M,,*67 (pico_gnss pico-gnss-rs/src/main.rs:235)
197.257248 [INFO ] NMEA $GNGLL,0000.0000,N,00000.0000,E,190510.000,A,A*47 (pico_gnss pico-gnss-rs/src/main.rs:235)
197.279833 [INFO ] TIME unix_ns=1780859110200459856 ppb=2620 holdover_ms=1200 locked=1 (pico_gnss pico-gnss-rs/src/main.rs:149)
197.287189 [INFO ] NMEA $GNGSA,A,3,18,26,31,16,,,,,,,,,3.51,3.40,0.88*14 (pico_gnss pico-gnss-rs/src/main.rs:235)
197.345127 [INFO ] NMEA $GNGSA,A,3,76,,,,,,,,,,,,3.51,3.40,0.88*1D (pico_gnss pico-gnss-rs/src/main.rs:235)
197.403795 [INFO ] NMEA $GPGSV,4,1,15,27,76,342,21,16,61,057,25,08,52,262,14,26,40,097,22*7D (pico_gnss pico-gnss-rs/src/main.rs:235)
197.495243 [INFO ] NMEA $GPGSV,4,2,15,31,23,156,23,02,21,192,,07,21,316,,04,18,242,*79 (pico_gnss pico-gnss-rs/src/main.rs:235)
197.553920 [INFO ] NMEA $GPGSV,4,3,15,18,16,041,21,09,16,275,,23,05,079,19,10,02,110,19*75 (pico_gnss pico-gnss-rs/src/main.rs:235)
197.583379 [INFO ] NMEA $GPGSV,4,4,15,193,,,,194,,,,195,,,*47 (pico_gnss pico-gnss-rs/src/main.rs:235)
197.670692 [INFO ] NMEA $GLGSV,2,1,08,87,67,177,,76,63,069,19,77,45,335,,75,17,116,*64 (pico_gnss pico-gnss-rs/src/main.rs:235)
197.729212 [INFO ] NMEA $GLGSV,2,2,08,67,06,279,,68,05,325,,88,05,204,,85,03,027,*61 (pico_gnss pico-gnss-rs/src/main.rs:235)
197.792030 [INFO ] NMEA $GNRMC,190510.000,A,0000.0000,N,00000.0000,E,0.05,240.13,070626,,,A*74 (pico_gnss pico-gnss-rs/src/main.rs:235)
197.794212 [INFO ] SYNC pps_local_us=197078814 unix_s=1780859110 drift_us=2 (pico_gnss pico-gnss-rs/src/main.rs:251)
197.850257 [INFO ] NMEA $GPVTG,240.13,T,,M,0.05,N,0.09,K,A*35 (pico_gnss pico-gnss-rs/src/main.rs:235)
197.867249 [INFO ] NMEA $GPZDA,190510.000,07,06,2026,,*5D (pico_gnss pico-gnss-rs/src/main.rs:235)
198.079288 [INFO ] PPS count=200 interval_us=1000002 interval_ns=1000002640 state=Locked missed=0 (pico_gnss pico-gnss-rs/src/main.rs:131)
198.202598 [INFO ] NMEA $GPGGA,190511.000,0000.0000,N,00000.0000,E,1,5,3.40,33.4,M,39.0,M,,*66 (pico_gnss pico-gnss-rs/src/main.rs:235)
198.260915 [INFO ] NMEA $GNGLL,0000.0000,N,00000.0000,E,190511.000,A,A*41 (pico_gnss pico-gnss-rs/src/main.rs:235)
198.282026 [INFO ] TIME unix_ns=1780859111202648849 ppb=2620 holdover_ms=1202 locked=1 (pico_gnss pico-gnss-rs/src/main.rs:149)
198.310365 [INFO ] NMEA $GNGSA,A,3,18,26,31,16,,,,,,,,,3.51,3.40,0.88*14 (pico_gnss pico-gnss-rs/src/main.rs:235)
198.368316 [INFO ] NMEA $GNGSA,A,3,76,,,,,,,,,,,,3.51,3.40,0.88*1D (pico_gnss pico-gnss-rs/src/main.rs:235)
198.427044 [INFO ] NMEA $GPGSV,4,1,15,27,76,342,21,16,61,057,25,08,52,262,15,26,40,097,22*7C (pico_gnss pico-gnss-rs/src/main.rs:235)
198.485647 [INFO ] NMEA $GPGSV,4,2,15,31,23,156,23,02,21,192,,07,21,316,,04,18,242,*79 (pico_gnss pico-gnss-rs/src/main.rs:235)
198.577146 [INFO ] NMEA $GPGSV,4,3,15,18,16,041,21,09,16,275,,23,05,079,19,10,02,110,19*75 (pico_gnss pico-gnss-rs/src/main.rs:235)
198.606641 [INFO ] NMEA $GPGSV,4,4,15,193,,,,194,,,,195,,,*47 (pico_gnss pico-gnss-rs/src/main.rs:235)
198.665141 [INFO ] NMEA $GLGSV,2,1,08,87,67,177,,76,63,069,19,77,45,335,,75,17,116,*64 (pico_gnss pico-gnss-rs/src/main.rs:235)
198.723708 [INFO ] NMEA $GLGSV,2,2,08,67,06,279,,68,05,325,,88,05,204,,85,03,027,*61 (pico_gnss pico-gnss-rs/src/main.rs:235)
198.815293 [INFO ] NMEA $GNRMC,190511.000,A,0000.0000,N,00000.0000,E,0.22,240.13,070626,,,A*77 (pico_gnss pico-gnss-rs/src/main.rs:235)
198.817480 [INFO ] SYNC pps_local_us=198078821 unix_s=1780859111 drift_us=2 (pico_gnss pico-gnss-rs/src/main.rs:251)
198.844970 [INFO ] NMEA $GPVTG,240.13,T,,M,0.22,N,0.41,K,A*3C (pico_gnss pico-gnss-rs/src/main.rs:235)
198.879988 [INFO ] NMEA $GPZDA,190511.000,07,06,2026,,*5C (pico_gnss pico-gnss-rs/src/main.rs:235)
199.079280 [INFO ] PPS count=201 interval_us=1000002 interval_ns=1000002640 state=Locked missed=0 (pico_gnss pico-gnss-rs/src/main.rs:131)
199.196699 [INFO ] NMEA $GPGGA,190512.000,0000.0000,N,00000.0000,E,1,5,3.40,33.4,M,39.0,M,,*64 (pico_gnss pico-gnss-rs/src/main.rs:235)
199.255025 [INFO ] NMEA $GNGLL,0000.0000,N,00000.0000,E,190512.000,A,A*43 (pico_gnss pico-gnss-rs/src/main.rs:235)
199.283392 [INFO ] TIME unix_ns=1780859112204010845 ppb=2621 holdover_ms=1204 locked=1 (pico_gnss pico-gnss-rs/src/main.rs:149)
199.314444 [INFO ] NMEA $GNGSA,A,3,18,26,31,16,,,,,,,,,3.51,3.40,0.88*14 (pico_gnss pico-gnss-rs/src/main.rs:235)
199.343999 [INFO ] NMEA $GNGSA,A,3,76,,,,,,,,,,,,3.51,3.40,0.88*1D (pico_gnss pico-gnss-rs/src/main.rs:235)
199.431354 [INFO ] NMEA $GPGSV,4,1,15,27,76,342,22,16,61,057,25,08,52,262,15,26,40,097,22*7F (pico_gnss pico-gnss-rs/src/main.rs:235)
199.489926 [INFO ] NMEA $GPGSV,4,2,15,31,23,156,23,02,21,192,,07,21,316,,04,18,242,*79 (pico_gnss pico-gnss-rs/src/main.rs:235)
199.548569 [INFO ] NMEA $GPGSV,4,3,15,18,16,041,20,09,16,275,,23,05,079,19,10,02,110,18*75 (pico_gnss pico-gnss-rs/src/main.rs:235)
199.610880 [INFO ] NMEA $GPGSV,4,4,15,193,,,,194,,,,195,,,*47 (pico_gnss pico-gnss-rs/src/main.rs:235)
199.669442 [INFO ] NMEA $GLGSV,2,1,08,87,67,177,,76,63,069,19,77,45,335,,75,17,116,*64 (pico_gnss pico-gnss-rs/src/main.rs:235)
199.728038 [INFO ] NMEA $GLGSV,2,2,08,67,06,279,,68,05,325,,88,05,204,,85,03,027,*61 (pico_gnss pico-gnss-rs/src/main.rs:235)
199.815483 [INFO ] NMEA $GNRMC,190512.000,A,0000.0000,N,00000.0000,E,1.02,29.16,070626,,,A*4E (pico_gnss pico-gnss-rs/src/main.rs:235)
199.817683 [INFO ] SYNC pps_local_us=199078815 unix_s=1780859112 drift_us=2 (pico_gnss pico-gnss-rs/src/main.rs:251)
199.849038 [INFO ] NMEA $GPVTG,29.16,T,,M,1.02,N,1.88,K,A*03 (pico_gnss pico-gnss-rs/src/main.rs:235)
199.872325 [INFO ] NMEA $GPZDA,190512.000,07,06,2026,,*5F (pico_gnss pico-gnss-rs/src/main.rs:235)
200.079289 [INFO ] PPS count=202 interval_us=1000002 interval_ns=1000002640 state=Locked missed=0 (pico_gnss pico-gnss-rs/src/main.rs:131)
200.190878 [INFO ] NMEA $GPGGA,190513.000,0000.0000,N,00000.0000,E,1,5,3.40,33.4,M,39.0,M,,*61 (pico_gnss pico-gnss-rs/src/main.rs:235)
200.249192 [INFO ] NMEA $GNGLL,0000.0000,N,00000.0000,E,190513.000,A,A*46 (pico_gnss pico-gnss-rs/src/main.rs:235)
200.285139 [INFO ] TIME unix_ns=1780859113205758839 ppb=2622 holdover_ms=1205 locked=1 (pico_gnss pico-gnss-rs/src/main.rs:149)
200.307915 [INFO ] NMEA $GNGSA,A,3,18,26,31,16,,,,,,,,,3.51,3.40,0.88*14 (pico_gnss pico-gnss-rs/src/main.rs:235)
200.350420 [INFO ] NMEA $GNGSA,A,3,76,,,,,,,,,,,,3.51,3.40,0.88*1D (pico_gnss pico-gnss-rs/src/main.rs:235)
200.409122 [INFO ] NMEA $GPGSV,4,1,15,27,76,342,21,16,61,057,25,08,52,262,15,26,40,097,23*7D (pico_gnss pico-gnss-rs/src/main.rs:235)
200.496441 [INFO ] NMEA $GPGSV,4,2,15,31,23,156,23,02,21,192,,07,21,316,,04,18,242,*79 (pico_gnss pico-gnss-rs/src/main.rs:235)
200.555120 [INFO ] NMEA $GPGSV,4,3,15,18,16,041,20,09,16,275,,23,05,079,19,10,02,110,18*75 (pico_gnss pico-gnss-rs/src/main.rs:235)
200.584579 [INFO ] NMEA $GPGSV,4,4,15,193,,,,194,,,,195,,,*47 (pico_gnss pico-gnss-rs/src/main.rs:235)
200.647180 [INFO ] NMEA $GLGSV,2,1,08,87,67,177,,76,63,069,19,77,45,335,,75,17,116,*64 (pico_gnss pico-gnss-rs/src/main.rs:235)
200.734519 [INFO ] NMEA $GLGSV,2,2,08,67,06,279,,68,05,325,,88,05,204,,85,03,027,*61 (pico_gnss pico-gnss-rs/src/main.rs:235)
200.793223 [INFO ] NMEA $GNRMC,190513.000,A,0000.0000,N,00000.0000,E,1.20,23.23,070626,,,A*47 (pico_gnss pico-gnss-rs/src/main.rs:235)
200.795399 [INFO ] SYNC pps_local_us=200078826 unix_s=1780859113 drift_us=2 (pico_gnss pico-gnss-rs/src/main.rs:251)
200.851437 [INFO ] NMEA $GPVTG,23.23,T,,M,1.20,N,2.23,K,A*0D (pico_gnss pico-gnss-rs/src/main.rs:235)
200.866599 [INFO ] NMEA $GPZDA,190513.000,07,06,2026,,*5E (pico_gnss pico-gnss-rs/src/main.rs:235)
201.079293 [INFO ] PPS count=203 interval_us=1000002 interval_ns=1000002640 state=Locked missed=0 (pico_gnss pico-gnss-rs/src/main.rs:131)
201.189895 [INFO ] NMEA $GPGGA,190514.000,0000.0000,N,00000.0000,E,1,5,3.40,33.4,M,39.0,M,,*6B (pico_gnss pico-gnss-rs/src/main.rs:235)
201.248234 [INFO ] NMEA $GNGLL,0000.0000,N,00000.0000,E,190514.000,A,A*4C (pico_gnss pico-gnss-rs/src/main.rs:235)
201.286529 [INFO ] TIME unix_ns=1780859114207119835 ppb=2622 holdover_ms=1207 locked=1 (pico_gnss pico-gnss-rs/src/main.rs:149)
201.306950 [INFO ] NMEA $GNGSA,A,3,18,26,31,16,,,,,,,,,3.51,3.40,0.88*14 (pico_gnss pico-gnss-rs/src/main.rs:235)
201.336189 [INFO ] NMEA $GNGSA,A,3,76,,,,,,,,,,,,3.51,3.40,0.88*1D (pico_gnss pico-gnss-rs/src/main.rs:235)
201.420452 [INFO ] NMEA $GPGSV,4,1,15,27,76,342,21,16,61,057,25,08,52,262,14,26,40,097,23*7C (pico_gnss pico-gnss-rs/src/main.rs:235)
201.479033 [INFO ] NMEA $GPGSV,4,2,15,31,23,156,23,02,21,192,,07,21,316,,04,18,242,*79 (pico_gnss pico-gnss-rs/src/main.rs:235)
201.566402 [INFO ] NMEA $GPGSV,4,3,15,18,16,041,20,09,16,275,,23,05,079,19,10,02,110,18*75 (pico_gnss pico-gnss-rs/src/main.rs:235)
201.595921 [INFO ] NMEA $GPGSV,4,4,15,193,,,,194,,,,195,,,*47 (pico_gnss pico-gnss-rs/src/main.rs:235)
201.658542 [INFO ] NMEA $GLGSV,2,1,08,87,67,177,,76,63,069,18,77,45,335,,75,17,116,*65 (pico_gnss pico-gnss-rs/src/main.rs:235)
201.717086 [INFO ] NMEA $GLGSV,2,2,08,67,06,279,,68,05,325,,88,05,204,,85,03,027,*61 (pico_gnss pico-gnss-rs/src/main.rs:235)
201.804586 [INFO ] NMEA $GNRMC,190514.000,A,0000.0000,N,00000.0000,E,0.42,23.23,070626,,,A*48 (pico_gnss pico-gnss-rs/src/main.rs:235)
201.806762 [INFO ] SYNC pps_local_us=201078831 unix_s=1780859114 drift_us=2 (pico_gnss pico-gnss-rs/src/main.rs:251)
201.834218 [INFO ] NMEA $GPVTG,23.23,T,,M,0.42,N,0.78,K,A*04 (pico_gnss pico-gnss-rs/src/main.rs:235)
201.865684 [INFO ] NMEA $GPZDA,190514.000,07,06,2026,,*59 (pico_gnss pico-gnss-rs/src/main.rs:235)
202.079298 [INFO ] PPS count=204 interval_us=1000002 interval_ns=1000002640 state=Locked missed=0 (pico_gnss pico-gnss-rs/src/main.rs:131)
202.196764 [INFO ] NMEA $GPGGA,190515.000,0000.0000,N,00000.0000,E,1,5,3.40,33.4,M,39.0,M,,*6C (pico_gnss pico-gnss-rs/src/main.rs:235)
202.255140 [INFO ] NMEA $GNGLL,0000.0000,N,00000.0000,E,190515.000,A,A*4B (pico_gnss pico-gnss-rs/src/main.rs:235)
202.284750 [INFO ] NMEA $GNGSA,A,3,18,26,31,16,,,,,,,,,3.51,3.40,0.88*14 (pico_gnss pico-gnss-rs/src/main.rs:235)
202.287889 [INFO ] TIME unix_ns=1780859115208503831 ppb=2623 holdover_ms=1208 locked=1 (pico_gnss pico-gnss-rs/src/main.rs:149)
202.343049 [INFO ] NMEA $GNGSA,A,3,76,,,,,,,,,,,,3.51,3.40,0.88*1D (pico_gnss pico-gnss-rs/src/main.rs:235)
