0.004011 [INFO ] pico-gnss: start (NMEA on UART0/GP1 @ 9600 baud, PPS on GP2 via PIO, GPSDO) (pico_gnss pico-gnss-rs/src/main.rs:342)
5.646655 [INFO ] NMEA $GPGGA,131020.000,0000.0000,N,00000.0000,E,1,5,1.35,31.9,M,39.0,M,,*6B (pico_gnss pico-gnss-rs/src/main.rs:483)
5.704894 [INFO ] NMEA $GNGLL,0000.0000,N,00000.0000,E,131020.000,A,A*43 (pico_gnss pico-gnss-rs/src/main.rs:483)
5.763306 [INFO ] NMEA $GNGSA,A,3,10,12,29,32,23,,,,,,,,1.68,1.35,0.99*1D (pico_gnss pico-gnss-rs/src/main.rs:483)
5.792767 [INFO ] NMEA $GNGSA,A,3,,,,,,,,,,,,,1.68,1.35,0.99*14 (pico_gnss pico-gnss-rs/src/main.rs:483)
5.884278 [INFO ] NMEA $GPGSV,4,1,13,25,83,086,16,32,62,320,16,12,44,048,24,10,40,223,14*72 (pico_gnss pico-gnss-rs/src/main.rs:483)
5.942893 [INFO ] NMEA $GPGSV,4,2,13,28,38,289,,29,19,145,18,23,17,189,16,24,13,081,*78 (pico_gnss pico-gnss-rs/src/main.rs:483)
6.001329 [INFO ] NMEA $GPGSV,4,3,13,31,12,273,,26,03,225,,193,,,,194,,,*7E (pico_gnss pico-gnss-rs/src/main.rs:483)
6.030567 [INFO ] NMEA $GPGSV,4,4,13,195,,,*46 (pico_gnss pico-gnss-rs/src/main.rs:483)
6.089055 [INFO ] NMEA $GLGSV,2,1,08,72,73,152,,75,65,272,,65,49,327,,74,46,026,*62 (pico_gnss pico-gnss-rs/src/main.rs:483)
6.151743 [INFO ] NMEA $GLGSV,2,2,08,71,19,150,18,76,15,234,,73,03,044,18,66,01,329,*69 (pico_gnss pico-gnss-rs/src/main.rs:483)
6.239221 [INFO ] NMEA $GNRMC,131020.000,A,0000.0000,N,00000.0000,E,0.78,82.82,080626,,,A*41 (pico_gnss pico-gnss-rs/src/main.rs:483)
6.268892 [INFO ] NMEA $GPVTG,82.82,T,,M,0.78,N,1.44,K,A*03 (pico_gnss pico-gnss-rs/src/main.rs:483)
6.298121 [INFO ] NMEA $GPZDA,131020.000,08,06,2026,,*5F (pico_gnss pico-gnss-rs/src/main.rs:483)
6.346006 [INFO ] NMEA $GPGST,131020.000,7.9,22,10,122.8,15,19,55*42 (pico_gnss pico-gnss-rs/src/main.rs:483)
6.441262 [INFO ] PPS count=1 interval_us=0 interval_ns=0 state=First missed=0 (pico_gnss pico-gnss-rs/src/main.rs:203)
6.443935 [INFO ] PPSGEN count=1 interval_ns=1000000016 dev_ns=16 phase_ns=0 hwphase_ns=2383888 trim_ppb=0 cfg=2 p_ns=148993 d_ns=0 (pico_gnss pico-gnss-rs/src/main.rs:330)
6.633293 [INFO ] NMEA $GPGGA,131021.000,0000.0000,N,00000.0000,E,1,5,1.35,31.8,M,39.0,M,,*6D (pico_gnss pico-gnss-rs/src/main.rs:483)
6.691630 [INFO ] NMEA $GNGLL,0000.0000,N,00000.0000,E,131021.000,A,A*44 (pico_gnss pico-gnss-rs/src/main.rs:483)
6.749989 [INFO ] NMEA $GNGSA,A,3,10,12,29,32,23,,,,,,,,1.68,1.35,0.99*1D (pico_gnss pico-gnss-rs/src/main.rs:483)
6.808247 [INFO ] NMEA $GNGSA,A,3,,,,,,,,,,,,,1.68,1.35,0.99*14 (pico_gnss pico-gnss-rs/src/main.rs:483)
6.870997 [INFO ] NMEA $GPGSV,4,1,13,25,83,086,16,32,62,320,16,12,44,048,24,10,40,223,15*73 (pico_gnss pico-gnss-rs/src/main.rs:483)
6.929652 [INFO ] NMEA $GPGSV,4,2,13,28,38,289,,29,19,145,18,23,17,189,16,24,13,081,*78 (pico_gnss pico-gnss-rs/src/main.rs:483)
6.988032 [INFO ] NMEA $GPGSV,4,3,13,31,12,273,,26,03,225,,193,,,,194,,,*7E (pico_gnss pico-gnss-rs/src/main.rs:483)
7.017286 [INFO ] NMEA $GPGSV,4,4,13,195,,,*46 (pico_gnss pico-gnss-rs/src/main.rs:483)
7.075803 [INFO ] NMEA $GLGSV,2,1,08,72,73,152,,75,65,272,,65,49,327,,74,46,026,*62 (pico_gnss pico-gnss-rs/src/main.rs:483)
7.167267 [INFO ] NMEA $GLGSV,2,2,08,71,19,150,18,76,15,234,,73,03,044,18,66,01,329,*69 (pico_gnss pico-gnss-rs/src/main.rs:483)
7.225993 [INFO ] NMEA $GNRMC,131021.000,A,0000.0000,N,00000.0000,E,0.56,82.82,080626,,,A*4A (pico_gnss pico-gnss-rs/src/main.rs:483)
7.228241 [INFO ] SYNC pps_local_us=0 unix_s=1780924221 drift_us=0 err_ns=0 holdover_ms=0 (pico_gnss pico-gnss-rs/src/main.rs:514)
7.255661 [INFO ] NMEA $GPVTG,82.82,T,,M,0.56,N,1.03,K,A*0C (pico_gnss pico-gnss-rs/src/main.rs:483)
7.313516 [INFO ] NMEA $GPZDA,131021.000,08,06,2026,,*5E (pico_gnss pico-gnss-rs/src/main.rs:483)
7.344327 [INFO ] NMEA $GPGST,131021.000,7.9,22,10,124.0,15,19,55*4D (pico_gnss pico-gnss-rs/src/main.rs:483)
7.441463 [INFO ] PPS count=2 interval_us=1000002 interval_ns=1000002352 state=Locked missed=0 (pico_gnss pico-gnss-rs/src/main.rs:203)
7.444226 [INFO ] PPSGEN count=2 interval_ns=1000000032 dev_ns=32 phase_ns=2505643 hwphase_ns=2381568 trim_ppb=0 cfg=2 p_ns=148848 d_ns=0 (pico_gnss pico-gnss-rs/src/main.rs:330)
7.448835 [INFO ] TIME unix_ns=1780924222007272631 ppb=2352 holdover_ms=1007 locked=0 (pico_gnss pico-gnss-rs/src/main.rs:237)
7.656712 [INFO ] NMEA $GPGGA,131022.000,0000.0000,N,00000.0000,E,1,5,1.35,31.8,M,39.0,M,,*6E (pico_gnss pico-gnss-rs/src/main.rs:483)
7.715110 [INFO ] NMEA $GNGLL,0000.0000,N,00000.0000,E,131022.000,A,A*47 (pico_gnss pico-gnss-rs/src/main.rs:483)
7.744746 [INFO ] NMEA $GNGSA,A,3,10,12,29,32,23,,,,,,,,1.68,1.35,0.99*1D (pico_gnss pico-gnss-rs/src/main.rs:483)
7.802925 [INFO ] NMEA $GNGSA,A,3,,,,,,,,,,,,,1.68,1.35,0.99*14 (pico_gnss pico-gnss-rs/src/main.rs:483)
7.861589 [INFO ] NMEA $GPGSV,4,1,13,25,83,086,16,32,62,320,16,12,44,048,24,10,40,223,14*72 (pico_gnss pico-gnss-rs/src/main.rs:483)
7.953089 [INFO ] NMEA $GPGSV,4,2,13,28,38,289,,29,19,145,18,23,17,189,16,24,13,081,*78 (pico_gnss pico-gnss-rs/src/main.rs:483)
8.011519 [INFO ] NMEA $GPGSV,4,3,13,31,12,273,,26,03,225,,193,,,,194,,,*7E (pico_gnss pico-gnss-rs/src/main.rs:483)
8.040749 [INFO ] NMEA $GPGSV,4,4,13,195,,,*46 (pico_gnss pico-gnss-rs/src/main.rs:483)
8.089062 [INFO ] NMEA $GLGSV,2,1,08,72,73,152,,75,65,272,,65,49,327,,74,46,026,*62 (pico_gnss pico-gnss-rs/src/main.rs:483)
8.161954 [INFO ] NMEA $GLGSV,2,2,08,71,19,150,19,76,15,234,,73,03,044,18,66,01,329,*68 (pico_gnss pico-gnss-rs/src/main.rs:483)
8.220684 [INFO ] NMEA $GNRMC,131022.000,A,0000.0000,N,00000.0000,E,0.18,82.82,080626,,,A*43 (pico_gnss pico-gnss-rs/src/main.rs:483)
8.223239 [INFO ] SYNC pps_local_us=1000002 unix_s=1780924222 drift_us=2 err_ns=0 holdover_ms=999 (pico_gnss pico-gnss-rs/src/main.rs:514)
8.278899 [INFO ] NMEA $GPVTG,82.82,T,,M,0.18,N,0.33,K,A*04 (pico_gnss pico-gnss-rs/src/main.rs:483)
8.308267 [INFO ] NMEA $GPZDA,131022.000,08,06,2026,,*5D (pico_gnss pico-gnss-rs/src/main.rs:483)
8.366438 [INFO ] NMEA $GPGST,131022.000,7.8,22,10,123.2,15,19,55*4A (pico_gnss pico-gnss-rs/src/main.rs:483)
8.367619 [INFO ] NMEA $PMTK001,313,3*31 (pico_gnss pico-gnss-rs/src/main.rs:483)
8.389794 [INFO ] NMEA $PMTK001,301,3*32 (pico_gnss pico-gnss-rs/src/main.rs:483)
8.441482 [INFO ] PPS count=3 interval_us=1000002 interval_ns=1000002336 state=Locked missed=0 (pico_gnss pico-gnss-rs/src/main.rs:203)
8.444072 [INFO ] PPSGEN count=3 interval_ns=999851024 dev_ns=-148976 phase_ns=2384643 hwphase_ns=2230256 trim_ppb=0 cfg=2 p_ns=139391 d_ns=0 (pico_gnss pico-gnss-rs/src/main.rs:330)
8.450048 [INFO ] TIME unix_ns=1780924223008651629 ppb=2352 holdover_ms=1008 locked=0 (pico_gnss pico-gnss-rs/src/main.rs:237)
8.690547 [INFO ] NMEA $GPGGA,131023.000,0000.0000,N,00000.0000,E,1,5,1.35,31.9,M,39.0,M,,*6B (pico_gnss pico-gnss-rs/src/main.rs:483)
8.748852 [INFO ] NMEA $GNGLL,0000.0000,N,00000.0000,E,131023.000,A,A*43 (pico_gnss pico-gnss-rs/src/main.rs:483)
8.807246 [INFO ] NMEA $GNGSA,A,3,10,12,29,32,23,,,,,,,,1.68,1.35,0.99*1D (pico_gnss pico-gnss-rs/src/main.rs:483)
8.836765 [INFO ] NMEA $GNGSA,A,3,,,,,,,,,,,,,1.68,1.35,0.99*14 (pico_gnss pico-gnss-rs/src/main.rs:483)
8.911775 [INFO ] NMEA $GPGSV,4,1,13,25,83,086,15,32,62,320,15,12,44,048,24,10,40,223,14*72 (pico_gnss pico-gnss-rs/src/main.rs:483)
8.970410 [INFO ] NMEA $GPGSV,4,2,13,28,38,289,,29,19,145,18,23,17,189,16,24,13,081,*78 (pico_gnss pico-gnss-rs/src/main.rs:483)
9.028814 [INFO ] NMEA $GPGSV,4,3,13,31,12,273,,26,03,225,,193,,,,194,,,*7E (pico_gnss pico-gnss-rs/src/main.rs:483)
9.058088 [INFO ] NMEA $GPGSV,4,4,13,195,,,*46 (pico_gnss pico-gnss-rs/src/main.rs:483)
9.116560 [INFO ] NMEA $GLGSV,2,1,08,72,73,152,,75,65,272,,65,49,327,,74,46,026,*62 (pico_gnss pico-gnss-rs/src/main.rs:483)
9.208056 [INFO ] NMEA $GLGSV,2,2,08,71,19,150,19,76,15,234,,73,03,044,18,66,01,329,*68 (pico_gnss pico-gnss-rs/src/main.rs:483)
9.281439 [INFO ] NMEA $GNRMC,131023.000,A,0000.0000,N,00000.0000,E,0.91,125.40,080626,,,A*74 (pico_gnss pico-gnss-rs/src/main.rs:483)
9.284040 [INFO ] SYNC pps_local_us=2000004 unix_s=1780924223 drift_us=2 err_ns=-15 holdover_ms=1000 (pico_gnss pico-gnss-rs/src/main.rs:514)
9.329124 [INFO ] NMEA $GPVTG,125.40,T,,M,0.91,N,1.68,K,A*38 (pico_gnss pico-gnss-rs/src/main.rs:483)
9.358466 [INFO ] NMEA $GPZDA,131023.000,08,06,2026,,*5C (pico_gnss pico-gnss-rs/src/main.rs:483)
9.387895 [INFO ] NMEA $GPGST,131023.000,7.8,22,10,123.1,15,19,55*48 (pico_gnss pico-gnss-rs/src/main.rs:483)
9.410856 [INFO ] NMEA $PMTK001,286,3*3C (pico_gnss pico-gnss-rs/src/main.rs:483)
9.441495 [INFO ] PPS count=4 interval_us=1000002 interval_ns=1000002352 state=Locked missed=0 (pico_gnss pico-gnss-rs/src/main.rs:203)
9.443919 [INFO ] PPSGEN count=4 interval_ns=999853536 dev_ns=-146464 phase_ns=2220644 hwphase_ns=2081440 trim_ppb=0 cfg=2 p_ns=130090 d_ns=0 (pico_gnss pico-gnss-rs/src/main.rs:330)
9.451230 [INFO ] TIME unix_ns=1780924224009821626 ppb=2352 holdover_ms=1009 locked=0 (pico_gnss pico-gnss-rs/src/main.rs:237)
9.723796 [INFO ] NMEA $GPGGA,131024.000,0000.0000,N,00000.0000,E,1,5,1.35,31.9,M,39.0,M,,*6C (pico_gnss pico-gnss-rs/src/main.rs:483)
9.782155 [INFO ] NMEA $GNGLL,0000.0000,N,00000.0000,E,131024.000,A,A*44 (pico_gnss pico-gnss-rs/src/main.rs:483)
9.811868 [INFO ] NMEA $GNGSA,A,3,10,12,29,32,23,,,,,,,,1.68,1.35,0.99*1D (pico_gnss pico-gnss-rs/src/main.rs:483)
9.854631 [INFO ] NMEA $GNGSA,A,3,,,,,,,,,,,,,1.68,1.35,0.99*14 (pico_gnss pico-gnss-rs/src/main.rs:483)
9.932794 [INFO ] NMEA $GPGSV,4,1,13,25,83,086,15,32,62,320,15,12,44,048,24,10,40,223,13*75 (pico_gnss pico-gnss-rs/src/main.rs:483)
10.020169 [INFO ] NMEA $GPGSV,4,2,13,28,38,289,,29,19,145,18,23,17,189,16,24,13,081,*78 (pico_gnss pico-gnss-rs/src/main.rs:483)
10.078611 [INFO ] NMEA $GPGSV,4,3,13,31,12,273,,26,03,225,,193,,,,194,,,*7E (pico_gnss pico-gnss-rs/src/main.rs:483)
10.079960 [INFO ] NMEA $GPGSV,4,4,13,195,,,*46 (pico_gnss pico-gnss-rs/src/main.rs:483)
10.166330 [INFO ] NMEA $GLGSV,2,1,08,72,73,152,,75,65,272,,65,49,327,,74,46,026,*62 (pico_gnss pico-gnss-rs/src/main.rs:483)
10.229065 [INFO ] NMEA $GLGSV,2,2,08,71,19,150,19,76,15,234,,73,03,044,18,66,01,329,*68 (pico_gnss pico-gnss-rs/src/main.rs:483)
10.287763 [INFO ] NMEA $GNRMC,131024.000,A,0000.0000,N,00000.0000,E,1.67,125.81,080626,,,A*76 (pico_gnss pico-gnss-rs/src/main.rs:483)
10.290330 [INFO ] SYNC pps_local_us=3000007 unix_s=1780924224 drift_us=2 err_ns=1 holdover_ms=1000 (pico_gnss pico-gnss-rs/src/main.rs:514)
10.345998 [INFO ] NMEA $GPVTG,125.81,T,,M,1.67,N,3.10,K,A*30 (pico_gnss pico-gnss-rs/src/main.rs:483)
10.375313 [INFO ] NMEA $GPZDA,131024.000,08,06,2026,,*5B (pico_gnss pico-gnss-rs/src/main.rs:483)
10.433388 [INFO ] NMEA $GPGST,131024.000,7.7,22,10,123.0,15,19,55*41 (pico_gnss pico-gnss-rs/src/main.rs:483)
10.434552 [INFO ] NMEA $PMTK001,314,3*36 (pico_gnss pico-gnss-rs/src/main.rs:483)
10.441506 [INFO ] PPS count=5 interval_us=1000002 interval_ns=1000002336 state=Locked missed=0 (pico_gnss pico-gnss-rs/src/main.rs:203)
10.443775 [INFO ] PPSGEN count=5 interval_ns=999862992 dev_ns=-137008 phase_ns=2091645 hwphase_ns=1942096 trim_ppb=0 cfg=2 p_ns=121381 d_ns=0 (pico_gnss pico-gnss-rs/src/main.rs:330)
10.452405 [INFO ] TIME unix_ns=1780924225011007624 ppb=2351 holdover_ms=1011 locked=0 (pico_gnss pico-gnss-rs/src/main.rs:237)
10.501126 [INFO ] NMEA $PMTK705,MT3333_AXN5.1.9_MODULE_STD_F0,0014,Taiyo_9600bps,*12 (pico_gnss pico-gnss-rs/src/main.rs:483)
10.502103 [INFO ] FW $PMTK705,MT3333_AXN5.1.9_MODULE_STD_F0,0014,Taiyo_9600bps,*12 (pico_gnss pico-gnss-rs/src/main.rs:487)
10.802610 [INFO ] NMEA $GPGGA,131025.000,0000.0000,N,00000.0000,E,1,5,1.35,31.9,M,39.0,M,,*63 (pico_gnss pico-gnss-rs/src/main.rs:483)
10.861004 [INFO ] NMEA $GNGLL,0000.0000,N,00000.0000,E,131025.000,A,A*4B (pico_gnss pico-gnss-rs/src/main.rs:483)
10.919374 [INFO ] NMEA $GNGSA,A,3,10,12,29,32,23,,,,,,,,1.68,1.35,0.99*1D (pico_gnss pico-gnss-rs/src/main.rs:483)
10.950871 [INFO ] NMEA $GNGSA,A,3,,,,,,,,,,,,,1.68,1.35,0.99*14 (pico_gnss pico-gnss-rs/src/main.rs:483)
11.038296 [INFO ] NMEA $GPGSV,4,1,13,25,83,086,16,32,62,320,15,12,44,048,24,10,40,223,13*76 (pico_gnss pico-gnss-rs/src/main.rs:483)
11.096905 [INFO ] NMEA $GPGSV,4,2,13,28,38,289,,29,19,145,18,23,17,189,16,24,13,081,*78 (pico_gnss pico-gnss-rs/src/main.rs:483)
11.155346 [INFO ] NMEA $GPGSV,4,3,13,31,12,273,,26,03,225,,193,,,,194,,,*7E (pico_gnss pico-gnss-rs/src/main.rs:483)
11.184630 [INFO ] NMEA $GPGSV,4,4,13,195,,,*46 (pico_gnss pico-gnss-rs/src/main.rs:483)
11.247174 [INFO ] NMEA $GLGSV,2,1,08,72,73,152,,75,65,272,,65,49,327,,74,46,026,*62 (pico_gnss pico-gnss-rs/src/main.rs:483)
11.305796 [INFO ] NMEA $GLGSV,2,2,08,71,19,150,19,76,15,234,,73,03,044,18,66,01,329,*68 (pico_gnss pico-gnss-rs/src/main.rs:483)
11.393125 [INFO ] NMEA $GNRMC,131025.000,A,0000.0000,N,00000.0000,E,1.30,87.79,080626,,,A*45 (pico_gnss pico-gnss-rs/src/main.rs:483)
11.395671 [INFO ] SYNC pps_local_us=4000009 unix_s=1780924225 drift_us=2 err_ns=-15 holdover_ms=1000 (pico_gnss pico-gnss-rs/src/main.rs:514)
11.422779 [INFO ] NMEA $GPVTG,87.79,T,,M,1.30,N,2.40,K,A*08 (pico_gnss pico-gnss-rs/src/main.rs:483)
11.441554 [INFO ] PPS count=6 interval_us=1000002 interval_ns=1000002336 state=Locked missed=0 (pico_gnss pico-gnss-rs/src/main.rs:203)
11.443654 [INFO ] PPSGEN count=6 interval_ns=999872288 dev_ns=-127712 phase_ns=1955645 hwphase_ns=1812048 trim_ppb=0 cfg=2 p_ns=113253 d_ns=0 (pico_gnss pico-gnss-rs/src/main.rs:330)
11.452184 [INFO ] NMEA $GPZDA,131025.000,08,06,2026,,*5A (pico_gnss pico-gnss-rs/src/main.rs:483)
11.454027 [INFO ] TIME unix_ns=1780924226012519621 ppb=2351 holdover_ms=1012 locked=0 (pico_gnss pico-gnss-rs/src/main.rs:237)
11.501705 [INFO ] NMEA $GPGST,131025.000,7.7,22,10,123.0,15,19,55*40 (pico_gnss pico-gnss-rs/src/main.rs:483)
11.715458 [INFO ] NMEA $GPGGA,131026.000,0000.0000,N,00000.0000,E,1,5,1.35,32.0,M,39.0,M,,*61 (pico_gnss pico-gnss-rs/src/main.rs:483)
11.773848 [INFO ] NMEA $GNGLL,0000.0000,N,00000.0000,E,131026.000,A,A*43 (pico_gnss pico-gnss-rs/src/main.rs:483)
11.832246 [INFO ] NMEA $GNGSA,A,3,10,12,29,32,23,,,,,,,,1.68,1.35,0.99*1D (pico_gnss pico-gnss-rs/src/main.rs:483)
11.881184 [INFO ] NMEA $GNGSA,A,3,,,,,,,,,,,,,1.68,1.35,0.99*14 (pico_gnss pico-gnss-rs/src/main.rs:483)
11.939885 [INFO ] NMEA $GPGSV,4,1,13,25,83,086,16,32,62,320,15,12,44,048,24,10,40,223,13*76 (pico_gnss pico-gnss-rs/src/main.rs:483)
11.998555 [INFO ] NMEA $GPGSV,4,2,13,28,38,289,,29,19,145,18,23,17,189,16,24,13,081,15*7C (pico_gnss pico-gnss-rs/src/main.rs:483)
12.056958 [INFO ] NMEA $GPGSV,4,3,13,31,12,273,,26,03,225,,193,,,,194,,,*7E (pico_gnss pico-gnss-rs/src/main.rs:483)
12.086207 [INFO ] NMEA $GPGSV,4,4,13,195,,,*46 (pico_gnss pico-gnss-rs/src/main.rs:483)
12.148793 [INFO ] NMEA $GLGSV,2,1,08,72,73,152,,75,65,272,,65,49,327,,74,46,026,*62 (pico_gnss pico-gnss-rs/src/main.rs:483)
12.236176 [INFO ] NMEA $GLGSV,2,2,08,71,19,150,19,76,15,234,,73,03,044,18,66,01,329,*68 (pico_gnss pico-gnss-rs/src/main.rs:483)
12.294887 [INFO ] NMEA $GNRMC,131026.000,A,0000.0000,N,00000.0000,E,1.01,35.37,080626,,,A*4C (pico_gnss pico-gnss-rs/src/main.rs:483)
12.297443 [INFO ] SYNC pps_local_us=5000011 unix_s=1780924226 drift_us=2 err_ns=-14 holdover_ms=1000 (pico_gnss pico-gnss-rs/src/main.rs:514)
12.353086 [INFO ] NMEA $GPVTG,35.37,T,,M,1.01,N,1.87,K,A*01 (pico_gnss pico-gnss-rs/src/main.rs:483)
12.382420 [INFO ] NMEA $GPZDA,131026.000,08,06,2026,,*59 (pico_gnss pico-gnss-rs/src/main.rs:483)
12.417124 [INFO ] NMEA $GPGST,131026.000,7.6,22,10,122.9,15,19,55*4A (pico_gnss pico-gnss-rs/src/main.rs:483)
12.441502 [INFO ] PPS count=7 interval_us=1000002 interval_ns=1000002336 state=Locked missed=0 (pico_gnss pico-gnss-rs/src/main.rs:203)
12.443530 [INFO ] PPSGEN count=7 interval_ns=999880992 dev_ns=-119008 phase_ns=1810646 hwphase_ns=1690704 trim_ppb=0 cfg=2 p_ns=105669 d_ns=0 (pico_gnss pico-gnss-rs/src/main.rs:330)
12.455206 [INFO ] TIME unix_ns=1780924227013783618 ppb=2350 holdover_ms=1013 locked=0 (pico_gnss pico-gnss-rs/src/main.rs:237)
12.724463 [INFO ] NMEA $GPGGA,131027.000,0000.0000,N,00000.0000,E,1,5,1.35,32.2,M,39.0,M,,*66 (pico_gnss pico-gnss-rs/src/main.rs:483)
12.782780 [INFO ] NMEA $GNGLL,0000.0000,N,00000.0000,E,131027.000,A,A*46 (pico_gnss pico-gnss-rs/src/main.rs:483)
12.841176 [INFO ] NMEA $GNGSA,A,3,10,12,29,32,23,,,,,,,,1.68,1.35,0.99*1D (pico_gnss pico-gnss-rs/src/main.rs:483)
12.870667 [INFO ] NMEA $GNGSA,A,3,,,,,,,,,,,,,1.68,1.35,0.99*14 (pico_gnss pico-gnss-rs/src/main.rs:483)
12.935401 [INFO ] NMEA $GPGSV,4,1,13,25,83,086,16,32,62,320,15,12,44,048,24,10,40,223,13*76 (pico_gnss pico-gnss-rs/src/main.rs:483)
13.022857 [INFO ] NMEA $GPGSV,4,2,13,28,38,289,,29,19,145,18,23,17,189,16,24,13,081,15*7C (pico_gnss pico-gnss-rs/src/main.rs:483)
13.081291 [INFO ] NMEA $GPGSV,4,3,13,31,12,273,,26,03,225,,193,,,,194,,,*7E (pico_gnss pico-gnss-rs/src/main.rs:483)
13.110538 [INFO ] NMEA $GPGSV,4,4,13,195,,,*46 (pico_gnss pico-gnss-rs/src/main.rs:483)
13.173123 [INFO ] NMEA $GLGSV,2,1,08,72,73,152,,75,65,272,,65,49,327,,74,46,026,*62 (pico_gnss pico-gnss-rs/src/main.rs:483)
13.231732 [INFO ] NMEA $GLGSV,2,2,08,71,19,150,19,76,15,234,,73,03,044,18,66,01,329,*68 (pico_gnss pico-gnss-rs/src/main.rs:483)
13.319183 [INFO ] NMEA $GNRMC,131027.000,A,0000.0000,N,00000.0000,E,0.88,2.66,080626,,,A*79 (pico_gnss pico-gnss-rs/src/main.rs:483)
13.321727 [INFO ] SYNC pps_local_us=6000014 unix_s=1780924227 drift_us=2 err_ns=-14 holdover_ms=999 (pico_gnss pico-gnss-rs/src/main.rs:514)
13.348849 [INFO ] NMEA $GPVTG,2.66,T,,M,0.88,N,1.63,K,A*3B (pico_gnss pico-gnss-rs/src/main.rs:483)
13.377940 [INFO ] NMEA $GPZDA,131027.000,08,06,2026,,*58 (pico_gnss pico-gnss-rs/src/main.rs:483)
13.423895 [INFO ] NMEA $GPGST,131027.000,7.5,22,10,123.0,15,19,55*40 (pico_gnss pico-gnss-rs/src/main.rs:483)
13.441517 [INFO ] PPS count=8 interval_us=1000002 interval_ns=1000002336 state=Locked missed=0 (pico_gnss pico-gnss-rs/src/main.rs:203)
13.443423 [INFO ] PPSGEN count=8 interval_ns=999889120 dev_ns=-110880 phase_ns=1736647 hwphase_ns=1577488 trim_ppb=0 cfg=2 p_ns=98593 d_ns=0 (pico_gnss pico-gnss-rs/src/main.rs:330)
13.456370 [INFO ] TIME unix_ns=1780924228014970616 ppb=2350 holdover_ms=1014 locked=0 (pico_gnss pico-gnss-rs/src/main.rs:237)
13.804469 [INFO ] NMEA $GPGGA,131028.000,0000.0000,N,00000.0000,E,1,6,1.21,32.1,M,39.0,M,,*6E (pico_gnss pico-gnss-rs/src/main.rs:483)
13.862762 [INFO ] NMEA $GNGLL,0000.0000,N,00000.0000,E,131028.000,A,A*4B (pico_gnss pico-gnss-rs/src/main.rs:483)
13.921222 [INFO ] NMEA $GNGSA,A,3,24,10,12,29,32,23,,,,,,,1.55,1.21,0.97*1E (pico_gnss pico-gnss-rs/src/main.rs:483)
13.950710 [INFO ] NMEA $GNGSA,A,3,,,,,,,,,,,,,1.55,1.21,0.97*11 (pico_gnss pico-gnss-rs/src/main.rs:483)
14.032942 [INFO ] NMEA $GPGSV,4,1,13,25,83,086,15,32,62,320,14,12,44,048,24,10,40,223,13*74 (pico_gnss pico-gnss-rs/src/main.rs:483)
14.091596 [INFO ] NMEA $GPGSV,4,2,13,28,38,289,,29,19,145,19,23,17,189,16,24,13,081,15*7D (pico_gnss pico-gnss-rs/src/main.rs:483)
14.149997 [INFO ] NMEA $GPGSV,4,3,13,31,12,273,,26,03,225,,193,,,,194,,,*7E (pico_gnss pico-gnss-rs/src/main.rs:483)
14.179267 [INFO ] NMEA $GPGSV,4,4,13,195,,,*46 (pico_gnss pico-gnss-rs/src/main.rs:483)
14.237746 [INFO ] NMEA $GLGSV,2,1,08,72,73,152,,75,65,272,,65,49,327,,74,46,026,*62 (pico_gnss pico-gnss-rs/src/main.rs:483)
14.329224 [INFO ] NMEA $GLGSV,2,2,08,71,19,150,19,76,15,234,,73,03,044,18,66,01,329,*68 (pico_gnss pico-gnss-rs/src/main.rs:483)
14.387801 [INFO ] NMEA $GNRMC,131028.000,A,0000.0000,N,00000.0000,E,0.90,37.35,080626,,,A*4D (pico_gnss pico-gnss-rs/src/main.rs:483)
14.390335 [INFO ] SYNC pps_local_us=7000016 unix_s=1780924228 drift_us=2 err_ns=-13 holdover_ms=1000 (pico_gnss pico-gnss-rs/src/main.rs:514)
14.441534 [INFO ] PPS count=9 interval_us=1000002 interval_ns=1000002336 state=Locked missed=0 (pico_gnss pico-gnss-rs/src/main.rs:203)
14.443333 [INFO ] PPSGEN count=9 interval_ns=999896704 dev_ns=-103296 phase_ns=1647647 hwphase_ns=1471856 trim_ppb=0 cfg=2 p_ns=91991 d_ns=0 (pico_gnss pico-gnss-rs/src/main.rs:330)
14.446256 [INFO ] NMEA $GPVTG,37.35,T,,M,0.90,N,1.67,K,A*06 (pico_gnss pico-gnss-rs/src/main.rs:483)
14.457646 [INFO ] TIME unix_ns=1780924229016115613 ppb=2349 holdover_ms=1016 locked=1 (pico_gnss pico-gnss-rs/src/main.rs:237)
14.475492 [INFO ] NMEA $GPZDA,131028.000,08,06,2026,,*57 (pico_gnss pico-gnss-rs/src/main.rs:483)
14.504781 [INFO ] NMEA $GPGST,131028.000,7.5,24,8.8,122.5,15,21,52*6E (pico_gnss pico-gnss-rs/src/main.rs:483)
14.804558 [INFO ] NMEA $GPGGA,131029.000,0000.0000,N,00000.0000,E,1,6,1.21,31.9,M,39.0,M,,*67 (pico_gnss pico-gnss-rs/src/main.rs:483)
14.862920 [INFO ] NMEA $GNGLL,0000.0000,N,00000.0000,E,131029.000,A,A*49 (pico_gnss pico-gnss-rs/src/main.rs:483)
14.921373 [INFO ] NMEA $GNGSA,A,3,24,10,12,29,32,23,,,,,,,1.55,1.21,0.97*1E (pico_gnss pico-gnss-rs/src/main.rs:483)
14.950914 [INFO ] NMEA $GNGSA,A,3,,,,,,,,,,,,,1.55,1.21,0.97*11 (pico_gnss pico-gnss-rs/src/main.rs:483)
15.042334 [INFO ] NMEA $GPGSV,4,1,13,25,83,086,15,32,62,320,14,12,44,048,24,10,40,223,13*74 (pico_gnss pico-gnss-rs/src/main.rs:483)
15.101043 [INFO ] NMEA $GPGSV,4,2,13,28,38,289,,29,19,145,19,23,17,189,16,24,13,081,15*7D (pico_gnss pico-gnss-rs/src/main.rs:483)
15.159453 [INFO ] NMEA $GPGSV,4,3,13,31,12,273,,26,03,225,,193,,,,194,,,*7E (pico_gnss pico-gnss-rs/src/main.rs:483)
15.188690 [INFO ] NMEA $GPGSV,4,4,13,195,,,*46 (pico_gnss pico-gnss-rs/src/main.rs:483)
15.247175 [INFO ] NMEA $GLGSV,2,1,08,72,73,152,,75,65,272,,65,49,327,,74,46,026,*62 (pico_gnss pico-gnss-rs/src/main.rs:483)
15.309952 [INFO ] NMEA $GLGSV,2,2,08,71,19,150,19,76,15,234,,73,03,044,19,66,01,329,*69 (pico_gnss pico-gnss-rs/src/main.rs:483)
15.397328 [INFO ] NMEA $GNRMC,131029.000,A,0000.0000,N,00000.0000,E,1.52,12.86,080626,,,A*4F (pico_gnss pico-gnss-rs/src/main.rs:483)
15.399866 [INFO ] SYNC pps_local_us=8000018 unix_s=1780924229 drift_us=2 err_ns=-13 holdover_ms=999 (pico_gnss pico-gnss-rs/src/main.rs:514)
15.426957 [INFO ] NMEA $GPVTG,12.86,T,,M,1.52,N,2.82,K,A*0E (pico_gnss pico-gnss-rs/src/main.rs:483)
15.441545 [INFO ] PPS count=10 interval_us=1000002 interval_ns=1000002336 state=Locked missed=0 (pico_gnss pico-gnss-rs/src/main.rs:203)
15.443359 [INFO ] PPSGEN count=10 interval_ns=999903776 dev_ns=-96224 phase_ns=1673648 hwphase_ns=1373296 trim_ppb=0 cfg=2 p_ns=85831 d_ns=0 (pico_gnss pico-gnss-rs/src/main.rs:330)
15.456405 [INFO ] NMEA $GPZDA,131029.000,08,06,2026,,*56 (pico_gnss pico-gnss-rs/src/main.rs:483)
15.458947 [INFO ] TIME unix_ns=1780924230017430611 ppb=2349 holdover_ms=1017 locked=1 (pico_gnss pico-gnss-rs/src/main.rs:237)
15.506071 [INFO ] NMEA $GPGST,131029.000,7.5,24,8.7,122.9,15,21,52*6C (pico_gnss pico-gnss-rs/src/main.rs:483)
15.768045 [INFO ] NMEA $GPGGA,131030.000,0000.0000,N,00000.0000,E,1,6,1.21,32.0,M,39.0,M,,*6C (pico_gnss pico-gnss-rs/src/main.rs:483)
15.826412 [INFO ] NMEA $GNGLL,0000.0000,N,00000.0000,E,131030.000,A,A*48 (pico_gnss pico-gnss-rs/src/main.rs:483)
15.884857 [INFO ] NMEA $GNGSA,A,3,24,10,12,29,32,23,,,,,,,1.55,1.21,0.97*1E (pico_gnss pico-gnss-rs/src/main.rs:483)
15.943070 [INFO ] NMEA $GNGSA,A,3,,,,,,,,,,,,,1.55,1.21,0.97*11 (pico_gnss pico-gnss-rs/src/main.rs:483)
16.005839 [INFO ] NMEA $GPGSV,4,1,13,25,83,086,15,32,62,320,15,12,44,048,24,10,40,223,13*75 (pico_gnss pico-gnss-rs/src/main.rs:483)
16.093254 [INFO ] NMEA $GPGSV,4,2,13,28,38,289,,29,19,145,19,23,17,189,16,24,13,081,15*7D (pico_gnss pico-gnss-rs/src/main.rs:483)
16.123005 [INFO ] NMEA $GPGSV,4,3,13,31,12,273,,26,03,225,,193,,,,194,,,*7E (pico_gnss pico-gnss-rs/src/main.rs:483)
16.152189 [INFO ] NMEA $GPGSV,4,4,13,195,,,*46 (pico_gnss pico-gnss-rs/src/main.rs:483)
16.239418 [INFO ] NMEA $GLGSV,2,1,08,72,73,152,,75,65,272,,65,49,327,,74,46,026,*62 (pico_gnss pico-gnss-rs/src/main.rs:483)
16.302198 [INFO ] NMEA $GLGSV,2,2,08,71,19,150,18,76,15,234,,73,03,044,19,66,01,329,*68 (pico_gnss pico-gnss-rs/src/main.rs:483)
16.360848 [INFO ] NMEA $GNRMC,131030.000,A,0000.0000,N,00000.0000,E,0.89,19.99,080626,,,A*4C (pico_gnss pico-gnss-rs/src/main.rs:483)
16.363388 [INFO ] SYNC pps_local_us=9000021 unix_s=1780924230 drift_us=2 err_ns=-12 holdover_ms=1000 (pico_gnss pico-gnss-rs/src/main.rs:514)
16.418982 [INFO ] NMEA $GPVTG,19.99,T,,M,0.89,N,1.66,K,A*05 (pico_gnss pico-gnss-rs/src/main.rs:483)
16.441565 [INFO ] PPS count=11 interval_us=1000002 interval_ns=1000002352 state=Locked missed=0 (pico_gnss pico-gnss-rs/src/main.rs:203)
16.443349 [INFO ] PPSGEN count=11 interval_ns=999910384 dev_ns=-89616 phase_ns=1659648 hwphase_ns=1281328 trim_ppb=0 cfg=2 p_ns=80083 d_ns=0 (pico_gnss pico-gnss-rs/src/main.rs:330)
16.448643 [INFO ] NMEA $GPZDA,131030.000,08,06,2026,,*5E (pico_gnss pico-gnss-rs/src/main.rs:483)
16.460243 [INFO ] TIME unix_ns=1780924231018708608 ppb=2349 holdover_ms=1018 locked=1 (pico_gnss pico-gnss-rs/src/main.rs:237)
16.485782 [INFO ] NMEA $GPGST,131030.000,7.5,24,8.6,123.2,15,21,53*6E (pico_gnss pico-gnss-rs/src/main.rs:483)
16.756494 [INFO ] NMEA $GPGGA,131031.000,0000.0000,N,00000.0000,E,1,6,1.21,32.0,M,39.0,M,,*67 (pico_gnss pico-gnss-rs/src/main.rs:483)
16.814850 [INFO ] NMEA $GNGLL,0000.0000,N,00000.0000,E,131031.000,A,A*43 (pico_gnss pico-gnss-rs/src/main.rs:483)
16.873288 [INFO ] NMEA $GNGSA,A,3,24,10,12,29,32,23,,,,,,,1.55,1.21,0.97*1E (pico_gnss pico-gnss-rs/src/main.rs:483)
16.902760 [INFO ] NMEA $GNGSA,A,3,,,,,,,,,,,,,1.55,1.21,0.97*11 (pico_gnss pico-gnss-rs/src/main.rs:483)
16.994283 [INFO ] NMEA $GPGSV,4,1,13,25,83,086,16,32,62,320,16,12,44,048,24,10,40,223,13*75 (pico_gnss pico-gnss-rs/src/main.rs:483)
17.052931 [INFO ] NMEA $GPGSV,4,2,13,28,38,289,,29,19,145,19,23,17,189,16,24,13,081,13*7B (pico_gnss pico-gnss-rs/src/main.rs:483)
17.111365 [INFO ] NMEA $GPGSV,4,3,13,31,12,273,,26,03,225,,193,,,,194,,,*7E (pico_gnss pico-gnss-rs/src/main.rs:483)
17.140610 [INFO ] NMEA $GPGSV,4,4,13,195,,,*46 (pico_gnss pico-gnss-rs/src/main.rs:483)
17.199066 [INFO ] NMEA $GLGSV,2,1,08,72,73,152,,75,65,272,,65,49,327,,74,46,026,*62 (pico_gnss pico-gnss-rs/src/main.rs:483)
17.261809 [INFO ] NMEA $GLGSV,2,2,08,71,19,150,18,76,15,234,,73,03,044,19,66,01,329,*68 (pico_gnss pico-gnss-rs/src/main.rs:483)
17.349233 [INFO ] NMEA $GNRMC,131031.000,A,0000.0000,N,00000.0000,E,1.08,63.35,080626,,,A*44 (pico_gnss pico-gnss-rs/src/main.rs:483)
17.351804 [INFO ] SYNC pps_local_us=10000023 unix_s=1780924231 drift_us=2 err_ns=4 holdover_ms=1000 (pico_gnss pico-gnss-rs/src/main.rs:514)
17.378902 [INFO ] NMEA $GPVTG,63.35,T,,M,1.08,N,2.00,K,A*05 (pico_gnss pico-gnss-rs/src/main.rs:483)
17.407992 [INFO ] NMEA $GPZDA,131031.000,08,06,2026,,*5F (pico_gnss pico-gnss-rs/src/main.rs:483)
17.441531 [INFO ] PPS count=12 interval_us=1000002 interval_ns=1000002336 state=Locked missed=0 (pico_gnss pico-gnss-rs/src/main.rs:203)
17.443359 [INFO ] PPSGEN count=12 interval_ns=999916544 dev_ns=-83456 phase_ns=1645648 hwphase_ns=1195536 trim_ppb=0 cfg=2 p_ns=74721 d_ns=0 (pico_gnss pico-gnss-rs/src/main.rs:330)
17.461848 [INFO ] TIME unix_ns=1780924232020000605 ppb=2349 holdover_ms=1020 locked=1 (pico_gnss pico-gnss-rs/src/main.rs:237)
17.463565 [INFO ] NMEA $GPGST,131031.000,7.5,24,8.6,123.3,15,20,53*6F (pico_gnss pico-gnss-rs/src/main.rs:483)
17.747782 [INFO ] NMEA $GPGGA,131032.000,0000.0000,N,00000.0000,E,1,6,1.21,32.0,M,39.0,M,,*66 (pico_gnss pico-gnss-rs/src/main.rs:483)
17.777476 [INFO ] NMEA $GNGLL,0000.0000,N,00000.0000,E,131032.000,A,A*42 (pico_gnss pico-gnss-rs/src/main.rs:483)
17.835830 [INFO ] NMEA $GNGSA,A,3,24,10,12,29,32,23,,,,,,,1.55,1.21,0.97*1E (pico_gnss pico-gnss-rs/src/main.rs:483)
17.894037 [INFO ] NMEA $GNGSA,A,3,,,,,,,,,,,,,1.55,1.21,0.97*11 (pico_gnss pico-gnss-rs/src/main.rs:483)
17.952741 [INFO ] NMEA $GPGSV,4,1,13,25,83,086,16,32,62,320,16,12,44,048,24,10,40,223,13*75 (pico_gnss pico-gnss-rs/src/main.rs:483)
18.044248 [INFO ] NMEA $GPGSV,4,2,13,28,38,289,,29,19,145,19,23,17,189,16,24,13,081,15*7D (pico_gnss pico-gnss-rs/src/main.rs:483)
18.102701 [INFO ] NMEA $GPGSV,4,3,13,31,12,273,,26,03,225,,193,,,,194,,,*7E (pico_gnss pico-gnss-rs/src/main.rs:483)
18.104036 [INFO ] NMEA $GPGSV,4,4,13,195,,,*46 (pico_gnss pico-gnss-rs/src/main.rs:483)
18.190404 [INFO ] NMEA $GLGSV,2,1,08,72,73,152,,75,65,272,,65,49,327,,74,46,026,*62 (pico_gnss pico-gnss-rs/src/main.rs:483)
18.253132 [INFO ] NMEA $GLGSV,2,2,08,71,19,150,18,76,15,234,,73,03,044,18,66,01,329,*69 (pico_gnss pico-gnss-rs/src/main.rs:483)
18.311835 [INFO ] NMEA $GNRMC,131032.000,A,0000.0000,N,00000.0000,E,1.18,88.77,080626,,,A*47 (pico_gnss pico-gnss-rs/src/main.rs:483)
18.314399 [INFO ] SYNC pps_local_us=11000025 unix_s=1780924232 drift_us=2 err_ns=-12 holdover_ms=999 (pico_gnss pico-gnss-rs/src/main.rs:514)
18.369982 [INFO ] NMEA $GPVTG,88.77,T,,M,1.18,N,2.19,K,A*0F (pico_gnss pico-gnss-rs/src/main.rs:483)
18.399294 [INFO ] NMEA $GPZDA,131032.000,08,06,2026,,*5C (pico_gnss pico-gnss-rs/src/main.rs:483)
18.441548 [INFO ] PPS count=13 interval_us=1000002 interval_ns=1000002320 state=Locked missed=0 (pico_gnss pico-gnss-rs/src/main.rs:203)
18.443385 [INFO ] PPSGEN count=13 interval_ns=999922288 dev_ns=-77712 phase_ns=1695649 hwphase_ns=1115504 trim_ppb=0 cfg=2 p_ns=69719 d_ns=0 (pico_gnss pico-gnss-rs/src/main.rs:330)
18.444568 [INFO ] NMEA $GPGST,131032.000,7.4,24,8.6,123.3,15,21,53*6C (pico_gnss pico-gnss-rs/src/main.rs:483)
18.463134 [INFO ] TIME unix_ns=1780924233021660602 ppb=2348 holdover_ms=1021 locked=1 (pico_gnss pico-gnss-rs/src/main.rs:237)
18.824301 [INFO ] NMEA $GPGGA,131033.000,0000.0000,N,00000.0000,E,1,6,1.21,32.1,M,39.0,M,,*68 (pico_gnss pico-gnss-rs/src/main.rs:483)
18.882668 [INFO ] NMEA $GNGLL,0000.0000,N,00000.0000,E,131033.000,A,A*4D (pico_gnss pico-gnss-rs/src/main.rs:483)
18.941062 [INFO ] NMEA $GNGSA,A,3,24,10,12,29,32,23,,,,,,,1.55,1.21,0.97*1E (pico_gnss pico-gnss-rs/src/main.rs:483)
18.970580 [INFO ] NMEA $GNGSA,A,3,,,,,,,,,,,,,1.55,1.21,0.97*11 (pico_gnss pico-gnss-rs/src/main.rs:483)
19.057937 [INFO ] NMEA $GPGSV,4,1,13,25,83,086,16,32,62,320,16,12,44,048,24,10,40,223,13*75 (pico_gnss pico-gnss-rs/src/main.rs:483)
19.120716 [INFO ] NMEA $GPGSV,4,2,13,28,38,289,,29,19,145,19,23,17,189,16,24,13,081,14*7C (pico_gnss pico-gnss-rs/src/main.rs:483)
19.179189 [INFO ] NMEA $GPGSV,4,3,13,31,12,273,,26,03,225,,193,,,,194,,,*7E (pico_gnss pico-gnss-rs/src/main.rs:483)
19.208368 [INFO ] NMEA $GPGSV,4,4,13,195,,,*46 (pico_gnss pico-gnss-rs/src/main.rs:483)
19.266891 [INFO ] NMEA $GLGSV,2,1,08,72,73,152,,75,65,272,,65,49,327,,74,46,026,*62 (pico_gnss pico-gnss-rs/src/main.rs:483)
19.354155 [INFO ] NMEA $GLGSV,2,2,08,71,19,150,18,76,15,234,,73,03,044,18,66,01,329,*69 (pico_gnss pico-gnss-rs/src/main.rs:483)
19.416903 [INFO ] NMEA $GNRMC,131033.000,A,0000.0000,N,00000.0000,E,0.58,88.77,080626,,,A*4D (pico_gnss pico-gnss-rs/src/main.rs:483)
19.419471 [INFO ] SYNC pps_local_us=12000028 unix_s=1780924233 drift_us=2 err_ns=-27 holdover_ms=1000 (pico_gnss pico-gnss-rs/src/main.rs:514)
19.441610 [INFO ] PPS count=14 interval_us=1000002 interval_ns=1000002352 state=Locked missed=0 (pico_gnss pico-gnss-rs/src/main.rs:203)
19.443364 [INFO ] PPSGEN count=14 interval_ns=999927648 dev_ns=-72352 phase_ns=1719649 hwphase_ns=1040800 trim_ppb=0 cfg=2 p_ns=65050 d_ns=0 (pico_gnss pico-gnss-rs/src/main.rs:330)
19.446737 [INFO ] NMEA $GPVTG,88.77,T,,M,0.58,N,1.07,K,A*06 (pico_gnss pico-gnss-rs/src/main.rs:483)
19.464427 [INFO ] TIME unix_ns=1780924234022914599 ppb=2348 holdover_ms=1022 locked=1 (pico_gnss pico-gnss-rs/src/main.rs:237)
19.504314 [INFO ] NMEA $GPZDA,131033.000,08,06,2026,,*5D (pico_gnss pico-gnss-rs/src/main.rs:483)
19.532970 [INFO ] NMEA $GPGST,131033.000,7.4,19,12,124.6,14,17,38*4B (pico_gnss pico-gnss-rs/src/main.rs:483)
19.835691 [INFO ] NMEA $GPGGA,131034.000,0000.0000,N,00000.0000,E,1,6,1.21,31.9,M,39.0,M,,*6C (pico_gnss pico-gnss-rs/src/main.rs:483)
19.894099 [INFO ] NMEA $GNGLL,0000.0000,N,00000.0000,E,131034.000,A,A*42 (pico_gnss pico-gnss-rs/src/main.rs:483)
19.923790 [INFO ] NMEA $GNGSA,A,3,24,10,12,29,32,23,,,,,,,1.55,1.21,0.97*1E (pico_gnss pico-gnss-rs/src/main.rs:483)
19.981975 [INFO ] NMEA $GNGSA,A,3,,,,,,,,,,,,,1.55,1.21,0.97*11 (pico_gnss pico-gnss-rs/src/main.rs:483)
20.040626 [INFO ] NMEA $GPGSV,4,1,13,25,83,086,16,32,62,320,16,12,44,048,24,10,40,223,12*74 (pico_gnss pico-gnss-rs/src/main.rs:483)
20.132202 [INFO ] NMEA $GPGSV,4,2,13,28,38,289,15,29,19,145,19,23,17,189,16,24,13,081,15*79 (pico_gnss pico-gnss-rs/src/main.rs:483)
20.190612 [INFO ] NMEA $GPGSV,4,3,13,31,12,273,,26,03,225,,193,,,,194,,,*7E (pico_gnss pico-gnss-rs/src/main.rs:483)
20.219888 [INFO ] NMEA $GPGSV,4,4,13,195,,,*46 (pico_gnss pico-gnss-rs/src/main.rs:483)
20.278383 [INFO ] NMEA $GLGSV,2,1,08,72,73,152,,75,65,272,,65,49,327,,74,46,026,*62 (pico_gnss pico-gnss-rs/src/main.rs:483)
20.336974 [INFO ] NMEA $GLGSV,2,2,08,71,19,150,18,76,15,234,,73,03,044,18,66,01,329,*69 (pico_gnss pico-gnss-rs/src/main.rs:483)
20.428356 [INFO ] NMEA $GNRMC,131034.000,A,0000.0000,N,00000.0000,E,0.45,88.77,080626,,,A*4E (pico_gnss pico-gnss-rs/src/main.rs:483)
20.430913 [INFO ] SYNC pps_local_us=13000030 unix_s=1780924234 drift_us=2 err_ns=5 holdover_ms=1000 (pico_gnss pico-gnss-rs/src/main.rs:514)
20.441605 [INFO ] PPS count=15 interval_us=1000002 interval_ns=1000002336 state=Locked missed=0 (pico_gnss pico-gnss-rs/src/main.rs:203)
20.443388 [INFO ] PPSGEN count=15 interval_ns=999932656 dev_ns=-67344 phase_ns=1631649 hwphase_ns=971120 trim_ppb=0 cfg=2 p_ns=60695 d_ns=0 (pico_gnss pico-gnss-rs/src/main.rs:330)
20.458176 [INFO ] NMEA $GPVTG,88.77,T,,M,0.45,N,0.84,K,A*00 (pico_gnss pico-gnss-rs/src/main.rs:483)
20.465728 [INFO ] TIME unix_ns=1780924235024124596 ppb=2347 holdover_ms=1024 locked=1 (pico_gnss pico-gnss-rs/src/main.rs:237)
20.487365 [INFO ] NMEA $GPZDA,131034.000,08,06,2026,,*5A (pico_gnss pico-gnss-rs/src/main.rs:483)
20.532854 [INFO ] NMEA $GPGST,131034.000,7.4,19,12,124.6,14,17,39*4D (pico_gnss pico-gnss-rs/src/main.rs:483)
20.826611 [INFO ] NMEA $GPGGA,131035.000,0000.0000,N,00000.0000,E,1,6,1.21,31.8,M,39.0,M,,*60 (pico_gnss pico-gnss-rs/src/main.rs:483)
20.875737 [INFO ] NMEA $GNGLL,0000.0000,N,00000.0000,E,131035.000,A,A*4F (pico_gnss pico-gnss-rs/src/main.rs:483)
20.934148 [INFO ] NMEA $GNGSA,A,3,24,10,12,29,32,23,,,,,,,1.55,1.21,0.97*1E (pico_gnss pico-gnss-rs/src/main.rs:483)
20.992397 [INFO ] NMEA $GNGSA,A,3,,,,,,,,,,,,,1.55,1.21,0.97*11 (pico_gnss pico-gnss-rs/src/main.rs:483)
21.051059 [INFO ] NMEA $GPGSV,4,1,13,25,83,086,15,32,62,320,16,12,44,048,24,10,40,223,12*77 (pico_gnss pico-gnss-rs/src/main.rs:483)
21.113825 [INFO ] NMEA $GPGSV,4,2,13,28,38,289,15,29,19,145,19,23,17,189,16,24,13,081,15*79 (pico_gnss pico-gnss-rs/src/main.rs:483)
21.172236 [INFO ] NMEA $GPGSV,4,3,13,31,12,273,,26,03,225,,193,,,,194,,,*7E (pico_gnss pico-gnss-rs/src/main.rs:483)
21.201499 [INFO ] NMEA $GPGSV,4,4,13,195,,,*46 (pico_gnss pico-gnss-rs/src/main.rs:483)
21.260009 [INFO ] NMEA $GLGSV,2,1,08,72,73,152,,75,65,272,,65,49,327,,74,46,026,*62 (pico_gnss pico-gnss-rs/src/main.rs:483)
21.347351 [INFO ] NMEA $GLGSV,2,2,08,71,19,150,17,76,15,234,,73,03,044,18,66,01,329,*66 (pico_gnss pico-gnss-rs/src/main.rs:483)
21.410023 [INFO ] NMEA $GNRMC,131035.000,A,0000.0000,N,00000.0000,E,0.82,176.98,080626,,,A*79 (pico_gnss pico-gnss-rs/src/main.rs:483)
21.412603 [INFO ] SYNC pps_local_us=14000032 unix_s=1780924235 drift_us=2 err_ns=-11 holdover_ms=1000 (pico_gnss pico-gnss-rs/src/main.rs:514)
21.441571 [INFO ] PPS count=16 interval_us=1000002 interval_ns=1000002336 state=Locked missed=0 (pico_gnss pico-gnss-rs/src/main.rs:203)
21.443383 [INFO ] PPSGEN count=16 interval_ns=999937312 dev_ns=-62688 phase_ns=1627650 hwphase_ns=906096 trim_ppb=0 cfg=2 p_ns=56631 d_ns=0 (pico_gnss pico-gnss-rs/src/main.rs:330)
21.466932 [INFO ] TIME unix_ns=1780924236025442594 ppb=2347 holdover_ms=1025 locked=1 (pico_gnss pico-gnss-rs/src/main.rs:237)
21.468815 [INFO ] NMEA $GPVTG,176.98,T,,M,0.82,N,1.51,K,A*33 (pico_gnss pico-gnss-rs/src/main.rs:483)
21.497593 [INFO ] NMEA $GPZDA,131035.000,08,06,2026,,*5B (pico_gnss pico-gnss-rs/src/main.rs:483)
21.533860 [INFO ] NMEA $GPGST,131035.000,7.4,19,12,124.2,14,17,40*46 (pico_gnss pico-gnss-rs/src/main.rs:483)
21.806674 [INFO ] NMEA $GPGGA,131036.000,0000.0000,N,00000.0000,E,1,6,1.06,31.9,M,39.0,M,,*6C (pico_gnss pico-gnss-rs/src/main.rs:483)
21.865044 [INFO ] NMEA $GNGLL,0000.0000,N,00000.0000,E,131036.000,A,A*47 (pico_gnss pico-gnss-rs/src/main.rs:483)
21.923498 [INFO ] NMEA $GNGSA,A,3,28,24,12,29,32,23,,,,,,,1.42,1.06,0.95*14 (pico_gnss pico-gnss-rs/src/main.rs:483)
21.952968 [INFO ] NMEA $GNGSA,A,3,,,,,,,,,,,,,1.42,1.06,0.95*10 (pico_gnss pico-gnss-rs/src/main.rs:483)
22.040330 [INFO ] NMEA $GPGSV,4,1,13,25,83,086,16,32,62,320,16,12,44,048,24,10,40,223,*77 (pico_gnss pico-gnss-rs/src/main.rs:483)
22.103102 [INFO ] NMEA $GPGSV,4,2,13,28,38,289,14,29,19,145,19,23,17,189,16,24,13,081,11*7C (pico_gnss pico-gnss-rs/src/main.rs:483)
22.161562 [INFO ] NMEA $GPGSV,4,3,13,31,12,273,,26,03,225,,193,,,,194,,,*7E (pico_gnss pico-gnss-rs/src/main.rs:483)
22.190811 [INFO ] NMEA $GPGSV,4,4,13,195,,,*46 (pico_gnss pico-gnss-rs/src/main.rs:483)
22.249273 [INFO ] NMEA $GLGSV,2,1,08,72,73,152,,75,65,272,,65,49,327,,74,46,026,*62 (pico_gnss pico-gnss-rs/src/main.rs:483)
22.307910 [INFO ] NMEA $GLGSV,2,2,08,71,19,150,17,76,15,234,,73,03,044,18,66,01,329,*66 (pico_gnss pico-gnss-rs/src/main.rs:483)
22.399342 [INFO ] NMEA $GNRMC,131036.000,A,0000.0000,N,00000.0000,E,0.36,176.98,080626,,,A*7E (pico_gnss pico-gnss-rs/src/main.rs:483)
22.401918 [INFO ] SYNC pps_local_us=15000035 unix_s=1780924236 drift_us=2 err_ns=-11 holdover_ms=999 (pico_gnss pico-gnss-rs/src/main.rs:514)
22.429046 [INFO ] NMEA $GPVTG,176.98,T,,M,0.36,N,0.67,K,A*38 (pico_gnss pico-gnss-rs/src/main.rs:483)
22.441569 [INFO ] PPS count=17 interval_us=1000002 interval_ns=1000002320 state=Locked missed=0 (pico_gnss pico-gnss-rs/src/main.rs:203)
22.443396 [INFO ] PPSGEN count=17 interval_ns=999941680 dev_ns=-58320 phase_ns=1689650 hwphase_ns=845456 trim_ppb=0 cfg=2 p_ns=52841 d_ns=0 (pico_gnss pico-gnss-rs/src/main.rs:330)
22.468235 [INFO ] TIME unix_ns=1780924237026667592 ppb=2346 holdover_ms=1026 locked=1 (pico_gnss pico-gnss-rs/src/main.rs:237)
22.487010 [INFO ] NMEA $GPZDA,131036.000,08,06,2026,,*58 (pico_gnss pico-gnss-rs/src/main.rs:483)
22.512338 [INFO ] NMEA $GPGST,131036.000,7.7,18,12,124.5,14,17,41*41 (pico_gnss pico-gnss-rs/src/main.rs:483)
22.786622 [INFO ] NMEA $GPGGA,131037.000,0000.0000,N,00000.0000,E,1,6,1.06,32.3,M,39.0,M,,*6A (pico_gnss pico-gnss-rs/src/main.rs:483)
22.827502 [INFO ] NMEA $GNGLL,0000.0000,N,00000.0000,E,131037.000,A,A*48 (pico_gnss pico-gnss-rs/src/main.rs:483)
22.885951 [INFO ] NMEA $GNGSA,A,3,28,24,12,29,32,23,,,,,,,1.42,1.06,0.95*14 (pico_gnss pico-gnss-rs/src/main.rs:483)
22.944131 [INFO ] NMEA $GNGSA,A,3,,,,,,,,,,,,,1.42,1.06,0.95*10 (pico_gnss pico-gnss-rs/src/main.rs:483)
23.002821 [INFO ] NMEA $GPGSV,4,1,13,25,83,086,16,32,62,320,16,12,44,048,24,10,40,223,*77 (pico_gnss pico-gnss-rs/src/main.rs:483)
23.094354 [INFO ] NMEA $GPGSV,4,2,13,28,38,289,14,29,19,145,19,23,17,189,16,24,13,081,09*75 (pico_gnss pico-gnss-rs/src/main.rs:483)
23.152801 [INFO ] NMEA $GPGSV,4,3,13,31,12,273,,26,03,225,,193,,,,194,,,*7E (pico_gnss pico-gnss-rs/src/main.rs:483)
23.154161 [INFO ] NMEA $GPGSV,4,4,13,195,,,*46 (pico_gnss pico-gnss-rs/src/main.rs:483)
23.240522 [INFO ] NMEA $GLGSV,2,1,08,72,73,152,,75,65,272,,65,49,327,,74,46,026,*62 (pico_gnss pico-gnss-rs/src/main.rs:483)
23.299104 [INFO ] NMEA $GLGSV,2,2,08,71,19,150,17,76,15,234,,73,03,044,18,66,01,329,*66 (pico_gnss pico-gnss-rs/src/main.rs:483)
23.361871 [INFO ] NMEA $GNRMC,131037.000,A,0000.0000,N,00000.0000,E,0.18,176.98,080626,,,A*7D (pico_gnss pico-gnss-rs/src/main.rs:483)
23.364437 [INFO ] SYNC pps_local_us=16000037 unix_s=1780924237 drift_us=2 err_ns=-26 holdover_ms=1000 (pico_gnss pico-gnss-rs/src/main.rs:514)
23.420070 [INFO ] NMEA $GPVTG,176.98,T,,M,0.18,N,0.34,K,A*32 (pico_gnss pico-gnss-rs/src/main.rs:483)
23.441553 [INFO ] PPS count=18 interval_us=1000002 interval_ns=1000002352 state=Locked missed=0 (pico_gnss pico-gnss-rs/src/main.rs:203)
23.443362 [INFO ] PPSGEN count=18 interval_ns=999945744 dev_ns=-54256 phase_ns=1634650 hwphase_ns=788848 trim_ppb=0 cfg=2 p_ns=49303 d_ns=0 (pico_gnss pico-gnss-rs/src/main.rs:330)
23.449696 [INFO ] NMEA $GPZDA,131037.000,08,06,2026,,*59 (pico_gnss pico-gnss-rs/src/main.rs:483)
23.469545 [INFO ] TIME unix_ns=1780924238027997588 ppb=2346 holdover_ms=1028 locked=1 (pico_gnss pico-gnss-rs/src/main.rs:237)
23.492051 [INFO ] NMEA $GPGST,131037.000,7.9,18,13,124.8,15,17,43*41 (pico_gnss pico-gnss-rs/src/main.rs:483)
23.682648 [INFO ] NMEA $GPGGA,131038.000,0000.0000,N,00000.0000,E,1,5,1.23,32.6,M,39.0,M,,*6E (pico_gnss pico-gnss-rs/src/main.rs:483)
23.734847 [INFO ] NMEA $GNGLL,0000.0000,N,00000.0000,E,131038.000,A,A*4D (pico_gnss pico-gnss-rs/src/main.rs:483)
23.793199 [INFO ] NMEA $GNGSA,A,3,28,12,29,32,23,,,,,,,,1.57,1.23,0.98*1C (pico_gnss pico-gnss-rs/src/main.rs:483)
23.822723 [INFO ] NMEA $GNGSA,A,3,,,,,,,,,,,,,1.57,1.23,0.98*1E (pico_gnss pico-gnss-rs/src/main.rs:483)
23.910039 [INFO ] NMEA $GPGSV,4,1,13,25,83,086,15,32,62,320,16,12,44,048,25,10,40,223,*75 (pico_gnss pico-gnss-rs/src/main.rs:483)
23.968728 [INFO ] NMEA $GPGSV,4,2,13,28,38,289,14,29,19,145,19,23,17,189,17,24,13,081,*7D (pico_gnss pico-gnss-rs/src/main.rs:483)
24.031272 [INFO ] NMEA $GPGSV,4,3,13,31,12,273,,26,03,225,,193,,,,194,,,*7E (pico_gnss pico-gnss-rs/src/main.rs:483)
24.060493 [INFO ] NMEA $GPGSV,4,4,13,195,,,*46 (pico_gnss pico-gnss-rs/src/main.rs:483)
24.119003 [INFO ] NMEA $GLGSV,2,1,08,72,73,152,,75,65,272,,65,49,327,,74,46,026,*62 (pico_gnss pico-gnss-rs/src/main.rs:483)
24.206342 [INFO ] NMEA $GLGSV,2,2,08,71,19,150,17,76,15,234,,73,03,044,18,66,01,329,*66 (pico_gnss pico-gnss-rs/src/main.rs:483)
24.269223 [INFO ] NMEA $GNRMC,131038.000,A,0000.0000,N,00000.0000,E,0.20,176.98,080626,,,A*73 (pico_gnss pico-gnss-rs/src/main.rs:483)
24.271790 [INFO ] SYNC pps_local_us=17000039 unix_s=1780924238 drift_us=2 err_ns=6 holdover_ms=1000 (pico_gnss pico-gnss-rs/src/main.rs:514)
24.298959 [INFO ] NMEA $GPVTG,176.98,T,,M,0.20,N,0.36,K,A*3B (pico_gnss pico-gnss-rs/src/main.rs:483)
24.356717 [INFO ] NMEA $GPZDA,131038.000,08,06,2026,,*56 (pico_gnss pico-gnss-rs/src/main.rs:483)
24.384354 [INFO ] NMEA $GPGST,131038.000,8.0,18,13,126.1,15,16,43*42 (pico_gnss pico-gnss-rs/src/main.rs:483)
24.441544 [INFO ] PPS count=19 interval_us=1000002 interval_ns=1000002336 state=Locked missed=0 (pico_gnss pico-gnss-rs/src/main.rs:203)
24.443369 [INFO ] PPSGEN count=19 interval_ns=999949536 dev_ns=-50464 phase_ns=1630651 hwphase_ns=736048 trim_ppb=0 cfg=2 p_ns=46003 d_ns=0 (pico_gnss pico-gnss-rs/src/main.rs:330)
24.470788 [INFO ] TIME unix_ns=1780924239029322586 ppb=2346 holdover_ms=1029 locked=1 (pico_gnss pico-gnss-rs/src/main.rs:237)
24.687626 [INFO ] NMEA $GPGGA,131039.000,0000.0000,N,00000.0000,E,1,5,1.23,32.7,M,39.0,M,,*6E (pico_gnss pico-gnss-rs/src/main.rs:483)
24.755154 [INFO ] NMEA $GNGLL,0000.0000,N,00000.0000,E,131039.000,A,A*4C (pico_gnss pico-gnss-rs/src/main.rs:483)
24.784874 [INFO ] NMEA $GNGSA,A,3,28,12,29,32,23,,,,,,,,1.57,1.23,0.98*1C (pico_gnss pico-gnss-rs/src/main.rs:483)
24.843010 [INFO ] NMEA $GNGSA,A,3,,,,,,,,,,,,,1.57,1.23,0.98*1E (pico_gnss pico-gnss-rs/src/main.rs:483)
24.901682 [INFO ] NMEA $GPGSV,4,1,13,25,83,086,15,32,62,320,16,12,44,048,25,10,40,223,*75 (pico_gnss pico-gnss-rs/src/main.rs:483)
24.989072 [INFO ] NMEA $GPGSV,4,2,13,28,38,289,15,29,19,145,19,23,17,189,17,24,13,081,*7C (pico_gnss pico-gnss-rs/src/main.rs:483)
25.051588 [INFO ] NMEA $GPGSV,4,3,13,31,12,273,,26,03,225,,193,,,,194,,,*7E (pico_gnss pico-gnss-rs/src/main.rs:483)
25.052939 [INFO ] NMEA $GPGSV,4,4,13,195,,,*46 (pico_gnss pico-gnss-rs/src/main.rs:483)
25.139318 [INFO ] NMEA $GLGSV,2,1,08,72,73,152,,75,65,272,,65,49,327,,74,46,026,*62 (pico_gnss pico-gnss-rs/src/main.rs:483)
25.197922 [INFO ] NMEA $GLGSV,2,2,08,71,19,150,17,76,15,234,,73,03,044,18,66,01,329,*66 (pico_gnss pico-gnss-rs/src/main.rs:483)
25.285367 [INFO ] NMEA $GNRMC,131039.000,A,0000.0000,N,00000.0000,E,0.53,176.98,080626,,,A*76 (pico_gnss pico-gnss-rs/src/main.rs:483)
25.287941 [INFO ] SYNC pps_local_us=18000042 unix_s=1780924239 drift_us=2 err_ns=-10 holdover_ms=999 (pico_gnss pico-gnss-rs/src/main.rs:514)
25.319046 [INFO ] NMEA $GPVTG,176.98,T,,M,0.53,N,0.98,K,A*3B (pico_gnss pico-gnss-rs/src/main.rs:483)
25.348336 [INFO ] NMEA $GPZDA,131039.000,08,06,2026,,*57 (pico_gnss pico-gnss-rs/src/main.rs:483)
25.388895 [INFO ] NMEA $GPGST,131039.000,8.0,18,13,124.6,15,16,43*46 (pico_gnss pico-gnss-rs/src/main.rs:483)
25.441541 [INFO ] PPS count=20 interval_us=1000002 interval_ns=1000002336 state=Locked missed=0 (pico_gnss pico-gnss-rs/src/main.rs:203)
25.443343 [INFO ] PPSGEN count=20 interval_ns=999953072 dev_ns=-46928 phase_ns=1641651 hwphase_ns=686784 trim_ppb=0 cfg=2 p_ns=42924 d_ns=0 (pico_gnss pico-gnss-rs/src/main.rs:330)
25.471981 [INFO ] TIME unix_ns=1780924240030541583 ppb=2346 holdover_ms=1030 locked=1 (pico_gnss pico-gnss-rs/src/main.rs:237)
25.690541 [INFO ] NMEA $GPGGA,131040.000,0000.0000,N,00000.0000,E,1,5,1.23,32.7,M,39.0,M,,*68 (pico_gnss pico-gnss-rs/src/main.rs:483)
25.748851 [INFO ] NMEA $GNGLL,0000.0000,N,00000.0000,E,131040.000,A,A*4A (pico_gnss pico-gnss-rs/src/main.rs:483)
25.803117 [INFO ] NMEA $GNGSA,A,3,28,12,29,32,23,,,,,,,,1.57,1.23,0.98*1C (pico_gnss pico-gnss-rs/src/main.rs:483)
25.832639 [INFO ] NMEA $GNGSA,A,3,,,,,,,,,,,,,1.57,1.23,0.98*1E (pico_gnss pico-gnss-rs/src/main.rs:483)
25.919970 [INFO ] NMEA $GPGSV,4,1,13,25,83,086,16,32,62,320,16,12,44,048,25,10,39,222,*79 (pico_gnss pico-gnss-rs/src/main.rs:483)
25.978652 [INFO ] NMEA $GPGSV,4,2,13,28,38,289,15,29,19,145,18,23,17,189,17,24,13,081,*7D (pico_gnss pico-gnss-rs/src/main.rs:483)
26.041163 [INFO ] NMEA $GPGSV,4,3,13,31,12,273,,26,03,225,,193,,,,194,,,*7E (pico_gnss pico-gnss-rs/src/main.rs:483)
26.070421 [INFO ] NMEA $GPGSV,4,4,13,195,,,*46 (pico_gnss pico-gnss-rs/src/main.rs:483)
26.128901 [INFO ] NMEA $GLGSV,2,1,08,72,73,152,,75,65,272,,65,49,327,,74,46,026,*62 (pico_gnss pico-gnss-rs/src/main.rs:483)
26.187496 [INFO ] NMEA $GLGSV,2,2,08,71,19,150,17,76,15,234,,73,03,044,18,66,01,329,*66 (pico_gnss pico-gnss-rs/src/main.rs:483)
26.275010 [INFO ] NMEA $GNRMC,131040.000,A,0000.0000,N,00000.0000,E,0.52,176.98,080626,,,A*71 (pico_gnss pico-gnss-rs/src/main.rs:483)
26.277585 [INFO ] SYNC pps_local_us=19000044 unix_s=1780924240 drift_us=2 err_ns=-9 holdover_ms=1000 (pico_gnss pico-gnss-rs/src/main.rs:514)
26.308604 [INFO ] NMEA $GPVTG,176.98,T,,M,0.52,N,0.96,K,A*34 (pico_gnss pico-gnss-rs/src/main.rs:483)
26.366547 [INFO ] NMEA $GPZDA,131040.000,08,06,2026,,*59 (pico_gnss pico-gnss-rs/src/main.rs:483)
26.392144 [INFO ] NMEA $GPGST,131040.000,8.0,18,13,124.1,15,17,43*4E (pico_gnss pico-gnss-rs/src/main.rs:483)
26.441556 [INFO ] PPS count=21 interval_us=1000002 interval_ns=1000002336 state=Locked missed=0 (pico_gnss pico-gnss-rs/src/main.rs:203)
26.443371 [INFO ] PPSGEN count=21 interval_ns=999956368 dev_ns=-43632 phase_ns=1650651 hwphase_ns=640816 trim_ppb=0 cfg=2 p_ns=40051 d_ns=0 (pico_gnss pico-gnss-rs/src/main.rs:330)
26.473176 [INFO ] TIME unix_ns=1780924241031741581 ppb=2345 holdover_ms=1031 locked=1 (pico_gnss pico-gnss-rs/src/main.rs:237)
26.695362 [INFO ] NMEA $GPGGA,131041.000,0000.0000,N,00000.0000,E,1,5,1.23,32.9,M,39.0,M,,*6C (pico_gnss pico-gnss-rs/src/main.rs:483)
26.753680 [INFO ] NMEA $GNGLL,0000.0000,N,00000.0000,E,131041.000,A,A*40 (pico_gnss pico-gnss-rs/src/main.rs:483)
26.794588 [INFO ] NMEA $GNGSA,A,3,28,12,29,32,23,,,,,,,,1.57,1.23,0.98*1C (pico_gnss pico-gnss-rs/src/main.rs:483)
26.852812 [INFO ] NMEA $GNGSA,A,3,,,,,,,,,,,,,1.57,1.23,0.98*1E (pico_gnss pico-gnss-rs/src/main.rs:483)
26.911473 [INFO ] NMEA $GPGSV,4,1,13,25,83,086,16,32,62,320,16,12,44,048,25,10,39,222,*79 (pico_gnss pico-gnss-rs/src/main.rs:483)
26.998891 [INFO ] NMEA $GPGSV,4,2,13,28,38,289,15,29,19,145,18,23,17,189,17,24,13,081,*7D (pico_gnss pico-gnss-rs/src/main.rs:483)
27.057224 [INFO ] NMEA $GPGSV,4,3,13,31,12,273,,26,03,225,,193,,,,194,,,*7E (pico_gnss pico-gnss-rs/src/main.rs:483)
27.061917 [INFO ] NMEA $GPGSV,4,4,13,195,,,*46 (pico_gnss pico-gnss-rs/src/main.rs:483)
27.149133 [INFO ] NMEA $GLGSV,2,1,08,72,73,152,,75,65,272,,65,49,327,,74,46,026,*62 (pico_gnss pico-gnss-rs/src/main.rs:483)
27.207746 [INFO ] NMEA $GLGSV,2,2,08,71,19,150,17,76,15,234,,73,03,044,18,66,01,329,*66 (pico_gnss pico-gnss-rs/src/main.rs:483)
27.266473 [INFO ] NMEA $GNRMC,131041.000,A,0000.0000,N,00000.0000,E,0.72,20.62,080626,,,A*4E (pico_gnss pico-gnss-rs/src/main.rs:483)
27.269040 [INFO ] SYNC pps_local_us=20000046 unix_s=1780924241 drift_us=2 err_ns=-9 holdover_ms=1000 (pico_gnss pico-gnss-rs/src/main.rs:514)
27.328782 [INFO ] NMEA $GPVTG,20.62,T,,M,0.72,N,1.34,K,A*08 (pico_gnss pico-gnss-rs/src/main.rs:483)
27.358136 [INFO ] NMEA $GPZDA,131041.000,08,06,2026,,*58 (pico_gnss pico-gnss-rs/src/main.rs:483)
27.394476 [INFO ] NMEA $GPGST,131041.000,8.0,18,13,123.7,15,16,43*4F (pico_gnss pico-gnss-rs/src/main.rs:483)
27.441566 [INFO ] PPS count=22 interval_us=1000002 interval_ns=1000002336 state=Locked missed=0 (pico_gnss pico-gnss-rs/src/main.rs:203)
27.443373 [INFO ] PPSGEN count=22 interval_ns=999959440 dev_ns=-40560 phase_ns=1643652 hwphase_ns=597920 trim_ppb=0 cfg=2 p_ns=37370 d_ns=0 (pico_gnss pico-gnss-rs/src/main.rs:330)
27.474356 [INFO ] TIME unix_ns=1780924242032918578 ppb=2345 holdover_ms=1032 locked=1 (pico_gnss pico-gnss-rs/src/main.rs:237)
27.688565 [INFO ] NMEA $GPGGA,131042.000,0000.0000,N,00000.0000,E,1,5,1.23,33.0,M,39.0,M,,*66 (pico_gnss pico-gnss-rs/src/main.rs:483)
27.746854 [INFO ] NMEA $GNGLL,0000.0000,N,00000.0000,E,131042.000,A,A*42 (pico_gnss pico-gnss-rs/src/main.rs:483)
27.805255 [INFO ] NMEA $GNGSA,A,3,28,12,29,32,23,,,,,,,,1.57,1.23,0.98*1C (pico_gnss pico-gnss-rs/src/main.rs:483)
27.834735 [INFO ] NMEA $GNGSA,A,3,,,,,,,,,,,,,1.57,1.23,0.98*1E (pico_gnss pico-gnss-rs/src/main.rs:483)
27.922118 [INFO ] NMEA $GPGSV,4,1,13,25,83,086,16,32,62,320,16,12,43,048,25,10,39,222,*7E (pico_gnss pico-gnss-rs/src/main.rs:483)
27.980769 [INFO ] NMEA $GPGSV,4,2,13,28,38,289,15,29,19,145,18,23,17,189,17,24,13,081,*7D (pico_gnss pico-gnss-rs/src/main.rs:483)
28.039226 [INFO ] NMEA $GPGSV,4,3,13,31,12,273,,26,03,225,,193,,,,194,,,*7E (pico_gnss pico-gnss-rs/src/main.rs:483)
28.072521 [INFO ] NMEA $GPGSV,4,4,13,195,,,*46 (pico_gnss pico-gnss-rs/src/main.rs:483)
28.131049 [INFO ] NMEA $GLGSV,2,1,08,72,73,152,,75,65,272,,65,49,327,,74,46,026,*62 (pico_gnss pico-gnss-rs/src/main.rs:483)
28.189669 [INFO ] NMEA $GLGSV,2,2,08,71,19,150,17,76,15,234,,73,03,044,18,66,01,329,*66 (pico_gnss pico-gnss-rs/src/main.rs:483)
28.277134 [INFO ] NMEA $GNRMC,131042.000,A,0000.0000,N,00000.0000,E,0.99,337.32,080626,,,A*79 (pico_gnss pico-gnss-rs/src/main.rs:483)
28.279702 [INFO ] SYNC pps_local_us=21000049 unix_s=1780924242 drift_us=2 err_ns=-9 holdover_ms=1000 (pico_gnss pico-gnss-rs/src/main.rs:514)
28.306884 [INFO ] NMEA $GPVTG,337.32,T,,M,0.99,N,1.83,K,A*31 (pico_gnss pico-gnss-rs/src/main.rs:483)
28.339988 [INFO ] NMEA $GPZDA,131042.000,08,06,2026,,*5B (pico_gnss pico-gnss-rs/src/main.rs:483)
28.389998 [INFO ] NMEA $GPGST,131042.000,8.0,18,13,124.1,15,16,43*4D (pico_gnss pico-gnss-rs/src/main.rs:483)
28.441551 [INFO ] PPS count=23 interval_us=1000002 interval_ns=1000002336 state=Locked missed=0 (pico_gnss pico-gnss-rs/src/main.rs:203)
28.443344 [INFO ] PPSGEN count=23 interval_ns=999962320 dev_ns=-37680 phase_ns=1618652 hwphase_ns=557904 trim_ppb=0 cfg=2 p_ns=34869 d_ns=0 (pico_gnss pico-gnss-rs/src/main.rs:330)
28.475551 [INFO ] TIME unix_ns=1780924243034097576 ppb=2345 holdover_ms=1034 locked=1 (pico_gnss pico-gnss-rs/src/main.rs:237)
28.715670 [INFO ] NMEA $GPGGA,131043.000,0000.0000,N,00000.0000,E,1,5,1.23,33.0,M,39.0,M,,*60 (pico_gnss pico-gnss-rs/src/main.rs:483)
28.773965 [INFO ] NMEA $GNGLL,0000.0000,N,00000.0000,E,131043.000,A,A*44 (pico_gnss pico-gnss-rs/src/main.rs:483)
28.832326 [INFO ] NMEA $GNGSA,A,3,28,12,29,32,23,,,,,,,,1.57,1.23,0.98*1C (pico_gnss pico-gnss-rs/src/main.rs:483)
28.877231 [INFO ] NMEA $GNGSA,A,3,,,,,,,,,,,,,1.57,1.23,0.98*1E (pico_gnss pico-gnss-rs/src/main.rs:483)
28.935939 [INFO ] NMEA $GPGSV,4,1,13,25,83,086,16,32,62,320,16,12,43,048,25,10,39,222,14*7B (pico_gnss pico-gnss-rs/src/main.rs:483)
29.023317 [INFO ] NMEA $GPGSV,4,2,13,28,38,289,14,29,19,145,18,23,17,189,17,24,13,081,*7C (pico_gnss pico-gnss-rs/src/main.rs:483)
29.081759 [INFO ] NMEA $GPGSV,4,3,13,31,12,273,,26,03,225,,193,,,,194,,,*7E (pico_gnss pico-gnss-rs/src/main.rs:483)
29.083126 [INFO ] NMEA $GPGSV,4,4,13,195,,,*46 (pico_gnss pico-gnss-rs/src/main.rs:483)
29.144793 [INFO ] NMEA $GLGSV,2,1,08,72,73,152,,75,65,272,,65,49,327,,74,46,026,*62 (pico_gnss pico-gnss-rs/src/main.rs:483)
29.232238 [INFO ] NMEA $GLGSV,2,2,08,71,19,150,17,76,15,234,,73,03,044,18,66,01,329,*66 (pico_gnss pico-gnss-rs/src/main.rs:483)
29.290933 [INFO ] NMEA $GNRMC,131043.000,A,0000.0000,N,00000.0000,E,1.56,281.17,080626,,,A*76 (pico_gnss pico-gnss-rs/src/main.rs:483)
29.293518 [INFO ] SYNC pps_local_us=22000051 unix_s=1780924243 drift_us=2 err_ns=-8 holdover_ms=1000 (pico_gnss pico-gnss-rs/src/main.rs:514)
29.349175 [INFO ] NMEA $GPVTG,281.17,T,,M,1.56,N,2.89,K,A*31 (pico_gnss pico-gnss-rs/src/main.rs:483)
29.382508 [INFO ] NMEA $GPZDA,131043.000,08,06,2026,,*5A (pico_gnss pico-gnss-rs/src/main.rs:483)
29.418943 [INFO ] NMEA $GPGST,131043.000,7.9,18,13,123.2,14,16,43*4F (pico_gnss pico-gnss-rs/src/main.rs:483)
29.441559 [INFO ] PPS count=24 interval_us=1000002 interval_ns=1000002336 state=Locked missed=0 (pico_gnss pico-gnss-rs/src/main.rs:203)
29.443391 [INFO ] PPSGEN count=24 interval_ns=999965008 dev_ns=-34992 phase_ns=1654652 hwphase_ns=520576 trim_ppb=0 cfg=2 p_ns=32536 d_ns=0 (pico_gnss pico-gnss-rs/src/main.rs:330)
29.476751 [INFO ] TIME unix_ns=1780924244035295573 ppb=2345 holdover_ms=1035 locked=1 (pico_gnss pico-gnss-rs/src/main.rs:237)
29.710521 [INFO ] NMEA $GPGGA,131044.000,0000.0000,N,00000.0000,E,1,4,1.57,33.0,M,39.0,M,,*69 (pico_gnss pico-gnss-rs/src/main.rs:483)
29.768837 [INFO ] NMEA $GNGLL,0000.0000,N,00000.0000,E,131044.000,A,A*4F (pico_gnss pico-gnss-rs/src/main.rs:483)
29.827198 [INFO ] NMEA $GNGSA,A,3,12,29,32,23,,,,,,,,,1.86,1.57,0.99*18 (pico_gnss pico-gnss-rs/src/main.rs:483)
29.856686 [INFO ] NMEA $GNGSA,A,3,,,,,,,,,,,,,1.86,1.57,0.99*10 (pico_gnss pico-gnss-rs/src/main.rs:483)
29.944089 [INFO ] NMEA $GPGSV,4,1,13,25,83,086,17,32,62,320,16,12,43,048,25,10,39,222,16*78 (pico_gnss pico-gnss-rs/src/main.rs:483)
30.002692 [INFO ] NMEA $GPGSV,4,2,13,28,38,289,,29,19,145,18,23,17,189,17,24,13,081,*79 (pico_gnss pico-gnss-rs/src/main.rs:483)
30.061148 [INFO ] NMEA $GPGSV,4,3,13,31,12,273,,26,03,225,,193,,,,194,,,*7E (pico_gnss pico-gnss-rs/src/main.rs:483)
30.090361 [INFO ] NMEA $GPGSV,4,4,13,195,,,*46 (pico_gnss pico-gnss-rs/src/main.rs:483)
30.152948 [INFO ] NMEA $GLGSV,2,1,08,72,73,152,,75,65,272,,65,49,327,,74,46,026,*62 (pico_gnss pico-gnss-rs/src/main.rs:483)
30.211584 [INFO ] NMEA $GLGSV,2,2,08,71,19,150,17,76,15,234,,73,03,044,18,66,01,329,*66 (pico_gnss pico-gnss-rs/src/main.rs:483)
30.299055 [INFO ] NMEA $GNRMC,131044.000,A,0000.0000,N,00000.0000,E,0.24,281.17,080626,,,A*79 (pico_gnss pico-gnss-rs/src/main.rs:483)
30.301633 [INFO ] SYNC pps_local_us=23000053 unix_s=1780924244 drift_us=2 err_ns=-8 holdover_ms=1000 (pico_gnss pico-gnss-rs/src/main.rs:514)
30.328819 [INFO ] NMEA $GPVTG,281.17,T,,M,0.24,N,0.45,K,A*37 (pico_gnss pico-gnss-rs/src/main.rs:483)
30.357883 [INFO ] NMEA $GPZDA,131044.000,08,06,2026,,*5D (pico_gnss pico-gnss-rs/src/main.rs:483)
30.409781 [INFO ] NMEA $GPGST,131044.000,7.9,18,13,121.9,14,17,43*40 (pico_gnss pico-gnss-rs/src/main.rs:483)
30.441567 [INFO ] PPS count=25 interval_us=1000002 interval_ns=1000002336 state=Locked missed=0 (pico_gnss pico-gnss-rs/src/main.rs:203)
30.443380 [INFO ] PPSGEN count=25 interval_ns=999967504 dev_ns=-32496 phase_ns=1648652 hwphase_ns=485744 trim_ppb=0 cfg=2 p_ns=30359 d_ns=0 (pico_gnss pico-gnss-rs/src/main.rs:330)
30.477903 [INFO ] TIME unix_ns=1780924245036471571 ppb=2344 holdover_ms=1036 locked=1 (pico_gnss pico-gnss-rs/src/main.rs:237)
30.696543 [INFO ] NMEA $GPGGA,131045.000,0000.0000,N,00000.0000,E,1,5,1.35,33.2,M,39.0,M,,*6E (pico_gnss pico-gnss-rs/src/main.rs:483)
30.754836 [INFO ] NMEA $GNGLL,0000.0000,N,00000.0000,E,131045.000,A,A*4F (pico_gnss pico-gnss-rs/src/main.rs:483)
30.813232 [INFO ] NMEA $GNGSA,A,3,10,12,29,32,23,,,,,,,,1.68,1.35,0.99*1D (pico_gnss pico-gnss-rs/src/main.rs:483)
30.860171 [INFO ] NMEA $GNGSA,A,3,,,,,,,,,,,,,1.68,1.35,0.99*14 (pico_gnss pico-gnss-rs/src/main.rs:483)
30.918804 [INFO ] NMEA $GPGSV,4,1,13,25,83,086,17,32,62,320,16,12,43,048,25,10,39,222,16*78 (pico_gnss pico-gnss-rs/src/main.rs:483)
30.977413 [INFO ] NMEA $GPGSV,4,2,13,28,38,289,,29,19,145,18,23,17,189,17,24,13,081,*79 (pico_gnss pico-gnss-rs/src/main.rs:483)
31.035842 [INFO ] NMEA $GPGSV,4,3,13,31,12,273,,26,03,225,,193,,,,194,,,*7E (pico_gnss pico-gnss-rs/src/main.rs:483)
31.065101 [INFO ] NMEA $GPGSV,4,4,13,195,,,*46 (pico_gnss pico-gnss-rs/src/main.rs:483)
31.127673 [INFO ] NMEA $GLGSV,2,1,08,72,73,152,,75,65,272,,65,49,327,,74,46,026,*62 (pico_gnss pico-gnss-rs/src/main.rs:483)
31.215065 [INFO ] NMEA $GLGSV,2,2,08,71,19,150,17,76,15,234,,73,03,044,18,66,01,329,*66 (pico_gnss pico-gnss-rs/src/main.rs:483)
31.273761 [INFO ] NMEA $GNRMC,131045.000,A,0000.0000,N,00000.0000,E,1.36,140.36,080626,,,A*76 (pico_gnss pico-gnss-rs/src/main.rs:483)
31.276339 [INFO ] SYNC pps_local_us=24000056 unix_s=1780924245 drift_us=2 err_ns=-8 holdover_ms=1000 (pico_gnss pico-gnss-rs/src/main.rs:514)
31.332047 [INFO ] NMEA $GPVTG,140.36,T,,M,1.36,N,2.53,K,A*3D (pico_gnss pico-gnss-rs/src/main.rs:483)
31.361374 [INFO ] NMEA $GPZDA,131045.000,08,06,2026,,*5C (pico_gnss pico-gnss-rs/src/main.rs:483)
31.394827 [INFO ] NMEA $GPGST,131045.000,8.2,18,13,123.1,14,17,41*4D (pico_gnss pico-gnss-rs/src/main.rs:483)
31.441557 [INFO ] PPS count=26 interval_us=1000002 interval_ns=1000002336 state=Locked missed=0 (pico_gnss pico-gnss-rs/src/main.rs:203)
31.443391 [INFO ] PPSGEN count=26 interval_ns=999969824 dev_ns=-30176 phase_ns=1647653 hwphase_ns=453232 trim_ppb=0 cfg=2 p_ns=28327 d_ns=0 (pico_gnss pico-gnss-rs/src/main.rs:330)
31.479054 [INFO ] TIME unix_ns=1780924246037609568 ppb=2344 holdover_ms=1037 locked=1 (pico_gnss pico-gnss-rs/src/main.rs:237)
31.708513 [INFO ] NMEA $GPGGA,131046.000,0000.0000,N,00000.0000,E,1,5,1.35,33.3,M,39.0,M,,*64 (pico_gnss pico-gnss-rs/src/main.rs:483)
31.766823 [INFO ] NMEA $GNGLL,0000.0000,N,00000.0000,E,131046.000,A,A*44 (pico_gnss pico-gnss-rs/src/main.rs:483)
31.825238 [INFO ] NMEA $GNGSA,A,3,10,12,29,32,23,,,,,,,,1.68,1.35,0.99*1D (pico_gnss pico-gnss-rs/src/main.rs:483)
31.854708 [INFO ] NMEA $GNGSA,A,3,,,,,,,,,,,,,1.68,1.35,0.99*14 (pico_gnss pico-gnss-rs/src/main.rs:483)
31.946197 [INFO ] NMEA $GPGSV,4,1,13,25,83,086,17,32,62,320,16,12,43,048,25,10,39,222,16*78 (pico_gnss pico-gnss-rs/src/main.rs:483)
32.004838 [INFO ] NMEA $GPGSV,4,2,13,28,38,289,,29,19,145,18,23,17,189,17,24,13,081,*79 (pico_gnss pico-gnss-rs/src/main.rs:483)
32.063333 [INFO ] NMEA $GPGSV,4,3,13,31,12,273,,26,03,225,,193,,,,194,,,*7E (pico_gnss pico-gnss-rs/src/main.rs:483)
32.092593 [INFO ] NMEA $GPGSV,4,4,13,195,,,*46 (pico_gnss pico-gnss-rs/src/main.rs:483)
32.155118 [INFO ] NMEA $GLGSV,2,1,08,72,73,152,,75,65,272,,65,49,327,,74,46,026,*62 (pico_gnss pico-gnss-rs/src/main.rs:483)
32.213764 [INFO ] NMEA $GLGSV,2,2,08,71,19,150,17,76,15,234,,73,03,044,18,66,01,329,*66 (pico_gnss pico-gnss-rs/src/main.rs:483)
32.301239 [INFO ] NMEA $GNRMC,131046.000,A,0000.0000,N,00000.0000,E,1.29,140.37,080626,,,A*72 (pico_gnss pico-gnss-rs/src/main.rs:483)
32.303808 [INFO ] SYNC pps_local_us=25000058 unix_s=1780924246 drift_us=2 err_ns=-8 holdover_ms=999 (pico_gnss pico-gnss-rs/src/main.rs:514)
32.331006 [INFO ] NMEA $GPVTG,140.37,T,,M,1.29,N,2.40,K,A*30 (pico_gnss pico-gnss-rs/src/main.rs:483)
32.360073 [INFO ] NMEA $GPZDA,131046.000,08,06,2026,,*5F (pico_gnss pico-gnss-rs/src/main.rs:483)
32.410192 [INFO ] NMEA $GPGST,131046.000,8.4,18,13,124.3,15,17,41*4C (pico_gnss pico-gnss-rs/src/main.rs:483)
32.441553 [INFO ] PPS count=27 interval_us=1000002 interval_ns=1000002336 state=Locked missed=0 (pico_gnss pico-gnss-rs/src/main.rs:203)
32.443366 [INFO ] PPSGEN count=27 interval_ns=999972016 dev_ns=-27984 phase_ns=1641653 hwphase_ns=422912 trim_ppb=0 cfg=2 p_ns=26432 d_ns=0 (pico_gnss pico-gnss-rs/src/main.rs:330)
32.480202 [INFO ] TIME unix_ns=1780924247038757566 ppb=2344 holdover_ms=1038 locked=1 (pico_gnss pico-gnss-rs/src/main.rs:237)
32.714825 [INFO ] NMEA $GPGGA,131047.000,0000.0000,N,00000.0000,E,1,5,1.35,33.5,M,39.0,M,,*6A (pico_gnss pico-gnss-rs/src/main.rs:483)
32.773125 [INFO ] NMEA $GNGLL,0000.0000,N,00000.0000,E,131047.000,A,A*4C (pico_gnss pico-gnss-rs/src/main.rs:483)
32.831531 [INFO ] NMEA $GNGSA,A,3,10,12,29,32,23,,,,,,,,1.68,1.35,0.99*1D (pico_gnss pico-gnss-rs/src/main.rs:483)
32.861010 [INFO ] NMEA $GNGSA,A,3,,,,,,,,,,,,,1.68,1.35,0.99*14 (pico_gnss pico-gnss-rs/src/main.rs:483)
32.939135 [INFO ] NMEA $GPGSV,4,1,13,25,83,086,17,32,62,320,16,12,43,048,24,10,39,222,16*79 (pico_gnss pico-gnss-rs/src/main.rs:483)
32.997786 [INFO ] NMEA $GPGSV,4,2,13,28,38,289,,29,19,145,18,23,17,189,17,24,13,081,*79 (pico_gnss pico-gnss-rs/src/main.rs:483)
33.056196 [INFO ] NMEA $GPGSV,4,3,13,31,12,273,,26,03,225,,193,,,,194,,,*7E (pico_gnss pico-gnss-rs/src/main.rs:483)
33.085456 [INFO ] NMEA $GPGSV,4,4,13,195,,,*46 (pico_gnss pico-gnss-rs/src/main.rs:483)
33.143896 [INFO ] NMEA $GLGSV,2,1,08,72,73,152,,75,65,272,,65,49,327,,74,46,026,*62 (pico_gnss pico-gnss-rs/src/main.rs:483)
33.235403 [INFO ] NMEA $GLGSV,2,2,08,71,19,150,16,76,15,234,,73,03,044,18,66,01,329,*67 (pico_gnss pico-gnss-rs/src/main.rs:483)
33.294184 [INFO ] NMEA $GNRMC,131047.000,A,0000.0000,N,00000.0000,E,1.34,133.89,080626,,,A*77 (pico_gnss pico-gnss-rs/src/main.rs:483)
33.296775 [INFO ] SYNC pps_local_us=26000060 unix_s=1780924247 drift_us=2 err_ns=-7 holdover_ms=1000 (pico_gnss pico-gnss-rs/src/main.rs:514)
33.352439 [INFO ] NMEA $GPVTG,133.89,T,,M,1.34,N,2.49,K,A*34 (pico_gnss pico-gnss-rs/src/main.rs:483)
33.381722 [INFO ] NMEA $GPZDA,131047.000,08,06,2026,,*5E (pico_gnss pico-gnss-rs/src/main.rs:483)
33.415958 [INFO ] NMEA $GPGST,131047.000,8.7,18,12,124.2,14,16,41*4E (pico_gnss pico-gnss-rs/src/main.rs:483)
33.441569 [INFO ] PPS count=28 interval_us=1000002 interval_ns=1000002336 state=Locked missed=0 (pico_gnss pico-gnss-rs/src/main.rs:203)
33.443385 [INFO ] PPSGEN count=28 interval_ns=999974048 dev_ns=-25952 phase_ns=1645653 hwphase_ns=394624 trim_ppb=0 cfg=2 p_ns=24664 d_ns=0 (pico_gnss pico-gnss-rs/src/main.rs:330)
33.481364 [INFO ] TIME unix_ns=1780924248039910563 ppb=2344 holdover_ms=1039 locked=1 (pico_gnss pico-gnss-rs/src/main.rs:237)
33.722579 [INFO ] NMEA $GPGGA,131048.000,0000.0000,N,00000.0000,E,1,5,1.35,33.6,M,39.0,M,,*6A (pico_gnss pico-gnss-rs/src/main.rs:483)
33.780912 [INFO ] NMEA $GNGLL,0000.0000,N,00000.0000,E,131048.000,A,A*4F (pico_gnss pico-gnss-rs/src/main.rs:483)
33.839329 [INFO ] NMEA $GNGSA,A,3,10,12,29,32,23,,,,,,,,1.68,1.35,0.99*1D (pico_gnss pico-gnss-rs/src/main.rs:483)
33.868845 [INFO ] NMEA $GNGSA,A,3,,,,,,,,,,,,,1.68,1.35,0.99*14 (pico_gnss pico-gnss-rs/src/main.rs:483)
33.931535 [INFO ] NMEA $GPGSV,4,1,13,25,83,086,17,32,62,320,16,12,43,048,24,10,39,222,16*79 (pico_gnss pico-gnss-rs/src/main.rs:483)
34.018962 [INFO ] NMEA $GPGSV,4,2,13,28,38,289,,29,19,145,18,23,17,189,17,24,13,081,*79 (pico_gnss pico-gnss-rs/src/main.rs:483)
34.077368 [INFO ] NMEA $GPGSV,4,3,13,31,12,273,,26,03,225,,193,,,,194,,,*7E (pico_gnss pico-gnss-rs/src/main.rs:483)
34.106613 [INFO ] NMEA $GPGSV,4,4,13,195,,,*46 (pico_gnss pico-gnss-rs/src/main.rs:483)
34.165094 [INFO ] NMEA $GLGSV,2,1,08,72,73,152,,75,65,272,,65,49,327,,74,46,026,*62 (pico_gnss pico-gnss-rs/src/main.rs:483)
34.227783 [INFO ] NMEA $GLGSV,2,2,08,71,19,150,16,76,15,234,,73,03,044,18,66,01,329,*67 (pico_gnss pico-gnss-rs/src/main.rs:483)
34.315288 [INFO ] NMEA $GNRMC,131048.000,A,0000.0000,N,00000.0000,E,1.25,118.31,080626,,,A*7E (pico_gnss pico-gnss-rs/src/main.rs:483)
34.317856 [INFO ] SYNC pps_local_us=27000063 unix_s=1780924248 drift_us=2 err_ns=-7 holdover_ms=999 (pico_gnss pico-gnss-rs/src/main.rs:514)
34.345005 [INFO ] NMEA $GPVTG,118.31,T,,M,1.25,N,2.32,K,A*32 (pico_gnss pico-gnss-rs/src/main.rs:483)
34.374085 [INFO ] NMEA $GPZDA,131048.000,08,06,2026,,*51 (pico_gnss pico-gnss-rs/src/main.rs:483)
34.421907 [INFO ] NMEA $GPGST,131048.000,8.7,18,12,124.8,14,16,41*4B (pico_gnss pico-gnss-rs/src/main.rs:483)
34.441560 [INFO ] PPS count=29 interval_us=1000002 interval_ns=1000002336 state=Locked missed=0 (pico_gnss pico-gnss-rs/src/main.rs:203)
34.443363 [INFO ] PPSGEN count=29 interval_ns=999975936 dev_ns=-24064 phase_ns=1637653 hwphase_ns=368224 trim_ppb=0 cfg=2 p_ns=23014 d_ns=0 (pico_gnss pico-gnss-rs/src/main.rs:330)
34.482523 [INFO ] TIME unix_ns=1780924249041079561 ppb=2343 holdover_ms=1041 locked=1 (pico_gnss pico-gnss-rs/src/main.rs:237)
34.712227 [INFO ] NMEA $GPGGA,131049.000,0000.0000,N,00000.0000,E,1,5,1.35,33.7,M,39.0,M,,*63 (pico_gnss pico-gnss-rs/src/main.rs:483)
34.770564 [INFO ] NMEA $GNGLL,0000.0000,N,00000.0000,E,131049.000,A,A*47 (pico_gnss pico-gnss-rs/src/main.rs:483)
34.828923 [INFO ] NMEA $GNGSA,A,3,10,12,29,32,23,,,,,,,,1.68,1.35,0.99*1D (pico_gnss pico-gnss-rs/src/main.rs:483)
34.887177 [INFO ] NMEA $GNGSA,A,3,,,,,,,,,,,,,1.68,1.35,0.99*14 (pico_gnss pico-gnss-rs/src/main.rs:483)
34.949929 [INFO ] NMEA $GPGSV,4,1,13,25,83,086,17,32,62,320,16,12,43,048,24,10,39,222,15*7A (pico_gnss pico-gnss-rs/src/main.rs:483)
35.008561 [INFO ] NMEA $GPGSV,4,2,13,28,38,289,,29,19,145,18,23,17,189,18,24,13,081,*76 (pico_gnss pico-gnss-rs/src/main.rs:483)
35.066968 [INFO ] NMEA $GPGSV,4,3,13,31,12,273,,26,03,225,,193,,,,194,,,*7E (pico_gnss pico-gnss-rs/src/main.rs:483)
35.096224 [INFO ] NMEA $GPGSV,4,4,13,195,,,*46 (pico_gnss pico-gnss-rs/src/main.rs:483)
35.154719 [INFO ] NMEA $GLGSV,2,1,08,72,73,152,,75,65,272,,65,49,327,,74,46,026,*62 (pico_gnss pico-gnss-rs/src/main.rs:483)
35.246189 [INFO ] NMEA $GLGSV,2,2,08,71,19,150,16,76,15,234,,73,03,044,18,66,01,329,*67 (pico_gnss pico-gnss-rs/src/main.rs:483)
35.304938 [INFO ] NMEA $GNRMC,131049.000,A,0000.0000,N,00000.0000,E,1.05,76.33,080626,,,A*4F (pico_gnss pico-gnss-rs/src/main.rs:483)
35.307499 [INFO ] SYNC pps_local_us=28000065 unix_s=1780924249 drift_us=2 err_ns=-7 holdover_ms=999 (pico_gnss pico-gnss-rs/src/main.rs:514)
35.334601 [INFO ] NMEA $GPVTG,76.33,T,,M,1.05,N,1.94,K,A*04 (pico_gnss pico-gnss-rs/src/main.rs:483)
35.392313 [INFO ] NMEA $GPZDA,131049.000,08,06,2026,,*50 (pico_gnss pico-gnss-rs/src/main.rs:483)
35.423071 [INFO ] NMEA $GPGST,131049.000,8.8,18,13,125.3,15,17,43*4C (pico_gnss pico-gnss-rs/src/main.rs:483)
35.441565 [INFO ] PPS count=30 interval_us=1000002 interval_ns=1000002336 state=Locked missed=0 (pico_gnss pico-gnss-rs/src/main.rs:203)
35.443388 [INFO ] PPSGEN count=30 interval_ns=999977712 dev_ns=-22288 phase_ns=1652654 hwphase_ns=343600 trim_ppb=0 cfg=2 p_ns=21475 d_ns=0 (pico_gnss pico-gnss-rs/src/main.rs:330)
35.483690 [INFO ] TIME unix_ns=1780924250042243558 ppb=2343 holdover_ms=1042 locked=1 (pico_gnss pico-gnss-rs/src/main.rs:237)
35.719614 [INFO ] NMEA $GPGGA,131050.000,0000.0000,N,00000.0000,E,1,5,1.35,33.7,M,39.0,M,,*67 (pico_gnss pico-gnss-rs/src/main.rs:483)
35.777995 [INFO ] NMEA $GNGLL,0000.0000,N,00000.0000,E,131050.000,A,A*43 (pico_gnss pico-gnss-rs/src/main.rs:483)
35.807613 [INFO ] NMEA $GNGSA,A,3,10,12,29,32,23,,,,,,,,1.68,1.35,0.99*1D (pico_gnss pico-gnss-rs/src/main.rs:483)
35.865803 [INFO ] NMEA $GNGSA,A,3,,,,,,,,,,,,,1.68,1.35,0.99*14 (pico_gnss pico-gnss-rs/src/main.rs:483)
35.924455 [INFO ] NMEA $GPGSV,4,1,13,25,83,086,17,32,62,320,16,12,43,048,24,10,39,222,15*7A (pico_gnss pico-gnss-rs/src/main.rs:483)
36.015967 [INFO ] NMEA $GPGSV,4,2,13,28,38,289,,29,19,145,18,23,17,189,18,24,13,081,*76 (pico_gnss pico-gnss-rs/src/main.rs:483)
36.074395 [INFO ] NMEA $GPGSV,4,3,13,31,12,273,,26,03,225,,193,,,,194,,,*7E (pico_gnss pico-gnss-rs/src/main.rs:483)
36.103616 [INFO ] NMEA $GPGSV,4,4,13,195,,,*46 (pico_gnss pico-gnss-rs/src/main.rs:483)
36.162161 [INFO ] NMEA $GLGSV,2,1,08,72,73,152,,75,65,272,,65,49,327,,74,46,026,*62 (pico_gnss pico-gnss-rs/src/main.rs:483)
36.224829 [INFO ] NMEA $GLGSV,2,2,08,71,19,150,16,76,15,234,,73,03,044,17,66,01,329,*68 (pico_gnss pico-gnss-rs/src/main.rs:483)
36.312322 [INFO ] NMEA $GNRMC,131050.000,A,0000.0000,N,00000.0000,E,0.97,138.55,080626,,,A*7A (pico_gnss pico-gnss-rs/src/main.rs:483)
36.314888 [INFO ] SYNC pps_local_us=29000067 unix_s=1780924250 drift_us=2 err_ns=-7 holdover_ms=1000 (pico_gnss pico-gnss-rs/src/main.rs:514)
36.342081 [INFO ] NMEA $GPVTG,138.55,T,,M,0.97,N,1.80,K,A*30 (pico_gnss pico-gnss-rs/src/main.rs:483)
36.371146 [INFO ] NMEA $GPZDA,131050.000,08,06,2026,,*58 (pico_gnss pico-gnss-rs/src/main.rs:483)
36.414772 [INFO ] NMEA $GPGST,131050.000,8.7,18,13,124.5,15,17,43*4C (pico_gnss pico-gnss-rs/src/main.rs:483)
36.441548 [INFO ] PPS count=31 interval_us=1000002 interval_ns=1000002336 state=Locked missed=0 (pico_gnss pico-gnss-rs/src/main.rs:203)
36.443339 [INFO ] PPSGEN count=31 interval_ns=999979344 dev_ns=-20656 phase_ns=1603654 hwphase_ns=320608 trim_ppb=0 cfg=2 p_ns=20038 d_ns=0 (pico_gnss pico-gnss-rs/src/main.rs:330)
36.484858 [INFO ] TIME unix_ns=1780924251043399556 ppb=2343 holdover_ms=1043 locked=1 (pico_gnss pico-gnss-rs/src/main.rs:237)
36.711395 [INFO ] NMEA $GPGGA,131051.000,0000.0000,N,00000.0000,E,1,5,1.35,33.7,M,39.0,M,,*66 (pico_gnss pico-gnss-rs/src/main.rs:483)
36.769735 [INFO ] NMEA $GNGLL,0000.0000,N,00000.0000,E,131051.000,A,A*42 (pico_gnss pico-gnss-rs/src/main.rs:483)
36.828116 [INFO ] NMEA $GNGSA,A,3,10,12,29,32,23,,,,,,,,1.68,1.35,0.99*1D (pico_gnss pico-gnss-rs/src/main.rs:483)
36.857611 [INFO ] NMEA $GNGSA,A,3,,,,,,,,,,,,,1.68,1.35,0.99*14 (pico_gnss pico-gnss-rs/src/main.rs:483)
36.945000 [INFO ] NMEA $GPGSV,4,1,13,25,83,086,16,32,62,320,16,12,43,048,24,10,39,222,15*7B (pico_gnss pico-gnss-rs/src/main.rs:483)
37.007731 [INFO ] NMEA $GPGSV,4,2,13,28,38,289,,29,19,145,18,23,17,189,18,24,13,081,*76 (pico_gnss pico-gnss-rs/src/main.rs:483)
37.066264 [INFO ] NMEA $GPGSV,4,3,13,31,12,273,,26,03,225,,193,,,,194,,,*7E (pico_gnss pico-gnss-rs/src/main.rs:483)
37.095495 [INFO ] NMEA $GPGSV,4,4,13,195,,,*46 (pico_gnss pico-gnss-rs/src/main.rs:483)
37.153988 [INFO ] NMEA $GLGSV,2,1,08,72,73,152,,75,65,272,,65,49,327,,74,46,026,*62 (pico_gnss pico-gnss-rs/src/main.rs:483)
37.241274 [INFO ] NMEA $GLGSV,2,2,08,71,19,150,16,76,15,234,,73,03,044,17,66,01,329,*68 (pico_gnss pico-gnss-rs/src/main.rs:483)
37.304185 [INFO ] NMEA $GNRMC,131051.000,A,0000.0000,N,00000.0000,E,0.35,138.55,080626,,,A*73 (pico_gnss pico-gnss-rs/src/main.rs:483)
37.306765 [INFO ] SYNC pps_local_us=30000070 unix_s=1780924251 drift_us=2 err_ns=-6 holdover_ms=999 (pico_gnss pico-gnss-rs/src/main.rs:514)
37.334216 [INFO ] NMEA $GPVTG,138.55,T,,M,0.35,N,0.64,K,A*33 (pico_gnss pico-gnss-rs/src/main.rs:483)
37.391912 [INFO ] NMEA $GPZDA,131051.000,08,06,2026,,*59 (pico_gnss pico-gnss-rs/src/main.rs:483)
37.420598 [INFO ] NMEA $GPGST,131051.000,8.6,18,13,124.5,15,17,43*4C (pico_gnss pico-gnss-rs/src/main.rs:483)
37.441563 [INFO ] PPS count=32 interval_us=1000002 interval_ns=1000002320 state=Locked missed=0 (pico_gnss pico-gnss-rs/src/main.rs:203)
37.443379 [INFO ] PPSGEN count=32 interval_ns=999980896 dev_ns=-19104 phase_ns=1639655 hwphase_ns=299184 trim_ppb=0 cfg=2 p_ns=18699 d_ns=0 (pico_gnss pico-gnss-rs/src/main.rs:330)
37.486013 [INFO ] TIME unix_ns=1780924252044567554 ppb=2342 holdover_ms=1044 locked=1 (pico_gnss pico-gnss-rs/src/main.rs:237)
37.754662 [INFO ] NMEA $GPGGA,131052.000,0000.0000,N,00000.0000,E,1,5,1.35,33.7,M,39.0,M,,*65 (pico_gnss pico-gnss-rs/src/main.rs:483)
37.813024 [INFO ] NMEA $GNGLL,0000.0000,N,00000.0000,E,131052.000,A,A*41 (pico_gnss pico-gnss-rs/src/main.rs:483)
37.842655 [INFO ] NMEA $GNGSA,A,3,10,12,29,32,23,,,,,,,,1.68,1.35,0.99*1D (pico_gnss pico-gnss-rs/src/main.rs:483)
37.900849 [INFO ] NMEA $GNGSA,A,3,,,,,,,,,,,,,1.68,1.35,0.99*14 (pico_gnss pico-gnss-rs/src/main.rs:483)
37.959476 [INFO ] NMEA $GPGSV,4,1,13,25,83,086,16,32,62,320,16,12,43,048,24,10,39,222,15*7B (pico_gnss pico-gnss-rs/src/main.rs:483)
38.051037 [INFO ] NMEA $GPGSV,4,2,13,28,38,289,16,29,19,145,18,23,17,189,18,24,13,081,*71 (pico_gnss pico-gnss-rs/src/main.rs:483)
38.109473 [INFO ] NMEA $GPGSV,4,3,13,31,12,273,,26,03,225,,193,,,,194,,,*7E (pico_gnss pico-gnss-rs/src/main.rs:483)
38.138673 [INFO ] NMEA $GPGSV,4,4,13,195,,,*46 (pico_gnss pico-gnss-rs/src/main.rs:483)
38.197235 [INFO ] NMEA $GLGSV,2,1,08,72,73,152,,75,65,272,,65,49,327,,74,46,026,*62 (pico_gnss pico-gnss-rs/src/main.rs:483)
38.255807 [INFO ] NMEA $GLGSV,2,2,08,71,19,150,16,76,15,234,,73,03,044,17,66,01,329,*68 (pico_gnss pico-gnss-rs/src/main.rs:483)
38.347357 [INFO ] NMEA $GNRMC,131052.000,A,0000.0000,N,00000.0000,E,0.26,138.55,080626,,,A*72 (pico_gnss pico-gnss-rs/src/main.rs:483)
38.349923 [INFO ] SYNC pps_local_us=31000072 unix_s=1780924252 drift_us=2 err_ns=-22 holdover_ms=1000 (pico_gnss pico-gnss-rs/src/main.rs:514)
38.377053 [INFO ] NMEA $GPVTG,138.55,T,,M,0.26,N,0.49,K,A*3E (pico_gnss pico-gnss-rs/src/main.rs:483)
38.406161 [INFO ] NMEA $GPZDA,131052.000,08,06,2026,,*5A (pico_gnss pico-gnss-rs/src/main.rs:483)
38.441600 [INFO ] PPS count=33 interval_us=1000002 interval_ns=1000002352 state=Locked missed=0 (pico_gnss pico-gnss-rs/src/main.rs:203)
38.443449 [INFO ] PPSGEN count=33 interval_ns=999982320 dev_ns=-17680 phase_ns=1708654 hwphase_ns=279152 trim_ppb=0 cfg=2 p_ns=17447 d_ns=0 (pico_gnss pico-gnss-rs/src/main.rs:330)
38.450222 [INFO ] NMEA $GPGST,131052.000,8.6,18,13,124.6,15,17,43*4C (pico_gnss pico-gnss-rs/src/main.rs:483)
38.487249 [INFO ] TIME unix_ns=1780924253045684551 ppb=2342 holdover_ms=1045 locked=1 (pico_gnss pico-gnss-rs/src/main.rs:237)
38.794779 [INFO ] NMEA $GPGGA,131053.000,0000.0000,N,00000.0000,E,1,5,1.35,33.7,M,39.0,M,,*66 (pico_gnss pico-gnss-rs/src/main.rs:483)
38.845935 [INFO ] NMEA $GNGLL,0000.0000,N,00000.0000,E,131053.000,A,A*42 (pico_gnss pico-gnss-rs/src/main.rs:483)
38.904306 [INFO ] NMEA $GNGSA,A,3,10,12,29,32,23,,,,,,,,1.68,1.35,0.99*1D (pico_gnss pico-gnss-rs/src/main.rs:483)
38.933824 [INFO ] NMEA $GNGSA,A,3,,,,,,,,,,,,,1.68,1.35,0.99*14 (pico_gnss pico-gnss-rs/src/main.rs:483)
39.021189 [INFO ] NMEA $GPGSV,4,1,13,25,83,086,16,32,62,320,16,12,43,048,24,10,39,222,15*7B (pico_gnss pico-gnss-rs/src/main.rs:483)
39.083954 [INFO ] NMEA $GPGSV,4,2,13,28,38,289,15,29,19,145,18,23,16,189,18,24,13,081,*73 (pico_gnss pico-gnss-rs/src/main.rs:483)
39.142427 [INFO ] NMEA $GPGSV,4,3,13,31,12,273,,26,03,225,,193,,,,194,,,*7E (pico_gnss pico-gnss-rs/src/main.rs:483)
39.171630 [INFO ] NMEA $GPGSV,4,4,13,195,,,*46 (pico_gnss pico-gnss-rs/src/main.rs:483)
39.230143 [INFO ] NMEA $GLGSV,2,1,08,72,73,152,,75,65,272,,65,49,327,,74,46,026,*62 (pico_gnss pico-gnss-rs/src/main.rs:483)
39.317508 [INFO ] NMEA $GLGSV,2,2,08,71,19,150,16,76,15,234,,73,03,044,17,66,01,329,*68 (pico_gnss pico-gnss-rs/src/main.rs:483)
39.380293 [INFO ] NMEA $GNRMC,131053.000,A,0000.0000,N,00000.0000,E,1.12,339.12,080626,,,A*77 (pico_gnss pico-gnss-rs/src/main.rs:483)
39.382871 [INFO ] SYNC pps_local_us=32000074 unix_s=1780924253 drift_us=2 err_ns=10 holdover_ms=999 (pico_gnss pico-gnss-rs/src/main.rs:514)
39.409985 [INFO ] NMEA $GPVTG,339.12,T,,M,1.12,N,2.07,K,A*30 (pico_gnss pico-gnss-rs/src/main.rs:483)
39.441588 [INFO ] PPS count=34 interval_us=1000002 interval_ns=1000002336 state=Locked missed=0 (pico_gnss pico-gnss-rs/src/main.rs:203)
39.443397 [INFO ] PPSGEN count=34 interval_ns=999983664 dev_ns=-16336 phase_ns=1661654 hwphase_ns=260480 trim_ppb=0 cfg=2 p_ns=16280 d_ns=0 (pico_gnss pico-gnss-rs/src/main.rs:330)
39.468081 [INFO ] NMEA $GPZDA,131053.000,08,06,2026,,*5B (pico_gnss pico-gnss-rs/src/main.rs:483)
39.488529 [INFO ] TIME unix_ns=1780924254046979548 ppb=2342 holdover_ms=1046 locked=1 (pico_gnss pico-gnss-rs/src/main.rs:237)
39.498741 [INFO ] NMEA $GPGST,131053.000,8.5,18,13,124.7,15,17,43*4F (pico_gnss pico-gnss-rs/src/main.rs:483)
39.817602 [INFO ] NMEA $GPGGA,131054.000,0000.0000,N,00000.0000,E,1,6,1.13,34.3,M,39.0,M,,*62 (pico_gnss pico-gnss-rs/src/main.rs:483)
39.882119 [INFO ] NMEA $GNGLL,0000.0000,N,00000.0000,E,131054.000,A,A*42 (pico_gnss pico-gnss-rs/src/main.rs:483)
39.940555 [INFO ] NMEA $GNGSA,A,3,10,12,29,28,32,23,,,,,,,1.49,1.13,0.97*1E (pico_gnss pico-gnss-rs/src/main.rs:483)
39.970062 [INFO ] NMEA $GNGSA,A,3,,,,,,,,,,,,,1.49,1.13,0.97*1D (pico_gnss pico-gnss-rs/src/main.rs:483)
40.057431 [INFO ] NMEA $GPGSV,4,1,13,25,83,086,16,32,62,320,16,12,43,048,24,10,39,222,15*7B (pico_gnss pico-gnss-rs/src/main.rs:483)
40.120204 [INFO ] NMEA $GPGSV,4,2,13,28,38,289,15,29,19,145,18,23,16,189,18,24,12,082,*71 (pico_gnss pico-gnss-rs/src/main.rs:483)
40.178625 [INFO ] NMEA $GPGSV,4,3,13,31,12,273,,26,03,225,,193,,,,194,,,*7E (pico_gnss pico-gnss-rs/src/main.rs:483)
40.207880 [INFO ] NMEA $GPGSV,4,4,13,195,,,*46 (pico_gnss pico-gnss-rs/src/main.rs:483)
40.266376 [INFO ] NMEA $GLGSV,2,1,08,72,73,152,,75,65,272,,65,49,327,,74,46,026,*62 (pico_gnss pico-gnss-rs/src/main.rs:483)
40.324965 [INFO ] NMEA $GLGSV,2,2,08,71,19,150,16,76,15,234,,73,03,044,17,66,01,329,*68 (pico_gnss pico-gnss-rs/src/main.rs:483)
40.416401 [INFO ] NMEA $GNRMC,131054.000,A,0000.0000,N,00000.0000,E,2.12,303.96,080626,,,A*71 (pico_gnss pico-gnss-rs/src/main.rs:483)
40.418973 [INFO ] SYNC pps_local_us=33000077 unix_s=1780924254 drift_us=2 err_ns=-6 holdover_ms=1000 (pico_gnss pico-gnss-rs/src/main.rs:514)
40.441663 [INFO ] PPS count=35 interval_us=1000002 interval_ns=1000002320 state=Locked missed=0 (pico_gnss pico-gnss-rs/src/main.rs:203)
40.443429 [INFO ] PPSGEN count=35 interval_ns=999984928 dev_ns=-15072 phase_ns=1725655 hwphase_ns=243088 trim_ppb=0 cfg=2 p_ns=15193 d_ns=0 (pico_gnss pico-gnss-rs/src/main.rs:330)
40.446244 [INFO ] NMEA $GPVTG,303.96,T,,M,2.12,N,3.92,K,A*3B (pico_gnss pico-gnss-rs/src/main.rs:483)
40.475237 [INFO ] NMEA $GPZDA,131054.000,08,06,2026,,*5C (pico_gnss pico-gnss-rs/src/main.rs:483)
40.489803 [INFO ] TIME unix_ns=1780924255048227546 ppb=2342 holdover_ms=1048 locked=1 (pico_gnss pico-gnss-rs/src/main.rs:237)
40.523076 [INFO ] NMEA $GPGST,131054.000,8.8,18,13,125.4,14,16,42*46 (pico_gnss pico-gnss-rs/src/main.rs:483)
40.829550 [INFO ] NMEA $GPGGA,131055.000,0000.0000,N,00000.0000,E,1,6,1.13,35.6,M,39.0,M,,*6C (pico_gnss pico-gnss-rs/src/main.rs:483)
40.876623 [INFO ] NMEA $GNGLL,0000.0000,N,00000.0000,E,131055.000,A,A*48 (pico_gnss pico-gnss-rs/src/main.rs:483)
40.935028 [INFO ] NMEA $GNGSA,A,3,10,12,29,28,32,23,,,,,,,1.49,1.13,0.97*1E (pico_gnss pico-gnss-rs/src/main.rs:483)
40.993281 [INFO ] NMEA $GNGSA,A,3,,,,,,,,,,,,,1.49,1.13,0.97*1D (pico_gnss pico-gnss-rs/src/main.rs:483)
41.051944 [INFO ] NMEA $GPGSV,4,1,13,25,83,079,16,32,62,320,16,12,43,048,24,10,39,222,15*7B (pico_gnss pico-gnss-rs/src/main.rs:483)
41.139256 [INFO ] NMEA $GPGSV,4,2,13,28,38,289,15,29,19,145,18,23,16,189,18,24,12,082,*71 (pico_gnss pico-gnss-rs/src/main.rs:483)
41.173128 [INFO ] NMEA $GPGSV,4,3,13,31,12,273,,26,03,225,,193,,,,194,,,*7E (pico_gnss pico-gnss-rs/src/main.rs:483)
41.202369 [INFO ] NMEA $GPGSV,4,4,13,195,,,*46 (pico_gnss pico-gnss-rs/src/main.rs:483)
41.260874 [INFO ] NMEA $GLGSV,2,1,08,72,73,152,,75,65,272,,65,49,327,,74,46,026,*62 (pico_gnss pico-gnss-rs/src/main.rs:483)
41.348212 [INFO ] NMEA $GLGSV,2,2,08,71,19,150,16,76,15,234,,73,03,044,17,66,01,329,*68 (pico_gnss pico-gnss-rs/src/main.rs:483)
41.410888 [INFO ] NMEA $GNRMC,131055.000,A,0000.0000,N,00000.0000,E,1.75,304.19,080626,,,A*79 (pico_gnss pico-gnss-rs/src/main.rs:483)
41.413453 [INFO ] SYNC pps_local_us=34000079 unix_s=1780924255 drift_us=2 err_ns=-21 holdover_ms=1000 (pico_gnss pico-gnss-rs/src/main.rs:514)
41.441608 [INFO ] PPS count=36 interval_us=1000002 interval_ns=1000002352 state=Locked missed=0 (pico_gnss pico-gnss-rs/src/main.rs:203)
41.443417 [INFO ] PPSGEN count=36 interval_ns=999986080 dev_ns=-13920 phase_ns=1595655 hwphase_ns=226816 trim_ppb=0 cfg=2 p_ns=14176 d_ns=0 (pico_gnss pico-gnss-rs/src/main.rs:330)
41.469437 [INFO ] NMEA $GPVTG,304.19,T,,M,1.75,N,3.25,K,A*35 (pico_gnss pico-gnss-rs/src/main.rs:483)
41.491087 [INFO ] TIME unix_ns=1780924256049429543 ppb=2342 holdover_ms=1049 locked=1 (pico_gnss pico-gnss-rs/src/main.rs:237)
41.498635 [INFO ] NMEA $GPZDA,131055.000,08,06,2026,,*5D (pico_gnss pico-gnss-rs/src/main.rs:483)
41.534721 [INFO ] NMEA $GPGST,131055.000,9.1,16,12,121.2,13,15,41*45 (pico_gnss pico-gnss-rs/src/main.rs:483)
41.837637 [INFO ] NMEA $GPGGA,131056.000,0000.0000,N,00000.0000,E,1,6,1.13,36.2,M,39.0,M,,*6D (pico_gnss pico-gnss-rs/src/main.rs:483)
41.896021 [INFO ] NMEA $GNGLL,0000.0000,N,00000.0000,E,131056.000,A,A*4E (pico_gnss pico-gnss-rs/src/main.rs:483)
41.954486 [INFO ] NMEA $GNGSA,A,3,10,12,29,28,32,23,,,,,,,1.49,1.13,0.97*1E (pico_gnss pico-gnss-rs/src/main.rs:483)
41.983951 [INFO ] NMEA $GNGSA,A,3,,,,,,,,,,,,,1.49,1.13,0.97*1D (pico_gnss pico-gnss-rs/src/main.rs:483)
42.071355 [INFO ] NMEA $GPGSV,4,1,13,25,83,079,16,32,62,320,16,12,43,048,24,10,39,222,15*7B (pico_gnss pico-gnss-rs/src/main.rs:483)
42.129984 [INFO ] NMEA $GPGSV,4,2,13,28,38,289,15,29,19,145,18,23,16,189,18,24,12,082,*71 (pico_gnss pico-gnss-rs/src/main.rs:483)
42.192532 [INFO ] NMEA $GPGSV,4,3,13,31,12,273,,26,03,226,,193,,,,194,,,*7D (pico_gnss pico-gnss-rs/src/main.rs:483)
42.221800 [INFO ] NMEA $GPGSV,4,4,13,195,,,*46 (pico_gnss pico-gnss-rs/src/main.rs:483)
42.280277 [INFO ] NMEA $GLGSV,2,1,08,72,73,152,,75,65,272,,65,49,327,,74,46,026,20*60 (pico_gnss pico-gnss-rs/src/main.rs:483)
42.367557 [INFO ] NMEA $GLGSV,2,2,08,71,19,150,16,76,15,234,,73,03,044,17,66,01,329,*68 (pico_gnss pico-gnss-rs/src/main.rs:483)
42.430270 [INFO ] NMEA $GNRMC,131056.000,A,0000.0000,N,00000.0000,E,0.22,304.19,080626,,,A*7C (pico_gnss pico-gnss-rs/src/main.rs:483)
42.432821 [INFO ] SYNC pps_local_us=35000081 unix_s=1780924256 drift_us=2 err_ns=11 holdover_ms=999 (pico_gnss pico-gnss-rs/src/main.rs:514)
42.442004 [INFO ] PPSGEN count=37 interval_ns=999987168 dev_ns=-12832 phase_ns=352658 hwphase_ns=213984 trim_ppb=0 cfg=2 p_ns=0 d_ns=0 (pico_gnss pico-gnss-rs/src/main.rs:330)
42.443469 [INFO ] PPS count=37 interval_us=1000002 interval_ns=1000002336 state=Locked missed=0 (pico_gnss pico-gnss-rs/src/main.rs:203)
42.460121 [INFO ] NMEA $GPVTG,304.19,T,,M,0.22,N,0.41,K,A*37 (pico_gnss pico-gnss-rs/src/main.rs:483)
42.492392 [INFO ] TIME unix_ns=1780924257050776540 ppb=2342 holdover_ms=1050 locked=1 (pico_gnss pico-gnss-rs/src/main.rs:237)
42.517970 [INFO ] NMEA $GPZDA,131056.000,08,06,2026,,*5E (pico_gnss pico-gnss-rs/src/main.rs:483)
42.545354 [INFO ] NMEA $GPGST,131056.000,9.3,16,12,123.1,13,15,41*45 (pico_gnss pico-gnss-rs/src/main.rs:483)
42.897529 [INFO ] NMEA $GPGGA,131057.000,0000.0000,N,00000.0000,E,1,6,1.13,36.2,M,39.0,M,,*6D (pico_gnss pico-gnss-rs/src/main.rs:483)
42.965118 [INFO ] NMEA $GNGLL,0000.0000,N,00000.0000,E,131057.000,A,A*4E (pico_gnss pico-gnss-rs/src/main.rs:483)
42.994892 [INFO ] NMEA $GNGSA,A,3,10,12,29,28,32,23,,,,,,,1.49,1.13,0.97*1E (pico_gnss pico-gnss-rs/src/main.rs:483)
43.053032 [INFO ] NMEA $GNGSA,A,3,,,,,,,,,,,,,1.49,1.13,0.97*1D (pico_gnss pico-gnss-rs/src/main.rs:483)
43.111711 [INFO ] NMEA $GPGSV,4,1,13,25,83,079,16,32,62,320,16,12,43,048,24,10,39,222,16*78 (pico_gnss pico-gnss-rs/src/main.rs:483)
43.199111 [INFO ] NMEA $GPGSV,4,2,13,28,38,289,15,29,19,145,19,23,16,189,18,24,12,082,*70 (pico_gnss pico-gnss-rs/src/main.rs:483)
43.261664 [INFO ] NMEA $GPGSV,4,3,13,31,12,273,,26,03,226,,193,,,,194,,,*7D (pico_gnss pico-gnss-rs/src/main.rs:483)
43.290891 [INFO ] NMEA $GPGSV,4,4,13,195,,,*46 (pico_gnss pico-gnss-rs/src/main.rs:483)
43.349353 [INFO ] NMEA $GLGSV,2,1,08,72,73,152,,75,65,272,,65,49,327,,74,46,026,*62 (pico_gnss pico-gnss-rs/src/main.rs:483)
43.407839 [INFO ] NMEA $GLGSV,2,2,08,71,19,150,16,76,15,234,,73,03,044,17,66,01,329,*68 (pico_gnss pico-gnss-rs/src/main.rs:483)
43.441554 [INFO ] PPS count=38 interval_us=1000002 interval_ns=1000002336 state=Locked missed=0 (pico_gnss pico-gnss-rs/src/main.rs:203)
43.443381 [INFO ] PPSGEN count=38 interval_ns=999988176 dev_ns=-11824 phase_ns=1615314 hwphase_ns=197488 trim_ppb=0 cfg=2 p_ns=12343 d_ns=0 (pico_gnss pico-gnss-rs/src/main.rs:330)
43.493687 [INFO ] TIME unix_ns=1780924258052084195 ppb=2342 holdover_ms=2052 locked=1 (pico_gnss pico-gnss-rs/src/main.rs:237)
43.499374 [INFO ] NMEA $GNRMC,131057.000,A,0000.0000,N,00000.0000,E,0.19,304.19,080626,,,A*74 (pico_gnss pico-gnss-rs/src/main.rs:483)
43.501987 [INFO ] SYNC pps_local_us=37000086 unix_s=1780924257 drift_us=2 err_ns=-11 holdover_ms=1999 (pico_gnss pico-gnss-rs/src/main.rs:514)
43.528946 [INFO ] NMEA $GPVTG,304.19,T,,M,0.19,N,0.34,K,A*3D (pico_gnss pico-gnss-rs/src/main.rs:483)
43.558015 [INFO ] NMEA $GPZDA,131057.000,08,06,2026,,*5F (pico_gnss pico-gnss-rs/src/main.rs:483)
43.602697 [INFO ] NMEA $GPGST,131057.000,9.2,16,12,125.1,13,15,42*40 (pico_gnss pico-gnss-rs/src/main.rs:483)
43.907411 [INFO ] NMEA $GPGGA,131058.000,0000.0000,N,00000.0000,E,1,6,1.13,36.2,M,39.0,M,,*62 (pico_gnss pico-gnss-rs/src/main.rs:483)
43.965750 [INFO ] NMEA $GNGLL,0000.0000,N,00000.0000,E,131058.000,A,A*41 (pico_gnss pico-gnss-rs/src/main.rs:483)
44.015983 [INFO ] NMEA $GNGSA,A,3,10,12,29,28,32,23,,,,,,,1.49,1.13,0.97*1E (pico_gnss pico-gnss-rs/src/main.rs:483)
44.074229 [INFO ] NMEA $GNGSA,A,3,,,,,,,,,,,,,1.49,1.13,0.97*1D (pico_gnss pico-gnss-rs/src/main.rs:483)
44.132902 [INFO ] NMEA $GPGSV,4,1,13,25,83,079,16,32,62,320,16,12,43,048,24,10,39,222,16*78 (pico_gnss pico-gnss-rs/src/main.rs:483)
44.191552 [INFO ] NMEA $GPGSV,4,2,13,28,38,290,15,29,19,145,19,23,16,189,18,24,12,082,*78 (pico_gnss pico-gnss-rs/src/main.rs:483)
44.254033 [INFO ] NMEA $GPGSV,4,3,13,31,12,273,,26,03,226,,193,,,,194,,,*7D (pico_gnss pico-gnss-rs/src/main.rs:483)
44.283319 [INFO ] NMEA $GPGSV,4,4,13,195,,,*46 (pico_gnss pico-gnss-rs/src/main.rs:483)
44.341775 [INFO ] NMEA $GLGSV,2,1,08,72,73,152,,75,65,272,,65,49,327,,74,46,026,*62 (pico_gnss pico-gnss-rs/src/main.rs:483)
44.428957 [INFO ] NMEA $GLGSV,2,2,08,71,19,150,16,76,15,234,,73,03,044,17,66,01,329,*68 (pico_gnss pico-gnss-rs/src/main.rs:483)
44.441596 [INFO ] PPS count=39 interval_us=1000002 interval_ns=1000002336 state=Locked missed=0 (pico_gnss pico-gnss-rs/src/main.rs:203)
44.443421 [INFO ] PPSGEN count=39 interval_ns=1000002368 dev_ns=2368 phase_ns=1677655 hwphase_ns=197520 trim_ppb=0 cfg=2 p_ns=12345 d_ns=0 (pico_gnss pico-gnss-rs/src/main.rs:330)
44.487704 [INFO ] NMEA $GNRMC,131058.000,A,0000.0000,N,00000.0000,E,0.26,304.19,080626,,,A*77 (pico_gnss pico-gnss-rs/src/main.rs:483)
44.490270 [INFO ] SYNC pps_local_us=38000088 unix_s=1780924258 drift_us=2 err_ns=-5 holdover_ms=1000 (pico_gnss pico-gnss-rs/src/main.rs:514)
44.494975 [INFO ] TIME unix_ns=1780924258053442875 ppb=2341 holdover_ms=53 locked=1 (pico_gnss pico-gnss-rs/src/main.rs:237)
44.549788 [INFO ] NMEA $GPVTG,304.19,T,,M,0.26,N,0.48,K,A*3A (pico_gnss pico-gnss-rs/src/main.rs:483)
44.579144 [INFO ] NMEA $GPZDA,131058.000,08,06,2026,,*50 (pico_gnss pico-gnss-rs/src/main.rs:483)
44.608582 [INFO ] NMEA $GPGST,131058.000,9.1,16,12,127.6,14,15,42*4E (pico_gnss pico-gnss-rs/src/main.rs:483)
44.921756 [INFO ] NMEA $GPGGA,131059.000,0000.0000,N,00000.0000,E,1,6,1.13,36.4,M,39.0,M,,*61 (pico_gnss pico-gnss-rs/src/main.rs:483)
44.980092 [INFO ] NMEA $GNGLL,0000.0000,N,00000.0000,E,131059.000,A,A*44 (pico_gnss pico-gnss-rs/src/main.rs:483)
45.041584 [INFO ] NMEA $GNGSA,A,3,10,12,29,28,32,23,,,,,,,1.49,1.13,0.97*1E (pico_gnss pico-gnss-rs/src/main.rs:483)
45.071126 [INFO ] NMEA $GNGSA,A,3,,,,,,,,,,,,,1.49,1.13,0.97*1D (pico_gnss pico-gnss-rs/src/main.rs:483)
45.158496 [INFO ] NMEA $GPGSV,4,1,13,25,83,079,16,32,62,320,16,12,43,048,24,10,39,222,16*78 (pico_gnss pico-gnss-rs/src/main.rs:483)
45.217167 [INFO ] NMEA $GPGSV,4,2,13,28,38,290,15,29,20,145,19,23,16,189,18,24,12,082,15*76 (pico_gnss pico-gnss-rs/src/main.rs:483)
45.279694 [INFO ] NMEA $GPGSV,4,3,13,31,12,273,,26,03,226,,193,,,,194,,,*7D (pico_gnss pico-gnss-rs/src/main.rs:483)
45.308959 [INFO ] NMEA $GPGSV,4,4,13,195,,,*46 (pico_gnss pico-gnss-rs/src/main.rs:483)
45.367338 [INFO ] NMEA $GLGSV,2,1,08,72,73,152,,75,65,272,,65,49,327,,74,46,026,*62 (pico_gnss pico-gnss-rs/src/main.rs:483)
45.425842 [INFO ] NMEA $GLGSV,2,2,08,71,19,150,16,76,15,234,,73,03,044,17,66,01,329,*68 (pico_gnss pico-gnss-rs/src/main.rs:483)
45.441599 [INFO ] PPS count=40 interval_us=1000002 interval_ns=1000002336 state=Locked missed=0 (pico_gnss pico-gnss-rs/src/main.rs:203)
45.443430 [INFO ] PPSGEN count=40 interval_ns=999990016 dev_ns=-9984 phase_ns=1666655 hwphase_ns=185200 trim_ppb=0 cfg=2 p_ns=11575 d_ns=0 (pico_gnss pico-gnss-rs/src/main.rs:330)
45.496241 [INFO ] TIME unix_ns=1780924259054620531 ppb=2341 holdover_ms=1054 locked=1 (pico_gnss pico-gnss-rs/src/main.rs:237)
45.513478 [INFO ] NMEA $GNRMC,131059.000,A,0000.0000,N,00000.0000,E,0.44,304.19,080626,,,A*76 (pico_gnss pico-gnss-rs/src/main.rs:483)
45.516077 [INFO ] SYNC pps_local_us=39000091 unix_s=1780924259 drift_us=2 err_ns=-5 holdover_ms=1000 (pico_gnss pico-gnss-rs/src/main.rs:514)
45.546695 [INFO ] NMEA $GPVTG,304.19,T,,M,0.44,N,0.81,K,A*3B (pico_gnss pico-gnss-rs/src/main.rs:483)
45.576001 [INFO ] NMEA $GPZDA,131059.000,08,06,2026,,*51 (pico_gnss pico-gnss-rs/src/main.rs:483)
45.629059 [INFO ] NMEA $GPGST,131059.000,9.1,16,12,130.2,14,15,42*4D (pico_gnss pico-gnss-rs/src/main.rs:483)
45.910594 [INFO ] NMEA $GPGGA,131100.000,0000.0000,N,00000.0000,E,1,6,1.13,36.6,M,39.0,M,,*6B (pico_gnss pico-gnss-rs/src/main.rs:483)
45.968941 [INFO ] NMEA $GNGLL,0000.0000,N,00000.0000,E,131100.000,A,A*4C (pico_gnss pico-gnss-rs/src/main.rs:483)
46.010950 [INFO ] NMEA $GNGSA,A,3,10,12,29,28,32,23,,,,,,,1.49,1.13,0.97*1E (pico_gnss pico-gnss-rs/src/main.rs:483)
46.069153 [INFO ] NMEA $GNGSA,A,3,,,,,,,,,,,,,1.49,1.13,0.97*1D (pico_gnss pico-gnss-rs/src/main.rs:483)
46.127849 [INFO ] NMEA $GPGSV,4,1,13,25,83,079,16,32,62,320,16,12,43,048,24,10,39,222,16*78 (pico_gnss pico-gnss-rs/src/main.rs:483)
46.215284 [INFO ] NMEA $GPGSV,4,2,13,28,38,290,14,29,20,145,19,23,16,189,18,24,12,082,14*76 (pico_gnss pico-gnss-rs/src/main.rs:483)
46.277841 [INFO ] NMEA $GPGSV,4,3,13,31,12,273,,26,03,226,,193,,,,194,,,*7D (pico_gnss pico-gnss-rs/src/main.rs:483)
46.307036 [INFO ] NMEA $GPGSV,4,4,13,195,,,*46 (pico_gnss pico-gnss-rs/src/main.rs:483)
46.365498 [INFO ] NMEA $GLGSV,2,1,08,72,73,152,,75,65,272,,65,49,327,,74,46,026,*62 (pico_gnss pico-gnss-rs/src/main.rs:483)
46.423997 [INFO ] NMEA $GLGSV,2,2,08,71,19,150,16,76,15,234,,73,03,044,17,66,01,329,*68 (pico_gnss pico-gnss-rs/src/main.rs:483)
46.441976 [INFO ] PPSGEN count=41 interval_ns=999990016 dev_ns=-9984 phase_ns=266659 hwphase_ns=175216 trim_ppb=0 cfg=2 p_ns=0 d_ns=0 (pico_gnss pico-gnss-rs/src/main.rs:330)
46.443451 [INFO ] PPS count=41 interval_us=1000002 interval_ns=1000002336 state=Locked missed=0 (pico_gnss pico-gnss-rs/src/main.rs:203)
46.497546 [INFO ] TIME unix_ns=1780924260055927529 ppb=2341 holdover_ms=1055 locked=1 (pico_gnss pico-gnss-rs/src/main.rs:237)
46.511647 [INFO ] NMEA $GNRMC,131100.000,A,0000.0000,N,00000.0000,E,0.44,304.19,080626,,,A*7E (pico_gnss pico-gnss-rs/src/main.rs:483)
46.514233 [INFO ] SYNC pps_local_us=40000093 unix_s=1780924260 drift_us=2 err_ns=-5 holdover_ms=1001 (pico_gnss pico-gnss-rs/src/main.rs:514)
46.544851 [INFO ] NMEA $GPVTG,304.19,T,,M,0.44,N,0.82,K,A*38 (pico_gnss pico-gnss-rs/src/main.rs:483)
46.574112 [INFO ] NMEA $GPZDA,131100.000,08,06,2026,,*5C (pico_gnss pico-gnss-rs/src/main.rs:483)
46.617798 [INFO ] NMEA $GPGST,131100.000,9.0,17,12,131.7,14,15,43*45 (pico_gnss pico-gnss-rs/src/main.rs:483)
46.908461 [INFO ] NMEA $GPGGA,131101.000,0000.0000,N,00000.0000,E,1,7,1.00,36.9,M,39.0,M,,*69 (pico_gnss pico-gnss-rs/src/main.rs:483)
46.966832 [INFO ] NMEA $GNGLL,0000.0000,N,00000.0000,E,131101.000,A,A*42 (pico_gnss pico-gnss-rs/src/main.rs:483)
47.018075 [INFO ] NMEA $GNGSA,A,3,24,10,12,29,28,32,23,,,,,,1.37,1.00,0.94*10 (pico_gnss pico-gnss-rs/src/main.rs:483)
47.076348 [INFO ] NMEA $GNGSA,A,3,,,,,,,,,,,,,1.37,1.00,0.94*15 (pico_gnss pico-gnss-rs/src/main.rs:483)
47.134983 [INFO ] NMEA $GPGSV,4,1,13,25,83,079,16,32,62,320,16,12,43,048,24,10,39,222,16*78 (pico_gnss pico-gnss-rs/src/main.rs:483)
47.222403 [INFO ] NMEA $GPGSV,4,2,13,28,38,290,13,29,20,145,19,23,16,189,18,31,13,274,*7A (pico_gnss pico-gnss-rs/src/main.rs:483)
47.280872 [INFO ] NMEA $GPGSV,4,3,13,24,12,082,14,26,03,226,,193,,,,194,,,*70 (pico_gnss pico-gnss-rs/src/main.rs:483)
47.285537 [INFO ] NMEA $GPGSV,4,4,13,195,,,*46 (pico_gnss pico-gnss-rs/src/main.rs:483)
47.343996 [INFO ] NMEA $GLGSV,2,1,08,72,73,152,,75,65,272,,65,49,327,,74,46,026,*62 (pico_gnss pico-gnss-rs/src/main.rs:483)
47.431186 [INFO ] NMEA $GLGSV,2,2,08,71,19,150,16,76,15,234,,73,03,044,17,66,01,329,*68 (pico_gnss pico-gnss-rs/src/main.rs:483)
47.442057 [INFO ] PPSGEN count=42 interval_ns=999990800 dev_ns=-9200 phase_ns=-1640337 hwphase_ns=163680 trim_ppb=0 cfg=2 p_ns=10230 d_ns=0 (pico_gnss pico-gnss-rs/src/main.rs:330)
47.443617 [INFO ] PPS count=42 interval_us=1000002 interval_ns=1000002336 state=Locked missed=0 (pico_gnss pico-gnss-rs/src/main.rs:203)
47.489907 [INFO ] NMEA $GNRMC,131101.000,A,0000.0000,N,00000.0000,E,0.44,304.19,080626,,,A*70 (pico_gnss pico-gnss-rs/src/main.rs:483)
47.492491 [INFO ] SYNC pps_local_us=41000095 unix_s=1780924261 drift_us=2 err_ns=-4 holdover_ms=1000 (pico_gnss pico-gnss-rs/src/main.rs:514)
47.498822 [INFO ] TIME unix_ns=1780924261055212871 ppb=2341 holdover_ms=55 locked=1 (pico_gnss pico-gnss-rs/src/main.rs:237)
47.552004 [INFO ] NMEA $GPVTG,304.19,T,,M,0.44,N,0.81,K,A*3B (pico_gnss pico-gnss-rs/src/main.rs:483)
47.581361 [INFO ] NMEA $GPZDA,131101.000,08,06,2026,,*5D (pico_gnss pico-gnss-rs/src/main.rs:483)
47.617702 [INFO ] NMEA $GPGST,131101.000,9.0,17,11,131.8,14,15,37*4B (pico_gnss pico-gnss-rs/src/main.rs:483)
47.923580 [INFO ] NMEA $GPGGA,131102.000,0000.0000,N,00000.0000,E,1,7,1.00,37.0,M,39.0,M,,*64 (pico_gnss pico-gnss-rs/src/main.rs:483)
47.981946 [INFO ] NMEA $GNGLL,0000.0000,N,00000.0000,E,131102.000,A,A*47 (pico_gnss pico-gnss-rs/src/main.rs:483)
48.040413 [INFO ] NMEA $GNGSA,A,3,24,10,12,29,28,32,23,,,,,,1.37,1.00,0.94*10 (pico_gnss pico-gnss-rs/src/main.rs:483)
48.069901 [INFO ] NMEA $GNGSA,A,3,,,,,,,,,,,,,1.37,1.00,0.94*15 (pico_gnss pico-gnss-rs/src/main.rs:483)
48.157307 [INFO ] NMEA $GPGSV,4,1,13,25,83,079,16,32,63,320,16,12,43,048,24,10,39,222,16*79 (pico_gnss pico-gnss-rs/src/main.rs:483)
48.215930 [INFO ] NMEA $GPGSV,4,2,13,28,38,290,14,29,20,145,19,23,16,189,18,31,13,274,*7D (pico_gnss pico-gnss-rs/src/main.rs:483)
48.274416 [INFO ] NMEA $GPGSV,4,3,13,24,12,082,14,26,03,226,,193,,,,194,,,*70 (pico_gnss pico-gnss-rs/src/main.rs:483)
48.307719 [INFO ] NMEA $GPGSV,4,4,13,195,,,*46 (pico_gnss pico-gnss-rs/src/main.rs:483)
48.366158 [INFO ] NMEA $GLGSV,2,1,08,72,73,152,,75,65,272,,65,49,327,,74,46,026,*62 (pico_gnss pico-gnss-rs/src/main.rs:483)
48.442053 [INFO ] PPSGEN count=43 interval_ns=1000002352 dev_ns=2352 phase_ns=-1841336 hwphase_ns=163696 trim_ppb=0 cfg=2 p_ns=10231 d_ns=0 (pico_gnss pico-gnss-rs/src/main.rs:330)
48.443563 [INFO ] PPS count=43 interval_us=1000002 interval_ns=1000002336 state=Locked missed=0 (pico_gnss pico-gnss-rs/src/main.rs:203)
48.453825 [INFO ] NMEA $GLGSV,2,2,08,71,19,150,17,76,15,234,,73,03,044,17,66,01,329,*69 (pico_gnss pico-gnss-rs/src/main.rs:483)
48.500078 [INFO ] TIME unix_ns=1780924262056368528 ppb=2341 holdover_ms=1056 locked=1 (pico_gnss pico-gnss-rs/src/main.rs:237)
48.512305 [INFO ] NMEA $GNRMC,131102.000,A,0000.0000,N,00000.0000,E,0.84,215.04,080626,,,A*74 (pico_gnss pico-gnss-rs/src/main.rs:483)
48.514903 [INFO ] SYNC pps_local_us=42000098 unix_s=1780924262 drift_us=2 err_ns=-4 holdover_ms=999 (pico_gnss pico-gnss-rs/src/main.rs:514)
48.570048 [INFO ] NMEA $GPVTG,215.04,T,,M,0.84,N,1.56,K,A*31 (pico_gnss pico-gnss-rs/src/main.rs:483)
48.603437 [INFO ] NMEA $GPZDA,131102.000,08,06,2026,,*5E (pico_gnss pico-gnss-rs/src/main.rs:483)
48.633153 [INFO ] NMEA $GPGST,131102.000,9.0,17,11,132.8,14,14,37*4A (pico_gnss pico-gnss-rs/src/main.rs:483)
48.784871 [INFO ] NMEA $GPGGA,131103.000,0000.0000,N,00000.0000,E,1,7,1.00,37.1,M,39.0,M,,*67 (pico_gnss pico-gnss-rs/src/main.rs:483)
48.843245 [INFO ] NMEA $GNGLL,0000.0000,N,00000.0000,E,131103.000,A,A*45 (pico_gnss pico-gnss-rs/src/main.rs:483)
48.908844 [INFO ] NMEA $GNGSA,A,3,24,10,12,29,28,32,23,,,,,,1.37,1.00,0.94*10 (pico_gnss pico-gnss-rs/src/main.rs:483)
48.938392 [INFO ] NMEA $GNGSA,A,3,,,,,,,,,,,,,1.37,1.00,0.94*15 (pico_gnss pico-gnss-rs/src/main.rs:483)
49.025751 [INFO ] NMEA $GPGSV,4,1,13,25,83,079,16,32,63,320,16,12,43,048,23,10,39,222,17*7F (pico_gnss pico-gnss-rs/src/main.rs:483)
49.084428 [INFO ] NMEA $GPGSV,4,2,13,28,38,290,14,29,20,145,19,23,16,189,18,31,13,274,*7D (pico_gnss pico-gnss-rs/src/main.rs:483)
49.142874 [INFO ] NMEA $GPGSV,4,3,13,24,12,082,14,26,03,226,,193,,,,194,,,*70 (pico_gnss pico-gnss-rs/src/main.rs:483)
49.176163 [INFO ] NMEA $GPGSV,4,4,13,195,,,*46 (pico_gnss pico-gnss-rs/src/main.rs:483)
49.234746 [INFO ] NMEA $GLGSV,2,1,08,72,73,152,,75,65,272,,65,49,327,,74,46,026,*62 (pico_gnss pico-gnss-rs/src/main.rs:483)
49.293420 [INFO ] NMEA $GLGSV,2,2,08,71,19,150,17,76,15,234,,73,03,044,17,66,01,329,*69 (pico_gnss pico-gnss-rs/src/main.rs:483)
49.380812 [INFO ] NMEA $GNRMC,131103.000,A,0000.0000,N,00000.0000,E,0.30,215.04,080626,,,A*79 (pico_gnss pico-gnss-rs/src/main.rs:483)
49.410399 [INFO ] NMEA $GPVTG,215.04,T,,M,0.30,N,0.55,K,A*3C (pico_gnss pico-gnss-rs/src/main.rs:483)
49.442081 [INFO ] PPSGEN count=44 interval_ns=999992144 dev_ns=-7856 phase_ns=-1763336 hwphase_ns=153504 trim_ppb=0 cfg=2 p_ns=9594 d_ns=0 (pico_gnss pico-gnss-rs/src/main.rs:330)
49.443657 [INFO ] PPS count=44 interval_us=1000002 interval_ns=1000002336 state=Locked missed=0 (pico_gnss pico-gnss-rs/src/main.rs:203)
49.445668 [INFO ] NMEA $GPZDA,131103.000,08,06,2026,,*5F (pico_gnss pico-gnss-rs/src/main.rs:483)
49.494661 [INFO ] NMEA $GPGST,131103.000,9.0,17,11,133.4,14,14,37*46 (pico_gnss pico-gnss-rs/src/main.rs:483)
49.501369 [INFO ] TIME unix_ns=1780924263057745525 ppb=2341 holdover_ms=1057 locked=1 (pico_gnss pico-gnss-rs/src/main.rs:237)
49.808601 [INFO ] NMEA $GPGGA,131104.000,0000.0000,N,00000.0000,E,1,7,1.00,37.0,M,39.0,M,,*64 (pico_gnss pico-gnss-rs/src/main.rs:483)
49.866944 [INFO ] NMEA $GNGLL,0000.0000,N,00000.0000,E,131104.000,A,A*47 (pico_gnss pico-gnss-rs/src/main.rs:483)
49.925357 [INFO ] NMEA $GNGSA,A,3,24,10,12,29,28,32,23,,,,,,1.37,1.00,0.94*10 (pico_gnss pico-gnss-rs/src/main.rs:483)
49.969206 [INFO ] NMEA $GNGSA,A,3,,,,,,,,,,,,,1.37,1.00,0.94*15 (pico_gnss pico-gnss-rs/src/main.rs:483)
50.027899 [INFO ] NMEA $GPGSV,4,1,13,25,83,079,16,32,63,320,16,12,43,048,22,10,39,222,17*7E (pico_gnss pico-gnss-rs/src/main.rs:483)
50.115297 [INFO ] NMEA $GPGSV,4,2,13,28,38,290,14,29,20,145,19,23,16,189,18,31,13,274,*7D (pico_gnss pico-gnss-rs/src/main.rs:483)
50.173812 [INFO ] NMEA $GPGSV,4,3,13,24,12,082,16,26,03,226,,193,,,,194,,,*72 (pico_gnss pico-gnss-rs/src/main.rs:483)
50.207065 [INFO ] NMEA $GPGSV,4,4,13,195,,,*46 (pico_gnss pico-gnss-rs/src/main.rs:483)
50.265633 [INFO ] NMEA $GLGSV,2,1,08,72,73,152,,75,65,272,,65,49,327,,74,46,026,*62 (pico_gnss pico-gnss-rs/src/main.rs:483)
50.324240 [INFO ] NMEA $GLGSV,2,2,08,71,19,150,17,76,15,234,,73,03,044,17,66,01,329,*69 (pico_gnss pico-gnss-rs/src/main.rs:483)
50.411538 [INFO ] NMEA $GNRMC,131104.000,A,0000.0000,N,00000.0000,E,0.64,106.33,080626,,,A*7F (pico_gnss pico-gnss-rs/src/main.rs:483)
50.414099 [INFO ] SYNC pps_local_us=43000100 unix_s=1780924264 drift_us=2 err_ns=-4 holdover_ms=1000 (pico_gnss pico-gnss-rs/src/main.rs:514)
50.442033 [INFO ] PPSGEN count=45 interval_ns=999992128 dev_ns=-7872 phase_ns=-1844336 hwphase_ns=143296 trim_ppb=0 cfg=2 p_ns=8956 d_ns=0 (pico_gnss pico-gnss-rs/src/main.rs:330)
50.443588 [INFO ] PPS count=45 interval_us=1000002 interval_ns=1000002336 state=Locked missed=0 (pico_gnss pico-gnss-rs/src/main.rs:203)
50.444663 [INFO ] NMEA $GPVTG,106.33,T,,M,0.64,N,1.19,K,A*31 (pico_gnss pico-gnss-rs/src/main.rs:483)
50.474362 [INFO ] NMEA $GPZDA,131104.000,08,06,2026,,*58 (pico_gnss pico-gnss-rs/src/main.rs:483)
50.503023 [INFO ] TIME unix_ns=1780924265058959522 ppb=2340 holdover_ms=1058 locked=1 (pico_gnss pico-gnss-rs/src/main.rs:237)
50.518191 [INFO ] NMEA $GPGST,131104.000,9.0,17,11,133.9,14,14,37*4C (pico_gnss pico-gnss-rs/src/main.rs:483)
50.831536 [INFO ] NMEA $GPGGA,131105.000,0000.0000,N,00000.0000,E,1,7,1.00,37.0,M,39.0,M,,*6E (pico_gnss pico-gnss-rs/src/main.rs:483)
50.889910 [INFO ] NMEA $GNGLL,0000.0000,N,00000.0000,E,131105.000,A,A*4D (pico_gnss pico-gnss-rs/src/main.rs:483)
50.948367 [INFO ] NMEA $GNGSA,A,3,24,10,12,29,28,32,23,,,,,,1.37,1.00,0.94*10 (pico_gnss pico-gnss-rs/src/main.rs:483)
50.999402 [INFO ] NMEA $GNGSA,A,3,,,,,,,,,,,,,1.37,1.00,0.94*15 (pico_gnss pico-gnss-rs/src/main.rs:483)
51.058061 [INFO ] NMEA $GPGSV,4,1,13,25,83,079,16,32,63,320,16,12,43,048,22,10,39,222,17*7E (pico_gnss pico-gnss-rs/src/main.rs:483)
51.145459 [INFO ] NMEA $GPGSV,4,2,13,28,38,290,14,29,20,145,19,23,16,189,18,31,13,274,*7D (pico_gnss pico-gnss-rs/src/main.rs:483)
51.203909 [INFO ] NMEA $GPGSV,4,3,13,24,12,082,14,26,03,226,,193,,,,194,,,*70 (pico_gnss pico-gnss-rs/src/main.rs:483)
51.205279 [INFO ] NMEA $GPGSV,4,4,13,195,,,*46 (pico_gnss pico-gnss-rs/src/main.rs:483)
51.267005 [INFO ] NMEA $GLGSV,2,1,08,72,73,152,,75,65,272,,65,49,327,,74,46,026,*62 (pico_gnss pico-gnss-rs/src/main.rs:483)
51.354358 [INFO ] NMEA $GLGSV,2,2,08,71,19,150,17,76,15,234,,73,03,044,17,66,01,329,*69 (pico_gnss pico-gnss-rs/src/main.rs:483)
51.412937 [INFO ] NMEA $GNRMC,131105.000,A,0000.0000,N,00000.0000,E,1.53,41.89,080626,,,A*43 (pico_gnss pico-gnss-rs/src/main.rs:483)
51.415492 [INFO ] SYNC pps_local_us=44000102 unix_s=1780924265 drift_us=2 err_ns=-4 holdover_ms=999 (pico_gnss pico-gnss-rs/src/main.rs:514)
51.442080 [INFO ] PPSGEN count=46 interval_ns=999992768 dev_ns=-7232 phase_ns=-1704336 hwphase_ns=133728 trim_ppb=0 cfg=2 p_ns=8358 d_ns=0 (pico_gnss pico-gnss-rs/src/main.rs:330)
51.443602 [INFO ] PPS count=46 interval_us=1000002 interval_ns=1000002336 state=Locked missed=0 (pico_gnss pico-gnss-rs/src/main.rs:203)
51.474235 [INFO ] NMEA $GPVTG,41.89,T,,M,1.53,N,2.84,K,A*00 (pico_gnss pico-gnss-rs/src/main.rs:483)
51.504496 [INFO ] NMEA $GPZDA,131105.000,08,06,2026,,*59 (pico_gnss pico-gnss-rs/src/main.rs:483)
51.506237 [INFO ] TIME unix_ns=1780924266062573514 ppb=2340 holdover_ms=1062 locked=1 (pico_gnss pico-gnss-rs/src/main.rs:237)
51.538779 [INFO ] NMEA $GPGST,131105.000,8.9,17,11,134.4,14,14,37*4F (pico_gnss pico-gnss-rs/src/main.rs:483)
51.857612 [INFO ] NMEA $GPGGA,131106.000,0000.0000,N,00000.0000,E,1,7,1.00,37.2,M,39.0,M,,*64 (pico_gnss pico-gnss-rs/src/main.rs:483)
51.915957 [INFO ] NMEA $GNGLL,0000.0000,N,00000.0000,E,131106.000,A,A*45 (pico_gnss pico-gnss-rs/src/main.rs:483)
51.974449 [INFO ] NMEA $GNGSA,A,3,24,10,12,29,28,32,23,,,,,,1.37,1.00,0.94*10 (pico_gnss pico-gnss-rs/src/main.rs:483)
52.005914 [INFO ] NMEA $GNGSA,A,3,,,,,,,,,,,,,1.37,1.00,0.94*15 (pico_gnss pico-gnss-rs/src/main.rs:483)
52.093355 [INFO ] NMEA $GPGSV,4,1,13,25,83,079,15,32,63,320,16,12,43,048,22,10,39,222,17*7D (pico_gnss pico-gnss-rs/src/main.rs:483)
52.152005 [INFO ] NMEA $GPGSV,4,2,13,28,38,290,14,29,20,145,18,23,16,189,18,31,13,274,*7C (pico_gnss pico-gnss-rs/src/main.rs:483)
52.210472 [INFO ] NMEA $GPGSV,4,3,13,24,12,082,16,26,03,226,,193,,,,194,,,*72 (pico_gnss pico-gnss-rs/src/main.rs:483)
52.239724 [INFO ] NMEA $GPGSV,4,4,13,195,,,*46 (pico_gnss pico-gnss-rs/src/main.rs:483)
52.302278 [INFO ] NMEA $GLGSV,2,1,08,72,73,152,,75,65,272,,65,49,327,,74,46,026,*62 (pico_gnss pico-gnss-rs/src/main.rs:483)
52.389532 [INFO ] NMEA $GLGSV,2,2,08,71,19,150,17,76,15,234,,73,03,044,17,66,01,329,*69 (pico_gnss pico-gnss-rs/src/main.rs:483)
52.442086 [INFO ] PPSGEN count=47 interval_ns=999993408 dev_ns=-6592 phase_ns=-1786676 hwphase_ns=124800 trim_ppb=0 cfg=2 p_ns=7800 d_ns=0 (pico_gnss pico-gnss-rs/src/main.rs:330)
52.443622 [INFO ] PPS count=47 interval_us=1000002 interval_ns=1000002320 state=Locked missed=0 (pico_gnss pico-gnss-rs/src/main.rs:203)
52.448571 [INFO ] NMEA $GNRMC,131106.000,A,0000.0000,N,00000.0000,E,1.00,39.98,080626,,,A*42 (pico_gnss pico-gnss-rs/src/main.rs:483)
52.451150 [INFO ] SYNC pps_local_us=46000107 unix_s=1780924266 drift_us=2 err_ns=-23 holdover_ms=2000 (pico_gnss pico-gnss-rs/src/main.rs:514)
52.477842 [INFO ] NMEA $GPVTG,39.98,T,,M,1.00,N,1.86,K,A*08 (pico_gnss pico-gnss-rs/src/main.rs:483)
52.507684 [INFO ] TIME unix_ns=1780924266063970851 ppb=2340 holdover_ms=63 locked=1 (pico_gnss pico-gnss-rs/src/main.rs:237)
52.539650 [INFO ] NMEA $GPZDA,131106.000,08,06,2026,,*5A (pico_gnss pico-gnss-rs/src/main.rs:483)
52.565168 [INFO ] NMEA $GPGST,131106.000,8.8,17,11,134.9,14,14,37*40 (pico_gnss pico-gnss-rs/src/main.rs:483)
52.861675 [INFO ] NMEA $GPGGA,131107.000,0000.0000,N,00000.0000,E,1,7,1.00,37.2,M,39.0,M,,*60 (pico_gnss pico-gnss-rs/src/main.rs:483)
52.920044 [INFO ] NMEA $GNGLL,0000.0000,N,00000.0000,E,131107.000,A,A*41 (pico_gnss pico-gnss-rs/src/main.rs:483)
52.978534 [INFO ] NMEA $GNGSA,A,3,24,10,12,29,28,32,23,,,,,,1.37,1.00,0.94*10 (pico_gnss pico-gnss-rs/src/main.rs:483)
53.019219 [INFO ] NMEA $GNGSA,A,3,,,,,,,,,,,,,1.37,1.00,0.94*15 (pico_gnss pico-gnss-rs/src/main.rs:483)
53.077921 [INFO ] NMEA $GPGSV,4,1,13,25,83,079,16,32,63,320,16,12,43,048,22,10,39,222,17*7E (pico_gnss pico-gnss-rs/src/main.rs:483)
53.165324 [INFO ] NMEA $GPGSV,4,2,13,28,38,290,14,29,20,145,18,23,16,189,18,31,13,274,*7C (pico_gnss pico-gnss-rs/src/main.rs:483)
53.223780 [INFO ] NMEA $GPGSV,4,3,13,24,12,082,16,26,03,226,,193,,,,194,,,*72 (pico_gnss pico-gnss-rs/src/main.rs:483)
53.253040 [INFO ] NMEA $GPGSV,4,4,13,195,,,*46 (pico_gnss pico-gnss-rs/src/main.rs:483)
53.315630 [INFO ] NMEA $GLGSV,2,1,08,72,73,152,,75,65,272,,65,49,327,,74,46,026,*62 (pico_gnss pico-gnss-rs/src/main.rs:483)
53.374162 [INFO ] NMEA $GLGSV,2,2,08,71,19,150,17,76,15,234,,73,03,044,17,66,01,329,*69 (pico_gnss pico-gnss-rs/src/main.rs:483)
53.442089 [INFO ] PPSGEN count=48 interval_ns=999994016 dev_ns=-5984 phase_ns=-1829335 hwphase_ns=116496 trim_ppb=0 cfg=2 p_ns=7281 d_ns=0 (pico_gnss pico-gnss-rs/src/main.rs:330)
53.443648 [INFO ] PPS count=48 interval_us=1000002 interval_ns=1000002352 state=Locked missed=0 (pico_gnss pico-gnss-rs/src/main.rs:203)
53.461921 [INFO ] NMEA $GNRMC,131107.000,A,0000.0000,N,00000.0000,E,1.42,65.73,080626,,,A*4C (pico_gnss pico-gnss-rs/src/main.rs:483)
53.464479 [INFO ] SYNC pps_local_us=47000109 unix_s=1780924267 drift_us=2 err_ns=12 holdover_ms=1000 (pico_gnss pico-gnss-rs/src/main.rs:514)
53.491137 [INFO ] NMEA $GPVTG,65.73,T,,M,1.42,N,2.62,K,A*0B (pico_gnss pico-gnss-rs/src/main.rs:483)
53.508955 [INFO ] TIME unix_ns=1780924267065258848 ppb=2340 holdover_ms=65 locked=1 (pico_gnss pico-gnss-rs/src/main.rs:237)
53.520434 [INFO ] NMEA $GPZDA,131107.000,08,06,2026,,*5B (pico_gnss pico-gnss-rs/src/main.rs:483)
53.568971 [INFO ] NMEA $GPGST,131107.000,8.8,17,11,134.3,14,14,38*44 (pico_gnss pico-gnss-rs/src/main.rs:483)
53.880812 [INFO ] NMEA $GPGGA,131108.000,0000.0000,N,00000.0000,E,1,7,1.00,37.2,M,39.0,M,,*68 (pico_gnss pico-gnss-rs/src/main.rs:483)
53.939182 [INFO ] NMEA $GNGLL,0000.0000,N,00000.0000,E,131108.000,A,A*49 (pico_gnss pico-gnss-rs/src/main.rs:483)
53.997652 [INFO ] NMEA $GNGSA,A,3,24,10,12,29,28,32,23,,,,,,1.37,1.00,0.94*10 (pico_gnss pico-gnss-rs/src/main.rs:483)
54.047666 [INFO ] NMEA $GNGSA,A,3,,,,,,,,,,,,,1.37,1.00,0.94*15 (pico_gnss pico-gnss-rs/src/main.rs:483)
54.106323 [INFO ] NMEA $GPGSV,4,1,13,25,83,079,16,32,63,320,16,12,43,048,22,10,39,222,17*7E (pico_gnss pico-gnss-rs/src/main.rs:483)
54.193719 [INFO ] NMEA $GPGSV,4,2,13,28,38,290,14,29,20,145,18,23,16,189,18,31,13,274,*7C (pico_gnss pico-gnss-rs/src/main.rs:483)
54.252208 [INFO ] NMEA $GPGSV,4,3,13,24,12,082,15,26,03,226,,193,,,,194,,,*71 (pico_gnss pico-gnss-rs/src/main.rs:483)
54.253580 [INFO ] NMEA $GPGSV,4,4,13,195,,,*46 (pico_gnss pico-gnss-rs/src/main.rs:483)
54.343975 [INFO ] NMEA $GLGSV,2,1,08,72,73,152,,75,65,272,,65,49,327,,74,46,026,*62 (pico_gnss pico-gnss-rs/src/main.rs:483)
54.402536 [INFO ] NMEA $GLGSV,2,2,08,71,19,150,17,76,15,234,,73,03,044,17,66,01,329,*69 (pico_gnss pico-gnss-rs/src/main.rs:483)
54.442098 [INFO ] PPSGEN count=49 interval_ns=999994560 dev_ns=-5440 phase_ns=-1833335 hwphase_ns=108704 trim_ppb=0 cfg=2 p_ns=6794 d_ns=0 (pico_gnss pico-gnss-rs/src/main.rs:330)
54.443645 [INFO ] PPS count=49 interval_us=1000002 interval_ns=1000002320 state=Locked missed=0 (pico_gnss pico-gnss-rs/src/main.rs:203)
54.461546 [INFO ] NMEA $GNRMC,131108.000,A,0000.0000,N,00000.0000,E,1.34,358.70,080626,,,A*7B (pico_gnss pico-gnss-rs/src/main.rs:483)
54.464115 [INFO ] SYNC pps_local_us=48000112 unix_s=1780924268 drift_us=2 err_ns=-19 holdover_ms=999 (pico_gnss pico-gnss-rs/src/main.rs:514)
54.510242 [INFO ] TIME unix_ns=1780924268066517845 ppb=2339 holdover_ms=66 locked=1 (pico_gnss pico-gnss-rs/src/main.rs:237)
54.519528 [INFO ] NMEA $GPVTG,358.70,T,,M,1.34,N,2.48,K,A*3C (pico_gnss pico-gnss-rs/src/main.rs:483)
54.548608 [INFO ] NMEA $GPZDA,131108.000,08,06,2026,,*54 (pico_gnss pico-gnss-rs/src/main.rs:483)
54.590037 [INFO ] NMEA $GPGST,131108.000,8.8,17,11,134.2,14,14,38*4A (pico_gnss pico-gnss-rs/src/main.rs:483)
54.922475 [INFO ] NMEA $GPGGA,131109.000,0000.0000,N,00000.0000,E,1,7,1.00,37.3,M,39.0,M,,*69 (pico_gnss pico-gnss-rs/src/main.rs:483)
54.980841 [INFO ] NMEA $GNGLL,0000.0000,N,00000.0000,E,131109.000,A,A*49 (pico_gnss pico-gnss-rs/src/main.rs:483)
55.039347 [INFO ] NMEA $GNGSA,A,3,24,10,12,29,28,32,23,,,,,,1.37,1.00,0.94*10 (pico_gnss pico-gnss-rs/src/main.rs:483)
55.068814 [INFO ] NMEA $GNGSA,A,3,,,,,,,,,,,,,1.37,1.00,0.94*15 (pico_gnss pico-gnss-rs/src/main.rs:483)
55.155193 [INFO ] NMEA $GPGSV,4,1,13,25,83,079,16,32,63,320,16,12,43,048,22,10,39,222,17*7E (pico_gnss pico-gnss-rs/src/main.rs:483)
55.213824 [INFO ] NMEA $GPGSV,4,2,13,28,38,290,14,29,20,145,19,23,16,189,18,31,13,274,*7D (pico_gnss pico-gnss-rs/src/main.rs:483)
55.272289 [INFO ] NMEA $GPGSV,4,3,13,24,12,082,17,26,03,226,,193,,,,194,,,*73 (pico_gnss pico-gnss-rs/src/main.rs:483)
55.301509 [INFO ] NMEA $GPGSV,4,4,13,195,,,*46 (pico_gnss pico-gnss-rs/src/main.rs:483)
55.364045 [INFO ] NMEA $GLGSV,2,1,08,72,73,152,,75,65,272,,65,49,327,,74,46,026,*62 (pico_gnss pico-gnss-rs/src/main.rs:483)
55.442098 [INFO ] PPSGEN count=50 interval_ns=999995072 dev_ns=-4928 phase_ns=-1839335 hwphase_ns=101456 trim_ppb=0 cfg=2 p_ns=6341 d_ns=0 (pico_gnss pico-gnss-rs/src/main.rs:330)
55.443649 [INFO ] PPS count=50 interval_us=1000002 interval_ns=1000002336 state=Locked missed=0 (pico_gnss pico-gnss-rs/src/main.rs:203)
55.451718 [INFO ] NMEA $GLGSV,2,2,08,71,19,150,17,76,15,234,,73,03,044,17,66,01,329,*69 (pico_gnss pico-gnss-rs/src/main.rs:483)
55.509904 [INFO ] NMEA $GNRMC,131109.000,A,0000.0000,N,00000.0000,E,1.15,343.92,080626,,,A*7E (pico_gnss pico-gnss-rs/src/main.rs:483)
55.512687 [INFO ] SYNC pps_local_us=49000114 unix_s=1780924269 drift_us=2 err_ns=-3 holdover_ms=1000 (pico_gnss pico-gnss-rs/src/main.rs:514)
55.514369 [INFO ] TIME unix_ns=1780924269070734835 ppb=2339 holdover_ms=70 locked=1 (pico_gnss pico-gnss-rs/src/main.rs:237)
55.568041 [INFO ] NMEA $GPVTG,343.92,T,,M,1.15,N,2.14,K,A*30 (pico_gnss pico-gnss-rs/src/main.rs:483)
55.597317 [INFO ] NMEA $GPZDA,131109.000,08,06,2026,,*55 (pico_gnss pico-gnss-rs/src/main.rs:483)
55.632017 [INFO ] NMEA $GPGST,131109.000,8.8,17,11,133.7,14,14,38*49 (pico_gnss pico-gnss-rs/src/main.rs:483)
55.775892 [INFO ] NMEA $GPGGA,131110.000,0000.0000,N,00000.0000,E,1,7,1.00,37.5,M,39.0,M,,*68 (pico_gnss pico-gnss-rs/src/main.rs:483)
55.834276 [INFO ] NMEA $GNGLL,0000.0000,N,00000.0000,E,131110.000,A,A*4E (pico_gnss pico-gnss-rs/src/main.rs:483)
55.892748 [INFO ] NMEA $GNGSA,A,3,24,10,12,29,28,32,23,,,,,,1.37,1.00,0.94*10 (pico_gnss pico-gnss-rs/src/main.rs:483)
55.922235 [INFO ] NMEA $GNGSA,A,3,,,,,,,,,,,,,1.37,1.00,0.94*15 (pico_gnss pico-gnss-rs/src/main.rs:483)
56.015762 [INFO ] NMEA $GPGSV,4,1,13,25,83,079,16,32,63,320,16,12,43,048,23,10,39,222,17*7F (pico_gnss pico-gnss-rs/src/main.rs:483)
56.074465 [INFO ] NMEA $GPGSV,4,2,13,28,38,290,13,29,20,145,19,23,16,189,18,31,13,274,*7A (pico_gnss pico-gnss-rs/src/main.rs:483)
56.132890 [INFO ] NMEA $GPGSV,4,3,13,24,12,082,14,26,03,226,,193,,,,194,,,*70 (pico_gnss pico-gnss-rs/src/main.rs:483)
56.162132 [INFO ] NMEA $GPGSV,4,4,13,195,,,*46 (pico_gnss pico-gnss-rs/src/main.rs:483)
56.224749 [INFO ] NMEA $GLGSV,2,1,08,72,73,152,,75,65,272,,65,49,327,,74,46,026,*62 (pico_gnss pico-gnss-rs/src/main.rs:483)
56.283326 [INFO ] NMEA $GLGSV,2,2,08,71,19,150,17,76,15,234,,73,03,044,17,66,01,329,*69 (pico_gnss pico-gnss-rs/src/main.rs:483)
56.370725 [INFO ] NMEA $GNRMC,131110.000,A,0000.0000,N,00000.0000,E,1.13,324.47,080626,,,A*76 (pico_gnss pico-gnss-rs/src/main.rs:483)
56.400342 [INFO ] NMEA $GPVTG,324.47,T,,M,1.13,N,2.09,K,A*33 (pico_gnss pico-gnss-rs/src/main.rs:483)
56.442130 [INFO ] PPSGEN count=51 interval_ns=999995568 dev_ns=-4432 phase_ns=-1820335 hwphase_ns=94688 trim_ppb=0 cfg=2 p_ns=5918 d_ns=0 (pico_gnss pico-gnss-rs/src/main.rs:330)
56.443693 [INFO ] PPS count=51 interval_us=1000002 interval_ns=1000002320 state=Locked missed=0 (pico_gnss pico-gnss-rs/src/main.rs:203)
56.458546 [INFO ] NMEA $GPZDA,131110.000,08,06,2026,,*5D (pico_gnss pico-gnss-rs/src/main.rs:483)
56.486061 [INFO ] NMEA $GPGST,131110.000,8.9,17,11,133.0,14,15,37*49 (pico_gnss pico-gnss-rs/src/main.rs:483)
56.515627 [INFO ] TIME unix_ns=1780924270071897494 ppb=2339 holdover_ms=1071 locked=1 (pico_gnss pico-gnss-rs/src/main.rs:237)
56.780550 [INFO ] NMEA $GPGGA,131111.000,0000.0000,N,00000.0000,E,1,7,1.00,37.5,M,39.0,M,,*6C (pico_gnss pico-gnss-rs/src/main.rs:483)
56.838918 [INFO ] NMEA $GNGLL,0000.0000,N,00000.0000,E,131111.000,A,A*4A (pico_gnss pico-gnss-rs/src/main.rs:483)
56.897377 [INFO ] NMEA $GNGSA,A,3,24,10,12,29,28,32,23,,,,,,1.37,1.00,0.94*10 (pico_gnss pico-gnss-rs/src/main.rs:483)
56.926852 [INFO ] NMEA $GNGSA,A,3,,,,,,,,,,,,,1.37,1.00,0.94*15 (pico_gnss pico-gnss-rs/src/main.rs:483)
56.998816 [INFO ] NMEA $GPGSV,4,1,13,25,83,079,15,32,63,320,16,12,43,048,23,10,39,222,17*7C (pico_gnss pico-gnss-rs/src/main.rs:483)
57.086240 [INFO ] NMEA $GPGSV,4,2,13,28,38,290,13,29,20,145,19,23,16,189,18,31,13,274,*7A (pico_gnss pico-gnss-rs/src/main.rs:483)
57.144729 [INFO ] NMEA $GPGSV,4,3,13,24,12,082,15,26,03,226,,193,,,,194,,,*71 (pico_gnss pico-gnss-rs/src/main.rs:483)
57.173938 [INFO ] NMEA $GPGSV,4,4,13,195,,,*46 (pico_gnss pico-gnss-rs/src/main.rs:483)
57.236531 [INFO ] NMEA $GLGSV,2,1,08,72,73,152,,75,65,272,,65,49,327,,74,46,026,*62 (pico_gnss pico-gnss-rs/src/main.rs:483)
57.295181 [INFO ] NMEA $GLGSV,2,2,08,71,19,150,17,76,15,234,,73,03,044,17,66,01,329,*69 (pico_gnss pico-gnss-rs/src/main.rs:483)
57.382554 [INFO ] NMEA $GNRMC,131111.000,A,0000.0000,N,00000.0000,E,0.38,324.47,080626,,,A*7A (pico_gnss pico-gnss-rs/src/main.rs:483)
57.385122 [INFO ] SYNC pps_local_us=50000116 unix_s=1780924271 drift_us=2 err_ns=-18 holdover_ms=1000 (pico_gnss pico-gnss-rs/src/main.rs:514)
57.412236 [INFO ] NMEA $GPVTG,324.47,T,,M,0.38,N,0.70,K,A*37 (pico_gnss pico-gnss-rs/src/main.rs:483)
57.442082 [INFO ] PPSGEN count=52 interval_ns=999996032 dev_ns=-3968 phase_ns=-1859334 hwphase_ns=88400 trim_ppb=0 cfg=2 p_ns=5525 d_ns=0 (pico_gnss pico-gnss-rs/src/main.rs:330)
57.443618 [INFO ] PPS count=52 interval_us=1000002 interval_ns=1000002336 state=Locked missed=0 (pico_gnss pico-gnss-rs/src/main.rs:203)
57.444810 [INFO ] NMEA $GPZDA,131111.000,08,06,2026,,*5C (pico_gnss pico-gnss-rs/src/main.rs:483)
57.490473 [INFO ] NMEA $GPGST,131111.000,8.9,17,11,132.6,14,15,38*40 (pico_gnss pico-gnss-rs/src/main.rs:483)
57.516901 [INFO ] TIME unix_ns=1780924272073147491 ppb=2339 holdover_ms=1073 locked=1 (pico_gnss pico-gnss-rs/src/main.rs:237)
57.755670 [INFO ] NMEA $GPGGA,131112.000,0000.0000,N,00000.0000,E,1,6,1.21,37.5,M,39.0,M,,*6E (pico_gnss pico-gnss-rs/src/main.rs:483)
57.813999 [INFO ] NMEA $GNGLL,0000.0000,N,00000.0000,E,131112.000,A,A*4A (pico_gnss pico-gnss-rs/src/main.rs:483)
57.872445 [INFO ] NMEA $GNGSA,A,3,24,10,12,29,32,23,,,,,,,1.55,1.21,0.97*1E (pico_gnss pico-gnss-rs/src/main.rs:483)
57.901976 [INFO ] NMEA $GNGSA,A,3,,,,,,,,,,,,,1.55,1.21,0.97*11 (pico_gnss pico-gnss-rs/src/main.rs:483)
57.981157 [INFO ] NMEA $GPGSV,4,1,13,25,83,079,16,32,63,320,16,12,43,048,24,10,39,222,17*78 (pico_gnss pico-gnss-rs/src/main.rs:483)
58.039797 [INFO ] NMEA $GPGSV,4,2,13,28,38,290,,29,20,145,19,23,16,189,18,31,13,274,*78 (pico_gnss pico-gnss-rs/src/main.rs:483)
58.098224 [INFO ] NMEA $GPGSV,4,3,13,24,12,082,15,26,03,226,,193,,,,194,,,*71 (pico_gnss pico-gnss-rs/src/main.rs:483)
58.127489 [INFO ] NMEA $GPGSV,4,4,13,195,,,*46 (pico_gnss pico-gnss-rs/src/main.rs:483)
58.214615 [INFO ] NMEA $GLGSV,2,1,08,72,73,152,,75,65,272,,65,49,327,,74,46,026,*62 (pico_gnss pico-gnss-rs/src/main.rs:483)
58.277460 [INFO ] NMEA $GLGSV,2,2,08,71,19,150,17,76,15,234,,73,03,044,17,66,01,329,*69 (pico_gnss pico-gnss-rs/src/main.rs:483)
58.336160 [INFO ] NMEA $GNRMC,131112.000,A,0000.0000,N,00000.0000,E,0.29,324.47,080626,,,A*7A (pico_gnss pico-gnss-rs/src/main.rs:483)
58.338730 [INFO ] SYNC pps_local_us=51000119 unix_s=1780924272 drift_us=2 err_ns=-2 holdover_ms=999 (pico_gnss pico-gnss-rs/src/main.rs:514)
58.394286 [INFO ] NMEA $GPVTG,324.47,T,,M,0.29,N,0.54,K,A*31 (pico_gnss pico-gnss-rs/src/main.rs:483)
58.423611 [INFO ] NMEA $GPZDA,131112.000,08,06,2026,,*5F (pico_gnss pico-gnss-rs/src/main.rs:483)
58.442102 [INFO ] PPSGEN count=53 interval_ns=999996448 dev_ns=-3552 phase_ns=-1779334 hwphase_ns=82512 trim_ppb=0 cfg=2 p_ns=5157 d_ns=0 (pico_gnss pico-gnss-rs/src/main.rs:330)
58.443641 [INFO ] PPS count=53 interval_us=1000002 interval_ns=1000002336 state=Locked missed=0 (pico_gnss pico-gnss-rs/src/main.rs:203)
58.461221 [INFO ] NMEA $GPGST,131112.000,8.8,17,12,131.5,14,15,38*41 (pico_gnss pico-gnss-rs/src/main.rs:483)
58.518176 [INFO ] TIME unix_ns=1780924273074482488 ppb=2339 holdover_ms=1074 locked=1 (pico_gnss pico-gnss-rs/src/main.rs:237)
58.732637 [INFO ] NMEA $GPGGA,131113.000,0000.0000,N,00000.0000,E,1,6,1.21,37.6,M,39.0,M,,*6C (pico_gnss pico-gnss-rs/src/main.rs:483)
58.790979 [INFO ] NMEA $GNGLL,0000.0000,N,00000.0000,E,131113.000,A,A*4B (pico_gnss pico-gnss-rs/src/main.rs:483)
58.849420 [INFO ] NMEA $GNGSA,A,3,24,10,12,29,32,23,,,,,,,1.55,1.21,0.97*1E (pico_gnss pico-gnss-rs/src/main.rs:483)
58.878901 [INFO ] NMEA $GNGSA,A,3,,,,,,,,,,,,,1.55,1.21,0.97*11 (pico_gnss pico-gnss-rs/src/main.rs:483)
58.969378 [INFO ] NMEA $GPGSV,4,1,13,25,83,079,16,32,63,320,16,12,43,048,24,10,39,222,17*78 (pico_gnss pico-gnss-rs/src/main.rs:483)
59.027979 [INFO ] NMEA $GPGSV,4,2,13,28,38,290,,29,20,145,19,23,16,189,18,31,13,274,*78 (pico_gnss pico-gnss-rs/src/main.rs:483)
59.086453 [INFO ] NMEA $GPGSV,4,3,13,24,12,082,14,26,03,226,,193,,,,194,,,*70 (pico_gnss pico-gnss-rs/src/main.rs:483)
59.115716 [INFO ] NMEA $GPGSV,4,4,13,195,,,*46 (pico_gnss pico-gnss-rs/src/main.rs:483)
59.174181 [INFO ] NMEA $GLGSV,2,1,08,72,73,152,,75,65,272,,65,49,327,,74,46,026,*62 (pico_gnss pico-gnss-rs/src/main.rs:483)
59.236882 [INFO ] NMEA $GLGSV,2,2,08,71,19,150,17,76,15,234,,73,03,044,17,66,01,329,*69 (pico_gnss pico-gnss-rs/src/main.rs:483)
59.324373 [INFO ] NMEA $GNRMC,131113.000,A,0000.0000,N,00000.0000,E,0.32,324.47,080626,,,A*71 (pico_gnss pico-gnss-rs/src/main.rs:483)
59.326955 [INFO ] SYNC pps_local_us=52000121 unix_s=1780924273 drift_us=2 err_ns=-2 holdover_ms=1000 (pico_gnss pico-gnss-rs/src/main.rs:514)
59.354088 [INFO ] NMEA $GPVTG,324.47,T,,M,0.32,N,0.60,K,A*3C (pico_gnss pico-gnss-rs/src/main.rs:483)
59.411791 [INFO ] NMEA $GPZDA,131113.000,08,06,2026,,*5E (pico_gnss pico-gnss-rs/src/main.rs:483)
59.438375 [INFO ] NMEA $GPGST,131113.000,8.8,17,12,130.9,14,15,38*4D (pico_gnss pico-gnss-rs/src/main.rs:483)
59.442090 [INFO ] PPSGEN count=54 interval_ns=999996832 dev_ns=-3168 phase_ns=-1809334 hwphase_ns=77008 trim_ppb=0 cfg=2 p_ns=4813 d_ns=0 (pico_gnss pico-gnss-rs/src/main.rs:330)
59.443651 [INFO ] PPS count=54 interval_us=1000002 interval_ns=1000002320 state=Locked missed=0 (pico_gnss pico-gnss-rs/src/main.rs:203)
59.519366 [INFO ] TIME unix_ns=1780924274075757485 ppb=2338 holdover_ms=1075 locked=1 (pico_gnss pico-gnss-rs/src/main.rs:237)
59.829967 [INFO ] NMEA $GPGGA,131114.000,0000.0000,N,00000.0000,E,1,6,1.21,37.6,M,39.0,M,,*6B (pico_gnss pico-gnss-rs/src/main.rs:483)
59.859624 [INFO ] NMEA $GNGLL,0000.0000,N,00000.0000,E,131114.000,A,A*4C (pico_gnss pico-gnss-rs/src/main.rs:483)
59.917973 [INFO ] NMEA $GNGSA,A,3,24,10,12,29,32,23,,,,,,,1.55,1.21,0.97*1E (pico_gnss pico-gnss-rs/src/main.rs:483)
59.976179 [INFO ] NMEA $GNGSA,A,3,,,,,,,,,,,,,1.55,1.21,0.97*11 (pico_gnss pico-gnss-rs/src/main.rs:483)
60.038947 [INFO ] NMEA $GPGSV,4,1,13,25,83,079,16,32,63,320,16,12,43,048,24,10,39,222,17*78 (pico_gnss pico-gnss-rs/src/main.rs:483)
60.126348 [INFO ] NMEA $GPGSV,4,2,13,28,38,290,,29,20,145,19,23,16,189,18,31,13,274,*78 (pico_gnss pico-gnss-rs/src/main.rs:483)
60.184869 [INFO ] NMEA $GPGSV,4,3,13,24,12,082,16,26,03,226,,193,,,,194,,,*72 (pico_gnss pico-gnss-rs/src/main.rs:483)
60.214024 [INFO ] NMEA $GPGSV,4,4,13,195,,,*46 (pico_gnss pico-gnss-rs/src/main.rs:483)
60.272559 [INFO ] NMEA $GLGSV,2,1,08,72,73,152,,75,65,272,,65,49,327,,74,46,026,*62 (pico_gnss pico-gnss-rs/src/main.rs:483)
60.335252 [INFO ] NMEA $GLGSV,2,2,08,71,19,150,17,76,15,234,,73,03,044,17,66,01,329,*69 (pico_gnss pico-gnss-rs/src/main.rs:483)
60.422522 [INFO ] NMEA $GNRMC,131114.000,A,0000.0000,N,00000.0000,E,0.51,324.47,080626,,,A*73 (pico_gnss pico-gnss-rs/src/main.rs:483)
60.425075 [INFO ] SYNC pps_local_us=53000123 unix_s=1780924274 drift_us=2 err_ns=-17 holdover_ms=999 (pico_gnss pico-gnss-rs/src/main.rs:514)
60.442115 [INFO ] PPSGEN count=55 interval_ns=999997216 dev_ns=-2784 phase_ns=-1738333 hwphase_ns=71904 trim_ppb=0 cfg=2 p_ns=4494 d_ns=0 (pico_gnss pico-gnss-rs/src/main.rs:330)
60.443668 [INFO ] PPS count=55 interval_us=1000002 interval_ns=1000002336 state=Locked missed=0 (pico_gnss pico-gnss-rs/src/main.rs:203)
60.452384 [INFO ] NMEA $GPVTG,324.47,T,,M,0.51,N,0.95,K,A*33 (pico_gnss pico-gnss-rs/src/main.rs:483)
60.481368 [INFO ] NMEA $GPZDA,131114.000,08,06,2026,,*59 (pico_gnss pico-gnss-rs/src/main.rs:483)
60.520642 [INFO ] TIME unix_ns=1780924275076900483 ppb=2338 holdover_ms=1076 locked=1 (pico_gnss pico-gnss-rs/src/main.rs:237)
60.525270 [INFO ] NMEA $GPGST,131114.000,8.7,17,12,130.4,14,15,38*48 (pico_gnss pico-gnss-rs/src/main.rs:483)
60.837453 [INFO ] NMEA $GPGGA,131115.000,0000.0000,N,00000.0000,E,1,6,1.21,37.6,M,39.0,M,,*6C (pico_gnss pico-gnss-rs/src/main.rs:483)
60.895875 [INFO ] NMEA $GNGLL,0000.0000,N,00000.0000,E,131115.000,A,A*4B (pico_gnss pico-gnss-rs/src/main.rs:483)
60.954269 [INFO ] NMEA $GNGSA,A,3,24,10,12,29,32,23,,,,,,,1.55,1.21,0.97*1E (pico_gnss pico-gnss-rs/src/main.rs:483)
61.012495 [INFO ] NMEA $GNGSA,A,3,,,,,,,,,,,,,1.55,1.21,0.97*11 (pico_gnss pico-gnss-rs/src/main.rs:483)
61.075295 [INFO ] NMEA $GPGSV,4,1,13,25,83,079,16,32,63,320,16,12,43,048,24,10,39,222,17*78 (pico_gnss pico-gnss-rs/src/main.rs:483)
61.133917 [INFO ] NMEA $GPGSV,4,2,13,28,38,290,,29,20,145,19,23,16,189,18,31,13,274,*78 (pico_gnss pico-gnss-rs/src/main.rs:483)
61.192392 [INFO ] NMEA $GPGSV,4,3,13,24,12,082,16,26,03,226,,193,,,,194,,,*72 (pico_gnss pico-gnss-rs/src/main.rs:483)
61.221614 [INFO ] NMEA $GPGSV,4,4,13,195,,,*46 (pico_gnss pico-gnss-rs/src/main.rs:483)
61.280105 [INFO ] NMEA $GLGSV,2,1,08,72,73,152,,75,65,272,,65,49,327,,74,46,026,*62 (pico_gnss pico-gnss-rs/src/main.rs:483)
61.371478 [INFO ] NMEA $GLGSV,2,2,08,71,19,150,18,76,15,234,,73,03,044,17,66,01,329,*66 (pico_gnss pico-gnss-rs/src/main.rs:483)
61.430116 [INFO ] NMEA $GNRMC,131115.000,A,0000.0000,N,00000.0000,E,0.53,324.47,080626,,,A*76 (pico_gnss pico-gnss-rs/src/main.rs:483)
61.432678 [INFO ] SYNC pps_local_us=54000126 unix_s=1780924275 drift_us=2 err_ns=-1 holdover_ms=1000 (pico_gnss pico-gnss-rs/src/main.rs:514)
61.442118 [INFO ] PPSGEN count=56 interval_ns=999997552 dev_ns=-2448 phase_ns=-1771333 hwphase_ns=67120 trim_ppb=0 cfg=2 p_ns=4195 d_ns=0 (pico_gnss pico-gnss-rs/src/main.rs:330)
61.443666 [INFO ] PPS count=56 interval_us=1000002 interval_ns=1000002336 state=Locked missed=0 (pico_gnss pico-gnss-rs/src/main.rs:203)
61.488280 [INFO ] NMEA $GPVTG,324.47,T,,M,0.53,N,0.99,K,A*3D (pico_gnss pico-gnss-rs/src/main.rs:483)
61.517565 [INFO ] NMEA $GPZDA,131115.000,08,06,2026,,*58 (pico_gnss pico-gnss-rs/src/main.rs:483)
61.521933 [INFO ] TIME unix_ns=1780924276078182480 ppb=2338 holdover_ms=1078 locked=1 (pico_gnss pico-gnss-rs/src/main.rs:237)
61.547260 [INFO ] NMEA $GPGST,131115.000,8.6,17,12,130.0,14,15,38*4C (pico_gnss pico-gnss-rs/src/main.rs:483)
61.842646 [INFO ] NMEA $GPGGA,131116.000,0000.0000,N,00000.0000,E,1,6,1.21,37.8,M,39.0,M,,*6E (pico_gnss pico-gnss-rs/src/main.rs:483)
61.900990 [INFO ] NMEA $GNGLL,0000.0000,N,00000.0000,E,131116.000,A,A*47 (pico_gnss pico-gnss-rs/src/main.rs:483)
61.959446 [INFO ] NMEA $GNGSA,A,3,24,10,12,29,32,23,,,,,,,1.55,1.21,0.97*1E (pico_gnss pico-gnss-rs/src/main.rs:483)
61.988962 [INFO ] NMEA $GNGSA,A,3,,,,,,,,,,,,,1.55,1.21,0.97*11 (pico_gnss pico-gnss-rs/src/main.rs:483)
62.076273 [INFO ] NMEA $GPGSV,4,1,13,25,83,079,16,32,63,320,16,12,43,048,24,10,39,222,17*78 (pico_gnss pico-gnss-rs/src/main.rs:483)
62.139071 [INFO ] NMEA $GPGSV,4,2,13,28,38,290,,29,20,145,19,23,16,189,18,31,13,274,*78 (pico_gnss pico-gnss-rs/src/main.rs:483)
62.197568 [INFO ] NMEA $GPGSV,4,3,13,24,12,082,15,26,03,226,,193,,,,194,,,*71 (pico_gnss pico-gnss-rs/src/main.rs:483)
62.226844 [INFO ] NMEA $GPGSV,4,4,13,195,,,*46 (pico_gnss pico-gnss-rs/src/main.rs:483)
62.285283 [INFO ] NMEA $GLGSV,2,1,08,72,73,152,,75,65,272,,65,49,327,,74,46,026,*62 (pico_gnss pico-gnss-rs/src/main.rs:483)
62.348000 [INFO ] NMEA $GLGSV,2,2,08,71,19,150,18,76,15,234,,73,03,044,17,66,01,329,*66 (pico_gnss pico-gnss-rs/src/main.rs:483)
62.435294 [INFO ] NMEA $GNRMC,131116.000,A,0000.0000,N,00000.0000,E,1.95,196.14,080626,,,A*7C (pico_gnss pico-gnss-rs/src/main.rs:483)
62.437856 [INFO ] SYNC pps_local_us=55000128 unix_s=1780924276 drift_us=2 err_ns=-1 holdover_ms=999 (pico_gnss pico-gnss-rs/src/main.rs:514)
62.442109 [INFO ] PPSGEN count=57 interval_ns=999997872 dev_ns=-2128 phase_ns=-1762333 hwphase_ns=62656 trim_ppb=0 cfg=2 p_ns=3916 d_ns=0 (pico_gnss pico-gnss-rs/src/main.rs:330)
62.443634 [INFO ] PPS count=57 interval_us=1000002 interval_ns=1000002320 state=Locked missed=0 (pico_gnss pico-gnss-rs/src/main.rs:203)
62.465171 [INFO ] NMEA $GPVTG,196.14,T,,M,1.95,N,3.61,K,A*3F (pico_gnss pico-gnss-rs/src/main.rs:483)
62.494142 [INFO ] NMEA $GPZDA,131116.000,08,06,2026,,*5B (pico_gnss pico-gnss-rs/src/main.rs:483)
62.523226 [INFO ] TIME unix_ns=1780924277079475477 ppb=2337 holdover_ms=1079 locked=1 (pico_gnss pico-gnss-rs/src/main.rs:237)
62.544194 [INFO ] NMEA $GPGST,131116.000,8.6,18,11,130.1,14,15,37*4D (pico_gnss pico-gnss-rs/src/main.rs:483)
62.806396 [INFO ] NMEA $GPGGA,131117.000,0000.0000,N,00000.0000,E,1,6,1.21,38.0,M,39.0,M,,*6F (pico_gnss pico-gnss-rs/src/main.rs:483)
62.864748 [INFO ] NMEA $GNGLL,0000.0000,N,00000.0000,E,131117.000,A,A*41 (pico_gnss pico-gnss-rs/src/main.rs:483)
62.923179 [INFO ] NMEA $GNGSA,A,3,24,10,12,29,32,23,,,,,,,1.55,1.21,0.97*1E (pico_gnss pico-gnss-rs/src/main.rs:483)
62.981385 [INFO ] NMEA $GNGSA,A,3,,,,,,,,,,,,,1.55,1.21,0.97*11 (pico_gnss pico-gnss-rs/src/main.rs:483)
63.040093 [INFO ] NMEA $GPGSV,4,1,13,25,83,079,16,32,63,320,16,12,43,048,24,10,39,222,17*78 (pico_gnss pico-gnss-rs/src/main.rs:483)
63.102805 [INFO ] NMEA $GPGSV,4,2,13,28,38,290,,29,20,145,19,23,16,189,18,31,13,274,*78 (pico_gnss pico-gnss-rs/src/main.rs:483)
63.161262 [INFO ] NMEA $GPGSV,4,3,13,24,12,082,16,26,03,226,,193,,,,194,,,*72 (pico_gnss pico-gnss-rs/src/main.rs:483)
63.190530 [INFO ] NMEA $GPGSV,4,4,13,195,,,*46 (pico_gnss pico-gnss-rs/src/main.rs:483)
63.277740 [INFO ] NMEA $GLGSV,2,1,08,72,73,152,,75,65,272,,65,49,327,,74,46,026,*62 (pico_gnss pico-gnss-rs/src/main.rs:483)
63.340461 [INFO ] NMEA $GLGSV,2,2,08,71,19,150,18,76,15,234,,73,03,044,17,66,01,329,*66 (pico_gnss pico-gnss-rs/src/main.rs:483)
63.399072 [INFO ] NMEA $GNRMC,131117.000,A,0000.0000,N,00000.0000,E,0.69,283.82,080626,,,A*70 (pico_gnss pico-gnss-rs/src/main.rs:483)
63.401647 [INFO ] SYNC pps_local_us=56000130 unix_s=1780924277 drift_us=2 err_ns=-17 holdover_ms=999 (pico_gnss pico-gnss-rs/src/main.rs:514)
63.442094 [INFO ] PPSGEN count=58 interval_ns=999998160 dev_ns=-1840 phase_ns=-1792333 hwphase_ns=58496 trim_ppb=0 cfg=2 p_ns=3656 d_ns=0 (pico_gnss pico-gnss-rs/src/main.rs:330)
63.443635 [INFO ] PPS count=58 interval_us=1000002 interval_ns=1000002336 state=Locked missed=0 (pico_gnss pico-gnss-rs/src/main.rs:203)
63.457591 [INFO ] NMEA $GPVTG,283.82,T,,M,0.69,N,1.28,K,A*3A (pico_gnss pico-gnss-rs/src/main.rs:483)
63.486595 [INFO ] NMEA $GPZDA,131117.000,08,06,2026,,*5A (pico_gnss pico-gnss-rs/src/main.rs:483)
63.524751 [INFO ] TIME unix_ns=1780924278080787474 ppb=2337 holdover_ms=1080 locked=1 (pico_gnss pico-gnss-rs/src/main.rs:237)
63.526133 [INFO ] NMEA $GPGST,131117.000,8.5,16,11,125.6,13,15,33*41 (pico_gnss pico-gnss-rs/src/main.rs:483)
63.799684 [INFO ] NMEA $GPGGA,131118.000,0000.0000,N,00000.0000,E,1,6,1.21,38.2,M,39.0,M,,*6B (pico_gnss pico-gnss-rs/src/main.rs:483)
63.858015 [INFO ] NMEA $GNGLL,0000.0000,N,00000.0000,E,131118.000,A,A*47 (pico_gnss pico-gnss-rs/src/main.rs:483)
63.916462 [INFO ] NMEA $GNGSA,A,3,24,10,12,29,32,23,,,,,,,1.55,1.21,0.97*1E (pico_gnss pico-gnss-rs/src/main.rs:483)
63.945955 [INFO ] NMEA $GNGSA,A,3,,,,,,,,,,,,,1.55,1.21,0.97*11 (pico_gnss pico-gnss-rs/src/main.rs:483)
64.033344 [INFO ] NMEA $GPGSV,4,1,13,25,83,079,16,32,63,320,16,12,43,048,24,10,39,222,17*78 (pico_gnss pico-gnss-rs/src/main.rs:483)
64.096016 [INFO ] NMEA $GPGSV,4,2,13,28,38,290,,29,20,145,19,23,16,189,18,31,13,274,*78 (pico_gnss pico-gnss-rs/src/main.rs:483)
64.154535 [INFO ] NMEA $GPGSV,4,3,13,24,12,082,15,26,03,226,,193,,,,194,,,*71 (pico_gnss pico-gnss-rs/src/main.rs:483)
64.183778 [INFO ] NMEA $GPGSV,4,4,13,195,,,*46 (pico_gnss pico-gnss-rs/src/main.rs:483)
64.242340 [INFO ] NMEA $GLGSV,2,1,08,72,73,152,,75,65,272,,65,49,327,,74,46,026,*62 (pico_gnss pico-gnss-rs/src/main.rs:483)
64.329608 [INFO ] NMEA $GLGSV,2,2,08,71,19,150,18,76,15,234,,73,03,044,17,66,01,329,*66 (pico_gnss pico-gnss-rs/src/main.rs:483)
64.392395 [INFO ] NMEA $GNRMC,131118.000,A,0000.0000,N,00000.0000,E,0.99,3.50,080626,,,A*7C (pico_gnss pico-gnss-rs/src/main.rs:483)
64.394939 [INFO ] SYNC pps_local_us=57000133 unix_s=1780924278 drift_us=2 err_ns=-1 holdover_ms=999 (pico_gnss pico-gnss-rs/src/main.rs:514)
64.422089 [INFO ] NMEA $GPVTG,3.50,T,,M,0.99,N,1.83,K,A*31 (pico_gnss pico-gnss-rs/src/main.rs:483)
64.442098 [INFO ] PPSGEN count=59 interval_ns=999998448 dev_ns=-1552 phase_ns=-1779333 hwphase_ns=54608 trim_ppb=0 cfg=2 p_ns=3413 d_ns=0 (pico_gnss pico-gnss-rs/src/main.rs:330)
64.443632 [INFO ] PPS count=59 interval_us=1000002 interval_ns=1000002336 state=Locked missed=0 (pico_gnss pico-gnss-rs/src/main.rs:203)
64.451455 [INFO ] NMEA $GPZDA,131118.000,08,06,2026,,*55 (pico_gnss pico-gnss-rs/src/main.rs:483)
64.503158 [INFO ] NMEA $GPGST,131118.000,8.5,16,11,126.4,13,15,34*48 (pico_gnss pico-gnss-rs/src/main.rs:483)
64.526013 [INFO ] TIME unix_ns=1780924279082324471 ppb=2337 holdover_ms=1082 locked=1 (pico_gnss pico-gnss-rs/src/main.rs:237)
64.789958 [INFO ] NMEA $GPGGA,131119.000,0000.0000,N,00000.0000,E,1,6,1.21,38.5,M,39.0,M,,*6D (pico_gnss pico-gnss-rs/src/main.rs:483)
64.819590 [INFO ] NMEA $GNGLL,0000.0000,N,00000.0000,E,131119.000,A,A*46 (pico_gnss pico-gnss-rs/src/main.rs:483)
64.877942 [INFO ] NMEA $GNGSA,A,3,24,10,12,29,32,23,,,,,,,1.55,1.21,0.97*1E (pico_gnss pico-gnss-rs/src/main.rs:483)
64.936172 [INFO ] NMEA $GNGSA,A,3,,,,,,,,,,,,,1.55,1.21,0.97*11 (pico_gnss pico-gnss-rs/src/main.rs:483)
64.994854 [INFO ] NMEA $GPGSV,4,1,13,25,83,079,16,32,63,320,16,12,43,048,24,10,39,222,17*78 (pico_gnss pico-gnss-rs/src/main.rs:483)
65.086289 [INFO ] NMEA $GPGSV,4,2,13,28,38,290,,29,20,145,20,23,16,189,18,31,13,274,*72 (pico_gnss pico-gnss-rs/src/main.rs:483)
65.144781 [INFO ] NMEA $GPGSV,4,3,13,24,12,082,14,26,03,226,,193,,,,194,,,*70 (pico_gnss pico-gnss-rs/src/main.rs:483)
65.146164 [INFO ] NMEA $GPGSV,4,4,13,195,,,*46 (pico_gnss pico-gnss-rs/src/main.rs:483)
65.232534 [INFO ] NMEA $GLGSV,2,1,08,72,73,152,,75,65,272,,65,49,327,,74,46,026,*62 (pico_gnss pico-gnss-rs/src/main.rs:483)
65.291151 [INFO ] NMEA $GLGSV,2,2,08,71,19,150,18,76,15,234,,73,03,044,17,66,01,329,*66 (pico_gnss pico-gnss-rs/src/main.rs:483)
65.353875 [INFO ] NMEA $GNRMC,131119.000,A,0000.0000,N,00000.0000,E,0.48,3.50,080626,,,A*71 (pico_gnss pico-gnss-rs/src/main.rs:483)
65.356426 [INFO ] SYNC pps_local_us=58000135 unix_s=1780924279 drift_us=2 err_ns=-1 holdover_ms=1000 (pico_gnss pico-gnss-rs/src/main.rs:514)
65.412018 [INFO ] NMEA $GPVTG,3.50,T,,M,0.48,N,0.89,K,A*36 (pico_gnss pico-gnss-rs/src/main.rs:483)
65.442064 [INFO ] PPSGEN count=60 interval_ns=999998704 dev_ns=-1296 phase_ns=-1832332 hwphase_ns=50976 trim_ppb=0 cfg=2 p_ns=3186 d_ns=0 (pico_gnss pico-gnss-rs/src/main.rs:330)
65.443621 [INFO ] PPS count=60 interval_us=1000002 interval_ns=1000002336 state=Locked missed=0 (pico_gnss pico-gnss-rs/src/main.rs:203)
65.444971 [INFO ] NMEA $GPZDA,131119.000,08,06,2026,,*54 (pico_gnss pico-gnss-rs/src/main.rs:483)
65.477705 [INFO ] NMEA $GPGST,131119.000,8.4,17,11,127.6,13,15,34*4A (pico_gnss pico-gnss-rs/src/main.rs:483)
65.527275 [INFO ] TIME unix_ns=1780924280083577468 ppb=2337 holdover_ms=1083 locked=1 (pico_gnss pico-gnss-rs/src/main.rs:237)
65.755525 [INFO ] NMEA $GPGGA,131120.000,0000.0000,N,00000.0000,E,1,6,1.21,38.6,M,39.0,M,,*63 (pico_gnss pico-gnss-rs/src/main.rs:483)
65.813871 [INFO ] NMEA $GNGLL,0000.0000,N,00000.0000,E,131120.000,A,A*4B (pico_gnss pico-gnss-rs/src/main.rs:483)
65.872290 [INFO ] NMEA $GNGSA,A,3,24,10,12,29,32,23,,,,,,,1.55,1.21,0.97*1E (pico_gnss pico-gnss-rs/src/main.rs:483)
65.901788 [INFO ] NMEA $GNGSA,A,3,,,,,,,,,,,,,1.55,1.21,0.97*11 (pico_gnss pico-gnss-rs/src/main.rs:483)
65.989197 [INFO ] NMEA $GPGSV,4,1,13,25,83,079,16,32,63,320,16,12,43,048,24,10,39,222,17*78 (pico_gnss pico-gnss-rs/src/main.rs:483)
66.051896 [INFO ] NMEA $GPGSV,4,2,13,28,38,290,,29,20,145,20,23,16,189,18,31,13,274,*72 (pico_gnss pico-gnss-rs/src/main.rs:483)
66.110400 [INFO ] NMEA $GPGSV,4,3,13,24,12,082,16,26,03,226,,193,,,,194,,,*72 (pico_gnss pico-gnss-rs/src/main.rs:483)
66.139638 [INFO ] NMEA $GPGSV,4,4,13,195,,,*46 (pico_gnss pico-gnss-rs/src/main.rs:483)
66.198092 [INFO ] NMEA $GLGSV,2,1,08,72,73,152,,75,65,272,,65,49,327,,74,46,026,*62 (pico_gnss pico-gnss-rs/src/main.rs:483)
66.256737 [INFO ] NMEA $GLGSV,2,2,08,71,19,150,18,76,15,234,,73,03,044,17,66,01,329,*66 (pico_gnss pico-gnss-rs/src/main.rs:483)
66.348229 [INFO ] NMEA $GNRMC,131120.000,A,0000.0000,N,00000.0000,E,0.29,3.50,080626,,,A*7B (pico_gnss pico-gnss-rs/src/main.rs:483)
66.350790 [INFO ] SYNC pps_local_us=59000137 unix_s=1780924280 drift_us=2 err_ns=-1 holdover_ms=999 (pico_gnss pico-gnss-rs/src/main.rs:514)
66.377895 [INFO ] NMEA $GPVTG,3.50,T,,M,0.29,N,0.54,K,A*31 (pico_gnss pico-gnss-rs/src/main.rs:483)
66.406962 [INFO ] NMEA $GPZDA,131120.000,08,06,2026,,*5E (pico_gnss pico-gnss-rs/src/main.rs:483)
66.442110 [INFO ] PPSGEN count=61 interval_ns=999998960 dev_ns=-1040 phase_ns=-1786332 hwphase_ns=47600 trim_ppb=0 cfg=2 p_ns=2975 d_ns=0 (pico_gnss pico-gnss-rs/src/main.rs:330)
66.443654 [INFO ] PPS count=61 interval_us=1000002 interval_ns=1000002336 state=Locked missed=0 (pico_gnss pico-gnss-rs/src/main.rs:203)
66.457323 [INFO ] NMEA $GPGST,131120.000,8.3,17,11,129.2,14,15,35*4B (pico_gnss pico-gnss-rs/src/main.rs:483)
66.528559 [INFO ] TIME unix_ns=1780924281084883465 ppb=2337 holdover_ms=1084 locked=1 (pico_gnss pico-gnss-rs/src/main.rs:237)
66.816814 [INFO ] NMEA $GPGGA,131121.000,0000.0000,N,00000.0000,E,1,6,1.21,38.7,M,39.0,M,,*69 (pico_gnss pico-gnss-rs/src/main.rs:483)
66.861778 [INFO ] NMEA $GNGLL,0000.0000,N,00000.0000,E,131121.000,A,A*40 (pico_gnss pico-gnss-rs/src/main.rs:483)
66.920213 [INFO ] NMEA $GNGSA,A,3,24,10,12,29,32,23,,,,,,,1.55,1.21,0.97*1E (pico_gnss pico-gnss-rs/src/main.rs:483)
66.978414 [INFO ] NMEA $GNGSA,A,3,,,,,,,,,,,,,1.55,1.21,0.97*11 (pico_gnss pico-gnss-rs/src/main.rs:483)
67.037114 [INFO ] NMEA $GPGSV,4,1,13,25,83,079,16,32,63,320,16,12,43,048,24,10,39,222,18*77 (pico_gnss pico-gnss-rs/src/main.rs:483)
67.128584 [INFO ] NMEA $GPGSV,4,2,13,28,38,290,16,29,20,145,20,23,16,189,18,31,13,274,*75 (pico_gnss pico-gnss-rs/src/main.rs:483)
67.187091 [INFO ] NMEA $GPGSV,4,3,13,24,12,082,15,26,03,226,,193,,,,194,,,*71 (pico_gnss pico-gnss-rs/src/main.rs:483)
67.188479 [INFO ] NMEA $GPGSV,4,4,13,195,,,*46 (pico_gnss pico-gnss-rs/src/main.rs:483)
67.274814 [INFO ] NMEA $GLGSV,2,1,08,72,73,152,,75,65,272,,65,49,327,,74,46,026,*62 (pico_gnss pico-gnss-rs/src/main.rs:483)
67.333447 [INFO ] NMEA $GLGSV,2,2,08,71,19,150,18,76,15,234,,73,03,044,17,66,01,329,*66 (pico_gnss pico-gnss-rs/src/main.rs:483)
67.396112 [INFO ] NMEA $GNRMC,131121.000,A,0000.0000,N,00000.0000,E,1.14,77.21,080626,,,A*4A (pico_gnss pico-gnss-rs/src/main.rs:483)
67.398666 [INFO ] SYNC pps_local_us=60000140 unix_s=1780924281 drift_us=2 err_ns=-1 holdover_ms=1000 (pico_gnss pico-gnss-rs/src/main.rs:514)
67.442123 [INFO ] PPSGEN count=62 interval_ns=999999168 dev_ns=-832 phase_ns=-1810332 hwphase_ns=44432 trim_ppb=0 cfg=2 p_ns=2777 d_ns=0 (pico_gnss pico-gnss-rs/src/main.rs:330)
67.443660 [INFO ] PPS count=62 interval_us=1000002 interval_ns=1000002336 state=Locked missed=0 (pico_gnss pico-gnss-rs/src/main.rs:203)
67.454656 [INFO ] NMEA $GPVTG,77.21,T,,M,1.14,N,2.12,K,A*0B (pico_gnss pico-gnss-rs/src/main.rs:483)
67.483650 [INFO ] NMEA $GPZDA,131121.000,08,06,2026,,*5F (pico_gnss pico-gnss-rs/src/main.rs:483)
67.522011 [INFO ] NMEA $GPGST,131121.000,8.3,17,11,130.8,14,15,36*4B (pico_gnss pico-gnss-rs/src/main.rs:483)
67.529811 [INFO ] TIME unix_ns=1780924282086088462 ppb=2337 holdover_ms=1086 locked=1 (pico_gnss pico-gnss-rs/src/main.rs:237)
67.819694 [INFO ] NMEA $GPGGA,131122.000,0000.0000,N,00000.0000,E,1,6,1.21,38.8,M,39.0,M,,*6D (pico_gnss pico-gnss-rs/src/main.rs:483)
67.875964 [INFO ] NMEA $GNGLL,0000.0000,N,00000.0000,E,131122.000,A,A*4B (pico_gnss pico-gnss-rs/src/main.rs:483)
67.934413 [INFO ] NMEA $GNGSA,A,3,24,10,12,29,32,23,,,,,,,1.55,1.21,0.97*1E (pico_gnss pico-gnss-rs/src/main.rs:483)
67.963878 [INFO ] NMEA $GNGSA,A,3,,,,,,,,,,,,,1.55,1.21,0.97*11 (pico_gnss pico-gnss-rs/src/main.rs:483)
68.051287 [INFO ] NMEA $GPGSV,4,1,13,25,83,079,17,32,63,320,16,12,43,048,24,10,39,222,17*79 (pico_gnss pico-gnss-rs/src/main.rs:483)
68.109925 [INFO ] NMEA $GPGSV,4,2,13,28,38,290,15,29,20,145,20,23,16,189,18,31,13,274,*76 (pico_gnss pico-gnss-rs/src/main.rs:483)
68.172467 [INFO ] NMEA $GPGSV,4,3,13,24,12,082,14,26,03,226,,193,,,,194,,,*70 (pico_gnss pico-gnss-rs/src/main.rs:483)
68.201752 [INFO ] NMEA $GPGSV,4,4,13,195,,,*46 (pico_gnss pico-gnss-rs/src/main.rs:483)
68.260217 [INFO ] NMEA $GLGSV,2,1,08,72,73,152,,75,65,272,,65,49,327,,74,46,026,*62 (pico_gnss pico-gnss-rs/src/main.rs:483)
68.347552 [INFO ] NMEA $GLGSV,2,2,08,71,19,150,18,76,15,234,,73,03,044,17,66,01,329,*66 (pico_gnss pico-gnss-rs/src/main.rs:483)
68.410247 [INFO ] NMEA $GNRMC,131122.000,A,0000.0000,N,00000.0000,E,1.48,105.94,080626,,,A*72 (pico_gnss pico-gnss-rs/src/main.rs:483)
68.412816 [INFO ] SYNC pps_local_us=61000142 unix_s=1780924282 drift_us=2 err_ns=-1 holdover_ms=1000 (pico_gnss pico-gnss-rs/src/main.rs:514)
68.439922 [INFO ] NMEA $GPVTG,105.94,T,,M,1.48,N,2.75,K,A*39 (pico_gnss pico-gnss-rs/src/main.rs:483)
68.442135 [INFO ] PPSGEN count=63 interval_ns=999999392 dev_ns=-608 phase_ns=-1780332 hwphase_ns=41488 trim_ppb=0 cfg=2 p_ns=2593 d_ns=0 (pico_gnss pico-gnss-rs/src/main.rs:330)
68.443694 [INFO ] PPS count=63 interval_us=1000002 interval_ns=1000002336 state=Locked missed=0 (pico_gnss pico-gnss-rs/src/main.rs:203)
68.497706 [INFO ] NMEA $GPZDA,131122.000,08,06,2026,,*5C (pico_gnss pico-gnss-rs/src/main.rs:483)
68.527384 [INFO ] NMEA $GPGST,131122.000,8.2,18,11,131.9,14,15,37*47 (pico_gnss pico-gnss-rs/src/main.rs:483)
68.531079 [INFO ] TIME unix_ns=1780924283087342459 ppb=2337 holdover_ms=1087 locked=1 (pico_gnss pico-gnss-rs/src/main.rs:237)
68.834624 [INFO ] NMEA $GPGGA,131123.000,0000.0000,N,00000.0000,E,1,7,1.00,38.9,M,39.0,M,,*6C (pico_gnss pico-gnss-rs/src/main.rs:483)
68.900130 [INFO ] NMEA $GNGLL,0000.0000,N,00000.0000,E,131123.000,A,A*49 (pico_gnss pico-gnss-rs/src/main.rs:483)
68.958579 [INFO ] NMEA $GNGSA,A,3,24,10,28,12,29,32,23,,,,,,1.37,1.00,0.94*10 (pico_gnss pico-gnss-rs/src/main.rs:483)
68.988112 [INFO ] NMEA $GNGSA,A,3,,,,,,,,,,,,,1.37,1.00,0.94*15 (pico_gnss pico-gnss-rs/src/main.rs:483)
69.075485 [INFO ] NMEA $GPGSV,4,1,13,25,83,079,17,32,63,320,16,12,43,048,24,10,39,222,17*79 (pico_gnss pico-gnss-rs/src/main.rs:483)
69.134137 [INFO ] NMEA $GPGSV,4,2,13,28,38,290,15,29,20,145,20,23,16,189,18,31,13,274,*76 (pico_gnss pico-gnss-rs/src/main.rs:483)
69.196659 [INFO ] NMEA $GPGSV,4,3,13,24,12,082,15,26,03,226,,193,,,,194,,,*71 (pico_gnss pico-gnss-rs/src/main.rs:483)
69.225929 [INFO ] NMEA $GPGSV,4,4,13,195,,,*46 (pico_gnss pico-gnss-rs/src/main.rs:483)
69.284446 [INFO ] NMEA $GLGSV,2,1,08,72,73,152,,75,65,272,,65,49,327,,74,46,026,*62 (pico_gnss pico-gnss-rs/src/main.rs:483)
69.343020 [INFO ] NMEA $GLGSV,2,2,08,71,19,150,18,76,15,234,,73,03,044,17,66,01,329,*66 (pico_gnss pico-gnss-rs/src/main.rs:483)
69.434427 [INFO ] NMEA $GNRMC,131123.000,A,0000.0000,N,00000.0000,E,0.13,105.94,080626,,,A*7F (pico_gnss pico-gnss-rs/src/main.rs:483)
69.436986 [INFO ] SYNC pps_local_us=62000144 unix_s=1780924283 drift_us=2 err_ns=-1 holdover_ms=1000 (pico_gnss pico-gnss-rs/src/main.rs:514)
69.442133 [INFO ] PPSGEN count=64 interval_ns=999999584 dev_ns=-416 phase_ns=-1760332 hwphase_ns=38736 trim_ppb=0 cfg=2 p_ns=2421 d_ns=0 (pico_gnss pico-gnss-rs/src/main.rs:330)
69.443673 [INFO ] PPS count=64 interval_us=1000002 interval_ns=1000002320 state=Locked missed=0 (pico_gnss pico-gnss-rs/src/main.rs:203)
69.464272 [INFO ] NMEA $GPVTG,105.94,T,,M,0.13,N,0.24,K,A*30 (pico_gnss pico-gnss-rs/src/main.rs:483)
69.493227 [INFO ] NMEA $GPZDA,131123.000,08,06,2026,,*5D (pico_gnss pico-gnss-rs/src/main.rs:483)
69.532371 [INFO ] TIME unix_ns=1780924284088591457 ppb=2337 holdover_ms=1088 locked=1 (pico_gnss pico-gnss-rs/src/main.rs:237)
69.544474 [INFO ] NMEA $GPGST,131123.000,8.2,17,11,131.5,14,15,41*44 (pico_gnss pico-gnss-rs/src/main.rs:483)
69.853733 [INFO ] NMEA $GPGGA,131124.000,0000.0000,N,00000.0000,E,1,7,1.00,39.0,M,39.0,M,,*61 (pico_gnss pico-gnss-rs/src/main.rs:483)
69.912044 [INFO ] NMEA $GNGLL,0000.0000,N,00000.0000,E,131124.000,A,A*4C (pico_gnss pico-gnss-rs/src/main.rs:483)
69.956143 [INFO ] NMEA $GNGSA,A,3,24,10,28,12,29,32,23,,,,,,1.37,1.00,0.94*10 (pico_gnss pico-gnss-rs/src/main.rs:483)
70.014362 [INFO ] NMEA $GNGSA,A,3,,,,,,,,,,,,,1.37,1.00,0.94*15 (pico_gnss pico-gnss-rs/src/main.rs:483)
70.073058 [INFO ] NMEA $GPGSV,4,1,13,25,83,079,17,32,63,320,16,12,43,048,24,10,39,222,17*79 (pico_gnss pico-gnss-rs/src/main.rs:483)
70.160456 [INFO ] NMEA $GPGSV,4,2,13,28,38,290,15,29,20,145,20,23,16,189,18,31,13,274,*76 (pico_gnss pico-gnss-rs/src/main.rs:483)
70.223046 [INFO ] NMEA $GPGSV,4,3,13,24,12,082,13,26,03,226,,193,,,,194,,,*77 (pico_gnss pico-gnss-rs/src/main.rs:483)
70.252284 [INFO ] NMEA $GPGSV,4,4,13,195,,,*46 (pico_gnss pico-gnss-rs/src/main.rs:483)
70.310762 [INFO ] NMEA $GLGSV,2,1,08,72,73,152,,75,65,272,,65,49,327,,74,46,026,*62 (pico_gnss pico-gnss-rs/src/main.rs:483)
70.369289 [INFO ] NMEA $GLGSV,2,2,08,71,19,150,18,76,15,234,,73,03,044,17,66,01,329,*66 (pico_gnss pico-gnss-rs/src/main.rs:483)
70.442125 [INFO ] PPSGEN count=65 interval_ns=999999760 dev_ns=-240 phase_ns=-1840668 hwphase_ns=36176 trim_ppb=0 cfg=2 p_ns=2261 d_ns=0 (pico_gnss pico-gnss-rs/src/main.rs:330)
70.443670 [INFO ] PPS count=65 interval_us=1000002 interval_ns=1000002336 state=Locked missed=0 (pico_gnss pico-gnss-rs/src/main.rs:203)
70.460821 [INFO ] NMEA $GNRMC,131124.000,A,0000.0000,N,00000.0000,E,0.69,149.85,080626,,,A*7F (pico_gnss pico-gnss-rs/src/main.rs:483)
70.463433 [INFO ] SYNC pps_local_us=64000149 unix_s=1780924284 drift_us=2 err_ns=-17 holdover_ms=1999 (pico_gnss pico-gnss-rs/src/main.rs:514)
70.490405 [INFO ] NMEA $GPVTG,149.85,T,,M,0.69,N,1.28,K,A*38 (pico_gnss pico-gnss-rs/src/main.rs:483)
70.519456 [INFO ] NMEA $GPZDA,131124.000,08,06,2026,,*5A (pico_gnss pico-gnss-rs/src/main.rs:483)
70.533659 [INFO ] TIME unix_ns=1780924284089923790 ppb=2336 holdover_ms=89 locked=1 (pico_gnss pico-gnss-rs/src/main.rs:237)
70.563182 [INFO ] NMEA $GPGST,131124.000,8.2,17,11,131.8,14,15,42*4D (pico_gnss pico-gnss-rs/src/main.rs:483)
70.891559 [INFO ] NMEA $GPGGA,131125.000,0000.0000,N,00000.0000,E,1,7,1.00,39.1,M,39.0,M,,*63 (pico_gnss pico-gnss-rs/src/main.rs:483)
70.949902 [INFO ] NMEA $GNGLL,0000.0000,N,00000.0000,E,131125.000,A,A*4F (pico_gnss pico-gnss-rs/src/main.rs:483)
71.001165 [INFO ] NMEA $GNGSA,A,3,24,10,28,12,29,32,23,,,,,,1.37,1.00,0.94*10 (pico_gnss pico-gnss-rs/src/main.rs:483)
71.059399 [INFO ] NMEA $GNGSA,A,3,,,,,,,,,,,,,1.37,1.00,0.94*15 (pico_gnss pico-gnss-rs/src/main.rs:483)
71.118070 [INFO ] NMEA $GPGSV,4,1,13,25,83,079,17,32,63,320,16,12,43,048,24,10,39,222,17*79 (pico_gnss pico-gnss-rs/src/main.rs:483)
71.205477 [INFO ] NMEA $GPGSV,4,2,13,28,38,290,15,29,20,145,20,23,16,189,18,31,13,274,*76 (pico_gnss pico-gnss-rs/src/main.rs:483)
71.239310 [INFO ] NMEA $GPGSV,4,3,13,24,12,082,14,26,03,226,,193,,,,194,,,*70 (pico_gnss pico-gnss-rs/src/main.rs:483)
71.268507 [INFO ] NMEA $GPGSV,4,4,13,195,,,*46 (pico_gnss pico-gnss-rs/src/main.rs:483)
71.327026 [INFO ] NMEA $GLGSV,2,1,08,72,73,152,,75,65,272,,65,49,327,,74,46,026,*62 (pico_gnss pico-gnss-rs/src/main.rs:483)
71.414237 [INFO ] NMEA $GLGSV,2,2,08,71,19,150,18,76,15,234,,73,03,044,17,66,01,329,*66 (pico_gnss pico-gnss-rs/src/main.rs:483)
71.442121 [INFO ] PPSGEN count=66 interval_ns=999999952 dev_ns=-48 phase_ns=-1817332 hwphase_ns=33792 trim_ppb=0 cfg=2 p_ns=2112 d_ns=0 (pico_gnss pico-gnss-rs/src/main.rs:330)
71.443631 [INFO ] PPS count=66 interval_us=1000002 interval_ns=1000002336 state=Locked missed=0 (pico_gnss pico-gnss-rs/src/main.rs:203)
71.474003 [INFO ] NMEA $GNRMC,131125.000,A,0000.0000,N,00000.0000,E,2.11,168.59,080626,,,A*73 (pico_gnss pico-gnss-rs/src/main.rs:483)
71.476590 [INFO ] SYNC pps_local_us=65000151 unix_s=1780924285 drift_us=2 err_ns=0 holdover_ms=999 (pico_gnss pico-gnss-rs/src/main.rs:514)
71.535180 [INFO ] TIME unix_ns=1780924285091443787 ppb=2336 holdover_ms=91 locked=1 (pico_gnss pico-gnss-rs/src/main.rs:237)
71.536558 [INFO ] NMEA $GPVTG,168.59,T,,M,2.11,N,3.91,K,A*37 (pico_gnss pico-gnss-rs/src/main.rs:483)
71.564486 [INFO ] NMEA $GPZDA,131125.000,08,06,2026,,*5B (pico_gnss pico-gnss-rs/src/main.rs:483)
71.600739 [INFO ] NMEA $GPGST,131125.000,8.2,17,12,132.2,14,15,43*47 (pico_gnss pico-gnss-rs/src/main.rs:483)
71.896515 [INFO ] NMEA $GPGGA,131126.000,0000.0000,N,00000.0000,E,1,7,1.00,39.3,M,39.0,M,,*61 (pico_gnss pico-gnss-rs/src/main.rs:483)
71.954882 [INFO ] NMEA $GNGLL,0000.0000,N,00000.0000,E,131126.000,A,A*4F (pico_gnss pico-gnss-rs/src/main.rs:483)
72.013364 [INFO ] NMEA $GNGSA,A,3,24,10,28,12,29,32,23,,,,,,1.37,1.00,0.94*10 (pico_gnss pico-gnss-rs/src/main.rs:483)
72.042847 [INFO ] NMEA $GNGSA,A,3,,,,,,,,,,,,,1.37,1.00,0.94*15 (pico_gnss pico-gnss-rs/src/main.rs:483)
72.130256 [INFO ] NMEA $GPGSV,4,1,13,25,83,079,17,32,63,320,16,12,43,048,24,10,39,222,17*79 (pico_gnss pico-gnss-rs/src/main.rs:483)
72.188875 [INFO ] NMEA $GPGSV,4,2,13,28,38,290,15,29,20,145,20,23,16,189,18,31,13,274,*76 (pico_gnss pico-gnss-rs/src/main.rs:483)
72.251453 [INFO ] NMEA $GPGSV,4,3,13,24,12,082,11,26,03,226,,193,,,,194,,,*75 (pico_gnss pico-gnss-rs/src/main.rs:483)
72.280736 [INFO ] NMEA $GPGSV,4,4,13,195,,,*46 (pico_gnss pico-gnss-rs/src/main.rs:483)
72.339196 [INFO ] NMEA $GLGSV,2,1,08,72,73,152,,75,65,272,,65,49,327,,74,46,026,*62 (pico_gnss pico-gnss-rs/src/main.rs:483)
72.426368 [INFO ] NMEA $GLGSV,2,2,08,71,19,150,18,76,15,234,,73,03,044,17,66,01,329,*66 (pico_gnss pico-gnss-rs/src/main.rs:483)
72.442094 [INFO ] PPSGEN count=67 interval_ns=1000000096 dev_ns=96 phase_ns=-1793332 hwphase_ns=31552 trim_ppb=0 cfg=2 p_ns=1972 d_ns=0 (pico_gnss pico-gnss-rs/src/main.rs:330)
72.443570 [INFO ] PPS count=67 interval_us=1000002 interval_ns=1000002336 state=Locked missed=0 (pico_gnss pico-gnss-rs/src/main.rs:203)
72.485094 [INFO ] NMEA $GNRMC,131126.000,A,0000.0000,N,00000.0000,E,0.41,168.59,080626,,,A*74 (pico_gnss pico-gnss-rs/src/main.rs:483)
72.487697 [INFO ] SYNC pps_local_us=66000154 unix_s=1780924286 drift_us=2 err_ns=0 holdover_ms=999 (pico_gnss pico-gnss-rs/src/main.rs:514)
72.518513 [INFO ] NMEA $GPVTG,168.59,T,,M,0.41,N,0.77,K,A*3B (pico_gnss pico-gnss-rs/src/main.rs:483)
72.536451 [INFO ] TIME unix_ns=1780924286092835784 ppb=2336 holdover_ms=92 locked=1 (pico_gnss pico-gnss-rs/src/main.rs:237)
72.576496 [INFO ] NMEA $GPZDA,131126.000,08,06,2026,,*58 (pico_gnss pico-gnss-rs/src/main.rs:483)
72.606183 [INFO ] NMEA $GPGST,131126.000,8.1,16,12,128.5,13,14,43*4C (pico_gnss pico-gnss-rs/src/main.rs:483)
72.864558 [INFO ] NMEA $GPGGA,131127.000,0000.0000,N,00000.0000,E,1,6,1.13,39.4,M,39.0,M,,*65 (pico_gnss pico-gnss-rs/src/main.rs:483)
72.922937 [INFO ] NMEA $GNGLL,0000.0000,N,00000.0000,E,131127.000,A,A*4F (pico_gnss pico-gnss-rs/src/main.rs:483)
72.988489 [INFO ] NMEA $GNGSA,A,3,10,28,12,29,32,23,,,,,,,1.49,1.13,0.97*1E (pico_gnss pico-gnss-rs/src/main.rs:483)
73.018050 [INFO ] NMEA $GNGSA,A,3,,,,,,,,,,,,,1.49,1.13,0.97*1D (pico_gnss pico-gnss-rs/src/main.rs:483)
73.105394 [INFO ] NMEA $GPGSV,4,1,13,25,83,079,17,32,63,320,16,12,43,048,23,10,39,222,16*7F (pico_gnss pico-gnss-rs/src/main.rs:483)
73.164096 [INFO ] NMEA $GPGSV,4,2,13,28,38,290,15,29,20,145,20,23,16,189,18,31,13,274,*76 (pico_gnss pico-gnss-rs/src/main.rs:483)
73.226620 [INFO ] NMEA $GPGSV,4,3,13,24,12,082,14,26,03,226,,193,,,,194,,,*70 (pico_gnss pico-gnss-rs/src/main.rs:483)
73.255901 [INFO ] NMEA $GPGSV,4,4,13,195,,,*46 (pico_gnss pico-gnss-rs/src/main.rs:483)
73.314407 [INFO ] NMEA $GLGSV,2,1,08,72,73,152,,75,65,272,,65,49,327,,74,46,026,*62 (pico_gnss pico-gnss-rs/src/main.rs:483)
73.372911 [INFO ] NMEA $GLGSV,2,2,08,71,19,150,18,76,15,234,,73,03,044,17,66,01,329,*66 (pico_gnss pico-gnss-rs/src/main.rs:483)
73.442136 [INFO ] PPSGEN count=68 interval_ns=1000000256 dev_ns=256 phase_ns=-1721332 hwphase_ns=29472 trim_ppb=0 cfg=2 p_ns=1842 d_ns=0 (pico_gnss pico-gnss-rs/src/main.rs:330)
73.443612 [INFO ] PPS count=68 interval_us=1000002 interval_ns=1000002336 state=Locked missed=0 (pico_gnss pico-gnss-rs/src/main.rs:203)
73.460687 [INFO ] NMEA $GNRMC,131127.000,A,0000.0000,N,00000.0000,E,0.59,223.99,080626,,,A*7D (pico_gnss pico-gnss-rs/src/main.rs:483)
73.463258 [INFO ] SYNC pps_local_us=67000156 unix_s=1780924287 drift_us=2 err_ns=0 holdover_ms=1000 (pico_gnss pico-gnss-rs/src/main.rs:514)
73.493766 [INFO ] NMEA $GPVTG,223.99,T,,M,0.59,N,1.09,K,A*3A (pico_gnss pico-gnss-rs/src/main.rs:483)
73.523079 [INFO ] NMEA $GPZDA,131127.000,08,06,2026,,*59 (pico_gnss pico-gnss-rs/src/main.rs:483)
73.537719 [INFO ] TIME unix_ns=1780924287094048781 ppb=2336 holdover_ms=94 locked=1 (pico_gnss pico-gnss-rs/src/main.rs:237)
73.572026 [INFO ] NMEA $GPGST,131127.000,8.1,16,12,129.1,13,14,43*48 (pico_gnss pico-gnss-rs/src/main.rs:483)
73.892421 [INFO ] NMEA $GPGGA,131128.000,0000.0000,N,00000.0000,E,1,6,1.13,39.6,M,39.0,M,,*6C (pico_gnss pico-gnss-rs/src/main.rs:483)
73.950802 [INFO ] NMEA $GNGLL,0000.0000,N,00000.0000,E,131128.000,A,A*44 (pico_gnss pico-gnss-rs/src/main.rs:483)
73.996872 [INFO ] NMEA $GNGSA,A,3,10,28,12,29,32,23,,,,,,,1.49,1.13,0.97*1E (pico_gnss pico-gnss-rs/src/main.rs:483)
74.055111 [INFO ] NMEA $GNGSA,A,3,,,,,,,,,,,,,1.49,1.13,0.97*1D (pico_gnss pico-gnss-rs/src/main.rs:483)
74.113793 [INFO ] NMEA $GPGSV,4,1,13,25,83,079,17,32,63,320,16,12,43,048,23,10,39,222,16*7F (pico_gnss pico-gnss-rs/src/main.rs:483)
74.201196 [INFO ] NMEA $GPGSV,4,2,13,28,38,290,15,29,20,145,20,23,16,189,18,31,13,274,*76 (pico_gnss pico-gnss-rs/src/main.rs:483)
74.259614 [INFO ] NMEA $GPGSV,4,3,13,24,12,082,15,26,03,226,,193,,,,194,,,*71 (pico_gnss pico-gnss-rs/src/main.rs:483)
74.264251 [INFO ] NMEA $GPGSV,4,4,13,195,,,*46 (pico_gnss pico-gnss-rs/src/main.rs:483)
74.351454 [INFO ] NMEA $GLGSV,2,1,08,72,73,152,,75,65,272,,65,49,327,,74,46,026,*62 (pico_gnss pico-gnss-rs/src/main.rs:483)
74.409968 [INFO ] NMEA $GLGSV,2,2,08,71,19,150,18,76,15,234,,73,03,044,17,66,01,329,*66 (pico_gnss pico-gnss-rs/src/main.rs:483)
74.442151 [INFO ] PPSGEN count=69 interval_ns=1000000384 dev_ns=384 phase_ns=-1740332 hwphase_ns=27520 trim_ppb=0 cfg=2 p_ns=1720 d_ns=0 (pico_gnss pico-gnss-rs/src/main.rs:330)
74.443644 [INFO ] PPS count=69 interval_us=1000002 interval_ns=1000002320 state=Locked missed=0 (pico_gnss pico-gnss-rs/src/main.rs:203)
74.497351 [INFO ] NMEA $GNRMC,131128.000,A,0000.0000,N,00000.0000,E,0.78,330.02,080626,,,A*74 (pico_gnss pico-gnss-rs/src/main.rs:483)
74.499921 [INFO ] SYNC pps_local_us=68000158 unix_s=1780924288 drift_us=2 err_ns=-15 holdover_ms=1000 (pico_gnss pico-gnss-rs/src/main.rs:514)
74.530795 [INFO ] NMEA $GPVTG,330.02,T,,M,0.78,N,1.45,K,A*30 (pico_gnss pico-gnss-rs/src/main.rs:483)
74.538958 [INFO ] TIME unix_ns=1780924288095271778 ppb=2336 holdover_ms=95 locked=1 (pico_gnss pico-gnss-rs/src/main.rs:237)
74.560350 [INFO ] NMEA $GPZDA,131128.000,08,06,2026,,*56 (pico_gnss pico-gnss-rs/src/main.rs:483)
74.599601 [INFO ] NMEA $GPGST,131128.000,8.1,16,12,130.0,13,14,43*4E (pico_gnss pico-gnss-rs/src/main.rs:483)
74.909841 [INFO ] NMEA $GPGGA,131129.000,0000.0000,N,00000.0000,E,1,7,1.00,39.9,M,39.0,M,,*65 (pico_gnss pico-gnss-rs/src/main.rs:483)
74.968200 [INFO ] NMEA $GNGLL,0000.0000,N,00000.0000,E,131129.000,A,A*41 (pico_gnss pico-gnss-rs/src/main.rs:483)
75.023578 [INFO ] NMEA $GNGSA,A,3,24,10,28,12,29,32,23,,,,,,1.37,1.00,0.94*10 (pico_gnss pico-gnss-rs/src/main.rs:483)
75.053093 [INFO ] NMEA $GNGSA,A,3,,,,,,,,,,,,,1.37,1.00,0.94*15 (pico_gnss pico-gnss-rs/src/main.rs:483)
75.140488 [INFO ] NMEA $GPGSV,4,1,13,25,83,079,17,32,63,320,16,12,43,048,23,10,39,222,16*7F (pico_gnss pico-gnss-rs/src/main.rs:483)
75.199112 [INFO ] NMEA $GPGSV,4,2,13,28,38,290,15,29,20,145,20,23,16,189,18,31,13,274,*76 (pico_gnss pico-gnss-rs/src/main.rs:483)
75.257606 [INFO ] NMEA $GPGSV,4,3,13,24,12,082,16,26,03,226,,193,,,,194,,,*72 (pico_gnss pico-gnss-rs/src/main.rs:483)
75.290868 [INFO ] NMEA $GPGSV,4,4,13,195,,,*46 (pico_gnss pico-gnss-rs/src/main.rs:483)
75.349361 [INFO ] NMEA $GLGSV,2,1,08,72,73,152,,75,65,272,,65,49,327,,74,46,026,*62 (pico_gnss pico-gnss-rs/src/main.rs:483)
75.436569 [INFO ] NMEA $GLGSV,2,2,08,71,19,150,18,76,15,234,,73,03,044,17,66,01,329,*66 (pico_gnss pico-gnss-rs/src/main.rs:483)
75.442137 [INFO ] PPSGEN count=70 interval_ns=1000000528 dev_ns=528 phase_ns=-1775331 hwphase_ns=25728 trim_ppb=0 cfg=2 p_ns=1608 d_ns=0 (pico_gnss pico-gnss-rs/src/main.rs:330)
75.443622 [INFO ] PPS count=70 interval_us=1000002 interval_ns=1000002336 state=Locked missed=0 (pico_gnss pico-gnss-rs/src/main.rs:203)
75.495296 [INFO ] NMEA $GNRMC,131129.000,A,0000.0000,N,00000.0000,E,1.07,356.02,080626,,,A*78 (pico_gnss pico-gnss-rs/src/main.rs:483)
75.497897 [INFO ] SYNC pps_local_us=69000161 unix_s=1780924289 drift_us=2 err_ns=1 holdover_ms=999 (pico_gnss pico-gnss-rs/src/main.rs:514)
75.540214 [INFO ] TIME unix_ns=1780924289096532775 ppb=2336 holdover_ms=96 locked=1 (pico_gnss pico-gnss-rs/src/main.rs:237)
75.557423 [INFO ] NMEA $GPVTG,356.02,T,,M,1.07,N,1.98,K,A*39 (pico_gnss pico-gnss-rs/src/main.rs:483)
75.586746 [INFO ] NMEA $GPZDA,131129.000,08,06,2026,,*57 (pico_gnss pico-gnss-rs/src/main.rs:483)
75.616186 [INFO ] NMEA $GPGST,131129.000,8.1,16,11,131.5,13,14,39*45 (pico_gnss pico-gnss-rs/src/main.rs:483)
75.911540 [INFO ] NMEA $GPGGA,131130.000,0000.0000,N,00000.0000,E,1,7,1.00,40.2,M,39.0,M,,*61 (pico_gnss pico-gnss-rs/src/main.rs:483)
75.969927 [INFO ] NMEA $GNGLL,0000.0000,N,00000.0000,E,131130.000,A,A*40 (pico_gnss pico-gnss-rs/src/main.rs:483)
76.032483 [INFO ] NMEA $GNGSA,A,3,24,10,28,12,29,32,23,,,,,,1.37,1.00,0.94*10 (pico_gnss pico-gnss-rs/src/main.rs:483)
76.062036 [INFO ] NMEA $GNGSA,A,3,,,,,,,,,,,,,1.37,1.00,0.94*15 (pico_gnss pico-gnss-rs/src/main.rs:483)
76.149389 [INFO ] NMEA $GPGSV,4,1,13,25,83,079,17,32,63,320,16,12,43,048,24,10,39,222,16*78 (pico_gnss pico-gnss-rs/src/main.rs:483)
76.208022 [INFO ] NMEA $GPGSV,4,2,13,28,38,290,14,29,20,145,19,23,16,189,18,31,13,274,*7D (pico_gnss pico-gnss-rs/src/main.rs:483)
76.266494 [INFO ] NMEA $GPGSV,4,3,13,24,12,082,16,26,03,226,,193,,,,194,,,*72 (pico_gnss pico-gnss-rs/src/main.rs:483)
76.299801 [INFO ] NMEA $GPGSV,4,4,13,195,,,*46 (pico_gnss pico-gnss-rs/src/main.rs:483)
76.358282 [INFO ] NMEA $GLGSV,2,1,08,72,73,152,,75,65,272,,65,49,327,,74,46,026,*62 (pico_gnss pico-gnss-rs/src/main.rs:483)
76.416773 [INFO ] NMEA $GLGSV,2,2,08,71,19,150,18,76,15,234,,73,03,044,17,66,01,329,*66 (pico_gnss pico-gnss-rs/src/main.rs:483)
76.442138 [INFO ] PPSGEN count=71 interval_ns=1000000640 dev_ns=640 phase_ns=-1738331 hwphase_ns=24032 trim_ppb=0 cfg=2 p_ns=1502 d_ns=0 (pico_gnss pico-gnss-rs/src/main.rs:330)
76.443605 [INFO ] PPS count=71 interval_us=1000002 interval_ns=1000002336 state=Locked missed=0 (pico_gnss pico-gnss-rs/src/main.rs:203)
76.504096 [INFO ] NMEA $GNRMC,131130.000,A,0000.0000,N,00000.0000,E,0.76,12.88,080626,,,A*4F (pico_gnss pico-gnss-rs/src/main.rs:483)
76.506668 [INFO ] SYNC pps_local_us=70000163 unix_s=1780924290 drift_us=2 err_ns=1 holdover_ms=999 (pico_gnss pico-gnss-rs/src/main.rs:514)
76.533739 [INFO ] NMEA $GPVTG,12.88,T,,M,0.76,N,1.40,K,A*0A (pico_gnss pico-gnss-rs/src/main.rs:483)
76.541478 [INFO ] TIME unix_ns=1780924290097830772 ppb=2336 holdover_ms=97 locked=1 (pico_gnss pico-gnss-rs/src/main.rs:237)
76.566877 [INFO ] NMEA $GPZDA,131130.000,08,06,2026,,*5F (pico_gnss pico-gnss-rs/src/main.rs:483)
76.618905 [INFO ] NMEA $GPGST,131130.000,8.0,17,11,132.8,14,14,39*44 (pico_gnss pico-gnss-rs/src/main.rs:483)
76.910751 [INFO ] NMEA $GPGGA,131131.000,0000.0000,N,00000.0000,E,1,7,1.00,40.4,M,39.0,M,,*62 (pico_gnss pico-gnss-rs/src/main.rs:483)
76.969107 [INFO ] NMEA $GNGLL,0000.0000,N,00000.0000,E,131131.000,A,A*45 (pico_gnss pico-gnss-rs/src/main.rs:483)
77.027558 [INFO ] NMEA $GNGSA,A,3,24,10,28,12,29,32,23,,,,,,1.37,1.00,0.94*10 (pico_gnss pico-gnss-rs/src/main.rs:483)
77.070351 [INFO ] NMEA $GNGSA,A,3,,,,,,,,,,,,,1.37,1.00,0.94*15 (pico_gnss pico-gnss-rs/src/main.rs:483)
77.129046 [INFO ] NMEA $GPGSV,4,1,13,25,83,079,17,32,63,320,16,12,43,048,24,10,39,222,16*78 (pico_gnss pico-gnss-rs/src/main.rs:483)
77.216458 [INFO ] NMEA $GPGSV,4,2,13,28,38,290,14,29,20,145,19,23,16,189,18,31,13,274,*7D (pico_gnss pico-gnss-rs/src/main.rs:483)
77.274936 [INFO ] NMEA $GPGSV,4,3,13,24,12,082,16,26,03,226,,193,,,,194,,,*72 (pico_gnss pico-gnss-rs/src/main.rs:483)
77.308227 [INFO ] NMEA $GPGSV,4,4,13,195,,,*46 (pico_gnss pico-gnss-rs/src/main.rs:483)
77.366686 [INFO ] NMEA $GLGSV,2,1,08,72,73,152,,75,65,272,,65,49,327,,74,46,026,*62 (pico_gnss pico-gnss-rs/src/main.rs:483)
77.425197 [INFO ] NMEA $GLGSV,2,2,08,71,19,150,18,76,15,234,,73,03,044,17,66,01,329,*66 (pico_gnss pico-gnss-rs/src/main.rs:483)
77.442139 [INFO ] PPSGEN count=72 interval_ns=1000000752 dev_ns=752 phase_ns=-1741331 hwphase_ns=22448 trim_ppb=0 cfg=2 p_ns=1403 d_ns=0 (pico_gnss pico-gnss-rs/src/main.rs:330)
77.443617 [INFO ] PPS count=72 interval_us=1000002 interval_ns=1000002320 state=Locked missed=0 (pico_gnss pico-gnss-rs/src/main.rs:203)
77.512536 [INFO ] NMEA $GNRMC,131131.000,A,0000.0000,N,00000.0000,E,1.03,204.66,080626,,,A*7C (pico_gnss pico-gnss-rs/src/main.rs:483)
77.515132 [INFO ] SYNC pps_local_us=71000165 unix_s=1780924291 drift_us=2 err_ns=-15 holdover_ms=1000 (pico_gnss pico-gnss-rs/src/main.rs:514)
77.542404 [INFO ] NMEA $GPVTG,204.66,T,,M,1.03,N,1.90,K,A*31 (pico_gnss pico-gnss-rs/src/main.rs:483)
77.544143 [INFO ] TIME unix_ns=1780924291100476766 ppb=2335 holdover_ms=100 locked=1 (pico_gnss pico-gnss-rs/src/main.rs:237)
77.575330 [INFO ] NMEA $GPZDA,131131.000,08,06,2026,,*5E (pico_gnss pico-gnss-rs/src/main.rs:483)
77.620059 [INFO ] NMEA $GPGST,131131.000,8.0,17,11,134.2,14,14,40*47 (pico_gnss pico-gnss-rs/src/main.rs:483)
77.907702 [INFO ] NMEA $GPGGA,131132.000,0000.0000,N,00000.0000,E,1,7,1.00,40.3,M,39.0,M,,*6C (pico_gnss pico-gnss-rs/src/main.rs:483)
77.966082 [INFO ] NMEA $GNGLL,0000.0000,N,00000.0000,E,131132.000,A,A*4C (pico_gnss pico-gnss-rs/src/main.rs:483)
78.024525 [INFO ] NMEA $GNGSA,A,3,24,10,28,12,29,32,23,,,,,,1.37,1.00,0.94*10 (pico_gnss pico-gnss-rs/src/main.rs:483)
78.074567 [INFO ] NMEA $GNGSA,A,3,,,,,,,,,,,,,1.37,1.00,0.94*15 (pico_gnss pico-gnss-rs/src/main.rs:483)
78.133219 [INFO ] NMEA $GPGSV,4,1,13,25,83,079,17,32,63,320,16,12,43,048,24,10,39,222,16*78 (pico_gnss pico-gnss-rs/src/main.rs:483)
78.220602 [INFO ] NMEA $GPGSV,4,2,13,28,38,290,14,29,20,145,19,23,16,189,18,31,13,274,*7D (pico_gnss pico-gnss-rs/src/main.rs:483)
78.279108 [INFO ] NMEA $GPGSV,4,3,13,24,12,082,16,26,03,226,,193,,,,194,,,*72 (pico_gnss pico-gnss-rs/src/main.rs:483)
78.280476 [INFO ] NMEA $GPGSV,4,4,13,195,,,*46 (pico_gnss pico-gnss-rs/src/main.rs:483)
78.370812 [INFO ] NMEA $GLGSV,2,1,08,72,73,152,,75,65,272,,65,49,327,,74,46,026,*62 (pico_gnss pico-gnss-rs/src/main.rs:483)
78.429341 [INFO ] NMEA $GLGSV,2,2,08,71,19,150,18,76,15,234,,73,03,044,17,66,01,329,*66 (pico_gnss pico-gnss-rs/src/main.rs:483)
78.442164 [INFO ] PPSGEN count=73 interval_ns=1000000864 dev_ns=864 phase_ns=-1726331 hwphase_ns=20992 trim_ppb=0 cfg=2 p_ns=1312 d_ns=0 (pico_gnss pico-gnss-rs/src/main.rs:330)
78.443646 [INFO ] PPS count=73 interval_us=1000002 interval_ns=1000002336 state=Locked missed=0 (pico_gnss pico-gnss-rs/src/main.rs:203)
78.488063 [INFO ] NMEA $GNRMC,131132.000,A,0000.0000,N,00000.0000,E,1.35,182.91,080626,,,A*75 (pico_gnss pico-gnss-rs/src/main.rs:483)
78.490658 [INFO ] SYNC pps_local_us=72000168 unix_s=1780924292 drift_us=2 err_ns=1 holdover_ms=1000 (pico_gnss pico-gnss-rs/src/main.rs:514)
78.545721 [INFO ] TIME unix_ns=1780924292101706763 ppb=2335 holdover_ms=101 locked=1 (pico_gnss pico-gnss-rs/src/main.rs:237)
78.547164 [INFO ] NMEA $GPVTG,182.91,T,,M,1.35,N,2.50,K,A*3E (pico_gnss pico-gnss-rs/src/main.rs:483)
78.579404 [INFO ] NMEA $GPZDA,131132.000,08,06,2026,,*5D (pico_gnss pico-gnss-rs/src/main.rs:483)
78.616889 [INFO ] NMEA $GPGST,131132.000,8.0,17,10,133.1,14,14,36*40 (pico_gnss pico-gnss-rs/src/main.rs:483)
78.885841 [INFO ] NMEA $GPGGA,131133.000,0000.0000,N,00000.0000,E,1,7,1.00,40.5,M,39.0,M,,*6B (pico_gnss pico-gnss-rs/src/main.rs:483)
78.944193 [INFO ] NMEA $GNGLL,0000.0000,N,00000.0000,E,131133.000,A,A*4D (pico_gnss pico-gnss-rs/src/main.rs:483)
79.002707 [INFO ] NMEA $GNGSA,A,3,24,10,28,12,29,32,23,,,,,,1.37,1.00,0.94*10 (pico_gnss pico-gnss-rs/src/main.rs:483)
79.031172 [INFO ] NMEA $GNGSA,A,3,,,,,,,,,,,,,1.37,1.00,0.94*15 (pico_gnss pico-gnss-rs/src/main.rs:483)
79.118548 [INFO ] NMEA $GPGSV,4,1,13,25,83,079,17,32,63,320,16,12,43,048,25,10,39,222,16*79 (pico_gnss pico-gnss-rs/src/main.rs:483)
79.177193 [INFO ] NMEA $GPGSV,4,2,13,28,38,290,15,29,20,145,19,23,16,189,18,31,13,274,*7C (pico_gnss pico-gnss-rs/src/main.rs:483)
79.235678 [INFO ] NMEA $GPGSV,4,3,13,24,12,082,16,26,03,226,,193,,,,194,,,*72 (pico_gnss pico-gnss-rs/src/main.rs:483)
79.264887 [INFO ] NMEA $GPGSV,4,4,13,195,,,*46 (pico_gnss pico-gnss-rs/src/main.rs:483)
79.327487 [INFO ] NMEA $GLGSV,2,1,08,72,73,152,,75,65,272,,65,49,327,,74,46,026,*62 (pico_gnss pico-gnss-rs/src/main.rs:483)
79.414886 [INFO ] NMEA $GLGSV,2,2,08,71,19,150,19,76,15,234,,73,03,044,17,66,01,329,*67 (pico_gnss pico-gnss-rs/src/main.rs:483)
79.442153 [INFO ] PPSGEN count=74 interval_ns=1000000960 dev_ns=960 phase_ns=-1756331 hwphase_ns=19616 trim_ppb=0 cfg=2 p_ns=1226 d_ns=0 (pico_gnss pico-gnss-rs/src/main.rs:330)
79.443623 [INFO ] PPS count=74 interval_us=1000002 interval_ns=1000002336 state=Locked missed=0 (pico_gnss pico-gnss-rs/src/main.rs:203)
79.473606 [INFO ] NMEA $GNRMC,131133.000,A,0000.0000,N,00000.0000,E,0.72,115.80,080626,,,A*78 (pico_gnss pico-gnss-rs/src/main.rs:483)
79.476204 [INFO ] SYNC pps_local_us=73000170 unix_s=1780924293 drift_us=2 err_ns=1 holdover_ms=999 (pico_gnss pico-gnss-rs/src/main.rs:514)
79.531647 [INFO ] NMEA $GPVTG,115.80,T,,M,0.72,N,1.34,K,A*33 (pico_gnss pico-gnss-rs/src/main.rs:483)
79.547003 [INFO ] TIME unix_ns=1780924293103314759 ppb=2335 holdover_ms=103 locked=1 (pico_gnss pico-gnss-rs/src/main.rs:237)
79.565045 [INFO ] NMEA $GPZDA,131133.000,08,06,2026,,*5C (pico_gnss pico-gnss-rs/src/main.rs:483)
79.595752 [INFO ] NMEA $GPGST,131133.000,8.0,17,10,133.4,14,14,36*44 (pico_gnss pico-gnss-rs/src/main.rs:483)
79.924686 [INFO ] NMEA $GPGGA,131134.000,0000.0000,N,00000.0000,E,1,7,1.00,40.5,M,39.0,M,,*60 (pico_gnss pico-gnss-rs/src/main.rs:483)
79.983058 [INFO ] NMEA $GNGLL,0000.0000,N,00000.0000,E,131134.000,A,A*46 (pico_gnss pico-gnss-rs/src/main.rs:483)
80.041527 [INFO ] NMEA $GNGSA,A,3,24,10,28,12,29,32,23,,,,,,1.37,1.00,0.94*10 (pico_gnss pico-gnss-rs/src/main.rs:483)
80.077112 [INFO ] NMEA $GNGSA,A,3,,,,,,,,,,,,,1.37,1.00,0.94*15 (pico_gnss pico-gnss-rs/src/main.rs:483)
80.164546 [INFO ] NMEA $GPGSV,4,1,13,25,83,079,17,32,63,320,16,12,43,048,25,10,39,222,16*79 (pico_gnss pico-gnss-rs/src/main.rs:483)
80.223211 [INFO ] NMEA $GPGSV,4,2,13,28,38,290,15,29,20,145,18,23,16,189,18,31,13,274,*7D (pico_gnss pico-gnss-rs/src/main.rs:483)
80.281650 [INFO ] NMEA $GPGSV,4,3,13,24,12,082,16,26,03,226,,193,,,,194,,,*72 (pico_gnss pico-gnss-rs/src/main.rs:483)
80.310923 [INFO ] NMEA $GPGSV,4,4,13,195,,,*46 (pico_gnss pico-gnss-rs/src/main.rs:483)
80.373404 [INFO ] NMEA $GLGSV,2,1,08,72,73,152,,75,65,272,,65,49,327,,74,46,026,*62 (pico_gnss pico-gnss-rs/src/main.rs:483)
80.431909 [INFO ] NMEA $GLGSV,2,2,08,71,19,150,19,76,15,234,,73,03,044,17,66,01,329,*67 (pico_gnss pico-gnss-rs/src/main.rs:483)
80.442166 [INFO ] PPSGEN count=75 interval_ns=1000001040 dev_ns=1040 phase_ns=-1728331 hwphase_ns=18320 trim_ppb=0 cfg=2 p_ns=1145 d_ns=0 (pico_gnss pico-gnss-rs/src/main.rs:330)
80.443654 [INFO ] PPS count=75 interval_us=1000002 interval_ns=1000002336 state=Locked missed=0 (pico_gnss pico-gnss-rs/src/main.rs:203)
80.519270 [INFO ] NMEA $GNRMC,131134.000,A,0000.0000,N,00000.0000,E,0.98,132.05,080626,,,A*7F (pico_gnss pico-gnss-rs/src/main.rs:483)
80.521884 [INFO ] SYNC pps_local_us=74000172 unix_s=1780924294 drift_us=2 err_ns=1 holdover_ms=1000 (pico_gnss pico-gnss-rs/src/main.rs:514)
80.548959 [INFO ] NMEA $GPVTG,132.05,T,,M,0.98,N,1.81,K,A*31 (pico_gnss pico-gnss-rs/src/main.rs:483)
80.550541 [INFO ] TIME unix_ns=1780924294106848751 ppb=2335 holdover_ms=106 locked=1 (pico_gnss pico-gnss-rs/src/main.rs:237)
80.606580 [INFO ] NMEA $GPZDA,131134.000,08,06,2026,,*5B (pico_gnss pico-gnss-rs/src/main.rs:483)
80.634100 [INFO ] NMEA $GPGST,131134.000,8.0,17,10,134.0,14,14,36*40 (pico_gnss pico-gnss-rs/src/main.rs:483)
80.781865 [INFO ] NMEA $GPGGA,131135.000,0000.0000,N,00000.0000,E,1,7,1.00,40.5,M,39.0,M,,*6D (pico_gnss pico-gnss-rs/src/main.rs:483)
80.840225 [INFO ] NMEA $GNGLL,0000.0000,N,00000.0000,E,131135.000,A,A*4B (pico_gnss pico-gnss-rs/src/main.rs:483)
80.898711 [INFO ] NMEA $GNGSA,A,3,24,10,28,12,29,32,23,,,,,,1.37,1.00,0.94*10 (pico_gnss pico-gnss-rs/src/main.rs:483)
80.941474 [INFO ] NMEA $GNGSA,A,3,,,,,,,,,,,,,1.37,1.00,0.94*15 (pico_gnss pico-gnss-rs/src/main.rs:483)
81.000166 [INFO ] NMEA $GPGSV,4,1,13,25,83,079,17,32,63,320,16,12,43,048,25,10,39,222,16*79 (pico_gnss pico-gnss-rs/src/main.rs:483)
81.087562 [INFO ] NMEA $GPGSV,4,2,13,28,38,290,15,29,20,145,18,23,16,189,18,31,13,274,*7D (pico_gnss pico-gnss-rs/src/main.rs:483)
81.146149 [INFO ] NMEA $GPGSV,4,3,13,24,12,082,15,26,03,226,,193,,,,194,,,*71 (pico_gnss pico-gnss-rs/src/main.rs:483)
81.175365 [INFO ] NMEA $GPGSV,4,4,13,195,,,*46 (pico_gnss pico-gnss-rs/src/main.rs:483)
81.237969 [INFO ] NMEA $GLGSV,2,1,08,72,73,152,,75,65,272,,65,49,327,,74,46,026,*62 (pico_gnss pico-gnss-rs/src/main.rs:483)
81.296609 [INFO ] NMEA $GLGSV,2,2,08,71,19,150,19,76,15,234,,73,03,044,17,66,01,329,*67 (pico_gnss pico-gnss-rs/src/main.rs:483)
81.383976 [INFO ] NMEA $GNRMC,131135.000,A,0000.0000,N,00000.0000,E,0.73,246.27,080626,,,A*77 (pico_gnss pico-gnss-rs/src/main.rs:483)
81.413557 [INFO ] NMEA $GPVTG,246.27,T,,M,0.73,N,1.36,K,A*38 (pico_gnss pico-gnss-rs/src/main.rs:483)
81.442211 [INFO ] PPSGEN count=76 interval_ns=1000001120 dev_ns=1120 phase_ns=-1745331 hwphase_ns=17104 trim_ppb=0 cfg=2 p_ns=1069 d_ns=0 (pico_gnss pico-gnss-rs/src/main.rs:330)
81.443719 [INFO ] PPS count=76 interval_us=1000002 interval_ns=1000002320 state=Locked missed=0 (pico_gnss pico-gnss-rs/src/main.rs:203)
81.445714 [INFO ] NMEA $GPZDA,131135.000,08,06,2026,,*5A (pico_gnss pico-gnss-rs/src/main.rs:483)
81.491516 [INFO ] NMEA $GPGST,131135.000,8.0,17,10,134.0,14,14,36*41 (pico_gnss pico-gnss-rs/src/main.rs:483)
81.551798 [INFO ] TIME unix_ns=1780924295108072413 ppb=2335 holdover_ms=1108 locked=1 (pico_gnss pico-gnss-rs/src/main.rs:237)
81.810716 [INFO ] NMEA $GPGGA,131136.000,0000.0000,N,00000.0000,E,1,7,1.00,40.8,M,39.0,M,,*66 (pico_gnss pico-gnss-rs/src/main.rs:483)
81.869047 [INFO ] NMEA $GNGLL,0000.0000,N,00000.0000,E,131136.000,A,A*4D (pico_gnss pico-gnss-rs/src/main.rs:483)
81.927514 [INFO ] NMEA $GNGSA,A,3,24,10,28,12,29,32,23,,,,,,1.37,1.00,0.94*10 (pico_gnss pico-gnss-rs/src/main.rs:483)
81.977517 [INFO ] NMEA $GNGSA,A,3,,,,,,,,,,,,,1.37,1.00,0.94*15 (pico_gnss pico-gnss-rs/src/main.rs:483)
82.036162 [INFO ] NMEA $GPGSV,4,1,13,25,83,079,17,32,63,320,16,12,43,048,25,10,39,222,15*7A (pico_gnss pico-gnss-rs/src/main.rs:483)
82.123575 [INFO ] NMEA $GPGSV,4,2,13,28,38,290,15,29,20,145,18,23,16,189,18,31,13,274,*7D (pico_gnss pico-gnss-rs/src/main.rs:483)
82.182061 [INFO ] NMEA $GPGSV,4,3,13,24,12,082,15,26,03,226,,193,,,,194,,,*71 (pico_gnss pico-gnss-rs/src/main.rs:483)
82.183436 [INFO ] NMEA $GPGSV,4,4,13,195,,,*46 (pico_gnss pico-gnss-rs/src/main.rs:483)
82.273828 [INFO ] NMEA $GLGSV,2,1,08,72,73,152,,75,65,272,,65,50,327,,74,46,026,*6A (pico_gnss pico-gnss-rs/src/main.rs:483)
82.332518 [INFO ] NMEA $GLGSV,2,2,08,71,19,150,19,76,15,234,,73,03,044,17,66,01,329,*67 (pico_gnss pico-gnss-rs/src/main.rs:483)
82.391099 [INFO ] NMEA $GNRMC,131136.000,A,0000.0000,N,00000.0000,E,0.31,246.27,080626,,,A*77 (pico_gnss pico-gnss-rs/src/main.rs:483)
82.393668 [INFO ] SYNC pps_local_us=75000175 unix_s=1780924296 drift_us=2 err_ns=-15 holdover_ms=1000 (pico_gnss pico-gnss-rs/src/main.rs:514)
82.442145 [INFO ] PPSGEN count=77 interval_ns=1000001216 dev_ns=1216 phase_ns=-1820330 hwphase_ns=16000 trim_ppb=0 cfg=2 p_ns=1000 d_ns=0 (pico_gnss pico-gnss-rs/src/main.rs:330)
82.443604 [INFO ] PPS count=77 interval_us=1000002 interval_ns=1000002336 state=Locked missed=0 (pico_gnss pico-gnss-rs/src/main.rs:203)
82.449634 [INFO ] NMEA $GPVTG,246.27,T,,M,0.31,N,0.57,K,A*38 (pico_gnss pico-gnss-rs/src/main.rs:483)
82.478614 [INFO ] NMEA $GPZDA,131136.000,08,06,2026,,*59 (pico_gnss pico-gnss-rs/src/main.rs:483)
82.520037 [INFO ] NMEA $GPGST,131136.000,8.0,16,10,134.7,14,14,36*44 (pico_gnss pico-gnss-rs/src/main.rs:483)
82.553058 [INFO ] TIME unix_ns=1780924297109292410 ppb=2335 holdover_ms=1109 locked=1 (pico_gnss pico-gnss-rs/src/main.rs:237)
82.821702 [INFO ] NMEA $GPGGA,131137.000,0000.0000,N,00000.0000,E,1,7,1.00,41.2,M,39.0,M,,*60 (pico_gnss pico-gnss-rs/src/main.rs:483)
82.880041 [INFO ] NMEA $GNGLL,0000.0000,N,00000.0000,E,131137.000,A,A*40 (pico_gnss pico-gnss-rs/src/main.rs:483)
82.938498 [INFO ] NMEA $GNGSA,A,3,24,10,28,12,29,32,23,,,,,,1.37,1.00,0.94*10 (pico_gnss pico-gnss-rs/src/main.rs:483)
82.967998 [INFO ] NMEA $GNGSA,A,3,,,,,,,,,,,,,1.37,1.00,0.94*15 (pico_gnss pico-gnss-rs/src/main.rs:483)
83.054367 [INFO ] NMEA $GPGSV,4,1,13,25,83,079,17,32,63,320,16,12,43,048,25,10,39,222,15*7A (pico_gnss pico-gnss-rs/src/main.rs:483)
83.113008 [INFO ] NMEA $GPGSV,4,2,13,28,38,290,15,29,20,145,18,23,16,189,18,31,13,274,*7D (pico_gnss pico-gnss-rs/src/main.rs:483)
83.171479 [INFO ] NMEA $GPGSV,4,3,13,24,12,082,15,26,03,226,,193,,,,194,,,*71 (pico_gnss pico-gnss-rs/src/main.rs:483)
83.200697 [INFO ] NMEA $GPGSV,4,4,13,195,,,*46 (pico_gnss pico-gnss-rs/src/main.rs:483)
83.263268 [INFO ] NMEA $GLGSV,2,1,08,72,73,152,,75,65,272,,65,50,327,,74,46,026,*6A (pico_gnss pico-gnss-rs/src/main.rs:483)
83.350692 [INFO ] NMEA $GLGSV,2,2,08,71,19,150,18,76,15,234,,73,03,044,17,66,02,329,*65 (pico_gnss pico-gnss-rs/src/main.rs:483)
83.409326 [INFO ] NMEA $GNRMC,131137.000,A,0000.0000,N,00000.0000,E,0.57,246.27,080626,,,A*7A (pico_gnss pico-gnss-rs/src/main.rs:483)
83.411897 [INFO ] SYNC pps_local_us=76000177 unix_s=1780924297 drift_us=2 err_ns=1 holdover_ms=999 (pico_gnss pico-gnss-rs/src/main.rs:514)
83.442126 [INFO ] PPSGEN count=78 interval_ns=1000001280 dev_ns=1280 phase_ns=-1748330 hwphase_ns=14944 trim_ppb=0 cfg=2 p_ns=934 d_ns=0 (pico_gnss pico-gnss-rs/src/main.rs:330)
83.443591 [INFO ] PPS count=78 interval_us=1000002 interval_ns=1000002336 state=Locked missed=0 (pico_gnss pico-gnss-rs/src/main.rs:203)
83.467804 [INFO ] NMEA $GPVTG,246.27,T,,M,0.57,N,1.05,K,A*3E (pico_gnss pico-gnss-rs/src/main.rs:483)
83.496811 [INFO ] NMEA $GPZDA,131137.000,08,06,2026,,*58 (pico_gnss pico-gnss-rs/src/main.rs:483)
83.531476 [INFO ] NMEA $GPGST,131137.000,8.1,16,10,135.7,14,13,36*42 (pico_gnss pico-gnss-rs/src/main.rs:483)
83.554335 [INFO ] TIME unix_ns=1780924298110649407 ppb=2335 holdover_ms=1110 locked=1 (pico_gnss pico-gnss-rs/src/main.rs:237)
83.827749 [INFO ] NMEA $GPGGA,131138.000,0000.0000,N,00000.0000,E,1,7,1.00,41.3,M,39.0,M,,*63 (pico_gnss pico-gnss-rs/src/main.rs:483)
83.886098 [INFO ] NMEA $GNGLL,0000.0000,N,00000.0000,E,131138.000,A,A*42 (pico_gnss pico-gnss-rs/src/main.rs:483)
83.944566 [INFO ] NMEA $GNGSA,A,3,24,10,28,12,29,32,23,,,,,,1.37,1.00,0.94*10 (pico_gnss pico-gnss-rs/src/main.rs:483)
83.974054 [INFO ] NMEA $GNGSA,A,3,,,,,,,,,,,,,1.37,1.00,0.94*15 (pico_gnss pico-gnss-rs/src/main.rs:483)
84.067584 [INFO ] NMEA $GPGSV,4,1,13,25,83,079,17,32,63,320,16,12,43,048,25,10,39,222,14*7B (pico_gnss pico-gnss-rs/src/main.rs:483)
84.126270 [INFO ] NMEA $GPGSV,4,2,13,28,38,290,15,29,20,145,18,23,16,189,18,31,13,274,*7D (pico_gnss pico-gnss-rs/src/main.rs:483)
84.184691 [INFO ] NMEA $GPGSV,4,3,13,24,12,082,15,26,03,226,,193,,,,194,,,*71 (pico_gnss pico-gnss-rs/src/main.rs:483)
84.213952 [INFO ] NMEA $GPGSV,4,4,13,195,,,*46 (pico_gnss pico-gnss-rs/src/main.rs:483)
84.276541 [INFO ] NMEA $GLGSV,2,1,08,72,73,152,,75,65,272,,65,50,327,,74,46,026,*6A (pico_gnss pico-gnss-rs/src/main.rs:483)
84.335148 [INFO ] NMEA $GLGSV,2,2,08,71,19,150,18,76,15,234,,73,03,044,17,66,02,329,*65 (pico_gnss pico-gnss-rs/src/main.rs:483)
84.422434 [INFO ] NMEA $GNRMC,131138.000,A,0000.0000,N,00000.0000,E,0.46,246.27,080626,,,A*78 (pico_gnss pico-gnss-rs/src/main.rs:483)
84.424993 [INFO ] SYNC pps_local_us=77000179 unix_s=1780924298 drift_us=2 err_ns=1 holdover_ms=999 (pico_gnss pico-gnss-rs/src/main.rs:514)
84.442123 [INFO ] PPSGEN count=79 interval_ns=1000001360 dev_ns=1360 phase_ns=-1672331 hwphase_ns=13968 trim_ppb=0 cfg=2 p_ns=873 d_ns=0 (pico_gnss pico-gnss-rs/src/main.rs:330)
84.443608 [INFO ] PPS count=79 interval_us=1000002 interval_ns=1000002320 state=Locked missed=0 (pico_gnss pico-gnss-rs/src/main.rs:203)
84.452285 [INFO ] NMEA $GPVTG,246.27,T,,M,0.46,N,0.85,K,A*37 (pico_gnss pico-gnss-rs/src/main.rs:483)
84.509839 [INFO ] NMEA $GPZDA,131138.000,08,06,2026,,*57 (pico_gnss pico-gnss-rs/src/main.rs:483)
84.537678 [INFO ] NMEA $GPGST,131138.000,8.0,16,10,135.3,14,13,36*48 (pico_gnss pico-gnss-rs/src/main.rs:483)
84.555620 [INFO ] TIME unix_ns=1780924299111957405 ppb=2335 holdover_ms=1111 locked=1 (pico_gnss pico-gnss-rs/src/main.rs:237)
84.865775 [INFO ] NMEA $GPGGA,131139.000,0000.0000,N,00000.0000,E,1,7,1.00,41.5,M,39.0,M,,*6B (pico_gnss pico-gnss-rs/src/main.rs:483)
84.924135 [INFO ] NMEA $GNGLL,0000.0000,N,00000.0000,E,131139.000,A,A*4C (pico_gnss pico-gnss-rs/src/main.rs:483)
84.982605 [INFO ] NMEA $GNGSA,A,3,24,10,28,12,29,32,23,,,,,,1.37,1.00,0.94*10 (pico_gnss pico-gnss-rs/src/main.rs:483)
85.012089 [INFO ] NMEA $GNGSA,A,3,,,,,,,,,,,,,1.37,1.00,0.94*15 (pico_gnss pico-gnss-rs/src/main.rs:483)
85.084048 [INFO ] NMEA $GPGSV,4,1,13,25,83,079,17,32,63,320,16,12,43,048,25,10,39,222,15*7A (pico_gnss pico-gnss-rs/src/main.rs:483)
85.171491 [INFO ] NMEA $GPGSV,4,2,13,28,38,290,14,29,20,145,18,23,16,189,18,31,13,274,*7C (pico_gnss pico-gnss-rs/src/main.rs:483)
85.229971 [INFO ] NMEA $GPGSV,4,3,13,24,12,082,14,26,03,226,,193,,,,194,,,*70 (pico_gnss pico-gnss-rs/src/main.rs:483)
85.259184 [INFO ] NMEA $GPGSV,4,4,13,195,,,*46 (pico_gnss pico-gnss-rs/src/main.rs:483)
85.321768 [INFO ] NMEA $GLGSV,2,1,08,72,73,152,,75,65,272,,65,50,327,,74,46,026,*6A (pico_gnss pico-gnss-rs/src/main.rs:483)
85.380334 [INFO ] NMEA $GLGSV,2,2,08,71,19,150,18,76,15,234,,73,03,044,17,66,02,329,*65 (pico_gnss pico-gnss-rs/src/main.rs:483)
85.442149 [INFO ] PPSGEN count=80 interval_ns=1000001424 dev_ns=1424 phase_ns=-1723665 hwphase_ns=13072 trim_ppb=0 cfg=2 p_ns=817 d_ns=0 (pico_gnss pico-gnss-rs/src/main.rs:330)
85.443618 [INFO ] PPS count=80 interval_us=1000002 interval_ns=1000002320 state=Locked missed=0 (pico_gnss pico-gnss-rs/src/main.rs:203)
85.468072 [INFO ] NMEA $GNRMC,131139.000,A,0000.0000,N,00000.0000,E,1.37,57.45,080626,,,A*47 (pico_gnss pico-gnss-rs/src/main.rs:483)
85.470649 [INFO ] SYNC pps_local_us=79000184 unix_s=1780924299 drift_us=2 err_ns=-28 holdover_ms=2000 (pico_gnss pico-gnss-rs/src/main.rs:514)
85.497280 [INFO ] NMEA $GPVTG,57.45,T,,M,1.37,N,2.54,K,A*08 (pico_gnss pico-gnss-rs/src/main.rs:483)
85.526340 [INFO ] NMEA $GPZDA,131139.000,08,06,2026,,*56 (pico_gnss pico-gnss-rs/src/main.rs:483)
85.556909 [INFO ] TIME unix_ns=1780924299113198736 ppb=2334 holdover_ms=113 locked=1 (pico_gnss pico-gnss-rs/src/main.rs:237)
85.573677 [INFO ] NMEA $GPGST,131139.000,8.0,16,10,135.1,14,14,36*4C (pico_gnss pico-gnss-rs/src/main.rs:483)
85.873708 [INFO ] NMEA $GPGGA,131140.000,0000.0000,N,00000.0000,E,1,7,1.00,41.6,M,39.0,M,,*6F (pico_gnss pico-gnss-rs/src/main.rs:483)
85.932058 [INFO ] NMEA $GNGLL,0000.0000,N,00000.0000,E,131140.000,A,A*4B (pico_gnss pico-gnss-rs/src/main.rs:483)
85.990550 [INFO ] NMEA $GNGSA,A,3,24,10,28,12,29,32,23,,,,,,1.37,1.00,0.94*10 (pico_gnss pico-gnss-rs/src/main.rs:483)
86.020045 [INFO ] NMEA $GNGSA,A,3,,,,,,,,,,,,,1.37,1.00,0.94*15 (pico_gnss pico-gnss-rs/src/main.rs:483)
86.101222 [INFO ] NMEA $GPGSV,4,1,13,25,83,079,17,32,63,320,16,12,43,048,25,10,39,222,15*7A (pico_gnss pico-gnss-rs/src/main.rs:483)
86.159898 [INFO ] NMEA $GPGSV,4,2,13,28,38,290,14,29,20,145,18,23,16,189,18,31,13,274,*7C (pico_gnss pico-gnss-rs/src/main.rs:483)
86.218342 [INFO ] NMEA $GPGSV,4,3,13,24,12,082,17,26,03,226,,193,,,,194,,,*73 (pico_gnss pico-gnss-rs/src/main.rs:483)
86.247602 [INFO ] NMEA $GPGSV,4,4,13,195,,,*46 (pico_gnss pico-gnss-rs/src/main.rs:483)
86.334758 [INFO ] NMEA $GLGSV,2,1,08,72,73,152,,75,65,272,,65,50,327,,74,46,026,*6A (pico_gnss pico-gnss-rs/src/main.rs:483)
86.397425 [INFO ] NMEA $GLGSV,2,2,08,71,19,150,18,76,15,234,,73,03,044,17,66,02,329,*65 (pico_gnss pico-gnss-rs/src/main.rs:483)
86.442143 [INFO ] PPSGEN count=81 interval_ns=1000001472 dev_ns=1472 phase_ns=-1762330 hwphase_ns=12224 trim_ppb=0 cfg=2 p_ns=764 d_ns=0 (pico_gnss pico-gnss-rs/src/main.rs:330)
86.443637 [INFO ] PPS count=81 interval_us=1000002 interval_ns=1000002336 state=Locked missed=0 (pico_gnss pico-gnss-rs/src/main.rs:203)
86.456469 [INFO ] NMEA $GNRMC,131140.000,A,0000.0000,N,00000.0000,E,1.36,78.64,080626,,,A*4F (pico_gnss pico-gnss-rs/src/main.rs:483)
86.459026 [INFO ] SYNC pps_local_us=80000186 unix_s=1780924300 drift_us=2 err_ns=2 holdover_ms=1000 (pico_gnss pico-gnss-rs/src/main.rs:514)
86.514154 [INFO ] NMEA $GPVTG,78.64,T,,M,1.36,N,2.52,K,A*01 (pico_gnss pico-gnss-rs/src/main.rs:483)
86.543425 [INFO ] NMEA $GPZDA,131140.000,08,06,2026,,*58 (pico_gnss pico-gnss-rs/src/main.rs:483)
86.558173 [INFO ] TIME unix_ns=1780924300114477733 ppb=2334 holdover_ms=114 locked=1 (pico_gnss pico-gnss-rs/src/main.rs:237)
86.580976 [INFO ] NMEA $GPGST,131140.000,8.0,16,10,135.2,14,14,37*40 (pico_gnss pico-gnss-rs/src/main.rs:483)
86.894669 [INFO ] NMEA $GPGGA,131141.000,0000.0000,N,00000.0000,E,1,7,1.00,41.7,M,39.0,M,,*68 (pico_gnss pico-gnss-rs/src/main.rs:483)
86.953026 [INFO ] NMEA $GNGLL,0000.0000,N,00000.0000,E,131141.000,A,A*4D (pico_gnss pico-gnss-rs/src/main.rs:483)
87.011485 [INFO ] NMEA $GNGSA,A,3,24,10,28,12,29,32,23,,,,,,1.37,1.00,0.94*10 (pico_gnss pico-gnss-rs/src/main.rs:483)
87.040987 [INFO ] NMEA $GNGSA,A,3,,,,,,,,,,,,,1.37,1.00,0.94*15 (pico_gnss pico-gnss-rs/src/main.rs:483)
87.131448 [INFO ] NMEA $GPGSV,4,1,13,25,83,079,17,32,63,320,16,12,43,048,26,10,39,222,15*79 (pico_gnss pico-gnss-rs/src/main.rs:483)
87.190072 [INFO ] NMEA $GPGSV,4,2,13,28,38,290,14,29,20,145,17,23,16,189,18,31,13,274,*73 (pico_gnss pico-gnss-rs/src/main.rs:483)
87.248558 [INFO ] NMEA $GPGSV,4,3,13,24,12,082,16,26,03,226,,193,,,,194,,,*72 (pico_gnss pico-gnss-rs/src/main.rs:483)
87.277827 [INFO ] NMEA $GPGSV,4,4,13,195,,,*46 (pico_gnss pico-gnss-rs/src/main.rs:483)
87.336283 [INFO ] NMEA $GLGSV,2,1,08,72,73,152,,75,65,272,,65,50,327,,74,46,026,*6A (pico_gnss pico-gnss-rs/src/main.rs:483)
87.398848 [INFO ] NMEA $GLGSV,2,2,08,71,19,150,18,76,15,234,,73,03,044,17,66,02,329,*65 (pico_gnss pico-gnss-rs/src/main.rs:483)
87.442141 [INFO ] PPSGEN count=82 interval_ns=1000001536 dev_ns=1536 phase_ns=-1769330 hwphase_ns=11424 trim_ppb=0 cfg=2 p_ns=714 d_ns=0 (pico_gnss pico-gnss-rs/src/main.rs:330)
87.443608 [INFO ] PPS count=82 interval_us=1000002 interval_ns=1000002320 state=Locked missed=0 (pico_gnss pico-gnss-rs/src/main.rs:203)
87.486281 [INFO ] NMEA $GNRMC,131141.000,A,0000.0000,N,00000.0000,E,0.84,78.78,080626,,,A*4C (pico_gnss pico-gnss-rs/src/main.rs:483)
87.488880 [INFO ] SYNC pps_local_us=81000189 unix_s=1780924301 drift_us=2 err_ns=-13 holdover_ms=999 (pico_gnss pico-gnss-rs/src/main.rs:514)
87.515828 [INFO ] NMEA $GPVTG,78.78,T,,M,0.84,N,1.55,K,A*00 (pico_gnss pico-gnss-rs/src/main.rs:483)
87.559463 [INFO ] TIME unix_ns=1780924301115774730 ppb=2334 holdover_ms=115 locked=1 (pico_gnss pico-gnss-rs/src/main.rs:237)
87.573825 [INFO ] NMEA $GPZDA,131141.000,08,06,2026,,*59 (pico_gnss pico-gnss-rs/src/main.rs:483)
87.602251 [INFO ] NMEA $GPGST,131141.000,7.9,17,10,135.3,14,14,37*47 (pico_gnss pico-gnss-rs/src/main.rs:483)
87.917937 [INFO ] NMEA $GPGGA,131142.000,0000.0000,N,00000.0000,E,1,7,1.00,41.8,M,39.0,M,,*60 (pico_gnss pico-gnss-rs/src/main.rs:483)
87.976335 [INFO ] NMEA $GNGLL,0000.0000,N,00000.0000,E,131142.000,A,A*4A (pico_gnss pico-gnss-rs/src/main.rs:483)
88.034779 [INFO ] NMEA $GNGSA,A,3,24,10,28,12,29,32,23,,,,,,1.37,1.00,0.94*10 (pico_gnss pico-gnss-rs/src/main.rs:483)
88.064302 [INFO ] NMEA $GNGSA,A,3,,,,,,,,,,,,,1.37,1.00,0.94*15 (pico_gnss pico-gnss-rs/src/main.rs:483)
88.127003 [INFO ] NMEA $GPGSV,4,1,13,25,83,079,17,32,63,320,16,12,43,048,26,10,39,222,15*79 (pico_gnss pico-gnss-rs/src/main.rs:483)
88.214440 [INFO ] NMEA $GPGSV,4,2,13,28,38,290,14,29,20,145,17,23,16,189,18,31,13,274,*73 (pico_gnss pico-gnss-rs/src/main.rs:483)
88.272888 [INFO ] NMEA $GPGSV,4,3,13,24,12,082,16,26,03,226,,193,,,,194,,,*72 (pico_gnss pico-gnss-rs/src/main.rs:483)
88.302160 [INFO ] NMEA $GPGSV,4,4,13,195,,,*46 (pico_gnss pico-gnss-rs/src/main.rs:483)
88.360585 [INFO ] NMEA $GLGSV,2,1,08,72,73,152,,75,65,272,,65,50,327,,74,46,026,*6A (pico_gnss pico-gnss-rs/src/main.rs:483)
88.423129 [INFO ] NMEA $GLGSV,2,2,08,71,18,150,18,76,15,234,,73,03,044,17,66,02,329,*64 (pico_gnss pico-gnss-rs/src/main.rs:483)
88.442141 [INFO ] PPSGEN count=83 interval_ns=1000001600 dev_ns=1600 phase_ns=-1730329 hwphase_ns=10704 trim_ppb=0 cfg=2 p_ns=669 d_ns=0 (pico_gnss pico-gnss-rs/src/main.rs:330)
88.443631 [INFO ] PPS count=83 interval_us=1000002 interval_ns=1000002320 state=Locked missed=0 (pico_gnss pico-gnss-rs/src/main.rs:203)
88.510539 [INFO ] NMEA $GNRMC,131142.000,A,0000.0000,N,00000.0000,E,0.16,78.78,080626,,,A*40 (pico_gnss pico-gnss-rs/src/main.rs:483)
88.513120 [INFO ] SYNC pps_local_us=82000191 unix_s=1780924302 drift_us=2 err_ns=-13 holdover_ms=1000 (pico_gnss pico-gnss-rs/src/main.rs:514)
88.540149 [INFO ] NMEA $GPVTG,78.78,T,,M,0.16,N,0.29,K,A*01 (pico_gnss pico-gnss-rs/src/main.rs:483)
88.560728 [INFO ] TIME unix_ns=1780924302117045727 ppb=2333 holdover_ms=117 locked=1 (pico_gnss pico-gnss-rs/src/main.rs:237)
88.569439 [INFO ] NMEA $GPZDA,131142.000,08,06,2026,,*5A (pico_gnss pico-gnss-rs/src/main.rs:483)
88.617057 [INFO ] NMEA $GPGST,131142.000,7.9,17,10,135.4,14,14,38*4C (pico_gnss pico-gnss-rs/src/main.rs:483)
88.917358 [INFO ] NMEA $GPGGA,131143.000,0000.0000,N,00000.0000,E,1,7,1.00,41.9,M,39.0,M,,*64 (pico_gnss pico-gnss-rs/src/main.rs:483)
88.975782 [INFO ] NMEA $GNGLL,0000.0000,N,00000.0000,E,131143.000,A,A*4F (pico_gnss pico-gnss-rs/src/main.rs:483)
89.034191 [INFO ] NMEA $GNGSA,A,3,24,10,28,12,29,32,23,,,,,,1.37,1.00,0.94*10 (pico_gnss pico-gnss-rs/src/main.rs:483)
89.092448 [INFO ] NMEA $GNGSA,A,3,,,,,,,,,,,,,1.37,1.00,0.94*15 (pico_gnss pico-gnss-rs/src/main.rs:483)
89.155192 [INFO ] NMEA $GPGSV,4,1,13,25,83,079,17,32,63,320,16,12,43,048,26,10,39,222,15*79 (pico_gnss pico-gnss-rs/src/main.rs:483)
89.242692 [INFO ] NMEA $GPGSV,4,2,13,28,38,290,14,29,20,145,17,23,16,189,18,31,13,274,*73 (pico_gnss pico-gnss-rs/src/main.rs:483)
89.301162 [INFO ] NMEA $GPGSV,4,3,13,24,12,082,16,26,03,226,,193,,,,194,,,*72 (pico_gnss pico-gnss-rs/src/main.rs:483)
89.302544 [INFO ] NMEA $GPGSV,4,4,13,195,,,*46 (pico_gnss pico-gnss-rs/src/main.rs:483)
89.388778 [INFO ] NMEA $GLGSV,2,1,08,72,72,153,,75,65,272,,65,50,327,,74,46,026,*6A (pico_gnss pico-gnss-rs/src/main.rs:483)
89.442148 [INFO ] PPSGEN count=84 interval_ns=1000001632 dev_ns=1632 phase_ns=-1774329 hwphase_ns=10016 trim_ppb=0 cfg=2 p_ns=626 d_ns=0 (pico_gnss pico-gnss-rs/src/main.rs:330)
89.443644 [INFO ] PPS count=84 interval_us=1000002 interval_ns=1000002336 state=Locked missed=0 (pico_gnss pico-gnss-rs/src/main.rs:203)
89.451811 [INFO ] NMEA $GLGSV,2,2,08,71,18,150,18,76,15,234,,73,03,044,18,66,02,329,*6B (pico_gnss pico-gnss-rs/src/main.rs:483)
89.509985 [INFO ] NMEA $GNRMC,131143.000,A,0000.0000,N,00000.0000,E,0.61,66.89,080626,,,A*44 (pico_gnss pico-gnss-rs/src/main.rs:483)
89.512554 [INFO ] SYNC pps_local_us=83000193 unix_s=1780924303 drift_us=2 err_ns=3 holdover_ms=1000 (pico_gnss pico-gnss-rs/src/main.rs:514)
89.561999 [INFO ] TIME unix_ns=1780924303118274725 ppb=2333 holdover_ms=118 locked=1 (pico_gnss pico-gnss-rs/src/main.rs:237)
89.568361 [INFO ] NMEA $GPVTG,66.89,T,,M,0.61,N,1.14,K,A*0F (pico_gnss pico-gnss-rs/src/main.rs:483)
89.597446 [INFO ] NMEA $GPZDA,131143.000,08,06,2026,,*5B (pico_gnss pico-gnss-rs/src/main.rs:483)
89.635852 [INFO ] NMEA $GPGST,131143.000,7.8,17,11,135.8,14,14,39*40 (pico_gnss pico-gnss-rs/src/main.rs:483)
89.767075 [INFO ] NMEA $GPGGA,131144.000,0000.0000,N,00000.0000,E,1,7,1.00,42.0,M,39.0,M,,*60 (pico_gnss pico-gnss-rs/src/main.rs:483)
89.825438 [INFO ] NMEA $GNGLL,0000.0000,N,00000.0000,E,131144.000,A,A*41 (pico_gnss pico-gnss-rs/src/main.rs:483)
89.883970 [INFO ] NMEA $GNGSA,A,3,24,10,28,12,29,32,23,,,,,,1.37,1.00,0.94*10 (pico_gnss pico-gnss-rs/src/main.rs:483)
89.913436 [INFO ] NMEA $GNGSA,A,3,,,,,,,,,,,,,1.37,1.00,0.94*15 (pico_gnss pico-gnss-rs/src/main.rs:483)
90.004959 [INFO ] NMEA $GPGSV,4,1,13,25,83,079,17,32,63,320,16,12,43,048,26,10,39,222,14*78 (pico_gnss pico-gnss-rs/src/main.rs:483)
90.063585 [INFO ] NMEA $GPGSV,4,2,13,28,38,290,14,29,20,145,17,23,16,189,18,31,13,274,*73 (pico_gnss pico-gnss-rs/src/main.rs:483)
90.122055 [INFO ] NMEA $GPGSV,4,3,13,24,12,082,15,26,03,226,,193,,,,194,,,*71 (pico_gnss pico-gnss-rs/src/main.rs:483)
90.151308 [INFO ] NMEA $GPGSV,4,4,13,195,,,*46 (pico_gnss pico-gnss-rs/src/main.rs:483)
90.209793 [INFO ] NMEA $GLGSV,2,1,08,72,72,153,,75,65,272,,65,50,327,,74,46,026,*6A (pico_gnss pico-gnss-rs/src/main.rs:483)
90.301268 [INFO ] NMEA $GLGSV,2,2,08,71,18,150,18,76,15,234,,66,02,329,,73,02,044,18*6A (pico_gnss pico-gnss-rs/src/main.rs:483)
90.359945 [INFO ] NMEA $GNRMC,131144.000,A,0000.0000,N,00000.0000,E,0.82,140.21,080626,,,A*70 (pico_gnss pico-gnss-rs/src/main.rs:483)
90.389527 [INFO ] NMEA $GPVTG,140.21,T,,M,0.82,N,1.51,K,A*34 (pico_gnss pico-gnss-rs/src/main.rs:483)
90.442146 [INFO ] PPSGEN count=85 interval_ns=1000001696 dev_ns=1696 phase_ns=-1795329 hwphase_ns=9376 trim_ppb=0 cfg=2 p_ns=586 d_ns=0 (pico_gnss pico-gnss-rs/src/main.rs:330)
90.443652 [INFO ] PPS count=85 interval_us=1000002 interval_ns=1000002320 state=Locked missed=0 (pico_gnss pico-gnss-rs/src/main.rs:203)
90.447712 [INFO ] NMEA $GPZDA,131144.000,08,06,2026,,*5C (pico_gnss pico-gnss-rs/src/main.rs:483)
90.479200 [INFO ] NMEA $GPGST,131144.000,7.8,17,11,135.4,14,14,39*4B (pico_gnss pico-gnss-rs/src/main.rs:483)
90.563245 [INFO ] TIME unix_ns=1780924304119532389 ppb=2333 holdover_ms=1119 locked=1 (pico_gnss pico-gnss-rs/src/main.rs:237)
90.815863 [INFO ] NMEA $GPGGA,131145.000,0000.0000,N,00000.0000,E,1,7,1.00,42.2,M,39.0,M,,*61 (pico_gnss pico-gnss-rs/src/main.rs:483)
90.874260 [INFO ] NMEA $GNGLL,0000.0000,N,00000.0000,E,131145.000,A,A*42 (pico_gnss pico-gnss-rs/src/main.rs:483)
90.932686 [INFO ] NMEA $GNGSA,A,3,24,10,28,12,29,32,23,,,,,,1.37,1.00,0.94*10 (pico_gnss pico-gnss-rs/src/main.rs:483)
90.962219 [INFO ] NMEA $GNGSA,A,3,,,,,,,,,,,,,1.37,1.00,0.94*15 (pico_gnss pico-gnss-rs/src/main.rs:483)
91.053638 [INFO ] NMEA $GPGSV,4,1,13,25,83,079,17,32,63,320,16,12,43,048,26,10,39,222,15*79 (pico_gnss pico-gnss-rs/src/main.rs:483)
91.112348 [INFO ] NMEA $GPGSV,4,2,13,28,38,290,14,29,20,145,17,23,16,189,18,31,13,274,*73 (pico_gnss pico-gnss-rs/src/main.rs:483)
91.170783 [INFO ] NMEA $GPGSV,4,3,13,24,12,082,15,26,03,226,,193,,,,194,,,*71 (pico_gnss pico-gnss-rs/src/main.rs:483)
91.200042 [INFO ] NMEA $GPGSV,4,4,13,195,,,*46 (pico_gnss pico-gnss-rs/src/main.rs:483)
91.258544 [INFO ] NMEA $GLGSV,2,1,08,72,72,153,,75,65,272,,65,50,327,,74,45,026,*69 (pico_gnss pico-gnss-rs/src/main.rs:483)
91.321224 [INFO ] NMEA $GLGSV,2,2,08,71,18,150,18,76,15,234,,66,02,329,,73,02,044,18*6A (pico_gnss pico-gnss-rs/src/main.rs:483)
91.408569 [INFO ] NMEA $GNRMC,131145.000,A,0000.0000,N,00000.0000,E,0.39,140.21,080626,,,A*73 (pico_gnss pico-gnss-rs/src/main.rs:483)
91.411144 [INFO ] SYNC pps_local_us=84000196 unix_s=1780924305 drift_us=2 err_ns=-12 holdover_ms=999 (pico_gnss pico-gnss-rs/src/main.rs:514)
91.438220 [INFO ] NMEA $GPVTG,140.21,T,,M,0.39,N,0.73,K,A*35 (pico_gnss pico-gnss-rs/src/main.rs:483)
91.442119 [INFO ] PPSGEN count=86 interval_ns=1000001728 dev_ns=1728 phase_ns=-1775328 hwphase_ns=8784 trim_ppb=0 cfg=2 p_ns=549 d_ns=0 (pico_gnss pico-gnss-rs/src/main.rs:330)
91.443617 [INFO ] PPS count=86 interval_us=1000002 interval_ns=1000002336 state=Locked missed=0 (pico_gnss pico-gnss-rs/src/main.rs:203)
91.467648 [INFO ] NMEA $GPZDA,131145.000,08,06,2026,,*5D (pico_gnss pico-gnss-rs/src/main.rs:483)
91.520392 [INFO ] NMEA $GPGST,131145.000,7.7,17,10,135.3,14,14,36*4C (pico_gnss pico-gnss-rs/src/main.rs:483)
91.564510 [INFO ] TIME unix_ns=1780924306120810386 ppb=2333 holdover_ms=1120 locked=1 (pico_gnss pico-gnss-rs/src/main.rs:237)
91.845825 [INFO ] NMEA $GPGGA,131146.000,0000.0000,N,00000.0000,E,1,7,1.00,42.5,M,39.0,M,,*60 (pico_gnss pico-gnss-rs/src/main.rs:483)
91.875527 [INFO ] NMEA $GNGLL,0000.0000,N,00000.0000,E,131146.000,A,A*44 (pico_gnss pico-gnss-rs/src/main.rs:483)
91.933903 [INFO ] NMEA $GNGSA,A,3,24,10,28,12,29,32,23,,,,,,1.37,1.00,0.94*10 (pico_gnss pico-gnss-rs/src/main.rs:483)
91.992113 [INFO ] NMEA $GNGSA,A,3,,,,,,,,,,,,,1.37,1.00,0.94*15 (pico_gnss pico-gnss-rs/src/main.rs:483)
92.050811 [INFO ] NMEA $GPGSV,4,1,13,25,83,079,17,32,63,320,16,12,43,048,25,10,39,222,15*7A (pico_gnss pico-gnss-rs/src/main.rs:483)
92.142322 [INFO ] NMEA $GPGSV,4,2,13,28,38,290,14,29,20,145,17,23,16,189,18,31,13,274,*73 (pico_gnss pico-gnss-rs/src/main.rs:483)
92.200813 [INFO ] NMEA $GPGSV,4,3,13,24,12,082,15,26,03,226,,193,,,,194,,,*71 (pico_gnss pico-gnss-rs/src/main.rs:483)
92.230023 [INFO ] NMEA $GPGSV,4,4,13,195,,,*46 (pico_gnss pico-gnss-rs/src/main.rs:483)
92.288532 [INFO ] NMEA $GLGSV,2,1,08,72,72,153,,75,66,274,,65,50,327,,74,45,026,*6C (pico_gnss pico-gnss-rs/src/main.rs:483)
92.351210 [INFO ] NMEA $GLGSV,2,2,08,71,18,150,18,76,15,234,,66,02,329,,73,02,044,18*6A (pico_gnss pico-gnss-rs/src/main.rs:483)
92.438512 [INFO ] NMEA $GNRMC,131146.000,A,0000.0000,N,00000.0000,E,1.19,254.25,080626,,,A*74 (pico_gnss pico-gnss-rs/src/main.rs:483)
92.442156 [INFO ] PPSGEN count=87 interval_ns=1000001760 dev_ns=1760 phase_ns=-1637329 hwphase_ns=8208 trim_ppb=0 cfg=2 p_ns=513 d_ns=0 (pico_gnss pico-gnss-rs/src/main.rs:330)
92.443634 [INFO ] PPS count=87 interval_us=1000002 interval_ns=1000002320 state=Locked missed=0 (pico_gnss pico-gnss-rs/src/main.rs:203)
92.444311 [INFO ] SYNC pps_local_us=85000198 unix_s=1780924306 drift_us=2 err_ns=3 holdover_ms=999 (pico_gnss pico-gnss-rs/src/main.rs:514)
92.468246 [INFO ] NMEA $GPVTG,254.25,T,,M,1.19,N,2.21,K,A*31 (pico_gnss pico-gnss-rs/src/main.rs:483)
92.497294 [INFO ] NMEA $GPZDA,131146.000,08,06,2026,,*5E (pico_gnss pico-gnss-rs/src/main.rs:483)
92.543033 [INFO ] NMEA $GPGST,131146.000,7.7,17,10,135.9,14,14,36*45 (pico_gnss pico-gnss-rs/src/main.rs:483)
92.565786 [INFO ] TIME unix_ns=1780924307122098383 ppb=2333 holdover_ms=1122 locked=1 (pico_gnss pico-gnss-rs/src/main.rs:237)
92.868423 [INFO ] NMEA $GPGGA,131147.000,0000.0000,N,00000.0000,E,1,7,1.00,42.8,M,39.0,M,,*67 (pico_gnss pico-gnss-rs/src/main.rs:483)
92.926784 [INFO ] NMEA $GNGLL,0000.0000,N,00000.0000,E,131147.000,A,A*4E (pico_gnss pico-gnss-rs/src/main.rs:483)
92.985211 [INFO ] NMEA $GNGSA,A,3,24,10,28,12,29,32,23,,,,,,1.37,1.00,0.94*10 (pico_gnss pico-gnss-rs/src/main.rs:483)
93.043450 [INFO ] NMEA $GNGSA,A,3,,,,,,,,,,,,,1.37,1.00,0.94*15 (pico_gnss pico-gnss-rs/src/main.rs:483)
93.102117 [INFO ] NMEA $GPGSV,4,1,13,25,83,079,17,32,63,320,15,12,43,048,25,10,39,222,15*79 (pico_gnss pico-gnss-rs/src/main.rs:483)
93.164857 [INFO ] NMEA $GPGSV,4,2,13,28,38,290,14,29,20,145,17,23,16,189,18,31,13,274,*73 (pico_gnss pico-gnss-rs/src/main.rs:483)
93.223307 [INFO ] NMEA $GPGSV,4,3,13,24,12,082,16,26,03,226,,193,,,,194,,,*72 (pico_gnss pico-gnss-rs/src/main.rs:483)
93.252589 [INFO ] NMEA $GPGSV,4,4,13,195,,,*46 (pico_gnss pico-gnss-rs/src/main.rs:483)
93.339804 [INFO ] NMEA $GLGSV,2,1,08,72,72,153,,75,66,274,,65,50,327,,74,45,026,*6C (pico_gnss pico-gnss-rs/src/main.rs:483)
93.402421 [INFO ] NMEA $GLGSV,2,2,08,71,18,150,18,76,16,235,,66,02,329,,73,02,044,18*68 (pico_gnss pico-gnss-rs/src/main.rs:483)
93.442157 [INFO ] PPSGEN count=88 interval_ns=1000001808 dev_ns=1808 phase_ns=-1748661 hwphase_ns=7696 trim_ppb=0 cfg=2 p_ns=481 d_ns=0 (pico_gnss pico-gnss-rs/src/main.rs:330)
93.443632 [INFO ] PPS count=88 interval_us=1000002 interval_ns=1000002320 state=Locked missed=0 (pico_gnss pico-gnss-rs/src/main.rs:203)
93.461447 [INFO ] NMEA $GNRMC,131147.000,A,0000.0000,N,00000.0000,E,0.58,254.25,080626,,,A*7A (pico_gnss pico-gnss-rs/src/main.rs:483)
93.464034 [INFO ] SYNC pps_local_us=87000203 unix_s=1780924307 drift_us=2 err_ns=-24 holdover_ms=2000 (pico_gnss pico-gnss-rs/src/main.rs:514)
93.519166 [INFO ] NMEA $GPVTG,254.25,T,,M,0.58,N,1.08,K,A*3D (pico_gnss pico-gnss-rs/src/main.rs:483)
93.548444 [INFO ] NMEA $GPZDA,131147.000,08,06,2026,,*5F (pico_gnss pico-gnss-rs/src/main.rs:483)
93.567055 [INFO ] TIME unix_ns=1780924307123348713 ppb=2332 holdover_ms=123 locked=1 (pico_gnss pico-gnss-rs/src/main.rs:237)
93.586977 [INFO ] NMEA $GPGST,131147.000,7.7,17,10,136.4,14,14,36*4A (pico_gnss pico-gnss-rs/src/main.rs:483)
93.900751 [INFO ] NMEA $GPGGA,131148.000,0000.0000,N,00000.0000,E,1,7,1.00,43.0,M,39.0,M,,*6F (pico_gnss pico-gnss-rs/src/main.rs:483)
93.959095 [INFO ] NMEA $GNGLL,0000.0000,N,00000.0000,E,131148.000,A,A*4F (pico_gnss pico-gnss-rs/src/main.rs:483)
94.017583 [INFO ] NMEA $GNGSA,A,3,24,10,28,12,29,32,23,,,,,,1.37,1.00,0.94*10 (pico_gnss pico-gnss-rs/src/main.rs:483)
94.047067 [INFO ] NMEA $GNGSA,A,3,,,,,,,,,,,,,1.37,1.00,0.94*15 (pico_gnss pico-gnss-rs/src/main.rs:483)
94.134473 [INFO ] NMEA $GPGSV,4,1,13,25,83,079,17,32,63,320,15,12,43,048,25,10,39,222,15*79 (pico_gnss pico-gnss-rs/src/main.rs:483)
94.197171 [INFO ] NMEA $GPGSV,4,2,13,28,38,290,15,29,20,145,17,23,16,189,18,31,13,274,*72 (pico_gnss pico-gnss-rs/src/main.rs:483)
94.255700 [INFO ] NMEA $GPGSV,4,3,13,24,12,082,15,26,03,226,,193,,,,194,,,*71 (pico_gnss pico-gnss-rs/src/main.rs:483)
94.284939 [INFO ] NMEA $GPGSV,4,4,13,195,,,*46 (pico_gnss pico-gnss-rs/src/main.rs:483)
94.343403 [INFO ] NMEA $GLGSV,2,1,08,72,72,153,,75,66,274,,65,50,327,,74,45,026,*6C (pico_gnss pico-gnss-rs/src/main.rs:483)
94.434667 [INFO ] NMEA $GLGSV,2,2,08,71,18,150,18,76,16,235,,66,02,329,,73,02,044,18*68 (pico_gnss pico-gnss-rs/src/main.rs:483)
94.442158 [INFO ] PPSGEN count=89 interval_ns=1000001840 dev_ns=1840 phase_ns=-1760328 hwphase_ns=7216 trim_ppb=0 cfg=2 p_ns=451 d_ns=0 (pico_gnss pico-gnss-rs/src/main.rs:330)
94.443640 [INFO ] PPS count=89 interval_us=1000002 interval_ns=1000002320 state=Locked missed=0 (pico_gnss pico-gnss-rs/src/main.rs:203)
94.493426 [INFO ] NMEA $GNRMC,131148.000,A,0000.0000,N,00000.0000,E,0.94,302.23,080626,,,A*7F (pico_gnss pico-gnss-rs/src/main.rs:483)
94.496014 [INFO ] SYNC pps_local_us=88000205 unix_s=1780924308 drift_us=2 err_ns=-11 holdover_ms=999 (pico_gnss pico-gnss-rs/src/main.rs:514)
94.522982 [INFO ] NMEA $GPVTG,302.23,T,,M,0.94,N,1.74,K,A*32 (pico_gnss pico-gnss-rs/src/main.rs:483)
94.568334 [INFO ] TIME unix_ns=1780924308124609710 ppb=2332 holdover_ms=124 locked=1 (pico_gnss pico-gnss-rs/src/main.rs:237)
94.580972 [INFO ] NMEA $GPZDA,131148.000,08,06,2026,,*50 (pico_gnss pico-gnss-rs/src/main.rs:483)
94.612558 [INFO ] NMEA $GPGST,131148.000,7.7,16,10,137.0,14,13,36*46 (pico_gnss pico-gnss-rs/src/main.rs:483)
94.925742 [INFO ] NMEA $GPGGA,131149.000,0000.0000,N,00000.0000,E,1,7,1.00,43.2,M,39.0,M,,*60 (pico_gnss pico-gnss-rs/src/main.rs:483)
94.984137 [INFO ] NMEA $GNGLL,0000.0000,N,00000.0000,E,131149.000,A,A*42 (pico_gnss pico-gnss-rs/src/main.rs:483)
95.042581 [INFO ] NMEA $GNGSA,A,3,24,10,28,12,29,32,23,,,,,,1.37,1.00,0.94*10 (pico_gnss pico-gnss-rs/src/main.rs:483)
95.072107 [INFO ] NMEA $GNGSA,A,3,,,,,,,,,,,,,1.37,1.00,0.94*15 (pico_gnss pico-gnss-rs/src/main.rs:483)
95.159475 [INFO ] NMEA $GPGSV,4,1,13,25,83,079,17,32,63,320,15,12,43,048,25,10,39,222,15*79 (pico_gnss pico-gnss-rs/src/main.rs:483)
95.222249 [INFO ] NMEA $GPGSV,4,2,13,28,38,290,14,29,20,145,17,23,16,189,18,31,13,274,*73 (pico_gnss pico-gnss-rs/src/main.rs:483)
95.280705 [INFO ] NMEA $GPGSV,4,3,13,24,12,082,16,26,03,226,,193,,,,194,,,*72 (pico_gnss pico-gnss-rs/src/main.rs:483)
95.309947 [INFO ] NMEA $GPGSV,4,4,13,195,,,*46 (pico_gnss pico-gnss-rs/src/main.rs:483)
95.368349 [INFO ] NMEA $GLGSV,2,1,08,72,72,153,,75,66,274,,65,50,327,,74,45,026,*6C (pico_gnss pico-gnss-rs/src/main.rs:483)
95.426822 [INFO ] NMEA $GLGSV,2,2,08,71,18,150,18,76,16,235,,66,02,329,,73,02,044,17*67 (pico_gnss pico-gnss-rs/src/main.rs:483)
95.442162 [INFO ] PPSGEN count=90 interval_ns=1000001872 dev_ns=1872 phase_ns=-1747327 hwphase_ns=6768 trim_ppb=0 cfg=2 p_ns=423 d_ns=0 (pico_gnss pico-gnss-rs/src/main.rs:330)
95.443646 [INFO ] PPS count=90 interval_us=1000002 interval_ns=1000002336 state=Locked missed=0 (pico_gnss pico-gnss-rs/src/main.rs:203)
95.518283 [INFO ] NMEA $GNRMC,131149.000,A,0000.0000,N,00000.0000,E,0.38,302.23,080626,,,A*74 (pico_gnss pico-gnss-rs/src/main.rs:483)
95.520876 [INFO ] SYNC pps_local_us=89000207 unix_s=1780924309 drift_us=2 err_ns=4 holdover_ms=1000 (pico_gnss pico-gnss-rs/src/main.rs:514)
95.547926 [INFO ] NMEA $GPVTG,302.23,T,,M,0.38,N,0.70,K,A*31 (pico_gnss pico-gnss-rs/src/main.rs:483)
95.569601 [INFO ] TIME unix_ns=1780924309125898707 ppb=2332 holdover_ms=125 locked=1 (pico_gnss pico-gnss-rs/src/main.rs:237)
95.577230 [INFO ] NMEA $GPZDA,131149.000,08,06,2026,,*51 (pico_gnss pico-gnss-rs/src/main.rs:483)
95.630055 [INFO ] NMEA $GPGST,131149.000,7.7,16,10,137.0,14,13,37*46 (pico_gnss pico-gnss-rs/src/main.rs:483)
95.937963 [INFO ] NMEA $GPGGA,131150.000,0000.0000,N,00000.0000,E,1,7,1.00,43.5,M,39.0,M,,*60 (pico_gnss pico-gnss-rs/src/main.rs:483)
95.967656 [INFO ] NMEA $GNGLL,0000.0000,N,00000.0000,E,131150.000,A,A*45 (pico_gnss pico-gnss-rs/src/main.rs:483)
96.026063 [INFO ] NMEA $GNGSA,A,3,24,10,28,12,29,32,23,,,,,,1.37,1.00,0.94*10 (pico_gnss pico-gnss-rs/src/main.rs:483)
96.084249 [INFO ] NMEA $GNGSA,A,3,,,,,,,,,,,,,1.37,1.00,0.94*15 (pico_gnss pico-gnss-rs/src/main.rs:483)
96.142973 [INFO ] NMEA $GPGSV,4,1,13,25,83,079,16,32,63,320,15,12,43,048,25,10,39,222,15*78 (pico_gnss pico-gnss-rs/src/main.rs:483)
96.234474 [INFO ] NMEA $GPGSV,4,2,13,28,38,290,14,29,20,145,17,23,16,189,18,31,13,274,*73 (pico_gnss pico-gnss-rs/src/main.rs:483)
96.292967 [INFO ] NMEA $GPGSV,4,3,13,24,12,082,15,26,03,226,,193,,,,194,,,*71 (pico_gnss pico-gnss-rs/src/main.rs:483)
96.322179 [INFO ] NMEA $GPGSV,4,4,13,195,,,*46 (pico_gnss pico-gnss-rs/src/main.rs:483)
96.380588 [INFO ] NMEA $GLGSV,2,1,08,72,72,153,,75,66,274,,65,50,327,,74,45,026,*6C (pico_gnss pico-gnss-rs/src/main.rs:483)
96.439069 [INFO ] NMEA $GLGSV,2,2,08,71,18,150,18,76,16,235,,66,02,329,,73,02,044,17*67 (pico_gnss pico-gnss-rs/src/main.rs:483)
96.442157 [INFO ] PPSGEN count=91 interval_ns=1000001904 dev_ns=1904 phase_ns=-1758327 hwphase_ns=6336 trim_ppb=0 cfg=2 p_ns=396 d_ns=0 (pico_gnss pico-gnss-rs/src/main.rs:330)
96.443659 [INFO ] PPS count=91 interval_us=1000002 interval_ns=1000002320 state=Locked missed=0 (pico_gnss pico-gnss-rs/src/main.rs:203)
96.530521 [INFO ] NMEA $GNRMC,131150.000,A,0000.0000,N,00000.0000,E,0.53,302.23,080626,,,A*7E (pico_gnss pico-gnss-rs/src/main.rs:483)
96.533128 [INFO ] SYNC pps_local_us=90000210 unix_s=1780924310 drift_us=2 err_ns=-11 holdover_ms=999 (pico_gnss pico-gnss-rs/src/main.rs:514)
96.560202 [INFO ] NMEA $GPVTG,302.23,T,,M,0.53,N,0.98,K,A*3A (pico_gnss pico-gnss-rs/src/main.rs:483)
96.570840 [INFO ] TIME unix_ns=1780924310127151704 ppb=2332 holdover_ms=127 locked=1 (pico_gnss pico-gnss-rs/src/main.rs:237)
96.589465 [INFO ] NMEA $GPZDA,131150.000,08,06,2026,,*59 (pico_gnss pico-gnss-rs/src/main.rs:483)
96.634994 [INFO ] NMEA $GPGST,131150.000,7.7,16,10,137.7,14,13,38*46 (pico_gnss pico-gnss-rs/src/main.rs:483)
96.771823 [INFO ] NMEA $GPGGA,131151.000,0000.0000,N,00000.0000,E,1,7,1.00,43.6,M,39.0,M,,*6B (pico_gnss pico-gnss-rs/src/main.rs:483)
96.820953 [INFO ] NMEA $GNGLL,0000.0000,N,00000.0000,E,131151.000,A,A*4D (pico_gnss pico-gnss-rs/src/main.rs:483)
96.879379 [INFO ] NMEA $GNGSA,A,3,24,10,28,12,29,32,23,,,,,,1.37,1.00,0.94*10 (pico_gnss pico-gnss-rs/src/main.rs:483)
96.937655 [INFO ] NMEA $GNGSA,A,3,,,,,,,,,,,,,1.37,1.00,0.94*15 (pico_gnss pico-gnss-rs/src/main.rs:483)
96.996284 [INFO ] NMEA $GPGSV,4,1,13,25,83,079,16,32,63,320,15,12,43,048,25,10,39,222,15*78 (pico_gnss pico-gnss-rs/src/main.rs:483)
97.059055 [INFO ] NMEA $GPGSV,4,2,13,28,38,290,14,29,20,145,17,23,16,189,18,31,13,274,*73 (pico_gnss pico-gnss-rs/src/main.rs:483)
97.117495 [INFO ] NMEA $GPGSV,4,3,13,24,12,082,16,26,03,226,,193,,,,194,,,*72 (pico_gnss pico-gnss-rs/src/main.rs:483)
97.146779 [INFO ] NMEA $GPGSV,4,4,13,195,,,*46 (pico_gnss pico-gnss-rs/src/main.rs:483)
97.234040 [INFO ] NMEA $GLGSV,2,1,08,72,72,153,,75,66,274,,65,50,327,,74,45,026,*6C (pico_gnss pico-gnss-rs/src/main.rs:483)
97.292688 [INFO ] NMEA $GLGSV,2,2,08,71,18,150,18,76,16,235,,66,02,329,,73,02,044,17*67 (pico_gnss pico-gnss-rs/src/main.rs:483)
97.355437 [INFO ] NMEA $GNRMC,131151.000,A,0000.0000,N,00000.0000,E,1.70,302.99,080626,,,A*77 (pico_gnss pico-gnss-rs/src/main.rs:483)
97.413574 [INFO ] NMEA $GPVTG,302.99,T,,M,1.70,N,3.16,K,A*3E (pico_gnss pico-gnss-rs/src/main.rs:483)
97.442192 [INFO ] PPSGEN count=92 interval_ns=1000001936 dev_ns=1936 phase_ns=-1738327 hwphase_ns=5952 trim_ppb=0 cfg=2 p_ns=372 d_ns=0 (pico_gnss pico-gnss-rs/src/main.rs:330)
97.443693 [INFO ] PPS count=92 interval_us=1000002 interval_ns=1000002336 state=Locked missed=0 (pico_gnss pico-gnss-rs/src/main.rs:203)
97.445559 [INFO ] NMEA $GPZDA,131151.000,08,06,2026,,*58 (pico_gnss pico-gnss-rs/src/main.rs:483)
97.481317 [INFO ] NMEA $GPGST,131151.000,7.7,16,11,137.2,14,14,39*45 (pico_gnss pico-gnss-rs/src/main.rs:483)
97.572094 [INFO ] TIME unix_ns=1780924311128386369 ppb=2332 holdover_ms=1128 locked=1 (pico_gnss pico-gnss-rs/src/main.rs:237)
97.786741 [INFO ] NMEA $GPGGA,131152.000,0000.0000,N,00000.0000,E,1,7,1.00,43.7,M,39.0,M,,*64 (pico_gnss pico-gnss-rs/src/main.rs:483)
97.843002 [INFO ] NMEA $GNGLL,0000.0000,N,00000.0000,E,131152.000,A,A*43 (pico_gnss pico-gnss-rs/src/main.rs:483)
97.901459 [INFO ] NMEA $GNGSA,A,3,24,10,28,12,29,32,23,,,,,,1.37,1.00,0.94*10 (pico_gnss pico-gnss-rs/src/main.rs:483)
97.930950 [INFO ] NMEA $GNGSA,A,3,,,,,,,,,,,,,1.37,1.00,0.94*15 (pico_gnss pico-gnss-rs/src/main.rs:483)
98.018355 [INFO ] NMEA $GPGSV,4,1,13,25,83,079,16,32,63,320,15,12,43,048,25,10,39,222,15*78 (pico_gnss pico-gnss-rs/src/main.rs:483)
98.081099 [INFO ] NMEA $GPGSV,4,2,13,28,38,290,14,29,20,145,17,23,16,189,18,31,13,274,*73 (pico_gnss pico-gnss-rs/src/main.rs:483)
98.139572 [INFO ] NMEA $GPGSV,4,3,13,24,12,082,16,26,03,226,,193,,,,194,,,*72 (pico_gnss pico-gnss-rs/src/main.rs:483)
98.168823 [INFO ] NMEA $GPGSV,4,4,13,195,,,*46 (pico_gnss pico-gnss-rs/src/main.rs:483)
98.227285 [INFO ] NMEA $GLGSV,2,1,08,72,72,153,,75,66,274,,65,50,327,,74,45,026,*6C (pico_gnss pico-gnss-rs/src/main.rs:483)
98.314642 [INFO ] NMEA $GLGSV,2,2,08,71,18,150,18,76,16,235,,66,02,329,,73,02,044,17*67 (pico_gnss pico-gnss-rs/src/main.rs:483)
98.377392 [INFO ] NMEA $GNRMC,131152.000,A,0000.0000,N,00000.0000,E,1.01,328.63,080626,,,A*72 (pico_gnss pico-gnss-rs/src/main.rs:483)
98.379954 [INFO ] SYNC pps_local_us=91000212 unix_s=1780924312 drift_us=2 err_ns=5 holdover_ms=1000 (pico_gnss pico-gnss-rs/src/main.rs:514)
98.407088 [INFO ] NMEA $GPVTG,328.63,T,,M,1.01,N,1.87,K,A*3F (pico_gnss pico-gnss-rs/src/main.rs:483)
98.442161 [INFO ] PPSGEN count=93 interval_ns=1000001968 dev_ns=1968 phase_ns=-1790327 hwphase_ns=5584 trim_ppb=0 cfg=2 p_ns=349 d_ns=0 (pico_gnss pico-gnss-rs/src/main.rs:330)
98.443644 [INFO ] PPS count=93 interval_us=1000002 interval_ns=1000002320 state=Locked missed=0 (pico_gnss pico-gnss-rs/src/main.rs:203)
98.465180 [INFO ] NMEA $GPZDA,131152.000,08,06,2026,,*5B (pico_gnss pico-gnss-rs/src/main.rs:483)
98.496669 [INFO ] NMEA $GPGST,131152.000,7.6,17,10,136.4,14,13,36*48 (pico_gnss pico-gnss-rs/src/main.rs:483)
98.573371 [INFO ] TIME unix_ns=1780924313129625367 ppb=2331 holdover_ms=1129 locked=1 (pico_gnss pico-gnss-rs/src/main.rs:237)
98.799867 [INFO ] NMEA $GPGGA,131153.000,0000.0000,N,00000.0000,E,1,7,1.00,43.9,M,39.0,M,,*6C (pico_gnss pico-gnss-rs/src/main.rs:483)
98.863305 [INFO ] NMEA $GNGLL,0000.0000,N,00000.0000,E,131153.000,A,A*45 (pico_gnss pico-gnss-rs/src/main.rs:483)
98.921735 [INFO ] NMEA $GNGSA,A,3,24,10,28,12,29,32,23,,,,,,1.37,1.00,0.94*10 (pico_gnss pico-gnss-rs/src/main.rs:483)
98.951285 [INFO ] NMEA $GNGSA,A,3,,,,,,,,,,,,,1.37,1.00,0.94*15 (pico_gnss pico-gnss-rs/src/main.rs:483)
99.038631 [INFO ] NMEA $GPGSV,4,1,13,25,83,079,16,32,63,320,15,12,43,048,25,10,39,222,15*78 (pico_gnss pico-gnss-rs/src/main.rs:483)
99.101402 [INFO ] NMEA $GPGSV,4,2,13,28,38,290,14,29,20,145,17,23,16,189,18,31,13,274,*73 (pico_gnss pico-gnss-rs/src/main.rs:483)
99.159866 [INFO ] NMEA $GPGSV,4,3,13,24,12,082,16,26,03,226,,193,,,,194,,,*72 (pico_gnss pico-gnss-rs/src/main.rs:483)
99.189129 [INFO ] NMEA $GPGSV,4,4,13,195,,,*46 (pico_gnss pico-gnss-rs/src/main.rs:483)
99.247618 [INFO ] NMEA $GLGSV,2,1,08,72,72,153,,75,66,274,,65,50,327,,74,45,026,*6C (pico_gnss pico-gnss-rs/src/main.rs:483)
99.306211 [INFO ] NMEA $GLGSV,2,2,08,71,18,150,17,76,16,235,,66,02,329,,73,02,044,17*68 (pico_gnss pico-gnss-rs/src/main.rs:483)
99.397677 [INFO ] NMEA $GNRMC,131153.000,A,0000.0000,N,00000.0000,E,1.20,310.72,080626,,,A*7C (pico_gnss pico-gnss-rs/src/main.rs:483)
99.400253 [INFO ] SYNC pps_local_us=92000214 unix_s=1780924313 drift_us=2 err_ns=-11 holdover_ms=999 (pico_gnss pico-gnss-rs/src/main.rs:514)
99.427357 [INFO ] NMEA $GPVTG,310.72,T,,M,1.20,N,2.22,K,A*3B (pico_gnss pico-gnss-rs/src/main.rs:483)
99.442171 [INFO ] PPSGEN count=94 interval_ns=1000001984 dev_ns=1984 phase_ns=-1731327 hwphase_ns=5248 trim_ppb=0 cfg=2 p_ns=328 d_ns=0 (pico_gnss pico-gnss-rs/src/main.rs:330)
99.443634 [INFO ] PPS count=94 interval_us=1000002 interval_ns=1000002320 state=Locked missed=0 (pico_gnss pico-gnss-rs/src/main.rs:203)
99.456745 [INFO ] NMEA $GPZDA,131153.000,08,06,2026,,*5A (pico_gnss pico-gnss-rs/src/main.rs:483)
99.509495 [INFO ] NMEA $GPGST,131153.000,7.6,17,10,136.3,14,13,36*4E (pico_gnss pico-gnss-rs/src/main.rs:483)
99.574647 [INFO ] TIME unix_ns=1780924314130920364 ppb=2331 holdover_ms=1130 locked=1 (pico_gnss pico-gnss-rs/src/main.rs:237)
99.809752 [INFO ] NMEA $GPGGA,131154.000,0000.0000,N,00000.0000,E,1,7,1.00,44.1,M,39.0,M,,*66 (pico_gnss pico-gnss-rs/src/main.rs:483)
99.851640 [INFO ] NMEA $GNGLL,0000.0000,N,00000.0000,E,131154.000,A,A*40 (pico_gnss pico-gnss-rs/src/main.rs:483)
99.910088 [INFO ] NMEA $GNGSA,A,3,24,10,28,12,29,32,23,,,,,,1.37,1.00,0.94*10 (pico_gnss pico-gnss-rs/src/main.rs:483)
99.968308 [INFO ] NMEA $GNGSA,A,3,,,,,,,,,,,,,1.37,1.00,0.94*15 (pico_gnss pico-gnss-rs/src/main.rs:483)
100.026998 [INFO ] NMEA $GPGSV,4,1,13,25,83,079,16,32,63,320,15,12,43,048,25,10,39,222,15*78 (pico_gnss pico-gnss-rs/src/main.rs:483)
100.118497 [INFO ] NMEA $GPGSV,4,2,13,28,38,290,14,29,20,145,17,23,16,189,18,31,13,274,*73 (pico_gnss pico-gnss-rs/src/main.rs:483)
100.177003 [INFO ] NMEA $GPGSV,4,3,13,24,12,082,16,26,03,226,,193,,,,194,,,*72 (pico_gnss pico-gnss-rs/src/main.rs:483)
100.206218 [INFO ] NMEA $GPGSV,4,4,13,195,,,*46 (pico_gnss pico-gnss-rs/src/main.rs:483)
100.264716 [INFO ] NMEA $GLGSV,2,1,08,72,72,153,,75,66,274,,65,50,327,,74,45,026,*6C (pico_gnss pico-gnss-rs/src/main.rs:483)
100.323315 [INFO ] NMEA $GLGSV,2,2,08,71,18,150,17,76,16,235,,66,02,329,,73,02,044,17*68 (pico_gnss pico-gnss-rs/src/main.rs:483)
100.414753 [INFO ] NMEA $GNRMC,131154.000,A,0000.0000,N,00000.0000,E,1.03,328.76,080626,,,A*77 (pico_gnss pico-gnss-rs/src/main.rs:483)
100.417318 [INFO ] SYNC pps_local_us=93000216 unix_s=1780924314 drift_us=2 err_ns=-11 holdover_ms=999 (pico_gnss pico-gnss-rs/src/main.rs:514)
100.442174 [INFO ] PPSGEN count=95 interval_ns=1000002000 dev_ns=2000 phase_ns=-1684327 hwphase_ns=4928 trim_ppb=0 cfg=2 p_ns=308 d_ns=0 (pico_gnss pico-gnss-rs/src/main.rs:330)
100.443632 [INFO ] PPS count=95 interval_us=1000002 interval_ns=1000002320 state=Locked missed=0 (pico_gnss pico-gnss-rs/src/main.rs:203)
100.445516 [INFO ] NMEA $GPVTG,328.76,T,,M,1.03,N,1.91,K,A*3E (pico_gnss pico-gnss-rs/src/main.rs:483)
100.474636 [INFO ] NMEA $GPZDA,131154.000,08,06,2026,,*5D (pico_gnss pico-gnss-rs/src/main.rs:483)
100.520287 [INFO ] NMEA $GPGST,131154.000,7.6,17,9.9,136.0,14,14,35*61 (pico_gnss pico-gnss-rs/src/main.rs:483)
100.575937 [INFO ] TIME unix_ns=1780924315132222362 ppb=2331 holdover_ms=1132 locked=1 (pico_gnss pico-gnss-rs/src/main.rs:237)
100.817611 [INFO ] NMEA $GPGGA,131155.000,0000.0000,N,00000.0000,E,1,7,1.00,44.3,M,39.0,M,,*63 (pico_gnss pico-gnss-rs/src/main.rs:483)
100.865702 [INFO ] NMEA $GNGLL,0000.0000,N,00000.0000,E,131155.000,A,A*47 (pico_gnss pico-gnss-rs/src/main.rs:483)
100.924124 [INFO ] NMEA $GNGSA,A,3,24,10,28,12,29,32,23,,,,,,1.37,1.00,0.94*10 (pico_gnss pico-gnss-rs/src/main.rs:483)
100.982386 [INFO ] NMEA $GNGSA,A,3,,,,,,,,,,,,,1.37,1.00,0.94*15 (pico_gnss pico-gnss-rs/src/main.rs:483)
101.041037 [INFO ] NMEA $GPGSV,4,1,13,25,83,079,16,32,63,320,15,12,43,048,25,10,39,222,15*78 (pico_gnss pico-gnss-rs/src/main.rs:483)
101.128365 [INFO ] NMEA $GPGSV,4,2,13,28,38,290,14,29,20,145,17,23,16,189,18,31,13,274,*73 (pico_gnss pico-gnss-rs/src/main.rs:483)
101.162228 [INFO ] NMEA $GPGSV,4,3,13,24,12,082,16,26,03,226,,193,,,,194,,,*72 (pico_gnss pico-gnss-rs/src/main.rs:483)
101.191498 [INFO ] NMEA $GPGSV,4,4,13,195,,,*46 (pico_gnss pico-gnss-rs/src/main.rs:483)
101.278725 [INFO ] NMEA $GLGSV,2,1,08,72,72,153,,75,66,274,,65,50,327,,74,45,026,*6C (pico_gnss pico-gnss-rs/src/main.rs:483)
101.337371 [INFO ] NMEA $GLGSV,2,2,08,71,18,150,17,76,16,235,,66,02,329,,73,02,044,17*68 (pico_gnss pico-gnss-rs/src/main.rs:483)
101.400044 [INFO ] NMEA $GNRMC,131155.000,A,0000.0000,N,00000.0000,E,0.89,297.03,080626,,,A*74 (pico_gnss pico-gnss-rs/src/main.rs:483)
101.402621 [INFO ] SYNC pps_local_us=94000219 unix_s=1780924315 drift_us=2 err_ns=-10 holdover_ms=999 (pico_gnss pico-gnss-rs/src/main.rs:514)
101.442144 [INFO ] PPSGEN count=96 interval_ns=1000002032 dev_ns=2032 phase_ns=-1759326 hwphase_ns=4640 trim_ppb=0 cfg=2 p_ns=290 d_ns=0 (pico_gnss pico-gnss-rs/src/main.rs:330)
101.443631 [INFO ] PPS count=96 interval_us=1000002 interval_ns=1000002336 state=Locked missed=0 (pico_gnss pico-gnss-rs/src/main.rs:203)
101.458573 [INFO ] NMEA $GPVTG,297.03,T,,M,0.89,N,1.65,K,A*31 (pico_gnss pico-gnss-rs/src/main.rs:483)
101.487570 [INFO ] NMEA $GPZDA,131155.000,08,06,2026,,*5C (pico_gnss pico-gnss-rs/src/main.rs:483)
101.527001 [INFO ] NMEA $GPGST,131155.000,7.6,17,10,135.8,14,14,35*44 (pico_gnss pico-gnss-rs/src/main.rs:483)
101.577204 [INFO ] TIME unix_ns=1780924316133501358 ppb=2331 holdover_ms=1133 locked=1 (pico_gnss pico-gnss-rs/src/main.rs:237)
101.844745 [INFO ] NMEA $GPGGA,131156.000,0000.0000,N,00000.0000,E,1,7,1.00,44.6,M,39.0,M,,*6A (pico_gnss pico-gnss-rs/src/main.rs:483)
101.900019 [INFO ] NMEA $GNGLL,0000.0000,N,00000.0000,E,131156.000,A,A*4B (pico_gnss pico-gnss-rs/src/main.rs:483)
101.958470 [INFO ] NMEA $GNGSA,A,3,24,10,28,12,29,32,23,,,,,,1.37,1.00,0.94*10 (pico_gnss pico-gnss-rs/src/main.rs:483)
101.987934 [INFO ] NMEA $GNGSA,A,3,,,,,,,,,,,,,1.37,1.00,0.94*15 (pico_gnss pico-gnss-rs/src/main.rs:483)
102.075362 [INFO ] NMEA $GPGSV,4,1,13,25,83,079,16,32,63,320,15,12,43,048,25,10,39,222,15*78 (pico_gnss pico-gnss-rs/src/main.rs:483)
102.133996 [INFO ] NMEA $GPGSV,4,2,13,28,38,290,14,29,20,145,17,23,16,189,18,31,13,274,*73 (pico_gnss pico-gnss-rs/src/main.rs:483)
102.196561 [INFO ] NMEA $GPGSV,4,3,13,24,12,082,16,26,03,226,,193,,,,194,,,*72 (pico_gnss pico-gnss-rs/src/main.rs:483)
102.225832 [INFO ] NMEA $GPGSV,4,4,13,195,,,*46 (pico_gnss pico-gnss-rs/src/main.rs:483)
102.284284 [INFO ] NMEA $GLGSV,2,1,08,72,72,153,,75,66,274,,65,50,327,,74,45,026,*6C (pico_gnss pico-gnss-rs/src/main.rs:483)
102.371588 [INFO ] NMEA $GLGSV,2,2,08,71,18,150,17,76,16,235,,66,02,329,,73,02,044,17*68 (pico_gnss pico-gnss-rs/src/main.rs:483)
102.434283 [INFO ] NMEA $GNRMC,131156.000,A,0000.0000,N,00000.0000,E,1.78,282.44,080626,,,A*70 (pico_gnss pico-gnss-rs/src/main.rs:483)
102.436887 [INFO ] SYNC pps_local_us=95000221 unix_s=1780924316 drift_us=2 err_ns=6 holdover_ms=999 (pico_gnss pico-gnss-rs/src/main.rs:514)
102.442144 [INFO ] PPSGEN count=97 interval_ns=1000002048 dev_ns=2048 phase_ns=-1685326 hwphase_ns=4352 trim_ppb=0 cfg=2 p_ns=272 d_ns=0 (pico_gnss pico-gnss-rs/src/main.rs:330)
102.443585 [INFO ] PPS count=97 interval_us=1000002 interval_ns=1000002320 state=Locked missed=0 (pico_gnss pico-gnss-rs/src/main.rs:203)
102.492478 [INFO ] NMEA $GPVTG,282.44,T,,M,1.78,N,3.30,K,A*3B (pico_gnss pico-gnss-rs/src/main.rs:483)
102.521749 [INFO ] NMEA $GPZDA,131156.000,08,06,2026,,*5F (pico_gnss pico-gnss-rs/src/main.rs:483)
102.551189 [INFO ] NMEA $GPGST,131156.000,7.6,17,10,135.9,14,14,35*46 (pico_gnss pico-gnss-rs/src/main.rs:483)
102.578477 [INFO ] TIME unix_ns=1780924317134785356 ppb=2331 holdover_ms=1134 locked=1 (pico_gnss pico-gnss-rs/src/main.rs:237)
102.837631 [INFO ] NMEA $GPGGA,131157.000,0000.0000,N,00000.0000,E,1,7,1.00,44.8,M,39.0,M,,*60 (pico_gnss pico-gnss-rs/src/main.rs:483)
102.900058 [INFO ] NMEA $GNGLL,0000.0000,N,00000.0000,E,131157.000,A,A*4F (pico_gnss pico-gnss-rs/src/main.rs:483)
102.958548 [INFO ] NMEA $GNGSA,A,3,24,10,28,12,29,32,23,,,,,,1.37,1.00,0.94*10 (pico_gnss pico-gnss-rs/src/main.rs:483)
102.988055 [INFO ] NMEA $GNGSA,A,3,,,,,,,,,,,,,1.37,1.00,0.94*15 (pico_gnss pico-gnss-rs/src/main.rs:483)
103.075432 [INFO ] NMEA $GPGSV,4,1,13,25,83,079,16,32,63,320,16,12,43,048,24,10,39,222,15*7A (pico_gnss pico-gnss-rs/src/main.rs:483)
103.134075 [INFO ] NMEA $GPGSV,4,2,13,28,38,290,14,29,20,145,17,23,16,189,18,31,13,274,*73 (pico_gnss pico-gnss-rs/src/main.rs:483)
103.196618 [INFO ] NMEA $GPGSV,4,3,13,24,12,082,16,26,03,226,,193,,,,194,,,*72 (pico_gnss pico-gnss-rs/src/main.rs:483)
103.225901 [INFO ] NMEA $GPGSV,4,4,13,195,,,*46 (pico_gnss pico-gnss-rs/src/main.rs:483)
103.284363 [INFO ] NMEA $GLGSV,2,1,08,72,72,153,,75,66,274,,65,50,327,,74,45,026,*6C (pico_gnss pico-gnss-rs/src/main.rs:483)
103.342959 [INFO ] NMEA $GLGSV,2,2,08,71,18,150,17,76,16,235,,66,02,329,,73,02,044,17*68 (pico_gnss pico-gnss-rs/src/main.rs:483)
103.434363 [INFO ] NMEA $GNRMC,131157.000,A,0000.0000,N,00000.0000,E,1.09,285.19,080626,,,A*7D (pico_gnss pico-gnss-rs/src/main.rs:483)
103.436939 [INFO ] SYNC pps_local_us=96000223 unix_s=1780924317 drift_us=2 err_ns=-10 holdover_ms=999 (pico_gnss pico-gnss-rs/src/main.rs:514)
103.442173 [INFO ] PPSGEN count=98 interval_ns=1000002064 dev_ns=2064 phase_ns=-1629326 hwphase_ns=4096 trim_ppb=0 cfg=2 p_ns=256 d_ns=0 (pico_gnss pico-gnss-rs/src/main.rs:330)
103.443608 [INFO ] PPS count=98 interval_us=1000002 interval_ns=1000002320 state=Locked missed=0 (pico_gnss pico-gnss-rs/src/main.rs:203)
103.464200 [INFO ] NMEA $GPVTG,285.19,T,,M,1.09,N,2.03,K,A*33 (pico_gnss pico-gnss-rs/src/main.rs:483)
103.521728 [INFO ] NMEA $GPZDA,131157.000,08,06,2026,,*5E (pico_gnss pico-gnss-rs/src/main.rs:483)
103.547275 [INFO ] NMEA $GPGST,131157.000,7.6,17,10,135.7,14,14,36*4A (pico_gnss pico-gnss-rs/src/main.rs:483)
103.579769 [INFO ] TIME unix_ns=1780924318136096353 ppb=2330 holdover_ms=1136 locked=1 (pico_gnss pico-gnss-rs/src/main.rs:237)
103.862855 [INFO ] NMEA $GPGGA,131158.000,0000.0000,N,00000.0000,E,1,7,1.00,45.0,M,39.0,M,,*67 (pico_gnss pico-gnss-rs/src/main.rs:483)
103.921141 [INFO ] NMEA $GNGLL,0000.0000,N,00000.0000,E,131158.000,A,A*41 (pico_gnss pico-gnss-rs/src/main.rs:483)
103.962185 [INFO ] NMEA $GNGSA,A,3,24,10,28,12,29,32,23,,,,,,1.37,1.00,0.94*10 (pico_gnss pico-gnss-rs/src/main.rs:483)
104.020389 [INFO ] NMEA $GNGSA,A,3,,,,,,,,,,,,,1.37,1.00,0.94*15 (pico_gnss pico-gnss-rs/src/main.rs:483)
104.079084 [INFO ] NMEA $GPGSV,4,1,13,25,83,079,15,32,63,320,16,12,43,048,24,10,39,222,15*79 (pico_gnss pico-gnss-rs/src/main.rs:483)
104.166492 [INFO ] NMEA $GPGSV,4,2,13,28,38,290,15,29,20,145,17,23,16,189,18,31,13,274,*72 (pico_gnss pico-gnss-rs/src/main.rs:483)
104.229061 [INFO ] NMEA $GPGSV,4,3,13,24,12,082,16,26,03,226,,193,,,,194,,,*72 (pico_gnss pico-gnss-rs/src/main.rs:483)
104.258299 [INFO ] NMEA $GPGSV,4,4,13,195,,,*46 (pico_gnss pico-gnss-rs/src/main.rs:483)
104.316809 [INFO ] NMEA $GLGSV,2,1,08,72,72,153,,75,66,274,,65,50,327,,74,45,026,*6C (pico_gnss pico-gnss-rs/src/main.rs:483)
104.375317 [INFO ] NMEA $GLGSV,2,2,08,71,18,150,16,76,16,235,,66,02,329,,73,02,044,17*69 (pico_gnss pico-gnss-rs/src/main.rs:483)
104.442162 [INFO ] PPSGEN count=99 interval_ns=1000002080 dev_ns=2080 phase_ns=-1724656 hwphase_ns=3856 trim_ppb=0 cfg=2 p_ns=241 d_ns=0 (pico_gnss pico-gnss-rs/src/main.rs:330)
104.443644 [INFO ] PPS count=99 interval_us=1000002 interval_ns=1000002320 state=Locked missed=0 (pico_gnss pico-gnss-rs/src/main.rs:203)
104.466869 [INFO ] NMEA $GNRMC,131158.000,A,0000.0000,N,00000.0000,E,0.41,285.19,080626,,,A*7E (pico_gnss pico-gnss-rs/src/main.rs:483)
104.469480 [INFO ] SYNC pps_local_us=98000228 unix_s=1780924318 drift_us=2 err_ns=-19 holdover_ms=2000 (pico_gnss pico-gnss-rs/src/main.rs:514)
104.496440 [INFO ] NMEA $GPVTG,285.19,T,,M,0.41,N,0.76,K,A*3E (pico_gnss pico-gnss-rs/src/main.rs:483)
104.525477 [INFO ] NMEA $GPZDA,131158.000,08,06,2026,,*51 (pico_gnss pico-gnss-rs/src/main.rs:483)
104.573334 [INFO ] NMEA $GPGST,131158.000,7.5,17,9.9,135.4,14,14,35*69 (pico_gnss pico-gnss-rs/src/main.rs:483)
104.581010 [INFO ] TIME unix_ns=1780924318137318681 ppb=2330 holdover_ms=137 locked=1 (pico_gnss pico-gnss-rs/src/main.rs:237)
104.904836 [INFO ] NMEA $GPGGA,131159.000,0000.0000,N,00000.0000,E,1,7,1.00,45.3,M,39.0,M,,*63 (pico_gnss pico-gnss-rs/src/main.rs:483)
104.963144 [INFO ] NMEA $GNGLL,0000.0000,N,00000.0000,E,131159.000,A,A*46 (pico_gnss pico-gnss-rs/src/main.rs:483)
105.010310 [INFO ] NMEA $GNGSA,A,3,24,10,28,12,29,32,23,,,,,,1.37,1.00,0.94*10 (pico_gnss pico-gnss-rs/src/main.rs:483)
105.068580 [INFO ] NMEA $GNGSA,A,3,,,,,,,,,,,,,1.37,1.00,0.94*15 (pico_gnss pico-gnss-rs/src/main.rs:483)
105.127202 [INFO ] NMEA $GPGSV,4,1,13,25,83,079,14,32,63,320,16,12,43,048,24,10,39,222,15*78 (pico_gnss pico-gnss-rs/src/main.rs:483)
105.214611 [INFO ] NMEA $GPGSV,4,2,13,28,38,290,15,29,20,145,17,23,16,189,18,31,13,274,*72 (pico_gnss pico-gnss-rs/src/main.rs:483)
105.277158 [INFO ] NMEA $GPGSV,4,3,13,24,12,082,16,26,03,226,,193,,,,194,,,*72 (pico_gnss pico-gnss-rs/src/main.rs:483)
105.278539 [INFO ] NMEA $GPGSV,4,4,13,195,,,*46 (pico_gnss pico-gnss-rs/src/main.rs:483)
105.364857 [INFO ] NMEA $GLGSV,2,1,08,72,72,153,,75,66,274,,65,50,327,,74,45,026,*6C (pico_gnss pico-gnss-rs/src/main.rs:483)
105.423367 [INFO ] NMEA $GLGSV,2,2,08,71,18,150,16,76,16,235,,66,02,329,,73,02,044,17*69 (pico_gnss pico-gnss-rs/src/main.rs:483)
105.442212 [INFO ] PPSGEN count=100 interval_ns=1000002096 dev_ns=2096 phase_ns=-1738325 hwphase_ns=3632 trim_ppb=-28 cfg=2 p_ns=227 d_ns=-56 (pico_gnss pico-gnss-rs/src/main.rs:330)
105.443848 [INFO ] PPS count=100 interval_us=1000002 interval_ns=1000002320 state=Locked missed=0 (pico_gnss pico-gnss-rs/src/main.rs:203)
105.510634 [INFO ] NMEA $GNRMC,131159.000,A,0000.0000,N,00000.0000,E,0.97,136.38,080626,,,A*7A (pico_gnss pico-gnss-rs/src/main.rs:483)
105.513225 [INFO ] SYNC pps_local_us=99000230 unix_s=1780924319 drift_us=2 err_ns=-9 holdover_ms=1000 (pico_gnss pico-gnss-rs/src/main.rs:514)
105.544199 [INFO ] NMEA $GPVTG,136.38,T,,M,0.97,N,1.81,K,A*34 (pico_gnss pico-gnss-rs/src/main.rs:483)
105.573482 [INFO ] NMEA $GPZDA,131159.000,08,06,2026,,*50 (pico_gnss pico-gnss-rs/src/main.rs:483)
105.582271 [INFO ] TIME unix_ns=1780924319138368678 ppb=2330 holdover_ms=138 locked=1 (pico_gnss pico-gnss-rs/src/main.rs:237)
105.614095 [INFO ] NMEA $GPGST,131159.000,7.5,17,10,135.3,14,14,35*40 (pico_gnss pico-gnss-rs/src/main.rs:483)
105.906771 [INFO ] NMEA $GPGGA,131200.000,0000.0000,N,00000.0000,E,1,7,1.00,45.4,M,39.0,M,,*60 (pico_gnss pico-gnss-rs/src/main.rs:483)
105.965120 [INFO ] NMEA $GNGLL,0000.0000,N,00000.0000,E,131200.000,A,A*42 (pico_gnss pico-gnss-rs/src/main.rs:483)
106.019469 [INFO ] NMEA $GNGSA,A,3,24,10,28,12,29,32,23,,,,,,1.37,1.00,0.94*10 (pico_gnss pico-gnss-rs/src/main.rs:483)
106.048991 [INFO ] NMEA $GNGSA,A,3,,,,,,,,,,,,,1.37,1.00,0.94*15 (pico_gnss pico-gnss-rs/src/main.rs:483)
106.136347 [INFO ] NMEA $GPGSV,4,1,13,25,83,079,14,32,63,320,16,12,43,048,25,10,39,222,16*7A (pico_gnss pico-gnss-rs/src/main.rs:483)
106.195033 [INFO ] NMEA $GPGSV,4,2,13,28,38,290,15,29,20,145,17,23,16,189,18,31,13,274,*72 (pico_gnss pico-gnss-rs/src/main.rs:483)
106.257603 [INFO ] NMEA $GPGSV,4,3,13,24,12,082,16,26,03,226,,193,,,,194,,,*72 (pico_gnss pico-gnss-rs/src/main.rs:483)
106.286809 [INFO ] NMEA $GPGSV,4,4,13,195,,,*46 (pico_gnss pico-gnss-rs/src/main.rs:483)
106.345342 [INFO ] NMEA $GLGSV,2,1,08,72,72,153,,75,66,274,,65,50,327,,74,45,026,*6C (pico_gnss pico-gnss-rs/src/main.rs:483)
106.432543 [INFO ] NMEA $GLGSV,2,2,08,71,18,150,16,76,16,235,,66,02,329,,73,02,044,17*69 (pico_gnss pico-gnss-rs/src/main.rs:483)
106.442217 [INFO ] PPSGEN count=101 interval_ns=1000002112 dev_ns=2112 phase_ns=-1931325 hwphase_ns=3424 trim_ppb=-54 cfg=2 p_ns=214 d_ns=-52 (pico_gnss pico-gnss-rs/src/main.rs:330)
106.443840 [INFO ] PPS count=101 interval_us=1000002 interval_ns=1000002320 state=Locked missed=0 (pico_gnss pico-gnss-rs/src/main.rs:203)
106.491272 [INFO ] NMEA $GNRMC,131200.000,A,0000.0000,N,00000.0000,E,1.74,124.00,080626,,,A*7A (pico_gnss pico-gnss-rs/src/main.rs:483)
106.493861 [INFO ] SYNC pps_local_us=100000233 unix_s=1780924320 drift_us=2 err_ns=-9 holdover_ms=999 (pico_gnss pico-gnss-rs/src/main.rs:514)
106.553334 [INFO ] NMEA $GPVTG,124.00,T,,M,1.74,N,3.23,K,A*3A (pico_gnss pico-gnss-rs/src/main.rs:483)
106.582700 [INFO ] NMEA $GPZDA,131200.000,08,06,2026,,*5F (pico_gnss pico-gnss-rs/src/main.rs:483)
106.584678 [INFO ] TIME unix_ns=1780924320140793673 ppb=2329 holdover_ms=140 locked=1 (pico_gnss pico-gnss-rs/src/main.rs:237)
106.617006 [INFO ] NMEA $GPGST,131200.000,7.6,17,9.9,135.4,14,14,35*64 (pico_gnss pico-gnss-rs/src/main.rs:483)
106.924681 [INFO ] NMEA $GPGGA,131201.000,0000.0000,N,00000.0000,E,1,7,1.00,45.5,M,39.0,M,,*63 (pico_gnss pico-gnss-rs/src/main.rs:483)
106.983048 [INFO ] NMEA $GNGLL,0000.0000,N,00000.0000,E,131201.000,A,A*40 (pico_gnss pico-gnss-rs/src/main.rs:483)
107.043539 [INFO ] NMEA $GNGSA,A,3,24,10,28,12,29,32,23,,,,,,1.37,1.00,0.94*10 (pico_gnss pico-gnss-rs/src/main.rs:483)
107.073065 [INFO ] NMEA $GNGSA,A,3,,,,,,,,,,,,,1.37,1.00,0.94*15 (pico_gnss pico-gnss-rs/src/main.rs:483)
107.160444 [INFO ] NMEA $GPGSV,4,1,13,25,83,079,14,32,63,320,16,12,43,048,25,10,39,222,16*7A (pico_gnss pico-gnss-rs/src/main.rs:483)
107.219076 [INFO ] NMEA $GPGSV,4,2,13,28,38,290,15,29,20,145,17,23,16,189,18,31,13,274,*72 (pico_gnss pico-gnss-rs/src/main.rs:483)
107.281637 [INFO ] NMEA $GPGSV,4,3,13,24,12,082,16,26,03,226,,193,,,,194,,,*72 (pico_gnss pico-gnss-rs/src/main.rs:483)
107.310926 [INFO ] NMEA $GPGSV,4,4,13,195,,,*46 (pico_gnss pico-gnss-rs/src/main.rs:483)
107.369314 [INFO ] NMEA $GLGSV,2,1,08,72,72,153,,75,66,274,,65,50,327,,74,45,026,*6C (pico_gnss pico-gnss-rs/src/main.rs:483)
107.442235 [INFO ] PPSGEN count=102 interval_ns=1000002144 dev_ns=2144 phase_ns=-1936324 hwphase_ns=3248 trim_ppb=-79 cfg=2 p_ns=203 d_ns=-44 (pico_gnss pico-gnss-rs/src/main.rs:330)
107.443858 [INFO ] PPS count=102 interval_us=1000002 interval_ns=1000002320 state=Locked missed=0 (pico_gnss pico-gnss-rs/src/main.rs:203)
107.456914 [INFO ] NMEA $GLGSV,2,2,08,71,18,150,16,76,16,235,,66,02,329,,73,02,044,17*69 (pico_gnss pico-gnss-rs/src/main.rs:483)
107.515129 [INFO ] NMEA $GNRMC,131201.000,A,0000.0000,N,00000.0000,E,2.32,110.24,080626,,,A*78 (pico_gnss pico-gnss-rs/src/main.rs:483)
107.517706 [INFO ] SYNC pps_local_us=101000235 unix_s=1780924321 drift_us=2 err_ns=-8 holdover_ms=1000 (pico_gnss pico-gnss-rs/src/main.rs:514)
107.548628 [INFO ] NMEA $GPVTG,110.24,T,,M,2.32,N,4.30,K,A*3F (pico_gnss pico-gnss-rs/src/main.rs:483)
107.585953 [INFO ] TIME unix_ns=1780924321142007670 ppb=2329 holdover_ms=142 locked=1 (pico_gnss pico-gnss-rs/src/main.rs:237)
107.606877 [INFO ] NMEA $GPZDA,131201.000,08,06,2026,,*5E (pico_gnss pico-gnss-rs/src/main.rs:483)
107.634292 [INFO ] NMEA $GPGST,131201.000,7.6,17,10,135.7,14,14,36*4A (pico_gnss pico-gnss-rs/src/main.rs:483)
107.784043 [INFO ] NMEA $GPGGA,131202.000,0000.0000,N,00000.0000,E,1,7,1.00,46.9,M,39.0,M,,*64 (pico_gnss pico-gnss-rs/src/main.rs:483)
107.842422 [INFO ] NMEA $GNGLL,0000.0000,N,00000.0000,E,131202.000,A,A*48 (pico_gnss pico-gnss-rs/src/main.rs:483)
107.910073 [INFO ] NMEA $GNGSA,A,3,24,10,28,12,29,32,23,,,,,,1.37,1.00,0.94*10 (pico_gnss pico-gnss-rs/src/main.rs:483)
107.939654 [INFO ] NMEA $GNGSA,A,3,,,,,,,,,,,,,1.37,1.00,0.94*15 (pico_gnss pico-gnss-rs/src/main.rs:483)
108.026993 [INFO ] NMEA $GPGSV,4,1,13,25,83,079,15,32,63,320,16,12,43,048,24,10,39,222,16*7A (pico_gnss pico-gnss-rs/src/main.rs:483)
108.085702 [INFO ] NMEA $GPGSV,4,2,13,28,38,290,15,29,20,145,17,23,16,189,18,31,13,274,*72 (pico_gnss pico-gnss-rs/src/main.rs:483)
108.148250 [INFO ] NMEA $GPGSV,4,3,13,24,12,082,16,26,03,226,,193,,,,194,,,*72 (pico_gnss pico-gnss-rs/src/main.rs:483)
108.177474 [INFO ] NMEA $GPGSV,4,4,13,195,,,*46 (pico_gnss pico-gnss-rs/src/main.rs:483)
108.235979 [INFO ] NMEA $GLGSV,2,1,08,72,72,153,,75,66,274,,65,50,327,,74,45,026,*6C (pico_gnss pico-gnss-rs/src/main.rs:483)
108.294558 [INFO ] NMEA $GLGSV,2,2,08,71,18,150,16,76,16,235,,66,02,329,,73,02,044,17*69 (pico_gnss pico-gnss-rs/src/main.rs:483)
108.381998 [INFO ] NMEA $GNRMC,131202.000,A,0000.0000,N,00000.0000,E,1.59,101.11,080626,,,A*78 (pico_gnss pico-gnss-rs/src/main.rs:483)
108.415515 [INFO ] NMEA $GPVTG,101.11,T,,M,1.59,N,2.94,K,A*3F (pico_gnss pico-gnss-rs/src/main.rs:483)
108.442245 [INFO ] PPSGEN count=103 interval_ns=1000002144 dev_ns=2144 phase_ns=-1932324 hwphase_ns=3072 trim_ppb=-103 cfg=2 p_ns=192 d_ns=-44 (pico_gnss pico-gnss-rs/src/main.rs:330)
108.443865 [INFO ] PPS count=103 interval_us=1000002 interval_ns=1000002336 state=Locked missed=0 (pico_gnss pico-gnss-rs/src/main.rs:203)
108.445868 [INFO ] NMEA $GPZDA,131202.000,08,06,2026,,*5D (pico_gnss pico-gnss-rs/src/main.rs:483)
108.494781 [INFO ] NMEA $GPGST,131202.000,7.9,15,9.4,133.5,13,13,31*65 (pico_gnss pico-gnss-rs/src/main.rs:483)
108.587201 [INFO ] TIME unix_ns=1780924322143277338 ppb=2329 holdover_ms=1143 locked=1 (pico_gnss pico-gnss-rs/src/main.rs:237)
108.795833 [INFO ] NMEA $GPGGA,131203.000,0000.0000,N,00000.0000,E,1,7,1.00,47.5,M,39.0,M,,*67 (pico_gnss pico-gnss-rs/src/main.rs:483)
108.854168 [INFO ] NMEA $GNGLL,0000.0000,N,00000.0000,E,131203.000,A,A*46 (pico_gnss pico-gnss-rs/src/main.rs:483)
108.899269 [INFO ] NMEA $GNGSA,A,3,24,10,28,12,29,32,23,,,,,,1.37,1.00,0.94*10 (pico_gnss pico-gnss-rs/src/main.rs:483)
108.957499 [INFO ] NMEA $GNGSA,A,3,,,,,,,,,,,,,1.37,1.00,0.94*15 (pico_gnss pico-gnss-rs/src/main.rs:483)
109.016193 [INFO ] NMEA $GPGSV,4,1,13,25,83,079,16,32,63,320,16,12,43,048,24,10,39,222,16*79 (pico_gnss pico-gnss-rs/src/main.rs:483)
109.103588 [INFO ] NMEA $GPGSV,4,2,13,28,38,290,15,29,20,145,17,23,16,189,18,31,13,274,*72 (pico_gnss pico-gnss-rs/src/main.rs:483)
109.166173 [INFO ] NMEA $GPGSV,4,3,13,24,12,082,16,26,03,226,,193,,,,194,,,*72 (pico_gnss pico-gnss-rs/src/main.rs:483)
109.167546 [INFO ] NMEA $GPGSV,4,4,13,195,,,*46 (pico_gnss pico-gnss-rs/src/main.rs:483)
109.253887 [INFO ] NMEA $GLGSV,2,1,08,72,72,153,,75,66,274,,65,50,327,,74,45,026,*6C (pico_gnss pico-gnss-rs/src/main.rs:483)
109.312551 [INFO ] NMEA $GLGSV,2,2,08,71,18,150,15,76,16,235,,66,02,329,,73,02,044,17*6A (pico_gnss pico-gnss-rs/src/main.rs:483)
109.399866 [INFO ] NMEA $GNRMC,131203.000,A,0000.0000,N,00000.0000,E,1.79,117.60,080626,,,A*75 (pico_gnss pico-gnss-rs/src/main.rs:483)
109.402433 [INFO ] SYNC pps_local_us=102000237 unix_s=1780924323 drift_us=2 err_ns=7 holdover_ms=1000 (pico_gnss pico-gnss-rs/src/main.rs:514)
109.433383 [INFO ] NMEA $GPVTG,117.60,T,,M,1.79,N,3.32,K,A*31 (pico_gnss pico-gnss-rs/src/main.rs:483)
109.442224 [INFO ] PPSGEN count=104 interval_ns=1000002112 dev_ns=2112 phase_ns=-1935324 hwphase_ns=2848 trim_ppb=-125 cfg=2 p_ns=178 d_ns=-56 (pico_gnss pico-gnss-rs/src/main.rs:330)
109.443869 [INFO ] PPS count=104 interval_us=1000002 interval_ns=1000002336 state=Locked missed=0 (pico_gnss pico-gnss-rs/src/main.rs:203)
109.463071 [INFO ] NMEA $GPZDA,131203.000,08,06,2026,,*5C (pico_gnss pico-gnss-rs/src/main.rs:483)
109.506397 [INFO ] NMEA $GPGST,131203.000,8.1,15,9.5,134.0,13,13,32*63 (pico_gnss pico-gnss-rs/src/main.rs:483)
109.588463 [INFO ] TIME unix_ns=1780924324144528334 ppb=2329 holdover_ms=1144 locked=1 (pico_gnss pico-gnss-rs/src/main.rs:237)
109.823679 [INFO ] NMEA $GPGGA,131204.000,0000.0000,N,00000.0000,E,1,7,1.00,47.7,M,39.0,M,,*6E (pico_gnss pico-gnss-rs/src/main.rs:483)
109.882002 [INFO ] NMEA $GNGLL,0000.0000,N,00000.0000,E,131204.000,A,A*4D (pico_gnss pico-gnss-rs/src/main.rs:483)
109.933273 [INFO ] NMEA $GNGSA,A,3,24,10,28,12,29,32,23,,,,,,1.37,1.00,0.94*10 (pico_gnss pico-gnss-rs/src/main.rs:483)
109.991516 [INFO ] NMEA $GNGSA,A,3,,,,,,,,,,,,,1.37,1.00,0.94*15 (pico_gnss pico-gnss-rs/src/main.rs:483)
110.050154 [INFO ] NMEA $GPGSV,4,1,13,25,83,079,16,32,63,320,16,12,43,048,24,10,39,222,16*79 (pico_gnss pico-gnss-rs/src/main.rs:483)
110.137573 [INFO ] NMEA $GPGSV,4,2,13,28,38,290,15,29,20,145,17,23,16,189,18,31,13,274,*72 (pico_gnss pico-gnss-rs/src/main.rs:483)
110.195955 [INFO ] NMEA $GPGSV,4,3,13,24,12,082,16,26,03,226,,193,,,,194,,,*72 (pico_gnss pico-gnss-rs/src/main.rs:483)
110.200620 [INFO ] NMEA $GPGSV,4,4,13,195,,,*46 (pico_gnss pico-gnss-rs/src/main.rs:483)
110.259087 [INFO ] NMEA $GLGSV,2,1,08,72,72,153,,75,66,274,,65,50,327,,74,45,026,*6C (pico_gnss pico-gnss-rs/src/main.rs:483)
110.346457 [INFO ] NMEA $GLGSV,2,2,08,71,18,150,15,76,16,235,,66,02,329,,73,02,044,17*6A (pico_gnss pico-gnss-rs/src/main.rs:483)
110.405076 [INFO ] NMEA $GNRMC,131204.000,A,0000.0000,N,00000.0000,E,3.37,109.30,080626,,,A*7C (pico_gnss pico-gnss-rs/src/main.rs:483)
110.407649 [INFO ] SYNC pps_local_us=103000240 unix_s=1780924324 drift_us=2 err_ns=7 holdover_ms=999 (pico_gnss pico-gnss-rs/src/main.rs:514)
110.442205 [INFO ] PPSGEN count=105 interval_ns=1000002112 dev_ns=2112 phase_ns=-1938324 hwphase_ns=2624 trim_ppb=-145 cfg=2 p_ns=164 d_ns=-56 (pico_gnss pico-gnss-rs/src/main.rs:330)
110.443824 [INFO ] PPS count=105 interval_us=1000002 interval_ns=1000002320 state=Locked missed=0 (pico_gnss pico-gnss-rs/src/main.rs:203)
110.467346 [INFO ] NMEA $GPVTG,109.30,T,,M,3.37,N,6.25,K,A*30 (pico_gnss pico-gnss-rs/src/main.rs:483)
110.496624 [INFO ] NMEA $GPZDA,131204.000,08,06,2026,,*5B (pico_gnss pico-gnss-rs/src/main.rs:483)
110.534037 [INFO ] NMEA $GPGST,131204.000,8.1,16,9.6,134.9,13,13,33*6C (pico_gnss pico-gnss-rs/src/main.rs:483)
110.589742 [INFO ] TIME unix_ns=1780924325145809332 ppb=2329 holdover_ms=1145 locked=1 (pico_gnss pico-gnss-rs/src/main.rs:237)
110.863872 [INFO ] NMEA $GPGGA,131205.000,0000.0000,N,00000.0000,E,1,7,1.00,48.9,M,39.0,M,,*6C (pico_gnss pico-gnss-rs/src/main.rs:483)
110.922223 [INFO ] NMEA $GNGLL,0000.0000,N,00000.0000,E,131205.000,A,A*4E (pico_gnss pico-gnss-rs/src/main.rs:483)
110.979643 [INFO ] NMEA $GNGSA,A,3,24,10,28,12,29,32,23,,,,,,1.37,1.00,0.94*10 (pico_gnss pico-gnss-rs/src/main.rs:483)
111.009142 [INFO ] NMEA $GNGSA,A,3,,,,,,,,,,,,,1.37,1.00,0.94*15 (pico_gnss pico-gnss-rs/src/main.rs:483)
111.096530 [INFO ] NMEA $GPGSV,4,1,13,25,83,079,16,32,63,320,16,12,43,048,24,10,39,222,16*79 (pico_gnss pico-gnss-rs/src/main.rs:483)
111.155155 [INFO ] NMEA $GPGSV,4,2,13,28,38,290,15,29,20,145,16,23,16,189,18,31,13,274,*73 (pico_gnss pico-gnss-rs/src/main.rs:483)
111.213653 [INFO ] NMEA $GPGSV,4,3,13,24,12,082,16,26,03,226,,193,,,,194,,,*72 (pico_gnss pico-gnss-rs/src/main.rs:483)
111.246929 [INFO ] NMEA $GPGSV,4,4,13,195,,,*46 (pico_gnss pico-gnss-rs/src/main.rs:483)
111.305452 [INFO ] NMEA $GLGSV,2,1,08,72,72,153,,75,66,274,,65,50,327,,74,45,026,*6C (pico_gnss pico-gnss-rs/src/main.rs:483)
111.392723 [INFO ] NMEA $GLGSV,2,2,08,71,18,150,15,76,16,235,,66,02,329,,73,02,044,17*6A (pico_gnss pico-gnss-rs/src/main.rs:483)
111.442213 [INFO ] PPSGEN count=106 interval_ns=1000002096 dev_ns=2096 phase_ns=-1963653 hwphase_ns=2400 trim_ppb=-163 cfg=2 p_ns=150 d_ns=-56 (pico_gnss pico-gnss-rs/src/main.rs:330)
111.443841 [INFO ] PPS count=106 interval_us=1000002 interval_ns=1000002320 state=Locked missed=0 (pico_gnss pico-gnss-rs/src/main.rs:203)
111.451783 [INFO ] NMEA $GNRMC,131205.000,A,0000.0000,N,00000.0000,E,1.36,120.32,080626,,,A*75 (pico_gnss pico-gnss-rs/src/main.rs:483)
111.454374 [INFO ] SYNC pps_local_us=105000244 unix_s=1780924325 drift_us=2 err_ns=-17 holdover_ms=1999 (pico_gnss pico-gnss-rs/src/main.rs:514)
111.509405 [INFO ] NMEA $GPVTG,120.32,T,,M,1.36,N,2.52,K,A*3E (pico_gnss pico-gnss-rs/src/main.rs:483)
111.542791 [INFO ] NMEA $GPZDA,131205.000,08,06,2026,,*5A (pico_gnss pico-gnss-rs/src/main.rs:483)
111.574621 [INFO ] NMEA $GPGST,131205.000,8.2,15,9.1,134.6,12,12,31*67 (pico_gnss pico-gnss-rs/src/main.rs:483)
111.590993 [INFO ] TIME unix_ns=1780924325147097658 ppb=2329 holdover_ms=147 locked=1 (pico_gnss pico-gnss-rs/src/main.rs:237)
111.904795 [INFO ] NMEA $GPGGA,131206.000,0000.0000,N,00000.0000,E,1,7,1.00,49.4,M,39.0,M,,*65 (pico_gnss pico-gnss-rs/src/main.rs:483)
111.963128 [INFO ] NMEA $GNGLL,0000.0000,N,00000.0000,E,131206.000,A,A*4B (pico_gnss pico-gnss-rs/src/main.rs:483)
112.026700 [INFO ] NMEA $GNGSA,A,3,24,10,28,12,29,32,23,,,,,,1.37,1.00,0.94*10 (pico_gnss pico-gnss-rs/src/main.rs:483)
112.056259 [INFO ] NMEA $GNGSA,A,3,,,,,,,,,,,,,1.37,1.00,0.94*15 (pico_gnss pico-gnss-rs/src/main.rs:483)
112.143620 [INFO ] NMEA $GPGSV,4,1,13,25,83,079,16,32,63,320,16,12,43,048,24,10,39,222,16*79 (pico_gnss pico-gnss-rs/src/main.rs:483)
112.202279 [INFO ] NMEA $GPGSV,4,2,13,28,38,290,15,29,20,145,16,23,16,189,18,31,13,274,*73 (pico_gnss pico-gnss-rs/src/main.rs:483)
112.260720 [INFO ] NMEA $GPGSV,4,3,13,24,12,082,16,26,03,226,,193,,,,194,,,*72 (pico_gnss pico-gnss-rs/src/main.rs:483)
112.294004 [INFO ] NMEA $GPGSV,4,4,13,195,,,*46 (pico_gnss pico-gnss-rs/src/main.rs:483)
112.352510 [INFO ] NMEA $GLGSV,2,1,08,72,72,153,,75,66,274,,65,50,327,,74,45,026,*6C (pico_gnss pico-gnss-rs/src/main.rs:483)
112.410988 [INFO ] NMEA $GLGSV,2,2,08,71,18,150,15,76,16,235,,66,02,329,,73,02,044,17*6A (pico_gnss pico-gnss-rs/src/main.rs:483)
112.442245 [INFO ] PPSGEN count=107 interval_ns=1000002112 dev_ns=2112 phase_ns=-1935324 hwphase_ns=2192 trim_ppb=-180 cfg=2 p_ns=137 d_ns=-52 (pico_gnss pico-gnss-rs/src/main.rs:330)
112.443899 [INFO ] PPS count=107 interval_us=1000002 interval_ns=1000002336 state=Locked missed=0 (pico_gnss pico-gnss-rs/src/main.rs:203)
112.498398 [INFO ] NMEA $GNRMC,131206.000,A,0000.0000,N,00000.0000,E,0.86,150.55,080626,,,A*7C (pico_gnss pico-gnss-rs/src/main.rs:483)
112.501005 [INFO ] SYNC pps_local_us=106000247 unix_s=1780924326 drift_us=2 err_ns=7 holdover_ms=1000 (pico_gnss pico-gnss-rs/src/main.rs:514)
112.527995 [INFO ] NMEA $GPVTG,150.55,T,,M,0.86,N,1.60,K,A*30 (pico_gnss pico-gnss-rs/src/main.rs:483)
112.561049 [INFO ] NMEA $GPZDA,131206.000,08,06,2026,,*59 (pico_gnss pico-gnss-rs/src/main.rs:483)
112.592276 [INFO ] TIME unix_ns=1780924326148304655 ppb=2329 holdover_ms=148 locked=1 (pico_gnss pico-gnss-rs/src/main.rs:237)
112.615597 [INFO ] NMEA $GPGST,131206.000,8.2,15,9.1,135.2,12,12,31*61 (pico_gnss pico-gnss-rs/src/main.rs:483)
112.922852 [INFO ] NMEA $GPGGA,131207.000,0000.0000,N,00000.0000,E,1,7,1.00,49.5,M,39.0,M,,*6A (pico_gnss pico-gnss-rs/src/main.rs:483)
112.981209 [INFO ] NMEA $GNGLL,0000.0000,N,00000.0000,E,131207.000,A,A*45 (pico_gnss pico-gnss-rs/src/main.rs:483)
113.039642 [INFO ] NMEA $GNGSA,A,3,24,10,28,12,29,32,23,,,,,,1.37,1.00,0.94*10 (pico_gnss pico-gnss-rs/src/main.rs:483)
113.080409 [INFO ] NMEA $GNGSA,A,3,,,,,,,,,,,,,1.37,1.00,0.94*15 (pico_gnss pico-gnss-rs/src/main.rs:483)
113.139113 [INFO ] NMEA $GPGSV,4,1,13,25,83,079,16,32,63,320,15,12,43,048,24,10,39,222,16*7A (pico_gnss pico-gnss-rs/src/main.rs:483)
113.226506 [INFO ] NMEA $GPGSV,4,2,13,28,38,290,15,29,20,145,16,23,16,189,18,31,13,274,*73 (pico_gnss pico-gnss-rs/src/main.rs:483)
113.284989 [INFO ] NMEA $GPGSV,4,3,13,24,12,082,16,26,03,226,,193,,,,194,,,*72 (pico_gnss pico-gnss-rs/src/main.rs:483)
113.318260 [INFO ] NMEA $GPGSV,4,4,13,195,,,*46 (pico_gnss pico-gnss-rs/src/main.rs:483)
113.376710 [INFO ] NMEA $GLGSV,2,1,08,72,72,153,,75,66,274,,65,50,327,,74,45,026,*6C (pico_gnss pico-gnss-rs/src/main.rs:483)
113.435198 [INFO ] NMEA $GLGSV,2,2,08,71,18,150,15,76,16,235,,66,02,329,,73,02,044,17*6A (pico_gnss pico-gnss-rs/src/main.rs:483)
113.442235 [INFO ] PPSGEN count=108 interval_ns=1000002096 dev_ns=2096 phase_ns=-1970324 hwphase_ns=1952 trim_ppb=-195 cfg=2 p_ns=122 d_ns=-60 (pico_gnss pico-gnss-rs/src/main.rs:330)
113.443858 [INFO ] PPS count=108 interval_us=1000002 interval_ns=1000002320 state=Locked missed=0 (pico_gnss pico-gnss-rs/src/main.rs:203)
113.522568 [INFO ] NMEA $GNRMC,131207.000,A,0000.0000,N,00000.0000,E,0.88,85.51,080626,,,A*41 (pico_gnss pico-gnss-rs/src/main.rs:483)
113.525174 [INFO ] SYNC pps_local_us=107000249 unix_s=1780924327 drift_us=2 err_ns=-8 holdover_ms=999 (pico_gnss pico-gnss-rs/src/main.rs:514)
113.552152 [INFO ] NMEA $GPVTG,85.51,T,,M,0.88,N,1.63,K,A*00 (pico_gnss pico-gnss-rs/src/main.rs:483)
113.585218 [INFO ] NMEA $GPZDA,131207.000,08,06,2026,,*58 (pico_gnss pico-gnss-rs/src/main.rs:483)
113.593553 [INFO ] TIME unix_ns=1780924327149617652 ppb=2329 holdover_ms=149 locked=1 (pico_gnss pico-gnss-rs/src/main.rs:237)
113.631152 [INFO ] NMEA $GPGST,131207.000,8.2,15,9.2,135.9,13,12,33*6B (pico_gnss pico-gnss-rs/src/main.rs:483)
113.749224 [INFO ] NMEA $GPGGA,131208.000,0000.0000,N,00000.0000,E,1,6,1.04,49.8,M,39.0,M,,*67 (pico_gnss pico-gnss-rs/src/main.rs:483)
113.807624 [INFO ] NMEA $GNGLL,0000.0000,N,00000.0000,E,131208.000,A,A*40 (pico_gnss pico-gnss-rs/src/main.rs:483)
113.866031 [INFO ] NMEA $GNGSA,A,3,24,10,28,12,29,23,,,,,,,1.41,1.04,0.96*16 (pico_gnss pico-gnss-rs/src/main.rs:483)
113.915014 [INFO ] NMEA $GNGSA,A,3,,,,,,,,,,,,,1.41,1.04,0.96*12 (pico_gnss pico-gnss-rs/src/main.rs:483)
113.973632 [INFO ] NMEA $GPGSV,4,1,13,25,83,079,16,32,63,320,,12,43,048,24,10,39,222,16*7E (pico_gnss pico-gnss-rs/src/main.rs:483)
114.032315 [INFO ] NMEA $GPGSV,4,2,13,28,38,290,15,29,20,145,16,23,16,189,18,31,13,274,*73 (pico_gnss pico-gnss-rs/src/main.rs:483)
114.090736 [INFO ] NMEA $GPGSV,4,3,13,24,12,082,16,26,03,226,,193,,,,194,,,*72 (pico_gnss pico-gnss-rs/src/main.rs:483)
114.120026 [INFO ] NMEA $GPGSV,4,4,13,195,,,*46 (pico_gnss pico-gnss-rs/src/main.rs:483)
114.182594 [INFO ] NMEA $GLGSV,2,1,08,72,72,153,,75,66,274,,65,50,327,,74,45,026,*6C (pico_gnss pico-gnss-rs/src/main.rs:483)
114.269971 [INFO ] NMEA $GLGSV,2,2,08,71,18,150,14,76,16,235,,66,02,329,,73,02,044,17*6B (pico_gnss pico-gnss-rs/src/main.rs:483)
114.328655 [INFO ] NMEA $GNRMC,131208.000,A,0000.0000,N,00000.0000,E,0.94,28.14,080626,,,A*4F (pico_gnss pico-gnss-rs/src/main.rs:483)
114.386820 [INFO ] NMEA $GPVTG,28.14,T,,M,0.94,N,1.75,K,A*0C (pico_gnss pico-gnss-rs/src/main.rs:483)
114.420156 [INFO ] NMEA $GPZDA,131208.000,08,06,2026,,*57 (pico_gnss pico-gnss-rs/src/main.rs:483)
114.442253 [INFO ] PPSGEN count=109 interval_ns=1000002080 dev_ns=2080 phase_ns=-1931324 hwphase_ns=1712 trim_ppb=-208 cfg=2 p_ns=107 d_ns=-60 (pico_gnss pico-gnss-rs/src/main.rs:330)
114.443880 [INFO ] PPS count=109 interval_us=1000002 interval_ns=1000002320 state=Locked missed=0 (pico_gnss pico-gnss-rs/src/main.rs:203)
114.450073 [INFO ] NMEA $GPGST,131208.000,8.2,16,9.3,137.1,13,13,34*6A (pico_gnss pico-gnss-rs/src/main.rs:483)
114.594828 [INFO ] TIME unix_ns=1780924328150872321 ppb=2328 holdover_ms=1150 locked=1 (pico_gnss pico-gnss-rs/src/main.rs:237)
114.779808 [INFO ] NMEA $GPGGA,131209.000,0000.0000,N,00000.0000,E,1,6,1.04,50.1,M,39.0,M,,*6D (pico_gnss pico-gnss-rs/src/main.rs:483)
114.838167 [INFO ] NMEA $GNGLL,0000.0000,N,00000.0000,E,131209.000,A,A*4B (pico_gnss pico-gnss-rs/src/main.rs:483)
114.896621 [INFO ] NMEA $GNGSA,A,3,24,10,28,12,29,23,,,,,,,1.41,1.04,0.96*16 (pico_gnss pico-gnss-rs/src/main.rs:483)
114.929127 [INFO ] NMEA $GNGSA,A,3,,,,,,,,,,,,,1.41,1.04,0.96*12 (pico_gnss pico-gnss-rs/src/main.rs:483)
115.016505 [INFO ] NMEA $GPGSV,4,1,13,25,83,079,16,32,63,320,,12,43,048,24,10,39,222,16*7E (pico_gnss pico-gnss-rs/src/main.rs:483)
115.075157 [INFO ] NMEA $GPGSV,4,2,13,28,38,290,14,29,20,145,16,23,16,189,18,31,13,274,*72 (pico_gnss pico-gnss-rs/src/main.rs:483)
115.133630 [INFO ] NMEA $GPGSV,4,3,13,24,12,082,15,26,03,226,,193,,,,194,,,*71 (pico_gnss pico-gnss-rs/src/main.rs:483)
115.162881 [INFO ] NMEA $GPGSV,4,4,13,195,,,*46 (pico_gnss pico-gnss-rs/src/main.rs:483)
115.225429 [INFO ] NMEA $GLGSV,2,1,08,72,72,153,,75,66,274,,65,50,327,,74,45,026,*6C (pico_gnss pico-gnss-rs/src/main.rs:483)
115.284101 [INFO ] NMEA $GLGSV,2,2,08,71,18,150,14,76,16,235,,66,02,329,,73,02,044,17*6B (pico_gnss pico-gnss-rs/src/main.rs:483)
115.371458 [INFO ] NMEA $GNRMC,131209.000,A,0000.0000,N,00000.0000,E,1.19,66.51,080626,,,A*4B (pico_gnss pico-gnss-rs/src/main.rs:483)
115.374011 [INFO ] SYNC pps_local_us=108000251 unix_s=1780924329 drift_us=2 err_ns=-8 holdover_ms=1000 (pico_gnss pico-gnss-rs/src/main.rs:514)
115.401138 [INFO ] NMEA $GPVTG,66.51,T,,M,1.19,N,2.21,K,A*01 (pico_gnss pico-gnss-rs/src/main.rs:483)
115.430207 [INFO ] NMEA $GPZDA,131209.000,08,06,2026,,*56 (pico_gnss pico-gnss-rs/src/main.rs:483)
115.442245 [INFO ] PPSGEN count=110 interval_ns=1000002096 dev_ns=2096 phase_ns=-1926324 hwphase_ns=1488 trim_ppb=-219 cfg=2 p_ns=93 d_ns=-56 (pico_gnss pico-gnss-rs/src/main.rs:330)
115.443857 [INFO ] PPS count=110 interval_us=1000002 interval_ns=1000002336 state=Locked missed=0 (pico_gnss pico-gnss-rs/src/main.rs:203)
115.484270 [INFO ] NMEA $GPGST,131209.000,8.3,16,9.5,138.1,14,13,36*66 (pico_gnss pico-gnss-rs/src/main.rs:483)
115.596113 [INFO ] TIME unix_ns=1780924330152165317 ppb=2329 holdover_ms=1152 locked=1 (pico_gnss pico-gnss-rs/src/main.rs:237)
115.764837 [INFO ] NMEA $GPGGA,131210.000,0000.0000,N,00000.0000,E,1,6,1.04,50.2,M,39.0,M,,*67 (pico_gnss pico-gnss-rs/src/main.rs:483)
115.823162 [INFO ] NMEA $GNGLL,0000.0000,N,00000.0000,E,131210.000,A,A*42 (pico_gnss pico-gnss-rs/src/main.rs:483)
115.881602 [INFO ] NMEA $GNGSA,A,3,24,10,28,12,29,23,,,,,,,1.41,1.04,0.96*16 (pico_gnss pico-gnss-rs/src/main.rs:483)
115.926439 [INFO ] NMEA $GNGSA,A,3,,,,,,,,,,,,,1.41,1.04,0.96*12 (pico_gnss pico-gnss-rs/src/main.rs:483)
115.985080 [INFO ] NMEA $GPGSV,4,1,13,25,83,079,16,32,63,320,,12,43,048,23,10,39,222,16*79 (pico_gnss pico-gnss-rs/src/main.rs:483)
116.072482 [INFO ] NMEA $GPGSV,4,2,13,28,38,290,14,29,20,145,16,23,16,189,18,31,13,274,*72 (pico_gnss pico-gnss-rs/src/main.rs:483)
116.130972 [INFO ] NMEA $GPGSV,4,3,13,24,12,082,15,26,03,226,,193,,,,194,,,*71 (pico_gnss pico-gnss-rs/src/main.rs:483)
116.132336 [INFO ] NMEA $GPGSV,4,4,13,195,,,*46 (pico_gnss pico-gnss-rs/src/main.rs:483)
116.222761 [INFO ] NMEA $GLGSV,2,1,08,72,72,153,,75,66,274,,65,50,327,,74,45,026,*6C (pico_gnss pico-gnss-rs/src/main.rs:483)
116.281451 [INFO ] NMEA $GLGSV,2,2,08,71,18,150,13,76,16,235,,66,02,329,,73,02,044,17*6C (pico_gnss pico-gnss-rs/src/main.rs:483)
116.340117 [INFO ] NMEA $GNRMC,131210.000,A,0000.0000,N,00000.0000,E,0.71,351.94,080626,,,A*73 (pico_gnss pico-gnss-rs/src/main.rs:483)
116.342701 [INFO ] SYNC pps_local_us=109000254 unix_s=1780924330 drift_us=2 err_ns=8 holdover_ms=999 (pico_gnss pico-gnss-rs/src/main.rs:514)
116.398275 [INFO ] NMEA $GPVTG,351.94,T,,M,0.71,N,1.32,K,A*31 (pico_gnss pico-gnss-rs/src/main.rs:483)
116.427560 [INFO ] NMEA $GPZDA,131210.000,08,06,2026,,*5E (pico_gnss pico-gnss-rs/src/main.rs:483)
116.442235 [INFO ] PPSGEN count=111 interval_ns=1000002112 dev_ns=2112 phase_ns=-1918324 hwphase_ns=1264 trim_ppb=-228 cfg=2 p_ns=79 d_ns=-56 (pico_gnss pico-gnss-rs/src/main.rs:330)
116.443854 [INFO ] PPS count=111 interval_us=1000002 interval_ns=1000002320 state=Locked missed=0 (pico_gnss pico-gnss-rs/src/main.rs:203)
116.471215 [INFO ] NMEA $GPGST,131210.000,8.3,17,9.6,138.7,14,13,37*6B (pico_gnss pico-gnss-rs/src/main.rs:483)
116.597400 [INFO ] TIME unix_ns=1780924331153466315 ppb=2328 holdover_ms=1153 locked=1 (pico_gnss pico-gnss-rs/src/main.rs:237)
116.757732 [INFO ] NMEA $GPGGA,131211.000,0000.0000,N,00000.0000,E,1,6,1.04,50.4,M,39.0,M,,*62 (pico_gnss pico-gnss-rs/src/main.rs:483)
116.816055 [INFO ] NMEA $GNGLL,0000.0000,N,00000.0000,E,131211.000,A,A*41 (pico_gnss pico-gnss-rs/src/main.rs:483)
116.874508 [INFO ] NMEA $GNGSA,A,3,24,10,28,12,29,23,,,,,,,1.41,1.04,0.96*16 (pico_gnss pico-gnss-rs/src/main.rs:483)
116.903966 [INFO ] NMEA $GNGSA,A,3,,,,,,,,,,,,,1.41,1.04,0.96*12 (pico_gnss pico-gnss-rs/src/main.rs:483)
116.988257 [INFO ] NMEA $GPGSV,4,1,13,25,83,079,15,32,63,320,,12,43,048,23,10,39,222,16*7A (pico_gnss pico-gnss-rs/src/main.rs:483)
117.046890 [INFO ] NMEA $GPGSV,4,2,13,28,38,290,14,29,20,145,16,23,16,189,18,31,13,274,*72 (pico_gnss pico-gnss-rs/src/main.rs:483)
117.105370 [INFO ] NMEA $GPGSV,4,3,13,24,12,082,15,26,03,226,,193,,,,194,,,*71 (pico_gnss pico-gnss-rs/src/main.rs:483)
117.134606 [INFO ] NMEA $GPGSV,4,4,13,195,,,*46 (pico_gnss pico-gnss-rs/src/main.rs:483)
117.197174 [INFO ] NMEA $GLGSV,2,1,08,72,72,153,,75,66,274,,65,50,327,,74,45,026,*6C (pico_gnss pico-gnss-rs/src/main.rs:483)
117.255786 [INFO ] NMEA $GLGSV,2,2,08,71,18,150,,76,16,235,,66,02,329,,73,02,044,17*6E (pico_gnss pico-gnss-rs/src/main.rs:483)
117.343229 [INFO ] NMEA $GNRMC,131211.000,A,0000.0000,N,00000.0000,E,0.85,354.13,080626,,,A*71 (pico_gnss pico-gnss-rs/src/main.rs:483)
117.345817 [INFO ] SYNC pps_local_us=110000256 unix_s=1780924331 drift_us=2 err_ns=-8 holdover_ms=999 (pico_gnss pico-gnss-rs/src/main.rs:514)
117.372927 [INFO ] NMEA $GPVTG,354.13,T,,M,0.85,N,1.57,K,A*33 (pico_gnss pico-gnss-rs/src/main.rs:483)
117.430611 [INFO ] NMEA $GPZDA,131211.000,08,06,2026,,*5F (pico_gnss pico-gnss-rs/src/main.rs:483)
117.442252 [INFO ] PPSGEN count=112 interval_ns=1000002096 dev_ns=2096 phase_ns=-1895324 hwphase_ns=1040 trim_ppb=-236 cfg=2 p_ns=65 d_ns=-56 (pico_gnss pico-gnss-rs/src/main.rs:330)
117.443852 [INFO ] PPS count=112 interval_us=1000002 interval_ns=1000002320 state=Locked missed=0 (pico_gnss pico-gnss-rs/src/main.rs:203)
117.463101 [INFO ] NMEA $GPGST,131211.000,8.4,17,9.6,138.6,14,13,37*6C (pico_gnss pico-gnss-rs/src/main.rs:483)
117.598684 [INFO ] TIME unix_ns=1780924332154787312 ppb=2328 holdover_ms=1154 locked=1 (pico_gnss pico-gnss-rs/src/main.rs:237)
117.740747 [INFO ] NMEA $GPGGA,131212.000,0000.0000,N,00000.0000,E,1,6,1.04,50.5,M,39.0,M,,*61 (pico_gnss pico-gnss-rs/src/main.rs:483)
117.799096 [INFO ] NMEA $GNGLL,0000.0000,N,00000.0000,E,131212.000,A,A*43 (pico_gnss pico-gnss-rs/src/main.rs:483)
117.857532 [INFO ] NMEA $GNGSA,A,3,24,10,28,12,29,23,,,,,,,1.41,1.04,0.96*16 (pico_gnss pico-gnss-rs/src/main.rs:483)
117.887024 [INFO ] NMEA $GNGSA,A,3,,,,,,,,,,,,,1.41,1.04,0.96*12 (pico_gnss pico-gnss-rs/src/main.rs:483)
117.954829 [INFO ] NMEA $GPGSV,4,1,13,25,83,079,16,32,63,320,,12,43,048,23,10,39,222,16*79 (pico_gnss pico-gnss-rs/src/main.rs:483)
118.042253 [INFO ] NMEA $GPGSV,4,2,13,28,38,290,14,29,20,145,16,23,16,189,18,31,13,274,*72 (pico_gnss pico-gnss-rs/src/main.rs:483)
118.100733 [INFO ] NMEA $GPGSV,4,3,13,24,12,082,15,26,03,226,,193,,,,194,,,*71 (pico_gnss pico-gnss-rs/src/main.rs:483)
118.129978 [INFO ] NMEA $GPGSV,4,4,13,195,,,*46 (pico_gnss pico-gnss-rs/src/main.rs:483)
118.192565 [INFO ] NMEA $GLGSV,2,1,08,72,72,153,,75,66,274,,65,50,327,,74,45,026,*6C (pico_gnss pico-gnss-rs/src/main.rs:483)
118.251153 [INFO ] NMEA $GLGSV,2,2,08,71,18,150,15,76,16,235,,66,02,329,,73,02,044,17*6A (pico_gnss pico-gnss-rs/src/main.rs:483)
118.338630 [INFO ] NMEA $GNRMC,131212.000,A,0000.0000,N,00000.0000,E,0.88,306.40,080626,,,A*7F (pico_gnss pico-gnss-rs/src/main.rs:483)
118.341207 [INFO ] SYNC pps_local_us=111000258 unix_s=1780924332 drift_us=2 err_ns=-8 holdover_ms=1000 (pico_gnss pico-gnss-rs/src/main.rs:514)
118.368298 [INFO ] NMEA $GPVTG,306.40,T,,M,0.88,N,1.64,K,A*3F (pico_gnss pico-gnss-rs/src/main.rs:483)
118.397382 [INFO ] NMEA $GPZDA,131212.000,08,06,2026,,*5C (pico_gnss pico-gnss-rs/src/main.rs:483)
118.442218 [INFO ] PPSGEN count=113 interval_ns=1000002096 dev_ns=2096 phase_ns=-1926323 hwphase_ns=816 trim_ppb=-242 cfg=2 p_ns=51 d_ns=-56 (pico_gnss pico-gnss-rs/src/main.rs:330)
118.443853 [INFO ] PPS count=113 interval_us=1000002 interval_ns=1000002320 state=Locked missed=0 (pico_gnss pico-gnss-rs/src/main.rs:203)
118.448038 [INFO ] NMEA $GPGST,131212.000,8.5,17,9.7,139.0,14,13,37*68 (pico_gnss pico-gnss-rs/src/main.rs:483)
118.599963 [INFO ] TIME unix_ns=1780924333156045309 ppb=2328 holdover_ms=1156 locked=1 (pico_gnss pico-gnss-rs/src/main.rs:237)
118.832710 [INFO ] NMEA $GPGGA,131213.000,0000.0000,N,00000.0000,E,1,6,1.04,50.7,M,39.0,M,,*66 (pico_gnss pico-gnss-rs/src/main.rs:483)
118.891149 [INFO ] NMEA $GNGLL,0000.0000,N,00000.0000,E,131213.000,A,A*46 (pico_gnss pico-gnss-rs/src/main.rs:483)
118.949581 [INFO ] NMEA $GNGSA,A,3,24,10,28,12,29,23,,,,,,,1.41,1.04,0.96*16 (pico_gnss pico-gnss-rs/src/main.rs:483)
118.979063 [INFO ] NMEA $GNGSA,A,3,,,,,,,,,,,,,1.41,1.04,0.96*12 (pico_gnss pico-gnss-rs/src/main.rs:483)
119.057148 [INFO ] NMEA $GPGSV,4,1,13,25,83,079,17,32,63,320,,12,43,048,22,10,39,222,16*79 (pico_gnss pico-gnss-rs/src/main.rs:483)
119.115833 [INFO ] NMEA $GPGSV,4,2,13,28,38,290,14,29,20,145,16,23,16,189,18,31,13,274,*72 (pico_gnss pico-gnss-rs/src/main.rs:483)
119.174251 [INFO ] NMEA $GPGSV,4,3,13,24,12,082,15,26,03,226,,193,,,,194,,,*71 (pico_gnss pico-gnss-rs/src/main.rs:483)
119.203526 [INFO ] NMEA $GPGSV,4,4,13,195,,,*46 (pico_gnss pico-gnss-rs/src/main.rs:483)
119.290681 [INFO ] NMEA $GLGSV,2,1,08,72,72,153,,75,66,274,,65,50,327,,74,45,026,*6C (pico_gnss pico-gnss-rs/src/main.rs:483)
119.353457 [INFO ] NMEA $GLGSV,2,2,08,71,18,150,15,76,16,235,,66,02,329,,73,02,044,17*6A (pico_gnss pico-gnss-rs/src/main.rs:483)
119.412032 [INFO ] NMEA $GNRMC,131213.000,A,0000.0000,N,00000.0000,E,0.78,43.32,080626,,,A*42 (pico_gnss pico-gnss-rs/src/main.rs:483)
119.414566 [INFO ] SYNC pps_local_us=112000261 unix_s=1780924333 drift_us=2 err_ns=-7 holdover_ms=999 (pico_gnss pico-gnss-rs/src/main.rs:514)
119.442221 [INFO ] PPSGEN count=114 interval_ns=1000002112 dev_ns=2112 phase_ns=-1903323 hwphase_ns=608 trim_ppb=-246 cfg=2 p_ns=38 d_ns=-52 (pico_gnss pico-gnss-rs/src/main.rs:330)
119.443843 [INFO ] PPS count=114 interval_us=1000002 interval_ns=1000002320 state=Locked missed=0 (pico_gnss pico-gnss-rs/src/main.rs:203)
119.470428 [INFO ] NMEA $GPVTG,43.32,T,,M,0.78,N,1.45,K,A*04 (pico_gnss pico-gnss-rs/src/main.rs:483)
119.499527 [INFO ] NMEA $GPZDA,131213.000,08,06,2026,,*5D (pico_gnss pico-gnss-rs/src/main.rs:483)
119.536959 [INFO ] NMEA $GPGST,131213.000,8.5,17,9.7,139.3,14,13,37*6A (pico_gnss pico-gnss-rs/src/main.rs:483)
119.601265 [INFO ] TIME unix_ns=1780924334157330307 ppb=2328 holdover_ms=1157 locked=1 (pico_gnss pico-gnss-rs/src/main.rs:237)
119.830885 [INFO ] NMEA $GPGGA,131214.000,0000.0000,N,00000.0000,E,1,6,1.04,50.7,M,39.0,M,,*6D (pico_gnss pico-gnss-rs/src/main.rs:483)
119.889213 [INFO ] NMEA $GNGLL,0000.0000,N,00000.0000,E,131214.000,A,A*4D (pico_gnss pico-gnss-rs/src/main.rs:483)
119.947676 [INFO ] NMEA $GNGSA,A,3,24,10,28,12,29,23,,,,,,,1.41,1.04,0.96*16 (pico_gnss pico-gnss-rs/src/main.rs:483)
119.977176 [INFO ] NMEA $GNGSA,A,3,,,,,,,,,,,,,1.41,1.04,0.96*12 (pico_gnss pico-gnss-rs/src/main.rs:483)
120.067593 [INFO ] NMEA $GPGSV,4,1,13,25,83,079,17,32,63,320,,12,43,048,22,10,39,222,16*79 (pico_gnss pico-gnss-rs/src/main.rs:483)
120.126231 [INFO ] NMEA $GPGSV,4,2,13,28,38,290,15,29,20,145,17,23,16,189,17,31,13,274,*7D (pico_gnss pico-gnss-rs/src/main.rs:483)
120.184706 [INFO ] NMEA $GPGSV,4,3,13,24,12,082,16,26,03,226,,193,,,,194,,,*72 (pico_gnss pico-gnss-rs/src/main.rs:483)
120.213949 [INFO ] NMEA $GPGSV,4,4,13,195,,,*46 (pico_gnss pico-gnss-rs/src/main.rs:483)
120.272427 [INFO ] NMEA $GLGSV,2,1,08,72,72,153,,75,66,274,,65,50,327,,74,45,026,*6C (pico_gnss pico-gnss-rs/src/main.rs:483)
120.335138 [INFO ] NMEA $GLGSV,2,2,08,71,18,150,13,76,16,235,,66,02,329,,73,02,044,17*6C (pico_gnss pico-gnss-rs/src/main.rs:483)
120.422444 [INFO ] NMEA $GNRMC,131214.000,A,0000.0000,N,00000.0000,E,1.06,77.58,080626,,,A*4A (pico_gnss pico-gnss-rs/src/main.rs:483)
120.425021 [INFO ] SYNC pps_local_us=113000263 unix_s=1780924334 drift_us=2 err_ns=-7 holdover_ms=1000 (pico_gnss pico-gnss-rs/src/main.rs:514)
120.442223 [INFO ] PPSGEN count=115 interval_ns=1000002096 dev_ns=2096 phase_ns=-1857323 hwphase_ns=384 trim_ppb=-249 cfg=2 p_ns=0 d_ns=-56 (pico_gnss pico-gnss-rs/src/main.rs:330)
120.443854 [INFO ] PPS count=115 interval_us=1000002 interval_ns=1000002320 state=Locked missed=0 (pico_gnss pico-gnss-rs/src/main.rs:203)
120.452262 [INFO ] NMEA $GPVTG,77.58,T,,M,1.06,N,1.97,K,A*08 (pico_gnss pico-gnss-rs/src/main.rs:483)
120.481219 [INFO ] NMEA $GPZDA,131214.000,08,06,2026,,*5A (pico_gnss pico-gnss-rs/src/main.rs:483)
120.534232 [INFO ] NMEA $GPGST,131214.000,8.5,17,10,138.7,14,13,37*49 (pico_gnss pico-gnss-rs/src/main.rs:483)
120.602543 [INFO ] TIME unix_ns=1780924335158607304 ppb=2327 holdover_ms=1158 locked=1 (pico_gnss pico-gnss-rs/src/main.rs:237)
120.927031 [INFO ] NMEA $GPGGA,131215.000,0000.0000,N,00000.0000,E,1,7,1.00,51.2,M,39.0,M,,*67 (pico_gnss pico-gnss-rs/src/main.rs:483)
120.956721 [INFO ] NMEA $GNGLL,0000.0000,N,00000.0000,E,131215.000,A,A*46 (pico_gnss pico-gnss-rs/src/main.rs:483)
121.015109 [INFO ] NMEA $GNGSA,A,3,24,10,28,32,12,29,23,,,,,,1.37,1.00,0.94*10 (pico_gnss pico-gnss-rs/src/main.rs:483)
121.073311 [INFO ] NMEA $GNGSA,A,3,,,,,,,,,,,,,1.37,1.00,0.94*15 (pico_gnss pico-gnss-rs/src/main.rs:483)
121.136106 [INFO ] NMEA $GPGSV,4,1,13,25,83,079,17,32,63,320,15,12,43,048,22,10,39,222,16*7D (pico_gnss pico-gnss-rs/src/main.rs:483)
121.223538 [INFO ] NMEA $GPGSV,4,2,13,28,38,290,15,29,20,145,17,23,16,189,17,31,13,274,*7D (pico_gnss pico-gnss-rs/src/main.rs:483)
121.281999 [INFO ] NMEA $GPGSV,4,3,13,24,12,082,16,26,03,226,,193,,,,194,,,*72 (pico_gnss pico-gnss-rs/src/main.rs:483)
121.311229 [INFO ] NMEA $GPGSV,4,4,13,195,,,*46 (pico_gnss pico-gnss-rs/src/main.rs:483)
121.369654 [INFO ] NMEA $GLGSV,2,1,08,72,72,153,,75,66,274,,65,50,327,,74,45,026,*6C (pico_gnss pico-gnss-rs/src/main.rs:483)
121.432206 [INFO ] NMEA $GLGSV,2,2,08,71,18,150,,76,16,235,,66,02,329,,73,02,044,17*6E (pico_gnss pico-gnss-rs/src/main.rs:483)
121.442217 [INFO ] PPSGEN count=116 interval_ns=1000002112 dev_ns=2112 phase_ns=-1926650 hwphase_ns=176 trim_ppb=-250 cfg=2 p_ns=0 d_ns=-52 (pico_gnss pico-gnss-rs/src/main.rs:330)
121.443803 [INFO ] PPS count=116 interval_us=1000002 interval_ns=1000002320 state=Locked missed=0 (pico_gnss pico-gnss-rs/src/main.rs:203)
121.490911 [INFO ] NMEA $GNRMC,131215.000,A,0000.0000,N,00000.0000,E,1.43,65.78,080626,,,A*41 (pico_gnss pico-gnss-rs/src/main.rs:483)
121.493519 [INFO ] SYNC pps_local_us=115000268 unix_s=1780924335 drift_us=2 err_ns=-14 holdover_ms=1999 (pico_gnss pico-gnss-rs/src/main.rs:514)
121.548919 [INFO ] NMEA $GPVTG,65.78,T,,M,1.43,N,2.65,K,A*06 (pico_gnss pico-gnss-rs/src/main.rs:483)
121.578211 [INFO ] NMEA $GPZDA,131215.000,08,06,2026,,*5B (pico_gnss pico-gnss-rs/src/main.rs:483)
121.603811 [INFO ] TIME unix_ns=1780924335159935628 ppb=2327 holdover_ms=159 locked=1 (pico_gnss pico-gnss-rs/src/main.rs:237)
121.619856 [INFO ] NMEA $GPGST,131215.000,8.6,17,10,139.8,14,13,37*45 (pico_gnss pico-gnss-rs/src/main.rs:483)
121.927546 [INFO ] NMEA $GPGGA,131216.000,0000.0000,N,00000.0000,E,1,7,1.00,51.7,M,39.0,M,,*6F (pico_gnss pico-gnss-rs/src/main.rs:483)
121.985995 [INFO ] NMEA $GNGLL,0000.0000,N,00000.0000,E,131216.000,A,A*4B (pico_gnss pico-gnss-rs/src/main.rs:483)
122.044442 [INFO ] NMEA $GNGSA,A,3,24,10,28,32,12,29,23,,,,,,1.37,1.00,0.94*10 (pico_gnss pico-gnss-rs/src/main.rs:483)
122.102659 [INFO ] NMEA $GNGSA,A,3,,,,,,,,,,,,,1.37,1.00,0.94*15 (pico_gnss pico-gnss-rs/src/main.rs:483)
122.165442 [INFO ] NMEA $GPGSV,4,1,13,25,83,079,17,32,63,320,15,12,43,048,22,10,39,222,16*7D (pico_gnss pico-gnss-rs/src/main.rs:483)
122.224096 [INFO ] NMEA $GPGSV,4,2,13,28,38,290,15,29,20,145,17,23,16,189,17,31,13,274,*7D (pico_gnss pico-gnss-rs/src/main.rs:483)
122.282566 [INFO ] NMEA $GPGSV,4,3,13,24,12,082,16,26,03,226,,193,,,,194,,,*72 (pico_gnss pico-gnss-rs/src/main.rs:483)
122.311785 [INFO ] NMEA $GPGSV,4,4,13,195,,,*46 (pico_gnss pico-gnss-rs/src/main.rs:483)
122.370216 [INFO ] NMEA $GLGSV,2,1,08,72,72,153,,75,66,274,,65,50,327,,74,45,026,*6C (pico_gnss pico-gnss-rs/src/main.rs:483)
122.442256 [INFO ] PPSGEN count=117 interval_ns=1000002160 dev_ns=2160 phase_ns=-1880322 hwphase_ns=16 trim_ppb=-250 cfg=2 p_ns=0 d_ns=-40 (pico_gnss pico-gnss-rs/src/main.rs:330)
122.443860 [INFO ] PPS count=117 interval_us=1000002 interval_ns=1000002320 state=Locked missed=0 (pico_gnss pico-gnss-rs/src/main.rs:203)
122.461961 [INFO ] NMEA $GLGSV,2,2,08,71,18,150,,76,16,235,,66,02,329,,73,02,044,17*6E (pico_gnss pico-gnss-rs/src/main.rs:483)
122.520101 [INFO ] NMEA $GNRMC,131216.000,A,0000.0000,N,00000.0000,E,0.61,52.18,080626,,,A*4F (pico_gnss pico-gnss-rs/src/main.rs:483)
122.522675 [INFO ] SYNC pps_local_us=116000270 unix_s=1780924336 drift_us=2 err_ns=-6 holdover_ms=1000 (pico_gnss pico-gnss-rs/src/main.rs:514)
122.549745 [INFO ] NMEA $GPVTG,52.18,T,,M,0.61,N,1.12,K,A*06 (pico_gnss pico-gnss-rs/src/main.rs:483)
122.605093 [INFO ] TIME unix_ns=1780924336161132626 ppb=2327 holdover_ms=161 locked=1 (pico_gnss pico-gnss-rs/src/main.rs:237)
122.607750 [INFO ] NMEA $GPZDA,131216.000,08,06,2026,,*58 (pico_gnss pico-gnss-rs/src/main.rs:483)
122.638253 [INFO ] NMEA $GPGST,131216.000,8.8,17,10,140.2,14,13,38*43 (pico_gnss pico-gnss-rs/src/main.rs:483)
122.798231 [INFO ] NMEA $GPGGA,131217.000,0000.0000,N,00000.0000,E,1,7,1.00,52.2,M,39.0,M,,*6D (pico_gnss pico-gnss-rs/src/main.rs:483)
122.856626 [INFO ] NMEA $GNGLL,0000.0000,N,00000.0000,E,131217.000,A,A*4F (pico_gnss pico-gnss-rs/src/main.rs:483)
122.915061 [INFO ] NMEA $GNGSA,A,3,24,10,28,32,12,29,23,,,,,,1.37,1.00,0.94*10 (pico_gnss pico-gnss-rs/src/main.rs:483)
122.944582 [INFO ] NMEA $GNGSA,A,3,,,,,,,,,,,,,1.37,1.00,0.94*15 (pico_gnss pico-gnss-rs/src/main.rs:483)
123.031876 [INFO ] NMEA $GPGSV,4,1,13,25,83,079,17,32,63,320,16,12,43,048,23,10,39,222,16*7F (pico_gnss pico-gnss-rs/src/main.rs:483)
123.094719 [INFO ] NMEA $GPGSV,4,2,13,28,38,290,15,29,20,145,17,23,16,189,17,31,13,274,*7D (pico_gnss pico-gnss-rs/src/main.rs:483)
123.153246 [INFO ] NMEA $GPGSV,4,3,13,24,12,082,16,26,03,226,,193,,,,194,,,*72 (pico_gnss pico-gnss-rs/src/main.rs:483)
123.182492 [INFO ] NMEA $GPGSV,4,4,13,195,,,*46 (pico_gnss pico-gnss-rs/src/main.rs:483)
123.241004 [INFO ] NMEA $GLGSV,2,1,08,72,72,153,,75,66,274,,65,50,327,,74,45,026,*6C (pico_gnss pico-gnss-rs/src/main.rs:483)
123.303638 [INFO ] NMEA $GLGSV,2,2,08,71,18,150,,76,16,235,,66,02,329,,73,02,044,17*6E (pico_gnss pico-gnss-rs/src/main.rs:483)
123.391041 [INFO ] NMEA $GNRMC,131217.000,A,0000.0000,N,00000.0000,E,0.65,351.70,080626,,,A*71 (pico_gnss pico-gnss-rs/src/main.rs:483)
123.420609 [INFO ] NMEA $GPVTG,351.70,T,,M,0.65,N,1.20,K,A*3D (pico_gnss pico-gnss-rs/src/main.rs:483)
123.442273 [INFO ] PPSGEN count=118 interval_ns=1000002144 dev_ns=2144 phase_ns=-1918322 hwphase_ns=-160 trim_ppb=-249 cfg=2 p_ns=0 d_ns=-44 (pico_gnss pico-gnss-rs/src/main.rs:330)
123.443957 [INFO ] PPS count=118 interval_us=1000002 interval_ns=1000002320 state=Locked missed=0 (pico_gnss pico-gnss-rs/src/main.rs:203)
123.450123 [INFO ] NMEA $GPZDA,131217.000,08,06,2026,,*59 (pico_gnss pico-gnss-rs/src/main.rs:483)
123.499730 [INFO ] NMEA $GPGST,131217.000,8.9,17,10,140.7,15,13,38*47 (pico_gnss pico-gnss-rs/src/main.rs:483)
123.606359 [INFO ] TIME unix_ns=1780924337162420296 ppb=2327 holdover_ms=1162 locked=1 (pico_gnss pico-gnss-rs/src/main.rs:237)
123.821474 [INFO ] NMEA $GPGGA,131218.000,0000.0000,N,00000.0000,E,1,7,1.00,52.8,M,39.0,M,,*64 (pico_gnss pico-gnss-rs/src/main.rs:483)
123.879811 [INFO ] NMEA $GNGLL,0000.0000,N,00000.0000,E,131218.000,A,A*4C (pico_gnss pico-gnss-rs/src/main.rs:483)
123.938278 [INFO ] NMEA $GNGSA,A,3,24,10,28,32,12,29,23,,,,,,1.37,1.00,0.94*10 (pico_gnss pico-gnss-rs/src/main.rs:483)
123.996491 [INFO ] NMEA $GNGSA,A,3,,,,,,,,,,,,,1.37,1.00,0.94*15 (pico_gnss pico-gnss-rs/src/main.rs:483)
124.055181 [INFO ] NMEA $GPGSV,4,1,13,25,83,079,17,32,63,320,16,12,43,048,23,10,39,222,16*7F (pico_gnss pico-gnss-rs/src/main.rs:483)
124.146680 [INFO ] NMEA $GPGSV,4,2,13,28,38,290,15,29,20,145,17,23,16,189,17,31,13,274,*7D (pico_gnss pico-gnss-rs/src/main.rs:483)
124.205181 [INFO ] NMEA $GPGSV,4,3,13,24,12,082,16,26,03,226,,193,,,,194,,,*72 (pico_gnss pico-gnss-rs/src/main.rs:483)
124.206541 [INFO ] NMEA $GPGSV,4,4,13,195,,,*46 (pico_gnss pico-gnss-rs/src/main.rs:483)
124.292878 [INFO ] NMEA $GLGSV,2,1,08,72,72,153,,75,66,274,,65,50,327,,74,45,026,*6C (pico_gnss pico-gnss-rs/src/main.rs:483)
124.355535 [INFO ] NMEA $GLGSV,2,2,08,71,18,150,,76,16,235,,66,02,329,,73,02,044,17*6E (pico_gnss pico-gnss-rs/src/main.rs:483)
124.414147 [INFO ] NMEA $GNRMC,131218.000,A,0000.0000,N,00000.0000,E,1.35,352.00,080626,,,A*72 (pico_gnss pico-gnss-rs/src/main.rs:483)
124.416729 [INFO ] SYNC pps_local_us=117000272 unix_s=1780924338 drift_us=2 err_ns=-6 holdover_ms=1000 (pico_gnss pico-gnss-rs/src/main.rs:514)
124.442240 [INFO ] PPSGEN count=119 interval_ns=1000002128 dev_ns=2128 phase_ns=-1971322 hwphase_ns=-352 trim_ppb=-247 cfg=2 p_ns=0 d_ns=-48 (pico_gnss pico-gnss-rs/src/main.rs:330)
124.443919 [INFO ] PPS count=119 interval_us=1000002 interval_ns=1000002320 state=Locked missed=0 (pico_gnss pico-gnss-rs/src/main.rs:203)
124.474424 [INFO ] NMEA $GPVTG,352.00,T,,M,1.35,N,2.50,K,A*39 (pico_gnss pico-gnss-rs/src/main.rs:483)
124.503710 [INFO ] NMEA $GPZDA,131218.000,08,06,2026,,*56 (pico_gnss pico-gnss-rs/src/main.rs:483)
124.542101 [INFO ] NMEA $GPGST,131218.000,9.1,16,10,140.0,14,13,37*49 (pico_gnss pico-gnss-rs/src/main.rs:483)
124.607627 [INFO ] TIME unix_ns=1780924339163592293 ppb=2327 holdover_ms=1163 locked=1 (pico_gnss pico-gnss-rs/src/main.rs:237)
124.851565 [INFO ] NMEA $GPGGA,131219.000,0000.0000,N,00000.0000,E,1,7,1.00,53.0,M,39.0,M,,*64 (pico_gnss pico-gnss-rs/src/main.rs:483)
124.909955 [INFO ] NMEA $GNGLL,0000.0000,N,00000.0000,E,131219.000,A,A*45 (pico_gnss pico-gnss-rs/src/main.rs:483)
124.968384 [INFO ] NMEA $GNGSA,A,3,24,10,28,32,12,29,23,,,,,,1.37,1.00,0.94*10 (pico_gnss pico-gnss-rs/src/main.rs:483)
124.997916 [INFO ] NMEA $GNGSA,A,3,,,,,,,,,,,,,1.37,1.00,0.94*15 (pico_gnss pico-gnss-rs/src/main.rs:483)
125.085348 [INFO ] NMEA $GPGSV,4,1,13,25,83,079,17,32,63,320,15,12,43,048,23,10,39,222,17*7D (pico_gnss pico-gnss-rs/src/main.rs:483)
125.148105 [INFO ] NMEA $GPGSV,4,2,13,28,38,290,15,29,20,145,17,23,16,189,17,31,13,274,*7D (pico_gnss pico-gnss-rs/src/main.rs:483)
125.206593 [INFO ] NMEA $GPGSV,4,3,13,24,12,082,16,26,03,226,,193,,,,194,,,*72 (pico_gnss pico-gnss-rs/src/main.rs:483)
125.235806 [INFO ] NMEA $GPGSV,4,4,13,195,,,*46 (pico_gnss pico-gnss-rs/src/main.rs:483)
125.294313 [INFO ] NMEA $GLGSV,2,1,08,72,72,153,,75,66,274,,65,50,327,,74,45,026,*6C (pico_gnss pico-gnss-rs/src/main.rs:483)
125.385618 [INFO ] NMEA $GLGSV,2,2,08,71,18,150,,76,16,235,,66,02,329,,73,02,044,17*6E (pico_gnss pico-gnss-rs/src/main.rs:483)
125.442254 [INFO ] PPSGEN count=120 interval_ns=1000002144 dev_ns=2144 phase_ns=-2027648 hwphase_ns=-528 trim_ppb=-243 cfg=2 p_ns=-33 d_ns=-44 (pico_gnss pico-gnss-rs/src/main.rs:330)
125.443999 [INFO ] PPS count=120 interval_us=1000002 interval_ns=1000002320 state=Locked missed=0 (pico_gnss pico-gnss-rs/src/main.rs:203)
125.445905 [INFO ] NMEA $GNRMC,131219.000,A,0000.0000,N,00000.0000,E,1.24,343.51,080626,,,A*7F (pico_gnss pico-gnss-rs/src/main.rs:483)
125.448482 [INFO ] SYNC pps_local_us=119000277 unix_s=1780924339 drift_us=2 err_ns=-12 holdover_ms=2000 (pico_gnss pico-gnss-rs/src/main.rs:514)
125.475026 [INFO ] NMEA $GPVTG,343.51,T,,M,1.24,N,2.29,K,A*33 (pico_gnss pico-gnss-rs/src/main.rs:483)
125.532662 [INFO ] NMEA $GPZDA,131219.000,08,06,2026,,*57 (pico_gnss pico-gnss-rs/src/main.rs:483)
125.563437 [INFO ] NMEA $GPGST,131219.000,9.2,16,10,140.6,14,13,38*42 (pico_gnss pico-gnss-rs/src/main.rs:483)
125.608867 [INFO ] TIME unix_ns=1780924339164813617 ppb=2326 holdover_ms=164 locked=1 (pico_gnss pico-gnss-rs/src/main.rs:237)
125.888015 [INFO ] NMEA $GPGGA,131220.000,0000.0000,N,00000.0000,E,1,7,1.00,53.3,M,39.0,M,,*6F (pico_gnss pico-gnss-rs/src/main.rs:483)
125.946422 [INFO ] NMEA $GNGLL,0000.0000,N,00000.0000,E,131220.000,A,A*4D (pico_gnss pico-gnss-rs/src/main.rs:483)
126.004856 [INFO ] NMEA $GNGSA,A,3,24,10,28,32,12,29,23,,,,,,1.37,1.00,0.94*10 (pico_gnss pico-gnss-rs/src/main.rs:483)
126.034358 [INFO ] NMEA $GNGSA,A,3,,,,,,,,,,,,,1.37,1.00,0.94*15 (pico_gnss pico-gnss-rs/src/main.rs:483)
126.121735 [INFO ] NMEA $GPGSV,4,1,13,25,83,079,17,32,63,320,15,12,43,048,23,10,39,222,17*7D (pico_gnss pico-gnss-rs/src/main.rs:483)
126.184494 [INFO ] NMEA $GPGSV,4,2,13,28,38,290,15,29,20,145,17,23,16,189,17,31,13,274,*7D (pico_gnss pico-gnss-rs/src/main.rs:483)
126.242947 [INFO ] NMEA $GPGSV,4,3,13,24,12,082,16,26,03,226,,193,,,,194,,,*72 (pico_gnss pico-gnss-rs/src/main.rs:483)
126.272189 [INFO ] NMEA $GPGSV,4,4,13,195,,,*46 (pico_gnss pico-gnss-rs/src/main.rs:483)
126.330688 [INFO ] NMEA $GLGSV,2,1,08,72,72,153,,75,66,274,,65,50,327,,74,45,026,*6C (pico_gnss pico-gnss-rs/src/main.rs:483)
126.389149 [INFO ] NMEA $GLGSV,2,2,08,71,18,150,,76,16,235,,66,02,329,,73,02,044,17*6E (pico_gnss pico-gnss-rs/src/main.rs:483)
126.442279 [INFO ] PPSGEN count=121 interval_ns=1000002144 dev_ns=2144 phase_ns=-2070321 hwphase_ns=-704 trim_ppb=-238 cfg=2 p_ns=-44 d_ns=-44 (pico_gnss pico-gnss-rs/src/main.rs:330)
126.444048 [INFO ] PPS count=121 interval_us=1000002 interval_ns=1000002320 state=Locked missed=0 (pico_gnss pico-gnss-rs/src/main.rs:203)
126.480696 [INFO ] NMEA $GNRMC,131220.000,A,0000.0000,N,00000.0000,E,1.05,338.38,080626,,,A*77 (pico_gnss pico-gnss-rs/src/main.rs:483)
126.483287 [INFO ] SYNC pps_local_us=120000279 unix_s=1780924340 drift_us=2 err_ns=-6 holdover_ms=1000 (pico_gnss pico-gnss-rs/src/main.rs:514)
126.510241 [INFO ] NMEA $GPVTG,338.38,T,,M,1.05,N,1.94,K,A*36 (pico_gnss pico-gnss-rs/src/main.rs:483)
126.539321 [INFO ] NMEA $GPZDA,131220.000,08,06,2026,,*5D (pico_gnss pico-gnss-rs/src/main.rs:483)
126.590260 [INFO ] NMEA $GPGST,131220.000,9.2,17,10,141.3,14,13,38*4D (pico_gnss pico-gnss-rs/src/main.rs:483)
126.610103 [INFO ] TIME unix_ns=1780924340166024614 ppb=2326 holdover_ms=166 locked=1 (pico_gnss pico-gnss-rs/src/main.rs:237)
126.936342 [INFO ] NMEA $GPGGA,131221.000,0000.0000,N,00000.0000,E,1,7,1.00,53.7,M,39.0,M,,*64 (pico_gnss pico-gnss-rs/src/main.rs:483)
126.965993 [INFO ] NMEA $GNGLL,0000.0000,N,00000.0000,E,131221.000,A,A*42 (pico_gnss pico-gnss-rs/src/main.rs:483)
127.024363 [INFO ] NMEA $GNGSA,A,3,24,10,28,32,12,29,23,,,,,,1.37,1.00,0.94*10 (pico_gnss pico-gnss-rs/src/main.rs:483)
127.082592 [INFO ] NMEA $GNGSA,A,3,,,,,,,,,,,,,1.37,1.00,0.94*15 (pico_gnss pico-gnss-rs/src/main.rs:483)
127.141279 [INFO ] NMEA $GPGSV,4,1,13,25,83,079,17,32,63,320,15,12,43,048,23,10,39,222,17*7D (pico_gnss pico-gnss-rs/src/main.rs:483)
127.232779 [INFO ] NMEA $GPGSV,4,2,13,28,38,290,14,29,20,145,17,23,16,189,17,31,13,274,*7C (pico_gnss pico-gnss-rs/src/main.rs:483)
127.291284 [INFO ] NMEA $GPGSV,4,3,13,24,12,082,16,26,03,226,,193,,,,194,,,*72 (pico_gnss pico-gnss-rs/src/main.rs:483)
127.320512 [INFO ] NMEA $GPGSV,4,4,13,195,,,*46 (pico_gnss pico-gnss-rs/src/main.rs:483)
127.378886 [INFO ] NMEA $GLGSV,2,1,08,72,72,153,,75,66,274,,65,50,327,,74,45,026,*6C (pico_gnss pico-gnss-rs/src/main.rs:483)
127.437354 [INFO ] NMEA $GLGSV,2,2,08,71,18,150,,76,16,235,,66,02,329,,73,02,044,16*6F (pico_gnss pico-gnss-rs/src/main.rs:483)
127.442259 [INFO ] PPSGEN count=122 interval_ns=1000002176 dev_ns=2176 phase_ns=-2090321 hwphase_ns=-848 trim_ppb=-232 cfg=2 p_ns=-53 d_ns=-36 (pico_gnss pico-gnss-rs/src/main.rs:330)
127.444019 [INFO ] PPS count=122 interval_us=1000002 interval_ns=1000002304 state=Locked missed=0 (pico_gnss pico-gnss-rs/src/main.rs:203)
127.500093 [INFO ] NMEA $GNRMC,131221.000,A,0000.0000,N,00000.0000,E,1.42,327.44,080626,,,A*7E (pico_gnss pico-gnss-rs/src/main.rs:483)
127.502690 [INFO ] SYNC pps_local_us=121000282 unix_s=1780924341 drift_us=2 err_ns=-21 holdover_ms=999 (pico_gnss pico-gnss-rs/src/main.rs:514)
127.558202 [INFO ] NMEA $GPVTG,327.44,T,,M,1.42,N,2.62,K,A*3A (pico_gnss pico-gnss-rs/src/main.rs:483)
127.587509 [INFO ] NMEA $GPZDA,131221.000,08,06,2026,,*5C (pico_gnss pico-gnss-rs/src/main.rs:483)
127.611365 [INFO ] TIME unix_ns=1780924341167287611 ppb=2325 holdover_ms=167 locked=1 (pico_gnss pico-gnss-rs/src/main.rs:237)
127.629155 [INFO ] NMEA $GPGST,131221.000,9.3,17,10,142.0,15,13,38*4C (pico_gnss pico-gnss-rs/src/main.rs:483)
127.907690 [INFO ] NMEA $GPGGA,131222.000,0000.0000,N,00000.0000,E,1,7,1.00,54.0,M,39.0,M,,*64 (pico_gnss pico-gnss-rs/src/main.rs:483)
127.960925 [INFO ] NMEA $GNGLL,0000.0000,N,00000.0000,E,131222.000,A,A*42 (pico_gnss pico-gnss-rs/src/main.rs:483)
128.019347 [INFO ] NMEA $GNGSA,A,3,24,10,28,32,12,29,23,,,,,,1.37,1.00,0.94*10 (pico_gnss pico-gnss-rs/src/main.rs:483)
128.077579 [INFO ] NMEA $GNGSA,A,3,,,,,,,,,,,,,1.37,1.00,0.94*15 (pico_gnss pico-gnss-rs/src/main.rs:483)
128.136260 [INFO ] NMEA $GPGSV,4,1,13,25,83,079,17,32,63,320,15,12,43,048,23,10,39,222,17*7D (pico_gnss pico-gnss-rs/src/main.rs:483)
128.199008 [INFO ] NMEA $GPGSV,4,2,13,28,38,290,14,29,20,145,17,23,16,189,17,31,13,274,*7C (pico_gnss pico-gnss-rs/src/main.rs:483)
128.257505 [INFO ] NMEA $GPGSV,4,3,13,24,12,082,16,26,03,226,,193,,,,194,,,*72 (pico_gnss pico-gnss-rs/src/main.rs:483)
128.286722 [INFO ] NMEA $GPGSV,4,4,13,195,,,*46 (pico_gnss pico-gnss-rs/src/main.rs:483)
128.345198 [INFO ] NMEA $GLGSV,2,1,08,72,72,153,,75,66,274,,65,50,327,,74,45,026,*6C (pico_gnss pico-gnss-rs/src/main.rs:483)
128.432353 [INFO ] NMEA $GLGSV,2,2,08,71,18,150,,76,16,235,,66,02,329,,73,02,044,16*6F (pico_gnss pico-gnss-rs/src/main.rs:483)
128.442264 [INFO ] PPSGEN count=123 interval_ns=1000002208 dev_ns=2208 phase_ns=-2053320 hwphase_ns=-944 trim_ppb=-225 cfg=2 p_ns=-59 d_ns=-24 (pico_gnss pico-gnss-rs/src/main.rs:330)
128.444032 [INFO ] PPS count=123 interval_us=1000002 interval_ns=1000002320 state=Locked missed=0 (pico_gnss pico-gnss-rs/src/main.rs:203)
128.495093 [INFO ] NMEA $GNRMC,131222.000,A,0000.0000,N,00000.0000,E,0.67,57.78,080626,,,A*43 (pico_gnss pico-gnss-rs/src/main.rs:483)
128.497697 [INFO ] SYNC pps_local_us=122000284 unix_s=1780924342 drift_us=2 err_ns=-5 holdover_ms=1000 (pico_gnss pico-gnss-rs/src/main.rs:514)
128.524714 [INFO ] NMEA $GPVTG,57.78,T,,M,0.67,N,1.24,K,A*06 (pico_gnss pico-gnss-rs/src/main.rs:483)
128.582388 [INFO ] NMEA $GPZDA,131222.000,08,06,2026,,*5F (pico_gnss pico-gnss-rs/src/main.rs:483)
128.612909 [INFO ] TIME unix_ns=1780924342168802608 ppb=2325 holdover_ms=168 locked=1 (pico_gnss pico-gnss-rs/src/main.rs:237)
128.614598 [INFO ] NMEA $GPGST,131222.000,9.3,16,10,141.6,14,13,38*4A (pico_gnss pico-gnss-rs/src/main.rs:483)
128.908801 [INFO ] NMEA $GPGGA,131223.000,0000.0000,N,00000.0000,E,1,7,1.00,53.8,M,39.0,M,,*6D (pico_gnss pico-gnss-rs/src/main.rs:483)
128.973330 [INFO ] NMEA $GNGLL,0000.0000,N,00000.0000,E,131223.000,A,A*44 (pico_gnss pico-gnss-rs/src/main.rs:483)
129.031751 [INFO ] NMEA $GNGSA,A,3,24,10,28,32,12,29,23,,,,,,1.37,1.00,0.94*10 (pico_gnss pico-gnss-rs/src/main.rs:483)
129.061300 [INFO ] NMEA $GNGSA,A,3,,,,,,,,,,,,,1.37,1.00,0.94*15 (pico_gnss pico-gnss-rs/src/main.rs:483)
129.148663 [INFO ] NMEA $GPGSV,4,1,13,25,83,079,17,32,63,320,14,12,43,048,23,10,39,222,18*73 (pico_gnss pico-gnss-rs/src/main.rs:483)
129.211507 [INFO ] NMEA $GPGSV,4,2,13,28,38,290,14,29,20,145,18,23,16,189,17,31,13,274,*73 (pico_gnss pico-gnss-rs/src/main.rs:483)
129.269966 [INFO ] NMEA $GPGSV,4,3,13,24,12,082,16,26,03,226,,193,,,,194,,,*72 (pico_gnss pico-gnss-rs/src/main.rs:483)
129.299221 [INFO ] NMEA $GPGSV,4,4,13,195,,,*46 (pico_gnss pico-gnss-rs/src/main.rs:483)
129.357643 [INFO ] NMEA $GLGSV,2,1,08,72,72,153,,75,66,274,,65,50,327,,74,45,026,*6C (pico_gnss pico-gnss-rs/src/main.rs:483)
129.416096 [INFO ] NMEA $GLGSV,2,2,08,71,18,150,,76,16,235,,66,02,329,,73,02,044,16*6F (pico_gnss pico-gnss-rs/src/main.rs:483)
129.442262 [INFO ] PPSGEN count=124 interval_ns=1000002192 dev_ns=2192 phase_ns=-2061320 hwphase_ns=-1072 trim_ppb=-217 cfg=2 p_ns=-67 d_ns=-32 (pico_gnss pico-gnss-rs/src/main.rs:330)
129.444016 [INFO ] PPS count=124 interval_us=1000002 interval_ns=1000002336 state=Locked missed=0 (pico_gnss pico-gnss-rs/src/main.rs:203)
129.507511 [INFO ] NMEA $GNRMC,131223.000,A,0000.0000,N,00000.0000,E,0.44,57.78,080626,,,A*44 (pico_gnss pico-gnss-rs/src/main.rs:483)
129.510117 [INFO ] SYNC pps_local_us=123000286 unix_s=1780924343 drift_us=2 err_ns=11 holdover_ms=999 (pico_gnss pico-gnss-rs/src/main.rs:514)
129.537161 [INFO ] NMEA $GPVTG,57.78,T,,M,0.44,N,0.82,K,A*0A (pico_gnss pico-gnss-rs/src/main.rs:483)
129.566206 [INFO ] NMEA $GPZDA,131223.000,08,06,2026,,*5E (pico_gnss pico-gnss-rs/src/main.rs:483)
129.614267 [INFO ] TIME unix_ns=1780924343170154605 ppb=2326 holdover_ms=170 locked=1 (pico_gnss pico-gnss-rs/src/main.rs:237)
129.615728 [INFO ] NMEA $GPGST,131223.000,9.3,16,10,141.7,14,13,38*4A (pico_gnss pico-gnss-rs/src/main.rs:483)
129.907866 [INFO ] NMEA $GPGGA,131224.000,0000.0000,N,00000.0000,E,1,7,1.00,53.8,M,39.0,M,,*6D (pico_gnss pico-gnss-rs/src/main.rs:483)
129.954935 [INFO ] NMEA $GNGLL,0000.0000,N,00000.0000,E,131224.000,A,A*44 (pico_gnss pico-gnss-rs/src/main.rs:483)
130.013342 [INFO ] NMEA $GNGSA,A,3,24,10,28,32,12,29,23,,,,,,1.37,1.00,0.94*10 (pico_gnss pico-gnss-rs/src/main.rs:483)
130.071606 [INFO ] NMEA $GNGSA,A,3,,,,,,,,,,,,,1.37,1.00,0.94*15 (pico_gnss pico-gnss-rs/src/main.rs:483)
130.130266 [INFO ] NMEA $GPGSV,4,1,13,25,83,079,17,32,63,320,13,12,43,048,23,10,39,222,18*74 (pico_gnss pico-gnss-rs/src/main.rs:483)
130.221765 [INFO ] NMEA $GPGSV,4,2,13,28,38,290,14,29,20,145,18,23,16,189,17,31,13,274,*73 (pico_gnss pico-gnss-rs/src/main.rs:483)
130.280221 [INFO ] NMEA $GPGSV,4,3,13,24,12,082,16,26,03,226,,193,,,,194,,,*72 (pico_gnss pico-gnss-rs/src/main.rs:483)
130.281586 [INFO ] NMEA $GPGSV,4,4,13,195,,,*46 (pico_gnss pico-gnss-rs/src/main.rs:483)
130.367890 [INFO ] NMEA $GLGSV,2,1,08,72,72,153,,75,66,274,,65,50,327,,74,45,026,*6C (pico_gnss pico-gnss-rs/src/main.rs:483)
130.426370 [INFO ] NMEA $GLGSV,2,2,08,71,18,150,,76,16,235,,66,02,329,,73,02,044,16*6F (pico_gnss pico-gnss-rs/src/main.rs:483)
130.442292 [INFO ] PPSGEN count=125 interval_ns=1000002208 dev_ns=2208 phase_ns=-2046320 hwphase_ns=-1200 trim_ppb=-208 cfg=2 p_ns=-75 d_ns=-32 (pico_gnss pico-gnss-rs/src/main.rs:330)
130.444054 [INFO ] PPS count=125 interval_us=1000002 interval_ns=1000002320 state=Locked missed=0 (pico_gnss pico-gnss-rs/src/main.rs:203)
130.489091 [INFO ] NMEA $GNRMC,131224.000,A,0000.0000,N,00000.0000,E,0.33,57.78,080626,,,A*44 (pico_gnss pico-gnss-rs/src/main.rs:483)
130.491679 [INFO ] SYNC pps_local_us=124000288 unix_s=1780924344 drift_us=2 err_ns=-5 holdover_ms=1000 (pico_gnss pico-gnss-rs/src/main.rs:514)
130.547168 [INFO ] NMEA $GPVTG,57.78,T,,M,0.33,N,0.61,K,A*07 (pico_gnss pico-gnss-rs/src/main.rs:483)
130.576464 [INFO ] NMEA $GPZDA,131224.000,08,06,2026,,*59 (pico_gnss pico-gnss-rs/src/main.rs:483)
130.612831 [INFO ] NMEA $GPGST,131224.000,9.3,17,10,142.0,14,13,38*48 (pico_gnss pico-gnss-rs/src/main.rs:483)
130.615518 [INFO ] TIME unix_ns=1780924344171417602 ppb=2325 holdover_ms=171 locked=1 (pico_gnss pico-gnss-rs/src/main.rs:237)
130.908892 [INFO ] NMEA $GPGGA,131225.000,0000.0000,N,00000.0000,E,1,7,1.00,53.9,M,39.0,M,,*65 (pico_gnss pico-gnss-rs/src/main.rs:483)
130.967241 [INFO ] NMEA $GNGLL,0000.0000,N,00000.0000,E,131225.000,A,A*4D (pico_gnss pico-gnss-rs/src/main.rs:483)
131.025717 [INFO ] NMEA $GNGSA,A,3,24,10,28,32,12,29,23,,,,,,1.37,1.00,0.94*10 (pico_gnss pico-gnss-rs/src/main.rs:483)
131.055163 [INFO ] NMEA $GNGSA,A,3,,,,,,,,,,,,,1.37,1.00,0.94*15 (pico_gnss pico-gnss-rs/src/main.rs:483)
131.142592 [INFO ] NMEA $GPGSV,4,1,13,25,83,079,17,32,63,320,12,12,43,048,23,10,39,222,18*75 (pico_gnss pico-gnss-rs/src/main.rs:483)
131.201328 [INFO ] NMEA $GPGSV,4,2,13,28,38,290,14,29,20,145,18,23,16,189,17,31,13,274,*73 (pico_gnss pico-gnss-rs/src/main.rs:483)
131.263883 [INFO ] NMEA $GPGSV,4,3,13,24,12,082,16,26,03,226,,193,,,,194,,,*72 (pico_gnss pico-gnss-rs/src/main.rs:483)
131.293171 [INFO ] NMEA $GPGSV,4,4,13,195,,,*46 (pico_gnss pico-gnss-rs/src/main.rs:483)
131.351597 [INFO ] NMEA $GLGSV,2,1,08,72,72,153,,75,66,274,,65,50,327,,74,45,026,*6C (pico_gnss pico-gnss-rs/src/main.rs:483)
131.438740 [INFO ] NMEA $GLGSV,2,2,08,71,18,150,,76,16,235,,66,02,329,,73,02,044,16*6F (pico_gnss pico-gnss-rs/src/main.rs:483)
131.442267 [INFO ] PPSGEN count=126 interval_ns=1000002224 dev_ns=2224 phase_ns=-2088320 hwphase_ns=-1296 trim_ppb=-198 cfg=2 p_ns=-81 d_ns=-24 (pico_gnss pico-gnss-rs/src/main.rs:330)
131.444032 [INFO ] PPS count=126 interval_us=1000002 interval_ns=1000002304 state=Locked missed=0 (pico_gnss pico-gnss-rs/src/main.rs:203)
131.501527 [INFO ] NMEA $GNRMC,131225.000,A,0000.0000,N,00000.0000,E,1.26,114.32,080626,,,A*70 (pico_gnss pico-gnss-rs/src/main.rs:483)
131.504137 [INFO ] SYNC pps_local_us=125000291 unix_s=1780924345 drift_us=2 err_ns=-20 holdover_ms=999 (pico_gnss pico-gnss-rs/src/main.rs:514)
131.531168 [INFO ] NMEA $GPVTG,114.32,T,,M,1.26,N,2.33,K,A*3F (pico_gnss pico-gnss-rs/src/main.rs:483)
131.588833 [INFO ] NMEA $GPZDA,131225.000,08,06,2026,,*58 (pico_gnss pico-gnss-rs/src/main.rs:483)
131.616711 [INFO ] NMEA $GPGST,131225.000,9.3,16,10,141.5,14,13,38*4E (pico_gnss pico-gnss-rs/src/main.rs:483)
131.618269 [INFO ] TIME unix_ns=1780924345174194596 ppb=2325 holdover_ms=174 locked=1 (pico_gnss pico-gnss-rs/src/main.rs:237)
131.912797 [INFO ] NMEA $GPGGA,131226.000,0000.0000,N,00000.0000,E,1,7,1.00,53.9,M,39.0,M,,*66 (pico_gnss pico-gnss-rs/src/main.rs:483)
131.980375 [INFO ] NMEA $GNGLL,0000.0000,N,00000.0000,E,131226.000,A,A*4E (pico_gnss pico-gnss-rs/src/main.rs:483)
132.038822 [INFO ] NMEA $GNGSA,A,3,24,10,28,32,12,29,23,,,,,,1.37,1.00,0.94*10 (pico_gnss pico-gnss-rs/src/main.rs:483)
132.068374 [INFO ] NMEA $GNGSA,A,3,,,,,,,,,,,,,1.37,1.00,0.94*15 (pico_gnss pico-gnss-rs/src/main.rs:483)
132.155711 [INFO ] NMEA $GPGSV,4,1,13,25,83,079,16,32,63,320,12,12,43,048,23,10,39,222,18*74 (pico_gnss pico-gnss-rs/src/main.rs:483)
132.214414 [INFO ] NMEA $GPGSV,4,2,13,28,38,290,14,29,20,145,18,23,16,189,17,31,13,274,*73 (pico_gnss pico-gnss-rs/src/main.rs:483)
132.276971 [INFO ] NMEA $GPGSV,4,3,13,24,12,082,16,26,03,226,,193,,,,194,,,*72 (pico_gnss pico-gnss-rs/src/main.rs:483)
132.306214 [INFO ] NMEA $GPGSV,4,4,13,195,,,*46 (pico_gnss pico-gnss-rs/src/main.rs:483)
132.364638 [INFO ] NMEA $GLGSV,2,1,08,72,72,153,,75,66,274,,65,50,327,,74,45,026,*6C (pico_gnss pico-gnss-rs/src/main.rs:483)
132.423098 [INFO ] NMEA $GLGSV,2,2,08,71,18,150,,76,16,235,,66,02,329,,73,02,044,16*6F (pico_gnss pico-gnss-rs/src/main.rs:483)
132.442287 [INFO ] PPSGEN count=127 interval_ns=1000002240 dev_ns=2240 phase_ns=-2055320 hwphase_ns=-1360 trim_ppb=-188 cfg=2 p_ns=-85 d_ns=-16 (pico_gnss pico-gnss-rs/src/main.rs:330)
132.444054 [INFO ] PPS count=127 interval_us=1000002 interval_ns=1000002320 state=Locked missed=0 (pico_gnss pico-gnss-rs/src/main.rs:203)
132.514549 [INFO ] NMEA $GNRMC,131226.000,A,0000.0000,N,00000.0000,E,1.43,122.97,080626,,,A*7A (pico_gnss pico-gnss-rs/src/main.rs:483)
132.517153 [INFO ] SYNC pps_local_us=126000293 unix_s=1780924346 drift_us=2 err_ns=-4 holdover_ms=1000 (pico_gnss pico-gnss-rs/src/main.rs:514)
132.544219 [INFO ] NMEA $GPVTG,122.97,T,,M,1.43,N,2.65,K,A*35 (pico_gnss pico-gnss-rs/src/main.rs:483)
132.573272 [INFO ] NMEA $GPZDA,131226.000,08,06,2026,,*5B (pico_gnss pico-gnss-rs/src/main.rs:483)
132.619767 [INFO ] TIME unix_ns=1780924346175398593 ppb=2325 holdover_ms=175 locked=1 (pico_gnss pico-gnss-rs/src/main.rs:237)
132.621258 [INFO ] NMEA $GPGST,131226.000,9.3,16,10,141.6,14,13,38*4E (pico_gnss pico-gnss-rs/src/main.rs:483)
132.919928 [INFO ] NMEA $GPGGA,131227.000,0000.0000,N,00000.0000,E,1,7,1.00,53.8,M,39.0,M,,*67 (pico_gnss pico-gnss-rs/src/main.rs:483)
132.978267 [INFO ] NMEA $GNGLL,0000.0000,N,00000.0000,E,131227.000,A,A*4E (pico_gnss pico-gnss-rs/src/main.rs:483)
133.026424 [INFO ] NMEA $GNGSA,A,3,24,10,28,32,12,29,23,,,,,,1.37,1.00,0.94*10 (pico_gnss pico-gnss-rs/src/main.rs:483)
133.084691 [INFO ] NMEA $GNGSA,A,3,,,,,,,,,,,,,1.37,1.00,0.94*15 (pico_gnss pico-gnss-rs/src/main.rs:483)
133.143345 [INFO ] NMEA $GPGSV,4,1,13,25,83,079,16,32,63,320,12,12,43,048,23,10,39,222,18*74 (pico_gnss pico-gnss-rs/src/main.rs:483)
133.230754 [INFO ] NMEA $GPGSV,4,2,13,28,38,290,15,29,20,145,18,23,16,189,17,31,13,274,*72 (pico_gnss pico-gnss-rs/src/main.rs:483)
133.264554 [INFO ] NMEA $GPGSV,4,3,13,24,12,082,16,26,03,226,,193,,,,194,,,*72 (pico_gnss pico-gnss-rs/src/main.rs:483)
133.293812 [INFO ] NMEA $GPGSV,4,4,13,195,,,*46 (pico_gnss pico-gnss-rs/src/main.rs:483)
133.380941 [INFO ] NMEA $GLGSV,2,1,08,72,72,153,,75,66,274,,65,50,327,,74,45,026,*6C (pico_gnss pico-gnss-rs/src/main.rs:483)
133.439421 [INFO ] NMEA $GLGSV,2,2,08,71,18,150,,76,16,235,,66,02,329,,73,02,044,16*6F (pico_gnss pico-gnss-rs/src/main.rs:483)
133.442266 [INFO ] PPSGEN count=128 interval_ns=1000002240 dev_ns=2240 phase_ns=-2087319 hwphase_ns=-1440 trim_ppb=-177 cfg=2 p_ns=-90 d_ns=-20 (pico_gnss pico-gnss-rs/src/main.rs:330)
133.444019 [INFO ] PPS count=128 interval_us=1000002 interval_ns=1000002336 state=Locked missed=0 (pico_gnss pico-gnss-rs/src/main.rs:203)
133.498107 [INFO ] NMEA $GNRMC,131227.000,A,0000.0000,N,00000.0000,E,0.84,122.22,080626,,,A*7E (pico_gnss pico-gnss-rs/src/main.rs:483)
133.500693 [INFO ] SYNC pps_local_us=127000295 unix_s=1780924347 drift_us=2 err_ns=12 holdover_ms=999 (pico_gnss pico-gnss-rs/src/main.rs:514)
133.560209 [INFO ] NMEA $GPVTG,122.22,T,,M,0.84,N,1.55,K,A*31 (pico_gnss pico-gnss-rs/src/main.rs:483)
133.589547 [INFO ] NMEA $GPZDA,131227.000,08,06,2026,,*5A (pico_gnss pico-gnss-rs/src/main.rs:483)
133.621053 [INFO ] TIME unix_ns=1780924347176967589 ppb=2325 holdover_ms=176 locked=1 (pico_gnss pico-gnss-rs/src/main.rs:237)
133.627271 [INFO ] NMEA $GPGST,131227.000,9.3,16,10,141.8,14,13,38*41 (pico_gnss pico-gnss-rs/src/main.rs:483)
133.914855 [INFO ] NMEA $GPGGA,131228.000,0000.0000,N,00000.0000,E,1,7,1.00,53.8,M,39.0,M,,*6E (pico_gnss pico-gnss-rs/src/main.rs:483)
133.973203 [INFO ] NMEA $GNGLL,0000.0000,N,00000.0000,E,131228.000,A,A*47 (pico_gnss pico-gnss-rs/src/main.rs:483)
134.030637 [INFO ] NMEA $GNGSA,A,3,24,10,28,32,12,29,23,,,,,,1.37,1.00,0.94*10 (pico_gnss pico-gnss-rs/src/main.rs:483)
134.060120 [INFO ] NMEA $GNGSA,A,3,,,,,,,,,,,,,1.37,1.00,0.94*15 (pico_gnss pico-gnss-rs/src/main.rs:483)
134.147513 [INFO ] NMEA $GPGSV,4,1,13,25,83,079,16,32,63,320,13,12,43,048,22,10,39,222,18*74 (pico_gnss pico-gnss-rs/src/main.rs:483)
134.206166 [INFO ] NMEA $GPGSV,4,2,13,28,38,290,15,29,20,145,18,23,16,189,17,31,13,274,*72 (pico_gnss pico-gnss-rs/src/main.rs:483)
134.268709 [INFO ] NMEA $GPGSV,4,3,13,24,12,082,16,26,03,226,,193,,,,194,,,*72 (pico_gnss pico-gnss-rs/src/main.rs:483)
134.298006 [INFO ] NMEA $GPGSV,4,4,13,195,,,*46 (pico_gnss pico-gnss-rs/src/main.rs:483)
134.356401 [INFO ] NMEA $GLGSV,2,1,08,72,72,153,,75,66,274,,65,50,327,,74,45,026,*6C (pico_gnss pico-gnss-rs/src/main.rs:483)
134.442298 [INFO ] PPSGEN count=129 interval_ns=1000002256 dev_ns=2256 phase_ns=-2051320 hwphase_ns=-1520 trim_ppb=-166 cfg=2 p_ns=-95 d_ns=-20 (pico_gnss pico-gnss-rs/src/main.rs:330)
134.444083 [INFO ] PPS count=129 interval_us=1000002 interval_ns=1000002320 state=Locked missed=0 (pico_gnss pico-gnss-rs/src/main.rs:203)
134.445749 [INFO ] NMEA $GLGSV,2,2,08,71,18,150,,76,16,235,,66,02,329,,73,02,044,15*6C (pico_gnss pico-gnss-rs/src/main.rs:483)
134.503227 [INFO ] NMEA $GNRMC,131228.000,A,0000.0000,N,00000.0000,E,1.18,96.76,080626,,,A*4C (pico_gnss pico-gnss-rs/src/main.rs:483)
134.505813 [INFO ] SYNC pps_local_us=128000298 unix_s=1780924348 drift_us=2 err_ns=-4 holdover_ms=1000 (pico_gnss pico-gnss-rs/src/main.rs:514)
134.535659 [INFO ] NMEA $GPVTG,96.76,T,,M,1.18,N,2.19,K,A*01 (pico_gnss pico-gnss-rs/src/main.rs:483)
134.593602 [INFO ] NMEA $GPZDA,131228.000,08,06,2026,,*55 (pico_gnss pico-gnss-rs/src/main.rs:483)
134.620228 [INFO ] NMEA $GPGST,131228.000,9.2,16,10,142.0,14,13,38*44 (pico_gnss pico-gnss-rs/src/main.rs:483)
134.622302 [INFO ] TIME unix_ns=1780924348178182586 ppb=2325 holdover_ms=178 locked=1 (pico_gnss pico-gnss-rs/src/main.rs:237)
134.920810 [INFO ] NMEA $GPGGA,131229.000,0000.0000,N,00000.0000,E,1,7,1.00,53.7,M,39.0,M,,*64 (pico_gnss pico-gnss-rs/src/main.rs:483)
134.979148 [INFO ] NMEA $GNGLL,0000.0000,N,00000.0000,E,131229.000,A,A*42 (pico_gnss pico-gnss-rs/src/main.rs:483)
135.019095 [INFO ] NMEA $GNGSA,A,3,24,10,28,32,12,29,23,,,,,,1.37,1.00,0.94*10 (pico_gnss pico-gnss-rs/src/main.rs:483)
135.077308 [INFO ] NMEA $GNGSA,A,3,,,,,,,,,,,,,1.37,1.00,0.94*15 (pico_gnss pico-gnss-rs/src/main.rs:483)
135.136000 [INFO ] NMEA $GPGSV,4,1,13,25,83,079,16,32,63,320,13,12,43,048,22,10,39,222,18*74 (pico_gnss pico-gnss-rs/src/main.rs:483)
135.223392 [INFO ] NMEA $GPGSV,4,2,13,28,38,290,15,29,20,145,18,23,16,189,17,31,13,274,*72 (pico_gnss pico-gnss-rs/src/main.rs:483)
135.285989 [INFO ] NMEA $GPGSV,4,3,13,24,12,082,16,26,03,226,,193,,,,194,,,*72 (pico_gnss pico-gnss-rs/src/main.rs:483)
135.315208 [INFO ] NMEA $GPGSV,4,4,13,195,,,*46 (pico_gnss pico-gnss-rs/src/main.rs:483)
135.373626 [INFO ] NMEA $GLGSV,2,1,08,72,72,153,,75,66,274,,65,50,327,,74,45,026,*6C (pico_gnss pico-gnss-rs/src/main.rs:483)
135.432085 [INFO ] NMEA $GLGSV,2,2,08,71,18,150,,76,16,235,,66,02,329,,73,02,044,15*6C (pico_gnss pico-gnss-rs/src/main.rs:483)
135.442293 [INFO ] PPSGEN count=130 interval_ns=1000002272 dev_ns=2272 phase_ns=-2093319 hwphase_ns=-1568 trim_ppb=-154 cfg=2 p_ns=-98 d_ns=-12 (pico_gnss pico-gnss-rs/src/main.rs:330)
135.444043 [INFO ] PPS count=130 interval_us=1000002 interval_ns=1000002320 state=Locked missed=0 (pico_gnss pico-gnss-rs/src/main.rs:203)
135.519421 [INFO ] NMEA $GNRMC,131229.000,A,0000.0000,N,00000.0000,E,1.18,96.39,080626,,,A*42 (pico_gnss pico-gnss-rs/src/main.rs:483)
135.522043 [INFO ] SYNC pps_local_us=129000300 unix_s=1780924349 drift_us=2 err_ns=-4 holdover_ms=999 (pico_gnss pico-gnss-rs/src/main.rs:514)
135.552891 [INFO ] NMEA $GPVTG,96.39,T,,M,1.18,N,2.19,K,A*0A (pico_gnss pico-gnss-rs/src/main.rs:483)
135.582179 [INFO ] NMEA $GPZDA,131229.000,08,06,2026,,*54 (pico_gnss pico-gnss-rs/src/main.rs:483)
135.623571 [INFO ] TIME unix_ns=1780924349179433583 ppb=2325 holdover_ms=179 locked=1 (pico_gnss pico-gnss-rs/src/main.rs:237)
135.626160 [INFO ] NMEA $GPGST,131229.000,9.2,16,10,141.9,14,13,38*4F (pico_gnss pico-gnss-rs/src/main.rs:483)
135.908680 [INFO ] NMEA $GPGGA,131230.000,0000.0000,N,00000.0000,E,1,7,1.00,53.7,M,39.0,M,,*6D (pico_gnss pico-gnss-rs/src/main.rs:483)
135.967029 [INFO ] NMEA $GNGLL,0000.0000,N,00000.0000,E,131230.000,A,A*4B (pico_gnss pico-gnss-rs/src/main.rs:483)
136.018276 [INFO ] NMEA $GNGSA,A,3,24,10,28,32,12,29,23,,,,,,1.37,1.00,0.94*10 (pico_gnss pico-gnss-rs/src/main.rs:483)
136.076520 [INFO ] NMEA $GNGSA,A,3,,,,,,,,,,,,,1.37,1.00,0.94*15 (pico_gnss pico-gnss-rs/src/main.rs:483)
136.135186 [INFO ] NMEA $GPGSV,4,1,13,25,83,079,16,32,63,320,14,12,43,048,22,10,39,222,18*73 (pico_gnss pico-gnss-rs/src/main.rs:483)
136.222584 [INFO ] NMEA $GPGSV,4,2,13,28,38,290,14,29,20,145,18,23,16,189,17,31,13,274,*73 (pico_gnss pico-gnss-rs/src/main.rs:483)
136.280976 [INFO ] NMEA $GPGSV,4,3,13,24,12,082,16,26,03,226,,193,,,,194,,,*72 (pico_gnss pico-gnss-rs/src/main.rs:483)
136.285628 [INFO ] NMEA $GPGSV,4,4,13,195,,,*46 (pico_gnss pico-gnss-rs/src/main.rs:483)
136.344120 [INFO ] NMEA $GLGSV,2,1,08,72,72,153,,75,66,274,,65,50,327,,74,45,026,*6C (pico_gnss pico-gnss-rs/src/main.rs:483)
136.431289 [INFO ] NMEA $GLGSV,2,2,08,71,18,150,,76,16,235,,66,02,329,,73,02,044,15*6C (pico_gnss pico-gnss-rs/src/main.rs:483)
136.442271 [INFO ] PPSGEN count=131 interval_ns=1000002288 dev_ns=2288 phase_ns=-2084319 hwphase_ns=-1600 trim_ppb=-142 cfg=2 p_ns=-100 d_ns=-8 (pico_gnss pico-gnss-rs/src/main.rs:330)
136.444049 [INFO ] PPS count=131 interval_us=1000002 interval_ns=1000002336 state=Locked missed=0 (pico_gnss pico-gnss-rs/src/main.rs:203)
136.489992 [INFO ] NMEA $GNRMC,131230.000,A,0000.0000,N,00000.0000,E,0.50,96.39,080626,,,A*46 (pico_gnss pico-gnss-rs/src/main.rs:483)
136.492590 [INFO ] SYNC pps_local_us=130000302 unix_s=1780924350 drift_us=2 err_ns=11 holdover_ms=999 (pico_gnss pico-gnss-rs/src/main.rs:514)
136.552018 [INFO ] NMEA $GPVTG,96.39,T,,M,0.50,N,0.93,K,A*07 (pico_gnss pico-gnss-rs/src/main.rs:483)
136.581383 [INFO ] NMEA $GPZDA,131230.000,08,06,2026,,*5C (pico_gnss pico-gnss-rs/src/main.rs:483)
136.610837 [INFO ] NMEA $GPGST,131230.000,9.1,16,10,141.9,14,13,37*4B (pico_gnss pico-gnss-rs/src/main.rs:483)
136.624831 [INFO ] TIME unix_ns=1780924350180738580 ppb=2325 holdover_ms=180 locked=1 (pico_gnss pico-gnss-rs/src/main.rs:237)
136.911780 [INFO ] NMEA $GPGGA,131231.000,0000.0000,N,00000.0000,E,1,7,1.00,53.6,M,39.0,M,,*65 (pico_gnss pico-gnss-rs/src/main.rs:483)
136.970134 [INFO ] NMEA $GNGLL,0000.0000,N,00000.0000,E,131231.000,A,A*42 (pico_gnss pico-gnss-rs/src/main.rs:483)
137.032681 [INFO ] NMEA $GNGSA,A,3,24,10,28,32,12,29,23,,,,,,1.37,1.00,0.94*10 (pico_gnss pico-gnss-rs/src/main.rs:483)
137.062215 [INFO ] NMEA $GNGSA,A,3,,,,,,,,,,,,,1.37,1.00,0.94*15 (pico_gnss pico-gnss-rs/src/main.rs:483)
137.149582 [INFO ] NMEA $GPGSV,4,1,13,25,83,079,16,32,63,320,15,12,43,048,22,10,39,222,18*72 (pico_gnss pico-gnss-rs/src/main.rs:483)
137.208231 [INFO ] NMEA $GPGSV,4,2,13,28,38,290,14,29,20,145,19,23,16,189,17,31,13,274,*72 (pico_gnss pico-gnss-rs/src/main.rs:483)
137.266697 [INFO ] NMEA $GPGSV,4,3,13,24,12,082,16,26,03,226,,193,,,,194,,,*72 (pico_gnss pico-gnss-rs/src/main.rs:483)
137.299985 [INFO ] NMEA $GPGSV,4,4,13,195,,,*46 (pico_gnss pico-gnss-rs/src/main.rs:483)
137.358482 [INFO ] NMEA $GLGSV,2,1,08,72,72,153,,75,66,274,,65,50,327,,74,45,026,*6C (pico_gnss pico-gnss-rs/src/main.rs:483)
137.416948 [INFO ] NMEA $GLGSV,2,2,08,71,18,150,,76,16,235,,66,02,329,,73,02,044,15*6C (pico_gnss pico-gnss-rs/src/main.rs:483)
137.442273 [INFO ] PPSGEN count=132 interval_ns=1000002304 dev_ns=2304 phase_ns=-2070320 hwphase_ns=-1632 trim_ppb=-130 cfg=2 p_ns=-102 d_ns=-8 (pico_gnss pico-gnss-rs/src/main.rs:330)
137.443995 [INFO ] PPS count=132 interval_us=1000002 interval_ns=1000002320 state=Locked missed=0 (pico_gnss pico-gnss-rs/src/main.rs:203)
137.504304 [INFO ] NMEA $GNRMC,131231.000,A,0000.0000,N,00000.0000,E,1.01,132.89,080626,,,A*7E (pico_gnss pico-gnss-rs/src/main.rs:483)
137.506913 [INFO ] SYNC pps_local_us=131000305 unix_s=1780924351 drift_us=2 err_ns=-4 holdover_ms=999 (pico_gnss pico-gnss-rs/src/main.rs:514)
137.533937 [INFO ] NMEA $GPVTG,132.89,T,,M,1.01,N,1.87,K,A*32 (pico_gnss pico-gnss-rs/src/main.rs:483)
137.567011 [INFO ] NMEA $GPZDA,131231.000,08,06,2026,,*5D (pico_gnss pico-gnss-rs/src/main.rs:483)
137.619122 [INFO ] NMEA $GPGST,131231.000,9.1,16,10,141.8,14,13,37*4B (pico_gnss pico-gnss-rs/src/main.rs:483)
137.626087 [INFO ] TIME unix_ns=1780924351182026577 ppb=2325 holdover_ms=182 locked=1 (pico_gnss pico-gnss-rs/src/main.rs:237)
137.911865 [INFO ] NMEA $GPGGA,131232.000,0000.0000,N,00000.0000,E,1,7,1.00,53.6,M,39.0,M,,*6E (pico_gnss pico-gnss-rs/src/main.rs:483)
137.970226 [INFO ] NMEA $GNGLL,0000.0000,N,00000.0000,E,131232.000,A,A*49 (pico_gnss pico-gnss-rs/src/main.rs:483)
138.028636 [INFO ] NMEA $GNGSA,A,3,24,10,28,32,12,29,23,,,,,,1.37,1.00,0.94*10 (pico_gnss pico-gnss-rs/src/main.rs:483)
138.071445 [INFO ] NMEA $GNGSA,A,3,,,,,,,,,,,,,1.37,1.00,0.94*15 (pico_gnss pico-gnss-rs/src/main.rs:483)
138.130140 [INFO ] NMEA $GPGSV,4,1,13,25,83,079,16,32,63,320,14,12,43,048,22,10,39,222,18*73 (pico_gnss pico-gnss-rs/src/main.rs:483)
138.217548 [INFO ] NMEA $GPGSV,4,2,13,28,38,290,14,29,20,145,19,23,16,189,17,31,13,274,*72 (pico_gnss pico-gnss-rs/src/main.rs:483)
138.276052 [INFO ] NMEA $GPGSV,4,3,13,24,12,082,16,26,03,226,,193,,,,194,,,*72 (pico_gnss pico-gnss-rs/src/main.rs:483)
138.309328 [INFO ] NMEA $GPGSV,4,4,13,195,,,*46 (pico_gnss pico-gnss-rs/src/main.rs:483)
138.367791 [INFO ] NMEA $GLGSV,2,1,08,72,72,153,,75,66,274,,65,50,327,,74,45,026,*6C (pico_gnss pico-gnss-rs/src/main.rs:483)
138.426259 [INFO ] NMEA $GLGSV,2,2,08,71,18,150,,76,16,235,,66,02,329,,73,02,044,15*6C (pico_gnss pico-gnss-rs/src/main.rs:483)
138.442304 [INFO ] PPSGEN count=133 interval_ns=1000002288 dev_ns=2288 phase_ns=-2023320 hwphase_ns=-1664 trim_ppb=-117 cfg=2 p_ns=-104 d_ns=-8 (pico_gnss pico-gnss-rs/src/main.rs:330)
138.444076 [INFO ] PPS count=133 interval_us=1000002 interval_ns=1000002320 state=Locked missed=0 (pico_gnss pico-gnss-rs/src/main.rs:203)
138.513591 [INFO ] NMEA $GNRMC,131232.000,A,0000.0000,N,00000.0000,E,1.77,84.95,080626,,,A*45 (pico_gnss pico-gnss-rs/src/main.rs:483)
138.516180 [INFO ] SYNC pps_local_us=132000307 unix_s=1780924352 drift_us=2 err_ns=-4 holdover_ms=1000 (pico_gnss pico-gnss-rs/src/main.rs:514)
138.543229 [INFO ] NMEA $GPVTG,84.95,T,,M,1.77,N,3.28,K,A*05 (pico_gnss pico-gnss-rs/src/main.rs:483)
138.576279 [INFO ] NMEA $GPZDA,131232.000,08,06,2026,,*5E (pico_gnss pico-gnss-rs/src/main.rs:483)
138.616903 [INFO ] NMEA $GPGST,131232.000,9.0,16,10,141.8,14,13,37*49 (pico_gnss pico-gnss-rs/src/main.rs:483)
138.627333 [INFO ] TIME unix_ns=1780924352183216575 ppb=2325 holdover_ms=183 locked=1 (pico_gnss pico-gnss-rs/src/main.rs:237)
138.869830 [INFO ] NMEA $GPGGA,131233.000,0000.0000,N,00000.0000,E,1,7,1.00,53.5,M,39.0,M,,*62 (pico_gnss pico-gnss-rs/src/main.rs:483)
138.928166 [INFO ] NMEA $GNGLL,0000.0000,N,00000.0000,E,131233.000,A,A*46 (pico_gnss pico-gnss-rs/src/main.rs:483)
138.986639 [INFO ] NMEA $GNGSA,A,3,24,10,28,32,12,29,23,,,,,,1.37,1.00,0.94*10 (pico_gnss pico-gnss-rs/src/main.rs:483)
139.012037 [INFO ] NMEA $GNGSA,A,3,,,,,,,,,,,,,1.37,1.00,0.94*15 (pico_gnss pico-gnss-rs/src/main.rs:483)
139.099381 [INFO ] NMEA $GPGSV,4,1,13,25,83,079,16,32,63,320,13,12,43,048,22,10,39,222,18*74 (pico_gnss pico-gnss-rs/src/main.rs:483)
139.158075 [INFO ] NMEA $GPGSV,4,2,13,28,38,290,15,29,20,145,19,23,16,189,17,31,13,274,*73 (pico_gnss pico-gnss-rs/src/main.rs:483)
139.216515 [INFO ] NMEA $GPGSV,4,3,13,24,12,082,16,26,03,226,,193,,,,194,,,*72 (pico_gnss pico-gnss-rs/src/main.rs:483)
139.245753 [INFO ] NMEA $GPGSV,4,4,13,195,,,*46 (pico_gnss pico-gnss-rs/src/main.rs:483)
139.308326 [INFO ] NMEA $GLGSV,2,1,08,72,72,153,,75,66,274,,65,50,327,,74,45,026,*6C (pico_gnss pico-gnss-rs/src/main.rs:483)
139.395560 [INFO ] NMEA $GLGSV,2,2,08,71,18,150,,76,16,235,,66,02,329,,73,02,044,15*6C (pico_gnss pico-gnss-rs/src/main.rs:483)
139.442294 [INFO ] PPSGEN count=134 interval_ns=1000002320 dev_ns=2320 phase_ns=-2090319 hwphase_ns=-1664 trim_ppb=-104 cfg=2 p_ns=-104 d_ns=0 (pico_gnss pico-gnss-rs/src/main.rs:330)
139.443997 [INFO ] PPS count=134 interval_us=1000002 interval_ns=1000002320 state=Locked missed=0 (pico_gnss pico-gnss-rs/src/main.rs:203)
139.454628 [INFO ] NMEA $GNRMC,131233.000,A,0000.0000,N,00000.0000,E,0.83,109.11,080626,,,A*78 (pico_gnss pico-gnss-rs/src/main.rs:483)
139.457195 [INFO ] SYNC pps_local_us=133000309 unix_s=1780924353 drift_us=2 err_ns=-4 holdover_ms=999 (pico_gnss pico-gnss-rs/src/main.rs:514)
139.512331 [INFO ] NMEA $GPVTG,109.11,T,,M,0.83,N,1.54,K,A*3E (pico_gnss pico-gnss-rs/src/main.rs:483)
139.545629 [INFO ] NMEA $GPZDA,131233.000,08,06,2026,,*5F (pico_gnss pico-gnss-rs/src/main.rs:483)
139.577463 [INFO ] NMEA $GPGST,131233.000,9.0,16,10,142.0,14,13,37*43 (pico_gnss pico-gnss-rs/src/main.rs:483)
139.628570 [INFO ] TIME unix_ns=1780924353184532572 ppb=2325 holdover_ms=184 locked=1 (pico_gnss pico-gnss-rs/src/main.rs:237)
139.877651 [INFO ] NMEA $GPGGA,131234.000,0000.0000,N,00000.0000,E,1,7,1.00,53.4,M,39.0,M,,*64 (pico_gnss pico-gnss-rs/src/main.rs:483)
139.935980 [INFO ] NMEA $GNGLL,0000.0000,N,00000.0000,E,131234.000,A,A*41 (pico_gnss pico-gnss-rs/src/main.rs:483)
139.994458 [INFO ] NMEA $GNGSA,A,3,24,10,28,32,12,29,23,,,,,,1.37,1.00,0.94*10 (pico_gnss pico-gnss-rs/src/main.rs:483)
140.029014 [INFO ] NMEA $GNGSA,A,3,,,,,,,,,,,,,1.37,1.00,0.94*15 (pico_gnss pico-gnss-rs/src/main.rs:483)
140.116438 [INFO ] NMEA $GPGSV,4,1,13,25,83,079,16,32,63,320,13,12,43,048,22,10,39,222,18*74 (pico_gnss pico-gnss-rs/src/main.rs:483)
140.175123 [INFO ] NMEA $GPGSV,4,2,13,28,38,290,15,29,20,145,20,23,16,189,17,31,13,274,*79 (pico_gnss pico-gnss-rs/src/main.rs:483)
140.233573 [INFO ] NMEA $GPGSV,4,3,13,24,12,082,16,26,03,226,,193,,,,194,,,*72 (pico_gnss pico-gnss-rs/src/main.rs:483)
140.262824 [INFO ] NMEA $GPGSV,4,4,13,195,,,*46 (pico_gnss pico-gnss-rs/src/main.rs:483)
140.325417 [INFO ] NMEA $GLGSV,2,1,08,72,72,153,,75,66,274,,65,50,327,,74,45,026,*6C (pico_gnss pico-gnss-rs/src/main.rs:483)
140.383877 [INFO ] NMEA $GLGSV,2,2,08,71,18,150,,76,16,235,,66,02,329,,73,02,044,14*6D (pico_gnss pico-gnss-rs/src/main.rs:483)
140.442296 [INFO ] PPSGEN count=135 interval_ns=1000002352 dev_ns=2352 phase_ns=-2016319 hwphase_ns=-1632 trim_ppb=-92 cfg=2 p_ns=-102 d_ns=8 (pico_gnss pico-gnss-rs/src/main.rs:330)
140.444014 [INFO ] PPS count=135 interval_us=1000002 interval_ns=1000002320 state=Locked missed=0 (pico_gnss pico-gnss-rs/src/main.rs:203)
140.474418 [INFO ] NMEA $GNRMC,131234.000,A,0000.0000,N,00000.0000,E,0.48,109.11,080626,,,A*78 (pico_gnss pico-gnss-rs/src/main.rs:483)
140.477024 [INFO ] SYNC pps_local_us=134000312 unix_s=1780924354 drift_us=2 err_ns=-4 holdover_ms=1000 (pico_gnss pico-gnss-rs/src/main.rs:514)
140.503993 [INFO ] NMEA $GPVTG,109.11,T,,M,0.48,N,0.88,K,A*39 (pico_gnss pico-gnss-rs/src/main.rs:483)
140.533049 [INFO ] NMEA $GPZDA,131234.000,08,06,2026,,*58 (pico_gnss pico-gnss-rs/src/main.rs:483)
140.584984 [INFO ] NMEA $GPGST,131234.000,9.0,16,10,141.5,14,13,37*42 (pico_gnss pico-gnss-rs/src/main.rs:483)
140.629822 [INFO ] TIME unix_ns=1780924354185776569 ppb=2324 holdover_ms=185 locked=1 (pico_gnss pico-gnss-rs/src/main.rs:237)
140.887605 [INFO ] NMEA $GPGGA,131235.000,0000.0000,N,00000.0000,E,1,7,1.00,53.3,M,39.0,M,,*63 (pico_gnss pico-gnss-rs/src/main.rs:483)
140.945932 [INFO ] NMEA $GNGLL,0000.0000,N,00000.0000,E,131235.000,A,A*41 (pico_gnss pico-gnss-rs/src/main.rs:483)
141.004427 [INFO ] NMEA $GNGSA,A,3,24,10,28,32,12,29,23,,,,,,1.37,1.00,0.94*10 (pico_gnss pico-gnss-rs/src/main.rs:483)
141.048208 [INFO ] NMEA $GNGSA,A,3,,,,,,,,,,,,,1.37,1.00,0.94*15 (pico_gnss pico-gnss-rs/src/main.rs:483)
141.106914 [INFO ] NMEA $GPGSV,4,1,13,25,83,079,16,32,63,320,12,12,43,048,22,10,39,222,18*75 (pico_gnss pico-gnss-rs/src/main.rs:483)
141.194327 [INFO ] NMEA $GPGSV,4,2,13,28,38,290,14,29,20,145,20,23,16,189,17,31,13,274,*78 (pico_gnss pico-gnss-rs/src/main.rs:483)
141.252800 [INFO ] NMEA $GPGSV,4,3,13,24,12,082,16,26,03,226,,193,,,,194,,,*72 (pico_gnss pico-gnss-rs/src/main.rs:483)
141.282027 [INFO ] NMEA $GPGSV,4,4,13,195,,,*46 (pico_gnss pico-gnss-rs/src/main.rs:483)
141.344573 [INFO ] NMEA $GLGSV,2,1,08,72,72,153,,75,66,274,,65,50,327,,74,45,026,*6C (pico_gnss pico-gnss-rs/src/main.rs:483)
141.403042 [INFO ] NMEA $GLGSV,2,2,08,71,18,150,,76,16,235,,66,02,329,,73,02,044,15*6C (pico_gnss pico-gnss-rs/src/main.rs:483)
141.442301 [INFO ] PPSGEN count=136 interval_ns=1000002336 dev_ns=2336 phase_ns=-2014319 hwphase_ns=-1616 trim_ppb=-80 cfg=2 p_ns=-101 d_ns=4 (pico_gnss pico-gnss-rs/src/main.rs:330)
141.444012 [INFO ] PPS count=136 interval_us=1000002 interval_ns=1000002320 state=Locked missed=0 (pico_gnss pico-gnss-rs/src/main.rs:203)
141.490487 [INFO ] NMEA $GNRMC,131235.000,A,0000.0000,N,00000.0000,E,0.32,109.11,080626,,,A*75 (pico_gnss pico-gnss-rs/src/main.rs:483)
141.493107 [INFO ] SYNC pps_local_us=135000314 unix_s=1780924355 drift_us=2 err_ns=-4 holdover_ms=1000 (pico_gnss pico-gnss-rs/src/main.rs:514)
141.520050 [INFO ] NMEA $GPVTG,109.11,T,,M,0.32,N,0.60,K,A*32 (pico_gnss pico-gnss-rs/src/main.rs:483)
141.549097 [INFO ] NMEA $GPZDA,131235.000,08,06,2026,,*59 (pico_gnss pico-gnss-rs/src/main.rs:483)
141.594765 [INFO ] NMEA $GPGST,131235.000,8.9,16,10,141.4,14,13,37*4A (pico_gnss pico-gnss-rs/src/main.rs:483)
141.631070 [INFO ] TIME unix_ns=1780924355187004566 ppb=2324 holdover_ms=187 locked=1 (pico_gnss pico-gnss-rs/src/main.rs:237)
141.900737 [INFO ] NMEA $GPGGA,131236.000,0000.0000,N,00000.0000,E,1,7,1.00,53.1,M,39.0,M,,*66 (pico_gnss pico-gnss-rs/src/main.rs:483)
141.959060 [INFO ] NMEA $GNGLL,0000.0000,N,00000.0000,E,131236.000,A,A*46 (pico_gnss pico-gnss-rs/src/main.rs:483)
142.017528 [INFO ] NMEA $GNGSA,A,3,24,10,28,32,12,29,23,,,,,,1.37,1.00,0.94*10 (pico_gnss pico-gnss-rs/src/main.rs:483)
142.070596 [INFO ] NMEA $GNGSA,A,3,,,,,,,,,,,,,1.37,1.00,0.94*15 (pico_gnss pico-gnss-rs/src/main.rs:483)
142.129238 [INFO ] NMEA $GPGSV,4,1,13,25,83,079,16,32,63,320,12,12,43,048,22,10,39,222,18*75 (pico_gnss pico-gnss-rs/src/main.rs:483)
142.187917 [INFO ] NMEA $GPGSV,4,2,13,28,38,290,14,29,20,145,20,23,16,189,17,31,13,274,*78 (pico_gnss pico-gnss-rs/src/main.rs:483)
142.246368 [INFO ] NMEA $GPGSV,4,3,13,24,12,082,16,26,03,226,,193,,,,194,,,*72 (pico_gnss pico-gnss-rs/src/main.rs:483)
142.275636 [INFO ] NMEA $GPGSV,4,4,13,195,,,*46 (pico_gnss pico-gnss-rs/src/main.rs:483)
142.338201 [INFO ] NMEA $GLGSV,2,1,08,72,72,153,,75,66,274,,65,50,327,,74,45,026,*6C (pico_gnss pico-gnss-rs/src/main.rs:483)
142.425375 [INFO ] NMEA $GLGSV,2,2,08,71,18,150,,76,16,235,,66,02,329,,73,02,044,15*6C (pico_gnss pico-gnss-rs/src/main.rs:483)
142.442316 [INFO ] PPSGEN count=137 interval_ns=1000002352 dev_ns=2352 phase_ns=-2010319 hwphase_ns=-1584 trim_ppb=-68 cfg=2 p_ns=-99 d_ns=8 (pico_gnss pico-gnss-rs/src/main.rs:330)
142.444002 [INFO ] PPS count=137 interval_us=1000002 interval_ns=1000002320 state=Locked missed=0 (pico_gnss pico-gnss-rs/src/main.rs:203)
142.484077 [INFO ] NMEA $GNRMC,131236.000,A,0000.0000,N,00000.0000,E,1.45,75.94,080626,,,A*44 (pico_gnss pico-gnss-rs/src/main.rs:483)
142.486667 [INFO ] SYNC pps_local_us=136000316 unix_s=1780924356 drift_us=2 err_ns=-4 holdover_ms=999 (pico_gnss pico-gnss-rs/src/main.rs:514)
142.542066 [INFO ] NMEA $GPVTG,75.94,T,,M,1.45,N,2.68,K,A*0E (pico_gnss pico-gnss-rs/src/main.rs:483)
142.571402 [INFO ] NMEA $GPZDA,131236.000,08,06,2026,,*5A (pico_gnss pico-gnss-rs/src/main.rs:483)
142.606102 [INFO ] NMEA $GPGST,131236.000,8.8,16,10,141.5,14,13,37*49 (pico_gnss pico-gnss-rs/src/main.rs:483)
142.632322 [INFO ] TIME unix_ns=1780924356188269563 ppb=2324 holdover_ms=188 locked=1 (pico_gnss pico-gnss-rs/src/main.rs:237)
142.882693 [INFO ] NMEA $GPGGA,131237.000,0000.0000,N,00000.0000,E,1,6,1.04,52.9,M,39.0,M,,*66 (pico_gnss pico-gnss-rs/src/main.rs:483)
142.941035 [INFO ] NMEA $GNGLL,0000.0000,N,00000.0000,E,131237.000,A,A*4A (pico_gnss pico-gnss-rs/src/main.rs:483)
142.999528 [INFO ] NMEA $GNGSA,A,3,24,10,28,12,29,23,,,,,,,1.41,1.04,0.96*16 (pico_gnss pico-gnss-rs/src/main.rs:483)
143.029009 [INFO ] NMEA $GNGSA,A,3,,,,,,,,,,,,,1.41,1.04,0.96*12 (pico_gnss pico-gnss-rs/src/main.rs:483)
143.093720 [INFO ] NMEA $GPGSV,4,1,13,25,83,079,16,32,63,320,,12,43,048,23,10,39,222,18*77 (pico_gnss pico-gnss-rs/src/main.rs:483)
143.181205 [INFO ] NMEA $GPGSV,4,2,13,28,38,290,15,29,20,145,20,23,16,189,17,31,13,274,*79 (pico_gnss pico-gnss-rs/src/main.rs:483)
143.239645 [INFO ] NMEA $GPGSV,4,3,13,24,12,082,16,26,03,226,,193,,,,194,,,*72 (pico_gnss pico-gnss-rs/src/main.rs:483)
143.268886 [INFO ] NMEA $GPGSV,4,4,13,195,,,*46 (pico_gnss pico-gnss-rs/src/main.rs:483)
143.331480 [INFO ] NMEA $GLGSV,2,1,08,72,72,153,,75,66,274,,65,50,327,,74,45,026,*6C (pico_gnss pico-gnss-rs/src/main.rs:483)
143.389959 [INFO ] NMEA $GLGSV,2,2,08,71,18,150,,76,16,235,,66,02,329,,73,02,044,14*6D (pico_gnss pico-gnss-rs/src/main.rs:483)
143.442297 [INFO ] PPSGEN count=138 interval_ns=1000002352 dev_ns=2352 phase_ns=-2024319 hwphase_ns=-1552 trim_ppb=-56 cfg=2 p_ns=-97 d_ns=8 (pico_gnss pico-gnss-rs/src/main.rs:330)
143.444010 [INFO ] PPS count=138 interval_us=1000002 interval_ns=1000002336 state=Locked missed=0 (pico_gnss pico-gnss-rs/src/main.rs:203)
143.477360 [INFO ] NMEA $GNRMC,131237.000,A,0000.0000,N,00000.0000,E,1.40,99.16,080626,,,A*45 (pico_gnss pico-gnss-rs/src/main.rs:483)
143.479950 [INFO ] SYNC pps_local_us=137000319 unix_s=1780924357 drift_us=2 err_ns=12 holdover_ms=1000 (pico_gnss pico-gnss-rs/src/main.rs:514)
143.506911 [INFO ] NMEA $GPVTG,99.16,T,,M,1.40,N,2.60,K,A*0B (pico_gnss pico-gnss-rs/src/main.rs:483)
143.535986 [INFO ] NMEA $GPZDA,131237.000,08,06,2026,,*5B (pico_gnss pico-gnss-rs/src/main.rs:483)
143.584052 [INFO ] NMEA $GPGST,131237.000,8.8,15,10,140.9,14,12,36*46 (pico_gnss pico-gnss-rs/src/main.rs:483)
143.633584 [INFO ] TIME unix_ns=1780924357189520560 ppb=2325 holdover_ms=189 locked=1 (pico_gnss pico-gnss-rs/src/main.rs:237)
143.885020 [INFO ] NMEA $GPGGA,131238.000,0000.0000,N,00000.0000,E,1,6,1.04,52.8,M,39.0,M,,*66 (pico_gnss pico-gnss-rs/src/main.rs:483)
143.943352 [INFO ] NMEA $GNGLL,0000.0000,N,00000.0000,E,131238.000,A,A*4B (pico_gnss pico-gnss-rs/src/main.rs:483)
144.001786 [INFO ] NMEA $GNGSA,A,3,24,10,28,12,29,23,,,,,,,1.41,1.04,0.96*16 (pico_gnss pico-gnss-rs/src/main.rs:483)
144.031281 [INFO ] NMEA $GNGSA,A,3,,,,,,,,,,,,,1.41,1.04,0.96*12 (pico_gnss pico-gnss-rs/src/main.rs:483)
144.111413 [INFO ] NMEA $GPGSV,4,1,13,25,83,079,16,32,63,320,,12,43,048,23,10,39,222,18*77 (pico_gnss pico-gnss-rs/src/main.rs:483)
144.170097 [INFO ] NMEA $GPGSV,4,2,13,28,38,290,15,29,20,145,20,23,16,189,17,31,13,274,*79 (pico_gnss pico-gnss-rs/src/main.rs:483)
144.228514 [INFO ] NMEA $GPGSV,4,3,13,24,12,082,16,26,03,226,,193,,,,194,,,*72 (pico_gnss pico-gnss-rs/src/main.rs:483)
144.257788 [INFO ] NMEA $GPGSV,4,4,13,195,,,*46 (pico_gnss pico-gnss-rs/src/main.rs:483)
144.316284 [INFO ] NMEA $GLGSV,2,1,08,72,72,153,,75,66,274,,65,50,327,,74,45,026,*6C (pico_gnss pico-gnss-rs/src/main.rs:483)
144.407588 [INFO ] NMEA $GLGSV,2,2,08,71,18,150,,76,16,235,,66,02,329,,73,02,044,14*6D (pico_gnss pico-gnss-rs/src/main.rs:483)
144.442313 [INFO ] PPSGEN count=139 interval_ns=1000002368 dev_ns=2368 phase_ns=-2030319 hwphase_ns=-1520 trim_ppb=-45 cfg=2 p_ns=-95 d_ns=8 (pico_gnss pico-gnss-rs/src/main.rs:330)
144.444008 [INFO ] PPS count=139 interval_us=1000002 interval_ns=1000002320 state=Locked missed=0 (pico_gnss pico-gnss-rs/src/main.rs:203)
144.466684 [INFO ] NMEA $GNRMC,131238.000,A,0000.0000,N,00000.0000,E,2.51,126.87,080626,,,A*7A (pico_gnss pico-gnss-rs/src/main.rs:483)
144.469272 [INFO ] SYNC pps_local_us=138000321 unix_s=1780924358 drift_us=2 err_ns=-4 holdover_ms=999 (pico_gnss pico-gnss-rs/src/main.rs:514)
144.524330 [INFO ] NMEA $GPVTG,126.87,T,,M,2.51,N,4.66,K,A*35 (pico_gnss pico-gnss-rs/src/main.rs:483)
144.553653 [INFO ] NMEA $GPZDA,131238.000,08,06,2026,,*54 (pico_gnss pico-gnss-rs/src/main.rs:483)
144.587880 [INFO ] NMEA $GPGST,131238.000,8.7,15,10,140.6,14,13,36*48 (pico_gnss pico-gnss-rs/src/main.rs:483)
144.634831 [INFO ] TIME unix_ns=1780924358190764557 ppb=2324 holdover_ms=190 locked=1 (pico_gnss pico-gnss-rs/src/main.rs:237)
144.751072 [INFO ] NMEA $GPGGA,131239.000,0000.0000,N,00000.0000,E,1,6,1.04,52.6,M,39.0,M,,*6D (pico_gnss pico-gnss-rs/src/main.rs:483)
144.809442 [INFO ] NMEA $GNGLL,0000.0000,N,00000.0000,E,131239.000,A,A*4E (pico_gnss pico-gnss-rs/src/main.rs:483)
144.867872 [INFO ] NMEA $GNGSA,A,3,24,10,28,12,29,23,,,,,,,1.41,1.04,0.96*16 (pico_gnss pico-gnss-rs/src/main.rs:483)
144.897412 [INFO ] NMEA $GNGSA,A,3,,,,,,,,,,,,,1.41,1.04,0.96*12 (pico_gnss pico-gnss-rs/src/main.rs:483)
144.960111 [INFO ] NMEA $GPGSV,4,1,13,25,83,079,16,32,63,320,,12,43,048,23,28,38,290,14*78 (pico_gnss pico-gnss-rs/src/main.rs:483)
145.047575 [INFO ] NMEA $GPGSV,4,2,13,10,38,221,18,29,20,145,20,23,16,189,17,31,13,274,*75 (pico_gnss pico-gnss-rs/src/main.rs:483)
145.106030 [INFO ] NMEA $GPGSV,4,3,13,24,12,082,16,26,03,226,,193,,,,194,,,*72 (pico_gnss pico-gnss-rs/src/main.rs:483)
145.135296 [INFO ] NMEA $GPGSV,4,4,13,195,,,*46 (pico_gnss pico-gnss-rs/src/main.rs:483)
145.193754 [INFO ] NMEA $GLGSV,2,1,08,72,72,153,,75,66,274,,65,50,327,,74,45,026,*6C (pico_gnss pico-gnss-rs/src/main.rs:483)
145.256426 [INFO ] NMEA $GLGSV,2,2,08,71,18,150,,76,16,235,,66,02,329,,73,02,044,15*6C (pico_gnss pico-gnss-rs/src/main.rs:483)
145.343916 [INFO ] NMEA $GNRMC,131239.000,A,0000.0000,N,00000.0000,E,1.61,170.33,080626,,,A*73 (pico_gnss pico-gnss-rs/src/main.rs:483)
145.373510 [INFO ] NMEA $GPVTG,170.33,T,,M,1.61,N,2.99,K,A*3F (pico_gnss pico-gnss-rs/src/main.rs:483)
145.402665 [INFO ] NMEA $GPZDA,131239.000,08,06,2026,,*55 (pico_gnss pico-gnss-rs/src/main.rs:483)
145.442339 [INFO ] PPSGEN count=140 interval_ns=1000002384 dev_ns=2384 phase_ns=-2021319 hwphase_ns=-1456 trim_ppb=-34 cfg=2 p_ns=-91 d_ns=16 (pico_gnss pico-gnss-rs/src/main.rs:330)
145.444057 [INFO ] PPS count=140 interval_us=1000002 interval_ns=1000002320 state=Locked missed=0 (pico_gnss pico-gnss-rs/src/main.rs:203)
145.454097 [INFO ] NMEA $GPGST,131239.000,8.7,14,9.3,136.8,12,12,30*63 (pico_gnss pico-gnss-rs/src/main.rs:483)
145.636094 [INFO ] TIME unix_ns=1780924359192019230 ppb=2324 holdover_ms=1192 locked=1 (pico_gnss pico-gnss-rs/src/main.rs:237)
145.857409 [INFO ] NMEA $GPGGA,131240.000,0000.0000,N,00000.0000,E,1,6,1.04,52.5,M,39.0,M,,*69 (pico_gnss pico-gnss-rs/src/main.rs:483)
145.887077 [INFO ] NMEA $GNGLL,0000.0000,N,00000.0000,E,131240.000,A,A*49 (pico_gnss pico-gnss-rs/src/main.rs:483)
145.945442 [INFO ] NMEA $GNGSA,A,3,24,10,28,12,29,23,,,,,,,1.41,1.04,0.96*16 (pico_gnss pico-gnss-rs/src/main.rs:483)
146.003664 [INFO ] NMEA $GNGSA,A,3,,,,,,,,,,,,,1.41,1.04,0.96*12 (pico_gnss pico-gnss-rs/src/main.rs:483)
146.066383 [INFO ] NMEA $GPGSV,4,1,13,25,83,079,16,32,63,320,,12,43,048,23,28,38,290,14*78 (pico_gnss pico-gnss-rs/src/main.rs:483)
146.125065 [INFO ] NMEA $GPGSV,4,2,13,10,38,221,18,29,20,145,20,23,16,189,17,31,13,274,*75 (pico_gnss pico-gnss-rs/src/main.rs:483)
146.183533 [INFO ] NMEA $GPGSV,4,3,13,24,12,082,16,26,03,226,,193,,,,194,,,*72 (pico_gnss pico-gnss-rs/src/main.rs:483)
146.212774 [INFO ] NMEA $GPGSV,4,4,13,195,,,*46 (pico_gnss pico-gnss-rs/src/main.rs:483)
146.300002 [INFO ] NMEA $GLGSV,2,1,08,72,72,153,,75,66,274,,65,50,327,,74,45,026,*6C (pico_gnss pico-gnss-rs/src/main.rs:483)
146.362649 [INFO ] NMEA $GLGSV,2,2,08,71,18,150,,76,16,235,,66,02,329,,73,02,044,15*6C (pico_gnss pico-gnss-rs/src/main.rs:483)
146.421264 [INFO ] NMEA $GNRMC,131240.000,A,0000.0000,N,00000.0000,E,1.37,148.46,080626,,,A*7E (pico_gnss pico-gnss-rs/src/main.rs:483)
146.423837 [INFO ] SYNC pps_local_us=139000323 unix_s=1780924360 drift_us=2 err_ns=-4 holdover_ms=1000 (pico_gnss pico-gnss-rs/src/main.rs:514)
146.442306 [INFO ] PPSGEN count=141 interval_ns=1000002384 dev_ns=2384 phase_ns=-1988319 hwphase_ns=-1392 trim_ppb=-24 cfg=2 p_ns=-87 d_ns=16 (pico_gnss pico-gnss-rs/src/main.rs:330)
146.443997 [INFO ] PPS count=141 interval_us=1000002 interval_ns=1000002320 state=Locked missed=0 (pico_gnss pico-gnss-rs/src/main.rs:203)
146.479422 [INFO ] NMEA $GPVTG,148.46,T,,M,1.37,N,2.54,K,A*34 (pico_gnss pico-gnss-rs/src/main.rs:483)
146.508696 [INFO ] NMEA $GPZDA,131240.000,08,06,2026,,*5B (pico_gnss pico-gnss-rs/src/main.rs:483)
146.547131 [INFO ] NMEA $GPGST,131240.000,8.6,14,9.3,137.0,12,12,31*64 (pico_gnss pico-gnss-rs/src/main.rs:483)
146.637347 [INFO ] TIME unix_ns=1780924361193243227 ppb=2324 holdover_ms=1193 locked=1 (pico_gnss pico-gnss-rs/src/main.rs:237)
146.836827 [INFO ] NMEA $GPGGA,131241.000,0000.0000,N,00000.0000,E,1,6,1.04,52.3,M,39.0,M,,*60 (pico_gnss pico-gnss-rs/src/main.rs:483)
146.895173 [INFO ] NMEA $GNGLL,0000.0000,N,00000.0000,E,131241.000,A,A*46 (pico_gnss pico-gnss-rs/src/main.rs:483)
146.953629 [INFO ] NMEA $GNGSA,A,3,24,10,28,12,29,23,,,,,,,1.41,1.04,0.96*16 (pico_gnss pico-gnss-rs/src/main.rs:483)
146.983091 [INFO ] NMEA $GNGSA,A,3,,,,,,,,,,,,,1.41,1.04,0.96*12 (pico_gnss pico-gnss-rs/src/main.rs:483)
147.074563 [INFO ] NMEA $GPGSV,4,1,13,25,83,079,16,32,63,320,,12,42,047,23,28,38,290,14*76 (pico_gnss pico-gnss-rs/src/main.rs:483)
147.133226 [INFO ] NMEA $GPGSV,4,2,13,10,38,221,18,29,20,145,20,23,16,189,17,31,13,274,*75 (pico_gnss pico-gnss-rs/src/main.rs:483)
147.191717 [INFO ] NMEA $GPGSV,4,3,13,24,12,082,16,26,03,226,,193,,,,194,,,*72 (pico_gnss pico-gnss-rs/src/main.rs:483)
147.220979 [INFO ] NMEA $GPGSV,4,4,13,195,,,*46 (pico_gnss pico-gnss-rs/src/main.rs:483)
147.279450 [INFO ] NMEA $GLGSV,2,1,08,72,72,153,,75,66,274,,65,50,327,,74,45,026,*6C (pico_gnss pico-gnss-rs/src/main.rs:483)
147.342109 [INFO ] NMEA $GLGSV,2,2,08,71,18,150,,76,16,235,,66,02,329,,73,02,044,15*6C (pico_gnss pico-gnss-rs/src/main.rs:483)
147.429422 [INFO ] NMEA $GNRMC,131241.000,A,0000.0000,N,00000.0000,E,1.31,136.42,080626,,,A*7A (pico_gnss pico-gnss-rs/src/main.rs:483)
147.432009 [INFO ] SYNC pps_local_us=140000326 unix_s=1780924361 drift_us=2 err_ns=-4 holdover_ms=999 (pico_gnss pico-gnss-rs/src/main.rs:514)
147.442304 [INFO ] PPSGEN count=142 interval_ns=1000002384 dev_ns=2384 phase_ns=-1944319 hwphase_ns=-1328 trim_ppb=-14 cfg=2 p_ns=-83 d_ns=16 (pico_gnss pico-gnss-rs/src/main.rs:330)
147.443981 [INFO ] PPS count=142 interval_us=1000002 interval_ns=1000002320 state=Locked missed=0 (pico_gnss pico-gnss-rs/src/main.rs:203)
147.459246 [INFO ] NMEA $GPVTG,136.42,T,,M,1.31,N,2.42,K,A*38 (pico_gnss pico-gnss-rs/src/main.rs:483)
147.516791 [INFO ] NMEA $GPZDA,131241.000,08,06,2026,,*5A (pico_gnss pico-gnss-rs/src/main.rs:483)
147.543431 [INFO ] NMEA $GPGST,131241.000,8.6,15,9.3,138.0,13,12,32*69 (pico_gnss pico-gnss-rs/src/main.rs:483)
147.638617 [INFO ] TIME unix_ns=1780924362194556224 ppb=2324 holdover_ms=1194 locked=1 (pico_gnss pico-gnss-rs/src/main.rs:237)
147.832046 [INFO ] NMEA $GPGGA,131242.000,0000.0000,N,00000.0000,E,1,6,1.04,52.2,M,39.0,M,,*6E (pico_gnss pico-gnss-rs/src/main.rs:483)
147.861723 [INFO ] NMEA $GNGLL,0000.0000,N,00000.0000,E,131242.000,A,A*49 (pico_gnss pico-gnss-rs/src/main.rs:483)
147.920099 [INFO ] NMEA $GNGSA,A,3,24,10,28,12,29,23,,,,,,,1.41,1.04,0.96*16 (pico_gnss pico-gnss-rs/src/main.rs:483)
147.978277 [INFO ] NMEA $GNGSA,A,3,,,,,,,,,,,,,1.41,1.04,0.96*12 (pico_gnss pico-gnss-rs/src/main.rs:483)
148.036966 [INFO ] NMEA $GPGSV,4,1,13,25,83,079,16,32,63,320,,12,42,047,24,28,38,290,14*71 (pico_gnss pico-gnss-rs/src/main.rs:483)
148.128454 [INFO ] NMEA $GPGSV,4,2,13,10,38,221,18,29,20,145,20,23,16,189,17,31,13,274,*75 (pico_gnss pico-gnss-rs/src/main.rs:483)
148.186952 [INFO ] NMEA $GPGSV,4,3,13,24,12,082,16,26,03,226,,193,,,,194,,,*72 (pico_gnss pico-gnss-rs/src/main.rs:483)
148.216144 [INFO ] NMEA $GPGSV,4,4,13,195,,,*46 (pico_gnss pico-gnss-rs/src/main.rs:483)
148.274678 [INFO ] NMEA $GLGSV,2,1,08,72,72,153,,75,66,274,,65,50,327,,74,45,026,*6C (pico_gnss pico-gnss-rs/src/main.rs:483)
148.337305 [INFO ] NMEA $GLGSV,2,2,08,71,18,150,,76,16,235,,66,02,329,,73,02,044,15*6C (pico_gnss pico-gnss-rs/src/main.rs:483)
148.395917 [INFO ] NMEA $GNRMC,131242.000,A,0000.0000,N,00000.0000,E,1.10,111.19,080626,,,A*7D (pico_gnss pico-gnss-rs/src/main.rs:483)
148.398491 [INFO ] SYNC pps_local_us=141000328 unix_s=1780924362 drift_us=2 err_ns=-3 holdover_ms=999 (pico_gnss pico-gnss-rs/src/main.rs:514)
148.442276 [INFO ] PPSGEN count=143 interval_ns=1000002384 dev_ns=2384 phase_ns=-1998319 hwphase_ns=-1264 trim_ppb=-5 cfg=2 p_ns=-79 d_ns=16 (pico_gnss pico-gnss-rs/src/main.rs:330)
148.443973 [INFO ] PPS count=143 interval_us=1000002 interval_ns=1000002320 state=Locked missed=0 (pico_gnss pico-gnss-rs/src/main.rs:203)
148.454459 [INFO ] NMEA $GPVTG,111.19,T,,M,1.10,N,2.03,K,A*35 (pico_gnss pico-gnss-rs/src/main.rs:483)
148.483410 [INFO ] NMEA $GPZDA,131242.000,08,06,2026,,*59 (pico_gnss pico-gnss-rs/src/main.rs:483)
148.526008 [INFO ] NMEA $GPGST,131242.000,8.5,15,9.4,139.0,13,12,34*69 (pico_gnss pico-gnss-rs/src/main.rs:483)
148.639882 [INFO ] TIME unix_ns=1780924363195830222 ppb=2324 holdover_ms=1195 locked=1 (pico_gnss pico-gnss-rs/src/main.rs:237)
148.818635 [INFO ] NMEA $GPGGA,131243.000,0000.0000,N,00000.0000,E,1,6,1.04,52.0,M,39.0,M,,*67 (pico_gnss pico-gnss-rs/src/main.rs:483)
148.877010 [INFO ] NMEA $GNGLL,0000.0000,N,00000.0000,E,131243.000,A,A*42 (pico_gnss pico-gnss-rs/src/main.rs:483)
148.935408 [INFO ] NMEA $GNGSA,A,3,24,10,28,12,29,23,,,,,,,1.41,1.04,0.96*16 (pico_gnss pico-gnss-rs/src/main.rs:483)
148.964942 [INFO ] NMEA $GNGSA,A,3,,,,,,,,,,,,,1.41,1.04,0.96*12 (pico_gnss pico-gnss-rs/src/main.rs:483)
149.052319 [INFO ] NMEA $GPGSV,4,1,13,25,83,079,16,32,63,320,15,12,42,047,24,28,38,290,14*75 (pico_gnss pico-gnss-rs/src/main.rs:483)
149.115068 [INFO ] NMEA $GPGSV,4,2,13,10,38,221,18,29,20,145,20,23,16,189,17,31,13,274,*75 (pico_gnss pico-gnss-rs/src/main.rs:483)
149.173552 [INFO ] NMEA $GPGSV,4,3,13,24,12,082,16,26,03,226,,193,,,,194,,,*72 (pico_gnss pico-gnss-rs/src/main.rs:483)
149.202777 [INFO ] NMEA $GPGSV,4,4,13,195,,,*46 (pico_gnss pico-gnss-rs/src/main.rs:483)
149.261272 [INFO ] NMEA $GLGSV,2,1,08,72,72,153,,75,66,274,,65,50,327,,74,45,026,*6C (pico_gnss pico-gnss-rs/src/main.rs:483)
149.352650 [INFO ] NMEA $GLGSV,2,2,08,71,18,150,,76,16,235,,66,02,329,,73,02,044,15*6C (pico_gnss pico-gnss-rs/src/main.rs:483)
149.411275 [INFO ] NMEA $GNRMC,131243.000,A,0000.0000,N,00000.0000,E,0.85,122.10,080626,,,A*72 (pico_gnss pico-gnss-rs/src/main.rs:483)
149.413852 [INFO ] SYNC pps_local_us=142000330 unix_s=1780924363 drift_us=2 err_ns=-3 holdover_ms=999 (pico_gnss pico-gnss-rs/src/main.rs:514)
149.440960 [INFO ] NMEA $GPVTG,122.10,T,,M,0.85,N,1.58,K,A*3C (pico_gnss pico-gnss-rs/src/main.rs:483)
149.442874 [INFO ] PPSGEN count=144 interval_ns=1000002384 dev_ns=2384 phase_ns=-1358320 hwphase_ns=-1200 trim_ppb=4 cfg=2 p_ns=-75 d_ns=16 (pico_gnss pico-gnss-rs/src/main.rs:330)
149.444493 [INFO ] PPS count=144 interval_us=1000002 interval_ns=1000002320 state=Locked missed=0 (pico_gnss pico-gnss-rs/src/main.rs:203)
149.498746 [INFO ] NMEA $GPZDA,131243.000,08,06,2026,,*58 (pico_gnss pico-gnss-rs/src/main.rs:483)
149.528196 [INFO ] NMEA $GPGST,131243.000,8.5,15,9.5,140.5,13,12,36*60 (pico_gnss pico-gnss-rs/src/main.rs:483)
149.641152 [INFO ] TIME unix_ns=1780924364197110219 ppb=2324 holdover_ms=1197 locked=1 (pico_gnss pico-gnss-rs/src/main.rs:237)
149.847061 [INFO ] NMEA $GPGGA,131244.000,0000.0000,N,00000.0000,E,1,6,1.04,52.0,M,39.0,M,,*60 (pico_gnss pico-gnss-rs/src/main.rs:483)
149.905422 [INFO ] NMEA $GNGLL,0000.0000,N,00000.0000,E,131244.000,A,A*45 (pico_gnss pico-gnss-rs/src/main.rs:483)
149.963838 [INFO ] NMEA $GNGSA,A,3,24,10,28,12,29,23,,,,,,,1.41,1.04,0.96*16 (pico_gnss pico-gnss-rs/src/main.rs:483)
149.993348 [INFO ] NMEA $GNGSA,A,3,,,,,,,,,,,,,1.41,1.04,0.96*12 (pico_gnss pico-gnss-rs/src/main.rs:483)
150.080725 [INFO ] NMEA $GPGSV,4,1,13,25,83,079,16,32,63,320,14,12,42,047,24,28,38,290,14*74 (pico_gnss pico-gnss-rs/src/main.rs:483)
150.143499 [INFO ] NMEA $GPGSV,4,2,13,10,38,221,18,29,20,145,20,23,16,189,17,31,13,274,*75 (pico_gnss pico-gnss-rs/src/main.rs:483)
150.201943 [INFO ] NMEA $GPGSV,4,3,13,24,12,082,16,26,03,226,,193,,,,194,,,*72 (pico_gnss pico-gnss-rs/src/main.rs:483)
150.231210 [INFO ] NMEA $GPGSV,4,4,13,195,,,*46 (pico_gnss pico-gnss-rs/src/main.rs:483)
150.289655 [INFO ] NMEA $GLGSV,2,1,08,72,72,153,,75,66,274,,65,50,327,,74,45,026,*6C (pico_gnss pico-gnss-rs/src/main.rs:483)
150.348237 [INFO ] NMEA $GLGSV,2,2,08,71,18,150,,76,16,235,,66,02,329,,73,02,044,16*6F (pico_gnss pico-gnss-rs/src/main.rs:483)
150.439629 [INFO ] NMEA $GNRMC,131244.000,A,0000.0000,N,00000.0000,E,0.33,122.10,080626,,,A*78 (pico_gnss pico-gnss-rs/src/main.rs:483)
150.442358 [INFO ] PPSGEN count=145 interval_ns=1000002400 dev_ns=2400 phase_ns=-1945642 hwphase_ns=-1120 trim_ppb=12 cfg=2 p_ns=-70 d_ns=20 (pico_gnss pico-gnss-rs/src/main.rs:330)
150.444016 [INFO ] PPS count=145 interval_us=1000002 interval_ns=1000002304 state=Locked missed=0 (pico_gnss pico-gnss-rs/src/main.rs:203)
150.445955 [INFO ] SYNC pps_local_us=143000333 unix_s=1780924364 drift_us=2 err_ns=-3 holdover_ms=1000 (pico_gnss pico-gnss-rs/src/main.rs:514)
150.469426 [INFO ] NMEA $GPVTG,122.10,T,,M,0.33,N,0.61,K,A*3A (pico_gnss pico-gnss-rs/src/main.rs:483)
150.498419 [INFO ] NMEA $GPZDA,131244.000,08,06,2026,,*5F (pico_gnss pico-gnss-rs/src/main.rs:483)
150.549340 [INFO ] NMEA $GPGST,131244.000,8.5,16,9.6,141.3,14,12,37*66 (pico_gnss pico-gnss-rs/src/main.rs:483)
150.642422 [INFO ] TIME unix_ns=1780924365197856218 ppb=2323 holdover_ms=1197 locked=1 (pico_gnss pico-gnss-rs/src/main.rs:237)
150.904210 [INFO ] NMEA $GPGGA,131245.000,0000.0000,N,00000.0000,E,1,7,1.00,52.1,M,39.0,M,,*69 (pico_gnss pico-gnss-rs/src/main.rs:483)
150.933869 [INFO ] NMEA $GNGLL,0000.0000,N,00000.0000,E,131245.000,A,A*48 (pico_gnss pico-gnss-rs/src/main.rs:483)
150.992247 [INFO ] NMEA $GNGSA,A,3,24,10,28,12,29,32,23,,,,,,1.37,1.00,0.94*10 (pico_gnss pico-gnss-rs/src/main.rs:483)
151.050462 [INFO ] NMEA $GNGSA,A,3,,,,,,,,,,,,,1.37,1.00,0.94*15 (pico_gnss pico-gnss-rs/src/main.rs:483)
151.109161 [INFO ] NMEA $GPGSV,4,1,13,25,83,079,16,32,63,320,14,12,42,047,24,28,38,290,14*74 (pico_gnss pico-gnss-rs/src/main.rs:483)
151.200673 [INFO ] NMEA $GPGSV,4,2,13,10,38,221,18,29,20,145,20,23,16,189,17,31,13,274,*75 (pico_gnss pico-gnss-rs/src/main.rs:483)
151.259170 [INFO ] NMEA $GPGSV,4,3,13,24,12,082,16,26,03,226,,193,,,,194,,,*72 (pico_gnss pico-gnss-rs/src/main.rs:483)
151.288402 [INFO ] NMEA $GPGSV,4,4,13,195,,,*46 (pico_gnss pico-gnss-rs/src/main.rs:483)
151.346861 [INFO ] NMEA $GLGSV,2,1,08,72,72,153,,75,66,274,,65,50,327,,74,45,026,*6C (pico_gnss pico-gnss-rs/src/main.rs:483)
151.405321 [INFO ] NMEA $GLGSV,2,2,08,71,18,150,,76,16,235,,66,02,329,,73,02,044,16*6F (pico_gnss pico-gnss-rs/src/main.rs:483)
151.442310 [INFO ] PPSGEN count=146 interval_ns=1000002400 dev_ns=2400 phase_ns=-2521640 hwphase_ns=-1024 trim_ppb=20 cfg=2 p_ns=-64 d_ns=24 (pico_gnss pico-gnss-rs/src/main.rs:330)
151.443937 [INFO ] PPS count=146 interval_us=1000002 interval_ns=1000002320 state=Locked missed=0 (pico_gnss pico-gnss-rs/src/main.rs:203)
151.468420 [INFO ] NMEA $GNRMC,131245.000,A,0000.0000,N,00000.0000,E,0.95,13.73,080626,,,A*4F (pico_gnss pico-gnss-rs/src/main.rs:483)
151.471000 [INFO ] SYNC pps_local_us=145000337 unix_s=1780924365 drift_us=2 err_ns=-22 holdover_ms=1999 (pico_gnss pico-gnss-rs/src/main.rs:514)
151.526130 [INFO ] NMEA $GPVTG,13.73,T,,M,0.95,N,1.75,K,A*04 (pico_gnss pico-gnss-rs/src/main.rs:483)
151.555417 [INFO ] NMEA $GPZDA,131245.000,08,06,2026,,*5E (pico_gnss pico-gnss-rs/src/main.rs:483)
151.595965 [INFO ] NMEA $GPGST,131245.000,8.5,15,9.5,140.1,13,12,35*61 (pico_gnss pico-gnss-rs/src/main.rs:483)
151.643687 [INFO ] TIME unix_ns=1780924365199695537 ppb=2323 holdover_ms=199 locked=1 (pico_gnss pico-gnss-rs/src/main.rs:237)
151.913892 [INFO ] NMEA $GPGGA,131246.000,0000.0000,N,00000.0000,E,1,7,1.00,52.4,M,39.0,M,,*61 (pico_gnss pico-gnss-rs/src/main.rs:483)
151.968132 [INFO ] NMEA $GNGLL,0000.0000,N,00000.0000,E,131246.000,A,A*45 (pico_gnss pico-gnss-rs/src/main.rs:483)
152.026560 [INFO ] NMEA $GNGSA,A,3,24,10,28,12,29,32,23,,,,,,1.37,1.00,0.94*10 (pico_gnss pico-gnss-rs/src/main.rs:483)
152.056081 [INFO ] NMEA $GNGSA,A,3,,,,,,,,,,,,,1.37,1.00,0.94*15 (pico_gnss pico-gnss-rs/src/main.rs:483)
152.143457 [INFO ] NMEA $GPGSV,4,1,13,25,83,079,16,32,63,320,15,12,42,047,24,28,38,290,14*75 (pico_gnss pico-gnss-rs/src/main.rs:483)
152.206212 [INFO ] NMEA $GPGSV,4,2,13,10,38,221,18,29,20,145,19,23,16,189,17,31,13,274,*7F (pico_gnss pico-gnss-rs/src/main.rs:483)
152.264713 [INFO ] NMEA $GPGSV,4,3,13,24,12,082,16,26,03,226,,193,,,,194,,,*72 (pico_gnss pico-gnss-rs/src/main.rs:483)
152.293916 [INFO ] NMEA $GPGSV,4,4,13,195,,,*46 (pico_gnss pico-gnss-rs/src/main.rs:483)
152.352382 [INFO ] NMEA $GLGSV,2,1,08,72,72,153,,75,66,274,,65,50,327,,74,45,026,*6C (pico_gnss pico-gnss-rs/src/main.rs:483)
152.439541 [INFO ] NMEA $GLGSV,2,2,08,71,18,150,,76,16,235,,66,02,329,,73,02,044,16*6F (pico_gnss pico-gnss-rs/src/main.rs:483)
152.442349 [INFO ] PPSGEN count=147 interval_ns=1000002416 dev_ns=2416 phase_ns=-1899318 hwphase_ns=-928 trim_ppb=27 cfg=2 p_ns=-58 d_ns=24 (pico_gnss pico-gnss-rs/src/main.rs:330)
152.443985 [INFO ] PPS count=147 interval_us=1000002 interval_ns=1000002336 state=Locked missed=0 (pico_gnss pico-gnss-rs/src/main.rs:203)
152.502280 [INFO ] NMEA $GNRMC,131246.000,A,0000.0000,N,00000.0000,E,0.12,13.73,080626,,,A*4D (pico_gnss pico-gnss-rs/src/main.rs:483)
152.504872 [INFO ] SYNC pps_local_us=146000340 unix_s=1780924366 drift_us=2 err_ns=13 holdover_ms=1000 (pico_gnss pico-gnss-rs/src/main.rs:514)
152.531904 [INFO ] NMEA $GPVTG,13.73,T,,M,0.12,N,0.22,K,A*08 (pico_gnss pico-gnss-rs/src/main.rs:483)
152.589584 [INFO ] NMEA $GPZDA,131246.000,08,06,2026,,*5D (pico_gnss pico-gnss-rs/src/main.rs:483)
152.620361 [INFO ] NMEA $GPGST,131246.000,8.6,15,9.5,140.6,13,12,36*65 (pico_gnss pico-gnss-rs/src/main.rs:483)
152.644936 [INFO ] TIME unix_ns=1780924366200897534 ppb=2323 holdover_ms=200 locked=1 (pico_gnss pico-gnss-rs/src/main.rs:237)
152.922694 [INFO ] NMEA $GPGGA,131247.000,0000.0000,N,00000.0000,E,1,7,1.00,52.6,M,39.0,M,,*68 (pico_gnss pico-gnss-rs/src/main.rs:483)
152.987260 [INFO ] NMEA $GNGLL,0000.0000,N,00000.0000,E,131247.000,A,A*4E (pico_gnss pico-gnss-rs/src/main.rs:483)
153.045717 [INFO ] NMEA $GNGSA,A,3,24,10,28,12,29,32,23,,,,,,1.37,1.00,0.94*10 (pico_gnss pico-gnss-rs/src/main.rs:483)
153.075236 [INFO ] NMEA $GNGSA,A,3,,,,,,,,,,,,,1.37,1.00,0.94*15 (pico_gnss pico-gnss-rs/src/main.rs:483)
153.162609 [INFO ] NMEA $GPGSV,4,1,13,25,83,079,16,32,63,320,15,12,42,047,24,28,38,290,14*75 (pico_gnss pico-gnss-rs/src/main.rs:483)
153.225382 [INFO ] NMEA $GPGSV,4,2,13,10,38,221,18,29,20,145,19,23,16,189,17,31,13,274,*7F (pico_gnss pico-gnss-rs/src/main.rs:483)
153.283834 [INFO ] NMEA $GPGSV,4,3,13,24,12,082,16,26,03,226,,193,,,,194,,,*72 (pico_gnss pico-gnss-rs/src/main.rs:483)
153.313103 [INFO ] NMEA $GPGSV,4,4,13,195,,,*46 (pico_gnss pico-gnss-rs/src/main.rs:483)
153.371471 [INFO ] NMEA $GLGSV,2,1,08,72,72,153,,75,66,274,,65,50,327,,74,45,026,*6C (pico_gnss pico-gnss-rs/src/main.rs:483)
153.429936 [INFO ] NMEA $GLGSV,2,2,08,71,18,150,,76,16,235,,66,02,329,,73,02,044,16*6F (pico_gnss pico-gnss-rs/src/main.rs:483)
153.442322 [INFO ] PPSGEN count=148 interval_ns=1000002400 dev_ns=2400 phase_ns=-1977318 hwphase_ns=-864 trim_ppb=33 cfg=2 p_ns=-54 d_ns=16 (pico_gnss pico-gnss-rs/src/main.rs:330)
153.443968 [INFO ] PPS count=148 interval_us=1000002 interval_ns=1000002304 state=Locked missed=0 (pico_gnss pico-gnss-rs/src/main.rs:203)
153.521392 [INFO ] NMEA $GNRMC,131247.000,A,0000.0000,N,00000.0000,E,1.12,295.86,080626,,,A*71 (pico_gnss pico-gnss-rs/src/main.rs:483)
153.524006 [INFO ] SYNC pps_local_us=147000342 unix_s=1780924367 drift_us=2 err_ns=-18 holdover_ms=999 (pico_gnss pico-gnss-rs/src/main.rs:514)
153.551030 [INFO ] NMEA $GPVTG,295.86,T,,M,1.12,N,2.07,K,A*3A (pico_gnss pico-gnss-rs/src/main.rs:483)
153.580089 [INFO ] NMEA $GPZDA,131247.000,08,06,2026,,*5C (pico_gnss pico-gnss-rs/src/main.rs:483)
153.631077 [INFO ] NMEA $GPGST,131247.000,8.7,15,9.5,140.2,13,12,35*62 (pico_gnss pico-gnss-rs/src/main.rs:483)
153.646170 [INFO ] TIME unix_ns=1780924367202169531 ppb=2323 holdover_ms=202 locked=1 (pico_gnss pico-gnss-rs/src/main.rs:237)
153.771117 [INFO ] NMEA $GPGGA,131248.000,0000.0000,N,00000.0000,E,1,7,1.00,52.7,M,39.0,M,,*6B (pico_gnss pico-gnss-rs/src/main.rs:483)
153.815082 [INFO ] NMEA $GNGLL,0000.0000,N,00000.0000,E,131248.000,A,A*4C (pico_gnss pico-gnss-rs/src/main.rs:483)
153.873517 [INFO ] NMEA $GNGSA,A,3,24,10,28,12,29,32,23,,,,,,1.37,1.00,0.94*10 (pico_gnss pico-gnss-rs/src/main.rs:483)
153.931733 [INFO ] NMEA $GNGSA,A,3,,,,,,,,,,,,,1.37,1.00,0.94*15 (pico_gnss pico-gnss-rs/src/main.rs:483)
153.990442 [INFO ] NMEA $GPGSV,4,1,13,25,83,079,16,32,63,320,15,12,42,047,23,28,38,290,14*72 (pico_gnss pico-gnss-rs/src/main.rs:483)
154.081922 [INFO ] NMEA $GPGSV,4,2,13,10,38,221,18,29,20,145,19,23,16,189,17,31,13,274,*7F (pico_gnss pico-gnss-rs/src/main.rs:483)
154.140428 [INFO ] NMEA $GPGSV,4,3,13,24,12,082,15,26,03,226,,193,,,,194,,,*71 (pico_gnss pico-gnss-rs/src/main.rs:483)
154.169662 [INFO ] NMEA $GPGSV,4,4,13,195,,,*46 (pico_gnss pico-gnss-rs/src/main.rs:483)
154.228150 [INFO ] NMEA $GLGSV,2,1,08,72,72,153,,75,66,274,,65,50,327,,74,45,026,*6C (pico_gnss pico-gnss-rs/src/main.rs:483)
154.286743 [INFO ] NMEA $GLGSV,2,2,08,71,18,150,,76,16,235,,66,02,329,,73,02,044,16*6F (pico_gnss pico-gnss-rs/src/main.rs:483)
154.349479 [INFO ] NMEA $GNRMC,131248.000,A,0000.0000,N,00000.0000,E,0.51,295.86,080626,,,A*75 (pico_gnss pico-gnss-rs/src/main.rs:483)
154.407649 [INFO ] NMEA $GPVTG,295.86,T,,M,0.51,N,0.94,K,A*34 (pico_gnss pico-gnss-rs/src/main.rs:483)
154.436937 [INFO ] NMEA $GPZDA,131248.000,08,06,2026,,*53 (pico_gnss pico-gnss-rs/src/main.rs:483)
154.442352 [INFO ] PPSGEN count=149 interval_ns=1000002400 dev_ns=2400 phase_ns=-1923318 hwphase_ns=-768 trim_ppb=39 cfg=2 p_ns=-48 d_ns=24 (pico_gnss pico-gnss-rs/src/main.rs:330)
154.443978 [INFO ] PPS count=149 interval_us=1000002 interval_ns=1000002320 state=Locked missed=0 (pico_gnss pico-gnss-rs/src/main.rs:203)
154.479681 [INFO ] NMEA $GPGST,131248.000,8.7,16,9.7,140.4,14,12,36*6E (pico_gnss pico-gnss-rs/src/main.rs:483)
154.647434 [INFO ] TIME unix_ns=1780924368203407205 ppb=2323 holdover_ms=1203 locked=1 (pico_gnss pico-gnss-rs/src/main.rs:237)
154.801882 [INFO ] NMEA $GPGGA,131249.000,0000.0000,N,00000.0000,E,1,7,1.00,53.1,M,39.0,M,,*6A (pico_gnss pico-gnss-rs/src/main.rs:483)
154.854060 [INFO ] NMEA $GNGLL,0000.0000,N,00000.0000,E,131249.000,A,A*4A (pico_gnss pico-gnss-rs/src/main.rs:483)
154.912453 [INFO ] NMEA $GNGSA,A,3,24,10,28,12,29,32,23,,,,,,1.37,1.00,0.94*10 (pico_gnss pico-gnss-rs/src/main.rs:483)
154.970719 [INFO ] NMEA $GNGSA,A,3,,,,,,,,,,,,,1.37,1.00,0.94*15 (pico_gnss pico-gnss-rs/src/main.rs:483)
155.029371 [INFO ] NMEA $GPGSV,4,1,13,25,83,079,16,32,63,320,15,12,42,047,23,28,38,290,15*73 (pico_gnss pico-gnss-rs/src/main.rs:483)
155.088028 [INFO ] NMEA $GPGSV,4,2,13,10,38,221,18,29,20,145,19,23,16,189,17,31,13,274,*7F (pico_gnss pico-gnss-rs/src/main.rs:483)
155.150619 [INFO ] NMEA $GPGSV,4,3,13,24,12,082,15,26,03,226,,193,,,,194,,,*71 (pico_gnss pico-gnss-rs/src/main.rs:483)
155.179839 [INFO ] NMEA $GPGSV,4,4,13,195,,,*46 (pico_gnss pico-gnss-rs/src/main.rs:483)
155.238334 [INFO ] NMEA $GLGSV,2,1,08,72,72,153,,75,66,274,,65,50,327,,74,45,026,*6C (pico_gnss pico-gnss-rs/src/main.rs:483)
155.325754 [INFO ] NMEA $GLGSV,2,2,08,71,18,150,,76,16,235,,66,02,329,,73,02,044,16*6F (pico_gnss pico-gnss-rs/src/main.rs:483)
155.388476 [INFO ] NMEA $GNRMC,131249.000,A,0000.0000,N,00000.0000,E,1.43,95.21,080626,,,A*4E (pico_gnss pico-gnss-rs/src/main.rs:483)
155.391035 [INFO ] SYNC pps_local_us=148000344 unix_s=1780924369 drift_us=2 err_ns=-2 holdover_ms=1000 (pico_gnss pico-gnss-rs/src/main.rs:514)
155.418109 [INFO ] NMEA $GPVTG,95.21,T,,M,1.43,N,2.65,K,A*05 (pico_gnss pico-gnss-rs/src/main.rs:483)
155.442331 [INFO ] PPSGEN count=150 interval_ns=1000002400 dev_ns=2400 phase_ns=-1936318 hwphase_ns=-688 trim_ppb=44 cfg=2 p_ns=-43 d_ns=20 (pico_gnss pico-gnss-rs/src/main.rs:330)
155.443959 [INFO ] PPS count=150 interval_us=1000002 interval_ns=1000002320 state=Locked missed=0 (pico_gnss pico-gnss-rs/src/main.rs:203)
155.475939 [INFO ] NMEA $GPZDA,131249.000,08,06,2026,,*52 (pico_gnss pico-gnss-rs/src/main.rs:483)
155.505410 [INFO ] NMEA $GPGST,131249.000,8.8,15,9.7,140.6,13,12,36*66 (pico_gnss pico-gnss-rs/src/main.rs:483)
155.648705 [INFO ] TIME unix_ns=1780924370204669202 ppb=2323 holdover_ms=1204 locked=1 (pico_gnss pico-gnss-rs/src/main.rs:237)
155.825027 [INFO ] NMEA $GPGGA,131250.000,0000.0000,N,00000.0000,E,1,7,1.00,53.5,M,39.0,M,,*69 (pico_gnss pico-gnss-rs/src/main.rs:483)
155.887495 [INFO ] NMEA $GNGLL,0000.0000,N,00000.0000,E,131250.000,A,A*4D (pico_gnss pico-gnss-rs/src/main.rs:483)
155.945941 [INFO ] NMEA $GNGSA,A,3,24,10,28,12,29,32,23,,,,,,1.37,1.00,0.94*10 (pico_gnss pico-gnss-rs/src/main.rs:483)
155.975485 [INFO ] NMEA $GNGSA,A,3,,,,,,,,,,,,,1.37,1.00,0.94*15 (pico_gnss pico-gnss-rs/src/main.rs:483)
156.062833 [INFO ] NMEA $GPGSV,4,1,13,25,83,079,16,32,63,320,15,12,42,047,23,28,38,290,15*73 (pico_gnss pico-gnss-rs/src/main.rs:483)
156.121467 [INFO ] NMEA $GPGSV,4,2,13,10,38,221,18,29,20,145,19,23,16,189,17,31,13,274,*7F (pico_gnss pico-gnss-rs/src/main.rs:483)
156.184039 [INFO ] NMEA $GPGSV,4,3,13,24,12,082,15,26,03,226,,193,,,,194,,,*71 (pico_gnss pico-gnss-rs/src/main.rs:483)
156.213321 [INFO ] NMEA $GPGSV,4,4,13,195,,,*46 (pico_gnss pico-gnss-rs/src/main.rs:483)
156.271772 [INFO ] NMEA $GLGSV,2,1,08,72,72,153,,75,66,274,,65,50,327,,74,45,026,*6C (pico_gnss pico-gnss-rs/src/main.rs:483)
156.330403 [INFO ] NMEA $GLGSV,2,2,08,71,18,150,,76,16,235,,66,02,329,,73,02,044,16*6F (pico_gnss pico-gnss-rs/src/main.rs:483)
156.421764 [INFO ] NMEA $GNRMC,131250.000,A,0000.0000,N,00000.0000,E,2.02,125.79,080626,,,A*78 (pico_gnss pico-gnss-rs/src/main.rs:483)
156.424340 [INFO ] SYNC pps_local_us=149000347 unix_s=1780924370 drift_us=2 err_ns=-2 holdover_ms=999 (pico_gnss pico-gnss-rs/src/main.rs:514)
156.442322 [INFO ] PPSGEN count=151 interval_ns=1000002416 dev_ns=2416 phase_ns=-1882318 hwphase_ns=-592 trim_ppb=48 cfg=2 p_ns=-37 d_ns=24 (pico_gnss pico-gnss-rs/src/main.rs:330)
156.443958 [INFO ] PPS count=151 interval_us=1000002 interval_ns=1000002320 state=Locked missed=0 (pico_gnss pico-gnss-rs/src/main.rs:203)
156.451624 [INFO ] NMEA $GPVTG,125.79,T,,M,2.02,N,3.75,K,A*34 (pico_gnss pico-gnss-rs/src/main.rs:483)
156.480576 [INFO ] NMEA $GPZDA,131250.000,08,06,2026,,*5A (pico_gnss pico-gnss-rs/src/main.rs:483)
156.533602 [INFO ] NMEA $GPGST,131250.000,8.9,16,9.6,140.7,13,12,36*6C (pico_gnss pico-gnss-rs/src/main.rs:483)
156.649986 [INFO ] TIME unix_ns=1780924371205959200 ppb=2323 holdover_ms=1205 locked=1 (pico_gnss pico-gnss-rs/src/main.rs:237)
156.915859 [INFO ] NMEA $GPGGA,131251.000,0000.0000,N,00000.0000,E,1,7,1.00,54.5,M,39.0,M,,*61 (pico_gnss pico-gnss-rs/src/main.rs:483)
156.974169 [INFO ] NMEA $GNGLL,0000.0000,N,00000.0000,E,131251.000,A,A*42 (pico_gnss pico-gnss-rs/src/main.rs:483)
157.016233 [INFO ] NMEA $GNGSA,A,3,24,10,28,12,29,32,23,,,,,,1.37,1.00,0.94*10 (pico_gnss pico-gnss-rs/src/main.rs:483)
157.074533 [INFO ] NMEA $GNGSA,A,3,,,,,,,,,,,,,1.37,1.00,0.94*15 (pico_gnss pico-gnss-rs/src/main.rs:483)
157.133226 [INFO ] NMEA $GPGSV,4,1,13,25,83,079,16,32,63,320,16,12,42,047,23,28,38,290,15*70 (pico_gnss pico-gnss-rs/src/main.rs:483)
157.220639 [INFO ] NMEA $GPGSV,4,2,13,10,38,221,18,29,20,145,19,23,16,189,17,31,13,274,*7F (pico_gnss pico-gnss-rs/src/main.rs:483)
157.283216 [INFO ] NMEA $GPGSV,4,3,13,24,12,082,15,26,03,226,,193,,,,194,,,*71 (pico_gnss pico-gnss-rs/src/main.rs:483)
157.312442 [INFO ] NMEA $GPGSV,4,4,13,195,,,*46 (pico_gnss pico-gnss-rs/src/main.rs:483)
157.370877 [INFO ] NMEA $GLGSV,2,1,08,72,72,153,,75,66,274,,65,50,327,,74,45,026,*6C (pico_gnss pico-gnss-rs/src/main.rs:483)
157.429330 [INFO ] NMEA $GLGSV,2,2,08,71,18,150,,76,16,235,,66,02,329,,73,02,044,16*6F (pico_gnss pico-gnss-rs/src/main.rs:483)
157.442323 [INFO ] PPSGEN count=152 interval_ns=1000002400 dev_ns=2400 phase_ns=-1934640 hwphase_ns=-512 trim_ppb=52 cfg=2 p_ns=-32 d_ns=20 (pico_gnss pico-gnss-rs/src/main.rs:330)
157.443908 [INFO ] PPS count=152 interval_us=1000002 interval_ns=1000002304 state=Locked missed=0 (pico_gnss pico-gnss-rs/src/main.rs:203)
157.520763 [INFO ] NMEA $GNRMC,131251.000,A,0000.0000,N,00000.0000,E,0.87,122.29,080626,,,A*7A (pico_gnss pico-gnss-rs/src/main.rs:483)
157.523380 [INFO ] SYNC pps_local_us=151000351 unix_s=1780924371 drift_us=2 err_ns=-19 holdover_ms=1999 (pico_gnss pico-gnss-rs/src/main.rs:514)
157.550429 [INFO ] NMEA $GPVTG,122.29,T,,M,0.87,N,1.60,K,A*3F (pico_gnss pico-gnss-rs/src/main.rs:483)
157.579483 [INFO ] NMEA $GPZDA,131251.000,08,06,2026,,*5B (pico_gnss pico-gnss-rs/src/main.rs:483)
157.624199 [INFO ] NMEA $GPGST,131251.000,9.0,14,9.1,136.3,12,12,30*62 (pico_gnss pico-gnss-rs/src/main.rs:483)
157.651256 [INFO ] TIME unix_ns=1780924371207278519 ppb=2322 holdover_ms=207 locked=1 (pico_gnss pico-gnss-rs/src/main.rs:237)
157.932799 [INFO ] NMEA $GPGGA,131252.000,0000.0000,N,00000.0000,E,1,7,1.00,54.9,M,39.0,M,,*69 (pico_gnss pico-gnss-rs/src/main.rs:483)
157.991194 [INFO ] NMEA $GNGLL,0000.0000,N,00000.0000,E,131252.000,A,A*46 (pico_gnss pico-gnss-rs/src/main.rs:483)
158.041443 [INFO ] NMEA $GNGSA,A,3,24,10,28,12,29,32,23,,,,,,1.37,1.00,0.94*10 (pico_gnss pico-gnss-rs/src/main.rs:483)
158.099703 [INFO ] NMEA $GNGSA,A,3,,,,,,,,,,,,,1.37,1.00,0.94*15 (pico_gnss pico-gnss-rs/src/main.rs:483)
158.158350 [INFO ] NMEA $GPGSV,4,1,13,25,83,079,16,32,63,320,16,12,42,047,23,28,38,290,15*70 (pico_gnss pico-gnss-rs/src/main.rs:483)
158.245742 [INFO ] NMEA $GPGSV,4,2,13,10,38,221,18,29,20,145,19,23,15,189,17,31,13,274,*7C (pico_gnss pico-gnss-rs/src/main.rs:483)
158.279533 [INFO ] NMEA $GPGSV,4,3,13,24,12,082,15,26,03,226,,193,,,,194,,,*71 (pico_gnss pico-gnss-rs/src/main.rs:483)
158.308809 [INFO ] NMEA $GPGSV,4,4,13,195,,,*46 (pico_gnss pico-gnss-rs/src/main.rs:483)
158.395909 [INFO ] NMEA $GLGSV,2,1,08,72,72,153,,75,66,274,,65,50,327,,74,45,026,*6C (pico_gnss pico-gnss-rs/src/main.rs:483)
158.442334 [INFO ] PPSGEN count=153 interval_ns=1000002400 dev_ns=2400 phase_ns=-1905317 hwphase_ns=-416 trim_ppb=55 cfg=2 p_ns=0 d_ns=24 (pico_gnss pico-gnss-rs/src/main.rs:330)
158.443882 [INFO ] PPS count=153 interval_us=1000002 interval_ns=1000002336 state=Locked missed=0 (pico_gnss pico-gnss-rs/src/main.rs:203)
158.454879 [INFO ] NMEA $GLGSV,2,2,08,71,18,150,,76,16,235,,66,02,329,,73,02,044,16*6F (pico_gnss pico-gnss-rs/src/main.rs:483)
158.513006 [INFO ] NMEA $GNRMC,131252.000,A,0000.0000,N,00000.0000,E,1.30,89.79,080626,,,A*46 (pico_gnss pico-gnss-rs/src/main.rs:483)
158.515563 [INFO ] SYNC pps_local_us=152000353 unix_s=1780924372 drift_us=2 err_ns=14 holdover_ms=999 (pico_gnss pico-gnss-rs/src/main.rs:514)
158.575153 [INFO ] NMEA $GPVTG,89.79,T,,M,1.30,N,2.41,K,A*07 (pico_gnss pico-gnss-rs/src/main.rs:483)
158.604494 [INFO ] NMEA $GPZDA,131252.000,08,06,2026,,*58 (pico_gnss pico-gnss-rs/src/main.rs:483)
158.638772 [INFO ] NMEA $GPGST,131252.000,9.1,14,9.1,136.7,12,12,30*64 (pico_gnss pico-gnss-rs/src/main.rs:483)
158.652497 [INFO ] TIME unix_ns=1780924372208545516 ppb=2322 holdover_ms=208 locked=1 (pico_gnss pico-gnss-rs/src/main.rs:237)
158.793382 [INFO ] NMEA $GPGGA,131253.000,0000.0000,N,00000.0000,E,1,7,1.00,55.3,M,39.0,M,,*6E (pico_gnss pico-gnss-rs/src/main.rs:483)
158.851730 [INFO ] NMEA $GNGLL,0000.0000,N,00000.0000,E,131253.000,A,A*4A (pico_gnss pico-gnss-rs/src/main.rs:483)
158.912206 [INFO ] NMEA $GNGSA,A,3,24,10,28,12,29,32,23,,,,,,1.37,1.00,0.94*10 (pico_gnss pico-gnss-rs/src/main.rs:483)
158.941750 [INFO ] NMEA $GNGSA,A,3,,,,,,,,,,,,,1.37,1.00,0.94*15 (pico_gnss pico-gnss-rs/src/main.rs:483)
159.029123 [INFO ] NMEA $GPGSV,4,1,13,25,83,079,16,32,63,320,16,12,42,047,23,28,38,290,16*73 (pico_gnss pico-gnss-rs/src/main.rs:483)
159.087744 [INFO ] NMEA $GPGSV,4,2,13,10,38,221,18,29,20,145,19,23,15,189,17,31,13,274,*7C (pico_gnss pico-gnss-rs/src/main.rs:483)
159.150305 [INFO ] NMEA $GPGSV,4,3,13,24,12,083,15,26,03,226,,193,,,,194,,,*70 (pico_gnss pico-gnss-rs/src/main.rs:483)
159.179574 [INFO ] NMEA $GPGSV,4,4,13,195,,,*46 (pico_gnss pico-gnss-rs/src/main.rs:483)
159.238064 [INFO ] NMEA $GLGSV,2,1,08,72,72,153,,75,66,274,,65,50,327,,74,45,026,*6C (pico_gnss pico-gnss-rs/src/main.rs:483)
159.296629 [INFO ] NMEA $GLGSV,2,2,08,71,18,150,,76,16,235,,66,02,329,,73,02,044,16*6F (pico_gnss pico-gnss-rs/src/main.rs:483)
159.383997 [INFO ] NMEA $GNRMC,131253.000,A,0000.0000,N,00000.0000,E,2.56,109.07,080626,,,A*79 (pico_gnss pico-gnss-rs/src/main.rs:483)
159.417542 [INFO ] NMEA $GPVTG,109.07,T,,M,2.56,N,4.74,K,A*34 (pico_gnss pico-gnss-rs/src/main.rs:483)
159.442344 [INFO ] PPSGEN count=154 interval_ns=1000002400 dev_ns=2400 phase_ns=-1859318 hwphase_ns=-352 trim_ppb=57 cfg=2 p_ns=0 d_ns=16 (pico_gnss pico-gnss-rs/src/main.rs:330)
159.443888 [INFO ] PPS count=154 interval_us=1000002 interval_ns=1000002304 state=Locked missed=0 (pico_gnss pico-gnss-rs/src/main.rs:203)
159.475581 [INFO ] NMEA $GPZDA,131253.000,08,06,2026,,*59 (pico_gnss pico-gnss-rs/src/main.rs:483)
159.502131 [INFO ] NMEA $GPGST,131253.000,9.2,14,9.2,137.6,12,12,32*67 (pico_gnss pico-gnss-rs/src/main.rs:483)
159.653771 [INFO ] TIME unix_ns=1780924373209797192 ppb=2322 holdover_ms=1209 locked=1 (pico_gnss pico-gnss-rs/src/main.rs:237)
159.821808 [INFO ] NMEA $GPGGA,131254.000,0000.0000,N,00000.0000,E,1,7,1.00,56.3,M,39.0,M,,*6E (pico_gnss pico-gnss-rs/src/main.rs:483)
159.880148 [INFO ] NMEA $GNGLL,0000.0000,N,00000.0000,E,131254.000,A,A*49 (pico_gnss pico-gnss-rs/src/main.rs:483)
159.920104 [INFO ] NMEA $GNGSA,A,3,24,10,28,12,29,32,23,,,,,,1.37,1.00,0.94*10 (pico_gnss pico-gnss-rs/src/main.rs:483)
159.978317 [INFO ] NMEA $GNGSA,A,3,,,,,,,,,,,,,1.37,1.00,0.94*15 (pico_gnss pico-gnss-rs/src/main.rs:483)
160.036999 [INFO ] NMEA $GPGSV,4,1,13,25,82,073,17,32,63,320,15,12,42,047,23,28,38,290,16*7A (pico_gnss pico-gnss-rs/src/main.rs:483)
160.124393 [INFO ] NMEA $GPGSV,4,2,13,10,38,221,18,29,20,145,19,23,15,189,17,31,13,274,*7C (pico_gnss pico-gnss-rs/src/main.rs:483)
160.186988 [INFO ] NMEA $GPGSV,4,3,13,24,12,083,16,26,03,226,,193,,,,194,,,*73 (pico_gnss pico-gnss-rs/src/main.rs:483)
160.216202 [INFO ] NMEA $GPGSV,4,4,13,195,,,*46 (pico_gnss pico-gnss-rs/src/main.rs:483)
160.274725 [INFO ] NMEA $GLGSV,2,1,08,72,72,153,,75,66,274,,65,50,327,,74,45,026,*6C (pico_gnss pico-gnss-rs/src/main.rs:483)
160.333280 [INFO ] NMEA $GLGSV,2,2,08,71,18,150,,76,16,235,,66,02,329,,73,02,044,16*6F (pico_gnss pico-gnss-rs/src/main.rs:483)
160.420585 [INFO ] NMEA $GNRMC,131254.000,A,0000.0000,N,00000.0000,E,3.71,105.70,080626,,,A*72 (pico_gnss pico-gnss-rs/src/main.rs:483)
160.423155 [INFO ] SYNC pps_local_us=153000356 unix_s=1780924374 drift_us=2 err_ns=-17 holdover_ms=999 (pico_gnss pico-gnss-rs/src/main.rs:514)
160.442337 [INFO ] PPSGEN count=155 interval_ns=1000002368 dev_ns=2368 phase_ns=-1789317 hwphase_ns=-288 trim_ppb=59 cfg=2 p_ns=0 d_ns=16 (pico_gnss pico-gnss-rs/src/main.rs:330)
160.443896 [INFO ] PPS count=155 interval_us=1000002 interval_ns=1000002320 state=Locked missed=0 (pico_gnss pico-gnss-rs/src/main.rs:203)
160.454179 [INFO ] NMEA $GPVTG,105.70,T,,M,3.71,N,6.87,K,A*32 (pico_gnss pico-gnss-rs/src/main.rs:483)
160.483433 [INFO ] NMEA $GPZDA,131254.000,08,06,2026,,*5E (pico_gnss pico-gnss-rs/src/main.rs:483)
160.530229 [INFO ] NMEA $GPGST,131254.000,9.4,13,8.9,136.9,12,11,30*64 (pico_gnss pico-gnss-rs/src/main.rs:483)
160.655050 [INFO ] TIME unix_ns=1780924375211101189 ppb=2322 holdover_ms=1211 locked=1 (pico_gnss pico-gnss-rs/src/main.rs:237)
160.842827 [INFO ] NMEA $GPGGA,131255.000,0000.0000,N,00000.0000,E,1,7,1.00,57.0,M,39.0,M,,*69 (pico_gnss pico-gnss-rs/src/main.rs:483)
160.901253 [INFO ] NMEA $GNGLL,0000.0000,N,00000.0000,E,131255.000,A,A*4C (pico_gnss pico-gnss-rs/src/main.rs:483)
160.949412 [INFO ] NMEA $GNGSA,A,3,24,10,28,12,29,32,23,,,,,,1.37,1.00,0.94*10 (pico_gnss pico-gnss-rs/src/main.rs:483)
161.007662 [INFO ] NMEA $GNGSA,A,3,,,,,,,,,,,,,1.37,1.00,0.94*15 (pico_gnss pico-gnss-rs/src/main.rs:483)
161.066304 [INFO ] NMEA $GPGSV,4,1,13,25,82,073,17,32,63,320,15,12,42,047,23,28,38,290,16*7A (pico_gnss pico-gnss-rs/src/main.rs:483)
161.153704 [INFO ] NMEA $GPGSV,4,2,13,10,38,221,18,29,20,145,19,23,15,189,17,31,13,274,*7C (pico_gnss pico-gnss-rs/src/main.rs:483)
161.212132 [INFO ] NMEA $GPGSV,4,3,13,24,12,083,16,26,04,226,,193,,,,194,,,*74 (pico_gnss pico-gnss-rs/src/main.rs:483)
161.216773 [INFO ] NMEA $GPGSV,4,4,13,195,,,*46 (pico_gnss pico-gnss-rs/src/main.rs:483)
161.303995 [INFO ] NMEA $GLGSV,2,1,08,72,72,153,,75,66,274,,65,50,327,,74,45,026,*6C (pico_gnss pico-gnss-rs/src/main.rs:483)
161.362543 [INFO ] NMEA $GLGSV,2,2,08,71,18,150,,76,16,235,,66,02,329,,73,02,044,16*6F (pico_gnss pico-gnss-rs/src/main.rs:483)
161.421121 [INFO ] NMEA $GNRMC,131255.000,A,0000.0000,N,00000.0000,E,2.62,110.14,080626,,,A*72 (pico_gnss pico-gnss-rs/src/main.rs:483)
161.423692 [INFO ] SYNC pps_local_us=154000358 unix_s=1780924375 drift_us=2 err_ns=-1 holdover_ms=1000 (pico_gnss pico-gnss-rs/src/main.rs:514)
161.442326 [INFO ] PPSGEN count=156 interval_ns=1000002384 dev_ns=2384 phase_ns=-1797317 hwphase_ns=-224 trim_ppb=60 cfg=2 p_ns=0 d_ns=16 (pico_gnss pico-gnss-rs/src/main.rs:330)
161.443840 [INFO ] PPS count=156 interval_us=1000002 interval_ns=1000002320 state=Locked missed=0 (pico_gnss pico-gnss-rs/src/main.rs:203)
161.483353 [INFO ] NMEA $GPVTG,110.14,T,,M,2.62,N,4.85,K,A*37 (pico_gnss pico-gnss-rs/src/main.rs:483)
161.512694 [INFO ] NMEA $GPZDA,131255.000,08,06,2026,,*5F (pico_gnss pico-gnss-rs/src/main.rs:483)
161.551140 [INFO ] NMEA $GPGST,131255.000,9.5,13,8.6,137.5,11,11,31*64 (pico_gnss pico-gnss-rs/src/main.rs:483)
161.656336 [INFO ] TIME unix_ns=1780924376212372186 ppb=2322 holdover_ms=1212 locked=1 (pico_gnss pico-gnss-rs/src/main.rs:237)
161.879898 [INFO ] NMEA $GPGGA,131256.000,0000.0000,N,00000.0000,E,1,7,1.00,57.2,M,39.0,M,,*64 (pico_gnss pico-gnss-rs/src/main.rs:483)
161.938215 [INFO ] NMEA $GNGLL,0000.0000,N,00000.0000,E,131256.000,A,A*43 (pico_gnss pico-gnss-rs/src/main.rs:483)
161.994650 [INFO ] NMEA $GNGSA,A,3,24,10,28,12,29,32,23,,,,,,1.37,1.00,0.94*10 (pico_gnss pico-gnss-rs/src/main.rs:483)
162.024103 [INFO ] NMEA $GNGSA,A,3,,,,,,,,,,,,,1.37,1.00,0.94*15 (pico_gnss pico-gnss-rs/src/main.rs:483)
162.111516 [INFO ] NMEA $GPGSV,4,1,13,25,82,073,17,32,63,320,15,12,42,047,23,28,38,290,15*79 (pico_gnss pico-gnss-rs/src/main.rs:483)
162.170142 [INFO ] NMEA $GPGSV,4,2,13,10,38,221,18,29,20,145,19,23,15,189,17,31,13,274,*7C (pico_gnss pico-gnss-rs/src/main.rs:483)
162.228624 [INFO ] NMEA $GPGSV,4,3,13,24,12,083,16,26,04,226,,193,,,,194,,,*74 (pico_gnss pico-gnss-rs/src/main.rs:483)
162.261910 [INFO ] NMEA $GPGSV,4,4,13,195,,,*46 (pico_gnss pico-gnss-rs/src/main.rs:483)
162.320446 [INFO ] NMEA $GLGSV,2,1,08,72,72,153,,75,66,274,,65,50,327,,74,45,026,*6C (pico_gnss pico-gnss-rs/src/main.rs:483)
162.407646 [INFO ] NMEA $GLGSV,2,2,08,71,18,150,,76,16,235,,66,02,329,,73,02,044,16*6F (pico_gnss pico-gnss-rs/src/main.rs:483)
162.442339 [INFO ] PPSGEN count=157 interval_ns=1000002384 dev_ns=2384 phase_ns=-1859639 hwphase_ns=-160 trim_ppb=61 cfg=2 p_ns=0 d_ns=16 (pico_gnss pico-gnss-rs/src/main.rs:330)
162.443914 [INFO ] PPS count=157 interval_us=1000002 interval_ns=1000002304 state=Locked missed=0 (pico_gnss pico-gnss-rs/src/main.rs:203)
162.466702 [INFO ] NMEA $GNRMC,131256.000,A,0000.0000,N,00000.0000,E,1.64,128.45,080626,,,A*77 (pico_gnss pico-gnss-rs/src/main.rs:483)
162.469302 [INFO ] SYNC pps_local_us=156000363 unix_s=1780924376 drift_us=2 err_ns=-18 holdover_ms=2000 (pico_gnss pico-gnss-rs/src/main.rs:514)
162.524314 [INFO ] NMEA $GPVTG,128.45,T,,M,1.64,N,3.03,K,A*34 (pico_gnss pico-gnss-rs/src/main.rs:483)
162.557698 [INFO ] NMEA $GPZDA,131256.000,08,06,2026,,*5C (pico_gnss pico-gnss-rs/src/main.rs:483)
162.588496 [INFO ] NMEA $GPGST,131256.000,9.5,13,8.4,137.3,11,11,31*63 (pico_gnss pico-gnss-rs/src/main.rs:483)
162.657596 [INFO ] TIME unix_ns=1780924376213635505 ppb=2321 holdover_ms=213 locked=1 (pico_gnss pico-gnss-rs/src/main.rs:237)
162.874788 [INFO ] NMEA $GPGGA,131257.000,0000.0000,N,00000.0000,E,1,7,1.00,57.3,M,39.0,M,,*6C (pico_gnss pico-gnss-rs/src/main.rs:483)
162.933137 [INFO ] NMEA $GNGLL,0000.0000,N,00000.0000,E,131257.000,A,A*4A (pico_gnss pico-gnss-rs/src/main.rs:483)
162.997725 [INFO ] NMEA $GNGSA,A,3,24,10,28,12,29,32,23,,,,,,1.37,1.00,0.94*10 (pico_gnss pico-gnss-rs/src/main.rs:483)
163.027281 [INFO ] NMEA $GNGSA,A,3,,,,,,,,,,,,,1.37,1.00,0.94*15 (pico_gnss pico-gnss-rs/src/main.rs:483)
163.114630 [INFO ] NMEA $GPGSV,4,1,13,25,82,073,17,32,63,320,15,12,42,047,23,28,39,291,15*79 (pico_gnss pico-gnss-rs/src/main.rs:483)
163.173321 [INFO ] NMEA $GPGSV,4,2,13,10,38,221,18,29,20,145,18,23,15,189,17,31,13,274,*7D (pico_gnss pico-gnss-rs/src/main.rs:483)
163.231747 [INFO ] NMEA $GPGSV,4,3,13,24,12,083,16,26,04,226,,193,,,,194,,,*74 (pico_gnss pico-gnss-rs/src/main.rs:483)
163.265036 [INFO ] NMEA $GPGSV,4,4,13,195,,,*46 (pico_gnss pico-gnss-rs/src/main.rs:483)
163.323615 [INFO ] NMEA $GLGSV,2,1,08,72,72,153,,75,66,274,,65,50,327,,74,45,026,*6C (pico_gnss pico-gnss-rs/src/main.rs:483)
163.382061 [INFO ] NMEA $GLGSV,2,2,08,71,18,150,,76,16,235,,66,02,329,,73,02,044,16*6F (pico_gnss pico-gnss-rs/src/main.rs:483)
163.442349 [INFO ] PPSGEN count=158 interval_ns=1000002384 dev_ns=2384 phase_ns=-1885316 hwphase_ns=-80 trim_ppb=61 cfg=2 p_ns=0 d_ns=20 (pico_gnss pico-gnss-rs/src/main.rs:330)
163.443907 [INFO ] PPS count=158 interval_us=1000002 interval_ns=1000002320 state=Locked missed=0 (pico_gnss pico-gnss-rs/src/main.rs:203)
163.469844 [INFO ] NMEA $GNRMC,131257.000,A,0000.0000,N,00000.0000,E,0.82,167.73,080626,,,A*79 (pico_gnss pico-gnss-rs/src/main.rs:483)
163.472421 [INFO ] SYNC pps_local_us=157000365 unix_s=1780924377 drift_us=2 err_ns=-1 holdover_ms=999 (pico_gnss pico-gnss-rs/src/main.rs:514)
163.499095 [INFO ] NMEA $GPVTG,167.73,T,,M,0.82,N,1.53,K,A*34 (pico_gnss pico-gnss-rs/src/main.rs:483)
163.532128 [INFO ] NMEA $GPZDA,131257.000,08,06,2026,,*5D (pico_gnss pico-gnss-rs/src/main.rs:483)
163.583209 [INFO ] NMEA $GPGST,131257.000,9.5,13,8.4,137.8,11,11,31*69 (pico_gnss pico-gnss-rs/src/main.rs:483)
163.658852 [INFO ] TIME unix_ns=1780924377214896502 ppb=2321 holdover_ms=214 locked=1 (pico_gnss pico-gnss-rs/src/main.rs:237)
163.898809 [INFO ] NMEA $GPGGA,131258.000,0000.0000,N,00000.0000,E,1,7,1.00,57.3,M,39.0,M,,*68 (pico_gnss pico-gnss-rs/src/main.rs:483)
163.957135 [INFO ] NMEA $GNGLL,0000.0000,N,00000.0000,E,131258.000,A,A*4E (pico_gnss pico-gnss-rs/src/main.rs:483)
164.015552 [INFO ] NMEA $GNGSA,A,3,24,10,28,12,29,32,23,,,,,,1.37,1.00,0.94*10 (pico_gnss pico-gnss-rs/src/main.rs:483)
164.059399 [INFO ] NMEA $GNGSA,A,3,,,,,,,,,,,,,1.37,1.00,0.94*15 (pico_gnss pico-gnss-rs/src/main.rs:483)
164.118118 [INFO ] NMEA $GPGSV,4,1,13,25,82,073,17,32,63,320,15,12,42,047,23,28,39,291,15*79 (pico_gnss pico-gnss-rs/src/main.rs:483)
164.205514 [INFO ] NMEA $GPGSV,4,2,13,10,38,221,18,29,21,144,18,23,15,189,17,31,13,274,*7D (pico_gnss pico-gnss-rs/src/main.rs:483)
164.264078 [INFO ] NMEA $GPGSV,4,3,13,24,12,083,15,26,04,226,,193,,,,194,,,*77 (pico_gnss pico-gnss-rs/src/main.rs:483)
164.297324 [INFO ] NMEA $GPGSV,4,4,13,195,,,*46 (pico_gnss pico-gnss-rs/src/main.rs:483)
164.355866 [INFO ] NMEA $GLGSV,2,1,08,72,72,153,,75,66,274,,65,50,327,,74,45,026,*6C (pico_gnss pico-gnss-rs/src/main.rs:483)
164.414322 [INFO ] NMEA $GLGSV,2,2,08,71,18,150,,76,16,235,,66,02,329,,73,02,044,16*6F (pico_gnss pico-gnss-rs/src/main.rs:483)
164.442358 [INFO ] PPSGEN count=159 interval_ns=1000002384 dev_ns=2384 phase_ns=-1868316 hwphase_ns=-16 trim_ppb=61 cfg=2 p_ns=0 d_ns=16 (pico_gnss pico-gnss-rs/src/main.rs:330)
164.443913 [INFO ] PPS count=159 interval_us=1000002 interval_ns=1000002320 state=Locked missed=0 (pico_gnss pico-gnss-rs/src/main.rs:203)
164.502718 [INFO ] NMEA $GNRMC,131258.000,A,0000.0000,N,00000.0000,E,1.43,129.88,080626,,,A*7F (pico_gnss pico-gnss-rs/src/main.rs:483)
164.505330 [INFO ] SYNC pps_local_us=158000367 unix_s=1780924378 drift_us=2 err_ns=-1 holdover_ms=999 (pico_gnss pico-gnss-rs/src/main.rs:514)
164.532363 [INFO ] NMEA $GPVTG,129.88,T,,M,1.43,N,2.64,K,A*31 (pico_gnss pico-gnss-rs/src/main.rs:483)
164.564374 [INFO ] NMEA $GPZDA,131258.000,08,06,2026,,*52 (pico_gnss pico-gnss-rs/src/main.rs:483)
164.607102 [INFO ] NMEA $GPGST,131258.000,9.5,14,8.5,138.6,12,11,32*61 (pico_gnss pico-gnss-rs/src/main.rs:483)
164.660091 [INFO ] TIME unix_ns=1780924378216143499 ppb=2321 holdover_ms=216 locked=1 (pico_gnss pico-gnss-rs/src/main.rs:237)
164.910920 [INFO ] NMEA $GPGGA,131259.000,0000.0000,N,00000.0000,E,1,7,1.00,57.4,M,39.0,M,,*66 (pico_gnss pico-gnss-rs/src/main.rs:483)
164.969268 [INFO ] NMEA $GNGLL,0000.0000,N,00000.0000,E,131259.000,A,A*47 (pico_gnss pico-gnss-rs/src/main.rs:483)
165.027736 [INFO ] NMEA $GNGSA,A,3,24,10,28,12,29,32,23,,,,,,1.37,1.00,0.94*10 (pico_gnss pico-gnss-rs/src/main.rs:483)
165.079778 [INFO ] NMEA $GNGSA,A,3,,,,,,,,,,,,,1.37,1.00,0.94*15 (pico_gnss pico-gnss-rs/src/main.rs:483)
165.138428 [INFO ] NMEA $GPGSV,4,1,13,25,82,073,17,32,63,320,15,12,42,047,23,28,39,291,15*79 (pico_gnss pico-gnss-rs/src/main.rs:483)
165.197104 [INFO ] NMEA $GPGSV,4,2,13,10,38,221,18,29,21,144,18,23,15,189,17,31,13,274,*7D (pico_gnss pico-gnss-rs/src/main.rs:483)
165.255520 [INFO ] NMEA $GPGSV,4,3,13,24,12,083,15,26,04,226,,193,,,,194,,,*77 (pico_gnss pico-gnss-rs/src/main.rs:483)
165.284776 [INFO ] NMEA $GPGSV,4,4,13,195,,,*46 (pico_gnss pico-gnss-rs/src/main.rs:483)
165.347339 [INFO ] NMEA $GLGSV,2,1,08,72,72,153,,75,66,274,,65,50,327,,74,45,026,*6C (pico_gnss pico-gnss-rs/src/main.rs:483)
165.434530 [INFO ] NMEA $GLGSV,2,2,08,71,18,150,,76,16,235,,66,02,329,,73,02,044,16*6F (pico_gnss pico-gnss-rs/src/main.rs:483)
165.442345 [INFO ] PPSGEN count=160 interval_ns=1000002384 dev_ns=2384 phase_ns=-1846316 hwphase_ns=48 trim_ppb=61 cfg=2 p_ns=0 d_ns=16 (pico_gnss pico-gnss-rs/src/main.rs:330)
165.443828 [INFO ] PPS count=160 interval_us=1000002 interval_ns=1000002304 state=Locked missed=0 (pico_gnss pico-gnss-rs/src/main.rs:203)
165.493247 [INFO ] NMEA $GNRMC,131259.000,A,0000.0000,N,00000.0000,E,1.87,148.71,080626,,,A*7F (pico_gnss pico-gnss-rs/src/main.rs:483)
165.495820 [INFO ] SYNC pps_local_us=159000370 unix_s=1780924379 drift_us=2 err_ns=-16 holdover_ms=999 (pico_gnss pico-gnss-rs/src/main.rs:514)
165.551259 [INFO ] NMEA $GPVTG,148.71,T,,M,1.87,N,3.46,K,A*39 (pico_gnss pico-gnss-rs/src/main.rs:483)
165.584593 [INFO ] NMEA $GPZDA,131259.000,08,06,2026,,*53 (pico_gnss pico-gnss-rs/src/main.rs:483)
165.618931 [INFO ] NMEA $GPGST,131259.000,9.5,14,8.7,139.4,12,11,34*67 (pico_gnss pico-gnss-rs/src/main.rs:483)
165.661346 [INFO ] TIME unix_ns=1780924379217471496 ppb=2321 holdover_ms=217 locked=1 (pico_gnss pico-gnss-rs/src/main.rs:237)
165.904922 [INFO ] NMEA $GPGGA,131300.000,0000.0000,N,00000.0000,E,1,7,1.00,57.6,M,39.0,M,,*6D (pico_gnss pico-gnss-rs/src/main.rs:483)
165.963273 [INFO ] NMEA $GNGLL,0000.0000,N,00000.0000,E,131300.000,A,A*4E (pico_gnss pico-gnss-rs/src/main.rs:483)
166.021750 [INFO ] NMEA $GNGSA,A,3,24,10,28,12,29,32,23,,,,,,1.37,1.00,0.94*10 (pico_gnss pico-gnss-rs/src/main.rs:483)
166.053215 [INFO ] NMEA $GNGSA,A,3,,,,,,,,,,,,,1.37,1.00,0.94*15 (pico_gnss pico-gnss-rs/src/main.rs:483)
166.140667 [INFO ] NMEA $GPGSV,4,1,13,25,82,073,17,32,63,320,15,12,42,047,24,28,39,291,15*7E (pico_gnss pico-gnss-rs/src/main.rs:483)
166.199285 [INFO ] NMEA $GPGSV,4,2,13,10,38,221,18,29,21,144,18,23,15,189,17,31,13,274,*7D (pico_gnss pico-gnss-rs/src/main.rs:483)
166.257770 [INFO ] NMEA $GPGSV,4,3,13,24,12,083,15,26,04,226,,193,,,,194,,,*77 (pico_gnss pico-gnss-rs/src/main.rs:483)
166.287028 [INFO ] NMEA $GPGSV,4,4,13,195,,,*46 (pico_gnss pico-gnss-rs/src/main.rs:483)
166.349562 [INFO ] NMEA $GLGSV,2,1,08,72,72,153,,75,66,274,,65,50,327,,74,45,026,*6C (pico_gnss pico-gnss-rs/src/main.rs:483)
166.408060 [INFO ] NMEA $GLGSV,2,2,08,71,18,150,,76,16,235,,66,02,329,,73,02,044,15*6C (pico_gnss pico-gnss-rs/src/main.rs:483)
166.442359 [INFO ] PPSGEN count=161 interval_ns=1000002384 dev_ns=2384 phase_ns=-1797316 hwphase_ns=128 trim_ppb=60 cfg=2 p_ns=0 d_ns=20 (pico_gnss pico-gnss-rs/src/main.rs:330)
166.443861 [INFO ] PPS count=161 interval_us=1000002 interval_ns=1000002320 state=Locked missed=0 (pico_gnss pico-gnss-rs/src/main.rs:203)
166.495477 [INFO ] NMEA $GNRMC,131300.000,A,0000.0000,N,00000.0000,E,0.81,147.15,080626,,,A*7C (pico_gnss pico-gnss-rs/src/main.rs:483)
166.498059 [INFO ] SYNC pps_local_us=160000372 unix_s=1780924380 drift_us=2 err_ns=0 holdover_ms=1000 (pico_gnss pico-gnss-rs/src/main.rs:514)
166.525023 [INFO ] NMEA $GPVTG,147.15,T,,M,0.81,N,1.50,K,A*36 (pico_gnss pico-gnss-rs/src/main.rs:483)
166.586762 [INFO ] NMEA $GPZDA,131300.000,08,06,2026,,*5E (pico_gnss pico-gnss-rs/src/main.rs:483)
166.613430 [INFO ] NMEA $GPGST,131300.000,9.5,15,8.8,140.2,13,11,35*6C (pico_gnss pico-gnss-rs/src/main.rs:483)
166.662579 [INFO ] TIME unix_ns=1780924380218686493 ppb=2321 holdover_ms=218 locked=1 (pico_gnss pico-gnss-rs/src/main.rs:237)
166.906991 [INFO ] NMEA $GPGGA,131301.000,0000.0000,N,00000.0000,E,1,7,1.00,57.9,M,39.0,M,,*60 (pico_gnss pico-gnss-rs/src/main.rs:483)
166.965322 [INFO ] NMEA $GNGLL,0000.0000,N,00000.0000,E,131301.000,A,A*4C (pico_gnss pico-gnss-rs/src/main.rs:483)
167.023801 [INFO ] NMEA $GNGSA,A,3,24,10,28,12,29,32,23,,,,,,1.37,1.00,0.94*10 (pico_gnss pico-gnss-rs/src/main.rs:483)
167.063474 [INFO ] NMEA $GNGSA,A,3,,,,,,,,,,,,,1.37,1.00,0.94*15 (pico_gnss pico-gnss-rs/src/main.rs:483)
167.122176 [INFO ] NMEA $GPGSV,4,1,13,25,82,073,17,32,64,320,15,12,42,047,24,28,39,291,15*79 (pico_gnss pico-gnss-rs/src/main.rs:483)
167.209585 [INFO ] NMEA $GPGSV,4,2,13,10,38,221,18,29,21,144,18,23,15,189,17,31,13,274,*7D (pico_gnss pico-gnss-rs/src/main.rs:483)
167.268033 [INFO ] NMEA $GPGSV,4,3,13,24,12,083,15,26,04,226,,193,,,,194,,,*77 (pico_gnss pico-gnss-rs/src/main.rs:483)
167.297284 [INFO ] NMEA $GPGSV,4,4,13,195,,,*46 (pico_gnss pico-gnss-rs/src/main.rs:483)
167.359846 [INFO ] NMEA $GLGSV,2,1,08,72,72,153,,75,66,274,,65,50,327,,74,45,026,19*64 (pico_gnss pico-gnss-rs/src/main.rs:483)
167.418309 [INFO ] NMEA $GLGSV,2,2,08,71,18,150,,76,16,235,,66,02,329,,73,02,044,16*6F (pico_gnss pico-gnss-rs/src/main.rs:483)
167.442354 [INFO ] PPSGEN count=162 interval_ns=1000002384 dev_ns=2384 phase_ns=-1794316 hwphase_ns=192 trim_ppb=59 cfg=2 p_ns=0 d_ns=16 (pico_gnss pico-gnss-rs/src/main.rs:330)
167.443826 [INFO ] PPS count=162 interval_us=1000002 interval_ns=1000002320 state=Locked missed=0 (pico_gnss pico-gnss-rs/src/main.rs:203)
167.505675 [INFO ] NMEA $GNRMC,131301.000,A,0000.0000,N,00000.0000,E,2.01,130.05,080626,,,A*75 (pico_gnss pico-gnss-rs/src/main.rs:483)
167.508275 [INFO ] SYNC pps_local_us=161000374 unix_s=1780924381 drift_us=2 err_ns=0 holdover_ms=999 (pico_gnss pico-gnss-rs/src/main.rs:514)
167.535291 [INFO ] NMEA $GPVTG,130.05,T,,M,2.01,N,3.72,K,A*3F (pico_gnss pico-gnss-rs/src/main.rs:483)
167.564367 [INFO ] NMEA $GPZDA,131301.000,08,06,2026,,*5F (pico_gnss pico-gnss-rs/src/main.rs:483)
167.617352 [INFO ] NMEA $GPGST,131301.000,9.6,15,9.0,140.9,13,12,37*6D (pico_gnss pico-gnss-rs/src/main.rs:483)
167.663812 [INFO ] TIME unix_ns=1780924381219936490 ppb=2321 holdover_ms=219 locked=1 (pico_gnss pico-gnss-rs/src/main.rs:237)
167.919972 [INFO ] NMEA $GPGGA,131302.000,0000.0000,N,00000.0000,E,1,7,1.00,58.4,M,39.0,M,,*6C (pico_gnss pico-gnss-rs/src/main.rs:483)
167.978318 [INFO ] NMEA $GNGLL,0000.0000,N,00000.0000,E,131302.000,A,A*42 (pico_gnss pico-gnss-rs/src/main.rs:483)
168.036804 [INFO ] NMEA $GNGSA,A,3,24,10,28,12,29,32,23,,,,,,1.37,1.00,0.94*10 (pico_gnss pico-gnss-rs/src/main.rs:483)
168.082665 [INFO ] NMEA $GNGSA,A,3,,,,,,,,,,,,,1.37,1.00,0.94*15 (pico_gnss pico-gnss-rs/src/main.rs:483)
168.141361 [INFO ] NMEA $GPGSV,4,1,13,25,82,073,17,32,64,320,15,12,42,047,24,28,39,291,15*79 (pico_gnss pico-gnss-rs/src/main.rs:483)
168.228756 [INFO ] NMEA $GPGSV,4,2,13,10,38,221,17,29,21,144,18,23,15,189,17,31,13,274,*72 (pico_gnss pico-gnss-rs/src/main.rs:483)
168.287249 [INFO ] NMEA $GPGSV,4,3,13,24,12,083,16,26,04,226,,193,,,,194,,,*74 (pico_gnss pico-gnss-rs/src/main.rs:483)
168.316479 [INFO ] NMEA $GPGSV,4,4,13,195,,,*46 (pico_gnss pico-gnss-rs/src/main.rs:483)
168.378946 [INFO ] NMEA $GLGSV,2,1,08,72,72,153,,75,66,274,,65,50,327,,74,45,026,*6C (pico_gnss pico-gnss-rs/src/main.rs:483)
168.437411 [INFO ] NMEA $GLGSV,2,2,08,71,18,150,,76,16,235,,66,02,329,,73,02,044,16*6F (pico_gnss pico-gnss-rs/src/main.rs:483)
168.442359 [INFO ] PPSGEN count=163 interval_ns=1000002384 dev_ns=2384 phase_ns=-1772316 hwphase_ns=256 trim_ppb=57 cfg=2 p_ns=0 d_ns=16 (pico_gnss pico-gnss-rs/src/main.rs:330)
168.443859 [INFO ] PPS count=163 interval_us=1000002 interval_ns=1000002320 state=Locked missed=0 (pico_gnss pico-gnss-rs/src/main.rs:203)
168.524742 [INFO ] NMEA $GNRMC,131302.000,A,0000.0000,N,00000.0000,E,3.27,103.36,080626,,,A*7E (pico_gnss pico-gnss-rs/src/main.rs:483)
168.527339 [INFO ] SYNC pps_local_us=162000377 unix_s=1780924382 drift_us=2 err_ns=0 holdover_ms=1000 (pico_gnss pico-gnss-rs/src/main.rs:514)
168.554403 [INFO ] NMEA $GPVTG,103.36,T,,M,3.27,N,6.05,K,A*3F (pico_gnss pico-gnss-rs/src/main.rs:483)
168.583477 [INFO ] NMEA $GPZDA,131302.000,08,06,2026,,*5C (pico_gnss pico-gnss-rs/src/main.rs:483)
168.628092 [INFO ] NMEA $GPGST,131302.000,9.7,13,9.4,136.7,12,11,36*61 (pico_gnss pico-gnss-rs/src/main.rs:483)
168.665041 [INFO ] TIME unix_ns=1780924382221150487 ppb=2321 holdover_ms=221 locked=1 (pico_gnss pico-gnss-rs/src/main.rs:237)
168.864906 [INFO ] NMEA $GPGGA,131303.000,0000.0000,N,00000.0000,E,1,7,1.00,59.1,M,39.0,M,,*6E (pico_gnss pico-gnss-rs/src/main.rs:483)
168.923244 [INFO ] NMEA $GNGLL,0000.0000,N,00000.0000,E,131303.000,A,A*44 (pico_gnss pico-gnss-rs/src/main.rs:483)
168.981693 [INFO ] NMEA $GNGSA,A,3,24,10,28,12,29,32,23,,,,,,1.37,1.00,0.94*10 (pico_gnss pico-gnss-rs/src/main.rs:483)
169.011188 [INFO ] NMEA $GNGSA,A,3,,,,,,,,,,,,,1.37,1.00,0.94*15 (pico_gnss pico-gnss-rs/src/main.rs:483)
169.094456 [INFO ] NMEA $GPGSV,4,1,13,25,82,073,17,32,64,320,15,12,42,047,24,28,39,291,15*79 (pico_gnss pico-gnss-rs/src/main.rs:483)
169.153145 [INFO ] NMEA $GPGSV,4,2,13,10,38,221,16,29,21,144,18,23,15,189,17,31,13,274,*73 (pico_gnss pico-gnss-rs/src/main.rs:483)
169.211575 [INFO ] NMEA $GPGSV,4,3,13,24,12,083,14,26,04,226,,193,,,,194,,,*76 (pico_gnss pico-gnss-rs/src/main.rs:483)
169.240824 [INFO ] NMEA $GPGSV,4,4,13,195,,,*46 (pico_gnss pico-gnss-rs/src/main.rs:483)
169.303436 [INFO ] NMEA $GLGSV,2,1,08,72,72,153,,75,66,274,,65,50,327,,74,45,026,*6C (pico_gnss pico-gnss-rs/src/main.rs:483)
169.390685 [INFO ] NMEA $GLGSV,2,2,08,71,18,150,,76,16,235,,66,02,329,,73,02,044,16*6F (pico_gnss pico-gnss-rs/src/main.rs:483)
169.442363 [INFO ] PPSGEN count=164 interval_ns=1000002384 dev_ns=2384 phase_ns=-1802316 hwphase_ns=320 trim_ppb=55 cfg=2 p_ns=0 d_ns=16 (pico_gnss pico-gnss-rs/src/main.rs:330)
169.443844 [INFO ] PPS count=164 interval_us=1000002 interval_ns=1000002304 state=Locked missed=0 (pico_gnss pico-gnss-rs/src/main.rs:203)
169.449753 [INFO ] NMEA $GNRMC,131303.000,A,0000.0000,N,00000.0000,E,1.84,123.26,080626,,,A*70 (pico_gnss pico-gnss-rs/src/main.rs:483)
169.452339 [INFO ] SYNC pps_local_us=163000379 unix_s=1780924383 drift_us=2 err_ns=-16 holdover_ms=1000 (pico_gnss pico-gnss-rs/src/main.rs:514)
169.507423 [INFO ] NMEA $GPVTG,123.26,T,,M,1.84,N,3.42,K,A*31 (pico_gnss pico-gnss-rs/src/main.rs:483)
169.536717 [INFO ] NMEA $GPZDA,131303.000,08,06,2026,,*5D (pico_gnss pico-gnss-rs/src/main.rs:483)
169.570216 [INFO ] NMEA $GPGST,131303.000,9.9,13,9.5,137.9,12,11,37*61 (pico_gnss pico-gnss-rs/src/main.rs:483)
169.666284 [INFO ] TIME unix_ns=1780924383222382485 ppb=2320 holdover_ms=222 locked=1 (pico_gnss pico-gnss-rs/src/main.rs:237)
169.889966 [INFO ] NMEA $GPGGA,131304.000,0000.0000,N,00000.0000,E,1,7,1.00,59.3,M,39.0,M,,*6A (pico_gnss pico-gnss-rs/src/main.rs:483)
169.948295 [INFO ] NMEA $GNGLL,0000.0000,N,00000.0000,E,131304.000,A,A*42 (pico_gnss pico-gnss-rs/src/main.rs:483)
170.006768 [INFO ] NMEA $GNGSA,A,3,24,10,28,12,29,32,23,,,,,,1.37,1.00,0.94*10 (pico_gnss pico-gnss-rs/src/main.rs:483)
170.036247 [INFO ] NMEA $GNGSA,A,3,,,,,,,,,,,,,1.37,1.00,0.94*15 (pico_gnss pico-gnss-rs/src/main.rs:483)
170.127765 [INFO ] NMEA $GPGSV,4,1,13,25,82,073,17,32,64,320,16,12,42,047,24,28,39,291,15*7A (pico_gnss pico-gnss-rs/src/main.rs:483)
170.186422 [INFO ] NMEA $GPGSV,4,2,13,10,38,221,16,29,21,144,18,23,15,189,17,31,13,274,*73 (pico_gnss pico-gnss-rs/src/main.rs:483)
170.244866 [INFO ] NMEA $GPGSV,4,3,13,24,12,083,16,26,04,226,,193,,,,194,,,*74 (pico_gnss pico-gnss-rs/src/main.rs:483)
170.274143 [INFO ] NMEA $GPGSV,4,4,13,195,,,*46 (pico_gnss pico-gnss-rs/src/main.rs:483)
170.336660 [INFO ] NMEA $GLGSV,2,1,08,72,72,153,,75,66,274,,65,50,327,,74,45,026,*6C (pico_gnss pico-gnss-rs/src/main.rs:483)
170.395167 [INFO ] NMEA $GLGSV,2,2,08,71,18,150,,76,16,235,,66,02,329,,73,02,044,16*6F (pico_gnss pico-gnss-rs/src/main.rs:483)
170.442351 [INFO ] PPSGEN count=165 interval_ns=1000002384 dev_ns=2384 phase_ns=-1807315 hwphase_ns=400 trim_ppb=52 cfg=2 p_ns=0 d_ns=20 (pico_gnss pico-gnss-rs/src/main.rs:330)
170.443839 [INFO ] PPS count=165 interval_us=1000002 interval_ns=1000002304 state=Locked missed=0 (pico_gnss pico-gnss-rs/src/main.rs:203)
170.482569 [INFO ] NMEA $GNRMC,131304.000,A,0000.0000,N,00000.0000,E,1.22,85.22,080626,,,A*43 (pico_gnss pico-gnss-rs/src/main.rs:483)
170.485156 [INFO ] SYNC pps_local_us=164000381 unix_s=1780924384 drift_us=2 err_ns=-15 holdover_ms=1000 (pico_gnss pico-gnss-rs/src/main.rs:514)
170.512130 [INFO ] NMEA $GPVTG,85.22,T,,M,1.22,N,2.27,K,A*06 (pico_gnss pico-gnss-rs/src/main.rs:483)
170.569765 [INFO ] NMEA $GPZDA,131304.000,08,06,2026,,*5A (pico_gnss pico-gnss-rs/src/main.rs:483)
170.595601 [INFO ] NMEA $GPGST,131304.000,10,13,9.7,139.6,12,11,38*45 (pico_gnss pico-gnss-rs/src/main.rs:483)
170.667519 [INFO ] TIME unix_ns=1780924384223634482 ppb=2319 holdover_ms=223 locked=1 (pico_gnss pico-gnss-rs/src/main.rs:237)
170.916749 [INFO ] NMEA $GPGGA,131305.000,0000.0000,N,00000.0000,E,1,7,1.00,59.7,M,39.0,M,,*64 (pico_gnss pico-gnss-rs/src/main.rs:483)
170.975097 [INFO ] NMEA $GNGLL,0000.0000,N,00000.0000,E,131305.000,A,A*48 (pico_gnss pico-gnss-rs/src/main.rs:483)
171.033563 [INFO ] NMEA $GNGSA,A,3,24,10,28,12,29,32,23,,,,,,1.37,1.00,0.94*10 (pico_gnss pico-gnss-rs/src/main.rs:483)
171.063045 [INFO ] NMEA $GNGSA,A,3,,,,,,,,,,,,,1.37,1.00,0.94*15 (pico_gnss pico-gnss-rs/src/main.rs:483)
171.137056 [INFO ] NMEA $GPGSV,4,1,13,25,82,073,17,32,64,320,16,12,42,047,24,28,39,291,15*7A (pico_gnss pico-gnss-rs/src/main.rs:483)
171.224481 [INFO ] NMEA $GPGSV,4,2,13,10,38,221,16,29,21,144,18,23,15,189,17,31,13,274,*73 (pico_gnss pico-gnss-rs/src/main.rs:483)
171.282970 [INFO ] NMEA $GPGSV,4,3,13,24,12,083,16,26,04,226,,193,,,,194,,,*74 (pico_gnss pico-gnss-rs/src/main.rs:483)
171.312183 [INFO ] NMEA $GPGSV,4,4,13,195,,,*46 (pico_gnss pico-gnss-rs/src/main.rs:483)
171.374713 [INFO ] NMEA $GLGSV,2,1,08,72,72,153,,75,66,274,,65,50,327,,74,45,026,*6C (pico_gnss pico-gnss-rs/src/main.rs:483)
171.433183 [INFO ] NMEA $GLGSV,2,2,08,71,18,150,,76,16,235,,66,02,329,,73,02,044,17*6E (pico_gnss pico-gnss-rs/src/main.rs:483)
171.442379 [INFO ] PPSGEN count=166 interval_ns=1000002384 dev_ns=2384 phase_ns=-1773315 hwphase_ns=480 trim_ppb=49 cfg=2 p_ns=0 d_ns=20 (pico_gnss pico-gnss-rs/src/main.rs:330)
171.443873 [INFO ] PPS count=166 interval_us=1000002 interval_ns=1000002336 state=Locked missed=0 (pico_gnss pico-gnss-rs/src/main.rs:203)
171.520532 [INFO ] NMEA $GNRMC,131305.000,A,0000.0000,N,00000.0000,E,0.80,133.18,080626,,,A*75 (pico_gnss pico-gnss-rs/src/main.rs:483)
171.523143 [INFO ] SYNC pps_local_us=165000384 unix_s=1780924385 drift_us=2 err_ns=16 holdover_ms=1000 (pico_gnss pico-gnss-rs/src/main.rs:514)
171.550184 [INFO ] NMEA $GPVTG,133.18,T,,M,0.80,N,1.48,K,A*30 (pico_gnss pico-gnss-rs/src/main.rs:483)
171.579220 [INFO ] NMEA $GPZDA,131305.000,08,06,2026,,*5B (pico_gnss pico-gnss-rs/src/main.rs:483)
171.624182 [INFO ] NMEA $GPGST,131305.000,10,14,9.4,140.1,12,11,37*46 (pico_gnss pico-gnss-rs/src/main.rs:483)
171.668767 [INFO ] TIME unix_ns=1780924385224853479 ppb=2320 holdover_ms=224 locked=1 (pico_gnss pico-gnss-rs/src/main.rs:237)
171.931912 [INFO ] NMEA $GPGGA,131306.000,0000.0000,N,00000.0000,E,1,7,1.00,60.0,M,39.0,M,,*65 (pico_gnss pico-gnss-rs/src/main.rs:483)
171.990240 [INFO ] NMEA $GNGLL,0000.0000,N,00000.0000,E,131306.000,A,A*44 (pico_gnss pico-gnss-rs/src/main.rs:483)
172.048724 [INFO ] NMEA $GNGSA,A,3,24,10,28,12,29,32,23,,,,,,1.37,1.00,0.94*10 (pico_gnss pico-gnss-rs/src/main.rs:483)
172.078200 [INFO ] NMEA $GNGSA,A,3,,,,,,,,,,,,,1.37,1.00,0.94*15 (pico_gnss pico-gnss-rs/src/main.rs:483)
172.161467 [INFO ] NMEA $GPGSV,4,1,13,25,82,073,17,32,64,320,16,12,42,047,24,28,39,291,16*79 (pico_gnss pico-gnss-rs/src/main.rs:483)
172.220135 [INFO ] NMEA $GPGSV,4,2,13,10,38,221,16,29,21,144,18,23,15,189,17,31,13,274,*73 (pico_gnss pico-gnss-rs/src/main.rs:483)
172.278584 [INFO ] NMEA $GPGSV,4,3,13,24,12,083,16,26,04,226,,193,,,,194,,,*74 (pico_gnss pico-gnss-rs/src/main.rs:483)
172.307852 [INFO ] NMEA $GPGSV,4,4,13,195,,,*46 (pico_gnss pico-gnss-rs/src/main.rs:483)
172.394884 [INFO ] NMEA $GLGSV,2,1,08,72,72,153,,75,66,274,,65,50,327,,74,45,026,*6C (pico_gnss pico-gnss-rs/src/main.rs:483)
172.442388 [INFO ] PPSGEN count=167 interval_ns=1000002384 dev_ns=2384 phase_ns=-1803315 hwphase_ns=528 trim_ppb=45 cfg=2 p_ns=33 d_ns=12 (pico_gnss pico-gnss-rs/src/main.rs:330)
172.443899 [INFO ] PPS count=167 interval_us=1000002 interval_ns=1000002304 state=Locked missed=0 (pico_gnss pico-gnss-rs/src/main.rs:203)
172.458008 [INFO ] NMEA $GLGSV,2,2,08,71,18,150,,76,16,235,,66,02,329,,73,02,044,17*6E (pico_gnss pico-gnss-rs/src/main.rs:483)
172.516118 [INFO ] NMEA $GNRMC,131306.000,A,0000.0000,N,00000.0000,E,0.80,1.72,080626,,,A*75 (pico_gnss pico-gnss-rs/src/main.rs:483)
172.518696 [INFO ] SYNC pps_local_us=166000386 unix_s=1780924386 drift_us=2 err_ns=-15 holdover_ms=1000 (pico_gnss pico-gnss-rs/src/main.rs:514)
172.545741 [INFO ] NMEA $GPVTG,1.72,T,,M,0.80,N,1.48,K,A*3C (pico_gnss pico-gnss-rs/src/main.rs:483)
172.603446 [INFO ] NMEA $GPZDA,131306.000,08,06,2026,,*58 (pico_gnss pico-gnss-rs/src/main.rs:483)
172.635245 [INFO ] NMEA $GPGST,131306.000,10,14,9.4,141.7,13,12,38*4F (pico_gnss pico-gnss-rs/src/main.rs:483)
172.670016 [INFO ] TIME unix_ns=1780924386226063476 ppb=2320 holdover_ms=226 locked=1 (pico_gnss pico-gnss-rs/src/main.rs:237)
172.928134 [INFO ] NMEA $GPGGA,131307.000,0000.0000,N,00000.0000,E,1,7,1.00,60.4,M,39.0,M,,*6F (pico_gnss pico-gnss-rs/src/main.rs:483)
172.986525 [INFO ] NMEA $GNGLL,0000.0000,N,00000.0000,E,131307.000,A,A*4A (pico_gnss pico-gnss-rs/src/main.rs:483)
173.044962 [INFO ] NMEA $GNGSA,A,3,24,10,28,12,29,32,23,,,,,,1.37,1.00,0.94*10 (pico_gnss pico-gnss-rs/src/main.rs:483)
173.074479 [INFO ] NMEA $GNGSA,A,3,,,,,,,,,,,,,1.37,1.00,0.94*15 (pico_gnss pico-gnss-rs/src/main.rs:483)
173.165910 [INFO ] NMEA $GPGSV,4,1,13,25,82,073,17,32,64,320,16,12,42,047,24,28,39,291,17*78 (pico_gnss pico-gnss-rs/src/main.rs:483)
173.224629 [INFO ] NMEA $GPGSV,4,2,13,10,38,221,16,29,21,144,18,23,15,189,17,31,13,274,*73 (pico_gnss pico-gnss-rs/src/main.rs:483)
173.283060 [INFO ] NMEA $GPGSV,4,3,13,24,12,083,16,26,04,226,,193,,,,194,,,*74 (pico_gnss pico-gnss-rs/src/main.rs:483)
173.312323 [INFO ] NMEA $GPGSV,4,4,13,195,,,*46 (pico_gnss pico-gnss-rs/src/main.rs:483)
173.370714 [INFO ] NMEA $GLGSV,2,1,08,72,72,153,,75,66,274,,65,50,327,,74,45,026,*6C (pico_gnss pico-gnss-rs/src/main.rs:483)
173.433257 [INFO ] NMEA $GLGSV,2,2,08,71,18,150,,76,16,235,,66,02,329,,73,02,044,17*6E (pico_gnss pico-gnss-rs/src/main.rs:483)
173.442384 [INFO ] PPSGEN count=168 interval_ns=1000002368 dev_ns=2368 phase_ns=-1822315 hwphase_ns=592 trim_ppb=41 cfg=2 p_ns=37 d_ns=16 (pico_gnss pico-gnss-rs/src/main.rs:330)
173.443875 [INFO ] PPS count=168 interval_us=1000002 interval_ns=1000002304 state=Locked missed=0 (pico_gnss pico-gnss-rs/src/main.rs:203)
173.520641 [INFO ] NMEA $GNRMC,131307.000,A,0000.0000,N,00000.0000,E,0.60,38.60,080626,,,A*4C (pico_gnss pico-gnss-rs/src/main.rs:483)
173.523238 [INFO ] SYNC pps_local_us=167000388 unix_s=1780924387 drift_us=2 err_ns=-15 holdover_ms=999 (pico_gnss pico-gnss-rs/src/main.rs:514)
173.550242 [INFO ] NMEA $GPVTG,38.60,T,,M,0.60,N,1.11,K,A*07 (pico_gnss pico-gnss-rs/src/main.rs:483)
173.579322 [INFO ] NMEA $GPZDA,131307.000,08,06,2026,,*59 (pico_gnss pico-gnss-rs/src/main.rs:483)
173.628164 [INFO ] NMEA $GPGST,131307.000,10,21,5.8,129.9,14,17,66*41 (pico_gnss pico-gnss-rs/src/main.rs:483)
173.671284 [INFO ] TIME unix_ns=1780924387227363473 ppb=2319 holdover_ms=227 locked=1 (pico_gnss pico-gnss-rs/src/main.rs:237)
173.781840 [INFO ] NMEA $GPGGA,131308.000,0000.0000,N,00000.0000,E,1,7,1.00,60.8,M,39.0,M,,*6F (pico_gnss pico-gnss-rs/src/main.rs:483)
173.840200 [INFO ] NMEA $GNGLL,0000.0000,N,00000.0000,E,131308.000,A,A*46 (pico_gnss pico-gnss-rs/src/main.rs:483)
173.898647 [INFO ] NMEA $GNGSA,A,3,24,10,28,12,29,32,23,,,,,,1.37,1.00,0.94*10 (pico_gnss pico-gnss-rs/src/main.rs:483)
173.956857 [INFO ] NMEA $GNGSA,A,3,,,,,,,,,,,,,1.37,1.00,0.94*15 (pico_gnss pico-gnss-rs/src/main.rs:483)
174.019652 [INFO ] NMEA $GPGSV,4,1,13,25,82,073,17,32,64,320,16,12,42,047,24,28,39,291,17*78 (pico_gnss pico-gnss-rs/src/main.rs:483)
174.107066 [INFO ] NMEA $GPGSV,4,2,13,10,38,221,16,29,21,144,18,23,15,189,17,31,13,274,*73 (pico_gnss pico-gnss-rs/src/main.rs:483)
174.165541 [INFO ] NMEA $GPGSV,4,3,13,24,12,083,16,26,04,226,,193,,,,194,,,*74 (pico_gnss pico-gnss-rs/src/main.rs:483)
174.166917 [INFO ] NMEA $GPGSV,4,4,13,195,,,*46 (pico_gnss pico-gnss-rs/src/main.rs:483)
174.253243 [INFO ] NMEA $GLGSV,2,1,08,72,72,153,,75,66,274,,65,50,327,,74,45,026,*6C (pico_gnss pico-gnss-rs/src/main.rs:483)
174.315951 [INFO ] NMEA $GLGSV,2,2,08,71,18,150,,76,16,235,,66,02,329,,73,02,044,16*6F (pico_gnss pico-gnss-rs/src/main.rs:483)
174.374574 [INFO ] NMEA $GNRMC,131308.000,A,0000.0000,N,00000.0000,E,1.40,26.63,080626,,,A*4F (pico_gnss pico-gnss-rs/src/main.rs:483)
174.432709 [INFO ] NMEA $GPVTG,26.63,T,,M,1.40,N,2.60,K,A*0D (pico_gnss pico-gnss-rs/src/main.rs:483)
174.442413 [INFO ] PPSGEN count=169 interval_ns=1000002352 dev_ns=2352 phase_ns=-1782314 hwphase_ns=640 trim_ppb=36 cfg=2 p_ns=40 d_ns=12 (pico_gnss pico-gnss-rs/src/main.rs:330)
174.443918 [INFO ] PPS count=169 interval_us=1000002 interval_ns=1000002320 state=Locked missed=0 (pico_gnss pico-gnss-rs/src/main.rs:203)
174.462363 [INFO ] NMEA $GPZDA,131308.000,08,06,2026,,*56 (pico_gnss pico-gnss-rs/src/main.rs:483)
174.499440 [INFO ] NMEA $GPGST,131308.000,10,22,5.6,130.7,15,17,67*45 (pico_gnss pico-gnss-rs/src/main.rs:483)
174.672527 [INFO ] TIME unix_ns=1780924388228600151 ppb=2319 holdover_ms=1228 locked=1 (pico_gnss pico-gnss-rs/src/main.rs:237)
174.891985 [INFO ] NMEA $GPGGA,131309.000,0000.0000,N,00000.0000,E,1,7,1.00,61.0,M,39.0,M,,*62 (pico_gnss pico-gnss-rs/src/main.rs:483)
174.950324 [INFO ] NMEA $GNGLL,0000.0000,N,00000.0000,E,131309.000,A,A*42 (pico_gnss pico-gnss-rs/src/main.rs:483)
175.008826 [INFO ] NMEA $GNGSA,A,3,24,10,28,12,29,32,23,,,,,,1.37,1.00,0.94*10 (pico_gnss pico-gnss-rs/src/main.rs:483)
175.038307 [INFO ] NMEA $GNGSA,A,3,,,,,,,,,,,,,1.37,1.00,0.94*15 (pico_gnss pico-gnss-rs/src/main.rs:483)
175.129788 [INFO ] NMEA $GPGSV,4,1,13,25,82,073,17,32,64,320,16,12,42,047,24,28,39,291,17*78 (pico_gnss pico-gnss-rs/src/main.rs:483)
175.188451 [INFO ] NMEA $GPGSV,4,2,13,10,38,221,16,29,21,144,18,23,15,189,17,31,13,274,*73 (pico_gnss pico-gnss-rs/src/main.rs:483)
175.246906 [INFO ] NMEA $GPGSV,4,3,13,24,12,083,15,26,04,226,,193,,,,194,,,*77 (pico_gnss pico-gnss-rs/src/main.rs:483)
175.276180 [INFO ] NMEA $GPGSV,4,4,13,195,,,*46 (pico_gnss pico-gnss-rs/src/main.rs:483)
175.334633 [INFO ] NMEA $GLGSV,2,1,08,72,72,153,,75,66,274,,65,50,327,,74,45,026,*6C (pico_gnss pico-gnss-rs/src/main.rs:483)
175.397180 [INFO ] NMEA $GLGSV,2,2,08,71,18,150,,76,16,235,,66,02,329,,73,02,044,16*6F (pico_gnss pico-gnss-rs/src/main.rs:483)
175.442371 [INFO ] PPSGEN count=170 interval_ns=1000002336 dev_ns=2336 phase_ns=-1814633 hwphase_ns=656 trim_ppb=31 cfg=2 p_ns=41 d_ns=4 (pico_gnss pico-gnss-rs/src/main.rs:330)
175.443866 [INFO ] PPS count=170 interval_us=1000002 interval_ns=1000002304 state=Locked missed=0 (pico_gnss pico-gnss-rs/src/main.rs:203)
175.484592 [INFO ] NMEA $GNRMC,131309.000,A,0000.0000,N,00000.0000,E,1.10,30.16,080626,,,A*4B (pico_gnss pico-gnss-rs/src/main.rs:483)
175.487196 [INFO ] SYNC pps_local_us=169000393 unix_s=1780924389 drift_us=2 err_ns=-13 holdover_ms=2000 (pico_gnss pico-gnss-rs/src/main.rs:514)
175.514138 [INFO ] NMEA $GPVTG,30.16,T,,M,1.10,N,2.04,K,A*0F (pico_gnss pico-gnss-rs/src/main.rs:483)
175.571827 [INFO ] NMEA $GPZDA,131309.000,08,06,2026,,*57 (pico_gnss pico-gnss-rs/src/main.rs:483)
175.598427 [INFO ] NMEA $GPGST,131309.000,10,22,5.7,130.6,15,17,68*4B (pico_gnss pico-gnss-rs/src/main.rs:483)
175.673761 [INFO ] TIME unix_ns=1780924389229839468 ppb=2319 holdover_ms=229 locked=1 (pico_gnss pico-gnss-rs/src/main.rs:237)
175.923113 [INFO ] NMEA $GPGGA,131310.000,0000.0000,N,00000.0000,E,1,7,1.00,61.2,M,39.0,M,,*67 (pico_gnss pico-gnss-rs/src/main.rs:483)
175.952854 [INFO ] NMEA $GNGLL,0000.0000,N,00000.0000,E,131310.000,A,A*45 (pico_gnss pico-gnss-rs/src/main.rs:483)
176.011225 [INFO ] NMEA $GNGSA,A,3,24,10,28,12,29,32,23,,,,,,1.37,1.00,0.94*10 (pico_gnss pico-gnss-rs/src/main.rs:483)
176.069438 [INFO ] NMEA $GNGSA,A,3,,,,,,,,,,,,,1.37,1.00,0.94*15 (pico_gnss pico-gnss-rs/src/main.rs:483)
176.128133 [INFO ] NMEA $GPGSV,4,1,13,25,82,073,17,32,64,320,16,12,42,047,24,28,39,291,16*79 (pico_gnss pico-gnss-rs/src/main.rs:483)
176.219633 [INFO ] NMEA $GPGSV,4,2,13,10,38,221,16,29,21,144,18,23,15,189,17,31,13,274,*73 (pico_gnss pico-gnss-rs/src/main.rs:483)
176.278137 [INFO ] NMEA $GPGSV,4,3,13,24,12,083,15,26,04,226,,193,,,,194,,,*77 (pico_gnss pico-gnss-rs/src/main.rs:483)
176.307343 [INFO ] NMEA $GPGSV,4,4,13,195,,,*46 (pico_gnss pico-gnss-rs/src/main.rs:483)
176.365786 [INFO ] NMEA $GLGSV,2,1,08,72,72,153,,75,66,274,,65,50,327,,74,45,026,*6C (pico_gnss pico-gnss-rs/src/main.rs:483)
176.428325 [INFO ] NMEA $GLGSV,2,2,08,71,18,150,,76,16,235,,66,02,329,,73,02,044,16*6F (pico_gnss pico-gnss-rs/src/main.rs:483)
176.442401 [INFO ] PPSGEN count=171 interval_ns=1000002320 dev_ns=2320 phase_ns=-1779314 hwphase_ns=672 trim_ppb=26 cfg=2 p_ns=42 d_ns=4 (pico_gnss pico-gnss-rs/src/main.rs:330)
176.443882 [INFO ] PPS count=171 interval_us=1000002 interval_ns=1000002304 state=Locked missed=0 (pico_gnss pico-gnss-rs/src/main.rs:203)
176.515679 [INFO ] NMEA $GNRMC,131310.000,A,0000.0000,N,00000.0000,E,0.68,29.04,080626,,,A*49 (pico_gnss pico-gnss-rs/src/main.rs:483)
176.518270 [INFO ] SYNC pps_local_us=170000395 unix_s=1780924390 drift_us=2 err_ns=-14 holdover_ms=1000 (pico_gnss pico-gnss-rs/src/main.rs:514)
176.545302 [INFO ] NMEA $GPVTG,29.04,T,,M,0.68,N,1.26,K,A*09 (pico_gnss pico-gnss-rs/src/main.rs:483)
176.574332 [INFO ] NMEA $GPZDA,131310.000,08,06,2026,,*5F (pico_gnss pico-gnss-rs/src/main.rs:483)
176.618003 [INFO ] NMEA $GPGST,131310.000,10,22,5.8,130.5,15,17,67*40 (pico_gnss pico-gnss-rs/src/main.rs:483)
176.675004 [INFO ] TIME unix_ns=1780924390231073465 ppb=2318 holdover_ms=231 locked=1 (pico_gnss pico-gnss-rs/src/main.rs:237)
176.910491 [INFO ] NMEA $GPGGA,131311.000,0000.0000,N,00000.0000,E,1,7,1.00,61.3,M,39.0,M,,*65 (pico_gnss pico-gnss-rs/src/main.rs:483)
176.968840 [INFO ] NMEA $GNGLL,0000.0000,N,00000.0000,E,131311.000,A,A*46 (pico_gnss pico-gnss-rs/src/main.rs:483)
177.027270 [INFO ] NMEA $GNGSA,A,3,24,10,28,12,29,32,23,,,,,,1.37,1.00,0.94*10 (pico_gnss pico-gnss-rs/src/main.rs:483)
177.085530 [INFO ] NMEA $GNGSA,A,3,,,,,,,,,,,,,1.37,1.00,0.94*15 (pico_gnss pico-gnss-rs/src/main.rs:483)
177.144214 [INFO ] NMEA $GPGSV,4,1,13,25,82,073,17,32,64,320,16,12,42,047,24,28,39,291,15*7A (pico_gnss pico-gnss-rs/src/main.rs:483)
177.206941 [INFO ] NMEA $GPGSV,4,2,13,10,38,221,16,29,21,144,19,23,15,189,18,31,13,274,*7D (pico_gnss pico-gnss-rs/src/main.rs:483)
177.265430 [INFO ] NMEA $GPGSV,4,3,13,24,12,083,15,26,04,226,,193,,,,194,,,*77 (pico_gnss pico-gnss-rs/src/main.rs:483)
177.294653 [INFO ] NMEA $GPGSV,4,4,13,195,,,*46 (pico_gnss pico-gnss-rs/src/main.rs:483)
177.353113 [INFO ] NMEA $GLGSV,2,1,08,72,72,153,,75,66,274,,65,50,327,,74,45,026,*6C (pico_gnss pico-gnss-rs/src/main.rs:483)
177.442411 [INFO ] PPSGEN count=172 interval_ns=1000002336 dev_ns=2336 phase_ns=-1814313 hwphase_ns=704 trim_ppb=21 cfg=2 p_ns=44 d_ns=8 (pico_gnss pico-gnss-rs/src/main.rs:330)
177.443912 [INFO ] PPS count=172 interval_us=1000002 interval_ns=1000002320 state=Locked missed=0 (pico_gnss pico-gnss-rs/src/main.rs:203)
177.445607 [INFO ] NMEA $GLGSV,2,2,08,71,18,150,,76,16,235,,66,02,329,,73,02,044,15*6C (pico_gnss pico-gnss-rs/src/main.rs:483)
177.502994 [INFO ] NMEA $GNRMC,131311.000,A,0000.0000,N,00000.0000,E,0.64,75.35,080626,,,A*4D (pico_gnss pico-gnss-rs/src/main.rs:483)
177.505549 [INFO ] SYNC pps_local_us=171000397 unix_s=1780924391 drift_us=2 err_ns=2 holdover_ms=1000 (pico_gnss pico-gnss-rs/src/main.rs:514)
177.561038 [INFO ] NMEA $GPVTG,75.35,T,,M,0.64,N,1.18,K,A*03 (pico_gnss pico-gnss-rs/src/main.rs:483)
177.590398 [INFO ] NMEA $GPZDA,131311.000,08,06,2026,,*5E (pico_gnss pico-gnss-rs/src/main.rs:483)
177.619848 [INFO ] NMEA $GPGST,131311.000,10,22,5.8,130.4,15,17,67*40 (pico_gnss pico-gnss-rs/src/main.rs:483)
177.676261 [INFO ] TIME unix_ns=1780924391232289462 ppb=2318 holdover_ms=232 locked=1 (pico_gnss pico-gnss-rs/src/main.rs:237)
177.925051 [INFO ] NMEA $GPGGA,131312.000,0000.0000,N,00000.0000,E,1,7,1.00,61.4,M,39.0,M,,*60 (pico_gnss pico-gnss-rs/src/main.rs:483)
177.983408 [INFO ] NMEA $GNGLL,0000.0000,N,00000.0000,E,131312.000,A,A*44 (pico_gnss pico-gnss-rs/src/main.rs:483)
178.041888 [INFO ] NMEA $GNGSA,A,3,24,10,28,12,29,32,23,,,,,,1.37,1.00,0.94*10 (pico_gnss pico-gnss-rs/src/main.rs:483)
178.071419 [INFO ] NMEA $GNGSA,A,3,,,,,,,,,,,,,1.37,1.00,0.94*15 (pico_gnss pico-gnss-rs/src/main.rs:483)
178.158772 [INFO ] NMEA $GPGSV,4,1,13,25,82,073,17,32,64,320,16,12,42,047,25,28,39,291,15*7B (pico_gnss pico-gnss-rs/src/main.rs:483)
178.221526 [INFO ] NMEA $GPGSV,4,2,13,10,38,221,16,29,21,144,19,23,15,189,18,31,13,274,*7D (pico_gnss pico-gnss-rs/src/main.rs:483)
178.279982 [INFO ] NMEA $GPGSV,4,3,13,24,12,083,15,26,04,226,,193,,,,194,,,*77 (pico_gnss pico-gnss-rs/src/main.rs:483)
178.309246 [INFO ] NMEA $GPGSV,4,4,13,195,,,*46 (pico_gnss pico-gnss-rs/src/main.rs:483)
178.367651 [INFO ] NMEA $GLGSV,2,1,08,72,72,153,,75,66,274,,65,50,327,,74,45,026,*6C (pico_gnss pico-gnss-rs/src/main.rs:483)
178.426099 [INFO ] NMEA $GLGSV,2,2,08,71,18,150,,76,16,235,,66,02,329,,73,02,044,15*6C (pico_gnss pico-gnss-rs/src/main.rs:483)
178.442398 [INFO ] PPSGEN count=173 interval_ns=1000002320 dev_ns=2320 phase_ns=-1814313 hwphase_ns=704 trim_ppb=16 cfg=2 p_ns=44 d_ns=0 (pico_gnss pico-gnss-rs/src/main.rs:330)
178.443876 [INFO ] PPS count=173 interval_us=1000002 interval_ns=1000002320 state=Locked missed=0 (pico_gnss pico-gnss-rs/src/main.rs:203)
178.517545 [INFO ] NMEA $GNRMC,131312.000,A,0000.0000,N,00000.0000,E,0.71,342.67,080626,,,A*7B (pico_gnss pico-gnss-rs/src/main.rs:483)
178.520162 [INFO ] SYNC pps_local_us=172000400 unix_s=1780924392 drift_us=2 err_ns=2 holdover_ms=999 (pico_gnss pico-gnss-rs/src/main.rs:514)
178.547188 [INFO ] NMEA $GPVTG,342.67,T,,M,0.71,N,1.31,K,A*3C (pico_gnss pico-gnss-rs/src/main.rs:483)
178.576248 [INFO ] NMEA $GPZDA,131312.000,08,06,2026,,*5D (pico_gnss pico-gnss-rs/src/main.rs:483)
178.628274 [INFO ] NMEA $GPGST,131312.000,10,22,6.0,130.1,15,18,67*42 (pico_gnss pico-gnss-rs/src/main.rs:483)
178.677513 [INFO ] TIME unix_ns=1780924392233585459 ppb=2318 holdover_ms=233 locked=1 (pico_gnss pico-gnss-rs/src/main.rs:237)
178.921304 [INFO ] NMEA $GPGGA,131313.000,0000.0000,N,00000.0000,E,1,7,1.00,61.4,M,39.0,M,,*62 (pico_gnss pico-gnss-rs/src/main.rs:483)
178.950935 [INFO ] NMEA $GNGLL,0000.0000,N,00000.0000,E,131313.000,A,A*46 (pico_gnss pico-gnss-rs/src/main.rs:483)
179.009332 [INFO ] NMEA $GNGSA,A,3,24,10,28,12,29,32,23,,,,,,1.37,1.00,0.94*10 (pico_gnss pico-gnss-rs/src/main.rs:483)
179.067543 [INFO ] NMEA $GNGSA,A,3,,,,,,,,,,,,,1.37,1.00,0.94*15 (pico_gnss pico-gnss-rs/src/main.rs:483)
179.126242 [INFO ] NMEA $GPGSV,4,1,13,25,82,073,17,32,64,320,16,12,42,047,25,28,39,291,15*7B (pico_gnss pico-gnss-rs/src/main.rs:483)
179.217753 [INFO ] NMEA $GPGSV,4,2,13,10,38,221,16,29,21,144,19,23,15,189,18,31,13,274,*7D (pico_gnss pico-gnss-rs/src/main.rs:483)
179.276228 [INFO ] NMEA $GPGSV,4,3,13,24,12,083,13,26,04,226,,193,,,,194,,,*71 (pico_gnss pico-gnss-rs/src/main.rs:483)
179.305468 [INFO ] NMEA $GPGSV,4,4,13,195,,,*46 (pico_gnss pico-gnss-rs/src/main.rs:483)
179.363886 [INFO ] NMEA $GLGSV,2,1,08,72,72,153,,75,66,274,,65,50,327,,74,45,026,*6C (pico_gnss pico-gnss-rs/src/main.rs:483)
179.422329 [INFO ] NMEA $GLGSV,2,2,08,71,18,150,,76,16,235,,66,02,329,,73,02,044,15*6C (pico_gnss pico-gnss-rs/src/main.rs:483)
179.442384 [INFO ] PPSGEN count=174 interval_ns=1000002320 dev_ns=2320 phase_ns=-1801314 hwphase_ns=704 trim_ppb=11 cfg=2 p_ns=44 d_ns=0 (pico_gnss pico-gnss-rs/src/main.rs:330)
179.443875 [INFO ] PPS count=174 interval_us=1000002 interval_ns=1000002304 state=Locked missed=0 (pico_gnss pico-gnss-rs/src/main.rs:203)
179.485064 [INFO ] NMEA $GNRMC,131313.000,A,0000.0000,N,00000.0000,E,0.38,342.67,080626,,,A*74 (pico_gnss pico-gnss-rs/src/main.rs:483)
179.487676 [INFO ] SYNC pps_local_us=173000402 unix_s=1780924393 drift_us=2 err_ns=-13 holdover_ms=999 (pico_gnss pico-gnss-rs/src/main.rs:514)
179.543177 [INFO ] NMEA $GPVTG,342.67,T,,M,0.38,N,0.70,K,A*35 (pico_gnss pico-gnss-rs/src/main.rs:483)
179.572491 [INFO ] NMEA $GPZDA,131313.000,08,06,2026,,*5C (pico_gnss pico-gnss-rs/src/main.rs:483)
179.615105 [INFO ] NMEA $GPGST,131313.000,10,23,6.0,129.9,15,18,68*4D (pico_gnss pico-gnss-rs/src/main.rs:483)
179.678770 [INFO ] TIME unix_ns=1780924393234846456 ppb=2318 holdover_ms=234 locked=1 (pico_gnss pico-gnss-rs/src/main.rs:237)
179.914911 [INFO ] NMEA $GPGGA,131314.000,0000.0000,N,00000.0000,E,1,7,1.00,61.4,M,39.0,M,,*67 (pico_gnss pico-gnss-rs/src/main.rs:483)
179.967091 [INFO ] NMEA $GNGLL,0000.0000,N,00000.0000,E,131314.000,A,A*43 (pico_gnss pico-gnss-rs/src/main.rs:483)
180.025535 [INFO ] NMEA $GNGSA,A,3,24,10,28,12,29,32,23,,,,,,1.37,1.00,0.94*10 (pico_gnss pico-gnss-rs/src/main.rs:483)
180.083768 [INFO ] NMEA $GNGSA,A,3,,,,,,,,,,,,,1.37,1.00,0.94*15 (pico_gnss pico-gnss-rs/src/main.rs:483)
180.142422 [INFO ] NMEA $GPGSV,4,1,13,25,82,073,17,32,64,320,16,12,42,047,25,28,39,291,14*7A (pico_gnss pico-gnss-rs/src/main.rs:483)
180.205172 [INFO ] NMEA $GPGSV,4,2,13,10,38,221,16,29,21,144,19,23,15,189,18,31,13,274,*7D (pico_gnss pico-gnss-rs/src/main.rs:483)
180.263667 [INFO ] NMEA $GPGSV,4,3,13,24,12,083,12,26,04,226,,193,,,,194,,,*70 (pico_gnss pico-gnss-rs/src/main.rs:483)
180.292896 [INFO ] NMEA $GPGSV,4,4,13,195,,,*46 (pico_gnss pico-gnss-rs/src/main.rs:483)
180.351369 [INFO ] NMEA $GLGSV,2,1,08,72,72,153,,75,66,274,,65,50,327,,74,45,026,*6C (pico_gnss pico-gnss-rs/src/main.rs:483)
180.438518 [INFO ] NMEA $GLGSV,2,2,08,71,18,150,,76,16,235,,66,02,329,,73,02,044,15*6C (pico_gnss pico-gnss-rs/src/main.rs:483)
180.442401 [INFO ] PPSGEN count=175 interval_ns=1000002304 dev_ns=2304 phase_ns=-1774313 hwphase_ns=704 trim_ppb=6 cfg=2 p_ns=44 d_ns=0 (pico_gnss pico-gnss-rs/src/main.rs:330)
180.443882 [INFO ] PPS count=175 interval_us=1000002 interval_ns=1000002320 state=Locked missed=0 (pico_gnss pico-gnss-rs/src/main.rs:203)
180.501268 [INFO ] NMEA $GNRMC,131314.000,A,0000.0000,N,00000.0000,E,0.46,342.67,080626,,,A*78 (pico_gnss pico-gnss-rs/src/main.rs:483)
180.503883 [INFO ] SYNC pps_local_us=174000404 unix_s=1780924394 drift_us=2 err_ns=3 holdover_ms=1000 (pico_gnss pico-gnss-rs/src/main.rs:514)
180.559349 [INFO ] NMEA $GPVTG,342.67,T,,M,0.46,N,0.86,K,A*35 (pico_gnss pico-gnss-rs/src/main.rs:483)
180.588663 [INFO ] NMEA $GPZDA,131314.000,08,06,2026,,*5B (pico_gnss pico-gnss-rs/src/main.rs:483)
180.618098 [INFO ] NMEA $GPGST,131314.000,10,23,6.1,129.9,15,18,69*4A (pico_gnss pico-gnss-rs/src/main.rs:483)
180.680029 [INFO ] TIME unix_ns=1780924394236081453 ppb=2318 holdover_ms=236 locked=1 (pico_gnss pico-gnss-rs/src/main.rs:237)
180.915766 [INFO ] NMEA $GPGGA,131315.000,0000.0000,N,00000.0000,E,1,7,1.00,61.4,M,39.0,M,,*60 (pico_gnss pico-gnss-rs/src/main.rs:483)
180.977132 [INFO ] NMEA $GNGLL,0000.0000,N,00000.0000,E,131315.000,A,A*44 (pico_gnss pico-gnss-rs/src/main.rs:483)
181.035628 [INFO ] NMEA $GNGSA,A,3,24,10,28,12,29,32,23,,,,,,1.37,1.00,0.94*10 (pico_gnss pico-gnss-rs/src/main.rs:483)
181.065146 [INFO ] NMEA $GNGSA,A,3,,,,,,,,,,,,,1.37,1.00,0.94*15 (pico_gnss pico-gnss-rs/src/main.rs:483)
181.152597 [INFO ] NMEA $GPGSV,4,1,13,25,82,073,17,32,64,320,16,12,42,047,25,28,39,291,13*7D (pico_gnss pico-gnss-rs/src/main.rs:483)
181.215357 [INFO ] NMEA $GPGSV,4,2,13,10,38,221,16,29,21,144,19,23,15,189,18,31,13,274,*7D (pico_gnss pico-gnss-rs/src/main.rs:483)
181.273813 [INFO ] NMEA $GPGSV,4,3,13,24,12,083,14,26,04,226,,193,,,,194,,,*76 (pico_gnss pico-gnss-rs/src/main.rs:483)
181.303089 [INFO ] NMEA $GPGSV,4,4,13,195,,,*46 (pico_gnss pico-gnss-rs/src/main.rs:483)
181.361496 [INFO ] NMEA $GLGSV,2,1,08,72,72,153,,75,66,274,,65,50,327,,74,45,026,*6C (pico_gnss pico-gnss-rs/src/main.rs:483)
181.419963 [INFO ] NMEA $GLGSV,2,2,08,71,18,150,,76,16,235,,66,02,329,,73,02,044,15*6C (pico_gnss pico-gnss-rs/src/main.rs:483)
181.442378 [INFO ] PPSGEN count=176 interval_ns=1000002320 dev_ns=2320 phase_ns=-1792313 hwphase_ns=704 trim_ppb=1 cfg=2 p_ns=44 d_ns=0 (pico_gnss pico-gnss-rs/src/main.rs:330)
181.443858 [INFO ] PPS count=176 interval_us=1000002 interval_ns=1000002304 state=Locked missed=0 (pico_gnss pico-gnss-rs/src/main.rs:203)
181.511389 [INFO ] NMEA $GNRMC,131315.000,A,0000.0000,N,00000.0000,E,0.79,295.98,080626,,,A*78 (pico_gnss pico-gnss-rs/src/main.rs:483)
181.514006 [INFO ] SYNC pps_local_us=175000407 unix_s=1780924395 drift_us=2 err_ns=-13 holdover_ms=999 (pico_gnss pico-gnss-rs/src/main.rs:514)
181.541053 [INFO ] NMEA $GPVTG,295.98,T,,M,0.79,N,1.47,K,A*3E (pico_gnss pico-gnss-rs/src/main.rs:483)
181.570128 [INFO ] NMEA $GPZDA,131315.000,08,06,2026,,*5A (pico_gnss pico-gnss-rs/src/main.rs:483)
181.623176 [INFO ] NMEA $GPGST,131315.000,10,23,6.0,129.8,15,18,70*43 (pico_gnss pico-gnss-rs/src/main.rs:483)
181.681282 [INFO ] TIME unix_ns=1780924395237381450 ppb=2317 holdover_ms=237 locked=1 (pico_gnss pico-gnss-rs/src/main.rs:237)
181.914894 [INFO ] NMEA $GPGGA,131316.000,0000.0000,N,00000.0000,E,1,7,1.00,61.6,M,39.0,M,,*68 (pico_gnss pico-gnss-rs/src/main.rs:483)
181.956801 [INFO ] NMEA $GNGLL,0000.0000,N,00000.0000,E,131316.000,A,A*4E (pico_gnss pico-gnss-rs/src/main.rs:483)
182.015276 [INFO ] NMEA $GNGSA,A,3,24,10,28,12,29,32,23,,,,,,1.37,1.00,0.94*10 (pico_gnss pico-gnss-rs/src/main.rs:483)
182.073457 [INFO ] NMEA $GNGSA,A,3,,,,,,,,,,,,,1.37,1.00,0.94*15 (pico_gnss pico-gnss-rs/src/main.rs:483)
182.132168 [INFO ] NMEA $GPGSV,4,1,13,25,82,073,17,32,64,320,16,12,42,047,25,28,39,291,13*7D (pico_gnss pico-gnss-rs/src/main.rs:483)
182.223651 [INFO ] NMEA $GPGSV,4,2,13,10,38,221,16,29,21,144,19,23,15,189,18,31,13,274,*7D (pico_gnss pico-gnss-rs/src/main.rs:483)
182.282161 [INFO ] NMEA $GPGSV,4,3,13,24,12,083,14,26,04,226,,193,,,,194,,,*76 (pico_gnss pico-gnss-rs/src/main.rs:483)
182.311390 [INFO ] NMEA $GPGSV,4,4,13,195,,,*46 (pico_gnss pico-gnss-rs/src/main.rs:483)
182.369794 [INFO ] NMEA $GLGSV,2,1,08,72,72,153,,75,66,274,,65,50,327,,74,45,026,*6C (pico_gnss pico-gnss-rs/src/main.rs:483)
182.428275 [INFO ] NMEA $GLGSV,2,2,08,71,18,150,,76,16,235,,66,02,329,,73,02,044,16*6F (pico_gnss pico-gnss-rs/src/main.rs:483)
182.442395 [INFO ] PPSGEN count=177 interval_ns=1000002304 dev_ns=2304 phase_ns=-1770313 hwphase_ns=704 trim_ppb=-4 cfg=2 p_ns=44 d_ns=0 (pico_gnss pico-gnss-rs/src/main.rs:330)
182.443940 [INFO ] PPS count=177 interval_us=1000002 interval_ns=1000002304 state=Locked missed=0 (pico_gnss pico-gnss-rs/src/main.rs:203)
182.519689 [INFO ] NMEA $GNRMC,131316.000,A,0000.0000,N,00000.0000,E,1.30,338.20,080626,,,A*7B (pico_gnss pico-gnss-rs/src/main.rs:483)
182.522306 [INFO ] SYNC pps_local_us=176000409 unix_s=1780924396 drift_us=2 err_ns=-13 holdover_ms=1000 (pico_gnss pico-gnss-rs/src/main.rs:514)
182.549384 [INFO ] NMEA $GPVTG,338.20,T,,M,1.30,N,2.42,K,A*31 (pico_gnss pico-gnss-rs/src/main.rs:483)
182.578429 [INFO ] NMEA $GPZDA,131316.000,08,06,2026,,*59 (pico_gnss pico-gnss-rs/src/main.rs:483)
182.622072 [INFO ] NMEA $GPGST,131316.000,10,23,6.1,129.7,16,18,71*4C (pico_gnss pico-gnss-rs/src/main.rs:483)
182.682528 [INFO ] TIME unix_ns=1780924396238529448 ppb=2317 holdover_ms=238 locked=1 (pico_gnss pico-gnss-rs/src/main.rs:237)
182.911973 [INFO ] NMEA $GPGGA,131317.000,0000.0000,N,00000.0000,E,1,7,1.00,61.6,M,39.0,M,,*66 (pico_gnss pico-gnss-rs/src/main.rs:483)
182.963117 [INFO ] NMEA $GNGLL,0000.0000,N,00000.0000,E,131317.000,A,A*40 (pico_gnss pico-gnss-rs/src/main.rs:483)
183.021540 [INFO ] NMEA $GNGSA,A,3,24,10,28,12,29,32,23,,,,,,1.37,1.00,0.94*10 (pico_gnss pico-gnss-rs/src/main.rs:483)
183.079783 [INFO ] NMEA $GNGSA,A,3,,,,,,,,,,,,,1.37,1.00,0.94*15 (pico_gnss pico-gnss-rs/src/main.rs:483)
183.138444 [INFO ] NMEA $GPGSV,4,1,13,25,82,073,17,32,64,320,16,12,42,047,25,28,39,291,13*7D (pico_gnss pico-gnss-rs/src/main.rs:483)
183.225784 [INFO ] NMEA $GPGSV,4,2,13,10,38,221,16,29,21,144,18,23,15,189,18,31,13,274,*7C (pico_gnss pico-gnss-rs/src/main.rs:483)
183.259664 [INFO ] NMEA $GPGSV,4,3,13,24,12,083,12,26,04,226,,193,,,,194,,,*70 (pico_gnss pico-gnss-rs/src/main.rs:483)
183.288893 [INFO ] NMEA $GPGSV,4,4,13,195,,,*46 (pico_gnss pico-gnss-rs/src/main.rs:483)
183.347341 [INFO ] NMEA $GLGSV,2,1,08,72,72,153,,75,66,274,,65,50,327,,74,45,026,*6C (pico_gnss pico-gnss-rs/src/main.rs:483)
183.434532 [INFO ] NMEA $GLGSV,2,2,08,71,18,150,,76,16,235,,66,02,329,,73,02,044,16*6F (pico_gnss pico-gnss-rs/src/main.rs:483)
183.442410 [INFO ] PPSGEN count=178 interval_ns=1000002288 dev_ns=2288 phase_ns=-1841312 hwphase_ns=688 trim_ppb=-9 cfg=2 p_ns=43 d_ns=-4 (pico_gnss pico-gnss-rs/src/main.rs:330)
183.444043 [INFO ] PPS count=178 interval_us=1000002 interval_ns=1000002320 state=Locked missed=0 (pico_gnss pico-gnss-rs/src/main.rs:203)
183.497283 [INFO ] NMEA $GNRMC,131317.000,A,0000.0000,N,00000.0000,E,1.64,353.31,080626,,,A*79 (pico_gnss pico-gnss-rs/src/main.rs:483)
183.499895 [INFO ] SYNC pps_local_us=177000411 unix_s=1780924397 drift_us=2 err_ns=3 holdover_ms=1000 (pico_gnss pico-gnss-rs/src/main.rs:514)
183.555384 [INFO ] NMEA $GPVTG,353.31,T,,M,1.64,N,3.04,K,A*3E (pico_gnss pico-gnss-rs/src/main.rs:483)
183.584656 [INFO ] NMEA $GPZDA,131317.000,08,06,2026,,*58 (pico_gnss pico-gnss-rs/src/main.rs:483)
183.618908 [INFO ] NMEA $GPGST,131317.000,10,24,6.0,129.8,16,19,73*47 (pico_gnss pico-gnss-rs/src/main.rs:483)
183.683783 [INFO ] TIME unix_ns=1780924397239691445 ppb=2317 holdover_ms=239 locked=1 (pico_gnss pico-gnss-rs/src/main.rs:237)
183.792131 [INFO ] NMEA $GPGGA,131318.000,0000.0000,N,00000.0000,E,1,5,1.36,61.6,M,39.0,M,,*6F (pico_gnss pico-gnss-rs/src/main.rs:483)
183.852467 [INFO ] NMEA $GNGLL,0000.0000,N,00000.0000,E,131318.000,A,A*4E (pico_gnss pico-gnss-rs/src/main.rs:483)
183.910909 [INFO ] NMEA $GNGSA,A,3,10,12,29,32,23,,,,,,,,1.68,1.36,0.99*1E (pico_gnss pico-gnss-rs/src/main.rs:483)
183.940414 [INFO ] NMEA $GNGSA,A,3,,,,,,,,,,,,,1.68,1.36,0.99*17 (pico_gnss pico-gnss-rs/src/main.rs:483)
184.027756 [INFO ] NMEA $GPGSV,4,1,13,25,82,073,17,32,64,320,16,12,42,047,25,28,39,291,*7F (pico_gnss pico-gnss-rs/src/main.rs:483)
184.086396 [INFO ] NMEA $GPGSV,4,2,13,10,38,221,16,29,21,144,18,23,15,189,18,31,13,274,*7C (pico_gnss pico-gnss-rs/src/main.rs:483)
184.148955 [INFO ] NMEA $GPGSV,4,3,13,24,12,083,12,26,04,226,,193,,,,194,,,*70 (pico_gnss pico-gnss-rs/src/main.rs:483)
184.178240 [INFO ] NMEA $GPGSV,4,4,13,195,,,*46 (pico_gnss pico-gnss-rs/src/main.rs:483)
184.236699 [INFO ] NMEA $GLGSV,2,1,08,72,72,153,,75,66,274,,65,50,327,,74,45,026,*6C (pico_gnss pico-gnss-rs/src/main.rs:483)
184.295298 [INFO ] NMEA $GLGSV,2,2,08,71,18,150,,76,16,235,,66,02,329,,73,02,044,16*6F (pico_gnss pico-gnss-rs/src/main.rs:483)
184.386761 [INFO ] NMEA $GNRMC,131318.000,A,0000.0000,N,00000.0000,E,0.77,29.47,080626,,,A*4B (pico_gnss pico-gnss-rs/src/main.rs:483)
184.416352 [INFO ] NMEA $GPVTG,29.47,T,,M,0.77,N,1.42,K,A*02 (pico_gnss pico-gnss-rs/src/main.rs:483)
184.442437 [INFO ] PPSGEN count=179 interval_ns=1000002304 dev_ns=2304 phase_ns=-1932312 hwphase_ns=672 trim_ppb=-14 cfg=2 p_ns=42 d_ns=-4 (pico_gnss pico-gnss-rs/src/main.rs:330)
184.444058 [INFO ] PPS count=179 interval_us=1000002 interval_ns=1000002304 state=Locked missed=0 (pico_gnss pico-gnss-rs/src/main.rs:203)
184.446011 [INFO ] NMEA $GPZDA,131318.000,08,06,2026,,*57 (pico_gnss pico-gnss-rs/src/main.rs:483)
184.491252 [INFO ] NMEA $GPGST,131318.000,10,24,6.1,129.5,16,19,73*44 (pico_gnss pico-gnss-rs/src/main.rs:483)
184.681770 [INFO ] NMEA $GPGGA,131319.000,0000.0000,N,00000.0000,E,1,5,1.36,61.6,M,39.0,M,,*6D (pico_gnss pico-gnss-rs/src/main.rs:483)
184.685041 [INFO ] TIME unix_ns=1780924398240916126 ppb=2317 holdover_ms=1240 locked=1 (pico_gnss pico-gnss-rs/src/main.rs:237)
184.740200 [INFO ] NMEA $GNGLL,0000.0000,N,00000.0000,E,131319.000,A,A*4C (pico_gnss pico-gnss-rs/src/main.rs:483)
184.789296 [INFO ] NMEA $GNGSA,A,3,10,12,29,32,23,,,,,,,,1.68,1.36,0.99*1E (pico_gnss pico-gnss-rs/src/main.rs:483)
184.847496 [INFO ] NMEA $GNGSA,A,3,,,,,,,,,,,,,1.68,1.36,0.99*17 (pico_gnss pico-gnss-rs/src/main.rs:483)
184.906157 [INFO ] NMEA $GPGSV,4,1,13,25,82,073,17,32,64,320,16,12,42,047,25,28,39,291,*7F (pico_gnss pico-gnss-rs/src/main.rs:483)
184.964808 [INFO ] NMEA $GPGSV,4,2,13,10,38,221,16,29,21,144,18,23,15,189,18,31,13,274,*7C (pico_gnss pico-gnss-rs/src/main.rs:483)
185.027337 [INFO ] NMEA $GPGSV,4,3,13,24,12,083,13,26,04,226,,193,,,,194,,,*71 (pico_gnss pico-gnss-rs/src/main.rs:483)
185.056596 [INFO ] NMEA $GPGSV,4,4,13,195,,,*46 (pico_gnss pico-gnss-rs/src/main.rs:483)
185.115100 [INFO ] NMEA $GLGSV,2,1,08,72,72,153,,75,66,274,,65,50,327,,74,45,026,*6C (pico_gnss pico-gnss-rs/src/main.rs:483)
185.202440 [INFO ] NMEA $GLGSV,2,2,08,71,18,150,,76,16,235,,66,02,329,,73,02,044,16*6F (pico_gnss pico-gnss-rs/src/main.rs:483)
185.261130 [INFO ] NMEA $GNRMC,131319.000,A,0000.0000,N,00000.0000,E,0.22,29.47,080626,,,A*49 (pico_gnss pico-gnss-rs/src/main.rs:483)
185.263688 [INFO ] SYNC pps_local_us=178000414 unix_s=1780924399 drift_us=2 err_ns=-12 holdover_ms=1000 (pico_gnss pico-gnss-rs/src/main.rs:514)
185.294716 [INFO ] NMEA $GPVTG,29.47,T,,M,0.22,N,0.40,K,A*01 (pico_gnss pico-gnss-rs/src/main.rs:483)
185.352759 [INFO ] NMEA $GPZDA,131319.000,08,06,2026,,*56 (pico_gnss pico-gnss-rs/src/main.rs:483)
185.381409 [INFO ] NMEA $GPGST,131319.000,10,24,6.2,129.3,16,19,73*40 (pico_gnss pico-gnss-rs/src/main.rs:483)
185.442364 [INFO ] PPSGEN count=180 interval_ns=1000002288 dev_ns=2288 phase_ns=-1960312 hwphase_ns=656 trim_ppb=-19 cfg=2 p_ns=41 d_ns=-4 (pico_gnss pico-gnss-rs/src/main.rs:330)
185.443979 [INFO ] PPS count=180 interval_us=1000002 interval_ns=1000002320 state=Locked missed=0 (pico_gnss pico-gnss-rs/src/main.rs:203)
185.668930 [INFO ] NMEA $GPGGA,131320.000,0000.0000,N,00000.0000,E,1,5,1.36,61.7,M,39.0,M,,*6B (pico_gnss pico-gnss-rs/src/main.rs:483)
185.686339 [INFO ] TIME unix_ns=1780924400242207123 ppb=2317 holdover_ms=1242 locked=1 (pico_gnss pico-gnss-rs/src/main.rs:237)
185.727330 [INFO ] NMEA $GNGLL,0000.0000,N,00000.0000,E,131320.000,A,A*4B (pico_gnss pico-gnss-rs/src/main.rs:483)
185.765053 [INFO ] NMEA $GNGSA,A,3,10,12,29,32,23,,,,,,,,1.68,1.36,0.99*1E (pico_gnss pico-gnss-rs/src/main.rs:483)
185.823315 [INFO ] NMEA $GNGSA,A,3,,,,,,,,,,,,,1.68,1.36,0.99*17 (pico_gnss pico-gnss-rs/src/main.rs:483)
185.881934 [INFO ] NMEA $GPGSV,4,1,13,25,82,073,17,32,64,320,16,12,42,047,25,28,39,291,*7F (pico_gnss pico-gnss-rs/src/main.rs:483)
185.969377 [INFO ] NMEA $GPGSV,4,2,13,10,38,221,16,29,21,144,18,23,15,189,18,31,13,274,*7C (pico_gnss pico-gnss-rs/src/main.rs:483)
186.031927 [INFO ] NMEA $GPGSV,4,3,13,24,12,083,13,26,04,226,,193,,,,194,,,*71 (pico_gnss pico-gnss-rs/src/main.rs:483)
186.061176 [INFO ] NMEA $GPGSV,4,4,13,195,,,*46 (pico_gnss pico-gnss-rs/src/main.rs:483)
186.119699 [INFO ] NMEA $GLGSV,2,1,08,72,72,153,,75,66,274,,65,50,327,,74,45,026,*6C (pico_gnss pico-gnss-rs/src/main.rs:483)
186.178266 [INFO ] NMEA $GLGSV,2,2,08,71,18,150,,76,16,235,,66,02,329,,73,02,044,16*6F (pico_gnss pico-gnss-rs/src/main.rs:483)
186.265734 [INFO ] NMEA $GNRMC,131320.000,A,0000.0000,N,00000.0000,E,0.61,247.11,080626,,,A*70 (pico_gnss pico-gnss-rs/src/main.rs:483)
186.268313 [INFO ] SYNC pps_local_us=179000416 unix_s=1780924400 drift_us=2 err_ns=4 holdover_ms=999 (pico_gnss pico-gnss-rs/src/main.rs:514)
186.299332 [INFO ] NMEA $GPVTG,247.11,T,,M,0.61,N,1.13,K,A*38 (pico_gnss pico-gnss-rs/src/main.rs:483)
186.328708 [INFO ] NMEA $GPZDA,131320.000,08,06,2026,,*5C (pico_gnss pico-gnss-rs/src/main.rs:483)
186.370518 [INFO ] NMEA $GPGST,131320.000,10,24,6.6,128.9,16,19,73*45 (pico_gnss pico-gnss-rs/src/main.rs:483)
186.442406 [INFO ] PPSGEN count=181 interval_ns=1000002288 dev_ns=2288 phase_ns=-1869312 hwphase_ns=624 trim_ppb=-23 cfg=2 p_ns=39 d_ns=-8 (pico_gnss pico-gnss-rs/src/main.rs:330)
186.444032 [INFO ] PPS count=181 interval_us=1000002 interval_ns=1000002320 state=Locked missed=0 (pico_gnss pico-gnss-rs/src/main.rs:203)
186.675044 [INFO ] NMEA $GPGGA,131321.000,0000.0000,N,00000.0000,E,1,5,1.36,61.9,M,39.0,M,,*69 (pico_gnss pico-gnss-rs/src/main.rs:483)
186.687606 [INFO ] TIME unix_ns=1780924401243563119 ppb=2317 holdover_ms=1243 locked=1 (pico_gnss pico-gnss-rs/src/main.rs:237)
186.733431 [INFO ] NMEA $GNGLL,0000.0000,N,00000.0000,E,131321.000,A,A*47 (pico_gnss pico-gnss-rs/src/main.rs:483)
186.786596 [INFO ] NMEA $GNGSA,A,3,10,12,29,32,23,,,,,,,,1.68,1.36,0.99*1E (pico_gnss pico-gnss-rs/src/main.rs:483)
186.816091 [INFO ] NMEA $GNGSA,A,3,,,,,,,,,,,,,1.68,1.36,0.99*17 (pico_gnss pico-gnss-rs/src/main.rs:483)
186.903441 [INFO ] NMEA $GPGSV,4,1,13,25,82,073,18,32,64,320,16,12,42,047,25,28,39,291,*70 (pico_gnss pico-gnss-rs/src/main.rs:483)
186.962125 [INFO ] NMEA $GPGSV,4,2,13,10,38,221,16,29,21,144,18,23,15,189,18,31,13,274,*7C (pico_gnss pico-gnss-rs/src/main.rs:483)
187.020542 [INFO ] NMEA $GPGSV,4,3,13,24,12,083,11,26,04,226,,193,,,,194,,,*73 (pico_gnss pico-gnss-rs/src/main.rs:483)
187.053840 [INFO ] NMEA $GPGSV,4,4,13,195,,,*46 (pico_gnss pico-gnss-rs/src/main.rs:483)
187.112404 [INFO ] NMEA $GLGSV,2,1,08,72,72,153,,75,66,274,,65,50,327,,74,45,026,*6C (pico_gnss pico-gnss-rs/src/main.rs:483)
187.170972 [INFO ] NMEA $GLGSV,2,2,08,71,18,150,,76,16,235,,66,02,329,,73,02,044,16*6F (pico_gnss pico-gnss-rs/src/main.rs:483)
187.258490 [INFO ] NMEA $GNRMC,131321.000,A,0000.0000,N,00000.0000,E,1.10,305.97,080626,,,A*72 (pico_gnss pico-gnss-rs/src/main.rs:483)
187.261066 [INFO ] SYNC pps_local_us=180000418 unix_s=1780924401 drift_us=2 err_ns=4 holdover_ms=1000 (pico_gnss pico-gnss-rs/src/main.rs:514)
187.288181 [INFO ] NMEA $GPVTG,305.97,T,,M,1.10,N,2.04,K,A*33 (pico_gnss pico-gnss-rs/src/main.rs:483)
187.350064 [INFO ] NMEA $GPZDA,131321.000,08,06,2026,,*5D (pico_gnss pico-gnss-rs/src/main.rs:483)
187.376682 [INFO ] NMEA $GPGST,131321.000,10,24,6.5,128.8,16,19,73*46 (pico_gnss pico-gnss-rs/src/main.rs:483)
187.442405 [INFO ] PPSGEN count=182 interval_ns=1000002288 dev_ns=2288 phase_ns=-1923312 hwphase_ns=592 trim_ppb=-27 cfg=2 p_ns=37 d_ns=-8 (pico_gnss pico-gnss-rs/src/main.rs:330)
187.444028 [INFO ] PPS count=182 interval_us=1000002 interval_ns=1000002304 state=Locked missed=0 (pico_gnss pico-gnss-rs/src/main.rs:203)
187.677978 [INFO ] NMEA $GPGGA,131322.000,0000.0000,N,00000.0000,E,1,5,1.36,62.0,M,39.0,M,,*68 (pico_gnss pico-gnss-rs/src/main.rs:483)
187.688891 [INFO ] TIME unix_ns=1780924402244783117 ppb=2316 holdover_ms=1244 locked=1 (pico_gnss pico-gnss-rs/src/main.rs:237)
187.736361 [INFO ] NMEA $GNGLL,0000.0000,N,00000.0000,E,131322.000,A,A*4C (pico_gnss pico-gnss-rs/src/main.rs:483)
187.794650 [INFO ] NMEA $GNGSA,A,3,10,12,29,32,23,,,,,,,,1.68,1.36,0.99*1E (pico_gnss pico-gnss-rs/src/main.rs:483)
187.834370 [INFO ] NMEA $GNGSA,A,3,,,,,,,,,,,,,1.68,1.36,0.99*17 (pico_gnss pico-gnss-rs/src/main.rs:483)
187.893053 [INFO ] NMEA $GPGSV,4,1,13,25,82,073,18,32,64,320,16,12,42,047,25,28,39,291,*70 (pico_gnss pico-gnss-rs/src/main.rs:483)
187.980448 [INFO ] NMEA $GPGSV,4,2,13,10,38,221,16,29,21,144,18,23,15,189,18,31,13,274,*7C (pico_gnss pico-gnss-rs/src/main.rs:483)
188.038890 [INFO ] NMEA $GPGSV,4,3,13,24,12,083,13,26,04,226,,193,,,,194,,,*71 (pico_gnss pico-gnss-rs/src/main.rs:483)
188.068075 [INFO ] NMEA $GPGSV,4,4,13,195,,,*46 (pico_gnss pico-gnss-rs/src/main.rs:483)
188.130740 [INFO ] NMEA $GLGSV,2,1,08,72,72,153,,75,66,274,,65,50,327,,74,45,026,*6C (pico_gnss pico-gnss-rs/src/main.rs:483)
188.189296 [INFO ] NMEA $GLGSV,2,2,08,71,18,150,,76,16,235,,66,02,329,,73,02,044,17*6E (pico_gnss pico-gnss-rs/src/main.rs:483)
188.276800 [INFO ] NMEA $GNRMC,131322.000,A,0000.0000,N,00000.0000,E,1.64,313.07,080626,,,A*74 (pico_gnss pico-gnss-rs/src/main.rs:483)
188.279399 [INFO ] SYNC pps_local_us=181000421 unix_s=1780924402 drift_us=2 err_ns=-12 holdover_ms=999 (pico_gnss pico-gnss-rs/src/main.rs:514)
188.306534 [INFO ] NMEA $GPVTG,313.07,T,,M,1.64,N,3.04,K,A*3F (pico_gnss pico-gnss-rs/src/main.rs:483)
188.339655 [INFO ] NMEA $GPZDA,131322.000,08,06,2026,,*5E (pico_gnss pico-gnss-rs/src/main.rs:483)
188.379246 [INFO ] NMEA $GPGST,131322.000,10,25,6.5,128.8,16,20,73*4E (pico_gnss pico-gnss-rs/src/main.rs:483)
188.442398 [INFO ] PPSGEN count=183 interval_ns=1000002288 dev_ns=2288 phase_ns=-1910312 hwphase_ns=576 trim_ppb=-31 cfg=2 p_ns=36 d_ns=-4 (pico_gnss pico-gnss-rs/src/main.rs:330)
188.444038 [INFO ] PPS count=183 interval_us=1000002 interval_ns=1000002320 state=Locked missed=0 (pico_gnss pico-gnss-rs/src/main.rs:203)
188.681882 [INFO ] NMEA $GPGGA,131323.000,0000.0000,N,00000.0000,E,1,5,1.36,62.1,M,39.0,M,,*64 (pico_gnss pico-gnss-rs/src/main.rs:483)
188.690160 [INFO ] TIME unix_ns=1780924403246066114 ppb=2317 holdover_ms=1246 locked=1 (pico_gnss pico-gnss-rs/src/main.rs:237)
188.740283 [INFO ] NMEA $GNGLL,0000.0000,N,00000.0000,E,131323.000,A,A*41 (pico_gnss pico-gnss-rs/src/main.rs:483)
188.798618 [INFO ] NMEA $GNGSA,A,3,10,12,29,32,23,,,,,,,,1.68,1.36,0.99*1E (pico_gnss pico-gnss-rs/src/main.rs:483)
188.825036 [INFO ] NMEA $GNGSA,A,3,,,,,,,,,,,,,1.68,1.36,0.99*17 (pico_gnss pico-gnss-rs/src/main.rs:483)
188.912379 [INFO ] NMEA $GPGSV,4,1,13,25,82,073,18,32,64,320,16,12,42,047,25,28,39,291,*70 (pico_gnss pico-gnss-rs/src/main.rs:483)
188.971027 [INFO ] NMEA $GPGSV,4,2,13,10,38,221,16,29,21,144,18,23,15,189,18,31,13,274,*7C (pico_gnss pico-gnss-rs/src/main.rs:483)
189.029450 [INFO ] NMEA $GPGSV,4,3,13,24,12,083,,26,04,226,,193,,,,194,,,*73 (pico_gnss pico-gnss-rs/src/main.rs:483)
189.058684 [INFO ] NMEA $GPGSV,4,4,13,195,,,*46 (pico_gnss pico-gnss-rs/src/main.rs:483)
189.121265 [INFO ] NMEA $GLGSV,2,1,08,72,72,153,,75,66,274,,65,50,327,,74,45,026,*6C (pico_gnss pico-gnss-rs/src/main.rs:483)
189.179874 [INFO ] NMEA $GLGSV,2,2,08,71,18,150,,76,16,235,,66,02,329,,73,02,044,17*6E (pico_gnss pico-gnss-rs/src/main.rs:483)
189.267412 [INFO ] NMEA $GNRMC,131323.000,A,0000.0000,N,00000.0000,E,0.58,313.07,080626,,,A*77 (pico_gnss pico-gnss-rs/src/main.rs:483)
189.269971 [INFO ] SYNC pps_local_us=182000423 unix_s=1780924403 drift_us=2 err_ns=4 holdover_ms=999 (pico_gnss pico-gnss-rs/src/main.rs:514)
189.297154 [INFO ] NMEA $GPVTG,313.07,T,,M,0.58,N,1.08,K,A*3F (pico_gnss pico-gnss-rs/src/main.rs:483)
189.354853 [INFO ] NMEA $GPZDA,131323.000,08,06,2026,,*5F (pico_gnss pico-gnss-rs/src/main.rs:483)
189.381365 [INFO ] NMEA $GPGST,131323.000,10,25,6.9,128.3,16,20,73*48 (pico_gnss pico-gnss-rs/src/main.rs:483)
189.442416 [INFO ] PPSGEN count=184 interval_ns=1000002288 dev_ns=2288 phase_ns=-1890312 hwphase_ns=544 trim_ppb=-35 cfg=2 p_ns=34 d_ns=-8 (pico_gnss pico-gnss-rs/src/main.rs:330)
189.444042 [INFO ] PPS count=184 interval_us=1000002 interval_ns=1000002304 state=Locked missed=0 (pico_gnss pico-gnss-rs/src/main.rs:203)
189.669021 [INFO ] NMEA $GPGGA,131324.000,0000.0000,N,00000.0000,E,1,5,1.36,62.1,M,39.0,M,,*63 (pico_gnss pico-gnss-rs/src/main.rs:483)
189.691449 [INFO ] TIME unix_ns=1780924404247349111 ppb=2316 holdover_ms=1247 locked=1 (pico_gnss pico-gnss-rs/src/main.rs:237)
189.727408 [INFO ] NMEA $GNGLL,0000.0000,N,00000.0000,E,131324.000,A,A*46 (pico_gnss pico-gnss-rs/src/main.rs:483)
189.785746 [INFO ] NMEA $GNGSA,A,3,10,12,29,32,23,,,,,,,,1.68,1.36,0.99*1E (pico_gnss pico-gnss-rs/src/main.rs:483)
189.829554 [INFO ] NMEA $GNGSA,A,3,,,,,,,,,,,,,1.68,1.36,0.99*17 (pico_gnss pico-gnss-rs/src/main.rs:483)
189.888200 [INFO ] NMEA $GPGSV,4,1,13,25,82,073,18,32,64,320,16,12,42,047,25,28,39,291,*70 (pico_gnss pico-gnss-rs/src/main.rs:483)
189.975644 [INFO ] NMEA $GPGSV,4,2,13,10,38,221,16,29,21,144,18,23,15,189,18,31,13,274,*7C (pico_gnss pico-gnss-rs/src/main.rs:483)
190.005392 [INFO ] NMEA $GPGSV,4,3,13,24,12,083,,26,04,226,,193,,,,194,,,*73 (pico_gnss pico-gnss-rs/src/main.rs:483)
190.034616 [INFO ] NMEA $GPGSV,4,4,13,195,,,*46 (pico_gnss pico-gnss-rs/src/main.rs:483)
190.097119 [INFO ] NMEA $GLGSV,2,1,08,72,72,153,,75,66,274,,65,50,327,,74,45,026,*6C (pico_gnss pico-gnss-rs/src/main.rs:483)
190.184541 [INFO ] NMEA $GLGSV,2,2,08,71,18,150,,76,16,235,,66,02,329,,73,02,044,17*6E (pico_gnss pico-gnss-rs/src/main.rs:483)
190.243230 [INFO ] NMEA $GNRMC,131324.000,A,0000.0000,N,00000.0000,E,1.31,296.14,080626,,,A*70 (pico_gnss pico-gnss-rs/src/main.rs:483)
190.245807 [INFO ] SYNC pps_local_us=183000425 unix_s=1780924404 drift_us=2 err_ns=-12 holdover_ms=1000 (pico_gnss pico-gnss-rs/src/main.rs:514)
190.301503 [INFO ] NMEA $GPVTG,296.14,T,,M,1.31,N,2.42,K,A*32 (pico_gnss pico-gnss-rs/src/main.rs:483)
190.330846 [INFO ] NMEA $GPZDA,131324.000,08,06,2026,,*58 (pico_gnss pico-gnss-rs/src/main.rs:483)
190.364481 [INFO ] NMEA $GPGST,131324.000,10,25,7.0,128.3,16,20,73*47 (pico_gnss pico-gnss-rs/src/main.rs:483)
190.442388 [INFO ] PPSGEN count=185 interval_ns=1000002272 dev_ns=2272 phase_ns=-1955311 hwphase_ns=512 trim_ppb=-39 cfg=2 p_ns=32 d_ns=-8 (pico_gnss pico-gnss-rs/src/main.rs:330)
190.444013 [INFO ] PPS count=185 interval_us=1000002 interval_ns=1000002320 state=Locked missed=0 (pico_gnss pico-gnss-rs/src/main.rs:203)
190.655935 [INFO ] NMEA $GPGGA,131325.000,0000.0000,N,00000.0000,E,1,5,1.36,62.1,M,39.0,M,,*65 (pico_gnss pico-gnss-rs/src/main.rs:483)
190.692762 [INFO ] TIME unix_ns=1780924405248609108 ppb=2316 holdover_ms=1248 locked=1 (pico_gnss pico-gnss-rs/src/main.rs:237)
190.714545 [INFO ] NMEA $GNGLL,0000.0000,N,00000.0000,E,131325.000,A,A*40 (pico_gnss pico-gnss-rs/src/main.rs:483)
190.772666 [INFO ] NMEA $GNGSA,A,3,10,12,29,32,23,,,,,,,,1.68,1.36,0.99*1E (pico_gnss pico-gnss-rs/src/main.rs:483)
190.802143 [INFO ] NMEA $GNGSA,A,3,,,,,,,,,,,,,1.68,1.36,0.99*17 (pico_gnss pico-gnss-rs/src/main.rs:483)
190.892607 [INFO ] NMEA $GPGSV,4,1,13,25,82,073,18,32,64,320,16,12,42,047,25,28,39,291,*70 (pico_gnss pico-gnss-rs/src/main.rs:483)
190.951257 [INFO ] NMEA $GPGSV,4,2,13,10,38,221,16,29,21,144,18,23,15,189,18,31,13,274,*7C (pico_gnss pico-gnss-rs/src/main.rs:483)
191.009710 [INFO ] NMEA $GPGSV,4,3,13,24,12,083,,26,04,226,,193,,,,194,,,*73 (pico_gnss pico-gnss-rs/src/main.rs:483)
191.038977 [INFO ] NMEA $GPGSV,4,4,13,195,,,*46 (pico_gnss pico-gnss-rs/src/main.rs:483)
191.101509 [INFO ] NMEA $GLGSV,2,1,08,72,72,153,,75,66,274,,65,50,327,,74,45,026,*6C (pico_gnss pico-gnss-rs/src/main.rs:483)
191.160121 [INFO ] NMEA $GLGSV,2,2,08,71,18,150,,76,16,235,,66,02,329,,73,02,044,17*6E (pico_gnss pico-gnss-rs/src/main.rs:483)
191.247595 [INFO ] NMEA $GNRMC,131325.000,A,0000.0000,N,00000.0000,E,1.32,303.54,080626,,,A*7C (pico_gnss pico-gnss-rs/src/main.rs:483)
191.250168 [INFO ] SYNC pps_local_us=184000427 unix_s=1780924405 drift_us=2 err_ns=4 holdover_ms=999 (pico_gnss pico-gnss-rs/src/main.rs:514)
191.277341 [INFO ] NMEA $GPVTG,303.54,T,,M,1.32,N,2.44,K,A*3E (pico_gnss pico-gnss-rs/src/main.rs:483)
191.306477 [INFO ] NMEA $GPZDA,131325.000,08,06,2026,,*59 (pico_gnss pico-gnss-rs/src/main.rs:483)
191.355625 [INFO ] NMEA $GPGST,131325.000,10,25,6.9,128.4,16,20,73*49 (pico_gnss pico-gnss-rs/src/main.rs:483)
191.442401 [INFO ] PPSGEN count=186 interval_ns=1000002288 dev_ns=2288 phase_ns=-1895311 hwphase_ns=480 trim_ppb=-42 cfg=2 p_ns=0 d_ns=-8 (pico_gnss pico-gnss-rs/src/main.rs:330)
191.444002 [INFO ] PPS count=186 interval_us=1000002 interval_ns=1000002320 state=Locked missed=0 (pico_gnss pico-gnss-rs/src/main.rs:203)
191.643098 [INFO ] NMEA $GPGGA,131326.000,0000.0000,N,00000.0000,E,1,5,1.36,61.9,M,39.0,M,,*6E (pico_gnss pico-gnss-rs/src/main.rs:483)
191.694073 [INFO ] TIME unix_ns=1780924406249946105 ppb=2316 holdover_ms=1249 locked=1 (pico_gnss pico-gnss-rs/src/main.rs:237)
191.701716 [INFO ] NMEA $GNGLL,0000.0000,N,00000.0000,E,131326.000,A,A*40 (pico_gnss pico-gnss-rs/src/main.rs:483)
191.759824 [INFO ] NMEA $GNGSA,A,3,10,12,29,32,23,,,,,,,,1.68,1.36,0.99*1E (pico_gnss pico-gnss-rs/src/main.rs:483)
191.789287 [INFO ] NMEA $GNGSA,A,3,,,,,,,,,,,,,1.68,1.36,0.99*17 (pico_gnss pico-gnss-rs/src/main.rs:483)
191.868417 [INFO ] NMEA $GPGSV,4,1,13,25,82,073,18,32,64,320,16,12,42,047,24,28,39,291,*71 (pico_gnss pico-gnss-rs/src/main.rs:483)
191.927100 [INFO ] NMEA $GPGSV,4,2,13,10,38,221,16,29,21,144,18,23,15,189,18,31,13,274,*7C (pico_gnss pico-gnss-rs/src/main.rs:483)
191.985506 [INFO ] NMEA $GPGSV,4,3,13,24,12,083,,26,04,226,,193,,,,194,,,*73 (pico_gnss pico-gnss-rs/src/main.rs:483)
192.014759 [INFO ] NMEA $GPGSV,4,4,13,195,,,*46 (pico_gnss pico-gnss-rs/src/main.rs:483)
192.073226 [INFO ] NMEA $GLGSV,2,1,08,72,72,153,,75,66,274,,65,50,327,,74,45,026,*6C (pico_gnss pico-gnss-rs/src/main.rs:483)
192.164680 [INFO ] NMEA $GLGSV,2,2,08,71,18,150,,76,16,235,,66,02,329,,73,02,044,17*6E (pico_gnss pico-gnss-rs/src/main.rs:483)
192.223412 [INFO ] NMEA $GNRMC,131326.000,A,0000.0000,N,00000.0000,E,0.39,303.54,080626,,,A*76 (pico_gnss pico-gnss-rs/src/main.rs:483)
192.225998 [INFO ] SYNC pps_local_us=185000430 unix_s=1780924406 drift_us=2 err_ns=4 holdover_ms=1000 (pico_gnss pico-gnss-rs/src/main.rs:514)
192.253140 [INFO ] NMEA $GPVTG,303.54,T,,M,0.39,N,0.73,K,A*32 (pico_gnss pico-gnss-rs/src/main.rs:483)
192.310964 [INFO ] NMEA $GPZDA,131326.000,08,06,2026,,*5A (pico_gnss pico-gnss-rs/src/main.rs:483)
192.342818 [INFO ] NMEA $GPGST,131326.000,10,25,7.3,127.7,16,20,73*4D (pico_gnss pico-gnss-rs/src/main.rs:483)
192.442389 [INFO ] PPSGEN count=187 interval_ns=1000002272 dev_ns=2272 phase_ns=-1914312 hwphase_ns=432 trim_ppb=-45 cfg=2 p_ns=0 d_ns=-12 (pico_gnss pico-gnss-rs/src/main.rs:330)
192.444006 [INFO ] PPS count=187 interval_us=1000002 interval_ns=1000002320 state=Locked missed=0 (pico_gnss pico-gnss-rs/src/main.rs:203)
192.651013 [INFO ] NMEA $GPGGA,131327.000,0000.0000,N,00000.0000,E,1,5,1.36,62.0,M,39.0,M,,*67 (pico_gnss pico-gnss-rs/src/main.rs:483)
192.695389 [INFO ] TIME unix_ns=1780924407251256102 ppb=2317 holdover_ms=1251 locked=1 (pico_gnss pico-gnss-rs/src/main.rs:237)
192.709724 [INFO ] NMEA $GNGLL,0000.0000,N,00000.0000,E,131327.000,A,A*43 (pico_gnss pico-gnss-rs/src/main.rs:483)
192.767755 [INFO ] NMEA $GNGSA,A,3,10,12,29,32,23,,,,,,,,1.68,1.36,0.99*1E (pico_gnss pico-gnss-rs/src/main.rs:483)
192.797307 [INFO ] NMEA $GNGSA,A,3,,,,,,,,,,,,,1.68,1.36,0.99*17 (pico_gnss pico-gnss-rs/src/main.rs:483)
192.860040 [INFO ] NMEA $GPGSV,4,1,13,25,82,073,18,32,64,320,16,12,42,047,24,28,39,291,*71 (pico_gnss pico-gnss-rs/src/main.rs:483)
192.947442 [INFO ] NMEA $GPGSV,4,2,13,10,38,221,16,29,21,144,18,23,15,189,18,31,13,274,*7C (pico_gnss pico-gnss-rs/src/main.rs:483)
193.005865 [INFO ] NMEA $GPGSV,4,3,13,24,12,083,,26,04,226,,193,,,,194,,,*73 (pico_gnss pico-gnss-rs/src/main.rs:483)
193.035128 [INFO ] NMEA $GPGSV,4,4,13,195,,,*46 (pico_gnss pico-gnss-rs/src/main.rs:483)
193.093639 [INFO ] NMEA $GLGSV,2,1,08,72,72,153,,75,66,274,,65,50,327,,74,45,026,*6C (pico_gnss pico-gnss-rs/src/main.rs:483)
193.156273 [INFO ] NMEA $GLGSV,2,2,08,71,18,150,,76,16,235,,66,02,329,,73,02,044,17*6E (pico_gnss pico-gnss-rs/src/main.rs:483)
193.215010 [INFO ] NMEA $GNRMC,131327.000,A,0000.0000,N,00000.0000,E,0.36,303.54,080626,,,A*7A (pico_gnss pico-gnss-rs/src/main.rs:483)
193.217579 [INFO ] SYNC pps_local_us=186000432 unix_s=1780924407 drift_us=2 err_ns=4 holdover_ms=999 (pico_gnss pico-gnss-rs/src/main.rs:514)
193.273258 [INFO ] NMEA $GPVTG,303.54,T,,M,0.36,N,0.67,K,A*38 (pico_gnss pico-gnss-rs/src/main.rs:483)
193.302624 [INFO ] NMEA $GPZDA,131327.000,08,06,2026,,*5B (pico_gnss pico-gnss-rs/src/main.rs:483)
193.345330 [INFO ] NMEA $GPGST,131327.000,10,25,7.5,127.4,16,20,73*49 (pico_gnss pico-gnss-rs/src/main.rs:483)
193.442400 [INFO ] PPSGEN count=188 interval_ns=1000002304 dev_ns=2304 phase_ns=-1878312 hwphase_ns=416 trim_ppb=-48 cfg=2 p_ns=0 d_ns=-4 (pico_gnss pico-gnss-rs/src/main.rs:330)
193.444004 [INFO ] PPS count=188 interval_us=1000002 interval_ns=1000002320 state=Locked missed=0 (pico_gnss pico-gnss-rs/src/main.rs:203)
193.636770 [INFO ] NMEA $GPGGA,131328.000,0000.0000,N,00000.0000,E,1,5,1.36,61.9,M,39.0,M,,*66 (pico_gnss pico-gnss-rs/src/main.rs:483)
193.695147 [INFO ] NMEA $GNGLL,0000.0000,N,00000.0000,E,131328.000,A,A*48 (pico_gnss pico-gnss-rs/src/main.rs:483)
193.697237 [INFO ] TIME unix_ns=1780924408253161097 ppb=2317 holdover_ms=1253 locked=1 (pico_gnss pico-gnss-rs/src/main.rs:237)
193.753609 [INFO ] NMEA $GNGSA,A,3,10,12,29,32,23,,,,,,,,1.68,1.36,0.99*1E (pico_gnss pico-gnss-rs/src/main.rs:483)
193.783078 [INFO ] NMEA $GNGSA,A,3,,,,,,,,,,,,,1.68,1.36,0.99*17 (pico_gnss pico-gnss-rs/src/main.rs:483)
193.874525 [INFO ] NMEA $GPGSV,4,1,13,25,82,073,18,32,64,320,16,12,42,047,24,28,39,291,*71 (pico_gnss pico-gnss-rs/src/main.rs:483)
193.933155 [INFO ] NMEA $GPGSV,4,2,13,10,38,221,16,29,21,144,18,23,15,189,18,31,13,274,*7C (pico_gnss pico-gnss-rs/src/main.rs:483)
193.991599 [INFO ] NMEA $GPGSV,4,3,13,24,12,083,,26,04,226,,193,,,,194,,,*73 (pico_gnss pico-gnss-rs/src/main.rs:483)
194.020821 [INFO ] NMEA $GPGSV,4,4,13,195,,,*46 (pico_gnss pico-gnss-rs/src/main.rs:483)
194.079307 [INFO ] NMEA $GLGSV,2,1,08,72,72,153,,75,66,274,,65,50,327,,74,45,026,*6C (pico_gnss pico-gnss-rs/src/main.rs:483)
194.141984 [INFO ] NMEA $GLGSV,2,2,08,71,18,150,,76,16,235,,66,02,329,,73,02,044,16*6F (pico_gnss pico-gnss-rs/src/main.rs:483)
194.229475 [INFO ] NMEA $GNRMC,131328.000,A,0000.0000,N,00000.0000,E,0.67,176.25,080626,,,A*73 (pico_gnss pico-gnss-rs/src/main.rs:483)
194.232037 [INFO ] SYNC pps_local_us=187000434 unix_s=1780924408 drift_us=2 err_ns=4 holdover_ms=999 (pico_gnss pico-gnss-rs/src/main.rs:514)
194.259239 [INFO ] NMEA $GPVTG,176.25,T,,M,0.67,N,1.25,K,A*3D (pico_gnss pico-gnss-rs/src/main.rs:483)
194.317010 [INFO ] NMEA $GPZDA,131328.000,08,06,2026,,*54 (pico_gnss pico-gnss-rs/src/main.rs:483)
194.342620 [INFO ] NMEA $GPGST,131328.000,10,25,7.5,127.3,16,21,72*41 (pico_gnss pico-gnss-rs/src/main.rs:483)
194.442398 [INFO ] PPSGEN count=189 interval_ns=1000002288 dev_ns=2288 phase_ns=-1873312 hwphase_ns=384 trim_ppb=-51 cfg=2 p_ns=0 d_ns=-8 (pico_gnss pico-gnss-rs/src/main.rs:330)
194.444016 [INFO ] PPS count=189 interval_us=1000002 interval_ns=1000002304 state=Locked missed=0 (pico_gnss pico-gnss-rs/src/main.rs:203)
194.654156 [INFO ] NMEA $GPGGA,131329.000,0000.0000,N,00000.0000,E,1,5,1.36,61.8,M,39.0,M,,*60 (pico_gnss pico-gnss-rs/src/main.rs:483)
194.683922 [INFO ] NMEA $GNGLL,0000.0000,N,00000.0000,E,131329.000,A,A*4F (pico_gnss pico-gnss-rs/src/main.rs:483)
194.698533 [INFO ] TIME unix_ns=1780924409254467095 ppb=2316 holdover_ms=1254 locked=1 (pico_gnss pico-gnss-rs/src/main.rs:237)
194.742311 [INFO ] NMEA $GNGSA,A,3,10,12,29,32,23,,,,,,,,1.68,1.36,0.99*1E (pico_gnss pico-gnss-rs/src/main.rs:483)
194.800459 [INFO ] NMEA $GNGSA,A,3,,,,,,,,,,,,,1.68,1.36,0.99*17 (pico_gnss pico-gnss-rs/src/main.rs:483)
194.859107 [INFO ] NMEA $GPGSV,4,1,13,25,82,073,18,32,64,320,16,12,42,047,24,28,39,291,*71 (pico_gnss pico-gnss-rs/src/main.rs:483)
194.950583 [INFO ] NMEA $GPGSV,4,2,13,10,38,221,16,29,21,144,18,23,15,189,18,31,13,274,*7C (pico_gnss pico-gnss-rs/src/main.rs:483)
194.980341 [INFO ] NMEA $GPGSV,4,3,13,24,12,083,,26,04,226,,193,,,,194,,,*73 (pico_gnss pico-gnss-rs/src/main.rs:483)
195.009581 [INFO ] NMEA $GPGSV,4,4,13,195,,,*46 (pico_gnss pico-gnss-rs/src/main.rs:483)
195.096779 [INFO ] NMEA $GLGSV,2,1,08,72,72,153,,75,66,274,,65,50,327,,74,45,026,*6C (pico_gnss pico-gnss-rs/src/main.rs:483)
195.159484 [INFO ] NMEA $GLGSV,2,2,08,71,18,150,,76,16,235,,66,02,329,,73,02,044,16*6F (pico_gnss pico-gnss-rs/src/main.rs:483)
195.218181 [INFO ] NMEA $GNRMC,131329.000,A,0000.0000,N,00000.0000,E,0.34,176.25,080626,,,A*72 (pico_gnss pico-gnss-rs/src/main.rs:483)
195.220755 [INFO ] SYNC pps_local_us=188000437 unix_s=1780924409 drift_us=2 err_ns=-12 holdover_ms=1000 (pico_gnss pico-gnss-rs/src/main.rs:514)
195.276475 [INFO ] NMEA $GPVTG,176.25,T,,M,0.34,N,0.63,K,A*38 (pico_gnss pico-gnss-rs/src/main.rs:483)
195.305777 [INFO ] NMEA $GPZDA,131329.000,08,06,2026,,*55 (pico_gnss pico-gnss-rs/src/main.rs:483)
195.343290 [INFO ] NMEA $GPGST,131329.000,9.9,25,7.5,127.3,17,21,73*6F (pico_gnss pico-gnss-rs/src/main.rs:483)
195.442394 [INFO ] PPSGEN count=190 interval_ns=1000002288 dev_ns=2288 phase_ns=-1894311 hwphase_ns=368 trim_ppb=-53 cfg=2 p_ns=0 d_ns=-4 (pico_gnss pico-gnss-rs/src/main.rs:330)
195.444003 [INFO ] PPS count=190 interval_us=1000002 interval_ns=1000002320 state=Locked missed=0 (pico_gnss pico-gnss-rs/src/main.rs:203)
195.652079 [INFO ] NMEA $GPGGA,131330.000,0000.0000,N,00000.0000,E,1,5,1.36,61.8,M,39.0,M,,*6F (pico_gnss pico-gnss-rs/src/main.rs:483)
195.699867 [INFO ] TIME unix_ns=1780924410255731092 ppb=2316 holdover_ms=1255 locked=1 (pico_gnss pico-gnss-rs/src/main.rs:237)
195.710713 [INFO ] NMEA $GNGLL,0000.0000,N,00000.0000,E,131330.000,A,A*40 (pico_gnss pico-gnss-rs/src/main.rs:483)
195.768798 [INFO ] NMEA $GNGSA,A,3,10,12,29,32,23,,,,,,,,1.68,1.36,0.99*1E (pico_gnss pico-gnss-rs/src/main.rs:483)
195.798286 [INFO ] NMEA $GNGSA,A,3,,,,,,,,,,,,,1.68,1.36,0.99*17 (pico_gnss pico-gnss-rs/src/main.rs:483)
195.885647 [INFO ] NMEA $GPGSV,4,1,13,25,82,073,18,32,64,320,16,12,42,047,24,28,39,291,*71 (pico_gnss pico-gnss-rs/src/main.rs:483)
195.948376 [INFO ] NMEA $GPGSV,4,2,13,10,38,221,16,29,21,144,18,23,15,189,18,31,13,274,*7C (pico_gnss pico-gnss-rs/src/main.rs:483)
196.006833 [INFO ] NMEA $GPGSV,4,3,13,24,12,083,,26,04,226,,193,,,,194,,,*73 (pico_gnss pico-gnss-rs/src/main.rs:483)
196.036082 [INFO ] NMEA $GPGSV,4,4,13,195,,,*46 (pico_gnss pico-gnss-rs/src/main.rs:483)
196.094572 [INFO ] NMEA $GLGSV,2,1,08,72,72,153,,75,66,274,,65,50,327,,74,45,026,*6C (pico_gnss pico-gnss-rs/src/main.rs:483)
196.153166 [INFO ] NMEA $GLGSV,2,2,08,71,18,150,,76,16,235,,66,02,329,,73,02,044,15*6C (pico_gnss pico-gnss-rs/src/main.rs:483)
196.244715 [INFO ] NMEA $GNRMC,131330.000,A,0000.0000,N,00000.0000,E,0.73,103.77,080626,,,A*7B (pico_gnss pico-gnss-rs/src/main.rs:483)
196.247271 [INFO ] SYNC pps_local_us=189000439 unix_s=1780924410 drift_us=2 err_ns=4 holdover_ms=999 (pico_gnss pico-gnss-rs/src/main.rs:514)
196.274473 [INFO ] NMEA $GPVTG,103.77,T,,M,0.73,N,1.36,K,A*3F (pico_gnss pico-gnss-rs/src/main.rs:483)
196.303625 [INFO ] NMEA $GPZDA,131330.000,08,06,2026,,*5D (pico_gnss pico-gnss-rs/src/main.rs:483)
196.353568 [INFO ] NMEA $GPGST,131330.000,9.8,26,7.3,127.6,17,21,73*66 (pico_gnss pico-gnss-rs/src/main.rs:483)
196.442386 [INFO ] PPSGEN count=191 interval_ns=1000002304 dev_ns=2304 phase_ns=-1897311 hwphase_ns=352 trim_ppb=-55 cfg=2 p_ns=0 d_ns=-4 (pico_gnss pico-gnss-rs/src/main.rs:330)
196.443994 [INFO ] PPS count=191 interval_us=1000002 interval_ns=1000002336 state=Locked missed=0 (pico_gnss pico-gnss-rs/src/main.rs:203)
196.646019 [INFO ] NMEA $GPGGA,131331.000,0000.0000,N,00000.0000,E,1,5,1.36,61.6,M,39.0,M,,*67 (pico_gnss pico-gnss-rs/src/main.rs:483)
196.691003 [INFO ] NMEA $GNGLL,0000.0000,N,00000.0000,E,131331.000,A,A*46 (pico_gnss pico-gnss-rs/src/main.rs:483)
196.701169 [INFO ] TIME unix_ns=1780924411257078088 ppb=2317 holdover_ms=1257 locked=1 (pico_gnss pico-gnss-rs/src/main.rs:237)
196.749457 [INFO ] NMEA $GNGSA,A,3,10,12,29,32,23,,,,,,,,1.68,1.36,0.99*1E (pico_gnss pico-gnss-rs/src/main.rs:483)
196.807658 [INFO ] NMEA $GNGSA,A,3,,,,,,,,,,,,,1.68,1.36,0.99*17 (pico_gnss pico-gnss-rs/src/main.rs:483)
196.866303 [INFO ] NMEA $GPGSV,4,1,13,25,82,073,18,32,64,320,15,12,42,047,24,28,39,291,*72 (pico_gnss pico-gnss-rs/src/main.rs:483)
196.929064 [INFO ] NMEA $GPGSV,4,2,13,10,38,221,16,29,21,144,18,23,15,189,18,31,13,274,*7C (pico_gnss pico-gnss-rs/src/main.rs:483)
196.987478 [INFO ] NMEA $GPGSV,4,3,13,24,12,083,,26,04,226,,193,,,,194,,,*73 (pico_gnss pico-gnss-rs/src/main.rs:483)
197.016733 [INFO ] NMEA $GPGSV,4,4,13,195,,,*46 (pico_gnss pico-gnss-rs/src/main.rs:483)
197.075189 [INFO ] NMEA $GLGSV,2,1,08,72,72,153,,75,66,274,,65,50,327,,74,45,026,*6C (pico_gnss pico-gnss-rs/src/main.rs:483)
197.162577 [INFO ] NMEA $GLGSV,2,2,08,71,18,150,,76,16,235,,66,02,329,,73,02,044,16*6F (pico_gnss pico-gnss-rs/src/main.rs:483)
197.225345 [INFO ] NMEA $GNRMC,131331.000,A,0000.0000,N,00000.0000,E,0.70,29.50,080626,,,A*42 (pico_gnss pico-gnss-rs/src/main.rs:483)
197.227906 [INFO ] SYNC pps_local_us=190000441 unix_s=1780924411 drift_us=2 err_ns=20 holdover_ms=999 (pico_gnss pico-gnss-rs/src/main.rs:514)
197.255069 [INFO ] NMEA $GPVTG,29.50,T,,M,0.70,N,1.30,K,A*06 (pico_gnss pico-gnss-rs/src/main.rs:483)
197.312915 [INFO ] NMEA $GPZDA,131331.000,08,06,2026,,*5C (pico_gnss pico-gnss-rs/src/main.rs:483)
197.344783 [INFO ] NMEA $GPGST,131331.000,9.7,26,7.2,127.8,17,21,73*67 (pico_gnss pico-gnss-rs/src/main.rs:483)
197.442398 [INFO ] PPSGEN count=192 interval_ns=1000002272 dev_ns=2272 phase_ns=-1862312 hwphase_ns=288 trim_ppb=-57 cfg=2 p_ns=0 d_ns=-16 (pico_gnss pico-gnss-rs/src/main.rs:330)
197.443989 [INFO ] PPS count=192 interval_us=1000002 interval_ns=1000002320 state=Locked missed=0 (pico_gnss pico-gnss-rs/src/main.rs:203)
197.668918 [INFO ] NMEA $GPGGA,131332.000,0000.0000,N,00000.0000,E,1,5,1.36,61.5,M,39.0,M,,*60 (pico_gnss pico-gnss-rs/src/main.rs:483)
197.702483 [INFO ] TIME unix_ns=1780924412258387085 ppb=2317 holdover_ms=1258 locked=1 (pico_gnss pico-gnss-rs/src/main.rs:237)
197.732487 [INFO ] NMEA $GNGLL,0000.0000,N,00000.0000,E,131332.000,A,A*42 (pico_gnss pico-gnss-rs/src/main.rs:483)
197.790697 [INFO ] NMEA $GNGSA,A,3,10,12,29,32,23,,,,,,,,1.68,1.36,0.99*1E (pico_gnss pico-gnss-rs/src/main.rs:483)
197.820259 [INFO ] NMEA $GNGSA,A,3,,,,,,,,,,,,,1.68,1.36,0.99*17 (pico_gnss pico-gnss-rs/src/main.rs:483)
197.907587 [INFO ] NMEA $GPGSV,4,1,13,25,82,073,18,32,64,320,15,12,42,047,24,28,39,291,16*75 (pico_gnss pico-gnss-rs/src/main.rs:483)
197.970372 [INFO ] NMEA $GPGSV,4,2,13,10,38,221,16,29,21,144,18,23,15,189,18,31,13,274,*7C (pico_gnss pico-gnss-rs/src/main.rs:483)
198.028891 [INFO ] NMEA $GPGSV,4,3,13,24,12,083,,26,04,226,,193,,,,194,,,*73 (pico_gnss pico-gnss-rs/src/main.rs:483)
198.058158 [INFO ] NMEA $GPGSV,4,4,13,195,,,*46 (pico_gnss pico-gnss-rs/src/main.rs:483)
198.116654 [INFO ] NMEA $GLGSV,2,1,08,72,72,153,,75,66,274,,65,50,327,,74,45,026,*6C (pico_gnss pico-gnss-rs/src/main.rs:483)
198.175224 [INFO ] NMEA $GLGSV,2,2,08,71,18,150,,76,16,235,,66,02,329,,73,02,044,16*6F (pico_gnss pico-gnss-rs/src/main.rs:483)
198.266822 [INFO ] NMEA $GNRMC,131332.000,A,0000.0000,N,00000.0000,E,1.26,315.13,080626,,,A*7F (pico_gnss pico-gnss-rs/src/main.rs:483)
198.269393 [INFO ] SYNC pps_local_us=191000444 unix_s=1780924412 drift_us=2 err_ns=3 holdover_ms=1000 (pico_gnss pico-gnss-rs/src/main.rs:514)
198.296560 [INFO ] NMEA $GPVTG,315.13,T,,M,1.26,N,2.33,K,A*3F (pico_gnss pico-gnss-rs/src/main.rs:483)
198.325700 [INFO ] NMEA $GPZDA,131332.000,08,06,2026,,*5F (pico_gnss pico-gnss-rs/src/main.rs:483)
198.371695 [INFO ] NMEA $GPGST,131332.000,9.7,26,7.4,127.5,17,21,73*6F (pico_gnss pico-gnss-rs/src/main.rs:483)
198.442419 [INFO ] PPSGEN count=193 interval_ns=1000002288 dev_ns=2288 phase_ns=-1852312 hwphase_ns=256 trim_ppb=-59 cfg=2 p_ns=0 d_ns=-8 (pico_gnss pico-gnss-rs/src/main.rs:330)
198.444020 [INFO ] PPS count=193 interval_us=1000002 interval_ns=1000002320 state=Locked missed=0 (pico_gnss pico-gnss-rs/src/main.rs:203)
198.695128 [INFO ] NMEA $GPGGA,131333.000,0000.0000,N,00000.0000,E,1,5,1.36,61.4,M,39.0,M,,*66 (pico_gnss pico-gnss-rs/src/main.rs:483)
198.704112 [INFO ] TIME unix_ns=1780924413260041081 ppb=2317 holdover_ms=1260 locked=1 (pico_gnss pico-gnss-rs/src/main.rs:237)
198.744265 [INFO ] NMEA $GNGLL,0000.0000,N,00000.0000,E,131333.000,A,A*45 (pico_gnss pico-gnss-rs/src/main.rs:483)
198.802546 [INFO ] NMEA $GNGSA,A,3,10,12,29,32,23,,,,,,,,1.68,1.36,0.99*1E (pico_gnss pico-gnss-rs/src/main.rs:483)
198.860761 [INFO ] NMEA $GNGSA,A,3,,,,,,,,,,,,,1.68,1.36,0.99*17 (pico_gnss pico-gnss-rs/src/main.rs:483)
198.919453 [INFO ] NMEA $GPGSV,4,1,13,25,82,073,18,32,64,320,16,12,42,047,24,28,39,291,17*77 (pico_gnss pico-gnss-rs/src/main.rs:483)
198.978111 [INFO ] NMEA $GPGSV,4,2,13,10,38,221,16,29,21,144,18,23,15,189,18,31,13,274,*7C (pico_gnss pico-gnss-rs/src/main.rs:483)
199.040607 [INFO ] NMEA $GPGSV,4,3,13,24,12,083,,26,04,226,,193,,,,194,,,*73 (pico_gnss pico-gnss-rs/src/main.rs:483)
199.069860 [INFO ] NMEA $GPGSV,4,4,13,195,,,*46 (pico_gnss pico-gnss-rs/src/main.rs:483)
199.128374 [INFO ] NMEA $GLGSV,2,1,08,72,72,153,,75,66,274,,65,50,327,,74,45,026,*6C (pico_gnss pico-gnss-rs/src/main.rs:483)
199.215710 [INFO ] NMEA $GLGSV,2,2,08,71,18,150,,76,16,235,,66,02,329,,73,02,044,16*6F (pico_gnss pico-gnss-rs/src/main.rs:483)
199.278609 [INFO ] NMEA $GNRMC,131333.000,A,0000.0000,N,00000.0000,E,1.86,298.01,080626,,,A*75 (pico_gnss pico-gnss-rs/src/main.rs:483)
199.281182 [INFO ] SYNC pps_local_us=192000446 unix_s=1780924413 drift_us=2 err_ns=3 holdover_ms=1000 (pico_gnss pico-gnss-rs/src/main.rs:514)
199.308318 [INFO ] NMEA $GPVTG,298.01,T,,M,1.86,N,3.44,K,A*33 (pico_gnss pico-gnss-rs/src/main.rs:483)
199.366086 [INFO ] NMEA $GPZDA,131333.000,08,06,2026,,*5E (pico_gnss pico-gnss-rs/src/main.rs:483)
199.397916 [INFO ] NMEA $GPGST,131333.000,9.6,26,7.4,127.4,17,21,73*6E (pico_gnss pico-gnss-rs/src/main.rs:483)
199.442393 [INFO ] PPSGEN count=194 interval_ns=1000002288 dev_ns=2288 phase_ns=-1909312 hwphase_ns=224 trim_ppb=-60 cfg=2 p_ns=0 d_ns=-8 (pico_gnss pico-gnss-rs/src/main.rs:330)
199.444003 [INFO ] PPS count=194 interval_us=1000002 interval_ns=1000002320 state=Locked missed=0 (pico_gnss pico-gnss-rs/src/main.rs:203)
199.705414 [INFO ] TIME unix_ns=1780924414261291078 ppb=2317 holdover_ms=1261 locked=1 (pico_gnss pico-gnss-rs/src/main.rs:237)
199.724293 [INFO ] NMEA $GPGGA,131334.000,0000.0000,N,00000.0000,E,1,5,1.36,61.3,M,39.0,M,,*66 (pico_gnss pico-gnss-rs/src/main.rs:483)
199.787459 [INFO ] NMEA $GNGLL,0000.0000,N,00000.0000,E,131334.000,A,A*42 (pico_gnss pico-gnss-rs/src/main.rs:483)
199.845828 [INFO ] NMEA $GNGSA,A,3,10,12,29,32,23,,,,,,,,1.68,1.36,0.99*1E (pico_gnss pico-gnss-rs/src/main.rs:483)
199.875354 [INFO ] NMEA $GNGSA,A,3,,,,,,,,,,,,,1.68,1.36,0.99*17 (pico_gnss pico-gnss-rs/src/main.rs:483)
199.962698 [INFO ] NMEA $GPGSV,4,1,13,25,82,073,18,32,64,320,16,12,42,047,24,28,39,291,16*76 (pico_gnss pico-gnss-rs/src/main.rs:483)
200.021419 [INFO ] NMEA $GPGSV,4,2,13,10,38,221,16,29,21,144,18,23,15,189,18,31,13,274,*7C (pico_gnss pico-gnss-rs/src/main.rs:483)
200.083897 [INFO ] NMEA $GPGSV,4,3,13,24,12,083,,26,04,226,,193,,,,194,,,*73 (pico_gnss pico-gnss-rs/src/main.rs:483)
200.113159 [INFO ] NMEA $GPGSV,4,4,13,195,,,*46 (pico_gnss pico-gnss-rs/src/main.rs:483)
200.171654 [INFO ] NMEA $GLGSV,2,1,08,72,72,153,,75,66,274,,65,50,327,,74,45,026,*6C (pico_gnss pico-gnss-rs/src/main.rs:483)
200.230233 [INFO ] NMEA $GLGSV,2,2,08,71,18,150,,76,16,235,,66,02,329,,73,02,044,16*6F (pico_gnss pico-gnss-rs/src/main.rs:483)
200.321817 [INFO ] NMEA $GNRMC,131334.000,A,0000.0000,N,00000.0000,E,1.73,330.57,080626,,,A*78 (pico_gnss pico-gnss-rs/src/main.rs:483)
200.324411 [INFO ] SYNC pps_local_us=193000448 unix_s=1780924414 drift_us=2 err_ns=3 holdover_ms=999 (pico_gnss pico-gnss-rs/src/main.rs:514)
200.351521 [INFO ] NMEA $GPVTG,330.57,T,,M,1.73,N,3.21,K,A*3A (pico_gnss pico-gnss-rs/src/main.rs:483)
200.380579 [INFO ] NMEA $GPZDA,131334.000,08,06,2026,,*59 (pico_gnss pico-gnss-rs/src/main.rs:483)
200.426350 [INFO ] NMEA $GPGST,131334.000,9.6,26,7.4,127.4,17,21,73*69 (pico_gnss pico-gnss-rs/src/main.rs:483)
200.442422 [INFO ] PPSGEN count=195 interval_ns=1000002288 dev_ns=2288 phase_ns=-1863312 hwphase_ns=192 trim_ppb=-61 cfg=2 p_ns=0 d_ns=-8 (pico_gnss pico-gnss-rs/src/main.rs:330)
200.444032 [INFO ] PPS count=195 interval_us=1000002 interval_ns=1000002320 state=Locked missed=0 (pico_gnss pico-gnss-rs/src/main.rs:203)
200.706640 [INFO ] TIME unix_ns=1780924415262666074 ppb=2317 holdover_ms=1262 locked=1 (pico_gnss pico-gnss-rs/src/main.rs:237)
200.844911 [INFO ] NMEA $GPGGA,131335.000,0000.0000,N,00000.0000,E,1,6,1.13,61.5,M,39.0,M,,*66 (pico_gnss pico-gnss-rs/src/main.rs:483)
200.903204 [INFO ] NMEA $GNGLL,0000.0000,N,00000.0000,E,131335.000,A,A*40 (pico_gnss pico-gnss-rs/src/main.rs:483)
200.952383 [INFO ] NMEA $GNGSA,A,3,10,28,12,29,32,23,,,,,,,1.49,1.13,0.97*1E (pico_gnss pico-gnss-rs/src/main.rs:483)
201.010632 [INFO ] NMEA $GNGSA,A,3,,,,,,,,,,,,,1.49,1.13,0.97*1D (pico_gnss pico-gnss-rs/src/main.rs:483)
201.069288 [INFO ] NMEA $GPGSV,4,1,13,25,82,073,18,32,64,320,16,12,42,047,24,28,39,291,16*76 (pico_gnss pico-gnss-rs/src/main.rs:483)
201.156646 [INFO ] NMEA $GPGSV,4,2,13,10,38,221,16,29,21,144,18,23,15,189,18,31,13,274,*7C (pico_gnss pico-gnss-rs/src/main.rs:483)
201.190456 [INFO ] NMEA $GPGSV,4,3,13,24,12,083,,26,04,226,,193,,,,194,,,*73 (pico_gnss pico-gnss-rs/src/main.rs:483)
201.219705 [INFO ] NMEA $GPGSV,4,4,13,195,,,*46 (pico_gnss pico-gnss-rs/src/main.rs:483)
201.278228 [INFO ] NMEA $GLGSV,2,1,08,72,72,153,,75,66,274,,65,51,326,,74,45,026,*6C (pico_gnss pico-gnss-rs/src/main.rs:483)
201.365481 [INFO ] NMEA $GLGSV,2,2,08,71,18,150,,76,16,235,,66,02,329,,73,02,044,16*6F (pico_gnss pico-gnss-rs/src/main.rs:483)
201.424103 [INFO ] NMEA $GNRMC,131335.000,A,0000.0000,N,00000.0000,E,1.11,272.39,080626,,,A*71 (pico_gnss pico-gnss-rs/src/main.rs:483)
201.426681 [INFO ] SYNC pps_local_us=194000451 unix_s=1780924415 drift_us=2 err_ns=3 holdover_ms=1000 (pico_gnss pico-gnss-rs/src/main.rs:514)
201.442427 [INFO ] PPSGEN count=196 interval_ns=1000002288 dev_ns=2288 phase_ns=-1844313 hwphase_ns=160 trim_ppb=-62 cfg=2 p_ns=0 d_ns=-8 (pico_gnss pico-gnss-rs/src/main.rs:330)
201.444025 [INFO ] PPS count=196 interval_us=1000002 interval_ns=1000002320 state=Locked missed=0 (pico_gnss pico-gnss-rs/src/main.rs:203)
201.486282 [INFO ] NMEA $GPVTG,272.39,T,,M,1.11,N,2.06,K,A*35 (pico_gnss pico-gnss-rs/src/main.rs:483)
201.515656 [INFO ] NMEA $GPZDA,131335.000,08,06,2026,,*58 (pico_gnss pico-gnss-rs/src/main.rs:483)
201.545081 [INFO ] NMEA $GPGST,131335.000,9.7,23,9.7,127.9,16,19,67*63 (pico_gnss pico-gnss-rs/src/main.rs:483)
201.707916 [INFO ] TIME unix_ns=1780924416263786072 ppb=2317 holdover_ms=1263 locked=1 (pico_gnss pico-gnss-rs/src/main.rs:237)
201.867942 [INFO ] NMEA $GPGGA,131336.000,0000.0000,N,00000.0000,E,1,6,1.13,61.7,M,39.0,M,,*68 (pico_gnss pico-gnss-rs/src/main.rs:483)
201.926269 [INFO ] NMEA $GNGLL,0000.0000,N,00000.0000,E,131336.000,A,A*4C (pico_gnss pico-gnss-rs/src/main.rs:483)
201.987770 [INFO ] NMEA $GNGSA,A,3,10,28,12,29,32,23,,,,,,,1.49,1.13,0.97*1E (pico_gnss pico-gnss-rs/src/main.rs:483)
202.017300 [INFO ] NMEA $GNGSA,A,3,,,,,,,,,,,,,1.49,1.13,0.97*1D (pico_gnss pico-gnss-rs/src/main.rs:483)
202.104657 [INFO ] NMEA $GPGSV,4,1,13,25,82,073,18,32,64,320,16,12,42,047,24,28,39,291,16*76 (pico_gnss pico-gnss-rs/src/main.rs:483)
202.163308 [INFO ] NMEA $GPGSV,4,2,13,10,38,221,16,29,21,144,18,23,15,189,18,31,13,274,*7C (pico_gnss pico-gnss-rs/src/main.rs:483)
202.225853 [INFO ] NMEA $GPGSV,4,3,13,24,12,083,,26,04,226,,193,,,,194,,,*73 (pico_gnss pico-gnss-rs/src/main.rs:483)
202.255109 [INFO ] NMEA $GPGSV,4,4,13,195,,,*46 (pico_gnss pico-gnss-rs/src/main.rs:483)
202.313562 [INFO ] NMEA $GLGSV,2,1,08,72,72,153,,75,66,274,,65,51,326,,74,45,026,*6C (pico_gnss pico-gnss-rs/src/main.rs:483)
202.372102 [INFO ] NMEA $GLGSV,2,2,08,71,18,150,,76,16,235,,66,03,329,,73,02,044,16*6E (pico_gnss pico-gnss-rs/src/main.rs:483)
202.442404 [INFO ] PPSGEN count=197 interval_ns=1000002288 dev_ns=2288 phase_ns=-1936630 hwphase_ns=128 trim_ppb=-63 cfg=2 p_ns=0 d_ns=-8 (pico_gnss pico-gnss-rs/src/main.rs:330)
202.444034 [INFO ] PPS count=197 interval_us=1000002 interval_ns=1000002320 state=Locked missed=0 (pico_gnss pico-gnss-rs/src/main.rs:203)
202.459858 [INFO ] NMEA $GNRMC,131336.000,A,0000.0000,N,00000.0000,E,1.25,306.35,080626,,,A*74 (pico_gnss pico-gnss-rs/src/main.rs:483)
202.462446 [INFO ] SYNC pps_local_us=196000455 unix_s=1780924416 drift_us=2 err_ns=5 holdover_ms=1999 (pico_gnss pico-gnss-rs/src/main.rs:514)
202.492958 [INFO ] NMEA $GPVTG,306.35,T,,M,1.25,N,2.31,K,A*38 (pico_gnss pico-gnss-rs/src/main.rs:483)
202.522245 [INFO ] NMEA $GPZDA,131336.000,08,06,2026,,*5B (pico_gnss pico-gnss-rs/src/main.rs:483)
202.572196 [INFO ] NMEA $GPGST,131336.000,9.8,23,9.8,128.3,16,19,67*65 (pico_gnss pico-gnss-rs/src/main.rs:483)
202.709174 [INFO ] TIME unix_ns=1780924416265102386 ppb=2318 holdover_ms=265 locked=1 (pico_gnss pico-gnss-rs/src/main.rs:237)
202.889935 [INFO ] NMEA $GPGGA,131337.000,0000.0000,N,00000.0000,E,1,6,1.13,62.2,M,39.0,M,,*64 (pico_gnss pico-gnss-rs/src/main.rs:483)
202.948293 [INFO ] NMEA $GNGLL,0000.0000,N,00000.0000,E,131337.000,A,A*46 (pico_gnss pico-gnss-rs/src/main.rs:483)
202.993327 [INFO ] NMEA $GNGSA,A,3,10,28,12,29,32,23,,,,,,,1.49,1.13,0.97*1E (pico_gnss pico-gnss-rs/src/main.rs:483)
203.051523 [INFO ] NMEA $GNGSA,A,3,,,,,,,,,,,,,1.49,1.13,0.97*1D (pico_gnss pico-gnss-rs/src/main.rs:483)
203.110237 [INFO ] NMEA $GPGSV,4,1,13,25,82,073,18,32,64,320,16,12,42,047,24,28,39,291,16*76 (pico_gnss pico-gnss-rs/src/main.rs:483)
203.197627 [INFO ] NMEA $GPGSV,4,2,13,10,38,221,16,29,21,144,18,23,15,189,18,31,13,274,*7C (pico_gnss pico-gnss-rs/src/main.rs:483)
203.256038 [INFO ] NMEA $GPGSV,4,3,13,24,12,083,,26,04,226,,193,,,,194,,,*73 (pico_gnss pico-gnss-rs/src/main.rs:483)
203.260679 [INFO ] NMEA $GPGSV,4,4,13,195,,,*46 (pico_gnss pico-gnss-rs/src/main.rs:483)
203.347865 [INFO ] NMEA $GLGSV,2,1,08,72,72,153,,75,66,274,,65,51,326,,74,45,026,*6C (pico_gnss pico-gnss-rs/src/main.rs:483)
203.406336 [INFO ] NMEA $GLGSV,2,2,08,71,18,150,,76,16,235,,66,03,329,,73,02,044,16*6E (pico_gnss pico-gnss-rs/src/main.rs:483)
203.442434 [INFO ] PPSGEN count=198 interval_ns=1000002288 dev_ns=2288 phase_ns=-1894313 hwphase_ns=96 trim_ppb=-63 cfg=2 p_ns=0 d_ns=-8 (pico_gnss pico-gnss-rs/src/main.rs:330)
203.444049 [INFO ] PPS count=198 interval_us=1000002 interval_ns=1000002336 state=Locked missed=0 (pico_gnss pico-gnss-rs/src/main.rs:203)
203.465384 [INFO ] NMEA $GNRMC,131337.000,A,0000.0000,N,00000.0000,E,0.32,306.35,080626,,,A*79 (pico_gnss pico-gnss-rs/src/main.rs:483)
203.467992 [INFO ] SYNC pps_local_us=197000458 unix_s=1780924417 drift_us=2 err_ns=18 holdover_ms=1000 (pico_gnss pico-gnss-rs/src/main.rs:514)
203.527145 [INFO ] NMEA $GPVTG,306.35,T,,M,0.32,N,0.60,K,A*39 (pico_gnss pico-gnss-rs/src/main.rs:483)
203.556460 [INFO ] NMEA $GPZDA,131337.000,08,06,2026,,*5A (pico_gnss pico-gnss-rs/src/main.rs:483)
203.592814 [INFO ] NMEA $GPGST,131337.000,10,23,9.7,128.7,16,19,67*41 (pico_gnss pico-gnss-rs/src/main.rs:483)
203.710449 [INFO ] TIME unix_ns=1780924417266348383 ppb=2318 holdover_ms=266 locked=1 (pico_gnss pico-gnss-rs/src/main.rs:237)
203.899960 [INFO ] NMEA $GPGGA,131338.000,0000.0000,N,00000.0000,E,1,6,1.13,62.5,M,39.0,M,,*63 (pico_gnss pico-gnss-rs/src/main.rs:483)
203.958304 [INFO ] NMEA $GNGLL,0000.0000,N,00000.0000,E,131338.000,A,A*46 (pico_gnss pico-gnss-rs/src/main.rs:483)
204.016736 [INFO ] NMEA $GNGSA,A,3,10,28,12,29,32,23,,,,,,,1.49,1.13,0.97*1E (pico_gnss pico-gnss-rs/src/main.rs:483)
204.046229 [INFO ] NMEA $GNGSA,A,3,,,,,,,,,,,,,1.49,1.13,0.97*1D (pico_gnss pico-gnss-rs/src/main.rs:483)
204.133624 [INFO ] NMEA $GPGSV,4,1,13,25,82,073,18,32,64,320,16,12,42,047,24,28,39,291,16*76 (pico_gnss pico-gnss-rs/src/main.rs:483)
204.192259 [INFO ] NMEA $GPGSV,4,2,13,10,38,221,16,29,21,144,18,23,15,189,18,31,13,274,*7C (pico_gnss pico-gnss-rs/src/main.rs:483)
204.250713 [INFO ] NMEA $GPGSV,4,3,13,24,12,083,,26,04,226,,193,,,,194,,,*73 (pico_gnss pico-gnss-rs/src/main.rs:483)
204.283990 [INFO ] NMEA $GPGSV,4,4,13,195,,,*46 (pico_gnss pico-gnss-rs/src/main.rs:483)
204.342522 [INFO ] NMEA $GLGSV,2,1,08,72,72,153,,75,66,274,,65,51,326,,74,45,026,*6C (pico_gnss pico-gnss-rs/src/main.rs:483)
204.400993 [INFO ] NMEA $GLGSV,2,2,08,71,18,150,,76,16,235,,66,03,329,,73,02,044,16*6E (pico_gnss pico-gnss-rs/src/main.rs:483)
204.442431 [INFO ] PPSGEN count=199 interval_ns=1000002272 dev_ns=2272 phase_ns=-1911313 hwphase_ns=32 trim_ppb=-63 cfg=2 p_ns=0 d_ns=-16 (pico_gnss pico-gnss-rs/src/main.rs:330)
204.444051 [INFO ] PPS count=199 interval_us=1000002 interval_ns=1000002336 state=Locked missed=0 (pico_gnss pico-gnss-rs/src/main.rs:203)
204.488435 [INFO ] NMEA $GNRMC,131338.000,A,0000.0000,N,00000.0000,E,0.68,238.97,080626,,,A*72 (pico_gnss pico-gnss-rs/src/main.rs:483)
204.491025 [INFO ] SYNC pps_local_us=198000460 unix_s=1780924418 drift_us=2 err_ns=18 holdover_ms=1000 (pico_gnss pico-gnss-rs/src/main.rs:514)
204.517996 [INFO ] NMEA $GPVTG,238.97,T,,M,0.68,N,1.27,K,A*30 (pico_gnss pico-gnss-rs/src/main.rs:483)
204.551039 [INFO ] NMEA $GPZDA,131338.000,08,06,2026,,*55 (pico_gnss pico-gnss-rs/src/main.rs:483)
204.603142 [INFO ] NMEA $GPGST,131338.000,10,22,9.8,128.3,16,18,67*45 (pico_gnss pico-gnss-rs/src/main.rs:483)
204.711706 [INFO ] TIME unix_ns=1780924418267599380 ppb=2319 holdover_ms=267 locked=1 (pico_gnss pico-gnss-rs/src/main.rs:237)
204.785949 [INFO ] NMEA $GPGGA,131339.000,0000.0000,N,00000.0000,E,1,6,1.13,62.9,M,39.0,M,,*67 (pico_gnss pico-gnss-rs/src/main.rs:483)
204.844276 [INFO ] NMEA $GNGLL,0000.0000,N,00000.0000,E,131339.000,A,A*4E (pico_gnss pico-gnss-rs/src/main.rs:483)
204.902682 [INFO ] NMEA $GNGSA,A,3,10,28,12,29,32,23,,,,,,,1.49,1.13,0.97*1E (pico_gnss pico-gnss-rs/src/main.rs:483)
204.945500 [INFO ] NMEA $GNGSA,A,3,,,,,,,,,,,,,1.49,1.13,0.97*1D (pico_gnss pico-gnss-rs/src/main.rs:483)
205.004251 [INFO ] NMEA $GPGSV,4,1,13,25,82,073,18,32,64,320,16,12,42,047,24,28,39,291,16*76 (pico_gnss pico-gnss-rs/src/main.rs:483)
205.091655 [INFO ] NMEA $GPGSV,4,2,13,10,38,221,16,29,21,144,18,23,15,189,18,31,13,274,*7C (pico_gnss pico-gnss-rs/src/main.rs:483)
205.150107 [INFO ] NMEA $GPGSV,4,3,13,24,12,083,,26,04,226,,193,,,,194,,,*73 (pico_gnss pico-gnss-rs/src/main.rs:483)
205.179233 [INFO ] NMEA $GPGSV,4,4,13,195,,,*46 (pico_gnss pico-gnss-rs/src/main.rs:483)
205.241908 [INFO ] NMEA $GLGSV,2,1,08,72,72,153,,75,66,274,,65,51,326,,74,45,026,*6C (pico_gnss pico-gnss-rs/src/main.rs:483)
205.300520 [INFO ] NMEA $GLGSV,2,2,08,71,18,150,,76,16,235,,66,03,329,,73,02,044,16*6E (pico_gnss pico-gnss-rs/src/main.rs:483)
205.359284 [INFO ] NMEA $GNRMC,131339.000,A,0000.0000,N,00000.0000,E,0.65,187.75,080626,,,A*7C (pico_gnss pico-gnss-rs/src/main.rs:483)
205.417459 [INFO ] NMEA $GPVTG,187.75,T,,M,0.65,N,1.21,K,A*30 (pico_gnss pico-gnss-rs/src/main.rs:483)
205.442454 [INFO ] PPSGEN count=200 interval_ns=1000002288 dev_ns=2288 phase_ns=-1908314 hwphase_ns=-16 trim_ppb=-63 cfg=2 p_ns=0 d_ns=-12 (pico_gnss pico-gnss-rs/src/main.rs:330)
205.444135 [INFO ] PPS count=200 interval_us=1000002 interval_ns=1000002320 state=Locked missed=0 (pico_gnss pico-gnss-rs/src/main.rs:203)
205.450850 [INFO ] NMEA $GPZDA,131339.000,08,06,2026,,*54 (pico_gnss pico-gnss-rs/src/main.rs:483)
205.489305 [INFO ] NMEA $GPGST,131339.000,10,22,9.7,128.7,16,18,67*4F (pico_gnss pico-gnss-rs/src/main.rs:483)
205.712971 [INFO ] TIME unix_ns=1780924419268844058 ppb=2319 holdover_ms=1268 locked=1 (pico_gnss pico-gnss-rs/src/main.rs:237)
205.800824 [INFO ] NMEA $GPGGA,131340.000,0000.0000,N,00000.0000,E,1,6,1.13,63.2,M,39.0,M,,*61 (pico_gnss pico-gnss-rs/src/main.rs:483)
205.859180 [INFO ] NMEA $GNGLL,0000.0000,N,00000.0000,E,131340.000,A,A*42 (pico_gnss pico-gnss-rs/src/main.rs:483)
205.917612 [INFO ] NMEA $GNGSA,A,3,10,28,12,29,32,23,,,,,,,1.49,1.13,0.97*1E (pico_gnss pico-gnss-rs/src/main.rs:483)
205.945042 [INFO ] NMEA $GNGSA,A,3,,,,,,,,,,,,,1.49,1.13,0.97*1D (pico_gnss pico-gnss-rs/src/main.rs:483)
206.032434 [INFO ] NMEA $GPGSV,4,1,13,25,82,073,18,32,64,320,16,12,42,047,24,28,39,291,16*76 (pico_gnss pico-gnss-rs/src/main.rs:483)
206.091086 [INFO ] NMEA $GPGSV,4,2,13,10,38,221,16,29,21,144,17,23,15,189,18,31,13,274,*73 (pico_gnss pico-gnss-rs/src/main.rs:483)
206.149507 [INFO ] NMEA $GPGSV,4,3,13,24,12,083,,26,04,226,,193,,,,194,,,*73 (pico_gnss pico-gnss-rs/src/main.rs:483)
206.178730 [INFO ] NMEA $GPGSV,4,4,13,195,,,*46 (pico_gnss pico-gnss-rs/src/main.rs:483)
206.241303 [INFO ] NMEA $GLGSV,2,1,08,72,72,153,,75,66,274,,65,51,326,,74,45,026,*6C (pico_gnss pico-gnss-rs/src/main.rs:483)
206.299926 [INFO ] NMEA $GLGSV,2,2,08,71,18,150,,76,16,235,,66,03,329,,73,02,044,16*6E (pico_gnss pico-gnss-rs/src/main.rs:483)
206.387262 [INFO ] NMEA $GNRMC,131340.000,A,0000.0000,N,00000.0000,E,1.26,2.11,080626,,,A*78 (pico_gnss pico-gnss-rs/src/main.rs:483)
206.389820 [INFO ] SYNC pps_local_us=199000462 unix_s=1780924420 drift_us=2 err_ns=2 holdover_ms=1000 (pico_gnss pico-gnss-rs/src/main.rs:514)
206.416924 [INFO ] NMEA $GPVTG,2.11,T,,M,1.26,N,2.34,K,A*3F (pico_gnss pico-gnss-rs/src/main.rs:483)
206.442430 [INFO ] PPSGEN count=201 interval_ns=1000002272 dev_ns=2272 phase_ns=-1985314 hwphase_ns=-64 trim_ppb=-63 cfg=2 p_ns=0 d_ns=-12 (pico_gnss pico-gnss-rs/src/main.rs:330)
206.444085 [INFO ] PPS count=201 interval_us=1000002 interval_ns=1000002320 state=Locked missed=0 (pico_gnss pico-gnss-rs/src/main.rs:203)
206.474591 [INFO ] NMEA $GPZDA,131340.000,08,06,2026,,*5A (pico_gnss pico-gnss-rs/src/main.rs:483)
206.500003 [INFO ] NMEA $GPGST,131340.000,10,22,9.8,129.2,16,18,67*4A (pico_gnss pico-gnss-rs/src/main.rs:483)
206.714240 [INFO ] TIME unix_ns=1780924421270037056 ppb=2319 holdover_ms=1270 locked=1 (pico_gnss pico-gnss-rs/src/main.rs:237)
206.807876 [INFO ] NMEA $GPGGA,131341.000,0000.0000,N,00000.0000,E,1,6,1.13,63.5,M,39.0,M,,*63 (pico_gnss pico-gnss-rs/src/main.rs:483)
206.866207 [INFO ] NMEA $GNGLL,0000.0000,N,00000.0000,E,131341.000,A,A*47 (pico_gnss pico-gnss-rs/src/main.rs:483)
206.924652 [INFO ] NMEA $GNGSA,A,3,10,28,12,29,32,23,,,,,,,1.49,1.13,0.97*1E (pico_gnss pico-gnss-rs/src/main.rs:483)
206.969489 [INFO ] NMEA $GNGSA,A,3,,,,,,,,,,,,,1.49,1.13,0.97*1D (pico_gnss pico-gnss-rs/src/main.rs:483)
207.028171 [INFO ] NMEA $GPGSV,4,1,13,25,82,073,18,32,64,320,16,12,42,047,24,28,39,291,16*76 (pico_gnss pico-gnss-rs/src/main.rs:483)
207.115580 [INFO ] NMEA $GPGSV,4,2,13,10,38,221,15,29,21,144,17,23,15,189,18,31,13,274,*70 (pico_gnss pico-gnss-rs/src/main.rs:483)
207.174055 [INFO ] NMEA $GPGSV,4,3,13,24,12,083,,26,04,226,,193,,,,194,,,*73 (pico_gnss pico-gnss-rs/src/main.rs:483)
207.175413 [INFO ] NMEA $GPGSV,4,4,13,195,,,*46 (pico_gnss pico-gnss-rs/src/main.rs:483)
207.265829 [INFO ] NMEA $GLGSV,2,1,08,72,72,153,,75,66,274,,65,51,326,,74,45,026,*6C (pico_gnss pico-gnss-rs/src/main.rs:483)
207.324471 [INFO ] NMEA $GLGSV,2,2,08,71,17,151,,76,16,235,,66,03,329,,73,02,044,15*63 (pico_gnss pico-gnss-rs/src/main.rs:483)
207.383024 [INFO ] NMEA $GNRMC,131341.000,A,0000.0000,N,00000.0000,E,1.51,27.30,080626,,,A*49 (pico_gnss pico-gnss-rs/src/main.rs:483)
207.385580 [INFO ] SYNC pps_local_us=200000465 unix_s=1780924421 drift_us=2 err_ns=2 holdover_ms=999 (pico_gnss pico-gnss-rs/src/main.rs:514)
207.441142 [INFO ] NMEA $GPVTG,27.30,T,,M,1.51,N,2.80,K,A*04 (pico_gnss pico-gnss-rs/src/main.rs:483)
207.443039 [INFO ] PPSGEN count=202 interval_ns=1000002288 dev_ns=2288 phase_ns=-1303315 hwphase_ns=-96 trim_ppb=-63 cfg=2 p_ns=0 d_ns=-8 (pico_gnss pico-gnss-rs/src/main.rs:330)
207.444725 [INFO ] PPS count=202 interval_us=1000002 interval_ns=1000002336 state=Locked missed=0 (pico_gnss pico-gnss-rs/src/main.rs:203)
207.470686 [INFO ] NMEA $GPZDA,131341.000,08,06,2026,,*5B (pico_gnss pico-gnss-rs/src/main.rs:483)
207.508791 [INFO ] NMEA $GPGST,131341.000,10,22,9.7,129.9,16,18,67*4F (pico_gnss pico-gnss-rs/src/main.rs:483)
207.715537 [INFO ] TIME unix_ns=1780924422271367052 ppb=2319 holdover_ms=1271 locked=1 (pico_gnss pico-gnss-rs/src/main.rs:237)
207.817985 [INFO ] NMEA $GPGGA,131342.000,0000.0000,N,00000.0000,E,1,6,1.13,63.5,M,39.0,M,,*68 (pico_gnss pico-gnss-rs/src/main.rs:483)
207.876331 [INFO ] NMEA $GNGLL,0000.0000,N,00000.0000,E,131342.000,A,A*4C (pico_gnss pico-gnss-rs/src/main.rs:483)
207.934764 [INFO ] NMEA $GNGSA,A,3,10,28,12,29,32,23,,,,,,,1.49,1.13,0.97*1E (pico_gnss pico-gnss-rs/src/main.rs:483)
207.964248 [INFO ] NMEA $GNGSA,A,3,,,,,,,,,,,,,1.49,1.13,0.97*1D (pico_gnss pico-gnss-rs/src/main.rs:483)
208.053676 [INFO ] NMEA $GPGSV,4,1,13,25,82,073,18,32,64,320,16,12,42,047,24,28,39,291,16*76 (pico_gnss pico-gnss-rs/src/main.rs:483)
208.112329 [INFO ] NMEA $GPGSV,4,2,13,10,38,221,15,29,21,144,17,23,15,189,17,31,13,274,*7F (pico_gnss pico-gnss-rs/src/main.rs:483)
208.170763 [INFO ] NMEA $GPGSV,4,3,13,24,12,083,,26,04,226,,193,,,,194,,,*73 (pico_gnss pico-gnss-rs/src/main.rs:483)
208.200020 [INFO ] NMEA $GPGSV,4,4,13,195,,,*46 (pico_gnss pico-gnss-rs/src/main.rs:483)
208.262559 [INFO ] NMEA $GLGSV,2,1,08,72,71,155,,75,66,274,,65,51,326,,74,45,026,*69 (pico_gnss pico-gnss-rs/src/main.rs:483)
208.321176 [INFO ] NMEA $GLGSV,2,2,08,71,17,151,,76,16,235,,66,03,329,,73,02,044,16*60 (pico_gnss pico-gnss-rs/src/main.rs:483)
208.408498 [INFO ] NMEA $GNRMC,131342.000,A,0000.0000,N,00000.0000,E,0.99,347.84,080626,,,A*7D (pico_gnss pico-gnss-rs/src/main.rs:483)
208.411081 [INFO ] SYNC pps_local_us=201000467 unix_s=1780924422 drift_us=2 err_ns=17 holdover_ms=1000 (pico_gnss pico-gnss-rs/src/main.rs:514)
208.438227 [INFO ] NMEA $GPVTG,347.84,T,,M,0.99,N,1.83,K,A*3B (pico_gnss pico-gnss-rs/src/main.rs:483)
208.442457 [INFO ] PPSGEN count=203 interval_ns=1000002288 dev_ns=2288 phase_ns=-2565313 hwphase_ns=-144 trim_ppb=-62 cfg=2 p_ns=0 d_ns=-12 (pico_gnss pico-gnss-rs/src/main.rs:330)
208.444149 [INFO ] PPS count=203 interval_us=1000002 interval_ns=1000002336 state=Locked missed=0 (pico_gnss pico-gnss-rs/src/main.rs:203)
208.495976 [INFO ] NMEA $GPZDA,131342.000,08,06,2026,,*58 (pico_gnss pico-gnss-rs/src/main.rs:483)
208.521719 [INFO ] NMEA $GPGST,131342.000,10,22,9.6,130.5,16,18,68*46 (pico_gnss pico-gnss-rs/src/main.rs:483)
208.716815 [INFO ] TIME unix_ns=1780924423272012050 ppb=2320 holdover_ms=1272 locked=1 (pico_gnss pico-gnss-rs/src/main.rs:237)
208.829089 [INFO ] NMEA $GPGGA,131343.000,0000.0000,N,00000.0000,E,1,6,1.13,63.6,M,39.0,M,,*67 (pico_gnss pico-gnss-rs/src/main.rs:483)
208.887411 [INFO ] NMEA $GNGLL,0000.0000,N,00000.0000,E,131343.000,A,A*40 (pico_gnss pico-gnss-rs/src/main.rs:483)
208.945867 [INFO ] NMEA $GNGSA,A,3,10,28,12,29,32,23,,,,,,,1.49,1.13,0.97*1E (pico_gnss pico-gnss-rs/src/main.rs:483)
208.975343 [INFO ] NMEA $GNGSA,A,3,,,,,,,,,,,,,1.49,1.13,0.97*1D (pico_gnss pico-gnss-rs/src/main.rs:483)
209.049366 [INFO ] NMEA $GPGSV,4,1,13,25,82,073,18,32,64,320,16,12,42,047,24,28,39,291,15*75 (pico_gnss pico-gnss-rs/src/main.rs:483)
209.136798 [INFO ] NMEA $GPGSV,4,2,13,10,38,221,15,29,21,144,17,23,15,189,16,31,13,274,*7E (pico_gnss pico-gnss-rs/src/main.rs:483)
209.195268 [INFO ] NMEA $GPGSV,4,3,13,24,12,083,,26,04,226,,193,,,,194,,,*73 (pico_gnss pico-gnss-rs/src/main.rs:483)
209.196617 [INFO ] NMEA $GPGSV,4,4,13,195,,,*46 (pico_gnss pico-gnss-rs/src/main.rs:483)
209.287034 [INFO ] NMEA $GLGSV,2,1,08,72,71,155,,75,66,274,,65,51,326,,74,45,026,*69 (pico_gnss pico-gnss-rs/src/main.rs:483)
209.345638 [INFO ] NMEA $GLGSV,2,2,08,71,17,151,,76,16,235,,66,03,329,,73,01,045,16*62 (pico_gnss pico-gnss-rs/src/main.rs:483)
209.404232 [INFO ] NMEA $GNRMC,131343.000,A,0000.0000,N,00000.0000,E,1.65,311.52,080626,,,A*7B (pico_gnss pico-gnss-rs/src/main.rs:483)
209.406803 [INFO ] SYNC pps_local_us=202000469 unix_s=1780924423 drift_us=2 err_ns=17 holdover_ms=999 (pico_gnss pico-gnss-rs/src/main.rs:514)
209.442414 [INFO ] PPSGEN count=204 interval_ns=1000002288 dev_ns=2288 phase_ns=-2026315 hwphase_ns=-192 trim_ppb=-61 cfg=2 p_ns=0 d_ns=-12 (pico_gnss pico-gnss-rs/src/main.rs:330)
209.444098 [INFO ] PPS count=204 interval_us=1000002 interval_ns=1000002320 state=Locked missed=0 (pico_gnss pico-gnss-rs/src/main.rs:203)
209.462766 [INFO ] NMEA $GPVTG,311.52,T,,M,1.65,N,3.05,K,A*3D (pico_gnss pico-gnss-rs/src/main.rs:483)
209.491731 [INFO ] NMEA $GPZDA,131343.000,08,06,2026,,*59 (pico_gnss pico-gnss-rs/src/main.rs:483)
209.532425 [INFO ] NMEA $GPGST,131343.000,10,22,9.7,130.1,16,18,67*4D (pico_gnss pico-gnss-rs/src/main.rs:483)
209.718090 [INFO ] TIME unix_ns=1780924424273874045 ppb=2320 holdover_ms=1273 locked=1 (pico_gnss pico-gnss-rs/src/main.rs:237)
209.836924 [INFO ] NMEA $GPGGA,131344.000,0000.0000,N,00000.0000,E,1,6,1.13,63.6,M,39.0,M,,*69 (pico_gnss pico-gnss-rs/src/main.rs:483)
209.895250 [INFO ] NMEA $GNGLL,0000.0000,N,00000.0000,E,131344.000,A,A*4E (pico_gnss pico-gnss-rs/src/main.rs:483)
209.953676 [INFO ] NMEA $GNGSA,A,3,10,28,12,29,32,23,,,,,,,1.49,1.13,0.97*1E (pico_gnss pico-gnss-rs/src/main.rs:483)
209.983177 [INFO ] NMEA $GNGSA,A,3,,,,,,,,,,,,,1.49,1.13,0.97*1D (pico_gnss pico-gnss-rs/src/main.rs:483)
210.070577 [INFO ] NMEA $GPGSV,4,1,13,25,82,073,18,32,64,320,16,12,42,047,24,28,39,291,15*75 (pico_gnss pico-gnss-rs/src/main.rs:483)
210.129216 [INFO ] NMEA $GPGSV,4,2,13,10,38,221,15,29,21,144,17,23,15,189,16,31,13,274,*7E (pico_gnss pico-gnss-rs/src/main.rs:483)
210.187659 [INFO ] NMEA $GPGSV,4,3,13,24,12,083,,26,04,226,,193,,,,194,,,*73 (pico_gnss pico-gnss-rs/src/main.rs:483)
210.216893 [INFO ] NMEA $GPGSV,4,4,13,195,,,*46 (pico_gnss pico-gnss-rs/src/main.rs:483)
210.275394 [INFO ] NMEA $GLGSV,2,1,08,72,71,155,,75,66,274,,65,51,326,,74,44,027,*69 (pico_gnss pico-gnss-rs/src/main.rs:483)
210.338038 [INFO ] NMEA $GLGSV,2,2,08,71,17,151,,76,16,235,,66,03,329,,73,01,045,16*62 (pico_gnss pico-gnss-rs/src/main.rs:483)
210.425360 [INFO ] NMEA $GNRMC,131344.000,A,0000.0000,N,00000.0000,E,1.47,312.54,080626,,,A*70 (pico_gnss pico-gnss-rs/src/main.rs:483)
210.427917 [INFO ] SYNC pps_local_us=203000472 unix_s=1780924424 drift_us=2 err_ns=1 holdover_ms=999 (pico_gnss pico-gnss-rs/src/main.rs:514)
210.442423 [INFO ] PPSGEN count=205 interval_ns=1000002288 dev_ns=2288 phase_ns=-1907315 hwphase_ns=-224 trim_ppb=-60 cfg=2 p_ns=0 d_ns=-8 (pico_gnss pico-gnss-rs/src/main.rs:330)
210.444117 [INFO ] PPS count=205 interval_us=1000002 interval_ns=1000002352 state=Locked missed=0 (pico_gnss pico-gnss-rs/src/main.rs:203)
210.455184 [INFO ] NMEA $GPVTG,312.54,T,,M,1.47,N,2.73,K,A*38 (pico_gnss pico-gnss-rs/src/main.rs:483)
210.512733 [INFO ] NMEA $GPZDA,131344.000,08,06,2026,,*5E (pico_gnss pico-gnss-rs/src/main.rs:483)
210.540356 [INFO ] NMEA $GPGST,131344.000,10,22,9.8,130.2,16,18,67*46 (pico_gnss pico-gnss-rs/src/main.rs:483)
210.719379 [INFO ] TIME unix_ns=1780924425275201041 ppb=2321 holdover_ms=1275 locked=1 (pico_gnss pico-gnss-rs/src/main.rs:237)
210.886346 [INFO ] NMEA $GPGGA,131345.000,0000.0000,N,00000.0000,E,1,6,1.13,63.6,M,39.0,M,,*69 (pico_gnss pico-gnss-rs/src/main.rs:483)
210.944708 [INFO ] NMEA $GNGLL,0000.0000,N,00000.0000,E,131345.000,A,A*4E (pico_gnss pico-gnss-rs/src/main.rs:483)
210.974446 [INFO ] NMEA $GNGSA,A,3,10,28,12,29,32,23,,,,,,,1.49,1.13,0.97*1E (pico_gnss pico-gnss-rs/src/main.rs:483)
211.032569 [INFO ] NMEA $GNGSA,A,3,,,,,,,,,,,,,1.49,1.13,0.97*1D (pico_gnss pico-gnss-rs/src/main.rs:483)
211.095358 [INFO ] NMEA $GPGSV,4,1,13,25,82,073,18,32,64,320,16,12,42,047,24,28,39,291,15*75 (pico_gnss pico-gnss-rs/src/main.rs:483)
211.182784 [INFO ] NMEA $GPGSV,4,2,13,10,38,221,15,29,21,144,17,23,15,189,17,31,13,274,*7F (pico_gnss pico-gnss-rs/src/main.rs:483)
211.241225 [INFO ] NMEA $GPGSV,4,3,13,24,12,083,,26,04,226,,193,,,,194,,,*73 (pico_gnss pico-gnss-rs/src/main.rs:483)
211.270442 [INFO ] NMEA $GPGSV,4,4,13,195,,,*46 (pico_gnss pico-gnss-rs/src/main.rs:483)
211.328956 [INFO ] NMEA $GLGSV,2,1,08,72,71,155,,75,66,277,,65,51,326,,74,44,027,*6A (pico_gnss pico-gnss-rs/src/main.rs:483)
211.391494 [INFO ] NMEA $GLGSV,2,2,08,71,17,151,,76,16,235,,66,03,329,,73,01,045,16*62 (pico_gnss pico-gnss-rs/src/main.rs:483)
211.442445 [INFO ] PPSGEN count=206 interval_ns=1000002288 dev_ns=2288 phase_ns=-1966637 hwphase_ns=-288 trim_ppb=-58 cfg=2 p_ns=0 d_ns=-16 (pico_gnss pico-gnss-rs/src/main.rs:330)
211.444123 [INFO ] PPS count=206 interval_us=1000002 interval_ns=1000002320 state=Locked missed=0 (pico_gnss pico-gnss-rs/src/main.rs:203)
211.450558 [INFO ] NMEA $GNRMC,131345.000,A,0000.0000,N,00000.0000,E,0.72,313.72,080626,,,A*72 (pico_gnss pico-gnss-rs/src/main.rs:483)
211.453151 [INFO ] SYNC pps_local_us=205000476 unix_s=1780924425 drift_us=2 err_ns=31 holdover_ms=2000 (pico_gnss pico-gnss-rs/src/main.rs:514)
211.508284 [INFO ] NMEA $GPVTG,313.72,T,,M,0.72,N,1.34,K,A*3A (pico_gnss pico-gnss-rs/src/main.rs:483)
211.537556 [INFO ] NMEA $GPZDA,131345.000,08,06,2026,,*5F (pico_gnss pico-gnss-rs/src/main.rs:483)
211.580176 [INFO ] NMEA $GPGST,131345.000,10,22,9.7,130.3,16,18,67*49 (pico_gnss pico-gnss-rs/src/main.rs:483)
211.720637 [INFO ] TIME unix_ns=1780924425276446359 ppb=2321 holdover_ms=276 locked=1 (pico_gnss pico-gnss-rs/src/main.rs:237)
211.885882 [INFO ] NMEA $GPGGA,131346.000,0000.0000,N,00000.0000,E,1,6,1.13,63.6,M,39.0,M,,*6B (pico_gnss pico-gnss-rs/src/main.rs:483)
211.944252 [INFO ] NMEA $GNGLL,0000.0000,N,00000.0000,E,131346.000,A,A*4C (pico_gnss pico-gnss-rs/src/main.rs:483)
212.002667 [INFO ] NMEA $GNGSA,A,3,10,28,12,29,32,23,,,,,,,1.49,1.13,0.97*1E (pico_gnss pico-gnss-rs/src/main.rs:483)
212.032180 [INFO ] NMEA $GNGSA,A,3,,,,,,,,,,,,,1.49,1.13,0.97*1D (pico_gnss pico-gnss-rs/src/main.rs:483)
212.123689 [INFO ] NMEA $GPGSV,4,1,13,25,82,073,18,32,64,320,16,12,42,047,24,28,39,291,15*75 (pico_gnss pico-gnss-rs/src/main.rs:483)
212.182340 [INFO ] NMEA $GPGSV,4,2,13,10,38,221,15,29,21,144,17,23,15,189,17,31,13,274,*7F (pico_gnss pico-gnss-rs/src/main.rs:483)
212.240776 [INFO ] NMEA $GPGSV,4,3,13,24,12,083,,26,04,226,,193,,,,194,,,*73 (pico_gnss pico-gnss-rs/src/main.rs:483)
212.269978 [INFO ] NMEA $GPGSV,4,4,13,195,,,*46 (pico_gnss pico-gnss-rs/src/main.rs:483)
212.328495 [INFO ] NMEA $GLGSV,2,1,08,72,71,155,,75,66,277,,65,51,326,,74,44,027,*6A (pico_gnss pico-gnss-rs/src/main.rs:483)
212.391030 [INFO ] NMEA $GLGSV,2,2,08,71,17,151,,76,17,235,,66,03,329,,73,01,045,16*63 (pico_gnss pico-gnss-rs/src/main.rs:483)
212.442443 [INFO ] PPSGEN count=207 interval_ns=1000002288 dev_ns=2288 phase_ns=-1984316 hwphase_ns=-320 trim_ppb=-56 cfg=2 p_ns=0 d_ns=-8 (pico_gnss pico-gnss-rs/src/main.rs:330)
212.444136 [INFO ] PPS count=207 interval_us=1000002 interval_ns=1000002336 state=Locked missed=0 (pico_gnss pico-gnss-rs/src/main.rs:203)
212.478486 [INFO ] NMEA $GNRMC,131346.000,A,0000.0000,N,00000.0000,E,0.95,313.78,080626,,,A*73 (pico_gnss pico-gnss-rs/src/main.rs:483)
212.481063 [INFO ] SYNC pps_local_us=206000479 unix_s=1780924426 drift_us=2 err_ns=15 holdover_ms=999 (pico_gnss pico-gnss-rs/src/main.rs:514)
212.508042 [INFO ] NMEA $GPVTG,313.78,T,,M,0.95,N,1.76,K,A*3F (pico_gnss pico-gnss-rs/src/main.rs:483)
212.565711 [INFO ] NMEA $GPZDA,131346.000,08,06,2026,,*5C (pico_gnss pico-gnss-rs/src/main.rs:483)
212.595434 [INFO ] NMEA $GPGST,131346.000,10,22,9.8,130.3,16,18,68*4A (pico_gnss pico-gnss-rs/src/main.rs:483)
212.721896 [INFO ] TIME unix_ns=1780924426277717356 ppb=2321 holdover_ms=277 locked=1 (pico_gnss pico-gnss-rs/src/main.rs:237)
212.905252 [INFO ] NMEA $GPGGA,131347.000,0000.0000,N,00000.0000,E,1,6,1.13,63.5,M,39.0,M,,*63 (pico_gnss pico-gnss-rs/src/main.rs:483)
212.963655 [INFO ] NMEA $GNGLL,0000.0000,N,00000.0000,E,131347.000,A,A*47 (pico_gnss pico-gnss-rs/src/main.rs:483)
213.022010 [INFO ] NMEA $GNGSA,A,3,10,28,12,29,32,23,,,,,,,1.49,1.13,0.97*1E (pico_gnss pico-gnss-rs/src/main.rs:483)
213.051551 [INFO ] NMEA $GNGSA,A,3,,,,,,,,,,,,,1.49,1.13,0.97*1D (pico_gnss pico-gnss-rs/src/main.rs:483)
213.138829 [INFO ] NMEA $GPGSV,4,1,13,25,82,073,18,32,64,320,16,12,42,047,24,28,39,291,15*75 (pico_gnss pico-gnss-rs/src/main.rs:483)
213.201700 [INFO ] NMEA $GPGSV,4,2,13,10,38,221,15,29,21,144,17,23,15,189,17,31,13,274,*7F (pico_gnss pico-gnss-rs/src/main.rs:483)
213.260100 [INFO ] NMEA $GPGSV,4,3,13,24,12,083,,26,04,226,,193,,,,194,,,*73 (pico_gnss pico-gnss-rs/src/main.rs:483)
213.289367 [INFO ] NMEA $GPGSV,4,4,13,195,,,*46 (pico_gnss pico-gnss-rs/src/main.rs:483)
213.347852 [INFO ] NMEA $GLGSV,2,1,08,72,71,155,,75,66,277,,65,51,326,,74,44,027,*6A (pico_gnss pico-gnss-rs/src/main.rs:483)
213.410376 [INFO ] NMEA $GLGSV,2,2,08,71,17,151,,76,17,235,,66,03,329,,73,01,045,16*63 (pico_gnss pico-gnss-rs/src/main.rs:483)
213.442453 [INFO ] PPSGEN count=208 interval_ns=1000002304 dev_ns=2304 phase_ns=-1985316 hwphase_ns=-352 trim_ppb=-54 cfg=2 p_ns=0 d_ns=-8 (pico_gnss pico-gnss-rs/src/main.rs:330)
213.444157 [INFO ] PPS count=208 interval_us=1000002 interval_ns=1000002336 state=Locked missed=0 (pico_gnss pico-gnss-rs/src/main.rs:203)
213.497829 [INFO ] NMEA $GNRMC,131347.000,A,0000.0000,N,00000.0000,E,0.20,313.78,080626,,,A*76 (pico_gnss pico-gnss-rs/src/main.rs:483)
213.500435 [INFO ] SYNC pps_local_us=207000481 unix_s=1780924427 drift_us=2 err_ns=15 holdover_ms=1000 (pico_gnss pico-gnss-rs/src/main.rs:514)
213.527396 [INFO ] NMEA $GPVTG,313.78,T,,M,0.20,N,0.38,K,A*3A (pico_gnss pico-gnss-rs/src/main.rs:483)
213.556442 [INFO ] NMEA $GPZDA,131347.000,08,06,2026,,*5D (pico_gnss pico-gnss-rs/src/main.rs:483)
213.601152 [INFO ] NMEA $GPGST,131347.000,10,21,9.8,129.7,16,18,67*4B (pico_gnss pico-gnss-rs/src/main.rs:483)
213.723155 [INFO ] TIME unix_ns=1780924427278969353 ppb=2322 holdover_ms=278 locked=1 (pico_gnss pico-gnss-rs/src/main.rs:237)
213.899810 [INFO ] NMEA $GPGGA,131348.000,0000.0000,N,00000.0000,E,1,6,1.13,63.7,M,39.0,M,,*63 (pico_gnss pico-gnss-rs/src/main.rs:483)
213.958214 [INFO ] NMEA $GNGLL,0000.0000,N,00000.0000,E,131348.000,A,A*45 (pico_gnss pico-gnss-rs/src/main.rs:483)
214.016591 [INFO ] NMEA $GNGSA,A,3,10,28,12,29,32,23,,,,,,,1.49,1.13,0.97*1E (pico_gnss pico-gnss-rs/src/main.rs:483)
214.074828 [INFO ] NMEA $GNGSA,A,3,,,,,,,,,,,,,1.49,1.13,0.97*1D (pico_gnss pico-gnss-rs/src/main.rs:483)
214.133501 [INFO ] NMEA $GPGSV,4,1,13,25,82,073,18,32,64,320,16,12,42,047,24,28,39,291,15*75 (pico_gnss pico-gnss-rs/src/main.rs:483)
214.196250 [INFO ] NMEA $GPGSV,4,2,13,10,38,221,15,29,21,144,17,23,15,189,17,31,13,274,*7F (pico_gnss pico-gnss-rs/src/main.rs:483)
214.254662 [INFO ] NMEA $GPGSV,4,3,13,24,12,083,,26,04,226,,193,,,,194,,,*73 (pico_gnss pico-gnss-rs/src/main.rs:483)
214.283921 [INFO ] NMEA $GPGSV,4,4,13,195,,,*46 (pico_gnss pico-gnss-rs/src/main.rs:483)
214.342385 [INFO ] NMEA $GLGSV,2,1,08,72,71,155,,75,66,277,,65,51,326,,74,44,027,*6A (pico_gnss pico-gnss-rs/src/main.rs:483)
214.433629 [INFO ] NMEA $GLGSV,2,2,08,71,17,151,,76,17,235,,66,03,329,,73,01,045,16*63 (pico_gnss pico-gnss-rs/src/main.rs:483)
214.442461 [INFO ] PPSGEN count=209 interval_ns=1000002288 dev_ns=2288 phase_ns=-1977317 hwphase_ns=-400 trim_ppb=-51 cfg=2 p_ns=0 d_ns=-12 (pico_gnss pico-gnss-rs/src/main.rs:330)
214.444149 [INFO ] PPS count=209 interval_us=1000002 interval_ns=1000002320 state=Locked missed=0 (pico_gnss pico-gnss-rs/src/main.rs:203)
214.492375 [INFO ] NMEA $GNRMC,131348.000,A,0000.0000,N,00000.0000,E,0.11,313.78,080626,,,A*76 (pico_gnss pico-gnss-rs/src/main.rs:483)
214.494985 [INFO ] SYNC pps_local_us=208000483 unix_s=1780924428 drift_us=2 err_ns=-1 holdover_ms=1000 (pico_gnss pico-gnss-rs/src/main.rs:514)
214.521936 [INFO ] NMEA $GPVTG,313.78,T,,M,0.11,N,0.21,K,A*30 (pico_gnss pico-gnss-rs/src/main.rs:483)
214.579608 [INFO ] NMEA $GPZDA,131348.000,08,06,2026,,*52 (pico_gnss pico-gnss-rs/src/main.rs:483)
214.611445 [INFO ] NMEA $GPGST,131348.000,10,21,9.9,130.0,16,17,67*45 (pico_gnss pico-gnss-rs/src/main.rs:483)
214.724412 [INFO ] TIME unix_ns=1780924428280208350 ppb=2322 holdover_ms=280 locked=1 (pico_gnss pico-gnss-rs/src/main.rs:237)
214.914956 [INFO ] NMEA $GPGGA,131349.000,0000.0000,N,00000.0000,E,1,6,1.13,63.7,M,39.0,M,,*60 (pico_gnss pico-gnss-rs/src/main.rs:483)
214.973313 [INFO ] NMEA $GNGLL,0000.0000,N,00000.0000,E,131349.000,A,A*46 (pico_gnss pico-gnss-rs/src/main.rs:483)
215.031733 [INFO ] NMEA $GNGSA,A,3,10,28,12,29,32,23,,,,,,,1.49,1.13,0.97*1E (pico_gnss pico-gnss-rs/src/main.rs:483)
215.061255 [INFO ] NMEA $GNGSA,A,3,,,,,,,,,,,,,1.49,1.13,0.97*1D (pico_gnss pico-gnss-rs/src/main.rs:483)
215.148625 [INFO ] NMEA $GPGSV,4,1,13,25,82,073,18,32,64,320,16,12,42,047,24,28,39,291,16*76 (pico_gnss pico-gnss-rs/src/main.rs:483)
215.211382 [INFO ] NMEA $GPGSV,4,2,13,10,38,221,15,29,21,144,17,23,15,189,17,31,13,274,*7F (pico_gnss pico-gnss-rs/src/main.rs:483)
215.269811 [INFO ] NMEA $GPGSV,4,3,13,24,12,083,,26,04,226,,193,,,,194,,,*73 (pico_gnss pico-gnss-rs/src/main.rs:483)
215.299064 [INFO ] NMEA $GPGSV,4,4,13,195,,,*46 (pico_gnss pico-gnss-rs/src/main.rs:483)
215.357489 [INFO ] NMEA $GLGSV,2,1,08,72,71,155,,75,66,277,,65,51,326,,74,44,027,*6A (pico_gnss pico-gnss-rs/src/main.rs:483)
215.415936 [INFO ] NMEA $GLGSV,2,2,08,71,17,151,,76,17,235,,66,03,329,,73,01,045,16*63 (pico_gnss pico-gnss-rs/src/main.rs:483)
215.442458 [INFO ] PPSGEN count=210 interval_ns=1000002304 dev_ns=2304 phase_ns=-1985317 hwphase_ns=-416 trim_ppb=-48 cfg=2 p_ns=0 d_ns=-4 (pico_gnss pico-gnss-rs/src/main.rs:330)
215.444123 [INFO ] PPS count=210 interval_us=1000002 interval_ns=1000002352 state=Locked missed=0 (pico_gnss pico-gnss-rs/src/main.rs:203)
215.507400 [INFO ] NMEA $GNRMC,131349.000,A,0000.0000,N,00000.0000,E,0.05,313.78,080626,,,A*70 (pico_gnss pico-gnss-rs/src/main.rs:483)
215.510011 [INFO ] SYNC pps_local_us=209000486 unix_s=1780924429 drift_us=2 err_ns=30 holdover_ms=999 (pico_gnss pico-gnss-rs/src/main.rs:514)
215.537035 [INFO ] NMEA $GPVTG,313.78,T,,M,0.05,N,0.09,K,A*3F (pico_gnss pico-gnss-rs/src/main.rs:483)
215.566080 [INFO ] NMEA $GPZDA,131349.000,08,06,2026,,*53 (pico_gnss pico-gnss-rs/src/main.rs:483)
215.612891 [INFO ] NMEA $GPGST,131349.000,10,21,9.7,130.4,16,17,67*4E (pico_gnss pico-gnss-rs/src/main.rs:483)
215.725674 [INFO ] TIME unix_ns=1780924429281500347 ppb=2323 holdover_ms=281 locked=1 (pico_gnss pico-gnss-rs/src/main.rs:237)
215.916008 [INFO ] NMEA $GPGGA,131350.000,0000.0000,N,00000.0000,E,1,6,1.13,63.7,M,39.0,M,,*6A (pico_gnss pico-gnss-rs/src/main.rs:483)
215.964115 [INFO ] NMEA $GNGLL,0000.0000,N,00000.0000,E,131350.000,A,A*4C (pico_gnss pico-gnss-rs/src/main.rs:483)
216.022503 [INFO ] NMEA $GNGSA,A,3,10,28,12,29,32,23,,,,,,,1.49,1.13,0.97*1E (pico_gnss pico-gnss-rs/src/main.rs:483)
216.080841 [INFO ] NMEA $GNGSA,A,3,,,,,,,,,,,,,1.49,1.13,0.97*1D (pico_gnss pico-gnss-rs/src/main.rs:483)
216.139481 [INFO ] NMEA $GPGSV,4,1,13,25,82,073,18,32,64,320,16,12,42,047,24,28,39,291,16*76 (pico_gnss pico-gnss-rs/src/main.rs:483)
216.202241 [INFO ] NMEA $GPGSV,4,2,13,10,38,221,15,29,21,144,17,23,15,189,17,31,13,274,*7F (pico_gnss pico-gnss-rs/src/main.rs:483)
216.260663 [INFO ] NMEA $GPGSV,4,3,13,24,12,083,,26,04,226,,193,,,,194,,,*73 (pico_gnss pico-gnss-rs/src/main.rs:483)
216.289934 [INFO ] NMEA $GPGSV,4,4,13,195,,,*46 (pico_gnss pico-gnss-rs/src/main.rs:483)
216.348392 [INFO ] NMEA $GLGSV,2,1,08,72,71,155,,75,66,277,,65,51,326,,74,44,027,*6A (pico_gnss pico-gnss-rs/src/main.rs:483)
216.435544 [INFO ] NMEA $GLGSV,2,2,08,71,17,151,,76,17,235,,66,03,329,,73,01,045,16*63 (pico_gnss pico-gnss-rs/src/main.rs:483)
216.442452 [INFO ] PPSGEN count=211 interval_ns=1000002288 dev_ns=2288 phase_ns=-1966318 hwphase_ns=-480 trim_ppb=-45 cfg=2 p_ns=0 d_ns=-16 (pico_gnss pico-gnss-rs/src/main.rs:330)
216.444120 [INFO ] PPS count=211 interval_us=1000002 interval_ns=1000002320 state=Locked missed=0 (pico_gnss pico-gnss-rs/src/main.rs:203)
216.498303 [INFO ] NMEA $GNRMC,131350.000,A,0000.0000,N,00000.0000,E,0.68,242.86,080626,,,A*75 (pico_gnss pico-gnss-rs/src/main.rs:483)
216.500903 [INFO ] SYNC pps_local_us=210000488 unix_s=1780924430 drift_us=2 err_ns=-2 holdover_ms=999 (pico_gnss pico-gnss-rs/src/main.rs:514)
216.556390 [INFO ] NMEA $GPVTG,242.86,T,,M,0.68,N,1.25,K,A*3F (pico_gnss pico-gnss-rs/src/main.rs:483)
216.585710 [INFO ] NMEA $GPZDA,131350.000,08,06,2026,,*5B (pico_gnss pico-gnss-rs/src/main.rs:483)
216.615156 [INFO ] NMEA $GPGST,131350.000,10,21,9.8,130.9,16,17,68*4B (pico_gnss pico-gnss-rs/src/main.rs:483)
216.726963 [INFO ] TIME unix_ns=1780924430282752344 ppb=2323 holdover_ms=282 locked=1 (pico_gnss pico-gnss-rs/src/main.rs:237)
216.917046 [INFO ] NMEA $GPGGA,131351.000,0000.0000,N,00000.0000,E,1,6,1.13,63.6,M,39.0,M,,*62 (pico_gnss pico-gnss-rs/src/main.rs:483)
216.978436 [INFO ] NMEA $GNGLL,0000.0000,N,00000.0000,E,131351.000,A,A*45 (pico_gnss pico-gnss-rs/src/main.rs:483)
217.036900 [INFO ] NMEA $GNGSA,A,3,10,28,12,29,32,23,,,,,,,1.49,1.13,0.97*1E (pico_gnss pico-gnss-rs/src/main.rs:483)
217.066416 [INFO ] NMEA $GNGSA,A,3,,,,,,,,,,,,,1.49,1.13,0.97*1D (pico_gnss pico-gnss-rs/src/main.rs:483)
217.153774 [INFO ] NMEA $GPGSV,4,1,13,25,82,073,18,32,64,320,16,12,42,047,24,28,39,291,16*76 (pico_gnss pico-gnss-rs/src/main.rs:483)
217.216527 [INFO ] NMEA $GPGSV,4,2,13,10,38,221,15,29,21,144,17,23,15,189,17,31,13,274,*7F (pico_gnss pico-gnss-rs/src/main.rs:483)
217.274945 [INFO ] NMEA $GPGSV,4,3,13,24,12,083,,26,04,226,,193,,,,194,,,*73 (pico_gnss pico-gnss-rs/src/main.rs:483)
217.304220 [INFO ] NMEA $GPGSV,4,4,13,195,,,*46 (pico_gnss pico-gnss-rs/src/main.rs:483)
217.362636 [INFO ] NMEA $GLGSV,2,1,08,72,71,155,,75,66,277,,65,51,326,,74,44,027,*6A (pico_gnss pico-gnss-rs/src/main.rs:483)
217.421105 [INFO ] NMEA $GLGSV,2,2,08,71,17,151,,76,17,235,,66,03,329,,73,01,045,16*63 (pico_gnss pico-gnss-rs/src/main.rs:483)
217.442479 [INFO ] PPSGEN count=212 interval_ns=1000002304 dev_ns=2304 phase_ns=-1959317 hwphase_ns=-496 trim_ppb=-42 cfg=2 p_ns=0 d_ns=-4 (pico_gnss pico-gnss-rs/src/main.rs:330)
217.444157 [INFO ] PPS count=212 interval_us=1000002 interval_ns=1000002336 state=Locked missed=0 (pico_gnss pico-gnss-rs/src/main.rs:203)
217.512533 [INFO ] NMEA $GNRMC,131351.000,A,0000.0000,N,00000.0000,E,1.03,128.47,080626,,,A*72 (pico_gnss pico-gnss-rs/src/main.rs:483)
217.515143 [INFO ] SYNC pps_local_us=211000490 unix_s=1780924431 drift_us=2 err_ns=14 holdover_ms=1000 (pico_gnss pico-gnss-rs/src/main.rs:514)
217.542199 [INFO ] NMEA $GPVTG,128.47,T,,M,1.03,N,1.91,K,A*3E (pico_gnss pico-gnss-rs/src/main.rs:483)
217.571268 [INFO ] NMEA $GPZDA,131351.000,08,06,2026,,*5A (pico_gnss pico-gnss-rs/src/main.rs:483)
217.620138 [INFO ] NMEA $GPGST,131351.000,10,21,9.7,130.8,16,17,67*4B (pico_gnss pico-gnss-rs/src/main.rs:483)
217.728237 [INFO ] TIME unix_ns=1780924431284021341 ppb=2323 holdover_ms=284 locked=1 (pico_gnss pico-gnss-rs/src/main.rs:237)
217.921029 [INFO ] NMEA $GPGGA,131352.000,0000.0000,N,00000.0000,E,1,6,1.13,63.7,M,39.0,M,,*63 (pico_gnss pico-gnss-rs/src/main.rs:483)
217.967021 [INFO ] NMEA $GNGLL,0000.0000,N,00000.0000,E,131352.000,A,A*45 (pico_gnss pico-gnss-rs/src/main.rs:483)
218.025468 [INFO ] NMEA $GNGSA,A,3,10,28,12,29,32,23,,,,,,,1.49,1.13,0.97*1E (pico_gnss pico-gnss-rs/src/main.rs:483)
218.083679 [INFO ] NMEA $GNGSA,A,3,,,,,,,,,,,,,1.49,1.13,0.97*1D (pico_gnss pico-gnss-rs/src/main.rs:483)
218.142361 [INFO ] NMEA $GPGSV,4,1,13,25,82,073,18,32,64,320,16,12,42,047,24,28,39,291,16*76 (pico_gnss pico-gnss-rs/src/main.rs:483)
218.229698 [INFO ] NMEA $GPGSV,4,2,13,10,38,221,15,29,21,144,17,23,15,189,17,31,13,274,*7F (pico_gnss pico-gnss-rs/src/main.rs:483)
218.263532 [INFO ] NMEA $GPGSV,4,3,13,24,12,083,,26,04,226,,193,,,,194,,,*73 (pico_gnss pico-gnss-rs/src/main.rs:483)
218.292791 [INFO ] NMEA $GPGSV,4,4,13,195,,,*46 (pico_gnss pico-gnss-rs/src/main.rs:483)
218.379894 [INFO ] NMEA $GLGSV,2,1,08,72,71,155,,75,66,277,,65,51,326,,74,44,027,*6A (pico_gnss pico-gnss-rs/src/main.rs:483)
218.438429 [INFO ] NMEA $GLGSV,2,2,08,71,17,151,,76,17,235,,66,03,329,,73,01,045,16*63 (pico_gnss pico-gnss-rs/src/main.rs:483)
218.442482 [INFO ] PPSGEN count=213 interval_ns=1000002304 dev_ns=2304 phase_ns=-1989318 hwphase_ns=-528 trim_ppb=-38 cfg=2 p_ns=-33 d_ns=-8 (pico_gnss pico-gnss-rs/src/main.rs:330)
218.444230 [INFO ] PPS count=213 interval_us=1000002 interval_ns=1000002336 state=Locked missed=0 (pico_gnss pico-gnss-rs/src/main.rs:203)
218.501136 [INFO ] NMEA $GNRMC,131352.000,A,0000.0000,N,00000.0000,E,1.06,115.62,080626,,,A*7E (pico_gnss pico-gnss-rs/src/main.rs:483)
218.503749 [INFO ] SYNC pps_local_us=212000493 unix_s=1780924432 drift_us=2 err_ns=13 holdover_ms=1000 (pico_gnss pico-gnss-rs/src/main.rs:514)
218.559226 [INFO ] NMEA $GPVTG,115.62,T,,M,1.06,N,1.97,K,A*34 (pico_gnss pico-gnss-rs/src/main.rs:483)
218.588527 [INFO ] NMEA $GPZDA,131352.000,08,06,2026,,*59 (pico_gnss pico-gnss-rs/src/main.rs:483)
218.623868 [INFO ] NMEA $GPGST,131352.000,10,21,9.8,130.8,16,17,67*47 (pico_gnss pico-gnss-rs/src/main.rs:483)
218.729516 [INFO ] TIME unix_ns=1780924432285236338 ppb=2323 holdover_ms=285 locked=1 (pico_gnss pico-gnss-rs/src/main.rs:237)
218.911817 [INFO ] NMEA $GPGGA,131353.000,0000.0000,N,00000.0000,E,1,6,1.13,63.5,M,39.0,M,,*6C (pico_gnss pico-gnss-rs/src/main.rs:483)
218.971155 [INFO ] NMEA $GNGLL,0000.0000,N,00000.0000,E,131353.000,A,A*48 (pico_gnss pico-gnss-rs/src/main.rs:483)
219.029597 [INFO ] NMEA $GNGSA,A,3,10,28,12,29,32,23,,,,,,,1.49,1.13,0.97*1E (pico_gnss pico-gnss-rs/src/main.rs:483)
219.059141 [INFO ] NMEA $GNGSA,A,3,,,,,,,,,,,,,1.49,1.13,0.97*1D (pico_gnss pico-gnss-rs/src/main.rs:483)
219.146488 [INFO ] NMEA $GPGSV,4,1,13,25,82,073,18,32,64,320,16,12,42,047,24,28,39,291,16*76 (pico_gnss pico-gnss-rs/src/main.rs:483)
219.205123 [INFO ] NMEA $GPGSV,4,2,13,10,38,221,15,29,21,144,17,23,15,189,17,31,13,274,*7F (pico_gnss pico-gnss-rs/src/main.rs:483)
219.267647 [INFO ] NMEA $GPGSV,4,3,13,24,12,083,,26,04,226,,193,,,,194,,,*73 (pico_gnss pico-gnss-rs/src/main.rs:483)
219.296910 [INFO ] NMEA $GPGSV,4,4,13,195,,,*46 (pico_gnss pico-gnss-rs/src/main.rs:483)
219.355359 [INFO ] NMEA $GLGSV,2,1,08,72,71,155,,75,66,277,,65,51,326,,74,44,027,*6A (pico_gnss pico-gnss-rs/src/main.rs:483)
219.413826 [INFO ] NMEA $GLGSV,2,2,08,71,17,151,,76,17,235,,66,03,329,,73,01,045,16*63 (pico_gnss pico-gnss-rs/src/main.rs:483)
219.442488 [INFO ] PPSGEN count=214 interval_ns=1000002304 dev_ns=2304 phase_ns=-2057318 hwphase_ns=-560 trim_ppb=-34 cfg=2 p_ns=-35 d_ns=-8 (pico_gnss pico-gnss-rs/src/main.rs:330)
219.444236 [INFO ] PPS count=214 interval_us=1000002 interval_ns=1000002336 state=Locked missed=0 (pico_gnss pico-gnss-rs/src/main.rs:203)
219.505251 [INFO ] NMEA $GNRMC,131353.000,A,0000.0000,N,00000.0000,E,1.62,103.44,080626,,,A*72 (pico_gnss pico-gnss-rs/src/main.rs:483)
219.507862 [INFO ] SYNC pps_local_us=213000495 unix_s=1780924433 drift_us=2 err_ns=13 holdover_ms=1000 (pico_gnss pico-gnss-rs/src/main.rs:514)
219.534921 [INFO ] NMEA $GPVTG,103.44,T,,M,1.62,N,3.00,K,A*39 (pico_gnss pico-gnss-rs/src/main.rs:483)
219.564003 [INFO ] NMEA $GPZDA,131353.000,08,06,2026,,*58 (pico_gnss pico-gnss-rs/src/main.rs:483)
219.614940 [INFO ] NMEA $GPGST,131353.000,10,21,9.9,130.8,16,17,67*47 (pico_gnss pico-gnss-rs/src/main.rs:483)
219.730786 [INFO ] TIME unix_ns=1780924433286491335 ppb=2324 holdover_ms=286 locked=1 (pico_gnss pico-gnss-rs/src/main.rs:237)
219.909101 [INFO ] NMEA $GPGGA,131354.000,0000.0000,N,00000.0000,E,1,6,1.13,63.3,M,39.0,M,,*6F (pico_gnss pico-gnss-rs/src/main.rs:483)
219.967399 [INFO ] NMEA $GNGLL,0000.0000,N,00000.0000,E,131354.000,A,A*4D (pico_gnss pico-gnss-rs/src/main.rs:483)
220.011460 [INFO ] NMEA $GNGSA,A,3,10,28,12,29,32,23,,,,,,,1.49,1.13,0.97*1E (pico_gnss pico-gnss-rs/src/main.rs:483)
220.069678 [INFO ] NMEA $GNGSA,A,3,,,,,,,,,,,,,1.49,1.13,0.97*1D (pico_gnss pico-gnss-rs/src/main.rs:483)
220.128377 [INFO ] NMEA $GPGSV,4,1,13,25,82,073,18,32,64,320,16,12,42,047,24,28,39,291,16*76 (pico_gnss pico-gnss-rs/src/main.rs:483)
220.215797 [INFO ] NMEA $GPGSV,4,2,13,10,38,221,15,29,21,144,17,23,15,189,17,31,13,274,*7F (pico_gnss pico-gnss-rs/src/main.rs:483)
220.249553 [INFO ] NMEA $GPGSV,4,3,13,24,12,083,,26,04,226,,193,,,,194,,,*73 (pico_gnss pico-gnss-rs/src/main.rs:483)
220.278828 [INFO ] NMEA $GPGSV,4,4,13,195,,,*46 (pico_gnss pico-gnss-rs/src/main.rs:483)
220.365994 [INFO ] NMEA $GLGSV,2,1,08,72,71,155,,75,66,277,,65,51,326,,74,44,027,*6A (pico_gnss pico-gnss-rs/src/main.rs:483)
220.424488 [INFO ] NMEA $GLGSV,2,2,08,71,17,151,,76,17,235,,66,03,329,,73,01,045,16*63 (pico_gnss pico-gnss-rs/src/main.rs:483)
220.442477 [INFO ] PPSGEN count=215 interval_ns=1000002352 dev_ns=2352 phase_ns=-2068318 hwphase_ns=-544 trim_ppb=-30 cfg=2 p_ns=-34 d_ns=4 (pico_gnss pico-gnss-rs/src/main.rs:330)
220.444179 [INFO ] PPS count=215 interval_us=1000002 interval_ns=1000002320 state=Locked missed=0 (pico_gnss pico-gnss-rs/src/main.rs:203)
220.483179 [INFO ] NMEA $GNRMC,131354.000,A,0000.0000,N,00000.0000,E,0.73,112.32,080626,,,A*77 (pico_gnss pico-gnss-rs/src/main.rs:483)
220.485761 [INFO ] SYNC pps_local_us=214000497 unix_s=1780924434 drift_us=2 err_ns=-3 holdover_ms=999 (pico_gnss pico-gnss-rs/src/main.rs:514)
220.545242 [INFO ] NMEA $GPVTG,112.32,T,,M,0.73,N,1.36,K,A*3E (pico_gnss pico-gnss-rs/src/main.rs:483)
220.574600 [INFO ] NMEA $GPZDA,131354.000,08,06,2026,,*5F (pico_gnss pico-gnss-rs/src/main.rs:483)
220.611997 [INFO ] NMEA $GPGST,131354.000,10,21,9.8,131.0,16,17,67*48 (pico_gnss pico-gnss-rs/src/main.rs:483)
220.732054 [INFO ] TIME unix_ns=1780924434287815332 ppb=2324 holdover_ms=287 locked=1 (pico_gnss pico-gnss-rs/src/main.rs:237)
220.912889 [INFO ] NMEA $GPGGA,131355.000,0000.0000,N,00000.0000,E,1,6,1.13,63.1,M,39.0,M,,*6D (pico_gnss pico-gnss-rs/src/main.rs:483)
220.971255 [INFO ] NMEA $GNGLL,0000.0000,N,00000.0000,E,131355.000,A,A*4D (pico_gnss pico-gnss-rs/src/main.rs:483)
221.028689 [INFO ] NMEA $GNGSA,A,3,10,28,12,29,32,23,,,,,,,1.49,1.13,0.97*1E (pico_gnss pico-gnss-rs/src/main.rs:483)
221.058170 [INFO ] NMEA $GNGSA,A,3,,,,,,,,,,,,,1.49,1.13,0.97*1D (pico_gnss pico-gnss-rs/src/main.rs:483)
221.145570 [INFO ] NMEA $GPGSV,4,1,13,25,82,073,18,32,64,320,16,12,42,047,24,28,39,291,16*76 (pico_gnss pico-gnss-rs/src/main.rs:483)
221.204217 [INFO ] NMEA $GPGSV,4,2,13,10,38,221,15,29,21,144,18,23,15,189,17,31,13,274,*70 (pico_gnss pico-gnss-rs/src/main.rs:483)
221.266776 [INFO ] NMEA $GPGSV,4,3,13,24,12,083,14,26,04,226,,193,,,,194,,,*76 (pico_gnss pico-gnss-rs/src/main.rs:483)
221.296062 [INFO ] NMEA $GPGSV,4,4,13,195,,,*46 (pico_gnss pico-gnss-rs/src/main.rs:483)
221.354476 [INFO ] NMEA $GLGSV,2,1,08,72,71,155,,75,66,277,,65,51,326,,74,44,027,*6A (pico_gnss pico-gnss-rs/src/main.rs:483)
221.412909 [INFO ] NMEA $GLGSV,2,2,08,71,17,151,,76,17,235,,66,03,329,,73,01,045,16*63 (pico_gnss pico-gnss-rs/src/main.rs:483)
221.442657 [INFO ] PPSGEN count=216 interval_ns=1000002352 dev_ns=2352 phase_ns=-1849319 hwphase_ns=-512 trim_ppb=-26 cfg=2 p_ns=-32 d_ns=8 (pico_gnss pico-gnss-rs/src/main.rs:330)
221.444346 [INFO ] PPS count=216 interval_us=1000002 interval_ns=1000002336 state=Locked missed=0 (pico_gnss pico-gnss-rs/src/main.rs:203)
221.500296 [INFO ] NMEA $GNRMC,131355.000,A,0000.0000,N,00000.0000,E,0.77,105.52,080626,,,A*73 (pico_gnss pico-gnss-rs/src/main.rs:483)
221.502910 [INFO ] SYNC pps_local_us=215000500 unix_s=1780924435 drift_us=2 err_ns=12 holdover_ms=1000 (pico_gnss pico-gnss-rs/src/main.rs:514)
221.533785 [INFO ] NMEA $GPVTG,105.52,T,,M,0.77,N,1.42,K,A*39 (pico_gnss pico-gnss-rs/src/main.rs:483)
221.591688 [INFO ] NMEA $GPZDA,131355.000,08,06,2026,,*5E (pico_gnss pico-gnss-rs/src/main.rs:483)
221.618286 [INFO ] NMEA $GPGST,131355.000,10,21,9.9,130.2,15,17,67*48 (pico_gnss pico-gnss-rs/src/main.rs:483)
221.733316 [INFO ] TIME unix_ns=1780924435288914329 ppb=2324 holdover_ms=288 locked=1 (pico_gnss pico-gnss-rs/src/main.rs:237)
221.929891 [INFO ] NMEA $GPGGA,131356.000,0000.0000,N,00000.0000,E,1,6,1.13,63.0,M,39.0,M,,*68 (pico_gnss pico-gnss-rs/src/main.rs:483)
221.988217 [INFO ] NMEA $GNGLL,0000.0000,N,00000.0000,E,131356.000,A,A*49 (pico_gnss pico-gnss-rs/src/main.rs:483)
222.028159 [INFO ] NMEA $GNGSA,A,3,10,28,12,29,32,23,,,,,,,1.49,1.13,0.97*1E (pico_gnss pico-gnss-rs/src/main.rs:483)
222.086340 [INFO ] NMEA $GNGSA,A,3,,,,,,,,,,,,,1.49,1.13,0.97*1D (pico_gnss pico-gnss-rs/src/main.rs:483)
222.145054 [INFO ] NMEA $GPGSV,4,1,13,25,82,073,18,32,64,320,16,12,42,047,24,28,39,291,15*75 (pico_gnss pico-gnss-rs/src/main.rs:483)
222.232460 [INFO ] NMEA $GPGSV,4,2,13,10,38,221,15,29,21,144,18,23,15,189,17,31,13,274,*70 (pico_gnss pico-gnss-rs/src/main.rs:483)
222.295011 [INFO ] NMEA $GPGSV,4,3,13,24,12,083,15,26,04,226,,193,,,,194,,,*77 (pico_gnss pico-gnss-rs/src/main.rs:483)
222.324235 [INFO ] NMEA $GPGSV,4,4,13,195,,,*46 (pico_gnss pico-gnss-rs/src/main.rs:483)
222.382646 [INFO ] NMEA $GLGSV,2,1,08,72,71,155,,75,66,277,,65,51,326,,74,44,027,*6A (pico_gnss pico-gnss-rs/src/main.rs:483)
222.441110 [INFO ] NMEA $GLGSV,2,2,08,71,17,151,,76,17,235,,66,03,329,,73,01,045,16*63 (pico_gnss pico-gnss-rs/src/main.rs:483)
222.443325 [INFO ] PPSGEN count=217 interval_ns=1000002336 dev_ns=2336 phase_ns=-1303320 hwphase_ns=-512 trim_ppb=-22 cfg=2 p_ns=-32 d_ns=0 (pico_gnss pico-gnss-rs/src/main.rs:330)
222.445007 [INFO ] PPS count=217 interval_us=1000002 interval_ns=1000002320 state=Locked missed=0 (pico_gnss pico-gnss-rs/src/main.rs:203)
222.528440 [INFO ] NMEA $GNRMC,131356.000,A,0000.0000,N,00000.0000,E,0.88,90.98,080626,,,A*4C (pico_gnss pico-gnss-rs/src/main.rs:483)
222.531039 [INFO ] SYNC pps_local_us=216000502 unix_s=1780924436 drift_us=2 err_ns=-3 holdover_ms=1000 (pico_gnss pico-gnss-rs/src/main.rs:514)
222.561930 [INFO ] NMEA $GPVTG,90.98,T,,M,0.88,N,1.63,K,A*01 (pico_gnss pico-gnss-rs/src/main.rs:483)
222.591230 [INFO ] NMEA $GPZDA,131356.000,08,06,2026,,*5D (pico_gnss pico-gnss-rs/src/main.rs:483)
222.631743 [INFO ] NMEA $GPGST,131356.000,10,21,10,130.1,15,17,67*67 (pico_gnss pico-gnss-rs/src/main.rs:483)
222.734584 [INFO ] TIME unix_ns=1780924436289541328 ppb=2324 holdover_ms=289 locked=1 (pico_gnss pico-gnss-rs/src/main.rs:237)
222.891829 [INFO ] NMEA $GPGGA,131357.000,0000.0000,N,00000.0000,E,1,6,1.13,62.9,M,39.0,M,,*66 (pico_gnss pico-gnss-rs/src/main.rs:483)
222.950179 [INFO ] NMEA $GNGLL,0000.0000,N,00000.0000,E,131357.000,A,A*4F (pico_gnss pico-gnss-rs/src/main.rs:483)
223.004457 [INFO ] NMEA $GNGSA,A,3,10,28,12,29,32,23,,,,,,,1.49,1.13,0.97*1E (pico_gnss pico-gnss-rs/src/main.rs:483)
223.033981 [INFO ] NMEA $GNGSA,A,3,,,,,,,,,,,,,1.49,1.13,0.97*1D (pico_gnss pico-gnss-rs/src/main.rs:483)
223.121350 [INFO ] NMEA $GPGSV,4,1,13,25,82,073,18,32,64,320,16,12,42,047,23,28,39,291,15*72 (pico_gnss pico-gnss-rs/src/main.rs:483)
223.180032 [INFO ] NMEA $GPGSV,4,2,13,10,38,221,15,29,21,144,18,23,15,189,17,31,13,274,*70 (pico_gnss pico-gnss-rs/src/main.rs:483)
223.238466 [INFO ] NMEA $GPGSV,4,3,13,24,12,083,13,26,04,226,,193,,,,194,,,*71 (pico_gnss pico-gnss-rs/src/main.rs:483)
223.271746 [INFO ] NMEA $GPGSV,4,4,13,195,,,*46 (pico_gnss pico-gnss-rs/src/main.rs:483)
223.330320 [INFO ] NMEA $GLGSV,2,1,08,72,71,155,,75,66,277,,65,51,326,,74,44,027,*6A (pico_gnss pico-gnss-rs/src/main.rs:483)
223.417487 [INFO ] NMEA $GLGSV,2,2,08,71,17,151,,76,17,235,,66,03,329,,73,01,045,16*63 (pico_gnss pico-gnss-rs/src/main.rs:483)
223.442472 [INFO ] PPSGEN count=218 interval_ns=1000002336 dev_ns=2336 phase_ns=-2818317 hwphase_ns=-496 trim_ppb=-19 cfg=2 p_ns=0 d_ns=4 (pico_gnss pico-gnss-rs/src/main.rs:330)
223.444090 [INFO ] PPS count=218 interval_us=1000002 interval_ns=1000002336 state=Locked missed=0 (pico_gnss pico-gnss-rs/src/main.rs:203)
223.476205 [INFO ] NMEA $GNRMC,131357.000,A,0000.0000,N,00000.0000,E,0.66,78.27,080626,,,A*48 (pico_gnss pico-gnss-rs/src/main.rs:483)
223.478790 [INFO ] SYNC pps_local_us=217000504 unix_s=1780924437 drift_us=2 err_ns=12 holdover_ms=999 (pico_gnss pico-gnss-rs/src/main.rs:514)
223.505736 [INFO ] NMEA $GPVTG,78.27,T,,M,0.66,N,1.22,K,A*06 (pico_gnss pico-gnss-rs/src/main.rs:483)
223.567521 [INFO ] NMEA $GPZDA,131357.000,08,06,2026,,*5C (pico_gnss pico-gnss-rs/src/main.rs:483)
223.594107 [INFO ] NMEA $GPGST,131357.000,10,21,10,130.0,15,17,68*68 (pico_gnss pico-gnss-rs/src/main.rs:483)
223.735840 [INFO ] TIME unix_ns=1780924437291700323 ppb=2324 holdover_ms=291 locked=1 (pico_gnss pico-gnss-rs/src/main.rs:237)
223.900943 [INFO ] NMEA $GPGGA,131358.000,0000.0000,N,00000.0000,E,1,7,1.00,62.5,M,39.0,M,,*65 (pico_gnss pico-gnss-rs/src/main.rs:483)
223.959320 [INFO ] NMEA $GNGLL,0000.0000,N,00000.0000,E,131358.000,A,A*43 (pico_gnss pico-gnss-rs/src/main.rs:483)
224.017698 [INFO ] NMEA $GNGSA,A,3,24,10,28,12,29,32,23,,,,,,1.37,1.00,0.94*10 (pico_gnss pico-gnss-rs/src/main.rs:483)
224.057446 [INFO ] NMEA $GNGSA,A,3,,,,,,,,,,,,,1.37,1.00,0.94*15 (pico_gnss pico-gnss-rs/src/main.rs:483)
224.116146 [INFO ] NMEA $GPGSV,4,1,13,25,82,073,18,32,64,320,16,12,42,047,23,28,39,291,15*72 (pico_gnss pico-gnss-rs/src/main.rs:483)
224.203564 [INFO ] NMEA $GPGSV,4,2,13,10,38,221,15,29,21,144,18,23,15,189,17,31,13,274,*70 (pico_gnss pico-gnss-rs/src/main.rs:483)
224.261982 [INFO ] NMEA $GPGSV,4,3,13,24,12,083,14,26,04,226,,193,,,,194,,,*76 (pico_gnss pico-gnss-rs/src/main.rs:483)
224.295298 [INFO ] NMEA $GPGSV,4,4,13,195,,,*46 (pico_gnss pico-gnss-rs/src/main.rs:483)
224.353844 [INFO ] NMEA $GLGSV,2,1,08,72,71,155,,75,66,277,,65,51,326,,74,44,027,*6A (pico_gnss pico-gnss-rs/src/main.rs:483)
224.412280 [INFO ] NMEA $GLGSV,2,2,08,71,17,151,,76,17,235,,66,03,329,,73,01,045,16*63 (pico_gnss pico-gnss-rs/src/main.rs:483)
224.442489 [INFO ] PPSGEN count=219 interval_ns=1000002352 dev_ns=2352 phase_ns=-1908319 hwphase_ns=-480 trim_ppb=-16 cfg=2 p_ns=0 d_ns=4 (pico_gnss pico-gnss-rs/src/main.rs:330)
224.444132 [INFO ] PPS count=219 interval_us=1000002 interval_ns=1000002320 state=Locked missed=0 (pico_gnss pico-gnss-rs/src/main.rs:203)
224.499703 [INFO ] NMEA $GNRMC,131358.000,A,0000.0000,N,00000.0000,E,0.88,152.19,080626,,,A*70 (pico_gnss pico-gnss-rs/src/main.rs:483)
224.502309 [INFO ] SYNC pps_local_us=218000507 unix_s=1780924438 drift_us=2 err_ns=-4 holdover_ms=1000 (pico_gnss pico-gnss-rs/src/main.rs:514)
224.529281 [INFO ] NMEA $GPVTG,152.19,T,,M,0.88,N,1.63,K,A*37 (pico_gnss pico-gnss-rs/src/main.rs:483)
224.562329 [INFO ] NMEA $GPZDA,131358.000,08,06,2026,,*53 (pico_gnss pico-gnss-rs/src/main.rs:483)
224.608183 [INFO ] NMEA $GPGST,131358.000,10,20,9.9,127.4,15,17,57*47 (pico_gnss pico-gnss-rs/src/main.rs:483)
224.737107 [INFO ] TIME unix_ns=1780924438292935320 ppb=2324 holdover_ms=292 locked=1 (pico_gnss pico-gnss-rs/src/main.rs:237)
224.925098 [INFO ] NMEA $GPGGA,131359.000,0000.0000,N,00000.0000,E,1,7,1.00,62.2,M,39.0,M,,*69 (pico_gnss pico-gnss-rs/src/main.rs:483)
224.983428 [INFO ] NMEA $GNGLL,0000.0000,N,00000.0000,E,131359.000,A,A*48 (pico_gnss pico-gnss-rs/src/main.rs:483)
225.041872 [INFO ] NMEA $GNGSA,A,3,24,10,28,12,29,32,23,,,,,,1.37,1.00,0.94*10 (pico_gnss pico-gnss-rs/src/main.rs:483)
225.090855 [INFO ] NMEA $GNGSA,A,3,,,,,,,,,,,,,1.37,1.00,0.94*15 (pico_gnss pico-gnss-rs/src/main.rs:483)
225.149517 [INFO ] NMEA $GPGSV,4,1,13,25,82,073,19,32,64,320,16,12,42,047,23,28,39,291,15*73 (pico_gnss pico-gnss-rs/src/main.rs:483)
225.236927 [INFO ] NMEA $GPGSV,4,2,13,10,38,221,16,29,21,144,18,23,15,189,17,31,13,274,*73 (pico_gnss pico-gnss-rs/src/main.rs:483)
225.295411 [INFO ] NMEA $GPGSV,4,3,13,24,12,083,14,26,04,226,,193,,,,194,,,*76 (pico_gnss pico-gnss-rs/src/main.rs:483)
225.296777 [INFO ] NMEA $GPGSV,4,4,13,195,,,*46 (pico_gnss pico-gnss-rs/src/main.rs:483)
225.387084 [INFO ] NMEA $GLGSV,2,1,08,72,71,155,,75,66,277,,65,51,326,,74,44,027,*6A (pico_gnss pico-gnss-rs/src/main.rs:483)
225.442473 [INFO ] PPSGEN count=220 interval_ns=1000002336 dev_ns=2336 phase_ns=-1962319 hwphase_ns=-464 trim_ppb=-13 cfg=2 p_ns=0 d_ns=4 (pico_gnss pico-gnss-rs/src/main.rs:330)
225.444120 [INFO ] PPS count=220 interval_us=1000002 interval_ns=1000002336 state=Locked missed=0 (pico_gnss pico-gnss-rs/src/main.rs:203)
225.446023 [INFO ] NMEA $GLGSV,2,2,08,71,17,151,,76,17,235,,66,03,329,,73,01,045,15*60 (pico_gnss pico-gnss-rs/src/main.rs:483)
225.504198 [INFO ] NMEA $GNRMC,131359.000,A,0000.0000,N,00000.0000,E,0.48,152.19,080626,,,A*77 (pico_gnss pico-gnss-rs/src/main.rs:483)
225.506778 [INFO ] SYNC pps_local_us=219000509 unix_s=1780924439 drift_us=2 err_ns=12 holdover_ms=999 (pico_gnss pico-gnss-rs/src/main.rs:514)
225.562304 [INFO ] NMEA $GPVTG,152.19,T,,M,0.48,N,0.88,K,A*3F (pico_gnss pico-gnss-rs/src/main.rs:483)
225.595660 [INFO ] NMEA $GPZDA,131359.000,08,06,2026,,*52 (pico_gnss pico-gnss-rs/src/main.rs:483)
225.632103 [INFO ] NMEA $GPGST,131359.000,10,20,9.9,127.9,15,17,58*44 (pico_gnss pico-gnss-rs/src/main.rs:483)
225.738389 [INFO ] TIME unix_ns=1780924439294206317 ppb=2325 holdover_ms=294 locked=1 (pico_gnss pico-gnss-rs/src/main.rs:237)
225.786509 [INFO ] NMEA $GPGGA,131400.000,0000.0000,N,00000.0000,E,1,7,1.00,61.8,M,39.0,M,,*63 (pico_gnss pico-gnss-rs/src/main.rs:483)
225.844797 [INFO ] NMEA $GNGLL,0000.0000,N,00000.0000,E,131400.000,A,A*4B (pico_gnss pico-gnss-rs/src/main.rs:483)
225.903273 [INFO ] NMEA $GNGSA,A,3,24,10,28,12,29,32,23,,,,,,1.37,1.00,0.94*10 (pico_gnss pico-gnss-rs/src/main.rs:483)
225.932757 [INFO ] NMEA $GNGSA,A,3,,,,,,,,,,,,,1.37,1.00,0.94*15 (pico_gnss pico-gnss-rs/src/main.rs:483)
226.020136 [INFO ] NMEA $GPGSV,4,1,13,25,82,073,19,32,64,320,16,12,42,047,22,28,39,291,15*72 (pico_gnss pico-gnss-rs/src/main.rs:483)
226.078775 [INFO ] NMEA $GPGSV,4,2,13,10,38,221,16,29,21,144,18,23,15,189,17,31,13,274,*73 (pico_gnss pico-gnss-rs/src/main.rs:483)
226.137270 [INFO ] NMEA $GPGSV,4,3,13,24,12,083,15,26,04,226,,193,,,,194,,,*77 (pico_gnss pico-gnss-rs/src/main.rs:483)
226.166479 [INFO ] NMEA $GPGSV,4,4,13,195,,,*46 (pico_gnss pico-gnss-rs/src/main.rs:483)
226.229063 [INFO ] NMEA $GLGSV,2,1,08,72,71,155,,75,66,277,,65,51,326,,74,44,027,*6A (pico_gnss pico-gnss-rs/src/main.rs:483)
226.316384 [INFO ] NMEA $GLGSV,2,2,08,71,17,151,,76,17,235,,66,03,329,,73,01,045,15*60 (pico_gnss pico-gnss-rs/src/main.rs:483)
226.375032 [INFO ] NMEA $GNRMC,131400.000,A,0000.0000,N,00000.0000,E,0.77,39.59,080626,,,A*40 (pico_gnss pico-gnss-rs/src/main.rs:483)
226.404599 [INFO ] NMEA $GPVTG,39.59,T,,M,0.77,N,1.43,K,A*0D (pico_gnss pico-gnss-rs/src/main.rs:483)
226.442516 [INFO ] PPSGEN count=221 interval_ns=1000002320 dev_ns=2320 phase_ns=-1921320 hwphase_ns=-480 trim_ppb=-10 cfg=2 p_ns=0 d_ns=-4 (pico_gnss pico-gnss-rs/src/main.rs:330)
226.444220 [INFO ] PPS count=221 interval_us=1000002 interval_ns=1000002320 state=Locked missed=0 (pico_gnss pico-gnss-rs/src/main.rs:203)
226.466557 [INFO ] NMEA $GPZDA,131400.000,08,06,2026,,*59 (pico_gnss pico-gnss-rs/src/main.rs:483)
226.492075 [INFO ] NMEA $GPGST,131400.000,10,20,9.7,129.1,15,17,57*48 (pico_gnss pico-gnss-rs/src/main.rs:483)
226.739665 [INFO ] TIME unix_ns=1780924440295495989 ppb=2324 holdover_ms=1295 locked=1 (pico_gnss pico-gnss-rs/src/main.rs:237)
226.813982 [INFO ] NMEA $GPGGA,131401.000,0000.0000,N,00000.0000,E,1,7,1.00,61.5,M,39.0,M,,*6E (pico_gnss pico-gnss-rs/src/main.rs:483)
226.872327 [INFO ] NMEA $GNGLL,0000.0000,N,00000.0000,E,131401.000,A,A*4B (pico_gnss pico-gnss-rs/src/main.rs:483)
226.930778 [INFO ] NMEA $GNGSA,A,3,24,10,28,12,29,32,23,,,,,,1.37,1.00,0.94*10 (pico_gnss pico-gnss-rs/src/main.rs:483)
226.971510 [INFO ] NMEA $GNGSA,A,3,,,,,,,,,,,,,1.37,1.00,0.94*15 (pico_gnss pico-gnss-rs/src/main.rs:483)
227.030189 [INFO ] NMEA $GPGSV,4,1,13,25,82,073,19,32,64,320,16,12,42,047,21,28,39,291,16*72 (pico_gnss pico-gnss-rs/src/main.rs:483)
227.117605 [INFO ] NMEA $GPGSV,4,2,13,10,38,221,16,29,21,144,18,23,15,189,17,31,13,274,*73 (pico_gnss pico-gnss-rs/src/main.rs:483)
227.176065 [INFO ] NMEA $GPGSV,4,3,13,24,12,083,16,26,04,226,,193,,,,194,,,*74 (pico_gnss pico-gnss-rs/src/main.rs:483)
227.205331 [INFO ] NMEA $GPGSV,4,4,13,195,,,*46 (pico_gnss pico-gnss-rs/src/main.rs:483)
227.267907 [INFO ] NMEA $GLGSV,2,1,08,72,71,155,,75,66,277,,65,51,326,,74,44,027,*6A (pico_gnss pico-gnss-rs/src/main.rs:483)
227.326461 [INFO ] NMEA $GLGSV,2,2,08,71,17,151,,76,17,235,,66,03,329,,73,01,045,16*63 (pico_gnss pico-gnss-rs/src/main.rs:483)
227.413802 [INFO ] NMEA $GNRMC,131401.000,A,0000.0000,N,00000.0000,E,0.28,39.59,080626,,,A*4A (pico_gnss pico-gnss-rs/src/main.rs:483)
227.416362 [INFO ] SYNC pps_local_us=220000511 unix_s=1780924441 drift_us=2 err_ns=-4 holdover_ms=1000 (pico_gnss pico-gnss-rs/src/main.rs:514)
227.442481 [INFO ] PPSGEN count=222 interval_ns=1000002336 dev_ns=2336 phase_ns=-1967319 hwphase_ns=-464 trim_ppb=-7 cfg=2 p_ns=0 d_ns=4 (pico_gnss pico-gnss-rs/src/main.rs:330)
227.444103 [INFO ] PPS count=222 interval_us=1000002 interval_ns=1000002336 state=Locked missed=0 (pico_gnss pico-gnss-rs/src/main.rs:203)
227.445980 [INFO ] NMEA $GPVTG,39.59,T,,M,0.28,N,0.53,K,A*07 (pico_gnss pico-gnss-rs/src/main.rs:483)
227.474652 [INFO ] NMEA $GPZDA,131401.000,08,06,2026,,*58 (pico_gnss pico-gnss-rs/src/main.rs:483)
227.519231 [INFO ] NMEA $GPGST,131401.000,10,20,9.7,128.8,15,17,57*41 (pico_gnss pico-gnss-rs/src/main.rs:483)
227.740950 [INFO ] TIME unix_ns=1780924442296664986 ppb=2325 holdover_ms=1296 locked=1 (pico_gnss pico-gnss-rs/src/main.rs:237)
227.854211 [INFO ] NMEA $GPGGA,131402.000,0000.0000,N,00000.0000,E,1,7,1.00,61.3,M,39.0,M,,*62 (pico_gnss pico-gnss-rs/src/main.rs:483)
227.912535 [INFO ] NMEA $GNGLL,0000.0000,N,00000.0000,E,131402.000,A,A*41 (pico_gnss pico-gnss-rs/src/main.rs:483)
227.971043 [INFO ] NMEA $GNGSA,A,3,24,10,28,12,29,32,23,,,,,,1.37,1.00,0.94*10 (pico_gnss pico-gnss-rs/src/main.rs:483)
228.023074 [INFO ] NMEA $GNGSA,A,3,,,,,,,,,,,,,1.37,1.00,0.94*15 (pico_gnss pico-gnss-rs/src/main.rs:483)
228.081721 [INFO ] NMEA $GPGSV,4,1,13,25,82,073,19,32,64,320,16,12,42,047,20,28,39,291,16*73 (pico_gnss pico-gnss-rs/src/main.rs:483)
228.140393 [INFO ] NMEA $GPGSV,4,2,13,10,38,221,16,29,21,144,18,23,15,189,17,31,13,274,*73 (pico_gnss pico-gnss-rs/src/main.rs:483)
228.198828 [INFO ] NMEA $GPGSV,4,3,13,24,12,083,16,26,04,226,,193,,,,194,,,*74 (pico_gnss pico-gnss-rs/src/main.rs:483)
228.228083 [INFO ] NMEA $GPGSV,4,4,13,195,,,*46 (pico_gnss pico-gnss-rs/src/main.rs:483)
228.290670 [INFO ] NMEA $GLGSV,2,1,08,72,71,155,,75,66,277,,65,51,326,,74,44,027,*6A (pico_gnss pico-gnss-rs/src/main.rs:483)
228.377911 [INFO ] NMEA $GLGSV,2,2,08,71,17,151,,76,17,235,,66,03,329,,73,01,045,16*63 (pico_gnss pico-gnss-rs/src/main.rs:483)
228.436517 [INFO ] NMEA $GNRMC,131402.000,A,0000.0000,N,00000.0000,E,0.52,39.59,080626,,,A*4D (pico_gnss pico-gnss-rs/src/main.rs:483)
228.439055 [INFO ] SYNC pps_local_us=221000514 unix_s=1780924442 drift_us=2 err_ns=12 holdover_ms=999 (pico_gnss pico-gnss-rs/src/main.rs:514)
228.442484 [INFO ] PPSGEN count=223 interval_ns=1000002336 dev_ns=2336 phase_ns=-1843320 hwphase_ns=-464 trim_ppb=-4 cfg=2 p_ns=0 d_ns=0 (pico_gnss pico-gnss-rs/src/main.rs:330)
228.444063 [INFO ] PPS count=223 interval_us=1000002 interval_ns=1000002320 state=Locked missed=0 (pico_gnss pico-gnss-rs/src/main.rs:203)
228.494672 [INFO ] NMEA $GPVTG,39.59,T,,M,0.52,N,0.96,K,A*03 (pico_gnss pico-gnss-rs/src/main.rs:483)
228.523935 [INFO ] NMEA $GPZDA,131402.000,08,06,2026,,*5B (pico_gnss pico-gnss-rs/src/main.rs:483)
228.559706 [INFO ] NMEA $GPGST,131402.000,10,20,9.7,129.2,15,17,58*46 (pico_gnss pico-gnss-rs/src/main.rs:483)
228.742256 [INFO ] TIME unix_ns=1780924443298067983 ppb=2325 holdover_ms=1298 locked=1 (pico_gnss pico-gnss-rs/src/main.rs:237)
228.789068 [INFO ] NMEA $GPGGA,131403.000,0000.0000,N,00000.0000,E,1,7,1.00,61.0,M,39.0,M,,*69 (pico_gnss pico-gnss-rs/src/main.rs:483)
228.847358 [INFO ] NMEA $GNGLL,0000.0000,N,00000.0000,E,131403.000,A,A*49 (pico_gnss pico-gnss-rs/src/main.rs:483)
228.905808 [INFO ] NMEA $GNGSA,A,3,24,10,28,12,29,32,23,,,,,,1.37,1.00,0.94*10 (pico_gnss pico-gnss-rs/src/main.rs:483)
228.935292 [INFO ] NMEA $GNGSA,A,3,,,,,,,,,,,,,1.37,1.00,0.94*15 (pico_gnss pico-gnss-rs/src/main.rs:483)
229.027794 [INFO ] NMEA $GPGSV,4,1,13,25,82,073,19,32,64,320,16,12,42,047,20,28,39,291,16*73 (pico_gnss pico-gnss-rs/src/main.rs:483)
229.086478 [INFO ] NMEA $GPGSV,4,2,13,10,38,221,17,29,21,144,18,23,15,189,17,31,13,274,*72 (pico_gnss pico-gnss-rs/src/main.rs:483)
229.144969 [INFO ] NMEA $GPGSV,4,3,13,24,12,083,16,26,04,226,,193,,,,194,,,*74 (pico_gnss pico-gnss-rs/src/main.rs:483)
229.174245 [INFO ] NMEA $GPGSV,4,4,13,195,,,*46 (pico_gnss pico-gnss-rs/src/main.rs:483)
229.236819 [INFO ] NMEA $GLGSV,2,1,08,72,71,155,,75,66,277,,65,51,326,,74,44,027,*6A (pico_gnss pico-gnss-rs/src/main.rs:483)
229.295387 [INFO ] NMEA $GLGSV,2,2,08,71,17,151,,76,17,235,,66,03,329,,73,01,045,16*63 (pico_gnss pico-gnss-rs/src/main.rs:483)
229.382750 [INFO ] NMEA $GNRMC,131403.000,A,0000.0000,N,00000.0000,E,1.14,324.91,080626,,,A*7D (pico_gnss pico-gnss-rs/src/main.rs:483)
229.385318 [INFO ] SYNC pps_local_us=222000516 unix_s=1780924443 drift_us=2 err_ns=-4 holdover_ms=999 (pico_gnss pico-gnss-rs/src/main.rs:514)
229.412436 [INFO ] NMEA $GPVTG,324.91,T,,M,1.14,N,2.11,K,A*36 (pico_gnss pico-gnss-rs/src/main.rs:483)
229.442457 [INFO ] PPSGEN count=224 interval_ns=1000002336 dev_ns=2336 phase_ns=-1913320 hwphase_ns=-448 trim_ppb=-1 cfg=2 p_ns=0 d_ns=4 (pico_gnss pico-gnss-rs/src/main.rs:330)
229.444085 [INFO ] PPS count=224 interval_us=1000002 interval_ns=1000002320 state=Locked missed=0 (pico_gnss pico-gnss-rs/src/main.rs:203)
229.470447 [INFO ] NMEA $GPZDA,131403.000,08,06,2026,,*5A (pico_gnss pico-gnss-rs/src/main.rs:483)
229.497059 [INFO ] NMEA $GPGST,131403.000,10,20,9.8,129.1,15,17,59*4A (pico_gnss pico-gnss-rs/src/main.rs:483)
229.743579 [INFO ] TIME unix_ns=1780924444299392980 ppb=2324 holdover_ms=1299 locked=1 (pico_gnss pico-gnss-rs/src/main.rs:237)
229.762342 [INFO ] NMEA $GPGGA,131404.000,0000.0000,N,00000.0000,E,1,7,1.00,60.6,M,39.0,M,,*65 (pico_gnss pico-gnss-rs/src/main.rs:483)
229.820377 [INFO ] NMEA $GNGLL,0000.0000,N,00000.0000,E,131404.000,A,A*42 (pico_gnss pico-gnss-rs/src/main.rs:483)
229.878849 [INFO ] NMEA $GNGSA,A,3,24,10,28,12,29,32,23,,,,,,1.37,1.00,0.94*10 (pico_gnss pico-gnss-rs/src/main.rs:483)
229.908328 [INFO ] NMEA $GNGSA,A,3,,,,,,,,,,,,,1.37,1.00,0.94*15 (pico_gnss pico-gnss-rs/src/main.rs:483)
229.981301 [INFO ] NMEA $GPGSV,4,1,13,25,82,073,19,32,64,320,16,12,42,047,20,28,39,291,16*73 (pico_gnss pico-gnss-rs/src/main.rs:483)
230.068724 [INFO ] NMEA $GPGSV,4,2,13,10,38,221,17,29,21,144,18,23,15,189,17,31,13,274,*72 (pico_gnss pico-gnss-rs/src/main.rs:483)
230.127229 [INFO ] NMEA $GPGSV,4,3,13,24,12,083,16,26,04,226,,193,,,,194,,,*74 (pico_gnss pico-gnss-rs/src/main.rs:483)
230.156451 [INFO ] NMEA $GPGSV,4,4,13,195,,,*46 (pico_gnss pico-gnss-rs/src/main.rs:483)
230.219027 [INFO ] NMEA $GLGSV,2,1,08,72,71,155,,75,66,277,,65,51,326,,74,44,027,*6A (pico_gnss pico-gnss-rs/src/main.rs:483)
230.277662 [INFO ] NMEA $GLGSV,2,2,08,71,17,151,,76,17,235,,66,03,329,,73,01,045,16*63 (pico_gnss pico-gnss-rs/src/main.rs:483)
230.365052 [INFO ] NMEA $GNRMC,131404.000,A,0000.0000,N,00000.0000,E,0.11,324.91,080626,,,A*72 (pico_gnss pico-gnss-rs/src/main.rs:483)
230.367637 [INFO ] SYNC pps_local_us=223000518 unix_s=1780924444 drift_us=2 err_ns=-4 holdover_ms=1000 (pico_gnss pico-gnss-rs/src/main.rs:514)
230.394743 [INFO ] NMEA $GPVTG,324.91,T,,M,0.11,N,0.20,K,A*32 (pico_gnss pico-gnss-rs/src/main.rs:483)
230.423788 [INFO ] NMEA $GPZDA,131404.000,08,06,2026,,*5D (pico_gnss pico-gnss-rs/src/main.rs:483)
230.442516 [INFO ] PPSGEN count=225 interval_ns=1000002336 dev_ns=2336 phase_ns=-1865320 hwphase_ns=-432 trim_ppb=2 cfg=2 p_ns=0 d_ns=4 (pico_gnss pico-gnss-rs/src/main.rs:330)
230.444064 [INFO ] PPS count=225 interval_us=1000002 interval_ns=1000002336 state=Locked missed=0 (pico_gnss pico-gnss-rs/src/main.rs:203)
230.469881 [INFO ] NMEA $GPGST,131404.000,10,20,9.7,129.2,15,16,59*40 (pico_gnss pico-gnss-rs/src/main.rs:483)
230.744898 [INFO ] TIME unix_ns=1780924445300703977 ppb=2325 holdover_ms=1300 locked=1 (pico_gnss pico-gnss-rs/src/main.rs:237)
230.787177 [INFO ] NMEA $GPGGA,131405.000,0000.0000,N,00000.0000,E,1,7,1.00,60.7,M,39.0,M,,*6F (pico_gnss pico-gnss-rs/src/main.rs:483)
230.845461 [INFO ] NMEA $GNGLL,0000.0000,N,00000.0000,E,131405.000,A,A*49 (pico_gnss pico-gnss-rs/src/main.rs:483)
230.903940 [INFO ] NMEA $GNGSA,A,3,24,10,28,12,29,32,23,,,,,,1.37,1.00,0.94*10 (pico_gnss pico-gnss-rs/src/main.rs:483)
230.933391 [INFO ] NMEA $GNGSA,A,3,,,,,,,,,,,,,1.37,1.00,0.94*15 (pico_gnss pico-gnss-rs/src/main.rs:483)
231.015639 [INFO ] NMEA $GPGSV,4,1,13,25,82,073,19,32,64,320,16,12,42,047,20,28,39,291,16*73 (pico_gnss pico-gnss-rs/src/main.rs:483)
231.074314 [INFO ] NMEA $GPGSV,4,2,13,10,38,221,17,29,21,144,18,23,15,189,17,31,13,274,*72 (pico_gnss pico-gnss-rs/src/main.rs:483)
231.132738 [INFO ] NMEA $GPGSV,4,3,13,24,12,083,16,26,04,226,,193,,,,194,,,*74 (pico_gnss pico-gnss-rs/src/main.rs:483)
231.162015 [INFO ] NMEA $GPGSV,4,4,13,195,,,*46 (pico_gnss pico-gnss-rs/src/main.rs:483)
231.249168 [INFO ] NMEA $GLGSV,2,1,08,72,71,155,,75,66,277,,65,51,326,,74,44,027,*6A (pico_gnss pico-gnss-rs/src/main.rs:483)
231.311938 [INFO ] NMEA $GLGSV,2,2,08,71,17,151,,76,17,235,,66,03,329,,73,01,045,16*63 (pico_gnss pico-gnss-rs/src/main.rs:483)
231.370577 [INFO ] NMEA $GNRMC,131405.000,A,0000.0000,N,00000.0000,E,0.85,359.61,080626,,,A*71 (pico_gnss pico-gnss-rs/src/main.rs:483)
231.373150 [INFO ] SYNC pps_local_us=224000521 unix_s=1780924445 drift_us=2 err_ns=12 holdover_ms=999 (pico_gnss pico-gnss-rs/src/main.rs:514)
231.428712 [INFO ] NMEA $GPVTG,359.61,T,,M,0.85,N,1.57,K,A*3B (pico_gnss pico-gnss-rs/src/main.rs:483)
231.442483 [INFO ] PPSGEN count=226 interval_ns=1000002352 dev_ns=2352 phase_ns=-1841320 hwphase_ns=-416 trim_ppb=5 cfg=2 p_ns=0 d_ns=4 (pico_gnss pico-gnss-rs/src/main.rs:330)
231.444019 [INFO ] PPS count=226 interval_us=1000002 interval_ns=1000002320 state=Locked missed=0 (pico_gnss pico-gnss-rs/src/main.rs:203)
231.458385 [INFO ] NMEA $GPZDA,131405.000,08,06,2026,,*5C (pico_gnss pico-gnss-rs/src/main.rs:483)
231.494394 [INFO ] NMEA $GPGST,131405.000,10,20,9.7,129.4,15,16,59*47 (pico_gnss pico-gnss-rs/src/main.rs:483)
231.746206 [INFO ] TIME unix_ns=1780924446302049974 ppb=2325 holdover_ms=1302 locked=1 (pico_gnss pico-gnss-rs/src/main.rs:237)
231.761226 [INFO ] NMEA $GPGGA,131406.000,0000.0000,N,00000.0000,E,1,7,1.00,60.7,M,39.0,M,,*60 (pico_gnss pico-gnss-rs/src/main.rs:483)
231.819287 [INFO ] NMEA $GNGLL,0000.0000,N,00000.0000,E,131406.000,A,A*46 (pico_gnss pico-gnss-rs/src/main.rs:483)
231.877757 [INFO ] NMEA $GNGSA,A,3,24,10,28,12,29,32,23,,,,,,1.37,1.00,0.94*10 (pico_gnss pico-gnss-rs/src/main.rs:483)
231.907207 [INFO ] NMEA $GNGSA,A,3,,,,,,,,,,,,,1.37,1.00,0.94*15 (pico_gnss pico-gnss-rs/src/main.rs:483)
231.998733 [INFO ] NMEA $GPGSV,4,1,13,25,82,073,19,32,64,320,16,12,42,047,20,28,39,291,16*73 (pico_gnss pico-gnss-rs/src/main.rs:483)
232.057369 [INFO ] NMEA $GPGSV,4,2,13,10,38,221,17,29,21,144,18,23,15,189,17,31,13,274,*72 (pico_gnss pico-gnss-rs/src/main.rs:483)
232.115842 [INFO ] NMEA $GPGSV,4,3,13,24,12,083,16,26,04,226,,193,,,,194,,,*74 (pico_gnss pico-gnss-rs/src/main.rs:483)
232.145102 [INFO ] NMEA $GPGSV,4,4,13,195,,,*46 (pico_gnss pico-gnss-rs/src/main.rs:483)
232.203548 [INFO ] NMEA $GLGSV,2,1,08,72,71,155,,75,66,277,,65,51,326,,74,44,027,*6A (pico_gnss pico-gnss-rs/src/main.rs:483)
232.266253 [INFO ] NMEA $GLGSV,2,2,08,71,17,151,,76,17,235,,66,03,329,,73,01,045,16*63 (pico_gnss pico-gnss-rs/src/main.rs:483)
232.353684 [INFO ] NMEA $GNRMC,131406.000,A,0000.0000,N,00000.0000,E,1.00,47.19,080626,,,A*41 (pico_gnss pico-gnss-rs/src/main.rs:483)
232.356244 [INFO ] SYNC pps_local_us=225000523 unix_s=1780924446 drift_us=2 err_ns=-4 holdover_ms=999 (pico_gnss pico-gnss-rs/src/main.rs:514)
232.383351 [INFO ] NMEA $GPVTG,47.19,T,,M,1.00,N,1.86,K,A*08 (pico_gnss pico-gnss-rs/src/main.rs:483)
232.441008 [INFO ] NMEA $GPZDA,131406.000,08,06,2026,,*5F (pico_gnss pico-gnss-rs/src/main.rs:483)
232.442884 [INFO ] PPSGEN count=227 interval_ns=1000002336 dev_ns=2336 phase_ns=-1412321 hwphase_ns=-400 trim_ppb=8 cfg=2 p_ns=0 d_ns=4 (pico_gnss pico-gnss-rs/src/main.rs:330)
232.444432 [INFO ] PPS count=227 interval_us=1000002 interval_ns=1000002336 state=Locked missed=0 (pico_gnss pico-gnss-rs/src/main.rs:203)
232.466865 [INFO ] NMEA $GPGST,131406.000,10,20,9.7,129.4,15,16,58*45 (pico_gnss pico-gnss-rs/src/main.rs:483)
232.747542 [INFO ] TIME unix_ns=1780924447303396970 ppb=2325 holdover_ms=1303 locked=1 (pico_gnss pico-gnss-rs/src/main.rs:237)
232.749217 [INFO ] NMEA $GPGGA,131407.000,0000.0000,N,00000.0000,E,1,7,1.00,60.7,M,39.0,M,,*62 (pico_gnss pico-gnss-rs/src/main.rs:483)
232.778162 [INFO ] NMEA $GNGLL,0000.0000,N,00000.0000,E,131407.000,A,A*44 (pico_gnss pico-gnss-rs/src/main.rs:483)
232.836475 [INFO ] NMEA $GNGSA,A,3,24,10,28,12,29,32,23,,,,,,1.37,1.00,0.94*10 (pico_gnss pico-gnss-rs/src/main.rs:483)
232.894667 [INFO ] NMEA $GNGSA,A,3,,,,,,,,,,,,,1.37,1.00,0.94*15 (pico_gnss pico-gnss-rs/src/main.rs:483)
232.957450 [INFO ] NMEA $GPGSV,4,1,13,25,82,073,19,32,64,320,16,12,42,047,20,28,39,291,16*73 (pico_gnss pico-gnss-rs/src/main.rs:483)
233.044894 [INFO ] NMEA $GPGSV,4,2,13,10,38,221,17,29,21,144,18,23,15,189,18,31,13,274,*7D (pico_gnss pico-gnss-rs/src/main.rs:483)
233.103361 [INFO ] NMEA $GPGSV,4,3,13,24,12,083,16,26,04,226,,193,,,,194,,,*74 (pico_gnss pico-gnss-rs/src/main.rs:483)
233.132583 [INFO ] NMEA $GPGSV,4,4,13,195,,,*46 (pico_gnss pico-gnss-rs/src/main.rs:483)
233.191090 [INFO ] NMEA $GLGSV,2,1,08,72,71,155,,75,66,277,,65,51,326,,74,44,027,*6A (pico_gnss pico-gnss-rs/src/main.rs:483)
233.253778 [INFO ] NMEA $GLGSV,2,2,08,71,17,151,,76,17,235,,66,03,329,,73,01,045,16*63 (pico_gnss pico-gnss-rs/src/main.rs:483)
233.341176 [INFO ] NMEA $GNRMC,131407.000,A,0000.0000,N,00000.0000,E,1.00,49.49,080626,,,A*48 (pico_gnss pico-gnss-rs/src/main.rs:483)
233.343732 [INFO ] SYNC pps_local_us=226000525 unix_s=1780924447 drift_us=2 err_ns=11 holdover_ms=1000 (pico_gnss pico-gnss-rs/src/main.rs:514)
233.370874 [INFO ] NMEA $GPVTG,49.49,T,,M,1.00,N,1.86,K,A*03 (pico_gnss pico-gnss-rs/src/main.rs:483)
233.399944 [INFO ] NMEA $GPZDA,131407.000,08,06,2026,,*5E (pico_gnss pico-gnss-rs/src/main.rs:483)
233.442487 [INFO ] PPSGEN count=228 interval_ns=1000002352 dev_ns=2352 phase_ns=-2241319 hwphase_ns=-384 trim_ppb=11 cfg=2 p_ns=0 d_ns=4 (pico_gnss pico-gnss-rs/src/main.rs:330)
233.444047 [INFO ] PPS count=228 interval_us=1000002 interval_ns=1000002320 state=Locked missed=0 (pico_gnss pico-gnss-rs/src/main.rs:203)
233.445743 [INFO ] NMEA $GPGST,131407.000,10,20,9.7,129.5,14,16,58*44 (pico_gnss pico-gnss-rs/src/main.rs:483)
233.749159 [INFO ] TIME unix_ns=1780924448304673967 ppb=2325 holdover_ms=1304 locked=1 (pico_gnss pico-gnss-rs/src/main.rs:237)
233.812951 [INFO ] NMEA $GPGGA,131408.000,0000.0000,N,00000.0000,E,1,7,1.00,60.6,M,39.0,M,,*69 (pico_gnss pico-gnss-rs/src/main.rs:483)
233.871324 [INFO ] NMEA $GNGLL,0000.0000,N,00000.0000,E,131408.000,A,A*4E (pico_gnss pico-gnss-rs/src/main.rs:483)
233.929759 [INFO ] NMEA $GNGSA,A,3,24,10,28,12,29,32,23,,,,,,1.37,1.00,0.94*10 (pico_gnss pico-gnss-rs/src/main.rs:483)
233.987994 [INFO ] NMEA $GNGSA,A,3,,,,,,,,,,,,,1.37,1.00,0.94*15 (pico_gnss pico-gnss-rs/src/main.rs:483)
234.050784 [INFO ] NMEA $GPGSV,4,1,13,25,82,073,19,32,64,320,16,12,42,047,20,28,39,291,16*73 (pico_gnss pico-gnss-rs/src/main.rs:483)
234.109431 [INFO ] NMEA $GPGSV,4,2,13,10,38,221,18,29,21,144,18,23,15,189,18,31,13,274,*72 (pico_gnss pico-gnss-rs/src/main.rs:483)
234.167896 [INFO ] NMEA $GPGSV,4,3,13,24,12,083,16,26,04,226,,193,,,,194,,,*74 (pico_gnss pico-gnss-rs/src/main.rs:483)
234.197114 [INFO ] NMEA $GPGSV,4,4,13,195,,,*46 (pico_gnss pico-gnss-rs/src/main.rs:483)
234.255628 [INFO ] NMEA $GLGSV,2,1,08,72,71,155,,75,66,277,,65,51,326,,74,44,027,*6A (pico_gnss pico-gnss-rs/src/main.rs:483)
234.347060 [INFO ] NMEA $GLGSV,2,2,08,71,17,151,,76,17,235,,66,03,329,,73,01,045,16*63 (pico_gnss pico-gnss-rs/src/main.rs:483)
234.405672 [INFO ] NMEA $GNRMC,131408.000,A,0000.0000,N,00000.0000,E,0.68,317.33,080626,,,A*78 (pico_gnss pico-gnss-rs/src/main.rs:483)
234.408253 [INFO ] SYNC pps_local_us=227000528 unix_s=1780924448 drift_us=2 err_ns=-4 holdover_ms=999 (pico_gnss pico-gnss-rs/src/main.rs:514)
234.442484 [INFO ] PPSGEN count=229 interval_ns=1000002352 dev_ns=2352 phase_ns=-1846320 hwphase_ns=-352 trim_ppb=13 cfg=2 p_ns=0 d_ns=8 (pico_gnss pico-gnss-rs/src/main.rs:330)
234.444033 [INFO ] PPS count=229 interval_us=1000002 interval_ns=1000002320 state=Locked missed=0 (pico_gnss pico-gnss-rs/src/main.rs:203)
234.464168 [INFO ] NMEA $GPVTG,317.33,T,,M,0.68,N,1.26,K,A*33 (pico_gnss pico-gnss-rs/src/main.rs:483)
234.493178 [INFO ] NMEA $GPZDA,131408.000,08,06,2026,,*51 (pico_gnss pico-gnss-rs/src/main.rs:483)
234.522571 [INFO ] NMEA $GPGST,131408.000,10,19,9.6,129.6,14,16,58*43 (pico_gnss pico-gnss-rs/src/main.rs:483)
234.750458 [INFO ] TIME unix_ns=1780924449306322964 ppb=2325 holdover_ms=1306 locked=1 (pico_gnss pico-gnss-rs/src/main.rs:237)
234.886115 [INFO ] NMEA $GPGGA,131409.000,0000.0000,N,00000.0000,E,1,7,1.00,60.5,M,39.0,M,,*68 (pico_gnss pico-gnss-rs/src/main.rs:483)
234.944466 [INFO ] NMEA $GNGLL,0000.0000,N,00000.0000,E,131409.000,A,A*4C (pico_gnss pico-gnss-rs/src/main.rs:483)
235.002966 [INFO ] NMEA $GNGSA,A,3,24,10,28,12,29,32,23,,,,,,1.37,1.00,0.94*10 (pico_gnss pico-gnss-rs/src/main.rs:483)
235.032482 [INFO ] NMEA $GNGSA,A,3,,,,,,,,,,,,,1.37,1.00,0.94*15 (pico_gnss pico-gnss-rs/src/main.rs:483)
235.123948 [INFO ] NMEA $GPGSV,4,1,13,25,82,073,19,32,64,320,16,12,42,047,20,28,39,291,16*73 (pico_gnss pico-gnss-rs/src/main.rs:483)
235.182633 [INFO ] NMEA $GPGSV,4,2,13,10,38,221,18,29,21,144,18,23,15,189,18,31,13,274,*72 (pico_gnss pico-gnss-rs/src/main.rs:483)
235.241041 [INFO ] NMEA $GPGSV,4,3,13,24,12,083,16,26,04,226,,193,,,,194,,,*74 (pico_gnss pico-gnss-rs/src/main.rs:483)
235.270309 [INFO ] NMEA $GPGSV,4,4,13,195,,,*46 (pico_gnss pico-gnss-rs/src/main.rs:483)
235.328777 [INFO ] NMEA $GLGSV,2,1,08,72,71,155,,75,66,277,,65,51,326,,74,44,027,*6A (pico_gnss pico-gnss-rs/src/main.rs:483)
235.391351 [INFO ] NMEA $GLGSV,2,2,08,71,17,151,,76,17,235,,66,03,329,,73,01,045,16*63 (pico_gnss pico-gnss-rs/src/main.rs:483)
235.442502 [INFO ] PPSGEN count=230 interval_ns=1000002368 dev_ns=2368 phase_ns=-1849645 hwphase_ns=-304 trim_ppb=15 cfg=2 p_ns=0 d_ns=12 (pico_gnss pico-gnss-rs/src/main.rs:330)
235.444038 [INFO ] PPS count=230 interval_us=1000002 interval_ns=1000002320 state=Locked missed=0 (pico_gnss pico-gnss-rs/src/main.rs:203)
235.478782 [INFO ] NMEA $GNRMC,131409.000,A,0000.0000,N,00000.0000,E,0.89,359.53,080626,,,A*79 (pico_gnss pico-gnss-rs/src/main.rs:483)
235.481397 [INFO ] SYNC pps_local_us=229000532 unix_s=1780924449 drift_us=2 err_ns=-9 holdover_ms=2000 (pico_gnss pico-gnss-rs/src/main.rs:514)
235.508362 [INFO ] NMEA $GPVTG,359.53,T,,M,0.89,N,1.65,K,A*37 (pico_gnss pico-gnss-rs/src/main.rs:483)
235.537439 [INFO ] NMEA $GPZDA,131409.000,08,06,2026,,*50 (pico_gnss pico-gnss-rs/src/main.rs:483)
235.590484 [INFO ] NMEA $GPGST,131409.000,10,19,9.4,130.0,14,16,57*41 (pico_gnss pico-gnss-rs/src/main.rs:483)
235.751718 [INFO ] TIME unix_ns=1780924449307622285 ppb=2325 holdover_ms=307 locked=1 (pico_gnss pico-gnss-rs/src/main.rs:237)
235.937383 [INFO ] NMEA $GPGGA,131410.000,0000.0000,N,00000.0000,E,1,7,1.00,60.5,M,39.0,M,,*6F (pico_gnss pico-gnss-rs/src/main.rs:483)
235.967064 [INFO ] NMEA $GNGLL,0000.0000,N,00000.0000,E,131410.000,A,A*4B (pico_gnss pico-gnss-rs/src/main.rs:483)
236.025459 [INFO ] NMEA $GNGSA,A,3,24,10,28,12,29,32,23,,,,,,1.37,1.00,0.94*10 (pico_gnss pico-gnss-rs/src/main.rs:483)
236.083684 [INFO ] NMEA $GNGSA,A,3,,,,,,,,,,,,,1.37,1.00,0.94*15 (pico_gnss pico-gnss-rs/src/main.rs:483)
236.142371 [INFO ] NMEA $GPGSV,4,1,13,25,82,073,18,32,64,320,17,12,42,047,20,28,39,291,16*73 (pico_gnss pico-gnss-rs/src/main.rs:483)
236.233872 [INFO ] NMEA $GPGSV,4,2,13,10,38,221,18,29,21,144,18,23,15,189,19,31,13,274,*73 (pico_gnss pico-gnss-rs/src/main.rs:483)
236.292372 [INFO ] NMEA $GPGSV,4,3,13,24,12,083,16,26,04,226,,193,,,,194,,,*74 (pico_gnss pico-gnss-rs/src/main.rs:483)
236.321586 [INFO ] NMEA $GPGSV,4,4,13,195,,,*46 (pico_gnss pico-gnss-rs/src/main.rs:483)
236.379981 [INFO ] NMEA $GLGSV,2,1,08,72,71,155,,75,66,277,,65,51,326,,74,44,027,*6A (pico_gnss pico-gnss-rs/src/main.rs:483)
236.442507 [INFO ] PPSGEN count=231 interval_ns=1000002352 dev_ns=2352 phase_ns=-1846320 hwphase_ns=-272 trim_ppb=17 cfg=2 p_ns=0 d_ns=8 (pico_gnss pico-gnss-rs/src/main.rs:330)
236.444040 [INFO ] PPS count=231 interval_us=1000002 interval_ns=1000002336 state=Locked missed=0 (pico_gnss pico-gnss-rs/src/main.rs:203)
236.445865 [INFO ] NMEA $GLGSV,2,2,08,71,17,151,,76,17,235,,66,03,329,,73,01,045,16*63 (pico_gnss pico-gnss-rs/src/main.rs:483)
236.503236 [INFO ] NMEA $GNRMC,131410.000,A,0000.0000,N,00000.0000,E,1.34,80.23,080626,,,A*49 (pico_gnss pico-gnss-rs/src/main.rs:483)
236.505790 [INFO ] SYNC pps_local_us=230000535 unix_s=1780924450 drift_us=2 err_ns=12 holdover_ms=999 (pico_gnss pico-gnss-rs/src/main.rs:514)
236.561334 [INFO ] NMEA $GPVTG,80.23,T,,M,1.34,N,2.49,K,A*0D (pico_gnss pico-gnss-rs/src/main.rs:483)
236.590621 [INFO ] NMEA $GPZDA,131410.000,08,06,2026,,*58 (pico_gnss pico-gnss-rs/src/main.rs:483)
236.630100 [INFO ] NMEA $GPGST,131410.000,10,19,9.5,130.0,14,16,57*48 (pico_gnss pico-gnss-rs/src/main.rs:483)
236.753016 [INFO ] TIME unix_ns=1780924450308884282 ppb=2325 holdover_ms=308 locked=1 (pico_gnss pico-gnss-rs/src/main.rs:237)
236.790295 [INFO ] NMEA $GPGGA,131411.000,0000.0000,N,00000.0000,E,1,7,1.00,60.5,M,39.0,M,,*64 (pico_gnss pico-gnss-rs/src/main.rs:483)
236.848616 [INFO ] NMEA $GNGLL,0000.0000,N,00000.0000,E,131411.000,A,A*40 (pico_gnss pico-gnss-rs/src/main.rs:483)
236.907041 [INFO ] NMEA $GNGSA,A,3,24,10,28,12,29,32,23,,,,,,1.37,1.00,0.94*10 (pico_gnss pico-gnss-rs/src/main.rs:483)
236.965248 [INFO ] NMEA $GNGSA,A,3,,,,,,,,,,,,,1.37,1.00,0.94*15 (pico_gnss pico-gnss-rs/src/main.rs:483)
237.023956 [INFO ] NMEA $GPGSV,4,1,13,25,82,073,18,32,64,320,17,12,42,047,20,28,39,291,16*73 (pico_gnss pico-gnss-rs/src/main.rs:483)
237.086710 [INFO ] NMEA $GPGSV,4,2,13,10,38,221,18,29,21,144,18,23,15,189,19,31,13,274,*73 (pico_gnss pico-gnss-rs/src/main.rs:483)
237.145191 [INFO ] NMEA $GPGSV,4,3,13,24,12,083,16,26,04,226,,193,,,,194,,,*74 (pico_gnss pico-gnss-rs/src/main.rs:483)
237.174412 [INFO ] NMEA $GPGSV,4,4,13,195,,,*46 (pico_gnss pico-gnss-rs/src/main.rs:483)
237.232909 [INFO ] NMEA $GLGSV,2,1,08,72,71,155,,75,66,277,,65,51,326,,74,44,027,*6A (pico_gnss pico-gnss-rs/src/main.rs:483)
237.324380 [INFO ] NMEA $GLGSV,2,2,08,71,17,151,,76,17,235,,66,03,329,,73,01,045,16*63 (pico_gnss pico-gnss-rs/src/main.rs:483)
237.383011 [INFO ] NMEA $GNRMC,131411.000,A,0000.0000,N,00000.0000,E,2.12,91.86,080626,,,A*4A (pico_gnss pico-gnss-rs/src/main.rs:483)
237.412554 [INFO ] NMEA $GPVTG,91.86,T,,M,2.12,N,3.93,K,A*03 (pico_gnss pico-gnss-rs/src/main.rs:483)
237.442536 [INFO ] PPSGEN count=232 interval_ns=1000002352 dev_ns=2352 phase_ns=-1840320 hwphase_ns=-256 trim_ppb=19 cfg=2 p_ns=0 d_ns=4 (pico_gnss pico-gnss-rs/src/main.rs:330)
237.444079 [INFO ] PPS count=232 interval_us=1000002 interval_ns=1000002336 state=Locked missed=0 (pico_gnss pico-gnss-rs/src/main.rs:203)
237.470665 [INFO ] NMEA $GPZDA,131411.000,08,06,2026,,*59 (pico_gnss pico-gnss-rs/src/main.rs:483)
237.501168 [INFO ] NMEA $GPGST,131411.000,10,19,9.6,129.8,14,16,57*4A (pico_gnss pico-gnss-rs/src/main.rs:483)
237.754290 [INFO ] TIME unix_ns=1780924451310190954 ppb=2325 holdover_ms=1310 locked=1 (pico_gnss pico-gnss-rs/src/main.rs:237)
237.844291 [INFO ] NMEA $GPGGA,131412.000,0000.0000,N,00000.0000,E,1,7,1.00,60.7,M,39.0,M,,*6B (pico_gnss pico-gnss-rs/src/main.rs:483)
237.902667 [INFO ] NMEA $GNGLL,0000.0000,N,00000.0000,E,131412.000,A,A*4D (pico_gnss pico-gnss-rs/src/main.rs:483)
237.961122 [INFO ] NMEA $GNGSA,A,3,24,10,28,12,29,32,23,,,,,,1.37,1.00,0.94*10 (pico_gnss pico-gnss-rs/src/main.rs:483)
237.990646 [INFO ] NMEA $GNGSA,A,3,,,,,,,,,,,,,1.37,1.00,0.94*15 (pico_gnss pico-gnss-rs/src/main.rs:483)
238.077998 [INFO ] NMEA $GPGSV,4,1,13,25,82,073,18,32,64,320,17,12,42,047,21,28,39,291,16*72 (pico_gnss pico-gnss-rs/src/main.rs:483)
238.140759 [INFO ] NMEA $GPGSV,4,2,13,10,38,221,18,29,21,144,18,23,15,189,19,31,13,274,*73 (pico_gnss pico-gnss-rs/src/main.rs:483)
238.199210 [INFO ] NMEA $GPGSV,4,3,13,24,12,083,16,26,04,226,,193,,,,194,,,*74 (pico_gnss pico-gnss-rs/src/main.rs:483)
238.228458 [INFO ] NMEA $GPGSV,4,4,13,195,,,*46 (pico_gnss pico-gnss-rs/src/main.rs:483)
238.286962 [INFO ] NMEA $GLGSV,2,1,08,72,71,155,,75,66,277,,65,51,326,,74,44,027,*6A (pico_gnss pico-gnss-rs/src/main.rs:483)
238.345495 [INFO ] NMEA $GLGSV,2,2,08,71,17,151,,76,17,235,,66,03,329,,73,01,045,16*63 (pico_gnss pico-gnss-rs/src/main.rs:483)
238.436885 [INFO ] NMEA $GNRMC,131412.000,A,0000.0000,N,00000.0000,E,0.90,90.42,080626,,,A*46 (pico_gnss pico-gnss-rs/src/main.rs:483)
238.439446 [INFO ] SYNC pps_local_us=231000537 unix_s=1780924452 drift_us=2 err_ns=11 holdover_ms=1000 (pico_gnss pico-gnss-rs/src/main.rs:514)
238.442525 [INFO ] PPSGEN count=233 interval_ns=1000002352 dev_ns=2352 phase_ns=-1803321 hwphase_ns=-240 trim_ppb=20 cfg=2 p_ns=0 d_ns=4 (pico_gnss pico-gnss-rs/src/main.rs:330)
238.444046 [INFO ] PPS count=233 interval_us=1000002 interval_ns=1000002320 state=Locked missed=0 (pico_gnss pico-gnss-rs/src/main.rs:203)
238.466703 [INFO ] NMEA $GPVTG,90.42,T,,M,0.90,N,1.68,K,A*04 (pico_gnss pico-gnss-rs/src/main.rs:483)
238.495682 [INFO ] NMEA $GPZDA,131412.000,08,06,2026,,*5A (pico_gnss pico-gnss-rs/src/main.rs:483)
238.543458 [INFO ] NMEA $GPGST,131412.000,10,17,8.9,126.4,12,15,45*4C (pico_gnss pico-gnss-rs/src/main.rs:483)
238.755737 [INFO ] TIME unix_ns=1780924453311533951 ppb=2325 holdover_ms=1311 locked=1 (pico_gnss pico-gnss-rs/src/main.rs:237)
238.813074 [INFO ] NMEA $GPGGA,131413.000,0000.0000,N,00000.0000,E,1,7,1.00,60.9,M,39.0,M,,*60 (pico_gnss pico-gnss-rs/src/main.rs:483)
238.860141 [INFO ] NMEA $GNGLL,0000.0000,N,00000.0000,E,131413.000,A,A*48 (pico_gnss pico-gnss-rs/src/main.rs:483)
238.918546 [INFO ] NMEA $GNGSA,A,3,24,10,28,12,29,32,23,,,,,,1.37,1.00,0.94*10 (pico_gnss pico-gnss-rs/src/main.rs:483)
238.976797 [INFO ] NMEA $GNGSA,A,3,,,,,,,,,,,,,1.37,1.00,0.94*15 (pico_gnss pico-gnss-rs/src/main.rs:483)
239.035483 [INFO ] NMEA $GPGSV,4,1,13,25,82,073,18,32,64,320,17,12,42,047,21,28,39,291,16*72 (pico_gnss pico-gnss-rs/src/main.rs:483)
239.126979 [INFO ] NMEA $GPGSV,4,2,13,10,38,221,18,29,21,144,18,23,15,189,19,31,13,274,*73 (pico_gnss pico-gnss-rs/src/main.rs:483)
239.185440 [INFO ] NMEA $GPGSV,4,3,13,24,12,083,17,26,04,226,,193,,,,194,,,*75 (pico_gnss pico-gnss-rs/src/main.rs:483)
239.186821 [INFO ] NMEA $GPGSV,4,4,13,195,,,*46 (pico_gnss pico-gnss-rs/src/main.rs:483)
239.273174 [INFO ] NMEA $GLGSV,2,1,08,72,71,155,,75,66,277,,65,51,326,,74,44,027,*6A (pico_gnss pico-gnss-rs/src/main.rs:483)
239.331786 [INFO ] NMEA $GLGSV,2,2,08,71,17,151,,76,17,235,,66,03,329,,73,01,045,16*63 (pico_gnss pico-gnss-rs/src/main.rs:483)
239.394455 [INFO ] NMEA $GNRMC,131413.000,A,0000.0000,N,00000.0000,E,0.62,245.57,080626,,,A*70 (pico_gnss pico-gnss-rs/src/main.rs:483)
239.397026 [INFO ] SYNC pps_local_us=232000539 unix_s=1780924453 drift_us=2 err_ns=-5 holdover_ms=999 (pico_gnss pico-gnss-rs/src/main.rs:514)
239.442495 [INFO ] PPSGEN count=234 interval_ns=1000002368 dev_ns=2368 phase_ns=-1843320 hwphase_ns=-192 trim_ppb=21 cfg=2 p_ns=0 d_ns=12 (pico_gnss pico-gnss-rs/src/main.rs:330)
239.444049 [INFO ] PPS count=234 interval_us=1000002 interval_ns=1000002320 state=Locked missed=0 (pico_gnss pico-gnss-rs/src/main.rs:203)
239.452980 [INFO ] NMEA $GPVTG,245.57,T,,M,0.62,N,1.15,K,A*3D (pico_gnss pico-gnss-rs/src/main.rs:483)
239.481982 [INFO ] NMEA $GPZDA,131413.000,08,06,2026,,*5B (pico_gnss pico-gnss-rs/src/main.rs:483)
239.520359 [INFO ] NMEA $GPGST,131413.000,10,17,8.9,126.9,13,15,46*42 (pico_gnss pico-gnss-rs/src/main.rs:483)
239.757016 [INFO ] TIME unix_ns=1780924454312892948 ppb=2325 holdover_ms=1312 locked=1 (pico_gnss pico-gnss-rs/src/main.rs:237)
239.854108 [INFO ] NMEA $GPGGA,131414.000,0000.0000,N,00000.0000,E,1,7,1.00,60.8,M,39.0,M,,*66 (pico_gnss pico-gnss-rs/src/main.rs:483)
239.910392 [INFO ] NMEA $GNGLL,0000.0000,N,00000.0000,E,131414.000,A,A*4F (pico_gnss pico-gnss-rs/src/main.rs:483)
239.968843 [INFO ] NMEA $GNGSA,A,3,24,10,28,12,29,32,23,,,,,,1.37,1.00,0.94*10 (pico_gnss pico-gnss-rs/src/main.rs:483)
239.998348 [INFO ] NMEA $GNGSA,A,3,,,,,,,,,,,,,1.37,1.00,0.94*15 (pico_gnss pico-gnss-rs/src/main.rs:483)
240.085745 [INFO ] NMEA $GPGSV,4,1,13,25,82,073,18,32,64,320,17,12,42,047,21,28,39,291,16*72 (pico_gnss pico-gnss-rs/src/main.rs:483)
240.148452 [INFO ] NMEA $GPGSV,4,2,13,10,38,221,18,29,21,144,18,23,15,189,19,31,13,274,*73 (pico_gnss pico-gnss-rs/src/main.rs:483)
240.206952 [INFO ] NMEA $GPGSV,4,3,13,24,12,083,17,26,04,226,,193,,,,194,,,*75 (pico_gnss pico-gnss-rs/src/main.rs:483)
240.236209 [INFO ] NMEA $GPGSV,4,4,13,195,,,*46 (pico_gnss pico-gnss-rs/src/main.rs:483)
240.294666 [INFO ] NMEA $GLGSV,2,1,08,72,71,155,,75,66,277,,65,51,326,,74,44,027,*6A (pico_gnss pico-gnss-rs/src/main.rs:483)
240.381915 [INFO ] NMEA $GLGSV,2,2,08,71,17,151,,76,17,235,,66,03,329,,73,01,045,17*62 (pico_gnss pico-gnss-rs/src/main.rs:483)
240.442498 [INFO ] PPSGEN count=235 interval_ns=1000002368 dev_ns=2368 phase_ns=-1864645 hwphase_ns=-144 trim_ppb=22 cfg=2 p_ns=0 d_ns=12 (pico_gnss pico-gnss-rs/src/main.rs:330)
240.444034 [INFO ] PPS count=235 interval_us=1000002 interval_ns=1000002320 state=Locked missed=0 (pico_gnss pico-gnss-rs/src/main.rs:203)
240.445882 [INFO ] NMEA $GNRMC,131414.000,A,0000.0000,N,00000.0000,E,0.89,281.21,080626,,,A*7B (pico_gnss pico-gnss-rs/src/main.rs:483)
240.448468 [INFO ] SYNC pps_local_us=234000544 unix_s=1780924454 drift_us=2 err_ns=-9 holdover_ms=1999 (pico_gnss pico-gnss-rs/src/main.rs:514)
240.475393 [INFO ] NMEA $GPVTG,281.21,T,,M,0.89,N,1.65,K,A*36 (pico_gnss pico-gnss-rs/src/main.rs:483)
240.533015 [INFO ] NMEA $GPZDA,131414.000,08,06,2026,,*5C (pico_gnss pico-gnss-rs/src/main.rs:483)
240.561712 [INFO ] NMEA $GPGST,131414.000,10,18,8.9,127.5,13,15,48*49 (pico_gnss pico-gnss-rs/src/main.rs:483)
240.758297 [INFO ] TIME unix_ns=1780924454314194270 ppb=2325 holdover_ms=314 locked=1 (pico_gnss pico-gnss-rs/src/main.rs:237)
240.860111 [INFO ] NMEA $GPGGA,131415.000,0000.0000,N,00000.0000,E,1,7,1.00,60.8,M,39.0,M,,*65 (pico_gnss pico-gnss-rs/src/main.rs:483)
240.925640 [INFO ] NMEA $GNGLL,0000.0000,N,00000.0000,E,131415.000,A,A*4C (pico_gnss pico-gnss-rs/src/main.rs:483)
240.984081 [INFO ] NMEA $GNGSA,A,3,24,10,28,12,29,32,23,,,,,,1.37,1.00,0.94*10 (pico_gnss pico-gnss-rs/src/main.rs:483)
241.013620 [INFO ] NMEA $GNGSA,A,3,,,,,,,,,,,,,1.37,1.00,0.94*15 (pico_gnss pico-gnss-rs/src/main.rs:483)
241.100975 [INFO ] NMEA $GPGSV,4,1,13,25,82,073,18,32,64,320,17,12,42,047,22,28,39,291,16*71 (pico_gnss pico-gnss-rs/src/main.rs:483)
241.163739 [INFO ] NMEA $GPGSV,4,2,13,10,38,221,18,29,21,144,18,23,15,189,19,31,13,274,*73 (pico_gnss pico-gnss-rs/src/main.rs:483)
241.222192 [INFO ] NMEA $GPGSV,4,3,13,24,12,083,17,26,04,226,,193,,,,194,,,*75 (pico_gnss pico-gnss-rs/src/main.rs:483)
241.251434 [INFO ] NMEA $GPGSV,4,4,13,195,,,*46 (pico_gnss pico-gnss-rs/src/main.rs:483)
241.309944 [INFO ] NMEA $GLGSV,2,1,08,72,71,155,,75,66,277,,65,51,326,,74,44,027,*6A (pico_gnss pico-gnss-rs/src/main.rs:483)
241.368443 [INFO ] NMEA $GLGSV,2,2,08,71,17,151,,76,17,235,,66,03,329,,73,01,045,17*62 (pico_gnss pico-gnss-rs/src/main.rs:483)
241.442528 [INFO ] PPSGEN count=236 interval_ns=1000002352 dev_ns=2352 phase_ns=-1835320 hwphase_ns=-112 trim_ppb=22 cfg=2 p_ns=0 d_ns=8 (pico_gnss pico-gnss-rs/src/main.rs:330)
241.444079 [INFO ] PPS count=236 interval_us=1000002 interval_ns=1000002320 state=Locked missed=0 (pico_gnss pico-gnss-rs/src/main.rs:203)
241.460249 [INFO ] NMEA $GNRMC,131415.000,A,0000.0000,N,00000.0000,E,1.30,0.18,080626,,,A*7A (pico_gnss pico-gnss-rs/src/main.rs:483)
241.462805 [INFO ] SYNC pps_local_us=235000546 unix_s=1780924455 drift_us=2 err_ns=-4 holdover_ms=1000 (pico_gnss pico-gnss-rs/src/main.rs:514)
241.489479 [INFO ] NMEA $GPVTG,0.18,T,,M,1.30,N,2.40,K,A*30 (pico_gnss pico-gnss-rs/src/main.rs:483)
241.518551 [INFO ] NMEA $GPZDA,131415.000,08,06,2026,,*5D (pico_gnss pico-gnss-rs/src/main.rs:483)
241.563251 [INFO ] NMEA $GPGST,131415.000,10,18,8.9,128.3,13,15,50*48 (pico_gnss pico-gnss-rs/src/main.rs:483)
241.759559 [INFO ] TIME unix_ns=1780924455315436267 ppb=2325 holdover_ms=315 locked=1 (pico_gnss pico-gnss-rs/src/main.rs:237)
241.830902 [INFO ] NMEA $GPGGA,131416.000,0000.0000,N,00000.0000,E,1,7,1.00,60.9,M,39.0,M,,*6B (pico_gnss pico-gnss-rs/src/main.rs:483)
241.881050 [INFO ] NMEA $GNGLL,0000.0000,N,00000.0000,E,131416.000,A,A*43 (pico_gnss pico-gnss-rs/src/main.rs:483)
241.939466 [INFO ] NMEA $GNGSA,A,3,24,10,28,12,29,32,23,,,,,,1.37,1.00,0.94*10 (pico_gnss pico-gnss-rs/src/main.rs:483)
241.997707 [INFO ] NMEA $GNGSA,A,3,,,,,,,,,,,,,1.37,1.00,0.94*15 (pico_gnss pico-gnss-rs/src/main.rs:483)
242.056371 [INFO ] NMEA $GPGSV,4,1,13,25,82,073,18,32,64,320,17,12,42,047,22,28,39,291,16*71 (pico_gnss pico-gnss-rs/src/main.rs:483)
242.143688 [INFO ] NMEA $GPGSV,4,2,13,10,38,221,18,29,21,144,18,23,15,189,19,31,13,274,*73 (pico_gnss pico-gnss-rs/src/main.rs:483)
242.177570 [INFO ] NMEA $GPGSV,4,3,13,24,12,083,17,26,04,226,,193,,,,194,,,*75 (pico_gnss pico-gnss-rs/src/main.rs:483)
242.206815 [INFO ] NMEA $GPGSV,4,4,13,195,,,*46 (pico_gnss pico-gnss-rs/src/main.rs:483)
242.294035 [INFO ] NMEA $GLGSV,2,1,08,72,71,155,,75,66,277,,65,51,326,,74,44,027,*6A (pico_gnss pico-gnss-rs/src/main.rs:483)
242.352644 [INFO ] NMEA $GLGSV,2,2,08,71,17,151,,76,17,235,,66,03,329,,73,01,045,17*62 (pico_gnss pico-gnss-rs/src/main.rs:483)
242.415318 [INFO ] NMEA $GNRMC,131416.000,A,0000.0000,N,00000.0000,E,0.82,84.92,080626,,,A*43 (pico_gnss pico-gnss-rs/src/main.rs:483)
242.442578 [INFO ] PPSGEN count=237 interval_ns=1000002368 dev_ns=2368 phase_ns=-1826320 hwphase_ns=-64 trim_ppb=22 cfg=2 p_ns=0 d_ns=12 (pico_gnss pico-gnss-rs/src/main.rs:330)
242.444125 [INFO ] PPS count=237 interval_us=1000002 interval_ns=1000002336 state=Locked missed=0 (pico_gnss pico-gnss-rs/src/main.rs:203)
242.474535 [INFO ] NMEA $GPVTG,84.92,T,,M,0.82,N,1.53,K,A*07 (pico_gnss pico-gnss-rs/src/main.rs:483)
242.503813 [INFO ] NMEA $GPZDA,131416.000,08,06,2026,,*5E (pico_gnss pico-gnss-rs/src/main.rs:483)
242.533231 [INFO ] NMEA $GPGST,131416.000,10,18,9.0,129.1,14,15,53*44 (pico_gnss pico-gnss-rs/src/main.rs:483)
242.760850 [INFO ] TIME unix_ns=1780924456316672939 ppb=2325 holdover_ms=1316 locked=1 (pico_gnss pico-gnss-rs/src/main.rs:237)
242.798153 [INFO ] NMEA $GPGGA,131417.000,0000.0000,N,00000.0000,E,1,7,1.00,61.1,M,39.0,M,,*66 (pico_gnss pico-gnss-rs/src/main.rs:483)
242.859505 [INFO ] NMEA $GNGLL,0000.0000,N,00000.0000,E,131417.000,A,A*47 (pico_gnss pico-gnss-rs/src/main.rs:483)
242.917995 [INFO ] NMEA $GNGSA,A,3,24,10,28,12,29,32,23,,,,,,1.37,1.00,0.94*10 (pico_gnss pico-gnss-rs/src/main.rs:483)
242.947522 [INFO ] NMEA $GNGSA,A,3,,,,,,,,,,,,,1.37,1.00,0.94*15 (pico_gnss pico-gnss-rs/src/main.rs:483)
243.034876 [INFO ] NMEA $GPGSV,4,1,13,25,82,073,18,32,64,320,17,12,42,047,22,28,39,291,16*71 (pico_gnss pico-gnss-rs/src/main.rs:483)
243.093526 [INFO ] NMEA $GPGSV,4,2,13,10,38,221,18,29,21,144,18,23,15,189,19,31,13,274,*73 (pico_gnss pico-gnss-rs/src/main.rs:483)
243.156080 [INFO ] NMEA $GPGSV,4,3,13,24,12,083,17,26,04,226,,193,,,,194,,,*75 (pico_gnss pico-gnss-rs/src/main.rs:483)
243.185352 [INFO ] NMEA $GPGSV,4,4,13,195,,,*46 (pico_gnss pico-gnss-rs/src/main.rs:483)
243.243802 [INFO ] NMEA $GLGSV,2,1,08,72,71,155,,75,66,277,,65,51,326,,74,44,027,*6A (pico_gnss pico-gnss-rs/src/main.rs:483)
243.302431 [INFO ] NMEA $GLGSV,2,2,08,71,17,151,18,76,17,235,,66,03,329,,73,01,045,17*6B (pico_gnss pico-gnss-rs/src/main.rs:483)
243.393886 [INFO ] NMEA $GNRMC,131417.000,A,0000.0000,N,00000.0000,E,1.19,80.96,080626,,,A*44 (pico_gnss pico-gnss-rs/src/main.rs:483)
243.396448 [INFO ] SYNC pps_local_us=236000548 unix_s=1780924457 drift_us=2 err_ns=12 holdover_ms=1000 (pico_gnss pico-gnss-rs/src/main.rs:514)
243.423564 [INFO ] NMEA $GPVTG,80.96,T,,M,1.19,N,2.21,K,A*02 (pico_gnss pico-gnss-rs/src/main.rs:483)
243.442515 [INFO ] PPSGEN count=238 interval_ns=1000002352 dev_ns=2352 phase_ns=-1875320 hwphase_ns=-48 trim_ppb=22 cfg=2 p_ns=0 d_ns=4 (pico_gnss pico-gnss-rs/src/main.rs:330)
243.444059 [INFO ] PPS count=238 interval_us=1000002 interval_ns=1000002320 state=Locked missed=0 (pico_gnss pico-gnss-rs/src/main.rs:203)
243.452969 [INFO ] NMEA $GPZDA,131417.000,08,06,2026,,*5F (pico_gnss pico-gnss-rs/src/main.rs:483)
243.505718 [INFO ] NMEA $GPGST,131417.000,10,19,9.0,130.0,14,16,56*4B (pico_gnss pico-gnss-rs/src/main.rs:483)
243.762129 [INFO ] TIME unix_ns=1780924458317941937 ppb=2325 holdover_ms=1317 locked=1 (pico_gnss pico-gnss-rs/src/main.rs:237)
243.835100 [INFO ] NMEA $GPGGA,131418.000,0000.0000,N,00000.0000,E,1,7,1.00,61.4,M,39.0,M,,*67 (pico_gnss pico-gnss-rs/src/main.rs:483)
243.893390 [INFO ] NMEA $GNGLL,0000.0000,N,00000.0000,E,131418.000,A,A*43 (pico_gnss pico-gnss-rs/src/main.rs:483)
243.935472 [INFO ] NMEA $GNGSA,A,3,24,10,28,12,29,32,23,,,,,,1.37,1.00,0.94*10 (pico_gnss pico-gnss-rs/src/main.rs:483)
243.993673 [INFO ] NMEA $GNGSA,A,3,,,,,,,,,,,,,1.37,1.00,0.94*15 (pico_gnss pico-gnss-rs/src/main.rs:483)
244.052365 [INFO ] NMEA $GPGSV,4,1,13,25,82,073,18,32,64,320,17,12,42,047,22,28,39,291,16*71 (pico_gnss pico-gnss-rs/src/main.rs:483)
244.139780 [INFO ] NMEA $GPGSV,4,2,13,10,38,221,17,29,21,144,18,23,15,189,19,31,13,274,*7C (pico_gnss pico-gnss-rs/src/main.rs:483)
244.202349 [INFO ] NMEA $GPGSV,4,3,13,24,12,083,17,26,04,226,,193,,,,194,,,*75 (pico_gnss pico-gnss-rs/src/main.rs:483)
244.231576 [INFO ] NMEA $GPGSV,4,4,13,195,,,*46 (pico_gnss pico-gnss-rs/src/main.rs:483)
244.290076 [INFO ] NMEA $GLGSV,2,1,08,72,71,155,,75,66,277,,65,51,326,,74,44,027,*6A (pico_gnss pico-gnss-rs/src/main.rs:483)
244.348655 [INFO ] NMEA $GLGSV,2,2,08,71,17,151,18,76,17,235,,66,03,329,,73,01,045,17*6B (pico_gnss pico-gnss-rs/src/main.rs:483)
244.440043 [INFO ] NMEA $GNRMC,131418.000,A,0000.0000,N,00000.0000,E,0.63,48.89,080626,,,A*46 (pico_gnss pico-gnss-rs/src/main.rs:483)
244.442545 [INFO ] PPSGEN count=239 interval_ns=1000002368 dev_ns=2368 phase_ns=-1866645 hwphase_ns=0 trim_ppb=22 cfg=2 p_ns=0 d_ns=12 (pico_gnss pico-gnss-rs/src/main.rs:330)
244.444011 [INFO ] PPS count=239 interval_us=1000002 interval_ns=1000002336 state=Locked missed=0 (pico_gnss pico-gnss-rs/src/main.rs:203)
244.446091 [INFO ] SYNC pps_local_us=237000551 unix_s=1780924458 drift_us=2 err_ns=-5 holdover_ms=999 (pico_gnss pico-gnss-rs/src/main.rs:514)
244.469860 [INFO ] NMEA $GPVTG,48.89,T,,M,0.63,N,1.17,K,A*02 (pico_gnss pico-gnss-rs/src/main.rs:483)
244.498824 [INFO ] NMEA $GPZDA,131418.000,08,06,2026,,*50 (pico_gnss pico-gnss-rs/src/main.rs:483)
244.542470 [INFO ] NMEA $GPGST,131418.000,10,19,8.7,131.4,14,16,57*46 (pico_gnss pico-gnss-rs/src/main.rs:483)
244.763410 [INFO ] TIME unix_ns=1780924459319276933 ppb=2325 holdover_ms=1319 locked=1 (pico_gnss pico-gnss-rs/src/main.rs:237)
244.861190 [INFO ] NMEA $GPGGA,131419.000,0000.0000,N,00000.0000,E,1,7,1.00,61.7,M,39.0,M,,*61 (pico_gnss pico-gnss-rs/src/main.rs:483)
244.919498 [INFO ] NMEA $GNGLL,0000.0000,N,00000.0000,E,131419.000,A,A*46 (pico_gnss pico-gnss-rs/src/main.rs:483)
244.970763 [INFO ] NMEA $GNGSA,A,3,24,10,28,12,29,32,23,,,,,,1.37,1.00,0.94*10 (pico_gnss pico-gnss-rs/src/main.rs:483)
245.029007 [INFO ] NMEA $GNGSA,A,3,,,,,,,,,,,,,1.37,1.00,0.94*15 (pico_gnss pico-gnss-rs/src/main.rs:483)
245.087656 [INFO ] NMEA $GPGSV,4,1,13,25,82,073,18,32,64,320,16,12,42,047,22,28,39,291,16*70 (pico_gnss pico-gnss-rs/src/main.rs:483)
245.175067 [INFO ] NMEA $GPGSV,4,2,13,10,38,221,17,29,21,144,18,23,15,189,19,31,13,274,*7C (pico_gnss pico-gnss-rs/src/main.rs:483)
245.208899 [INFO ] NMEA $GPGSV,4,3,13,24,12,083,17,26,04,226,,193,,,,194,,,*75 (pico_gnss pico-gnss-rs/src/main.rs:483)
245.238124 [INFO ] NMEA $GPGSV,4,4,13,195,,,*46 (pico_gnss pico-gnss-rs/src/main.rs:483)
245.296622 [INFO ] NMEA $GLGSV,2,1,08,72,71,155,,75,66,277,,65,51,326,,74,44,027,*6A (pico_gnss pico-gnss-rs/src/main.rs:483)
245.383894 [INFO ] NMEA $GLGSV,2,2,08,71,17,151,17,76,17,235,,66,03,329,,73,01,045,17*64 (pico_gnss pico-gnss-rs/src/main.rs:483)
245.442543 [INFO ] PPSGEN count=240 interval_ns=1000002368 dev_ns=2368 phase_ns=-1847646 hwphase_ns=32 trim_ppb=22 cfg=2 p_ns=0 d_ns=8 (pico_gnss pico-gnss-rs/src/main.rs:330)
245.444048 [INFO ] PPS count=240 interval_us=1000002 interval_ns=1000002320 state=Locked missed=0 (pico_gnss pico-gnss-rs/src/main.rs:203)
245.446090 [INFO ] NMEA $GNRMC,131419.000,A,0000.0000,N,00000.0000,E,0.62,74.60,080626,,,A*4A (pico_gnss pico-gnss-rs/src/main.rs:483)
245.448661 [INFO ] SYNC pps_local_us=239000555 unix_s=1780924459 drift_us=2 err_ns=6 holdover_ms=1999 (pico_gnss pico-gnss-rs/src/main.rs:514)
245.504659 [INFO ] NMEA $GPVTG,74.60,T,,M,0.62,N,1.16,K,A*0A (pico_gnss pico-gnss-rs/src/main.rs:483)
245.533997 [INFO ] NMEA $GPZDA,131419.000,08,06,2026,,*51 (pico_gnss pico-gnss-rs/src/main.rs:483)
245.568252 [INFO ] NMEA $GPGST,131419.000,10,19,8.9,130.5,14,16,57*49 (pico_gnss pico-gnss-rs/src/main.rs:483)
245.764680 [INFO ] TIME unix_ns=1780924459320590255 ppb=2325 holdover_ms=320 locked=1 (pico_gnss pico-gnss-rs/src/main.rs:237)
245.883043 [INFO ] NMEA $GPGGA,131420.000,0000.0000,N,00000.0000,E,1,7,1.00,62.0,M,39.0,M,,*65 (pico_gnss pico-gnss-rs/src/main.rs:483)
245.941461 [INFO ] NMEA $GNGLL,0000.0000,N,00000.0000,E,131420.000,A,A*46 (pico_gnss pico-gnss-rs/src/main.rs:483)
246.001961 [INFO ] NMEA $GNGSA,A,3,24,10,28,12,29,32,23,,,,,,1.37,1.00,0.94*10 (pico_gnss pico-gnss-rs/src/main.rs:483)
246.031519 [INFO ] NMEA $GNGSA,A,3,,,,,,,,,,,,,1.37,1.00,0.94*15 (pico_gnss pico-gnss-rs/src/main.rs:483)
246.118858 [INFO ] NMEA $GPGSV,4,1,13,25,82,073,18,32,64,320,16,12,42,047,22,28,39,291,16*70 (pico_gnss pico-gnss-rs/src/main.rs:483)
246.177500 [INFO ] NMEA $GPGSV,4,2,13,10,38,221,17,29,21,144,18,23,15,189,18,31,13,274,*7D (pico_gnss pico-gnss-rs/src/main.rs:483)
246.240062 [INFO ] NMEA $GPGSV,4,3,13,24,12,083,17,26,04,226,,193,,,,194,,,*75 (pico_gnss pico-gnss-rs/src/main.rs:483)
246.269330 [INFO ] NMEA $GPGSV,4,4,13,195,,,*46 (pico_gnss pico-gnss-rs/src/main.rs:483)
246.327790 [INFO ] NMEA $GLGSV,2,1,08,72,71,155,,75,66,277,,65,51,326,,74,44,027,*6A (pico_gnss pico-gnss-rs/src/main.rs:483)
246.414999 [INFO ] NMEA $GLGSV,2,2,08,71,17,151,18,76,17,235,,66,03,329,,73,01,045,16*6A (pico_gnss pico-gnss-rs/src/main.rs:483)
246.442542 [INFO ] PPSGEN count=241 interval_ns=1000002352 dev_ns=2352 phase_ns=-1789320 hwphase_ns=64 trim_ppb=22 cfg=2 p_ns=0 d_ns=8 (pico_gnss pico-gnss-rs/src/main.rs:330)
246.444044 [INFO ] PPS count=241 interval_us=1000002 interval_ns=1000002336 state=Locked missed=0 (pico_gnss pico-gnss-rs/src/main.rs:203)
246.474790 [INFO ] NMEA $GNRMC,131420.000,A,0000.0000,N,00000.0000,E,0.87,36.94,080626,,,A*4C (pico_gnss pico-gnss-rs/src/main.rs:483)
246.477392 [INFO ] SYNC pps_local_us=240000558 unix_s=1780924460 drift_us=2 err_ns=11 holdover_ms=999 (pico_gnss pico-gnss-rs/src/main.rs:514)
246.507138 [INFO ] NMEA $GPVTG,36.94,T,,M,0.87,N,1.62,K,A*0F (pico_gnss pico-gnss-rs/src/main.rs:483)
246.565030 [INFO ] NMEA $GPZDA,131420.000,08,06,2026,,*5B (pico_gnss pico-gnss-rs/src/main.rs:483)
246.590619 [INFO ] NMEA $GPGST,131420.000,10,19,8.8,130.7,14,16,57*40 (pico_gnss pico-gnss-rs/src/main.rs:483)
246.765942 [INFO ] TIME unix_ns=1780924460321859252 ppb=2325 holdover_ms=321 locked=1 (pico_gnss pico-gnss-rs/src/main.rs:237)
246.880248 [INFO ] NMEA $GPGGA,131421.000,0000.0000,N,00000.0000,E,1,7,1.00,62.2,M,39.0,M,,*60 (pico_gnss pico-gnss-rs/src/main.rs:483)
246.938597 [INFO ] NMEA $GNGLL,0000.0000,N,00000.0000,E,131421.000,A,A*41 (pico_gnss pico-gnss-rs/src/main.rs:483)
246.979576 [INFO ] NMEA $GNGSA,A,3,24,10,28,12,29,32,23,,,,,,1.37,1.00,0.94*10 (pico_gnss pico-gnss-rs/src/main.rs:483)
247.037796 [INFO ] NMEA $GNGSA,A,3,,,,,,,,,,,,,1.37,1.00,0.94*15 (pico_gnss pico-gnss-rs/src/main.rs:483)
247.096487 [INFO ] NMEA $GPGSV,4,1,13,25,82,073,18,32,64,320,16,12,42,047,22,28,39,291,16*70 (pico_gnss pico-gnss-rs/src/main.rs:483)
247.183902 [INFO ] NMEA $GPGSV,4,2,13,10,38,221,17,29,21,144,18,23,15,189,18,31,13,274,*7D (pico_gnss pico-gnss-rs/src/main.rs:483)
247.246475 [INFO ] NMEA $GPGSV,4,3,13,24,12,083,17,26,04,226,,193,,,,194,,,*75 (pico_gnss pico-gnss-rs/src/main.rs:483)
247.275701 [INFO ] NMEA $GPGSV,4,4,13,195,,,*46 (pico_gnss pico-gnss-rs/src/main.rs:483)
247.334216 [INFO ] NMEA $GLGSV,2,1,08,72,71,155,,75,66,277,,65,51,326,,74,44,027,*6A (pico_gnss pico-gnss-rs/src/main.rs:483)
247.392682 [INFO ] NMEA $GLGSV,2,2,08,71,17,151,19,76,17,235,,66,03,329,,73,01,045,16*6B (pico_gnss pico-gnss-rs/src/main.rs:483)
247.442531 [INFO ] PPSGEN count=242 interval_ns=1000002368 dev_ns=2368 phase_ns=-1805321 hwphase_ns=96 trim_ppb=22 cfg=2 p_ns=0 d_ns=8 (pico_gnss pico-gnss-rs/src/main.rs:330)
247.444010 [INFO ] PPS count=242 interval_us=1000002 interval_ns=1000002320 state=Locked missed=0 (pico_gnss pico-gnss-rs/src/main.rs:203)
247.480112 [INFO ] NMEA $GNRMC,131421.000,A,0000.0000,N,00000.0000,E,1.41,36.94,080626,,,A*40 (pico_gnss pico-gnss-rs/src/main.rs:483)
247.482723 [INFO ] SYNC pps_local_us=241000560 unix_s=1780924461 drift_us=2 err_ns=-5 holdover_ms=999 (pico_gnss pico-gnss-rs/src/main.rs:514)
247.513499 [INFO ] NMEA $GPVTG,36.94,T,,M,1.41,N,2.62,K,A*07 (pico_gnss pico-gnss-rs/src/main.rs:483)
247.542786 [INFO ] NMEA $GPZDA,131421.000,08,06,2026,,*5A (pico_gnss pico-gnss-rs/src/main.rs:483)
247.587516 [INFO ] NMEA $GPGST,131421.000,10,19,8.9,130.4,14,16,56*42 (pico_gnss pico-gnss-rs/src/main.rs:483)
247.767211 [INFO ] TIME unix_ns=1780924461323135249 ppb=2325 holdover_ms=323 locked=1 (pico_gnss pico-gnss-rs/src/main.rs:237)
247.904034 [INFO ] NMEA $GPGGA,131422.000,0000.0000,N,00000.0000,E,1,7,1.00,62.5,M,39.0,M,,*61 (pico_gnss pico-gnss-rs/src/main.rs:483)
247.962352 [INFO ] NMEA $GNGLL,0000.0000,N,00000.0000,E,131422.000,A,A*47 (pico_gnss pico-gnss-rs/src/main.rs:483)
248.012591 [INFO ] NMEA $GNGSA,A,3,24,10,28,12,29,32,23,,,,,,1.37,1.00,0.94*10 (pico_gnss pico-gnss-rs/src/main.rs:483)
248.070859 [INFO ] NMEA $GNGSA,A,3,,,,,,,,,,,,,1.37,1.00,0.94*15 (pico_gnss pico-gnss-rs/src/main.rs:483)
248.129497 [INFO ] NMEA $GPGSV,4,1,13,25,82,073,18,32,64,320,16,12,42,047,22,28,39,291,16*70 (pico_gnss pico-gnss-rs/src/main.rs:483)
248.216896 [INFO ] NMEA $GPGSV,4,2,13,10,38,221,17,29,21,144,18,23,15,189,18,31,13,274,*7D (pico_gnss pico-gnss-rs/src/main.rs:483)
248.275317 [INFO ] NMEA $GPGSV,4,3,13,24,12,083,17,26,04,226,,193,,,,194,,,*75 (pico_gnss pico-gnss-rs/src/main.rs:483)
248.279945 [INFO ] NMEA $GPGSV,4,4,13,195,,,*46 (pico_gnss pico-gnss-rs/src/main.rs:483)
248.367097 [INFO ] NMEA $GLGSV,2,1,08,72,71,155,,75,66,277,,65,51,326,,74,44,027,*6A (pico_gnss pico-gnss-rs/src/main.rs:483)
248.425635 [INFO ] NMEA $GLGSV,2,2,08,71,17,151,19,76,17,235,,66,03,329,,73,01,045,16*6B (pico_gnss pico-gnss-rs/src/main.rs:483)
248.442537 [INFO ] PPSGEN count=243 interval_ns=1000002352 dev_ns=2352 phase_ns=-1784321 hwphase_ns=128 trim_ppb=21 cfg=2 p_ns=0 d_ns=8 (pico_gnss pico-gnss-rs/src/main.rs:330)
248.444016 [INFO ] PPS count=243 interval_us=1000002 interval_ns=1000002336 state=Locked missed=0 (pico_gnss pico-gnss-rs/src/main.rs:203)
248.484283 [INFO ] NMEA $GNRMC,131422.000,A,0000.0000,N,00000.0000,E,1.78,36.94,080626,,,A*4C (pico_gnss pico-gnss-rs/src/main.rs:483)
248.486877 [INFO ] SYNC pps_local_us=242000562 unix_s=1780924462 drift_us=2 err_ns=11 holdover_ms=1000 (pico_gnss pico-gnss-rs/src/main.rs:514)
248.546386 [INFO ] NMEA $GPVTG,36.94,T,,M,1.78,N,3.29,K,A*03 (pico_gnss pico-gnss-rs/src/main.rs:483)
248.575730 [INFO ] NMEA $GPZDA,131422.000,08,06,2026,,*59 (pico_gnss pico-gnss-rs/src/main.rs:483)
248.611042 [INFO ] NMEA $GPGST,131422.000,10,19,8.8,130.7,14,16,56*43 (pico_gnss pico-gnss-rs/src/main.rs:483)
248.768482 [INFO ] TIME unix_ns=1780924462324397246 ppb=2326 holdover_ms=324 locked=1 (pico_gnss pico-gnss-rs/src/main.rs:237)
248.923019 [INFO ] NMEA $GPGGA,131423.000,0000.0000,N,00000.0000,E,1,7,1.00,62.7,M,39.0,M,,*64 (pico_gnss pico-gnss-rs/src/main.rs:483)
248.981458 [INFO ] NMEA $GNGLL,0000.0000,N,00000.0000,E,131423.000,A,A*40 (pico_gnss pico-gnss-rs/src/main.rs:483)
249.040918 [INFO ] NMEA $GNGSA,A,3,24,10,28,12,29,32,23,,,,,,1.37,1.00,0.94*10 (pico_gnss pico-gnss-rs/src/main.rs:483)
249.070453 [INFO ] NMEA $GNGSA,A,3,,,,,,,,,,,,,1.37,1.00,0.94*15 (pico_gnss pico-gnss-rs/src/main.rs:483)
249.157820 [INFO ] NMEA $GPGSV,4,1,13,25,82,073,18,32,64,320,16,12,42,047,23,28,39,291,16*71 (pico_gnss pico-gnss-rs/src/main.rs:483)
249.216481 [INFO ] NMEA $GPGSV,4,2,13,10,38,221,17,29,21,144,18,23,15,189,18,31,13,274,*7D (pico_gnss pico-gnss-rs/src/main.rs:483)
249.274931 [INFO ] NMEA $GPGSV,4,3,13,24,12,083,17,26,04,226,,193,,,,194,,,*75 (pico_gnss pico-gnss-rs/src/main.rs:483)
249.308233 [INFO ] NMEA $GPGSV,4,4,13,195,,,*46 (pico_gnss pico-gnss-rs/src/main.rs:483)
249.366698 [INFO ] NMEA $GLGSV,2,1,08,72,71,155,,75,66,277,,65,51,326,,74,44,027,*6A (pico_gnss pico-gnss-rs/src/main.rs:483)
249.442545 [INFO ] PPSGEN count=244 interval_ns=1000002368 dev_ns=2368 phase_ns=-1797321 hwphase_ns=160 trim_ppb=20 cfg=2 p_ns=0 d_ns=8 (pico_gnss pico-gnss-rs/src/main.rs:330)
249.444029 [INFO ] PPS count=244 interval_us=1000002 interval_ns=1000002320 state=Locked missed=0 (pico_gnss pico-gnss-rs/src/main.rs:203)
249.454352 [INFO ] NMEA $GLGSV,2,2,08,71,17,151,19,76,17,235,,66,03,329,,73,01,045,16*6B (pico_gnss pico-gnss-rs/src/main.rs:483)
249.512503 [INFO ] NMEA $GNRMC,131423.000,A,0000.0000,N,00000.0000,E,0.09,36.94,080626,,,A*4C (pico_gnss pico-gnss-rs/src/main.rs:483)
249.515091 [INFO ] SYNC pps_local_us=243000565 unix_s=1780924463 drift_us=2 err_ns=-5 holdover_ms=1000 (pico_gnss pico-gnss-rs/src/main.rs:514)
249.542139 [INFO ] NMEA $GPVTG,36.94,T,,M,0.09,N,0.16,K,A*0B (pico_gnss pico-gnss-rs/src/main.rs:483)
249.603897 [INFO ] NMEA $GPZDA,131423.000,08,06,2026,,*58 (pico_gnss pico-gnss-rs/src/main.rs:483)
249.630516 [INFO ] NMEA $GPGST,131423.000,10,19,8.5,131.0,14,15,55*49 (pico_gnss pico-gnss-rs/src/main.rs:483)
249.768407 [INFO ] NMEA $GPGGA,131424.000,0000.0000,N,00000.0000,E,1,7,1.00,62.9,M,39.0,M,,*61 (pico_gnss pico-gnss-rs/src/main.rs:483)
249.770730 [INFO ] TIME unix_ns=1780924463326641241 ppb=2325 holdover_ms=326 locked=1 (pico_gnss pico-gnss-rs/src/main.rs:237)
249.826862 [INFO ] NMEA $GNGLL,0000.0000,N,00000.0000,E,131424.000,A,A*4B (pico_gnss pico-gnss-rs/src/main.rs:483)
249.885211 [INFO ] NMEA $GNGSA,A,3,24,10,28,12,29,32,23,,,,,,1.37,1.00,0.94*10 (pico_gnss pico-gnss-rs/src/main.rs:483)
249.924956 [INFO ] NMEA $GNGSA,A,3,,,,,,,,,,,,,1.37,1.00,0.94*15 (pico_gnss pico-gnss-rs/src/main.rs:483)
249.983662 [INFO ] NMEA $GPGSV,4,1,13,25,82,073,19,32,64,320,15,12,42,047,23,28,39,291,16*73 (pico_gnss pico-gnss-rs/src/main.rs:483)
250.071052 [INFO ] NMEA $GPGSV,4,2,13,10,38,221,17,29,21,144,18,23,15,189,18,31,13,274,*7D (pico_gnss pico-gnss-rs/src/main.rs:483)
250.129501 [INFO ] NMEA $GPGSV,4,3,13,24,12,083,17,26,04,226,,193,,,,194,,,*75 (pico_gnss pico-gnss-rs/src/main.rs:483)
250.162777 [INFO ] NMEA $GPGSV,4,4,13,195,,,*46 (pico_gnss pico-gnss-rs/src/main.rs:483)
250.221365 [INFO ] NMEA $GLGSV,2,1,08,72,71,155,,75,66,277,,65,51,326,,74,44,027,*6A (pico_gnss pico-gnss-rs/src/main.rs:483)
250.279950 [INFO ] NMEA $GLGSV,2,2,08,71,17,151,19,76,17,235,,66,03,329,,73,01,045,16*6B (pico_gnss pico-gnss-rs/src/main.rs:483)
250.367369 [INFO ] NMEA $GNRMC,131424.000,A,0000.0000,N,00000.0000,E,0.10,36.94,080626,,,A*4F (pico_gnss pico-gnss-rs/src/main.rs:483)
250.396959 [INFO ] NMEA $GPVTG,36.94,T,,M,0.10,N,0.19,K,A*0C (pico_gnss pico-gnss-rs/src/main.rs:483)
250.430141 [INFO ] NMEA $GPZDA,131424.000,08,06,2026,,*5F (pico_gnss pico-gnss-rs/src/main.rs:483)
250.442558 [INFO ] PPSGEN count=245 interval_ns=1000002352 dev_ns=2352 phase_ns=-1781321 hwphase_ns=192 trim_ppb=19 cfg=2 p_ns=0 d_ns=8 (pico_gnss pico-gnss-rs/src/main.rs:330)
250.444037 [INFO ] PPS count=245 interval_us=1000002 interval_ns=1000002336 state=Locked missed=0 (pico_gnss pico-gnss-rs/src/main.rs:203)
250.476081 [INFO ] NMEA $GPGST,131424.000,10,19,8.5,131.0,14,16,55*4D (pico_gnss pico-gnss-rs/src/main.rs:483)
250.772047 [INFO ] TIME unix_ns=1780924464327896912 ppb=2326 holdover_ms=1327 locked=1 (pico_gnss pico-gnss-rs/src/main.rs:237)
250.778420 [INFO ] NMEA $GPGGA,131425.000,0000.0000,N,00000.0000,E,1,7,1.00,63.1,M,39.0,M,,*64 (pico_gnss pico-gnss-rs/src/main.rs:483)
250.836470 [INFO ] NMEA $GNGLL,0000.0000,N,00000.0000,E,131425.000,A,A*47 (pico_gnss pico-gnss-rs/src/main.rs:483)
250.894914 [INFO ] NMEA $GNGSA,A,3,24,10,28,12,29,32,23,,,,,,1.37,1.00,0.94*10 (pico_gnss pico-gnss-rs/src/main.rs:483)
250.943881 [INFO ] NMEA $GNGSA,A,3,,,,,,,,,,,,,1.37,1.00,0.94*15 (pico_gnss pico-gnss-rs/src/main.rs:483)
251.002541 [INFO ] NMEA $GPGSV,4,1,13,25,82,073,19,32,64,320,16,12,42,047,24,28,39,291,15*74 (pico_gnss pico-gnss-rs/src/main.rs:483)
251.089948 [INFO ] NMEA $GPGSV,4,2,13,10,38,221,16,29,21,144,18,23,15,189,18,31,13,274,*7C (pico_gnss pico-gnss-rs/src/main.rs:483)
251.148426 [INFO ] NMEA $GPGSV,4,3,13,24,12,083,17,26,04,226,,193,,,,194,,,*75 (pico_gnss pico-gnss-rs/src/main.rs:483)
251.149774 [INFO ] NMEA $GPGSV,4,4,13,195,,,*46 (pico_gnss pico-gnss-rs/src/main.rs:483)
251.240221 [INFO ] NMEA $GLGSV,2,1,08,72,71,155,,75,66,277,,65,51,326,,74,44,027,*6A (pico_gnss pico-gnss-rs/src/main.rs:483)
251.298890 [INFO ] NMEA $GLGSV,2,2,08,71,17,151,18,76,17,235,,66,03,329,,73,01,045,16*6A (pico_gnss pico-gnss-rs/src/main.rs:483)
251.357515 [INFO ] NMEA $GNRMC,131425.000,A,0000.0000,N,00000.0000,E,0.09,36.94,080626,,,A*4B (pico_gnss pico-gnss-rs/src/main.rs:483)
251.360086 [INFO ] SYNC pps_local_us=244000567 unix_s=1780924465 drift_us=2 err_ns=11 holdover_ms=1000 (pico_gnss pico-gnss-rs/src/main.rs:514)
251.415660 [INFO ] NMEA $GPVTG,36.94,T,,M,0.09,N,0.17,K,A*0A (pico_gnss pico-gnss-rs/src/main.rs:483)
251.442528 [INFO ] PPSGEN count=246 interval_ns=1000002368 dev_ns=2368 phase_ns=-1783321 hwphase_ns=224 trim_ppb=18 cfg=2 p_ns=0 d_ns=8 (pico_gnss pico-gnss-rs/src/main.rs:330)
251.444006 [INFO ] PPS count=246 interval_us=1000002 interval_ns=1000002320 state=Locked missed=0 (pico_gnss pico-gnss-rs/src/main.rs:203)
251.449068 [INFO ] NMEA $GPZDA,131425.000,08,06,2026,,*5E (pico_gnss pico-gnss-rs/src/main.rs:483)
251.485424 [INFO ] NMEA $GPGST,131425.000,10,19,8.5,130.8,14,16,55*45 (pico_gnss pico-gnss-rs/src/main.rs:483)
251.773354 [INFO ] TIME unix_ns=1780924466329217909 ppb=2325 holdover_ms=1329 locked=1 (pico_gnss pico-gnss-rs/src/main.rs:237)
251.790219 [INFO ] NMEA $GPGGA,131426.000,0000.0000,N,00000.0000,E,1,7,1.00,63.3,M,39.0,M,,*67 (pico_gnss pico-gnss-rs/src/main.rs:483)
251.848271 [INFO ] NMEA $GNGLL,0000.0000,N,00000.0000,E,131426.000,A,A*46 (pico_gnss pico-gnss-rs/src/main.rs:483)
251.906741 [INFO ] NMEA $GNGSA,A,3,24,10,28,12,29,32,23,,,,,,1.37,1.00,0.94*10 (pico_gnss pico-gnss-rs/src/main.rs:483)
251.936209 [INFO ] NMEA $GNGSA,A,3,,,,,,,,,,,,,1.37,1.00,0.94*15 (pico_gnss pico-gnss-rs/src/main.rs:483)
252.023630 [INFO ] NMEA $GPGSV,4,1,13,25,82,073,18,32,64,320,16,12,42,047,24,28,39,291,13*73 (pico_gnss pico-gnss-rs/src/main.rs:483)
252.082280 [INFO ] NMEA $GPGSV,4,2,13,10,38,221,16,29,21,144,18,23,15,189,18,31,13,274,*7C (pico_gnss pico-gnss-rs/src/main.rs:483)
252.140728 [INFO ] NMEA $GPGSV,4,3,13,24,12,083,17,26,04,226,,193,,,,194,,,*75 (pico_gnss pico-gnss-rs/src/main.rs:483)
252.169949 [INFO ] NMEA $GPGSV,4,4,13,195,,,*46 (pico_gnss pico-gnss-rs/src/main.rs:483)
252.232534 [INFO ] NMEA $GLGSV,2,1,08,72,71,155,,75,66,277,,65,51,326,,74,44,027,*6A (pico_gnss pico-gnss-rs/src/main.rs:483)
252.319920 [INFO ] NMEA $GLGSV,2,2,08,71,17,151,18,76,17,235,,66,03,329,,73,01,045,16*6A (pico_gnss pico-gnss-rs/src/main.rs:483)
252.378550 [INFO ] NMEA $GNRMC,131426.000,A,0000.0000,N,00000.0000,E,0.15,36.94,080626,,,A*47 (pico_gnss pico-gnss-rs/src/main.rs:483)
252.381106 [INFO ] SYNC pps_local_us=245000569 unix_s=1780924466 drift_us=2 err_ns=-5 holdover_ms=999 (pico_gnss pico-gnss-rs/src/main.rs:514)
252.408212 [INFO ] NMEA $GPVTG,36.94,T,,M,0.15,N,0.28,K,A*0B (pico_gnss pico-gnss-rs/src/main.rs:483)
252.442540 [INFO ] PPSGEN count=247 interval_ns=1000002352 dev_ns=2352 phase_ns=-1769321 hwphase_ns=256 trim_ppb=16 cfg=2 p_ns=0 d_ns=8 (pico_gnss pico-gnss-rs/src/main.rs:330)
252.443994 [INFO ] PPS count=247 interval_us=1000002 interval_ns=1000002336 state=Locked missed=0 (pico_gnss pico-gnss-rs/src/main.rs:203)
252.470107 [INFO ] NMEA $GPZDA,131426.000,08,06,2026,,*5D (pico_gnss pico-gnss-rs/src/main.rs:483)
252.497698 [INFO ] NMEA $GPGST,131426.000,10,19,8.6,130.6,14,16,55*4B (pico_gnss pico-gnss-rs/src/main.rs:483)
252.768997 [INFO ] NMEA $GPGGA,131427.000,0000.0000,N,00000.0000,E,1,7,1.00,63.5,M,39.0,M,,*67 (pico_gnss pico-gnss-rs/src/main.rs:483)
252.774646 [INFO ] TIME unix_ns=1780924467330554906 ppb=2326 holdover_ms=1330 locked=1 (pico_gnss pico-gnss-rs/src/main.rs:237)
252.827439 [INFO ] NMEA $GNGLL,0000.0000,N,00000.0000,E,131427.000,A,A*40 (pico_gnss pico-gnss-rs/src/main.rs:483)
252.885857 [INFO ] NMEA $GNGSA,A,3,24,10,28,12,29,32,23,,,,,,1.37,1.00,0.94*10 (pico_gnss pico-gnss-rs/src/main.rs:483)
252.924500 [INFO ] NMEA $GNGSA,A,3,,,,,,,,,,,,,1.37,1.00,0.94*15 (pico_gnss pico-gnss-rs/src/main.rs:483)
253.011915 [INFO ] NMEA $GPGSV,4,1,13,25,82,073,18,32,64,320,16,12,42,047,24,28,39,291,13*73 (pico_gnss pico-gnss-rs/src/main.rs:483)
253.070629 [INFO ] NMEA $GPGSV,4,2,13,10,38,221,16,29,21,144,18,23,15,189,18,31,13,274,*7C (pico_gnss pico-gnss-rs/src/main.rs:483)
253.129118 [INFO ] NMEA $GPGSV,4,3,13,24,12,083,17,26,04,226,,193,,,,194,,,*75 (pico_gnss pico-gnss-rs/src/main.rs:483)
253.158380 [INFO ] NMEA $GPGSV,4,4,13,195,,,*46 (pico_gnss pico-gnss-rs/src/main.rs:483)
253.220969 [INFO ] NMEA $GLGSV,2,1,08,72,71,155,,75,66,277,,65,51,326,,74,44,027,*6A (pico_gnss pico-gnss-rs/src/main.rs:483)
253.279580 [INFO ] NMEA $GLGSV,2,2,08,71,17,151,18,76,17,235,,66,03,329,,73,01,045,16*6A (pico_gnss pico-gnss-rs/src/main.rs:483)
253.366997 [INFO ] NMEA $GNRMC,131427.000,A,0000.0000,N,00000.0000,E,0.12,36.94,080626,,,A*46 (pico_gnss pico-gnss-rs/src/main.rs:483)
253.369558 [INFO ] SYNC pps_local_us=246000572 unix_s=1780924467 drift_us=2 err_ns=11 holdover_ms=999 (pico_gnss pico-gnss-rs/src/main.rs:514)
253.396668 [INFO ] NMEA $GPVTG,36.94,T,,M,0.12,N,0.23,K,A*07 (pico_gnss pico-gnss-rs/src/main.rs:483)
253.425771 [INFO ] NMEA $GPZDA,131427.000,08,06,2026,,*5C (pico_gnss pico-gnss-rs/src/main.rs:483)
253.442532 [INFO ] PPSGEN count=248 interval_ns=1000002368 dev_ns=2368 phase_ns=-1745321 hwphase_ns=288 trim_ppb=14 cfg=2 p_ns=0 d_ns=8 (pico_gnss pico-gnss-rs/src/main.rs:330)
253.444024 [INFO ] PPS count=248 interval_us=1000002 interval_ns=1000002336 state=Locked missed=0 (pico_gnss pico-gnss-rs/src/main.rs:203)
253.476663 [INFO ] NMEA $GPGST,131427.000,10,19,8.5,130.6,14,16,55*49 (pico_gnss pico-gnss-rs/src/main.rs:483)
253.775953 [INFO ] TIME unix_ns=1780924468331841902 ppb=2326 holdover_ms=1331 locked=1 (pico_gnss pico-gnss-rs/src/main.rs:237)
253.794623 [INFO ] NMEA $GPGGA,131428.000,0000.0000,N,00000.0000,E,1,7,1.00,63.7,M,39.0,M,,*6D (pico_gnss pico-gnss-rs/src/main.rs:483)
253.852657 [INFO ] NMEA $GNGLL,0000.0000,N,00000.0000,E,131428.000,A,A*48 (pico_gnss pico-gnss-rs/src/main.rs:483)
253.911111 [INFO ] NMEA $GNGSA,A,3,24,10,28,12,29,32,23,,,,,,1.37,1.00,0.94*10 (pico_gnss pico-gnss-rs/src/main.rs:483)
253.959062 [INFO ] NMEA $GNGSA,A,3,,,,,,,,,,,,,1.37,1.00,0.94*15 (pico_gnss pico-gnss-rs/src/main.rs:483)
254.017710 [INFO ] NMEA $GPGSV,4,1,13,25,82,073,18,32,64,320,16,12,42,047,24,28,39,291,14*74 (pico_gnss pico-gnss-rs/src/main.rs:483)
254.105106 [INFO ] NMEA $GPGSV,4,2,13,10,38,221,15,29,21,144,18,23,15,189,18,31,13,274,*7F (pico_gnss pico-gnss-rs/src/main.rs:483)
254.163609 [INFO ] NMEA $GPGSV,4,3,13,24,12,083,17,26,04,226,,193,,,,194,,,*75 (pico_gnss pico-gnss-rs/src/main.rs:483)
254.192823 [INFO ] NMEA $GPGSV,4,4,13,195,,,*46 (pico_gnss pico-gnss-rs/src/main.rs:483)
254.255400 [INFO ] NMEA $GLGSV,2,1,08,72,71,155,,75,66,277,,65,51,326,,74,44,027,*6A (pico_gnss pico-gnss-rs/src/main.rs:483)
254.314051 [INFO ] NMEA $GLGSV,2,2,08,71,17,151,18,76,17,235,,66,03,329,,73,01,045,16*6A (pico_gnss pico-gnss-rs/src/main.rs:483)
254.372642 [INFO ] NMEA $GNRMC,131428.000,A,0000.0000,N,00000.0000,E,0.13,36.94,080626,,,A*4F (pico_gnss pico-gnss-rs/src/main.rs:483)
254.375190 [INFO ] SYNC pps_local_us=247000574 unix_s=1780924468 drift_us=2 err_ns=10 holdover_ms=1000 (pico_gnss pico-gnss-rs/src/main.rs:514)
254.430793 [INFO ] NMEA $GPVTG,36.94,T,,M,0.13,N,0.24,K,A*01 (pico_gnss pico-gnss-rs/src/main.rs:483)
254.442549 [INFO ] PPSGEN count=249 interval_ns=1000002352 dev_ns=2352 phase_ns=-1757322 hwphase_ns=304 trim_ppb=12 cfg=2 p_ns=0 d_ns=4 (pico_gnss pico-gnss-rs/src/main.rs:330)
254.444028 [INFO ] PPS count=249 interval_us=1000002 interval_ns=1000002336 state=Locked missed=0 (pico_gnss pico-gnss-rs/src/main.rs:203)
254.460423 [INFO ] NMEA $GPZDA,131428.000,08,06,2026,,*53 (pico_gnss pico-gnss-rs/src/main.rs:483)
254.501578 [INFO ] NMEA $GPGST,131428.000,10,20,8.5,130.6,14,16,55*4C (pico_gnss pico-gnss-rs/src/main.rs:483)
254.777278 [INFO ] TIME unix_ns=1780924469333143899 ppb=2326 holdover_ms=1333 locked=1 (pico_gnss pico-gnss-rs/src/main.rs:237)
254.822293 [INFO ] NMEA $GPGGA,131429.000,0000.0000,N,00000.0000,E,1,7,1.00,63.7,M,39.0,M,,*6F (pico_gnss pico-gnss-rs/src/main.rs:483)
254.880552 [INFO ] NMEA $GNGLL,0000.0000,N,00000.0000,E,131429.000,A,A*4A (pico_gnss pico-gnss-rs/src/main.rs:483)
254.939023 [INFO ] NMEA $GNGSA,A,3,24,10,28,12,29,32,23,,,,,,1.37,1.00,0.94*10 (pico_gnss pico-gnss-rs/src/main.rs:483)
254.968480 [INFO ] NMEA $GNGSA,A,3,,,,,,,,,,,,,1.37,1.00,0.94*15 (pico_gnss pico-gnss-rs/src/main.rs:483)
255.054878 [INFO ] NMEA $GPGSV,4,1,13,25,82,073,18,32,64,320,16,12,42,047,24,28,39,291,14*74 (pico_gnss pico-gnss-rs/src/main.rs:483)
255.113517 [INFO ] NMEA $GPGSV,4,2,13,10,38,221,16,29,21,144,18,23,15,189,18,31,13,274,*7C (pico_gnss pico-gnss-rs/src/main.rs:483)
255.171973 [INFO ] NMEA $GPGSV,4,3,13,24,12,083,17,26,04,226,,193,,,,194,,,*75 (pico_gnss pico-gnss-rs/src/main.rs:483)
255.201179 [INFO ] NMEA $GPGSV,4,4,13,195,,,*46 (pico_gnss pico-gnss-rs/src/main.rs:483)
255.263893 [INFO ] NMEA $GLGSV,2,1,08,72,71,155,,75,66,277,,65,51,326,,74,44,027,*6A (pico_gnss pico-gnss-rs/src/main.rs:483)
255.351259 [INFO ] NMEA $GLGSV,2,2,08,71,17,151,19,76,17,235,,66,03,329,,73,01,045,15*68 (pico_gnss pico-gnss-rs/src/main.rs:483)
255.409845 [INFO ] NMEA $GNRMC,131429.000,A,0000.0000,N,00000.0000,E,0.09,36.94,080626,,,A*46 (pico_gnss pico-gnss-rs/src/main.rs:483)
255.412421 [INFO ] SYNC pps_local_us=248000576 unix_s=1780924469 drift_us=2 err_ns=10 holdover_ms=1000 (pico_gnss pico-gnss-rs/src/main.rs:514)
255.442529 [INFO ] PPSGEN count=250 interval_ns=1000002352 dev_ns=2352 phase_ns=-1779322 hwphase_ns=320 trim_ppb=10 cfg=2 p_ns=0 d_ns=4 (pico_gnss pico-gnss-rs/src/main.rs:330)
255.443989 [INFO ] PPS count=250 interval_us=1000002 interval_ns=1000002320 state=Locked missed=0 (pico_gnss pico-gnss-rs/src/main.rs:203)
255.468296 [INFO ] NMEA $GPVTG,36.94,T,,M,0.09,N,0.16,K,A*0B (pico_gnss pico-gnss-rs/src/main.rs:483)
255.497329 [INFO ] NMEA $GPZDA,131429.000,08,06,2026,,*52 (pico_gnss pico-gnss-rs/src/main.rs:483)
255.529909 [INFO ] NMEA $GPGST,131429.000,10,20,8.3,130.9,14,16,55*44 (pico_gnss pico-gnss-rs/src/main.rs:483)
255.778564 [INFO ] TIME unix_ns=1780924470334459896 ppb=2326 holdover_ms=1334 locked=1 (pico_gnss pico-gnss-rs/src/main.rs:237)
255.846026 [INFO ] NMEA $GPGGA,131430.000,0000.0000,N,00000.0000,E,1,7,1.00,63.8,M,39.0,M,,*67 (pico_gnss pico-gnss-rs/src/main.rs:483)
255.904391 [INFO ] NMEA $GNGLL,0000.0000,N,00000.0000,E,131430.000,A,A*4D (pico_gnss pico-gnss-rs/src/main.rs:483)
255.962847 [INFO ] NMEA $GNGSA,A,3,24,10,28,12,29,32,23,,,,,,1.37,1.00,0.94*10 (pico_gnss pico-gnss-rs/src/main.rs:483)
255.992343 [INFO ] NMEA $GNGSA,A,3,,,,,,,,,,,,,1.37,1.00,0.94*15 (pico_gnss pico-gnss-rs/src/main.rs:483)
256.088002 [INFO ] NMEA $GPGSV,4,1,13,25,82,073,18,32,64,320,16,12,42,047,25,28,39,291,15*74 (pico_gnss pico-gnss-rs/src/main.rs:483)
256.146679 [INFO ] NMEA $GPGSV,4,2,13,10,38,221,16,29,21,144,18,23,15,189,18,31,13,274,*7C (pico_gnss pico-gnss-rs/src/main.rs:483)
256.205129 [INFO ] NMEA $GPGSV,4,3,13,24,12,083,17,26,04,226,,193,,,,194,,,*75 (pico_gnss pico-gnss-rs/src/main.rs:483)
256.234394 [INFO ] NMEA $GPGSV,4,4,13,195,,,*46 (pico_gnss pico-gnss-rs/src/main.rs:483)
256.296973 [INFO ] NMEA $GLGSV,2,1,08,72,71,155,,75,66,277,,65,51,326,,74,44,027,*6A (pico_gnss pico-gnss-rs/src/main.rs:483)
256.355545 [INFO ] NMEA $GLGSV,2,2,08,71,17,151,19,76,17,235,,66,03,329,,73,01,045,16*6B (pico_gnss pico-gnss-rs/src/main.rs:483)
256.442544 [INFO ] PPSGEN count=251 interval_ns=1000002352 dev_ns=2352 phase_ns=-1796648 hwphase_ns=352 trim_ppb=8 cfg=2 p_ns=0 d_ns=8 (pico_gnss pico-gnss-rs/src/main.rs:330)
256.444018 [INFO ] PPS count=251 interval_us=1000002 interval_ns=1000002336 state=Locked missed=0 (pico_gnss pico-gnss-rs/src/main.rs:203)
256.445801 [INFO ] NMEA $GNRMC,131430.000,A,0000.0000,N,00000.0000,E,0.05,36.94,080626,,,A*4D (pico_gnss pico-gnss-rs/src/main.rs:483)
256.448383 [INFO ] SYNC pps_local_us=250000581 unix_s=1780924470 drift_us=2 err_ns=3 holdover_ms=1999 (pico_gnss pico-gnss-rs/src/main.rs:514)
256.474598 [INFO ] NMEA $GPVTG,36.94,T,,M,0.05,N,0.10,K,A*01 (pico_gnss pico-gnss-rs/src/main.rs:483)
256.503650 [INFO ] NMEA $GPZDA,131430.000,08,06,2026,,*5A (pico_gnss pico-gnss-rs/src/main.rs:483)
256.553752 [INFO ] NMEA $GPGST,131430.000,10,20,8.2,131.2,15,16,56*45 (pico_gnss pico-gnss-rs/src/main.rs:483)
256.779844 [INFO ] TIME unix_ns=1780924470335765219 ppb=2327 holdover_ms=335 locked=1 (pico_gnss pico-gnss-rs/src/main.rs:237)
256.868112 [INFO ] NMEA $GPGGA,131431.000,0000.0000,N,00000.0000,E,1,7,1.00,63.9,M,39.0,M,,*6A (pico_gnss pico-gnss-rs/src/main.rs:483)
256.926464 [INFO ] NMEA $GNGLL,0000.0000,N,00000.0000,E,131431.000,A,A*41 (pico_gnss pico-gnss-rs/src/main.rs:483)
256.984940 [INFO ] NMEA $GNGSA,A,3,24,10,28,12,29,32,23,,,,,,1.37,1.00,0.94*10 (pico_gnss pico-gnss-rs/src/main.rs:483)
257.014415 [INFO ] NMEA $GNGSA,A,3,,,,,,,,,,,,,1.37,1.00,0.94*15 (pico_gnss pico-gnss-rs/src/main.rs:483)
257.090472 [INFO ] NMEA $GPGSV,4,1,13,25,82,073,18,32,64,320,16,12,42,047,25,28,39,291,15*74 (pico_gnss pico-gnss-rs/src/main.rs:483)
257.177891 [INFO ] NMEA $GPGSV,4,2,13,10,38,221,16,29,21,144,18,23,15,189,18,31,13,274,*7C (pico_gnss pico-gnss-rs/src/main.rs:483)
257.236394 [INFO ] NMEA $GPGSV,4,3,13,24,12,083,17,26,04,226,,193,,,,194,,,*75 (pico_gnss pico-gnss-rs/src/main.rs:483)
257.265630 [INFO ] NMEA $GPGSV,4,4,13,195,,,*46 (pico_gnss pico-gnss-rs/src/main.rs:483)
257.328192 [INFO ] NMEA $GLGSV,2,1,08,72,71,155,,75,66,277,,65,51,326,,74,44,027,*6A (pico_gnss pico-gnss-rs/src/main.rs:483)
257.386732 [INFO ] NMEA $GLGSV,2,2,08,71,17,151,19,76,17,235,,66,03,329,,73,01,045,16*6B (pico_gnss pico-gnss-rs/src/main.rs:483)
257.442564 [INFO ] PPSGEN count=252 interval_ns=1000002368 dev_ns=2368 phase_ns=-1782322 hwphase_ns=384 trim_ppb=5 cfg=2 p_ns=0 d_ns=8 (pico_gnss pico-gnss-rs/src/main.rs:330)
257.444071 [INFO ] PPS count=252 interval_us=1000002 interval_ns=1000002336 state=Locked missed=0 (pico_gnss pico-gnss-rs/src/main.rs:203)
257.474108 [INFO ] NMEA $GNRMC,131431.000,A,0000.0000,N,00000.0000,E,0.11,36.94,080626,,,A*44 (pico_gnss pico-gnss-rs/src/main.rs:483)
257.476702 [INFO ] SYNC pps_local_us=251000583 unix_s=1780924471 drift_us=2 err_ns=10 holdover_ms=1000 (pico_gnss pico-gnss-rs/src/main.rs:514)
257.503685 [INFO ] NMEA $GPVTG,36.94,T,,M,0.11,N,0.21,K,A*06 (pico_gnss pico-gnss-rs/src/main.rs:483)
257.532750 [INFO ] NMEA $GPZDA,131431.000,08,06,2026,,*5B (pico_gnss pico-gnss-rs/src/main.rs:483)
257.575561 [INFO ] NMEA $GPGST,131431.000,10,20,8.5,130.3,14,16,55*41 (pico_gnss pico-gnss-rs/src/main.rs:483)
257.781111 [INFO ] TIME unix_ns=1780924471336991216 ppb=2327 holdover_ms=336 locked=1 (pico_gnss pico-gnss-rs/src/main.rs:237)
257.878110 [INFO ] NMEA $GPGGA,131432.000,0000.0000,N,00000.0000,E,1,7,1.00,64.2,M,39.0,M,,*65 (pico_gnss pico-gnss-rs/src/main.rs:483)
257.936450 [INFO ] NMEA $GNGLL,0000.0000,N,00000.0000,E,131432.000,A,A*42 (pico_gnss pico-gnss-rs/src/main.rs:483)
257.994916 [INFO ] NMEA $GNGSA,A,3,24,10,28,12,29,32,23,,,,,,1.37,1.00,0.94*10 (pico_gnss pico-gnss-rs/src/main.rs:483)
258.024413 [INFO ] NMEA $GNGSA,A,3,,,,,,,,,,,,,1.37,1.00,0.94*15 (pico_gnss pico-gnss-rs/src/main.rs:483)
258.109762 [INFO ] NMEA $GPGSV,4,1,13,25,82,073,18,32,64,320,16,12,42,047,25,28,39,291,16*77 (pico_gnss pico-gnss-rs/src/main.rs:483)
258.168378 [INFO ] NMEA $GPGSV,4,2,13,10,38,221,16,29,21,144,18,23,15,189,18,31,13,274,*7C (pico_gnss pico-gnss-rs/src/main.rs:483)
258.226864 [INFO ] NMEA $GPGSV,4,3,13,24,12,083,17,26,04,226,,193,,,,194,,,*75 (pico_gnss pico-gnss-rs/src/main.rs:483)
258.256083 [INFO ] NMEA $GPGSV,4,4,13,195,,,*46 (pico_gnss pico-gnss-rs/src/main.rs:483)
258.314595 [INFO ] NMEA $GLGSV,2,1,08,72,71,155,,75,66,277,,65,51,326,,74,44,027,*6A (pico_gnss pico-gnss-rs/src/main.rs:483)
258.405906 [INFO ] NMEA $GLGSV,2,2,08,71,17,151,19,76,17,235,,66,03,329,,73,01,045,15*68 (pico_gnss pico-gnss-rs/src/main.rs:483)
258.442554 [INFO ] PPSGEN count=253 interval_ns=1000002336 dev_ns=2336 phase_ns=-1820322 hwphase_ns=384 trim_ppb=2 cfg=2 p_ns=0 d_ns=0 (pico_gnss pico-gnss-rs/src/main.rs:330)
258.444021 [INFO ] PPS count=253 interval_us=1000002 interval_ns=1000002320 state=Locked missed=0 (pico_gnss pico-gnss-rs/src/main.rs:203)
258.464940 [INFO ] NMEA $GNRMC,131432.000,A,0000.0000,N,00000.0000,E,0.11,36.94,080626,,,A*47 (pico_gnss pico-gnss-rs/src/main.rs:483)
258.467519 [INFO ] SYNC pps_local_us=252000586 unix_s=1780924472 drift_us=2 err_ns=-6 holdover_ms=999 (pico_gnss pico-gnss-rs/src/main.rs:514)
258.522615 [INFO ] NMEA $GPVTG,36.94,T,,M,0.11,N,0.21,K,A*06 (pico_gnss pico-gnss-rs/src/main.rs:483)
258.551937 [INFO ] NMEA $GPZDA,131432.000,08,06,2026,,*58 (pico_gnss pico-gnss-rs/src/main.rs:483)
258.581385 [INFO ] NMEA $GPGST,131432.000,10,19,8.4,130.3,14,16,54*48 (pico_gnss pico-gnss-rs/src/main.rs:483)
258.782977 [INFO ] TIME unix_ns=1780924472338856212 ppb=2327 holdover_ms=338 locked=1 (pico_gnss pico-gnss-rs/src/main.rs:237)
258.844164 [INFO ] NMEA $GPGGA,131433.000,0000.0000,N,00000.0000,E,1,7,1.00,64.4,M,39.0,M,,*62 (pico_gnss pico-gnss-rs/src/main.rs:483)
258.902507 [INFO ] NMEA $GNGLL,0000.0000,N,00000.0000,E,131433.000,A,A*43 (pico_gnss pico-gnss-rs/src/main.rs:483)
258.960972 [INFO ] NMEA $GNGSA,A,3,24,10,28,12,29,32,23,,,,,,1.37,1.00,0.94*10 (pico_gnss pico-gnss-rs/src/main.rs:483)
258.990490 [INFO ] NMEA $GNGSA,A,3,,,,,,,,,,,,,1.37,1.00,0.94*15 (pico_gnss pico-gnss-rs/src/main.rs:483)
259.081964 [INFO ] NMEA $GPGSV,4,1,13,25,82,073,18,32,64,320,17,12,42,047,25,28,39,291,16*76 (pico_gnss pico-gnss-rs/src/main.rs:483)
259.140627 [INFO ] NMEA $GPGSV,4,2,13,10,38,221,16,29,21,144,18,23,15,189,18,31,13,274,*7C (pico_gnss pico-gnss-rs/src/main.rs:483)
259.199082 [INFO ] NMEA $GPGSV,4,3,13,24,12,083,17,26,04,226,,193,,,,194,,,*75 (pico_gnss pico-gnss-rs/src/main.rs:483)
259.228331 [INFO ] NMEA $GPGSV,4,4,13,195,,,*46 (pico_gnss pico-gnss-rs/src/main.rs:483)
259.286791 [INFO ] NMEA $GLGSV,2,1,08,72,71,155,,75,66,277,,65,51,326,,74,44,027,*6A (pico_gnss pico-gnss-rs/src/main.rs:483)
259.349468 [INFO ] NMEA $GLGSV,2,2,08,71,17,151,18,76,17,235,,66,03,329,,73,01,045,15*69 (pico_gnss pico-gnss-rs/src/main.rs:483)
259.436783 [INFO ] NMEA $GNRMC,131433.000,A,0000.0000,N,00000.0000,E,0.06,36.94,080626,,,A*40 (pico_gnss pico-gnss-rs/src/main.rs:483)
259.442638 [INFO ] PPSGEN count=254 interval_ns=1000002352 dev_ns=2352 phase_ns=-1736322 hwphase_ns=416 trim_ppb=-1 cfg=2 p_ns=0 d_ns=8 (pico_gnss pico-gnss-rs/src/main.rs:330)
259.444230 [INFO ] PPS count=254 interval_us=1000002 interval_ns=1000002320 state=Locked missed=0 (pico_gnss pico-gnss-rs/src/main.rs:203)
259.466603 [INFO ] NMEA $GPVTG,36.94,T,,M,0.06,N,0.11,K,A*03 (pico_gnss pico-gnss-rs/src/main.rs:483)
259.495558 [INFO ] NMEA $GPZDA,131433.000,08,06,2026,,*59 (pico_gnss pico-gnss-rs/src/main.rs:483)
259.548584 [INFO ] NMEA $GPGST,131433.000,10,19,8.4,130.4,14,16,55*4F (pico_gnss pico-gnss-rs/src/main.rs:483)
259.784248 [INFO ] TIME unix_ns=1780924473340154883 ppb=2326 holdover_ms=1340 locked=1 (pico_gnss pico-gnss-rs/src/main.rs:237)
259.880497 [INFO ] NMEA $GPGGA,131434.000,0000.0000,N,00000.0000,E,1,7,1.00,64.6,M,39.0,M,,*68 (pico_gnss pico-gnss-rs/src/main.rs:483)
259.910196 [INFO ] NMEA $GNGLL,0000.0000,N,00000.0000,E,131434.000,A,A*4B (pico_gnss pico-gnss-rs/src/main.rs:483)
259.968584 [INFO ] NMEA $GNGSA,A,3,24,10,28,12,29,32,23,,,,,,1.37,1.00,0.94*10 (pico_gnss pico-gnss-rs/src/main.rs:483)
260.026787 [INFO ] NMEA $GNGSA,A,3,,,,,,,,,,,,,1.37,1.00,0.94*15 (pico_gnss pico-gnss-rs/src/main.rs:483)
260.089583 [INFO ] NMEA $GPGSV,4,1,13,25,82,073,18,32,64,320,17,12,42,047,25,28,39,291,16*76 (pico_gnss pico-gnss-rs/src/main.rs:483)
260.176994 [INFO ] NMEA $GPGSV,4,2,13,10,38,221,16,29,21,144,18,23,15,189,18,31,13,274,*7C (pico_gnss pico-gnss-rs/src/main.rs:483)
260.235485 [INFO ] NMEA $GPGSV,4,3,13,24,12,083,17,26,04,226,,193,,,,194,,,*75 (pico_gnss pico-gnss-rs/src/main.rs:483)
260.264692 [INFO ] NMEA $GPGSV,4,4,13,195,,,*46 (pico_gnss pico-gnss-rs/src/main.rs:483)
260.323192 [INFO ] NMEA $GLGSV,2,1,08,72,71,155,,75,66,277,,65,51,326,,74,44,027,*6A (pico_gnss pico-gnss-rs/src/main.rs:483)
260.385780 [INFO ] NMEA $GLGSV,2,2,08,71,17,151,,76,17,235,,66,03,329,,73,01,045,14*61 (pico_gnss pico-gnss-rs/src/main.rs:483)
260.442545 [INFO ] PPSGEN count=255 interval_ns=1000002352 dev_ns=2352 phase_ns=-1796648 hwphase_ns=448 trim_ppb=-4 cfg=2 p_ns=0 d_ns=8 (pico_gnss pico-gnss-rs/src/main.rs:330)
260.444099 [INFO ] PPS count=255 interval_us=1000002 interval_ns=1000002336 state=Locked missed=0 (pico_gnss pico-gnss-rs/src/main.rs:203)
260.446175 [INFO ] NMEA $GNRMC,131434.000,A,0000.0000,N,00000.0000,E,0.99,36.94,080626,,,A*4E (pico_gnss pico-gnss-rs/src/main.rs:483)
260.448726 [INFO ] SYNC pps_local_us=254000590 unix_s=1780924474 drift_us=2 err_ns=3 holdover_ms=2000 (pico_gnss pico-gnss-rs/src/main.rs:514)
260.503561 [INFO ] NMEA $GPVTG,36.94,T,,M,0.99,N,1.83,K,A*0F (pico_gnss pico-gnss-rs/src/main.rs:483)
260.532855 [INFO ] NMEA $GPZDA,131434.000,08,06,2026,,*5E (pico_gnss pico-gnss-rs/src/main.rs:483)
260.573373 [INFO ] NMEA $GPGST,131434.000,10,20,8.4,130.9,14,16,55*4F (pico_gnss pico-gnss-rs/src/main.rs:483)
260.785513 [INFO ] TIME unix_ns=1780924474341377206 ppb=2327 holdover_ms=341 locked=1 (pico_gnss pico-gnss-rs/src/main.rs:237)
260.893041 [INFO ] NMEA $GPGGA,131435.000,0000.0000,N,00000.0000,E,1,7,1.00,64.7,M,39.0,M,,*64 (pico_gnss pico-gnss-rs/src/main.rs:483)
260.951417 [INFO ] NMEA $GNGLL,0000.0000,N,00000.0000,E,131435.000,A,A*46 (pico_gnss pico-gnss-rs/src/main.rs:483)
261.009840 [INFO ] NMEA $GNGSA,A,3,24,10,28,12,29,32,23,,,,,,1.37,1.00,0.94*10 (pico_gnss pico-gnss-rs/src/main.rs:483)
261.068050 [INFO ] NMEA $GNGSA,A,3,,,,,,,,,,,,,1.37,1.00,0.94*15 (pico_gnss pico-gnss-rs/src/main.rs:483)
261.130863 [INFO ] NMEA $GPGSV,4,1,13,25,82,073,18,32,64,320,17,12,42,047,25,28,39,291,16*76 (pico_gnss pico-gnss-rs/src/main.rs:483)
261.189517 [INFO ] NMEA $GPGSV,4,2,13,10,38,221,16,29,21,144,18,23,15,189,18,31,13,274,*7C (pico_gnss pico-gnss-rs/src/main.rs:483)
261.247983 [INFO ] NMEA $GPGSV,4,3,13,24,12,083,17,26,04,226,,193,,,,194,,,*75 (pico_gnss pico-gnss-rs/src/main.rs:483)
261.277192 [INFO ] NMEA $GPGSV,4,4,13,195,,,*46 (pico_gnss pico-gnss-rs/src/main.rs:483)
261.335692 [INFO ] NMEA $GLGSV,2,1,08,72,71,155,,75,66,277,,65,51,326,,74,44,027,*6A (pico_gnss pico-gnss-rs/src/main.rs:483)
261.426992 [INFO ] NMEA $GLGSV,2,2,08,71,17,151,17,76,17,235,,66,03,329,,73,01,045,14*67 (pico_gnss pico-gnss-rs/src/main.rs:483)
261.442581 [INFO ] PPSGEN count=256 interval_ns=1000002336 dev_ns=2336 phase_ns=-1810322 hwphase_ns=448 trim_ppb=-7 cfg=2 p_ns=0 d_ns=0 (pico_gnss pico-gnss-rs/src/main.rs:330)
261.444129 [INFO ] PPS count=256 interval_us=1000002 interval_ns=1000002336 state=Locked missed=0 (pico_gnss pico-gnss-rs/src/main.rs:203)
261.485718 [INFO ] NMEA $GNRMC,131435.000,A,0000.0000,N,00000.0000,E,2.09,36.94,080626,,,A*48 (pico_gnss pico-gnss-rs/src/main.rs:483)
261.488324 [INFO ] SYNC pps_local_us=255000593 unix_s=1780924475 drift_us=2 err_ns=9 holdover_ms=1000 (pico_gnss pico-gnss-rs/src/main.rs:514)
261.543695 [INFO ] NMEA $GPVTG,36.94,T,,M,2.09,N,3.86,K,A*03 (pico_gnss pico-gnss-rs/src/main.rs:483)
261.573006 [INFO ] NMEA $GPZDA,131435.000,08,06,2026,,*5F (pico_gnss pico-gnss-rs/src/main.rs:483)
261.602460 [INFO ] NMEA $GPGST,131435.000,10,19,8.5,130.3,14,16,54*4E (pico_gnss pico-gnss-rs/src/main.rs:483)
261.786765 [INFO ] TIME unix_ns=1780924475342590203 ppb=2327 holdover_ms=342 locked=1 (pico_gnss pico-gnss-rs/src/main.rs:237)
261.914199 [INFO ] NMEA $GPGGA,131436.000,0000.0000,N,00000.0000,E,1,7,1.00,65.3,M,39.0,M,,*66 (pico_gnss pico-gnss-rs/src/main.rs:483)
261.972561 [INFO ] NMEA $GNGLL,0000.0000,N,00000.0000,E,131436.000,A,A*41 (pico_gnss pico-gnss-rs/src/main.rs:483)
262.031033 [INFO ] NMEA $GNGSA,A,3,24,10,28,12,29,32,23,,,,,,1.37,1.00,0.94*10 (pico_gnss pico-gnss-rs/src/main.rs:483)
262.060570 [INFO ] NMEA $GNGSA,A,3,,,,,,,,,,,,,1.37,1.00,0.94*15 (pico_gnss pico-gnss-rs/src/main.rs:483)
262.152006 [INFO ] NMEA $GPGSV,4,1,13,25,82,073,18,32,64,320,17,12,42,047,25,28,39,291,16*76 (pico_gnss pico-gnss-rs/src/main.rs:483)
262.210698 [INFO ] NMEA $GPGSV,4,2,13,10,38,221,16,29,21,144,18,23,15,189,18,31,13,274,*7C (pico_gnss pico-gnss-rs/src/main.rs:483)
262.269121 [INFO ] NMEA $GPGSV,4,3,13,24,12,083,16,26,04,226,,193,,,,194,,,*74 (pico_gnss pico-gnss-rs/src/main.rs:483)
262.298396 [INFO ] NMEA $GPGSV,4,4,13,195,,,*46 (pico_gnss pico-gnss-rs/src/main.rs:483)
262.356790 [INFO ] NMEA $GLGSV,2,1,08,72,71,155,,75,66,277,,65,51,326,,74,44,027,*6A (pico_gnss pico-gnss-rs/src/main.rs:483)
262.419373 [INFO ] NMEA $GLGSV,2,2,08,71,17,151,16,76,17,235,,66,03,329,,73,01,045,14*66 (pico_gnss pico-gnss-rs/src/main.rs:483)
262.442580 [INFO ] PPSGEN count=257 interval_ns=1000002336 dev_ns=2336 phase_ns=-1847322 hwphase_ns=448 trim_ppb=-10 cfg=2 p_ns=0 d_ns=0 (pico_gnss pico-gnss-rs/src/main.rs:330)
262.444147 [INFO ] PPS count=257 interval_us=1000002 interval_ns=1000002320 state=Locked missed=0 (pico_gnss pico-gnss-rs/src/main.rs:203)
262.506737 [INFO ] NMEA $GNRMC,131436.000,A,0000.0000,N,00000.0000,E,2.45,73.93,080626,,,A*41 (pico_gnss pico-gnss-rs/src/main.rs:483)
262.509335 [INFO ] SYNC pps_local_us=256000595 unix_s=1780924476 drift_us=2 err_ns=-6 holdover_ms=1000 (pico_gnss pico-gnss-rs/src/main.rs:514)
262.536367 [INFO ] NMEA $GPVTG,73.93,T,,M,2.45,N,4.53,K,A*02 (pico_gnss pico-gnss-rs/src/main.rs:483)
262.565428 [INFO ] NMEA $GPZDA,131436.000,08,06,2026,,*5C (pico_gnss pico-gnss-rs/src/main.rs:483)
262.617459 [INFO ] NMEA $GPGST,131436.000,10,17,8.2,126.5,12,15,44*41 (pico_gnss pico-gnss-rs/src/main.rs:483)
262.788014 [INFO ] TIME unix_ns=1780924476343818201 ppb=2327 holdover_ms=343 locked=1 (pico_gnss pico-gnss-rs/src/main.rs:237)
262.922454 [INFO ] NMEA $GPGGA,131437.000,0000.0000,N,00000.0000,E,1,7,1.00,65.6,M,39.0,M,,*62 (pico_gnss pico-gnss-rs/src/main.rs:483)
262.952087 [INFO ] NMEA $GNGLL,0000.0000,N,00000.0000,E,131437.000,A,A*40 (pico_gnss pico-gnss-rs/src/main.rs:483)
263.010497 [INFO ] NMEA $GNGSA,A,3,24,10,28,12,29,32,23,,,,,,1.37,1.00,0.94*10 (pico_gnss pico-gnss-rs/src/main.rs:483)
263.068678 [INFO ] NMEA $GNGSA,A,3,,,,,,,,,,,,,1.37,1.00,0.94*15 (pico_gnss pico-gnss-rs/src/main.rs:483)
263.127385 [INFO ] NMEA $GPGSV,4,1,13,25,82,073,18,32,64,320,17,12,42,047,25,28,39,291,15*75 (pico_gnss pico-gnss-rs/src/main.rs:483)
263.218890 [INFO ] NMEA $GPGSV,4,2,13,10,38,221,15,29,21,144,18,23,15,189,18,31,13,274,*7F (pico_gnss pico-gnss-rs/src/main.rs:483)
263.277389 [INFO ] NMEA $GPGSV,4,3,13,24,12,083,16,26,04,226,,193,,,,194,,,*74 (pico_gnss pico-gnss-rs/src/main.rs:483)
263.306655 [INFO ] NMEA $GPGSV,4,4,13,195,,,*46 (pico_gnss pico-gnss-rs/src/main.rs:483)
263.365075 [INFO ] NMEA $GLGSV,2,1,08,72,71,155,,75,66,277,,65,51,326,,74,44,027,*6A (pico_gnss pico-gnss-rs/src/main.rs:483)
263.427624 [INFO ] NMEA $GLGSV,2,2,08,71,17,151,16,76,17,235,,66,03,329,,73,01,045,14*66 (pico_gnss pico-gnss-rs/src/main.rs:483)
263.442586 [INFO ] PPSGEN count=258 interval_ns=1000002336 dev_ns=2336 phase_ns=-1858322 hwphase_ns=464 trim_ppb=-13 cfg=2 p_ns=0 d_ns=4 (pico_gnss pico-gnss-rs/src/main.rs:330)
263.444146 [INFO ] PPS count=258 interval_us=1000002 interval_ns=1000002320 state=Locked missed=0 (pico_gnss pico-gnss-rs/src/main.rs:203)
263.514956 [INFO ] NMEA $GNRMC,131437.000,A,0000.0000,N,00000.0000,E,1.65,91.73,080626,,,A*43 (pico_gnss pico-gnss-rs/src/main.rs:483)
263.517556 [INFO ] SYNC pps_local_us=257000597 unix_s=1780924477 drift_us=2 err_ns=-6 holdover_ms=1000 (pico_gnss pico-gnss-rs/src/main.rs:514)
263.544597 [INFO ] NMEA $GPVTG,91.73,T,,M,1.65,N,3.07,K,A*07 (pico_gnss pico-gnss-rs/src/main.rs:483)
263.573659 [INFO ] NMEA $GPZDA,131437.000,08,06,2026,,*5D (pico_gnss pico-gnss-rs/src/main.rs:483)
263.616270 [INFO ] NMEA $GPGST,131437.000,10,17,7.9,126.7,12,15,45*47 (pico_gnss pico-gnss-rs/src/main.rs:483)
263.789267 [INFO ] TIME unix_ns=1780924477345060198 ppb=2327 holdover_ms=345 locked=1 (pico_gnss pico-gnss-rs/src/main.rs:237)
263.928073 [INFO ] NMEA $GPGGA,131438.000,0000.0000,N,00000.0000,E,1,7,1.00,65.7,M,39.0,M,,*6C (pico_gnss pico-gnss-rs/src/main.rs:483)
263.986435 [INFO ] NMEA $GNGLL,0000.0000,N,00000.0000,E,131438.000,A,A*4F (pico_gnss pico-gnss-rs/src/main.rs:483)
264.044858 [INFO ] NMEA $GNGSA,A,3,24,10,28,12,29,32,23,,,,,,1.37,1.00,0.94*10 (pico_gnss pico-gnss-rs/src/main.rs:483)
264.103118 [INFO ] NMEA $GNGSA,A,3,,,,,,,,,,,,,1.37,1.00,0.94*15 (pico_gnss pico-gnss-rs/src/main.rs:483)
264.161779 [INFO ] NMEA $GPGSV,4,1,13,25,82,073,18,32,64,320,17,12,42,047,25,28,39,291,15*75 (pico_gnss pico-gnss-rs/src/main.rs:483)
264.224532 [INFO ] NMEA $GPGSV,4,2,13,10,37,221,16,29,21,144,18,23,15,189,18,31,13,274,*73 (pico_gnss pico-gnss-rs/src/main.rs:483)
264.283022 [INFO ] NMEA $GPGSV,4,3,13,24,12,083,16,26,04,226,,193,,,,194,,,*74 (pico_gnss pico-gnss-rs/src/main.rs:483)
264.312221 [INFO ] NMEA $GPGSV,4,4,13,195,,,*46 (pico_gnss pico-gnss-rs/src/main.rs:483)
264.370647 [INFO ] NMEA $GLGSV,2,1,08,72,71,155,,75,66,277,,65,51,326,,74,44,027,*6A (pico_gnss pico-gnss-rs/src/main.rs:483)
264.442572 [INFO ] PPSGEN count=259 interval_ns=1000002336 dev_ns=2336 phase_ns=-1889322 hwphase_ns=480 trim_ppb=-16 cfg=2 p_ns=0 d_ns=4 (pico_gnss pico-gnss-rs/src/main.rs:330)
264.444128 [INFO ] PPS count=259 interval_us=1000002 interval_ns=1000002320 state=Locked missed=0 (pico_gnss pico-gnss-rs/src/main.rs:203)
264.462064 [INFO ] NMEA $GLGSV,2,2,08,71,17,151,14,76,17,235,,66,03,329,,73,01,045,*61 (pico_gnss pico-gnss-rs/src/main.rs:483)
264.520532 [INFO ] NMEA $GNRMC,131438.000,A,0000.0000,N,00000.0000,E,1.17,102.38,080626,,,A*7D (pico_gnss pico-gnss-rs/src/main.rs:483)
264.523147 [INFO ] SYNC pps_local_us=258000600 unix_s=1780924478 drift_us=2 err_ns=-6 holdover_ms=999 (pico_gnss pico-gnss-rs/src/main.rs:514)
264.578680 [INFO ] NMEA $GPVTG,102.38,T,,M,1.17,N,2.17,K,A*36 (pico_gnss pico-gnss-rs/src/main.rs:483)
264.607970 [INFO ] NMEA $GPZDA,131438.000,08,06,2026,,*52 (pico_gnss pico-gnss-rs/src/main.rs:483)
264.637426 [INFO ] NMEA $GPGST,131438.000,10,17,7.9,127.2,12,15,47*4E (pico_gnss pico-gnss-rs/src/main.rs:483)
264.790570 [INFO ] TIME unix_ns=1780924478346347195 ppb=2326 holdover_ms=346 locked=1 (pico_gnss pico-gnss-rs/src/main.rs:237)
264.797493 [INFO ] NMEA $GPGGA,131439.000,0000.0000,N,00000.0000,E,1,7,1.00,65.9,M,39.0,M,,*6E (pico_gnss pico-gnss-rs/src/main.rs:483)
264.855762 [INFO ] NMEA $GNGLL,0000.0000,N,00000.0000,E,131439.000,A,A*43 (pico_gnss pico-gnss-rs/src/main.rs:483)
264.914232 [INFO ] NMEA $GNGSA,A,3,24,10,28,12,29,32,23,,,,,,1.37,1.00,0.94*10 (pico_gnss pico-gnss-rs/src/main.rs:483)
264.943760 [INFO ] NMEA $GNGSA,A,3,,,,,,,,,,,,,1.37,1.00,0.94*15 (pico_gnss pico-gnss-rs/src/main.rs:483)
265.031122 [INFO ] NMEA $GPGSV,4,1,13,25,82,073,18,32,64,320,17,12,42,047,25,28,39,291,16*76 (pico_gnss pico-gnss-rs/src/main.rs:483)
265.093890 [INFO ] NMEA $GPGSV,4,2,13,10,37,221,16,29,21,144,18,23,15,189,18,31,13,274,*73 (pico_gnss pico-gnss-rs/src/main.rs:483)
265.152340 [INFO ] NMEA $GPGSV,4,3,13,24,12,083,15,26,04,226,,193,,,,194,,,*77 (pico_gnss pico-gnss-rs/src/main.rs:483)
265.181605 [INFO ] NMEA $GPGSV,4,4,13,195,,,*46 (pico_gnss pico-gnss-rs/src/main.rs:483)
265.240056 [INFO ] NMEA $GLGSV,2,1,08,72,71,155,,75,66,277,,65,51,326,,74,44,027,*6A (pico_gnss pico-gnss-rs/src/main.rs:483)
265.298653 [INFO ] NMEA $GLGSV,2,2,08,71,17,151,17,76,17,235,,66,03,329,,73,01,045,*62 (pico_gnss pico-gnss-rs/src/main.rs:483)
265.390117 [INFO ] NMEA $GNRMC,131439.000,A,0000.0000,N,00000.0000,E,0.64,141.77,080626,,,A*78 (pico_gnss pico-gnss-rs/src/main.rs:483)
265.419723 [INFO ] NMEA $GPVTG,141.77,T,,M,0.64,N,1.19,K,A*32 (pico_gnss pico-gnss-rs/src/main.rs:483)
265.442611 [INFO ] PPSGEN count=260 interval_ns=1000002336 dev_ns=2336 phase_ns=-1829322 hwphase_ns=496 trim_ppb=-19 cfg=2 p_ns=0 d_ns=4 (pico_gnss pico-gnss-rs/src/main.rs:330)
265.444190 [INFO ] PPS count=260 interval_us=1000002 interval_ns=1000002336 state=Locked missed=0 (pico_gnss pico-gnss-rs/src/main.rs:203)
265.449221 [INFO ] NMEA $GPZDA,131439.000,08,06,2026,,*53 (pico_gnss pico-gnss-rs/src/main.rs:483)
265.501964 [INFO ] NMEA $GPGST,131439.000,10,18,8.0,127.9,13,15,49*42 (pico_gnss pico-gnss-rs/src/main.rs:483)
265.791866 [INFO ] TIME unix_ns=1780924479347634865 ppb=2327 holdover_ms=1347 locked=1 (pico_gnss pico-gnss-rs/src/main.rs:237)
265.847411 [INFO ] NMEA $GPGGA,131440.000,0000.0000,N,00000.0000,E,1,7,1.00,66.0,M,39.0,M,,*67 (pico_gnss pico-gnss-rs/src/main.rs:483)
265.877077 [INFO ] NMEA $GNGLL,0000.0000,N,00000.0000,E,131440.000,A,A*40 (pico_gnss pico-gnss-rs/src/main.rs:483)
265.935449 [INFO ] NMEA $GNGSA,A,3,24,10,28,12,29,32,23,,,,,,1.37,1.00,0.94*10 (pico_gnss pico-gnss-rs/src/main.rs:483)
265.993661 [INFO ] NMEA $GNGSA,A,3,,,,,,,,,,,,,1.37,1.00,0.94*15 (pico_gnss pico-gnss-rs/src/main.rs:483)
266.052371 [INFO ] NMEA $GPGSV,4,1,13,25,82,073,17,32,64,320,17,12,41,047,25,28,39,291,16*7A (pico_gnss pico-gnss-rs/src/main.rs:483)
266.143868 [INFO ] NMEA $GPGSV,4,2,13,10,37,221,16,29,21,144,18,23,15,189,18,31,13,274,*73 (pico_gnss pico-gnss-rs/src/main.rs:483)
266.202369 [INFO ] NMEA $GPGSV,4,3,13,24,12,083,15,26,04,226,,193,,,,194,,,*77 (pico_gnss pico-gnss-rs/src/main.rs:483)
266.231584 [INFO ] NMEA $GPGSV,4,4,13,195,,,*46 (pico_gnss pico-gnss-rs/src/main.rs:483)
266.290088 [INFO ] NMEA $GLGSV,2,1,08,72,71,155,,75,66,277,,65,51,326,,74,44,027,*6A (pico_gnss pico-gnss-rs/src/main.rs:483)
266.348686 [INFO ] NMEA $GLGSV,2,2,08,71,17,151,17,76,17,235,,66,03,329,,73,01,045,14*67 (pico_gnss pico-gnss-rs/src/main.rs:483)
266.440072 [INFO ] NMEA $GNRMC,131440.000,A,0000.0000,N,00000.0000,E,0.44,141.77,080626,,,A*79 (pico_gnss pico-gnss-rs/src/main.rs:483)
266.442590 [INFO ] PPSGEN count=261 interval_ns=1000002336 dev_ns=2336 phase_ns=-1830649 hwphase_ns=496 trim_ppb=-22 cfg=2 p_ns=0 d_ns=0 (pico_gnss pico-gnss-rs/src/main.rs:330)
266.444175 [INFO ] PPS count=261 interval_us=1000002 interval_ns=1000002320 state=Locked missed=0 (pico_gnss pico-gnss-rs/src/main.rs:203)
266.446251 [INFO ] SYNC pps_local_us=259000602 unix_s=1780924480 drift_us=2 err_ns=10 holdover_ms=1000 (pico_gnss pico-gnss-rs/src/main.rs:514)
266.469852 [INFO ] NMEA $GPVTG,141.77,T,,M,0.44,N,0.82,K,A*33 (pico_gnss pico-gnss-rs/src/main.rs:483)
266.498860 [INFO ] NMEA $GPZDA,131440.000,08,06,2026,,*5D (pico_gnss pico-gnss-rs/src/main.rs:483)
266.545617 [INFO ] NMEA $GPGST,131440.000,9.9,18,8.1,128.7,13,15,52*69 (pico_gnss pico-gnss-rs/src/main.rs:483)
266.793149 [INFO ] TIME unix_ns=1780924481348898862 ppb=2326 holdover_ms=1348 locked=1 (pico_gnss pico-gnss-rs/src/main.rs:237)
266.876119 [INFO ] NMEA $GPGGA,131441.000,0000.0000,N,00000.0000,E,1,7,1.00,66.0,M,39.0,M,,*6D (pico_gnss pico-gnss-rs/src/main.rs:483)
266.924190 [INFO ] NMEA $GNGLL,0000.0000,N,00000.0000,E,131441.000,A,A*4A (pico_gnss pico-gnss-rs/src/main.rs:483)
266.982629 [INFO ] NMEA $GNGSA,A,3,24,10,28,12,29,32,23,,,,,,1.37,1.00,0.94*10 (pico_gnss pico-gnss-rs/src/main.rs:483)
267.040864 [INFO ] NMEA $GNGSA,A,3,,,,,,,,,,,,,1.37,1.00,0.94*15 (pico_gnss pico-gnss-rs/src/main.rs:483)
267.099561 [INFO ] NMEA $GPGSV,4,1,13,25,82,073,17,32,64,320,17,12,41,047,25,28,39,291,16*7A (pico_gnss pico-gnss-rs/src/main.rs:483)
267.162316 [INFO ] NMEA $GPGSV,4,2,13,10,37,221,16,29,21,144,18,23,15,189,18,31,13,274,*73 (pico_gnss pico-gnss-rs/src/main.rs:483)
267.220753 [INFO ] NMEA $GPGSV,4,3,13,24,12,083,15,26,04,226,,193,,,,194,,,*77 (pico_gnss pico-gnss-rs/src/main.rs:483)
267.250017 [INFO ] NMEA $GPGSV,4,4,13,195,,,*46 (pico_gnss pico-gnss-rs/src/main.rs:483)
267.337244 [INFO ] NMEA $GLGSV,2,1,08,72,71,155,,75,66,277,,65,51,326,,74,44,027,*6A (pico_gnss pico-gnss-rs/src/main.rs:483)
267.395721 [INFO ] NMEA $GLGSV,2,2,08,71,17,151,14,76,17,235,,66,03,329,,73,01,045,*61 (pico_gnss pico-gnss-rs/src/main.rs:483)
267.442606 [INFO ] PPSGEN count=262 interval_ns=1000002320 dev_ns=2320 phase_ns=-1917648 hwphase_ns=496 trim_ppb=-25 cfg=2 p_ns=0 d_ns=0 (pico_gnss pico-gnss-rs/src/main.rs:330)
267.444183 [INFO ] PPS count=262 interval_us=1000002 interval_ns=1000002320 state=Locked missed=0 (pico_gnss pico-gnss-rs/src/main.rs:203)
267.458875 [INFO ] NMEA $GNRMC,131441.000,A,0000.0000,N,00000.0000,E,0.13,141.77,080626,,,A*71 (pico_gnss pico-gnss-rs/src/main.rs:483)
267.461441 [INFO ] SYNC pps_local_us=261000607 unix_s=1780924481 drift_us=2 err_ns=-12 holdover_ms=1999 (pico_gnss pico-gnss-rs/src/main.rs:514)
267.516552 [INFO ] NMEA $GPVTG,141.77,T,,M,0.13,N,0.23,K,A*3A (pico_gnss pico-gnss-rs/src/main.rs:483)
267.545865 [INFO ] NMEA $GPZDA,131441.000,08,06,2026,,*5C (pico_gnss pico-gnss-rs/src/main.rs:483)
267.583266 [INFO ] NMEA $GPGST,131441.000,10,19,7.8,130.1,13,15,53*4E (pico_gnss pico-gnss-rs/src/main.rs:483)
267.794397 [INFO ] TIME unix_ns=1780924481350166186 ppb=2326 holdover_ms=350 locked=1 (pico_gnss pico-gnss-rs/src/main.rs:237)
267.889266 [INFO ] NMEA $GPGGA,131442.000,0000.0000,N,00000.0000,E,1,7,1.00,66.1,M,39.0,M,,*6E (pico_gnss pico-gnss-rs/src/main.rs:483)
267.946564 [INFO ] NMEA $GNGLL,0000.0000,N,00000.0000,E,131442.000,A,A*48 (pico_gnss pico-gnss-rs/src/main.rs:483)
268.005036 [INFO ] NMEA $GNGSA,A,3,24,10,28,12,29,32,23,,,,,,1.37,1.00,0.94*10 (pico_gnss pico-gnss-rs/src/main.rs:483)
268.034510 [INFO ] NMEA $GNGSA,A,3,,,,,,,,,,,,,1.37,1.00,0.94*15 (pico_gnss pico-gnss-rs/src/main.rs:483)
268.121942 [INFO ] NMEA $GPGSV,4,1,13,25,82,073,17,32,64,320,17,12,41,047,25,28,39,291,16*7A (pico_gnss pico-gnss-rs/src/main.rs:483)
268.184727 [INFO ] NMEA $GPGSV,4,2,13,10,37,221,15,29,21,144,18,23,15,189,18,31,13,274,*70 (pico_gnss pico-gnss-rs/src/main.rs:483)
268.243237 [INFO ] NMEA $GPGSV,4,3,13,24,12,083,15,26,04,226,,193,,,,194,,,*77 (pico_gnss pico-gnss-rs/src/main.rs:483)
268.272494 [INFO ] NMEA $GPGSV,4,4,13,195,,,*46 (pico_gnss pico-gnss-rs/src/main.rs:483)
268.330938 [INFO ] NMEA $GLGSV,2,1,08,72,71,155,,75,66,277,,65,51,326,,74,44,027,*6A (pico_gnss pico-gnss-rs/src/main.rs:483)
268.418117 [INFO ] NMEA $GLGSV,2,2,08,71,17,151,14,76,17,235,,66,03,329,,73,01,045,*61 (pico_gnss pico-gnss-rs/src/main.rs:483)
268.442599 [INFO ] PPSGEN count=263 interval_ns=1000002336 dev_ns=2336 phase_ns=-1895321 hwphase_ns=512 trim_ppb=-29 cfg=2 p_ns=32 d_ns=4 (pico_gnss pico-gnss-rs/src/main.rs:330)
268.444163 [INFO ] PPS count=263 interval_us=1000002 interval_ns=1000002320 state=Locked missed=0 (pico_gnss pico-gnss-rs/src/main.rs:203)
268.480890 [INFO ] NMEA $GNRMC,131442.000,A,0000.0000,N,00000.0000,E,0.79,294.04,080626,,,A*70 (pico_gnss pico-gnss-rs/src/main.rs:483)
268.483482 [INFO ] SYNC pps_local_us=262000609 unix_s=1780924482 drift_us=2 err_ns=-6 holdover_ms=999 (pico_gnss pico-gnss-rs/src/main.rs:514)
268.510495 [INFO ] NMEA $GPVTG,294.04,T,,M,0.79,N,1.46,K,A*3B (pico_gnss pico-gnss-rs/src/main.rs:483)
268.568189 [INFO ] NMEA $GPZDA,131442.000,08,06,2026,,*5F (pico_gnss pico-gnss-rs/src/main.rs:483)
268.596884 [INFO ] NMEA $GPGST,131442.000,10,19,7.8,131.1,14,15,56*4E (pico_gnss pico-gnss-rs/src/main.rs:483)
268.795662 [INFO ] TIME unix_ns=1780924482351455183 ppb=2326 holdover_ms=351 locked=1 (pico_gnss pico-gnss-rs/src/main.rs:237)
268.902071 [INFO ] NMEA $GPGGA,131443.000,0000.0000,N,00000.0000,E,1,7,1.00,66.2,M,39.0,M,,*6A (pico_gnss pico-gnss-rs/src/main.rs:483)
268.968619 [INFO ] NMEA $GNGLL,0000.0000,N,00000.0000,E,131443.000,A,A*4F (pico_gnss pico-gnss-rs/src/main.rs:483)
269.027080 [INFO ] NMEA $GNGSA,A,3,24,10,28,12,29,32,23,,,,,,1.37,1.00,0.94*10 (pico_gnss pico-gnss-rs/src/main.rs:483)
269.056603 [INFO ] NMEA $GNGSA,A,3,,,,,,,,,,,,,1.37,1.00,0.94*15 (pico_gnss pico-gnss-rs/src/main.rs:483)
269.143956 [INFO ] NMEA $GPGSV,4,1,13,25,82,073,17,32,64,320,17,12,41,047,24,28,39,291,16*7B (pico_gnss pico-gnss-rs/src/main.rs:483)
269.206730 [INFO ] NMEA $GPGSV,4,2,13,10,37,221,15,29,21,144,18,23,15,189,18,31,13,274,*70 (pico_gnss pico-gnss-rs/src/main.rs:483)
269.265193 [INFO ] NMEA $GPGSV,4,3,13,24,12,083,15,26,04,226,,193,,,,194,,,*77 (pico_gnss pico-gnss-rs/src/main.rs:483)
269.294427 [INFO ] NMEA $GPGSV,4,4,13,195,,,*46 (pico_gnss pico-gnss-rs/src/main.rs:483)
269.352912 [INFO ] NMEA $GLGSV,2,1,08,72,71,155,,75,66,277,,65,51,326,,74,44,027,*6A (pico_gnss pico-gnss-rs/src/main.rs:483)
269.411382 [INFO ] NMEA $GLGSV,2,2,08,71,17,151,13,76,17,235,,66,03,329,,73,01,045,*66 (pico_gnss pico-gnss-rs/src/main.rs:483)
269.442600 [INFO ] PPSGEN count=264 interval_ns=1000002320 dev_ns=2320 phase_ns=-1880321 hwphase_ns=512 trim_ppb=-33 cfg=2 p_ns=32 d_ns=0 (pico_gnss pico-gnss-rs/src/main.rs:330)
269.444160 [INFO ] PPS count=264 interval_us=1000002 interval_ns=1000002336 state=Locked missed=0 (pico_gnss pico-gnss-rs/src/main.rs:203)
269.502844 [INFO ] NMEA $GNRMC,131443.000,A,0000.0000,N,00000.0000,E,0.92,194.18,080626,,,A*7C (pico_gnss pico-gnss-rs/src/main.rs:483)
269.505442 [INFO ] SYNC pps_local_us=263000611 unix_s=1780924483 drift_us=2 err_ns=10 holdover_ms=1000 (pico_gnss pico-gnss-rs/src/main.rs:514)
269.532447 [INFO ] NMEA $GPVTG,194.18,T,,M,0.92,N,1.71,K,A*34 (pico_gnss pico-gnss-rs/src/main.rs:483)
269.561534 [INFO ] NMEA $GPZDA,131443.000,08,06,2026,,*5E (pico_gnss pico-gnss-rs/src/main.rs:483)
269.609345 [INFO ] NMEA $GPGST,131443.000,10,19,8.2,130.0,14,15,55*49 (pico_gnss pico-gnss-rs/src/main.rs:483)
269.796923 [INFO ] TIME unix_ns=1780924483352695180 ppb=2326 holdover_ms=352 locked=1 (pico_gnss pico-gnss-rs/src/main.rs:237)
269.908080 [INFO ] NMEA $GPGGA,131444.000,0000.0000,N,00000.0000,E,1,7,1.00,66.3,M,39.0,M,,*68 (pico_gnss pico-gnss-rs/src/main.rs:483)
269.955159 [INFO ] NMEA $GNGLL,0000.0000,N,00000.0000,E,131444.000,A,A*4C (pico_gnss pico-gnss-rs/src/main.rs:483)
270.013558 [INFO ] NMEA $GNGSA,A,3,24,10,28,12,29,32,23,,,,,,1.37,1.00,0.94*10 (pico_gnss pico-gnss-rs/src/main.rs:483)
270.071814 [INFO ] NMEA $GNGSA,A,3,,,,,,,,,,,,,1.37,1.00,0.94*15 (pico_gnss pico-gnss-rs/src/main.rs:483)
270.130489 [INFO ] NMEA $GPGSV,4,1,13,25,82,073,17,32,64,320,17,12,41,047,24,28,39,291,16*7B (pico_gnss pico-gnss-rs/src/main.rs:483)
270.221990 [INFO ] NMEA $GPGSV,4,2,13,10,37,221,15,29,21,144,18,23,15,189,18,31,13,274,*70 (pico_gnss pico-gnss-rs/src/main.rs:483)
270.280441 [INFO ] NMEA $GPGSV,4,3,13,24,12,083,14,26,04,226,,193,,,,194,,,*76 (pico_gnss pico-gnss-rs/src/main.rs:483)
270.281820 [INFO ] NMEA $GPGSV,4,4,13,195,,,*46 (pico_gnss pico-gnss-rs/src/main.rs:483)
270.368104 [INFO ] NMEA $GLGSV,2,1,08,72,71,155,,75,66,277,,65,51,326,,74,44,027,*6A (pico_gnss pico-gnss-rs/src/main.rs:483)
270.426580 [INFO ] NMEA $GLGSV,2,2,08,71,17,151,13,76,17,235,,66,03,329,,73,01,045,*66 (pico_gnss pico-gnss-rs/src/main.rs:483)
270.442589 [INFO ] PPSGEN count=265 interval_ns=1000002288 dev_ns=2288 phase_ns=-1868322 hwphase_ns=464 trim_ppb=-36 cfg=2 p_ns=0 d_ns=-12 (pico_gnss pico-gnss-rs/src/main.rs:330)
270.444229 [INFO ] PPS count=265 interval_us=1000002 interval_ns=1000002320 state=Locked missed=0 (pico_gnss pico-gnss-rs/src/main.rs:203)
270.489312 [INFO ] NMEA $GNRMC,131444.000,A,0000.0000,N,00000.0000,E,0.90,232.17,080626,,,A*7D (pico_gnss pico-gnss-rs/src/main.rs:483)
270.491918 [INFO ] SYNC pps_local_us=264000614 unix_s=1780924484 drift_us=2 err_ns=-6 holdover_ms=1000 (pico_gnss pico-gnss-rs/src/main.rs:514)
270.547415 [INFO ] NMEA $GPVTG,232.17,T,,M,0.90,N,1.66,K,A*30 (pico_gnss pico-gnss-rs/src/main.rs:483)
270.576692 [INFO ] NMEA $GPZDA,131444.000,08,06,2026,,*59 (pico_gnss pico-gnss-rs/src/main.rs:483)
270.615135 [INFO ] NMEA $GPGST,131444.000,10,19,8.4,129.9,14,16,56*49 (pico_gnss pico-gnss-rs/src/main.rs:483)
270.789542 [INFO ] NMEA $GPGGA,131445.000,0000.0000,N,00000.0000,E,1,7,1.00,66.5,M,39.0,M,,*63 (pico_gnss pico-gnss-rs/src/main.rs:483)
270.798215 [INFO ] TIME unix_ns=1780924484353931177 ppb=2326 holdover_ms=353 locked=1 (pico_gnss pico-gnss-rs/src/main.rs:237)
270.845936 [INFO ] NMEA $GNGLL,0000.0000,N,00000.0000,E,131445.000,A,A*41 (pico_gnss pico-gnss-rs/src/main.rs:483)
270.904420 [INFO ] NMEA $GNGSA,A,3,24,10,28,12,29,32,23,,,,,,1.37,1.00,0.94*10 (pico_gnss pico-gnss-rs/src/main.rs:483)
270.933897 [INFO ] NMEA $GNGSA,A,3,,,,,,,,,,,,,1.37,1.00,0.94*15 (pico_gnss pico-gnss-rs/src/main.rs:483)
271.021294 [INFO ] NMEA $GPGSV,4,1,13,25,82,073,17,32,64,320,17,12,41,047,24,28,39,291,16*7B (pico_gnss pico-gnss-rs/src/main.rs:483)
271.079916 [INFO ] NMEA $GPGSV,4,2,13,10,37,221,14,29,21,144,19,23,15,189,18,31,13,274,*70 (pico_gnss pico-gnss-rs/src/main.rs:483)
271.142511 [INFO ] NMEA $GPGSV,4,3,13,24,12,083,14,26,04,226,,193,,,,194,,,*76 (pico_gnss pico-gnss-rs/src/main.rs:483)
271.171760 [INFO ] NMEA $GPGSV,4,4,13,195,,,*46 (pico_gnss pico-gnss-rs/src/main.rs:483)
271.230220 [INFO ] NMEA $GLGSV,2,1,08,72,71,155,,75,66,277,,65,51,326,,74,44,027,*6A (pico_gnss pico-gnss-rs/src/main.rs:483)
271.317579 [INFO ] NMEA $GLGSV,2,2,08,71,17,151,14,76,17,235,,66,03,329,,73,01,045,*61 (pico_gnss pico-gnss-rs/src/main.rs:483)
271.380306 [INFO ] NMEA $GNRMC,131445.000,A,0000.0000,N,00000.0000,E,1.04,327.01,080626,,,A*7E (pico_gnss pico-gnss-rs/src/main.rs:483)
271.409887 [INFO ] NMEA $GPVTG,327.01,T,,M,1.04,N,1.93,K,A*34 (pico_gnss pico-gnss-rs/src/main.rs:483)
271.442620 [INFO ] PPSGEN count=266 interval_ns=1000002272 dev_ns=2272 phase_ns=-1922321 hwphase_ns=416 trim_ppb=-39 cfg=2 p_ns=0 d_ns=-12 (pico_gnss pico-gnss-rs/src/main.rs:330)
271.444276 [INFO ] PPS count=266 interval_us=1000002 interval_ns=1000002320 state=Locked missed=0 (pico_gnss pico-gnss-rs/src/main.rs:203)
271.468118 [INFO ] NMEA $GPZDA,131445.000,08,06,2026,,*58 (pico_gnss pico-gnss-rs/src/main.rs:483)
271.497495 [INFO ] NMEA $GPGST,131445.000,10,19,8.7,129.4,14,16,58*48 (pico_gnss pico-gnss-rs/src/main.rs:483)
271.799523 [INFO ] TIME unix_ns=1780924485355190848 ppb=2326 holdover_ms=1355 locked=1 (pico_gnss pico-gnss-rs/src/main.rs:237)
271.811358 [INFO ] NMEA $GPGGA,131446.000,0000.0000,N,00000.0000,E,1,7,1.00,66.6,M,39.0,M,,*66 (pico_gnss pico-gnss-rs/src/main.rs:483)
271.876590 [INFO ] NMEA $GNGLL,0000.0000,N,00000.0000,E,131446.000,A,A*47 (pico_gnss pico-gnss-rs/src/main.rs:483)
271.935033 [INFO ] NMEA $GNGSA,A,3,24,10,28,12,29,32,23,,,,,,1.37,1.00,0.94*10 (pico_gnss pico-gnss-rs/src/main.rs:483)
271.964581 [INFO ] NMEA $GNGSA,A,3,,,,,,,,,,,,,1.37,1.00,0.94*15 (pico_gnss pico-gnss-rs/src/main.rs:483)
272.051923 [INFO ] NMEA $GPGSV,4,1,13,25,82,073,17,32,64,320,17,12,41,047,24,28,39,291,16*7B (pico_gnss pico-gnss-rs/src/main.rs:483)
272.110598 [INFO ] NMEA $GPGSV,4,2,13,10,37,221,14,29,21,144,19,23,15,189,18,31,13,274,*70 (pico_gnss pico-gnss-rs/src/main.rs:483)
272.173122 [INFO ] NMEA $GPGSV,4,3,13,24,12,083,15,26,04,226,,193,,,,194,,,*77 (pico_gnss pico-gnss-rs/src/main.rs:483)
272.202400 [INFO ] NMEA $GPGSV,4,4,13,195,,,*46 (pico_gnss pico-gnss-rs/src/main.rs:483)
272.260894 [INFO ] NMEA $GLGSV,2,1,08,72,71,155,,75,66,277,,65,51,326,,74,44,027,*6A (pico_gnss pico-gnss-rs/src/main.rs:483)
272.319472 [INFO ] NMEA $GLGSV,2,2,08,71,17,151,14,76,17,235,,66,03,329,,73,01,045,*61 (pico_gnss pico-gnss-rs/src/main.rs:483)
272.410892 [INFO ] NMEA $GNRMC,131446.000,A,0000.0000,N,00000.0000,E,0.91,321.42,080626,,,A*74 (pico_gnss pico-gnss-rs/src/main.rs:483)
272.413457 [INFO ] SYNC pps_local_us=265000616 unix_s=1780924486 drift_us=2 err_ns=-5 holdover_ms=1000 (pico_gnss pico-gnss-rs/src/main.rs:514)
272.440556 [INFO ] NMEA $GPVTG,321.42,T,,M,0.91,N,1.68,K,A*3C (pico_gnss pico-gnss-rs/src/main.rs:483)
272.442589 [INFO ] PPSGEN count=267 interval_ns=1000002320 dev_ns=2320 phase_ns=-1938321 hwphase_ns=416 trim_ppb=-42 cfg=2 p_ns=0 d_ns=0 (pico_gnss pico-gnss-rs/src/main.rs:330)
272.444133 [INFO ] PPS count=267 interval_us=1000002 interval_ns=1000002320 state=Locked missed=0 (pico_gnss pico-gnss-rs/src/main.rs:203)
272.469877 [INFO ] NMEA $GPZDA,131446.000,08,06,2026,,*5B (pico_gnss pico-gnss-rs/src/main.rs:483)
272.518564 [INFO ] NMEA $GPGST,131446.000,10,19,8.5,130.1,14,16,55*49 (pico_gnss pico-gnss-rs/src/main.rs:483)
272.800847 [INFO ] TIME unix_ns=1780924487356474846 ppb=2326 holdover_ms=1356 locked=1 (pico_gnss pico-gnss-rs/src/main.rs:237)
272.816269 [INFO ] NMEA $GPGGA,131447.000,0000.0000,N,00000.0000,E,1,7,1.00,66.7,M,39.0,M,,*67 (pico_gnss pico-gnss-rs/src/main.rs:483)
272.874295 [INFO ] NMEA $GNGLL,0000.0000,N,00000.0000,E,131447.000,A,A*47 (pico_gnss pico-gnss-rs/src/main.rs:483)
272.920464 [INFO ] NMEA $GNGSA,A,3,24,10,28,12,29,32,23,,,,,,1.37,1.00,0.94*10 (pico_gnss pico-gnss-rs/src/main.rs:483)
272.978656 [INFO ] NMEA $GNGSA,A,3,,,,,,,,,,,,,1.37,1.00,0.94*15 (pico_gnss pico-gnss-rs/src/main.rs:483)
273.037363 [INFO ] NMEA $GPGSV,4,1,13,25,82,073,17,32,64,320,17,12,41,047,24,28,39,291,16*7B (pico_gnss pico-gnss-rs/src/main.rs:483)
273.124815 [INFO ] NMEA $GPGSV,4,2,13,10,37,221,14,29,21,144,19,23,15,189,18,31,13,274,*70 (pico_gnss pico-gnss-rs/src/main.rs:483)
273.187374 [INFO ] NMEA $GPGSV,4,3,13,24,12,083,14,26,04,226,,193,,,,194,,,*76 (pico_gnss pico-gnss-rs/src/main.rs:483)
273.188758 [INFO ] NMEA $GPGSV,4,4,13,195,,,*46 (pico_gnss pico-gnss-rs/src/main.rs:483)
273.275119 [INFO ] NMEA $GLGSV,2,1,08,72,71,155,,75,66,277,,65,51,326,,74,44,027,*6A (pico_gnss pico-gnss-rs/src/main.rs:483)
273.333729 [INFO ] NMEA $GLGSV,2,2,08,71,17,151,14,76,17,235,,66,03,329,,73,01,045,*61 (pico_gnss pico-gnss-rs/src/main.rs:483)
273.420924 [INFO ] NMEA $GNRMC,131447.000,A,0000.0000,N,00000.0000,E,1.38,297.96,080626,,,A*73 (pico_gnss pico-gnss-rs/src/main.rs:483)
273.423510 [INFO ] SYNC pps_local_us=266000618 unix_s=1780924487 drift_us=2 err_ns=-5 holdover_ms=999 (pico_gnss pico-gnss-rs/src/main.rs:514)
273.442577 [INFO ] PPSGEN count=268 interval_ns=1000002320 dev_ns=2320 phase_ns=-1846321 hwphase_ns=416 trim_ppb=-45 cfg=2 p_ns=0 d_ns=0 (pico_gnss pico-gnss-rs/src/main.rs:330)
273.444137 [INFO ] PPS count=268 interval_us=1000002 interval_ns=1000002320 state=Locked missed=0 (pico_gnss pico-gnss-rs/src/main.rs:203)
273.454932 [INFO ] NMEA $GPVTG,297.96,T,,M,1.38,N,2.55,K,A*36 (pico_gnss pico-gnss-rs/src/main.rs:483)
273.483970 [INFO ] NMEA $GPZDA,131447.000,08,06,2026,,*5A (pico_gnss pico-gnss-rs/src/main.rs:483)
273.523365 [INFO ] NMEA $GPGST,131447.000,10,19,8.7,129.7,14,16,56*47 (pico_gnss pico-gnss-rs/src/main.rs:483)
273.802160 [INFO ] TIME unix_ns=1780924488357919842 ppb=2326 holdover_ms=1357 locked=1 (pico_gnss pico-gnss-rs/src/main.rs:237)
273.840258 [INFO ] NMEA $GPGGA,131448.000,0000.0000,N,00000.0000,E,1,7,1.00,66.9,M,39.0,M,,*60 (pico_gnss pico-gnss-rs/src/main.rs:483)
273.898528 [INFO ] NMEA $GNGLL,0000.0000,N,00000.0000,E,131448.000,A,A*4E (pico_gnss pico-gnss-rs/src/main.rs:483)
273.953907 [INFO ] NMEA $GNGSA,A,3,24,10,28,12,29,32,23,,,,,,1.37,1.00,0.94*10 (pico_gnss pico-gnss-rs/src/main.rs:483)
273.983399 [INFO ] NMEA $GNGSA,A,3,,,,,,,,,,,,,1.37,1.00,0.94*15 (pico_gnss pico-gnss-rs/src/main.rs:483)
274.070797 [INFO ] NMEA $GPGSV,4,1,13,25,82,073,17,32,64,320,16,12,41,047,24,28,39,291,15*79 (pico_gnss pico-gnss-rs/src/main.rs:483)
274.129423 [INFO ] NMEA $GPGSV,4,2,13,10,37,221,14,29,21,144,19,23,15,189,18,31,13,274,*70 (pico_gnss pico-gnss-rs/src/main.rs:483)
274.191987 [INFO ] NMEA $GPGSV,4,3,13,24,12,083,14,26,04,226,,193,,,,194,,,*76 (pico_gnss pico-gnss-rs/src/main.rs:483)
274.221258 [INFO ] NMEA $GPGSV,4,4,13,195,,,*46 (pico_gnss pico-gnss-rs/src/main.rs:483)
274.279740 [INFO ] NMEA $GLGSV,2,1,08,72,71,155,,75,66,277,,65,51,326,,74,44,027,*6A (pico_gnss pico-gnss-rs/src/main.rs:483)
274.367082 [INFO ] NMEA $GLGSV,2,2,08,71,17,151,15,76,17,235,,66,03,329,,73,01,045,*60 (pico_gnss pico-gnss-rs/src/main.rs:483)
274.425678 [INFO ] NMEA $GNRMC,131448.000,A,0000.0000,N,00000.0000,E,0.66,321.15,080626,,,A*77 (pico_gnss pico-gnss-rs/src/main.rs:483)
274.428259 [INFO ] SYNC pps_local_us=267000621 unix_s=1780924488 drift_us=2 err_ns=-5 holdover_ms=999 (pico_gnss pico-gnss-rs/src/main.rs:514)
274.442581 [INFO ] PPSGEN count=269 interval_ns=1000002304 dev_ns=2304 phase_ns=-1786321 hwphase_ns=400 trim_ppb=-48 cfg=2 p_ns=0 d_ns=-4 (pico_gnss pico-gnss-rs/src/main.rs:330)
274.444188 [INFO ] PPS count=269 interval_us=1000002 interval_ns=1000002320 state=Locked missed=0 (pico_gnss pico-gnss-rs/src/main.rs:203)
274.459249 [INFO ] NMEA $GPVTG,321.15,T,,M,0.66,N,1.23,K,A*39 (pico_gnss pico-gnss-rs/src/main.rs:483)
274.517142 [INFO ] NMEA $GPZDA,131448.000,08,06,2026,,*55 (pico_gnss pico-gnss-rs/src/main.rs:483)
274.547902 [INFO ] NMEA $GPGST,131448.000,10,19,9.0,129.3,14,16,57*4B (pico_gnss pico-gnss-rs/src/main.rs:483)
274.803493 [INFO ] TIME unix_ns=1780924489359239840 ppb=2325 holdover_ms=1359 locked=1 (pico_gnss pico-gnss-rs/src/main.rs:237)
274.845163 [INFO ] NMEA $GPGGA,131449.000,0000.0000,N,00000.0000,E,1,7,1.00,67.2,M,39.0,M,,*6A (pico_gnss pico-gnss-rs/src/main.rs:483)
274.903451 [INFO ] NMEA $GNGLL,0000.0000,N,00000.0000,E,131449.000,A,A*4E (pico_gnss pico-gnss-rs/src/main.rs:483)
274.968038 [INFO ] NMEA $GNGSA,A,3,24,10,28,12,29,32,23,,,,,,1.37,1.00,0.94*10 (pico_gnss pico-gnss-rs/src/main.rs:483)
274.997561 [INFO ] NMEA $GNGSA,A,3,,,,,,,,,,,,,1.37,1.00,0.94*15 (pico_gnss pico-gnss-rs/src/main.rs:483)
275.084932 [INFO ] NMEA $GPGSV,4,1,13,25,82,073,17,32,64,320,16,12,41,047,24,28,39,291,15*79 (pico_gnss pico-gnss-rs/src/main.rs:483)
275.143635 [INFO ] NMEA $GPGSV,4,2,13,10,37,221,14,29,21,144,19,23,15,189,18,31,13,274,*70 (pico_gnss pico-gnss-rs/src/main.rs:483)
275.206141 [INFO ] NMEA $GPGSV,4,3,13,24,12,083,12,26,04,226,,193,,,,194,,,*70 (pico_gnss pico-gnss-rs/src/main.rs:483)
275.235421 [INFO ] NMEA $GPGSV,4,4,13,195,,,*46 (pico_gnss pico-gnss-rs/src/main.rs:483)
275.293942 [INFO ] NMEA $GLGSV,2,1,08,72,71,155,,75,66,277,,65,51,326,,74,44,027,*6A (pico_gnss pico-gnss-rs/src/main.rs:483)
275.352443 [INFO ] NMEA $GLGSV,2,2,08,71,17,151,15,76,17,235,,66,03,329,,73,01,045,*60 (pico_gnss pico-gnss-rs/src/main.rs:483)
275.439737 [INFO ] NMEA $GNRMC,131449.000,A,0000.0000,N,00000.0000,E,0.58,321.15,080626,,,A*7A (pico_gnss pico-gnss-rs/src/main.rs:483)
275.442672 [INFO ] PPSGEN count=270 interval_ns=1000002288 dev_ns=2288 phase_ns=-1796646 hwphase_ns=368 trim_ppb=-50 cfg=2 p_ns=0 d_ns=-8 (pico_gnss pico-gnss-rs/src/main.rs:330)
275.444316 [INFO ] PPS count=270 interval_us=1000002 interval_ns=1000002320 state=Locked missed=0 (pico_gnss pico-gnss-rs/src/main.rs:203)
275.445883 [INFO ] SYNC pps_local_us=268000623 unix_s=1780924489 drift_us=2 err_ns=-5 holdover_ms=1000 (pico_gnss pico-gnss-rs/src/main.rs:514)
275.473291 [INFO ] NMEA $GPVTG,321.15,T,,M,0.58,N,1.07,K,A*32 (pico_gnss pico-gnss-rs/src/main.rs:483)
275.502578 [INFO ] NMEA $GPZDA,131449.000,08,06,2026,,*54 (pico_gnss pico-gnss-rs/src/main.rs:483)
275.552527 [INFO ] NMEA $GPGST,131449.000,10,19,9.0,129.3,14,16,57*4A (pico_gnss pico-gnss-rs/src/main.rs:483)
275.804786 [INFO ] TIME unix_ns=1780924490360526837 ppb=2325 holdover_ms=1360 locked=1 (pico_gnss pico-gnss-rs/src/main.rs:237)
275.882122 [INFO ] NMEA $GPGGA,131450.000,0000.0000,N,00000.0000,E,1,7,1.00,67.3,M,39.0,M,,*69 (pico_gnss pico-gnss-rs/src/main.rs:483)
275.940451 [INFO ] NMEA $GNGLL,0000.0000,N,00000.0000,E,131450.000,A,A*4C (pico_gnss pico-gnss-rs/src/main.rs:483)
275.985553 [INFO ] NMEA $GNGSA,A,3,24,10,28,12,29,32,23,,,,,,1.37,1.00,0.94*10 (pico_gnss pico-gnss-rs/src/main.rs:483)
276.043764 [INFO ] NMEA $GNGSA,A,3,,,,,,,,,,,,,1.37,1.00,0.94*15 (pico_gnss pico-gnss-rs/src/main.rs:483)
276.102452 [INFO ] NMEA $GPGSV,4,1,13,25,82,073,17,32,64,320,16,12,41,047,24,28,39,291,15*79 (pico_gnss pico-gnss-rs/src/main.rs:483)
276.189853 [INFO ] NMEA $GPGSV,4,2,13,10,37,221,14,29,21,144,19,23,15,189,18,31,13,274,*70 (pico_gnss pico-gnss-rs/src/main.rs:483)
276.252438 [INFO ] NMEA $GPGSV,4,3,13,24,12,083,11,26,04,226,,193,,,,194,,,*73 (pico_gnss pico-gnss-rs/src/main.rs:483)
276.253800 [INFO ] NMEA $GPGSV,4,4,13,195,,,*46 (pico_gnss pico-gnss-rs/src/main.rs:483)
276.340144 [INFO ] NMEA $GLGSV,2,1,08,72,71,155,,75,66,277,,65,51,326,,74,44,027,*6A (pico_gnss pico-gnss-rs/src/main.rs:483)
276.398633 [INFO ] NMEA $GLGSV,2,2,08,71,17,151,15,76,17,235,,66,03,329,,73,01,045,*60 (pico_gnss pico-gnss-rs/src/main.rs:483)
276.442600 [INFO ] PPSGEN count=271 interval_ns=1000002304 dev_ns=2304 phase_ns=-1901646 hwphase_ns=352 trim_ppb=-52 cfg=2 p_ns=0 d_ns=-4 (pico_gnss pico-gnss-rs/src/main.rs:330)
276.444213 [INFO ] PPS count=271 interval_us=1000002 interval_ns=1000002320 state=Locked missed=0 (pico_gnss pico-gnss-rs/src/main.rs:203)
276.486052 [INFO ] NMEA $GNRMC,131450.000,A,0000.0000,N,00000.0000,E,1.26,249.41,080626,,,A*7E (pico_gnss pico-gnss-rs/src/main.rs:483)
276.488656 [INFO ] SYNC pps_local_us=270000628 unix_s=1780924490 drift_us=2 err_ns=-10 holdover_ms=2000 (pico_gnss pico-gnss-rs/src/main.rs:514)
276.519451 [INFO ] NMEA $GPVTG,249.41,T,,M,1.26,N,2.34,K,A*37 (pico_gnss pico-gnss-rs/src/main.rs:483)
276.548749 [INFO ] NMEA $GPZDA,131450.000,08,06,2026,,*5C (pico_gnss pico-gnss-rs/src/main.rs:483)
276.589293 [INFO ] NMEA $GPGST,131450.000,10,20,9.2,129.2,14,16,58*44 (pico_gnss pico-gnss-rs/src/main.rs:483)
276.806051 [INFO ] TIME unix_ns=1780924490361763159 ppb=2325 holdover_ms=361 locked=1 (pico_gnss pico-gnss-rs/src/main.rs:237)
276.918162 [INFO ] NMEA $GPGGA,131451.000,0000.0000,N,00000.0000,E,1,6,1.13,67.6,M,39.0,M,,*63 (pico_gnss pico-gnss-rs/src/main.rs:483)
276.976472 [INFO ] NMEA $GNGLL,0000.0000,N,00000.0000,E,131451.000,A,A*40 (pico_gnss pico-gnss-rs/src/main.rs:483)
277.030784 [INFO ] NMEA $GNGSA,A,3,10,28,12,29,32,23,,,,,,,1.48,1.13,0.97*1F (pico_gnss pico-gnss-rs/src/main.rs:483)
277.060318 [INFO ] NMEA $GNGSA,A,3,,,,,,,,,,,,,1.48,1.13,0.97*1C (pico_gnss pico-gnss-rs/src/main.rs:483)
277.147694 [INFO ] NMEA $GPGSV,4,1,13,25,82,073,17,32,64,320,16,12,41,047,24,28,39,291,15*79 (pico_gnss pico-gnss-rs/src/main.rs:483)
277.206363 [INFO ] NMEA $GPGSV,4,2,13,10,37,221,14,29,21,144,19,23,14,188,18,31,13,274,*70 (pico_gnss pico-gnss-rs/src/main.rs:483)
277.264761 [INFO ] NMEA $GPGSV,4,3,13,24,12,083,,26,04,226,,193,,,,194,,,*73 (pico_gnss pico-gnss-rs/src/main.rs:483)
277.298042 [INFO ] NMEA $GPGSV,4,4,13,195,,,*46 (pico_gnss pico-gnss-rs/src/main.rs:483)
277.356606 [INFO ] NMEA $GLGSV,2,1,08,72,71,155,,75,66,277,,65,51,326,,74,44,027,*6A (pico_gnss pico-gnss-rs/src/main.rs:483)
277.442605 [INFO ] PPSGEN count=272 interval_ns=1000002304 dev_ns=2304 phase_ns=-1934320 hwphase_ns=336 trim_ppb=-54 cfg=2 p_ns=0 d_ns=-4 (pico_gnss pico-gnss-rs/src/main.rs:330)
277.444224 [INFO ] PPS count=272 interval_us=1000002 interval_ns=1000002320 state=Locked missed=0 (pico_gnss pico-gnss-rs/src/main.rs:203)
277.445822 [INFO ] NMEA $GLGSV,2,2,08,71,17,151,15,76,17,235,,66,03,329,,73,01,045,*60 (pico_gnss pico-gnss-rs/src/main.rs:483)
277.503437 [INFO ] NMEA $GNRMC,131451.000,A,0000.0000,N,00000.0000,E,1.29,284.70,080626,,,A*7E (pico_gnss pico-gnss-rs/src/main.rs:483)
277.505993 [INFO ] SYNC pps_local_us=271000630 unix_s=1780924491 drift_us=2 err_ns=-4 holdover_ms=1000 (pico_gnss pico-gnss-rs/src/main.rs:514)
277.533086 [INFO ] NMEA $GPVTG,284.70,T,,M,1.29,N,2.39,K,A*36 (pico_gnss pico-gnss-rs/src/main.rs:483)
277.593810 [INFO ] NMEA $GPZDA,131451.000,08,06,2026,,*5D (pico_gnss pico-gnss-rs/src/main.rs:483)
277.621458 [INFO ] NMEA $GPGST,131451.000,10,20,9.2,128.8,14,16,58*4E (pico_gnss pico-gnss-rs/src/main.rs:483)
277.807295 [INFO ] TIME unix_ns=1780924491363013157 ppb=2325 holdover_ms=363 locked=1 (pico_gnss pico-gnss-rs/src/main.rs:237)
277.927324 [INFO ] NMEA $GPGGA,131452.000,0000.0000,N,00000.0000,E,1,6,1.13,67.9,M,39.0,M,,*69 (pico_gnss pico-gnss-rs/src/main.rs:483)
277.985658 [INFO ] NMEA $GNGLL,0000.0000,N,00000.0000,E,131452.000,A,A*45 (pico_gnss pico-gnss-rs/src/main.rs:483)
278.044021 [INFO ] NMEA $GNGSA,A,3,10,28,12,29,32,23,,,,,,,1.48,1.13,0.97*1F (pico_gnss pico-gnss-rs/src/main.rs:483)
278.082773 [INFO ] NMEA $GNGSA,A,3,,,,,,,,,,,,,1.48,1.13,0.97*1C (pico_gnss pico-gnss-rs/src/main.rs:483)
278.141440 [INFO ] NMEA $GPGSV,4,1,13,25,82,073,17,32,64,320,16,12,41,047,24,28,39,291,15*79 (pico_gnss pico-gnss-rs/src/main.rs:483)
278.228849 [INFO ] NMEA $GPGSV,4,2,13,10,37,221,15,29,21,144,19,23,14,188,18,31,13,274,*71 (pico_gnss pico-gnss-rs/src/main.rs:483)
278.287264 [INFO ] NMEA $GPGSV,4,3,13,24,11,083,,26,04,226,,193,,,,194,,,*70 (pico_gnss pico-gnss-rs/src/main.rs:483)
278.320558 [INFO ] NMEA $GPGSV,4,4,13,195,,,*46 (pico_gnss pico-gnss-rs/src/main.rs:483)
278.379038 [INFO ] NMEA $GLGSV,2,1,08,72,71,155,,75,66,277,,65,51,326,,74,44,027,*6A (pico_gnss pico-gnss-rs/src/main.rs:483)
278.437488 [INFO ] NMEA $GLGSV,2,2,08,71,17,151,15,76,17,235,,66,03,329,,73,01,045,*60 (pico_gnss pico-gnss-rs/src/main.rs:483)
278.442588 [INFO ] PPSGEN count=273 interval_ns=1000002288 dev_ns=2288 phase_ns=-1926320 hwphase_ns=304 trim_ppb=-56 cfg=2 p_ns=0 d_ns=-8 (pico_gnss pico-gnss-rs/src/main.rs:330)
278.444213 [INFO ] PPS count=273 interval_us=1000002 interval_ns=1000002320 state=Locked missed=0 (pico_gnss pico-gnss-rs/src/main.rs:203)
278.524838 [INFO ] NMEA $GNRMC,131452.000,A,0000.0000,N,00000.0000,E,0.98,220.26,080626,,,A*7D (pico_gnss pico-gnss-rs/src/main.rs:483)
278.527427 [INFO ] SYNC pps_local_us=272000632 unix_s=1780924492 drift_us=2 err_ns=-4 holdover_ms=999 (pico_gnss pico-gnss-rs/src/main.rs:514)
278.554472 [INFO ] NMEA $GPVTG,220.26,T,,M,0.98,N,1.82,K,A*33 (pico_gnss pico-gnss-rs/src/main.rs:483)
278.587529 [INFO ] NMEA $GPZDA,131452.000,08,06,2026,,*5E (pico_gnss pico-gnss-rs/src/main.rs:483)
278.630243 [INFO ] NMEA $GPGST,131452.000,10,20,9.3,128.6,14,16,58*42 (pico_gnss pico-gnss-rs/src/main.rs:483)
278.768532 [INFO ] NMEA $GPGGA,131453.000,0000.0000,N,00000.0000,E,1,6,1.13,68.2,M,39.0,M,,*67 (pico_gnss pico-gnss-rs/src/main.rs:483)
278.808585 [INFO ] TIME unix_ns=1780924492364286154 ppb=2325 holdover_ms=364 locked=1 (pico_gnss pico-gnss-rs/src/main.rs:237)
278.827227 [INFO ] NMEA $GNGLL,0000.0000,N,00000.0000,E,131453.000,A,A*4F (pico_gnss pico-gnss-rs/src/main.rs:483)
278.885346 [INFO ] NMEA $GNGSA,A,3,10,28,12,29,32,23,,,,,,,1.48,1.13,0.97*1F (pico_gnss pico-gnss-rs/src/main.rs:483)
278.908667 [INFO ] NMEA $GNGSA,A,3,,,,,,,,,,,,,1.48,1.13,0.97*1C (pico_gnss pico-gnss-rs/src/main.rs:483)
278.996020 [INFO ] NMEA $GPGSV,4,1,13,25,81,068,17,32,64,320,16,12,41,047,24,28,39,291,16*73 (pico_gnss pico-gnss-rs/src/main.rs:483)
279.054705 [INFO ] NMEA $GPGSV,4,2,13,10,37,221,15,29,21,144,19,23,14,188,18,31,13,274,*71 (pico_gnss pico-gnss-rs/src/main.rs:483)
279.113092 [INFO ] NMEA $GPGSV,4,3,13,24,11,083,,26,04,226,,193,,,,194,,,*70 (pico_gnss pico-gnss-rs/src/main.rs:483)
279.142361 [INFO ] NMEA $GPGSV,4,4,13,195,,,*46 (pico_gnss pico-gnss-rs/src/main.rs:483)
279.204935 [INFO ] NMEA $GLGSV,2,1,08,72,71,155,,75,66,277,,65,51,326,,74,44,027,*6A (pico_gnss pico-gnss-rs/src/main.rs:483)
279.292296 [INFO ] NMEA $GLGSV,2,2,08,71,17,151,15,76,17,235,,66,03,329,,73,01,045,*60 (pico_gnss pico-gnss-rs/src/main.rs:483)
279.351002 [INFO ] NMEA $GNRMC,131453.000,A,0000.0000,N,00000.0000,E,0.95,256.35,080626,,,A*79 (pico_gnss pico-gnss-rs/src/main.rs:483)
279.409137 [INFO ] NMEA $GPVTG,256.35,T,,M,0.95,N,1.75,K,A*35 (pico_gnss pico-gnss-rs/src/main.rs:483)
279.442656 [INFO ] PPSGEN count=274 interval_ns=1000002288 dev_ns=2288 phase_ns=-1898320 hwphase_ns=272 trim_ppb=-58 cfg=2 p_ns=0 d_ns=-8 (pico_gnss pico-gnss-rs/src/main.rs:330)
279.444309 [INFO ] PPS count=274 interval_us=1000002 interval_ns=1000002320 state=Locked missed=0 (pico_gnss pico-gnss-rs/src/main.rs:203)
279.446043 [INFO ] NMEA $GPZDA,131453.000,08,06,2026,,*5F (pico_gnss pico-gnss-rs/src/main.rs:483)
279.473313 [INFO ] NMEA $GPGST,131453.000,9.9,20,9.4,128.4,14,16,58*69 (pico_gnss pico-gnss-rs/src/main.rs:483)
279.782160 [INFO ] NMEA $GPGGA,131454.000,0000.0000,N,00000.0000,E,1,6,1.13,68.5,M,39.0,M,,*65 (pico_gnss pico-gnss-rs/src/main.rs:483)
279.809870 [INFO ] TIME unix_ns=1780924493365581826 ppb=2325 holdover_ms=1365 locked=1 (pico_gnss pico-gnss-rs/src/main.rs:237)
279.840613 [INFO ] NMEA $GNGLL,0000.0000,N,00000.0000,E,131454.000,A,A*4A (pico_gnss pico-gnss-rs/src/main.rs:483)
279.898989 [INFO ] NMEA $GNGSA,A,3,10,28,12,29,32,23,,,,,,,1.48,1.13,0.97*1F (pico_gnss pico-gnss-rs/src/main.rs:483)
279.934548 [INFO ] NMEA $GNGSA,A,3,,,,,,,,,,,,,1.48,1.13,0.97*1C (pico_gnss pico-gnss-rs/src/main.rs:483)
280.021974 [INFO ] NMEA $GPGSV,4,1,13,25,81,068,17,32,64,320,16,12,41,047,24,28,39,291,16*73 (pico_gnss pico-gnss-rs/src/main.rs:483)
280.080664 [INFO ] NMEA $GPGSV,4,2,13,10,37,221,14,29,21,144,19,23,14,188,18,31,13,274,*70 (pico_gnss pico-gnss-rs/src/main.rs:483)
280.139067 [INFO ] NMEA $GPGSV,4,3,13,24,11,083,,26,05,226,,193,,,,194,,,*71 (pico_gnss pico-gnss-rs/src/main.rs:483)
280.168329 [INFO ] NMEA $GPGSV,4,4,13,195,,,*46 (pico_gnss pico-gnss-rs/src/main.rs:483)
280.230906 [INFO ] NMEA $GLGSV,2,1,08,72,71,155,,75,66,277,,65,51,326,,74,44,027,*6A (pico_gnss pico-gnss-rs/src/main.rs:483)
280.289561 [INFO ] NMEA $GLGSV,2,2,08,71,17,151,15,76,17,235,,66,03,329,,73,01,045,*60 (pico_gnss pico-gnss-rs/src/main.rs:483)
280.376967 [INFO ] NMEA $GNRMC,131454.000,A,0000.0000,N,00000.0000,E,1.13,191.90,080626,,,A*74 (pico_gnss pico-gnss-rs/src/main.rs:483)
280.379515 [INFO ] SYNC pps_local_us=273000635 unix_s=1780924494 drift_us=2 err_ns=-4 holdover_ms=1000 (pico_gnss pico-gnss-rs/src/main.rs:514)
280.406655 [INFO ] NMEA $GPVTG,191.90,T,,M,1.13,N,2.09,K,A*35 (pico_gnss pico-gnss-rs/src/main.rs:483)
280.435725 [INFO ] NMEA $GPZDA,131454.000,08,06,2026,,*58 (pico_gnss pico-gnss-rs/src/main.rs:483)
280.442595 [INFO ] PPSGEN count=275 interval_ns=1000002304 dev_ns=2304 phase_ns=-1998319 hwphase_ns=256 trim_ppb=-60 cfg=2 p_ns=0 d_ns=-4 (pico_gnss pico-gnss-rs/src/main.rs:330)
280.444181 [INFO ] PPS count=275 interval_us=1000002 interval_ns=1000002320 state=Locked missed=0 (pico_gnss pico-gnss-rs/src/main.rs:203)
280.486668 [INFO ] NMEA $GPGST,131454.000,9.8,20,9.6,128.0,14,17,58*68 (pico_gnss pico-gnss-rs/src/main.rs:483)
280.790344 [INFO ] NMEA $GPGGA,131455.000,0000.0000,N,00000.0000,E,1,6,1.13,68.6,M,39.0,M,,*6F (pico_gnss pico-gnss-rs/src/main.rs:483)
280.811164 [INFO ] TIME unix_ns=1780924495366766823 ppb=2324 holdover_ms=1366 locked=1 (pico_gnss pico-gnss-rs/src/main.rs:237)
280.848765 [INFO ] NMEA $GNGLL,0000.0000,N,00000.0000,E,131455.000,A,A*43 (pico_gnss pico-gnss-rs/src/main.rs:483)
280.907148 [INFO ] NMEA $GNGSA,A,3,10,28,12,29,32,23,,,,,,,1.49,1.13,0.97*1E (pico_gnss pico-gnss-rs/src/main.rs:483)
280.955086 [INFO ] NMEA $GNGSA,A,3,,,,,,,,,,,,,1.49,1.13,0.97*1D (pico_gnss pico-gnss-rs/src/main.rs:483)
281.013729 [INFO ] NMEA $GPGSV,4,1,13,25,81,068,17,32,64,320,16,12,41,047,24,28,39,291,16*73 (pico_gnss pico-gnss-rs/src/main.rs:483)
281.101133 [INFO ] NMEA $GPGSV,4,2,13,10,37,221,13,29,21,144,18,23,14,188,18,31,13,274,*76 (pico_gnss pico-gnss-rs/src/main.rs:483)
281.130888 [INFO ] NMEA $GPGSV,4,3,13,24,11,083,,26,05,226,,193,,,,194,,,*71 (pico_gnss pico-gnss-rs/src/main.rs:483)
281.160064 [INFO ] NMEA $GPGSV,4,4,13,195,,,*46 (pico_gnss pico-gnss-rs/src/main.rs:483)
281.222634 [INFO ] NMEA $GLGSV,2,1,08,72,71,155,,75,66,277,,65,51,326,,74,44,027,*6A (pico_gnss pico-gnss-rs/src/main.rs:483)
281.310010 [INFO ] NMEA $GLGSV,2,2,08,71,17,151,16,76,17,235,,66,03,329,,73,01,045,*63 (pico_gnss pico-gnss-rs/src/main.rs:483)
281.368634 [INFO ] NMEA $GNRMC,131455.000,A,0000.0000,N,00000.0000,E,1.09,212.65,080626,,,A*74 (pico_gnss pico-gnss-rs/src/main.rs:483)
281.371222 [INFO ] SYNC pps_local_us=274000637 unix_s=1780924495 drift_us=2 err_ns=-4 holdover_ms=999 (pico_gnss pico-gnss-rs/src/main.rs:514)
281.426786 [INFO ] NMEA $GPVTG,212.65,T,,M,1.09,N,2.03,K,A*36 (pico_gnss pico-gnss-rs/src/main.rs:483)
281.442608 [INFO ] PPSGEN count=276 interval_ns=1000002288 dev_ns=2288 phase_ns=-1861320 hwphase_ns=224 trim_ppb=-61 cfg=2 p_ns=0 d_ns=-8 (pico_gnss pico-gnss-rs/src/main.rs:330)
281.444251 [INFO ] PPS count=276 interval_us=1000002 interval_ns=1000002304 state=Locked missed=0 (pico_gnss pico-gnss-rs/src/main.rs:203)
281.456448 [INFO ] NMEA $GPZDA,131455.000,08,06,2026,,*59 (pico_gnss pico-gnss-rs/src/main.rs:483)
281.494434 [INFO ] NMEA $GPGST,131455.000,9.8,20,9.8,127.8,14,17,59*61 (pico_gnss pico-gnss-rs/src/main.rs:483)
281.797163 [INFO ] NMEA $GPGGA,131456.000,0000.0000,N,00000.0000,E,1,6,1.13,68.7,M,39.0,M,,*6F (pico_gnss pico-gnss-rs/src/main.rs:483)
281.812458 [INFO ] TIME unix_ns=1780924496368193821 ppb=2324 holdover_ms=1368 locked=1 (pico_gnss pico-gnss-rs/src/main.rs:237)
281.855616 [INFO ] NMEA $GNGLL,0000.0000,N,00000.0000,E,131456.000,A,A*42 (pico_gnss pico-gnss-rs/src/main.rs:483)
281.913992 [INFO ] NMEA $GNGSA,A,3,10,28,12,29,32,23,,,,,,,1.48,1.13,0.97*1F (pico_gnss pico-gnss-rs/src/main.rs:483)
281.943475 [INFO ] NMEA $GNGSA,A,3,,,,,,,,,,,,,1.48,1.13,0.97*1C (pico_gnss pico-gnss-rs/src/main.rs:483)
282.032895 [INFO ] NMEA $GPGSV,4,1,13,25,81,068,17,32,64,320,17,12,41,047,24,28,39,292,16*71 (pico_gnss pico-gnss-rs/src/main.rs:483)
282.091535 [INFO ] NMEA $GPGSV,4,2,13,10,37,221,12,29,21,144,18,23,14,188,18,31,13,274,*77 (pico_gnss pico-gnss-rs/src/main.rs:483)
282.149987 [INFO ] NMEA $GPGSV,4,3,13,24,11,083,,26,05,226,,193,,,,194,,,*71 (pico_gnss pico-gnss-rs/src/main.rs:483)
282.179236 [INFO ] NMEA $GPGSV,4,4,13,195,,,*46 (pico_gnss pico-gnss-rs/src/main.rs:483)
282.241778 [INFO ] NMEA $GLGSV,2,1,08,72,71,155,,75,66,277,,65,51,326,,74,44,027,*6A (pico_gnss pico-gnss-rs/src/main.rs:483)
282.300396 [INFO ] NMEA $GLGSV,2,2,08,71,17,151,16,76,17,235,,66,03,329,,73,01,045,*63 (pico_gnss pico-gnss-rs/src/main.rs:483)
282.387769 [INFO ] NMEA $GNRMC,131456.000,A,0000.0000,N,00000.0000,E,0.62,229.49,080626,,,A*7F (pico_gnss pico-gnss-rs/src/main.rs:483)
282.390356 [INFO ] SYNC pps_local_us=275000639 unix_s=1780924496 drift_us=2 err_ns=-19 holdover_ms=1000 (pico_gnss pico-gnss-rs/src/main.rs:514)
282.417465 [INFO ] NMEA $GPVTG,229.49,T,,M,0.62,N,1.15,K,A*38 (pico_gnss pico-gnss-rs/src/main.rs:483)
282.442618 [INFO ] PPSGEN count=277 interval_ns=1000002288 dev_ns=2288 phase_ns=-1896319 hwphase_ns=208 trim_ppb=-62 cfg=2 p_ns=0 d_ns=-4 (pico_gnss pico-gnss-rs/src/main.rs:330)
282.444233 [INFO ] PPS count=277 interval_us=1000002 interval_ns=1000002320 state=Locked missed=0 (pico_gnss pico-gnss-rs/src/main.rs:203)
282.475198 [INFO ] NMEA $GPZDA,131456.000,08,06,2026,,*5A (pico_gnss pico-gnss-rs/src/main.rs:483)
282.500945 [INFO ] NMEA $GPGST,131456.000,9.8,20,10,127.4,14,17,59*40 (pico_gnss pico-gnss-rs/src/main.rs:483)
282.653497 [INFO ] NMEA $GPGGA,131457.000,0000.0000,N,00000.0000,E,1,5,1.23,68.7,M,39.0,M,,*6D (pico_gnss pico-gnss-rs/src/main.rs:483)
282.711872 [INFO ] NMEA $GNGLL,0000.0000,N,00000.0000,E,131457.000,A,A*40 (pico_gnss pico-gnss-rs/src/main.rs:483)
282.770277 [INFO ] NMEA $GNGSA,A,3,28,12,29,32,23,,,,,,,,1.57,1.23,0.97*13 (pico_gnss pico-gnss-rs/src/main.rs:483)
282.799758 [INFO ] NMEA $GNGSA,A,3,,,,,,,,,,,,,1.57,1.23,0.97*11 (pico_gnss pico-gnss-rs/src/main.rs:483)
282.813746 [INFO ] TIME unix_ns=1780924497369430818 ppb=2324 holdover_ms=1369 locked=1 (pico_gnss pico-gnss-rs/src/main.rs:237)
282.873808 [INFO ] NMEA $GPGSV,4,1,13,25,81,068,17,32,64,320,17,12,41,047,24,28,39,292,16*71 (pico_gnss pico-gnss-rs/src/main.rs:483)
282.961135 [INFO ] NMEA $GPGSV,4,2,13,10,37,221,,29,21,144,18,23,14,188,18,31,13,274,*74 (pico_gnss pico-gnss-rs/src/main.rs:483)
282.990900 [INFO ] NMEA $GPGSV,4,3,13,24,11,083,,26,05,226,,193,,,,194,,,*71 (pico_gnss pico-gnss-rs/src/main.rs:483)
283.020097 [INFO ] NMEA $GPGSV,4,4,13,195,,,*46 (pico_gnss pico-gnss-rs/src/main.rs:483)
283.107241 [INFO ] NMEA $GLGSV,2,1,08,72,71,155,,75,66,277,,65,51,326,,74,44,027,*6A (pico_gnss pico-gnss-rs/src/main.rs:483)
283.170013 [INFO ] NMEA $GLGSV,2,2,08,71,17,151,14,76,17,235,,66,03,329,,73,01,045,*61 (pico_gnss pico-gnss-rs/src/main.rs:483)
283.228715 [INFO ] NMEA $GNRMC,131457.000,A,0000.0000,N,00000.0000,E,0.39,229.49,080626,,,A*73 (pico_gnss pico-gnss-rs/src/main.rs:483)
283.231286 [INFO ] SYNC pps_local_us=276000641 unix_s=1780924497 drift_us=2 err_ns=-3 holdover_ms=1000 (pico_gnss pico-gnss-rs/src/main.rs:514)
283.287000 [INFO ] NMEA $GPVTG,229.49,T,,M,0.39,N,0.72,K,A*36 (pico_gnss pico-gnss-rs/src/main.rs:483)
283.316329 [INFO ] NMEA $GPZDA,131457.000,08,06,2026,,*5B (pico_gnss pico-gnss-rs/src/main.rs:483)
283.352737 [INFO ] NMEA $GPGST,131457.000,9.8,20,10,127.4,14,17,59*41 (pico_gnss pico-gnss-rs/src/main.rs:483)
283.442585 [INFO ] PPSGEN count=278 interval_ns=1000002288 dev_ns=2288 phase_ns=-1919319 hwphase_ns=176 trim_ppb=-63 cfg=2 p_ns=0 d_ns=-8 (pico_gnss pico-gnss-rs/src/main.rs:330)
283.444198 [INFO ] PPS count=278 interval_us=1000002 interval_ns=1000002320 state=Locked missed=0 (pico_gnss pico-gnss-rs/src/main.rs:203)
283.643312 [INFO ] NMEA $GPGGA,131458.000,0000.0000,N,00000.0000,E,1,5,1.23,68.8,M,39.0,M,,*6E (pico_gnss pico-gnss-rs/src/main.rs:483)
283.701625 [INFO ] NMEA $GNGLL,0000.0000,N,00000.0000,E,131458.000,A,A*4C (pico_gnss pico-gnss-rs/src/main.rs:483)
283.760038 [INFO ] NMEA $GNGSA,A,3,28,12,29,32,23,,,,,,,,1.57,1.23,0.97*13 (pico_gnss pico-gnss-rs/src/main.rs:483)
283.789514 [INFO ] NMEA $GNGSA,A,3,,,,,,,,,,,,,1.57,1.23,0.97*11 (pico_gnss pico-gnss-rs/src/main.rs:483)
283.815023 [INFO ] TIME unix_ns=1780924498370708815 ppb=2324 holdover_ms=1370 locked=1 (pico_gnss pico-gnss-rs/src/main.rs:237)
283.881044 [INFO ] NMEA $GPGSV,4,1,13,25,81,068,17,32,64,320,17,12,41,047,24,28,39,292,15*72 (pico_gnss pico-gnss-rs/src/main.rs:483)
283.939657 [INFO ] NMEA $GPGSV,4,2,13,10,37,221,,29,21,144,18,23,14,188,18,31,13,274,*74 (pico_gnss pico-gnss-rs/src/main.rs:483)
283.998100 [INFO ] NMEA $GPGSV,4,3,13,24,11,083,,26,05,226,,193,,,,194,,,*71 (pico_gnss pico-gnss-rs/src/main.rs:483)
284.027345 [INFO ] NMEA $GPGSV,4,4,13,195,,,*46 (pico_gnss pico-gnss-rs/src/main.rs:483)
284.085814 [INFO ] NMEA $GLGSV,2,1,08,72,71,155,,75,66,277,,65,51,326,,74,44,027,*6A (pico_gnss pico-gnss-rs/src/main.rs:483)
284.148454 [INFO ] NMEA $GLGSV,2,2,08,71,17,151,,76,17,235,,66,03,329,,73,01,045,*64 (pico_gnss pico-gnss-rs/src/main.rs:483)
284.235927 [INFO ] NMEA $GNRMC,131458.000,A,0000.0000,N,00000.0000,E,1.53,128.25,080626,,,A*7A (pico_gnss pico-gnss-rs/src/main.rs:483)
284.238509 [INFO ] SYNC pps_local_us=277000644 unix_s=1780924498 drift_us=2 err_ns=-3 holdover_ms=999 (pico_gnss pico-gnss-rs/src/main.rs:514)
284.265692 [INFO ] NMEA $GPVTG,128.25,T,,M,1.53,N,2.83,K,A*3F (pico_gnss pico-gnss-rs/src/main.rs:483)
284.294854 [INFO ] NMEA $GPZDA,131458.000,08,06,2026,,*54 (pico_gnss pico-gnss-rs/src/main.rs:483)
284.340645 [INFO ] NMEA $GPGST,131458.000,9.8,20,10,127.5,14,17,58*4E (pico_gnss pico-gnss-rs/src/main.rs:483)
284.442608 [INFO ] PPSGEN count=279 interval_ns=1000002288 dev_ns=2288 phase_ns=-1865319 hwphase_ns=144 trim_ppb=-64 cfg=2 p_ns=0 d_ns=-8 (pico_gnss pico-gnss-rs/src/main.rs:330)
284.444230 [INFO ] PPS count=279 interval_us=1000002 interval_ns=1000002336 state=Locked missed=0 (pico_gnss pico-gnss-rs/src/main.rs:203)
284.644931 [INFO ] NMEA $GPGGA,131459.000,0000.0000,N,00000.0000,E,1,5,1.23,69.1,M,39.0,M,,*64 (pico_gnss pico-gnss-rs/src/main.rs:483)
284.703293 [INFO ] NMEA $GNGLL,0000.0000,N,00000.0000,E,131459.000,A,A*4E (pico_gnss pico-gnss-rs/src/main.rs:483)
284.761657 [INFO ] NMEA $GNGSA,A,3,28,12,29,32,23,,,,,,,,1.57,1.23,0.97*13 (pico_gnss pico-gnss-rs/src/main.rs:483)
284.816324 [INFO ] TIME unix_ns=1780924499372031812 ppb=2324 holdover_ms=1372 locked=1 (pico_gnss pico-gnss-rs/src/main.rs:237)
284.820184 [INFO ] NMEA $GNGSA,A,3,,,,,,,,,,,,,1.57,1.23,0.97*11 (pico_gnss pico-gnss-rs/src/main.rs:483)
284.882662 [INFO ] NMEA $GPGSV,4,1,13,25,81,068,17,32,64,320,17,12,41,047,24,28,39,292,15*72 (pico_gnss pico-gnss-rs/src/main.rs:483)
284.941302 [INFO ] NMEA $GPGSV,4,2,13,10,37,221,,29,21,144,18,23,14,188,18,31,14,275,*72 (pico_gnss pico-gnss-rs/src/main.rs:483)
284.999716 [INFO ] NMEA $GPGSV,4,3,13,24,11,083,,26,05,226,,193,,,,194,,,*71 (pico_gnss pico-gnss-rs/src/main.rs:483)
285.028951 [INFO ] NMEA $GPGSV,4,4,13,195,,,*46 (pico_gnss pico-gnss-rs/src/main.rs:483)
285.087462 [INFO ] NMEA $GLGSV,2,1,08,72,71,155,,75,66,277,,65,51,326,,74,44,027,*6A (pico_gnss pico-gnss-rs/src/main.rs:483)
285.150073 [INFO ] NMEA $GLGSV,2,2,08,71,17,151,,76,17,235,,66,03,329,,73,01,045,*64 (pico_gnss pico-gnss-rs/src/main.rs:483)
285.237602 [INFO ] NMEA $GNRMC,131459.000,A,0000.0000,N,00000.0000,E,0.02,128.25,080626,,,A*7D (pico_gnss pico-gnss-rs/src/main.rs:483)
285.240168 [INFO ] SYNC pps_local_us=278000646 unix_s=1780924499 drift_us=2 err_ns=12 holdover_ms=1000 (pico_gnss pico-gnss-rs/src/main.rs:514)
285.267315 [INFO ] NMEA $GPVTG,128.25,T,,M,0.02,N,0.03,K,A*30 (pico_gnss pico-gnss-rs/src/main.rs:483)
285.325127 [INFO ] NMEA $GPZDA,131459.000,08,06,2026,,*55 (pico_gnss pico-gnss-rs/src/main.rs:483)
285.351756 [INFO ] NMEA $GPGST,131459.000,9.8,20,10,127.5,14,17,58*4F (pico_gnss pico-gnss-rs/src/main.rs:483)
285.442588 [INFO ] PPSGEN count=280 interval_ns=1000002288 dev_ns=2288 phase_ns=-1909319 hwphase_ns=96 trim_ppb=-64 cfg=2 p_ns=0 d_ns=-12 (pico_gnss pico-gnss-rs/src/main.rs:330)
285.444190 [INFO ] PPS count=280 interval_us=1000002 interval_ns=1000002304 state=Locked missed=0 (pico_gnss pico-gnss-rs/src/main.rs:203)
285.657472 [INFO ] NMEA $GPGGA,131500.000,0000.0000,N,00000.0000,E,1,5,1.23,69.2,M,39.0,M,,*6F (pico_gnss pico-gnss-rs/src/main.rs:483)
285.687136 [INFO ] NMEA $GNGLL,0000.0000,N,00000.0000,E,131500.000,A,A*46 (pico_gnss pico-gnss-rs/src/main.rs:483)
285.745478 [INFO ] NMEA $GNGSA,A,3,28,12,29,32,23,,,,,,,,1.57,1.23,0.97*13 (pico_gnss pico-gnss-rs/src/main.rs:483)
285.803672 [INFO ] NMEA $GNGSA,A,3,,,,,,,,,,,,,1.57,1.23,0.97*11 (pico_gnss pico-gnss-rs/src/main.rs:483)
285.817603 [INFO ] TIME unix_ns=1780924500373299810 ppb=2323 holdover_ms=1373 locked=1 (pico_gnss pico-gnss-rs/src/main.rs:237)
285.862437 [INFO ] NMEA $GPGSV,4,1,13,25,81,068,17,32,65,320,17,12,41,047,24,28,39,292,15*73 (pico_gnss pico-gnss-rs/src/main.rs:483)
285.953836 [INFO ] NMEA $GPGSV,4,2,13,10,37,221,,29,21,144,18,23,14,188,18,31,14,275,*72 (pico_gnss pico-gnss-rs/src/main.rs:483)
285.983587 [INFO ] NMEA $GPGSV,4,3,13,24,11,083,,26,05,226,,193,,,,194,,,*71 (pico_gnss pico-gnss-rs/src/main.rs:483)
286.012761 [INFO ] NMEA $GPGSV,4,4,13,195,,,*46 (pico_gnss pico-gnss-rs/src/main.rs:483)
286.100005 [INFO ] NMEA $GLGSV,2,1,08,72,71,155,,75,66,277,,65,51,326,,74,44,027,*6A (pico_gnss pico-gnss-rs/src/main.rs:483)
286.162669 [INFO ] NMEA $GLGSV,2,2,08,71,17,151,,76,17,235,,66,03,329,,73,01,045,*64 (pico_gnss pico-gnss-rs/src/main.rs:483)
286.221370 [INFO ] NMEA $GNRMC,131500.000,A,0000.0000,N,00000.0000,E,0.60,313.09,080626,,,A*75 (pico_gnss pico-gnss-rs/src/main.rs:483)
286.223942 [INFO ] SYNC pps_local_us=279000648 unix_s=1780924500 drift_us=2 err_ns=-19 holdover_ms=999 (pico_gnss pico-gnss-rs/src/main.rs:514)
286.279645 [INFO ] NMEA $GPVTG,313.09,T,,M,0.60,N,1.12,K,A*31 (pico_gnss pico-gnss-rs/src/main.rs:483)
286.308976 [INFO ] NMEA $GPZDA,131500.000,08,06,2026,,*58 (pico_gnss pico-gnss-rs/src/main.rs:483)
286.344357 [INFO ] NMEA $GPGST,131500.000,9.8,20,10,127.2,14,17,58*45 (pico_gnss pico-gnss-rs/src/main.rs:483)
286.442599 [INFO ] PPSGEN count=281 interval_ns=1000002288 dev_ns=2288 phase_ns=-1865319 hwphase_ns=80 trim_ppb=-64 cfg=2 p_ns=0 d_ns=-4 (pico_gnss pico-gnss-rs/src/main.rs:330)
286.444219 [INFO ] PPS count=281 interval_us=1000002 interval_ns=1000002320 state=Locked missed=0 (pico_gnss pico-gnss-rs/src/main.rs:203)
286.643172 [INFO ] NMEA $GPGGA,131501.000,0000.0000,N,00000.0000,E,1,5,1.23,69.5,M,39.0,M,,*61 (pico_gnss pico-gnss-rs/src/main.rs:483)
286.701497 [INFO ] NMEA $GNGLL,0000.0000,N,00000.0000,E,131501.000,A,A*4F (pico_gnss pico-gnss-rs/src/main.rs:483)
286.759905 [INFO ] NMEA $GNGSA,A,3,28,12,29,32,23,,,,,,,,1.57,1.23,0.97*13 (pico_gnss pico-gnss-rs/src/main.rs:483)
286.789464 [INFO ] NMEA $GNGSA,A,3,,,,,,,,,,,,,1.57,1.23,0.97*11 (pico_gnss pico-gnss-rs/src/main.rs:483)
286.819655 [INFO ] TIME unix_ns=1780924501375362805 ppb=2323 holdover_ms=1375 locked=1 (pico_gnss pico-gnss-rs/src/main.rs:237)
286.876890 [INFO ] NMEA $GPGSV,4,1,13,25,81,068,17,32,65,320,17,12,41,047,24,28,39,292,15*73 (pico_gnss pico-gnss-rs/src/main.rs:483)
286.939533 [INFO ] NMEA $GPGSV,4,2,13,10,37,221,,29,21,144,18,23,14,188,17,31,14,275,*7D (pico_gnss pico-gnss-rs/src/main.rs:483)
286.997971 [INFO ] NMEA $GPGSV,4,3,13,24,11,083,,26,05,226,,193,,,,194,,,*71 (pico_gnss pico-gnss-rs/src/main.rs:483)
287.027215 [INFO ] NMEA $GPGSV,4,4,13,195,,,*46 (pico_gnss pico-gnss-rs/src/main.rs:483)
287.085671 [INFO ] NMEA $GLGSV,2,1,08,72,71,155,,75,66,277,,65,51,326,,74,44,027,*6A (pico_gnss pico-gnss-rs/src/main.rs:483)
287.144258 [INFO ] NMEA $GLGSV,2,2,08,71,17,151,,76,17,235,,66,03,329,,73,01,045,*64 (pico_gnss pico-gnss-rs/src/main.rs:483)
287.235820 [INFO ] NMEA $GNRMC,131501.000,A,0000.0000,N,00000.0000,E,0.61,261.59,080626,,,A*7C (pico_gnss pico-gnss-rs/src/main.rs:483)
287.238381 [INFO ] SYNC pps_local_us=280000651 unix_s=1780924501 drift_us=2 err_ns=-3 holdover_ms=1000 (pico_gnss pico-gnss-rs/src/main.rs:514)
287.265581 [INFO ] NMEA $GPVTG,261.59,T,,M,0.61,N,1.13,K,A*30 (pico_gnss pico-gnss-rs/src/main.rs:483)
287.294743 [INFO ] NMEA $GPZDA,131501.000,08,06,2026,,*59 (pico_gnss pico-gnss-rs/src/main.rs:483)
287.339501 [INFO ] NMEA $GPGST,131501.000,9.8,20,10,127.3,14,17,58*45 (pico_gnss pico-gnss-rs/src/main.rs:483)
287.442615 [INFO ] PPSGEN count=282 interval_ns=1000002288 dev_ns=2288 phase_ns=-1876318 hwphase_ns=48 trim_ppb=-64 cfg=2 p_ns=0 d_ns=-8 (pico_gnss pico-gnss-rs/src/main.rs:330)
287.444217 [INFO ] PPS count=282 interval_us=1000002 interval_ns=1000002320 state=Locked missed=0 (pico_gnss pico-gnss-rs/src/main.rs:203)
287.642437 [INFO ] NMEA $GPGGA,131502.000,0000.0000,N,00000.0000,E,1,5,1.23,69.6,M,39.0,M,,*6A (pico_gnss pico-gnss-rs/src/main.rs:483)
287.692589 [INFO ] NMEA $GNGLL,0000.0000,N,00000.0000,E,131502.000,A,A*47 (pico_gnss pico-gnss-rs/src/main.rs:483)
287.750949 [INFO ] NMEA $GNGSA,A,3,28,12,29,32,23,,,,,,,,1.57,1.23,0.97*13 (pico_gnss pico-gnss-rs/src/main.rs:483)
287.780462 [INFO ] NMEA $GNGSA,A,3,,,,,,,,,,,,,1.57,1.23,0.97*11 (pico_gnss pico-gnss-rs/src/main.rs:483)
287.820964 [INFO ] TIME unix_ns=1780924502376652802 ppb=2323 holdover_ms=1376 locked=1 (pico_gnss pico-gnss-rs/src/main.rs:237)
287.867927 [INFO ] NMEA $GPGSV,4,1,13,25,81,068,17,32,65,320,17,12,41,047,24,28,39,292,15*73 (pico_gnss pico-gnss-rs/src/main.rs:483)
287.930578 [INFO ] NMEA $GPGSV,4,2,13,10,37,221,,29,21,144,18,23,14,188,17,31,14,275,*7D (pico_gnss pico-gnss-rs/src/main.rs:483)
287.988987 [INFO ] NMEA $GPGSV,4,3,13,24,11,083,,26,05,226,,193,,,,194,,,*71 (pico_gnss pico-gnss-rs/src/main.rs:483)
288.018272 [INFO ] NMEA $GPGSV,4,4,13,195,,,*46 (pico_gnss pico-gnss-rs/src/main.rs:483)
288.076777 [INFO ] NMEA $GLGSV,2,1,08,72,71,155,,75,66,277,,65,51,326,,74,44,027,*6A (pico_gnss pico-gnss-rs/src/main.rs:483)
288.164092 [INFO ] NMEA $GLGSV,2,2,08,71,17,151,16,76,17,235,,66,03,329,,73,01,045,*63 (pico_gnss pico-gnss-rs/src/main.rs:483)
288.226948 [INFO ] NMEA $GNRMC,131502.000,A,0000.0000,N,00000.0000,E,0.21,261.59,080626,,,A*70 (pico_gnss pico-gnss-rs/src/main.rs:483)
288.229521 [INFO ] SYNC pps_local_us=281000653 unix_s=1780924502 drift_us=2 err_ns=-3 holdover_ms=1000 (pico_gnss pico-gnss-rs/src/main.rs:514)
288.256640 [INFO ] NMEA $GPVTG,261.59,T,,M,0.21,N,0.39,K,A*3D (pico_gnss pico-gnss-rs/src/main.rs:483)
288.314497 [INFO ] NMEA $GPZDA,131502.000,08,06,2026,,*5A (pico_gnss pico-gnss-rs/src/main.rs:483)
288.342154 [INFO ] NMEA $GPGST,131502.000,9.7,20,10,127.6,15,17,58*4D (pico_gnss pico-gnss-rs/src/main.rs:483)
288.442608 [INFO ] PPSGEN count=283 interval_ns=1000002272 dev_ns=2272 phase_ns=-1885318 hwphase_ns=0 trim_ppb=-64 cfg=2 p_ns=0 d_ns=-12 (pico_gnss pico-gnss-rs/src/main.rs:330)
288.444211 [INFO ] PPS count=283 interval_us=1000002 interval_ns=1000002320 state=Locked missed=0 (pico_gnss pico-gnss-rs/src/main.rs:203)
288.643163 [INFO ] NMEA $GPGGA,131503.000,0000.0000,N,00000.0000,E,1,5,1.23,69.7,M,39.0,M,,*68 (pico_gnss pico-gnss-rs/src/main.rs:483)
288.710766 [INFO ] NMEA $GNGLL,0000.0000,N,00000.0000,E,131503.000,A,A*44 (pico_gnss pico-gnss-rs/src/main.rs:483)
288.740495 [INFO ] NMEA $GNGSA,A,3,28,12,29,32,23,,,,,,,,1.57,1.23,0.97*13 (pico_gnss pico-gnss-rs/src/main.rs:483)
288.798631 [INFO ] NMEA $GNGSA,A,3,,,,,,,,,,,,,1.57,1.23,0.97*11 (pico_gnss pico-gnss-rs/src/main.rs:483)
288.822239 [INFO ] TIME unix_ns=1780924503377941799 ppb=2323 holdover_ms=1377 locked=1 (pico_gnss pico-gnss-rs/src/main.rs:237)
288.857400 [INFO ] NMEA $GPGSV,4,1,13,25,81,068,17,32,65,320,17,12,41,047,24,28,39,292,15*73 (pico_gnss pico-gnss-rs/src/main.rs:483)
288.948804 [INFO ] NMEA $GPGSV,4,2,13,10,37,221,,29,21,144,18,23,14,188,17,31,14,275,*7D (pico_gnss pico-gnss-rs/src/main.rs:483)
289.007240 [INFO ] NMEA $GPGSV,4,3,13,24,11,083,,26,05,226,,193,,,,194,,,*71 (pico_gnss pico-gnss-rs/src/main.rs:483)
289.008590 [INFO ] NMEA $GPGSV,4,4,13,195,,,*46 (pico_gnss pico-gnss-rs/src/main.rs:483)
289.094967 [INFO ] NMEA $GLGSV,2,1,08,72,71,155,,75,66,277,,65,51,326,,74,44,027,*6A (pico_gnss pico-gnss-rs/src/main.rs:483)
289.153539 [INFO ] NMEA $GLGSV,2,2,08,71,17,151,16,76,17,235,,66,03,329,,73,01,045,*63 (pico_gnss pico-gnss-rs/src/main.rs:483)
289.216345 [INFO ] NMEA $GNRMC,131503.000,A,0000.0000,N,00000.0000,E,0.15,261.59,080626,,,A*74 (pico_gnss pico-gnss-rs/src/main.rs:483)
289.218912 [INFO ] SYNC pps_local_us=282000655 unix_s=1780924503 drift_us=2 err_ns=-3 holdover_ms=999 (pico_gnss pico-gnss-rs/src/main.rs:514)
289.274643 [INFO ] NMEA $GPVTG,261.59,T,,M,0.15,N,0.28,K,A*3A (pico_gnss pico-gnss-rs/src/main.rs:483)
289.303955 [INFO ] NMEA $GPZDA,131503.000,08,06,2026,,*5B (pico_gnss pico-gnss-rs/src/main.rs:483)
289.342492 [INFO ] NMEA $GPGST,131503.000,9.7,20,10,128.3,15,17,58*46 (pico_gnss pico-gnss-rs/src/main.rs:483)
289.442621 [INFO ] PPSGEN count=284 interval_ns=1000002288 dev_ns=2288 phase_ns=-1878318 hwphase_ns=-32 trim_ppb=-64 cfg=2 p_ns=0 d_ns=-8 (pico_gnss pico-gnss-rs/src/main.rs:330)
289.444322 [INFO ] PPS count=284 interval_us=1000002 interval_ns=1000002320 state=Locked missed=0 (pico_gnss pico-gnss-rs/src/main.rs:203)
289.642239 [INFO ] NMEA $GPGGA,131504.000,0000.0000,N,00000.0000,E,1,5,1.23,69.8,M,39.0,M,,*63 (pico_gnss pico-gnss-rs/src/main.rs:483)
289.698526 [INFO ] NMEA $GNGLL,0000.0000,N,00000.0000,E,131504.000,A,A*40 (pico_gnss pico-gnss-rs/src/main.rs:483)
289.756914 [INFO ] NMEA $GNGSA,A,3,28,12,29,32,23,,,,,,,,1.57,1.23,0.97*13 (pico_gnss pico-gnss-rs/src/main.rs:483)
289.786398 [INFO ] NMEA $GNGSA,A,3,,,,,,,,,,,,,1.57,1.23,0.97*11 (pico_gnss pico-gnss-rs/src/main.rs:483)
289.823535 [INFO ] TIME unix_ns=1780924504379218797 ppb=2323 holdover_ms=1379 locked=1 (pico_gnss pico-gnss-rs/src/main.rs:237)
289.873886 [INFO ] NMEA $GPGSV,4,1,13,25,81,068,17,32,65,320,17,12,41,047,24,28,39,292,15*73 (pico_gnss pico-gnss-rs/src/main.rs:483)
289.932410 [INFO ] NMEA $GPGSV,4,2,13,10,37,221,,29,21,144,18,23,14,188,17,31,14,275,*7D (pico_gnss pico-gnss-rs/src/main.rs:483)
289.994929 [INFO ] NMEA $GPGSV,4,3,13,24,11,083,,26,05,226,,193,,,,194,,,*71 (pico_gnss pico-gnss-rs/src/main.rs:483)
290.024210 [INFO ] NMEA $GPGSV,4,4,13,195,,,*46 (pico_gnss pico-gnss-rs/src/main.rs:483)
290.082677 [INFO ] NMEA $GLGSV,2,1,08,72,71,155,,75,66,277,,65,51,326,,74,44,027,*6A (pico_gnss pico-gnss-rs/src/main.rs:483)
290.141317 [INFO ] NMEA $GLGSV,2,2,08,71,17,151,17,76,17,235,,66,03,329,,73,01,045,*62 (pico_gnss pico-gnss-rs/src/main.rs:483)
290.232893 [INFO ] NMEA $GNRMC,131504.000,A,0000.0000,N,00000.0000,E,0.71,101.08,080626,,,A*73 (pico_gnss pico-gnss-rs/src/main.rs:483)
290.235454 [INFO ] SYNC pps_local_us=283000658 unix_s=1780924504 drift_us=2 err_ns=-2 holdover_ms=1000 (pico_gnss pico-gnss-rs/src/main.rs:514)
290.262662 [INFO ] NMEA $GPVTG,101.08,T,,M,0.71,N,1.32,K,A*33 (pico_gnss pico-gnss-rs/src/main.rs:483)
290.291808 [INFO ] NMEA $GPZDA,131504.000,08,06,2026,,*5C (pico_gnss pico-gnss-rs/src/main.rs:483)
290.341802 [INFO ] NMEA $GPGST,131504.000,9.6,20,10,127.9,15,17,58*45 (pico_gnss pico-gnss-rs/src/main.rs:483)
290.442613 [INFO ] PPSGEN count=285 interval_ns=1000002288 dev_ns=2288 phase_ns=-1987318 hwphase_ns=-64 trim_ppb=-64 cfg=2 p_ns=0 d_ns=-8 (pico_gnss pico-gnss-rs/src/main.rs:330)
290.444307 [INFO ] PPS count=285 interval_us=1000002 interval_ns=1000002320 state=Locked missed=0 (pico_gnss pico-gnss-rs/src/main.rs:203)
290.643350 [INFO ] NMEA $GPGGA,131505.000,0000.0000,N,00000.0000,E,1,5,1.23,69.9,M,39.0,M,,*63 (pico_gnss pico-gnss-rs/src/main.rs:483)
290.701613 [INFO ] NMEA $GNGLL,0000.0000,N,00000.0000,E,131505.000,A,A*41 (pico_gnss pico-gnss-rs/src/main.rs:483)
290.746678 [INFO ] NMEA $GNGSA,A,3,28,12,29,32,23,,,,,,,,1.57,1.23,0.97*13 (pico_gnss pico-gnss-rs/src/main.rs:483)
290.804894 [INFO ] NMEA $GNGSA,A,3,,,,,,,,,,,,,1.57,1.23,0.97*11 (pico_gnss pico-gnss-rs/src/main.rs:483)
290.824839 [INFO ] TIME unix_ns=1780924505380434794 ppb=2323 holdover_ms=1380 locked=1 (pico_gnss pico-gnss-rs/src/main.rs:237)
290.863680 [INFO ] NMEA $GPGSV,4,1,13,25,81,068,17,32,65,320,17,12,41,047,24,28,39,292,15*73 (pico_gnss pico-gnss-rs/src/main.rs:483)
290.950932 [INFO ] NMEA $GPGSV,4,2,13,10,37,221,,29,21,144,18,23,14,188,17,31,14,275,*7D (pico_gnss pico-gnss-rs/src/main.rs:483)
290.984712 [INFO ] NMEA $GPGSV,4,3,13,24,11,083,,26,05,226,,193,,,,194,,,*71 (pico_gnss pico-gnss-rs/src/main.rs:483)
291.013997 [INFO ] NMEA $GPGSV,4,4,13,195,,,*46 (pico_gnss pico-gnss-rs/src/main.rs:483)
291.072437 [INFO ] NMEA $GLGSV,2,1,08,72,71,155,,75,66,277,,65,51,326,,74,44,027,*6A (pico_gnss pico-gnss-rs/src/main.rs:483)
291.159815 [INFO ] NMEA $GLGSV,2,2,08,71,17,151,17,76,17,235,,66,03,329,,73,01,045,*62 (pico_gnss pico-gnss-rs/src/main.rs:483)
291.218518 [INFO ] NMEA $GNRMC,131505.000,A,0000.0000,N,00000.0000,E,0.93,125.03,080626,,,A*73 (pico_gnss pico-gnss-rs/src/main.rs:483)
291.221094 [INFO ] SYNC pps_local_us=284000660 unix_s=1780924505 drift_us=2 err_ns=-2 holdover_ms=999 (pico_gnss pico-gnss-rs/src/main.rs:514)
291.280834 [INFO ] NMEA $GPVTG,125.03,T,,M,0.93,N,1.73,K,A*37 (pico_gnss pico-gnss-rs/src/main.rs:483)
291.310269 [INFO ] NMEA $GPZDA,131505.000,08,06,2026,,*5D (pico_gnss pico-gnss-rs/src/main.rs:483)
291.339759 [INFO ] NMEA $GPGST,131505.000,9.6,20,10,127.7,15,17,58*4A (pico_gnss pico-gnss-rs/src/main.rs:483)
291.442628 [INFO ] PPSGEN count=286 interval_ns=1000002288 dev_ns=2288 phase_ns=-1967318 hwphase_ns=-96 trim_ppb=-64 cfg=2 p_ns=0 d_ns=-8 (pico_gnss pico-gnss-rs/src/main.rs:330)
291.444335 [INFO ] PPS count=286 interval_us=1000002 interval_ns=1000002320 state=Locked missed=0 (pico_gnss pico-gnss-rs/src/main.rs:203)
291.645973 [INFO ] NMEA $GPGGA,131506.000,0000.0000,N,00000.0000,E,1,5,1.23,70.0,M,39.0,M,,*6F (pico_gnss pico-gnss-rs/src/main.rs:483)
291.704280 [INFO ] NMEA $GNGLL,0000.0000,N,00000.0000,E,131506.000,A,A*4C (pico_gnss pico-gnss-rs/src/main.rs:483)
291.766802 [INFO ] NMEA $GNGSA,A,3,28,12,29,32,23,,,,,,,,1.57,1.23,0.97*13 (pico_gnss pico-gnss-rs/src/main.rs:483)
291.796342 [INFO ] NMEA $GNGSA,A,3,,,,,,,,,,,,,1.57,1.23,0.97*11 (pico_gnss pico-gnss-rs/src/main.rs:483)
291.826620 [INFO ] TIME unix_ns=1780924506382211790 ppb=2323 holdover_ms=1382 locked=1 (pico_gnss pico-gnss-rs/src/main.rs:237)
291.883795 [INFO ] NMEA $GPGSV,4,1,13,25,81,068,17,32,65,320,17,12,41,047,24,28,39,292,14*72 (pico_gnss pico-gnss-rs/src/main.rs:483)
291.942358 [INFO ] NMEA $GPGSV,4,2,13,10,37,221,,29,21,144,18,23,14,188,17,31,14,275,*7D (pico_gnss pico-gnss-rs/src/main.rs:483)
292.004863 [INFO ] NMEA $GPGSV,4,3,13,24,11,083,,26,05,226,,193,,,,194,,,*71 (pico_gnss pico-gnss-rs/src/main.rs:483)
292.034131 [INFO ] NMEA $GPGSV,4,4,13,195,,,*46 (pico_gnss pico-gnss-rs/src/main.rs:483)
292.092579 [INFO ] NMEA $GLGSV,2,1,08,72,71,155,,75,66,277,,65,51,326,,74,44,027,*6A (pico_gnss pico-gnss-rs/src/main.rs:483)
292.151196 [INFO ] NMEA $GLGSV,2,2,08,71,17,151,17,76,17,235,,66,03,329,,73,01,045,*62 (pico_gnss pico-gnss-rs/src/main.rs:483)
292.238683 [INFO ] NMEA $GNRMC,131506.000,A,0000.0000,N,00000.0000,E,0.63,116.80,080626,,,A*7A (pico_gnss pico-gnss-rs/src/main.rs:483)
292.241256 [INFO ] SYNC pps_local_us=285000662 unix_s=1780924506 drift_us=2 err_ns=-2 holdover_ms=1000 (pico_gnss pico-gnss-rs/src/main.rs:514)
292.272275 [INFO ] NMEA $GPVTG,116.80,T,,M,0.63,N,1.16,K,A*30 (pico_gnss pico-gnss-rs/src/main.rs:483)
292.301637 [INFO ] NMEA $GPZDA,131506.000,08,06,2026,,*5E (pico_gnss pico-gnss-rs/src/main.rs:483)
292.345373 [INFO ] NMEA $GPGST,131506.000,9.6,20,10,127.5,15,17,58*4B (pico_gnss pico-gnss-rs/src/main.rs:483)
292.442626 [INFO ] PPSGEN count=287 interval_ns=1000002288 dev_ns=2288 phase_ns=-2004318 hwphase_ns=-128 trim_ppb=-63 cfg=2 p_ns=0 d_ns=-8 (pico_gnss pico-gnss-rs/src/main.rs:330)
292.444314 [INFO ] PPS count=287 interval_us=1000002 interval_ns=1000002304 state=Locked missed=0 (pico_gnss pico-gnss-rs/src/main.rs:203)
292.643093 [INFO ] NMEA $GPGGA,131507.000,0000.0000,N,00000.0000,E,1,5,1.23,69.9,M,39.0,M,,*6E (pico_gnss pico-gnss-rs/src/main.rs:483)
292.701397 [INFO ] NMEA $GNGLL,0000.0000,N,00000.0000,E,131507.000,A,A*4C (pico_gnss pico-gnss-rs/src/main.rs:483)
292.752648 [INFO ] NMEA $GNGSA,A,3,28,12,29,32,23,,,,,,,,1.57,1.23,0.97*13 (pico_gnss pico-gnss-rs/src/main.rs:483)
292.782161 [INFO ] NMEA $GNGSA,A,3,,,,,,,,,,,,,1.57,1.23,0.97*11 (pico_gnss pico-gnss-rs/src/main.rs:483)
292.827913 [INFO ] TIME unix_ns=1780924507383478788 ppb=2322 holdover_ms=1383 locked=1 (pico_gnss pico-gnss-rs/src/main.rs:237)
292.869601 [INFO ] NMEA $GPGSV,4,1,13,25,81,068,17,32,65,320,18,12,41,047,24,28,39,292,15*7C (pico_gnss pico-gnss-rs/src/main.rs:483)
292.928176 [INFO ] NMEA $GPGSV,4,2,13,10,37,221,,29,21,144,18,23,14,188,17,31,14,275,*7D (pico_gnss pico-gnss-rs/src/main.rs:483)
292.986570 [INFO ] NMEA $GPGSV,4,3,13,24,11,083,,26,05,226,,193,,,,194,,,*71 (pico_gnss pico-gnss-rs/src/main.rs:483)
293.019866 [INFO ] NMEA $GPGSV,4,4,13,195,,,*46 (pico_gnss pico-gnss-rs/src/main.rs:483)
293.078429 [INFO ] NMEA $GLGSV,2,1,08,72,71,155,,75,66,277,,65,51,326,,74,44,027,*6A (pico_gnss pico-gnss-rs/src/main.rs:483)
293.136995 [INFO ] NMEA $GLGSV,2,2,08,71,17,151,16,76,17,235,,66,03,329,,73,01,045,*63 (pico_gnss pico-gnss-rs/src/main.rs:483)
293.224494 [INFO ] NMEA $GNRMC,131507.000,A,0000.0000,N,00000.0000,E,1.62,132.53,080626,,,A*72 (pico_gnss pico-gnss-rs/src/main.rs:483)
293.227078 [INFO ] SYNC pps_local_us=286000665 unix_s=1780924507 drift_us=2 err_ns=-18 holdover_ms=999 (pico_gnss pico-gnss-rs/src/main.rs:514)
293.254210 [INFO ] NMEA $GPVTG,132.53,T,,M,1.62,N,3.00,K,A*3D (pico_gnss pico-gnss-rs/src/main.rs:483)
293.316108 [INFO ] NMEA $GPZDA,131507.000,08,06,2026,,*5F (pico_gnss pico-gnss-rs/src/main.rs:483)
293.342759 [INFO ] NMEA $GPGST,131507.000,9.6,20,11,127.1,15,17,59*4E (pico_gnss pico-gnss-rs/src/main.rs:483)
293.442641 [INFO ] PPSGEN count=288 interval_ns=1000002288 dev_ns=2288 phase_ns=-1961317 hwphase_ns=-144 trim_ppb=-62 cfg=2 p_ns=0 d_ns=-4 (pico_gnss pico-gnss-rs/src/main.rs:330)
293.444335 [INFO ] PPS count=288 interval_us=1000002 interval_ns=1000002336 state=Locked missed=0 (pico_gnss pico-gnss-rs/src/main.rs:203)
293.643175 [INFO ] NMEA $GPGGA,131508.000,0000.0000,N,00000.0000,E,1,5,1.23,69.9,M,39.0,M,,*6C (pico_gnss pico-gnss-rs/src/main.rs:483)
293.701579 [INFO ] NMEA $GNGLL,0000.0000,N,00000.0000,E,131508.000,A,A*4E (pico_gnss pico-gnss-rs/src/main.rs:483)
293.759936 [INFO ] NMEA $GNGSA,A,3,28,12,29,32,23,,,,,,,,1.57,1.23,0.97*13 (pico_gnss pico-gnss-rs/src/main.rs:483)
293.799683 [INFO ] NMEA $GNGSA,A,3,,,,,,,,,,,,,1.57,1.23,0.97*11 (pico_gnss pico-gnss-rs/src/main.rs:483)
293.829242 [INFO ] TIME unix_ns=1780924508384828784 ppb=2323 holdover_ms=1384 locked=1 (pico_gnss pico-gnss-rs/src/main.rs:237)
293.858553 [INFO ] NMEA $GPGSV,4,1,13,25,81,068,17,32,65,320,18,12,41,047,24,28,39,292,16*7F (pico_gnss pico-gnss-rs/src/main.rs:483)
293.945739 [INFO ] NMEA $GPGSV,4,2,13,10,37,221,,29,21,144,18,23,14,188,17,31,14,275,*7D (pico_gnss pico-gnss-rs/src/main.rs:483)
294.004171 [INFO ] NMEA $GPGSV,4,3,13,24,11,083,,26,05,226,,193,,,,194,,,*71 (pico_gnss pico-gnss-rs/src/main.rs:483)
294.033317 [INFO ] NMEA $GPGSV,4,4,13,195,,,*46 (pico_gnss pico-gnss-rs/src/main.rs:483)
294.095991 [INFO ] NMEA $GLGSV,2,1,08,72,71,155,,75,66,277,,65,51,326,,74,44,027,*6A (pico_gnss pico-gnss-rs/src/main.rs:483)
294.154566 [INFO ] NMEA $GLGSV,2,2,08,71,17,151,16,76,17,235,,66,03,329,,73,01,045,*63 (pico_gnss pico-gnss-rs/src/main.rs:483)
294.213306 [INFO ] NMEA $GNRMC,131508.000,A,0000.0000,N,00000.0000,E,0.68,155.44,080626,,,A*7C (pico_gnss pico-gnss-rs/src/main.rs:483)
294.215882 [INFO ] SYNC pps_local_us=287000667 unix_s=1780924508 drift_us=2 err_ns=14 holdover_ms=1000 (pico_gnss pico-gnss-rs/src/main.rs:514)
294.271537 [INFO ] NMEA $GPVTG,155.44,T,,M,0.68,N,1.26,K,A*37 (pico_gnss pico-gnss-rs/src/main.rs:483)
294.304912 [INFO ] NMEA $GPZDA,131508.000,08,06,2026,,*50 (pico_gnss pico-gnss-rs/src/main.rs:483)
294.342492 [INFO ] NMEA $GPGST,131508.000,9.6,20,11,127.1,15,17,59*41 (pico_gnss pico-gnss-rs/src/main.rs:483)
294.442615 [INFO ] PPSGEN count=289 interval_ns=1000002288 dev_ns=2288 phase_ns=-1987318 hwphase_ns=-192 trim_ppb=-61 cfg=2 p_ns=0 d_ns=-12 (pico_gnss pico-gnss-rs/src/main.rs:330)
294.444295 [INFO ] PPS count=289 interval_us=1000002 interval_ns=1000002320 state=Locked missed=0 (pico_gnss pico-gnss-rs/src/main.rs:203)
294.643147 [INFO ] NMEA $GPGGA,131509.000,0000.0000,N,00000.0000,E,1,5,1.23,69.9,M,39.0,M,,*6D (pico_gnss pico-gnss-rs/src/main.rs:483)
294.701462 [INFO ] NMEA $GNGLL,0000.0000,N,00000.0000,E,131509.000,A,A*4F (pico_gnss pico-gnss-rs/src/main.rs:483)
294.759889 [INFO ] NMEA $GNGSA,A,3,28,12,29,32,23,,,,,,,,1.57,1.23,0.97*13 (pico_gnss pico-gnss-rs/src/main.rs:483)
294.788319 [INFO ] NMEA $GNGSA,A,3,,,,,,,,,,,,,1.57,1.23,0.97*11 (pico_gnss pico-gnss-rs/src/main.rs:483)
294.830543 [INFO ] TIME unix_ns=1780924509386106781 ppb=2323 holdover_ms=1386 locked=1 (pico_gnss pico-gnss-rs/src/main.rs:237)
294.875823 [INFO ] NMEA $GPGSV,4,1,13,25,81,068,17,32,65,320,18,12,41,047,24,28,39,292,16*7F (pico_gnss pico-gnss-rs/src/main.rs:483)
294.934321 [INFO ] NMEA $GPGSV,4,2,13,10,37,221,,29,21,144,18,23,14,188,17,31,14,275,*7D (pico_gnss pico-gnss-rs/src/main.rs:483)
294.992777 [INFO ] NMEA $GPGSV,4,3,13,24,11,083,,26,05,226,,193,,,,194,,,*71 (pico_gnss pico-gnss-rs/src/main.rs:483)
295.022001 [INFO ] NMEA $GPGSV,4,4,13,195,,,*46 (pico_gnss pico-gnss-rs/src/main.rs:483)
295.084582 [INFO ] NMEA $GLGSV,2,1,08,72,71,155,,75,66,277,,65,51,326,,74,44,027,*6A (pico_gnss pico-gnss-rs/src/main.rs:483)
295.143173 [INFO ] NMEA $GLGSV,2,2,08,71,17,151,16,76,17,235,,66,03,329,,73,01,045,*63 (pico_gnss pico-gnss-rs/src/main.rs:483)
295.230662 [INFO ] NMEA $GNRMC,131509.000,A,0000.0000,N,00000.0000,E,0.31,155.44,080626,,,A*71 (pico_gnss pico-gnss-rs/src/main.rs:483)
295.233247 [INFO ] SYNC pps_local_us=288000669 unix_s=1780924509 drift_us=2 err_ns=-2 holdover_ms=999 (pico_gnss pico-gnss-rs/src/main.rs:514)
295.260409 [INFO ] NMEA $GPVTG,155.44,T,,M,0.31,N,0.58,K,A*33 (pico_gnss pico-gnss-rs/src/main.rs:483)
295.289513 [INFO ] NMEA $GPZDA,131509.000,08,06,2026,,*51 (pico_gnss pico-gnss-rs/src/main.rs:483)
295.342564 [INFO ] NMEA $GPGST,131509.000,9.6,20,11,127.2,15,17,59*43 (pico_gnss pico-gnss-rs/src/main.rs:483)
295.442640 [INFO ] PPSGEN count=290 interval_ns=1000002288 dev_ns=2288 phase_ns=-1946318 hwphase_ns=-224 trim_ppb=-60 cfg=2 p_ns=0 d_ns=-8 (pico_gnss pico-gnss-rs/src/main.rs:330)
295.444326 [INFO ] PPS count=290 interval_us=1000002 interval_ns=1000002320 state=Locked missed=0 (pico_gnss pico-gnss-rs/src/main.rs:203)
295.643206 [INFO ] NMEA $GPGGA,131510.000,0000.0000,N,00000.0000,E,1,5,1.23,69.9,M,39.0,M,,*64 (pico_gnss pico-gnss-rs/src/main.rs:483)
295.701566 [INFO ] NMEA $GNGLL,0000.0000,N,00000.0000,E,131510.000,A,A*46 (pico_gnss pico-gnss-rs/src/main.rs:483)
295.759977 [INFO ] NMEA $GNGSA,A,3,28,12,29,32,23,,,,,,,,1.57,1.23,0.97*13 (pico_gnss pico-gnss-rs/src/main.rs:483)
295.805831 [INFO ] NMEA $GNGSA,A,3,,,,,,,,,,,,,1.57,1.23,0.97*11 (pico_gnss pico-gnss-rs/src/main.rs:483)
295.831845 [INFO ] TIME unix_ns=1780924510387463778 ppb=2322 holdover_ms=1387 locked=1 (pico_gnss pico-gnss-rs/src/main.rs:237)
295.864591 [INFO ] NMEA $GPGSV,4,1,13,25,81,068,17,32,65,320,18,12,41,047,24,28,39,292,16*7F (pico_gnss pico-gnss-rs/src/main.rs:483)
295.923127 [INFO ] NMEA $GPGSV,4,2,13,10,37,221,,29,21,144,18,23,14,188,17,31,14,275,*7D (pico_gnss pico-gnss-rs/src/main.rs:483)
295.981570 [INFO ] NMEA $GPGSV,4,3,13,24,11,083,,26,05,226,,193,,,,194,,,*71 (pico_gnss pico-gnss-rs/src/main.rs:483)
296.010818 [INFO ] NMEA $GPGSV,4,4,13,195,,,*46 (pico_gnss pico-gnss-rs/src/main.rs:483)
296.073363 [INFO ] NMEA $GLGSV,2,1,08,72,71,155,,75,66,277,,65,51,326,,74,44,027,*6A (pico_gnss pico-gnss-rs/src/main.rs:483)
296.160749 [INFO ] NMEA $GLGSV,2,2,08,71,17,151,16,76,17,235,,66,03,329,,73,01,045,*63 (pico_gnss pico-gnss-rs/src/main.rs:483)
296.219469 [INFO ] NMEA $GNRMC,131510.000,A,0000.0000,N,00000.0000,E,0.73,105.64,080626,,,A*79 (pico_gnss pico-gnss-rs/src/main.rs:483)
296.222035 [INFO ] SYNC pps_local_us=289000672 unix_s=1780924510 drift_us=2 err_ns=-2 holdover_ms=1000 (pico_gnss pico-gnss-rs/src/main.rs:514)
296.277742 [INFO ] NMEA $GPVTG,105.64,T,,M,0.73,N,1.35,K,A*38 (pico_gnss pico-gnss-rs/src/main.rs:483)
296.307074 [INFO ] NMEA $GPZDA,131510.000,08,06,2026,,*59 (pico_gnss pico-gnss-rs/src/main.rs:483)
296.342911 [INFO ] NMEA $GPGST,131510.000,9.6,20,11,127.1,15,17,59*48 (pico_gnss pico-gnss-rs/src/main.rs:483)
296.442634 [INFO ] PPSGEN count=291 interval_ns=1000002288 dev_ns=2288 phase_ns=-1980317 hwphase_ns=-256 trim_ppb=-58 cfg=2 p_ns=0 d_ns=-8 (pico_gnss pico-gnss-rs/src/main.rs:330)
296.444309 [INFO ] PPS count=291 interval_us=1000002 interval_ns=1000002336 state=Locked missed=0 (pico_gnss pico-gnss-rs/src/main.rs:203)
296.645200 [INFO ] NMEA $GPGGA,131511.000,0000.0000,N,00000.0000,E,1,5,1.23,69.9,M,39.0,M,,*68 (pico_gnss pico-gnss-rs/src/main.rs:483)
296.703516 [INFO ] NMEA $GNGLL,0000.0000,N,00000.0000,E,131511.000,A,A*4A (pico_gnss pico-gnss-rs/src/main.rs:483)
296.761915 [INFO ] NMEA $GNGSA,A,3,28,12,29,32,23,,,,,,,,1.57,1.23,0.97*13 (pico_gnss pico-gnss-rs/src/main.rs:483)
296.791408 [INFO ] NMEA $GNGSA,A,3,,,,,,,,,,,,,1.57,1.23,0.97*11 (pico_gnss pico-gnss-rs/src/main.rs:483)
296.833159 [INFO ] TIME unix_ns=1780924511388718775 ppb=2323 holdover_ms=1388 locked=1 (pico_gnss pico-gnss-rs/src/main.rs:237)
296.883977 [INFO ] NMEA $GPGSV,4,1,13,25,81,068,17,32,65,320,18,12,41,047,24,28,39,292,16*7F (pico_gnss pico-gnss-rs/src/main.rs:483)
296.942602 [INFO ] NMEA $GPGSV,4,2,13,10,37,221,,29,21,144,18,23,14,188,17,31,14,275,*7D (pico_gnss pico-gnss-rs/src/main.rs:483)
297.000961 [INFO ] NMEA $GPGSV,4,3,13,24,11,083,,26,05,226,,193,,,,194,,,*71 (pico_gnss pico-gnss-rs/src/main.rs:483)
297.030223 [INFO ] NMEA $GPGSV,4,4,13,195,,,*46 (pico_gnss pico-gnss-rs/src/main.rs:483)
297.092818 [INFO ] NMEA $GLGSV,2,1,08,72,71,155,,75,66,277,,65,51,326,,74,44,027,*6A (pico_gnss pico-gnss-rs/src/main.rs:483)
297.151379 [INFO ] NMEA $GLGSV,2,2,08,71,17,151,16,76,17,235,,66,03,329,,73,01,045,*63 (pico_gnss pico-gnss-rs/src/main.rs:483)
297.238867 [INFO ] NMEA $GNRMC,131511.000,A,0000.0000,N,00000.0000,E,1.65,119.00,080626,,,A*7C (pico_gnss pico-gnss-rs/src/main.rs:483)
297.241414 [INFO ] SYNC pps_local_us=290000674 unix_s=1780924511 drift_us=2 err_ns=14 holdover_ms=999 (pico_gnss pico-gnss-rs/src/main.rs:514)
297.268612 [INFO ] NMEA $GPVTG,119.00,T,,M,1.65,N,3.07,K,A*32 (pico_gnss pico-gnss-rs/src/main.rs:483)
297.297768 [INFO ] NMEA $GPZDA,131511.000,08,06,2026,,*58 (pico_gnss pico-gnss-rs/src/main.rs:483)
297.344838 [INFO ] NMEA $GPGST,131511.000,9.6,20,11,127.1,15,17,59*49 (pico_gnss pico-gnss-rs/src/main.rs:483)
297.442636 [INFO ] PPSGEN count=292 interval_ns=1000002288 dev_ns=2288 phase_ns=-1964318 hwphase_ns=-304 trim_ppb=-56 cfg=2 p_ns=0 d_ns=-12 (pico_gnss pico-gnss-rs/src/main.rs:330)
297.444331 [INFO ] PPS count=292 interval_us=1000002 interval_ns=1000002320 state=Locked missed=0 (pico_gnss pico-gnss-rs/src/main.rs:203)
297.653212 [INFO ] NMEA $GPGGA,131512.000,0000.0000,N,00000.0000,E,1,5,1.23,69.9,M,39.0,M,,*65 (pico_gnss pico-gnss-rs/src/main.rs:483)
297.711581 [INFO ] NMEA $GNGLL,0000.0000,N,00000.0000,E,131512.000,A,A*47 (pico_gnss pico-gnss-rs/src/main.rs:483)
297.769994 [INFO ] NMEA $GNGSA,A,3,28,12,29,32,23,,,,,,,,1.57,1.23,0.97*13 (pico_gnss pico-gnss-rs/src/main.rs:483)
297.799463 [INFO ] NMEA $GNGSA,A,3,,,,,,,,,,,,,1.57,1.23,0.97*11 (pico_gnss pico-gnss-rs/src/main.rs:483)
297.834468 [INFO ] TIME unix_ns=1780924512390056772 ppb=2323 holdover_ms=1390 locked=1 (pico_gnss pico-gnss-rs/src/main.rs:237)
297.880749 [INFO ] NMEA $GPGSV,4,1,13,25,81,068,17,32,65,320,18,12,41,047,24,28,39,292,16*7F (pico_gnss pico-gnss-rs/src/main.rs:483)
297.939308 [INFO ] NMEA $GPGSV,4,2,13,10,37,221,,29,21,144,18,23,14,188,17,31,14,275,*7D (pico_gnss pico-gnss-rs/src/main.rs:483)
297.997701 [INFO ] NMEA $GPGSV,4,3,13,24,11,083,,26,05,226,,193,,,,194,,,*71 (pico_gnss pico-gnss-rs/src/main.rs:483)
298.026987 [INFO ] NMEA $GPGSV,4,4,13,195,,,*46 (pico_gnss pico-gnss-rs/src/main.rs:483)
298.085487 [INFO ] NMEA $GLGSV,2,1,08,72,71,155,,75,66,277,,65,51,326,,74,44,027,*6A (pico_gnss pico-gnss-rs/src/main.rs:483)
298.148110 [INFO ] NMEA $GLGSV,2,2,08,71,17,151,17,76,17,235,,66,03,329,,73,01,045,*62 (pico_gnss pico-gnss-rs/src/main.rs:483)
298.235620 [INFO ] NMEA $GNRMC,131512.000,A,0000.0000,N,00000.0000,E,1.35,95.43,080626,,,A*46 (pico_gnss pico-gnss-rs/src/main.rs:483)
298.238170 [INFO ] SYNC pps_local_us=291000676 unix_s=1780924512 drift_us=2 err_ns=-2 holdover_ms=1000 (pico_gnss pico-gnss-rs/src/main.rs:514)
298.265332 [INFO ] NMEA $GPVTG,95.43,T,,M,1.35,N,2.51,K,A*07 (pico_gnss pico-gnss-rs/src/main.rs:483)
298.323157 [INFO ] NMEA $GPZDA,131512.000,08,06,2026,,*5B (pico_gnss pico-gnss-rs/src/main.rs:483)
298.350834 [INFO ] NMEA $GPGST,131512.000,9.6,20,11,125.9,15,17,58*41 (pico_gnss pico-gnss-rs/src/main.rs:483)
298.442652 [INFO ] PPSGEN count=293 interval_ns=1000002288 dev_ns=2288 phase_ns=-1962318 hwphase_ns=-336 trim_ppb=-54 cfg=2 p_ns=0 d_ns=-8 (pico_gnss pico-gnss-rs/src/main.rs:330)
298.444339 [INFO ] PPS count=293 interval_us=1000002 interval_ns=1000002320 state=Locked missed=0 (pico_gnss pico-gnss-rs/src/main.rs:203)
298.653380 [INFO ] NMEA $GPGGA,131513.000,0000.0000,N,00000.0000,E,1,5,1.23,69.9,M,39.0,M,,*64 (pico_gnss pico-gnss-rs/src/main.rs:483)
298.711729 [INFO ] NMEA $GNGLL,0000.0000,N,00000.0000,E,131513.000,A,A*46 (pico_gnss pico-gnss-rs/src/main.rs:483)
298.741456 [INFO ] NMEA $GNGSA,A,3,28,12,29,32,23,,,,,,,,1.57,1.23,0.97*13 (pico_gnss pico-gnss-rs/src/main.rs:483)
298.799602 [INFO ] NMEA $GNGSA,A,3,,,,,,,,,,,,,1.57,1.23,0.97*11 (pico_gnss pico-gnss-rs/src/main.rs:483)
298.835769 [INFO ] TIME unix_ns=1780924513391342769 ppb=2323 holdover_ms=1391 locked=1 (pico_gnss pico-gnss-rs/src/main.rs:237)
298.862457 [INFO ] NMEA $GPGSV,4,1,13,25,81,068,17,32,65,320,18,12,41,047,24,28,39,292,16*7F (pico_gnss pico-gnss-rs/src/main.rs:483)
298.949756 [INFO ] NMEA $GPGSV,4,2,13,10,37,221,,29,21,144,18,23,14,188,17,31,14,275,*7D (pico_gnss pico-gnss-rs/src/main.rs:483)
299.008203 [INFO ] NMEA $GPGSV,4,3,13,24,11,083,,26,05,226,,193,,,,194,,,*71 (pico_gnss pico-gnss-rs/src/main.rs:483)
299.009555 [INFO ] NMEA $GPGSV,4,4,13,195,,,*46 (pico_gnss pico-gnss-rs/src/main.rs:483)
299.095915 [INFO ] NMEA $GLGSV,2,1,08,72,71,155,,75,66,277,,65,51,326,,74,44,027,*6A (pico_gnss pico-gnss-rs/src/main.rs:483)
299.158628 [INFO ] NMEA $GLGSV,2,2,08,71,17,151,17,76,17,235,,66,03,329,,73,01,045,*62 (pico_gnss pico-gnss-rs/src/main.rs:483)
299.217314 [INFO ] NMEA $GNRMC,131513.000,A,0000.0000,N,00000.0000,E,0.90,116.08,080626,,,A*7C (pico_gnss pico-gnss-rs/src/main.rs:483)
299.219892 [INFO ] SYNC pps_local_us=292000679 unix_s=1780924513 drift_us=2 err_ns=-2 holdover_ms=1000 (pico_gnss pico-gnss-rs/src/main.rs:514)
299.275595 [INFO ] NMEA $GPVTG,116.08,T,,M,0.90,N,1.67,K,A*3A (pico_gnss pico-gnss-rs/src/main.rs:483)
299.304937 [INFO ] NMEA $GPZDA,131513.000,08,06,2026,,*5A (pico_gnss pico-gnss-rs/src/main.rs:483)
299.343447 [INFO ] NMEA $GPGST,131513.000,9.6,20,11,126.3,15,17,58*49 (pico_gnss pico-gnss-rs/src/main.rs:483)
299.442666 [INFO ] PPSGEN count=294 interval_ns=1000002304 dev_ns=2304 phase_ns=-1966318 hwphase_ns=-352 trim_ppb=-52 cfg=2 p_ns=0 d_ns=-4 (pico_gnss pico-gnss-rs/src/main.rs:330)
299.444357 [INFO ] PPS count=294 interval_us=1000002 interval_ns=1000002320 state=Locked missed=0 (pico_gnss pico-gnss-rs/src/main.rs:203)
299.646154 [INFO ] NMEA $GPGGA,131514.000,0000.0000,N,00000.0000,E,1,5,1.23,69.8,M,39.0,M,,*61 (pico_gnss pico-gnss-rs/src/main.rs:483)
299.704472 [INFO ] NMEA $GNGLL,0000.0000,N,00000.0000,E,131514.000,A,A*42 (pico_gnss pico-gnss-rs/src/main.rs:483)
299.762889 [INFO ] NMEA $GNGSA,A,3,28,12,29,32,23,,,,,,,,1.57,1.23,0.97*13 (pico_gnss pico-gnss-rs/src/main.rs:483)
299.792373 [INFO ] NMEA $GNGSA,A,3,,,,,,,,,,,,,1.57,1.23,0.97*11 (pico_gnss pico-gnss-rs/src/main.rs:483)
299.837064 [INFO ] TIME unix_ns=1780924514392639766 ppb=2323 holdover_ms=1392 locked=1 (pico_gnss pico-gnss-rs/src/main.rs:237)
299.883912 [INFO ] NMEA $GPGSV,4,1,13,25,81,068,17,32,65,320,18,12,41,047,24,28,39,292,16*7F (pico_gnss pico-gnss-rs/src/main.rs:483)
299.942482 [INFO ] NMEA $GPGSV,4,2,13,10,37,221,,29,21,144,18,23,14,188,18,31,14,275,*72 (pico_gnss pico-gnss-rs/src/main.rs:483)
300.000934 [INFO ] NMEA $GPGSV,4,3,13,24,11,083,,26,05,226,,193,,,,194,,,*71 (pico_gnss pico-gnss-rs/src/main.rs:483)
300.030183 [INFO ] NMEA $GPGSV,4,4,13,195,,,*46 (pico_gnss pico-gnss-rs/src/main.rs:483)
300.088663 [INFO ] NMEA $GLGSV,2,1,08,72,71,155,,75,66,277,,65,51,326,,74,44,027,*6A (pico_gnss pico-gnss-rs/src/main.rs:483)
300.151341 [INFO ] NMEA $GLGSV,2,2,08,71,17,151,17,76,17,235,,66,03,329,,73,01,045,*62 (pico_gnss pico-gnss-rs/src/main.rs:483)
300.238806 [INFO ] NMEA $GNRMC,131514.000,A,0000.0000,N,00000.0000,E,0.36,116.08,080626,,,A*74 (pico_gnss pico-gnss-rs/src/main.rs:483)
300.241369 [INFO ] SYNC pps_local_us=293000681 unix_s=1780924514 drift_us=2 err_ns=-2 holdover_ms=1000 (pico_gnss pico-gnss-rs/src/main.rs:514)
300.268573 [INFO ] NMEA $GPVTG,116.08,T,,M,0.36,N,0.66,K,A*36 (pico_gnss pico-gnss-rs/src/main.rs:483)
300.297697 [INFO ] NMEA $GPZDA,131514.000,08,06,2026,,*5D (pico_gnss pico-gnss-rs/src/main.rs:483)
300.347694 [INFO ] NMEA $GPGST,131514.000,9.6,20,11,126.8,15,17,58*45 (pico_gnss pico-gnss-rs/src/main.rs:483)
300.442665 [INFO ] PPSGEN count=295 interval_ns=1000002288 dev_ns=2288 phase_ns=-1965318 hwphase_ns=-384 trim_ppb=-49 cfg=2 p_ns=0 d_ns=-8 (pico_gnss pico-gnss-rs/src/main.rs:330)
300.444349 [INFO ] PPS count=295 interval_us=1000002 interval_ns=1000002320 state=Locked missed=0 (pico_gnss pico-gnss-rs/src/main.rs:203)
300.629832 [INFO ] NMEA $GPGGA,131515.000,0000.0000,N,00000.0000,E,1,5,1.23,69.8,M,39.0,M,,*63 (pico_gnss pico-gnss-rs/src/main.rs:483)
300.688198 [INFO ] NMEA $GNGLL,0000.0000,N,00000.0000,E,131515.000,A,A*40 (pico_gnss pico-gnss-rs/src/main.rs:483)
300.746601 [INFO ] NMEA $GNGSA,A,3,28,12,29,32,23,,,,,,,,1.57,1.23,0.97*13 (pico_gnss pico-gnss-rs/src/main.rs:483)
300.804807 [INFO ] NMEA $GNGSA,A,3,,,,,,,,,,,,,1.57,1.23,0.97*11 (pico_gnss pico-gnss-rs/src/main.rs:483)
300.838383 [INFO ] TIME unix_ns=1780924515393931763 ppb=2323 holdover_ms=1393 locked=1 (pico_gnss pico-gnss-rs/src/main.rs:237)
300.863835 [INFO ] NMEA $GPGSV,4,1,13,25,81,068,17,32,65,320,18,12,41,047,24,28,39,292,15*7C (pico_gnss pico-gnss-rs/src/main.rs:483)
300.926226 [INFO ] NMEA $GPGSV,4,2,13,10,37,221,,29,21,144,17,23,14,188,18,31,14,275,*7D (pico_gnss pico-gnss-rs/src/main.rs:483)
300.984641 [INFO ] NMEA $GPGSV,4,3,13,24,11,083,,26,05,226,,193,,,,194,,,*71 (pico_gnss pico-gnss-rs/src/main.rs:483)
301.013892 [INFO ] NMEA $GPGSV,4,4,13,195,,,*46 (pico_gnss pico-gnss-rs/src/main.rs:483)
301.072348 [INFO ] NMEA $GLGSV,2,1,08,72,71,155,,75,66,277,,65,51,326,,74,44,027,*6A (pico_gnss pico-gnss-rs/src/main.rs:483)
301.163827 [INFO ] NMEA $GLGSV,2,2,08,71,17,151,17,76,17,235,,66,03,329,,73,01,045,*62 (pico_gnss pico-gnss-rs/src/main.rs:483)
301.222523 [INFO ] NMEA $GNRMC,131515.000,A,0000.0000,N,00000.0000,E,1.03,94.15,080626,,,A*46 (pico_gnss pico-gnss-rs/src/main.rs:483)
301.225072 [INFO ] SYNC pps_local_us=294000683 unix_s=1780924515 drift_us=2 err_ns=-2 holdover_ms=1000 (pico_gnss pico-gnss-rs/src/main.rs:514)
301.252249 [INFO ] NMEA $GPVTG,94.15,T,,M,1.03,N,1.92,K,A*0C (pico_gnss pico-gnss-rs/src/main.rs:483)
301.310070 [INFO ] NMEA $GPZDA,131515.000,08,06,2026,,*5C (pico_gnss pico-gnss-rs/src/main.rs:483)
301.340883 [INFO ] NMEA $GPGST,131515.000,9.6,20,11,127.3,15,17,59*4F (pico_gnss pico-gnss-rs/src/main.rs:483)
301.442649 [INFO ] PPSGEN count=296 interval_ns=1000002288 dev_ns=2288 phase_ns=-1980317 hwphase_ns=-416 trim_ppb=-46 cfg=2 p_ns=0 d_ns=-8 (pico_gnss pico-gnss-rs/src/main.rs:330)
301.444349 [INFO ] PPS count=296 interval_us=1000002 interval_ns=1000002320 state=Locked missed=0 (pico_gnss pico-gnss-rs/src/main.rs:203)
301.653372 [INFO ] NMEA $GPGGA,131516.000,0000.0000,N,00000.0000,E,1,5,1.23,69.8,M,39.0,M,,*63 (pico_gnss pico-gnss-rs/src/main.rs:483)
301.711731 [INFO ] NMEA $GNGLL,0000.0000,N,00000.0000,E,131516.000,A,A*40 (pico_gnss pico-gnss-rs/src/main.rs:483)
301.741365 [INFO ] NMEA $GNGSA,A,3,28,12,29,32,23,,,,,,,,1.57,1.23,0.97*13 (pico_gnss pico-gnss-rs/src/main.rs:483)
301.799568 [INFO ] NMEA $GNGSA,A,3,,,,,,,,,,,,,1.57,1.23,0.97*11 (pico_gnss pico-gnss-rs/src/main.rs:483)
301.839698 [INFO ] TIME unix_ns=1780924516395249760 ppb=2322 holdover_ms=1395 locked=1 (pico_gnss pico-gnss-rs/src/main.rs:237)
301.858532 [INFO ] NMEA $GPGSV,4,1,13,25,81,068,17,32,65,320,18,12,41,047,24,28,39,292,15*7C (pico_gnss pico-gnss-rs/src/main.rs:483)
301.949712 [INFO ] NMEA $GPGSV,4,2,13,10,37,221,,29,21,144,17,23,14,188,18,31,14,275,*7D (pico_gnss pico-gnss-rs/src/main.rs:483)
302.008143 [INFO ] NMEA $GPGSV,4,3,13,24,11,083,,26,05,226,,193,,,,194,,,*71 (pico_gnss pico-gnss-rs/src/main.rs:483)
302.037363 [INFO ] NMEA $GPGSV,4,4,13,195,,,*46 (pico_gnss pico-gnss-rs/src/main.rs:483)
302.095892 [INFO ] NMEA $GLGSV,2,1,08,72,71,155,,75,66,277,,65,51,326,,74,44,027,*6A (pico_gnss pico-gnss-rs/src/main.rs:483)
302.154474 [INFO ] NMEA $GLGSV,2,2,08,71,17,151,17,76,17,235,,66,03,329,,73,01,045,*62 (pico_gnss pico-gnss-rs/src/main.rs:483)
302.217266 [INFO ] NMEA $GNRMC,131516.000,A,0000.0000,N,00000.0000,E,1.37,115.53,080626,,,A*7B (pico_gnss pico-gnss-rs/src/main.rs:483)
302.219853 [INFO ] SYNC pps_local_us=295000686 unix_s=1780924516 drift_us=2 err_ns=-2 holdover_ms=999 (pico_gnss pico-gnss-rs/src/main.rs:514)
302.275497 [INFO ] NMEA $GPVTG,115.53,T,,M,1.37,N,2.54,K,A*38 (pico_gnss pico-gnss-rs/src/main.rs:483)
302.304885 [INFO ] NMEA $GPZDA,131516.000,08,06,2026,,*5F (pico_gnss pico-gnss-rs/src/main.rs:483)
302.346552 [INFO ] NMEA $GPGST,131516.000,9.6,20,11,126.9,15,17,59*47 (pico_gnss pico-gnss-rs/src/main.rs:483)
302.442647 [INFO ] PPSGEN count=297 interval_ns=1000002304 dev_ns=2304 phase_ns=-1984317 hwphase_ns=-432 trim_ppb=-43 cfg=2 p_ns=0 d_ns=-4 (pico_gnss pico-gnss-rs/src/main.rs:330)
302.444323 [INFO ] PPS count=297 interval_us=1000002 interval_ns=1000002336 state=Locked missed=0 (pico_gnss pico-gnss-rs/src/main.rs:203)
302.646206 [INFO ] NMEA $GPGGA,131517.000,0000.0000,N,00000.0000,E,1,5,1.23,69.8,M,39.0,M,,*62 (pico_gnss pico-gnss-rs/src/main.rs:483)
302.699391 [INFO ] NMEA $GNGLL,0000.0000,N,00000.0000,E,131517.000,A,A*41 (pico_gnss pico-gnss-rs/src/main.rs:483)
302.757755 [INFO ] NMEA $GNGSA,A,3,28,12,29,32,23,,,,,,,,1.57,1.23,0.97*13 (pico_gnss pico-gnss-rs/src/main.rs:483)
302.787272 [INFO ] NMEA $GNGSA,A,3,,,,,,,,,,,,,1.57,1.23,0.97*11 (pico_gnss pico-gnss-rs/src/main.rs:483)
302.841020 [INFO ] TIME unix_ns=1780924517396563756 ppb=2323 holdover_ms=1396 locked=1 (pico_gnss pico-gnss-rs/src/main.rs:237)
302.874784 [INFO ] NMEA $GPGSV,4,1,13,25,81,068,18,32,65,320,18,12,41,047,24,28,39,292,15*73 (pico_gnss pico-gnss-rs/src/main.rs:483)
302.937417 [INFO ] NMEA $GPGSV,4,2,13,10,37,221,,29,21,144,17,23,14,188,18,31,14,275,*7D (pico_gnss pico-gnss-rs/src/main.rs:483)
302.995887 [INFO ] NMEA $GPGSV,4,3,13,24,11,083,,26,05,226,,193,,,,194,,,*71 (pico_gnss pico-gnss-rs/src/main.rs:483)
303.025090 [INFO ] NMEA $GPGSV,4,4,13,195,,,*46 (pico_gnss pico-gnss-rs/src/main.rs:483)
303.083603 [INFO ] NMEA $GLGSV,2,1,08,72,71,155,,75,66,277,,65,51,326,,74,44,027,*6A (pico_gnss pico-gnss-rs/src/main.rs:483)
303.142172 [INFO ] NMEA $GLGSV,2,2,08,71,17,151,17,76,17,235,,66,03,329,,73,01,045,*62 (pico_gnss pico-gnss-rs/src/main.rs:483)
303.233750 [INFO ] NMEA $GNRMC,131517.000,A,0000.0000,N,00000.0000,E,1.64,60.81,080626,,,A*40 (pico_gnss pico-gnss-rs/src/main.rs:483)
303.236325 [INFO ] SYNC pps_local_us=296000688 unix_s=1780924517 drift_us=2 err_ns=14 holdover_ms=999 (pico_gnss pico-gnss-rs/src/main.rs:514)
303.263497 [INFO ] NMEA $GPVTG,60.81,T,,M,1.64,N,3.05,K,A*07 (pico_gnss pico-gnss-rs/src/main.rs:483)
303.292605 [INFO ] NMEA $GPZDA,131517.000,08,06,2026,,*5E (pico_gnss pico-gnss-rs/src/main.rs:483)
303.343660 [INFO ] NMEA $GPGST,131517.000,9.6,20,11,126.8,15,17,59*47 (pico_gnss pico-gnss-rs/src/main.rs:483)
303.442643 [INFO ] PPSGEN count=298 interval_ns=1000002304 dev_ns=2304 phase_ns=-1954318 hwphase_ns=-464 trim_ppb=-40 cfg=2 p_ns=0 d_ns=-8 (pico_gnss pico-gnss-rs/src/main.rs:330)
303.444343 [INFO ] PPS count=298 interval_us=1000002 interval_ns=1000002320 state=Locked missed=0 (pico_gnss pico-gnss-rs/src/main.rs:203)
303.645371 [INFO ] NMEA $GPGGA,131518.000,0000.0000,N,00000.0000,E,1,5,1.23,69.7,M,39.0,M,,*6E (pico_gnss pico-gnss-rs/src/main.rs:483)
303.689257 [INFO ] NMEA $GNGLL,0000.0000,N,00000.0000,E,131518.000,A,A*42 (pico_gnss pico-gnss-rs/src/main.rs:483)
303.747661 [INFO ] NMEA $GNGSA,A,3,28,12,29,32,23,,,,,,,,1.57,1.23,0.97*13 (pico_gnss pico-gnss-rs/src/main.rs:483)
303.805883 [INFO ] NMEA $GNGSA,A,3,,,,,,,,,,,,,1.57,1.23,0.97*11 (pico_gnss pico-gnss-rs/src/main.rs:483)
303.842320 [INFO ] TIME unix_ns=1780924518397910753 ppb=2323 holdover_ms=1397 locked=1 (pico_gnss pico-gnss-rs/src/main.rs:237)
303.864889 [INFO ] NMEA $GPGSV,4,1,13,25,81,068,18,32,65,320,18,12,41,047,24,28,39,292,15*73 (pico_gnss pico-gnss-rs/src/main.rs:483)
303.951861 [INFO ] NMEA $GPGSV,4,2,13,10,37,221,,29,21,144,17,23,14,188,18,31,14,275,*7D (pico_gnss pico-gnss-rs/src/main.rs:483)
303.985713 [INFO ] NMEA $GPGSV,4,3,13,24,11,083,,26,05,226,,193,,,,194,,,*71 (pico_gnss pico-gnss-rs/src/main.rs:483)
304.014966 [INFO ] NMEA $GPGSV,4,4,13,195,,,*46 (pico_gnss pico-gnss-rs/src/main.rs:483)
304.073396 [INFO ] NMEA $GLGSV,2,1,08,72,71,155,,75,66,277,,65,51,326,,74,44,027,*6A (pico_gnss pico-gnss-rs/src/main.rs:483)
304.160803 [INFO ] NMEA $GLGSV,2,2,08,71,17,151,18,76,17,235,,66,03,329,,73,01,045,*6D (pico_gnss pico-gnss-rs/src/main.rs:483)
304.223565 [INFO ] NMEA $GNRMC,131518.000,A,0000.0000,N,00000.0000,E,0.22,60.81,080626,,,A*40 (pico_gnss pico-gnss-rs/src/main.rs:483)
304.226129 [INFO ] SYNC pps_local_us=297000690 unix_s=1780924518 drift_us=2 err_ns=-2 holdover_ms=1000 (pico_gnss pico-gnss-rs/src/main.rs:514)
304.253380 [INFO ] NMEA $GPVTG,60.81,T,,M,0.22,N,0.42,K,A*04 (pico_gnss pico-gnss-rs/src/main.rs:483)
304.311237 [INFO ] NMEA $GPZDA,131518.000,08,06,2026,,*51 (pico_gnss pico-gnss-rs/src/main.rs:483)
304.343056 [INFO ] NMEA $GPGST,131518.000,9.6,20,11,126.7,15,18,60*42 (pico_gnss pico-gnss-rs/src/main.rs:483)
304.442633 [INFO ] PPSGEN count=299 interval_ns=1000002304 dev_ns=2304 phase_ns=-1967318 hwphase_ns=-480 trim_ppb=-37 cfg=2 p_ns=0 d_ns=-4 (pico_gnss pico-gnss-rs/src/main.rs:330)
304.444313 [INFO ] PPS count=299 interval_us=1000002 interval_ns=1000002304 state=Locked missed=0 (pico_gnss pico-gnss-rs/src/main.rs:203)
304.647171 [INFO ] NMEA $GPGGA,131519.000,0000.0000,N,00000.0000,E,1,5,1.23,69.7,M,39.0,M,,*69 (pico_gnss pico-gnss-rs/src/main.rs:483)
304.710641 [INFO ] NMEA $GNGLL,0000.0000,N,00000.0000,E,131519.000,A,A*45 (pico_gnss pico-gnss-rs/src/main.rs:483)
304.768970 [INFO ] NMEA $GNGSA,A,3,28,12,29,32,23,,,,,,,,1.57,1.23,0.97*13 (pico_gnss pico-gnss-rs/src/main.rs:483)
304.798502 [INFO ] NMEA $GNGSA,A,3,,,,,,,,,,,,,1.57,1.23,0.97*11 (pico_gnss pico-gnss-rs/src/main.rs:483)
304.843634 [INFO ] TIME unix_ns=1780924519399201751 ppb=2322 holdover_ms=1399 locked=1 (pico_gnss pico-gnss-rs/src/main.rs:237)
304.885944 [INFO ] NMEA $GPGSV,4,1,13,25,81,068,18,32,65,320,18,12,41,047,24,28,39,292,15*73 (pico_gnss pico-gnss-rs/src/main.rs:483)
304.944541 [INFO ] NMEA $GPGSV,4,2,13,10,37,221,,29,21,144,17,23,14,188,18,31,14,275,*7D (pico_gnss pico-gnss-rs/src/main.rs:483)
305.007026 [INFO ] NMEA $GPGSV,4,3,13,24,11,083,,26,05,226,,193,,,,194,,,*71 (pico_gnss pico-gnss-rs/src/main.rs:483)
305.036297 [INFO ] NMEA $GPGSV,4,4,13,195,,,*46 (pico_gnss pico-gnss-rs/src/main.rs:483)
305.094802 [INFO ] NMEA $GLGSV,2,1,08,72,71,155,,75,66,277,,65,51,326,,74,44,027,*6A (pico_gnss pico-gnss-rs/src/main.rs:483)
305.153352 [INFO ] NMEA $GLGSV,2,2,08,71,17,151,18,76,17,235,,66,03,329,,73,01,045,*6D (pico_gnss pico-gnss-rs/src/main.rs:483)
305.240727 [INFO ] NMEA $GNRMC,131519.000,A,0000.0000,N,00000.0000,E,0.75,78.89,080626,,,A*44 (pico_gnss pico-gnss-rs/src/main.rs:483)
305.243275 [INFO ] SYNC pps_local_us=298000693 unix_s=1780924519 drift_us=2 err_ns=-18 holdover_ms=999 (pico_gnss pico-gnss-rs/src/main.rs:514)
305.274391 [INFO ] NMEA $GPVTG,78.89,T,,M,0.75,N,1.39,K,A*0A (pico_gnss pico-gnss-rs/src/main.rs:483)
305.303772 [INFO ] NMEA $GPZDA,131519.000,08,06,2026,,*50 (pico_gnss pico-gnss-rs/src/main.rs:483)
305.344373 [INFO ] NMEA $GPGST,131519.000,9.6,20,11,126.2,15,18,60*46 (pico_gnss pico-gnss-rs/src/main.rs:483)
305.442666 [INFO ] PPSGEN count=300 interval_ns=1000002304 dev_ns=2304 phase_ns=-1918317 hwphase_ns=-480 trim_ppb=-34 cfg=2 p_ns=0 d_ns=0 (pico_gnss pico-gnss-rs/src/main.rs:330)
305.444247 [INFO ] PPS count=300 interval_us=1000002 interval_ns=1000002320 state=Locked missed=0 (pico_gnss pico-gnss-rs/src/main.rs:203)
305.642297 [INFO ] NMEA $GPGGA,131520.000,0000.0000,N,00000.0000,E,1,5,1.23,69.5,M,39.0,M,,*6F (pico_gnss pico-gnss-rs/src/main.rs:483)
305.700605 [INFO ] NMEA $GNGLL,0000.0000,N,00000.0000,E,131520.000,A,A*41 (pico_gnss pico-gnss-rs/src/main.rs:483)
305.754872 [INFO ] NMEA $GNGSA,A,3,28,12,29,32,23,,,,,,,,1.57,1.23,0.97*13 (pico_gnss pico-gnss-rs/src/main.rs:483)
305.784382 [INFO ] NMEA $GNGSA,A,3,,,,,,,,,,,,,1.57,1.23,0.97*11 (pico_gnss pico-gnss-rs/src/main.rs:483)
305.844949 [INFO ] TIME unix_ns=1780924520400535748 ppb=2322 holdover_ms=1400 locked=1 (pico_gnss pico-gnss-rs/src/main.rs:237)
305.872096 [INFO ] NMEA $GPGSV,4,1,13,25,81,068,18,32,65,320,18,12,41,047,23,28,39,292,15*74 (pico_gnss pico-gnss-rs/src/main.rs:483)
305.930435 [INFO ] NMEA $GPGSV,4,2,13,10,37,221,,29,21,144,17,23,14,188,18,31,14,275,*7D (pico_gnss pico-gnss-rs/src/main.rs:483)
305.992937 [INFO ] NMEA $GPGSV,4,3,13,24,11,083,,26,05,226,,193,,,,194,,,*71 (pico_gnss pico-gnss-rs/src/main.rs:483)
306.022160 [INFO ] NMEA $GPGSV,4,4,13,195,,,*46 (pico_gnss pico-gnss-rs/src/main.rs:483)
306.080674 [INFO ] NMEA $GLGSV,2,1,08,72,71,155,,75,66,277,,65,51,326,,74,44,027,*6A (pico_gnss pico-gnss-rs/src/main.rs:483)
306.139265 [INFO ] NMEA $GLGSV,2,2,08,71,17,151,18,76,17,235,,66,03,329,,73,01,045,*6D (pico_gnss pico-gnss-rs/src/main.rs:483)
306.226775 [INFO ] NMEA $GNRMC,131520.000,A,0000.0000,N,00000.0000,E,1.74,80.57,080626,,,A*44 (pico_gnss pico-gnss-rs/src/main.rs:483)
306.229330 [INFO ] SYNC pps_local_us=299000695 unix_s=1780924520 drift_us=2 err_ns=-2 holdover_ms=999 (pico_gnss pico-gnss-rs/src/main.rs:514)
306.260329 [INFO ] NMEA $GPVTG,80.57,T,,M,1.74,N,3.23,K,A*07 (pico_gnss pico-gnss-rs/src/main.rs:483)
306.289695 [INFO ] NMEA $GPZDA,131520.000,08,06,2026,,*5A (pico_gnss pico-gnss-rs/src/main.rs:483)
306.339733 [INFO ] NMEA $GPGST,131520.000,9.7,20,11,126.1,15,18,60*4E (pico_gnss pico-gnss-rs/src/main.rs:483)
306.442661 [INFO ] PPSGEN count=301 interval_ns=1000002304 dev_ns=2304 phase_ns=-1871317 hwphase_ns=-496 trim_ppb=-31 cfg=2 p_ns=0 d_ns=-4 (pico_gnss pico-gnss-rs/src/main.rs:330)
306.444337 [INFO ] PPS count=301 interval_us=1000002 interval_ns=1000002336 state=Locked missed=0 (pico_gnss pico-gnss-rs/src/main.rs:203)
306.643413 [INFO ] NMEA $GPGGA,131521.000,0000.0000,N,00000.0000,E,1,5,1.23,69.4,M,39.0,M,,*60 (pico_gnss pico-gnss-rs/src/main.rs:483)
306.701716 [INFO ] NMEA $GNGLL,0000.0000,N,00000.0000,E,131521.000,A,A*4F (pico_gnss pico-gnss-rs/src/main.rs:483)
306.746742 [INFO ] NMEA $GNGSA,A,3,28,12,29,32,23,,,,,,,,1.57,1.23,0.97*13 (pico_gnss pico-gnss-rs/src/main.rs:483)
306.804927 [INFO ] NMEA $GNGSA,A,3,,,,,,,,,,,,,1.57,1.23,0.97*11 (pico_gnss pico-gnss-rs/src/main.rs:483)
306.846269 [INFO ] TIME unix_ns=1780924521401907744 ppb=2323 holdover_ms=1401 locked=1 (pico_gnss pico-gnss-rs/src/main.rs:237)
306.863944 [INFO ] NMEA $GPGSV,4,1,13,25,81,068,18,32,65,320,18,12,41,047,23,28,39,292,15*74 (pico_gnss pico-gnss-rs/src/main.rs:483)
306.950992 [INFO ] NMEA $GPGSV,4,2,13,10,37,221,,29,21,144,17,23,14,188,18,31,14,275,*7D (pico_gnss pico-gnss-rs/src/main.rs:483)
306.980734 [INFO ] NMEA $GPGSV,4,3,13,24,11,083,,26,05,226,,193,,,,194,,,*71 (pico_gnss pico-gnss-rs/src/main.rs:483)
307.013960 [INFO ] NMEA $GPGSV,4,4,13,195,,,*46 (pico_gnss pico-gnss-rs/src/main.rs:483)
307.072464 [INFO ] NMEA $GLGSV,2,1,08,72,71,155,,75,66,277,,65,51,326,,74,44,027,*6A (pico_gnss pico-gnss-rs/src/main.rs:483)
307.159862 [INFO ] NMEA $GLGSV,2,2,08,71,17,151,18,76,17,235,,66,03,329,,73,01,045,*6D (pico_gnss pico-gnss-rs/src/main.rs:483)
307.218539 [INFO ] NMEA $GNRMC,131521.000,A,0000.0000,N,00000.0000,E,0.66,38.71,080626,,,A*4F (pico_gnss pico-gnss-rs/src/main.rs:483)
307.221108 [INFO ] SYNC pps_local_us=300000697 unix_s=1780924521 drift_us=2 err_ns=14 holdover_ms=1000 (pico_gnss pico-gnss-rs/src/main.rs:514)
307.276744 [INFO ] NMEA $GPVTG,38.71,T,,M,0.66,N,1.22,K,A*01 (pico_gnss pico-gnss-rs/src/main.rs:483)
307.310212 [INFO ] NMEA $GPZDA,131521.000,08,06,2026,,*5B (pico_gnss pico-gnss-rs/src/main.rs:483)
307.341022 [INFO ] NMEA $GPGST,131521.000,9.6,20,11,125.5,15,18,60*49 (pico_gnss pico-gnss-rs/src/main.rs:483)
307.442663 [INFO ] PPSGEN count=302 interval_ns=1000002320 dev_ns=2320 phase_ns=-1959318 hwphase_ns=-512 trim_ppb=-27 cfg=2 p_ns=-32 d_ns=-4 (pico_gnss pico-gnss-rs/src/main.rs:330)
307.444400 [INFO ] PPS count=302 interval_us=1000002 interval_ns=1000002320 state=Locked missed=0 (pico_gnss pico-gnss-rs/src/main.rs:203)
307.645261 [INFO ] NMEA $GPGGA,131522.000,0000.0000,N,00000.0000,E,1,5,1.23,69.3,M,39.0,M,,*6E (pico_gnss pico-gnss-rs/src/main.rs:483)
307.703595 [INFO ] NMEA $GNGLL,0000.0000,N,00000.0000,E,131522.000,A,A*46 (pico_gnss pico-gnss-rs/src/main.rs:483)
307.761939 [INFO ] NMEA $GNGSA,A,3,28,12,29,32,23,,,,,,,,1.57,1.23,0.97*13 (pico_gnss pico-gnss-rs/src/main.rs:483)
307.797581 [INFO ] NMEA $GNGSA,A,3,,,,,,,,,,,,,1.57,1.23,0.97*11 (pico_gnss pico-gnss-rs/src/main.rs:483)
307.847595 [INFO ] TIME unix_ns=1780924522403152742 ppb=2322 holdover_ms=1403 locked=1 (pico_gnss pico-gnss-rs/src/main.rs:237)
307.856527 [INFO ] NMEA $GPGSV,4,1,13,25,81,068,18,32,65,320,18,12,41,047,23,28,39,292,15*74 (pico_gnss pico-gnss-rs/src/main.rs:483)
307.943647 [INFO ] NMEA $GPGSV,4,2,13,10,37,221,,29,21,144,17,23,14,188,19,31,14,275,*7C (pico_gnss pico-gnss-rs/src/main.rs:483)
308.002074 [INFO ] NMEA $GPGSV,4,3,13,24,11,083,,26,05,226,,193,,,,194,,,*71 (pico_gnss pico-gnss-rs/src/main.rs:483)
308.035317 [INFO ] NMEA $GPGSV,4,4,13,195,,,*46 (pico_gnss pico-gnss-rs/src/main.rs:483)
308.093932 [INFO ] NMEA $GLGSV,2,1,08,72,71,155,,75,66,277,,65,51,326,,74,44,027,*6A (pico_gnss pico-gnss-rs/src/main.rs:483)
308.152496 [INFO ] NMEA $GLGSV,2,2,08,71,17,151,18,76,17,235,,66,03,329,,73,01,045,*6D (pico_gnss pico-gnss-rs/src/main.rs:483)
308.239935 [INFO ] NMEA $GNRMC,131522.000,A,0000.0000,N,00000.0000,E,0.44,38.71,080626,,,A*46 (pico_gnss pico-gnss-rs/src/main.rs:483)
308.242510 [INFO ] SYNC pps_local_us=301000700 unix_s=1780924522 drift_us=2 err_ns=-2 holdover_ms=1000 (pico_gnss pico-gnss-rs/src/main.rs:514)
308.269698 [INFO ] NMEA $GPVTG,38.71,T,,M,0.44,N,0.81,K,A*09 (pico_gnss pico-gnss-rs/src/main.rs:483)
308.302884 [INFO ] NMEA $GPZDA,131522.000,08,06,2026,,*58 (pico_gnss pico-gnss-rs/src/main.rs:483)
308.342512 [INFO ] NMEA $GPGST,131522.000,9.6,20,11,125.4,15,18,60*4B (pico_gnss pico-gnss-rs/src/main.rs:483)
308.442656 [INFO ] PPSGEN count=303 interval_ns=1000002304 dev_ns=2304 phase_ns=-2036317 hwphase_ns=-528 trim_ppb=-23 cfg=2 p_ns=-33 d_ns=-4 (pico_gnss pico-gnss-rs/src/main.rs:330)
308.444412 [INFO ] PPS count=303 interval_us=1000002 interval_ns=1000002320 state=Locked missed=0 (pico_gnss pico-gnss-rs/src/main.rs:203)
308.646296 [INFO ] NMEA $GPGGA,131523.000,0000.0000,N,00000.0000,E,1,5,1.23,69.3,M,39.0,M,,*6F (pico_gnss pico-gnss-rs/src/main.rs:483)
308.704622 [INFO ] NMEA $GNGLL,0000.0000,N,00000.0000,E,131523.000,A,A*47 (pico_gnss pico-gnss-rs/src/main.rs:483)
308.762998 [INFO ] NMEA $GNGSA,A,3,28,12,29,32,23,,,,,,,,1.57,1.23,0.97*13 (pico_gnss pico-gnss-rs/src/main.rs:483)
308.789510 [INFO ] NMEA $GNGSA,A,3,,,,,,,,,,,,,1.57,1.23,0.97*11 (pico_gnss pico-gnss-rs/src/main.rs:483)
308.848912 [INFO ] TIME unix_ns=1780924523404393739 ppb=2322 holdover_ms=1404 locked=1 (pico_gnss pico-gnss-rs/src/main.rs:237)
308.877228 [INFO ] NMEA $GPGSV,4,1,13,25,81,068,18,32,65,320,18,12,41,047,23,28,39,292,15*74 (pico_gnss pico-gnss-rs/src/main.rs:483)
308.935524 [INFO ] NMEA $GPGSV,4,2,13,10,37,221,,29,21,144,17,23,14,188,19,31,14,275,*7C (pico_gnss pico-gnss-rs/src/main.rs:483)
308.993958 [INFO ] NMEA $GPGSV,4,3,13,24,11,083,,26,05,226,,193,,,,194,,,*71 (pico_gnss pico-gnss-rs/src/main.rs:483)
309.023171 [INFO ] NMEA $GPGSV,4,4,13,195,,,*46 (pico_gnss pico-gnss-rs/src/main.rs:483)
309.085743 [INFO ] NMEA $GLGSV,2,1,08,72,71,155,,75,66,277,,65,51,326,,74,44,027,*6A (pico_gnss pico-gnss-rs/src/main.rs:483)
309.144389 [INFO ] NMEA $GLGSV,2,2,08,71,17,151,18,76,17,235,,66,03,329,,73,01,045,*6D (pico_gnss pico-gnss-rs/src/main.rs:483)
309.231826 [INFO ] NMEA $GNRMC,131523.000,A,0000.0000,N,00000.0000,E,0.51,38.71,080626,,,A*43 (pico_gnss pico-gnss-rs/src/main.rs:483)
309.234387 [INFO ] SYNC pps_local_us=302000702 unix_s=1780924523 drift_us=2 err_ns=-2 holdover_ms=1000 (pico_gnss pico-gnss-rs/src/main.rs:514)
309.261563 [INFO ] NMEA $GPVTG,38.71,T,,M,0.51,N,0.94,K,A*09 (pico_gnss pico-gnss-rs/src/main.rs:483)
309.290680 [INFO ] NMEA $GPZDA,131523.000,08,06,2026,,*59 (pico_gnss pico-gnss-rs/src/main.rs:483)
309.343727 [INFO ] NMEA $GPGST,131523.000,9.5,20,11,125.3,15,18,60*4E (pico_gnss pico-gnss-rs/src/main.rs:483)
309.442660 [INFO ] PPSGEN count=304 interval_ns=1000002352 dev_ns=2352 phase_ns=-2034317 hwphase_ns=-496 trim_ppb=-20 cfg=2 p_ns=0 d_ns=8 (pico_gnss pico-gnss-rs/src/main.rs:330)
309.444279 [INFO ] PPS count=304 interval_us=1000002 interval_ns=1000002320 state=Locked missed=0 (pico_gnss pico-gnss-rs/src/main.rs:203)
309.643181 [INFO ] NMEA $GPGGA,131524.000,0000.0000,N,00000.0000,E,1,5,1.23,69.4,M,39.0,M,,*6B (pico_gnss pico-gnss-rs/src/main.rs:483)
309.701609 [INFO ] NMEA $GNGLL,0000.0000,N,00000.0000,E,131524.000,A,A*44 (pico_gnss pico-gnss-rs/src/main.rs:483)
309.759995 [INFO ] NMEA $GNGSA,A,3,28,12,29,32,23,,,,,,,,1.57,1.23,0.97*13 (pico_gnss pico-gnss-rs/src/main.rs:483)
309.805855 [INFO ] NMEA $GNGSA,A,3,,,,,,,,,,,,,1.57,1.23,0.97*11 (pico_gnss pico-gnss-rs/src/main.rs:483)
309.850235 [INFO ] TIME unix_ns=1780924524405717736 ppb=2322 holdover_ms=1405 locked=1 (pico_gnss pico-gnss-rs/src/main.rs:237)
309.864871 [INFO ] NMEA $GPGSV,4,1,13,25,81,068,18,32,65,320,18,12,41,047,23,28,39,292,16*77 (pico_gnss pico-gnss-rs/src/main.rs:483)
309.923171 [INFO ] NMEA $GPGSV,4,2,13,10,37,221,,29,21,144,17,23,14,188,19,31,14,275,*7C (pico_gnss pico-gnss-rs/src/main.rs:483)
309.981602 [INFO ] NMEA $GPGSV,4,3,13,24,11,083,,26,05,226,,193,,,,194,,,*71 (pico_gnss pico-gnss-rs/src/main.rs:483)
310.010840 [INFO ] NMEA $GPGSV,4,4,13,195,,,*46 (pico_gnss pico-gnss-rs/src/main.rs:483)
310.073392 [INFO ] NMEA $GLGSV,2,1,08,72,71,155,,75,66,277,,65,51,326,,74,44,027,*6A (pico_gnss pico-gnss-rs/src/main.rs:483)
310.160786 [INFO ] NMEA $GLGSV,2,2,08,71,17,151,18,76,17,235,,66,03,329,,73,01,045,*6D (pico_gnss pico-gnss-rs/src/main.rs:483)
310.219473 [INFO ] NMEA $GNRMC,131524.000,A,0000.0000,N,00000.0000,E,0.37,38.71,080626,,,A*40 (pico_gnss pico-gnss-rs/src/main.rs:483)
310.222027 [INFO ] SYNC pps_local_us=303000704 unix_s=1780924524 drift_us=2 err_ns=-2 holdover_ms=999 (pico_gnss pico-gnss-rs/src/main.rs:514)
310.277734 [INFO ] NMEA $GPVTG,38.71,T,,M,0.37,N,0.69,K,A*0B (pico_gnss pico-gnss-rs/src/main.rs:483)
310.307072 [INFO ] NMEA $GPZDA,131524.000,08,06,2026,,*5E (pico_gnss pico-gnss-rs/src/main.rs:483)
310.340818 [INFO ] NMEA $GPGST,131524.000,9.5,20,11,125.2,15,18,60*48 (pico_gnss pico-gnss-rs/src/main.rs:483)
310.442667 [INFO ] PPSGEN count=305 interval_ns=1000002352 dev_ns=2352 phase_ns=-1887317 hwphase_ns=-464 trim_ppb=-17 cfg=2 p_ns=0 d_ns=8 (pico_gnss pico-gnss-rs/src/main.rs:330)
310.444304 [INFO ] PPS count=305 interval_us=1000002 interval_ns=1000002320 state=Locked missed=0 (pico_gnss pico-gnss-rs/src/main.rs:203)
310.645490 [INFO ] NMEA $GPGGA,131525.000,0000.0000,N,00000.0000,E,1,5,1.23,69.5,M,39.0,M,,*63 (pico_gnss pico-gnss-rs/src/main.rs:483)
310.703795 [INFO ] NMEA $GNGLL,0000.0000,N,00000.0000,E,131525.000,A,A*4D (pico_gnss pico-gnss-rs/src/main.rs:483)
310.762212 [INFO ] NMEA $GNGSA,A,3,28,12,29,32,23,,,,,,,,1.57,1.23,0.97*13 (pico_gnss pico-gnss-rs/src/main.rs:483)
310.791707 [INFO ] NMEA $GNGSA,A,3,,,,,,,,,,,,,1.57,1.23,0.97*11 (pico_gnss pico-gnss-rs/src/main.rs:483)
310.851544 [INFO ] TIME unix_ns=1780924525407155733 ppb=2322 holdover_ms=1407 locked=1 (pico_gnss pico-gnss-rs/src/main.rs:237)
310.857815 [INFO ] NMEA $GPGSV,4,1,13,25,81,068,18,32,65,320,18,12,41,047,23,28,39,292,16*77 (pico_gnss pico-gnss-rs/src/main.rs:483)
310.944897 [INFO ] NMEA $GPGSV,4,2,13,10,37,221,,29,21,144,17,23,14,188,19,31,14,275,*7C (pico_gnss pico-gnss-rs/src/main.rs:483)
311.003320 [INFO ] NMEA $GPGSV,4,3,13,24,11,083,,26,05,226,,193,,,,194,,,*71 (pico_gnss pico-gnss-rs/src/main.rs:483)
311.032581 [INFO ] NMEA $GPGSV,4,4,13,195,,,*46 (pico_gnss pico-gnss-rs/src/main.rs:483)
311.095157 [INFO ] NMEA $GLGSV,2,1,08,72,71,155,,75,66,277,,65,51,326,,74,44,027,*6A (pico_gnss pico-gnss-rs/src/main.rs:483)
311.153729 [INFO ] NMEA $GLGSV,2,2,08,71,17,151,18,76,17,235,,66,03,329,,73,01,045,*6D (pico_gnss pico-gnss-rs/src/main.rs:483)
311.241262 [INFO ] NMEA $GNRMC,131525.000,A,0000.0000,N,00000.0000,E,0.77,321.65,080626,,,A*73 (pico_gnss pico-gnss-rs/src/main.rs:483)
311.243832 [INFO ] SYNC pps_local_us=304000706 unix_s=1780924525 drift_us=2 err_ns=-2 holdover_ms=1000 (pico_gnss pico-gnss-rs/src/main.rs:514)
311.271033 [INFO ] NMEA $GPVTG,321.65,T,,M,0.77,N,1.42,K,A*39 (pico_gnss pico-gnss-rs/src/main.rs:483)
311.300146 [INFO ] NMEA $GPZDA,131525.000,08,06,2026,,*5F (pico_gnss pico-gnss-rs/src/main.rs:483)
311.345146 [INFO ] NMEA $GPGST,131525.000,9.5,20,11,125.1,15,18,60*4A (pico_gnss pico-gnss-rs/src/main.rs:483)
311.442673 [INFO ] PPSGEN count=306 interval_ns=1000002320 dev_ns=2320 phase_ns=-1907317 hwphase_ns=-464 trim_ppb=-14 cfg=2 p_ns=0 d_ns=0 (pico_gnss pico-gnss-rs/src/main.rs:330)
311.444288 [INFO ] PPS count=306 interval_us=1000002 interval_ns=1000002320 state=Locked missed=0 (pico_gnss pico-gnss-rs/src/main.rs:203)
311.646293 [INFO ] NMEA $GPGGA,131526.000,0000.0000,N,00000.0000,E,1,5,1.23,69.6,M,39.0,M,,*69 (pico_gnss pico-gnss-rs/src/main.rs:483)
311.704606 [INFO ] NMEA $GNGLL,0000.0000,N,00000.0000,E,131526.000,A,A*44 (pico_gnss pico-gnss-rs/src/main.rs:483)
311.763016 [INFO ] NMEA $GNGSA,A,3,28,12,29,32,23,,,,,,,,1.57,1.23,0.97*13 (pico_gnss pico-gnss-rs/src/main.rs:483)
311.792564 [INFO ] NMEA $GNGSA,A,3,,,,,,,,,,,,,1.57,1.23,0.97*11 (pico_gnss pico-gnss-rs/src/main.rs:483)
311.852851 [INFO ] TIME unix_ns=1780924526408449730 ppb=2322 holdover_ms=1408 locked=1 (pico_gnss pico-gnss-rs/src/main.rs:237)
311.876179 [INFO ] NMEA $GPGSV,4,1,13,25,81,068,18,32,65,320,19,12,41,047,22,28,39,292,16*77 (pico_gnss pico-gnss-rs/src/main.rs:483)
311.934502 [INFO ] NMEA $GPGSV,4,2,13,10,37,221,,29,21,144,17,23,14,188,19,31,14,275,*7C (pico_gnss pico-gnss-rs/src/main.rs:483)
311.992893 [INFO ] NMEA $GPGSV,4,3,13,24,11,083,,26,05,226,,193,,,,194,,,*71 (pico_gnss pico-gnss-rs/src/main.rs:483)
312.022154 [INFO ] NMEA $GPGSV,4,4,13,195,,,*46 (pico_gnss pico-gnss-rs/src/main.rs:483)
312.080644 [INFO ] NMEA $GLGSV,2,1,08,72,71,155,,75,66,277,,65,51,326,,74,44,027,*6A (pico_gnss pico-gnss-rs/src/main.rs:483)
312.143282 [INFO ] NMEA $GLGSV,2,2,08,71,17,151,18,76,17,235,,66,03,329,,73,01,045,*6D (pico_gnss pico-gnss-rs/src/main.rs:483)
312.230809 [INFO ] NMEA $GNRMC,131526.000,A,0000.0000,N,00000.0000,E,1.82,307.35,080626,,,A*70 (pico_gnss pico-gnss-rs/src/main.rs:483)
312.233375 [INFO ] SYNC pps_local_us=305000709 unix_s=1780924526 drift_us=2 err_ns=-2 holdover_ms=999 (pico_gnss pico-gnss-rs/src/main.rs:514)
312.260539 [INFO ] NMEA $GPVTG,307.35,T,,M,1.82,N,3.37,K,A*33 (pico_gnss pico-gnss-rs/src/main.rs:483)
312.318366 [INFO ] NMEA $GPZDA,131526.000,08,06,2026,,*5C (pico_gnss pico-gnss-rs/src/main.rs:483)
312.346025 [INFO ] NMEA $GPGST,131526.000,9.5,20,12,124.9,15,18,60*43 (pico_gnss pico-gnss-rs/src/main.rs:483)
312.442657 [INFO ] PPSGEN count=307 interval_ns=1000002320 dev_ns=2320 phase_ns=-1900317 hwphase_ns=-464 trim_ppb=-11 cfg=2 p_ns=0 d_ns=0 (pico_gnss pico-gnss-rs/src/main.rs:330)
312.444253 [INFO ] PPS count=307 interval_us=1000002 interval_ns=1000002320 state=Locked missed=0 (pico_gnss pico-gnss-rs/src/main.rs:203)
312.652598 [INFO ] NMEA $GPGGA,131527.000,0000.0000,N,00000.0000,E,1,5,1.23,69.6,M,39.0,M,,*69 (pico_gnss pico-gnss-rs/src/main.rs:483)
312.710959 [INFO ] NMEA $GNGLL,0000.0000,N,00000.0000,E,131527.000,A,A*44 (pico_gnss pico-gnss-rs/src/main.rs:483)
312.740661 [INFO ] NMEA $GNGSA,A,3,28,12,29,32,23,,,,,,,,1.57,1.23,0.97*13 (pico_gnss pico-gnss-rs/src/main.rs:483)
312.798785 [INFO ] NMEA $GNGSA,A,3,,,,,,,,,,,,,1.57,1.23,0.97*11 (pico_gnss pico-gnss-rs/src/main.rs:483)
312.854174 [INFO ] TIME unix_ns=1780924527409770727 ppb=2322 holdover_ms=1409 locked=1 (pico_gnss pico-gnss-rs/src/main.rs:237)
312.861691 [INFO ] NMEA $GPGSV,4,1,13,25,81,068,18,32,65,320,19,12,41,047,21,28,39,292,16*74 (pico_gnss pico-gnss-rs/src/main.rs:483)
312.948969 [INFO ] NMEA $GPGSV,4,2,13,10,37,221,,29,21,144,17,23,14,188,19,31,14,275,*7C (pico_gnss pico-gnss-rs/src/main.rs:483)
313.007395 [INFO ] NMEA $GPGSV,4,3,13,24,11,083,,26,05,226,,193,,,,194,,,*71 (pico_gnss pico-gnss-rs/src/main.rs:483)
313.008746 [INFO ] NMEA $GPGSV,4,4,13,195,,,*46 (pico_gnss pico-gnss-rs/src/main.rs:483)
313.095128 [INFO ] NMEA $GLGSV,2,1,08,72,71,155,,75,66,277,,65,51,326,,74,44,027,*6A (pico_gnss pico-gnss-rs/src/main.rs:483)
313.157834 [INFO ] NMEA $GLGSV,2,2,08,71,17,151,18,76,17,235,,66,03,329,,73,01,045,*6D (pico_gnss pico-gnss-rs/src/main.rs:483)
313.216531 [INFO ] NMEA $GNRMC,131527.000,A,0000.0000,N,00000.0000,E,1.14,278.33,080626,,,A*70 (pico_gnss pico-gnss-rs/src/main.rs:483)
313.219104 [INFO ] SYNC pps_local_us=306000711 unix_s=1780924527 drift_us=2 err_ns=-2 holdover_ms=999 (pico_gnss pico-gnss-rs/src/main.rs:514)
313.274802 [INFO ] NMEA $GPVTG,278.33,T,,M,1.14,N,2.11,K,A*36 (pico_gnss pico-gnss-rs/src/main.rs:483)
313.304141 [INFO ] NMEA $GPZDA,131527.000,08,06,2026,,*5D (pico_gnss pico-gnss-rs/src/main.rs:483)
313.342668 [INFO ] NMEA $GPGST,131527.000,9.4,20,12,124.6,15,18,61*4D (pico_gnss pico-gnss-rs/src/main.rs:483)
313.442680 [INFO ] PPSGEN count=308 interval_ns=1000002320 dev_ns=2320 phase_ns=-1855317 hwphase_ns=-464 trim_ppb=-8 cfg=2 p_ns=0 d_ns=0 (pico_gnss pico-gnss-rs/src/main.rs:330)
313.444282 [INFO ] PPS count=308 interval_us=1000002 interval_ns=1000002320 state=Locked missed=0 (pico_gnss pico-gnss-rs/src/main.rs:203)
313.647094 [INFO ] NMEA $GPGGA,131528.000,0000.0000,N,00000.0000,E,1,5,1.23,69.6,M,39.0,M,,*6C (pico_gnss pico-gnss-rs/src/main.rs:483)
313.705391 [INFO ] NMEA $GNGLL,0000.0000,N,00000.0000,E,131528.000,A,A*41 (pico_gnss pico-gnss-rs/src/main.rs:483)
313.763825 [INFO ] NMEA $GNGSA,A,3,28,12,29,32,23,,,,,,,,1.57,1.23,0.97*13 (pico_gnss pico-gnss-rs/src/main.rs:483)
313.793292 [INFO ] NMEA $GNGSA,A,3,,,,,,,,,,,,,1.57,1.23,0.97*11 (pico_gnss pico-gnss-rs/src/main.rs:483)
313.855489 [INFO ] TIME unix_ns=1780924528411128724 ppb=2322 holdover_ms=1411 locked=1 (pico_gnss pico-gnss-rs/src/main.rs:237)
313.884884 [INFO ] NMEA $GPGSV,4,1,13,25,81,068,18,32,65,320,19,12,41,047,21,28,39,292,16*74 (pico_gnss pico-gnss-rs/src/main.rs:483)
313.943427 [INFO ] NMEA $GPGSV,4,2,13,10,37,221,,29,21,144,17,23,14,188,19,31,14,275,*7C (pico_gnss pico-gnss-rs/src/main.rs:483)
314.001854 [INFO ] NMEA $GPGSV,4,3,13,24,11,083,,26,05,226,,193,,,,194,,,*71 (pico_gnss pico-gnss-rs/src/main.rs:483)
314.031112 [INFO ] NMEA $GPGSV,4,4,13,195,,,*46 (pico_gnss pico-gnss-rs/src/main.rs:483)
314.089594 [INFO ] NMEA $GLGSV,2,1,08,72,71,155,,75,66,277,,65,51,326,,74,44,027,*6A (pico_gnss pico-gnss-rs/src/main.rs:483)
314.152272 [INFO ] NMEA $GLGSV,2,2,08,71,17,151,18,76,17,235,,66,03,329,,73,01,045,*6D (pico_gnss pico-gnss-rs/src/main.rs:483)
314.239763 [INFO ] NMEA $GNRMC,131528.000,A,0000.0000,N,00000.0000,E,0.87,306.05,080626,,,A*73 (pico_gnss pico-gnss-rs/src/main.rs:483)
314.242364 [INFO ] SYNC pps_local_us=307000713 unix_s=1780924528 drift_us=2 err_ns=-2 holdover_ms=1000 (pico_gnss pico-gnss-rs/src/main.rs:514)
314.269513 [INFO ] NMEA $GPVTG,306.05,T,,M,0.87,N,1.61,K,A*34 (pico_gnss pico-gnss-rs/src/main.rs:483)
314.298646 [INFO ] NMEA $GPZDA,131528.000,08,06,2026,,*52 (pico_gnss pico-gnss-rs/src/main.rs:483)
314.348634 [INFO ] NMEA $GPGST,131528.000,9.4,20,12,124.1,15,18,62*46 (pico_gnss pico-gnss-rs/src/main.rs:483)
314.442658 [INFO ] PPSGEN count=309 interval_ns=1000002336 dev_ns=2336 phase_ns=-1902317 hwphase_ns=-448 trim_ppb=-5 cfg=2 p_ns=0 d_ns=4 (pico_gnss pico-gnss-rs/src/main.rs:330)
314.444275 [INFO ] PPS count=309 interval_us=1000002 interval_ns=1000002320 state=Locked missed=0 (pico_gnss pico-gnss-rs/src/main.rs:203)
314.628728 [INFO ] NMEA $GPGGA,131529.000,0000.0000,N,00000.0000,E,1,5,1.23,69.7,M,39.0,M,,*66 (pico_gnss pico-gnss-rs/src/main.rs:483)
314.687070 [INFO ] NMEA $GNGLL,0000.0000,N,00000.0000,E,131529.000,A,A*4A (pico_gnss pico-gnss-rs/src/main.rs:483)
314.745450 [INFO ] NMEA $GNGSA,A,3,28,12,29,32,23,,,,,,,,1.57,1.23,0.97*13 (pico_gnss pico-gnss-rs/src/main.rs:483)
314.803688 [INFO ] NMEA $GNGSA,A,3,,,,,,,,,,,,,1.57,1.23,0.97*11 (pico_gnss pico-gnss-rs/src/main.rs:483)
314.856809 [INFO ] TIME unix_ns=1780924529412429721 ppb=2322 holdover_ms=1412 locked=1 (pico_gnss pico-gnss-rs/src/main.rs:237)
314.862693 [INFO ] NMEA $GPGSV,4,1,13,25,81,068,18,32,65,320,19,12,41,047,21,28,39,292,17*75 (pico_gnss pico-gnss-rs/src/main.rs:483)
314.925095 [INFO ] NMEA $GPGSV,4,2,13,10,37,221,,29,21,144,17,23,14,188,18,31,14,275,*7D (pico_gnss pico-gnss-rs/src/main.rs:483)
314.983525 [INFO ] NMEA $GPGSV,4,3,13,24,11,083,,26,05,226,,193,,,,194,,,*71 (pico_gnss pico-gnss-rs/src/main.rs:483)
315.012765 [INFO ] NMEA $GPGSV,4,4,13,195,,,*46 (pico_gnss pico-gnss-rs/src/main.rs:483)
315.071228 [INFO ] NMEA $GLGSV,2,1,08,72,71,155,,75,66,277,,65,51,326,,74,44,027,*6A (pico_gnss pico-gnss-rs/src/main.rs:483)
315.162694 [INFO ] NMEA $GLGSV,2,2,08,71,17,151,19,76,17,235,,66,03,329,,73,01,045,*6C (pico_gnss pico-gnss-rs/src/main.rs:483)
315.221452 [INFO ] NMEA $GNRMC,131529.000,A,0000.0000,N,00000.0000,E,0.75,100.70,080626,,,A*73 (pico_gnss pico-gnss-rs/src/main.rs:483)
315.224040 [INFO ] SYNC pps_local_us=308000716 unix_s=1780924529 drift_us=2 err_ns=-1 holdover_ms=1000 (pico_gnss pico-gnss-rs/src/main.rs:514)
315.279689 [INFO ] NMEA $GPVTG,100.70,T,,M,0.75,N,1.38,K,A*33 (pico_gnss pico-gnss-rs/src/main.rs:483)
315.309099 [INFO ] NMEA $GPZDA,131529.000,08,06,2026,,*53 (pico_gnss pico-gnss-rs/src/main.rs:483)
315.338593 [INFO ] NMEA $GPGST,131529.000,9.5,20,12,124.7,15,18,60*42 (pico_gnss pico-gnss-rs/src/main.rs:483)
315.442676 [INFO ] PPSGEN count=310 interval_ns=1000002336 dev_ns=2336 phase_ns=-1891317 hwphase_ns=-432 trim_ppb=-2 cfg=2 p_ns=0 d_ns=4 (pico_gnss pico-gnss-rs/src/main.rs:330)
315.444301 [INFO ] PPS count=310 interval_us=1000002 interval_ns=1000002320 state=Locked missed=0 (pico_gnss pico-gnss-rs/src/main.rs:203)
315.647481 [INFO ] NMEA $GPGGA,131530.000,0000.0000,N,00000.0000,E,1,5,1.23,69.7,M,39.0,M,,*6B (pico_gnss pico-gnss-rs/src/main.rs:483)
315.705829 [INFO ] NMEA $GNGLL,0000.0000,N,00000.0000,E,131530.000,A,A*47 (pico_gnss pico-gnss-rs/src/main.rs:483)
315.764215 [INFO ] NMEA $GNGSA,A,3,28,12,29,32,23,,,,,,,,1.57,1.23,0.97*13 (pico_gnss pico-gnss-rs/src/main.rs:483)
315.793746 [INFO ] NMEA $GNGSA,A,3,,,,,,,,,,,,,1.57,1.23,0.97*11 (pico_gnss pico-gnss-rs/src/main.rs:483)
315.858133 [INFO ] TIME unix_ns=1780924530413719718 ppb=2322 holdover_ms=1413 locked=1 (pico_gnss pico-gnss-rs/src/main.rs:237)
315.881451 [INFO ] NMEA $GPGSV,4,1,13,25,81,068,18,32,65,320,19,12,41,047,21,28,39,292,17*75 (pico_gnss pico-gnss-rs/src/main.rs:483)
315.943849 [INFO ] NMEA $GPGSV,4,2,13,10,37,221,,29,21,144,17,23,14,188,18,31,14,275,*7D (pico_gnss pico-gnss-rs/src/main.rs:483)
316.002286 [INFO ] NMEA $GPGSV,4,3,13,24,11,083,,26,05,226,,193,,,,194,,,*71 (pico_gnss pico-gnss-rs/src/main.rs:483)
316.031502 [INFO ] NMEA $GPGSV,4,4,13,195,,,*46 (pico_gnss pico-gnss-rs/src/main.rs:483)
316.089972 [INFO ] NMEA $GLGSV,2,1,08,72,71,155,,75,66,277,,65,51,326,,74,44,027,*6A (pico_gnss pico-gnss-rs/src/main.rs:483)
316.148576 [INFO ] NMEA $GLGSV,2,2,08,71,17,151,19,76,17,235,,66,03,329,,73,01,045,*6C (pico_gnss pico-gnss-rs/src/main.rs:483)
316.240101 [INFO ] NMEA $GNRMC,131530.000,A,0000.0000,N,00000.0000,E,0.56,100.70,080626,,,A*7F (pico_gnss pico-gnss-rs/src/main.rs:483)
316.242662 [INFO ] SYNC pps_local_us=309000718 unix_s=1780924530 drift_us=2 err_ns=-1 holdover_ms=1000 (pico_gnss pico-gnss-rs/src/main.rs:514)
316.269913 [INFO ] NMEA $GPVTG,100.70,T,,M,0.56,N,1.03,K,A*3A (pico_gnss pico-gnss-rs/src/main.rs:483)
316.299054 [INFO ] NMEA $GPZDA,131530.000,08,06,2026,,*5B (pico_gnss pico-gnss-rs/src/main.rs:483)
316.342742 [INFO ] NMEA $GPGST,131530.000,9.5,20,12,124.7,15,18,60*4A (pico_gnss pico-gnss-rs/src/main.rs:483)
316.442667 [INFO ] PPSGEN count=311 interval_ns=1000002336 dev_ns=2336 phase_ns=-1913317 hwphase_ns=-416 trim_ppb=1 cfg=2 p_ns=0 d_ns=4 (pico_gnss pico-gnss-rs/src/main.rs:330)
316.444216 [INFO ] PPS count=311 interval_us=1000002 interval_ns=1000002320 state=Locked missed=0 (pico_gnss pico-gnss-rs/src/main.rs:203)
316.645167 [INFO ] NMEA $GPGGA,131531.000,0000.0000,N,00000.0000,E,1,5,1.23,69.9,M,39.0,M,,*60 (pico_gnss pico-gnss-rs/src/main.rs:483)
316.696301 [INFO ] NMEA $GNGLL,0000.0000,N,00000.0000,E,131531.000,A,A*42 (pico_gnss pico-gnss-rs/src/main.rs:483)
316.754658 [INFO ] NMEA $GNGSA,A,3,28,12,29,32,23,,,,,,,,1.57,1.23,0.97*13 (pico_gnss pico-gnss-rs/src/main.rs:483)
316.784180 [INFO ] NMEA $GNGSA,A,3,,,,,,,,,,,,,1.57,1.23,0.97*11 (pico_gnss pico-gnss-rs/src/main.rs:483)
316.859456 [INFO ] TIME unix_ns=1780924531415045715 ppb=2322 holdover_ms=1415 locked=1 (pico_gnss pico-gnss-rs/src/main.rs:237)
316.871892 [INFO ] NMEA $GPGSV,4,1,13,25,81,068,18,32,65,320,19,12,41,047,21,28,39,292,17*75 (pico_gnss pico-gnss-rs/src/main.rs:483)
316.934290 [INFO ] NMEA $GPGSV,4,2,13,10,37,221,,29,21,144,16,23,14,188,18,31,14,275,*7C (pico_gnss pico-gnss-rs/src/main.rs:483)
316.992752 [INFO ] NMEA $GPGSV,4,3,13,24,11,083,,26,05,226,,193,,,,194,,,*71 (pico_gnss pico-gnss-rs/src/main.rs:483)
317.021957 [INFO ] NMEA $GPGSV,4,4,13,195,,,*46 (pico_gnss pico-gnss-rs/src/main.rs:483)
317.080467 [INFO ] NMEA $GLGSV,2,1,08,72,71,155,,75,66,277,,65,51,326,,74,44,027,*6A (pico_gnss pico-gnss-rs/src/main.rs:483)
317.139019 [INFO ] NMEA $GLGSV,2,2,08,71,17,151,19,76,17,235,,66,03,329,,73,01,045,*6C (pico_gnss pico-gnss-rs/src/main.rs:483)
317.230597 [INFO ] NMEA $GNRMC,131531.000,A,0000.0000,N,00000.0000,E,0.94,25.59,080626,,,A*49 (pico_gnss pico-gnss-rs/src/main.rs:483)
317.233156 [INFO ] SYNC pps_local_us=310000720 unix_s=1780924531 drift_us=2 err_ns=-1 holdover_ms=999 (pico_gnss pico-gnss-rs/src/main.rs:514)
317.260363 [INFO ] NMEA $GPVTG,25.59,T,,M,0.94,N,1.75,K,A*08 (pico_gnss pico-gnss-rs/src/main.rs:483)
317.289442 [INFO ] NMEA $GPZDA,131531.000,08,06,2026,,*5A (pico_gnss pico-gnss-rs/src/main.rs:483)
317.342704 [INFO ] NMEA $GPGST,131531.000,9.5,20,12,124.2,15,18,61*4F (pico_gnss pico-gnss-rs/src/main.rs:483)
317.442663 [INFO ] PPSGEN count=312 interval_ns=1000002336 dev_ns=2336 phase_ns=-1832317 hwphase_ns=-400 trim_ppb=4 cfg=2 p_ns=0 d_ns=4 (pico_gnss pico-gnss-rs/src/main.rs:330)
317.444205 [INFO ] PPS count=312 interval_us=1000002 interval_ns=1000002304 state=Locked missed=0 (pico_gnss pico-gnss-rs/src/main.rs:203)
317.643296 [INFO ] NMEA $GPGGA,131532.000,0000.0000,N,00000.0000,E,1,5,1.23,70.1,M,39.0,M,,*6C (pico_gnss pico-gnss-rs/src/main.rs:483)
317.685174 [INFO ] NMEA $GNGLL,0000.0000,N,00000.0000,E,131532.000,A,A*4E (pico_gnss pico-gnss-rs/src/main.rs:483)
317.743569 [INFO ] NMEA $GNGSA,A,3,28,12,29,32,23,,,,,,,,1.57,1.23,0.97*13 (pico_gnss pico-gnss-rs/src/main.rs:483)
317.801771 [INFO ] NMEA $GNGSA,A,3,,,,,,,,,,,,,1.57,1.23,0.97*11 (pico_gnss pico-gnss-rs/src/main.rs:483)
317.860697 [INFO ] NMEA $GPGSV,4,1,13,25,81,068,17,32,65,320,19,12,41,047,21,28,39,292,17*7A (pico_gnss pico-gnss-rs/src/main.rs:483)
317.862672 [INFO ] TIME unix_ns=1780924532418389708 ppb=2321 holdover_ms=1418 locked=1 (pico_gnss pico-gnss-rs/src/main.rs:237)
317.947811 [INFO ] NMEA $GPGSV,4,2,13,10,37,221,,29,21,144,16,23,14,188,18,31,14,275,*7C (pico_gnss pico-gnss-rs/src/main.rs:483)
317.981616 [INFO ] NMEA $GPGSV,4,3,13,24,11,083,,26,05,226,,193,,,,194,,,*71 (pico_gnss pico-gnss-rs/src/main.rs:483)
318.010867 [INFO ] NMEA $GPGSV,4,4,13,195,,,*46 (pico_gnss pico-gnss-rs/src/main.rs:483)
318.098080 [INFO ] NMEA $GLGSV,2,1,08,72,71,155,,75,66,277,,65,51,326,,74,44,027,*6A (pico_gnss pico-gnss-rs/src/main.rs:483)
318.156691 [INFO ] NMEA $GLGSV,2,2,08,71,17,151,18,76,17,235,,66,03,329,,73,01,045,*6D (pico_gnss pico-gnss-rs/src/main.rs:483)
318.219471 [INFO ] NMEA $GNRMC,131532.000,A,0000.0000,N,00000.0000,E,1.28,18.54,080626,,,A*40 (pico_gnss pico-gnss-rs/src/main.rs:483)
318.222027 [INFO ] SYNC pps_local_us=311000723 unix_s=1780924532 drift_us=2 err_ns=-17 holdover_ms=999 (pico_gnss pico-gnss-rs/src/main.rs:514)
318.277744 [INFO ] NMEA $GPVTG,18.54,T,,M,1.28,N,2.37,K,A*08 (pico_gnss pico-gnss-rs/src/main.rs:483)
318.307121 [INFO ] NMEA $GPZDA,131532.000,08,06,2026,,*59 (pico_gnss pico-gnss-rs/src/main.rs:483)
318.336584 [INFO ] NMEA $GPGST,131532.000,9.6,20,12,124.8,15,18,60*44 (pico_gnss pico-gnss-rs/src/main.rs:483)
318.442680 [INFO ] PPSGEN count=313 interval_ns=1000002352 dev_ns=2352 phase_ns=-1810317 hwphase_ns=-352 trim_ppb=6 cfg=2 p_ns=0 d_ns=12 (pico_gnss pico-gnss-rs/src/main.rs:330)
318.444250 [INFO ] PPS count=313 interval_us=1000002 interval_ns=1000002320 state=Locked missed=0 (pico_gnss pico-gnss-rs/src/main.rs:203)
318.651343 [INFO ] NMEA $GPGGA,131533.000,0000.0000,N,00000.0000,E,1,5,1.23,70.3,M,39.0,M,,*6F (pico_gnss pico-gnss-rs/src/main.rs:483)
318.712694 [INFO ] NMEA $GNGLL,0000.0000,N,00000.0000,E,131533.000,A,A*4F (pico_gnss pico-gnss-rs/src/main.rs:483)
318.771103 [INFO ] NMEA $GNGSA,A,3,28,12,29,32,23,,,,,,,,1.57,1.23,0.97*13 (pico_gnss pico-gnss-rs/src/main.rs:483)
318.800627 [INFO ] NMEA $GNGSA,A,3,,,,,,,,,,,,,1.57,1.23,0.97*11 (pico_gnss pico-gnss-rs/src/main.rs:483)
318.863975 [INFO ] TIME unix_ns=1780924533419669705 ppb=2321 holdover_ms=1419 locked=1 (pico_gnss pico-gnss-rs/src/main.rs:237)
318.888350 [INFO ] NMEA $GPGSV,4,1,13,25,81,068,17,32,65,320,19,12,41,047,21,28,39,292,17*7A (pico_gnss pico-gnss-rs/src/main.rs:483)
318.946621 [INFO ] NMEA $GPGSV,4,2,13,10,37,221,,29,21,144,16,23,14,188,17,31,14,275,*73 (pico_gnss pico-gnss-rs/src/main.rs:483)
319.009127 [INFO ] NMEA $GPGSV,4,3,13,24,11,083,,26,05,226,,193,,,,194,,,*71 (pico_gnss pico-gnss-rs/src/main.rs:483)
319.038423 [INFO ] NMEA $GPGSV,4,4,13,195,,,*46 (pico_gnss pico-gnss-rs/src/main.rs:483)
319.096870 [INFO ] NMEA $GLGSV,2,1,08,72,71,155,,75,66,277,,65,51,326,,74,44,027,*6A (pico_gnss pico-gnss-rs/src/main.rs:483)
319.155451 [INFO ] NMEA $GLGSV,2,2,08,71,17,151,18,76,17,235,,66,03,329,,73,01,045,*6D (pico_gnss pico-gnss-rs/src/main.rs:483)
319.247008 [INFO ] NMEA $GNRMC,131533.000,A,0000.0000,N,00000.0000,E,0.73,307.24,080626,,,A*74 (pico_gnss pico-gnss-rs/src/main.rs:483)
319.249572 [INFO ] SYNC pps_local_us=312000725 unix_s=1780924533 drift_us=2 err_ns=-1 holdover_ms=1000 (pico_gnss pico-gnss-rs/src/main.rs:514)
319.276797 [INFO ] NMEA $GPVTG,307.24,T,,M,0.73,N,1.35,K,A*3C (pico_gnss pico-gnss-rs/src/main.rs:483)
319.305941 [INFO ] NMEA $GPZDA,131533.000,08,06,2026,,*58 (pico_gnss pico-gnss-rs/src/main.rs:483)
319.350682 [INFO ] NMEA $GPGST,131533.000,9.6,20,12,124.5,15,18,60*48 (pico_gnss pico-gnss-rs/src/main.rs:483)
319.442690 [INFO ] PPSGEN count=314 interval_ns=1000002336 dev_ns=2336 phase_ns=-1848316 hwphase_ns=-336 trim_ppb=8 cfg=2 p_ns=0 d_ns=4 (pico_gnss pico-gnss-rs/src/main.rs:330)
319.444253 [INFO ] PPS count=314 interval_us=1000002 interval_ns=1000002320 state=Locked missed=0 (pico_gnss pico-gnss-rs/src/main.rs:203)
319.646227 [INFO ] NMEA $GPGGA,131534.000,0000.0000,N,00000.0000,E,1,5,1.23,70.6,M,39.0,M,,*63 (pico_gnss pico-gnss-rs/src/main.rs:483)
319.704533 [INFO ] NMEA $GNGLL,0000.0000,N,00000.0000,E,131534.000,A,A*46 (pico_gnss pico-gnss-rs/src/main.rs:483)
319.754726 [INFO ] NMEA $GNGSA,A,3,28,12,29,32,23,,,,,,,,1.57,1.23,0.97*13 (pico_gnss pico-gnss-rs/src/main.rs:483)
319.784249 [INFO ] NMEA $GNGSA,A,3,,,,,,,,,,,,,1.57,1.23,0.97*11 (pico_gnss pico-gnss-rs/src/main.rs:483)
319.865293 [INFO ] TIME unix_ns=1780924534420937702 ppb=2321 holdover_ms=1420 locked=1 (pico_gnss pico-gnss-rs/src/main.rs:237)
319.871999 [INFO ] NMEA $GPGSV,4,1,13,25,81,068,17,32,65,320,19,12,41,047,21,28,39,292,17*7A (pico_gnss pico-gnss-rs/src/main.rs:483)
319.930314 [INFO ] NMEA $GPGSV,4,2,13,10,37,221,,29,21,144,16,23,14,188,17,31,14,275,*73 (pico_gnss pico-gnss-rs/src/main.rs:483)
319.992802 [INFO ] NMEA $GPGSV,4,3,13,24,11,083,,26,05,226,,193,,,,194,,,*71 (pico_gnss pico-gnss-rs/src/main.rs:483)
320.022075 [INFO ] NMEA $GPGSV,4,4,13,195,,,*46 (pico_gnss pico-gnss-rs/src/main.rs:483)
320.080554 [INFO ] NMEA $GLGSV,2,1,08,72,71,155,,75,66,277,,65,52,326,,74,44,027,*69 (pico_gnss pico-gnss-rs/src/main.rs:483)
320.167877 [INFO ] NMEA $GLGSV,2,2,08,71,17,151,18,76,17,235,,66,03,329,,73,01,045,*6D (pico_gnss pico-gnss-rs/src/main.rs:483)
320.226610 [INFO ] NMEA $GNRMC,131534.000,A,0000.0000,N,00000.0000,E,0.43,307.24,080626,,,A*7E (pico_gnss pico-gnss-rs/src/main.rs:483)
320.229186 [INFO ] SYNC pps_local_us=313000727 unix_s=1780924534 drift_us=2 err_ns=-1 holdover_ms=999 (pico_gnss pico-gnss-rs/src/main.rs:514)
320.260211 [INFO ] NMEA $GPVTG,307.24,T,,M,0.43,N,0.80,K,A*30 (pico_gnss pico-gnss-rs/src/main.rs:483)
320.318271 [INFO ] NMEA $GPZDA,131534.000,08,06,2026,,*5F (pico_gnss pico-gnss-rs/src/main.rs:483)
320.345950 [INFO ] NMEA $GPGST,131534.000,9.6,20,12,124.9,15,18,60*43 (pico_gnss pico-gnss-rs/src/main.rs:483)
320.442703 [INFO ] PPSGEN count=315 interval_ns=1000002336 dev_ns=2336 phase_ns=-1825316 hwphase_ns=-320 trim_ppb=10 cfg=2 p_ns=0 d_ns=4 (pico_gnss pico-gnss-rs/src/main.rs:330)
320.444263 [INFO ] PPS count=315 interval_us=1000002 interval_ns=1000002320 state=Locked missed=0 (pico_gnss pico-gnss-rs/src/main.rs:203)
320.649430 [INFO ] NMEA $GPGGA,131535.000,0000.0000,N,00000.0000,E,1,5,1.23,70.7,M,39.0,M,,*65 (pico_gnss pico-gnss-rs/src/main.rs:483)
320.707741 [INFO ] NMEA $GNGLL,0000.0000,N,00000.0000,E,131535.000,A,A*41 (pico_gnss pico-gnss-rs/src/main.rs:483)
320.746605 [INFO ] NMEA $GNGSA,A,3,28,12,29,32,23,,,,,,,,1.57,1.23,0.97*13 (pico_gnss pico-gnss-rs/src/main.rs:483)
320.804811 [INFO ] NMEA $GNGSA,A,3,,,,,,,,,,,,,1.57,1.23,0.97*11 (pico_gnss pico-gnss-rs/src/main.rs:483)
320.863516 [INFO ] NMEA $GPGSV,4,1,13,25,81,068,17,32,65,320,19,12,41,047,21,28,39,292,17*7A (pico_gnss pico-gnss-rs/src/main.rs:483)
320.866591 [INFO ] TIME unix_ns=1780924535422263699 ppb=2321 holdover_ms=1422 locked=1 (pico_gnss pico-gnss-rs/src/main.rs:237)
320.951008 [INFO ] NMEA $GPGSV,4,2,13,10,37,221,,29,21,144,16,23,14,188,17,31,14,275,*73 (pico_gnss pico-gnss-rs/src/main.rs:483)
321.013546 [INFO ] NMEA $GPGSV,4,3,13,24,11,083,16,26,05,226,,193,,,,194,,,*76 (pico_gnss pico-gnss-rs/src/main.rs:483)
321.014948 [INFO ] NMEA $GPGSV,4,4,13,195,,,*46 (pico_gnss pico-gnss-rs/src/main.rs:483)
321.101269 [INFO ] NMEA $GLGSV,2,1,08,72,71,155,,75,66,277,,65,52,326,,74,44,027,*69 (pico_gnss pico-gnss-rs/src/main.rs:483)
321.159845 [INFO ] NMEA $GLGSV,2,2,08,71,17,151,18,76,17,235,,66,04,330,,73,01,045,*62 (pico_gnss pico-gnss-rs/src/main.rs:483)
321.247343 [INFO ] NMEA $GNRMC,131535.000,A,0000.0000,N,00000.0000,E,1.24,109.95,080626,,,A*7F (pico_gnss pico-gnss-rs/src/main.rs:483)
321.249898 [INFO ] SYNC pps_local_us=314000730 unix_s=1780924535 drift_us=2 err_ns=-1 holdover_ms=1000 (pico_gnss pico-gnss-rs/src/main.rs:514)
321.280967 [INFO ] NMEA $GPVTG,109.95,T,,M,1.24,N,2.30,K,A*3F (pico_gnss pico-gnss-rs/src/main.rs:483)
321.310282 [INFO ] NMEA $GPZDA,131535.000,08,06,2026,,*5E (pico_gnss pico-gnss-rs/src/main.rs:483)
321.350880 [INFO ] NMEA $GPGST,131535.000,9.7,20,12,124.4,15,18,60*4E (pico_gnss pico-gnss-rs/src/main.rs:483)
321.442689 [INFO ] PPSGEN count=316 interval_ns=1000002352 dev_ns=2352 phase_ns=-1847316 hwphase_ns=-288 trim_ppb=12 cfg=2 p_ns=0 d_ns=8 (pico_gnss pico-gnss-rs/src/main.rs:330)
321.444242 [INFO ] PPS count=316 interval_us=1000002 interval_ns=1000002304 state=Locked missed=0 (pico_gnss pico-gnss-rs/src/main.rs:203)
321.659252 [INFO ] NMEA $GPGGA,131536.000,0000.0000,N,00000.0000,E,1,5,1.23,70.8,M,39.0,M,,*6B (pico_gnss pico-gnss-rs/src/main.rs:483)
321.717570 [INFO ] NMEA $GNGLL,0000.0000,N,00000.0000,E,131536.000,A,A*40 (pico_gnss pico-gnss-rs/src/main.rs:483)
321.771846 [INFO ] NMEA $GNGSA,A,3,28,12,29,32,23,,,,,,,,1.57,1.23,0.97*13 (pico_gnss pico-gnss-rs/src/main.rs:483)
321.801365 [INFO ] NMEA $GNGSA,A,3,,,,,,,,,,,,,1.57,1.23,0.97*11 (pico_gnss pico-gnss-rs/src/main.rs:483)
321.867892 [INFO ] TIME unix_ns=1780924536423528697 ppb=2321 holdover_ms=1423 locked=1 (pico_gnss pico-gnss-rs/src/main.rs:237)
321.889063 [INFO ] NMEA $GPGSV,4,1,13,25,81,068,16,32,65,320,19,12,41,047,21,28,39,292,17*7B (pico_gnss pico-gnss-rs/src/main.rs:483)
321.947413 [INFO ] NMEA $GPGSV,4,2,13,10,37,221,,29,21,144,17,23,14,188,17,31,14,275,*72 (pico_gnss pico-gnss-rs/src/main.rs:483)
322.005802 [INFO ] NMEA $GPGSV,4,3,13,24,11,083,17,26,05,226,,193,,,,194,,,*77 (pico_gnss pico-gnss-rs/src/main.rs:483)
322.039110 [INFO ] NMEA $GPGSV,4,4,13,195,,,*46 (pico_gnss pico-gnss-rs/src/main.rs:483)
322.097682 [INFO ] NMEA $GLGSV,2,1,08,72,71,155,,75,66,277,,65,52,326,,74,44,027,*69 (pico_gnss pico-gnss-rs/src/main.rs:483)
322.156250 [INFO ] NMEA $GLGSV,2,2,08,71,17,151,18,76,17,235,,66,04,330,,73,01,045,*62 (pico_gnss pico-gnss-rs/src/main.rs:483)
322.243750 [INFO ] NMEA $GNRMC,131536.000,A,0000.0000,N,00000.0000,E,0.44,109.95,080626,,,A*79 (pico_gnss pico-gnss-rs/src/main.rs:483)
322.246339 [INFO ] SYNC pps_local_us=315000732 unix_s=1780924536 drift_us=2 err_ns=-16 holdover_ms=999 (pico_gnss pico-gnss-rs/src/main.rs:514)
322.273477 [INFO ] NMEA $GPVTG,109.95,T,,M,0.44,N,0.81,K,A*30 (pico_gnss pico-gnss-rs/src/main.rs:483)
322.335360 [INFO ] NMEA $GPZDA,131536.000,08,06,2026,,*5D (pico_gnss pico-gnss-rs/src/main.rs:483)
322.360968 [INFO ] NMEA $GPGST,131536.000,9.6,20,12,122.7,15,18,61*48 (pico_gnss pico-gnss-rs/src/main.rs:483)
322.442691 [INFO ] PPSGEN count=317 interval_ns=1000002352 dev_ns=2352 phase_ns=-1826316 hwphase_ns=-240 trim_ppb=13 cfg=2 p_ns=0 d_ns=12 (pico_gnss pico-gnss-rs/src/main.rs:330)
322.444245 [INFO ] PPS count=317 interval_us=1000002 interval_ns=1000002320 state=Locked missed=0 (pico_gnss pico-gnss-rs/src/main.rs:203)
322.751579 [INFO ] NMEA $GPGGA,131537.000,0000.0000,N,00000.0000,E,1,6,1.07,70.9,M,39.0,M,,*68 (pico_gnss pico-gnss-rs/src/main.rs:483)
322.809895 [INFO ] NMEA $GNGLL,0000.0000,N,00000.0000,E,131537.000,A,A*47 (pico_gnss pico-gnss-rs/src/main.rs:483)
322.868276 [INFO ] NMEA $GNGSA,A,3,24,28,12,29,32,23,,,,,,,1.42,1.07,0.94*14 (pico_gnss pico-gnss-rs/src/main.rs:483)
322.870254 [INFO ] TIME unix_ns=1780924537425944691 ppb=2321 holdover_ms=1425 locked=1 (pico_gnss pico-gnss-rs/src/main.rs:237)
322.909114 [INFO ] NMEA $GNGSA,A,3,,,,,,,,,,,,,1.42,1.07,0.94*10 (pico_gnss pico-gnss-rs/src/main.rs:483)
322.967746 [INFO ] NMEA $GPGSV,4,1,13,25,81,068,16,32,65,320,19,12,41,047,21,28,39,292,17*7B (pico_gnss pico-gnss-rs/src/main.rs:483)
323.055112 [INFO ] NMEA $GPGSV,4,2,13,10,37,221,,29,21,144,17,23,14,188,17,31,14,275,*72 (pico_gnss pico-gnss-rs/src/main.rs:483)
323.113561 [INFO ] NMEA $GPGSV,4,3,13,24,11,083,17,26,05,226,,193,,,,194,,,*77 (pico_gnss pico-gnss-rs/src/main.rs:483)
323.142751 [INFO ] NMEA $GPGSV,4,4,13,195,,,*46 (pico_gnss pico-gnss-rs/src/main.rs:483)
323.205412 [INFO ] NMEA $GLGSV,2,1,08,72,71,155,,75,66,277,,65,52,326,,74,44,027,*69 (pico_gnss pico-gnss-rs/src/main.rs:483)
323.263976 [INFO ] NMEA $GLGSV,2,2,08,71,17,151,18,76,17,235,,66,04,330,,73,01,045,*62 (pico_gnss pico-gnss-rs/src/main.rs:483)
323.351406 [INFO ] NMEA $GNRMC,131537.000,A,0000.0000,N,00000.0000,E,1.74,64.06,080626,,,A*4C (pico_gnss pico-gnss-rs/src/main.rs:483)
323.353952 [INFO ] SYNC pps_local_us=316000734 unix_s=1780924537 drift_us=2 err_ns=0 holdover_ms=999 (pico_gnss pico-gnss-rs/src/main.rs:514)
323.381068 [INFO ] NMEA $GPVTG,64.06,T,,M,1.74,N,3.23,K,A*09 (pico_gnss pico-gnss-rs/src/main.rs:483)
323.414132 [INFO ] NMEA $GPZDA,131537.000,08,06,2026,,*5C (pico_gnss pico-gnss-rs/src/main.rs:483)
323.442698 [INFO ] PPSGEN count=318 interval_ns=1000002352 dev_ns=2352 phase_ns=-1828316 hwphase_ns=-208 trim_ppb=14 cfg=2 p_ns=0 d_ns=8 (pico_gnss pico-gnss-rs/src/main.rs:330)
323.444249 [INFO ] PPS count=318 interval_us=1000002 interval_ns=1000002320 state=Locked missed=0 (pico_gnss pico-gnss-rs/src/main.rs:203)
323.452770 [INFO ] NMEA $GPGST,131537.000,9.6,20,13,119.6,15,18,55*46 (pico_gnss pico-gnss-rs/src/main.rs:483)
323.843377 [INFO ] NMEA $GPGGA,131538.000,0000.0000,N,00000.0000,E,1,6,1.07,70.9,M,39.0,M,,*65 (pico_gnss pico-gnss-rs/src/main.rs:483)
323.871546 [INFO ] TIME unix_ns=1780924538427233688 ppb=2321 holdover_ms=1427 locked=1 (pico_gnss pico-gnss-rs/src/main.rs:237)
323.901854 [INFO ] NMEA $GNGLL,0000.0000,N,00000.0000,E,131538.000,A,A*4A (pico_gnss pico-gnss-rs/src/main.rs:483)
323.960188 [INFO ] NMEA $GNGSA,A,3,24,28,12,29,32,23,,,,,,,1.42,1.07,0.94*14 (pico_gnss pico-gnss-rs/src/main.rs:483)
323.987621 [INFO ] NMEA $GNGSA,A,3,,,,,,,,,,,,,1.42,1.07,0.94*10 (pico_gnss pico-gnss-rs/src/main.rs:483)
324.075023 [INFO ] NMEA $GPGSV,4,1,13,25,81,068,16,32,65,320,19,12,41,047,21,28,39,292,17*7B (pico_gnss pico-gnss-rs/src/main.rs:483)
324.133618 [INFO ] NMEA $GPGSV,4,2,13,10,37,221,,29,21,144,17,23,14,188,17,31,14,275,*72 (pico_gnss pico-gnss-rs/src/main.rs:483)
324.192091 [INFO ] NMEA $GPGSV,4,3,13,24,11,083,17,26,05,226,,193,,,,194,,,*77 (pico_gnss pico-gnss-rs/src/main.rs:483)
324.221299 [INFO ] NMEA $GPGSV,4,4,13,195,,,*46 (pico_gnss pico-gnss-rs/src/main.rs:483)
324.283917 [INFO ] NMEA $GLGSV,2,1,08,72,71,155,,75,66,277,,65,52,326,,74,44,027,*69 (pico_gnss pico-gnss-rs/src/main.rs:483)
324.342474 [INFO ] NMEA $GLGSV,2,2,08,71,17,151,18,76,17,235,,66,04,330,,73,01,045,*62 (pico_gnss pico-gnss-rs/src/main.rs:483)
324.429762 [INFO ] NMEA $GNRMC,131538.000,A,0000.0000,N,00000.0000,E,2.97,82.16,080626,,,A*46 (pico_gnss pico-gnss-rs/src/main.rs:483)
324.432328 [INFO ] SYNC pps_local_us=317000737 unix_s=1780924538 drift_us=2 err_ns=0 holdover_ms=1000 (pico_gnss pico-gnss-rs/src/main.rs:514)
324.442718 [INFO ] PPSGEN count=319 interval_ns=1000002336 dev_ns=2336 phase_ns=-1766316 hwphase_ns=-192 trim_ppb=15 cfg=2 p_ns=0 d_ns=4 (pico_gnss pico-gnss-rs/src/main.rs:330)
324.444257 [INFO ] PPS count=319 interval_us=1000002 interval_ns=1000002304 state=Locked missed=0 (pico_gnss pico-gnss-rs/src/main.rs:203)
324.459586 [INFO ] NMEA $GPVTG,82.16,T,,M,2.97,N,5.51,K,A*0D (pico_gnss pico-gnss-rs/src/main.rs:483)
324.517048 [INFO ] NMEA $GPZDA,131538.000,08,06,2026,,*53 (pico_gnss pico-gnss-rs/src/main.rs:483)
324.544614 [INFO ] NMEA $GPGST,131538.000,9.6,20,13,121.6,15,18,54*43 (pico_gnss pico-gnss-rs/src/main.rs:483)
324.873200 [INFO ] TIME unix_ns=1780924539428838685 ppb=2320 holdover_ms=1428 locked=1 (pico_gnss pico-gnss-rs/src/main.rs:237)
324.882676 [INFO ] NMEA $GPGGA,131539.000,0000.0000,N,00000.0000,E,1,6,1.06,70.9,M,39.0,M,,*61 (pico_gnss pico-gnss-rs/src/main.rs:483)
324.940703 [INFO ] NMEA $GNGLL,0000.0000,N,00000.0000,E,131539.000,A,A*4F (pico_gnss pico-gnss-rs/src/main.rs:483)
324.999143 [INFO ] NMEA $GNGSA,A,3,24,28,12,29,32,23,,,,,,,1.42,1.06,0.94*15 (pico_gnss pico-gnss-rs/src/main.rs:483)
325.041902 [INFO ] NMEA $GNGSA,A,3,,,,,,,,,,,,,1.42,1.06,0.94*11 (pico_gnss pico-gnss-rs/src/main.rs:483)
325.100576 [INFO ] NMEA $GPGSV,4,1,13,25,81,068,16,32,65,320,18,12,41,047,21,28,39,292,17*7A (pico_gnss pico-gnss-rs/src/main.rs:483)
325.187956 [INFO ] NMEA $GPGSV,4,2,13,10,37,221,,29,21,144,17,23,14,188,17,31,14,275,*72 (pico_gnss pico-gnss-rs/src/main.rs:483)
325.246456 [INFO ] NMEA $GPGSV,4,3,13,24,11,083,17,26,05,226,,193,,,,194,,,*77 (pico_gnss pico-gnss-rs/src/main.rs:483)
325.275652 [INFO ] NMEA $GPGSV,4,4,13,195,,,*46 (pico_gnss pico-gnss-rs/src/main.rs:483)
325.338241 [INFO ] NMEA $GLGSV,2,1,08,72,71,155,,75,66,277,,65,52,326,,74,44,027,*69 (pico_gnss pico-gnss-rs/src/main.rs:483)
325.396745 [INFO ] NMEA $GLGSV,2,2,08,71,17,151,17,76,17,235,,66,04,330,,73,01,045,*6D (pico_gnss pico-gnss-rs/src/main.rs:483)
325.442698 [INFO ] PPSGEN count=320 interval_ns=1000002352 dev_ns=2352 phase_ns=-1852635 hwphase_ns=-144 trim_ppb=16 cfg=2 p_ns=0 d_ns=12 (pico_gnss pico-gnss-rs/src/main.rs:330)
325.444247 [INFO ] PPS count=320 interval_us=1000002 interval_ns=1000002304 state=Locked missed=0 (pico_gnss pico-gnss-rs/src/main.rs:203)
325.455757 [INFO ] NMEA $GNRMC,131539.000,A,0000.0000,N,00000.0000,E,1.82,99.59,080626,,,A*45 (pico_gnss pico-gnss-rs/src/main.rs:483)
325.458360 [INFO ] SYNC pps_local_us=319000741 unix_s=1780924539 drift_us=2 err_ns=-31 holdover_ms=1999 (pico_gnss pico-gnss-rs/src/main.rs:514)
325.513442 [INFO ] NMEA $GPVTG,99.59,T,,M,1.82,N,3.38,K,A*02 (pico_gnss pico-gnss-rs/src/main.rs:483)
325.542713 [INFO ] NMEA $GPZDA,131539.000,08,06,2026,,*52 (pico_gnss pico-gnss-rs/src/main.rs:483)
325.583170 [INFO ] NMEA $GPGST,131539.000,9.6,18,12,118.0,13,17,44*4C (pico_gnss pico-gnss-rs/src/main.rs:483)
325.826299 [INFO ] NMEA $GPGGA,131540.000,0000.0000,N,00000.0000,E,1,6,1.07,70.9,M,39.0,M,,*6E (pico_gnss pico-gnss-rs/src/main.rs:483)
325.874501 [INFO ] TIME unix_ns=1780924539430165003 ppb=2320 holdover_ms=430 locked=1 (pico_gnss pico-gnss-rs/src/main.rs:237)
325.884967 [INFO ] NMEA $GNGLL,0000.0000,N,00000.0000,E,131540.000,A,A*41 (pico_gnss pico-gnss-rs/src/main.rs:483)
325.943130 [INFO ] NMEA $GNGSA,A,3,24,28,12,29,32,23,,,,,,,1.42,1.07,0.94*14 (pico_gnss pico-gnss-rs/src/main.rs:483)
325.972646 [INFO ] NMEA $GNGSA,A,3,,,,,,,,,,,,,1.42,1.07,0.94*10 (pico_gnss pico-gnss-rs/src/main.rs:483)
326.060073 [INFO ] NMEA $GPGSV,4,1,13,25,81,068,16,32,65,320,18,12,41,047,21,28,39,292,16*7B (pico_gnss pico-gnss-rs/src/main.rs:483)
326.118657 [INFO ] NMEA $GPGSV,4,2,13,10,37,221,,29,21,144,18,23,14,188,17,31,14,275,*7D (pico_gnss pico-gnss-rs/src/main.rs:483)
326.177133 [INFO ] NMEA $GPGSV,4,3,13,24,11,083,17,26,05,226,,193,,,,194,,,*77 (pico_gnss pico-gnss-rs/src/main.rs:483)
326.206356 [INFO ] NMEA $GPGSV,4,4,13,195,,,*46 (pico_gnss pico-gnss-rs/src/main.rs:483)
326.268928 [INFO ] NMEA $GLGSV,2,1,08,72,71,155,,75,66,277,,65,52,326,,74,44,027,*69 (pico_gnss pico-gnss-rs/src/main.rs:483)
326.327547 [INFO ] NMEA $GLGSV,2,2,08,76,17,235,,71,16,151,17,66,04,330,,73,01,045,*6C (pico_gnss pico-gnss-rs/src/main.rs:483)
326.414854 [INFO ] NMEA $GNRMC,131540.000,A,0000.0000,N,00000.0000,E,1.85,161.11,080626,,,A*76 (pico_gnss pico-gnss-rs/src/main.rs:483)
326.442774 [INFO ] PPSGEN count=321 interval_ns=1000002352 dev_ns=2352 phase_ns=-1804315 hwphase_ns=-96 trim_ppb=16 cfg=2 p_ns=0 d_ns=12 (pico_gnss pico-gnss-rs/src/main.rs:330)
326.444349 [INFO ] PPS count=321 interval_us=1000002 interval_ns=1000002320 state=Locked missed=0 (pico_gnss pico-gnss-rs/src/main.rs:203)
326.446391 [INFO ] NMEA $GPVTG,161.11,T,,M,1.85,N,3.43,K,A*33 (pico_gnss pico-gnss-rs/src/main.rs:483)
326.503258 [INFO ] NMEA $GPZDA,131540.000,08,06,2026,,*5C (pico_gnss pico-gnss-rs/src/main.rs:483)
326.530068 [INFO ] NMEA $GPGST,131540.000,9.6,18,12,119.0,13,17,45*42 (pico_gnss pico-gnss-rs/src/main.rs:483)
326.812064 [INFO ] NMEA $GPGGA,131541.000,0000.0000,N,00000.0000,E,1,6,1.07,70.9,M,39.0,M,,*6A (pico_gnss pico-gnss-rs/src/main.rs:483)
326.870443 [INFO ] NMEA $GNGLL,0000.0000,N,00000.0000,E,131541.000,A,A*45 (pico_gnss pico-gnss-rs/src/main.rs:483)
326.875780 [INFO ] TIME unix_ns=1780924540431449680 ppb=2320 holdover_ms=1431 locked=1 (pico_gnss pico-gnss-rs/src/main.rs:237)
326.928966 [INFO ] NMEA $GNGSA,A,3,24,28,12,29,32,23,,,,,,,1.42,1.07,0.94*14 (pico_gnss pico-gnss-rs/src/main.rs:483)
326.958398 [INFO ] NMEA $GNGSA,A,3,,,,,,,,,,,,,1.42,1.07,0.94*10 (pico_gnss pico-gnss-rs/src/main.rs:483)
327.030334 [INFO ] NMEA $GPGSV,4,1,13,25,81,068,16,32,65,320,18,12,41,047,21,28,39,292,16*7B (pico_gnss pico-gnss-rs/src/main.rs:483)
327.117732 [INFO ] NMEA $GPGSV,4,2,13,10,37,221,,29,21,144,18,23,14,188,16,31,14,275,*7C (pico_gnss pico-gnss-rs/src/main.rs:483)
327.176220 [INFO ] NMEA $GPGSV,4,3,13,24,11,083,17,26,05,226,,193,,,,194,,,*77 (pico_gnss pico-gnss-rs/src/main.rs:483)
327.205415 [INFO ] NMEA $GPGSV,4,4,13,195,,,*46 (pico_gnss pico-gnss-rs/src/main.rs:483)
327.268034 [INFO ] NMEA $GLGSV,2,1,08,72,70,156,,75,66,277,,65,52,326,,74,44,027,21*68 (pico_gnss pico-gnss-rs/src/main.rs:483)
327.326661 [INFO ] NMEA $GLGSV,2,2,08,76,17,235,,71,16,151,17,66,04,330,,73,01,045,*6C (pico_gnss pico-gnss-rs/src/main.rs:483)
327.413961 [INFO ] NMEA $GNRMC,131541.000,A,0000.0000,N,00000.0000,E,0.93,133.15,080626,,,A*77 (pico_gnss pico-gnss-rs/src/main.rs:483)
327.416538 [INFO ] SYNC pps_local_us=320000744 unix_s=1780924541 drift_us=2 err_ns=1 holdover_ms=1000 (pico_gnss pico-gnss-rs/src/main.rs:514)
327.442723 [INFO ] PPSGEN count=322 interval_ns=1000002352 dev_ns=2352 phase_ns=-1863315 hwphase_ns=-64 trim_ppb=16 cfg=2 p_ns=0 d_ns=8 (pico_gnss pico-gnss-rs/src/main.rs:330)
327.444293 [INFO ] PPS count=322 interval_us=1000002 interval_ns=1000002304 state=Locked missed=0 (pico_gnss pico-gnss-rs/src/main.rs:203)
327.446180 [INFO ] NMEA $GPVTG,133.15,T,,M,0.93,N,1.72,K,A*36 (pico_gnss pico-gnss-rs/src/main.rs:483)
327.474849 [INFO ] NMEA $GPZDA,131541.000,08,06,2026,,*5D (pico_gnss pico-gnss-rs/src/main.rs:483)
327.517604 [INFO ] NMEA $GPGST,131541.000,9.6,18,12,120.5,14,17,47*49 (pico_gnss pico-gnss-rs/src/main.rs:483)
327.789315 [INFO ] NMEA $GPGGA,131542.000,0000.0000,N,00000.0000,E,1,6,1.06,70.9,M,39.0,M,,*66 (pico_gnss pico-gnss-rs/src/main.rs:483)
327.847697 [INFO ] NMEA $GNGLL,0000.0000,N,00000.0000,E,131542.000,A,A*48 (pico_gnss pico-gnss-rs/src/main.rs:483)
327.877256 [INFO ] TIME unix_ns=1780924542432804678 ppb=2319 holdover_ms=1432 locked=1 (pico_gnss pico-gnss-rs/src/main.rs:237)
327.906319 [INFO ] NMEA $GNGSA,A,3,24,28,12,29,32,23,,,,,,,1.42,1.06,0.94*15 (pico_gnss pico-gnss-rs/src/main.rs:483)
327.935672 [INFO ] NMEA $GNGSA,A,3,,,,,,,,,,,,,1.42,1.06,0.94*11 (pico_gnss pico-gnss-rs/src/main.rs:483)
328.018884 [INFO ] NMEA $GPGSV,4,1,13,25,81,068,16,32,65,320,18,12,41,047,21,28,39,292,16*7B (pico_gnss pico-gnss-rs/src/main.rs:483)
328.077515 [INFO ] NMEA $GPGSV,4,2,13,10,37,221,,29,21,144,18,23,14,188,16,31,14,275,*7C (pico_gnss pico-gnss-rs/src/main.rs:483)
328.135999 [INFO ] NMEA $GPGSV,4,3,13,24,11,083,17,26,05,226,,193,,,,194,,,*77 (pico_gnss pico-gnss-rs/src/main.rs:483)
328.165237 [INFO ] NMEA $GPGSV,4,4,13,195,,,*46 (pico_gnss pico-gnss-rs/src/main.rs:483)
328.223745 [INFO ] NMEA $GLGSV,2,1,08,72,70,156,,75,66,277,,65,52,326,,74,44,027,*6B (pico_gnss pico-gnss-rs/src/main.rs:483)
328.315158 [INFO ] NMEA $GLGSV,2,2,08,76,17,235,,71,16,151,17,66,04,330,,73,01,045,*6C (pico_gnss pico-gnss-rs/src/main.rs:483)
328.373818 [INFO ] NMEA $GNRMC,131542.000,A,0000.0000,N,00000.0000,E,0.89,114.82,080626,,,A*7A (pico_gnss pico-gnss-rs/src/main.rs:483)
328.376392 [INFO ] SYNC pps_local_us=321000746 unix_s=1780924542 drift_us=2 err_ns=-15 holdover_ms=999 (pico_gnss pico-gnss-rs/src/main.rs:514)
328.403498 [INFO ] NMEA $GPVTG,114.82,T,,M,0.89,N,1.66,K,A*33 (pico_gnss pico-gnss-rs/src/main.rs:483)
328.442720 [INFO ] PPSGEN count=323 interval_ns=1000002352 dev_ns=2352 phase_ns=-1858314 hwphase_ns=-16 trim_ppb=16 cfg=2 p_ns=0 d_ns=12 (pico_gnss pico-gnss-rs/src/main.rs:330)
328.444286 [INFO ] PPS count=323 interval_us=1000002 interval_ns=1000002320 state=Locked missed=0 (pico_gnss pico-gnss-rs/src/main.rs:203)
328.461604 [INFO ] NMEA $GPZDA,131542.000,08,06,2026,,*5E (pico_gnss pico-gnss-rs/src/main.rs:483)
328.493107 [INFO ] NMEA $GPGST,131542.000,9.6,19,12,121.8,14,17,49*49 (pico_gnss pico-gnss-rs/src/main.rs:483)
328.776454 [INFO ] NMEA $GPGGA,131543.000,0000.0000,N,00000.0000,E,1,6,1.07,71.1,M,39.0,M,,*69 (pico_gnss pico-gnss-rs/src/main.rs:483)
328.834882 [INFO ] NMEA $GNGLL,0000.0000,N,00000.0000,E,131543.000,A,A*4F (pico_gnss pico-gnss-rs/src/main.rs:483)
328.878564 [INFO ] TIME unix_ns=1780924543434182674 ppb=2319 holdover_ms=1434 locked=1 (pico_gnss pico-gnss-rs/src/main.rs:237)
328.893593 [INFO ] NMEA $GNGSA,A,3,24,28,12,29,32,23,,,,,,,1.42,1.07,0.94*14 (pico_gnss pico-gnss-rs/src/main.rs:483)
328.922894 [INFO ] NMEA $GNGSA,A,3,,,,,,,,,,,,,1.42,1.07,0.94*10 (pico_gnss pico-gnss-rs/src/main.rs:483)
328.985527 [INFO ] NMEA $GPGSV,4,1,13,25,81,068,16,32,65,320,18,12,41,047,22,28,39,292,16*78 (pico_gnss pico-gnss-rs/src/main.rs:483)
329.072903 [INFO ] NMEA $GPGSV,4,2,13,10,37,221,,29,21,144,18,23,14,188,16,31,14,275,*7C (pico_gnss pico-gnss-rs/src/main.rs:483)
329.131371 [INFO ] NMEA $GPGSV,4,3,13,24,11,083,17,26,05,226,,193,,,,194,,,*77 (pico_gnss pico-gnss-rs/src/main.rs:483)
329.160628 [INFO ] NMEA $GPGSV,4,4,13,195,,,*46 (pico_gnss pico-gnss-rs/src/main.rs:483)
329.219117 [INFO ] NMEA $GLGSV,2,1,08,72,70,156,,75,66,277,,65,52,326,,74,43,027,*6C (pico_gnss pico-gnss-rs/src/main.rs:483)
329.281763 [INFO ] NMEA $GLGSV,2,2,08,76,17,235,,71,16,151,16,66,04,330,,73,01,045,*6D (pico_gnss pico-gnss-rs/src/main.rs:483)
329.369176 [INFO ] NMEA $GNRMC,131543.000,A,0000.0000,N,00000.0000,E,1.32,97.79,080626,,,A*42 (pico_gnss pico-gnss-rs/src/main.rs:483)
329.371755 [INFO ] SYNC pps_local_us=322000748 unix_s=1780924543 drift_us=2 err_ns=1 holdover_ms=1000 (pico_gnss pico-gnss-rs/src/main.rs:514)
329.398840 [INFO ] NMEA $GPVTG,97.79,T,,M,1.32,N,2.44,K,A*0F (pico_gnss pico-gnss-rs/src/main.rs:483)
329.427907 [INFO ] NMEA $GPZDA,131543.000,08,06,2026,,*5F (pico_gnss pico-gnss-rs/src/main.rs:483)
329.442709 [INFO ] PPSGEN count=324 interval_ns=1000002352 dev_ns=2352 phase_ns=-1849314 hwphase_ns=16 trim_ppb=16 cfg=2 p_ns=0 d_ns=8 (pico_gnss pico-gnss-rs/src/main.rs:330)
329.444194 [INFO ] PPS count=324 interval_us=1000002 interval_ns=1000002320 state=Locked missed=0 (pico_gnss pico-gnss-rs/src/main.rs:203)
329.472699 [INFO ] NMEA $GPGST,131543.000,9.6,19,12,123.5,14,17,52*4D (pico_gnss pico-gnss-rs/src/main.rs:483)
329.743896 [INFO ] NMEA $GPGGA,131544.000,0000.0000,N,00000.0000,E,1,6,1.06,71.2,M,39.0,M,,*60 (pico_gnss pico-gnss-rs/src/main.rs:483)
329.802293 [INFO ] NMEA $GNGLL,0000.0000,N,00000.0000,E,131544.000,A,A*44 (pico_gnss pico-gnss-rs/src/main.rs:483)
329.860705 [INFO ] NMEA $GNGSA,A,3,24,28,12,29,32,23,,,,,,,1.42,1.06,0.94*15 (pico_gnss pico-gnss-rs/src/main.rs:483)
329.879843 [INFO ] TIME unix_ns=1780924544435482671 ppb=2319 holdover_ms=1435 locked=1 (pico_gnss pico-gnss-rs/src/main.rs:237)
329.919023 [INFO ] NMEA $GNGSA,A,3,,,,,,,,,,,,,1.42,1.06,0.94*11 (pico_gnss pico-gnss-rs/src/main.rs:483)
329.981709 [INFO ] NMEA $GPGSV,4,1,13,25,81,068,15,32,65,320,18,12,41,047,22,28,39,292,16*7B (pico_gnss pico-gnss-rs/src/main.rs:483)
330.040345 [INFO ] NMEA $GPGSV,4,2,13,10,37,221,,29,21,144,18,23,14,188,16,31,14,275,*7C (pico_gnss pico-gnss-rs/src/main.rs:483)
330.098789 [INFO ] NMEA $GPGSV,4,3,13,24,11,083,17,26,05,226,,193,,,,194,,,*77 (pico_gnss pico-gnss-rs/src/main.rs:483)
330.128046 [INFO ] NMEA $GPGSV,4,4,13,195,,,*46 (pico_gnss pico-gnss-rs/src/main.rs:483)
330.186537 [INFO ] NMEA $GLGSV,2,1,08,72,70,156,,75,67,280,,65,52,326,,74,43,027,*65 (pico_gnss pico-gnss-rs/src/main.rs:483)
330.278066 [INFO ] NMEA $GLGSV,2,2,08,76,17,235,,71,16,151,15,66,04,330,,73,01,045,*6E (pico_gnss pico-gnss-rs/src/main.rs:483)
330.336804 [INFO ] NMEA $GNRMC,131544.000,A,0000.0000,N,00000.0000,E,1.16,165.07,080626,,,A*7A (pico_gnss pico-gnss-rs/src/main.rs:483)
330.339372 [INFO ] SYNC pps_local_us=323000750 unix_s=1780924544 drift_us=2 err_ns=1 holdover_ms=999 (pico_gnss pico-gnss-rs/src/main.rs:514)
330.366491 [INFO ] NMEA $GPVTG,165.07,T,,M,1.16,N,2.15,K,A*38 (pico_gnss pico-gnss-rs/src/main.rs:483)
330.424162 [INFO ] NMEA $GPZDA,131544.000,08,06,2026,,*58 (pico_gnss pico-gnss-rs/src/main.rs:483)
330.442723 [INFO ] PPSGEN count=325 interval_ns=1000002352 dev_ns=2352 phase_ns=-1760315 hwphase_ns=48 trim_ppb=16 cfg=2 p_ns=0 d_ns=8 (pico_gnss pico-gnss-rs/src/main.rs:330)
330.444213 [INFO ] PPS count=325 interval_us=1000002 interval_ns=1000002304 state=Locked missed=0 (pico_gnss pico-gnss-rs/src/main.rs:203)
330.456348 [INFO ] NMEA $GPGST,131544.000,9.7,19,12,125.8,15,17,53*40 (pico_gnss pico-gnss-rs/src/main.rs:483)
330.741334 [INFO ] NMEA $GPGGA,131545.000,0000.0000,N,00000.0000,E,1,6,1.06,71.2,M,39.0,M,,*61 (pico_gnss pico-gnss-rs/src/main.rs:483)
330.799736 [INFO ] NMEA $GNGLL,0000.0000,N,00000.0000,E,131545.000,A,A*45 (pico_gnss pico-gnss-rs/src/main.rs:483)
330.858153 [INFO ] NMEA $GNGSA,A,3,24,28,12,29,32,23,,,,,,,1.42,1.06,0.94*15 (pico_gnss pico-gnss-rs/src/main.rs:483)
330.881108 [INFO ] TIME unix_ns=1780924545436838669 ppb=2319 holdover_ms=1436 locked=1 (pico_gnss pico-gnss-rs/src/main.rs:237)
330.887946 [INFO ] NMEA $GNGSA,A,3,,,,,,,,,,,,,1.42,1.06,0.94*11 (pico_gnss pico-gnss-rs/src/main.rs:483)
330.975044 [INFO ] NMEA $GPGSV,4,1,13,25,81,068,14,32,65,320,18,12,41,047,22,28,39,292,17*7B (pico_gnss pico-gnss-rs/src/main.rs:483)
331.037836 [INFO ] NMEA $GPGSV,4,2,13,10,37,221,,29,21,144,18,23,14,188,16,31,14,275,*7C (pico_gnss pico-gnss-rs/src/main.rs:483)
331.096265 [INFO ] NMEA $GPGSV,4,3,13,24,11,083,17,26,05,226,,193,,,,194,,,*77 (pico_gnss pico-gnss-rs/src/main.rs:483)
331.125526 [INFO ] NMEA $GPGSV,4,4,13,195,,,*46 (pico_gnss pico-gnss-rs/src/main.rs:483)
331.184029 [INFO ] NMEA $GLGSV,2,1,08,72,70,156,,75,67,280,,65,52,326,,74,43,027,*65 (pico_gnss pico-gnss-rs/src/main.rs:483)
331.246663 [INFO ] NMEA $GLGSV,2,2,08,76,18,236,,71,16,151,15,66,04,330,,73,01,045,*62 (pico_gnss pico-gnss-rs/src/main.rs:483)
331.334446 [INFO ] NMEA $GNRMC,131545.000,A,0000.0000,N,00000.0000,E,0.15,165.07,080626,,,A*79 (pico_gnss pico-gnss-rs/src/main.rs:483)
331.337016 [INFO ] SYNC pps_local_us=324000753 unix_s=1780924545 drift_us=2 err_ns=-14 holdover_ms=1000 (pico_gnss pico-gnss-rs/src/main.rs:514)
331.364147 [INFO ] NMEA $GPVTG,165.07,T,,M,0.15,N,0.28,K,A*36 (pico_gnss pico-gnss-rs/src/main.rs:483)
331.393201 [INFO ] NMEA $GPZDA,131545.000,08,06,2026,,*59 (pico_gnss pico-gnss-rs/src/main.rs:483)
331.439972 [INFO ] NMEA $GPGST,131545.000,9.8,19,12,125.1,15,17,53*47 (pico_gnss pico-gnss-rs/src/main.rs:483)
331.442722 [INFO ] PPSGEN count=326 interval_ns=1000002336 dev_ns=2336 phase_ns=-1765314 hwphase_ns=80 trim_ppb=16 cfg=2 p_ns=0 d_ns=8 (pico_gnss pico-gnss-rs/src/main.rs:330)
331.444206 [INFO ] PPS count=326 interval_us=1000002 interval_ns=1000002320 state=Locked missed=0 (pico_gnss pico-gnss-rs/src/main.rs:203)
331.816994 [INFO ] NMEA $GPGGA,131546.000,0000.0000,N,00000.0000,E,1,6,1.07,71.2,M,39.0,M,,*6E (pico_gnss pico-gnss-rs/src/main.rs:483)
331.875335 [INFO ] NMEA $GNGLL,0000.0000,N,00000.0000,E,131546.000,A,A*4B (pico_gnss pico-gnss-rs/src/main.rs:483)
331.882402 [INFO ] TIME unix_ns=1780924546438119666 ppb=2319 holdover_ms=1438 locked=1 (pico_gnss pico-gnss-rs/src/main.rs:237)
331.933822 [INFO ] NMEA $GNGSA,A,3,24,28,12,29,32,23,,,,,,,1.42,1.07,0.94*14 (pico_gnss pico-gnss-rs/src/main.rs:483)
331.992017 [INFO ] NMEA $GNGSA,A,3,,,,,,,,,,,,,1.42,1.07,0.94*10 (pico_gnss pico-gnss-rs/src/main.rs:483)
332.050671 [INFO ] NMEA $GPGSV,4,1,13,25,81,068,13,32,65,320,18,12,41,047,23,28,39,292,17*7D (pico_gnss pico-gnss-rs/src/main.rs:483)
332.113364 [INFO ] NMEA $GPGSV,4,2,13,10,37,221,,29,21,144,18,23,14,188,16,31,14,275,*7C (pico_gnss pico-gnss-rs/src/main.rs:483)
332.171824 [INFO ] NMEA $GPGSV,4,3,13,24,11,083,17,26,05,226,,193,,,,194,,,*77 (pico_gnss pico-gnss-rs/src/main.rs:483)
332.201066 [INFO ] NMEA $GPGSV,4,4,13,195,,,*46 (pico_gnss pico-gnss-rs/src/main.rs:483)
332.259586 [INFO ] NMEA $GLGSV,2,1,08,72,70,156,,75,67,280,,65,52,326,,74,43,027,*65 (pico_gnss pico-gnss-rs/src/main.rs:483)
332.350981 [INFO ] NMEA $GLGSV,2,2,08,76,18,236,,71,16,151,15,66,04,330,,73,01,045,*62 (pico_gnss pico-gnss-rs/src/main.rs:483)
332.409607 [INFO ] NMEA $GNRMC,131546.000,A,0000.0000,N,00000.0000,E,0.56,165.07,080626,,,A*70 (pico_gnss pico-gnss-rs/src/main.rs:483)
332.412169 [INFO ] SYNC pps_local_us=325000755 unix_s=1780924546 drift_us=2 err_ns=2 holdover_ms=1000 (pico_gnss pico-gnss-rs/src/main.rs:514)
332.442735 [INFO ] PPSGEN count=327 interval_ns=1000002352 dev_ns=2352 phase_ns=-1771314 hwphase_ns=112 trim_ppb=16 cfg=2 p_ns=0 d_ns=8 (pico_gnss pico-gnss-rs/src/main.rs:330)
332.444228 [INFO ] PPS count=327 interval_us=1000002 interval_ns=1000002304 state=Locked missed=0 (pico_gnss pico-gnss-rs/src/main.rs:203)
332.468088 [INFO ] NMEA $GPVTG,165.07,T,,M,0.56,N,1.04,K,A*3E (pico_gnss pico-gnss-rs/src/main.rs:483)
332.497108 [INFO ] NMEA $GPZDA,131546.000,08,06,2026,,*5A (pico_gnss pico-gnss-rs/src/main.rs:483)
332.526476 [INFO ] NMEA $GPGST,131546.000,9.9,19,12,126.4,15,17,51*41 (pico_gnss pico-gnss-rs/src/main.rs:483)
332.814325 [INFO ] NMEA $GPGGA,131547.000,0000.0000,N,00000.0000,E,1,6,1.07,71.3,M,39.0,M,,*6F (pico_gnss pico-gnss-rs/src/main.rs:483)
332.872684 [INFO ] NMEA $GNGLL,0000.0000,N,00000.0000,E,131547.000,A,A*4B (pico_gnss pico-gnss-rs/src/main.rs:483)
332.883697 [INFO ] TIME unix_ns=1780924547439404664 ppb=2318 holdover_ms=1439 locked=1 (pico_gnss pico-gnss-rs/src/main.rs:237)
332.931222 [INFO ] NMEA $GNGSA,A,3,24,28,12,29,32,23,,,,,,,1.42,1.07,0.94*14 (pico_gnss pico-gnss-rs/src/main.rs:483)
332.960712 [INFO ] NMEA $GNGSA,A,3,,,,,,,,,,,,,1.42,1.07,0.94*10 (pico_gnss pico-gnss-rs/src/main.rs:483)
333.048042 [INFO ] NMEA $GPGSV,4,1,13,25,81,068,14,32,65,320,18,12,41,047,23,28,39,292,17*7A (pico_gnss pico-gnss-rs/src/main.rs:483)
333.110755 [INFO ] NMEA $GPGSV,4,2,13,10,37,221,,29,21,144,18,23,14,188,16,31,14,275,*7C (pico_gnss pico-gnss-rs/src/main.rs:483)
333.169211 [INFO ] NMEA $GPGSV,4,3,13,24,11,083,17,26,05,226,,193,,,,194,,,*77 (pico_gnss pico-gnss-rs/src/main.rs:483)
333.198472 [INFO ] NMEA $GPGSV,4,4,13,195,,,*46 (pico_gnss pico-gnss-rs/src/main.rs:483)
333.256927 [INFO ] NMEA $GLGSV,2,1,08,72,70,156,,75,67,280,,65,52,326,,74,43,027,*65 (pico_gnss pico-gnss-rs/src/main.rs:483)
333.315529 [INFO ] NMEA $GLGSV,2,2,08,76,18,236,,71,16,151,14,66,04,330,,73,01,045,*63 (pico_gnss pico-gnss-rs/src/main.rs:483)
333.406964 [INFO ] NMEA $GNRMC,131547.000,A,0000.0000,N,00000.0000,E,1.02,202.63,080626,,,A*70 (pico_gnss pico-gnss-rs/src/main.rs:483)
333.409537 [INFO ] SYNC pps_local_us=326000757 unix_s=1780924547 drift_us=2 err_ns=-14 holdover_ms=1000 (pico_gnss pico-gnss-rs/src/main.rs:514)
333.436666 [INFO ] NMEA $GPVTG,202.63,T,,M,1.02,N,1.88,K,A*3A (pico_gnss pico-gnss-rs/src/main.rs:483)
333.442731 [INFO ] PPSGEN count=328 interval_ns=1000002336 dev_ns=2336 phase_ns=-1778314 hwphase_ns=144 trim_ppb=15 cfg=2 p_ns=0 d_ns=8 (pico_gnss pico-gnss-rs/src/main.rs:330)
333.444216 [INFO ] PPS count=328 interval_us=1000002 interval_ns=1000002320 state=Locked missed=0 (pico_gnss pico-gnss-rs/src/main.rs:203)
333.466067 [INFO ] NMEA $GPZDA,131547.000,08,06,2026,,*5B (pico_gnss pico-gnss-rs/src/main.rs:483)
333.513558 [INFO ] NMEA $GPGST,131547.000,10,19,11,127.0,15,17,52*6A (pico_gnss pico-gnss-rs/src/main.rs:483)
333.789314 [INFO ] NMEA $GPGGA,131548.000,0000.0000,N,00000.0000,E,1,6,1.06,71.4,M,39.0,M,,*68 (pico_gnss pico-gnss-rs/src/main.rs:483)
333.836407 [INFO ] NMEA $GNGLL,0000.0000,N,00000.0000,E,131548.000,A,A*4A (pico_gnss pico-gnss-rs/src/main.rs:483)
333.884990 [INFO ] TIME unix_ns=1780924548440657661 ppb=2318 holdover_ms=1440 locked=1 (pico_gnss pico-gnss-rs/src/main.rs:237)
333.895122 [INFO ] NMEA $GNGSA,A,3,24,28,12,29,32,23,,,,,,,1.42,1.06,0.94*15 (pico_gnss pico-gnss-rs/src/main.rs:483)
333.953080 [INFO ] NMEA $GNGSA,A,3,,,,,,,,,,,,,1.42,1.06,0.94*11 (pico_gnss pico-gnss-rs/src/main.rs:483)
334.011690 [INFO ] NMEA $GPGSV,4,1,13,25,81,068,14,32,65,320,18,12,41,047,23,28,39,292,17*7A (pico_gnss pico-gnss-rs/src/main.rs:483)
334.074423 [INFO ] NMEA $GPGSV,4,2,13,10,37,221,,29,21,144,18,23,14,188,16,31,14,275,*7C (pico_gnss pico-gnss-rs/src/main.rs:483)
334.132932 [INFO ] NMEA $GPGSV,4,3,13,24,11,083,17,26,05,226,,193,,,,194,,,*77 (pico_gnss pico-gnss-rs/src/main.rs:483)
334.162163 [INFO ] NMEA $GPGSV,4,4,13,195,,,*46 (pico_gnss pico-gnss-rs/src/main.rs:483)
334.220682 [INFO ] NMEA $GLGSV,2,1,08,72,70,156,,75,67,280,,65,52,326,,74,43,027,*65 (pico_gnss pico-gnss-rs/src/main.rs:483)
334.307996 [INFO ] NMEA $GLGSV,2,2,08,76,18,236,,71,16,151,,66,04,330,,73,01,045,*66 (pico_gnss pico-gnss-rs/src/main.rs:483)
334.370712 [INFO ] NMEA $GNRMC,131548.000,A,0000.0000,N,00000.0000,E,0.86,196.38,080626,,,A*7C (pico_gnss pico-gnss-rs/src/main.rs:483)
334.373298 [INFO ] SYNC pps_local_us=327000760 unix_s=1780924548 drift_us=2 err_ns=2 holdover_ms=999 (pico_gnss pico-gnss-rs/src/main.rs:514)
334.428837 [INFO ] NMEA $GPVTG,196.38,T,,M,0.86,N,1.60,K,A*31 (pico_gnss pico-gnss-rs/src/main.rs:483)
334.442712 [INFO ] PPSGEN count=329 interval_ns=1000002352 dev_ns=2352 phase_ns=-1758314 hwphase_ns=176 trim_ppb=14 cfg=2 p_ns=0 d_ns=8 (pico_gnss pico-gnss-rs/src/main.rs:330)
334.444185 [INFO ] PPS count=329 interval_us=1000002 interval_ns=1000002320 state=Locked missed=0 (pico_gnss pico-gnss-rs/src/main.rs:203)
334.458508 [INFO ] NMEA $GPZDA,131548.000,08,06,2026,,*54 (pico_gnss pico-gnss-rs/src/main.rs:483)
334.489982 [INFO ] NMEA $GPGST,131548.000,10,19,11,127.8,15,17,54*6B (pico_gnss pico-gnss-rs/src/main.rs:483)
334.773273 [INFO ] NMEA $GPGGA,131549.000,0000.0000,N,00000.0000,E,1,6,1.07,71.5,M,39.0,M,,*62 (pico_gnss pico-gnss-rs/src/main.rs:483)
334.836803 [INFO ] NMEA $GNGLL,0000.0000,N,00000.0000,E,131549.000,A,A*40 (pico_gnss pico-gnss-rs/src/main.rs:483)
334.886292 [INFO ] TIME unix_ns=1780924549441994657 ppb=2318 holdover_ms=1441 locked=1 (pico_gnss pico-gnss-rs/src/main.rs:237)
334.895564 [INFO ] NMEA $GNGSA,A,3,24,28,12,29,32,23,,,,,,,1.42,1.07,0.94*14 (pico_gnss pico-gnss-rs/src/main.rs:483)
334.924813 [INFO ] NMEA $GNGSA,A,3,,,,,,,,,,,,,1.42,1.07,0.94*10 (pico_gnss pico-gnss-rs/src/main.rs:483)
335.012110 [INFO ] NMEA $GPGSV,4,1,13,25,81,068,14,32,65,320,18,12,41,047,23,28,39,292,16*7B (pico_gnss pico-gnss-rs/src/main.rs:483)
335.074839 [INFO ] NMEA $GPGSV,4,2,13,10,37,221,,29,21,144,17,23,14,188,16,31,14,275,*73 (pico_gnss pico-gnss-rs/src/main.rs:483)
335.133285 [INFO ] NMEA $GPGSV,4,3,13,24,11,083,17,26,05,226,,193,,,,194,,,*77 (pico_gnss pico-gnss-rs/src/main.rs:483)
335.162548 [INFO ] NMEA $GPGSV,4,4,13,195,,,*46 (pico_gnss pico-gnss-rs/src/main.rs:483)
335.221054 [INFO ] NMEA $GLGSV,2,1,08,72,70,156,,75,67,280,,65,52,326,,74,43,027,*65 (pico_gnss pico-gnss-rs/src/main.rs:483)
335.279551 [INFO ] NMEA $GLGSV,2,2,08,76,18,236,,71,16,151,,66,04,330,,73,01,045,*66 (pico_gnss pico-gnss-rs/src/main.rs:483)
335.371078 [INFO ] NMEA $GNRMC,131549.000,A,0000.0000,N,00000.0000,E,0.80,183.59,080626,,,A*73 (pico_gnss pico-gnss-rs/src/main.rs:483)
335.373654 [INFO ] SYNC pps_local_us=328000762 unix_s=1780924549 drift_us=2 err_ns=2 holdover_ms=999 (pico_gnss pico-gnss-rs/src/main.rs:514)
335.400760 [INFO ] NMEA $GPVTG,183.59,T,,M,0.80,N,1.48,K,A*3E (pico_gnss pico-gnss-rs/src/main.rs:483)
335.429861 [INFO ] NMEA $GPZDA,131549.000,08,06,2026,,*55 (pico_gnss pico-gnss-rs/src/main.rs:483)
335.442742 [INFO ] PPSGEN count=330 interval_ns=1000002336 dev_ns=2336 phase_ns=-1722314 hwphase_ns=192 trim_ppb=13 cfg=2 p_ns=0 d_ns=4 (pico_gnss pico-gnss-rs/src/main.rs:330)
335.444201 [INFO ] PPS count=330 interval_us=1000002 interval_ns=1000002320 state=Locked missed=0 (pico_gnss pico-gnss-rs/src/main.rs:203)
335.473593 [INFO ] NMEA $GPGST,131549.000,10,20,11,128.7,15,17,56*62 (pico_gnss pico-gnss-rs/src/main.rs:483)
335.773147 [INFO ] NMEA $GPGGA,131550.000,0000.0000,N,00000.0000,E,1,6,1.07,71.5,M,39.0,M,,*63 (pico_gnss pico-gnss-rs/src/main.rs:483)
335.824312 [INFO ] NMEA $GNGLL,0000.0000,N,00000.0000,E,131550.000,A,A*41 (pico_gnss pico-gnss-rs/src/main.rs:483)
335.882776 [INFO ] NMEA $GNGSA,A,3,24,28,12,29,32,23,,,,,,,1.42,1.07,0.94*14 (pico_gnss pico-gnss-rs/src/main.rs:483)
335.887586 [INFO ] TIME unix_ns=1780924550443316654 ppb=2318 holdover_ms=1443 locked=1 (pico_gnss pico-gnss-rs/src/main.rs:237)
335.941057 [INFO ] NMEA $GNGSA,A,3,,,,,,,,,,,,,1.42,1.07,0.94*10 (pico_gnss pico-gnss-rs/src/main.rs:483)
335.999696 [INFO ] NMEA $GPGSV,4,1,13,25,81,068,15,32,65,320,18,12,41,047,22,28,39,292,16*7B (pico_gnss pico-gnss-rs/src/main.rs:483)
336.058314 [INFO ] NMEA $GPGSV,4,2,13,10,37,221,,29,21,144,17,23,14,188,16,31,14,275,*73 (pico_gnss pico-gnss-rs/src/main.rs:483)
336.120869 [INFO ] NMEA $GPGSV,4,3,13,24,11,083,17,26,05,226,,193,,,,194,,,*77 (pico_gnss pico-gnss-rs/src/main.rs:483)
336.150089 [INFO ] NMEA $GPGSV,4,4,13,195,,,*46 (pico_gnss pico-gnss-rs/src/main.rs:483)
336.208597 [INFO ] NMEA $GLGSV,2,1,08,72,70,156,,75,67,280,,65,52,326,,74,43,027,*65 (pico_gnss pico-gnss-rs/src/main.rs:483)
336.295898 [INFO ] NMEA $GLGSV,2,2,08,76,18,236,,71,16,151,,66,04,330,,73,01,045,*66 (pico_gnss pico-gnss-rs/src/main.rs:483)
336.358664 [INFO ] NMEA $GNRMC,131550.000,A,0000.0000,N,00000.0000,E,1.46,173.41,080626,,,A*7F (pico_gnss pico-gnss-rs/src/main.rs:483)
336.361241 [INFO ] SYNC pps_local_us=329000764 unix_s=1780924550 drift_us=2 err_ns=2 holdover_ms=1000 (pico_gnss pico-gnss-rs/src/main.rs:514)
336.388368 [INFO ] NMEA $GPVTG,173.41,T,,M,1.46,N,2.70,K,A*3B (pico_gnss pico-gnss-rs/src/main.rs:483)
336.442726 [INFO ] PPSGEN count=331 interval_ns=1000002352 dev_ns=2352 phase_ns=-1789314 hwphase_ns=224 trim_ppb=12 cfg=2 p_ns=0 d_ns=8 (pico_gnss pico-gnss-rs/src/main.rs:330)
336.444213 [INFO ] PPS count=331 interval_us=1000002 interval_ns=1000002304 state=Locked missed=0 (pico_gnss pico-gnss-rs/src/main.rs:203)
336.446476 [INFO ] NMEA $GPZDA,131550.000,08,06,2026,,*5D (pico_gnss pico-gnss-rs/src/main.rs:483)
336.473745 [INFO ] NMEA $GPGST,131550.000,10,19,12,126.1,15,17,56*6B (pico_gnss pico-gnss-rs/src/main.rs:483)
336.819341 [INFO ] NMEA $GPGGA,131551.000,0000.0000,N,00000.0000,E,1,6,1.07,71.7,M,39.0,M,,*68 (pico_gnss pico-gnss-rs/src/main.rs:483)
336.886926 [INFO ] NMEA $GNGLL,0000.0000,N,00000.0000,E,131551.000,A,A*48 (pico_gnss pico-gnss-rs/src/main.rs:483)
336.889262 [INFO ] TIME unix_ns=1780924551444970651 ppb=2318 holdover_ms=1444 locked=1 (pico_gnss pico-gnss-rs/src/main.rs:237)
336.916962 [INFO ] NMEA $GNGSA,A,3,24,28,12,29,32,23,,,,,,,1.42,1.07,0.94*14 (pico_gnss pico-gnss-rs/src/main.rs:483)
336.974828 [INFO ] NMEA $GNGSA,A,3,,,,,,,,,,,,,1.42,1.07,0.94*10 (pico_gnss pico-gnss-rs/src/main.rs:483)
337.033529 [INFO ] NMEA $GPGSV,4,1,13,25,81,068,16,32,65,320,18,12,41,047,22,28,39,292,16*78 (pico_gnss pico-gnss-rs/src/main.rs:483)
337.120929 [INFO ] NMEA $GPGSV,4,2,13,10,37,221,,29,21,144,17,23,14,188,16,31,14,275,*73 (pico_gnss pico-gnss-rs/src/main.rs:483)
337.183510 [INFO ] NMEA $GPGSV,4,3,13,24,11,083,17,26,05,226,,193,,,,194,,,*77 (pico_gnss pico-gnss-rs/src/main.rs:483)
337.212730 [INFO ] NMEA $GPGSV,4,4,13,195,,,*46 (pico_gnss pico-gnss-rs/src/main.rs:483)
337.271277 [INFO ] NMEA $GLGSV,2,1,08,72,70,156,,75,67,280,,65,52,326,,74,43,027,20*67 (pico_gnss pico-gnss-rs/src/main.rs:483)
337.329803 [INFO ] NMEA $GLGSV,2,2,08,76,18,236,,71,16,151,,66,04,330,,73,01,045,*66 (pico_gnss pico-gnss-rs/src/main.rs:483)
337.417045 [INFO ] NMEA $GNRMC,131551.000,A,0000.0000,N,00000.0000,E,1.37,139.11,080626,,,A*7B (pico_gnss pico-gnss-rs/src/main.rs:483)
337.419621 [INFO ] SYNC pps_local_us=330000767 unix_s=1780924551 drift_us=2 err_ns=-13 holdover_ms=1000 (pico_gnss pico-gnss-rs/src/main.rs:514)
337.442750 [INFO ] PPSGEN count=332 interval_ns=1000002352 dev_ns=2352 phase_ns=-1772313 hwphase_ns=272 trim_ppb=10 cfg=2 p_ns=0 d_ns=12 (pico_gnss pico-gnss-rs/src/main.rs:330)
337.444255 [INFO ] PPS count=332 interval_us=1000002 interval_ns=1000002320 state=Locked missed=0 (pico_gnss pico-gnss-rs/src/main.rs:203)
337.451065 [INFO ] NMEA $GPVTG,139.11,T,,M,1.37,N,2.55,K,A*31 (pico_gnss pico-gnss-rs/src/main.rs:483)
337.480030 [INFO ] NMEA $GPZDA,131551.000,08,06,2026,,*5C (pico_gnss pico-gnss-rs/src/main.rs:483)
337.521555 [INFO ] NMEA $GPGST,131551.000,11,19,11,126.7,15,17,55*6D (pico_gnss pico-gnss-rs/src/main.rs:483)
337.801090 [INFO ] NMEA $GPGGA,131552.000,0000.0000,N,00000.0000,E,1,6,1.07,71.9,M,39.0,M,,*65 (pico_gnss pico-gnss-rs/src/main.rs:483)
337.859434 [INFO ] NMEA $GNGLL,0000.0000,N,00000.0000,E,131552.000,A,A*4B (pico_gnss pico-gnss-rs/src/main.rs:483)
337.890561 [INFO ] TIME unix_ns=1780924552446239648 ppb=2318 holdover_ms=1446 locked=1 (pico_gnss pico-gnss-rs/src/main.rs:237)
337.913030 [INFO ] NMEA $GNGSA,A,3,24,28,12,29,32,23,,,,,,,1.42,1.07,0.94*14 (pico_gnss pico-gnss-rs/src/main.rs:483)
337.942304 [INFO ] NMEA $GNGSA,A,3,,,,,,,,,,,,,1.42,1.07,0.94*10 (pico_gnss pico-gnss-rs/src/main.rs:483)
338.029593 [INFO ] NMEA $GPGSV,4,1,13,25,81,068,16,32,65,320,19,12,41,047,22,28,39,292,16*79 (pico_gnss pico-gnss-rs/src/main.rs:483)
338.088240 [INFO ] NMEA $GPGSV,4,2,13,10,37,221,,29,21,144,17,23,14,188,16,31,14,275,*73 (pico_gnss pico-gnss-rs/src/main.rs:483)
338.150815 [INFO ] NMEA $GPGSV,4,3,13,24,11,083,17,26,05,226,,193,,,,194,,,*77 (pico_gnss pico-gnss-rs/src/main.rs:483)
338.180029 [INFO ] NMEA $GPGSV,4,4,13,195,,,*46 (pico_gnss pico-gnss-rs/src/main.rs:483)
338.238549 [INFO ] NMEA $GLGSV,2,1,08,72,70,156,,75,67,280,,65,52,326,,74,43,027,*65 (pico_gnss pico-gnss-rs/src/main.rs:483)
338.297079 [INFO ] NMEA $GLGSV,2,2,08,76,18,236,,71,16,151,,66,04,330,,73,01,045,*66 (pico_gnss pico-gnss-rs/src/main.rs:483)
338.384443 [INFO ] NMEA $GNRMC,131552.000,A,0000.0000,N,00000.0000,E,1.09,71.95,080626,,,A*44 (pico_gnss pico-gnss-rs/src/main.rs:483)
338.387003 [INFO ] SYNC pps_local_us=331000769 unix_s=1780924552 drift_us=2 err_ns=2 holdover_ms=1000 (pico_gnss pico-gnss-rs/src/main.rs:514)
338.418007 [INFO ] NMEA $GPVTG,71.95,T,,M,1.09,N,2.02,K,A*0F (pico_gnss pico-gnss-rs/src/main.rs:483)
338.442749 [INFO ] PPSGEN count=333 interval_ns=1000002336 dev_ns=2336 phase_ns=-1793313 hwphase_ns=288 trim_ppb=8 cfg=2 p_ns=0 d_ns=4 (pico_gnss pico-gnss-rs/src/main.rs:330)
338.444262 [INFO ] PPS count=333 interval_us=1000002 interval_ns=1000002304 state=Locked missed=0 (pico_gnss pico-gnss-rs/src/main.rs:203)
338.447628 [INFO ] NMEA $GPZDA,131552.000,08,06,2026,,*5F (pico_gnss pico-gnss-rs/src/main.rs:483)
338.499305 [INFO ] NMEA $GPGST,131552.000,11,19,11,127.3,15,17,55*6B (pico_gnss pico-gnss-rs/src/main.rs:483)
338.790356 [INFO ] NMEA $GPGGA,131553.000,0000.0000,N,00000.0000,E,1,6,1.06,72.2,M,39.0,M,,*67 (pico_gnss pico-gnss-rs/src/main.rs:483)
338.848709 [INFO ] NMEA $GNGLL,0000.0000,N,00000.0000,E,131553.000,A,A*40 (pico_gnss pico-gnss-rs/src/main.rs:483)
338.891944 [INFO ] NMEA $GNGSA,A,3,24,28,12,29,32,23,,,,,,,1.42,1.06,0.94*15 (pico_gnss pico-gnss-rs/src/main.rs:483)
338.893741 [INFO ] TIME unix_ns=1780924553449411641 ppb=2318 holdover_ms=1449 locked=1 (pico_gnss pico-gnss-rs/src/main.rs:237)
338.950014 [INFO ] NMEA $GNGSA,A,3,,,,,,,,,,,,,1.42,1.06,0.94*11 (pico_gnss pico-gnss-rs/src/main.rs:483)
339.008644 [INFO ] NMEA $GPGSV,4,1,13,25,81,068,16,32,65,320,19,12,41,047,22,28,39,292,16*79 (pico_gnss pico-gnss-rs/src/main.rs:483)
339.095998 [INFO ] NMEA $GPGSV,4,2,13,10,37,221,,29,21,144,17,23,14,188,16,31,14,275,*73 (pico_gnss pico-gnss-rs/src/main.rs:483)
339.158541 [INFO ] NMEA $GPGSV,4,3,13,24,11,083,17,26,05,226,,193,,,,194,,,*77 (pico_gnss pico-gnss-rs/src/main.rs:483)
339.159914 [INFO ] NMEA $GPGSV,4,4,13,195,,,*46 (pico_gnss pico-gnss-rs/src/main.rs:483)
339.246284 [INFO ] NMEA $GLGSV,2,1,08,72,70,156,,75,67,280,,65,52,326,,74,43,027,*65 (pico_gnss pico-gnss-rs/src/main.rs:483)
339.304882 [INFO ] NMEA $GLGSV,2,2,08,76,18,236,,71,16,151,,66,04,330,,73,01,045,*66 (pico_gnss pico-gnss-rs/src/main.rs:483)
339.363483 [INFO ] NMEA $GNRMC,131553.000,A,0000.0000,N,00000.0000,E,1.05,134.91,080626,,,A*77 (pico_gnss pico-gnss-rs/src/main.rs:483)
339.366039 [INFO ] SYNC pps_local_us=332000771 unix_s=1780924553 drift_us=2 err_ns=-13 holdover_ms=1000 (pico_gnss pico-gnss-rs/src/main.rs:514)
339.425713 [INFO ] NMEA $GPVTG,134.91,T,,M,1.05,N,1.95,K,A*3A (pico_gnss pico-gnss-rs/src/main.rs:483)
339.442735 [INFO ] PPSGEN count=334 interval_ns=1000002352 dev_ns=2352 phase_ns=-1794313 hwphase_ns=336 trim_ppb=6 cfg=2 p_ns=0 d_ns=12 (pico_gnss pico-gnss-rs/src/main.rs:330)
339.444245 [INFO ] PPS count=334 interval_us=1000002 interval_ns=1000002336 state=Locked missed=0 (pico_gnss pico-gnss-rs/src/main.rs:203)
339.455392 [INFO ] NMEA $GPZDA,131553.000,08,06,2026,,*5E (pico_gnss pico-gnss-rs/src/main.rs:483)
339.490350 [INFO ] NMEA $GPGST,131553.000,11,20,11,128.3,15,17,55*6F (pico_gnss pico-gnss-rs/src/main.rs:483)
339.779182 [INFO ] NMEA $GPGGA,131554.000,0000.0000,N,00000.0000,E,1,6,1.07,72.4,M,39.0,M,,*66 (pico_gnss pico-gnss-rs/src/main.rs:483)
339.837557 [INFO ] NMEA $GNGLL,0000.0000,N,00000.0000,E,131554.000,A,A*46 (pico_gnss pico-gnss-rs/src/main.rs:483)
339.895065 [INFO ] TIME unix_ns=1780924554450698638 ppb=2318 holdover_ms=1450 locked=1 (pico_gnss pico-gnss-rs/src/main.rs:237)
339.897161 [INFO ] NMEA $GNGSA,A,3,24,28,12,29,32,23,,,,,,,1.42,1.07,0.94*14 (pico_gnss pico-gnss-rs/src/main.rs:483)
339.926540 [INFO ] NMEA $GNGSA,A,3,,,,,,,,,,,,,1.42,1.07,0.94*10 (pico_gnss pico-gnss-rs/src/main.rs:483)
340.013880 [INFO ] NMEA $GPGSV,4,1,13,25,81,068,16,32,65,320,19,12,41,047,22,28,39,292,16*79 (pico_gnss pico-gnss-rs/src/main.rs:483)
340.072501 [INFO ] NMEA $GPGSV,4,2,13,10,37,221,,29,21,144,17,23,14,188,16,31,14,275,*73 (pico_gnss pico-gnss-rs/src/main.rs:483)
340.130965 [INFO ] NMEA $GPGSV,4,3,13,24,11,083,17,26,05,226,,193,,,,194,,,*77 (pico_gnss pico-gnss-rs/src/main.rs:483)
340.164259 [INFO ] NMEA $GPGSV,4,4,13,195,,,*46 (pico_gnss pico-gnss-rs/src/main.rs:483)
340.222803 [INFO ] NMEA $GLGSV,2,1,08,72,70,156,,75,67,280,,65,52,326,,74,43,027,*65 (pico_gnss pico-gnss-rs/src/main.rs:483)
340.281376 [INFO ] NMEA $GLGSV,2,2,08,76,18,236,,71,16,151,,66,04,330,,73,01,045,*66 (pico_gnss pico-gnss-rs/src/main.rs:483)
340.368750 [INFO ] NMEA $GNRMC,131554.000,A,0000.0000,N,00000.0000,E,1.20,58.11,080626,,,A*45 (pico_gnss pico-gnss-rs/src/main.rs:483)
340.371302 [INFO ] SYNC pps_local_us=333000774 unix_s=1780924554 drift_us=2 err_ns=18 holdover_ms=999 (pico_gnss pico-gnss-rs/src/main.rs:514)
340.398441 [INFO ] NMEA $GPVTG,58.11,T,,M,1.20,N,2.22,K,A*01 (pico_gnss pico-gnss-rs/src/main.rs:483)
340.431501 [INFO ] NMEA $GPZDA,131554.000,08,06,2026,,*59 (pico_gnss pico-gnss-rs/src/main.rs:483)
340.442755 [INFO ] PPSGEN count=335 interval_ns=1000002336 dev_ns=2336 phase_ns=-1770314 hwphase_ns=336 trim_ppb=4 cfg=2 p_ns=0 d_ns=0 (pico_gnss pico-gnss-rs/src/main.rs:330)
340.444204 [INFO ] PPS count=335 interval_us=1000002 interval_ns=1000002304 state=Locked missed=0 (pico_gnss pico-gnss-rs/src/main.rs:203)
340.477443 [INFO ] NMEA $GPGST,131554.000,11,20,11,129.3,15,17,56*6A (pico_gnss pico-gnss-rs/src/main.rs:483)
340.761207 [INFO ] NMEA $GPGGA,131555.000,0000.0000,N,00000.0000,E,1,6,1.07,72.5,M,39.0,M,,*66 (pico_gnss pico-gnss-rs/src/main.rs:483)
340.819557 [INFO ] NMEA $GNGLL,0000.0000,N,00000.0000,E,131555.000,A,A*47 (pico_gnss pico-gnss-rs/src/main.rs:483)
340.877965 [INFO ] NMEA $GNGSA,A,3,24,28,12,29,32,23,,,,,,,1.42,1.07,0.94*14 (pico_gnss pico-gnss-rs/src/main.rs:483)
340.896618 [INFO ] TIME unix_ns=1780924555452292634 ppb=2318 holdover_ms=1452 locked=1 (pico_gnss pico-gnss-rs/src/main.rs:237)
340.927072 [INFO ] NMEA $GNGSA,A,3,,,,,,,,,,,,,1.42,1.07,0.94*10 (pico_gnss pico-gnss-rs/src/main.rs:483)
340.985645 [INFO ] NMEA $GPGSV,4,1,13,25,81,068,16,32,65,320,19,12,41,047,22,28,39,292,16*79 (pico_gnss pico-gnss-rs/src/main.rs:483)
341.044247 [INFO ] NMEA $GPGSV,4,2,13,10,37,221,,29,21,144,17,23,14,188,16,31,14,275,*73 (pico_gnss pico-gnss-rs/src/main.rs:483)
341.102687 [INFO ] NMEA $GPGSV,4,3,13,24,11,083,17,26,05,226,,193,,,,194,,,*77 (pico_gnss pico-gnss-rs/src/main.rs:483)
341.131954 [INFO ] NMEA $GPGSV,4,4,13,195,,,*46 (pico_gnss pico-gnss-rs/src/main.rs:483)
341.194538 [INFO ] NMEA $GLGSV,2,1,08,72,70,156,,75,67,280,,65,52,326,,74,43,027,*65 (pico_gnss pico-gnss-rs/src/main.rs:483)
341.281849 [INFO ] NMEA $GLGSV,2,2,08,76,18,236,,71,16,151,,66,04,330,,73,01,045,*66 (pico_gnss pico-gnss-rs/src/main.rs:483)
341.340543 [INFO ] NMEA $GNRMC,131555.000,A,0000.0000,N,00000.0000,E,1.58,55.85,080626,,,A*4B (pico_gnss pico-gnss-rs/src/main.rs:483)
341.343096 [INFO ] SYNC pps_local_us=334000776 unix_s=1780924555 drift_us=2 err_ns=-13 holdover_ms=999 (pico_gnss pico-gnss-rs/src/main.rs:514)
341.398628 [INFO ] NMEA $GPVTG,55.85,T,,M,1.58,N,2.93,K,A*04 (pico_gnss pico-gnss-rs/src/main.rs:483)
341.431989 [INFO ] NMEA $GPZDA,131555.000,08,06,2026,,*58 (pico_gnss pico-gnss-rs/src/main.rs:483)
341.442762 [INFO ] PPSGEN count=336 interval_ns=1000002336 dev_ns=2336 phase_ns=-1745313 hwphase_ns=368 trim_ppb=2 cfg=2 p_ns=0 d_ns=8 (pico_gnss pico-gnss-rs/src/main.rs:330)
341.444260 [INFO ] PPS count=336 interval_us=1000002 interval_ns=1000002320 state=Locked missed=0 (pico_gnss pico-gnss-rs/src/main.rs:203)
341.459986 [INFO ] NMEA $GPGST,131555.000,11,20,11,128.7,15,17,56*6E (pico_gnss pico-gnss-rs/src/main.rs:483)
341.745278 [INFO ] NMEA $GPGGA,131556.000,0000.0000,N,00000.0000,E,1,6,1.07,72.7,M,39.0,M,,*67 (pico_gnss pico-gnss-rs/src/main.rs:483)
341.803656 [INFO ] NMEA $GNGLL,0000.0000,N,00000.0000,E,131556.000,A,A*44 (pico_gnss pico-gnss-rs/src/main.rs:483)
341.862089 [INFO ] NMEA $GNGSA,A,3,24,28,12,29,32,23,,,,,,,1.42,1.07,0.94*14 (pico_gnss pico-gnss-rs/src/main.rs:483)
341.897929 [INFO ] TIME unix_ns=1780924556453597631 ppb=2318 holdover_ms=1453 locked=1 (pico_gnss pico-gnss-rs/src/main.rs:237)
341.901062 [INFO ] NMEA $GNGSA,A,3,,,,,,,,,,,,,1.42,1.07,0.94*10 (pico_gnss pico-gnss-rs/src/main.rs:483)
341.959476 [INFO ] NMEA $GPGSV,4,1,13,25,81,068,16,32,65,320,19,12,41,047,21,28,39,292,16*7A (pico_gnss pico-gnss-rs/src/main.rs:483)
342.046814 [INFO ] NMEA $GPGSV,4,2,13,10,37,221,,29,21,144,16,23,14,188,15,31,14,275,*71 (pico_gnss pico-gnss-rs/src/main.rs:483)
342.105262 [INFO ] NMEA $GPGSV,4,3,13,24,11,083,17,26,05,226,,193,,,,194,,,*77 (pico_gnss pico-gnss-rs/src/main.rs:483)
342.134514 [INFO ] NMEA $GPGSV,4,4,13,195,,,*46 (pico_gnss pico-gnss-rs/src/main.rs:483)
342.197115 [INFO ] NMEA $GLGSV,2,1,08,72,70,156,,75,67,280,,65,52,326,,74,43,027,*65 (pico_gnss pico-gnss-rs/src/main.rs:483)
342.255662 [INFO ] NMEA $GLGSV,2,2,08,76,18,236,,71,16,151,,66,04,330,,73,01,045,*66 (pico_gnss pico-gnss-rs/src/main.rs:483)
342.343089 [INFO ] NMEA $GNRMC,131556.000,A,0000.0000,N,00000.0000,E,0.75,88.43,080626,,,A*4C (pico_gnss pico-gnss-rs/src/main.rs:483)
342.345657 [INFO ] SYNC pps_local_us=335000778 unix_s=1780924556 drift_us=2 err_ns=3 holdover_ms=1000 (pico_gnss pico-gnss-rs/src/main.rs:514)
342.372778 [INFO ] NMEA $GPVTG,88.43,T,,M,0.75,N,1.39,K,A*03 (pico_gnss pico-gnss-rs/src/main.rs:483)
342.401844 [INFO ] NMEA $GPZDA,131556.000,08,06,2026,,*5B (pico_gnss pico-gnss-rs/src/main.rs:483)
342.442734 [INFO ] PPSGEN count=337 interval_ns=1000002352 dev_ns=2352 phase_ns=-1817313 hwphase_ns=400 trim_ppb=-1 cfg=2 p_ns=0 d_ns=8 (pico_gnss pico-gnss-rs/src/main.rs:330)
342.444321 [INFO ] PPS count=337 interval_us=1000002 interval_ns=1000002304 state=Locked missed=0 (pico_gnss pico-gnss-rs/src/main.rs:203)
342.445940 [INFO ] NMEA $GPGST,131556.000,11,20,12,129.0,15,17,57*69 (pico_gnss pico-gnss-rs/src/main.rs:483)
342.818268 [INFO ] NMEA $GPGGA,131557.000,0000.0000,N,00000.0000,E,1,6,1.07,72.8,M,39.0,M,,*6A (pico_gnss pico-gnss-rs/src/main.rs:483)
342.876629 [INFO ] NMEA $GNGLL,0000.0000,N,00000.0000,E,131557.000,A,A*46 (pico_gnss pico-gnss-rs/src/main.rs:483)
342.899237 [INFO ] TIME unix_ns=1780924557454902629 ppb=2317 holdover_ms=1454 locked=1 (pico_gnss pico-gnss-rs/src/main.rs:237)
342.935150 [INFO ] NMEA $GNGSA,A,3,24,28,12,29,32,23,,,,,,,1.42,1.07,0.94*14 (pico_gnss pico-gnss-rs/src/main.rs:483)
342.964584 [INFO ] NMEA $GNGSA,A,3,,,,,,,,,,,,,1.42,1.07,0.94*10 (pico_gnss pico-gnss-rs/src/main.rs:483)
343.050931 [INFO ] NMEA $GPGSV,4,1,13,25,81,068,16,32,65,320,19,12,41,047,21,28,39,292,15*79 (pico_gnss pico-gnss-rs/src/main.rs:483)
343.109520 [INFO ] NMEA $GPGSV,4,2,13,10,37,221,,29,21,144,17,23,14,188,15,31,14,275,*70 (pico_gnss pico-gnss-rs/src/main.rs:483)
343.168008 [INFO ] NMEA $GPGSV,4,3,13,24,11,083,17,26,05,226,,193,,,,194,,,*77 (pico_gnss pico-gnss-rs/src/main.rs:483)
343.197206 [INFO ] NMEA $GPGSV,4,4,13,195,,,*46 (pico_gnss pico-gnss-rs/src/main.rs:483)
343.259817 [INFO ] NMEA $GLGSV,2,1,08,72,70,156,,75,67,280,,65,52,326,,74,43,027,*65 (pico_gnss pico-gnss-rs/src/main.rs:483)
343.318397 [INFO ] NMEA $GLGSV,2,2,08,76,18,236,,71,16,151,,66,04,330,,73,01,045,*66 (pico_gnss pico-gnss-rs/src/main.rs:483)
343.405701 [INFO ] NMEA $GNRMC,131557.000,A,0000.0000,N,00000.0000,E,0.14,88.43,080626,,,A*49 (pico_gnss pico-gnss-rs/src/main.rs:483)
343.408257 [INFO ] SYNC pps_local_us=336000781 unix_s=1780924557 drift_us=2 err_ns=-13 holdover_ms=1000 (pico_gnss pico-gnss-rs/src/main.rs:514)
343.435382 [INFO ] NMEA $GPVTG,88.43,T,,M,0.14,N,0.25,K,A*08 (pico_gnss pico-gnss-rs/src/main.rs:483)
343.442752 [INFO ] PPSGEN count=338 interval_ns=1000002336 dev_ns=2336 phase_ns=-1840313 hwphase_ns=432 trim_ppb=-4 cfg=2 p_ns=0 d_ns=8 (pico_gnss pico-gnss-rs/src/main.rs:330)
343.444305 [INFO ] PPS count=338 interval_us=1000002 interval_ns=1000002320 state=Locked missed=0 (pico_gnss pico-gnss-rs/src/main.rs:203)
343.464771 [INFO ] NMEA $GPZDA,131557.000,08,06,2026,,*5A (pico_gnss pico-gnss-rs/src/main.rs:483)
343.516660 [INFO ] NMEA $GPGST,131557.000,11,19,12,127.4,15,17,56*69 (pico_gnss pico-gnss-rs/src/main.rs:483)
343.800147 [INFO ] NMEA $GPGGA,131558.000,0000.0000,N,00000.0000,E,1,6,1.07,73.1,M,39.0,M,,*6B (pico_gnss pico-gnss-rs/src/main.rs:483)
343.858522 [INFO ] NMEA $GNGLL,0000.0000,N,00000.0000,E,131558.000,A,A*4F (pico_gnss pico-gnss-rs/src/main.rs:483)
343.900543 [INFO ] TIME unix_ns=1780924558456119626 ppb=2317 holdover_ms=1456 locked=1 (pico_gnss pico-gnss-rs/src/main.rs:237)
343.917275 [INFO ] NMEA $GNGSA,A,3,24,28,12,29,32,23,,,,,,,1.42,1.07,0.94*14 (pico_gnss pico-gnss-rs/src/main.rs:483)
343.946520 [INFO ] NMEA $GNGSA,A,3,,,,,,,,,,,,,1.42,1.07,0.94*10 (pico_gnss pico-gnss-rs/src/main.rs:483)
344.022523 [INFO ] NMEA $GPGSV,4,1,13,25,81,068,16,32,65,320,19,12,41,047,21,28,39,292,13*7F (pico_gnss pico-gnss-rs/src/main.rs:483)
344.109863 [INFO ] NMEA $GPGSV,4,2,13,10,37,221,,29,21,144,17,23,14,188,16,31,14,275,*73 (pico_gnss pico-gnss-rs/src/main.rs:483)
344.168364 [INFO ] NMEA $GPGSV,4,3,13,24,11,083,17,26,05,226,,193,,,,194,,,*77 (pico_gnss pico-gnss-rs/src/main.rs:483)
344.169738 [INFO ] NMEA $GPGSV,4,4,13,195,,,*46 (pico_gnss pico-gnss-rs/src/main.rs:483)
344.256018 [INFO ] NMEA $GLGSV,2,1,08,72,70,156,,75,67,280,,65,52,326,,74,43,027,*65 (pico_gnss pico-gnss-rs/src/main.rs:483)
344.318754 [INFO ] NMEA $GLGSV,2,2,08,76,18,236,,71,16,151,,66,04,330,,73,01,045,*66 (pico_gnss pico-gnss-rs/src/main.rs:483)
344.377386 [INFO ] NMEA $GNRMC,131558.000,A,0000.0000,N,00000.0000,E,0.41,88.43,080626,,,A*40 (pico_gnss pico-gnss-rs/src/main.rs:483)
344.379952 [INFO ] SYNC pps_local_us=337000783 unix_s=1780924558 drift_us=2 err_ns=3 holdover_ms=999 (pico_gnss pico-gnss-rs/src/main.rs:514)
344.435506 [INFO ] NMEA $GPVTG,88.43,T,,M,0.41,N,0.76,K,A*0E (pico_gnss pico-gnss-rs/src/main.rs:483)
344.442746 [INFO ] PPSGEN count=339 interval_ns=1000002320 dev_ns=2320 phase_ns=-1849313 hwphase_ns=432 trim_ppb=-7 cfg=2 p_ns=0 d_ns=0 (pico_gnss pico-gnss-rs/src/main.rs:330)
344.444291 [INFO ] PPS count=339 interval_us=1000002 interval_ns=1000002320 state=Locked missed=0 (pico_gnss pico-gnss-rs/src/main.rs:203)
344.465159 [INFO ] NMEA $GPZDA,131558.000,08,06,2026,,*55 (pico_gnss pico-gnss-rs/src/main.rs:483)
344.494337 [INFO ] NMEA $GPGST,131558.000,11,20,12,127.5,15,17,56*6D (pico_gnss pico-gnss-rs/src/main.rs:483)
344.688503 [INFO ] NMEA $GPGGA,131559.000,0000.0000,N,00000.0000,E,1,5,1.34,73.3,M,39.0,M,,*6A (pico_gnss pico-gnss-rs/src/main.rs:483)
344.746872 [INFO ] NMEA $GNGLL,0000.0000,N,00000.0000,E,131559.000,A,A*4F (pico_gnss pico-gnss-rs/src/main.rs:483)
344.805278 [INFO ] NMEA $GNGSA,A,3,24,12,29,32,23,,,,,,,,1.65,1.34,0.97*18 (pico_gnss pico-gnss-rs/src/main.rs:483)
344.834807 [INFO ] NMEA $GNGSA,A,3,,,,,,,,,,,,,1.65,1.34,0.97*16 (pico_gnss pico-gnss-rs/src/main.rs:483)
344.897487 [INFO ] NMEA $GPGSV,4,1,13,25,81,068,16,32,65,320,19,12,41,047,21,28,39,292,11*7D (pico_gnss pico-gnss-rs/src/main.rs:483)
344.901820 [INFO ] TIME unix_ns=1780924559457433623 ppb=2318 holdover_ms=1457 locked=1 (pico_gnss pico-gnss-rs/src/main.rs:237)
344.984943 [INFO ] NMEA $GPGSV,4,2,13,10,37,221,,29,21,144,17,23,14,188,16,31,14,275,*73 (pico_gnss pico-gnss-rs/src/main.rs:483)
345.043364 [INFO ] NMEA $GPGSV,4,3,13,24,11,083,17,26,05,226,,193,,,,194,,,*77 (pico_gnss pico-gnss-rs/src/main.rs:483)
345.072605 [INFO ] NMEA $GPGSV,4,4,13,195,,,*46 (pico_gnss pico-gnss-rs/src/main.rs:483)
345.131056 [INFO ] NMEA $GLGSV,2,1,08,72,70,156,,75,67,280,,65,52,326,,74,43,027,*65 (pico_gnss pico-gnss-rs/src/main.rs:483)
345.193729 [INFO ] NMEA $GLGSV,2,2,08,76,18,236,,71,16,151,,66,04,330,,73,01,045,*66 (pico_gnss pico-gnss-rs/src/main.rs:483)
345.281245 [INFO ] NMEA $GNRMC,131559.000,A,0000.0000,N,00000.0000,E,0.85,191.78,080626,,,A*79 (pico_gnss pico-gnss-rs/src/main.rs:483)
345.283823 [INFO ] SYNC pps_local_us=338000785 unix_s=1780924559 drift_us=2 err_ns=3 holdover_ms=999 (pico_gnss pico-gnss-rs/src/main.rs:514)
345.311009 [INFO ] NMEA $GPVTG,191.78,T,,M,0.85,N,1.57,K,A*35 (pico_gnss pico-gnss-rs/src/main.rs:483)
345.340154 [INFO ] NMEA $GPZDA,131559.000,08,06,2026,,*54 (pico_gnss pico-gnss-rs/src/main.rs:483)
345.383782 [INFO ] NMEA $GPGST,131559.000,11,20,12,127.5,15,17,57*6D (pico_gnss pico-gnss-rs/src/main.rs:483)
345.442729 [INFO ] PPSGEN count=340 interval_ns=1000002320 dev_ns=2320 phase_ns=-1840313 hwphase_ns=432 trim_ppb=-10 cfg=2 p_ns=0 d_ns=0 (pico_gnss pico-gnss-rs/src/main.rs:330)
345.444291 [INFO ] PPS count=340 interval_us=1000002 interval_ns=1000002320 state=Locked missed=0 (pico_gnss pico-gnss-rs/src/main.rs:203)
345.750184 [INFO ] NMEA $GPGGA,131600.000,0000.0000,N,00000.0000,E,1,6,1.07,73.5,M,39.0,M,,*63 (pico_gnss pico-gnss-rs/src/main.rs:483)
345.808522 [INFO ] NMEA $GNGLL,0000.0000,N,00000.0000,E,131600.000,A,A*43 (pico_gnss pico-gnss-rs/src/main.rs:483)
345.866942 [INFO ] NMEA $GNGSA,A,3,24,28,12,29,32,23,,,,,,,1.42,1.07,0.94*14 (pico_gnss pico-gnss-rs/src/main.rs:483)
345.903135 [INFO ] TIME unix_ns=1780924560458724620 ppb=2318 holdover_ms=1458 locked=1 (pico_gnss pico-gnss-rs/src/main.rs:237)
345.925434 [INFO ] NMEA $GNGSA,A,3,,,,,,,,,,,,,1.42,1.07,0.94*10 (pico_gnss pico-gnss-rs/src/main.rs:483)
345.987977 [INFO ] NMEA $GPGSV,4,1,13,25,81,068,16,32,65,320,19,12,41,047,21,28,39,292,11*7D (pico_gnss pico-gnss-rs/src/main.rs:483)
346.046586 [INFO ] NMEA $GPGSV,4,2,13,10,37,221,,29,21,144,17,23,14,188,16,31,14,275,*73 (pico_gnss pico-gnss-rs/src/main.rs:483)
346.105050 [INFO ] NMEA $GPGSV,4,3,13,24,11,083,17,26,05,226,,193,,,,194,,,*77 (pico_gnss pico-gnss-rs/src/main.rs:483)
346.134259 [INFO ] NMEA $GPGSV,4,4,13,195,,,*46 (pico_gnss pico-gnss-rs/src/main.rs:483)
346.192774 [INFO ] NMEA $GLGSV,2,1,08,72,70,156,,75,67,280,,65,52,326,,74,43,027,*65 (pico_gnss pico-gnss-rs/src/main.rs:483)
346.255418 [INFO ] NMEA $GLGSV,2,2,08,76,18,236,,71,16,151,,66,04,330,,73,01,045,*66 (pico_gnss pico-gnss-rs/src/main.rs:483)
346.342863 [INFO ] NMEA $GNRMC,131600.000,A,0000.0000,N,00000.0000,E,1.18,108.81,080626,,,A*76 (pico_gnss pico-gnss-rs/src/main.rs:483)
346.345432 [INFO ] SYNC pps_local_us=339000788 unix_s=1780924560 drift_us=2 err_ns=3 holdover_ms=999 (pico_gnss pico-gnss-rs/src/main.rs:514)
346.372557 [INFO ] NMEA $GPVTG,108.81,T,,M,1.18,N,2.18,K,A*3E (pico_gnss pico-gnss-rs/src/main.rs:483)
346.430241 [INFO ] NMEA $GPZDA,131600.000,08,06,2026,,*5B (pico_gnss pico-gnss-rs/src/main.rs:483)
346.442760 [INFO ] PPSGEN count=341 interval_ns=1000002336 dev_ns=2336 phase_ns=-1802313 hwphase_ns=448 trim_ppb=-13 cfg=2 p_ns=0 d_ns=4 (pico_gnss pico-gnss-rs/src/main.rs:330)
346.444311 [INFO ] PPS count=341 interval_us=1000002 interval_ns=1000002320 state=Locked missed=0 (pico_gnss pico-gnss-rs/src/main.rs:203)
346.458225 [INFO ] NMEA $GPGST,131600.000,11,23,11,125.6,16,19,60*6A (pico_gnss pico-gnss-rs/src/main.rs:483)
346.748695 [INFO ] NMEA $GPGGA,131601.000,0000.0000,N,00000.0000,E,1,6,1.07,73.6,M,39.0,M,,*66 (pico_gnss pico-gnss-rs/src/main.rs:483)
346.807067 [INFO ] NMEA $GNGLL,0000.0000,N,00000.0000,E,131601.000,A,A*45 (pico_gnss pico-gnss-rs/src/main.rs:483)
346.836816 [INFO ] NMEA $GNGSA,A,3,24,28,12,29,32,23,,,,,,,1.42,1.07,0.94*14 (pico_gnss pico-gnss-rs/src/main.rs:483)
346.894942 [INFO ] NMEA $GNGSA,A,3,,,,,,,,,,,,,1.42,1.07,0.94*10 (pico_gnss pico-gnss-rs/src/main.rs:483)
346.904430 [INFO ] TIME unix_ns=1780924561460066617 ppb=2318 holdover_ms=1460 locked=1 (pico_gnss pico-gnss-rs/src/main.rs:237)
346.953719 [INFO ] NMEA $GPGSV,4,1,13,25,81,068,16,32,65,320,19,12,41,047,21,28,39,292,11*7D (pico_gnss pico-gnss-rs/src/main.rs:483)
347.045155 [INFO ] NMEA $GPGSV,4,2,13,10,37,221,,29,21,144,17,23,14,188,16,31,14,275,*73 (pico_gnss pico-gnss-rs/src/main.rs:483)
347.103662 [INFO ] NMEA $GPGSV,4,3,13,24,11,083,17,26,05,226,,193,,,,194,,,*77 (pico_gnss pico-gnss-rs/src/main.rs:483)
347.132871 [INFO ] NMEA $GPGSV,4,4,13,195,,,*46 (pico_gnss pico-gnss-rs/src/main.rs:483)
347.191385 [INFO ] NMEA $GLGSV,2,1,08,72,70,156,,75,67,280,,65,52,326,,74,43,027,*65 (pico_gnss pico-gnss-rs/src/main.rs:483)
347.254020 [INFO ] NMEA $GLGSV,2,2,08,76,18,236,,71,16,151,,66,04,330,,73,01,045,*66 (pico_gnss pico-gnss-rs/src/main.rs:483)
347.312713 [INFO ] NMEA $GNRMC,131601.000,A,0000.0000,N,00000.0000,E,0.72,85.34,080626,,,A*47 (pico_gnss pico-gnss-rs/src/main.rs:483)
347.315269 [INFO ] SYNC pps_local_us=340000790 unix_s=1780924561 drift_us=2 err_ns=3 holdover_ms=1000 (pico_gnss pico-gnss-rs/src/main.rs:514)
347.370870 [INFO ] NMEA $GPVTG,85.34,T,,M,0.72,N,1.33,K,A*03 (pico_gnss pico-gnss-rs/src/main.rs:483)
347.400192 [INFO ] NMEA $GPZDA,131601.000,08,06,2026,,*5A (pico_gnss pico-gnss-rs/src/main.rs:483)
347.437554 [INFO ] NMEA $GPGST,131601.000,11,23,11,126.2,16,20,61*67 (pico_gnss pico-gnss-rs/src/main.rs:483)
347.442757 [INFO ] PPSGEN count=342 interval_ns=1000002320 dev_ns=2320 phase_ns=-1843313 hwphase_ns=448 trim_ppb=-16 cfg=2 p_ns=0 d_ns=0 (pico_gnss pico-gnss-rs/src/main.rs:330)
347.444321 [INFO ] PPS count=342 interval_us=1000002 interval_ns=1000002320 state=Locked missed=0 (pico_gnss pico-gnss-rs/src/main.rs:203)
347.810363 [INFO ] NMEA $GPGGA,131602.000,0000.0000,N,00000.0000,E,1,6,1.07,73.8,M,39.0,M,,*66 (pico_gnss pico-gnss-rs/src/main.rs:483)
347.868661 [INFO ] NMEA $GNGLL,0000.0000,N,00000.0000,E,131602.000,A,A*4B (pico_gnss pico-gnss-rs/src/main.rs:483)
347.905734 [INFO ] TIME unix_ns=1780924562461312614 ppb=2318 holdover_ms=1461 locked=1 (pico_gnss pico-gnss-rs/src/main.rs:237)
347.927421 [INFO ] NMEA $GNGSA,A,3,24,28,12,29,32,23,,,,,,,1.42,1.07,0.94*14 (pico_gnss pico-gnss-rs/src/main.rs:483)
347.956672 [INFO ] NMEA $GNGSA,A,3,,,,,,,,,,,,,1.42,1.07,0.94*10 (pico_gnss pico-gnss-rs/src/main.rs:483)
348.044002 [INFO ] NMEA $GPGSV,4,1,13,25,81,068,16,32,65,320,19,12,41,047,21,28,39,292,11*7D (pico_gnss pico-gnss-rs/src/main.rs:483)
348.106695 [INFO ] NMEA $GPGSV,4,2,13,10,37,221,,29,21,144,17,23,14,188,16,31,14,275,*73 (pico_gnss pico-gnss-rs/src/main.rs:483)
348.165189 [INFO ] NMEA $GPGSV,4,3,13,24,11,083,17,26,05,226,,193,,,,194,,,*77 (pico_gnss pico-gnss-rs/src/main.rs:483)
348.194455 [INFO ] NMEA $GPGSV,4,4,13,195,,,*46 (pico_gnss pico-gnss-rs/src/main.rs:483)
348.252906 [INFO ] NMEA $GLGSV,2,1,08,72,70,156,,75,67,280,,65,52,326,,74,43,027,*65 (pico_gnss pico-gnss-rs/src/main.rs:483)
348.311472 [INFO ] NMEA $GLGSV,2,2,08,76,18,236,,71,16,151,,66,04,330,,73,01,045,*66 (pico_gnss pico-gnss-rs/src/main.rs:483)
348.402886 [INFO ] NMEA $GNRMC,131602.000,A,0000.0000,N,00000.0000,E,0.88,123.91,080626,,,A*7E (pico_gnss pico-gnss-rs/src/main.rs:483)
348.405458 [INFO ] SYNC pps_local_us=341000792 unix_s=1780924562 drift_us=2 err_ns=3 holdover_ms=999 (pico_gnss pico-gnss-rs/src/main.rs:514)
348.432595 [INFO ] NMEA $GPVTG,123.91,T,,M,0.88,N,1.64,K,A*36 (pico_gnss pico-gnss-rs/src/main.rs:483)
348.442753 [INFO ] PPSGEN count=343 interval_ns=1000002336 dev_ns=2336 phase_ns=-1832313 hwphase_ns=464 trim_ppb=-19 cfg=2 p_ns=0 d_ns=4 (pico_gnss pico-gnss-rs/src/main.rs:330)
348.444315 [INFO ] PPS count=343 interval_us=1000002 interval_ns=1000002304 state=Locked missed=0 (pico_gnss pico-gnss-rs/src/main.rs:203)
348.462012 [INFO ] NMEA $GPZDA,131602.000,08,06,2026,,*59 (pico_gnss pico-gnss-rs/src/main.rs:483)
348.511561 [INFO ] NMEA $GPGST,131602.000,11,22,11,124.0,16,20,61*65 (pico_gnss pico-gnss-rs/src/main.rs:483)
348.739378 [INFO ] NMEA $GPGGA,131603.000,0000.0000,N,00000.0000,E,1,6,1.07,74.0,M,39.0,M,,*68 (pico_gnss pico-gnss-rs/src/main.rs:483)
348.784410 [INFO ] NMEA $GNGLL,0000.0000,N,00000.0000,E,131603.000,A,A*4A (pico_gnss pico-gnss-rs/src/main.rs:483)
348.842853 [INFO ] NMEA $GNGSA,A,3,24,28,12,29,32,23,,,,,,,1.42,1.07,0.94*14 (pico_gnss pico-gnss-rs/src/main.rs:483)
348.901065 [INFO ] NMEA $GNGSA,A,3,,,,,,,,,,,,,1.42,1.07,0.94*10 (pico_gnss pico-gnss-rs/src/main.rs:483)
348.907042 [INFO ] TIME unix_ns=1780924563462640611 ppb=2317 holdover_ms=1462 locked=1 (pico_gnss pico-gnss-rs/src/main.rs:237)
348.959821 [INFO ] NMEA $GPGSV,4,1,13,25,81,068,16,32,65,320,19,12,41,047,21,28,39,292,12*7E (pico_gnss pico-gnss-rs/src/main.rs:483)
349.022587 [INFO ] NMEA $GPGSV,4,2,13,10,37,221,,29,21,144,17,23,14,188,16,31,14,275,*73 (pico_gnss pico-gnss-rs/src/main.rs:483)
349.081017 [INFO ] NMEA $GPGSV,4,3,13,24,11,083,17,26,05,226,,193,,,,194,,,*77 (pico_gnss pico-gnss-rs/src/main.rs:483)
349.110286 [INFO ] NMEA $GPGSV,4,4,13,195,,,*46 (pico_gnss pico-gnss-rs/src/main.rs:483)
349.197506 [INFO ] NMEA $GLGSV,2,1,08,72,70,156,,75,67,280,,65,52,326,,74,43,027,*65 (pico_gnss pico-gnss-rs/src/main.rs:483)
349.256098 [INFO ] NMEA $GLGSV,2,2,08,76,18,236,,71,16,151,,66,04,330,,73,01,045,*66 (pico_gnss pico-gnss-rs/src/main.rs:483)
349.318874 [INFO ] NMEA $GNRMC,131603.000,A,0000.0000,N,00000.0000,E,1.45,159.69,080626,,,A*75 (pico_gnss pico-gnss-rs/src/main.rs:483)
349.321442 [INFO ] SYNC pps_local_us=342000794 unix_s=1780924563 drift_us=2 err_ns=-13 holdover_ms=999 (pico_gnss pico-gnss-rs/src/main.rs:514)
349.377071 [INFO ] NMEA $GPVTG,159.69,T,,M,1.45,N,2.69,K,A*32 (pico_gnss pico-gnss-rs/src/main.rs:483)
349.406365 [INFO ] NMEA $GPZDA,131603.000,08,06,2026,,*58 (pico_gnss pico-gnss-rs/src/main.rs:483)
349.435782 [INFO ] NMEA $GPGST,131603.000,11,23,11,124.3,16,20,60*67 (pico_gnss pico-gnss-rs/src/main.rs:483)
349.442766 [INFO ] PPSGEN count=344 interval_ns=1000002320 dev_ns=2320 phase_ns=-1834313 hwphase_ns=480 trim_ppb=-22 cfg=2 p_ns=0 d_ns=4 (pico_gnss pico-gnss-rs/src/main.rs:330)
349.444343 [INFO ] PPS count=344 interval_us=1000002 interval_ns=1000002320 state=Locked missed=0 (pico_gnss pico-gnss-rs/src/main.rs:203)
349.818312 [INFO ] NMEA $GPGGA,131604.000,0000.0000,N,00000.0000,E,1,6,1.07,74.2,M,39.0,M,,*61 (pico_gnss pico-gnss-rs/src/main.rs:483)
349.879675 [INFO ] NMEA $GNGLL,0000.0000,N,00000.0000,E,131604.000,A,A*41 (pico_gnss pico-gnss-rs/src/main.rs:483)
349.908327 [INFO ] TIME unix_ns=1780924564463932608 ppb=2317 holdover_ms=1463 locked=1 (pico_gnss pico-gnss-rs/src/main.rs:237)
349.938258 [INFO ] NMEA $GNGSA,A,3,24,28,12,29,32,23,,,,,,,1.42,1.07,0.94*14 (pico_gnss pico-gnss-rs/src/main.rs:483)
349.967687 [INFO ] NMEA $GNGSA,A,3,,,,,,,,,,,,,1.42,1.07,0.94*10 (pico_gnss pico-gnss-rs/src/main.rs:483)
350.055024 [INFO ] NMEA $GPGSV,4,1,13,25,81,068,16,32,65,320,19,12,41,047,22,28,39,292,13*7C (pico_gnss pico-gnss-rs/src/main.rs:483)
350.117740 [INFO ] NMEA $GPGSV,4,2,13,10,37,221,,29,21,144,17,23,14,188,16,31,14,275,*73 (pico_gnss pico-gnss-rs/src/main.rs:483)
350.176208 [INFO ] NMEA $GPGSV,4,3,13,24,11,083,17,26,05,226,,193,,,,194,,,*77 (pico_gnss pico-gnss-rs/src/main.rs:483)
350.205467 [INFO ] NMEA $GPGSV,4,4,13,195,,,*46 (pico_gnss pico-gnss-rs/src/main.rs:483)
350.263922 [INFO ] NMEA $GLGSV,2,1,08,72,70,156,,75,67,280,,65,52,326,,74,43,027,*65 (pico_gnss pico-gnss-rs/src/main.rs:483)
350.322495 [INFO ] NMEA $GLGSV,2,2,08,76,18,236,,71,16,151,,66,04,330,,73,01,045,*66 (pico_gnss pico-gnss-rs/src/main.rs:483)
350.413919 [INFO ] NMEA $GNRMC,131604.000,A,0000.0000,N,00000.0000,E,0.45,159.69,080626,,,A*7F (pico_gnss pico-gnss-rs/src/main.rs:483)
350.416474 [INFO ] SYNC pps_local_us=343000797 unix_s=1780924564 drift_us=2 err_ns=3 holdover_ms=1000 (pico_gnss pico-gnss-rs/src/main.rs:514)
350.442776 [INFO ] PPSGEN count=345 interval_ns=1000002320 dev_ns=2320 phase_ns=-1797313 hwphase_ns=480 trim_ppb=-25 cfg=2 p_ns=0 d_ns=0 (pico_gnss pico-gnss-rs/src/main.rs:330)
350.444327 [INFO ] PPS count=345 interval_us=1000002 interval_ns=1000002304 state=Locked missed=0 (pico_gnss pico-gnss-rs/src/main.rs:203)
350.446247 [INFO ] NMEA $GPVTG,159.69,T,,M,0.45,N,0.84,K,A*32 (pico_gnss pico-gnss-rs/src/main.rs:483)
350.474804 [INFO ] NMEA $GPZDA,131604.000,08,06,2026,,*5F (pico_gnss pico-gnss-rs/src/main.rs:483)
350.518371 [INFO ] NMEA $GPGST,131604.000,12,23,11,124.0,16,20,60*60 (pico_gnss pico-gnss-rs/src/main.rs:483)
350.801302 [INFO ] NMEA $GPGGA,131605.000,0000.0000,N,00000.0000,E,1,6,1.07,74.3,M,39.0,M,,*64 (pico_gnss pico-gnss-rs/src/main.rs:483)
350.850423 [INFO ] NMEA $GNGLL,0000.0000,N,00000.0000,E,131605.000,A,A*45 (pico_gnss pico-gnss-rs/src/main.rs:483)
350.908837 [INFO ] NMEA $GNGSA,A,3,24,28,12,29,32,23,,,,,,,1.42,1.07,0.94*14 (pico_gnss pico-gnss-rs/src/main.rs:483)
350.910941 [INFO ] TIME unix_ns=1780924565466527603 ppb=2317 holdover_ms=1466 locked=1 (pico_gnss pico-gnss-rs/src/main.rs:237)
350.967179 [INFO ] NMEA $GNGSA,A,3,,,,,,,,,,,,,1.42,1.07,0.94*10 (pico_gnss pico-gnss-rs/src/main.rs:483)
351.025739 [INFO ] NMEA $GPGSV,4,1,13,25,81,068,16,32,65,320,19,12,41,047,22,28,39,292,14*7B (pico_gnss pico-gnss-rs/src/main.rs:483)
351.084370 [INFO ] NMEA $GPGSV,4,2,13,10,37,221,,29,21,144,17,23,14,188,16,31,14,275,*73 (pico_gnss pico-gnss-rs/src/main.rs:483)
351.146884 [INFO ] NMEA $GPGSV,4,3,13,24,11,083,17,26,05,226,,193,,,,194,,,*77 (pico_gnss pico-gnss-rs/src/main.rs:483)
351.176146 [INFO ] NMEA $GPGSV,4,4,13,195,,,*46 (pico_gnss pico-gnss-rs/src/main.rs:483)
351.234665 [INFO ] NMEA $GLGSV,2,1,08,72,70,156,,75,67,280,,65,52,326,,74,43,027,*65 (pico_gnss pico-gnss-rs/src/main.rs:483)
351.321970 [INFO ] NMEA $GLGSV,2,2,08,76,18,236,,71,16,151,,66,04,330,,73,01,045,*66 (pico_gnss pico-gnss-rs/src/main.rs:483)
351.384696 [INFO ] NMEA $GNRMC,131605.000,A,0000.0000,N,00000.0000,E,0.46,159.69,080626,,,A*78 (pico_gnss pico-gnss-rs/src/main.rs:483)
351.387281 [INFO ] SYNC pps_local_us=344000799 unix_s=1780924565 drift_us=2 err_ns=-12 holdover_ms=999 (pico_gnss pico-gnss-rs/src/main.rs:514)
351.414364 [INFO ] NMEA $GPVTG,159.69,T,,M,0.46,N,0.85,K,A*30 (pico_gnss pico-gnss-rs/src/main.rs:483)
351.442748 [INFO ] PPSGEN count=346 interval_ns=1000002304 dev_ns=2304 phase_ns=-1836312 hwphase_ns=480 trim_ppb=-28 cfg=2 p_ns=0 d_ns=0 (pico_gnss pico-gnss-rs/src/main.rs:330)
351.444295 [INFO ] PPS count=346 interval_us=1000002 interval_ns=1000002320 state=Locked missed=0 (pico_gnss pico-gnss-rs/src/main.rs:203)
351.474273 [INFO ] NMEA $GPZDA,131605.000,08,06,2026,,*5E (pico_gnss pico-gnss-rs/src/main.rs:483)
351.501802 [INFO ] NMEA $GPGST,131605.000,12,23,11,124.2,16,20,60*63 (pico_gnss pico-gnss-rs/src/main.rs:483)
351.779240 [INFO ] NMEA $GPGGA,131606.000,0000.0000,N,00000.0000,E,1,6,1.07,74.6,M,39.0,M,,*6A (pico_gnss pico-gnss-rs/src/main.rs:483)
351.844817 [INFO ] NMEA $GNGLL,0000.0000,N,00000.0000,E,131606.000,A,A*4E (pico_gnss pico-gnss-rs/src/main.rs:483)
351.903208 [INFO ] NMEA $GNGSA,A,3,24,28,12,29,32,23,,,,,,,1.42,1.07,0.94*14 (pico_gnss pico-gnss-rs/src/main.rs:483)
351.912222 [INFO ] TIME unix_ns=1780924566467814599 ppb=2317 holdover_ms=1467 locked=1 (pico_gnss pico-gnss-rs/src/main.rs:237)
351.933031 [INFO ] NMEA $GNGSA,A,3,,,,,,,,,,,,,1.42,1.07,0.94*10 (pico_gnss pico-gnss-rs/src/main.rs:483)
352.020098 [INFO ] NMEA $GPGSV,4,1,13,25,81,068,16,32,65,320,19,12,41,047,22,28,39,292,15*7A (pico_gnss pico-gnss-rs/src/main.rs:483)
352.078758 [INFO ] NMEA $GPGSV,4,2,13,10,37,221,,29,21,144,17,23,14,188,16,31,14,275,*73 (pico_gnss pico-gnss-rs/src/main.rs:483)
352.141347 [INFO ] NMEA $GPGSV,4,3,13,24,11,083,17,26,05,226,,193,,,,194,,,*77 (pico_gnss pico-gnss-rs/src/main.rs:483)
352.170630 [INFO ] NMEA $GPGSV,4,4,13,195,,,*46 (pico_gnss pico-gnss-rs/src/main.rs:483)
352.229114 [INFO ] NMEA $GLGSV,2,1,08,72,70,156,,75,67,280,,65,52,326,,74,43,027,*65 (pico_gnss pico-gnss-rs/src/main.rs:483)
352.287641 [INFO ] NMEA $GLGSV,2,2,08,76,18,236,,71,16,151,,66,04,330,,73,01,045,*66 (pico_gnss pico-gnss-rs/src/main.rs:483)
352.374975 [INFO ] NMEA $GNRMC,131606.000,A,0000.0000,N,00000.0000,E,1.29,106.00,080626,,,A*7E (pico_gnss pico-gnss-rs/src/main.rs:483)
352.377549 [INFO ] SYNC pps_local_us=345000801 unix_s=1780924566 drift_us=2 err_ns=3 holdover_ms=999 (pico_gnss pico-gnss-rs/src/main.rs:514)
352.408585 [INFO ] NMEA $GPVTG,106.00,T,,M,1.29,N,2.39,K,A*38 (pico_gnss pico-gnss-rs/src/main.rs:483)
352.437885 [INFO ] NMEA $GPZDA,131606.000,08,06,2026,,*5D (pico_gnss pico-gnss-rs/src/main.rs:483)
352.442758 [INFO ] PPSGEN count=347 interval_ns=1000002320 dev_ns=2320 phase_ns=-1807312 hwphase_ns=480 trim_ppb=-31 cfg=2 p_ns=0 d_ns=0 (pico_gnss pico-gnss-rs/src/main.rs:330)
352.444330 [INFO ] PPS count=347 interval_us=1000002 interval_ns=1000002320 state=Locked missed=0 (pico_gnss pico-gnss-rs/src/main.rs:203)
352.479573 [INFO ] NMEA $GPGST,131606.000,12,23,11,124.4,16,20,60*66 (pico_gnss pico-gnss-rs/src/main.rs:483)
352.758273 [INFO ] NMEA $GPGGA,131607.000,0000.0000,N,00000.0000,E,1,6,1.07,75.0,M,39.0,M,,*6E (pico_gnss pico-gnss-rs/src/main.rs:483)
352.816629 [INFO ] NMEA $GNGLL,0000.0000,N,00000.0000,E,131607.000,A,A*4D (pico_gnss pico-gnss-rs/src/main.rs:483)
352.869906 [INFO ] NMEA $GNGSA,A,3,24,28,12,29,32,23,,,,,,,1.42,1.07,0.94*14 (pico_gnss pico-gnss-rs/src/main.rs:483)
352.899431 [INFO ] NMEA $GNGSA,A,3,,,,,,,,,,,,,1.42,1.07,0.94*10 (pico_gnss pico-gnss-rs/src/main.rs:483)
352.913507 [INFO ] TIME unix_ns=1780924567469149596 ppb=2317 holdover_ms=1469 locked=1 (pico_gnss pico-gnss-rs/src/main.rs:237)
352.986806 [INFO ] NMEA $GPGSV,4,1,13,25,81,068,16,32,65,320,19,12,41,047,22,28,39,292,15*7A (pico_gnss pico-gnss-rs/src/main.rs:483)
353.045429 [INFO ] NMEA $GPGSV,4,2,13,10,37,221,,29,21,144,17,23,14,188,16,31,14,275,*73 (pico_gnss pico-gnss-rs/src/main.rs:483)
353.107992 [INFO ] NMEA $GPGSV,4,3,13,24,11,083,17,26,05,226,,193,,,,194,,,*77 (pico_gnss pico-gnss-rs/src/main.rs:483)
353.137221 [INFO ] NMEA $GPGSV,4,4,13,195,,,*46 (pico_gnss pico-gnss-rs/src/main.rs:483)
353.195725 [INFO ] NMEA $GLGSV,2,1,08,72,70,156,,75,67,280,,65,52,326,,74,43,027,*65 (pico_gnss pico-gnss-rs/src/main.rs:483)
353.254250 [INFO ] NMEA $GLGSV,2,2,08,76,18,236,,71,16,151,,66,04,330,,73,01,045,*66 (pico_gnss pico-gnss-rs/src/main.rs:483)
353.341721 [INFO ] NMEA $GNRMC,131607.000,A,0000.0000,N,00000.0000,E,1.09,122.72,080626,,,A*7C (pico_gnss pico-gnss-rs/src/main.rs:483)
353.344289 [INFO ] SYNC pps_local_us=346000804 unix_s=1780924567 drift_us=2 err_ns=3 holdover_ms=1000 (pico_gnss pico-gnss-rs/src/main.rs:514)
353.375258 [INFO ] NMEA $GPVTG,122.72,T,,M,1.09,N,2.02,K,A*31 (pico_gnss pico-gnss-rs/src/main.rs:483)
353.433200 [INFO ] NMEA $GPZDA,131607.000,08,06,2026,,*5C (pico_gnss pico-gnss-rs/src/main.rs:483)
353.442751 [INFO ] PPSGEN count=348 interval_ns=1000002304 dev_ns=2304 phase_ns=-1854312 hwphase_ns=464 trim_ppb=-34 cfg=2 p_ns=0 d_ns=-4 (pico_gnss pico-gnss-rs/src/main.rs:330)
353.444362 [INFO ] PPS count=348 interval_us=1000002 interval_ns=1000002304 state=Locked missed=0 (pico_gnss pico-gnss-rs/src/main.rs:203)
353.459111 [INFO ] NMEA $GPGST,131607.000,12,20,12,126.0,15,18,56*6C (pico_gnss pico-gnss-rs/src/main.rs:483)
353.738391 [INFO ] NMEA $GPGGA,131608.000,0000.0000,N,00000.0000,E,1,6,1.07,75.6,M,39.0,M,,*68 (pico_gnss pico-gnss-rs/src/main.rs:483)
353.796721 [INFO ] NMEA $GNGLL,0000.0000,N,00000.0000,E,131608.000,A,A*4D (pico_gnss pico-gnss-rs/src/main.rs:483)
353.837673 [INFO ] NMEA $GNGSA,A,3,24,28,12,29,32,23,,,,,,,1.42,1.07,0.94*14 (pico_gnss pico-gnss-rs/src/main.rs:483)
353.895900 [INFO ] NMEA $GNGSA,A,3,,,,,,,,,,,,,1.42,1.07,0.94*10 (pico_gnss pico-gnss-rs/src/main.rs:483)
353.914793 [INFO ] TIME unix_ns=1780924568470378594 ppb=2317 holdover_ms=1470 locked=1 (pico_gnss pico-gnss-rs/src/main.rs:237)
353.954673 [INFO ] NMEA $GPGSV,4,1,13,25,81,068,16,32,65,320,19,12,41,047,22,28,39,292,16*79 (pico_gnss pico-gnss-rs/src/main.rs:483)
354.041981 [INFO ] NMEA $GPGSV,4,2,13,10,37,221,,29,21,144,17,23,14,188,16,31,14,275,*73 (pico_gnss pico-gnss-rs/src/main.rs:483)
354.104547 [INFO ] NMEA $GPGSV,4,3,13,24,11,083,17,26,05,226,,193,,,,194,,,*77 (pico_gnss pico-gnss-rs/src/main.rs:483)
354.105921 [INFO ] NMEA $GPGSV,4,4,13,195,,,*46 (pico_gnss pico-gnss-rs/src/main.rs:483)
354.192259 [INFO ] NMEA $GLGSV,2,1,08,72,70,156,,75,67,280,,65,52,326,,74,43,027,*65 (pico_gnss pico-gnss-rs/src/main.rs:483)
354.250813 [INFO ] NMEA $GLGSV,2,2,08,76,18,236,,71,16,151,,66,04,330,,73,01,045,*66 (pico_gnss pico-gnss-rs/src/main.rs:483)
354.309538 [INFO ] NMEA $GNRMC,131608.000,A,0000.0000,N,00000.0000,E,0.75,117.44,080626,,,A*75 (pico_gnss pico-gnss-rs/src/main.rs:483)
354.312084 [INFO ] SYNC pps_local_us=347000806 unix_s=1780924568 drift_us=2 err_ns=-12 holdover_ms=1000 (pico_gnss pico-gnss-rs/src/main.rs:514)
354.371792 [INFO ] NMEA $GPVTG,117.44,T,,M,0.75,N,1.39,K,A*33 (pico_gnss pico-gnss-rs/src/main.rs:483)
354.401106 [INFO ] NMEA $GPZDA,131608.000,08,06,2026,,*53 (pico_gnss pico-gnss-rs/src/main.rs:483)
354.438497 [INFO ] NMEA $GPGST,131608.000,13,20,12,126.4,15,18,57*67 (pico_gnss pico-gnss-rs/src/main.rs:483)
354.442773 [INFO ] PPSGEN count=349 interval_ns=1000002304 dev_ns=2304 phase_ns=-1858312 hwphase_ns=464 trim_ppb=-37 cfg=2 p_ns=0 d_ns=0 (pico_gnss pico-gnss-rs/src/main.rs:330)
354.444298 [INFO ] PPS count=349 interval_us=1000002 interval_ns=1000002320 state=Locked missed=0 (pico_gnss pico-gnss-rs/src/main.rs:203)
354.772400 [INFO ] NMEA $GPGGA,131609.000,0000.0000,N,00000.0000,E,1,6,1.07,76.2,M,39.0,M,,*6E (pico_gnss pico-gnss-rs/src/main.rs:483)
354.830738 [INFO ] NMEA $GNGLL,0000.0000,N,00000.0000,E,131609.000,A,A*4C (pico_gnss pico-gnss-rs/src/main.rs:483)
354.888134 [INFO ] NMEA $GNGSA,A,3,24,28,12,29,32,23,,,,,,,1.42,1.07,0.94*14 (pico_gnss pico-gnss-rs/src/main.rs:483)
354.916079 [INFO ] TIME unix_ns=1780924569471638591 ppb=2317 holdover_ms=1471 locked=1 (pico_gnss pico-gnss-rs/src/main.rs:237)
354.918074 [INFO ] NMEA $GNGSA,A,3,,,,,,,,,,,,,1.42,1.07,0.94*10 (pico_gnss pico-gnss-rs/src/main.rs:483)
355.005010 [INFO ] NMEA $GPGSV,4,1,13,25,81,068,16,32,65,320,19,12,41,047,21,28,39,292,16*7A (pico_gnss pico-gnss-rs/src/main.rs:483)
355.063620 [INFO ] NMEA $GPGSV,4,2,13,10,37,221,,29,21,144,17,23,14,188,16,31,14,275,*73 (pico_gnss pico-gnss-rs/src/main.rs:483)
355.122086 [INFO ] NMEA $GPGSV,4,3,13,24,11,083,17,26,05,226,,193,,,,194,,,*77 (pico_gnss pico-gnss-rs/src/main.rs:483)
355.155382 [INFO ] NMEA $GPGSV,4,4,13,195,,,*46 (pico_gnss pico-gnss-rs/src/main.rs:483)
355.213918 [INFO ] NMEA $GLGSV,2,1,08,72,70,156,,75,67,280,,65,52,326,,74,43,027,*65 (pico_gnss pico-gnss-rs/src/main.rs:483)
355.272559 [INFO ] NMEA $GLGSV,2,2,08,76,18,236,,71,16,151,,66,04,330,,73,01,045,*66 (pico_gnss pico-gnss-rs/src/main.rs:483)
355.359924 [INFO ] NMEA $GNRMC,131609.000,A,0000.0000,N,00000.0000,E,0.77,31.23,080626,,,A*42 (pico_gnss pico-gnss-rs/src/main.rs:483)
355.362477 [INFO ] SYNC pps_local_us=348000808 unix_s=1780924569 drift_us=2 err_ns=4 holdover_ms=999 (pico_gnss pico-gnss-rs/src/main.rs:514)
355.389589 [INFO ] NMEA $GPVTG,31.23,T,,M,0.77,N,1.43,K,A*08 (pico_gnss pico-gnss-rs/src/main.rs:483)
355.422656 [INFO ] NMEA $GPZDA,131609.000,08,06,2026,,*52 (pico_gnss pico-gnss-rs/src/main.rs:483)
355.442783 [INFO ] PPSGEN count=350 interval_ns=1000002304 dev_ns=2304 phase_ns=-1800312 hwphase_ns=448 trim_ppb=-40 cfg=2 p_ns=0 d_ns=-4 (pico_gnss pico-gnss-rs/src/main.rs:330)
355.444399 [INFO ] PPS count=350 interval_us=1000002 interval_ns=1000002320 state=Locked missed=0 (pico_gnss pico-gnss-rs/src/main.rs:203)
355.470692 [INFO ] NMEA $GPGST,131609.000,14,20,12,126.9,15,18,58*63 (pico_gnss pico-gnss-rs/src/main.rs:483)
355.749201 [INFO ] NMEA $GPGGA,131610.000,0000.0000,N,00000.0000,E,1,6,1.07,76.5,M,39.0,M,,*68 (pico_gnss pico-gnss-rs/src/main.rs:483)
355.807563 [INFO ] NMEA $GNGLL,0000.0000,N,00000.0000,E,131610.000,A,A*4D (pico_gnss pico-gnss-rs/src/main.rs:483)
355.865967 [INFO ] NMEA $GNGSA,A,3,24,28,12,29,32,23,,,,,,,1.42,1.07,0.94*14 (pico_gnss pico-gnss-rs/src/main.rs:483)
355.912909 [INFO ] NMEA $GNGSA,A,3,,,,,,,,,,,,,1.42,1.07,0.94*10 (pico_gnss pico-gnss-rs/src/main.rs:483)
355.917354 [INFO ] TIME unix_ns=1780924570472985588 ppb=2317 holdover_ms=1472 locked=1 (pico_gnss pico-gnss-rs/src/main.rs:237)
355.971656 [INFO ] NMEA $GPGSV,4,1,13,25,81,068,16,32,65,320,18,12,41,047,20,28,39,292,16*7A (pico_gnss pico-gnss-rs/src/main.rs:483)
356.058908 [INFO ] NMEA $GPGSV,4,2,13,10,37,221,,29,21,144,17,23,14,188,16,31,14,275,*73 (pico_gnss pico-gnss-rs/src/main.rs:483)
356.117400 [INFO ] NMEA $GPGSV,4,3,13,24,11,083,18,26,05,226,,193,,,,194,,,*78 (pico_gnss pico-gnss-rs/src/main.rs:483)
356.118773 [INFO ] NMEA $GPGSV,4,4,13,195,,,*46 (pico_gnss pico-gnss-rs/src/main.rs:483)
356.180492 [INFO ] NMEA $GLGSV,2,1,08,72,70,156,,75,67,280,,65,52,326,,74,43,027,*65 (pico_gnss pico-gnss-rs/src/main.rs:483)
356.267839 [INFO ] NMEA $GLGSV,2,2,08,76,18,236,,71,16,151,,66,04,330,,73,01,045,*66 (pico_gnss pico-gnss-rs/src/main.rs:483)
356.326532 [INFO ] NMEA $GNRMC,131610.000,A,0000.0000,N,00000.0000,E,0.66,43.02,080626,,,A*45 (pico_gnss pico-gnss-rs/src/main.rs:483)
356.329086 [INFO ] SYNC pps_local_us=349000811 unix_s=1780924570 drift_us=2 err_ns=4 holdover_ms=1000 (pico_gnss pico-gnss-rs/src/main.rs:514)
356.384689 [INFO ] NMEA $GPVTG,43.02,T,,M,0.66,N,1.23,K,A*08 (pico_gnss pico-gnss-rs/src/main.rs:483)
356.418014 [INFO ] NMEA $GPZDA,131610.000,08,06,2026,,*5A (pico_gnss pico-gnss-rs/src/main.rs:483)
356.442784 [INFO ] PPSGEN count=351 interval_ns=1000002304 dev_ns=2304 phase_ns=-1898312 hwphase_ns=432 trim_ppb=-43 cfg=2 p_ns=0 d_ns=-4 (pico_gnss pico-gnss-rs/src/main.rs:330)
356.444401 [INFO ] PPS count=351 interval_us=1000002 interval_ns=1000002320 state=Locked missed=0 (pico_gnss pico-gnss-rs/src/main.rs:203)
356.448088 [INFO ] NMEA $GPGST,131610.000,15,20,12,127.6,16,18,60*6C (pico_gnss pico-gnss-rs/src/main.rs:483)
356.823480 [INFO ] NMEA $GPGGA,131611.000,0000.0000,N,00000.0000,E,1,6,1.07,76.8,M,39.0,M,,*66 (pico_gnss pico-gnss-rs/src/main.rs:483)
356.881824 [INFO ] NMEA $GNGLL,0000.0000,N,00000.0000,E,131611.000,A,A*4E (pico_gnss pico-gnss-rs/src/main.rs:483)
356.918675 [INFO ] TIME unix_ns=1780924571474160585 ppb=2317 holdover_ms=1474 locked=1 (pico_gnss pico-gnss-rs/src/main.rs:237)
356.940584 [INFO ] NMEA $GNGSA,A,3,24,28,12,29,32,23,,,,,,,1.42,1.07,0.94*14 (pico_gnss pico-gnss-rs/src/main.rs:483)
356.976904 [INFO ] NMEA $GNGSA,A,3,,,,,,,,,,,,,1.42,1.07,0.94*10 (pico_gnss pico-gnss-rs/src/main.rs:483)
357.064298 [INFO ] NMEA $GPGSV,4,1,13,25,81,068,16,32,65,320,18,12,41,047,20,28,39,292,16*7A (pico_gnss pico-gnss-rs/src/main.rs:483)
357.122963 [INFO ] NMEA $GPGSV,4,2,13,10,37,221,,29,21,144,17,23,14,188,16,31,14,275,*73 (pico_gnss pico-gnss-rs/src/main.rs:483)
357.181411 [INFO ] NMEA $GPGSV,4,3,13,24,11,083,17,26,05,226,,193,,,,194,,,*77 (pico_gnss pico-gnss-rs/src/main.rs:483)
357.210660 [INFO ] NMEA $GPGSV,4,4,13,195,,,*46 (pico_gnss pico-gnss-rs/src/main.rs:483)
357.273250 [INFO ] NMEA $GLGSV,2,1,08,72,70,156,,75,67,280,,65,52,326,,74,43,027,*65 (pico_gnss pico-gnss-rs/src/main.rs:483)
357.331798 [INFO ] NMEA $GLGSV,2,2,08,76,18,236,,71,16,151,,66,04,330,,73,01,045,*66 (pico_gnss pico-gnss-rs/src/main.rs:483)
357.419067 [INFO ] NMEA $GNRMC,131611.000,A,0000.0000,N,00000.0000,E,0.84,25.35,080626,,,A*4E (pico_gnss pico-gnss-rs/src/main.rs:483)
357.421655 [INFO ] SYNC pps_local_us=350000813 unix_s=1780924571 drift_us=2 err_ns=3 holdover_ms=999 (pico_gnss pico-gnss-rs/src/main.rs:514)
357.442782 [INFO ] PPSGEN count=352 interval_ns=1000002304 dev_ns=2304 phase_ns=-1840312 hwphase_ns=416 trim_ppb=-46 cfg=2 p_ns=0 d_ns=-4 (pico_gnss pico-gnss-rs/src/main.rs:330)
357.444384 [INFO ] PPS count=352 interval_us=1000002 interval_ns=1000002320 state=Locked missed=0 (pico_gnss pico-gnss-rs/src/main.rs:203)
357.448896 [INFO ] NMEA $GPVTG,25.35,T,,M,0.84,N,1.56,K,A*02 (pico_gnss pico-gnss-rs/src/main.rs:483)
357.477855 [INFO ] NMEA $GPZDA,131611.000,08,06,2026,,*5B (pico_gnss pico-gnss-rs/src/main.rs:483)
357.521362 [INFO ] NMEA $GPGST,131611.000,15,23,11,125.6,16,20,66*62 (pico_gnss pico-gnss-rs/src/main.rs:483)
357.824295 [INFO ] NMEA $GPGGA,131612.000,0000.0000,N,00000.0000,E,1,6,1.07,77.1,M,39.0,M,,*6E (pico_gnss pico-gnss-rs/src/main.rs:483)
357.882657 [INFO ] NMEA $GNGLL,0000.0000,N,00000.0000,E,131612.000,A,A*4E (pico_gnss pico-gnss-rs/src/main.rs:483)
357.919993 [INFO ] TIME unix_ns=1780924572475481582 ppb=2317 holdover_ms=1475 locked=1 (pico_gnss pico-gnss-rs/src/main.rs:237)
357.941411 [INFO ] NMEA $GNGSA,A,3,24,28,12,29,32,23,,,,,,,1.42,1.07,0.94*14 (pico_gnss pico-gnss-rs/src/main.rs:483)
357.970651 [INFO ] NMEA $GNGSA,A,3,,,,,,,,,,,,,1.42,1.07,0.94*10 (pico_gnss pico-gnss-rs/src/main.rs:483)
358.054917 [INFO ] NMEA $GPGSV,4,1,13,25,81,068,16,32,65,320,18,12,41,047,20,28,39,292,17*7B (pico_gnss pico-gnss-rs/src/main.rs:483)
358.113508 [INFO ] NMEA $GPGSV,4,2,13,10,37,221,,29,21,144,17,23,14,188,16,31,14,275,*73 (pico_gnss pico-gnss-rs/src/main.rs:483)
358.171989 [INFO ] NMEA $GPGSV,4,3,13,24,11,083,16,26,05,226,,193,,,,194,,,*76 (pico_gnss pico-gnss-rs/src/main.rs:483)
358.201201 [INFO ] NMEA $GPGSV,4,4,13,195,,,*46 (pico_gnss pico-gnss-rs/src/main.rs:483)
358.263784 [INFO ] NMEA $GLGSV,2,1,08,72,70,156,,75,67,280,,65,52,326,,74,43,027,*65 (pico_gnss pico-gnss-rs/src/main.rs:483)
358.322395 [INFO ] NMEA $GLGSV,2,2,08,76,18,236,,71,16,151,,66,04,330,,73,01,045,*66 (pico_gnss pico-gnss-rs/src/main.rs:483)
358.409638 [INFO ] NMEA $GNRMC,131612.000,A,0000.0000,N,00000.0000,E,0.36,25.35,080626,,,A*47 (pico_gnss pico-gnss-rs/src/main.rs:483)
358.412198 [INFO ] SYNC pps_local_us=351000815 unix_s=1780924572 drift_us=2 err_ns=3 holdover_ms=999 (pico_gnss pico-gnss-rs/src/main.rs:514)
358.439302 [INFO ] NMEA $GPVTG,25.35,T,,M,0.36,N,0.67,K,A*08 (pico_gnss pico-gnss-rs/src/main.rs:483)
358.442787 [INFO ] PPSGEN count=353 interval_ns=1000002288 dev_ns=2288 phase_ns=-1869312 hwphase_ns=384 trim_ppb=-49 cfg=2 p_ns=0 d_ns=-8 (pico_gnss pico-gnss-rs/src/main.rs:330)
358.444393 [INFO ] PPS count=353 interval_us=1000002 interval_ns=1000002304 state=Locked missed=0 (pico_gnss pico-gnss-rs/src/main.rs:203)
358.497106 [INFO ] NMEA $GPZDA,131612.000,08,06,2026,,*58 (pico_gnss pico-gnss-rs/src/main.rs:483)
358.522851 [INFO ] NMEA $GPGST,131612.000,15,24,11,126.2,17,20,68*6E (pico_gnss pico-gnss-rs/src/main.rs:483)
358.818319 [INFO ] NMEA $GPGGA,131613.000,0000.0000,N,00000.0000,E,1,6,1.07,77.3,M,39.0,M,,*6D (pico_gnss pico-gnss-rs/src/main.rs:483)
358.876683 [INFO ] NMEA $GNGLL,0000.0000,N,00000.0000,E,131613.000,A,A*4F (pico_gnss pico-gnss-rs/src/main.rs:483)
358.921318 [INFO ] TIME unix_ns=1780924573476813579 ppb=2317 holdover_ms=1476 locked=1 (pico_gnss pico-gnss-rs/src/main.rs:237)
358.935446 [INFO ] NMEA $GNGSA,A,3,24,28,12,29,32,23,,,,,,,1.42,1.07,0.94*14 (pico_gnss pico-gnss-rs/src/main.rs:483)
358.964710 [INFO ] NMEA $GNGSA,A,3,,,,,,,,,,,,,1.42,1.07,0.94*10 (pico_gnss pico-gnss-rs/src/main.rs:483)
359.038615 [INFO ] NMEA $GPGSV,4,1,13,25,81,068,16,32,65,320,18,12,41,047,20,28,39,292,17*7B (pico_gnss pico-gnss-rs/src/main.rs:483)
359.126005 [INFO ] NMEA $GPGSV,4,2,13,10,37,221,,29,21,144,18,23,14,188,16,31,14,275,*7C (pico_gnss pico-gnss-rs/src/main.rs:483)
359.184510 [INFO ] NMEA $GPGSV,4,3,13,24,11,083,15,26,05,226,,193,,,,194,,,*75 (pico_gnss pico-gnss-rs/src/main.rs:483)
359.185874 [INFO ] NMEA $GPGSV,4,4,13,195,,,*46 (pico_gnss pico-gnss-rs/src/main.rs:483)
359.276300 [INFO ] NMEA $GLGSV,2,1,08,72,70,156,,75,67,280,,65,52,326,,74,43,027,*65 (pico_gnss pico-gnss-rs/src/main.rs:483)
359.334900 [INFO ] NMEA $GLGSV,2,2,08,76,18,236,,71,16,151,,66,04,330,,73,01,045,*66 (pico_gnss pico-gnss-rs/src/main.rs:483)
359.393486 [INFO ] NMEA $GNRMC,131613.000,A,0000.0000,N,00000.0000,E,1.25,190.94,080626,,,A*71 (pico_gnss pico-gnss-rs/src/main.rs:483)
359.396062 [INFO ] SYNC pps_local_us=352000818 unix_s=1780924573 drift_us=2 err_ns=-12 holdover_ms=1000 (pico_gnss pico-gnss-rs/src/main.rs:514)
359.442776 [INFO ] PPSGEN count=354 interval_ns=1000002288 dev_ns=2288 phase_ns=-1908312 hwphase_ns=368 trim_ppb=-51 cfg=2 p_ns=0 d_ns=-4 (pico_gnss pico-gnss-rs/src/main.rs:330)
359.444410 [INFO ] PPS count=354 interval_us=1000002 interval_ns=1000002304 state=Locked missed=0 (pico_gnss pico-gnss-rs/src/main.rs:203)
359.452001 [INFO ] NMEA $GPVTG,190.94,T,,M,1.25,N,2.32,K,A*3D (pico_gnss pico-gnss-rs/src/main.rs:483)
359.480974 [INFO ] NMEA $GPZDA,131613.000,08,06,2026,,*59 (pico_gnss pico-gnss-rs/src/main.rs:483)
359.518362 [INFO ] NMEA $GPGST,131613.000,16,24,11,126.7,17,21,71*60 (pico_gnss pico-gnss-rs/src/main.rs:483)
359.808371 [INFO ] NMEA $GPGGA,131614.000,0000.0000,N,00000.0000,E,1,6,1.07,77.5,M,39.0,M,,*61 (pico_gnss pico-gnss-rs/src/main.rs:483)
359.866756 [INFO ] NMEA $GNGLL,0000.0000,N,00000.0000,E,131614.000,A,A*45 (pico_gnss pico-gnss-rs/src/main.rs:483)
359.922636 [INFO ] TIME unix_ns=1780924574478135577 ppb=2316 holdover_ms=1478 locked=1 (pico_gnss pico-gnss-rs/src/main.rs:237)
359.925502 [INFO ] NMEA $GNGSA,A,3,24,28,12,29,32,23,,,,,,,1.42,1.07,0.94*14 (pico_gnss pico-gnss-rs/src/main.rs:483)
359.954749 [INFO ] NMEA $GNGSA,A,3,,,,,,,,,,,,,1.42,1.07,0.94*10 (pico_gnss pico-gnss-rs/src/main.rs:483)
360.045130 [INFO ] NMEA $GPGSV,4,1,13,25,81,068,16,32,65,320,18,12,41,047,20,28,39,292,17*7B (pico_gnss pico-gnss-rs/src/main.rs:483)
360.103744 [INFO ] NMEA $GPGSV,4,2,13,10,37,221,,29,21,144,18,23,14,188,16,31,14,275,*7C (pico_gnss pico-gnss-rs/src/main.rs:483)
360.162225 [INFO ] NMEA $GPGSV,4,3,13,24,11,083,15,26,05,226,,193,,,,194,,,*75 (pico_gnss pico-gnss-rs/src/main.rs:483)
360.191468 [INFO ] NMEA $GPGSV,4,4,13,195,,,*46 (pico_gnss pico-gnss-rs/src/main.rs:483)
360.249905 [INFO ] NMEA $GLGSV,2,1,08,72,70,156,,75,67,280,,65,52,326,,74,43,027,*65 (pico_gnss pico-gnss-rs/src/main.rs:483)
360.312573 [INFO ] NMEA $GLGSV,2,2,08,76,18,236,,71,16,151,,66,04,330,,73,01,045,*66 (pico_gnss pico-gnss-rs/src/main.rs:483)
360.399924 [INFO ] NMEA $GNRMC,131614.000,A,0000.0000,N,00000.0000,E,1.24,104.43,080626,,,A*7D (pico_gnss pico-gnss-rs/src/main.rs:483)
360.402518 [INFO ] SYNC pps_local_us=353000820 unix_s=1780924574 drift_us=2 err_ns=-12 holdover_ms=1000 (pico_gnss pico-gnss-rs/src/main.rs:514)
360.429608 [INFO ] NMEA $GPVTG,104.43,T,,M,1.24,N,2.31,K,A*38 (pico_gnss pico-gnss-rs/src/main.rs:483)
360.442795 [INFO ] PPSGEN count=355 interval_ns=1000002304 dev_ns=2304 phase_ns=-1898311 hwphase_ns=368 trim_ppb=-53 cfg=2 p_ns=0 d_ns=0 (pico_gnss pico-gnss-rs/src/main.rs:330)
360.444335 [INFO ] PPS count=355 interval_us=1000002 interval_ns=1000002320 state=Locked missed=0 (pico_gnss pico-gnss-rs/src/main.rs:203)
360.459015 [INFO ] NMEA $GPZDA,131614.000,08,06,2026,,*5E (pico_gnss pico-gnss-rs/src/main.rs:483)
360.508603 [INFO ] NMEA $GPGST,131614.000,16,25,11,127.8,18,21,76*60 (pico_gnss pico-gnss-rs/src/main.rs:483)
360.807964 [INFO ] NMEA $GPGGA,131615.000,0000.0000,N,00000.0000,E,1,6,1.07,77.3,M,39.0,M,,*63 (pico_gnss pico-gnss-rs/src/main.rs:483)
360.866319 [INFO ] NMEA $GNGLL,0000.0000,N,00000.0000,E,131615.000,A,A*41 (pico_gnss pico-gnss-rs/src/main.rs:483)
360.923948 [INFO ] TIME unix_ns=1780924575479429573 ppb=2316 holdover_ms=1479 locked=1 (pico_gnss pico-gnss-rs/src/main.rs:237)
360.925914 [INFO ] NMEA $GNGSA,A,3,24,28,12,29,32,23,,,,,,,1.42,1.07,0.94*14 (pico_gnss pico-gnss-rs/src/main.rs:483)
360.983025 [INFO ] NMEA $GNGSA,A,3,,,,,,,,,,,,,1.42,1.07,0.94*10 (pico_gnss pico-gnss-rs/src/main.rs:483)
361.045760 [INFO ] NMEA $GPGSV,4,1,13,25,81,068,16,32,65,320,18,12,41,047,21,28,39,292,17*7A (pico_gnss pico-gnss-rs/src/main.rs:483)
361.104405 [INFO ] NMEA $GPGSV,4,2,13,10,37,221,,29,21,144,18,23,14,188,16,31,14,275,*7C (pico_gnss pico-gnss-rs/src/main.rs:483)
361.162857 [INFO ] NMEA $GPGSV,4,3,13,24,11,083,15,26,05,226,,193,,,,194,,,*75 (pico_gnss pico-gnss-rs/src/main.rs:483)
361.192119 [INFO ] NMEA $GPGSV,4,4,13,195,,,*46 (pico_gnss pico-gnss-rs/src/main.rs:483)
361.279334 [INFO ] NMEA $GLGSV,2,1,08,72,70,156,,75,67,280,,65,52,326,,74,43,027,*65 (pico_gnss pico-gnss-rs/src/main.rs:483)
361.342017 [INFO ] NMEA $GLGSV,2,2,08,76,18,236,,71,16,151,,66,04,330,,73,01,045,*66 (pico_gnss pico-gnss-rs/src/main.rs:483)
361.400580 [INFO ] NMEA $GNRMC,131615.000,A,0000.0000,N,00000.0000,E,1.15,7.49,080626,,,A*73 (pico_gnss pico-gnss-rs/src/main.rs:483)
361.403113 [INFO ] SYNC pps_local_us=354000822 unix_s=1780924575 drift_us=2 err_ns=4 holdover_ms=999 (pico_gnss pico-gnss-rs/src/main.rs:514)
361.430216 [INFO ] NMEA $GPVTG,7.49,T,,M,1.15,N,2.12,K,A*33 (pico_gnss pico-gnss-rs/src/main.rs:483)
361.442806 [INFO ] PPSGEN count=356 interval_ns=1000002288 dev_ns=2288 phase_ns=-1806312 hwphase_ns=336 trim_ppb=-55 cfg=2 p_ns=0 d_ns=-8 (pico_gnss pico-gnss-rs/src/main.rs:330)
361.444422 [INFO ] PPS count=356 interval_us=1000002 interval_ns=1000002320 state=Locked missed=0 (pico_gnss pico-gnss-rs/src/main.rs:203)
361.488034 [INFO ] NMEA $GPZDA,131615.000,08,06,2026,,*5F (pico_gnss pico-gnss-rs/src/main.rs:483)
361.517637 [INFO ] NMEA $GPGST,131615.000,16,26,11,128.9,18,21,77*6D (pico_gnss pico-gnss-rs/src/main.rs:483)
361.809571 [INFO ] NMEA $GPGGA,131616.000,0000.0000,N,00000.0000,E,1,6,1.07,77.3,M,39.0,M,,*69 (pico_gnss pico-gnss-rs/src/main.rs:483)
361.867977 [INFO ] NMEA $GNGLL,0000.0000,N,00000.0000,E,131616.000,A,A*4B (pico_gnss pico-gnss-rs/src/main.rs:483)
361.925581 [INFO ] TIME unix_ns=1780924576481141569 ppb=2317 holdover_ms=1481 locked=1 (pico_gnss pico-gnss-rs/src/main.rs:237)
361.927167 [INFO ] NMEA $GNGSA,A,3,24,28,12,29,32,23,,,,,,,1.42,1.07,0.94*14 (pico_gnss pico-gnss-rs/src/main.rs:483)
361.956019 [INFO ] NMEA $GNGSA,A,3,,,,,,,,,,,,,1.42,1.07,0.94*10 (pico_gnss pico-gnss-rs/src/main.rs:483)
362.043187 [INFO ] NMEA $GPGSV,4,1,13,25,81,068,16,32,65,320,18,12,41,047,21,28,39,292,17*7A (pico_gnss pico-gnss-rs/src/main.rs:483)
362.106012 [INFO ] NMEA $GPGSV,4,2,13,10,37,221,,29,21,144,18,23,14,188,16,31,14,275,*7C (pico_gnss pico-gnss-rs/src/main.rs:483)
362.164469 [INFO ] NMEA $GPGSV,4,3,13,24,11,083,15,26,05,226,,193,,,,194,,,*75 (pico_gnss pico-gnss-rs/src/main.rs:483)
362.193706 [INFO ] NMEA $GPGSV,4,4,13,195,,,*46 (pico_gnss pico-gnss-rs/src/main.rs:483)
362.252218 [INFO ] NMEA $GLGSV,2,1,08,72,70,156,,75,67,280,,65,52,326,,74,43,027,*65 (pico_gnss pico-gnss-rs/src/main.rs:483)
362.314847 [INFO ] NMEA $GLGSV,2,2,08,76,18,236,,71,16,151,,66,04,330,,73,01,045,*66 (pico_gnss pico-gnss-rs/src/main.rs:483)
362.373518 [INFO ] NMEA $GNRMC,131616.000,A,0000.0000,N,00000.0000,E,1.81,22.51,080626,,,A*4A (pico_gnss pico-gnss-rs/src/main.rs:483)
362.376082 [INFO ] SYNC pps_local_us=355000825 unix_s=1780924576 drift_us=2 err_ns=4 holdover_ms=1000 (pico_gnss pico-gnss-rs/src/main.rs:514)
362.431624 [INFO ] NMEA $GPVTG,22.51,T,,M,1.81,N,3.36,K,A*07 (pico_gnss pico-gnss-rs/src/main.rs:483)
362.442820 [INFO ] PPSGEN count=357 interval_ns=1000002272 dev_ns=2272 phase_ns=-1897312 hwphase_ns=288 trim_ppb=-57 cfg=2 p_ns=0 d_ns=-12 (pico_gnss pico-gnss-rs/src/main.rs:330)
362.444455 [INFO ] PPS count=357 interval_us=1000002 interval_ns=1000002304 state=Locked missed=0 (pico_gnss pico-gnss-rs/src/main.rs:203)
362.461272 [INFO ] NMEA $GPZDA,131616.000,08,06,2026,,*5C (pico_gnss pico-gnss-rs/src/main.rs:483)
362.500437 [INFO ] NMEA $GPGST,131616.000,16,26,10,129.7,19,21,77*61 (pico_gnss pico-gnss-rs/src/main.rs:483)
362.776200 [INFO ] NMEA $GPGGA,131617.000,0000.0000,N,00000.0000,E,1,6,1.07,77.5,M,39.0,M,,*64 (pico_gnss pico-gnss-rs/src/main.rs:483)
362.834568 [INFO ] NMEA $GNGLL,0000.0000,N,00000.0000,E,131617.000,A,A*40 (pico_gnss pico-gnss-rs/src/main.rs:483)
362.893005 [INFO ] NMEA $GNGSA,A,3,24,28,12,29,32,23,,,,,,,1.42,1.07,0.94*14 (pico_gnss pico-gnss-rs/src/main.rs:483)
362.922500 [INFO ] NMEA $GNGSA,A,3,,,,,,,,,,,,,1.42,1.07,0.94*10 (pico_gnss pico-gnss-rs/src/main.rs:483)
362.927192 [INFO ] TIME unix_ns=1780924577482686566 ppb=2316 holdover_ms=1482 locked=1 (pico_gnss pico-gnss-rs/src/main.rs:237)
363.009937 [INFO ] NMEA $GPGSV,4,1,13,25,81,068,16,32,65,320,18,12,41,047,22,28,39,292,17*79 (pico_gnss pico-gnss-rs/src/main.rs:483)
363.072586 [INFO ] NMEA $GPGSV,4,2,13,10,37,221,,29,21,144,18,23,14,188,16,31,14,275,*7C (pico_gnss pico-gnss-rs/src/main.rs:483)
363.131138 [INFO ] NMEA $GPGSV,4,3,13,24,11,083,15,26,05,226,,193,,,,194,,,*75 (pico_gnss pico-gnss-rs/src/main.rs:483)
363.160410 [INFO ] NMEA $GPGSV,4,4,13,195,,,*46 (pico_gnss pico-gnss-rs/src/main.rs:483)
363.218887 [INFO ] NMEA $GLGSV,2,1,08,72,70,156,,75,67,280,,65,52,326,,74,43,027,*65 (pico_gnss pico-gnss-rs/src/main.rs:483)
363.277413 [INFO ] NMEA $GLGSV,2,2,08,76,18,236,,71,16,151,,66,04,330,,73,01,045,*66 (pico_gnss pico-gnss-rs/src/main.rs:483)
363.368906 [INFO ] NMEA $GNRMC,131617.000,A,0000.0000,N,00000.0000,E,2.06,353.16,080626,,,A*7B (pico_gnss pico-gnss-rs/src/main.rs:483)
363.371476 [INFO ] SYNC pps_local_us=356000827 unix_s=1780924577 drift_us=2 err_ns=-12 holdover_ms=1000 (pico_gnss pico-gnss-rs/src/main.rs:514)
363.398629 [INFO ] NMEA $GPVTG,353.16,T,,M,2.06,N,3.81,K,A*31 (pico_gnss pico-gnss-rs/src/main.rs:483)
363.427684 [INFO ] NMEA $GPZDA,131617.000,08,06,2026,,*5D (pico_gnss pico-gnss-rs/src/main.rs:483)
363.442775 [INFO ] PPSGEN count=358 interval_ns=1000002288 dev_ns=2288 phase_ns=-1942311 hwphase_ns=272 trim_ppb=-59 cfg=2 p_ns=0 d_ns=-4 (pico_gnss pico-gnss-rs/src/main.rs:330)
363.444382 [INFO ] PPS count=358 interval_us=1000002 interval_ns=1000002320 state=Locked missed=0 (pico_gnss pico-gnss-rs/src/main.rs:203)
363.479779 [INFO ] NMEA $GPGST,131617.000,17,25,11,128.3,18,21,72*62 (pico_gnss pico-gnss-rs/src/main.rs:483)
363.774738 [INFO ] NMEA $GPGGA,131618.000,0000.0000,N,00000.0000,E,1,6,1.07,78.2,M,39.0,M,,*61 (pico_gnss pico-gnss-rs/src/main.rs:483)
363.804399 [INFO ] NMEA $GNGLL,0000.0000,N,00000.0000,E,131618.000,A,A*4D (pico_gnss pico-gnss-rs/src/main.rs:483)
363.862758 [INFO ] NMEA $GNGSA,A,3,24,28,12,29,32,23,,,,,,,1.42,1.07,0.94*14 (pico_gnss pico-gnss-rs/src/main.rs:483)
363.920970 [INFO ] NMEA $GNGSA,A,3,,,,,,,,,,,,,1.42,1.07,0.94*10 (pico_gnss pico-gnss-rs/src/main.rs:483)
363.928468 [INFO ] TIME unix_ns=1780924578483943563 ppb=2316 holdover_ms=1483 locked=1 (pico_gnss pico-gnss-rs/src/main.rs:237)
363.979722 [INFO ] NMEA $GPGSV,4,1,13,25,81,068,16,32,65,320,18,12,41,047,23,28,39,292,17*78 (pico_gnss pico-gnss-rs/src/main.rs:483)
364.071123 [INFO ] NMEA $GPGSV,4,2,13,10,37,221,,29,21,144,18,23,14,188,16,31,14,275,*7C (pico_gnss pico-gnss-rs/src/main.rs:483)
364.129610 [INFO ] NMEA $GPGSV,4,3,13,24,11,083,16,26,05,226,,193,,,,194,,,*76 (pico_gnss pico-gnss-rs/src/main.rs:483)
364.130978 [INFO ] NMEA $GPGSV,4,4,13,195,,,*46 (pico_gnss pico-gnss-rs/src/main.rs:483)
364.217331 [INFO ] NMEA $GLGSV,2,1,08,72,70,156,,75,67,280,,65,52,326,,74,43,027,*65 (pico_gnss pico-gnss-rs/src/main.rs:483)
364.275931 [INFO ] NMEA $GLGSV,2,2,08,76,18,236,,71,16,151,,66,04,330,,73,01,045,*66 (pico_gnss pico-gnss-rs/src/main.rs:483)
364.338657 [INFO ] NMEA $GNRMC,131618.000,A,0000.0000,N,00000.0000,E,2.68,7.86,080626,,,A*75 (pico_gnss pico-gnss-rs/src/main.rs:483)
364.341226 [INFO ] SYNC pps_local_us=357000829 unix_s=1780924578 drift_us=2 err_ns=4 holdover_ms=999 (pico_gnss pico-gnss-rs/src/main.rs:514)
364.396752 [INFO ] NMEA $GPVTG,7.86,T,,M,2.68,N,4.97,K,A*32 (pico_gnss pico-gnss-rs/src/main.rs:483)
364.426072 [INFO ] NMEA $GPZDA,131618.000,08,06,2026,,*52 (pico_gnss pico-gnss-rs/src/main.rs:483)
364.442816 [INFO ] PPSGEN count=359 interval_ns=1000002288 dev_ns=2288 phase_ns=-1859311 hwphase_ns=240 trim_ppb=-60 cfg=2 p_ns=0 d_ns=-8 (pico_gnss pico-gnss-rs/src/main.rs:330)
364.444430 [INFO ] PPS count=359 interval_us=1000002 interval_ns=1000002304 state=Locked missed=0 (pico_gnss pico-gnss-rs/src/main.rs:203)
364.458185 [INFO ] NMEA $GPGST,131618.000,17,21,10,121.8,14,19,55*68 (pico_gnss pico-gnss-rs/src/main.rs:483)
364.741318 [INFO ] NMEA $GPGGA,131619.000,0000.0000,N,00000.0000,E,1,6,1.07,78.8,M,39.0,M,,*67 (pico_gnss pico-gnss-rs/src/main.rs:483)
364.804809 [INFO ] NMEA $GNGLL,0000.0000,N,00000.0000,E,131619.000,A,A*41 (pico_gnss pico-gnss-rs/src/main.rs:483)
364.863197 [INFO ] NMEA $GNGSA,A,3,24,28,12,29,32,23,,,,,,,1.42,1.07,0.94*14 (pico_gnss pico-gnss-rs/src/main.rs:483)
364.892748 [INFO ] NMEA $GNGSA,A,3,,,,,,,,,,,,,1.42,1.07,0.94*10 (pico_gnss pico-gnss-rs/src/main.rs:483)
364.929777 [INFO ] TIME unix_ns=1780924579485285561 ppb=2316 holdover_ms=1485 locked=1 (pico_gnss pico-gnss-rs/src/main.rs:237)
364.980188 [INFO ] NMEA $GPGSV,4,1,13,25,81,068,16,32,65,320,18,12,41,047,23,28,39,292,16*79 (pico_gnss pico-gnss-rs/src/main.rs:483)
365.042846 [INFO ] NMEA $GPGSV,4,2,13,10,37,221,,29,21,144,18,23,14,188,17,31,14,275,*7D (pico_gnss pico-gnss-rs/src/main.rs:483)
365.101280 [INFO ] NMEA $GPGSV,4,3,13,24,11,083,16,26,05,226,,193,,,,194,,,*76 (pico_gnss pico-gnss-rs/src/main.rs:483)
365.130542 [INFO ] NMEA $GPGSV,4,4,13,195,,,*46 (pico_gnss pico-gnss-rs/src/main.rs:483)
365.189044 [INFO ] NMEA $GLGSV,2,1,08,72,70,156,,75,67,280,,65,52,326,,74,43,027,*65 (pico_gnss pico-gnss-rs/src/main.rs:483)
365.247571 [INFO ] NMEA $GLGSV,2,2,08,76,18,236,,71,16,151,,66,04,330,,73,01,045,*66 (pico_gnss pico-gnss-rs/src/main.rs:483)
365.339139 [INFO ] NMEA $GNRMC,131619.000,A,0000.0000,N,00000.0000,E,2.29,351.06,080626,,,A*74 (pico_gnss pico-gnss-rs/src/main.rs:483)
365.341715 [INFO ] SYNC pps_local_us=358000831 unix_s=1780924579 drift_us=2 err_ns=-11 holdover_ms=1000 (pico_gnss pico-gnss-rs/src/main.rs:514)
365.368814 [INFO ] NMEA $GPVTG,351.06,T,,M,2.29,N,4.25,K,A*36 (pico_gnss pico-gnss-rs/src/main.rs:483)
365.397901 [INFO ] NMEA $GPZDA,131619.000,08,06,2026,,*53 (pico_gnss pico-gnss-rs/src/main.rs:483)
365.442787 [INFO ] PPSGEN count=360 interval_ns=1000002288 dev_ns=2288 phase_ns=-1947311 hwphase_ns=224 trim_ppb=-61 cfg=2 p_ns=0 d_ns=-4 (pico_gnss pico-gnss-rs/src/main.rs:330)
365.444403 [INFO ] PPS count=360 interval_us=1000002 interval_ns=1000002320 state=Locked missed=0 (pico_gnss pico-gnss-rs/src/main.rs:203)
365.446178 [INFO ] NMEA $GPGST,131619.000,17,21,9.6,122.6,14,18,55*45 (pico_gnss pico-gnss-rs/src/main.rs:483)
365.833463 [INFO ] NMEA $GPGGA,131620.000,0000.0000,N,00000.0000,E,1,6,1.07,78.7,M,39.0,M,,*6F (pico_gnss pico-gnss-rs/src/main.rs:483)
365.883618 [INFO ] NMEA $GNGLL,0000.0000,N,00000.0000,E,131620.000,A,A*46 (pico_gnss pico-gnss-rs/src/main.rs:483)
365.931103 [INFO ] TIME unix_ns=1780924580486556558 ppb=2316 holdover_ms=1486 locked=1 (pico_gnss pico-gnss-rs/src/main.rs:237)
365.942351 [INFO ] NMEA $GNGSA,A,3,24,28,12,29,32,23,,,,,,,1.42,1.07,0.94*14 (pico_gnss pico-gnss-rs/src/main.rs:483)
366.000293 [INFO ] NMEA $GNGSA,A,3,,,,,,,,,,,,,1.42,1.07,0.94*10 (pico_gnss pico-gnss-rs/src/main.rs:483)
366.058945 [INFO ] NMEA $GPGSV,4,1,13,25,81,068,16,32,65,320,18,12,41,047,23,28,39,292,15*7A (pico_gnss pico-gnss-rs/src/main.rs:483)
366.117563 [INFO ] NMEA $GPGSV,4,2,13,10,37,221,,29,21,144,18,23,14,188,17,31,14,275,*7D (pico_gnss pico-gnss-rs/src/main.rs:483)
366.180074 [INFO ] NMEA $GPGSV,4,3,13,24,11,083,16,26,05,226,,193,,,,194,,,*76 (pico_gnss pico-gnss-rs/src/main.rs:483)
366.209358 [INFO ] NMEA $GPGSV,4,4,13,195,,,*46 (pico_gnss pico-gnss-rs/src/main.rs:483)
366.267853 [INFO ] NMEA $GLGSV,2,1,08,72,70,156,,75,67,280,,65,52,326,,74,43,027,*65 (pico_gnss pico-gnss-rs/src/main.rs:483)
366.355132 [INFO ] NMEA $GLGSV,2,2,08,76,18,236,,71,16,151,,66,04,330,,73,01,045,*66 (pico_gnss pico-gnss-rs/src/main.rs:483)
366.417808 [INFO ] NMEA $GNRMC,131620.000,A,0000.0000,N,00000.0000,E,2.29,337.28,080626,,,A*7F (pico_gnss pico-gnss-rs/src/main.rs:483)
366.420383 [INFO ] SYNC pps_local_us=359000834 unix_s=1780924580 drift_us=2 err_ns=4 holdover_ms=999 (pico_gnss pico-gnss-rs/src/main.rs:514)
366.442795 [INFO ] PPSGEN count=361 interval_ns=1000002288 dev_ns=2288 phase_ns=-1834311 hwphase_ns=192 trim_ppb=-62 cfg=2 p_ns=0 d_ns=-8 (pico_gnss pico-gnss-rs/src/main.rs:330)
366.444414 [INFO ] PPS count=361 interval_us=1000002 interval_ns=1000002304 state=Locked missed=0 (pico_gnss pico-gnss-rs/src/main.rs:203)
366.447646 [INFO ] NMEA $GPVTG,337.28,T,,M,2.29,N,4.24,K,A*3B (pico_gnss pico-gnss-rs/src/main.rs:483)
366.505219 [INFO ] NMEA $GPZDA,131620.000,08,06,2026,,*59 (pico_gnss pico-gnss-rs/src/main.rs:483)
366.534946 [INFO ] NMEA $GPGST,131620.000,17,21,9.3,123.0,14,18,56*4E (pico_gnss pico-gnss-rs/src/main.rs:483)
366.848426 [INFO ] NMEA $GPGGA,131621.000,0000.0000,N,00000.0000,E,1,6,1.07,78.5,M,39.0,M,,*65 (pico_gnss pico-gnss-rs/src/main.rs:483)
366.913991 [INFO ] NMEA $GNGLL,0000.0000,N,00000.0000,E,131621.000,A,A*4E (pico_gnss pico-gnss-rs/src/main.rs:483)
366.932382 [INFO ] TIME unix_ns=1780924581487887555 ppb=2316 holdover_ms=1487 locked=1 (pico_gnss pico-gnss-rs/src/main.rs:237)
366.972418 [INFO ] NMEA $GNGSA,A,3,24,28,12,29,32,23,,,,,,,1.42,1.07,0.94*14 (pico_gnss pico-gnss-rs/src/main.rs:483)
367.001953 [INFO ] NMEA $GNGSA,A,3,,,,,,,,,,,,,1.42,1.07,0.94*10 (pico_gnss pico-gnss-rs/src/main.rs:483)
367.089262 [INFO ] NMEA $GPGSV,4,1,13,25,81,068,16,32,65,320,18,12,41,047,23,28,39,292,15*7A (pico_gnss pico-gnss-rs/src/main.rs:483)
367.147915 [INFO ] NMEA $GPGSV,4,2,13,10,37,221,,29,21,144,18,23,14,188,17,31,14,275,*7D (pico_gnss pico-gnss-rs/src/main.rs:483)
367.210457 [INFO ] NMEA $GPGSV,4,3,13,24,11,083,16,26,05,226,,193,,,,194,,,*76 (pico_gnss pico-gnss-rs/src/main.rs:483)
367.239706 [INFO ] NMEA $GPGSV,4,4,13,195,,,*46 (pico_gnss pico-gnss-rs/src/main.rs:483)
367.298250 [INFO ] NMEA $GLGSV,2,1,08,72,70,156,,75,67,280,,65,52,326,,74,43,027,*65 (pico_gnss pico-gnss-rs/src/main.rs:483)
367.356724 [INFO ] NMEA $GLGSV,2,2,08,76,18,236,,71,16,151,,66,04,330,,73,01,045,*66 (pico_gnss pico-gnss-rs/src/main.rs:483)
367.442804 [INFO ] PPSGEN count=362 interval_ns=1000002272 dev_ns=2272 phase_ns=-1918626 hwphase_ns=160 trim_ppb=-63 cfg=2 p_ns=0 d_ns=-8 (pico_gnss pico-gnss-rs/src/main.rs:330)
367.444410 [INFO ] PPS count=362 interval_us=1000002 interval_ns=1000002320 state=Locked missed=0 (pico_gnss pico-gnss-rs/src/main.rs:203)
367.446040 [INFO ] NMEA $GNRMC,131621.000,A,0000.0000,N,00000.0000,E,1.41,316.61,080626,,,A*74 (pico_gnss pico-gnss-rs/src/main.rs:483)
367.449022 [INFO ] SYNC pps_local_us=361000838 unix_s=1780924581 drift_us=2 err_ns=-7 holdover_ms=2000 (pico_gnss pico-gnss-rs/src/main.rs:514)
367.477682 [INFO ] NMEA $GPVTG,316.61,T,,M,1.41,N,2.62,K,A*3C (pico_gnss pico-gnss-rs/src/main.rs:483)
367.506872 [INFO ] NMEA $GPZDA,131621.000,08,06,2026,,*58 (pico_gnss pico-gnss-rs/src/main.rs:483)
367.549489 [INFO ] NMEA $GPGST,131621.000,17,21,9.0,122.2,13,18,57*49 (pico_gnss pico-gnss-rs/src/main.rs:483)
367.829386 [INFO ] NMEA $GPGGA,131622.000,0000.0000,N,00000.0000,E,1,6,1.07,78.6,M,39.0,M,,*68 (pico_gnss pico-gnss-rs/src/main.rs:483)
367.887759 [INFO ] NMEA $GNGLL,0000.0000,N,00000.0000,E,131622.000,A,A*40 (pico_gnss pico-gnss-rs/src/main.rs:483)
367.933685 [INFO ] TIME unix_ns=1780924581489173868 ppb=2316 holdover_ms=489 locked=1 (pico_gnss pico-gnss-rs/src/main.rs:237)
367.940331 [INFO ] NMEA $GNGSA,A,3,24,28,12,29,32,23,,,,,,,1.42,1.07,0.94*14 (pico_gnss pico-gnss-rs/src/main.rs:483)
367.969615 [INFO ] NMEA $GNGSA,A,3,,,,,,,,,,,,,1.42,1.07,0.94*10 (pico_gnss pico-gnss-rs/src/main.rs:483)
368.056882 [INFO ] NMEA $GPGSV,4,1,13,25,81,068,16,32,65,320,18,12,41,047,23,28,39,292,15*7A (pico_gnss pico-gnss-rs/src/main.rs:483)
368.115525 [INFO ] NMEA $GPGSV,4,2,13,10,37,221,,29,21,144,18,23,14,188,17,31,14,275,*7D (pico_gnss pico-gnss-rs/src/main.rs:483)
368.178163 [INFO ] NMEA $GPGSV,4,3,13,24,11,083,16,26,05,226,,193,,,,194,,,*76 (pico_gnss pico-gnss-rs/src/main.rs:483)
368.207403 [INFO ] NMEA $GPGSV,4,4,13,195,,,*46 (pico_gnss pico-gnss-rs/src/main.rs:483)
368.265889 [INFO ] NMEA $GLGSV,2,1,08,72,70,156,,75,67,280,,65,52,326,,74,43,027,*65 (pico_gnss pico-gnss-rs/src/main.rs:483)
368.353133 [INFO ] NMEA $GLGSV,2,2,08,76,18,236,,71,16,151,,66,04,330,,73,01,045,*66 (pico_gnss pico-gnss-rs/src/main.rs:483)
368.411768 [INFO ] NMEA $GNRMC,131622.000,A,0000.0000,N,00000.0000,E,1.80,321.69,080626,,,A*7B (pico_gnss pico-gnss-rs/src/main.rs:483)
368.442862 [INFO ] PPSGEN count=363 interval_ns=1000002272 dev_ns=2272 phase_ns=-1908311 hwphase_ns=112 trim_ppb=-63 cfg=2 p_ns=0 d_ns=-12 (pico_gnss pico-gnss-rs/src/main.rs:330)
368.444517 [INFO ] PPS count=363 interval_us=1000002 interval_ns=1000002304 state=Locked missed=0 (pico_gnss pico-gnss-rs/src/main.rs:203)
368.446519 [INFO ] NMEA $GPVTG,321.69,T,,M,1.80,N,3.33,K,A*38 (pico_gnss pico-gnss-rs/src/main.rs:483)
368.504273 [INFO ] NMEA $GPZDA,131622.000,08,06,2026,,*5B (pico_gnss pico-gnss-rs/src/main.rs:483)
368.530866 [INFO ] NMEA $GPGST,131622.000,17,21,9.2,122.3,14,18,59*40 (pico_gnss pico-gnss-rs/src/main.rs:483)
368.812398 [INFO ] NMEA $GPGGA,131623.000,0000.0000,N,00000.0000,E,1,6,1.07,78.7,M,39.0,M,,*6B (pico_gnss pico-gnss-rs/src/main.rs:483)
368.870744 [INFO ] NMEA $GNGLL,0000.0000,N,00000.0000,E,131623.000,A,A*42 (pico_gnss pico-gnss-rs/src/main.rs:483)
368.909676 [INFO ] NMEA $GNGSA,A,3,24,28,12,29,32,23,,,,,,,1.42,1.07,0.94*14 (pico_gnss pico-gnss-rs/src/main.rs:483)
368.934954 [INFO ] TIME unix_ns=1780924582490461549 ppb=2315 holdover_ms=1490 locked=1 (pico_gnss pico-gnss-rs/src/main.rs:237)
368.967971 [INFO ] NMEA $GNGSA,A,3,,,,,,,,,,,,,1.42,1.07,0.94*10 (pico_gnss pico-gnss-rs/src/main.rs:483)
369.026575 [INFO ] NMEA $GPGSV,4,1,13,25,81,068,16,32,65,320,18,12,41,047,23,28,39,292,14*7B (pico_gnss pico-gnss-rs/src/main.rs:483)
369.113945 [INFO ] NMEA $GPGSV,4,2,13,10,37,221,,29,21,144,18,23,14,188,17,31,14,275,*7D (pico_gnss pico-gnss-rs/src/main.rs:483)
369.176520 [INFO ] NMEA $GPGSV,4,3,13,24,11,083,15,26,05,226,,193,,,,194,,,*75 (pico_gnss pico-gnss-rs/src/main.rs:483)
369.205734 [INFO ] NMEA $GPGSV,4,4,13,195,,,*46 (pico_gnss pico-gnss-rs/src/main.rs:483)
369.264253 [INFO ] NMEA $GLGSV,2,1,08,72,70,156,,75,67,280,,65,52,326,,74,43,027,*65 (pico_gnss pico-gnss-rs/src/main.rs:483)
369.322827 [INFO ] NMEA $GLGSV,2,2,08,76,18,236,,71,16,151,,66,04,330,,73,01,045,*66 (pico_gnss pico-gnss-rs/src/main.rs:483)
369.410160 [INFO ] NMEA $GNRMC,131623.000,A,0000.0000,N,00000.0000,E,0.77,323.15,080626,,,A*79 (pico_gnss pico-gnss-rs/src/main.rs:483)
369.412743 [INFO ] SYNC pps_local_us=362000841 unix_s=1780924583 drift_us=2 err_ns=-11 holdover_ms=1000 (pico_gnss pico-gnss-rs/src/main.rs:514)
369.442785 [INFO ] PPSGEN count=364 interval_ns=1000002288 dev_ns=2288 phase_ns=-1993310 hwphase_ns=96 trim_ppb=-63 cfg=2 p_ns=0 d_ns=-4 (pico_gnss pico-gnss-rs/src/main.rs:330)
369.444404 [INFO ] PPS count=364 interval_us=1000002 interval_ns=1000002320 state=Locked missed=0 (pico_gnss pico-gnss-rs/src/main.rs:203)
369.446179 [INFO ] NMEA $GPVTG,323.15,T,,M,0.77,N,1.43,K,A*3D (pico_gnss pico-gnss-rs/src/main.rs:483)
369.475170 [INFO ] NMEA $GPZDA,131623.000,08,06,2026,,*5A (pico_gnss pico-gnss-rs/src/main.rs:483)
369.513522 [INFO ] NMEA $GPGST,131623.000,17,21,9.4,122.5,14,19,61*4B (pico_gnss pico-gnss-rs/src/main.rs:483)
369.788427 [INFO ] NMEA $GPGGA,131624.000,0000.0000,N,00000.0000,E,1,6,1.07,78.8,M,39.0,M,,*64 (pico_gnss pico-gnss-rs/src/main.rs:483)
369.846788 [INFO ] NMEA $GNGLL,0000.0000,N,00000.0000,E,131624.000,A,A*42 (pico_gnss pico-gnss-rs/src/main.rs:483)
369.901113 [INFO ] NMEA $GNGSA,A,3,24,28,12,29,32,23,,,,,,,1.42,1.07,0.94*14 (pico_gnss pico-gnss-rs/src/main.rs:483)
369.930628 [INFO ] NMEA $GNGSA,A,3,,,,,,,,,,,,,1.42,1.07,0.94*10 (pico_gnss pico-gnss-rs/src/main.rs:483)
369.936240 [INFO ] TIME unix_ns=1780924584491660546 ppb=2316 holdover_ms=1491 locked=1 (pico_gnss pico-gnss-rs/src/main.rs:237)
370.018011 [INFO ] NMEA $GPGSV,4,1,13,25,81,068,16,32,65,320,18,12,41,047,24,28,39,292,13*7B (pico_gnss pico-gnss-rs/src/main.rs:483)
370.076637 [INFO ] NMEA $GPGSV,4,2,13,10,37,221,,29,21,144,18,23,14,188,17,31,14,275,*7D (pico_gnss pico-gnss-rs/src/main.rs:483)
370.135072 [INFO ] NMEA $GPGSV,4,3,13,24,11,083,15,26,05,226,,193,,,,194,,,*75 (pico_gnss pico-gnss-rs/src/main.rs:483)
370.168358 [INFO ] NMEA $GPGSV,4,4,13,195,,,*46 (pico_gnss pico-gnss-rs/src/main.rs:483)
370.226914 [INFO ] NMEA $GLGSV,2,1,08,72,70,156,,75,67,280,,65,52,326,,74,43,027,*65 (pico_gnss pico-gnss-rs/src/main.rs:483)
370.285463 [INFO ] NMEA $GLGSV,2,2,08,76,18,236,,71,16,151,,66,04,330,,73,01,045,*66 (pico_gnss pico-gnss-rs/src/main.rs:483)
370.372860 [INFO ] NMEA $GNRMC,131624.000,A,0000.0000,N,00000.0000,E,0.54,323.15,080626,,,A*78 (pico_gnss pico-gnss-rs/src/main.rs:483)
370.375424 [INFO ] SYNC pps_local_us=363000843 unix_s=1780924584 drift_us=2 err_ns=5 holdover_ms=999 (pico_gnss pico-gnss-rs/src/main.rs:514)
370.402536 [INFO ] NMEA $GPVTG,323.15,T,,M,0.54,N,1.00,K,A*3B (pico_gnss pico-gnss-rs/src/main.rs:483)
370.442809 [INFO ] PPSGEN count=365 interval_ns=1000002272 dev_ns=2272 phase_ns=-1894311 hwphase_ns=48 trim_ppb=-63 cfg=2 p_ns=0 d_ns=-12 (pico_gnss pico-gnss-rs/src/main.rs:330)
370.444440 [INFO ] PPS count=365 interval_us=1000002 interval_ns=1000002320 state=Locked missed=0 (pico_gnss pico-gnss-rs/src/main.rs:203)
370.464697 [INFO ] NMEA $GPZDA,131624.000,08,06,2026,,*5D (pico_gnss pico-gnss-rs/src/main.rs:483)
370.489992 [INFO ] NMEA $GPGST,131624.000,17,22,9.6,122.9,14,19,63*43 (pico_gnss pico-gnss-rs/src/main.rs:483)
370.776325 [INFO ] NMEA $GPGGA,131625.000,0000.0000,N,00000.0000,E,1,6,1.07,78.8,M,39.0,M,,*62 (pico_gnss pico-gnss-rs/src/main.rs:483)
370.834683 [INFO ] NMEA $GNGLL,0000.0000,N,00000.0000,E,131625.000,A,A*44 (pico_gnss pico-gnss-rs/src/main.rs:483)
370.893074 [INFO ] NMEA $GNGSA,A,3,24,28,12,29,32,23,,,,,,,1.42,1.07,0.94*14 (pico_gnss pico-gnss-rs/src/main.rs:483)
370.933844 [INFO ] NMEA $GNGSA,A,3,,,,,,,,,,,,,1.42,1.07,0.94*10 (pico_gnss pico-gnss-rs/src/main.rs:483)
370.937522 [INFO ] TIME unix_ns=1780924585493045543 ppb=2316 holdover_ms=1493 locked=1 (pico_gnss pico-gnss-rs/src/main.rs:237)
370.992678 [INFO ] NMEA $GPGSV,4,1,13,25,81,068,16,32,65,320,18,12,41,047,24,28,39,292,13*7B (pico_gnss pico-gnss-rs/src/main.rs:483)
371.079978 [INFO ] NMEA $GPGSV,4,2,13,10,37,221,,29,21,144,18,23,14,188,17,31,14,275,*7D (pico_gnss pico-gnss-rs/src/main.rs:483)
371.138421 [INFO ] NMEA $GPGSV,4,3,13,24,11,083,15,26,05,226,,193,,,,194,,,*75 (pico_gnss pico-gnss-rs/src/main.rs:483)
371.167615 [INFO ] NMEA $GPGSV,4,4,13,195,,,*46 (pico_gnss pico-gnss-rs/src/main.rs:483)
371.230272 [INFO ] NMEA $GLGSV,2,1,08,72,70,156,,75,67,280,,65,52,326,,74,43,027,*65 (pico_gnss pico-gnss-rs/src/main.rs:483)
371.288801 [INFO ] NMEA $GLGSV,2,2,08,76,18,236,,71,16,151,,66,04,330,,73,01,045,*66 (pico_gnss pico-gnss-rs/src/main.rs:483)
371.347503 [INFO ] NMEA $GNRMC,131625.000,A,0000.0000,N,00000.0000,E,1.22,298.85,080626,,,A*76 (pico_gnss pico-gnss-rs/src/main.rs:483)
371.350069 [INFO ] SYNC pps_local_us=364000845 unix_s=1780924585 drift_us=2 err_ns=5 holdover_ms=1000 (pico_gnss pico-gnss-rs/src/main.rs:514)
371.405643 [INFO ] NMEA $GPVTG,298.85,T,,M,1.22,N,2.26,K,A*34 (pico_gnss pico-gnss-rs/src/main.rs:483)
371.438983 [INFO ] NMEA $GPZDA,131625.000,08,06,2026,,*5C (pico_gnss pico-gnss-rs/src/main.rs:483)
371.442819 [INFO ] PPSGEN count=366 interval_ns=1000002272 dev_ns=2272 phase_ns=-1898311 hwphase_ns=0 trim_ppb=-63 cfg=2 p_ns=0 d_ns=-12 (pico_gnss pico-gnss-rs/src/main.rs:330)
371.444425 [INFO ] PPS count=366 interval_us=1000002 interval_ns=1000002304 state=Locked missed=0 (pico_gnss pico-gnss-rs/src/main.rs:203)
371.477596 [INFO ] NMEA $GPGST,131625.000,17,22,9.7,123.3,15,20,66*46 (pico_gnss pico-gnss-rs/src/main.rs:483)
371.757272 [INFO ] NMEA $GPGGA,131626.000,0000.0000,N,00000.0000,E,1,6,1.07,78.7,M,39.0,M,,*68 (pico_gnss pico-gnss-rs/src/main.rs:483)
371.815637 [INFO ] NMEA $GNGLL,0000.0000,N,00000.0000,E,131626.000,A,A*41 (pico_gnss pico-gnss-rs/src/main.rs:483)
371.874081 [INFO ] NMEA $GNGSA,A,3,24,28,12,29,32,23,,,,,,,1.42,1.07,0.94*14 (pico_gnss pico-gnss-rs/src/main.rs:483)
371.901494 [INFO ] NMEA $GNGSA,A,3,,,,,,,,,,,,,1.42,1.07,0.94*10 (pico_gnss pico-gnss-rs/src/main.rs:483)
371.938839 [INFO ] TIME unix_ns=1780924586494302541 ppb=2315 holdover_ms=1494 locked=1 (pico_gnss pico-gnss-rs/src/main.rs:237)
371.989005 [INFO ] NMEA $GPGSV,4,1,13,25,81,068,15,32,65,320,18,12,41,047,24,28,39,292,13*78 (pico_gnss pico-gnss-rs/src/main.rs:483)
372.047505 [INFO ] NMEA $GPGSV,4,2,13,10,37,221,,29,21,144,18,23,14,188,17,31,14,275,*7D (pico_gnss pico-gnss-rs/src/main.rs:483)
372.105987 [INFO ] NMEA $GPGSV,4,3,13,24,11,083,16,26,05,226,,193,,,,194,,,*76 (pico_gnss pico-gnss-rs/src/main.rs:483)
372.135204 [INFO ] NMEA $GPGSV,4,4,13,195,,,*46 (pico_gnss pico-gnss-rs/src/main.rs:483)
372.197791 [INFO ] NMEA $GLGSV,2,1,08,72,70,156,,75,67,280,,65,52,326,,74,43,027,*65 (pico_gnss pico-gnss-rs/src/main.rs:483)
372.256375 [INFO ] NMEA $GLGSV,2,2,08,76,18,236,,71,16,151,,66,04,330,,73,01,045,*66 (pico_gnss pico-gnss-rs/src/main.rs:483)
372.343809 [INFO ] NMEA $GNRMC,131626.000,A,0000.0000,N,00000.0000,E,1.59,277.62,080626,,,A*77 (pico_gnss pico-gnss-rs/src/main.rs:483)
372.346401 [INFO ] SYNC pps_local_us=365000848 unix_s=1780924586 drift_us=2 err_ns=-11 holdover_ms=999 (pico_gnss pico-gnss-rs/src/main.rs:514)
372.373503 [INFO ] NMEA $GPVTG,277.62,T,,M,1.59,N,2.94,K,A*39 (pico_gnss pico-gnss-rs/src/main.rs:483)
372.431112 [INFO ] NMEA $GPZDA,131626.000,08,06,2026,,*5F (pico_gnss pico-gnss-rs/src/main.rs:483)
372.442821 [INFO ] PPSGEN count=367 interval_ns=1000002288 dev_ns=2288 phase_ns=-1895310 hwphase_ns=-16 trim_ppb=-63 cfg=2 p_ns=0 d_ns=-4 (pico_gnss pico-gnss-rs/src/main.rs:330)
372.444531 [INFO ] PPS count=367 interval_us=1000002 interval_ns=1000002304 state=Locked missed=0 (pico_gnss pico-gnss-rs/src/main.rs:203)
372.459109 [INFO ] NMEA $GPGST,131626.000,17,23,9.6,124.4,15,20,67*44 (pico_gnss pico-gnss-rs/src/main.rs:483)
372.846237 [INFO ] NMEA $GPGGA,131627.000,0000.0000,N,00000.0000,E,1,6,1.07,78.7,M,39.0,M,,*6C (pico_gnss pico-gnss-rs/src/main.rs:483)
372.904596 [INFO ] NMEA $GNGLL,0000.0000,N,00000.0000,E,131627.000,A,A*45 (pico_gnss pico-gnss-rs/src/main.rs:483)
372.940160 [INFO ] TIME unix_ns=1780924587495635538 ppb=2315 holdover_ms=1495 locked=1 (pico_gnss pico-gnss-rs/src/main.rs:237)
372.963364 [INFO ] NMEA $GNGSA,A,3,24,28,12,29,32,23,,,,,,,1.42,1.07,0.94*14 (pico_gnss pico-gnss-rs/src/main.rs:483)
373.005848 [INFO ] NMEA $GNGSA,A,3,,,,,,,,,,,,,1.42,1.07,0.94*10 (pico_gnss pico-gnss-rs/src/main.rs:483)
373.064507 [INFO ] NMEA $GPGSV,4,1,13,25,81,068,15,32,65,320,18,12,41,047,24,28,39,292,13*78 (pico_gnss pico-gnss-rs/src/main.rs:483)
373.151921 [INFO ] NMEA $GPGSV,4,2,13,10,37,221,,29,21,144,18,23,14,188,17,31,14,275,*7D (pico_gnss pico-gnss-rs/src/main.rs:483)
373.210401 [INFO ] NMEA $GPGSV,4,3,13,24,11,083,16,26,05,226,,193,,,,194,,,*76 (pico_gnss pico-gnss-rs/src/main.rs:483)
373.239618 [INFO ] NMEA $GPGSV,4,4,13,195,,,*46 (pico_gnss pico-gnss-rs/src/main.rs:483)
373.302223 [INFO ] NMEA $GLGSV,2,1,08,72,70,156,,75,67,280,,65,52,326,,74,43,027,*65 (pico_gnss pico-gnss-rs/src/main.rs:483)
373.360738 [INFO ] NMEA $GLGSV,2,2,08,76,18,236,,71,16,151,,66,04,330,,73,01,045,*66 (pico_gnss pico-gnss-rs/src/main.rs:483)
373.419325 [INFO ] NMEA $GNRMC,131627.000,A,0000.0000,N,00000.0000,E,1.19,304.32,080626,,,A*77 (pico_gnss pico-gnss-rs/src/main.rs:483)
373.421900 [INFO ] SYNC pps_local_us=366000850 unix_s=1780924587 drift_us=2 err_ns=-10 holdover_ms=1000 (pico_gnss pico-gnss-rs/src/main.rs:514)
373.442831 [INFO ] PPSGEN count=368 interval_ns=1000002272 dev_ns=2272 phase_ns=-1924310 hwphase_ns=-48 trim_ppb=-63 cfg=2 p_ns=0 d_ns=-8 (pico_gnss pico-gnss-rs/src/main.rs:330)
373.444512 [INFO ] PPS count=368 interval_us=1000002 interval_ns=1000002320 state=Locked missed=0 (pico_gnss pico-gnss-rs/src/main.rs:203)
373.477511 [INFO ] NMEA $GPVTG,304.32,T,,M,1.19,N,2.21,K,A*33 (pico_gnss pico-gnss-rs/src/main.rs:483)
373.506776 [INFO ] NMEA $GPZDA,131627.000,08,06,2026,,*5E (pico_gnss pico-gnss-rs/src/main.rs:483)
373.547187 [INFO ] NMEA $GPGST,131627.000,17,24,9.4,125.3,16,20,69*4B (pico_gnss pico-gnss-rs/src/main.rs:483)
373.828358 [INFO ] NMEA $GPGGA,131628.000,0000.0000,N,00000.0000,E,1,6,1.34,78.6,M,39.0,M,,*60 (pico_gnss pico-gnss-rs/src/main.rs:483)
373.886723 [INFO ] NMEA $GNGLL,0000.0000,N,00000.0000,E,131628.000,A,A*48 (pico_gnss pico-gnss-rs/src/main.rs:483)
373.941481 [INFO ] TIME unix_ns=1780924588496846535 ppb=2315 holdover_ms=1496 locked=1 (pico_gnss pico-gnss-rs/src/main.rs:237)
373.945503 [INFO ] NMEA $GNGSA,A,3,24,28,12,29,32,23,,,,,,,1.65,1.34,0.96*13 (pico_gnss pico-gnss-rs/src/main.rs:483)
373.974740 [INFO ] NMEA $GNGSA,A,3,,,,,,,,,,,,,1.65,1.34,0.96*17 (pico_gnss pico-gnss-rs/src/main.rs:483)
374.062056 [INFO ] NMEA $GPGSV,4,1,13,25,81,068,15,32,65,320,18,12,41,047,24,28,39,292,12*79 (pico_gnss pico-gnss-rs/src/main.rs:483)
374.120668 [INFO ] NMEA $GPGSV,4,2,13,10,37,221,,29,21,144,18,23,14,188,17,31,14,275,*7D (pico_gnss pico-gnss-rs/src/main.rs:483)
374.179149 [INFO ] NMEA $GPGSV,4,3,13,24,11,083,16,26,05,226,,193,,,,194,,,*76 (pico_gnss pico-gnss-rs/src/main.rs:483)
374.208352 [INFO ] NMEA $GPGSV,4,4,13,195,,,*46 (pico_gnss pico-gnss-rs/src/main.rs:483)
374.270953 [INFO ] NMEA $GLGSV,2,1,08,72,70,156,,75,67,280,,65,52,326,,74,43,027,*65 (pico_gnss pico-gnss-rs/src/main.rs:483)
374.329533 [INFO ] NMEA $GLGSV,2,2,08,76,18,236,,71,16,151,,66,04,330,,73,01,045,*66 (pico_gnss pico-gnss-rs/src/main.rs:483)
374.416832 [INFO ] NMEA $GNRMC,131628.000,A,0000.0000,N,00000.0000,E,0.33,304.32,080626,,,A*73 (pico_gnss pico-gnss-rs/src/main.rs:483)
374.419402 [INFO ] SYNC pps_local_us=367000852 unix_s=1780924588 drift_us=2 err_ns=5 holdover_ms=999 (pico_gnss pico-gnss-rs/src/main.rs:514)
374.442811 [INFO ] PPSGEN count=369 interval_ns=1000002272 dev_ns=2272 phase_ns=-1933310 hwphase_ns=-96 trim_ppb=-63 cfg=2 p_ns=0 d_ns=-12 (pico_gnss pico-gnss-rs/src/main.rs:330)
374.444520 [INFO ] PPS count=369 interval_us=1000002 interval_ns=1000002304 state=Locked missed=0 (pico_gnss pico-gnss-rs/src/main.rs:203)
374.446684 [INFO ] NMEA $GPVTG,304.32,T,,M,0.33,N,0.62,K,A*3F (pico_gnss pico-gnss-rs/src/main.rs:483)
374.504180 [INFO ] NMEA $GPZDA,131628.000,08,06,2026,,*51 (pico_gnss pico-gnss-rs/src/main.rs:483)
374.529990 [INFO ] NMEA $GPGST,131628.000,16,25,9.2,126.1,16,21,70*4A (pico_gnss pico-gnss-rs/src/main.rs:483)
374.807367 [INFO ] NMEA $GPGGA,131629.000,0000.0000,N,00000.0000,E,1,6,1.34,78.5,M,39.0,M,,*66 (pico_gnss pico-gnss-rs/src/main.rs:483)
374.865722 [INFO ] NMEA $GNGLL,0000.0000,N,00000.0000,E,131629.000,A,A*4D (pico_gnss pico-gnss-rs/src/main.rs:483)
374.924174 [INFO ] NMEA $GNGSA,A,3,24,28,12,29,32,23,,,,,,,1.65,1.34,0.96*13 (pico_gnss pico-gnss-rs/src/main.rs:483)
374.942782 [INFO ] TIME unix_ns=1780924589498179533 ppb=2315 holdover_ms=1498 locked=1 (pico_gnss pico-gnss-rs/src/main.rs:237)
374.953940 [INFO ] NMEA $GNGSA,A,3,,,,,,,,,,,,,1.65,1.34,0.96*17 (pico_gnss pico-gnss-rs/src/main.rs:483)
375.027682 [INFO ] NMEA $GPGSV,4,1,13,25,81,068,15,32,65,320,18,12,41,047,24,28,39,292,12*79 (pico_gnss pico-gnss-rs/src/main.rs:483)
375.115067 [INFO ] NMEA $GPGSV,4,2,13,10,37,221,,29,21,144,18,23,14,188,17,31,14,275,*7D (pico_gnss pico-gnss-rs/src/main.rs:483)
375.173533 [INFO ] NMEA $GPGSV,4,3,13,24,11,083,16,26,05,226,,193,,,,194,,,*76 (pico_gnss pico-gnss-rs/src/main.rs:483)
375.174882 [INFO ] NMEA $GPGSV,4,4,13,195,,,*46 (pico_gnss pico-gnss-rs/src/main.rs:483)
375.265335 [INFO ] NMEA $GLGSV,2,1,08,72,70,156,,75,67,280,,65,52,326,,74,43,027,*65 (pico_gnss pico-gnss-rs/src/main.rs:483)
375.323950 [INFO ] NMEA $GLGSV,2,2,08,76,18,236,,71,16,151,,66,04,330,,73,01,045,*66 (pico_gnss pico-gnss-rs/src/main.rs:483)
375.382492 [INFO ] NMEA $GNRMC,131629.000,A,0000.0000,N,00000.0000,E,0.83,98.63,080626,,,A*4F (pico_gnss pico-gnss-rs/src/main.rs:483)
375.385052 [INFO ] SYNC pps_local_us=368000855 unix_s=1780924589 drift_us=2 err_ns=-10 holdover_ms=999 (pico_gnss pico-gnss-rs/src/main.rs:514)
375.440644 [INFO ] NMEA $GPVTG,98.63,T,,M,0.83,N,1.54,K,A*02 (pico_gnss pico-gnss-rs/src/main.rs:483)
375.442828 [INFO ] PPSGEN count=370 interval_ns=1000002288 dev_ns=2288 phase_ns=-1950310 hwphase_ns=-112 trim_ppb=-63 cfg=2 p_ns=0 d_ns=-4 (pico_gnss pico-gnss-rs/src/main.rs:330)
375.444495 [INFO ] PPS count=370 interval_us=1000002 interval_ns=1000002320 state=Locked missed=0 (pico_gnss pico-gnss-rs/src/main.rs:203)
375.470170 [INFO ] NMEA $GPZDA,131629.000,08,06,2026,,*50 (pico_gnss pico-gnss-rs/src/main.rs:483)
375.506317 [INFO ] NMEA $GPGST,131629.000,16,26,8.9,126.9,17,21,73*48 (pico_gnss pico-gnss-rs/src/main.rs:483)
375.787334 [INFO ] NMEA $GPGGA,131630.000,0000.0000,N,00000.0000,E,1,6,1.34,78.4,M,39.0,M,,*6C (pico_gnss pico-gnss-rs/src/main.rs:483)
375.845703 [INFO ] NMEA $GNGLL,0000.0000,N,00000.0000,E,131630.000,A,A*46 (pico_gnss pico-gnss-rs/src/main.rs:483)
375.904143 [INFO ] NMEA $GNGSA,A,3,24,28,12,29,32,23,,,,,,,1.65,1.34,0.96*13 (pico_gnss pico-gnss-rs/src/main.rs:483)
375.933625 [INFO ] NMEA $GNGSA,A,3,,,,,,,,,,,,,1.65,1.34,0.96*17 (pico_gnss pico-gnss-rs/src/main.rs:483)
375.944053 [INFO ] TIME unix_ns=1780924590499463529 ppb=2315 holdover_ms=1499 locked=1 (pico_gnss pico-gnss-rs/src/main.rs:237)
376.025164 [INFO ] NMEA $GPGSV,4,1,13,25,81,068,15,32,65,320,18,12,41,047,24,28,39,292,12*79 (pico_gnss pico-gnss-rs/src/main.rs:483)
376.083766 [INFO ] NMEA $GPGSV,4,2,13,10,37,221,,29,21,144,18,23,14,188,17,31,14,275,*7D (pico_gnss pico-gnss-rs/src/main.rs:483)
376.142222 [INFO ] NMEA $GPGSV,4,3,13,24,11,083,16,26,05,226,,193,,,,194,,,*76 (pico_gnss pico-gnss-rs/src/main.rs:483)
376.171467 [INFO ] NMEA $GPGSV,4,4,13,195,,,*46 (pico_gnss pico-gnss-rs/src/main.rs:483)
376.229964 [INFO ] NMEA $GLGSV,2,1,08,72,70,156,,75,67,280,,65,52,326,,74,43,027,*65 (pico_gnss pico-gnss-rs/src/main.rs:483)
376.292598 [INFO ] NMEA $GLGSV,2,2,08,76,18,236,,71,16,151,,66,04,330,,73,01,045,*66 (pico_gnss pico-gnss-rs/src/main.rs:483)
376.379938 [INFO ] NMEA $GNRMC,131630.000,A,0000.0000,N,00000.0000,E,0.78,4.94,080626,,,A*7D (pico_gnss pico-gnss-rs/src/main.rs:483)
376.382500 [INFO ] SYNC pps_local_us=369000857 unix_s=1780924590 drift_us=2 err_ns=6 holdover_ms=999 (pico_gnss pico-gnss-rs/src/main.rs:514)
376.409611 [INFO ] NMEA $GPVTG,4.94,T,,M,0.78,N,1.45,K,A*3B (pico_gnss pico-gnss-rs/src/main.rs:483)
376.438692 [INFO ] NMEA $GPZDA,131630.000,08,06,2026,,*58 (pico_gnss pico-gnss-rs/src/main.rs:483)
376.442844 [INFO ] PPSGEN count=371 interval_ns=1000002272 dev_ns=2272 phase_ns=-1956310 hwphase_ns=-160 trim_ppb=-62 cfg=2 p_ns=0 d_ns=-12 (pico_gnss pico-gnss-rs/src/main.rs:330)
376.444518 [INFO ] PPS count=371 interval_us=1000002 interval_ns=1000002304 state=Locked missed=0 (pico_gnss pico-gnss-rs/src/main.rs:203)
376.484538 [INFO ] NMEA $GPGST,131630.000,16,26,8.7,127.6,18,22,75*4A (pico_gnss pico-gnss-rs/src/main.rs:483)
376.760105 [INFO ] NMEA $GPGGA,131631.000,0000.0000,N,00000.0000,E,1,6,1.34,78.3,M,39.0,M,,*62 (pico_gnss pico-gnss-rs/src/main.rs:483)
376.818493 [INFO ] NMEA $GNGLL,0000.0000,N,00000.0000,E,131631.000,A,A*4F (pico_gnss pico-gnss-rs/src/main.rs:483)
376.876902 [INFO ] NMEA $GNGSA,A,3,24,28,12,29,32,23,,,,,,,1.65,1.34,0.96*13 (pico_gnss pico-gnss-rs/src/main.rs:483)
376.935138 [INFO ] NMEA $GNGSA,A,3,,,,,,,,,,,,,1.65,1.34,0.96*17 (pico_gnss pico-gnss-rs/src/main.rs:483)
376.945343 [INFO ] TIME unix_ns=1780924591500756527 ppb=2315 holdover_ms=1500 locked=1 (pico_gnss pico-gnss-rs/src/main.rs:237)
376.997932 [INFO ] NMEA $GPGSV,4,1,13,25,81,068,15,32,65,320,18,12,41,047,24,28,39,292,12*79 (pico_gnss pico-gnss-rs/src/main.rs:483)
377.056526 [INFO ] NMEA $GPGSV,4,2,13,10,37,221,,29,21,144,18,23,14,188,17,31,14,275,*7D (pico_gnss pico-gnss-rs/src/main.rs:483)
377.114974 [INFO ] NMEA $GPGSV,4,3,13,24,11,083,16,26,05,226,,193,,,,194,,,*76 (pico_gnss pico-gnss-rs/src/main.rs:483)
377.144240 [INFO ] NMEA $GPGSV,4,4,13,195,,,*46 (pico_gnss pico-gnss-rs/src/main.rs:483)
377.202743 [INFO ] NMEA $GLGSV,2,1,08,72,70,156,,75,67,280,,65,52,326,,74,43,027,*65 (pico_gnss pico-gnss-rs/src/main.rs:483)
377.265350 [INFO ] NMEA $GLGSV,2,2,08,76,18,236,,71,16,151,,66,04,330,,73,01,045,*66 (pico_gnss pico-gnss-rs/src/main.rs:483)
377.352854 [INFO ] NMEA $GNRMC,131631.000,A,0000.0000,N,00000.0000,E,1.38,323.67,080626,,,A*7B (pico_gnss pico-gnss-rs/src/main.rs:483)
377.355436 [INFO ] SYNC pps_local_us=370000859 unix_s=1780924591 drift_us=2 err_ns=-10 holdover_ms=1000 (pico_gnss pico-gnss-rs/src/main.rs:514)
377.382522 [INFO ] NMEA $GPVTG,323.67,T,,M,1.38,N,2.56,K,A*35 (pico_gnss pico-gnss-rs/src/main.rs:483)
377.440208 [INFO ] NMEA $GPZDA,131631.000,08,06,2026,,*59 (pico_gnss pico-gnss-rs/src/main.rs:483)
377.442823 [INFO ] PPSGEN count=372 interval_ns=1000002272 dev_ns=2272 phase_ns=-1987310 hwphase_ns=-192 trim_ppb=-61 cfg=2 p_ns=0 d_ns=-8 (pico_gnss pico-gnss-rs/src/main.rs:330)
377.444523 [INFO ] PPS count=372 interval_us=1000002 interval_ns=1000002304 state=Locked missed=0 (pico_gnss pico-gnss-rs/src/main.rs:203)
377.471358 [INFO ] NMEA $GPGST,131631.000,16,27,8.3,128.3,18,22,77*46 (pico_gnss pico-gnss-rs/src/main.rs:483)
377.752641 [INFO ] NMEA $GPGGA,131632.000,0000.0000,N,00000.0000,E,1,6,1.34,78.2,M,39.0,M,,*68 (pico_gnss pico-gnss-rs/src/main.rs:483)
377.811052 [INFO ] NMEA $GNGLL,0000.0000,N,00000.0000,E,131632.000,A,A*44 (pico_gnss pico-gnss-rs/src/main.rs:483)
377.869432 [INFO ] NMEA $GNGSA,A,3,24,28,12,29,32,23,,,,,,,1.65,1.34,0.96*13 (pico_gnss pico-gnss-rs/src/main.rs:483)
377.898972 [INFO ] NMEA $GNGSA,A,3,,,,,,,,,,,,,1.65,1.34,0.96*17 (pico_gnss pico-gnss-rs/src/main.rs:483)
377.946642 [INFO ] TIME unix_ns=1780924592502005524 ppb=2314 holdover_ms=1502 locked=1 (pico_gnss pico-gnss-rs/src/main.rs:237)
377.986350 [INFO ] NMEA $GPGSV,4,1,13,25,81,068,15,32,65,320,18,12,41,047,24,28,39,292,12*79 (pico_gnss pico-gnss-rs/src/main.rs:483)
378.049069 [INFO ] NMEA $GPGSV,4,2,13,10,37,221,,29,21,144,18,23,14,188,17,31,14,275,*7D (pico_gnss pico-gnss-rs/src/main.rs:483)
378.107530 [INFO ] NMEA $GPGSV,4,3,13,24,11,083,16,26,05,226,,193,,,,194,,,*76 (pico_gnss pico-gnss-rs/src/main.rs:483)
378.136768 [INFO ] NMEA $GPGSV,4,4,13,195,,,*46 (pico_gnss pico-gnss-rs/src/main.rs:483)
378.195282 [INFO ] NMEA $GLGSV,2,1,08,72,70,156,,75,67,280,,65,52,326,,74,43,027,*65 (pico_gnss pico-gnss-rs/src/main.rs:483)
378.257884 [INFO ] NMEA $GLGSV,2,2,08,76,18,236,,71,16,151,,66,04,330,,73,01,045,*66 (pico_gnss pico-gnss-rs/src/main.rs:483)
378.345344 [INFO ] NMEA $GNRMC,131632.000,A,0000.0000,N,00000.0000,E,0.63,322.28,080626,,,A*75 (pico_gnss pico-gnss-rs/src/main.rs:483)
378.347917 [INFO ] SYNC pps_local_us=371000862 unix_s=1780924592 drift_us=2 err_ns=-10 holdover_ms=999 (pico_gnss pico-gnss-rs/src/main.rs:514)
378.375054 [INFO ] NMEA $GPVTG,322.28,T,,M,0.63,N,1.17,K,A*36 (pico_gnss pico-gnss-rs/src/main.rs:483)
378.404158 [INFO ] NMEA $GPZDA,131632.000,08,06,2026,,*5A (pico_gnss pico-gnss-rs/src/main.rs:483)
378.442824 [INFO ] PPSGEN count=373 interval_ns=1000002288 dev_ns=2288 phase_ns=-1984309 hwphase_ns=-208 trim_ppb=-60 cfg=2 p_ns=0 d_ns=-4 (pico_gnss pico-gnss-rs/src/main.rs:330)
378.444527 [INFO ] PPS count=373 interval_us=1000002 interval_ns=1000002320 state=Locked missed=0 (pico_gnss pico-gnss-rs/src/main.rs:203)
378.448212 [INFO ] NMEA $GPGST,131632.000,16,28,8.2,128.0,18,22,77*48 (pico_gnss pico-gnss-rs/src/main.rs:483)
378.714117 [INFO ] NMEA $GPGGA,131633.000,0000.0000,N,00000.0000,E,1,5,1.34,78.1,M,39.0,M,,*6A (pico_gnss pico-gnss-rs/src/main.rs:483)
378.772512 [INFO ] NMEA $GNGLL,0000.0000,N,00000.0000,E,131633.000,A,A*46 (pico_gnss pico-gnss-rs/src/main.rs:483)
378.830874 [INFO ] NMEA $GNGSA,A,3,24,12,29,32,23,,,,,,,,1.65,1.34,0.96*19 (pico_gnss pico-gnss-rs/src/main.rs:483)
378.860404 [INFO ] NMEA $GNGSA,A,3,,,,,,,,,,,,,1.65,1.34,0.96*17 (pico_gnss pico-gnss-rs/src/main.rs:483)
378.948047 [INFO ] TIME unix_ns=1780924593503412521 ppb=2314 holdover_ms=1503 locked=1 (pico_gnss pico-gnss-rs/src/main.rs:237)
378.949480 [INFO ] NMEA $GPGSV,4,1,13,25,81,068,15,32,65,320,18,12,41,047,24,28,39,292,*7A (pico_gnss pico-gnss-rs/src/main.rs:483)
379.010488 [INFO ] NMEA $GPGSV,4,2,13,10,37,221,,29,21,144,18,23,14,188,17,31,14,275,*7D (pico_gnss pico-gnss-rs/src/main.rs:483)
379.068972 [INFO ] NMEA $GPGSV,4,3,13,24,11,083,16,26,05,226,,193,,,,194,,,*76 (pico_gnss pico-gnss-rs/src/main.rs:483)
379.098176 [INFO ] NMEA $GPGSV,4,4,13,195,,,*46 (pico_gnss pico-gnss-rs/src/main.rs:483)
379.156701 [INFO ] NMEA $GLGSV,2,1,08,72,70,156,,75,67,280,,65,52,326,,74,43,027,*65 (pico_gnss pico-gnss-rs/src/main.rs:483)
379.215200 [INFO ] NMEA $GLGSV,2,2,08,76,18,236,,71,16,151,,66,04,330,,73,01,045,*66 (pico_gnss pico-gnss-rs/src/main.rs:483)
379.306816 [INFO ] NMEA $GNRMC,131633.000,A,0000.0000,N,00000.0000,E,0.50,322.28,080626,,,A*77 (pico_gnss pico-gnss-rs/src/main.rs:483)
379.309399 [INFO ] SYNC pps_local_us=372000864 unix_s=1780924593 drift_us=2 err_ns=6 holdover_ms=1000 (pico_gnss pico-gnss-rs/src/main.rs:514)
379.336587 [INFO ] NMEA $GPVTG,322.28,T,,M,0.50,N,0.92,K,A*3A (pico_gnss pico-gnss-rs/src/main.rs:483)
379.365674 [INFO ] NMEA $GPZDA,131633.000,08,06,2026,,*5B (pico_gnss pico-gnss-rs/src/main.rs:483)
379.418705 [INFO ] NMEA $GPGST,131633.000,16,28,8.3,128.0,18,22,76*49 (pico_gnss pico-gnss-rs/src/main.rs:483)
379.442821 [INFO ] PPSGEN count=374 interval_ns=1000002272 dev_ns=2272 phase_ns=-1985309 hwphase_ns=-256 trim_ppb=-58 cfg=2 p_ns=0 d_ns=-12 (pico_gnss pico-gnss-rs/src/main.rs:330)
379.444499 [INFO ] PPS count=374 interval_us=1000002 interval_ns=1000002304 state=Locked missed=0 (pico_gnss pico-gnss-rs/src/main.rs:203)
379.701549 [INFO ] NMEA $GPGGA,131634.000,0000.0000,N,00000.0000,E,1,5,1.34,77.9,M,39.0,M,,*66 (pico_gnss pico-gnss-rs/src/main.rs:483)
379.731220 [INFO ] NMEA $GNGLL,0000.0000,N,00000.0000,E,131634.000,A,A*4D (pico_gnss pico-gnss-rs/src/main.rs:483)
379.789534 [INFO ] NMEA $GNGSA,A,3,24,12,29,32,23,,,,,,,,1.65,1.34,0.96*19 (pico_gnss pico-gnss-rs/src/main.rs:483)
379.847759 [INFO ] NMEA $GNGSA,A,3,,,,,,,,,,,,,1.65,1.34,0.96*17 (pico_gnss pico-gnss-rs/src/main.rs:483)
379.906412 [INFO ] NMEA $GPGSV,4,1,13,25,81,068,15,32,65,320,18,12,41,047,25,28,39,292,*7B (pico_gnss pico-gnss-rs/src/main.rs:483)
379.949358 [INFO ] TIME unix_ns=1780924594504733518 ppb=2314 holdover_ms=1504 locked=1 (pico_gnss pico-gnss-rs/src/main.rs:237)
379.969170 [INFO ] NMEA $GPGSV,4,2,13,10,37,221,,29,21,144,18,23,14,188,17,31,14,275,*7D (pico_gnss pico-gnss-rs/src/main.rs:483)
380.027587 [INFO ] NMEA $GPGSV,4,3,13,24,11,083,16,26,05,226,,193,,,,194,,,*76 (pico_gnss pico-gnss-rs/src/main.rs:483)
380.056850 [INFO ] NMEA $GPGSV,4,4,13,195,,,*46 (pico_gnss pico-gnss-rs/src/main.rs:483)
380.144114 [INFO ] NMEA $GLGSV,2,1,08,72,70,156,,75,67,280,,65,52,326,,74,43,027,*65 (pico_gnss pico-gnss-rs/src/main.rs:483)
380.202670 [INFO ] NMEA $GLGSV,2,2,08,76,18,236,,71,16,151,,66,04,330,,73,01,045,*66 (pico_gnss pico-gnss-rs/src/main.rs:483)
380.265507 [INFO ] NMEA $GNRMC,131634.000,A,0000.0000,N,00000.0000,E,0.41,322.28,080626,,,A*7C (pico_gnss pico-gnss-rs/src/main.rs:483)
380.268078 [INFO ] SYNC pps_local_us=373000866 unix_s=1780924594 drift_us=2 err_ns=-10 holdover_ms=999 (pico_gnss pico-gnss-rs/src/main.rs:514)
380.323781 [INFO ] NMEA $GPVTG,322.28,T,,M,0.41,N,0.77,K,A*31 (pico_gnss pico-gnss-rs/src/main.rs:483)
380.353096 [INFO ] NMEA $GPZDA,131634.000,08,06,2026,,*5C (pico_gnss pico-gnss-rs/src/main.rs:483)
380.382547 [INFO ] NMEA $GPGST,131634.000,16,27,8.8,126.7,18,22,75*40 (pico_gnss pico-gnss-rs/src/main.rs:483)
380.442835 [INFO ] PPSGEN count=375 interval_ns=1000002272 dev_ns=2272 phase_ns=-1969309 hwphase_ns=-288 trim_ppb=-56 cfg=2 p_ns=0 d_ns=-8 (pico_gnss pico-gnss-rs/src/main.rs:330)
380.444515 [INFO ] PPS count=375 interval_us=1000002 interval_ns=1000002304 state=Locked missed=0 (pico_gnss pico-gnss-rs/src/main.rs:203)
380.646508 [INFO ] NMEA $GPGGA,131635.000,0000.0000,N,00000.0000,E,1,5,1.34,77.9,M,39.0,M,,*6E (pico_gnss pico-gnss-rs/src/main.rs:483)
380.707873 [INFO ] NMEA $GNGLL,0000.0000,N,00000.0000,E,131635.000,A,A*45 (pico_gnss pico-gnss-rs/src/main.rs:483)
380.766286 [INFO ] NMEA $GNGSA,A,3,24,12,29,32,23,,,,,,,,1.65,1.34,0.96*19 (pico_gnss pico-gnss-rs/src/main.rs:483)
380.795859 [INFO ] NMEA $GNGSA,A,3,,,,,,,,,,,,,1.65,1.34,0.96*17 (pico_gnss pico-gnss-rs/src/main.rs:483)
380.883174 [INFO ] NMEA $GPGSV,4,1,13,25,81,068,15,32,65,320,18,12,41,047,25,28,39,292,*7B (pico_gnss pico-gnss-rs/src/main.rs:483)
380.945926 [INFO ] NMEA $GPGSV,4,2,13,10,37,221,,29,21,144,18,23,14,188,17,31,14,275,*7D (pico_gnss pico-gnss-rs/src/main.rs:483)
380.950644 [INFO ] TIME unix_ns=1780924595506055516 ppb=2314 holdover_ms=1506 locked=1 (pico_gnss pico-gnss-rs/src/main.rs:237)
381.004458 [INFO ] NMEA $GPGSV,4,3,13,24,11,083,15,26,05,226,,193,,,,194,,,*75 (pico_gnss pico-gnss-rs/src/main.rs:483)
381.033668 [INFO ] NMEA $GPGSV,4,4,13,195,,,*46 (pico_gnss pico-gnss-rs/src/main.rs:483)
381.092103 [INFO ] NMEA $GLGSV,2,1,08,72,70,156,,75,67,280,,65,52,326,,74,43,027,*65 (pico_gnss pico-gnss-rs/src/main.rs:483)
381.150684 [INFO ] NMEA $GLGSV,2,2,08,76,18,236,,71,16,151,,66,04,330,,73,01,045,*66 (pico_gnss pico-gnss-rs/src/main.rs:483)
381.213494 [INFO ] NMEA $GNRMC,131635.000,A,0000.0000,N,00000.0000,E,0.93,247.62,080626,,,A*77 (pico_gnss pico-gnss-rs/src/main.rs:483)
381.216059 [INFO ] SYNC pps_local_us=374000868 unix_s=1780924595 drift_us=2 err_ns=-9 holdover_ms=1000 (pico_gnss pico-gnss-rs/src/main.rs:514)
381.271748 [INFO ] NMEA $GPVTG,247.62,T,,M,0.93,N,1.72,K,A*36 (pico_gnss pico-gnss-rs/src/main.rs:483)
381.301102 [INFO ] NMEA $GPZDA,131635.000,08,06,2026,,*5D (pico_gnss pico-gnss-rs/src/main.rs:483)
381.343793 [INFO ] NMEA $GPGST,131635.000,16,27,8.8,126.7,18,22,75*41 (pico_gnss pico-gnss-rs/src/main.rs:483)
381.442835 [INFO ] PPSGEN count=376 interval_ns=1000002288 dev_ns=2288 phase_ns=-1990309 hwphase_ns=-304 trim_ppb=-54 cfg=2 p_ns=0 d_ns=-4 (pico_gnss pico-gnss-rs/src/main.rs:330)
381.444526 [INFO ] PPS count=376 interval_us=1000002 interval_ns=1000002320 state=Locked missed=0 (pico_gnss pico-gnss-rs/src/main.rs:203)
381.614515 [INFO ] NMEA $GPGGA,131636.000,0000.0000,N,00000.0000,E,1,5,1.34,77.7,M,39.0,M,,*61 (pico_gnss pico-gnss-rs/src/main.rs:483)
381.666674 [INFO ] NMEA $GNGLL,0000.0000,N,00000.0000,E,131636.000,A,A*44 (pico_gnss pico-gnss-rs/src/main.rs:483)
381.725012 [INFO ] NMEA $GNGSA,A,3,24,12,29,32,23,,,,,,,,1.65,1.34,0.96*19 (pico_gnss pico-gnss-rs/src/main.rs:483)
381.754550 [INFO ] NMEA $GNGSA,A,3,,,,,,,,,,,,,1.65,1.34,0.96*17 (pico_gnss pico-gnss-rs/src/main.rs:483)
381.841871 [INFO ] NMEA $GPGSV,4,1,13,25,81,068,15,32,65,320,18,12,41,047,25,28,39,292,*7B (pico_gnss pico-gnss-rs/src/main.rs:483)
381.900516 [INFO ] NMEA $GPGSV,4,2,13,10,37,221,,29,21,144,17,23,14,188,17,31,14,275,*72 (pico_gnss pico-gnss-rs/src/main.rs:483)
381.951953 [INFO ] TIME unix_ns=1780924596507312513 ppb=2314 holdover_ms=1507 locked=1 (pico_gnss pico-gnss-rs/src/main.rs:237)
381.963422 [INFO ] NMEA $GPGSV,4,3,13,24,11,083,15,26,05,226,,193,,,,194,,,*75 (pico_gnss pico-gnss-rs/src/main.rs:483)
381.992408 [INFO ] NMEA $GPGSV,4,4,13,195,,,*46 (pico_gnss pico-gnss-rs/src/main.rs:483)
382.050805 [INFO ] NMEA $GLGSV,2,1,08,72,70,156,,75,67,280,,65,52,326,,74,43,027,*65 (pico_gnss pico-gnss-rs/src/main.rs:483)
382.109365 [INFO ] NMEA $GLGSV,2,2,08,76,18,236,,71,16,151,,66,04,330,,73,01,045,*66 (pico_gnss pico-gnss-rs/src/main.rs:483)
382.200956 [INFO ] NMEA $GNRMC,131636.000,A,0000.0000,N,00000.0000,E,1.19,301.54,080626,,,A*73 (pico_gnss pico-gnss-rs/src/main.rs:483)
382.203526 [INFO ] SYNC pps_local_us=375000871 unix_s=1780924596 drift_us=2 err_ns=6 holdover_ms=1000 (pico_gnss pico-gnss-rs/src/main.rs:514)
382.230716 [INFO ] NMEA $GPVTG,301.54,T,,M,1.19,N,2.20,K,A*37 (pico_gnss pico-gnss-rs/src/main.rs:483)
382.259842 [INFO ] NMEA $GPZDA,131636.000,08,06,2026,,*5E (pico_gnss pico-gnss-rs/src/main.rs:483)
382.311930 [INFO ] NMEA $GPGST,131636.000,16,27,8.7,126.7,18,23,75*4C (pico_gnss pico-gnss-rs/src/main.rs:483)
382.442836 [INFO ] PPSGEN count=377 interval_ns=1000002288 dev_ns=2288 phase_ns=-1969309 hwphase_ns=-336 trim_ppb=-52 cfg=2 p_ns=0 d_ns=-8 (pico_gnss pico-gnss-rs/src/main.rs:330)
382.444534 [INFO ] PPS count=377 interval_us=1000002 interval_ns=1000002304 state=Locked missed=0 (pico_gnss pico-gnss-rs/src/main.rs:203)
382.617592 [INFO ] NMEA $GPGGA,131637.000,0000.0000,N,00000.0000,E,1,5,1.34,77.5,M,39.0,M,,*68 (pico_gnss pico-gnss-rs/src/main.rs:483)
382.675841 [INFO ] NMEA $GNGLL,0000.0000,N,00000.0000,E,131637.000,A,A*4F (pico_gnss pico-gnss-rs/src/main.rs:483)
382.718888 [INFO ] NMEA $GNGSA,A,3,24,12,29,32,23,,,,,,,,1.65,1.34,0.96*19 (pico_gnss pico-gnss-rs/src/main.rs:483)
382.777080 [INFO ] NMEA $GNGSA,A,3,,,,,,,,,,,,,1.65,1.34,0.96*17 (pico_gnss pico-gnss-rs/src/main.rs:483)
382.835737 [INFO ] NMEA $GPGSV,4,1,13,25,81,068,15,32,65,320,18,12,41,047,26,28,39,292,*78 (pico_gnss pico-gnss-rs/src/main.rs:483)
382.923070 [INFO ] NMEA $GPGSV,4,2,13,10,36,220,,29,21,144,17,23,14,188,17,31,14,275,*72 (pico_gnss pico-gnss-rs/src/main.rs:483)
382.953282 [INFO ] TIME unix_ns=1780924597508650510 ppb=2314 holdover_ms=1508 locked=1 (pico_gnss pico-gnss-rs/src/main.rs:237)
382.957250 [INFO ] NMEA $GPGSV,4,3,13,24,11,083,13,26,05,226,,193,,,,194,,,*73 (pico_gnss pico-gnss-rs/src/main.rs:483)
382.986242 [INFO ] NMEA $GPGSV,4,4,13,195,,,*46 (pico_gnss pico-gnss-rs/src/main.rs:483)
383.044621 [INFO ] NMEA $GLGSV,2,1,08,72,70,156,,75,67,280,,65,52,326,,74,43,027,*65 (pico_gnss pico-gnss-rs/src/main.rs:483)
383.131982 [INFO ] NMEA $GLGSV,2,2,08,76,18,236,,71,16,151,,66,04,330,,73,01,045,*66 (pico_gnss pico-gnss-rs/src/main.rs:483)
383.190680 [INFO ] NMEA $GNRMC,131637.000,A,0000.0000,N,00000.0000,E,0.73,212.78,080626,,,A*78 (pico_gnss pico-gnss-rs/src/main.rs:483)
383.193242 [INFO ] SYNC pps_local_us=376000873 unix_s=1780924597 drift_us=2 err_ns=-9 holdover_ms=1000 (pico_gnss pico-gnss-rs/src/main.rs:514)
383.253009 [INFO ] NMEA $GPVTG,212.78,T,,M,0.73,N,1.36,K,A*33 (pico_gnss pico-gnss-rs/src/main.rs:483)
383.282442 [INFO ] NMEA $GPZDA,131637.000,08,06,2026,,*5F (pico_gnss pico-gnss-rs/src/main.rs:483)
383.314164 [INFO ] NMEA $GPGST,131637.000,16,17,15,140.4,16,16,55*62 (pico_gnss pico-gnss-rs/src/main.rs:483)
383.442820 [INFO ] PPSGEN count=378 interval_ns=1000002288 dev_ns=2288 phase_ns=-2000309 hwphase_ns=-352 trim_ppb=-50 cfg=2 p_ns=0 d_ns=-4 (pico_gnss pico-gnss-rs/src/main.rs:330)
383.444521 [INFO ] PPS count=378 interval_us=1000002 interval_ns=1000002288 state=Locked missed=0 (pico_gnss pico-gnss-rs/src/main.rs:203)
383.619465 [INFO ] NMEA $GPGGA,131638.000,0000.0000,N,00000.0000,E,1,5,1.34,77.4,M,39.0,M,,*68 (pico_gnss pico-gnss-rs/src/main.rs:483)
383.677798 [INFO ] NMEA $GNGLL,0000.0000,N,00000.0000,E,131638.000,A,A*4E (pico_gnss pico-gnss-rs/src/main.rs:483)
383.741269 [INFO ] NMEA $GNGSA,A,3,24,12,29,32,23,,,,,,,,1.65,1.34,0.96*19 (pico_gnss pico-gnss-rs/src/main.rs:483)
383.770833 [INFO ] NMEA $GNGSA,A,3,,,,,,,,,,,,,1.65,1.34,0.96*17 (pico_gnss pico-gnss-rs/src/main.rs:483)
383.829378 [INFO ] NMEA $GPGSV,4,1,13,25,81,068,15,32,65,320,18,12,41,047,26,28,39,292,*78 (pico_gnss pico-gnss-rs/src/main.rs:483)
383.916870 [INFO ] NMEA $GPGSV,4,2,13,10,36,220,,29,21,144,17,23,14,188,17,31,14,275,*72 (pico_gnss pico-gnss-rs/src/main.rs:483)
383.954594 [INFO ] TIME unix_ns=1780924598509950508 ppb=2313 holdover_ms=1509 locked=1 (pico_gnss pico-gnss-rs/src/main.rs:237)
383.979510 [INFO ] NMEA $GPGSV,4,3,13,24,11,083,14,26,05,226,,193,,,,194,,,*74 (pico_gnss pico-gnss-rs/src/main.rs:483)
384.008717 [INFO ] NMEA $GPGSV,4,4,13,195,,,*46 (pico_gnss pico-gnss-rs/src/main.rs:483)
384.067198 [INFO ] NMEA $GLGSV,2,1,08,72,70,156,,75,67,280,,65,52,326,,74,43,027,*65 (pico_gnss pico-gnss-rs/src/main.rs:483)
384.125697 [INFO ] NMEA $GLGSV,2,2,08,76,18,236,,71,16,151,,66,04,330,,73,01,045,*66 (pico_gnss pico-gnss-rs/src/main.rs:483)
384.213183 [INFO ] NMEA $GNRMC,131638.000,A,0000.0000,N,00000.0000,E,0.22,212.78,080626,,,A*7D (pico_gnss pico-gnss-rs/src/main.rs:483)
384.215758 [INFO ] SYNC pps_local_us=377000875 unix_s=1780924598 drift_us=2 err_ns=-24 holdover_ms=999 (pico_gnss pico-gnss-rs/src/main.rs:514)
384.246789 [INFO ] NMEA $GPVTG,212.78,T,,M,0.22,N,0.40,K,A*37 (pico_gnss pico-gnss-rs/src/main.rs:483)
384.276159 [INFO ] NMEA $GPZDA,131638.000,08,06,2026,,*50 (pico_gnss pico-gnss-rs/src/main.rs:483)
384.315710 [INFO ] NMEA $GPGST,131638.000,16,18,15,138.9,17,16,56*62 (pico_gnss pico-gnss-rs/src/main.rs:483)
384.442850 [INFO ] PPSGEN count=379 interval_ns=1000002288 dev_ns=2288 phase_ns=-1956308 hwphase_ns=-352 trim_ppb=-48 cfg=2 p_ns=0 d_ns=0 (pico_gnss pico-gnss-rs/src/main.rs:330)
384.444473 [INFO ] PPS count=379 interval_us=1000002 interval_ns=1000002320 state=Locked missed=0 (pico_gnss pico-gnss-rs/src/main.rs:203)
384.615541 [INFO ] NMEA $GPGGA,131639.000,0000.0000,N,00000.0000,E,1,5,1.34,77.4,M,39.0,M,,*6C (pico_gnss pico-gnss-rs/src/main.rs:483)
384.673891 [INFO ] NMEA $GNGLL,0000.0000,N,00000.0000,E,131639.000,A,A*4A (pico_gnss pico-gnss-rs/src/main.rs:483)
384.729181 [INFO ] NMEA $GNGSA,A,3,24,12,29,32,23,,,,,,,,1.65,1.34,0.96*19 (pico_gnss pico-gnss-rs/src/main.rs:483)
384.758653 [INFO ] NMEA $GNGSA,A,3,,,,,,,,,,,,,1.65,1.34,0.96*17 (pico_gnss pico-gnss-rs/src/main.rs:483)
384.846026 [INFO ] NMEA $GPGSV,4,1,13,25,81,068,16,32,65,320,18,12,40,047,25,28,39,292,*79 (pico_gnss pico-gnss-rs/src/main.rs:483)
384.904635 [INFO ] NMEA $GPGSV,4,2,13,10,36,220,,29,21,144,17,23,14,188,17,31,14,275,*72 (pico_gnss pico-gnss-rs/src/main.rs:483)
384.955913 [INFO ] TIME unix_ns=1780924599511286505 ppb=2313 holdover_ms=1511 locked=1 (pico_gnss pico-gnss-rs/src/main.rs:237)
384.963451 [INFO ] NMEA $GPGSV,4,3,13,24,11,083,16,26,05,226,,193,,,,194,,,*76 (pico_gnss pico-gnss-rs/src/main.rs:483)
384.996420 [INFO ] NMEA $GPGSV,4,4,13,195,,,*46 (pico_gnss pico-gnss-rs/src/main.rs:483)
385.054933 [INFO ] NMEA $GLGSV,2,1,08,72,70,156,,75,67,280,,65,52,326,,74,43,027,*65 (pico_gnss pico-gnss-rs/src/main.rs:483)
385.113500 [INFO ] NMEA $GLGSV,2,2,08,76,18,236,,71,16,151,,66,04,330,,73,01,045,*66 (pico_gnss pico-gnss-rs/src/main.rs:483)
385.201058 [INFO ] NMEA $GNRMC,131639.000,A,0000.0000,N,00000.0000,E,0.46,212.78,080626,,,A*7B (pico_gnss pico-gnss-rs/src/main.rs:483)
385.203637 [INFO ] SYNC pps_local_us=378000878 unix_s=1780924599 drift_us=2 err_ns=7 holdover_ms=999 (pico_gnss pico-gnss-rs/src/main.rs:514)
385.230833 [INFO ] NMEA $GPVTG,212.78,T,,M,0.46,N,0.86,K,A*3F (pico_gnss pico-gnss-rs/src/main.rs:483)
385.263960 [INFO ] NMEA $GPZDA,131639.000,08,06,2026,,*51 (pico_gnss pico-gnss-rs/src/main.rs:483)
385.311948 [INFO ] NMEA $GPGST,131639.000,16,18,15,137.1,17,17,56*65 (pico_gnss pico-gnss-rs/src/main.rs:483)
385.442827 [INFO ] PPSGEN count=380 interval_ns=1000002288 dev_ns=2288 phase_ns=-1906308 hwphase_ns=-384 trim_ppb=-45 cfg=2 p_ns=0 d_ns=-8 (pico_gnss pico-gnss-rs/src/main.rs:330)
385.444502 [INFO ] PPS count=380 interval_us=1000002 interval_ns=1000002304 state=Locked missed=0 (pico_gnss pico-gnss-rs/src/main.rs:203)
385.615381 [INFO ] NMEA $GPGGA,131640.000,0000.0000,N,00000.0000,E,1,5,1.34,77.4,M,39.0,M,,*67 (pico_gnss pico-gnss-rs/src/main.rs:483)
385.673715 [INFO ] NMEA $GNGLL,0000.0000,N,00000.0000,E,131640.000,A,A*41 (pico_gnss pico-gnss-rs/src/main.rs:483)
385.732106 [INFO ] NMEA $GNGSA,A,3,24,12,29,32,23,,,,,,,,1.65,1.34,0.96*19 (pico_gnss pico-gnss-rs/src/main.rs:483)
385.779023 [INFO ] NMEA $GNGSA,A,3,,,,,,,,,,,,,1.65,1.34,0.96*17 (pico_gnss pico-gnss-rs/src/main.rs:483)
385.837663 [INFO ] NMEA $GPGSV,4,1,13,25,81,068,16,32,65,320,18,12,40,047,25,28,39,292,*79 (pico_gnss pico-gnss-rs/src/main.rs:483)
385.896310 [INFO ] NMEA $GPGSV,4,2,13,10,36,220,,29,21,144,17,23,14,188,17,31,14,275,*72 (pico_gnss pico-gnss-rs/src/main.rs:483)
385.954729 [INFO ] NMEA $GPGSV,4,3,13,24,11,083,13,26,05,226,,193,,,,194,,,*73 (pico_gnss pico-gnss-rs/src/main.rs:483)
385.957196 [INFO ] TIME unix_ns=1780924600512655502 ppb=2313 holdover_ms=1512 locked=1 (pico_gnss pico-gnss-rs/src/main.rs:237)
385.984273 [INFO ] NMEA $GPGSV,4,4,13,195,,,*46 (pico_gnss pico-gnss-rs/src/main.rs:483)
386.046574 [INFO ] NMEA $GLGSV,2,1,08,72,70,156,,75,67,280,,65,52,326,,74,43,027,*65 (pico_gnss pico-gnss-rs/src/main.rs:483)
386.133898 [INFO ] NMEA $GLGSV,2,2,08,76,18,236,,71,16,151,,66,04,330,,73,01,045,*66 (pico_gnss pico-gnss-rs/src/main.rs:483)
386.192607 [INFO ] NMEA $GNRMC,131640.000,A,0000.0000,N,00000.0000,E,0.87,326.07,080626,,,A*73 (pico_gnss pico-gnss-rs/src/main.rs:483)
386.195195 [INFO ] SYNC pps_local_us=379000880 unix_s=1780924600 drift_us=2 err_ns=-8 holdover_ms=1000 (pico_gnss pico-gnss-rs/src/main.rs:514)
386.250846 [INFO ] NMEA $GPVTG,326.07,T,,M,0.87,N,1.62,K,A*37 (pico_gnss pico-gnss-rs/src/main.rs:483)
386.284264 [INFO ] NMEA $GPZDA,131640.000,08,06,2026,,*5F (pico_gnss pico-gnss-rs/src/main.rs:483)
386.311964 [INFO ] NMEA $GPGST,131640.000,16,18,16,134.3,17,17,57*68 (pico_gnss pico-gnss-rs/src/main.rs:483)
386.442857 [INFO ] PPSGEN count=381 interval_ns=1000002288 dev_ns=2288 phase_ns=-1947308 hwphase_ns=-400 trim_ppb=-42 cfg=2 p_ns=0 d_ns=-4 (pico_gnss pico-gnss-rs/src/main.rs:330)
386.444571 [INFO ] PPS count=381 interval_us=1000002 interval_ns=1000002304 state=Locked missed=0 (pico_gnss pico-gnss-rs/src/main.rs:203)
386.615405 [INFO ] NMEA $GPGGA,131641.000,0000.0000,N,00000.0000,E,1,5,1.34,77.3,M,39.0,M,,*67 (pico_gnss pico-gnss-rs/src/main.rs:483)
386.673718 [INFO ] NMEA $GNGLL,0000.0000,N,00000.0000,E,131641.000,A,A*46 (pico_gnss pico-gnss-rs/src/main.rs:483)
386.732124 [INFO ] NMEA $GNGSA,A,3,24,12,29,32,23,,,,,,,,1.65,1.34,0.96*19 (pico_gnss pico-gnss-rs/src/main.rs:483)
386.770783 [INFO ] NMEA $GNGSA,A,3,,,,,,,,,,,,,1.65,1.34,0.96*17 (pico_gnss pico-gnss-rs/src/main.rs:483)
386.829456 [INFO ] NMEA $GPGSV,4,1,13,25,81,068,15,32,65,320,18,12,40,047,26,28,39,292,*79 (pico_gnss pico-gnss-rs/src/main.rs:483)
386.916823 [INFO ] NMEA $GPGSV,4,2,13,10,36,220,,29,21,144,17,23,14,188,17,31,14,275,*72 (pico_gnss pico-gnss-rs/src/main.rs:483)
386.958498 [INFO ] TIME unix_ns=1780924601513889500 ppb=2313 holdover_ms=1513 locked=1 (pico_gnss pico-gnss-rs/src/main.rs:237)
386.975578 [INFO ] NMEA $GPGSV,4,3,13,24,11,083,14,26,05,226,,193,,,,194,,,*74 (pico_gnss pico-gnss-rs/src/main.rs:483)
387.004623 [INFO ] NMEA $GPGSV,4,4,13,195,,,*46 (pico_gnss pico-gnss-rs/src/main.rs:483)
387.067131 [INFO ] NMEA $GLGSV,2,1,08,72,70,156,,75,67,280,,65,52,326,,74,43,027,*65 (pico_gnss pico-gnss-rs/src/main.rs:483)
387.125668 [INFO ] NMEA $GLGSV,2,2,08,76,18,236,,71,16,151,,66,04,330,,73,01,045,*66 (pico_gnss pico-gnss-rs/src/main.rs:483)
387.184383 [INFO ] NMEA $GNRMC,131641.000,A,0000.0000,N,00000.0000,E,0.26,326.07,080626,,,A*7F (pico_gnss pico-gnss-rs/src/main.rs:483)
387.186937 [INFO ] SYNC pps_local_us=380000882 unix_s=1780924601 drift_us=2 err_ns=-8 holdover_ms=1000 (pico_gnss pico-gnss-rs/src/main.rs:514)
387.242640 [INFO ] NMEA $GPVTG,326.07,T,,M,0.26,N,0.49,K,A*34 (pico_gnss pico-gnss-rs/src/main.rs:483)
387.271994 [INFO ] NMEA $GPZDA,131641.000,08,06,2026,,*5E (pico_gnss pico-gnss-rs/src/main.rs:483)
387.311482 [INFO ] NMEA $GPGST,131641.000,16,18,16,131.7,17,17,58*67 (pico_gnss pico-gnss-rs/src/main.rs:483)
387.442850 [INFO ] PPSGEN count=382 interval_ns=1000002288 dev_ns=2288 phase_ns=-2003307 hwphase_ns=-416 trim_ppb=-39 cfg=2 p_ns=0 d_ns=-4 (pico_gnss pico-gnss-rs/src/main.rs:330)
387.444544 [INFO ] PPS count=382 interval_us=1000002 interval_ns=1000002304 state=Locked missed=0 (pico_gnss pico-gnss-rs/src/main.rs:203)
387.628413 [INFO ] NMEA $GPGGA,131642.000,0000.0000,N,00000.0000,E,1,5,1.34,77.3,M,39.0,M,,*6A (pico_gnss pico-gnss-rs/src/main.rs:483)
387.686770 [INFO ] NMEA $GNGLL,0000.0000,N,00000.0000,E,131642.000,A,A*4B (pico_gnss pico-gnss-rs/src/main.rs:483)
387.745160 [INFO ] NMEA $GNGSA,A,3,24,12,29,32,23,,,,,,,,1.65,1.34,0.96*19 (pico_gnss pico-gnss-rs/src/main.rs:483)
387.774633 [INFO ] NMEA $GNGSA,A,3,,,,,,,,,,,,,1.65,1.34,0.96*17 (pico_gnss pico-gnss-rs/src/main.rs:483)
387.863025 [INFO ] NMEA $GPGSV,4,1,13,25,81,068,15,32,65,320,18,12,40,047,26,28,39,292,*79 (pico_gnss pico-gnss-rs/src/main.rs:483)
387.921624 [INFO ] NMEA $GPGSV,4,2,13,10,36,220,,29,21,144,17,23,14,188,17,31,14,275,*72 (pico_gnss pico-gnss-rs/src/main.rs:483)
387.959815 [INFO ] TIME unix_ns=1780924602515147497 ppb=2312 holdover_ms=1515 locked=1 (pico_gnss pico-gnss-rs/src/main.rs:237)
387.980435 [INFO ] NMEA $GPGSV,4,3,13,24,11,083,14,26,05,226,,193,,,,194,,,*74 (pico_gnss pico-gnss-rs/src/main.rs:483)
388.009455 [INFO ] NMEA $GPGSV,4,4,13,195,,,*46 (pico_gnss pico-gnss-rs/src/main.rs:483)
388.071918 [INFO ] NMEA $GLGSV,2,1,08,72,70,156,,75,67,280,,65,52,326,,74,43,027,*65 (pico_gnss pico-gnss-rs/src/main.rs:483)
388.130489 [INFO ] NMEA $GLGSV,2,2,08,76,18,236,,71,16,151,,66,04,330,,73,01,045,*66 (pico_gnss pico-gnss-rs/src/main.rs:483)
388.217942 [INFO ] NMEA $GNRMC,131642.000,A,0000.0000,N,00000.0000,E,0.61,313.57,080626,,,A*72 (pico_gnss pico-gnss-rs/src/main.rs:483)
388.220512 [INFO ] SYNC pps_local_us=381000885 unix_s=1780924602 drift_us=2 err_ns=-8 holdover_ms=999 (pico_gnss pico-gnss-rs/src/main.rs:514)
388.247727 [INFO ] NMEA $GPVTG,313.57,T,,M,0.61,N,1.13,K,A*3A (pico_gnss pico-gnss-rs/src/main.rs:483)
388.276862 [INFO ] NMEA $GPZDA,131642.000,08,06,2026,,*5D (pico_gnss pico-gnss-rs/src/main.rs:483)
388.324940 [INFO ] NMEA $GPGST,131642.000,15,18,16,128.3,17,17,58*6B (pico_gnss pico-gnss-rs/src/main.rs:483)
388.442842 [INFO ] PPSGEN count=383 interval_ns=1000002288 dev_ns=2288 phase_ns=-1989307 hwphase_ns=-432 trim_ppb=-36 cfg=2 p_ns=0 d_ns=-4 (pico_gnss pico-gnss-rs/src/main.rs:330)
388.444529 [INFO ] PPS count=383 interval_us=1000002 interval_ns=1000002288 state=Locked missed=0 (pico_gnss pico-gnss-rs/src/main.rs:203)
388.616353 [INFO ] NMEA $GPGGA,131643.000,0000.0000,N,00000.0000,E,1,5,1.34,77.3,M,39.0,M,,*64 (pico_gnss pico-gnss-rs/src/main.rs:483)
388.674668 [INFO ] NMEA $GNGLL,0000.0000,N,00000.0000,E,131643.000,A,A*45 (pico_gnss pico-gnss-rs/src/main.rs:483)
388.733074 [INFO ] NMEA $GNGSA,A,3,24,12,29,32,23,,,,,,,,1.65,1.34,0.96*19 (pico_gnss pico-gnss-rs/src/main.rs:483)
388.762554 [INFO ] NMEA $GNGSA,A,3,,,,,,,,,,,,,1.65,1.34,0.96*17 (pico_gnss pico-gnss-rs/src/main.rs:483)
388.842699 [INFO ] NMEA $GPGSV,4,1,13,25,81,068,15,32,65,320,18,12,40,047,26,28,39,292,*79 (pico_gnss pico-gnss-rs/src/main.rs:483)
388.901358 [INFO ] NMEA $GPGSV,4,2,13,10,36,220,,29,21,144,17,23,14,188,17,31,14,275,*72 (pico_gnss pico-gnss-rs/src/main.rs:483)
388.959805 [INFO ] NMEA $GPGSV,4,3,13,24,11,083,14,26,05,226,,193,,,,194,,,*74 (pico_gnss pico-gnss-rs/src/main.rs:483)
388.961862 [INFO ] TIME unix_ns=1780924603517239493 ppb=2312 holdover_ms=1517 locked=1 (pico_gnss pico-gnss-rs/src/main.rs:237)
388.989343 [INFO ] NMEA $GPGSV,4,4,13,195,,,*46 (pico_gnss pico-gnss-rs/src/main.rs:483)
389.047592 [INFO ] NMEA $GLGSV,2,1,08,72,70,156,,75,67,280,,65,52,326,,74,43,027,*65 (pico_gnss pico-gnss-rs/src/main.rs:483)
389.110149 [INFO ] NMEA $GLGSV,2,2,08,76,18,236,,71,16,151,,66,04,330,,73,01,045,*66 (pico_gnss pico-gnss-rs/src/main.rs:483)
389.197693 [INFO ] NMEA $GNRMC,131643.000,A,0000.0000,N,00000.0000,E,0.50,313.57,080626,,,A*7E (pico_gnss pico-gnss-rs/src/main.rs:483)
389.200286 [INFO ] SYNC pps_local_us=382000887 unix_s=1780924603 drift_us=2 err_ns=-23 holdover_ms=999 (pico_gnss pico-gnss-rs/src/main.rs:514)
389.227420 [INFO ] NMEA $GPVTG,313.57,T,,M,0.50,N,0.93,K,A*31 (pico_gnss pico-gnss-rs/src/main.rs:483)
389.285235 [INFO ] NMEA $GPZDA,131643.000,08,06,2026,,*5C (pico_gnss pico-gnss-rs/src/main.rs:483)
389.312905 [INFO ] NMEA $GPGST,131643.000,15,18,16,126.0,17,18,58*68 (pico_gnss pico-gnss-rs/src/main.rs:483)
389.442848 [INFO ] PPSGEN count=384 interval_ns=1000002304 dev_ns=2304 phase_ns=-1955307 hwphase_ns=-416 trim_ppb=-33 cfg=2 p_ns=0 d_ns=4 (pico_gnss pico-gnss-rs/src/main.rs:330)
389.444447 [INFO ] PPS count=384 interval_us=1000002 interval_ns=1000002304 state=Locked missed=0 (pico_gnss pico-gnss-rs/src/main.rs:203)
389.627570 [INFO ] NMEA $GPGGA,131644.000,0000.0000,N,00000.0000,E,1,5,1.34,77.3,M,39.0,M,,*60 (pico_gnss pico-gnss-rs/src/main.rs:483)
389.685917 [INFO ] NMEA $GNGLL,0000.0000,N,00000.0000,E,131644.000,A,A*41 (pico_gnss pico-gnss-rs/src/main.rs:483)
389.715658 [INFO ] NMEA $GNGSA,A,3,24,12,29,32,23,,,,,,,,1.65,1.34,0.96*19 (pico_gnss pico-gnss-rs/src/main.rs:483)
389.773756 [INFO ] NMEA $GNGSA,A,3,,,,,,,,,,,,,1.65,1.34,0.96*17 (pico_gnss pico-gnss-rs/src/main.rs:483)
389.836536 [INFO ] NMEA $GPGSV,4,1,13,25,81,068,15,32,65,320,18,12,40,047,26,28,39,292,*79 (pico_gnss pico-gnss-rs/src/main.rs:483)
389.923876 [INFO ] NMEA $GPGSV,4,2,13,10,36,220,,29,21,144,17,23,14,188,17,31,14,275,*72 (pico_gnss pico-gnss-rs/src/main.rs:483)
389.963148 [INFO ] TIME unix_ns=1780924604518509491 ppb=2311 holdover_ms=1518 locked=1 (pico_gnss pico-gnss-rs/src/main.rs:237)
389.982679 [INFO ] NMEA $GPGSV,4,3,13,24,11,083,13,26,05,226,,193,,,,194,,,*73 (pico_gnss pico-gnss-rs/src/main.rs:483)
389.984108 [INFO ] NMEA $GPGSV,4,4,13,195,,,*46 (pico_gnss pico-gnss-rs/src/main.rs:483)
390.070110 [INFO ] NMEA $GLGSV,2,1,08,72,70,156,,75,67,280,,65,52,326,,74,43,027,*65 (pico_gnss pico-gnss-rs/src/main.rs:483)
390.132779 [INFO ] NMEA $GLGSV,2,2,08,76,18,236,,71,16,151,,66,04,330,,73,01,045,*66 (pico_gnss pico-gnss-rs/src/main.rs:483)
390.191465 [INFO ] NMEA $GNRMC,131644.000,A,0000.0000,N,00000.0000,E,0.44,313.57,080626,,,A*7F (pico_gnss pico-gnss-rs/src/main.rs:483)
390.194055 [INFO ] SYNC pps_local_us=383000889 unix_s=1780924604 drift_us=2 err_ns=-7 holdover_ms=999 (pico_gnss pico-gnss-rs/src/main.rs:514)
390.249758 [INFO ] NMEA $GPVTG,313.57,T,,M,0.44,N,0.81,K,A*37 (pico_gnss pico-gnss-rs/src/main.rs:483)
390.279090 [INFO ] NMEA $GPZDA,131644.000,08,06,2026,,*5B (pico_gnss pico-gnss-rs/src/main.rs:483)
390.314450 [INFO ] NMEA $GPGST,131644.000,15,19,16,124.0,17,18,59*6D (pico_gnss pico-gnss-rs/src/main.rs:483)
390.442867 [INFO ] PPSGEN count=385 interval_ns=1000002288 dev_ns=2288 phase_ns=-1869306 hwphase_ns=-432 trim_ppb=-30 cfg=2 p_ns=0 d_ns=-4 (pico_gnss pico-gnss-rs/src/main.rs:330)
390.444565 [INFO ] PPS count=385 interval_us=1000002 interval_ns=1000002304 state=Locked missed=0 (pico_gnss pico-gnss-rs/src/main.rs:203)
390.620469 [INFO ] NMEA $GPGGA,131645.000,0000.0000,N,00000.0000,E,1,5,1.34,77.4,M,39.0,M,,*60 (pico_gnss pico-gnss-rs/src/main.rs:483)
390.678800 [INFO ] NMEA $GNGLL,0000.0000,N,00000.0000,E,131645.000,A,A*46 (pico_gnss pico-gnss-rs/src/main.rs:483)
390.737197 [INFO ] NMEA $GNGSA,A,3,24,12,29,32,23,,,,,,,,1.65,1.34,0.96*19 (pico_gnss pico-gnss-rs/src/main.rs:483)
390.766698 [INFO ] NMEA $GNGSA,A,3,,,,,,,,,,,,,1.65,1.34,0.96*17 (pico_gnss pico-gnss-rs/src/main.rs:483)
390.853981 [INFO ] NMEA $GPGSV,4,1,13,25,81,068,15,32,65,320,18,12,40,047,25,28,39,292,*7A (pico_gnss pico-gnss-rs/src/main.rs:483)
390.916770 [INFO ] NMEA $GPGSV,4,2,13,10,36,220,,29,21,144,18,23,14,188,17,31,14,275,*7D (pico_gnss pico-gnss-rs/src/main.rs:483)
390.964453 [INFO ] TIME unix_ns=1780924605519901488 ppb=2311 holdover_ms=1519 locked=1 (pico_gnss pico-gnss-rs/src/main.rs:237)
390.975577 [INFO ] NMEA $GPGSV,4,3,13,24,11,083,13,26,05,226,,193,,,,194,,,*73 (pico_gnss pico-gnss-rs/src/main.rs:483)
391.004604 [INFO ] NMEA $GPGSV,4,4,13,195,,,*46 (pico_gnss pico-gnss-rs/src/main.rs:483)
391.062963 [INFO ] NMEA $GLGSV,2,1,08,72,70,156,,75,67,280,,65,52,326,,74,43,027,*65 (pico_gnss pico-gnss-rs/src/main.rs:483)
391.125630 [INFO ] NMEA $GLGSV,2,2,08,76,18,236,,71,16,151,,66,04,330,,73,01,045,*66 (pico_gnss pico-gnss-rs/src/main.rs:483)
391.213085 [INFO ] NMEA $GNRMC,131645.000,A,0000.0000,N,00000.0000,E,0.37,313.57,080626,,,A*7C (pico_gnss pico-gnss-rs/src/main.rs:483)
391.215655 [INFO ] SYNC pps_local_us=384000891 unix_s=1780924605 drift_us=2 err_ns=-7 holdover_ms=1000 (pico_gnss pico-gnss-rs/src/main.rs:514)
391.242842 [INFO ] NMEA $GPVTG,313.57,T,,M,0.37,N,0.69,K,A*35 (pico_gnss pico-gnss-rs/src/main.rs:483)
391.271996 [INFO ] NMEA $GPZDA,131645.000,08,06,2026,,*5A (pico_gnss pico-gnss-rs/src/main.rs:483)
391.315697 [INFO ] NMEA $GPGST,131645.000,15,18,16,117.0,17,18,60*67 (pico_gnss pico-gnss-rs/src/main.rs:483)
391.442862 [INFO ] PPSGEN count=386 interval_ns=1000002304 dev_ns=2304 phase_ns=-1997306 hwphase_ns=-432 trim_ppb=-27 cfg=2 p_ns=0 d_ns=0 (pico_gnss pico-gnss-rs/src/main.rs:330)
391.444444 [INFO ] PPS count=386 interval_us=1000002 interval_ns=1000002304 state=Locked missed=0 (pico_gnss pico-gnss-rs/src/main.rs:203)
391.607397 [INFO ] NMEA $GPGGA,131646.000,0000.0000,N,00000.0000,E,1,4,1.58,77.4,M,39.0,M,,*6E (pico_gnss pico-gnss-rs/src/main.rs:483)
391.665733 [INFO ] NMEA $GNGLL,0000.0000,N,00000.0000,E,131646.000,A,A*43 (pico_gnss pico-gnss-rs/src/main.rs:483)
391.724070 [INFO ] NMEA $GNGSA,A,3,12,29,32,23,,,,,,,,,1.86,1.58,0.98*16 (pico_gnss pico-gnss-rs/src/main.rs:483)
391.753572 [INFO ] NMEA $GNGSA,A,3,,,,,,,,,,,,,1.86,1.58,0.98*1E (pico_gnss pico-gnss-rs/src/main.rs:483)
391.840929 [INFO ] NMEA $GPGSV,4,1,13,25,81,068,15,32,65,320,18,12,40,047,25,28,39,292,*7A (pico_gnss pico-gnss-rs/src/main.rs:483)
391.903665 [INFO ] NMEA $GPGSV,4,2,13,10,36,220,,29,21,144,18,23,14,188,17,31,14,275,*7D (pico_gnss pico-gnss-rs/src/main.rs:483)
391.962116 [INFO ] NMEA $GPGSV,4,3,13,24,11,083,,26,05,226,,193,,,,194,,,*71 (pico_gnss pico-gnss-rs/src/main.rs:483)
391.965740 [INFO ] TIME unix_ns=1780924606521099485 ppb=2311 holdover_ms=1521 locked=1 (pico_gnss pico-gnss-rs/src/main.rs:237)
391.991601 [INFO ] NMEA $GPGSV,4,4,13,195,,,*46 (pico_gnss pico-gnss-rs/src/main.rs:483)
392.049867 [INFO ] NMEA $GLGSV,2,1,08,72,70,156,,75,67,280,,65,52,326,,74,43,027,*65 (pico_gnss pico-gnss-rs/src/main.rs:483)
392.108351 [INFO ] NMEA $GLGSV,2,2,08,76,18,236,,71,16,151,,66,04,330,,73,01,045,*66 (pico_gnss pico-gnss-rs/src/main.rs:483)
392.199970 [INFO ] NMEA $GNRMC,131646.000,A,0000.0000,N,00000.0000,E,0.65,339.60,080626,,,A*72 (pico_gnss pico-gnss-rs/src/main.rs:483)
392.202552 [INFO ] SYNC pps_local_us=385000894 unix_s=1780924606 drift_us=2 err_ns=-6 holdover_ms=999 (pico_gnss pico-gnss-rs/src/main.rs:514)
392.229712 [INFO ] NMEA $GPVTG,339.60,T,,M,0.65,N,1.21,K,A*33 (pico_gnss pico-gnss-rs/src/main.rs:483)
392.258828 [INFO ] NMEA $GPZDA,131646.000,08,06,2026,,*59 (pico_gnss pico-gnss-rs/src/main.rs:483)
392.306740 [INFO ] NMEA $GPGST,131646.000,15,19,16,115.9,17,18,60*6E (pico_gnss pico-gnss-rs/src/main.rs:483)
392.442852 [INFO ] PPSGEN count=387 interval_ns=1000002304 dev_ns=2304 phase_ns=-1880306 hwphase_ns=-432 trim_ppb=-24 cfg=2 p_ns=0 d_ns=0 (pico_gnss pico-gnss-rs/src/main.rs:330)
392.444461 [INFO ] PPS count=387 interval_us=1000002 interval_ns=1000002304 state=Locked missed=0 (pico_gnss pico-gnss-rs/src/main.rs:203)
392.615395 [INFO ] NMEA $GPGGA,131647.000,0000.0000,N,00000.0000,E,1,4,1.58,77.3,M,39.0,M,,*6A (pico_gnss pico-gnss-rs/src/main.rs:483)
392.662452 [INFO ] NMEA $GNGLL,0000.0000,N,00000.0000,E,131647.000,A,A*40 (pico_gnss pico-gnss-rs/src/main.rs:483)
392.720756 [INFO ] NMEA $GNGSA,A,3,12,29,32,23,,,,,,,,,1.86,1.58,0.98*16 (pico_gnss pico-gnss-rs/src/main.rs:483)
392.778988 [INFO ] NMEA $GNGSA,A,3,,,,,,,,,,,,,1.86,1.58,0.98*1E (pico_gnss pico-gnss-rs/src/main.rs:483)
392.837646 [INFO ] NMEA $GPGSV,4,1,13,25,81,068,15,32,65,320,18,12,40,047,25,28,39,292,*7A (pico_gnss pico-gnss-rs/src/main.rs:483)
392.900336 [INFO ] NMEA $GPGSV,4,2,13,10,36,220,,29,21,144,18,23,14,188,17,31,14,275,*7D (pico_gnss pico-gnss-rs/src/main.rs:483)
392.958768 [INFO ] NMEA $GPGSV,4,3,13,24,11,083,,26,05,226,,193,,,,194,,,*71 (pico_gnss pico-gnss-rs/src/main.rs:483)
392.967031 [INFO ] TIME unix_ns=1780924607522492483 ppb=2311 holdover_ms=1522 locked=1 (pico_gnss pico-gnss-rs/src/main.rs:237)
392.988317 [INFO ] NMEA $GPGSV,4,4,13,195,,,*46 (pico_gnss pico-gnss-rs/src/main.rs:483)
393.046548 [INFO ] NMEA $GLGSV,2,1,08,72,70,156,,75,67,280,,65,52,326,,74,43,027,*65 (pico_gnss pico-gnss-rs/src/main.rs:483)
393.105067 [INFO ] NMEA $GLGSV,2,2,08,76,18,236,,71,16,151,,66,04,330,,73,01,045,*66 (pico_gnss pico-gnss-rs/src/main.rs:483)
393.196657 [INFO ] NMEA $GNRMC,131647.000,A,0000.0000,N,00000.0000,E,1.11,307.72,080626,,,A*7D (pico_gnss pico-gnss-rs/src/main.rs:483)
393.199246 [INFO ] SYNC pps_local_us=386000896 unix_s=1780924607 drift_us=2 err_ns=-6 holdover_ms=999 (pico_gnss pico-gnss-rs/src/main.rs:514)
393.226390 [INFO ] NMEA $GPVTG,307.72,T,,M,1.11,N,2.05,K,A*3A (pico_gnss pico-gnss-rs/src/main.rs:483)
393.255536 [INFO ] NMEA $GPZDA,131647.000,08,06,2026,,*58 (pico_gnss pico-gnss-rs/src/main.rs:483)
393.307664 [INFO ] NMEA $GPGST,131647.000,15,19,16,117.0,16,18,57*61 (pico_gnss pico-gnss-rs/src/main.rs:483)
393.442865 [INFO ] PPSGEN count=388 interval_ns=1000002304 dev_ns=2304 phase_ns=-1853306 hwphase_ns=-432 trim_ppb=-21 cfg=2 p_ns=0 d_ns=0 (pico_gnss pico-gnss-rs/src/main.rs:330)
393.444457 [INFO ] PPS count=388 interval_us=1000002 interval_ns=1000002320 state=Locked missed=0 (pico_gnss pico-gnss-rs/src/main.rs:203)
393.631475 [INFO ] NMEA $GPGGA,131648.000,0000.0000,N,00000.0000,E,1,4,1.58,77.2,M,39.0,M,,*64 (pico_gnss pico-gnss-rs/src/main.rs:483)
393.674344 [INFO ] NMEA $GNGLL,0000.0000,N,00000.0000,E,131648.000,A,A*4F (pico_gnss pico-gnss-rs/src/main.rs:483)
393.732728 [INFO ] NMEA $GNGSA,A,3,12,29,32,23,,,,,,,,,1.86,1.58,0.98*16 (pico_gnss pico-gnss-rs/src/main.rs:483)
393.790935 [INFO ] NMEA $GNGSA,A,3,,,,,,,,,,,,,1.86,1.58,0.98*1E (pico_gnss pico-gnss-rs/src/main.rs:483)
393.849625 [INFO ] NMEA $GPGSV,4,1,13,25,81,068,15,32,65,320,17,12,40,047,25,28,39,292,15*71 (pico_gnss pico-gnss-rs/src/main.rs:483)
393.936893 [INFO ] NMEA $GPGSV,4,2,13,10,36,220,,29,21,144,18,23,14,188,17,31,14,275,*7D (pico_gnss pico-gnss-rs/src/main.rs:483)
393.968344 [INFO ] TIME unix_ns=1780924608523788479 ppb=2311 holdover_ms=1523 locked=1 (pico_gnss pico-gnss-rs/src/main.rs:237)
393.971094 [INFO ] NMEA $GPGSV,4,3,13,24,11,083,,26,05,226,,193,,,,194,,,*71 (pico_gnss pico-gnss-rs/src/main.rs:483)
394.000081 [INFO ] NMEA $GPGSV,4,4,13,195,,,*46 (pico_gnss pico-gnss-rs/src/main.rs:483)
394.058513 [INFO ] NMEA $GLGSV,2,1,08,72,70,156,,75,67,280,,65,52,326,,74,43,027,*65 (pico_gnss pico-gnss-rs/src/main.rs:483)
394.145832 [INFO ] NMEA $GLGSV,2,2,08,76,18,236,,71,16,151,,66,04,330,,73,01,045,*66 (pico_gnss pico-gnss-rs/src/main.rs:483)
394.208618 [INFO ] NMEA $GNRMC,131648.000,A,0000.0000,N,00000.0000,E,0.64,351.67,080626,,,A*76 (pico_gnss pico-gnss-rs/src/main.rs:483)
394.211190 [INFO ] SYNC pps_local_us=387000898 unix_s=1780924608 drift_us=2 err_ns=10 holdover_ms=1000 (pico_gnss pico-gnss-rs/src/main.rs:514)
394.238371 [INFO ] NMEA $GPVTG,351.67,T,,M,0.64,N,1.18,K,A*31 (pico_gnss pico-gnss-rs/src/main.rs:483)
394.296205 [INFO ] NMEA $GPZDA,131648.000,08,06,2026,,*57 (pico_gnss pico-gnss-rs/src/main.rs:483)
394.325933 [INFO ] NMEA $GPGST,131648.000,15,19,16,114.4,16,19,57*68 (pico_gnss pico-gnss-rs/src/main.rs:483)
394.442860 [INFO ] PPSGEN count=389 interval_ns=1000002304 dev_ns=2304 phase_ns=-1881306 hwphase_ns=-448 trim_ppb=-18 cfg=2 p_ns=0 d_ns=-4 (pico_gnss pico-gnss-rs/src/main.rs:330)
394.444539 [INFO ] PPS count=389 interval_us=1000002 interval_ns=1000002288 state=Locked missed=0 (pico_gnss pico-gnss-rs/src/main.rs:203)
394.634616 [INFO ] NMEA $GPGGA,131649.000,0000.0000,N,00000.0000,E,1,4,1.58,77.0,M,39.0,M,,*69 (pico_gnss pico-gnss-rs/src/main.rs:483)
394.700119 [INFO ] NMEA $GNGLL,0000.0000,N,00000.0000,E,131649.000,A,A*40 (pico_gnss pico-gnss-rs/src/main.rs:483)
394.729732 [INFO ] NMEA $GNGSA,A,3,12,29,32,23,,,,,,,,,1.86,1.58,0.98*16 (pico_gnss pico-gnss-rs/src/main.rs:483)
394.787920 [INFO ] NMEA $GNGSA,A,3,,,,,,,,,,,,,1.86,1.58,0.98*1E (pico_gnss pico-gnss-rs/src/main.rs:483)
394.846569 [INFO ] NMEA $GPGSV,4,1,13,25,81,068,15,32,65,320,17,12,40,047,25,28,39,292,15*71 (pico_gnss pico-gnss-rs/src/main.rs:483)
394.933976 [INFO ] NMEA $GPGSV,4,2,13,10,36,220,,29,21,144,18,23,14,188,17,31,14,275,*7D (pico_gnss pico-gnss-rs/src/main.rs:483)
394.969644 [INFO ] TIME unix_ns=1780924609525076477 ppb=2310 holdover_ms=1525 locked=1 (pico_gnss pico-gnss-rs/src/main.rs:237)
394.996760 [INFO ] NMEA $GPGSV,4,3,13,24,11,083,,26,05,226,,193,,,,194,,,*71 (pico_gnss pico-gnss-rs/src/main.rs:483)
394.998176 [INFO ] NMEA $GPGSV,4,4,13,195,,,*46 (pico_gnss pico-gnss-rs/src/main.rs:483)
395.084249 [INFO ] NMEA $GLGSV,2,1,08,72,70,156,,75,67,280,,65,52,326,,74,43,027,*65 (pico_gnss pico-gnss-rs/src/main.rs:483)
395.142787 [INFO ] NMEA $GLGSV,2,2,08,76,18,236,,71,16,151,,66,04,330,,73,01,045,*66 (pico_gnss pico-gnss-rs/src/main.rs:483)
395.201504 [INFO ] NMEA $GNRMC,131649.000,A,0000.0000,N,00000.0000,E,0.82,353.75,080626,,,A*70 (pico_gnss pico-gnss-rs/src/main.rs:483)
395.204072 [INFO ] SYNC pps_local_us=388000901 unix_s=1780924609 drift_us=2 err_ns=-22 holdover_ms=1000 (pico_gnss pico-gnss-rs/src/main.rs:514)
395.263825 [INFO ] NMEA $GPVTG,353.75,T,,M,0.82,N,1.52,K,A*36 (pico_gnss pico-gnss-rs/src/main.rs:483)
395.293231 [INFO ] NMEA $GPZDA,131649.000,08,06,2026,,*56 (pico_gnss pico-gnss-rs/src/main.rs:483)
395.328589 [INFO ] NMEA $GPGST,131649.000,15,19,16,113.1,16,19,57*6B (pico_gnss pico-gnss-rs/src/main.rs:483)
395.442875 [INFO ] PPSGEN count=390 interval_ns=1000002304 dev_ns=2304 phase_ns=-1947305 hwphase_ns=-432 trim_ppb=-15 cfg=2 p_ns=0 d_ns=4 (pico_gnss pico-gnss-rs/src/main.rs:330)
395.444472 [INFO ] PPS count=390 interval_us=1000002 interval_ns=1000002304 state=Locked missed=0 (pico_gnss pico-gnss-rs/src/main.rs:203)
395.635396 [INFO ] NMEA $GPGGA,131650.000,0000.0000,N,00000.0000,E,1,4,1.58,76.9,M,39.0,M,,*61 (pico_gnss pico-gnss-rs/src/main.rs:483)
395.693689 [INFO ] NMEA $GNGLL,0000.0000,N,00000.0000,E,131650.000,A,A*40 (pico_gnss pico-gnss-rs/src/main.rs:483)
395.753051 [INFO ] NMEA $GNGSA,A,3,12,29,32,23,,,,,,,,,1.86,1.58,0.98*16 (pico_gnss pico-gnss-rs/src/main.rs:483)
395.782594 [INFO ] NMEA $GNGSA,A,3,,,,,,,,,,,,,1.86,1.58,0.98*1E (pico_gnss pico-gnss-rs/src/main.rs:483)
395.869987 [INFO ] NMEA $GPGSV,4,1,13,25,81,068,15,32,65,320,17,12,40,047,25,28,39,292,14*70 (pico_gnss pico-gnss-rs/src/main.rs:483)
395.928581 [INFO ] NMEA $GPGSV,4,2,13,10,36,220,,29,21,144,18,23,14,188,17,31,14,275,*7D (pico_gnss pico-gnss-rs/src/main.rs:483)
395.970956 [INFO ] TIME unix_ns=1780924610526316475 ppb=2310 holdover_ms=1526 locked=1 (pico_gnss pico-gnss-rs/src/main.rs:237)
395.991243 [INFO ] NMEA $GPGSV,4,3,13,24,11,083,,26,05,226,,193,,,,194,,,*71 (pico_gnss pico-gnss-rs/src/main.rs:483)
396.020436 [INFO ] NMEA $GPGSV,4,4,13,195,,,*46 (pico_gnss pico-gnss-rs/src/main.rs:483)
396.078852 [INFO ] NMEA $GLGSV,2,1,08,72,70,156,,75,67,280,,65,52,326,,74,43,027,*65 (pico_gnss pico-gnss-rs/src/main.rs:483)
396.137424 [INFO ] NMEA $GLGSV,2,2,08,76,18,236,,71,16,151,,66,04,330,,73,01,045,*66 (pico_gnss pico-gnss-rs/src/main.rs:483)
396.224892 [INFO ] NMEA $GNRMC,131650.000,A,0000.0000,N,00000.0000,E,0.78,292.04,080626,,,A*7F (pico_gnss pico-gnss-rs/src/main.rs:483)
396.227472 [INFO ] SYNC pps_local_us=389000903 unix_s=1780924610 drift_us=2 err_ns=-6 holdover_ms=999 (pico_gnss pico-gnss-rs/src/main.rs:514)
396.258483 [INFO ] NMEA $GPVTG,292.04,T,,M,0.78,N,1.44,K,A*3E (pico_gnss pico-gnss-rs/src/main.rs:483)
396.287871 [INFO ] NMEA $GPZDA,131650.000,08,06,2026,,*5E (pico_gnss pico-gnss-rs/src/main.rs:483)
396.329562 [INFO ] NMEA $GPGST,131650.000,15,19,16,112.2,16,19,57*61 (pico_gnss pico-gnss-rs/src/main.rs:483)
396.442893 [INFO ] PPSGEN count=391 interval_ns=1000002320 dev_ns=2320 phase_ns=-1879305 hwphase_ns=-416 trim_ppb=-12 cfg=2 p_ns=0 d_ns=4 (pico_gnss pico-gnss-rs/src/main.rs:330)
396.444513 [INFO ] PPS count=391 interval_us=1000002 interval_ns=1000002304 state=Locked missed=0 (pico_gnss pico-gnss-rs/src/main.rs:203)
396.643867 [INFO ] NMEA $GPGGA,131651.000,0000.0000,N,00000.0000,E,1,5,1.23,76.6,M,39.0,M,,*62 (pico_gnss pico-gnss-rs/src/main.rs:483)
396.702190 [INFO ] NMEA $GNGLL,0000.0000,N,00000.0000,E,131651.000,A,A*41 (pico_gnss pico-gnss-rs/src/main.rs:483)
396.755427 [INFO ] NMEA $GNGSA,A,3,28,12,29,32,23,,,,,,,,1.57,1.23,0.97*13 (pico_gnss pico-gnss-rs/src/main.rs:483)
396.784934 [INFO ] NMEA $GNGSA,A,3,,,,,,,,,,,,,1.57,1.23,0.97*11 (pico_gnss pico-gnss-rs/src/main.rs:483)
396.872303 [INFO ] NMEA $GPGSV,4,1,13,25,81,068,16,32,65,320,17,12,40,047,25,28,39,292,14*73 (pico_gnss pico-gnss-rs/src/main.rs:483)
396.930940 [INFO ] NMEA $GPGSV,4,2,13,10,36,220,,29,21,144,18,23,14,188,17,31,14,275,*7D (pico_gnss pico-gnss-rs/src/main.rs:483)
396.972264 [INFO ] TIME unix_ns=1780924611527686472 ppb=2310 holdover_ms=1527 locked=1 (pico_gnss pico-gnss-rs/src/main.rs:237)
396.989657 [INFO ] NMEA $GPGSV,4,3,13,24,11,084,,26,05,226,,193,,,,194,,,*76 (pico_gnss pico-gnss-rs/src/main.rs:483)
397.022625 [INFO ] NMEA $GPGSV,4,4,13,195,,,*46 (pico_gnss pico-gnss-rs/src/main.rs:483)
397.081197 [INFO ] NMEA $GLGSV,2,1,08,72,70,156,,75,67,280,,65,52,326,,74,43,027,*65 (pico_gnss pico-gnss-rs/src/main.rs:483)
397.139745 [INFO ] NMEA $GLGSV,2,2,08,76,18,236,,71,16,151,,66,04,330,,73,01,045,*66 (pico_gnss pico-gnss-rs/src/main.rs:483)
397.227236 [INFO ] NMEA $GNRMC,131651.000,A,0000.0000,N,00000.0000,E,0.25,292.04,080626,,,A*76 (pico_gnss pico-gnss-rs/src/main.rs:483)
397.229810 [INFO ] SYNC pps_local_us=390000905 unix_s=1780924611 drift_us=2 err_ns=-5 holdover_ms=1000 (pico_gnss pico-gnss-rs/src/main.rs:514)
397.256951 [INFO ] NMEA $GPVTG,292.04,T,,M,0.25,N,0.45,K,A*36 (pico_gnss pico-gnss-rs/src/main.rs:483)
397.290084 [INFO ] NMEA $GPZDA,131651.000,08,06,2026,,*5F (pico_gnss pico-gnss-rs/src/main.rs:483)
397.340197 [INFO ] NMEA $GPGST,131651.000,15,19,16,112.2,16,19,57*60 (pico_gnss pico-gnss-rs/src/main.rs:483)
397.442887 [INFO ] PPSGEN count=392 interval_ns=1000002304 dev_ns=2304 phase_ns=-1926305 hwphase_ns=-416 trim_ppb=-9 cfg=2 p_ns=0 d_ns=0 (pico_gnss pico-gnss-rs/src/main.rs:330)
397.444471 [INFO ] PPS count=392 interval_us=1000002 interval_ns=1000002304 state=Locked missed=0 (pico_gnss pico-gnss-rs/src/main.rs:203)
397.645484 [INFO ] NMEA $GPGGA,131652.000,0000.0000,N,00000.0000,E,1,5,1.23,76.5,M,39.0,M,,*67 (pico_gnss pico-gnss-rs/src/main.rs:483)
397.703794 [INFO ] NMEA $GNGLL,0000.0000,N,00000.0000,E,131652.000,A,A*47 (pico_gnss pico-gnss-rs/src/main.rs:483)
397.762147 [INFO ] NMEA $GNGSA,A,3,28,12,29,32,23,,,,,,,,1.57,1.23,0.97*13 (pico_gnss pico-gnss-rs/src/main.rs:483)
397.807029 [INFO ] NMEA $GNGSA,A,3,,,,,,,,,,,,,1.57,1.23,0.97*11 (pico_gnss pico-gnss-rs/src/main.rs:483)
397.865730 [INFO ] NMEA $GPGSV,4,1,13,25,81,063,16,32,65,320,17,12,40,047,25,28,39,292,14*78 (pico_gnss pico-gnss-rs/src/main.rs:483)
397.953054 [INFO ] NMEA $GPGSV,4,2,13,10,36,220,,29,21,144,18,23,14,188,17,31,14,275,*7D (pico_gnss pico-gnss-rs/src/main.rs:483)
397.973567 [INFO ] TIME unix_ns=1780924612528954469 ppb=2310 holdover_ms=1528 locked=1 (pico_gnss pico-gnss-rs/src/main.rs:237)
397.983108 [INFO ] NMEA $GPGSV,4,3,13,24,11,084,,26,05,226,,193,,,,194,,,*76 (pico_gnss pico-gnss-rs/src/main.rs:483)
398.012107 [INFO ] NMEA $GPGSV,4,4,13,195,,,*46 (pico_gnss pico-gnss-rs/src/main.rs:483)
398.074558 [INFO ] NMEA $GLGSV,2,1,08,72,70,156,,75,67,280,,65,52,326,,74,43,027,*65 (pico_gnss pico-gnss-rs/src/main.rs:483)
398.161927 [INFO ] NMEA $GLGSV,2,2,08,76,18,236,,71,16,151,,66,04,330,,73,01,045,*66 (pico_gnss pico-gnss-rs/src/main.rs:483)
398.220628 [INFO ] NMEA $GNRMC,131652.000,A,0000.0000,N,00000.0000,E,0.79,322.08,080626,,,A*7F (pico_gnss pico-gnss-rs/src/main.rs:483)
398.223191 [INFO ] SYNC pps_local_us=391000908 unix_s=1780924612 drift_us=2 err_ns=-5 holdover_ms=999 (pico_gnss pico-gnss-rs/src/main.rs:514)
398.278984 [INFO ] NMEA $GPVTG,322.08,T,,M,0.79,N,1.46,K,A*3B (pico_gnss pico-gnss-rs/src/main.rs:483)
398.312379 [INFO ] NMEA $GPZDA,131652.000,08,06,2026,,*5C (pico_gnss pico-gnss-rs/src/main.rs:483)
398.342116 [INFO ] NMEA $GPGST,131652.000,15,19,16,111.5,16,19,57*67 (pico_gnss pico-gnss-rs/src/main.rs:483)
398.442890 [INFO ] PPSGEN count=393 interval_ns=1000002320 dev_ns=2320 phase_ns=-1880305 hwphase_ns=-400 trim_ppb=-6 cfg=2 p_ns=0 d_ns=4 (pico_gnss pico-gnss-rs/src/main.rs:330)
398.444531 [INFO ] PPS count=393 interval_us=1000002 interval_ns=1000002304 state=Locked missed=0 (pico_gnss pico-gnss-rs/src/main.rs:203)
398.654792 [INFO ] NMEA $GPGGA,131653.000,0000.0000,N,00000.0000,E,1,5,1.23,76.3,M,39.0,M,,*6B (pico_gnss pico-gnss-rs/src/main.rs:483)
398.713121 [INFO ] NMEA $GNGLL,0000.0000,N,00000.0000,E,131653.000,A,A*4D (pico_gnss pico-gnss-rs/src/main.rs:483)
398.771526 [INFO ] NMEA $GNGSA,A,3,28,12,29,32,23,,,,,,,,1.57,1.23,0.97*13 (pico_gnss pico-gnss-rs/src/main.rs:483)
398.808157 [INFO ] NMEA $GNGSA,A,3,,,,,,,,,,,,,1.57,1.23,0.97*11 (pico_gnss pico-gnss-rs/src/main.rs:483)
398.866789 [INFO ] NMEA $GPGSV,4,1,13,25,81,063,16,32,65,320,17,12,40,047,25,28,39,292,14*78 (pico_gnss pico-gnss-rs/src/main.rs:483)
398.954199 [INFO ] NMEA $GPGSV,4,2,13,10,36,220,,29,21,144,18,23,14,188,17,31,14,275,*7D (pico_gnss pico-gnss-rs/src/main.rs:483)
398.974851 [INFO ] TIME unix_ns=1780924613530292466 ppb=2309 holdover_ms=1530 locked=1 (pico_gnss pico-gnss-rs/src/main.rs:237)
399.012693 [INFO ] NMEA $GPGSV,4,3,13,24,11,084,,26,06,227,,193,,,,194,,,*74 (pico_gnss pico-gnss-rs/src/main.rs:483)
399.041911 [INFO ] NMEA $GPGSV,4,4,13,195,,,*46 (pico_gnss pico-gnss-rs/src/main.rs:483)
399.104465 [INFO ] NMEA $GLGSV,2,1,08,72,70,156,,75,67,280,,65,52,326,,74,43,027,*65 (pico_gnss pico-gnss-rs/src/main.rs:483)
399.163006 [INFO ] NMEA $GLGSV,2,2,08,76,18,236,,71,16,151,,66,04,330,,73,01,045,*66 (pico_gnss pico-gnss-rs/src/main.rs:483)
399.221752 [INFO ] NMEA $GNRMC,131653.000,A,0000.0000,N,00000.0000,E,1.47,323.65,080626,,,A*73 (pico_gnss pico-gnss-rs/src/main.rs:483)
399.224327 [INFO ] SYNC pps_local_us=392000910 unix_s=1780924613 drift_us=2 err_ns=-5 holdover_ms=1000 (pico_gnss pico-gnss-rs/src/main.rs:514)
399.279989 [INFO ] NMEA $GPVTG,323.65,T,,M,1.47,N,2.73,K,A*38 (pico_gnss pico-gnss-rs/src/main.rs:483)
399.309357 [INFO ] NMEA $GPZDA,131653.000,08,06,2026,,*5D (pico_gnss pico-gnss-rs/src/main.rs:483)
399.350862 [INFO ] NMEA $GPGST,131653.000,15,19,16,111.9,16,19,57*6A (pico_gnss pico-gnss-rs/src/main.rs:483)
399.442862 [INFO ] PPSGEN count=394 interval_ns=1000002320 dev_ns=2320 phase_ns=-1940304 hwphase_ns=-384 trim_ppb=-3 cfg=2 p_ns=0 d_ns=4 (pico_gnss pico-gnss-rs/src/main.rs:330)
399.444481 [INFO ] PPS count=394 interval_us=1000002 interval_ns=1000002304 state=Locked missed=0 (pico_gnss pico-gnss-rs/src/main.rs:203)
399.643815 [INFO ] NMEA $GPGGA,131654.000,0000.0000,N,00000.0000,E,1,5,1.23,76.0,M,39.0,M,,*6C (pico_gnss pico-gnss-rs/src/main.rs:483)
399.702128 [INFO ] NMEA $GNGLL,0000.0000,N,00000.0000,E,131654.000,A,A*49 (pico_gnss pico-gnss-rs/src/main.rs:483)
399.760539 [INFO ] NMEA $GNGSA,A,3,28,12,29,32,23,,,,,,,,1.57,1.23,0.97*13 (pico_gnss pico-gnss-rs/src/main.rs:483)
399.790023 [INFO ] NMEA $GNGSA,A,3,,,,,,,,,,,,,1.57,1.23,0.97*11 (pico_gnss pico-gnss-rs/src/main.rs:483)
399.876370 [INFO ] NMEA $GPGSV,4,1,13,25,81,063,16,32,65,320,17,12,40,047,25,28,39,292,14*78 (pico_gnss pico-gnss-rs/src/main.rs:483)
399.934984 [INFO ] NMEA $GPGSV,4,2,13,10,36,220,,29,21,144,18,23,14,188,17,31,14,275,*7D (pico_gnss pico-gnss-rs/src/main.rs:483)
399.976155 [INFO ] TIME unix_ns=1780924614531528464 ppb=2309 holdover_ms=1531 locked=1 (pico_gnss pico-gnss-rs/src/main.rs:237)
399.993752 [INFO ] NMEA $GPGSV,4,3,13,24,11,084,,26,06,227,,193,,,,194,,,*74 (pico_gnss pico-gnss-rs/src/main.rs:483)
400.022710 [INFO ] NMEA $GPGSV,4,4,13,195,,,*46 (pico_gnss pico-gnss-rs/src/main.rs:483)
400.085242 [INFO ] NMEA $GLGSV,2,1,08,72,70,156,,75,67,280,,65,52,326,,74,43,027,*65 (pico_gnss pico-gnss-rs/src/main.rs:483)
400.143823 [INFO ] NMEA $GLGSV,2,2,08,76,18,236,,71,16,151,,66,04,330,,73,01,045,*66 (pico_gnss pico-gnss-rs/src/main.rs:483)
400.231272 [INFO ] NMEA $GNRMC,131654.000,A,0000.0000,N,00000.0000,E,1.57,319.50,080626,,,A*79 (pico_gnss pico-gnss-rs/src/main.rs:483)
400.233840 [INFO ] SYNC pps_local_us=393000912 unix_s=1780924614 drift_us=2 err_ns=-5 holdover_ms=999 (pico_gnss pico-gnss-rs/src/main.rs:514)
400.261046 [INFO ] NMEA $GPVTG,319.50,T,,M,1.57,N,2.90,K,A*3B (pico_gnss pico-gnss-rs/src/main.rs:483)
400.290153 [INFO ] NMEA $GPZDA,131654.000,08,06,2026,,*5A (pico_gnss pico-gnss-rs/src/main.rs:483)
400.340369 [INFO ] NMEA $GPGST,131654.000,15,19,16,112.7,16,19,57*60 (pico_gnss pico-gnss-rs/src/main.rs:483)
400.442877 [INFO ] PPSGEN count=395 interval_ns=1000002336 dev_ns=2336 phase_ns=-1867304 hwphase_ns=-352 trim_ppb=-1 cfg=2 p_ns=0 d_ns=8 (pico_gnss pico-gnss-rs/src/main.rs:330)
400.444506 [INFO ] PPS count=395 interval_us=1000002 interval_ns=1000002288 state=Locked missed=0 (pico_gnss pico-gnss-rs/src/main.rs:203)
400.659548 [INFO ] NMEA $GPGGA,131655.000,0000.0000,N,00000.0000,E,1,5,1.23,76.0,M,39.0,M,,*61 (pico_gnss pico-gnss-rs/src/main.rs:483)
400.717854 [INFO ] NMEA $GNGLL,0000.0000,N,00000.0000,E,131655.000,A,A*44 (pico_gnss pico-gnss-rs/src/main.rs:483)
400.776266 [INFO ] NMEA $GNGSA,A,3,28,12,29,32,23,,,,,,,,1.57,1.23,0.97*13 (pico_gnss pico-gnss-rs/src/main.rs:483)
400.805751 [INFO ] NMEA $GNGSA,A,3,,,,,,,,,,,,,1.57,1.23,0.97*11 (pico_gnss pico-gnss-rs/src/main.rs:483)
400.883876 [INFO ] NMEA $GPGSV,4,1,13,25,81,063,16,32,65,320,17,28,40,292,15,12,40,047,25*77 (pico_gnss pico-gnss-rs/src/main.rs:483)
400.942506 [INFO ] NMEA $GPGSV,4,2,13,10,36,220,,29,21,144,18,23,14,188,17,31,14,275,*7D (pico_gnss pico-gnss-rs/src/main.rs:483)
400.977459 [INFO ] TIME unix_ns=1780924615532884462 ppb=2309 holdover_ms=1532 locked=1 (pico_gnss pico-gnss-rs/src/main.rs:237)
401.001296 [INFO ] NMEA $GPGSV,4,3,13,24,11,084,,26,06,227,,193,,,,194,,,*74 (pico_gnss pico-gnss-rs/src/main.rs:483)
401.030316 [INFO ] NMEA $GPGSV,4,4,13,195,,,*46 (pico_gnss pico-gnss-rs/src/main.rs:483)
401.088700 [INFO ] NMEA $GLGSV,2,1,08,72,70,156,,75,67,280,,65,52,326,,74,43,027,*65 (pico_gnss pico-gnss-rs/src/main.rs:483)
401.151339 [INFO ] NMEA $GLGSV,2,2,08,76,18,236,,71,16,151,,66,04,330,,73,01,045,*66 (pico_gnss pico-gnss-rs/src/main.rs:483)
401.238829 [INFO ] NMEA $GNRMC,131655.000,A,0000.0000,N,00000.0000,E,2.76,298.96,080626,,,A*76 (pico_gnss pico-gnss-rs/src/main.rs:483)
401.241391 [INFO ] SYNC pps_local_us=394000915 unix_s=1780924615 drift_us=2 err_ns=-20 holdover_ms=1000 (pico_gnss pico-gnss-rs/src/main.rs:514)
401.268583 [INFO ] NMEA $GPVTG,298.96,T,,M,2.76,N,5.12,K,A*34 (pico_gnss pico-gnss-rs/src/main.rs:483)
401.326430 [INFO ] NMEA $GPZDA,131655.000,08,06,2026,,*5B (pico_gnss pico-gnss-rs/src/main.rs:483)
401.356135 [INFO ] NMEA $GPGST,131655.000,15,19,16,111.5,16,19,57*60 (pico_gnss pico-gnss-rs/src/main.rs:483)
401.442873 [INFO ] PPSGEN count=396 interval_ns=1000002320 dev_ns=2320 phase_ns=-1917304 hwphase_ns=-320 trim_ppb=1 cfg=2 p_ns=0 d_ns=8 (pico_gnss pico-gnss-rs/src/main.rs:330)
401.444421 [INFO ] PPS count=396 interval_us=1000002 interval_ns=1000002304 state=Locked missed=0 (pico_gnss pico-gnss-rs/src/main.rs:203)
401.656662 [INFO ] NMEA $GPGGA,131656.000,0000.0000,N,00000.0000,E,1,5,1.23,75.7,M,39.0,M,,*62 (pico_gnss pico-gnss-rs/src/main.rs:483)
401.715033 [INFO ] NMEA $GNGLL,0000.0000,N,00000.0000,E,131656.000,A,A*43 (pico_gnss pico-gnss-rs/src/main.rs:483)
401.744665 [INFO ] NMEA $GNGSA,A,3,28,12,29,32,23,,,,,,,,1.57,1.23,0.97*13 (pico_gnss pico-gnss-rs/src/main.rs:483)
401.802854 [INFO ] NMEA $GNGSA,A,3,,,,,,,,,,,,,1.57,1.23,0.97*11 (pico_gnss pico-gnss-rs/src/main.rs:483)
401.865630 [INFO ] NMEA $GPGSV,4,1,13,25,81,063,16,32,65,320,17,28,40,292,15,12,40,047,25*77 (pico_gnss pico-gnss-rs/src/main.rs:483)
401.953098 [INFO ] NMEA $GPGSV,4,2,13,10,36,220,,29,22,143,18,23,14,188,17,31,14,275,*79 (pico_gnss pico-gnss-rs/src/main.rs:483)
401.978750 [INFO ] TIME unix_ns=1780924616534161459 ppb=2308 holdover_ms=1534 locked=1 (pico_gnss pico-gnss-rs/src/main.rs:237)
402.011585 [INFO ] NMEA $GPGSV,4,3,13,24,11,084,,26,06,227,,193,,,,194,,,*74 (pico_gnss pico-gnss-rs/src/main.rs:483)
402.012971 [INFO ] NMEA $GPGSV,4,4,13,195,,,*46 (pico_gnss pico-gnss-rs/src/main.rs:483)
402.099263 [INFO ] NMEA $GLGSV,2,1,08,72,70,156,,75,67,280,,65,52,326,,74,43,027,*65 (pico_gnss pico-gnss-rs/src/main.rs:483)
402.161885 [INFO ] NMEA $GLGSV,2,2,08,76,18,236,,71,16,151,,66,04,330,,73,01,045,*66 (pico_gnss pico-gnss-rs/src/main.rs:483)
402.220647 [INFO ] NMEA $GNRMC,131656.000,A,0000.0000,N,00000.0000,E,1.71,300.85,080626,,,A*77 (pico_gnss pico-gnss-rs/src/main.rs:483)
402.223231 [INFO ] SYNC pps_local_us=395000917 unix_s=1780924616 drift_us=2 err_ns=-4 holdover_ms=999 (pico_gnss pico-gnss-rs/src/main.rs:514)
402.278874 [INFO ] NMEA $GPVTG,300.85,T,,M,1.71,N,3.18,K,A*3E (pico_gnss pico-gnss-rs/src/main.rs:483)
402.308239 [INFO ] NMEA $GPZDA,131656.000,08,06,2026,,*58 (pico_gnss pico-gnss-rs/src/main.rs:483)
402.345708 [INFO ] NMEA $GPGST,131656.000,15,18,13,103.1,14,18,54*60 (pico_gnss pico-gnss-rs/src/main.rs:483)
402.442886 [INFO ] PPSGEN count=397 interval_ns=1000002320 dev_ns=2320 phase_ns=-1840304 hwphase_ns=-304 trim_ppb=3 cfg=2 p_ns=0 d_ns=4 (pico_gnss pico-gnss-rs/src/main.rs:330)
402.444447 [INFO ] PPS count=397 interval_us=1000002 interval_ns=1000002304 state=Locked missed=0 (pico_gnss pico-gnss-rs/src/main.rs:203)
402.642784 [INFO ] NMEA $GPGGA,131657.000,0000.0000,N,00000.0000,E,1,5,1.23,75.7,M,39.0,M,,*67 (pico_gnss pico-gnss-rs/src/main.rs:483)
402.701120 [INFO ] NMEA $GNGLL,0000.0000,N,00000.0000,E,131657.000,A,A*46 (pico_gnss pico-gnss-rs/src/main.rs:483)
402.759517 [INFO ] NMEA $GNGSA,A,3,28,12,29,32,23,,,,,,,,1.57,1.23,0.97*13 (pico_gnss pico-gnss-rs/src/main.rs:483)
402.788994 [INFO ] NMEA $GNGSA,A,3,,,,,,,,,,,,,1.57,1.23,0.97*11 (pico_gnss pico-gnss-rs/src/main.rs:483)
402.880524 [INFO ] NMEA $GPGSV,4,1,13,25,81,063,15,32,65,320,17,28,40,292,15,12,40,047,25*74 (pico_gnss pico-gnss-rs/src/main.rs:483)
402.939125 [INFO ] NMEA $GPGSV,4,2,13,10,36,220,,29,22,143,18,23,14,188,17,31,14,275,*79 (pico_gnss pico-gnss-rs/src/main.rs:483)
402.980055 [INFO ] TIME unix_ns=1780924617535520456 ppb=2308 holdover_ms=1535 locked=1 (pico_gnss pico-gnss-rs/src/main.rs:237)
402.997862 [INFO ] NMEA $GPGSV,4,3,13,24,11,084,,26,06,227,,193,,,,194,,,*74 (pico_gnss pico-gnss-rs/src/main.rs:483)
403.026888 [INFO ] NMEA $GPGSV,4,4,13,195,,,*46 (pico_gnss pico-gnss-rs/src/main.rs:483)
403.085316 [INFO ] NMEA $GLGSV,2,1,08,72,70,156,,75,67,280,,65,52,326,,74,43,027,*65 (pico_gnss pico-gnss-rs/src/main.rs:483)
403.147954 [INFO ] NMEA $GLGSV,2,2,08,76,18,236,,71,16,151,,66,04,330,,73,01,045,*66 (pico_gnss pico-gnss-rs/src/main.rs:483)
403.235403 [INFO ] NMEA $GNRMC,131657.000,A,0000.0000,N,00000.0000,E,2.57,315.90,080626,,,A*75 (pico_gnss pico-gnss-rs/src/main.rs:483)
403.237964 [INFO ] SYNC pps_local_us=396000919 unix_s=1780924617 drift_us=2 err_ns=-4 holdover_ms=1000 (pico_gnss pico-gnss-rs/src/main.rs:514)
403.265160 [INFO ] NMEA $GPVTG,315.90,T,,M,2.57,N,4.77,K,A*37 (pico_gnss pico-gnss-rs/src/main.rs:483)
403.294307 [INFO ] NMEA $GPZDA,131657.000,08,06,2026,,*59 (pico_gnss pico-gnss-rs/src/main.rs:483)
403.340093 [INFO ] NMEA $GPGST,131657.000,15,18,14,103.8,14,18,54*6F (pico_gnss pico-gnss-rs/src/main.rs:483)
403.442883 [INFO ] PPSGEN count=398 interval_ns=1000002320 dev_ns=2320 phase_ns=-1837304 hwphase_ns=-288 trim_ppb=5 cfg=2 p_ns=0 d_ns=4 (pico_gnss pico-gnss-rs/src/main.rs:330)
403.444452 [INFO ] PPS count=398 interval_us=1000002 interval_ns=1000002304 state=Locked missed=0 (pico_gnss pico-gnss-rs/src/main.rs:203)
403.634662 [INFO ] NMEA $GPGGA,131658.000,0000.0000,N,00000.0000,E,1,5,1.23,75.7,M,39.0,M,,*61 (pico_gnss pico-gnss-rs/src/main.rs:483)
403.692968 [INFO ] NMEA $GNGLL,0000.0000,N,00000.0000,E,131658.000,A,A*40 (pico_gnss pico-gnss-rs/src/main.rs:483)
403.751354 [INFO ] NMEA $GNGSA,A,3,28,12,29,32,23,,,,,,,,1.57,1.23,0.97*13 (pico_gnss pico-gnss-rs/src/main.rs:483)
403.809586 [INFO ] NMEA $GNGSA,A,3,,,,,,,,,,,,,1.57,1.23,0.97*11 (pico_gnss pico-gnss-rs/src/main.rs:483)
403.868264 [INFO ] NMEA $GPGSV,4,1,13,25,81,063,14,32,65,320,17,28,40,292,15,12,40,047,25*75 (pico_gnss pico-gnss-rs/src/main.rs:483)
403.930957 [INFO ] NMEA $GPGSV,4,2,13,10,36,220,,29,22,143,18,31,15,276,,23,14,188,17*7B (pico_gnss pico-gnss-rs/src/main.rs:483)
403.981371 [INFO ] TIME unix_ns=1780924618536813453 ppb=2308 holdover_ms=1536 locked=1 (pico_gnss pico-gnss-rs/src/main.rs:237)
403.989702 [INFO ] NMEA $GPGSV,4,3,13,24,11,084,,26,06,227,,193,,,,194,,,*74 (pico_gnss pico-gnss-rs/src/main.rs:483)
404.018713 [INFO ] NMEA $GPGSV,4,4,13,195,,,*46 (pico_gnss pico-gnss-rs/src/main.rs:483)
404.077155 [INFO ] NMEA $GLGSV,2,1,08,72,70,156,,75,67,280,,65,52,326,,74,43,027,*65 (pico_gnss pico-gnss-rs/src/main.rs:483)
404.135680 [INFO ] NMEA $GLGSV,2,2,08,76,18,236,,71,16,151,,66,04,330,,73,01,045,*66 (pico_gnss pico-gnss-rs/src/main.rs:483)
404.227268 [INFO ] NMEA $GNRMC,131658.000,A,0000.0000,N,00000.0000,E,1.58,318.85,080626,,,A*76 (pico_gnss pico-gnss-rs/src/main.rs:483)
404.229870 [INFO ] SYNC pps_local_us=397000921 unix_s=1780924618 drift_us=2 err_ns=-4 holdover_ms=999 (pico_gnss pico-gnss-rs/src/main.rs:514)
404.257000 [INFO ] NMEA $GPVTG,318.85,T,,M,1.58,N,2.92,K,A*3F (pico_gnss pico-gnss-rs/src/main.rs:483)
404.314819 [INFO ] NMEA $GPZDA,131658.000,08,06,2026,,*56 (pico_gnss pico-gnss-rs/src/main.rs:483)
404.340395 [INFO ] NMEA $GPGST,131658.000,15,18,13,103.1,13,17,54*66 (pico_gnss pico-gnss-rs/src/main.rs:483)
404.442869 [INFO ] PPSGEN count=399 interval_ns=1000002336 dev_ns=2336 phase_ns=-1844303 hwphase_ns=-256 trim_ppb=7 cfg=2 p_ns=0 d_ns=8 (pico_gnss pico-gnss-rs/src/main.rs:330)
404.444402 [INFO ] PPS count=399 interval_us=1000002 interval_ns=1000002288 state=Locked missed=0 (pico_gnss pico-gnss-rs/src/main.rs:203)
404.655040 [INFO ] NMEA $GPGGA,131659.000,0000.0000,N,00000.0000,E,1,5,1.23,75.7,M,39.0,M,,*61 (pico_gnss pico-gnss-rs/src/main.rs:483)
404.684702 [INFO ] NMEA $GNGLL,0000.0000,N,00000.0000,E,131659.000,A,A*40 (pico_gnss pico-gnss-rs/src/main.rs:483)
404.743022 [INFO ] NMEA $GNGSA,A,3,28,12,29,32,23,,,,,,,,1.57,1.23,0.97*13 (pico_gnss pico-gnss-rs/src/main.rs:483)
404.801243 [INFO ] NMEA $GNGSA,A,3,,,,,,,,,,,,,1.57,1.23,0.97*11 (pico_gnss pico-gnss-rs/src/main.rs:483)
404.859933 [INFO ] NMEA $GPGSV,4,1,13,25,81,063,14,32,66,319,17,28,40,292,15,12,40,047,24*7D (pico_gnss pico-gnss-rs/src/main.rs:483)
404.951368 [INFO ] NMEA $GPGSV,4,2,13,10,36,220,,29,22,143,18,31,15,276,,23,14,188,17*7B (pico_gnss pico-gnss-rs/src/main.rs:483)
404.981135 [INFO ] NMEA $GPGSV,4,3,13,24,11,084,,26,06,227,,193,,,,194,,,*74 (pico_gnss pico-gnss-rs/src/main.rs:483)
404.982987 [INFO ] TIME unix_ns=1780924619538472450 ppb=2308 holdover_ms=1538 locked=1 (pico_gnss pico-gnss-rs/src/main.rs:237)
405.010646 [INFO ] NMEA $GPGSV,4,4,13,195,,,*46 (pico_gnss pico-gnss-rs/src/main.rs:483)
405.097584 [INFO ] NMEA $GLGSV,2,1,08,72,70,156,,75,67,280,,65,52,326,,74,43,027,*65 (pico_gnss pico-gnss-rs/src/main.rs:483)
405.156116 [INFO ] NMEA $GLGSV,2,2,08,76,18,236,,71,16,151,,66,04,330,,73,01,045,*66 (pico_gnss pico-gnss-rs/src/main.rs:483)
405.218923 [INFO ] NMEA $GNRMC,131659.000,A,0000.0000,N,00000.0000,E,1.36,328.18,080626,,,A*79 (pico_gnss pico-gnss-rs/src/main.rs:483)
405.221486 [INFO ] SYNC pps_local_us=398000924 unix_s=1780924619 drift_us=2 err_ns=-19 holdover_ms=999 (pico_gnss pico-gnss-rs/src/main.rs:514)
405.277226 [INFO ] NMEA $GPVTG,328.18,T,,M,1.36,N,2.53,K,A*3D (pico_gnss pico-gnss-rs/src/main.rs:483)
405.306561 [INFO ] NMEA $GPZDA,131659.000,08,06,2026,,*57 (pico_gnss pico-gnss-rs/src/main.rs:483)
405.336033 [INFO ] NMEA $GPGST,131659.000,14,18,13,103.2,13,17,54*65 (pico_gnss pico-gnss-rs/src/main.rs:483)
405.442880 [INFO ] PPSGEN count=400 interval_ns=1000002336 dev_ns=2336 phase_ns=-1807303 hwphase_ns=-208 trim_ppb=8 cfg=2 p_ns=0 d_ns=12 (pico_gnss pico-gnss-rs/src/main.rs:330)
405.444439 [INFO ] PPS count=400 interval_us=1000002 interval_ns=1000002304 state=Locked missed=0 (pico_gnss pico-gnss-rs/src/main.rs:203)
405.643693 [INFO ] NMEA $GPGGA,131700.000,0000.0000,N,00000.0000,E,1,5,1.23,75.7,M,39.0,M,,*66 (pico_gnss pico-gnss-rs/src/main.rs:483)
405.705047 [INFO ] NMEA $GNGLL,0000.0000,N,00000.0000,E,131700.000,A,A*47 (pico_gnss pico-gnss-rs/src/main.rs:483)
405.763477 [INFO ] NMEA $GNGSA,A,3,28,12,29,32,23,,,,,,,,1.57,1.23,0.97*13 (pico_gnss pico-gnss-rs/src/main.rs:483)
405.792995 [INFO ] NMEA $GNGSA,A,3,,,,,,,,,,,,,1.57,1.23,0.97*11 (pico_gnss pico-gnss-rs/src/main.rs:483)
405.880353 [INFO ] NMEA $GPGSV,4,1,13,25,81,063,14,32,66,319,17,28,40,292,14,12,40,047,24*7C (pico_gnss pico-gnss-rs/src/main.rs:483)
405.943083 [INFO ] NMEA $GPGSV,4,2,13,10,36,220,,29,22,143,18,31,15,276,,23,14,188,17*7B (pico_gnss pico-gnss-rs/src/main.rs:483)
405.984309 [INFO ] TIME unix_ns=1780924620539791447 ppb=2307 holdover_ms=1539 locked=1 (pico_gnss pico-gnss-rs/src/main.rs:237)
406.001835 [INFO ] NMEA $GPGSV,4,3,13,24,11,084,,26,06,227,,193,,,,194,,,*74 (pico_gnss pico-gnss-rs/src/main.rs:483)
406.030865 [INFO ] NMEA $GPGSV,4,4,13,195,,,*46 (pico_gnss pico-gnss-rs/src/main.rs:483)
406.089240 [INFO ] NMEA $GLGSV,2,1,08,72,70,156,,75,67,280,,65,52,326,,74,43,027,*65 (pico_gnss pico-gnss-rs/src/main.rs:483)
406.147795 [INFO ] NMEA $GLGSV,2,2,08,76,18,236,,71,16,151,,66,04,330,,73,01,045,*66 (pico_gnss pico-gnss-rs/src/main.rs:483)
406.210621 [INFO ] NMEA $GNRMC,131700.000,A,0000.0000,N,00000.0000,E,1.66,307.24,080626,,,A*79 (pico_gnss pico-gnss-rs/src/main.rs:483)
406.213194 [INFO ] SYNC pps_local_us=399000926 unix_s=1780924620 drift_us=2 err_ns=-3 holdover_ms=1000 (pico_gnss pico-gnss-rs/src/main.rs:514)
406.268880 [INFO ] NMEA $GPVTG,307.24,T,,M,1.66,N,3.08,K,A*35 (pico_gnss pico-gnss-rs/src/main.rs:483)
406.298259 [INFO ] NMEA $GPZDA,131700.000,08,06,2026,,*5A (pico_gnss pico-gnss-rs/src/main.rs:483)
406.339872 [INFO ] NMEA $GPGST,131700.000,14,18,13,103.4,14,17,54*69 (pico_gnss pico-gnss-rs/src/main.rs:483)
406.442876 [INFO ] PPSGEN count=401 interval_ns=1000002320 dev_ns=2320 phase_ns=-1825303 hwphase_ns=-192 trim_ppb=9 cfg=2 p_ns=0 d_ns=4 (pico_gnss pico-gnss-rs/src/main.rs:330)
406.444424 [INFO ] PPS count=401 interval_us=1000002 interval_ns=1000002304 state=Locked missed=0 (pico_gnss pico-gnss-rs/src/main.rs:203)
406.643811 [INFO ] NMEA $GPGGA,131701.000,0000.0000,N,00000.0000,E,1,5,1.23,75.7,M,39.0,M,,*6F (pico_gnss pico-gnss-rs/src/main.rs:483)
406.696987 [INFO ] NMEA $GNGLL,0000.0000,N,00000.0000,E,131701.000,A,A*4E (pico_gnss pico-gnss-rs/src/main.rs:483)
406.755339 [INFO ] NMEA $GNGSA,A,3,28,12,29,32,23,,,,,,,,1.57,1.23,0.97*13 (pico_gnss pico-gnss-rs/src/main.rs:483)
406.784853 [INFO ] NMEA $GNGSA,A,3,,,,,,,,,,,,,1.57,1.23,0.97*11 (pico_gnss pico-gnss-rs/src/main.rs:483)
406.872223 [INFO ] NMEA $GPGSV,4,1,13,25,81,063,14,32,66,319,17,28,40,292,14,12,40,047,24*7C (pico_gnss pico-gnss-rs/src/main.rs:483)
406.930880 [INFO ] NMEA $GPGSV,4,2,13,10,36,220,,29,22,143,17,31,15,276,,23,14,188,17*74 (pico_gnss pico-gnss-rs/src/main.rs:483)
406.985631 [INFO ] TIME unix_ns=1780924621541093445 ppb=2307 holdover_ms=1541 locked=1 (pico_gnss pico-gnss-rs/src/main.rs:237)
406.993762 [INFO ] NMEA $GPGSV,4,3,13,24,11,084,,26,06,227,,193,,,,194,,,*74 (pico_gnss pico-gnss-rs/src/main.rs:483)
407.022723 [INFO ] NMEA $GPGSV,4,4,13,195,,,*46 (pico_gnss pico-gnss-rs/src/main.rs:483)
407.081145 [INFO ] NMEA $GLGSV,2,1,08,72,70,156,,75,67,280,,65,52,326,,74,43,027,*65 (pico_gnss pico-gnss-rs/src/main.rs:483)
407.139668 [INFO ] NMEA $GLGSV,2,2,08,76,18,236,,71,16,151,,66,04,330,,73,01,045,*66 (pico_gnss pico-gnss-rs/src/main.rs:483)
407.231266 [INFO ] NMEA $GNRMC,131701.000,A,0000.0000,N,00000.0000,E,1.26,273.97,080626,,,A*7E (pico_gnss pico-gnss-rs/src/main.rs:483)
407.233850 [INFO ] SYNC pps_local_us=400000928 unix_s=1780924621 drift_us=2 err_ns=-3 holdover_ms=999 (pico_gnss pico-gnss-rs/src/main.rs:514)
407.261039 [INFO ] NMEA $GPVTG,273.97,T,,M,1.26,N,2.33,K,A*32 (pico_gnss pico-gnss-rs/src/main.rs:483)
407.290148 [INFO ] NMEA $GPZDA,131701.000,08,06,2026,,*5B (pico_gnss pico-gnss-rs/src/main.rs:483)
407.340144 [INFO ] NMEA $GPGST,131701.000,14,18,14,104.1,14,17,55*6C (pico_gnss pico-gnss-rs/src/main.rs:483)
407.442889 [INFO ] PPSGEN count=402 interval_ns=1000002336 dev_ns=2336 phase_ns=-1808303 hwphase_ns=-160 trim_ppb=10 cfg=2 p_ns=0 d_ns=8 (pico_gnss pico-gnss-rs/src/main.rs:330)
407.444427 [INFO ] PPS count=402 interval_us=1000002 interval_ns=1000002304 state=Locked missed=0 (pico_gnss pico-gnss-rs/src/main.rs:203)
407.649302 [INFO ] NMEA $GPGGA,131702.000,0000.0000,N,00000.0000,E,1,5,1.23,75.6,M,39.0,M,,*6F (pico_gnss pico-gnss-rs/src/main.rs:483)
407.707593 [INFO ] NMEA $GNGLL,0000.0000,N,00000.0000,E,131702.000,A,A*4F (pico_gnss pico-gnss-rs/src/main.rs:483)
407.752650 [INFO ] NMEA $GNGSA,A,3,28,12,29,32,23,,,,,,,,1.57,1.23,0.97*13 (pico_gnss pico-gnss-rs/src/main.rs:483)
407.810860 [INFO ] NMEA $GNGSA,A,3,,,,,,,,,,,,,1.57,1.23,0.97*11 (pico_gnss pico-gnss-rs/src/main.rs:483)
407.869553 [INFO ] NMEA $GPGSV,4,1,13,25,81,063,14,32,66,319,17,28,40,292,14,12,40,047,23*7B (pico_gnss pico-gnss-rs/src/main.rs:483)
407.956893 [INFO ] NMEA $GPGSV,4,2,13,10,36,220,,29,22,143,17,31,15,276,,23,14,188,17*74 (pico_gnss pico-gnss-rs/src/main.rs:483)
407.987108 [INFO ] TIME unix_ns=1780924622542586441 ppb=2307 holdover_ms=1542 locked=1 (pico_gnss pico-gnss-rs/src/main.rs:237)
407.991005 [INFO ] NMEA $GPGSV,4,3,13,24,11,084,,26,06,227,,193,,,,194,,,*74 (pico_gnss pico-gnss-rs/src/main.rs:483)
408.020019 [INFO ] NMEA $GPGSV,4,4,13,195,,,*46 (pico_gnss pico-gnss-rs/src/main.rs:483)
408.078493 [INFO ] NMEA $GLGSV,2,1,08,72,70,156,,75,67,280,,65,52,326,,74,43,027,*65 (pico_gnss pico-gnss-rs/src/main.rs:483)
408.165849 [INFO ] NMEA $GLGSV,2,2,08,76,18,236,,71,16,151,,66,04,330,,73,01,045,*66 (pico_gnss pico-gnss-rs/src/main.rs:483)
408.224549 [INFO ] NMEA $GNRMC,131702.000,A,0000.0000,N,00000.0000,E,1.71,300.47,080626,,,A*75 (pico_gnss pico-gnss-rs/src/main.rs:483)
408.227120 [INFO ] SYNC pps_local_us=401000931 unix_s=1780924622 drift_us=2 err_ns=-3 holdover_ms=1000 (pico_gnss pico-gnss-rs/src/main.rs:514)
408.258148 [INFO ] NMEA $GPVTG,300.47,T,,M,1.71,N,3.16,K,A*3E (pico_gnss pico-gnss-rs/src/main.rs:483)
408.316211 [INFO ] NMEA $GPZDA,131702.000,08,06,2026,,*58 (pico_gnss pico-gnss-rs/src/main.rs:483)
408.345965 [INFO ] NMEA $GPGST,131702.000,14,18,14,105.1,14,18,55*61 (pico_gnss pico-gnss-rs/src/main.rs:483)
408.442908 [INFO ] PPSGEN count=403 interval_ns=1000002336 dev_ns=2336 phase_ns=-1816303 hwphase_ns=-128 trim_ppb=11 cfg=2 p_ns=0 d_ns=8 (pico_gnss pico-gnss-rs/src/main.rs:330)
408.444431 [INFO ] PPS count=403 interval_us=1000002 interval_ns=1000002304 state=Locked missed=0 (pico_gnss pico-gnss-rs/src/main.rs:203)
408.604420 [INFO ] NMEA $GPGGA,131703.000,0000.0000,N,00000.0000,E,1,5,1.23,75.6,M,39.0,M,,*6C (pico_gnss pico-gnss-rs/src/main.rs:483)
408.662748 [INFO ] NMEA $GNGLL,0000.0000,N,00000.0000,E,131703.000,A,A*4C (pico_gnss pico-gnss-rs/src/main.rs:483)
408.699508 [INFO ] NMEA $GNGSA,A,3,28,12,29,32,23,,,,,,,,1.57,1.23,0.97*13 (pico_gnss pico-gnss-rs/src/main.rs:483)
408.757765 [INFO ] NMEA $GNGSA,A,3,,,,,,,,,,,,,1.57,1.23,0.97*11 (pico_gnss pico-gnss-rs/src/main.rs:483)
408.816421 [INFO ] NMEA $GPGSV,4,1,13,25,81,063,14,32,66,319,17,28,40,292,13,12,40,047,22*7D (pico_gnss pico-gnss-rs/src/main.rs:483)
408.903834 [INFO ] NMEA $GPGSV,4,2,13,10,36,220,,29,22,143,17,31,15,276,,23,14,188,17*74 (pico_gnss pico-gnss-rs/src/main.rs:483)
408.966326 [INFO ] NMEA $GPGSV,4,3,13,24,11,084,,26,06,227,,193,,,,194,,,*74 (pico_gnss pico-gnss-rs/src/main.rs:483)
408.967681 [INFO ] NMEA $GPGSV,4,4,13,195,,,*46 (pico_gnss pico-gnss-rs/src/main.rs:483)
408.988402 [INFO ] TIME unix_ns=1780924623543889439 ppb=2307 holdover_ms=1543 locked=1 (pico_gnss pico-gnss-rs/src/main.rs:237)
409.054137 [INFO ] NMEA $GLGSV,2,1,08,72,70,156,,75,67,280,,65,52,326,,74,43,027,*65 (pico_gnss pico-gnss-rs/src/main.rs:483)
409.112645 [INFO ] NMEA $GLGSV,2,2,08,76,18,236,,71,16,151,,66,04,330,,73,01,045,*66 (pico_gnss pico-gnss-rs/src/main.rs:483)
409.171373 [INFO ] NMEA $GNRMC,131703.000,A,0000.0000,N,00000.0000,E,0.84,192.68,080626,,,A*79 (pico_gnss pico-gnss-rs/src/main.rs:483)
409.173957 [INFO ] SYNC pps_local_us=402000933 unix_s=1780924623 drift_us=2 err_ns=-3 holdover_ms=1000 (pico_gnss pico-gnss-rs/src/main.rs:514)
409.233648 [INFO ] NMEA $GPVTG,192.68,T,,M,0.84,N,1.56,K,A*37 (pico_gnss pico-gnss-rs/src/main.rs:483)
409.263065 [INFO ] NMEA $GPZDA,131703.000,08,06,2026,,*59 (pico_gnss pico-gnss-rs/src/main.rs:483)
409.300521 [INFO ] NMEA $GPGST,131703.000,14,18,14,105.8,15,18,56*6B (pico_gnss pico-gnss-rs/src/main.rs:483)
409.442886 [INFO ] PPSGEN count=404 interval_ns=1000002320 dev_ns=2320 phase_ns=-1831302 hwphase_ns=-112 trim_ppb=11 cfg=2 p_ns=0 d_ns=4 (pico_gnss pico-gnss-rs/src/main.rs:330)
409.444458 [INFO ] PPS count=404 interval_us=1000002 interval_ns=1000002304 state=Locked missed=0 (pico_gnss pico-gnss-rs/src/main.rs:203)
409.646399 [INFO ] NMEA $GPGGA,131704.000,0000.0000,N,00000.0000,E,1,5,1.23,75.5,M,39.0,M,,*60 (pico_gnss pico-gnss-rs/src/main.rs:483)
409.704704 [INFO ] NMEA $GNGLL,0000.0000,N,00000.0000,E,131704.000,A,A*43 (pico_gnss pico-gnss-rs/src/main.rs:483)
409.762102 [INFO ] NMEA $GNGSA,A,3,28,12,29,32,23,,,,,,,,1.57,1.23,0.97*13 (pico_gnss pico-gnss-rs/src/main.rs:483)
409.791561 [INFO ] NMEA $GNGSA,A,3,,,,,,,,,,,,,1.57,1.23,0.97*11 (pico_gnss pico-gnss-rs/src/main.rs:483)
409.878991 [INFO ] NMEA $GPGSV,4,1,13,25,81,063,14,32,66,319,17,28,40,292,13,12,40,047,22*7D (pico_gnss pico-gnss-rs/src/main.rs:483)
409.937605 [INFO ] NMEA $GPGSV,4,2,13,10,36,220,,29,22,143,17,31,15,276,,23,14,188,17*74 (pico_gnss pico-gnss-rs/src/main.rs:483)
409.989708 [INFO ] TIME unix_ns=1780924624545159436 ppb=2307 holdover_ms=1545 locked=1 (pico_gnss pico-gnss-rs/src/main.rs:237)
409.996373 [INFO ] NMEA $GPGSV,4,3,13,24,11,084,,26,06,227,,193,,,,194,,,*74 (pico_gnss pico-gnss-rs/src/main.rs:483)
410.029366 [INFO ] NMEA $GPGSV,4,4,13,195,,,*46 (pico_gnss pico-gnss-rs/src/main.rs:483)
410.087868 [INFO ] NMEA $GLGSV,2,1,08,72,70,156,,75,67,280,,65,52,326,,74,43,027,*65 (pico_gnss pico-gnss-rs/src/main.rs:483)
410.146442 [INFO ] NMEA $GLGSV,2,2,08,76,18,236,,71,16,151,,66,04,330,,73,01,045,*66 (pico_gnss pico-gnss-rs/src/main.rs:483)
410.233902 [INFO ] NMEA $GNRMC,131704.000,A,0000.0000,N,00000.0000,E,0.30,192.68,080626,,,A*79 (pico_gnss pico-gnss-rs/src/main.rs:483)
410.236483 [INFO ] SYNC pps_local_us=403000935 unix_s=1780924624 drift_us=2 err_ns=-3 holdover_ms=1000 (pico_gnss pico-gnss-rs/src/main.rs:514)
410.263651 [INFO ] NMEA $GPVTG,192.68,T,,M,0.30,N,0.56,K,A*39 (pico_gnss pico-gnss-rs/src/main.rs:483)
410.296792 [INFO ] NMEA $GPZDA,131704.000,08,06,2026,,*5E (pico_gnss pico-gnss-rs/src/main.rs:483)
410.342686 [INFO ] NMEA $GPGST,131704.000,14,18,15,106.7,15,18,57*60 (pico_gnss pico-gnss-rs/src/main.rs:483)
410.442883 [INFO ] PPSGEN count=405 interval_ns=1000002336 dev_ns=2336 phase_ns=-1840302 hwphase_ns=-80 trim_ppb=11 cfg=2 p_ns=0 d_ns=8 (pico_gnss pico-gnss-rs/src/main.rs:330)
410.444430 [INFO ] PPS count=405 interval_us=1000002 interval_ns=1000002304 state=Locked missed=0 (pico_gnss pico-gnss-rs/src/main.rs:203)
410.644526 [INFO ] NMEA $GPGGA,131705.000,0000.0000,N,00000.0000,E,1,5,1.23,75.5,M,39.0,M,,*68 (pico_gnss pico-gnss-rs/src/main.rs:483)
410.702877 [INFO ] NMEA $GNGLL,0000.0000,N,00000.0000,E,131705.000,A,A*4B (pico_gnss pico-gnss-rs/src/main.rs:483)
410.761240 [INFO ] NMEA $GNGSA,A,3,28,12,29,32,23,,,,,,,,1.57,1.23,0.97*13 (pico_gnss pico-gnss-rs/src/main.rs:483)
410.810193 [INFO ] NMEA $GNGSA,A,3,,,,,,,,,,,,,1.57,1.23,0.97*11 (pico_gnss pico-gnss-rs/src/main.rs:483)
410.868883 [INFO ] NMEA $GPGSV,4,1,13,25,81,063,14,32,66,319,17,28,40,292,13,12,40,047,22*7D (pico_gnss pico-gnss-rs/src/main.rs:483)
410.927508 [INFO ] NMEA $GPGSV,4,2,13,10,36,220,,29,22,143,17,31,15,276,,23,14,188,17*74 (pico_gnss pico-gnss-rs/src/main.rs:483)
410.985894 [INFO ] NMEA $GPGSV,4,3,13,24,11,084,,26,06,227,,193,,,,194,,,*74 (pico_gnss pico-gnss-rs/src/main.rs:483)
410.990982 [INFO ] TIME unix_ns=1780924625546452433 ppb=2307 holdover_ms=1546 locked=1 (pico_gnss pico-gnss-rs/src/main.rs:237)
411.015441 [INFO ] NMEA $GPGSV,4,4,13,195,,,*46 (pico_gnss pico-gnss-rs/src/main.rs:483)
411.077769 [INFO ] NMEA $GLGSV,2,1,08,72,70,156,,75,67,280,,65,52,326,,74,43,027,*65 (pico_gnss pico-gnss-rs/src/main.rs:483)
411.136293 [INFO ] NMEA $GLGSV,2,2,08,76,18,236,,71,16,151,,66,04,330,,73,01,045,*66 (pico_gnss pico-gnss-rs/src/main.rs:483)
411.223769 [INFO ] NMEA $GNRMC,131705.000,A,0000.0000,N,00000.0000,E,1.03,182.62,080626,,,A*7B (pico_gnss pico-gnss-rs/src/main.rs:483)
411.226362 [INFO ] SYNC pps_local_us=404000938 unix_s=1780924625 drift_us=2 err_ns=-2 holdover_ms=999 (pico_gnss pico-gnss-rs/src/main.rs:514)
411.253543 [INFO ] NMEA $GPVTG,182.62,T,,M,1.03,N,1.92,K,A*3A (pico_gnss pico-gnss-rs/src/main.rs:483)
411.315418 [INFO ] NMEA $GPZDA,131705.000,08,06,2026,,*5F (pico_gnss pico-gnss-rs/src/main.rs:483)
411.341026 [INFO ] NMEA $GPGST,131705.000,14,18,15,108.1,16,18,57*6A (pico_gnss pico-gnss-rs/src/main.rs:483)
411.442894 [INFO ] PPSGEN count=406 interval_ns=1000002336 dev_ns=2336 phase_ns=-1815302 hwphase_ns=-48 trim_ppb=11 cfg=2 p_ns=0 d_ns=8 (pico_gnss pico-gnss-rs/src/main.rs:330)
411.444432 [INFO ] PPS count=406 interval_us=1000002 interval_ns=1000002320 state=Locked missed=0 (pico_gnss pico-gnss-rs/src/main.rs:203)
411.642366 [INFO ] NMEA $GPGGA,131706.000,0000.0000,N,00000.0000,E,1,5,1.23,75.3,M,39.0,M,,*67 (pico_gnss pico-gnss-rs/src/main.rs:483)
411.700668 [INFO ] NMEA $GNGLL,0000.0000,N,00000.0000,E,131706.000,A,A*42 (pico_gnss pico-gnss-rs/src/main.rs:483)
411.759073 [INFO ] NMEA $GNGSA,A,3,28,12,29,32,23,,,,,,,,1.57,1.23,0.97*13 (pico_gnss pico-gnss-rs/src/main.rs:483)
411.799794 [INFO ] NMEA $GNGSA,A,3,,,,,,,,,,,,,1.57,1.23,0.97*11 (pico_gnss pico-gnss-rs/src/main.rs:483)
411.858482 [INFO ] NMEA $GPGSV,4,1,13,25,81,063,15,32,66,319,17,28,40,292,13,12,40,047,22*7C (pico_gnss pico-gnss-rs/src/main.rs:483)
411.945857 [INFO ] NMEA $GPGSV,4,2,13,10,36,220,,29,22,143,17,31,15,276,,23,14,188,17*74 (pico_gnss pico-gnss-rs/src/main.rs:483)
411.992300 [INFO ] TIME unix_ns=1780924626547766429 ppb=2307 holdover_ms=1547 locked=1 (pico_gnss pico-gnss-rs/src/main.rs:237)
412.004589 [INFO ] NMEA $GPGSV,4,3,13,24,11,084,,26,06,227,,193,,,,194,,,*74 (pico_gnss pico-gnss-rs/src/main.rs:483)
412.005949 [INFO ] NMEA $GPGSV,4,4,13,195,,,*46 (pico_gnss pico-gnss-rs/src/main.rs:483)
412.096121 [INFO ] NMEA $GLGSV,2,1,08,72,70,156,,75,67,280,,65,52,326,,74,43,027,*65 (pico_gnss pico-gnss-rs/src/main.rs:483)
412.154667 [INFO ] NMEA $GLGSV,2,2,08,76,18,236,,71,16,151,,66,04,330,,73,01,045,*66 (pico_gnss pico-gnss-rs/src/main.rs:483)
412.213459 [INFO ] NMEA $GNRMC,131706.000,A,0000.0000,N,00000.0000,E,1.21,116.91,080626,,,A*73 (pico_gnss pico-gnss-rs/src/main.rs:483)
412.216050 [INFO ] SYNC pps_local_us=405000940 unix_s=1780924626 drift_us=2 err_ns=13 holdover_ms=1000 (pico_gnss pico-gnss-rs/src/main.rs:514)
412.271687 [INFO ] NMEA $GPVTG,116.91,T,,M,1.21,N,2.25,K,A*34 (pico_gnss pico-gnss-rs/src/main.rs:483)
412.301053 [INFO ] NMEA $GPZDA,131706.000,08,06,2026,,*5C (pico_gnss pico-gnss-rs/src/main.rs:483)
412.334584 [INFO ] NMEA $GPGST,131706.000,14,18,16,110.8,16,18,57*6A (pico_gnss pico-gnss-rs/src/main.rs:483)
412.442903 [INFO ] PPSGEN count=407 interval_ns=1000002320 dev_ns=2320 phase_ns=-1838303 hwphase_ns=-48 trim_ppb=11 cfg=2 p_ns=0 d_ns=0 (pico_gnss pico-gnss-rs/src/main.rs:330)
412.444446 [INFO ] PPS count=407 interval_us=1000002 interval_ns=1000002304 state=Locked missed=0 (pico_gnss pico-gnss-rs/src/main.rs:203)
412.647568 [INFO ] NMEA $GPGGA,131707.000,0000.0000,N,00000.0000,E,1,5,1.23,75.2,M,39.0,M,,*6B (pico_gnss pico-gnss-rs/src/main.rs:483)
412.705905 [INFO ] NMEA $GNGLL,0000.0000,N,00000.0000,E,131707.000,A,A*4F (pico_gnss pico-gnss-rs/src/main.rs:483)
412.764281 [INFO ] NMEA $GNGSA,A,3,28,12,29,32,23,,,,,,,,1.57,1.23,0.97*13 (pico_gnss pico-gnss-rs/src/main.rs:483)
412.793756 [INFO ] NMEA $GNGSA,A,3,,,,,,,,,,,,,1.57,1.23,0.97*11 (pico_gnss pico-gnss-rs/src/main.rs:483)
412.884231 [INFO ] NMEA $GPGSV,4,1,13,25,81,063,15,32,66,319,18,28,40,292,14,12,40,047,22*74 (pico_gnss pico-gnss-rs/src/main.rs:483)
412.942833 [INFO ] NMEA $GPGSV,4,2,13,10,36,220,,29,22,143,17,31,15,276,,23,14,188,17*74 (pico_gnss pico-gnss-rs/src/main.rs:483)
412.993614 [INFO ] TIME unix_ns=1780924627549072426 ppb=2307 holdover_ms=1549 locked=1 (pico_gnss pico-gnss-rs/src/main.rs:237)
413.001601 [INFO ] NMEA $GPGSV,4,3,13,24,11,084,,26,06,227,,193,,,,194,,,*74 (pico_gnss pico-gnss-rs/src/main.rs:483)
413.030621 [INFO ] NMEA $GPGSV,4,4,13,195,,,*46 (pico_gnss pico-gnss-rs/src/main.rs:483)
413.093083 [INFO ] NMEA $GLGSV,2,1,08,72,70,156,,75,67,280,,65,52,326,,74,43,027,*65 (pico_gnss pico-gnss-rs/src/main.rs:483)
413.151672 [INFO ] NMEA $GLGSV,2,2,08,76,18,236,,71,16,151,,66,04,330,,73,01,045,*66 (pico_gnss pico-gnss-rs/src/main.rs:483)
413.239132 [INFO ] NMEA $GNRMC,131707.000,A,0000.0000,N,00000.0000,E,0.46,116.91,080626,,,A*7E (pico_gnss pico-gnss-rs/src/main.rs:483)
413.241721 [INFO ] SYNC pps_local_us=406000942 unix_s=1780924627 drift_us=2 err_ns=-3 holdover_ms=1000 (pico_gnss pico-gnss-rs/src/main.rs:514)
413.268881 [INFO ] NMEA $GPVTG,116.91,T,,M,0.46,N,0.85,K,A*3C (pico_gnss pico-gnss-rs/src/main.rs:483)
413.298039 [INFO ] NMEA $GPZDA,131707.000,08,06,2026,,*5D (pico_gnss pico-gnss-rs/src/main.rs:483)
413.344052 [INFO ] NMEA $GPGST,131707.000,14,18,16,114.1,16,18,57*66 (pico_gnss pico-gnss-rs/src/main.rs:483)
413.442923 [INFO ] PPSGEN count=408 interval_ns=1000002320 dev_ns=2320 phase_ns=-1831303 hwphase_ns=-32 trim_ppb=11 cfg=2 p_ns=0 d_ns=4 (pico_gnss pico-gnss-rs/src/main.rs:330)
413.444498 [INFO ] PPS count=408 interval_us=1000002 interval_ns=1000002304 state=Locked missed=0 (pico_gnss pico-gnss-rs/src/main.rs:203)
413.641523 [INFO ] NMEA $GPGGA,131708.000,0000.0000,N,00000.0000,E,1,5,1.23,75.0,M,39.0,M,,*68 (pico_gnss pico-gnss-rs/src/main.rs:483)
413.699865 [INFO ] NMEA $GNGLL,0000.0000,N,00000.0000,E,131708.000,A,A*4E (pico_gnss pico-gnss-rs/src/main.rs:483)
413.758258 [INFO ] NMEA $GNGSA,A,3,28,12,29,32,23,,,,,,,,1.57,1.23,0.97*13 (pico_gnss pico-gnss-rs/src/main.rs:483)
413.787752 [INFO ] NMEA $GNGSA,A,3,,,,,,,,,,,,,1.57,1.23,0.97*11 (pico_gnss pico-gnss-rs/src/main.rs:483)
413.869960 [INFO ] NMEA $GPGSV,4,1,13,25,81,063,15,32,66,319,18,28,40,292,14,12,40,047,22*74 (pico_gnss pico-gnss-rs/src/main.rs:483)
413.928616 [INFO ] NMEA $GPGSV,4,2,13,10,36,220,,29,22,143,17,31,15,276,,23,14,188,17*74 (pico_gnss pico-gnss-rs/src/main.rs:483)
413.987024 [INFO ] NMEA $GPGSV,4,3,13,24,11,084,,26,06,227,,193,,,,194,,,*74 (pico_gnss pico-gnss-rs/src/main.rs:483)
413.994885 [INFO ] TIME unix_ns=1780924628550359424 ppb=2307 holdover_ms=1550 locked=1 (pico_gnss pico-gnss-rs/src/main.rs:237)
414.016555 [INFO ] NMEA $GPGSV,4,4,13,195,,,*46 (pico_gnss pico-gnss-rs/src/main.rs:483)
414.074801 [INFO ] NMEA $GLGSV,2,1,08,72,70,156,,75,67,280,,65,52,326,,74,43,027,*65 (pico_gnss pico-gnss-rs/src/main.rs:483)
414.137386 [INFO ] NMEA $GLGSV,2,2,08,76,18,236,,71,16,151,,66,04,330,,73,01,045,*66 (pico_gnss pico-gnss-rs/src/main.rs:483)
414.224899 [INFO ] NMEA $GNRMC,131708.000,A,0000.0000,N,00000.0000,E,0.41,116.91,080626,,,A*78 (pico_gnss pico-gnss-rs/src/main.rs:483)
414.227462 [INFO ] SYNC pps_local_us=407000944 unix_s=1780924628 drift_us=2 err_ns=-3 holdover_ms=1000 (pico_gnss pico-gnss-rs/src/main.rs:514)
414.254621 [INFO ] NMEA $GPVTG,116.91,T,,M,0.41,N,0.76,K,A*37 (pico_gnss pico-gnss-rs/src/main.rs:483)
414.312463 [INFO ] NMEA $GPZDA,131708.000,08,06,2026,,*52 (pico_gnss pico-gnss-rs/src/main.rs:483)
414.338023 [INFO ] NMEA $GPGST,131708.000,14,18,16,111.3,16,18,57*6E (pico_gnss pico-gnss-rs/src/main.rs:483)
414.442920 [INFO ] PPSGEN count=409 interval_ns=1000002336 dev_ns=2336 phase_ns=-1851302 hwphase_ns=0 trim_ppb=11 cfg=2 p_ns=0 d_ns=8 (pico_gnss pico-gnss-rs/src/main.rs:330)
414.444396 [INFO ] PPS count=409 interval_us=1000002 interval_ns=1000002304 state=Locked missed=0 (pico_gnss pico-gnss-rs/src/main.rs:203)
414.653770 [INFO ] NMEA $GPGGA,131709.000,0000.0000,N,00000.0000,E,1,5,1.23,75.3,M,39.0,M,,*60 (pico_gnss pico-gnss-rs/src/main.rs:483)
414.683441 [INFO ] NMEA $GNGLL,0000.0000,N,00000.0000,E,131709.000,A,A*45 (pico_gnss pico-gnss-rs/src/main.rs:483)
414.741763 [INFO ] NMEA $GNGSA,A,3,28,12,29,32,23,,,,,,,,1.57,1.23,0.97*13 (pico_gnss pico-gnss-rs/src/main.rs:483)
414.799959 [INFO ] NMEA $GNGSA,A,3,,,,,,,,,,,,,1.57,1.23,0.97*11 (pico_gnss pico-gnss-rs/src/main.rs:483)
414.862752 [INFO ] NMEA $GPGSV,4,1,13,25,81,063,14,32,66,319,18,28,40,292,15,12,40,047,22*74 (pico_gnss pico-gnss-rs/src/main.rs:483)
414.950099 [INFO ] NMEA $GPGSV,4,2,13,10,36,220,,29,22,143,17,31,15,276,,23,14,188,17*74 (pico_gnss pico-gnss-rs/src/main.rs:483)
414.979870 [INFO ] NMEA $GPGSV,4,3,13,24,11,084,,26,06,227,,193,,,,194,,,*74 (pico_gnss pico-gnss-rs/src/main.rs:483)
414.996158 [INFO ] TIME unix_ns=1780924629551601421 ppb=2307 holdover_ms=1551 locked=1 (pico_gnss pico-gnss-rs/src/main.rs:237)
415.009350 [INFO ] NMEA $GPGSV,4,4,13,195,,,*46 (pico_gnss pico-gnss-rs/src/main.rs:483)
415.096304 [INFO ] NMEA $GLGSV,2,1,08,72,70,156,,75,67,280,,65,52,326,,74,43,027,*65 (pico_gnss pico-gnss-rs/src/main.rs:483)
415.159057 [INFO ] NMEA $GLGSV,2,2,08,76,18,236,,71,16,151,,66,04,330,,73,01,045,*66 (pico_gnss pico-gnss-rs/src/main.rs:483)
415.217766 [INFO ] NMEA $GNRMC,131709.000,A,0000.0000,N,00000.0000,E,0.16,116.91,080626,,,A*71 (pico_gnss pico-gnss-rs/src/main.rs:483)
415.220330 [INFO ] SYNC pps_local_us=408000947 unix_s=1780924629 drift_us=2 err_ns=-3 holdover_ms=999 (pico_gnss pico-gnss-rs/src/main.rs:514)
415.276048 [INFO ] NMEA $GPVTG,116.91,T,,M,0.16,N,0.29,K,A*3F (pico_gnss pico-gnss-rs/src/main.rs:483)
415.305368 [INFO ] NMEA $GPZDA,131709.000,08,06,2026,,*53 (pico_gnss pico-gnss-rs/src/main.rs:483)
415.334879 [INFO ] NMEA $GPGST,131709.000,14,18,16,113.4,16,17,56*64 (pico_gnss pico-gnss-rs/src/main.rs:483)
415.442911 [INFO ] PPSGEN count=410 interval_ns=1000002336 dev_ns=2336 phase_ns=-1771302 hwphase_ns=32 trim_ppb=11 cfg=2 p_ns=0 d_ns=8 (pico_gnss pico-gnss-rs/src/main.rs:330)
415.444410 [INFO ] PPS count=410 interval_us=1000002 interval_ns=1000002304 state=Locked missed=0 (pico_gnss pico-gnss-rs/src/main.rs:203)
415.646734 [INFO ] NMEA $GPGGA,131710.000,0000.0000,N,00000.0000,E,1,5,1.23,75.5,M,39.0,M,,*65 (pico_gnss pico-gnss-rs/src/main.rs:483)
415.705063 [INFO ] NMEA $GNGLL,0000.0000,N,00000.0000,E,131710.000,A,A*46 (pico_gnss pico-gnss-rs/src/main.rs:483)
415.763489 [INFO ] NMEA $GNGSA,A,3,28,12,29,32,23,,,,,,,,1.57,1.23,0.97*13 (pico_gnss pico-gnss-rs/src/main.rs:483)
415.793006 [INFO ] NMEA $GNGSA,A,3,,,,,,,,,,,,,1.57,1.23,0.97*11 (pico_gnss pico-gnss-rs/src/main.rs:483)
415.880303 [INFO ] NMEA $GPGSV,4,1,13,25,81,063,14,32,66,319,18,28,40,292,15,12,40,047,21*77 (pico_gnss pico-gnss-rs/src/main.rs:483)
415.943091 [INFO ] NMEA $GPGSV,4,2,13,10,36,220,,29,22,143,17,31,15,276,,23,14,188,17*74 (pico_gnss pico-gnss-rs/src/main.rs:483)
415.997470 [INFO ] TIME unix_ns=1780924630552969418 ppb=2307 holdover_ms=1552 locked=1 (pico_gnss pico-gnss-rs/src/main.rs:237)
416.001849 [INFO ] NMEA $GPGSV,4,3,13,24,11,084,,26,06,227,,193,,,,194,,,*74 (pico_gnss pico-gnss-rs/src/main.rs:483)
416.030854 [INFO ] NMEA $GPGSV,4,4,13,195,,,*46 (pico_gnss pico-gnss-rs/src/main.rs:483)
416.089244 [INFO ] NMEA $GLGSV,2,1,08,72,70,156,,75,67,280,,65,52,326,,74,43,027,*65 (pico_gnss pico-gnss-rs/src/main.rs:483)
416.151895 [INFO ] NMEA $GLGSV,2,2,08,76,18,236,,71,16,151,,66,04,330,,73,01,045,*66 (pico_gnss pico-gnss-rs/src/main.rs:483)
416.210639 [INFO ] NMEA $GNRMC,131710.000,A,0000.0000,N,00000.0000,E,0.36,116.91,080626,,,A*70 (pico_gnss pico-gnss-rs/src/main.rs:483)
416.213194 [INFO ] SYNC pps_local_us=409000949 unix_s=1780924630 drift_us=2 err_ns=-2 holdover_ms=1000 (pico_gnss pico-gnss-rs/src/main.rs:514)
416.268856 [INFO ] NMEA $GPVTG,116.91,T,,M,0.36,N,0.66,K,A*36 (pico_gnss pico-gnss-rs/src/main.rs:483)
416.298255 [INFO ] NMEA $GPZDA,131710.000,08,06,2026,,*5B (pico_gnss pico-gnss-rs/src/main.rs:483)
416.339885 [INFO ] NMEA $GPGST,131710.000,14,18,16,113.7,16,17,56*6F (pico_gnss pico-gnss-rs/src/main.rs:483)
416.442907 [INFO ] PPSGEN count=411 interval_ns=1000002336 dev_ns=2336 phase_ns=-1781302 hwphase_ns=64 trim_ppb=11 cfg=2 p_ns=0 d_ns=8 (pico_gnss pico-gnss-rs/src/main.rs:330)
416.444399 [INFO ] PPS count=411 interval_us=1000002 interval_ns=1000002320 state=Locked missed=0 (pico_gnss pico-gnss-rs/src/main.rs:203)
416.637359 [INFO ] NMEA $GPGGA,131711.000,0000.0000,N,00000.0000,E,1,5,1.23,75.8,M,39.0,M,,*69 (pico_gnss pico-gnss-rs/src/main.rs:483)
416.695712 [INFO ] NMEA $GNGLL,0000.0000,N,00000.0000,E,131711.000,A,A*47 (pico_gnss pico-gnss-rs/src/main.rs:483)
416.754055 [INFO ] NMEA $GNGSA,A,3,28,12,29,32,23,,,,,,,,1.57,1.23,0.97*13 (pico_gnss pico-gnss-rs/src/main.rs:483)
416.783586 [INFO ] NMEA $GNGSA,A,3,,,,,,,,,,,,,1.57,1.23,0.97*11 (pico_gnss pico-gnss-rs/src/main.rs:483)
416.870944 [INFO ] NMEA $GPGSV,4,1,13,25,81,063,15,32,66,319,18,28,40,292,15,12,40,047,21*76 (pico_gnss pico-gnss-rs/src/main.rs:483)
416.933677 [INFO ] NMEA $GPGSV,4,2,13,10,36,220,,29,22,143,17,31,15,276,,23,14,188,17*74 (pico_gnss pico-gnss-rs/src/main.rs:483)
416.992146 [INFO ] NMEA $GPGSV,4,3,13,24,11,084,,26,06,227,,193,,,,194,,,*74 (pico_gnss pico-gnss-rs/src/main.rs:483)
416.998769 [INFO ] TIME unix_ns=1780924631554279414 ppb=2307 holdover_ms=1554 locked=1 (pico_gnss pico-gnss-rs/src/main.rs:237)
417.021632 [INFO ] NMEA $GPGSV,4,4,13,195,,,*46 (pico_gnss pico-gnss-rs/src/main.rs:483)
417.079877 [INFO ] NMEA $GLGSV,2,1,08,72,70,156,,75,67,280,,65,52,326,,74,43,027,*65 (pico_gnss pico-gnss-rs/src/main.rs:483)
417.138372 [INFO ] NMEA $GLGSV,2,2,08,76,18,236,,71,16,151,,66,04,330,,73,01,045,*66 (pico_gnss pico-gnss-rs/src/main.rs:483)
417.229983 [INFO ] NMEA $GNRMC,131711.000,A,0000.0000,N,00000.0000,E,0.35,116.91,080626,,,A*72 (pico_gnss pico-gnss-rs/src/main.rs:483)
417.232558 [INFO ] SYNC pps_local_us=410000951 unix_s=1780924631 drift_us=2 err_ns=13 holdover_ms=999 (pico_gnss pico-gnss-rs/src/main.rs:514)
417.259739 [INFO ] NMEA $GPVTG,116.91,T,,M,0.35,N,0.65,K,A*36 (pico_gnss pico-gnss-rs/src/main.rs:483)
417.288848 [INFO ] NMEA $GPZDA,131711.000,08,06,2026,,*5A (pico_gnss pico-gnss-rs/src/main.rs:483)
417.338846 [INFO ] NMEA $GPGST,131711.000,14,17,16,113.5,16,17,56*63 (pico_gnss pico-gnss-rs/src/main.rs:483)
417.442913 [INFO ] PPSGEN count=412 interval_ns=1000002320 dev_ns=2320 phase_ns=-1753303 hwphase_ns=64 trim_ppb=11 cfg=2 p_ns=0 d_ns=0 (pico_gnss pico-gnss-rs/src/main.rs:330)
417.444377 [INFO ] PPS count=412 interval_us=1000002 interval_ns=1000002304 state=Locked missed=0 (pico_gnss pico-gnss-rs/src/main.rs:203)
417.643709 [INFO ] NMEA $GPGGA,131712.000,0000.0000,N,00000.0000,E,1,5,1.23,76.0,M,39.0,M,,*68 (pico_gnss pico-gnss-rs/src/main.rs:483)
417.688693 [INFO ] NMEA $GNGLL,0000.0000,N,00000.0000,E,131712.000,A,A*4D (pico_gnss pico-gnss-rs/src/main.rs:483)
417.747088 [INFO ] NMEA $GNGSA,A,3,28,12,29,32,23,,,,,,,,1.57,1.23,0.97*13 (pico_gnss pico-gnss-rs/src/main.rs:483)
417.805290 [INFO ] NMEA $GNGSA,A,3,,,,,,,,,,,,,1.57,1.23,0.97*11 (pico_gnss pico-gnss-rs/src/main.rs:483)
417.863994 [INFO ] NMEA $GPGSV,4,1,13,25,81,063,14,32,66,319,18,28,40,292,15,12,40,047,21*77 (pico_gnss pico-gnss-rs/src/main.rs:483)
417.926702 [INFO ] NMEA $GPGSV,4,2,13,10,36,220,,29,22,143,17,31,15,276,,23,14,188,17*74 (pico_gnss pico-gnss-rs/src/main.rs:483)
417.985124 [INFO ] NMEA $GPGSV,4,3,13,24,11,084,,26,06,227,,193,,,,194,,,*74 (pico_gnss pico-gnss-rs/src/main.rs:483)
418.000063 [INFO ] TIME unix_ns=1780924632555585411 ppb=2307 holdover_ms=1555 locked=1 (pico_gnss pico-gnss-rs/src/main.rs:237)
418.014670 [INFO ] NMEA $GPGSV,4,4,13,195,,,*46 (pico_gnss pico-gnss-rs/src/main.rs:483)
418.072867 [INFO ] NMEA $GLGSV,2,1,08,72,70,156,,75,67,280,,65,52,326,,74,43,027,*65 (pico_gnss pico-gnss-rs/src/main.rs:483)
418.160202 [INFO ] NMEA $GLGSV,2,2,08,76,18,236,,71,16,151,,66,04,330,,73,01,045,*66 (pico_gnss pico-gnss-rs/src/main.rs:483)
418.222982 [INFO ] NMEA $GNRMC,131712.000,A,0000.0000,N,00000.0000,E,1.48,334.76,080626,,,A*78 (pico_gnss pico-gnss-rs/src/main.rs:483)
418.225548 [INFO ] SYNC pps_local_us=411000954 unix_s=1780924632 drift_us=2 err_ns=-3 holdover_ms=999 (pico_gnss pico-gnss-rs/src/main.rs:514)
418.252730 [INFO ] NMEA $GPVTG,334.76,T,,M,1.48,N,2.74,K,A*34 (pico_gnss pico-gnss-rs/src/main.rs:483)
418.310565 [INFO ] NMEA $GPZDA,131712.000,08,06,2026,,*59 (pico_gnss pico-gnss-rs/src/main.rs:483)
418.340306 [INFO ] NMEA $GPGST,131712.000,14,17,16,114.8,16,17,56*6A (pico_gnss pico-gnss-rs/src/main.rs:483)
418.442922 [INFO ] PPSGEN count=413 interval_ns=1000002336 dev_ns=2336 phase_ns=-1732303 hwphase_ns=96 trim_ppb=11 cfg=2 p_ns=0 d_ns=8 (pico_gnss pico-gnss-rs/src/main.rs:330)
418.444402 [INFO ] PPS count=413 interval_us=1000002 interval_ns=1000002320 state=Locked missed=0 (pico_gnss pico-gnss-rs/src/main.rs:203)
418.643725 [INFO ] NMEA $GPGGA,131713.000,0000.0000,N,00000.0000,E,1,5,1.23,76.0,M,39.0,M,,*6C (pico_gnss pico-gnss-rs/src/main.rs:483)
418.709231 [INFO ] NMEA $GNGLL,0000.0000,N,00000.0000,E,131713.000,A,A*49 (pico_gnss pico-gnss-rs/src/main.rs:483)
418.738891 [INFO ] NMEA $GNGSA,A,3,28,12,29,32,23,,,,,,,,1.57,1.23,0.97*13 (pico_gnss pico-gnss-rs/src/main.rs:483)
418.797061 [INFO ] NMEA $GNGSA,A,3,,,,,,,,,,,,,1.57,1.23,0.97*11 (pico_gnss pico-gnss-rs/src/main.rs:483)
418.855720 [INFO ] NMEA $GPGSV,4,1,13,25,81,063,14,32,66,319,18,28,40,292,15,12,40,047,21*77 (pico_gnss pico-gnss-rs/src/main.rs:483)
418.947223 [INFO ] NMEA $GPGSV,4,2,13,10,36,220,,29,22,143,17,31,15,276,,23,14,188,17*74 (pico_gnss pico-gnss-rs/src/main.rs:483)
419.001370 [INFO ] TIME unix_ns=1780924633556887408 ppb=2308 holdover_ms=1556 locked=1 (pico_gnss pico-gnss-rs/src/main.rs:237)
419.005987 [INFO ] NMEA $GPGSV,4,3,13,24,11,084,,26,06,227,,193,,,,194,,,*74 (pico_gnss pico-gnss-rs/src/main.rs:483)
419.007371 [INFO ] NMEA $GPGSV,4,4,13,195,,,*46 (pico_gnss pico-gnss-rs/src/main.rs:483)
419.093417 [INFO ] NMEA $GLGSV,2,1,08,72,70,156,,75,67,280,,65,52,326,,74,43,027,*65 (pico_gnss pico-gnss-rs/src/main.rs:483)
419.151949 [INFO ] NMEA $GLGSV,2,2,08,76,18,236,,71,16,151,,66,04,330,,73,01,045,*66 (pico_gnss pico-gnss-rs/src/main.rs:483)
419.214750 [INFO ] NMEA $GNRMC,131713.000,A,0000.0000,N,00000.0000,E,1.12,275.08,080626,,,A*7E (pico_gnss pico-gnss-rs/src/main.rs:483)
419.217318 [INFO ] SYNC pps_local_us=412000956 unix_s=1780924633 drift_us=2 err_ns=13 holdover_ms=1000 (pico_gnss pico-gnss-rs/src/main.rs:514)
419.273014 [INFO ] NMEA $GPVTG,275.08,T,,M,1.12,N,2.08,K,A*3D (pico_gnss pico-gnss-rs/src/main.rs:483)
419.302372 [INFO ] NMEA $GPZDA,131713.000,08,06,2026,,*58 (pico_gnss pico-gnss-rs/src/main.rs:483)
419.339833 [INFO ] NMEA $GPGST,131713.000,14,17,16,116.1,16,17,56*60 (pico_gnss pico-gnss-rs/src/main.rs:483)
419.442903 [INFO ] PPSGEN count=414 interval_ns=1000002336 dev_ns=2336 phase_ns=-1765303 hwphase_ns=112 trim_ppb=11 cfg=2 p_ns=0 d_ns=4 (pico_gnss pico-gnss-rs/src/main.rs:330)
419.444382 [INFO ] PPS count=414 interval_us=1000002 interval_ns=1000002304 state=Locked missed=0 (pico_gnss pico-gnss-rs/src/main.rs:203)
419.641491 [INFO ] NMEA $GPGGA,131714.000,0000.0000,N,00000.0000,E,1,5,1.23,75.8,M,39.0,M,,*61 (pico_gnss pico-gnss-rs/src/main.rs:483)
419.698800 [INFO ] NMEA $GNGLL,0000.0000,N,00000.0000,E,131714.000,A,A*4F (pico_gnss pico-gnss-rs/src/main.rs:483)
419.757190 [INFO ] NMEA $GNGSA,A,3,28,12,29,32,23,,,,,,,,1.57,1.23,0.97*13 (pico_gnss pico-gnss-rs/src/main.rs:483)
419.786661 [INFO ] NMEA $GNGSA,A,3,,,,,,,,,,,,,1.57,1.23,0.97*11 (pico_gnss pico-gnss-rs/src/main.rs:483)
419.874062 [INFO ] NMEA $GPGSV,4,1,13,25,81,063,14,32,66,319,18,28,40,292,15,12,40,047,21*77 (pico_gnss pico-gnss-rs/src/main.rs:483)
419.932660 [INFO ] NMEA $GPGSV,4,2,13,10,36,220,,29,22,143,17,31,15,276,,23,14,188,17*74 (pico_gnss pico-gnss-rs/src/main.rs:483)
419.995214 [INFO ] NMEA $GPGSV,4,3,13,24,11,084,,26,06,227,,193,,,,194,,,*74 (pico_gnss pico-gnss-rs/src/main.rs:483)
420.002657 [INFO ] TIME unix_ns=1780924634558180405 ppb=2308 holdover_ms=1558 locked=1 (pico_gnss pico-gnss-rs/src/main.rs:237)
420.024744 [INFO ] NMEA $GPGSV,4,4,13,195,,,*46 (pico_gnss pico-gnss-rs/src/main.rs:483)
420.082958 [INFO ] NMEA $GLGSV,2,1,08,72,70,156,,75,67,280,,65,52,326,,74,43,027,*65 (pico_gnss pico-gnss-rs/src/main.rs:483)
420.141507 [INFO ] NMEA $GLGSV,2,2,08,76,18,236,,71,16,151,,66,04,330,,73,01,045,*66 (pico_gnss pico-gnss-rs/src/main.rs:483)
420.233066 [INFO ] NMEA $GNRMC,131714.000,A,0000.0000,N,00000.0000,E,1.65,299.19,080626,,,A*7A (pico_gnss pico-gnss-rs/src/main.rs:483)
420.235608 [INFO ] SYNC pps_local_us=413000958 unix_s=1780924634 drift_us=2 err_ns=-3 holdover_ms=999 (pico_gnss pico-gnss-rs/src/main.rs:514)
420.262833 [INFO ] NMEA $GPVTG,299.19,T,,M,1.65,N,3.05,K,A*33 (pico_gnss pico-gnss-rs/src/main.rs:483)
420.291968 [INFO ] NMEA $GPZDA,131714.000,08,06,2026,,*5F (pico_gnss pico-gnss-rs/src/main.rs:483)
420.337760 [INFO ] NMEA $GPGST,131714.000,14,17,16,116.6,16,17,56*60 (pico_gnss pico-gnss-rs/src/main.rs:483)
420.442934 [INFO ] PPSGEN count=415 interval_ns=1000002320 dev_ns=2320 phase_ns=-1719303 hwphase_ns=128 trim_ppb=10 cfg=2 p_ns=0 d_ns=4 (pico_gnss pico-gnss-rs/src/main.rs:330)
420.444402 [INFO ] PPS count=415 interval_us=1000002 interval_ns=1000002304 state=Locked missed=0 (pico_gnss pico-gnss-rs/src/main.rs:203)
420.654691 [INFO ] NMEA $GPGGA,131715.000,0000.0000,N,00000.0000,E,1,5,1.23,75.5,M,39.0,M,,*6D (pico_gnss pico-gnss-rs/src/main.rs:483)
420.713010 [INFO ] NMEA $GNGLL,0000.0000,N,00000.0000,E,131715.000,A,A*4E (pico_gnss pico-gnss-rs/src/main.rs:483)
420.762138 [INFO ] NMEA $GNGSA,A,3,28,12,29,32,23,,,,,,,,1.57,1.23,0.97*13 (pico_gnss pico-gnss-rs/src/main.rs:483)
420.820349 [INFO ] NMEA $GNGSA,A,3,,,,,,,,,,,,,1.57,1.23,0.97*11 (pico_gnss pico-gnss-rs/src/main.rs:483)
420.879044 [INFO ] NMEA $GPGSV,4,1,13,25,81,063,13,32,66,319,18,28,40,292,14,12,40,047,21*71 (pico_gnss pico-gnss-rs/src/main.rs:483)
420.937674 [INFO ] NMEA $GPGSV,4,2,13,10,36,220,,29,22,143,17,31,15,276,,23,14,188,17*74 (pico_gnss pico-gnss-rs/src/main.rs:483)
421.000153 [INFO ] NMEA $GPGSV,4,3,13,24,11,084,,26,06,227,,193,,,,194,,,*74 (pico_gnss pico-gnss-rs/src/main.rs:483)
421.003935 [INFO ] TIME unix_ns=1780924635559484402 ppb=2307 holdover_ms=1559 locked=1 (pico_gnss pico-gnss-rs/src/main.rs:237)
421.029695 [INFO ] NMEA $GPGSV,4,4,13,195,,,*46 (pico_gnss pico-gnss-rs/src/main.rs:483)
421.087972 [INFO ] NMEA $GLGSV,2,1,08,72,70,156,,75,67,280,,65,52,326,,74,43,027,*65 (pico_gnss pico-gnss-rs/src/main.rs:483)
421.146461 [INFO ] NMEA $GLGSV,2,2,08,76,18,236,,71,16,151,,66,04,330,,73,01,045,*66 (pico_gnss pico-gnss-rs/src/main.rs:483)
421.233929 [INFO ] NMEA $GNRMC,131715.000,A,0000.0000,N,00000.0000,E,0.85,280.10,080626,,,A*75 (pico_gnss pico-gnss-rs/src/main.rs:483)
421.236518 [INFO ] SYNC pps_local_us=414000961 unix_s=1780924635 drift_us=2 err_ns=-3 holdover_ms=1000 (pico_gnss pico-gnss-rs/src/main.rs:514)
421.267558 [INFO ] NMEA $GPVTG,280.10,T,,M,0.85,N,1.58,K,A*37 (pico_gnss pico-gnss-rs/src/main.rs:483)
421.325605 [INFO ] NMEA $GPZDA,131715.000,08,06,2026,,*5E (pico_gnss pico-gnss-rs/src/main.rs:483)
421.351154 [INFO ] NMEA $GPGST,131715.000,14,17,16,111.8,16,17,56*68 (pico_gnss pico-gnss-rs/src/main.rs:483)
421.442955 [INFO ] PPSGEN count=416 interval_ns=1000002336 dev_ns=2336 phase_ns=-1742303 hwphase_ns=160 trim_ppb=9 cfg=2 p_ns=0 d_ns=8 (pico_gnss pico-gnss-rs/src/main.rs:330)
421.444434 [INFO ] PPS count=416 interval_us=1000002 interval_ns=1000002304 state=Locked missed=0 (pico_gnss pico-gnss-rs/src/main.rs:203)
421.642517 [INFO ] NMEA $GPGGA,131716.000,0000.0000,N,00000.0000,E,1,5,1.23,75.5,M,39.0,M,,*6A (pico_gnss pico-gnss-rs/src/main.rs:483)
421.700851 [INFO ] NMEA $GNGLL,0000.0000,N,00000.0000,E,131716.000,A,A*49 (pico_gnss pico-gnss-rs/src/main.rs:483)
421.741736 [INFO ] NMEA $GNGSA,A,3,28,12,29,32,23,,,,,,,,1.57,1.23,0.97*13 (pico_gnss pico-gnss-rs/src/main.rs:483)
421.799962 [INFO ] NMEA $GNGSA,A,3,,,,,,,,,,,,,1.57,1.23,0.97*11 (pico_gnss pico-gnss-rs/src/main.rs:483)
421.858667 [INFO ] NMEA $GPGSV,4,1,13,25,81,063,13,32,66,319,18,28,40,292,14,12,40,047,21*71 (pico_gnss pico-gnss-rs/src/main.rs:483)
421.946015 [INFO ] NMEA $GPGSV,4,2,13,10,36,220,,29,22,143,17,31,15,276,,23,14,188,17*74 (pico_gnss pico-gnss-rs/src/main.rs:483)
422.004357 [INFO ] NMEA $GPGSV,4,3,13,24,11,084,,26,06,227,,193,,,,194,,,*74 (pico_gnss pico-gnss-rs/src/main.rs:483)
422.006223 [INFO ] TIME unix_ns=1780924636561735397 ppb=2307 holdover_ms=1561 locked=1 (pico_gnss pico-gnss-rs/src/main.rs:237)
422.009372 [INFO ] NMEA $GPGSV,4,4,13,195,,,*46 (pico_gnss pico-gnss-rs/src/main.rs:483)
422.096302 [INFO ] NMEA $GLGSV,2,1,08,72,70,156,,75,67,280,,65,52,326,,74,43,027,*65 (pico_gnss pico-gnss-rs/src/main.rs:483)
422.154835 [INFO ] NMEA $GLGSV,2,2,08,76,18,236,,71,16,151,,66,04,330,,73,01,045,*66 (pico_gnss pico-gnss-rs/src/main.rs:483)
422.213577 [INFO ] NMEA $GNRMC,131716.000,A,0000.0000,N,00000.0000,E,1.12,311.84,080626,,,A*79 (pico_gnss pico-gnss-rs/src/main.rs:483)
422.216162 [INFO ] SYNC pps_local_us=415000963 unix_s=1780924636 drift_us=2 err_ns=-3 holdover_ms=1000 (pico_gnss pico-gnss-rs/src/main.rs:514)
422.275920 [INFO ] NMEA $GPVTG,311.84,T,,M,1.12,N,2.08,K,A*3A (pico_gnss pico-gnss-rs/src/main.rs:483)
422.305260 [INFO ] NMEA $GPZDA,131716.000,08,06,2026,,*5D (pico_gnss pico-gnss-rs/src/main.rs:483)
422.334785 [INFO ] NMEA $GPGST,131716.000,14,17,16,106.2,16,17,56*67 (pico_gnss pico-gnss-rs/src/main.rs:483)
422.442916 [INFO ] PPSGEN count=417 interval_ns=1000002336 dev_ns=2336 phase_ns=-1801303 hwphase_ns=192 trim_ppb=8 cfg=2 p_ns=0 d_ns=8 (pico_gnss pico-gnss-rs/src/main.rs:330)
422.444400 [INFO ] PPS count=417 interval_us=1000002 interval_ns=1000002320 state=Locked missed=0 (pico_gnss pico-gnss-rs/src/main.rs:203)
422.642411 [INFO ] NMEA $GPGGA,131717.000,0000.0000,N,00000.0000,E,1,5,1.23,75.5,M,39.0,M,,*60 (pico_gnss pico-gnss-rs/src/main.rs:483)
422.700729 [INFO ] NMEA $GNGLL,0000.0000,N,00000.0000,E,131717.000,A,A*43 (pico_gnss pico-gnss-rs/src/main.rs:483)
422.762192 [INFO ] NMEA $GNGSA,A,3,28,12,29,32,23,,,,,,,,1.57,1.23,0.97*13 (pico_gnss pico-gnss-rs/src/main.rs:483)
422.791734 [INFO ] NMEA $GNGSA,A,3,,,,,,,,,,,,,1.57,1.23,0.97*11 (pico_gnss pico-gnss-rs/src/main.rs:483)
422.879080 [INFO ] NMEA $GPGSV,4,1,13,25,81,063,14,32,66,319,18,28,40,292,14,12,40,047,21*76 (pico_gnss pico-gnss-rs/src/main.rs:483)
422.937689 [INFO ] NMEA $GPGSV,4,2,13,10,36,220,,29,22,143,17,31,15,276,,23,14,188,17*74 (pico_gnss pico-gnss-rs/src/main.rs:483)
422.996137 [INFO ] NMEA $GPGSV,4,3,13,24,11,084,,26,06,227,,193,,,,194,,,*74 (pico_gnss pico-gnss-rs/src/main.rs:483)
423.007512 [INFO ] TIME unix_ns=1780924637563004394 ppb=2308 holdover_ms=1563 locked=1 (pico_gnss pico-gnss-rs/src/main.rs:237)
423.029484 [INFO ] NMEA $GPGSV,4,4,13,195,,,*46 (pico_gnss pico-gnss-rs/src/main.rs:483)
423.087964 [INFO ] NMEA $GLGSV,2,1,08,72,70,156,,75,67,280,,65,52,326,,74,43,027,*65 (pico_gnss pico-gnss-rs/src/main.rs:483)
423.146526 [INFO ] NMEA $GLGSV,2,2,08,76,18,236,,71,16,151,,66,04,330,,73,01,045,*66 (pico_gnss pico-gnss-rs/src/main.rs:483)
423.233992 [INFO ] NMEA $GNRMC,131717.000,A,0000.0000,N,00000.0000,E,0.70,78.03,080626,,,A*45 (pico_gnss pico-gnss-rs/src/main.rs:483)
423.236539 [INFO ] SYNC pps_local_us=416000965 unix_s=1780924637 drift_us=2 err_ns=13 holdover_ms=999 (pico_gnss pico-gnss-rs/src/main.rs:514)
423.263729 [INFO ] NMEA $GPVTG,78.03,T,,M,0.70,N,1.30,K,A*04 (pico_gnss pico-gnss-rs/src/main.rs:483)
423.296878 [INFO ] NMEA $GPZDA,131717.000,08,06,2026,,*5C (pico_gnss pico-gnss-rs/src/main.rs:483)
423.336503 [INFO ] NMEA $GPGST,131717.000,14,17,16,101.6,17,17,56*64 (pico_gnss pico-gnss-rs/src/main.rs:483)
423.442928 [INFO ] PPSGEN count=418 interval_ns=1000002336 dev_ns=2336 phase_ns=-1753303 hwphase_ns=208 trim_ppb=7 cfg=2 p_ns=0 d_ns=4 (pico_gnss pico-gnss-rs/src/main.rs:330)
423.444414 [INFO ] PPS count=418 interval_us=1000002 interval_ns=1000002304 state=Locked missed=0 (pico_gnss pico-gnss-rs/src/main.rs:203)
423.651464 [INFO ] NMEA $GPGGA,131718.000,0000.0000,N,00000.0000,E,1,5,1.23,75.4,M,39.0,M,,*63 (pico_gnss pico-gnss-rs/src/main.rs:483)
423.709788 [INFO ] NMEA $GNGLL,0000.0000,N,00000.0000,E,131718.000,A,A*41 (pico_gnss pico-gnss-rs/src/main.rs:483)
423.768161 [INFO ] NMEA $GNGSA,A,3,28,12,29,32,23,,,,,,,,1.57,1.23,0.97*13 (pico_gnss pico-gnss-rs/src/main.rs:483)
423.794563 [INFO ] NMEA $GNGSA,A,3,,,,,,,,,,,,,1.57,1.23,0.97*11 (pico_gnss pico-gnss-rs/src/main.rs:483)
423.881960 [INFO ] NMEA $GPGSV,4,1,13,25,81,063,14,32,66,319,18,28,40,292,13,12,40,047,21*71 (pico_gnss pico-gnss-rs/src/main.rs:483)
423.940567 [INFO ] NMEA $GPGSV,4,2,13,10,36,220,,29,22,143,17,31,15,276,,23,14,188,17*74 (pico_gnss pico-gnss-rs/src/main.rs:483)
423.999055 [INFO ] NMEA $GPGSV,4,3,13,24,11,084,14,26,06,227,,193,,,,194,,,*71 (pico_gnss pico-gnss-rs/src/main.rs:483)
424.008800 [INFO ] TIME unix_ns=1780924638564318391 ppb=2308 holdover_ms=1564 locked=1 (pico_gnss pico-gnss-rs/src/main.rs:237)
424.028527 [INFO ] NMEA $GPGSV,4,4,13,195,,,*46 (pico_gnss pico-gnss-rs/src/main.rs:483)
424.090882 [INFO ] NMEA $GLGSV,2,1,08,72,70,156,,75,67,280,,65,52,326,,74,43,027,*65 (pico_gnss pico-gnss-rs/src/main.rs:483)
424.149444 [INFO ] NMEA $GLGSV,2,2,08,76,18,236,,71,16,151,,66,04,330,,73,01,045,*66 (pico_gnss pico-gnss-rs/src/main.rs:483)
424.236891 [INFO ] NMEA $GNRMC,131718.000,A,0000.0000,N,00000.0000,E,1.03,66.05,080626,,,A*4B (pico_gnss pico-gnss-rs/src/main.rs:483)
424.239461 [INFO ] SYNC pps_local_us=417000968 unix_s=1780924638 drift_us=2 err_ns=-3 holdover_ms=1000 (pico_gnss pico-gnss-rs/src/main.rs:514)
424.266652 [INFO ] NMEA $GPVTG,66.05,T,,M,1.03,N,1.92,K,A*00 (pico_gnss pico-gnss-rs/src/main.rs:483)
424.295750 [INFO ] NMEA $GPZDA,131718.000,08,06,2026,,*53 (pico_gnss pico-gnss-rs/src/main.rs:483)
424.346661 [INFO ] NMEA $GPGST,131718.000,13,17,16,97.7,16,17,56*52 (pico_gnss pico-gnss-rs/src/main.rs:483)
424.442923 [INFO ] PPSGEN count=419 interval_ns=1000002320 dev_ns=2320 phase_ns=-1770303 hwphase_ns=224 trim_ppb=6 cfg=2 p_ns=0 d_ns=4 (pico_gnss pico-gnss-rs/src/main.rs:330)
424.444383 [INFO ] PPS count=419 interval_us=1000002 interval_ns=1000002304 state=Locked missed=0 (pico_gnss pico-gnss-rs/src/main.rs:203)
424.649588 [INFO ] NMEA $GPGGA,131719.000,0000.0000,N,00000.0000,E,1,5,1.23,75.4,M,39.0,M,,*6A (pico_gnss pico-gnss-rs/src/main.rs:483)
424.707929 [INFO ] NMEA $GNGLL,0000.0000,N,00000.0000,E,131719.000,A,A*48 (pico_gnss pico-gnss-rs/src/main.rs:483)
424.766341 [INFO ] NMEA $GNGSA,A,3,28,12,29,32,23,,,,,,,,1.57,1.23,0.97*13 (pico_gnss pico-gnss-rs/src/main.rs:483)
424.814269 [INFO ] NMEA $GNGSA,A,3,,,,,,,,,,,,,1.57,1.23,0.97*11 (pico_gnss pico-gnss-rs/src/main.rs:483)
424.872923 [INFO ] NMEA $GPGSV,4,1,13,25,81,063,14,32,66,319,18,28,40,292,13,12,40,047,21*71 (pico_gnss pico-gnss-rs/src/main.rs:483)
424.931560 [INFO ] NMEA $GPGSV,4,2,13,10,36,220,,29,22,143,17,31,15,276,,23,14,188,17*74 (pico_gnss pico-gnss-rs/src/main.rs:483)
424.990031 [INFO ] NMEA $GPGSV,4,3,13,24,11,084,15,26,06,227,,193,,,,194,,,*70 (pico_gnss pico-gnss-rs/src/main.rs:483)
425.010092 [INFO ] TIME unix_ns=1780924639565595388 ppb=2307 holdover_ms=1565 locked=1 (pico_gnss pico-gnss-rs/src/main.rs:237)
425.019578 [INFO ] NMEA $GPGSV,4,4,13,195,,,*46 (pico_gnss pico-gnss-rs/src/main.rs:483)
425.081910 [INFO ] NMEA $GLGSV,2,1,08,72,70,156,,75,67,280,,65,52,326,,74,43,027,*65 (pico_gnss pico-gnss-rs/src/main.rs:483)
425.169207 [INFO ] NMEA $GLGSV,2,2,08,76,18,236,,71,16,151,,66,04,330,,73,01,045,*66 (pico_gnss pico-gnss-rs/src/main.rs:483)
425.227909 [INFO ] NMEA $GNRMC,131719.000,A,0000.0000,N,00000.0000,E,0.73,147.99,080626,,,A*73 (pico_gnss pico-gnss-rs/src/main.rs:483)
425.230491 [INFO ] SYNC pps_local_us=418000970 unix_s=1780924639 drift_us=2 err_ns=-3 holdover_ms=999 (pico_gnss pico-gnss-rs/src/main.rs:514)
425.286180 [INFO ] NMEA $GPVTG,147.99,T,,M,0.73,N,1.36,K,A*3F (pico_gnss pico-gnss-rs/src/main.rs:483)
425.315574 [INFO ] NMEA $GPZDA,131719.000,08,06,2026,,*52 (pico_gnss pico-gnss-rs/src/main.rs:483)
425.347537 [INFO ] NMEA $GPGST,131719.000,13,17,16,94.9,16,17,56*5E (pico_gnss pico-gnss-rs/src/main.rs:483)
425.442935 [INFO ] PPSGEN count=420 interval_ns=1000002336 dev_ns=2336 phase_ns=-1741303 hwphase_ns=256 trim_ppb=4 cfg=2 p_ns=0 d_ns=8 (pico_gnss pico-gnss-rs/src/main.rs:330)
425.444410 [INFO ] PPS count=420 interval_us=1000002 interval_ns=1000002304 state=Locked missed=0 (pico_gnss pico-gnss-rs/src/main.rs:203)
425.732398 [INFO ] NMEA $GPGGA,131720.000,0000.0000,N,00000.0000,E,1,6,1.07,75.0,M,39.0,M,,*64 (pico_gnss pico-gnss-rs/src/main.rs:483)
425.790715 [INFO ] NMEA $GNGLL,0000.0000,N,00000.0000,E,131720.000,A,A*47 (pico_gnss pico-gnss-rs/src/main.rs:483)
425.849163 [INFO ] NMEA $GNGSA,A,3,24,28,12,29,32,23,,,,,,,1.42,1.07,0.94*14 (pico_gnss pico-gnss-rs/src/main.rs:483)
425.878635 [INFO ] NMEA $GNGSA,A,3,,,,,,,,,,,,,1.42,1.07,0.94*10 (pico_gnss pico-gnss-rs/src/main.rs:483)
425.946497 [INFO ] NMEA $GPGSV,4,1,13,25,81,063,14,32,66,319,18,28,40,292,13,12,40,047,20*70 (pico_gnss pico-gnss-rs/src/main.rs:483)
426.011386 [INFO ] TIME unix_ns=1780924640566884385 ppb=2307 holdover_ms=1566 locked=1 (pico_gnss pico-gnss-rs/src/main.rs:237)
426.034208 [INFO ] NMEA $GPGSV,4,2,13,10,36,220,,29,22,143,17,31,15,276,,23,14,188,17*74 (pico_gnss pico-gnss-rs/src/main.rs:483)
426.092341 [INFO ] NMEA $GPGSV,4,3,13,24,11,084,15,26,06,227,,193,,,,194,,,*70 (pico_gnss pico-gnss-rs/src/main.rs:483)
426.121599 [INFO ] NMEA $GPGSV,4,4,13,195,,,*46 (pico_gnss pico-gnss-rs/src/main.rs:483)
426.184166 [INFO ] NMEA $GLGSV,2,1,08,72,70,156,,75,67,280,,65,52,326,,74,43,027,*65 (pico_gnss pico-gnss-rs/src/main.rs:483)
426.242722 [INFO ] NMEA $GLGSV,2,2,08,76,18,236,,71,16,151,,66,04,330,,73,01,045,*66 (pico_gnss pico-gnss-rs/src/main.rs:483)
426.330265 [INFO ] NMEA $GNRMC,131720.000,A,0000.0000,N,00000.0000,E,1.03,170.91,080626,,,A*76 (pico_gnss pico-gnss-rs/src/main.rs:483)
426.332830 [INFO ] SYNC pps_local_us=419000972 unix_s=1780924640 drift_us=2 err_ns=-3 holdover_ms=1000 (pico_gnss pico-gnss-rs/src/main.rs:514)
426.360036 [INFO ] NMEA $GPVTG,170.91,T,,M,1.03,N,1.91,K,A*38 (pico_gnss pico-gnss-rs/src/main.rs:483)
426.389128 [INFO ] NMEA $GPZDA,131720.000,08,06,2026,,*58 (pico_gnss pico-gnss-rs/src/main.rs:483)
426.432952 [INFO ] NMEA $GPGST,131720.000,13,17,15,116.7,16,17,47*62 (pico_gnss pico-gnss-rs/src/main.rs:483)
426.442923 [INFO ] PPSGEN count=421 interval_ns=1000002336 dev_ns=2336 phase_ns=-1759303 hwphase_ns=288 trim_ppb=2 cfg=2 p_ns=0 d_ns=8 (pico_gnss pico-gnss-rs/src/main.rs:330)
426.444396 [INFO ] PPS count=421 interval_us=1000002 interval_ns=1000002320 state=Locked missed=0 (pico_gnss pico-gnss-rs/src/main.rs:203)
426.737644 [INFO ] NMEA $GPGGA,131721.000,0000.0000,N,00000.0000,E,1,6,1.07,74.9,M,39.0,M,,*63 (pico_gnss pico-gnss-rs/src/main.rs:483)
426.795961 [INFO ] NMEA $GNGLL,0000.0000,N,00000.0000,E,131721.000,A,A*48 (pico_gnss pico-gnss-rs/src/main.rs:483)
426.854396 [INFO ] NMEA $GNGSA,A,3,24,28,12,29,32,23,,,,,,,1.42,1.07,0.94*14 (pico_gnss pico-gnss-rs/src/main.rs:483)
426.883894 [INFO ] NMEA $GNGSA,A,3,,,,,,,,,,,,,1.42,1.07,0.94*10 (pico_gnss pico-gnss-rs/src/main.rs:483)
426.968207 [INFO ] NMEA $GPGSV,4,1,13,25,81,063,15,32,66,319,18,28,40,292,13,12,40,047,20*71 (pico_gnss pico-gnss-rs/src/main.rs:483)
427.012687 [INFO ] TIME unix_ns=1780924641568171382 ppb=2308 holdover_ms=1568 locked=1 (pico_gnss pico-gnss-rs/src/main.rs:237)
427.027126 [INFO ] NMEA $GPGSV,4,2,13,10,36,220,,29,22,143,17,31,15,276,,23,14,188,17*74 (pico_gnss pico-gnss-rs/src/main.rs:483)
427.085297 [INFO ] NMEA $GPGSV,4,3,13,24,11,084,14,26,06,227,,193,,,,194,,,*71 (pico_gnss pico-gnss-rs/src/main.rs:483)
427.114499 [INFO ] NMEA $GPGSV,4,4,13,195,,,*46 (pico_gnss pico-gnss-rs/src/main.rs:483)
427.173004 [INFO ] NMEA $GLGSV,2,1,08,72,70,156,,75,67,280,,65,52,326,,74,43,027,*65 (pico_gnss pico-gnss-rs/src/main.rs:483)
427.235650 [INFO ] NMEA $GLGSV,2,2,08,76,18,236,,71,16,151,,66,04,330,,73,01,045,*66 (pico_gnss pico-gnss-rs/src/main.rs:483)
427.323148 [INFO ] NMEA $GNRMC,131721.000,A,0000.0000,N,00000.0000,E,0.15,170.91,080626,,,A*7F (pico_gnss pico-gnss-rs/src/main.rs:483)
427.325734 [INFO ] SYNC pps_local_us=420000974 unix_s=1780924641 drift_us=2 err_ns=13 holdover_ms=999 (pico_gnss pico-gnss-rs/src/main.rs:514)
427.352799 [INFO ] NMEA $GPVTG,170.91,T,,M,0.15,N,0.28,K,A*3D (pico_gnss pico-gnss-rs/src/main.rs:483)
427.410498 [INFO ] NMEA $GPZDA,131721.000,08,06,2026,,*59 (pico_gnss pico-gnss-rs/src/main.rs:483)
427.438134 [INFO ] NMEA $GPGST,131721.000,13,17,15,118.9,16,17,47*63 (pico_gnss pico-gnss-rs/src/main.rs:483)
427.442930 [INFO ] PPSGEN count=422 interval_ns=1000002320 dev_ns=2320 phase_ns=-1735303 hwphase_ns=288 trim_ppb=0 cfg=2 p_ns=0 d_ns=0 (pico_gnss pico-gnss-rs/src/main.rs:330)
427.444391 [INFO ] PPS count=422 interval_us=1000002 interval_ns=1000002320 state=Locked missed=0 (pico_gnss pico-gnss-rs/src/main.rs:203)
427.821713 [INFO ] NMEA $GPGGA,131722.000,0000.0000,N,00000.0000,E,1,6,1.07,74.7,M,39.0,M,,*65 (pico_gnss pico-gnss-rs/src/main.rs:483)
427.880078 [INFO ] NMEA $GNGLL,0000.0000,N,00000.0000,E,131722.000,A,A*40 (pico_gnss pico-gnss-rs/src/main.rs:483)
427.909817 [INFO ] NMEA $GNGSA,A,3,24,28,12,29,32,23,,,,,,,1.42,1.07,0.94*14 (pico_gnss pico-gnss-rs/src/main.rs:483)
427.967954 [INFO ] NMEA $GNGSA,A,3,,,,,,,,,,,,,1.42,1.07,0.94*10 (pico_gnss pico-gnss-rs/src/main.rs:483)
428.014014 [INFO ] TIME unix_ns=1780924642569506378 ppb=2308 holdover_ms=1569 locked=1 (pico_gnss pico-gnss-rs/src/main.rs:237)
428.030841 [INFO ] NMEA $GPGSV,4,1,13,25,81,063,15,32,66,319,18,28,40,292,12,12,40,047,19*7A (pico_gnss pico-gnss-rs/src/main.rs:483)
428.118118 [INFO ] NMEA $GPGSV,4,2,13,10,36,220,,29,22,143,17,31,15,276,,23,14,188,17*74 (pico_gnss pico-gnss-rs/src/main.rs:483)
428.176605 [INFO ] NMEA $GPGSV,4,3,13,24,11,084,14,26,06,227,,193,,,,194,,,*71 (pico_gnss pico-gnss-rs/src/main.rs:483)
428.205818 [INFO ] NMEA $GPGSV,4,4,13,195,,,*46 (pico_gnss pico-gnss-rs/src/main.rs:483)
428.264332 [INFO ] NMEA $GLGSV,2,1,08,72,70,156,,75,67,280,,65,52,326,,74,43,027,*65 (pico_gnss pico-gnss-rs/src/main.rs:483)
428.327003 [INFO ] NMEA $GLGSV,2,2,08,76,18,236,,71,16,151,,66,04,330,,73,01,045,*66 (pico_gnss pico-gnss-rs/src/main.rs:483)
428.385597 [INFO ] NMEA $GNRMC,131722.000,A,0000.0000,N,00000.0000,E,0.97,355.51,080626,,,A*74 (pico_gnss pico-gnss-rs/src/main.rs:483)
428.388181 [INFO ] SYNC pps_local_us=421000977 unix_s=1780924642 drift_us=2 err_ns=12 holdover_ms=999 (pico_gnss pico-gnss-rs/src/main.rs:514)
428.442935 [INFO ] PPSGEN count=423 interval_ns=1000002320 dev_ns=2320 phase_ns=-1747304 hwphase_ns=288 trim_ppb=-2 cfg=2 p_ns=0 d_ns=0 (pico_gnss pico-gnss-rs/src/main.rs:330)
428.444460 [INFO ] PPS count=423 interval_us=1000002 interval_ns=1000002320 state=Locked missed=0 (pico_gnss pico-gnss-rs/src/main.rs:203)
428.446267 [INFO ] NMEA $GPVTG,355.51,T,,M,0.97,N,1.79,K,A*3B (pico_gnss pico-gnss-rs/src/main.rs:483)
428.475201 [INFO ] NMEA $GPZDA,131722.000,08,06,2026,,*5A (pico_gnss pico-gnss-rs/src/main.rs:483)
428.512496 [INFO ] NMEA $GPGST,131722.000,13,17,15,121.5,16,16,48*68 (pico_gnss pico-gnss-rs/src/main.rs:483)
428.790396 [INFO ] NMEA $GPGGA,131723.000,0000.0000,N,00000.0000,E,1,6,1.07,74.6,M,39.0,M,,*65 (pico_gnss pico-gnss-rs/src/main.rs:483)
428.848799 [INFO ] NMEA $GNGLL,0000.0000,N,00000.0000,E,131723.000,A,A*41 (pico_gnss pico-gnss-rs/src/main.rs:483)
428.907242 [INFO ] NMEA $GNGSA,A,3,24,28,12,29,32,23,,,,,,,1.42,1.07,0.94*14 (pico_gnss pico-gnss-rs/src/main.rs:483)
428.936727 [INFO ] NMEA $GNGSA,A,3,,,,,,,,,,,,,1.42,1.07,0.94*10 (pico_gnss pico-gnss-rs/src/main.rs:483)
429.015333 [INFO ] TIME unix_ns=1780924643570830374 ppb=2309 holdover_ms=1570 locked=1 (pico_gnss pico-gnss-rs/src/main.rs:237)
429.028339 [INFO ] NMEA $GPGSV,4,1,13,25,81,063,15,32,66,319,18,28,40,292,12,12,40,047,19*7A (pico_gnss pico-gnss-rs/src/main.rs:483)
429.086853 [INFO ] NMEA $GPGSV,4,2,13,10,36,220,,29,22,143,17,31,15,276,,23,14,188,17*74 (pico_gnss pico-gnss-rs/src/main.rs:483)
429.145334 [INFO ] NMEA $GPGSV,4,3,13,24,11,084,16,26,06,227,,193,,,,194,,,*73 (pico_gnss pico-gnss-rs/src/main.rs:483)
429.174585 [INFO ] NMEA $GPGSV,4,4,13,195,,,*46 (pico_gnss pico-gnss-rs/src/main.rs:483)
429.233053 [INFO ] NMEA $GLGSV,2,1,08,72,70,156,,75,67,280,,65,52,326,,74,43,027,*65 (pico_gnss pico-gnss-rs/src/main.rs:483)
429.295694 [INFO ] NMEA $GLGSV,2,2,08,76,18,236,,71,16,151,,66,04,330,,73,01,045,*66 (pico_gnss pico-gnss-rs/src/main.rs:483)
429.383079 [INFO ] NMEA $GNRMC,131723.000,A,0000.0000,N,00000.0000,E,1.14,283.44,080626,,,A*71 (pico_gnss pico-gnss-rs/src/main.rs:483)
429.385665 [INFO ] SYNC pps_local_us=422000979 unix_s=1780924643 drift_us=2 err_ns=12 holdover_ms=1000 (pico_gnss pico-gnss-rs/src/main.rs:514)
429.412748 [INFO ] NMEA $GPVTG,283.44,T,,M,1.14,N,2.11,K,A*32 (pico_gnss pico-gnss-rs/src/main.rs:483)
429.442949 [INFO ] PPSGEN count=424 interval_ns=1000002336 dev_ns=2336 phase_ns=-1817304 hwphase_ns=304 trim_ppb=-4 cfg=2 p_ns=0 d_ns=4 (pico_gnss pico-gnss-rs/src/main.rs:330)
429.444536 [INFO ] PPS count=424 interval_us=1000002 interval_ns=1000002320 state=Locked missed=0 (pico_gnss pico-gnss-rs/src/main.rs:203)
429.445430 [INFO ] NMEA $GPZDA,131723.000,08,06,2026,,*5B (pico_gnss pico-gnss-rs/src/main.rs:483)
429.493886 [INFO ] NMEA $GPGST,131723.000,13,17,15,121.8,15,16,47*68 (pico_gnss pico-gnss-rs/src/main.rs:483)
429.695217 [INFO ] NMEA $GPGGA,131724.000,0000.0000,N,00000.0000,E,1,5,1.35,74.4,M,39.0,M,,*60 (pico_gnss pico-gnss-rs/src/main.rs:483)
429.724862 [INFO ] NMEA $GNGLL,0000.0000,N,00000.0000,E,131724.000,A,A*44 (pico_gnss pico-gnss-rs/src/main.rs:483)
429.783188 [INFO ] NMEA $GNGSA,A,3,24,12,29,32,23,,,,,,,,1.66,1.35,0.96*1B (pico_gnss pico-gnss-rs/src/main.rs:483)
429.841410 [INFO ] NMEA $GNGSA,A,3,,,,,,,,,,,,,1.66,1.35,0.96*15 (pico_gnss pico-gnss-rs/src/main.rs:483)
429.900085 [INFO ] NMEA $GPGSV,4,1,13,25,81,063,14,32,66,319,18,28,40,292,,12,40,047,19*78 (pico_gnss pico-gnss-rs/src/main.rs:483)
429.962781 [INFO ] NMEA $GPGSV,4,2,13,10,36,220,,29,22,143,17,31,15,276,,23,14,188,17*74 (pico_gnss pico-gnss-rs/src/main.rs:483)
430.016658 [INFO ] TIME unix_ns=1780924644572069371 ppb=2309 holdover_ms=1572 locked=1 (pico_gnss pico-gnss-rs/src/main.rs:237)
430.021564 [INFO ] NMEA $GPGSV,4,3,13,24,11,084,14,26,06,227,,193,,,,194,,,*71 (pico_gnss pico-gnss-rs/src/main.rs:483)
430.050565 [INFO ] NMEA $GPGSV,4,4,13,195,,,*46 (pico_gnss pico-gnss-rs/src/main.rs:483)
430.108959 [INFO ] NMEA $GLGSV,2,1,08,72,70,156,,75,67,280,,65,52,326,,74,43,027,*65 (pico_gnss pico-gnss-rs/src/main.rs:483)
430.200400 [INFO ] NMEA $GLGSV,2,2,08,76,18,236,,71,16,151,,66,04,330,,73,01,045,*66 (pico_gnss pico-gnss-rs/src/main.rs:483)
430.259120 [INFO ] NMEA $GNRMC,131724.000,A,0000.0000,N,00000.0000,E,0.85,282.44,080626,,,A*7C (pico_gnss pico-gnss-rs/src/main.rs:483)
430.261698 [INFO ] SYNC pps_local_us=423000981 unix_s=1780924644 drift_us=2 err_ns=12 holdover_ms=1000 (pico_gnss pico-gnss-rs/src/main.rs:514)
430.317366 [INFO ] NMEA $GPVTG,282.44,T,,M,0.85,N,1.58,K,A*34 (pico_gnss pico-gnss-rs/src/main.rs:483)
430.346742 [INFO ] NMEA $GPZDA,131724.000,08,06,2026,,*5C (pico_gnss pico-gnss-rs/src/main.rs:483)
430.378438 [INFO ] NMEA $GPGST,131724.000,13,17,15,120.0,15,16,48*69 (pico_gnss pico-gnss-rs/src/main.rs:483)
430.442973 [INFO ] PPSGEN count=425 interval_ns=1000002320 dev_ns=2320 phase_ns=-1844304 hwphase_ns=304 trim_ppb=-6 cfg=2 p_ns=0 d_ns=0 (pico_gnss pico-gnss-rs/src/main.rs:330)
430.444528 [INFO ] PPS count=425 interval_us=1000002 interval_ns=1000002336 state=Locked missed=0 (pico_gnss pico-gnss-rs/src/main.rs:203)
430.646684 [INFO ] NMEA $GPGGA,131725.000,0000.0000,N,00000.0000,E,1,5,1.35,74.3,M,39.0,M,,*6D (pico_gnss pico-gnss-rs/src/main.rs:483)
430.705057 [INFO ] NMEA $GNGLL,0000.0000,N,00000.0000,E,131725.000,A,A*4E (pico_gnss pico-gnss-rs/src/main.rs:483)
430.763396 [INFO ] NMEA $GNGSA,A,3,24,12,29,32,23,,,,,,,,1.65,1.35,0.96*18 (pico_gnss pico-gnss-rs/src/main.rs:483)
430.792941 [INFO ] NMEA $GNGSA,A,3,,,,,,,,,,,,,1.65,1.35,0.96*16 (pico_gnss pico-gnss-rs/src/main.rs:483)
430.851495 [INFO ] NMEA $GPGSV,4,1,13,25,81,063,14,32,66,319,18,28,40,292,,12,40,047,19*78 (pico_gnss pico-gnss-rs/src/main.rs:483)
430.943013 [INFO ] NMEA $GPGSV,4,2,13,10,36,220,,29,22,143,17,31,15,276,,23,14,188,17*74 (pico_gnss pico-gnss-rs/src/main.rs:483)
431.001472 [INFO ] NMEA $GPGSV,4,3,13,24,11,084,16,26,06,227,,193,,,,194,,,*73 (pico_gnss pico-gnss-rs/src/main.rs:483)
431.017955 [INFO ] TIME unix_ns=1780924645573345366 ppb=2310 holdover_ms=1573 locked=1 (pico_gnss pico-gnss-rs/src/main.rs:237)
431.030982 [INFO ] NMEA $GPGSV,4,4,13,195,,,*46 (pico_gnss pico-gnss-rs/src/main.rs:483)
431.089257 [INFO ] NMEA $GLGSV,2,1,08,72,70,156,,75,67,280,,65,52,326,,74,43,027,*65 (pico_gnss pico-gnss-rs/src/main.rs:483)
431.147743 [INFO ] NMEA $GLGSV,2,2,08,76,18,236,,71,16,151,,66,04,330,,73,01,045,*66 (pico_gnss pico-gnss-rs/src/main.rs:483)
431.210560 [INFO ] NMEA $GNRMC,131725.000,A,0000.0000,N,00000.0000,E,1.47,349.32,080626,,,A*7E (pico_gnss pico-gnss-rs/src/main.rs:483)
431.213138 [INFO ] SYNC pps_local_us=424000984 unix_s=1780924645 drift_us=2 err_ns=27 holdover_ms=1000 (pico_gnss pico-gnss-rs/src/main.rs:514)
431.268807 [INFO ] NMEA $GPVTG,349.32,T,,M,1.47,N,2.73,K,A*36 (pico_gnss pico-gnss-rs/src/main.rs:483)
431.298184 [INFO ] NMEA $GPZDA,131725.000,08,06,2026,,*5D (pico_gnss pico-gnss-rs/src/main.rs:483)
431.337737 [INFO ] NMEA $GPGST,131725.000,13,17,15,120.1,15,16,48*69 (pico_gnss pico-gnss-rs/src/main.rs:483)
431.442967 [INFO ] PPSGEN count=426 interval_ns=1000002336 dev_ns=2336 phase_ns=-1852305 hwphase_ns=304 trim_ppb=-8 cfg=2 p_ns=0 d_ns=0 (pico_gnss pico-gnss-rs/src/main.rs:330)
431.444535 [INFO ] PPS count=426 interval_us=1000002 interval_ns=1000002320 state=Locked missed=0 (pico_gnss pico-gnss-rs/src/main.rs:203)
431.615531 [INFO ] NMEA $GPGGA,131726.000,0000.0000,N,00000.0000,E,1,5,1.35,74.3,M,39.0,M,,*6A (pico_gnss pico-gnss-rs/src/main.rs:483)
431.670778 [INFO ] NMEA $GNGLL,0000.0000,N,00000.0000,E,131726.000,A,A*49 (pico_gnss pico-gnss-rs/src/main.rs:483)
431.729181 [INFO ] NMEA $GNGSA,A,3,24,12,29,32,23,,,,,,,,1.66,1.35,0.96*1B (pico_gnss pico-gnss-rs/src/main.rs:483)
431.758658 [INFO ] NMEA $GNGSA,A,3,,,,,,,,,,,,,1.66,1.35,0.96*15 (pico_gnss pico-gnss-rs/src/main.rs:483)
431.846039 [INFO ] NMEA $GPGSV,4,1,13,25,81,063,14,32,66,319,18,28,40,292,,12,40,047,18*79 (pico_gnss pico-gnss-rs/src/main.rs:483)
431.908723 [INFO ] NMEA $GPGSV,4,2,13,10,36,220,,29,22,143,17,31,15,276,,23,14,188,17*74 (pico_gnss pico-gnss-rs/src/main.rs:483)
431.967215 [INFO ] NMEA $GPGSV,4,3,13,24,11,084,16,26,06,227,,193,,,,194,,,*73 (pico_gnss pico-gnss-rs/src/main.rs:483)
431.996473 [INFO ] NMEA $GPGSV,4,4,13,195,,,*46 (pico_gnss pico-gnss-rs/src/main.rs:483)
432.019235 [INFO ] TIME unix_ns=1780924646574618363 ppb=2310 holdover_ms=1574 locked=1 (pico_gnss pico-gnss-rs/src/main.rs:237)
432.055014 [INFO ] NMEA $GLGSV,2,1,08,72,70,156,,75,67,280,,65,52,326,,74,43,027,*65 (pico_gnss pico-gnss-rs/src/main.rs:483)
432.113502 [INFO ] NMEA $GLGSV,2,2,08,76,18,236,,71,16,151,,66,04,330,,73,01,045,*66 (pico_gnss pico-gnss-rs/src/main.rs:483)
432.205066 [INFO ] NMEA $GNRMC,131726.000,A,0000.0000,N,00000.0000,E,1.82,343.21,080626,,,A*78 (pico_gnss pico-gnss-rs/src/main.rs:483)
432.207658 [INFO ] SYNC pps_local_us=425000986 unix_s=1780924646 drift_us=2 err_ns=10 holdover_ms=999 (pico_gnss pico-gnss-rs/src/main.rs:514)
432.234833 [INFO ] NMEA $GPVTG,343.21,T,,M,1.82,N,3.37,K,A*36 (pico_gnss pico-gnss-rs/src/main.rs:483)
432.263956 [INFO ] NMEA $GPZDA,131726.000,08,06,2026,,*5E (pico_gnss pico-gnss-rs/src/main.rs:483)
432.311841 [INFO ] NMEA $GPGST,131726.000,13,17,15,118.5,15,17,49*65 (pico_gnss pico-gnss-rs/src/main.rs:483)
432.442972 [INFO ] PPSGEN count=427 interval_ns=1000002320 dev_ns=2320 phase_ns=-1842305 hwphase_ns=304 trim_ppb=-10 cfg=2 p_ns=0 d_ns=0 (pico_gnss pico-gnss-rs/src/main.rs:330)
432.444517 [INFO ] PPS count=427 interval_us=1000002 interval_ns=1000002320 state=Locked missed=0 (pico_gnss pico-gnss-rs/src/main.rs:203)
432.613689 [INFO ] NMEA $GPGGA,131727.000,0000.0000,N,00000.0000,E,1,5,1.35,74.3,M,39.0,M,,*6F (pico_gnss pico-gnss-rs/src/main.rs:483)
432.660719 [INFO ] NMEA $GNGLL,0000.0000,N,00000.0000,E,131727.000,A,A*4C (pico_gnss pico-gnss-rs/src/main.rs:483)
432.719078 [INFO ] NMEA $GNGSA,A,3,24,12,29,32,23,,,,,,,,1.66,1.35,0.96*1B (pico_gnss pico-gnss-rs/src/main.rs:483)
432.777324 [INFO ] NMEA $GNGSA,A,3,,,,,,,,,,,,,1.66,1.35,0.96*15 (pico_gnss pico-gnss-rs/src/main.rs:483)
432.835984 [INFO ] NMEA $GPGSV,4,1,13,25,81,063,15,32,66,319,18,28,40,292,,12,40,047,18*78 (pico_gnss pico-gnss-rs/src/main.rs:483)
432.894588 [INFO ] NMEA $GPGSV,4,2,13,10,36,220,,29,22,143,17,31,15,276,,23,14,188,17*74 (pico_gnss pico-gnss-rs/src/main.rs:483)
432.957099 [INFO ] NMEA $GPGSV,4,3,13,24,11,084,15,26,06,227,,193,,,,194,,,*70 (pico_gnss pico-gnss-rs/src/main.rs:483)
432.986388 [INFO ] NMEA $GPGSV,4,4,13,195,,,*46 (pico_gnss pico-gnss-rs/src/main.rs:483)
433.020557 [INFO ] TIME unix_ns=1780924647575914360 ppb=2310 holdover_ms=1575 locked=1 (pico_gnss pico-gnss-rs/src/main.rs:237)
433.045213 [INFO ] NMEA $GLGSV,2,1,08,72,70,156,,75,67,280,,65,52,326,,74,43,027,*65 (pico_gnss pico-gnss-rs/src/main.rs:483)
433.132201 [INFO ] NMEA $GLGSV,2,2,08,76,18,236,,71,16,151,,66,04,330,,73,01,045,*66 (pico_gnss pico-gnss-rs/src/main.rs:483)
433.195013 [INFO ] NMEA $GNRMC,131727.000,A,0000.0000,N,00000.0000,E,2.52,26.23,080626,,,A*41 (pico_gnss pico-gnss-rs/src/main.rs:483)
433.197581 [INFO ] SYNC pps_local_us=426000988 unix_s=1780924647 drift_us=2 err_ns=10 holdover_ms=999 (pico_gnss pico-gnss-rs/src/main.rs:514)
433.224717 [INFO ] NMEA $GPVTG,26.23,T,,M,2.52,N,4.67,K,A*08 (pico_gnss pico-gnss-rs/src/main.rs:483)
433.282523 [INFO ] NMEA $GPZDA,131727.000,08,06,2026,,*5F (pico_gnss pico-gnss-rs/src/main.rs:483)
433.308108 [INFO ] NMEA $GPGST,131727.000,13,17,15,118.5,15,17,49*64 (pico_gnss pico-gnss-rs/src/main.rs:483)
433.442977 [INFO ] PPSGEN count=428 interval_ns=1000002320 dev_ns=2320 phase_ns=-1836306 hwphase_ns=304 trim_ppb=-12 cfg=2 p_ns=0 d_ns=0 (pico_gnss pico-gnss-rs/src/main.rs:330)
433.444537 [INFO ] PPS count=428 interval_us=1000002 interval_ns=1000002320 state=Locked missed=0 (pico_gnss pico-gnss-rs/src/main.rs:203)
433.613455 [INFO ] NMEA $GPGGA,131728.000,0000.0000,N,00000.0000,E,1,5,1.35,74.3,M,39.0,M,,*65 (pico_gnss pico-gnss-rs/src/main.rs:483)
433.671720 [INFO ] NMEA $GNGLL,0000.0000,N,00000.0000,E,131728.000,A,A*46 (pico_gnss pico-gnss-rs/src/main.rs:483)
433.712739 [INFO ] NMEA $GNGSA,A,3,24,12,29,32,23,,,,,,,,1.66,1.35,0.96*1B (pico_gnss pico-gnss-rs/src/main.rs:483)
433.770933 [INFO ] NMEA $GNGSA,A,3,,,,,,,,,,,,,1.66,1.35,0.96*15 (pico_gnss pico-gnss-rs/src/main.rs:483)
433.829590 [INFO ] NMEA $GPGSV,4,1,13,25,81,063,15,32,66,319,18,28,40,292,,12,40,047,18*78 (pico_gnss pico-gnss-rs/src/main.rs:483)
433.916962 [INFO ] NMEA $GPGSV,4,2,13,10,36,220,,29,22,143,17,31,15,276,,23,14,188,17*74 (pico_gnss pico-gnss-rs/src/main.rs:483)
433.950766 [INFO ] NMEA $GPGSV,4,3,13,24,11,084,16,26,06,227,,193,,,,194,,,*73 (pico_gnss pico-gnss-rs/src/main.rs:483)
433.980047 [INFO ] NMEA $GPGSV,4,4,13,195,,,*46 (pico_gnss pico-gnss-rs/src/main.rs:483)
434.021884 [INFO ] TIME unix_ns=1780924648577238356 ppb=2311 holdover_ms=1577 locked=1 (pico_gnss pico-gnss-rs/src/main.rs:237)
434.067358 [INFO ] NMEA $GLGSV,2,1,08,72,70,156,,75,67,280,,65,52,326,,74,43,027,*65 (pico_gnss pico-gnss-rs/src/main.rs:483)
434.125807 [INFO ] NMEA $GLGSV,2,2,08,76,18,236,,71,16,151,,66,04,330,,73,01,045,*66 (pico_gnss pico-gnss-rs/src/main.rs:483)
434.184518 [INFO ] NMEA $GNRMC,131728.000,A,0000.0000,N,00000.0000,E,1.98,86.61,080626,,,A*42 (pico_gnss pico-gnss-rs/src/main.rs:483)
434.187089 [INFO ] SYNC pps_local_us=427000991 unix_s=1780924648 drift_us=2 err_ns=10 holdover_ms=1000 (pico_gnss pico-gnss-rs/src/main.rs:514)
434.246822 [INFO ] NMEA $GPVTG,86.61,T,,M,1.98,N,3.68,K,A*09 (pico_gnss pico-gnss-rs/src/main.rs:483)
434.276215 [INFO ] NMEA $GPZDA,131728.000,08,06,2026,,*50 (pico_gnss pico-gnss-rs/src/main.rs:483)
434.308010 [INFO ] NMEA $GPGST,131728.000,13,16,13,116.5,14,16,37*6B (pico_gnss pico-gnss-rs/src/main.rs:483)
434.442949 [INFO ] PPSGEN count=429 interval_ns=1000002320 dev_ns=2320 phase_ns=-1861306 hwphase_ns=304 trim_ppb=-14 cfg=2 p_ns=0 d_ns=0 (pico_gnss pico-gnss-rs/src/main.rs:330)
434.444494 [INFO ] PPS count=429 interval_us=1000002 interval_ns=1000002336 state=Locked missed=0 (pico_gnss pico-gnss-rs/src/main.rs:203)
434.615646 [INFO ] NMEA $GPGGA,131729.000,0000.0000,N,00000.0000,E,1,5,1.35,74.2,M,39.0,M,,*65 (pico_gnss pico-gnss-rs/src/main.rs:483)
434.673971 [INFO ] NMEA $GNGLL,0000.0000,N,00000.0000,E,131729.000,A,A*47 (pico_gnss pico-gnss-rs/src/main.rs:483)
434.737432 [INFO ] NMEA $GNGSA,A,3,24,12,29,32,23,,,,,,,,1.66,1.35,0.96*1B (pico_gnss pico-gnss-rs/src/main.rs:483)
434.766999 [INFO ] NMEA $GNGSA,A,3,,,,,,,,,,,,,1.66,1.35,0.96*15 (pico_gnss pico-gnss-rs/src/main.rs:483)
434.825565 [INFO ] NMEA $GPGSV,4,1,13,25,81,063,14,32,66,319,18,28,40,292,,12,40,047,18*79 (pico_gnss pico-gnss-rs/src/main.rs:483)
434.912965 [INFO ] NMEA $GPGSV,4,2,13,10,36,220,,29,22,143,17,31,15,276,,23,14,188,17*74 (pico_gnss pico-gnss-rs/src/main.rs:483)
434.975510 [INFO ] NMEA $GPGSV,4,3,13,24,11,084,16,26,06,227,,193,,,,194,,,*73 (pico_gnss pico-gnss-rs/src/main.rs:483)
435.004782 [INFO ] NMEA $GPGSV,4,4,13,195,,,*46 (pico_gnss pico-gnss-rs/src/main.rs:483)
435.023181 [INFO ] TIME unix_ns=1780924649578560352 ppb=2311 holdover_ms=1578 locked=1 (pico_gnss pico-gnss-rs/src/main.rs:237)
435.063375 [INFO ] NMEA $GLGSV,2,1,08,72,70,156,,75,67,280,,65,52,326,,74,43,027,*65 (pico_gnss pico-gnss-rs/src/main.rs:483)
435.121811 [INFO ] NMEA $GLGSV,2,2,08,76,18,236,,71,16,151,,66,04,330,,73,01,045,*66 (pico_gnss pico-gnss-rs/src/main.rs:483)
435.209261 [INFO ] NMEA $GNRMC,131729.000,A,0000.0000,N,00000.0000,E,1.58,114.37,080626,,,A*76 (pico_gnss pico-gnss-rs/src/main.rs:483)
435.211841 [INFO ] SYNC pps_local_us=428000993 unix_s=1780924649 drift_us=2 err_ns=25 holdover_ms=999 (pico_gnss pico-gnss-rs/src/main.rs:514)
435.242882 [INFO ] NMEA $GPVTG,114.37,T,,M,1.58,N,2.93,K,A*39 (pico_gnss pico-gnss-rs/src/main.rs:483)
435.272262 [INFO ] NMEA $GPZDA,131729.000,08,06,2026,,*51 (pico_gnss pico-gnss-rs/src/main.rs:483)
435.311798 [INFO ] NMEA $GPGST,131729.000,13,16,13,118.5,13,15,37*60 (pico_gnss pico-gnss-rs/src/main.rs:483)
435.442967 [INFO ] PPSGEN count=430 interval_ns=1000002320 dev_ns=2320 phase_ns=-1802307 hwphase_ns=288 trim_ppb=-16 cfg=2 p_ns=0 d_ns=-4 (pico_gnss pico-gnss-rs/src/main.rs:330)
435.444580 [INFO ] PPS count=430 interval_us=1000002 interval_ns=1000002336 state=Locked missed=0 (pico_gnss pico-gnss-rs/src/main.rs:203)
435.613315 [INFO ] NMEA $GPGGA,131730.000,0000.0000,N,00000.0000,E,1,5,1.35,74.1,M,39.0,M,,*66 (pico_gnss pico-gnss-rs/src/main.rs:483)
435.671652 [INFO ] NMEA $GNGLL,0000.0000,N,00000.0000,E,131730.000,A,A*47 (pico_gnss pico-gnss-rs/src/main.rs:483)
435.727042 [INFO ] NMEA $GNGSA,A,3,24,12,29,32,23,,,,,,,,1.66,1.35,0.96*1B (pico_gnss pico-gnss-rs/src/main.rs:483)
435.756517 [INFO ] NMEA $GNGSA,A,3,,,,,,,,,,,,,1.66,1.35,0.96*15 (pico_gnss pico-gnss-rs/src/main.rs:483)
435.843885 [INFO ] NMEA $GPGSV,4,1,13,25,81,063,14,32,66,319,18,28,40,292,,12,40,047,18*79 (pico_gnss pico-gnss-rs/src/main.rs:483)
435.902485 [INFO ] NMEA $GPGSV,4,2,13,10,36,220,,29,22,143,17,31,15,276,,23,14,188,17*74 (pico_gnss pico-gnss-rs/src/main.rs:483)
435.960966 [INFO ] NMEA $GPGSV,4,3,13,24,11,084,16,26,06,227,,193,,,,194,,,*73 (pico_gnss pico-gnss-rs/src/main.rs:483)
435.994261 [INFO ] NMEA $GPGSV,4,4,13,195,,,*46 (pico_gnss pico-gnss-rs/src/main.rs:483)
436.024642 [INFO ] TIME unix_ns=1780924650580036347 ppb=2312 holdover_ms=1580 locked=1 (pico_gnss pico-gnss-rs/src/main.rs:237)
436.053111 [INFO ] NMEA $GLGSV,2,1,08,72,70,156,,75,67,280,,65,52,326,,74,43,027,*65 (pico_gnss pico-gnss-rs/src/main.rs:483)
436.111374 [INFO ] NMEA $GLGSV,2,2,08,76,18,236,,71,16,151,,66,04,330,,73,01,045,*66 (pico_gnss pico-gnss-rs/src/main.rs:483)
436.198818 [INFO ] NMEA $GNRMC,131730.000,A,0000.0000,N,00000.0000,E,0.55,114.37,080626,,,A*7A (pico_gnss pico-gnss-rs/src/main.rs:483)
436.201394 [INFO ] SYNC pps_local_us=429000995 unix_s=1780924650 drift_us=2 err_ns=24 holdover_ms=1000 (pico_gnss pico-gnss-rs/src/main.rs:514)
436.228556 [INFO ] NMEA $GPVTG,114.37,T,,M,0.55,N,1.01,K,A*3D (pico_gnss pico-gnss-rs/src/main.rs:483)
436.261727 [INFO ] NMEA $GPZDA,131730.000,08,06,2026,,*59 (pico_gnss pico-gnss-rs/src/main.rs:483)
436.309697 [INFO ] NMEA $GPGST,131730.000,12,16,13,119.3,14,15,38*66 (pico_gnss pico-gnss-rs/src/main.rs:483)
436.442964 [INFO ] PPSGEN count=431 interval_ns=1000002320 dev_ns=2320 phase_ns=-1898307 hwphase_ns=272 trim_ppb=-18 cfg=2 p_ns=0 d_ns=-4 (pico_gnss pico-gnss-rs/src/main.rs:330)
436.444584 [INFO ] PPS count=431 interval_us=1000002 interval_ns=1000002320 state=Locked missed=0 (pico_gnss pico-gnss-rs/src/main.rs:203)
436.613492 [INFO ] NMEA $GPGGA,131731.000,0000.0000,N,00000.0000,E,1,5,1.35,74.1,M,39.0,M,,*63 (pico_gnss pico-gnss-rs/src/main.rs:483)
436.671828 [INFO ] NMEA $GNGLL,0000.0000,N,00000.0000,E,131731.000,A,A*42 (pico_gnss pico-gnss-rs/src/main.rs:483)
436.730181 [INFO ] NMEA $GNGSA,A,3,24,12,29,32,23,,,,,,,,1.65,1.35,0.96*18 (pico_gnss pico-gnss-rs/src/main.rs:483)
436.777143 [INFO ] NMEA $GNGSA,A,3,,,,,,,,,,,,,1.65,1.35,0.96*16 (pico_gnss pico-gnss-rs/src/main.rs:483)
436.835760 [INFO ] NMEA $GPGSV,4,1,13,25,81,063,14,32,66,319,18,28,40,292,,12,40,047,17*76 (pico_gnss pico-gnss-rs/src/main.rs:483)
436.894393 [INFO ] NMEA $GPGSV,4,2,13,10,36,220,,29,22,143,17,31,15,276,,23,14,188,17*74 (pico_gnss pico-gnss-rs/src/main.rs:483)
436.952825 [INFO ] NMEA $GPGSV,4,3,13,24,11,084,16,26,06,227,,193,,,,194,,,*73 (pico_gnss pico-gnss-rs/src/main.rs:483)
436.982076 [INFO ] NMEA $GPGSV,4,4,13,195,,,*46 (pico_gnss pico-gnss-rs/src/main.rs:483)
437.025947 [INFO ] TIME unix_ns=1780924651581258344 ppb=2312 holdover_ms=1581 locked=1 (pico_gnss pico-gnss-rs/src/main.rs:237)
437.045013 [INFO ] NMEA $GLGSV,2,1,08,72,70,156,,75,67,280,,65,52,326,,74,43,027,*65 (pico_gnss pico-gnss-rs/src/main.rs:483)
437.131993 [INFO ] NMEA $GLGSV,2,2,08,76,18,236,,71,16,151,,66,04,330,,73,01,045,*66 (pico_gnss pico-gnss-rs/src/main.rs:483)
437.190685 [INFO ] NMEA $GNRMC,131731.000,A,0000.0000,N,00000.0000,E,1.16,174.06,080626,,,A*7D (pico_gnss pico-gnss-rs/src/main.rs:483)
437.193237 [INFO ] SYNC pps_local_us=430000998 unix_s=1780924651 drift_us=2 err_ns=8 holdover_ms=1000 (pico_gnss pico-gnss-rs/src/main.rs:514)
437.248956 [INFO ] NMEA $GPVTG,174.06,T,,M,1.16,N,2.16,K,A*3A (pico_gnss pico-gnss-rs/src/main.rs:483)
437.282351 [INFO ] NMEA $GPZDA,131731.000,08,06,2026,,*58 (pico_gnss pico-gnss-rs/src/main.rs:483)
437.310029 [INFO ] NMEA $GPGST,131731.000,12,16,13,120.4,14,15,39*6B (pico_gnss pico-gnss-rs/src/main.rs:483)
437.442971 [INFO ] PPSGEN count=432 interval_ns=1000002304 dev_ns=2304 phase_ns=-1896308 hwphase_ns=256 trim_ppb=-20 cfg=2 p_ns=0 d_ns=-4 (pico_gnss pico-gnss-rs/src/main.rs:330)
437.444562 [INFO ] PPS count=432 interval_us=1000002 interval_ns=1000002336 state=Locked missed=0 (pico_gnss pico-gnss-rs/src/main.rs:203)
437.614537 [INFO ] NMEA $GPGGA,131732.000,0000.0000,N,00000.0000,E,1,5,1.35,74.0,M,39.0,M,,*6A (pico_gnss pico-gnss-rs/src/main.rs:483)
437.672872 [INFO ] NMEA $GNGLL,0000.0000,N,00000.0000,E,131732.000,A,A*4A (pico_gnss pico-gnss-rs/src/main.rs:483)
437.731249 [INFO ] NMEA $GNGSA,A,3,24,12,29,32,23,,,,,,,,1.66,1.35,0.96*1B (pico_gnss pico-gnss-rs/src/main.rs:483)
437.769949 [INFO ] NMEA $GNGSA,A,3,,,,,,,,,,,,,1.66,1.35,0.96*15 (pico_gnss pico-gnss-rs/src/main.rs:483)
437.828607 [INFO ] NMEA $GPGSV,4,1,13,25,81,063,14,32,66,319,18,28,40,292,,12,40,047,17*76 (pico_gnss pico-gnss-rs/src/main.rs:483)
437.915958 [INFO ] NMEA $GPGSV,4,2,13,10,36,220,,29,22,143,17,31,15,276,,23,14,188,17*74 (pico_gnss pico-gnss-rs/src/main.rs:483)
437.974411 [INFO ] NMEA $GPGSV,4,3,13,24,11,084,16,26,06,227,,193,,,,194,,,*73 (pico_gnss pico-gnss-rs/src/main.rs:483)
438.003652 [INFO ] NMEA $GPGSV,4,4,13,195,,,*46 (pico_gnss pico-gnss-rs/src/main.rs:483)
438.027261 [INFO ] TIME unix_ns=1780924652582583340 ppb=2313 holdover_ms=1582 locked=1 (pico_gnss pico-gnss-rs/src/main.rs:237)
438.066293 [INFO ] NMEA $GLGSV,2,1,08,72,70,156,,75,67,280,,65,52,326,,74,43,027,*65 (pico_gnss pico-gnss-rs/src/main.rs:483)
438.124813 [INFO ] NMEA $GLGSV,2,2,08,76,18,236,,71,16,151,,66,04,330,,73,01,045,*66 (pico_gnss pico-gnss-rs/src/main.rs:483)
438.183523 [INFO ] NMEA $GNRMC,131732.000,A,0000.0000,N,00000.0000,E,1.35,159.95,080626,,,A*71 (pico_gnss pico-gnss-rs/src/main.rs:483)
438.186088 [INFO ] SYNC pps_local_us=431001000 unix_s=1780924652 drift_us=2 err_ns=23 holdover_ms=999 (pico_gnss pico-gnss-rs/src/main.rs:514)
438.241764 [INFO ] NMEA $GPVTG,159.95,T,,M,1.35,N,2.51,K,A*3D (pico_gnss pico-gnss-rs/src/main.rs:483)
438.271124 [INFO ] NMEA $GPZDA,131732.000,08,06,2026,,*5B (pico_gnss pico-gnss-rs/src/main.rs:483)
438.310602 [INFO ] NMEA $GPGST,131732.000,12,16,13,121.7,14,16,40*67 (pico_gnss pico-gnss-rs/src/main.rs:483)
438.442956 [INFO ] PPSGEN count=433 interval_ns=1000002320 dev_ns=2320 phase_ns=-1872308 hwphase_ns=240 trim_ppb=-21 cfg=2 p_ns=0 d_ns=-4 (pico_gnss pico-gnss-rs/src/main.rs:330)
438.444568 [INFO ] PPS count=433 interval_us=1000002 interval_ns=1000002336 state=Locked missed=0 (pico_gnss pico-gnss-rs/src/main.rs:203)
438.615718 [INFO ] NMEA $GPGGA,131733.000,0000.0000,N,00000.0000,E,1,5,1.35,74.0,M,39.0,M,,*6C (pico_gnss pico-gnss-rs/src/main.rs:483)
438.674030 [INFO ] NMEA $GNGLL,0000.0000,N,00000.0000,E,131733.000,A,A*4C (pico_gnss pico-gnss-rs/src/main.rs:483)
438.732440 [INFO ] NMEA $GNGSA,A,3,24,12,29,32,23,,,,,,,,1.66,1.35,0.96*1B (pico_gnss pico-gnss-rs/src/main.rs:483)
438.761917 [INFO ] NMEA $GNGSA,A,3,,,,,,,,,,,,,1.66,1.35,0.96*15 (pico_gnss pico-gnss-rs/src/main.rs:483)
438.850300 [INFO ] NMEA $GPGSV,4,1,13,25,81,063,13,32,66,319,18,28,40,292,,12,40,047,16*70 (pico_gnss pico-gnss-rs/src/main.rs:483)
438.908904 [INFO ] NMEA $GPGSV,4,2,13,10,36,220,,29,22,143,17,31,15,276,,23,14,188,17*74 (pico_gnss pico-gnss-rs/src/main.rs:483)
438.967388 [INFO ] NMEA $GPGSV,4,3,13,24,11,084,16,26,06,227,,193,,,,194,,,*73 (pico_gnss pico-gnss-rs/src/main.rs:483)
438.996641 [INFO ] NMEA $GPGSV,4,4,13,195,,,*46 (pico_gnss pico-gnss-rs/src/main.rs:483)
439.028569 [INFO ] TIME unix_ns=1780924653583889336 ppb=2314 holdover_ms=1583 locked=1 (pico_gnss pico-gnss-rs/src/main.rs:237)
439.059283 [INFO ] NMEA $GLGSV,2,1,08,72,70,156,,75,67,280,,65,53,325,,74,43,027,*67 (pico_gnss pico-gnss-rs/src/main.rs:483)
439.117801 [INFO ] NMEA $GLGSV,2,2,08,76,18,236,,71,16,151,,66,04,330,,73,01,045,*66 (pico_gnss pico-gnss-rs/src/main.rs:483)
439.205303 [INFO ] NMEA $GNRMC,131733.000,A,0000.0000,N,00000.0000,E,1.00,182.74,080626,,,A*78 (pico_gnss pico-gnss-rs/src/main.rs:483)
439.207877 [INFO ] SYNC pps_local_us=432001002 unix_s=1780924653 drift_us=2 err_ns=23 holdover_ms=1000 (pico_gnss pico-gnss-rs/src/main.rs:514)
439.235058 [INFO ] NMEA $GPVTG,182.74,T,,M,1.00,N,1.85,K,A*38 (pico_gnss pico-gnss-rs/src/main.rs:483)
439.264209 [INFO ] NMEA $GPZDA,131733.000,08,06,2026,,*5A (pico_gnss pico-gnss-rs/src/main.rs:483)
439.312298 [INFO ] NMEA $GPGST,131733.000,12,17,13,123.5,14,16,41*66 (pico_gnss pico-gnss-rs/src/main.rs:483)
439.442982 [INFO ] PPSGEN count=434 interval_ns=1000002304 dev_ns=2304 phase_ns=-1886309 hwphase_ns=208 trim_ppb=-22 cfg=2 p_ns=0 d_ns=-8 (pico_gnss pico-gnss-rs/src/main.rs:330)
439.444581 [INFO ] PPS count=434 interval_us=1000002 interval_ns=1000002320 state=Locked missed=0 (pico_gnss pico-gnss-rs/src/main.rs:203)
439.618575 [INFO ] NMEA $GPGGA,131734.000,0000.0000,N,00000.0000,E,1,5,1.35,73.9,M,39.0,M,,*68 (pico_gnss pico-gnss-rs/src/main.rs:483)
439.676891 [INFO ] NMEA $GNGLL,0000.0000,N,00000.0000,E,131734.000,A,A*46 (pico_gnss pico-gnss-rs/src/main.rs:483)
439.735297 [INFO ] NMEA $GNGSA,A,3,24,12,29,32,23,,,,,,,,1.66,1.35,0.96*1B (pico_gnss pico-gnss-rs/src/main.rs:483)
439.764791 [INFO ] NMEA $GNGSA,A,3,,,,,,,,,,,,,1.66,1.35,0.96*15 (pico_gnss pico-gnss-rs/src/main.rs:483)
439.844929 [INFO ] NMEA $GPGSV,4,1,13,25,81,063,13,32,66,319,18,28,40,292,,12,40,047,16*70 (pico_gnss pico-gnss-rs/src/main.rs:483)
439.903568 [INFO ] NMEA $GPGSV,4,2,13,10,36,220,,29,22,143,17,31,15,276,,23,14,188,17*74 (pico_gnss pico-gnss-rs/src/main.rs:483)
439.962010 [INFO ] NMEA $GPGSV,4,3,13,24,11,084,16,26,06,227,,193,,,,194,,,*73 (pico_gnss pico-gnss-rs/src/main.rs:483)
439.991258 [INFO ] NMEA $GPGSV,4,4,13,195,,,*46 (pico_gnss pico-gnss-rs/src/main.rs:483)
440.029861 [INFO ] TIME unix_ns=1780924654585180332 ppb=2314 holdover_ms=1585 locked=1 (pico_gnss pico-gnss-rs/src/main.rs:237)
440.050075 [INFO ] NMEA $GLGSV,2,1,08,72,70,156,,75,67,280,,65,53,325,,74,43,027,*67 (pico_gnss pico-gnss-rs/src/main.rs:483)
440.112384 [INFO ] NMEA $GLGSV,2,2,08,76,18,236,,71,16,151,,66,04,330,,73,01,045,*66 (pico_gnss pico-gnss-rs/src/main.rs:483)
440.199902 [INFO ] NMEA $GNRMC,131734.000,A,0000.0000,N,00000.0000,E,0.48,182.74,080626,,,A*7F (pico_gnss pico-gnss-rs/src/main.rs:483)
440.202456 [INFO ] SYNC pps_local_us=433001005 unix_s=1780924654 drift_us=2 err_ns=6 holdover_ms=999 (pico_gnss pico-gnss-rs/src/main.rs:514)
440.229601 [INFO ] NMEA $GPVTG,182.74,T,,M,0.48,N,0.89,K,A*38 (pico_gnss pico-gnss-rs/src/main.rs:483)
440.287423 [INFO ] NMEA $GPZDA,131734.000,08,06,2026,,*5D (pico_gnss pico-gnss-rs/src/main.rs:483)
440.315091 [INFO ] NMEA $GPGST,131734.000,12,17,14,125.7,15,16,43*61 (pico_gnss pico-gnss-rs/src/main.rs:483)
440.442975 [INFO ] PPSGEN count=435 interval_ns=1000002320 dev_ns=2320 phase_ns=-1878309 hwphase_ns=208 trim_ppb=-23 cfg=2 p_ns=0 d_ns=0 (pico_gnss pico-gnss-rs/src/main.rs:330)
440.444513 [INFO ] PPS count=435 interval_us=1000002 interval_ns=1000002352 state=Locked missed=0 (pico_gnss pico-gnss-rs/src/main.rs:203)
440.622732 [INFO ] NMEA $GPGGA,131735.000,0000.0000,N,00000.0000,E,1,5,1.35,74.0,M,39.0,M,,*63 (pico_gnss pico-gnss-rs/src/main.rs:483)
440.681163 [INFO ] NMEA $GNGLL,0000.0000,N,00000.0000,E,131735.000,A,A*43 (pico_gnss pico-gnss-rs/src/main.rs:483)
440.710862 [INFO ] NMEA $GNGSA,A,3,24,12,29,32,23,,,,,,,,1.66,1.35,0.96*1B (pico_gnss pico-gnss-rs/src/main.rs:483)
440.769012 [INFO ] NMEA $GNGSA,A,3,,,,,,,,,,,,,1.66,1.35,0.96*15 (pico_gnss pico-gnss-rs/src/main.rs:483)
440.831745 [INFO ] NMEA $GPGSV,4,1,13,25,81,063,12,32,66,319,18,28,40,292,,12,40,047,16*71 (pico_gnss pico-gnss-rs/src/main.rs:483)
440.919109 [INFO ] NMEA $GPGSV,4,2,13,10,36,220,,29,22,143,16,31,15,276,,23,14,188,17*75 (pico_gnss pico-gnss-rs/src/main.rs:483)
440.977586 [INFO ] NMEA $GPGSV,4,3,13,24,11,084,16,26,06,227,,193,,,,194,,,*73 (pico_gnss pico-gnss-rs/src/main.rs:483)
440.978969 [INFO ] NMEA $GPGSV,4,4,13,195,,,*46 (pico_gnss pico-gnss-rs/src/main.rs:483)
441.031148 [INFO ] TIME unix_ns=1780924655586469327 ppb=2315 holdover_ms=1586 locked=1 (pico_gnss pico-gnss-rs/src/main.rs:237)
441.065415 [INFO ] NMEA $GLGSV,2,1,08,72,70,156,,75,67,280,,65,53,325,,74,43,027,*67 (pico_gnss pico-gnss-rs/src/main.rs:483)
441.128015 [INFO ] NMEA $GLGSV,2,2,08,76,18,236,,71,16,151,,66,04,330,,73,01,045,*66 (pico_gnss pico-gnss-rs/src/main.rs:483)
441.186681 [INFO ] NMEA $GNRMC,131735.000,A,0000.0000,N,00000.0000,E,1.02,49.07,080626,,,A*47 (pico_gnss pico-gnss-rs/src/main.rs:483)
441.189243 [INFO ] SYNC pps_local_us=434001007 unix_s=1780924655 drift_us=2 err_ns=37 holdover_ms=999 (pico_gnss pico-gnss-rs/src/main.rs:514)
441.244960 [INFO ] NMEA $GPVTG,49.07,T,,M,1.02,N,1.90,K,A*0C (pico_gnss pico-gnss-rs/src/main.rs:483)
441.274295 [INFO ] NMEA $GPZDA,131735.000,08,06,2026,,*5C (pico_gnss pico-gnss-rs/src/main.rs:483)
441.303803 [INFO ] NMEA $GPGST,131735.000,12,17,14,127.9,15,16,45*6A (pico_gnss pico-gnss-rs/src/main.rs:483)
441.442990 [INFO ] PPSGEN count=436 interval_ns=1000002320 dev_ns=2320 phase_ns=-1826311 hwphase_ns=176 trim_ppb=-24 cfg=2 p_ns=0 d_ns=-8 (pico_gnss pico-gnss-rs/src/main.rs:330)
441.444605 [INFO ] PPS count=436 interval_us=1000002 interval_ns=1000002320 state=Locked missed=0 (pico_gnss pico-gnss-rs/src/main.rs:203)
441.625666 [INFO ] NMEA $GPGGA,131736.000,0000.0000,N,00000.0000,E,1,5,1.35,74.0,M,39.0,M,,*66 (pico_gnss pico-gnss-rs/src/main.rs:483)
441.683992 [INFO ] NMEA $GNGLL,0000.0000,N,00000.0000,E,131736.000,A,A*46 (pico_gnss pico-gnss-rs/src/main.rs:483)
441.742417 [INFO ] NMEA $GNGSA,A,3,24,12,29,32,23,,,,,,,,1.65,1.35,0.96*18 (pico_gnss pico-gnss-rs/src/main.rs:483)
441.771940 [INFO ] NMEA $GNGSA,A,3,,,,,,,,,,,,,1.65,1.35,0.96*16 (pico_gnss pico-gnss-rs/src/main.rs:483)
441.859178 [INFO ] NMEA $GPGSV,4,1,13,25,81,063,12,32,66,319,18,28,40,292,,12,40,047,16*71 (pico_gnss pico-gnss-rs/src/main.rs:483)
441.921987 [INFO ] NMEA $GPGSV,4,2,13,10,36,220,,29,22,143,16,31,15,276,,23,14,188,17*75 (pico_gnss pico-gnss-rs/src/main.rs:483)
441.980449 [INFO ] NMEA $GPGSV,4,3,13,24,11,084,16,26,06,227,,193,,,,194,,,*73 (pico_gnss pico-gnss-rs/src/main.rs:483)
442.009703 [INFO ] NMEA $GPGSV,4,4,13,195,,,*46 (pico_gnss pico-gnss-rs/src/main.rs:483)
442.032456 [INFO ] TIME unix_ns=1780924656587854324 ppb=2315 holdover_ms=1587 locked=1 (pico_gnss pico-gnss-rs/src/main.rs:237)
442.068257 [INFO ] NMEA $GLGSV,2,1,08,72,70,156,,75,67,280,,65,53,325,,74,43,027,*67 (pico_gnss pico-gnss-rs/src/main.rs:483)
442.130896 [INFO ] NMEA $GLGSV,2,2,08,76,18,236,,71,16,151,,66,04,330,,73,01,045,*66 (pico_gnss pico-gnss-rs/src/main.rs:483)
442.189645 [INFO ] NMEA $GNRMC,131736.000,A,0000.0000,N,00000.0000,E,0.68,355.96,080626,,,A*79 (pico_gnss pico-gnss-rs/src/main.rs:483)
442.192215 [INFO ] SYNC pps_local_us=435001009 unix_s=1780924656 drift_us=2 err_ns=5 holdover_ms=1000 (pico_gnss pico-gnss-rs/src/main.rs:514)
442.247899 [INFO ] NMEA $GPVTG,355.96,T,,M,0.68,N,1.26,K,A*3A (pico_gnss pico-gnss-rs/src/main.rs:483)
442.277252 [INFO ] NMEA $GPZDA,131736.000,08,06,2026,,*5F (pico_gnss pico-gnss-rs/src/main.rs:483)
442.318875 [INFO ] NMEA $GPGST,131736.000,12,17,14,129.9,16,16,46*67 (pico_gnss pico-gnss-rs/src/main.rs:483)
442.442969 [INFO ] PPSGEN count=437 interval_ns=1000002304 dev_ns=2304 phase_ns=-1909311 hwphase_ns=160 trim_ppb=-25 cfg=2 p_ns=0 d_ns=-4 (pico_gnss pico-gnss-rs/src/main.rs:330)
442.444569 [INFO ] PPS count=437 interval_us=1000002 interval_ns=1000002336 state=Locked missed=0 (pico_gnss pico-gnss-rs/src/main.rs:203)
442.611272 [INFO ] NMEA $GPGGA,131737.000,0000.0000,N,00000.0000,E,1,5,1.35,73.9,M,39.0,M,,*6A (pico_gnss pico-gnss-rs/src/main.rs:483)
442.669618 [INFO ] NMEA $GNGLL,0000.0000,N,00000.0000,E,131737.000,A,A*44 (pico_gnss pico-gnss-rs/src/main.rs:483)
442.727980 [INFO ] NMEA $GNGSA,A,3,24,12,29,32,23,,,,,,,,1.65,1.35,0.96*18 (pico_gnss pico-gnss-rs/src/main.rs:483)
442.757483 [INFO ] NMEA $GNGSA,A,3,,,,,,,,,,,,,1.65,1.35,0.96*16 (pico_gnss pico-gnss-rs/src/main.rs:483)
442.844827 [INFO ] NMEA $GPGSV,4,1,13,25,81,063,12,32,66,319,18,28,40,292,,12,40,047,17*70 (pico_gnss pico-gnss-rs/src/main.rs:483)
442.907630 [INFO ] NMEA $GPGSV,4,2,13,10,36,220,,29,22,143,16,31,15,276,,23,14,188,17*75 (pico_gnss pico-gnss-rs/src/main.rs:483)
442.966127 [INFO ] NMEA $GPGSV,4,3,13,24,11,084,16,26,06,227,,193,,,,194,,,*73 (pico_gnss pico-gnss-rs/src/main.rs:483)
442.995342 [INFO ] NMEA $GPGSV,4,4,13,195,,,*46 (pico_gnss pico-gnss-rs/src/main.rs:483)
443.033765 [INFO ] TIME unix_ns=1780924657589050320 ppb=2316 holdover_ms=1589 locked=1 (pico_gnss pico-gnss-rs/src/main.rs:237)
443.054153 [INFO ] NMEA $GLGSV,2,1,08,72,70,156,,75,67,280,,65,53,325,,74,43,027,*67 (pico_gnss pico-gnss-rs/src/main.rs:483)
443.112389 [INFO ] NMEA $GLGSV,2,2,08,76,18,236,,71,16,151,,66,04,330,,73,01,045,*66 (pico_gnss pico-gnss-rs/src/main.rs:483)
443.203978 [INFO ] NMEA $GNRMC,131737.000,A,0000.0000,N,00000.0000,E,0.92,202.80,080626,,,A*7A (pico_gnss pico-gnss-rs/src/main.rs:483)
443.206530 [INFO ] SYNC pps_local_us=436001012 unix_s=1780924657 drift_us=2 err_ns=20 holdover_ms=999 (pico_gnss pico-gnss-rs/src/main.rs:514)
443.233739 [INFO ] NMEA $GPVTG,202.80,T,,M,0.92,N,1.71,K,A*39 (pico_gnss pico-gnss-rs/src/main.rs:483)
443.262857 [INFO ] NMEA $GPZDA,131737.000,08,06,2026,,*5E (pico_gnss pico-gnss-rs/src/main.rs:483)
443.312850 [INFO ] NMEA $GPGST,131737.000,12,17,14,129.0,16,16,45*6C (pico_gnss pico-gnss-rs/src/main.rs:483)
443.442990 [INFO ] PPSGEN count=438 interval_ns=1000002320 dev_ns=2320 phase_ns=-1864311 hwphase_ns=144 trim_ppb=-26 cfg=2 p_ns=0 d_ns=-4 (pico_gnss pico-gnss-rs/src/main.rs:330)
443.444605 [INFO ] PPS count=438 interval_us=1000002 interval_ns=1000002336 state=Locked missed=0 (pico_gnss pico-gnss-rs/src/main.rs:203)
443.615601 [INFO ] NMEA $GPGGA,131738.000,0000.0000,N,00000.0000,E,1,5,1.35,73.9,M,39.0,M,,*60 (pico_gnss pico-gnss-rs/src/main.rs:483)
443.660606 [INFO ] NMEA $GNGLL,0000.0000,N,00000.0000,E,131738.000,A,A*4E (pico_gnss pico-gnss-rs/src/main.rs:483)
443.718975 [INFO ] NMEA $GNGSA,A,3,24,12,29,32,23,,,,,,,,1.66,1.35,0.96*1B (pico_gnss pico-gnss-rs/src/main.rs:483)
443.777191 [INFO ] NMEA $GNGSA,A,3,,,,,,,,,,,,,1.66,1.35,0.96*15 (pico_gnss pico-gnss-rs/src/main.rs:483)
443.835855 [INFO ] NMEA $GPGSV,4,1,13,25,81,063,11,32,66,319,18,28,40,292,,12,40,047,17*73 (pico_gnss pico-gnss-rs/src/main.rs:483)
443.898576 [INFO ] NMEA $GPGSV,4,2,13,10,36,220,,29,22,143,16,31,15,276,,23,14,188,17*75 (pico_gnss pico-gnss-rs/src/main.rs:483)
443.957032 [INFO ] NMEA $GPGSV,4,3,13,24,11,084,15,26,06,227,,193,,,,194,,,*70 (pico_gnss pico-gnss-rs/src/main.rs:483)
443.986304 [INFO ] NMEA $GPGSV,4,4,13,195,,,*46 (pico_gnss pico-gnss-rs/src/main.rs:483)
444.035076 [INFO ] TIME unix_ns=1780924658590396316 ppb=2317 holdover_ms=1590 locked=1 (pico_gnss pico-gnss-rs/src/main.rs:237)
444.045081 [INFO ] NMEA $GLGSV,2,1,08,72,70,156,,75,67,280,,65,53,325,,74,43,027,*67 (pico_gnss pico-gnss-rs/src/main.rs:483)
444.132105 [INFO ] NMEA $GLGSV,2,2,08,76,18,236,,71,16,151,,66,04,330,,73,01,045,*66 (pico_gnss pico-gnss-rs/src/main.rs:483)
444.194889 [INFO ] NMEA $GNRMC,131738.000,A,0000.0000,N,00000.0000,E,0.88,183.55,080626,,,A*79 (pico_gnss pico-gnss-rs/src/main.rs:483)
444.197498 [INFO ] SYNC pps_local_us=437001014 unix_s=1780924658 drift_us=2 err_ns=20 holdover_ms=1000 (pico_gnss pico-gnss-rs/src/main.rs:514)
444.224636 [INFO ] NMEA $GPVTG,183.55,T,,M,0.88,N,1.64,K,A*34 (pico_gnss pico-gnss-rs/src/main.rs:483)
444.282507 [INFO ] NMEA $GPZDA,131738.000,08,06,2026,,*51 (pico_gnss pico-gnss-rs/src/main.rs:483)
444.312231 [INFO ] NMEA $GPGST,131738.000,12,18,14,128.7,16,16,45*6A (pico_gnss pico-gnss-rs/src/main.rs:483)
444.442991 [INFO ] PPSGEN count=439 interval_ns=1000002320 dev_ns=2320 phase_ns=-1901312 hwphase_ns=128 trim_ppb=-27 cfg=2 p_ns=0 d_ns=-4 (pico_gnss pico-gnss-rs/src/main.rs:330)
444.444611 [INFO ] PPS count=439 interval_us=1000002 interval_ns=1000002336 state=Locked missed=0 (pico_gnss pico-gnss-rs/src/main.rs:203)
444.617631 [INFO ] NMEA $GPGGA,131739.000,0000.0000,N,00000.0000,E,1,5,1.35,73.6,M,39.0,M,,*6C (pico_gnss pico-gnss-rs/src/main.rs:483)
444.683146 [INFO ] NMEA $GNGLL,0000.0000,N,00000.0000,E,131739.000,A,A*4D (pico_gnss pico-gnss-rs/src/main.rs:483)
444.712782 [INFO ] NMEA $GNGSA,A,3,24,12,29,32,23,,,,,,,,1.66,1.35,0.96*1B (pico_gnss pico-gnss-rs/src/main.rs:483)
444.770990 [INFO ] NMEA $GNGSA,A,3,,,,,,,,,,,,,1.66,1.35,0.96*15 (pico_gnss pico-gnss-rs/src/main.rs:483)
444.829553 [INFO ] NMEA $GPGSV,4,1,13,25,81,063,,32,66,319,18,28,40,292,,12,40,047,17*73 (pico_gnss pico-gnss-rs/src/main.rs:483)
444.921054 [INFO ] NMEA $GPGSV,4,2,13,10,36,220,,29,22,143,17,31,15,276,,23,14,188,17*74 (pico_gnss pico-gnss-rs/src/main.rs:483)
444.979512 [INFO ] NMEA $GPGSV,4,3,13,24,11,084,15,26,06,227,,193,,,,194,,,*70 (pico_gnss pico-gnss-rs/src/main.rs:483)
444.980876 [INFO ] NMEA $GPGSV,4,4,13,195,,,*46 (pico_gnss pico-gnss-rs/src/main.rs:483)
445.036402 [INFO ] TIME unix_ns=1780924659591682312 ppb=2317 holdover_ms=1591 locked=1 (pico_gnss pico-gnss-rs/src/main.rs:237)
445.067371 [INFO ] NMEA $GLGSV,2,1,08,72,70,156,,75,67,280,,65,53,325,,74,43,027,*67 (pico_gnss pico-gnss-rs/src/main.rs:483)
445.125816 [INFO ] NMEA $GLGSV,2,2,08,76,18,236,,71,15,152,,66,04,330,,73,01,045,*66 (pico_gnss pico-gnss-rs/src/main.rs:483)
445.188648 [INFO ] NMEA $GNRMC,131739.000,A,0000.0000,N,00000.0000,E,0.37,183.55,080626,,,A*7E (pico_gnss pico-gnss-rs/src/main.rs:483)
445.191232 [INFO ] SYNC pps_local_us=438001016 unix_s=1780924659 drift_us=2 err_ns=19 holdover_ms=1000 (pico_gnss pico-gnss-rs/src/main.rs:514)
445.246890 [INFO ] NMEA $GPVTG,183.55,T,,M,0.37,N,0.68,K,A*3D (pico_gnss pico-gnss-rs/src/main.rs:483)
445.276265 [INFO ] NMEA $GPZDA,131739.000,08,06,2026,,*50 (pico_gnss pico-gnss-rs/src/main.rs:483)
445.311618 [INFO ] NMEA $GPGST,131739.000,12,18,15,129.6,16,16,46*69 (pico_gnss pico-gnss-rs/src/main.rs:483)
445.442974 [INFO ] PPSGEN count=440 interval_ns=1000002304 dev_ns=2304 phase_ns=-1910312 hwphase_ns=96 trim_ppb=-27 cfg=2 p_ns=0 d_ns=-8 (pico_gnss pico-gnss-rs/src/main.rs:330)
445.444570 [INFO ] PPS count=440 interval_us=1000002 interval_ns=1000002336 state=Locked missed=0 (pico_gnss pico-gnss-rs/src/main.rs:203)
445.619597 [INFO ] NMEA $GPGGA,131740.000,0000.0000,N,00000.0000,E,1,5,1.35,73.5,M,39.0,M,,*68 (pico_gnss pico-gnss-rs/src/main.rs:483)
445.678926 [INFO ] NMEA $GNGLL,0000.0000,N,00000.0000,E,131740.000,A,A*4A (pico_gnss pico-gnss-rs/src/main.rs:483)
445.737343 [INFO ] NMEA $GNGSA,A,3,24,12,29,32,23,,,,,,,,1.66,1.35,0.96*1B (pico_gnss pico-gnss-rs/src/main.rs:483)
445.766865 [INFO ] NMEA $GNGSA,A,3,,,,,,,,,,,,,1.66,1.35,0.96*15 (pico_gnss pico-gnss-rs/src/main.rs:483)
445.854136 [INFO ] NMEA $GPGSV,4,1,13,25,81,063,,32,66,319,18,28,40,292,,12,40,047,18*7C (pico_gnss pico-gnss-rs/src/main.rs:483)
445.912766 [INFO ] NMEA $GPGSV,4,2,13,10,36,220,,29,22,143,16,31,15,276,,23,14,188,17*75 (pico_gnss pico-gnss-rs/src/main.rs:483)
445.975345 [INFO ] NMEA $GPGSV,4,3,13,24,11,084,15,26,06,227,,193,,,,194,,,*70 (pico_gnss pico-gnss-rs/src/main.rs:483)
446.004598 [INFO ] NMEA $GPGSV,4,4,13,195,,,*46 (pico_gnss pico-gnss-rs/src/main.rs:483)
446.037727 [INFO ] TIME unix_ns=1780924660593006308 ppb=2318 holdover_ms=1593 locked=1 (pico_gnss pico-gnss-rs/src/main.rs:237)
446.063385 [INFO ] NMEA $GLGSV,2,1,08,72,69,157,,75,67,280,,65,53,325,,74,43,027,*6E (pico_gnss pico-gnss-rs/src/main.rs:483)
446.121648 [INFO ] NMEA $GLGSV,2,2,08,76,18,236,,71,15,152,,66,04,330,,73,01,045,*66 (pico_gnss pico-gnss-rs/src/main.rs:483)
446.209050 [INFO ] NMEA $GNRMC,131740.000,A,0000.0000,N,00000.0000,E,1.12,255.38,080626,,,A*7C (pico_gnss pico-gnss-rs/src/main.rs:483)
446.211624 [INFO ] SYNC pps_local_us=439001019 unix_s=1780924660 drift_us=2 err_ns=19 holdover_ms=999 (pico_gnss pico-gnss-rs/src/main.rs:514)
446.242701 [INFO ] NMEA $GPVTG,255.38,T,,M,1.12,N,2.07,K,A*33 (pico_gnss pico-gnss-rs/src/main.rs:483)
446.272043 [INFO ] NMEA $GPZDA,131740.000,08,06,2026,,*5E (pico_gnss pico-gnss-rs/src/main.rs:483)
446.313705 [INFO ] NMEA $GPGST,131740.000,12,18,15,131.3,16,17,46*6A (pico_gnss pico-gnss-rs/src/main.rs:483)
446.442997 [INFO ] PPSGEN count=441 interval_ns=1000002320 dev_ns=2320 phase_ns=-1874313 hwphase_ns=80 trim_ppb=-27 cfg=2 p_ns=0 d_ns=-4 (pico_gnss pico-gnss-rs/src/main.rs:330)
446.444626 [INFO ] PPS count=441 interval_us=1000002 interval_ns=1000002336 state=Locked missed=0 (pico_gnss pico-gnss-rs/src/main.rs:203)
446.613576 [INFO ] NMEA $GPGGA,131741.000,0000.0000,N,00000.0000,E,1,5,1.35,73.4,M,39.0,M,,*60 (pico_gnss pico-gnss-rs/src/main.rs:483)
446.671959 [INFO ] NMEA $GNGLL,0000.0000,N,00000.0000,E,131741.000,A,A*43 (pico_gnss pico-gnss-rs/src/main.rs:483)
446.725150 [INFO ] NMEA $GNGSA,A,3,24,12,29,32,23,,,,,,,,1.66,1.35,0.96*1B (pico_gnss pico-gnss-rs/src/main.rs:483)
446.754701 [INFO ] NMEA $GNGSA,A,3,,,,,,,,,,,,,1.66,1.35,0.96*15 (pico_gnss pico-gnss-rs/src/main.rs:483)
446.841988 [INFO ] NMEA $GPGSV,4,1,13,25,81,063,,32,66,319,18,28,40,292,,12,40,047,18*7C (pico_gnss pico-gnss-rs/src/main.rs:483)
446.900626 [INFO ] NMEA $GPGSV,4,2,13,10,36,220,,29,22,143,16,31,15,276,,23,14,188,17*75 (pico_gnss pico-gnss-rs/src/main.rs:483)
446.963205 [INFO ] NMEA $GPGSV,4,3,13,24,11,084,13,26,06,227,,193,,,,194,,,*76 (pico_gnss pico-gnss-rs/src/main.rs:483)
446.992440 [INFO ] NMEA $GPGSV,4,4,13,195,,,*46 (pico_gnss pico-gnss-rs/src/main.rs:483)
447.039041 [INFO ] TIME unix_ns=1780924661594347304 ppb=2318 holdover_ms=1594 locked=1 (pico_gnss pico-gnss-rs/src/main.rs:237)
447.051300 [INFO ] NMEA $GLGSV,2,1,07,72,69,157,,75,67,280,,65,53,325,,74,43,027,18*68 (pico_gnss pico-gnss-rs/src/main.rs:483)
447.109344 [INFO ] NMEA $GLGSV,2,2,07,76,18,236,,71,15,152,,66,04,330,*5D (pico_gnss pico-gnss-rs/src/main.rs:483)
447.196806 [INFO ] NMEA $GNRMC,131741.000,A,0000.0000,N,00000.0000,E,0.69,265.55,080626,,,A*70 (pico_gnss pico-gnss-rs/src/main.rs:483)
447.199399 [INFO ] SYNC pps_local_us=440001021 unix_s=1780924661 drift_us=2 err_ns=18 holdover_ms=1000 (pico_gnss pico-gnss-rs/src/main.rs:514)
447.230437 [INFO ] NMEA $GPVTG,265.55,T,,M,0.69,N,1.29,K,A*39 (pico_gnss pico-gnss-rs/src/main.rs:483)
447.259783 [INFO ] NMEA $GPZDA,131741.000,08,06,2026,,*5F (pico_gnss pico-gnss-rs/src/main.rs:483)
447.298312 [INFO ] NMEA $GPGST,131741.000,11,18,15,130.7,16,17,46*6D (pico_gnss pico-gnss-rs/src/main.rs:483)
447.442984 [INFO ] PPSGEN count=442 interval_ns=1000002320 dev_ns=2320 phase_ns=-1920313 hwphase_ns=64 trim_ppb=-27 cfg=2 p_ns=0 d_ns=-4 (pico_gnss pico-gnss-rs/src/main.rs:330)
447.444608 [INFO ] PPS count=442 interval_us=1000002 interval_ns=1000002336 state=Locked missed=0 (pico_gnss pico-gnss-rs/src/main.rs:203)
447.614454 [INFO ] NMEA $GPGGA,131742.000,0000.0000,N,00000.0000,E,1,5,1.35,73.3,M,39.0,M,,*65 (pico_gnss pico-gnss-rs/src/main.rs:483)
447.672777 [INFO ] NMEA $GNGLL,0000.0000,N,00000.0000,E,131742.000,A,A*41 (pico_gnss pico-gnss-rs/src/main.rs:483)
447.729117 [INFO ] NMEA $GNGSA,A,3,24,12,29,32,23,,,,,,,,1.66,1.35,0.96*1B (pico_gnss pico-gnss-rs/src/main.rs:483)
447.758606 [INFO ] NMEA $GNGSA,A,3,,,,,,,,,,,,,1.66,1.35,0.96*15 (pico_gnss pico-gnss-rs/src/main.rs:483)
447.845924 [INFO ] NMEA $GPGSV,4,1,13,25,81,063,,32,66,319,18,28,40,292,,12,40,047,18*7C (pico_gnss pico-gnss-rs/src/main.rs:483)
447.904539 [INFO ] NMEA $GPGSV,4,2,13,10,36,220,,29,22,143,16,31,15,276,,23,14,188,17*75 (pico_gnss pico-gnss-rs/src/main.rs:483)
447.963030 [INFO ] NMEA $GPGSV,4,3,13,24,11,084,16,26,06,227,,193,,,,194,,,*73 (pico_gnss pico-gnss-rs/src/main.rs:483)
447.996306 [INFO ] NMEA $GPGSV,4,4,13,195,,,*46 (pico_gnss pico-gnss-rs/src/main.rs:483)
448.040361 [INFO ] TIME unix_ns=1780924662595626300 ppb=2319 holdover_ms=1595 locked=1 (pico_gnss pico-gnss-rs/src/main.rs:237)
448.055169 [INFO ] NMEA $GLGSV,2,1,07,72,69,157,,75,67,280,,65,53,325,,74,42,028,*6F (pico_gnss pico-gnss-rs/src/main.rs:483)
448.113256 [INFO ] NMEA $GLGSV,2,2,07,76,18,236,,71,15,152,,66,04,330,*5D (pico_gnss pico-gnss-rs/src/main.rs:483)
448.171932 [INFO ] NMEA $GNRMC,131742.000,A,0000.0000,N,00000.0000,E,0.72,45.40,080626,,,A*4C (pico_gnss pico-gnss-rs/src/main.rs:483)
448.174484 [INFO ] SYNC pps_local_us=441001023 unix_s=1780924662 drift_us=2 err_ns=18 holdover_ms=999 (pico_gnss pico-gnss-rs/src/main.rs:514)
448.230189 [INFO ] NMEA $GPVTG,45.40,T,,M,0.72,N,1.33,K,A*0C (pico_gnss pico-gnss-rs/src/main.rs:483)
448.263536 [INFO ] NMEA $GPZDA,131742.000,08,06,2026,,*5C (pico_gnss pico-gnss-rs/src/main.rs:483)
448.295401 [INFO ] NMEA $GPGST,131742.000,11,19,15,130.2,17,17,46*6B (pico_gnss pico-gnss-rs/src/main.rs:483)
448.443000 [INFO ] PPSGEN count=443 interval_ns=1000002304 dev_ns=2304 phase_ns=-1888314 hwphase_ns=32 trim_ppb=-27 cfg=2 p_ns=0 d_ns=-8 (pico_gnss pico-gnss-rs/src/main.rs:330)
448.444583 [INFO ] PPS count=443 interval_us=1000002 interval_ns=1000002336 state=Locked missed=0 (pico_gnss pico-gnss-rs/src/main.rs:203)
448.624423 [INFO ] NMEA $GPGGA,131743.000,0000.0000,N,00000.0000,E,1,5,1.35,73.2,M,39.0,M,,*61 (pico_gnss pico-gnss-rs/src/main.rs:483)
